{"type":"FeatureCollection","meta":{"vintage":"kuntajako 2026","crs":"EPSG:4326","publisher":"Tilastokeskus","licence":"CC BY 4.0 — Lähde: Tilastokeskus","layer":"tilastointialueet:kunta1000k_2026","simplified":"30.00% (mapshaper)","lod":"coarse","note":"Drawn at national zoom and inlined in the page; the detailed rings in kunnat.geojson back the test-property pin lookup."},"features":[{"type":"Feature","geometry":{"type":"Polygon","coordinates":[[[24.35901,63.11643],[24.30441,63.14112],[24.25689,63.13302],[24.20318,63.15487],[24.17077,63.148],[24.14678,63.15334],[24.12684,63.15137],[24.08749,63.13622],[24.07027,63.14678],[23.93691,63.11038],[23.89306,63.10395],[23.88566,63.11254],[23.86612,63.1129],[23.75039,63.07549],[23.72439,63.09566],[23.73723,63.1105],[23.71564,63.1119],[23.7034,63.09742],[23.68406,63.09846],[23.67966,63.08741],[23.64599,63.08776],[23.63712,63.06715],[23.65348,63.04513],[23.64266,63.0441],[23.57786,63.01561],[23.57719,62.99995],[23.50077,62.97904],[23.49335,62.9678],[23.45791,62.95976],[23.51947,62.91963],[23.54786,62.91487],[23.57149,62.90705],[23.63373,62.8796],[23.70024,62.82721],[23.84705,62.76261],[23.93159,62.75093],[23.97006,62.75315],[23.98384,62.76403],[23.9972,62.75745],[24.00023,62.74183],[24.01216,62.73008],[24.03952,62.73648],[24.03114,62.74086],[24.04366,62.77413],[24.07341,62.79262],[24.08029,62.80965],[24.09895,62.82823],[24.14343,62.83122],[24.1349,62.84646],[24.09679,62.84622],[23.99196,62.86092],[24.00113,62.89359],[24.02894,62.97186],[24.0412,62.97356],[24.07007,62.97191],[24.09285,62.96355],[24.09398,62.97926],[24.10279,62.98317],[24.1283,62.9829],[24.17793,62.98769],[24.16316,63.00667],[24.18045,63.00755],[24.22623,63.00485],[24.23192,62.98998],[24.25858,62.98575],[24.30094,62.98835],[24.28952,62.99906],[24.29575,63.01712],[24.3086,63.01848],[24.2969,63.03464],[24.27809,63.03306],[24.27205,63.04826],[24.27802,63.06438],[24.31798,63.06664],[24.35901,63.11643]]]},"properties":{"kunta":"005"}},{"type":"Feature","geometry":{"type":"Polygon","coordinates":[[[24.58205,64.18645],[24.54041,64.19458],[24.49526,64.21846],[24.40477,64.24788],[24.34637,64.26892],[24.28771,64.30009],[24.23251,64.27821],[24.24252,64.2708],[24.19984,64.24956],[24.26466,64.2098],[24.19548,64.1858],[24.16695,64.19782],[24.14691,64.19867],[24.13708,64.19139],[24.14829,64.1754],[24.16872,64.168],[24.17784,64.14703],[24.18585,64.13615],[24.34634,64.04152],[24.3658,64.07652],[24.34616,64.09378],[24.36451,64.09726],[24.38359,64.10776],[24.38191,64.14737],[24.39621,64.15114],[24.41787,64.14638],[24.58951,64.18502],[24.58205,64.18645]]]},"properties":{"kunta":"009"}},{"type":"Feature","geometry":{"type":"Polygon","coordinates":[[[23.93159,62.75093],[23.84705,62.76261],[23.76872,62.74187],[23.7496,62.74615],[23.7018,62.73269],[23.66746,62.75176],[23.65856,62.7426],[23.68479,62.73362],[23.66563,62.71565],[23.63176,62.70632],[23.58333,62.66782],[23.56749,62.66434],[23.5677,62.6529],[23.54813,62.65118],[23.50885,62.66438],[23.48273,62.66559],[23.44905,62.65101],[23.39051,62.68104],[23.39366,62.69867],[23.3723,62.6905],[23.35592,62.69905],[23.35184,62.70796],[23.27126,62.73574],[23.20273,62.7241],[23.16123,62.65545],[23.19014,62.65065],[23.19613,62.64444],[23.1762,62.63964],[23.17621,62.62507],[23.21261,62.60647],[23.26253,62.61467],[23.27557,62.59832],[23.27322,62.57999],[23.29432,62.58362],[23.30779,62.5748],[23.2713,62.56398],[23.24672,62.53739],[23.26485,62.51972],[23.31256,62.49719],[23.29839,62.49339],[23.3678,62.43325],[23.33776,62.42508],[23.37169,62.4048],[23.3901,62.3892],[23.42276,62.37832],[23.44517,62.37538],[23.47504,62.38269],[23.51806,62.36805],[23.50341,62.41464],[23.66371,62.40864],[23.75977,62.45569],[23.80748,62.46294],[23.8174,62.46682],[23.80382,62.47797],[23.83523,62.49434],[23.88591,62.52919],[23.92272,62.52717],[23.95648,62.53474],[23.96683,62.55541],[23.99357,62.57907],[23.9611,62.63519],[23.9995,62.65886],[23.99684,62.6783],[23.9441,62.73109],[23.93159,62.75093]]]},"properties":{"kunta":"010"}},{"type":"Feature","geometry":{"type":"Polygon","coordinates":[[[25.80747,61.3134],[25.74179,61.36463],[25.70572,61.34146],[25.63218,61.33869],[25.60134,61.34308],[25.54516,61.32918],[25.51719,61.30411],[25.45662,61.31857],[25.41568,61.31229],[25.39492,61.27585],[25.35982,61.26323],[25.34789,61.2491],[25.2705,61.24634],[25.25589,61.25159],[25.22739,61.2479],[25.20282,61.24094],[25.19975,61.22212],[25.22348,61.21225],[25.25987,61.18589],[25.24983,61.17635],[25.25803,61.15978],[25.2537,61.14885],[25.23644,61.13991],[25.2462,61.13125],[25.23994,61.11455],[25.25584,61.11843],[25.26311,61.10714],[25.27919,61.0982],[25.32743,61.11279],[25.35422,61.1148],[25.40892,61.10681],[25.46821,61.12534],[25.47681,61.1228],[25.53748,61.15071],[25.5625,61.11472],[25.62717,61.11402],[25.67789,61.10246],[25.72867,61.10158],[25.77559,61.10722],[25.78353,61.09629],[25.85806,61.10267],[25.87237,61.11941],[25.91977,61.15193],[25.90322,61.16403],[25.89401,61.17971],[25.88207,61.18553],[25.92733,61.22801],[25.88105,61.23845],[25.89334,61.25199],[25.87407,61.26563],[25.84938,61.26998],[25.80491,61.26906],[25.8011,61.27208],[25.80747,61.3134]]]},"properties":{"kunta":"016"}},{"type":"Feature","geometry":{"type":"Polygon","coordinates":[[[25.65965,60.61388],[25.64397,60.60461],[25.59626,60.60677],[25.59288,60.61413],[25.55752,60.59855],[25.55484,60.60746],[25.5413,60.60568],[25.53743,60.59795],[25.51462,60.59347],[25.52728,60.58481],[25.51623,60.57986],[25.50191,60.55696],[25.41549,60.54154],[25.41427,60.52945],[25.43351,60.50093],[25.43148,60.48294],[25.46261,60.48295],[25.53009,60.48906],[25.53853,60.48568],[25.55548,60.49127],[25.58294,60.49367],[25.58769,60.49927],[25.60721,60.46991],[25.65261,60.50173],[25.66055,60.49395],[25.68637,60.48236],[25.72178,60.48099],[25.73677,60.4993],[25.73233,60.50317],[25.76815,60.52706],[25.75755,60.54198],[25.82323,60.551],[25.80649,60.56649],[25.76902,60.58884],[25.70838,60.60223],[25.70017,60.60144],[25.65965,60.61388]]]},"properties":{"kunta":"018"}},{"type":"Feature","geometry":{"type":"Polygon","coordinates":[[[22.68212,60.63956],[22.6876,60.65205],[22.62281,60.66263],[22.59383,60.66571],[22.54258,60.65827],[22.45635,60.70958],[22.415,60.73729],[22.45124,60.69005],[22.45383,60.655],[22.44571,60.64091],[22.5106,60.63535],[22.48885,60.62652],[22.47549,60.59977],[22.48725,60.57097],[22.5249,60.58366],[22.56557,60.56588],[22.5787,60.56797],[22.58139,60.57923],[22.54973,60.58968],[22.57599,60.60878],[22.60766,60.60972],[22.62411,60.60418],[22.68212,60.63956]]]},"properties":{"kunta":"019"}},{"type":"Feature","geometry":{"type":"Polygon","coordinates":[[[23.81145,61.23071],[23.78873,61.23276],[23.75374,61.24802],[23.73713,61.25898],[23.66701,61.23057],[23.68928,61.22198],[23.69008,61.21461],[23.5692,61.1996],[23.54212,61.2053],[23.53457,61.20135],[23.5394,61.18958],[23.51234,61.17838],[23.4932,61.16326],[23.51734,61.15268],[23.5229,61.14122],[23.54927,61.1321],[23.54635,61.12617],[23.57124,61.11896],[23.5728,61.12623],[23.58823,61.13015],[23.65032,61.11998],[23.6358,61.10757],[23.6569,61.10095],[23.66788,61.07578],[23.7044,61.06977],[23.72194,61.07397],[23.75676,61.05736],[23.80453,61.07936],[23.82536,61.08238],[23.84499,61.07443],[23.90778,61.08721],[23.95828,61.10193],[23.94317,61.11027],[23.92109,61.13088],[23.94184,61.14188],[23.93111,61.14471],[23.94263,61.15559],[23.94503,61.16479],[23.9586,61.17299],[23.95901,61.18414],[23.93815,61.18501],[23.92309,61.20297],[23.90539,61.20682],[23.88294,61.20197],[23.81142,61.21244],[23.79765,61.21698],[23.79849,61.22684],[23.81145,61.23071]]]},"properties":{"kunta":"020"}},{"type":"Feature","geometry":{"type":"MultiPolygon","coordinates":[[[[21.06456,60.27677],[21.04831,60.26973],[21.06825,60.26709],[21.06456,60.27677]]],[[[21.05464,60.30675],[21.03081,60.30715],[21.04873,60.2961],[21.06654,60.29722],[21.05464,60.30675]]],[[[20.99528,60.32863],[20.96971,60.32711],[20.95131,60.31332],[20.96797,60.31096],[20.97905,60.29801],[20.98935,60.29877],[20.99548,60.31654],[20.99528,60.32863]]],[[[21.0515,60.36665],[21.0574,60.34799],[21.07955,60.33378],[21.0989,60.33901],[21.07724,60.34883],[21.07304,60.36285],[21.0515,60.36665]]],[[[21.07988,60.38147],[21.06739,60.3915],[21.06099,60.38135],[21.07988,60.38147]]],[[[21.02869,60.39494],[21.01255,60.3928],[21.00827,60.38448],[21.02461,60.38348],[21.02869,60.39494]]],[[[21.02301,60.39793],[21.01441,60.40741],[21.00352,60.3967],[21.02301,60.39793]]],[[[21.06776,60.40862],[21.06786,60.4171],[21.04045,60.42347],[21.03224,60.41737],[21.03821,60.41087],[21.03346,60.40429],[21.06412,60.40353],[21.06776,60.40862]]],[[[21.05856,60.43786],[21.02778,60.43945],[21.01349,60.43169],[21.02528,60.429],[21.05119,60.43309],[21.05856,60.43786]]],[[[20.9656,60.43044],[20.95303,60.43725],[20.94203,60.4311],[20.96821,60.42432],[20.97342,60.41596],[20.98565,60.40833],[21.00047,60.41671],[20.98756,60.42661],[20.9656,60.43044]]],[[[20.79044,60.46546],[20.78096,60.46777],[20.77289,60.45836],[20.79327,60.45634],[20.79044,60.46546]]],[[[20.93576,60.46993],[20.92359,60.45813],[20.93076,60.44879],[20.92548,60.44251],[20.9379,60.43795],[20.95386,60.44578],[20.95314,60.4602],[20.93576,60.46993]]],[[[20.95237,60.4768],[20.95171,60.48705],[20.93432,60.48632],[20.93366,60.48025],[20.95237,60.4768]]],[[[21.06622,60.49748],[21.0491,60.50609],[21.03475,60.50312],[21.03722,60.49359],[21.07579,60.48245],[21.05334,60.4646],[21.06702,60.46127],[21.06125,60.45471],[21.07137,60.44128],[21.08102,60.44422],[21.10005,60.45995],[21.09392,60.4656],[21.10675,60.47285],[21.10162,60.48201],[21.07785,60.49623],[21.06622,60.49748]]],[[[21.08014,60.53553],[21.05966,60.5354],[21.04532,60.53001],[21.05138,60.52257],[21.06632,60.51716],[21.09896,60.51468],[21.1003,60.52552],[21.08014,60.53553]]],[[[20.89216,60.53178],[20.86728,60.53097],[20.87506,60.52159],[20.88635,60.52106],[20.89216,60.53178]]],[[[21.04112,60.55767],[21.02916,60.55176],[21.05049,60.54567],[21.05442,60.55603],[21.04112,60.55767]]]]},"properties":{"kunta":"035"}},{"type":"Feature","geometry":{"type":"MultiPolygon","coordinates":[[[[19.51063,60.26399],[19.49187,60.24356],[19.51878,60.23744],[19.53044,60.23844],[19.51857,60.26005],[19.51063,60.26399]]],[[[19.49263,60.26146],[19.48404,60.26016],[19.474,60.24881],[19.47802,60.2393],[19.49004,60.23854],[19.48839,60.25113],[19.49263,60.26146]]],[[[19.67449,60.22487],[19.65196,60.2331],[19.64348,60.25427],[19.65201,60.25915],[19.62944,60.2734],[19.62157,60.28386],[19.61132,60.28828],[19.60245,60.2999],[19.59003,60.29404],[19.58565,60.27187],[19.56157,60.26672],[19.56219,60.26085],[19.53379,60.25643],[19.54288,60.23526],[19.53424,60.2289],[19.54088,60.21336],[19.5179,60.20995],[19.51585,60.20049],[19.52125,60.19035],[19.51395,60.17834],[19.53361,60.16418],[19.53612,60.15377],[19.54437,60.14744],[19.55927,60.1505],[19.57544,60.14328],[19.60368,60.15501],[19.59176,60.16968],[19.60781,60.18784],[19.61577,60.18082],[19.63135,60.17891],[19.6548,60.18373],[19.64573,60.16988],[19.65317,60.16464],[19.66669,60.17128],[19.6679,60.183],[19.67825,60.19653],[19.67648,60.21511],[19.67449,60.22487]]],[[[19.61075,60.36081],[19.61928,60.37043],[19.57884,60.35594],[19.57259,60.34052],[19.5931,60.33911],[19.60221,60.35473],[19.61075,60.36081]]]]},"properties":{"kunta":"043"}},{"type":"Feature","geometry":{"type":"Polygon","coordinates":[[[28.9267,62.25702],[28.88863,62.26369],[28.85973,62.25288],[28.84768,62.26435],[28.81436,62.26778],[28.79026,62.27782],[28.77931,62.29336],[28.75284,62.28676],[28.74671,62.25329],[28.79404,62.21058],[28.77967,62.20492],[28.73802,62.21704],[28.71585,62.23549],[28.70182,62.22376],[28.65997,62.23921],[28.65281,62.23132],[28.6583,62.20377],[28.63159,62.20964],[28.63202,62.19557],[28.65167,62.19119],[28.64203,62.17497],[28.62776,62.16679],[28.63158,62.15644],[28.6447,62.139],[28.68508,62.12483],[28.69066,62.11988],[28.72041,62.13349],[28.7498,62.12659],[28.76365,62.11917],[28.77929,62.10121],[28.76707,62.09253],[28.77964,62.08352],[28.83693,62.06592],[28.8236,62.05431],[28.78205,62.06304],[28.75413,62.05176],[28.72631,62.05398],[28.7561,62.04185],[28.75402,62.03534],[28.78562,62.03225],[28.789,62.01975],[28.80949,62.02969],[28.8311,62.0318],[28.87102,62.02238],[28.87855,62.01283],[28.86432,62.00921],[28.8787,62.00219],[28.9157,61.99612],[28.93134,62.00287],[28.92598,62.01379],[28.9562,62.01587],[28.96059,62.00804],[28.97871,62.00099],[29.00295,62.0264],[29.02328,62.02063],[29.03744,62.02403],[29.0756,62.01399],[29.0824,62.00686],[29.10253,62.02543],[29.08778,62.03358],[29.09867,62.0426],[29.07939,62.06077],[29.08767,62.06159],[29.11449,62.0557],[29.13242,62.06411],[29.11518,62.06888],[29.12585,62.09759],[29.10958,62.10204],[29.07555,62.09929],[29.07377,62.10242],[29.09554,62.1264],[29.07921,62.13655],[29.0139,62.15743],[29.02477,62.17852],[29.01973,62.18293],[28.99105,62.18855],[28.99129,62.19797],[28.96977,62.20082],[28.95654,62.2066],[28.94562,62.20117],[28.91162,62.20275],[28.91069,62.21222],[28.89642,62.21955],[28.91284,62.22517],[28.91978,62.24939],[28.9267,62.25702]]]},"properties":{"kunta":"046"}},{"type":"Feature","geometry":{"type":"Polygon","coordinates":[[[24.90317,68.55459],[24.85717,68.56221],[24.78342,68.63623],[24.60839,68.6819],[24.30226,68.71735],[24.25096,68.72713],[24.20805,68.74531],[24.15296,68.75359],[24.15855,68.78971],[24.07559,68.77997],[23.98333,68.82714],[23.87146,68.83652],[23.77539,68.81885],[23.73106,68.75075],[23.67352,68.70552],[23.44064,68.69216],[23.16758,68.62852],[23.04595,68.68934],[22.80082,68.68755],[22.60442,68.72665],[22.53539,68.74451],[22.37452,68.71667],[22.34078,68.82722],[22.19187,68.91877],[22.17576,68.95632],[21.98361,69.07289],[21.8464,69.14416],[21.72334,69.21449],[21.62709,69.27659],[21.27882,69.31188],[21.09617,69.26091],[21.00331,69.22234],[20.98757,69.19193],[21.04673,69.13952],[21.05563,69.12209],[21.10868,69.10393],[21.05754,69.03629],[20.71732,69.11979],[20.55233,69.06008],[20.62757,69.04585],[20.68868,69.04305],[20.77631,69.0322],[20.81073,69.01902],[20.83326,68.99674],[20.8822,68.98367],[20.91167,68.96874],[20.91191,68.95722],[20.89235,68.94167],[20.86597,68.94355],[20.84349,68.9364],[20.85238,68.92345],[20.87829,68.91915],[20.9031,68.89972],[20.95831,68.89696],[20.97925,68.89178],[20.99767,68.89667],[21.07545,68.87195],[21.07627,68.86553],[21.12709,68.85405],[21.14527,68.8403],[21.16985,68.83424],[21.18628,68.82499],[21.23529,68.81344],[21.25262,68.80272],[21.26492,68.78258],[21.29771,68.76292],[21.33038,68.76022],[21.36332,68.76763],[21.38689,68.76537],[21.41109,68.74904],[21.4037,68.73753],[21.4084,68.72563],[21.41909,68.7164],[21.41894,68.6964],[21.46287,68.68381],[21.49988,68.67691],[21.5582,68.67632],[21.5696,68.67124],[21.61419,68.66506],[21.62658,68.6551],[21.6469,68.65123],[21.66207,68.64148],[21.69853,68.63168],[21.71079,68.61775],[21.69737,68.61136],[21.69936,68.5969],[21.72036,68.59023],[21.77511,68.58553],[21.83834,68.59177],[21.864,68.585],[21.88897,68.58441],[21.92946,68.56672],[21.93694,68.55951],[21.96809,68.55099],[21.99048,68.53454],[22.00477,68.5338],[21.99467,68.52227],[22.0097,68.50056],[22.04191,68.48019],[22.07232,68.48257],[22.12029,68.4806],[22.12722,68.472],[22.15112,68.47062],[22.19116,68.48073],[22.21873,68.47342],[22.251,68.48292],[22.27965,68.47903],[22.29551,68.48445],[22.34848,68.48192],[22.34059,68.46965],[22.34043,68.4454],[22.35753,68.44674],[22.38352,68.45902],[22.4134,68.46633],[22.43269,68.46127],[22.46688,68.44189],[22.50142,68.44295],[22.53475,68.43465],[22.55336,68.43488],[22.57211,68.42262],[22.61551,68.42808],[22.63717,68.4351],[22.64468,68.41739],[22.67848,68.41148],[22.68456,68.40079],[22.71242,68.39789],[22.73259,68.3857],[22.7618,68.3854],[22.79748,68.39412],[22.84383,68.38373],[22.83431,68.36609],[22.89283,68.34898],[22.91521,68.33424],[22.97057,68.33273],[22.98628,68.32037],[23.03633,68.30744],[23.05532,68.30791],[23.06582,68.30039],[23.06127,68.27924],[23.07589,68.26749],[23.11206,68.25186],[23.14277,68.24683],[23.15056,68.23364],[23.14063,68.21909],[23.14052,68.20431],[23.16072,68.19864],[23.14032,68.18238],[23.13882,68.15594],[23.15045,68.13825],[23.16899,68.13368],[23.21874,68.14814],[23.24343,68.14859],[23.2767,68.15797],[23.2867,68.15427],[23.32338,68.17458],[23.73935,68.1873],[23.78843,68.15722],[23.9566,68.15062],[23.97265,68.1476],[23.97444,68.13943],[23.95594,68.12814],[23.96287,68.11593],[24.10681,68.13894],[24.15712,68.14694],[24.4456,68.3206],[24.69858,68.3822],[25.0272,68.39529],[24.90317,68.55459]]]},"properties":{"kunta":"047"}},{"type":"Feature","geometry":{"type":"MultiPolygon","coordinates":[[[[24.67396,60.10044],[24.66053,60.10766],[24.6555,60.09723],[24.67396,60.10044]]],[[[24.72433,60.1121],[24.73637,60.12175],[24.71142,60.12171],[24.68452,60.1099],[24.7121,60.1067],[24.72433,60.1121]]],[[[24.73119,60.13109],[24.70277,60.13229],[24.71231,60.12296],[24.73119,60.13109]]],[[[24.74928,60.34178],[24.66471,60.36277],[24.62769,60.35924],[24.59565,60.32419],[24.56267,60.31408],[24.50017,60.32629],[24.51557,60.28129],[24.50445,60.27409],[24.50434,60.25543],[24.52502,60.24658],[24.52541,60.23102],[24.5032,60.21286],[24.52475,60.20535],[24.53621,60.19646],[24.56905,60.1793],[24.57072,60.17586],[24.59354,60.16328],[24.60642,60.16365],[24.63174,60.15063],[24.64016,60.13799],[24.66201,60.1351],[24.66316,60.12931],[24.68167,60.12655],[24.69979,60.13108],[24.69313,60.14023],[24.70798,60.1415],[24.72333,60.14909],[24.74952,60.14398],[24.75435,60.1498],[24.76961,60.15438],[24.79993,60.15848],[24.80944,60.16786],[24.82856,60.17185],[24.84093,60.18966],[24.82066,60.18887],[24.81512,60.19685],[24.83006,60.2059],[24.84598,60.20957],[24.8314,60.25406],[24.78475,60.24151],[24.76494,60.27124],[24.7718,60.29923],[24.76093,60.32538],[24.74624,60.32227],[24.74928,60.34178]],[[24.70182,60.20624],[24.67529,60.21103],[24.67747,60.2154],[24.70626,60.22501],[24.73432,60.22417],[24.75091,60.21821],[24.73916,60.20711],[24.72218,60.20256],[24.70182,60.20624]]]]},"properties":{"kunta":"049"}},{"type":"Feature","geometry":{"type":"Polygon","coordinates":[[[22.02119,61.29444],[22.01072,61.29248],[21.9814,61.29419],[21.92706,61.3008],[21.88968,61.30879],[21.87624,61.2967],[21.9102,61.28332],[21.8886,61.26401],[21.878,61.23727],[21.9427,61.19178],[21.94595,61.17255],[21.92148,61.16528],[21.89641,61.16392],[21.86748,61.14566],[21.89177,61.13089],[21.90422,61.11624],[21.99045,61.08557],[22.02685,61.08916],[22.04953,61.08029],[22.07072,61.04242],[22.02158,61.03033],[21.99095,61.03136],[21.98174,61.01911],[21.97248,61.01729],[21.93563,61.01839],[21.92025,61.01544],[21.87569,61.01517],[21.84411,61.0094],[21.87704,60.98277],[21.88969,60.98136],[21.90297,60.98616],[21.92615,60.97615],[21.95137,60.97694],[21.94417,60.94652],[21.99676,60.91255],[21.98521,60.901],[22.00815,60.89744],[22.01178,60.90095],[22.12847,60.90421],[22.16031,60.87201],[22.17098,60.87717],[22.18876,60.90103],[22.24128,60.92382],[22.26363,60.92686],[22.23076,60.94822],[22.25303,60.96753],[22.20965,61.09744],[22.23613,61.10855],[22.21436,61.12419],[22.22928,61.13636],[22.22073,61.16686],[22.15369,61.20048],[22.15207,61.20807],[22.1419,61.21121],[22.16487,61.22324],[22.1762,61.25194],[22.16343,61.25918],[22.12994,61.26512],[22.07755,61.27432],[22.07356,61.27004],[22.04199,61.27147],[22.02119,61.29444]]]},"properties":{"kunta":"050"}},{"type":"Feature","geometry":{"type":"MultiPolygon","coordinates":[[[[21.46436,61.24678],[21.43907,61.24977],[21.42546,61.23581],[21.4605,61.2294],[21.48356,61.22755],[21.5018,61.21802],[21.52054,61.21965],[21.52024,61.2388],[21.50007,61.24192],[21.48658,61.24837],[21.46436,61.24678]]],[[[21.49767,61.35109],[21.48763,61.35705],[21.47476,61.347],[21.49491,61.34109],[21.51486,61.34272],[21.49767,61.35109]]],[[[21.43947,61.36068],[21.43816,61.374],[21.41948,61.37586],[21.43947,61.36068]]],[[[21.45481,61.40552],[21.47299,61.39124],[21.4914,61.39377],[21.45481,61.40552]]],[[[21.35244,61.41387],[21.37394,61.40398],[21.37769,61.41017],[21.35244,61.41387]]],[[[21.52102,61.4325],[21.48578,61.43752],[21.47197,61.43057],[21.45748,61.43369],[21.44865,61.42893],[21.52723,61.40744],[21.53903,61.37829],[21.52023,61.37772],[21.53245,61.36262],[21.52917,61.35489],[21.5704,61.34531],[21.55865,61.33883],[21.55587,61.32737],[21.54633,61.31586],[21.56214,61.31153],[21.56352,61.30339],[21.54956,61.29671],[21.53137,61.30355],[21.52865,61.30966],[21.50989,61.30873],[21.49423,61.30379],[21.51297,61.29516],[21.50852,61.27902],[21.48756,61.28132],[21.48325,61.27677],[21.49291,61.2632],[21.54309,61.24989],[21.58278,61.23485],[21.60718,61.23031],[21.58697,61.22231],[21.54695,61.23168],[21.52544,61.23059],[21.52619,61.2201],[21.50664,61.21505],[21.51362,61.20784],[21.55761,61.19441],[21.56714,61.18624],[21.57935,61.18281],[21.59485,61.18907],[21.62019,61.16298],[21.64698,61.14985],[21.70345,61.14134],[21.73429,61.13982],[21.7653,61.148],[21.81163,61.15032],[21.82925,61.16243],[21.86748,61.14566],[21.89641,61.16392],[21.92148,61.16528],[21.94595,61.17255],[21.9427,61.19178],[21.878,61.23727],[21.8886,61.26401],[21.9102,61.28332],[21.87624,61.2967],[21.78078,61.33782],[21.80463,61.34029],[21.71325,61.38987],[21.65813,61.42363],[21.64972,61.42506],[21.58227,61.41747],[21.52102,61.4325]]],[[[21.35941,61.48242],[21.33504,61.47675],[21.34351,61.47086],[21.36187,61.47403],[21.35941,61.48242]]]]},"properties":{"kunta":"051"}},{"type":"Feature","geometry":{"type":"Polygon","coordinates":[[[23.69699,63.38032],[23.62539,63.40103],[23.55501,63.44281],[23.56473,63.44922],[23.54396,63.46753],[23.51627,63.46744],[23.45388,63.47777],[23.41966,63.48165],[23.39289,63.49805],[23.26464,63.47006],[23.20704,63.39896],[23.23135,63.37975],[23.21436,63.37633],[23.22392,63.36364],[23.22553,63.34287],[23.30504,63.30728],[23.35489,63.32047],[23.43443,63.29146],[23.44346,63.28178],[23.4671,63.28957],[23.48012,63.2806],[23.49108,63.28435],[23.47648,63.29263],[23.54715,63.31554],[23.58542,63.2904],[23.60818,63.30043],[23.58338,63.31245],[23.61501,63.32038],[23.63389,63.30136],[23.65058,63.31077],[23.66934,63.31462],[23.68563,63.30165],[23.71322,63.30831],[23.69564,63.3193],[23.72386,63.32952],[23.6928,63.34803],[23.70688,63.35484],[23.66604,63.364],[23.69837,63.37894],[23.69699,63.38032]]]},"properties":{"kunta":"052"}},{"type":"Feature","geometry":{"type":"Polygon","coordinates":[[[22.20502,61.4074],[22.17316,61.42722],[22.14585,61.43188],[22.16613,61.40546],[22.11211,61.39338],[22.06454,61.35039],[22.07154,61.34125],[22.10794,61.34114],[22.11897,61.33669],[22.09481,61.32741],[22.05311,61.31817],[22.00364,61.31339],[22.02119,61.29444],[22.04199,61.27147],[22.07356,61.27004],[22.07755,61.27432],[22.12994,61.26512],[22.12856,61.27093],[22.11411,61.27341],[22.12071,61.28969],[22.15867,61.28622],[22.2168,61.27525],[22.22617,61.27855],[22.22912,61.28934],[22.20914,61.29392],[22.22284,61.31205],[22.23966,61.31904],[22.24417,61.33997],[22.26827,61.34426],[22.27202,61.35024],[22.19899,61.39751],[22.20502,61.4074]]]},"properties":{"kunta":"079"}},{"type":"Feature","geometry":{"type":"Polygon","coordinates":[[[26.31504,61.60845],[26.29946,61.62738],[26.31441,61.63972],[26.30028,61.6538],[26.28308,61.6567],[26.2671,61.64174],[26.22615,61.6417],[26.19181,61.65003],[26.16097,61.61605],[26.13759,61.61953],[26.13834,61.62985],[26.12836,61.6378],[26.10516,61.64455],[26.07038,61.67242],[26.0844,61.68907],[26.08106,61.70974],[26.06641,61.71877],[26.06726,61.72547],[26.05247,61.73834],[26.04549,61.72569],[26.01574,61.72049],[25.9976,61.72895],[25.98031,61.74717],[25.98385,61.7596],[25.94749,61.77132],[25.92164,61.78735],[25.90752,61.76507],[25.85846,61.76208],[25.88332,61.79462],[25.84496,61.80141],[25.85613,61.78078],[25.83129,61.768],[25.77118,61.68507],[25.78699,61.65107],[25.83791,61.65276],[25.86166,61.64876],[25.88322,61.63947],[25.87485,61.62278],[25.84723,61.62723],[25.85775,61.57518],[25.88016,61.58185],[25.93453,61.58368],[25.89611,61.56476],[25.96189,61.54257],[25.92268,61.51962],[25.87903,61.49008],[25.87005,61.47848],[25.87928,61.46907],[25.92597,61.43589],[25.9759,61.43082],[26.01653,61.44378],[26.04963,61.47797],[26.09295,61.44388],[26.12899,61.43021],[26.14857,61.43034],[26.181,61.42113],[26.18588,61.41454],[26.15315,61.41263],[26.16418,61.39438],[26.17295,61.39289],[26.26485,61.42583],[26.24366,61.44645],[26.29325,61.46435],[26.28663,61.48191],[26.27315,61.48923],[26.25611,61.50928],[26.2685,61.52406],[26.29246,61.52499],[26.29941,61.54506],[26.28355,61.55348],[26.26124,61.57988],[26.30137,61.57851],[26.31966,61.57197],[26.31504,61.60845]]]},"properties":{"kunta":"081"}},{"type":"Feature","geometry":{"type":"Polygon","coordinates":[[[24.30239,61.23322],[24.28255,61.24012],[24.25801,61.21824],[24.26574,61.20869],[24.29727,61.19158],[24.2355,61.15143],[24.24034,61.09843],[24.25822,61.08626],[24.24603,61.08025],[24.25061,61.07284],[24.21118,61.05786],[24.1955,61.04256],[24.16074,61.0234],[24.03137,60.93215],[24.0285,60.89717],[24.00599,60.87776],[24.03337,60.87633],[24.04468,60.88262],[24.06754,60.87629],[24.07521,60.86806],[24.06901,60.86316],[24.08622,60.85743],[24.09542,60.86643],[24.10467,60.86398],[24.11694,60.87562],[24.14053,60.87479],[24.18577,60.92344],[24.28949,60.96975],[24.37396,61.01786],[24.37856,61.02833],[24.47179,61.04223],[24.47882,61.0348],[24.54768,61.04859],[24.61779,61.05717],[24.6244,61.06119],[24.53884,61.08046],[24.5434,61.0872],[24.50083,61.10211],[24.4831,61.11968],[24.40372,61.1685],[24.32955,61.20725],[24.33385,61.21415],[24.30239,61.23322]]]},"properties":{"kunta":"082"}},{"type":"Feature","geometry":{"type":"Polygon","coordinates":[[[25.10811,60.86508],[25.09377,60.919],[25.04628,60.92771],[25.02768,60.92782],[25.03582,60.917],[24.99763,60.90644],[24.98039,60.90755],[24.99297,60.89984],[24.96409,60.89165],[24.96505,60.88625],[24.93502,60.89038],[24.95181,60.86584],[24.94116,60.84663],[24.89331,60.83786],[24.87794,60.84692],[24.85249,60.85354],[24.84577,60.86591],[24.80933,60.86876],[24.80906,60.85485],[24.78521,60.83911],[24.73331,60.83547],[24.71461,60.79646],[24.73441,60.79537],[24.77975,60.78395],[24.81529,60.7795],[24.8283,60.7736],[24.82212,60.75656],[24.84473,60.73518],[24.82901,60.72767],[24.82255,60.71922],[24.82767,60.71251],[24.81371,60.7091],[24.80389,60.70202],[24.81564,60.6973],[24.83388,60.68178],[24.83507,60.66628],[24.8356,60.6593],[24.89418,60.6601],[24.8949,60.66407],[24.92088,60.66293],[24.93259,60.67368],[25.03487,60.68499],[25.05348,60.67964],[25.06187,60.66925],[25.11246,60.6616],[25.08422,60.69921],[25.14605,60.71647],[25.19293,60.72474],[25.14548,60.73147],[25.11866,60.74668],[25.11437,60.74033],[25.06792,60.71455],[25.05828,60.72499],[25.08815,60.75399],[25.09064,60.76293],[25.15245,60.76836],[25.15488,60.77838],[25.10207,60.80976],[25.11097,60.81858],[25.09235,60.82227],[25.07857,60.83924],[25.08898,60.86104],[25.10811,60.86508]]]},"properties":{"kunta":"086"}},{"type":"Feature","geometry":{"type":"Polygon","coordinates":[[[24.52464,61.90933],[24.50096,61.92844],[24.4356,61.91459],[24.43863,61.91057],[24.45307,61.89143],[24.42206,61.89374],[24.39756,61.87012],[24.41593,61.8641],[24.41099,61.85936],[24.36248,61.86877],[24.31143,61.85402],[24.28104,61.84881],[24.22742,61.82481],[24.27932,61.80217],[24.31073,61.80975],[24.34855,61.77393],[24.35715,61.77601],[24.39729,61.74489],[24.41655,61.7375],[24.46256,61.73819],[24.48312,61.73511],[24.49089,61.73779],[24.5189,61.73501],[24.54551,61.71701],[24.55539,61.71554],[24.59066,61.78037],[24.62605,61.8168],[24.61983,61.83306],[24.63283,61.84687],[24.66665,61.86299],[24.61335,61.88715],[24.58019,61.89649],[24.55196,61.91227],[24.52464,61.90933]]]},"properties":{"kunta":"177"}},{"type":"Feature","geometry":{"type":"MultiPolygon","coordinates":[[[[19.85653,60.28722],[19.83328,60.27349],[19.83867,60.26683],[19.85653,60.28722]]],[[[19.83341,60.30963],[19.82745,60.31879],[19.80344,60.2982],[19.8127,60.28344],[19.82728,60.27185],[19.83331,60.28673],[19.84504,60.29908],[19.84918,60.30867],[19.83341,60.30963]]],[[[19.99867,60.37163],[19.98684,60.37507],[19.96825,60.36937],[19.95046,60.36927],[19.93483,60.36292],[19.90558,60.35634],[19.89437,60.35731],[19.88915,60.34264],[19.89121,60.33687],[19.91249,60.32783],[19.90816,60.32154],[19.88674,60.31744],[19.90082,60.31087],[19.88651,60.30359],[19.87656,60.32389],[19.85137,60.32016],[19.85238,60.31295],[19.86767,60.31072],[19.87454,60.30297],[19.87571,60.2902],[19.89507,60.30057],[19.89694,60.28222],[19.88348,60.2686],[19.86537,60.26785],[19.86246,60.25668],[19.85252,60.24603],[19.82533,60.24902],[19.826,60.27019],[19.80906,60.26298],[19.81459,60.25227],[19.80362,60.23181],[19.81413,60.2223],[19.813,60.21381],[19.82473,60.20818],[19.84118,60.18767],[19.86363,60.19],[19.8933,60.18654],[19.89809,60.19724],[19.90898,60.20508],[19.92799,60.21017],[19.93724,60.21865],[19.92616,60.23286],[19.92707,60.24965],[19.93737,60.24646],[19.93197,60.23671],[19.94111,60.21687],[19.93282,60.21103],[19.97317,60.20268],[19.99798,60.18454],[20.00989,60.19166],[20.0006,60.20589],[20.00458,60.21384],[20.01606,60.21873],[20.01859,60.23542],[20.00189,60.24143],[19.98873,60.26349],[19.97274,60.27007],[19.96784,60.28435],[19.94792,60.28274],[19.93451,60.29093],[19.92354,60.30803],[19.96269,60.31973],[19.9856,60.3417],[19.99867,60.37163]]]]},"properties":{"kunta":"060"}},{"type":"Feature","geometry":{"type":"Polygon","coordinates":[[[23.83937,60.93971],[23.79495,60.98905],[23.76656,60.99707],[23.73588,60.99211],[23.73763,61.0037],[23.71234,61.00903],[23.68511,61.00295],[23.61855,61.00251],[23.6081,60.99136],[23.58596,60.98408],[23.57265,60.99055],[23.56644,61.00102],[23.55472,60.99926],[23.53097,60.98736],[23.51079,60.99353],[23.47906,60.99011],[23.45785,60.98315],[23.47409,60.96347],[23.48899,60.95972],[23.50075,60.94762],[23.52168,60.93877],[23.53124,60.9278],[23.54713,60.92511],[23.55616,60.89376],[23.54389,60.87255],[23.56467,60.83103],[23.55291,60.82822],[23.55882,60.80235],[23.55046,60.78893],[23.63454,60.77953],[23.64988,60.78434],[23.67291,60.80071],[23.70201,60.80527],[23.70441,60.81895],[23.67273,60.82221],[23.67548,60.8293],[23.66531,60.8687],[23.64771,60.87636],[23.6768,60.88233],[23.7012,60.88001],[23.72004,60.89113],[23.71101,60.90196],[23.75548,60.93814],[23.76632,60.93493],[23.82296,60.9307],[23.83937,60.93971]]]},"properties":{"kunta":"061"}},{"type":"Feature","geometry":{"type":"MultiPolygon","coordinates":[[[[20.30305,59.97176],[20.29364,59.98234],[20.2823,59.9781],[20.28059,59.97139],[20.30305,59.97176]]],[[[20.39641,60.01502],[20.41463,59.99482],[20.44291,59.98626],[20.45506,59.99884],[20.45404,60.00421],[20.42983,60.01488],[20.39641,60.01502]]],[[[20.36926,60.01196],[20.35208,60.02147],[20.33351,60.0177],[20.32217,60.01099],[20.32749,60.00017],[20.31521,60.00023],[20.29158,59.98695],[20.29952,59.98012],[20.33077,59.98751],[20.34529,59.98687],[20.35792,59.99283],[20.36311,59.9808],[20.38377,59.97847],[20.3874,59.98427],[20.40949,59.98441],[20.41355,59.99404],[20.38125,60.01634],[20.36926,60.01196]]],[[[20.55093,60.06162],[20.52354,60.05053],[20.53171,60.04027],[20.49579,60.02219],[20.50455,60.0083],[20.51814,60.00595],[20.54255,60.00634],[20.5603,60.0118],[20.58894,60.01496],[20.59901,60.02093],[20.60648,60.03908],[20.57117,60.05499],[20.55093,60.06162]]],[[[20.37904,60.05694],[20.3719,60.04286],[20.39252,60.04055],[20.39932,60.04975],[20.37904,60.05694]]],[[[20.53631,60.06374],[20.49677,60.06261],[20.46216,60.05677],[20.46258,60.04243],[20.47021,60.03798],[20.45137,60.02082],[20.46003,60.01266],[20.47337,60.01356],[20.49074,60.03143],[20.5216,60.04264],[20.51353,60.05032],[20.52515,60.05421],[20.53631,60.06374]]],[[[20.46618,60.06719],[20.45042,60.06698],[20.41761,60.05561],[20.40301,60.0397],[20.38234,60.02809],[20.37762,60.02205],[20.41298,60.01823],[20.4223,60.02182],[20.44088,60.02173],[20.45549,60.04289],[20.46618,60.06719]]],[[[20.54549,60.07579],[20.50971,60.0723],[20.51101,60.06676],[20.537,60.06979],[20.54549,60.07579]]],[[[20.58835,60.07873],[20.59055,60.08318],[20.56738,60.08597],[20.57482,60.07757],[20.58835,60.07873]]],[[[20.34869,60.07303],[20.35304,60.0864],[20.34138,60.08844],[20.32757,60.07605],[20.33737,60.06752],[20.34869,60.07303]]],[[[20.53406,60.09322],[20.50885,60.09702],[20.50945,60.0912],[20.52872,60.08636],[20.53286,60.08014],[20.55194,60.08553],[20.53406,60.09322]]],[[[20.46241,60.09581],[20.45638,60.08163],[20.48855,60.08534],[20.51568,60.08631],[20.48412,60.09641],[20.46241,60.09581]]],[[[20.308,60.09188],[20.29061,60.08841],[20.31252,60.08024],[20.308,60.09188]]],[[[20.50475,60.11361],[20.47991,60.10885],[20.49807,60.10115],[20.52373,60.09842],[20.54462,60.0927],[20.56304,60.09337],[20.56865,60.10826],[20.54211,60.10474],[20.52688,60.1125],[20.50475,60.11361]]]]},"properties":{"kunta":"062"}},{"type":"Feature","geometry":{"type":"MultiPolygon","coordinates":[[[[19.80048,60.36219],[19.78939,60.35288],[19.7912,60.34513],[19.7806,60.33936],[19.79149,60.33178],[19.80578,60.32803],[19.8158,60.34567],[19.80048,60.36219]]],[[[19.76764,60.3616],[19.74473,60.36038],[19.75122,60.35287],[19.77118,60.34821],[19.78064,60.35829],[19.76764,60.3616]]],[[[19.76345,60.37593],[19.73518,60.36922],[19.74585,60.36308],[19.7662,60.37072],[19.76345,60.37593]]],[[[19.72315,60.37249],[19.73823,60.37842],[19.73712,60.3912],[19.72198,60.39491],[19.72315,60.37249]]],[[[19.93483,60.36292],[19.94376,60.37268],[19.93806,60.37885],[19.96178,60.39283],[19.96222,60.39958],[19.92635,60.40048],[19.93361,60.40708],[19.92184,60.41349],[19.91808,60.42103],[19.90226,60.42526],[19.87418,60.42668],[19.83818,60.41702],[19.82638,60.41065],[19.79944,60.40164],[19.79717,60.39329],[19.8069,60.39118],[19.80468,60.3769],[19.77881,60.37526],[19.76883,60.36618],[19.79331,60.36173],[19.81352,60.36874],[19.82379,60.35697],[19.8313,60.34222],[19.83292,60.32702],[19.84309,60.32313],[19.87148,60.32651],[19.88915,60.34264],[19.89437,60.35731],[19.90558,60.35634],[19.93483,60.36292]]],[[[19.76818,60.40411],[19.76324,60.40696],[19.77299,60.42744],[19.75299,60.42786],[19.75065,60.41549],[19.76051,60.4081],[19.76414,60.39601],[19.78012,60.38243],[19.79092,60.39275],[19.79897,60.41293],[19.76818,60.40411]]]]},"properties":{"kunta":"065"}},{"type":"Feature","geometry":{"type":"Polygon","coordinates":[[[25.36642,63.93004],[25.28108,63.93495],[25.26663,63.93226],[25.23176,63.8721],[25.15333,63.82409],[25.12058,63.79596],[25.1254,63.79221],[25.15494,63.79442],[25.18344,63.79193],[25.14415,63.76995],[25.13198,63.76883],[25.07473,63.78253],[25.06705,63.79961],[25.03569,63.79841],[25.00651,63.79229],[24.99243,63.79657],[25.0137,63.80861],[25.02199,63.8198],[25.021,63.83111],[24.96738,63.8006],[24.95561,63.75749],[24.96688,63.75833],[25.00507,63.74998],[25.01722,63.7418],[25.03237,63.75396],[25.0454,63.7457],[25.08288,63.73402],[25.09277,63.74785],[25.10653,63.73651],[25.12268,63.71562],[25.1802,63.70054],[25.16466,63.6954],[25.19321,63.68838],[25.18728,63.68017],[25.19085,63.67225],[25.2136,63.65987],[25.22509,63.64293],[25.23862,63.63494],[25.25683,63.63255],[25.23134,63.61834],[25.24518,63.61028],[25.2511,63.61229],[25.34804,63.58148],[25.40829,63.62018],[25.56145,63.64508],[25.5986,63.67744],[25.66196,63.79977],[25.66731,63.80985],[25.60919,63.91781],[25.53404,63.9216],[25.36642,63.93004]]]},"properties":{"kunta":"069"}},{"type":"Feature","geometry":{"type":"Polygon","coordinates":[[[25.46293,64.36258],[25.44059,64.37263],[25.41793,64.37354],[25.26519,64.31901],[25.20017,64.32094],[25.18829,64.29913],[25.25167,64.2977],[25.26018,64.27645],[25.22827,64.2748],[25.19832,64.29023],[25.17676,64.27936],[25.16975,64.24138],[25.15601,64.23084],[25.08814,64.20694],[25.05383,64.17312],[24.95249,64.13602],[24.93322,64.15061],[24.92311,64.14796],[24.89511,64.15382],[24.86516,64.14859],[24.87912,64.12936],[24.89779,64.14041],[24.91658,64.12745],[24.9204,64.113],[24.90637,64.10945],[24.94185,64.09764],[25.02125,64.06794],[25.14741,64.02615],[25.15405,64.03105],[25.14633,64.04214],[25.16224,64.04885],[25.19127,64.05179],[25.19787,64.0478],[25.18893,64.03796],[25.20396,64.02833],[25.19002,64.01497],[25.36642,63.93004],[25.53404,63.9216],[25.56466,63.96453],[25.52503,63.98483],[25.534,63.99343],[25.54776,63.99092],[25.57148,63.9982],[25.59187,63.97383],[25.60539,63.98015],[25.5862,63.99493],[25.633,64.0082],[25.60855,64.01547],[25.5914,64.01174],[25.55362,64.01731],[25.57341,64.02445],[25.6179,64.02424],[25.60421,64.03428],[25.63028,64.03963],[25.68165,64.05704],[25.67859,64.06574],[25.64618,64.08271],[25.66489,64.0834],[25.71745,64.09263],[25.7773,64.11064],[25.72723,64.14066],[25.68348,64.15649],[25.69127,64.16996],[25.6581,64.20109],[25.64991,64.20032],[25.5472,64.24878],[25.54014,64.26709],[25.48734,64.31039],[25.46859,64.31451],[25.48545,64.32626],[25.46235,64.35395],[25.46293,64.36258]]]},"properties":{"kunta":"071"}},{"type":"Feature","geometry":{"type":"Polygon","coordinates":[[[28.94402,62.57683],[28.86302,62.59992],[28.79065,62.64029],[28.67472,62.649],[28.65515,62.65702],[28.64288,62.64895],[28.63374,62.62118],[28.5987,62.61044],[28.62597,62.6061],[28.6242,62.59971],[28.57767,62.58009],[28.56076,62.59699],[28.53674,62.58415],[28.48684,62.5885],[28.46697,62.58316],[28.54546,62.56838],[28.52077,62.54846],[28.47745,62.56576],[28.40107,62.57505],[28.40919,62.56891],[28.39755,62.55584],[28.40548,62.53731],[28.40282,62.52887],[28.38766,62.50876],[28.37522,62.51027],[28.36777,62.5033],[28.37247,62.49631],[28.3934,62.48489],[28.38187,62.46164],[28.35452,62.46129],[28.32503,62.47234],[28.30738,62.46973],[28.28642,62.47315],[28.27678,62.46242],[28.29473,62.45705],[28.30041,62.45048],[28.28645,62.44306],[28.25078,62.43148],[28.24477,62.42405],[28.28501,62.41236],[28.28424,62.39326],[28.32352,62.38264],[28.32899,62.37808],[28.3188,62.36801],[28.32344,62.35802],[28.315,62.35455],[28.36545,62.35246],[28.37426,62.3574],[28.39813,62.35731],[28.43776,62.34634],[28.42298,62.32886],[28.43793,62.31684],[28.48235,62.31143],[28.49918,62.3164],[28.52569,62.30734],[28.5513,62.29236],[28.56246,62.29437],[28.58307,62.26948],[28.60151,62.26195],[28.6076,62.2524],[28.65281,62.23132],[28.65997,62.23921],[28.70182,62.22376],[28.71585,62.23549],[28.73802,62.21704],[28.77967,62.20492],[28.79404,62.21058],[28.74671,62.25329],[28.75284,62.28676],[28.77931,62.29336],[28.79026,62.27782],[28.81436,62.26778],[28.84768,62.26435],[28.85973,62.25288],[28.88863,62.26369],[28.9267,62.25702],[28.9509,62.27683],[28.93507,62.28601],[28.94772,62.29229],[28.96146,62.28573],[28.97204,62.29058],[28.95138,62.29922],[28.95995,62.30945],[28.98526,62.31061],[29.0051,62.32743],[29.04091,62.32116],[29.08945,62.34298],[29.12436,62.32652],[29.16824,62.33205],[29.15938,62.34315],[29.15953,62.35589],[29.18363,62.3628],[29.18356,62.36868],[29.16645,62.38634],[29.12373,62.3895],[29.10194,62.39708],[29.0959,62.40375],[29.10979,62.41102],[29.10559,62.41601],[29.08148,62.42415],[29.10492,62.4796],[29.11775,62.48829],[29.10725,62.49424],[29.08288,62.49203],[29.05667,62.50219],[29.00121,62.51503],[29.03702,62.51951],[29.03387,62.52885],[29.00757,62.53564],[28.98142,62.54592],[28.9635,62.55834],[28.94134,62.56519],[28.94402,62.57683]]]},"properties":{"kunta":"090"}},{"type":"Feature","geometry":{"type":"MultiPolygon","coordinates":[[[[25.07416,60.10688],[25.04293,60.1045],[25.04369,60.0954],[25.07416,60.10688]]],[[[25.05462,60.15618],[25.045,60.15461],[25.02938,60.14259],[25.0284,60.13734],[25.05772,60.13607],[25.0582,60.14419],[25.07649,60.14478],[25.07817,60.15073],[25.05462,60.15618]]],[[[24.86638,60.16441],[24.85297,60.16143],[24.85845,60.15164],[24.87267,60.15476],[24.87653,60.1441],[24.89274,60.15054],[24.88652,60.15722],[24.89089,60.1642],[24.86638,60.16441]]],[[[25.06299,60.1831],[25.04371,60.18563],[25.02401,60.17862],[25.01,60.1703],[25.01189,60.1631],[25.03298,60.1641],[25.04157,60.16043],[25.06789,60.15765],[25.09648,60.16081],[25.09323,60.16836],[25.08046,60.17273],[25.06608,60.16507],[25.06299,60.1831]]],[[[25.01762,60.17992],[25.01994,60.18733],[25.00815,60.191],[24.99349,60.18486],[25.01762,60.17992]]],[[[25.23847,60.24955],[25.2325,60.25511],[25.21679,60.25552],[25.20378,60.2506],[25.2231,60.24545],[25.23847,60.24955]]],[[[25.2328,60.2585],[25.22734,60.2611],[25.25389,60.28963],[25.25289,60.29746],[25.22952,60.29784],[25.19628,60.28196],[25.19025,60.28568],[25.18766,60.27988],[25.14253,60.26978],[25.14463,60.25924],[25.15988,60.24882],[25.13584,60.23723],[25.09138,60.24518],[25.08244,60.2497],[25.088,60.27125],[25.07665,60.27555],[25.05339,60.27602],[25.02091,60.28932],[25.00015,60.28632],[24.98229,60.27892],[24.97563,60.26498],[24.96588,60.26631],[24.95626,60.27634],[24.94565,60.2784],[24.89282,60.26853],[24.87242,60.25414],[24.85782,60.25361],[24.83865,60.2591],[24.8314,60.25406],[24.84598,60.20957],[24.84822,60.20456],[24.86795,60.19676],[24.87144,60.19216],[24.90368,60.18587],[24.91251,60.18109],[24.89776,60.16646],[24.90895,60.15747],[24.90926,60.15033],[24.92782,60.14939],[24.93324,60.15385],[24.963,60.15593],[24.95404,60.1651],[24.96101,60.17784],[24.97602,60.17718],[24.98365,60.18369],[24.98515,60.19577],[24.97947,60.20062],[24.98659,60.21315],[25.01925,60.21435],[25.02422,60.20684],[25.02092,60.19756],[25.00015,60.1968],[25.03245,60.18464],[25.06794,60.19872],[25.08925,60.20117],[25.09884,60.2064],[25.10638,60.19397],[25.15934,60.20166],[25.1747,60.19333],[25.18721,60.1997],[25.17667,60.20635],[25.20348,60.21459],[25.19201,60.23062],[25.20586,60.23341],[25.21667,60.24453],[25.19834,60.25106],[25.21339,60.25702],[25.2328,60.2585]]]]},"properties":{"kunta":"091"}},{"type":"Feature","geometry":{"type":"Polygon","coordinates":[[[22.59911,61.30198],[22.55945,61.33092],[22.5914,61.34212],[22.55838,61.39429],[22.57423,61.39688],[22.56141,61.41956],[22.50918,61.42815],[22.43416,61.48892],[22.28859,61.41921],[22.23811,61.41664],[22.20502,61.4074],[22.19899,61.39751],[22.27202,61.35024],[22.26827,61.34426],[22.24417,61.33997],[22.23966,61.31904],[22.22284,61.31205],[22.20914,61.29392],[22.22912,61.28934],[22.22617,61.27855],[22.2168,61.27525],[22.15867,61.28622],[22.12071,61.28969],[22.11411,61.27341],[22.12856,61.27093],[22.12994,61.26512],[22.16343,61.25918],[22.1762,61.25194],[22.27782,61.194],[22.41727,61.19534],[22.48034,61.17062],[22.51895,61.19793],[22.49735,61.20501],[22.51123,61.21705],[22.53929,61.20801],[22.55189,61.21631],[22.5628,61.23607],[22.55977,61.24468],[22.57935,61.25875],[22.60952,61.27005],[22.60862,61.27815],[22.58829,61.29968],[22.59911,61.30198]]]},"properties":{"kunta":"271"}},{"type":"Feature","geometry":{"type":"MultiPolygon","coordinates":[[[[22.98905,63.78802],[22.9862,63.79391],[22.99522,63.80388],[22.99136,63.81276],[22.95837,63.82496],[22.93009,63.8293],[22.92334,63.81698],[22.92716,63.81212],[22.92245,63.79332],[22.94651,63.78181],[22.95389,63.78203],[22.98905,63.78802]]],[[[22.93323,63.77851],[22.91424,63.79202],[22.91858,63.8097],[22.912,63.8181],[22.9142,63.82603],[22.92811,63.83088],[22.96629,63.8294],[22.95388,63.84607],[22.96192,63.8523],[22.95111,63.85871],[22.96786,63.86472],[22.95891,63.87343],[22.93834,63.87761],[22.93982,63.88964],[22.89994,63.90036],[22.87044,63.89907],[22.85233,63.8931],[22.84234,63.90463],[22.82611,63.90393],[22.82069,63.88831],[22.82581,63.87908],[22.83433,63.87066],[22.85079,63.86897],[22.87972,63.861],[22.89293,63.86487],[22.90514,63.86108],[22.90875,63.85247],[22.88633,63.84827],[22.90212,63.83745],[22.88712,63.83507],[22.86703,63.83827],[22.8868,63.81255],[22.87194,63.80249],[22.85986,63.78471],[22.9241,63.77896],[22.92154,63.77511],[22.93323,63.77851]]],[[[22.81651,63.91484],[22.80261,63.92359],[22.7871,63.91969],[22.78881,63.91333],[22.81651,63.91484]]],[[[23.28626,63.9479],[23.28247,63.93784],[23.29586,63.93265],[23.30981,63.94395],[23.28626,63.9479]]],[[[23.21973,63.94129],[23.20644,63.9452],[23.2039,63.95396],[23.18836,63.95569],[23.18382,63.94734],[23.19984,63.93654],[23.21973,63.94129]]],[[[23.61731,64.04881],[23.60352,64.04486],[23.59255,64.05586],[23.56862,64.04054],[23.54408,64.04871],[23.47615,64.05665],[23.4396,64.08179],[23.41242,64.08294],[23.39804,64.06889],[23.37981,64.05642],[23.38137,64.03329],[23.391,64.02342],[23.38989,64.00969],[23.38422,64.00386],[23.3922,63.99625],[23.39608,63.9791],[23.38813,63.97287],[23.3647,63.96849],[23.40026,63.95062],[23.39199,63.9353],[23.36766,63.92882],[23.37058,63.91293],[23.35522,63.91391],[23.34365,63.92518],[23.31415,63.93853],[23.3016,63.9314],[23.32222,63.91899],[23.27533,63.91321],[23.2455,63.91455],[23.20151,63.90497],[23.18888,63.9129],[23.15259,63.91423],[23.13686,63.91708],[23.12266,63.91253],[23.14258,63.89954],[23.13535,63.88933],[23.11535,63.88625],[23.1325,63.87346],[23.11642,63.85783],[23.1006,63.85683],[23.10341,63.86805],[23.08757,63.87826],[23.07339,63.8791],[23.05901,63.87376],[23.04411,63.8759],[23.03615,63.86762],[23.04163,63.86103],[23.01938,63.84574],[23.0422,63.83235],[23.02631,63.82294],[23.01393,63.82917],[23.0008,63.82495],[23.02059,63.80539],[23.01011,63.79945],[23.0129,63.79125],[23.07456,63.77367],[23.17387,63.73834],[23.22411,63.71876],[23.2484,63.71692],[23.26559,63.74148],[23.29165,63.75362],[23.33635,63.76127],[23.36103,63.75704],[23.36891,63.76238],[23.39186,63.7593],[23.40482,63.75036],[23.42116,63.75326],[23.44434,63.73722],[23.45787,63.7416],[23.45534,63.76142],[23.47764,63.77913],[23.61868,63.72148],[23.68634,63.69926],[23.74408,63.67544],[23.78414,63.66147],[23.8409,63.65358],[23.93523,63.63391],[23.98982,63.59169],[24.03808,63.5806],[24.05885,63.56941],[24.0743,63.57244],[24.08968,63.58026],[24.09895,63.57706],[24.3212,63.49911],[24.34114,63.50316],[24.40443,63.53343],[24.44673,63.51477],[24.46686,63.52539],[24.49271,63.53898],[24.43008,63.56309],[24.40855,63.566],[24.33082,63.60109],[24.28823,63.5903],[24.2505,63.5942],[24.25033,63.59829],[24.26994,63.61059],[24.21039,63.63936],[24.2277,63.64737],[24.15933,63.67459],[23.98521,63.75626],[23.92455,63.78461],[23.90671,63.78682],[23.903,63.79463],[23.86663,63.80558],[23.82457,63.84833],[23.75146,63.85448],[23.73606,63.85848],[23.7622,63.8733],[23.79465,63.86037],[23.80833,63.86519],[23.77867,63.88378],[23.76556,63.8854],[23.75869,63.90739],[23.74285,63.91418],[23.71758,63.9051],[23.73515,63.89288],[23.72378,63.88466],[23.6598,63.91581],[23.67001,63.93069],[23.69492,63.92808],[23.72096,63.91567],[23.73889,63.92363],[23.73752,63.93242],[23.78465,63.94857],[23.74615,63.97373],[23.7261,63.98555],[23.71156,63.97763],[23.64063,64.03913],[23.61731,64.04881]]]]},"properties":{"kunta":"272"}},{"type":"Feature","geometry":{"type":"MultiPolygon","coordinates":[[[[24.78024,64.93736],[24.76373,64.94484],[24.75247,64.93937],[24.77008,64.93482],[24.78024,64.93736]]],[[[24.87897,65.08631],[24.84231,65.09453],[24.82364,65.09453],[24.79422,65.08772],[24.76141,65.08336],[24.72603,65.08383],[24.70665,65.08652],[24.68709,65.08241],[24.64323,65.0812],[24.63169,65.07396],[24.59117,65.05984],[24.57448,65.04358],[24.55601,65.03947],[24.57369,65.02101],[24.57514,65.00621],[24.58592,64.99635],[24.61466,64.98842],[24.61825,64.97472],[24.65493,64.95935],[24.69948,64.9612],[24.72164,64.97614],[24.73894,64.97138],[24.73735,64.96015],[24.76156,64.95375],[24.75981,64.94883],[24.79242,64.94166],[24.82008,64.94903],[24.8463,64.96227],[24.87801,64.96759],[24.86863,64.9832],[24.86926,64.99097],[24.88104,65.00021],[24.86564,65.01179],[24.86418,65.019],[24.84455,65.02243],[24.84166,65.03353],[24.82068,65.03218],[24.82059,65.04869],[24.79811,65.04365],[24.7972,65.05158],[24.81585,65.05089],[24.83188,65.05508],[24.8511,65.04928],[24.89174,65.04822],[24.90614,65.04485],[24.92173,65.03353],[24.95555,65.03479],[25.01613,65.03089],[25.05018,65.0384],[25.06116,65.04416],[25.04313,65.05469],[25.02419,65.05804],[24.99539,65.05627],[24.95252,65.0619],[24.92686,65.06066],[24.87936,65.06499],[24.89993,65.07075],[24.87897,65.08631]]]]},"properties":{"kunta":"072"}},{"type":"Feature","geometry":{"type":"Polygon","coordinates":[[[24.46686,63.52539],[24.44673,63.51477],[24.40443,63.53343],[24.34114,63.50316],[24.3212,63.49911],[24.09895,63.57706],[24.07356,63.56255],[24.0641,63.56477],[24.04983,63.55173],[24.05756,63.54396],[24.04082,63.52154],[24.05483,63.51498],[24.07152,63.49961],[24.09153,63.49533],[24.08607,63.48538],[24.06656,63.47882],[24.08165,63.46998],[24.05753,63.46263],[24.07262,63.44527],[24.06619,63.39917],[24.08821,63.40254],[24.10306,63.4126],[24.12483,63.39657],[24.11019,63.38952],[24.13282,63.38293],[24.12349,63.37229],[24.19236,63.35696],[24.1891,63.34651],[24.15997,63.33858],[24.16463,63.33192],[24.22095,63.34606],[24.36925,63.33701],[24.40569,63.37214],[24.48618,63.3752],[24.47935,63.38387],[24.51075,63.39116],[24.47774,63.41933],[24.51064,63.43143],[24.54602,63.44916],[24.50844,63.46843],[24.53227,63.48095],[24.53038,63.49744],[24.55483,63.51207],[24.55459,63.52295],[24.53196,63.52497],[24.50197,63.50994],[24.46686,63.52539]]]},"properties":{"kunta":"074"}},{"type":"Feature","geometry":{"type":"MultiPolygon","coordinates":[[[[27.38529,60.4682],[27.36291,60.47489],[27.37538,60.45848],[27.39739,60.44744],[27.41208,60.44998],[27.41892,60.45687],[27.40824,60.46356],[27.38529,60.4682]]],[[[27.36978,60.49446],[27.3619,60.49893],[27.34352,60.49462],[27.34871,60.48762],[27.36719,60.48935],[27.36978,60.49446]]],[[[27.42836,60.84264],[27.37793,60.83847],[27.35435,60.83101],[27.34692,60.81748],[27.29264,60.822],[27.26145,60.79489],[27.27275,60.78699],[27.26747,60.77817],[27.23871,60.77415],[27.22527,60.7604],[27.2031,60.7605],[27.12465,60.77686],[27.1177,60.76417],[27.12911,60.7479],[27.11066,60.73988],[27.13283,60.71672],[27.11906,60.71236],[27.10312,60.68555],[27.08335,60.67484],[27.05077,60.67089],[27.04174,60.67931],[26.92214,60.64855],[27.0285,60.60451],[27.02089,60.5637],[27.00788,60.55452],[27.02462,60.54659],[27.02305,60.53836],[27.03618,60.52716],[27.05334,60.52648],[27.06246,60.5377],[27.04676,60.53811],[27.04764,60.55042],[27.0693,60.53823],[27.093,60.53197],[27.09032,60.54109],[27.10444,60.54462],[27.10988,60.53785],[27.13197,60.52623],[27.1584,60.51792],[27.17008,60.52564],[27.1812,60.52716],[27.17219,60.54091],[27.17298,60.56208],[27.16137,60.57014],[27.17165,60.57411],[27.18505,60.57145],[27.18412,60.56126],[27.20122,60.56302],[27.22179,60.55931],[27.22271,60.55312],[27.24398,60.54852],[27.27915,60.53074],[27.26654,60.52897],[27.26057,60.53615],[27.23925,60.53835],[27.23505,60.54546],[27.20769,60.55354],[27.19218,60.55139],[27.19197,60.54125],[27.20444,60.53039],[27.19657,60.52552],[27.20436,60.51822],[27.21732,60.51551],[27.2407,60.52452],[27.28505,60.51571],[27.30438,60.52193],[27.30421,60.51312],[27.33525,60.50566],[27.35557,60.50798],[27.388,60.49952],[27.40665,60.48428],[27.39783,60.51761],[27.38031,60.52868],[27.35657,60.55877],[27.38819,60.60218],[27.4228,60.62825],[27.45468,60.6411],[27.45727,60.66176],[27.44353,60.68676],[27.42184,60.70385],[27.43965,60.73042],[27.44707,60.75275],[27.42455,60.80838],[27.42836,60.84264]]]]},"properties":{"kunta":"075"}},{"type":"Feature","geometry":{"type":"MultiPolygon","coordinates":[[[[19.68542,60.16394],[19.69423,60.17855],[19.67615,60.18219],[19.67364,60.16796],[19.68542,60.16394]]],[[[19.34257,60.19241],[19.34526,60.20238],[19.32759,60.202],[19.34257,60.19241]]],[[[19.72151,60.32919],[19.69438,60.32191],[19.7163,60.31814],[19.72151,60.32919]]],[[[19.82473,60.20818],[19.82019,60.20142],[19.8036,60.20069],[19.79625,60.22037],[19.79898,60.22816],[19.78987,60.24464],[19.76736,60.25829],[19.76569,60.26457],[19.7867,60.29436],[19.79397,60.29693],[19.79939,60.31182],[19.79277,60.32078],[19.7791,60.32593],[19.76078,60.32698],[19.76381,60.33524],[19.75183,60.33727],[19.74022,60.33154],[19.75133,60.32553],[19.74371,60.31694],[19.75148,60.29921],[19.74913,60.2813],[19.73389,60.28489],[19.71556,60.2976],[19.70256,60.28948],[19.70683,60.27523],[19.7036,60.26322],[19.6922,60.2635],[19.69961,60.2756],[19.69734,60.29076],[19.67658,60.29915],[19.65596,60.2997],[19.63489,60.29132],[19.65144,60.27969],[19.65898,60.27891],[19.66582,60.26111],[19.65813,60.24912],[19.67059,60.23414],[19.69017,60.22329],[19.69577,60.21287],[19.68718,60.20122],[19.69367,60.18537],[19.70264,60.17587],[19.70346,60.16331],[19.71578,60.15185],[19.71614,60.1422],[19.73245,60.12982],[19.76608,60.14175],[19.81283,60.14923],[19.80035,60.17004],[19.84509,60.17344],[19.84118,60.18767],[19.82473,60.20818]]],[[[19.69334,60.33017],[19.69805,60.33721],[19.69543,60.34703],[19.68214,60.34999],[19.67593,60.33796],[19.69334,60.33017]]],[[[19.70841,60.35875],[19.70741,60.37147],[19.6939,60.38219],[19.68662,60.36916],[19.69869,60.3601],[19.70841,60.35875]]],[[[19.72198,60.39491],[19.71274,60.3956],[19.7026,60.3826],[19.70624,60.37696],[19.72315,60.37249],[19.72198,60.39491]]]]},"properties":{"kunta":"076"}},{"type":"Feature","geometry":{"type":"Polygon","coordinates":[[[26.48322,62.53236],[26.45891,62.53308],[26.40008,62.50618],[26.39396,62.51716],[26.27355,62.55039],[26.26416,62.56057],[26.20775,62.57247],[26.236,62.5374],[26.21992,62.53171],[26.21155,62.53692],[26.1957,62.5325],[26.21867,62.49107],[26.25793,62.40791],[26.31102,62.40344],[26.2798,62.37422],[26.27863,62.34512],[26.25315,62.35685],[26.23249,62.35892],[26.19779,62.35535],[26.2947,62.30007],[26.30535,62.28194],[26.32415,62.26626],[26.29622,62.26123],[26.31886,62.22071],[26.33096,62.21324],[26.31595,62.20047],[26.33016,62.19284],[26.36513,62.2071],[26.39509,62.20955],[26.41481,62.20786],[26.41458,62.21889],[26.42138,62.22448],[26.44958,62.21265],[26.46848,62.21768],[26.4963,62.2289],[26.47836,62.24697],[26.54403,62.26563],[26.56445,62.2541],[26.59036,62.23088],[26.62689,62.21137],[26.65263,62.21693],[26.64867,62.23427],[26.63862,62.23894],[26.64049,62.24772],[26.62872,62.2656],[26.63254,62.28338],[26.61078,62.29498],[26.68316,62.30773],[26.662,62.32697],[26.66904,62.34186],[26.77612,62.35411],[26.7344,62.37912],[26.69407,62.39484],[26.68053,62.40382],[26.7055,62.42702],[26.69801,62.44522],[26.70913,62.45295],[26.68484,62.4634],[26.63311,62.45077],[26.57786,62.47857],[26.50794,62.50564],[26.48117,62.51239],[26.4707,62.51892],[26.48322,62.53236]]]},"properties":{"kunta":"077"}},{"type":"Feature","geometry":{"type":"MultiPolygon","coordinates":[[[[23.08778,59.8922],[23.0639,59.88866],[23.06843,59.88209],[23.08764,59.88632],[23.08778,59.8922]]],[[[23.11038,59.9184],[23.09494,59.91412],[23.10603,59.90756],[23.10447,59.89837],[23.11989,59.89408],[23.12903,59.89642],[23.12526,59.90901],[23.11141,59.91174],[23.11038,59.9184]]],[[[23.28123,59.90517],[23.2395,59.92796],[23.22397,59.93124],[23.19707,59.9142],[23.16783,59.90583],[23.16931,59.89203],[23.15138,59.88637],[23.10467,59.88741],[23.10265,59.88366],[23.0771,59.8814],[23.07174,59.87337],[23.05005,59.86601],[23.03413,59.86469],[23.0135,59.85646],[22.99911,59.85413],[22.98001,59.84592],[22.94441,59.84273],[22.92748,59.83521],[22.92503,59.82795],[22.90407,59.81927],[22.91311,59.81461],[22.92822,59.8235],[22.94821,59.82399],[22.95977,59.81811],[22.99721,59.82701],[23.0231,59.82485],[23.03825,59.82656],[23.05619,59.82067],[23.0616,59.82567],[23.13899,59.82906],[23.16494,59.83611],[23.18849,59.83275],[23.21485,59.83997],[23.21343,59.84682],[23.22966,59.85086],[23.24084,59.86164],[23.22501,59.87343],[23.22227,59.8897],[23.2346,59.89612],[23.26162,59.90002],[23.28123,59.90517]]]]},"properties":{"kunta":"078"}},{"type":"Feature","geometry":{"type":"Polygon","coordinates":[[[25.07624,60.3729],[25.0644,60.36959],[25.0313,60.37158],[25.02118,60.36787],[25.04922,60.34884],[25.03765,60.3423],[25.00389,60.33325],[24.95459,60.33245],[24.87672,60.38473],[24.86761,60.39489],[24.86894,60.40125],[24.83046,60.39446],[24.74928,60.34178],[24.74624,60.32227],[24.76093,60.32538],[24.7718,60.29923],[24.76494,60.27124],[24.78475,60.24151],[24.8314,60.25406],[24.83865,60.2591],[24.85782,60.25361],[24.87242,60.25414],[24.89282,60.26853],[24.94565,60.2784],[24.95626,60.27634],[24.96588,60.26631],[24.97563,60.26498],[24.98229,60.27892],[25.00015,60.28632],[25.02091,60.28932],[25.05339,60.27602],[25.07665,60.27555],[25.088,60.27125],[25.08244,60.2497],[25.09138,60.24518],[25.13584,60.23723],[25.15988,60.24882],[25.14463,60.25924],[25.14253,60.26978],[25.18766,60.27988],[25.19025,60.28568],[25.19307,60.29225],[25.16961,60.31149],[25.13565,60.32048],[25.10219,60.33525],[25.14324,60.33535],[25.15241,60.34613],[25.13444,60.34849],[25.15173,60.35928],[25.11536,60.36057],[25.09038,60.3663],[25.07624,60.3729]]]},"properties":{"kunta":"092"}},{"type":"Feature","geometry":{"type":"Polygon","coordinates":[[[26.83221,61.85031],[26.83052,61.86221],[26.82139,61.86592],[26.80733,61.84617],[26.77702,61.84087],[26.75849,61.8347],[26.74214,61.83887],[26.73629,61.83007],[26.71178,61.82565],[26.68548,61.83151],[26.64559,61.78866],[26.62597,61.80613],[26.65382,61.83266],[26.60603,61.85854],[26.58055,61.8606],[26.57043,61.85522],[26.57654,61.83571],[26.55131,61.83076],[26.5333,61.83162],[26.51993,61.8371],[26.53012,61.84386],[26.53507,61.85448],[26.51295,61.85364],[26.47665,61.8425],[26.45653,61.84298],[26.43447,61.83981],[26.41821,61.84757],[26.3891,61.85415],[26.37735,61.84606],[26.37399,61.82797],[26.37667,61.81362],[26.36718,61.80787],[26.39806,61.80414],[26.42578,61.79629],[26.48422,61.75068],[26.52709,61.70458],[26.53375,61.69133],[26.52482,61.67547],[26.52607,61.66391],[26.5213,61.63926],[26.51546,61.62706],[26.55682,61.59037],[26.55283,61.5841],[26.57439,61.56772],[26.60053,61.53661],[26.60789,61.53634],[26.60468,61.57225],[26.60011,61.60366],[26.62372,61.59927],[26.63448,61.58569],[26.69527,61.58606],[26.72776,61.56536],[26.74932,61.56552],[26.77103,61.58068],[26.80218,61.5651],[26.80726,61.54695],[26.82484,61.54455],[26.83593,61.52287],[26.87375,61.52373],[26.88419,61.51573],[26.92237,61.51766],[26.9381,61.52359],[26.95214,61.50814],[26.96368,61.50343],[26.97493,61.52114],[26.98953,61.52132],[26.99727,61.53727],[27.0248,61.54447],[27.01944,61.568],[27.00349,61.56674],[26.98642,61.59069],[26.9923,61.59369],[26.98373,61.60472],[26.96809,61.60298],[26.95178,61.61101],[26.95644,61.62045],[26.9802,61.63542],[26.9948,61.63822],[26.98521,61.64689],[26.99545,61.65386],[26.98873,61.66619],[26.95714,61.67575],[26.95224,61.68542],[26.97647,61.68931],[26.98224,61.70069],[26.96538,61.70093],[26.94277,61.69279],[26.93419,61.70409],[26.93501,61.72447],[26.92587,61.73558],[26.90352,61.73317],[26.88388,61.73757],[26.89158,61.74771],[26.88396,61.76577],[26.89072,61.78753],[26.85873,61.78719],[26.84144,61.80243],[26.82736,61.83308],[26.83221,61.85031]]]},"properties":{"kunta":"097"}},{"type":"Feature","geometry":{"type":"Polygon","coordinates":[[[25.78353,61.09629],[25.77559,61.10722],[25.72867,61.10158],[25.67789,61.10246],[25.62717,61.11402],[25.5625,61.11472],[25.53748,61.15071],[25.47681,61.1228],[25.46821,61.12534],[25.40892,61.10681],[25.35422,61.1148],[25.32743,61.11279],[25.27919,61.0982],[25.26311,61.10714],[25.25584,61.11843],[25.23994,61.11455],[25.22565,61.11107],[25.2127,61.10335],[25.19808,61.07625],[25.17014,61.07399],[25.15227,61.06299],[25.057,61.05006],[25.03963,61.03432],[25.0287,61.03095],[25.04542,61.01664],[25.02612,61.00428],[25.02739,60.99365],[25.04834,60.99297],[25.05938,60.9859],[25.04026,60.96759],[25.02588,60.96175],[25.00754,60.92793],[25.02768,60.92782],[25.04628,60.92771],[25.09377,60.919],[25.10811,60.86508],[25.11882,60.86391],[25.13352,60.90506],[25.17001,60.92622],[25.18768,60.95091],[25.22394,60.97022],[25.2471,60.97177],[25.26144,60.98168],[25.28764,60.97338],[25.31277,60.94445],[25.3178,60.93247],[25.30969,60.92293],[25.32779,60.91138],[25.31873,60.90087],[25.33144,60.88766],[25.37007,60.87994],[25.3859,60.86347],[25.40222,60.85436],[25.4206,60.86668],[25.44684,60.86248],[25.45844,60.87037],[25.47775,60.87172],[25.50776,60.88617],[25.51785,60.89504],[25.54029,60.868],[25.5708,60.88445],[25.6047,60.87054],[25.6438,60.88118],[25.63931,60.88962],[25.65464,60.89537],[25.65751,60.90644],[25.64351,60.91051],[25.62311,60.93034],[25.60227,60.93239],[25.59878,60.92631],[25.55634,60.9337],[25.56221,60.95167],[25.57109,60.95952],[25.5517,60.97617],[25.54031,60.99826],[25.57305,61.0018],[25.59509,61.02596],[25.59965,61.03401],[25.65317,61.03014],[25.6653,61.02609],[25.71404,61.02997],[25.7513,61.03168],[25.80798,61.04108],[25.82219,61.05137],[25.72143,61.06595],[25.746,61.08536],[25.78353,61.09629]]]},"properties":{"kunta":"098"}},{"type":"Feature","geometry":{"type":"Polygon","coordinates":[[[22.93422,61.20498],[22.87212,61.22264],[22.88211,61.22609],[22.85606,61.23584],[22.84552,61.22939],[22.76787,61.24634],[22.65333,61.24455],[22.64544,61.24662],[22.61876,61.29169],[22.59911,61.30198],[22.58829,61.29968],[22.60862,61.27815],[22.60952,61.27005],[22.57935,61.25875],[22.55977,61.24468],[22.5628,61.23607],[22.55189,61.21631],[22.53929,61.20801],[22.51123,61.21705],[22.49735,61.20501],[22.51895,61.19793],[22.48034,61.17062],[22.49936,61.14948],[22.51792,61.13907],[22.58151,61.06388],[22.57161,61.06072],[22.59756,61.01541],[22.70154,60.98694],[22.70938,60.98259],[22.77978,60.99421],[22.79275,61.00035],[22.81593,60.99341],[22.82645,61.01365],[22.82489,61.02652],[22.80727,61.04116],[22.8237,61.04205],[22.83628,61.06018],[22.83687,61.06913],[22.81634,61.0788],[22.82391,61.10144],[22.86984,61.0838],[22.88229,61.0603],[22.88906,61.05684],[22.92636,61.05491],[22.93571,61.0448],[22.9685,61.04325],[22.95994,61.05881],[23.00127,61.07071],[23.00623,61.07495],[22.9955,61.08777],[22.93629,61.07289],[22.91568,61.08654],[22.97194,61.11585],[22.96583,61.1204],[22.94242,61.12444],[22.94125,61.13664],[22.92418,61.14199],[22.91507,61.17878],[22.95605,61.1766],[22.93422,61.20498]]]},"properties":{"kunta":"102"}},{"type":"Feature","geometry":{"type":"Polygon","coordinates":[[[23.47409,60.96347],[23.45629,60.96763],[23.42715,60.97037],[23.4112,60.96822],[23.39467,60.97907],[23.3787,61.00244],[23.36246,61.01452],[23.33594,61.00999],[23.26812,61.01985],[23.25998,61.01855],[23.26617,61.00652],[23.21333,61.00692],[23.19537,61.00122],[23.25539,60.96347],[23.29393,60.9547],[23.29134,60.91793],[23.25308,60.91947],[23.26666,60.88911],[23.27633,60.88218],[23.36241,60.87036],[23.38592,60.87296],[23.3987,60.87824],[23.42194,60.87108],[23.43002,60.87815],[23.42518,60.8981],[23.43961,60.90141],[23.44362,60.91028],[23.50075,60.94762],[23.48899,60.95972],[23.47409,60.96347]]]},"properties":{"kunta":"103"}},{"type":"Feature","geometry":{"type":"Polygon","coordinates":[[[29.45946,64.56629],[29.347,64.61266],[29.28177,64.623],[29.11699,64.67225],[29.08698,64.67495],[28.87885,64.709],[28.80797,64.70495],[28.6724,64.75131],[28.55588,64.81843],[28.2943,64.89837],[28.14797,64.80821],[28.05601,64.80857],[28.07433,64.63288],[28.09495,64.64099],[28.09295,64.64588],[28.11305,64.65605],[28.13208,64.64916],[28.14382,64.63684],[28.24602,64.63678],[28.31021,64.6029],[28.3104,64.59334],[28.33127,64.59517],[28.40844,64.59043],[28.43111,64.59673],[28.62665,64.54997],[28.61739,64.54322],[28.64207,64.53719],[28.65095,64.54413],[28.85984,64.49343],[28.88138,64.49668],[28.94563,64.46833],[29.05977,64.45331],[29.16329,64.4546],[29.41679,64.5199],[29.45946,64.56629]]]},"properties":{"kunta":"105"}},{"type":"Feature","geometry":{"type":"Polygon","coordinates":[[[25.11246,60.6616],[25.06187,60.66925],[25.05348,60.67964],[25.03487,60.68499],[24.93259,60.67368],[24.92088,60.66293],[24.8949,60.66407],[24.89418,60.6601],[24.8356,60.6593],[24.83507,60.66628],[24.80946,60.67283],[24.77927,60.65389],[24.76416,60.65992],[24.7493,60.64957],[24.73988,60.6475],[24.69127,60.64931],[24.65178,60.66025],[24.63909,60.65882],[24.61591,60.66757],[24.56603,60.63707],[24.56294,60.60247],[24.57725,60.5858],[24.59585,60.55731],[24.64884,60.51666],[24.66338,60.50813],[24.70595,60.5188],[24.74816,60.58887],[24.77988,60.57888],[24.77502,60.56468],[24.78995,60.55384],[24.81109,60.54373],[24.79815,60.52872],[24.82848,60.52883],[24.83816,60.56048],[24.88371,60.57272],[24.91216,60.55562],[24.96482,60.57061],[24.98963,60.56549],[25.02458,60.56907],[25.02571,60.57798],[25.04534,60.57686],[25.07356,60.59328],[25.05313,60.60455],[25.08412,60.62626],[25.11246,60.6616]]]},"properties":{"kunta":"106"}},{"type":"Feature","geometry":{"type":"Polygon","coordinates":[[[23.21026,61.7344],[23.19594,61.73719],[23.18776,61.73161],[23.18394,61.71807],[23.14887,61.72889],[23.11864,61.72244],[23.10906,61.73091],[23.08429,61.70988],[23.03037,61.69959],[23.0334,61.68724],[22.97263,61.70085],[22.9108,61.702],[22.85972,61.68908],[22.83756,61.69371],[22.82407,61.67514],[22.82824,61.65974],[22.85273,61.6247],[22.89349,61.60983],[22.93918,61.58702],[22.95933,61.59329],[22.98741,61.5837],[23.00561,61.59504],[23.02659,61.60066],[23.07916,61.58477],[23.05389,61.56703],[23.07427,61.54425],[23.12251,61.54367],[23.19379,61.53776],[23.27229,61.51858],[23.36258,61.5253],[23.38157,61.5189],[23.42973,61.55108],[23.44216,61.57223],[23.48552,61.58182],[23.49276,61.58587],[23.47953,61.62774],[23.49187,61.64949],[23.48345,61.67802],[23.50048,61.69791],[23.4479,61.67134],[23.43576,61.67125],[23.42818,61.68168],[23.40965,61.68645],[23.33544,61.63707],[23.31173,61.65461],[23.3091,61.66613],[23.22189,61.66209],[23.2083,61.65528],[23.22682,61.70061],[23.21827,61.70535],[23.21887,61.7272],[23.21026,61.7344]]]},"properties":{"kunta":"108"}},{"type":"Feature","geometry":{"type":"Polygon","coordinates":[[[25.20282,61.24094],[25.18696,61.23997],[25.09685,61.256],[25.02938,61.24615],[25.01282,61.29107],[24.99408,61.2794],[24.97593,61.27539],[24.94881,61.2906],[24.93045,61.28049],[24.9207,61.28653],[24.92104,61.31434],[24.91394,61.32488],[24.87886,61.29777],[24.89131,61.28745],[24.84459,61.27751],[24.82575,61.27593],[24.77056,61.2677],[24.73174,61.31746],[24.71993,61.29863],[24.71697,61.27944],[24.70832,61.2724],[24.66642,61.27669],[24.59484,61.29127],[24.57368,61.30394],[24.52023,61.29079],[24.4566,61.26753],[24.43031,61.2634],[24.40311,61.25348],[24.30239,61.23322],[24.33385,61.21415],[24.32955,61.20725],[24.40372,61.1685],[24.4831,61.11968],[24.50083,61.10211],[24.5434,61.0872],[24.53884,61.08046],[24.6244,61.06119],[24.61779,61.05717],[24.54768,61.04859],[24.47882,61.0348],[24.47179,61.04223],[24.37856,61.02833],[24.37396,61.01786],[24.28949,60.96975],[24.18577,60.92344],[24.14053,60.87479],[24.11694,60.87562],[24.10467,60.86398],[24.09542,60.86643],[24.08622,60.85743],[24.06901,60.86316],[24.07521,60.86806],[24.06754,60.87629],[24.04468,60.88262],[24.03337,60.87633],[24.00599,60.87776],[24.0285,60.89717],[24.03137,60.93215],[24.16074,61.0234],[24.1955,61.04256],[24.21118,61.05786],[24.25061,61.07284],[24.24603,61.08025],[24.25822,61.08626],[24.24034,61.09843],[24.2355,61.15143],[24.18235,61.14508],[24.13896,61.14321],[24.13429,61.13828],[24.14197,61.12316],[24.1111,61.12829],[24.05132,61.1214],[24.02628,61.11956],[23.95828,61.10193],[23.90778,61.08721],[23.84499,61.07443],[23.82536,61.08238],[23.80453,61.07936],[23.75676,61.05736],[23.80372,61.05101],[23.79566,61.04387],[23.80471,61.03602],[23.79261,61.02518],[23.8656,61.03727],[23.87851,61.02201],[23.8547,61.01306],[23.83445,61.00261],[23.81541,61.00066],[23.85254,60.98051],[23.85657,60.97154],[23.88056,60.97399],[23.94281,60.95957],[23.97053,60.95675],[23.95362,60.94652],[24.0218,60.9284],[23.98877,60.87964],[24.0599,60.83478],[24.04713,60.82607],[24.02972,60.82326],[24.06324,60.79346],[24.09238,60.78532],[24.09919,60.79625],[24.12889,60.81916],[24.17569,60.82042],[24.217,60.81247],[24.25332,60.78599],[24.27954,60.79625],[24.29567,60.79825],[24.31157,60.79429],[24.33491,60.79462],[24.39825,60.75398],[24.41324,60.75638],[24.42296,60.77121],[24.43139,60.78407],[24.47991,60.81024],[24.46244,60.8536],[24.43062,60.86949],[24.43639,60.88599],[24.3987,60.90284],[24.51789,60.93686],[24.55726,60.93947],[24.54099,60.94632],[24.546,60.95723],[24.57137,60.95383],[24.59867,60.96699],[24.58951,60.97392],[24.60518,60.98267],[24.60448,60.99441],[24.66257,61.00636],[24.63313,61.02859],[24.71535,61.03179],[24.73223,61.02633],[24.80438,61.01872],[24.85574,61.00885],[24.88018,60.98911],[24.87627,60.98586],[24.89071,60.97321],[24.91038,60.96485],[24.9429,60.96272],[24.96785,60.95115],[24.96966,60.92905],[24.98039,60.90755],[24.99763,60.90644],[25.03582,60.917],[25.02768,60.92782],[25.00754,60.92793],[25.02588,60.96175],[25.04026,60.96759],[25.05938,60.9859],[25.04834,60.99297],[25.02739,60.99365],[25.02612,61.00428],[25.04542,61.01664],[25.0287,61.03095],[25.03963,61.03432],[25.057,61.05006],[25.15227,61.06299],[25.17014,61.07399],[25.19808,61.07625],[25.2127,61.10335],[25.22565,61.11107],[25.23994,61.11455],[25.2462,61.13125],[25.23644,61.13991],[25.2537,61.14885],[25.25803,61.15978],[25.24983,61.17635],[25.25987,61.18589],[25.22348,61.21225],[25.19975,61.22212],[25.20282,61.24094]]]},"properties":{"kunta":"109"}},{"type":"Feature","geometry":{"type":"Polygon","coordinates":[[[26.51366,61.27433],[26.50461,61.28031],[26.48307,61.32284],[26.41095,61.32545],[26.39957,61.32202],[26.31582,61.35985],[26.31824,61.3709],[26.28753,61.36633],[26.28653,61.3763],[26.31972,61.39872],[26.26485,61.42583],[26.17295,61.39289],[26.15113,61.38211],[26.12833,61.39626],[26.10099,61.37962],[26.07737,61.38287],[26.05642,61.38968],[26.04018,61.37737],[26.02388,61.37912],[25.99534,61.37584],[25.95513,61.36905],[25.92932,61.36056],[25.91346,61.37398],[25.90341,61.374],[25.87325,61.36507],[25.87816,61.35485],[25.87743,61.34238],[25.86038,61.33481],[25.84482,61.33382],[25.80747,61.3134],[25.8011,61.27208],[25.80491,61.26906],[25.84938,61.26998],[25.87407,61.26563],[25.89334,61.25199],[25.88105,61.23845],[25.92733,61.22801],[25.88207,61.18553],[25.89401,61.17971],[25.90322,61.16403],[25.91977,61.15193],[25.87237,61.11941],[25.85806,61.10267],[25.90634,61.07935],[25.92242,61.07781],[25.93684,61.07092],[26.05103,61.10098],[26.04896,61.12046],[26.14125,61.15549],[26.15012,61.13538],[26.16662,61.1383],[26.23445,61.13],[26.26901,61.14954],[26.27055,61.16301],[26.34775,61.17369],[26.38548,61.18814],[26.39644,61.21373],[26.4313,61.23731],[26.42497,61.2515],[26.44357,61.25639],[26.444,61.26279],[26.48393,61.26512],[26.51366,61.27433]]]},"properties":{"kunta":"111"}},{"type":"Feature","geometry":{"type":"MultiPolygon","coordinates":[[[[24.84576,65.39338],[24.8167,65.38806],[24.81982,65.37566],[24.83985,65.38133],[24.85613,65.38956],[24.84576,65.39338]]],[[[25.0166,65.41113],[25.0202,65.41774],[24.99847,65.41835],[24.99059,65.40801],[25.0166,65.41113]]],[[[26.15823,65.72556],[26.16011,65.82233],[25.93919,65.77399],[25.79024,65.74071],[25.4245,65.74257],[25.36007,65.72738],[25.30758,65.685],[25.23065,65.66832],[25.16256,65.63589],[25.12934,65.60733],[25.08392,65.58748],[25.08272,65.57173],[25.1077,65.57271],[25.11812,65.55951],[25.13864,65.56046],[25.1482,65.56911],[25.18214,65.56382],[25.20219,65.563],[25.21116,65.55282],[25.2116,65.54198],[25.25126,65.53036],[25.26569,65.51806],[25.26639,65.50939],[25.285,65.50211],[25.27878,65.49206],[25.29757,65.48595],[25.32477,65.48623],[25.32996,65.47834],[25.32431,65.46842],[25.34237,65.46399],[25.34643,65.45334],[25.32726,65.45242],[25.34066,65.43837],[25.36644,65.4275],[25.35836,65.42119],[25.34127,65.42116],[25.33011,65.41058],[25.29955,65.39945],[25.2862,65.4084],[25.2596,65.40729],[25.26369,65.38915],[25.28844,65.38363],[25.27316,65.37358],[25.2765,65.37014],[25.30629,65.3707],[25.33331,65.35956],[25.29652,65.35651],[25.26784,65.33604],[25.23559,65.33275],[25.25017,65.32354],[25.24662,65.31876],[25.27774,65.3099],[25.27766,65.30659],[25.3169,65.29099],[25.31188,65.28544],[25.29259,65.28675],[25.28289,65.277],[25.28195,65.26831],[25.3146,65.26713],[25.33503,65.25914],[25.34634,65.2566],[25.51459,65.25079],[25.55243,65.25292],[25.62969,65.24989],[25.65946,65.23992],[25.73655,65.26936],[25.71318,65.28391],[25.68457,65.28713],[25.69009,65.30414],[25.67736,65.30671],[25.68497,65.31818],[25.66309,65.33133],[25.61363,65.35072],[25.64692,65.37856],[25.63893,65.38912],[25.78913,65.55029],[25.9007,65.55992],[26.00491,65.56434],[26.01872,65.55457],[26.15565,65.55521],[26.15823,65.72556]]]]},"properties":{"kunta":"139"}},{"type":"Feature","geometry":{"type":"Polygon","coordinates":[[[29.95997,63.01955],[29.95019,63.01796],[29.86479,63.06575],[29.81905,63.04643],[29.78716,63.0515],[29.79399,63.04504],[29.73781,63.00553],[29.61727,62.98138],[29.60567,62.96849],[29.64337,62.93302],[29.64854,62.91823],[29.67712,62.90638],[29.65853,62.87065],[29.66329,62.86575],[29.72325,62.84702],[29.64792,62.80676],[29.56323,62.79323],[29.56004,62.77633],[29.56809,62.7661],[29.56624,62.7561],[29.58346,62.74126],[29.5848,62.72147],[29.60075,62.71195],[29.61652,62.69602],[29.61556,62.67661],[29.63721,62.65453],[29.6661,62.64157],[29.7485,62.63195],[29.90065,62.62815],[29.9278,62.60111],[29.92551,62.59291],[29.90316,62.58132],[29.90834,62.57363],[29.93116,62.57722],[29.94133,62.57547],[29.94309,62.56624],[29.96092,62.56789],[29.99606,62.57695],[29.99932,62.58074],[30.1109,62.60866],[30.20112,62.59374],[30.21071,62.60682],[30.19893,62.6131],[30.21036,62.62138],[30.23337,62.62525],[30.25712,62.6408],[30.28052,62.62933],[30.288,62.63256],[30.28003,62.64102],[30.28406,62.65905],[30.21054,62.69975],[30.193,62.72606],[30.18282,62.72514],[30.14312,62.73402],[30.08987,62.74929],[30.03812,62.77979],[30.02351,62.81475],[29.94807,62.88396],[29.95403,62.88571],[29.9683,62.95176],[29.95997,63.01955]]]},"properties":{"kunta":"276"}},{"type":"Feature","geometry":{"type":"Polygon","coordinates":[[[27.62518,63.50247],[27.64041,63.51443],[27.58603,63.54818],[27.56972,63.55137],[27.54218,63.58578],[27.47143,63.59395],[27.45147,63.60019],[27.42038,63.61444],[27.40851,63.63097],[27.36838,63.62142],[27.33725,63.64165],[27.33824,63.65157],[27.31367,63.67305],[27.28895,63.67661],[27.27434,63.68777],[27.26096,63.68884],[27.21556,63.67706],[27.20894,63.65132],[27.19625,63.65473],[27.15419,63.6483],[27.1519,63.65212],[27.10547,63.65337],[27.06431,63.67201],[27.06282,63.64889],[27.00218,63.63456],[27.0176,63.62523],[27.01533,63.61648],[26.99042,63.61866],[26.95129,63.6105],[26.93889,63.63576],[26.92152,63.63329],[26.90331,63.63481],[26.8703,63.64757],[26.87512,63.65415],[26.82881,63.66682],[26.81913,63.66066],[26.8091,63.64207],[26.81211,63.62133],[26.80652,63.61433],[26.8276,63.59734],[26.80301,63.5819],[26.79403,63.58215],[26.80828,63.55839],[26.80434,63.55471],[26.82725,63.54495],[26.82049,63.53757],[26.82455,63.51641],[26.84169,63.49902],[26.83846,63.49272],[26.85139,63.46721],[26.931,63.45411],[26.93975,63.42982],[26.93634,63.41854],[26.95519,63.40906],[26.96052,63.40183],[26.95235,63.39081],[26.95638,63.37505],[26.97164,63.37401],[26.98829,63.37778],[27.01249,63.365],[27.01582,63.3367],[27.0284,63.33186],[27.04868,63.33805],[27.05852,63.31501],[27.0525,63.29929],[27.08517,63.31448],[27.10067,63.3133],[27.11061,63.32056],[27.13699,63.32122],[27.18295,63.33022],[27.17042,63.34382],[27.14518,63.3477],[27.11909,63.3692],[27.1342,63.36837],[27.1483,63.36219],[27.16567,63.38239],[27.13892,63.3966],[27.16554,63.40281],[27.19166,63.41338],[27.19613,63.41951],[27.18773,63.43162],[27.19108,63.43663],[27.20992,63.43948],[27.20554,63.44613],[27.21857,63.45148],[27.23606,63.44473],[27.25854,63.4409],[27.27553,63.44678],[27.28367,63.43944],[27.31046,63.434],[27.31474,63.44922],[27.30958,63.45387],[27.36675,63.47478],[27.37319,63.49146],[27.42968,63.51159],[27.45754,63.47779],[27.47878,63.52217],[27.49699,63.52264],[27.49903,63.50956],[27.50741,63.50112],[27.54717,63.50643],[27.5429,63.4931],[27.57022,63.49169],[27.56942,63.4827],[27.6624,63.48088],[27.66508,63.4913],[27.64631,63.49351],[27.62518,63.50247]]]},"properties":{"kunta":"140"}},{"type":"Feature","geometry":{"type":"Polygon","coordinates":[[[26.23445,61.13],[26.16662,61.1383],[26.15012,61.13538],[26.14125,61.15549],[26.04896,61.12046],[26.05103,61.10098],[26.0459,61.09392],[26.10731,61.07654],[26.10288,61.04872],[26.11769,61.0422],[26.1329,61.02775],[26.12113,61.008],[26.11672,60.98456],[26.07616,60.97139],[26.06654,60.97353],[26.06217,60.98543],[26.04767,60.98281],[26.0422,60.97292],[26.0602,60.93608],[26.16898,60.92937],[26.16024,60.91883],[26.13994,60.90723],[26.1137,60.8869],[26.12241,60.86974],[26.1038,60.86685],[26.09164,60.86018],[26.07783,60.83548],[26.09519,60.8293],[26.11761,60.83274],[26.1674,60.81892],[26.202,60.80186],[26.20836,60.75799],[26.22921,60.74784],[26.25315,60.7481],[26.2537,60.76101],[26.27098,60.76035],[26.27753,60.75395],[26.30013,60.74921],[26.30508,60.75334],[26.37442,60.76111],[26.36839,60.76878],[26.39689,60.77941],[26.37886,60.80554],[26.42879,60.81633],[26.45276,60.81662],[26.51139,60.84062],[26.45999,60.87355],[26.46381,60.87724],[26.49103,60.87345],[26.53862,60.87186],[26.54497,60.88382],[26.5354,60.93763],[26.49545,60.99065],[26.50436,61.0098],[26.46021,61.01422],[26.42305,61.01206],[26.40495,61.01632],[26.38634,61.02775],[26.37535,61.02805],[26.3551,61.02257],[26.34619,61.00047],[26.32209,61.00431],[26.30528,61.00351],[26.28572,61.0129],[26.26581,61.01166],[26.24909,61.03993],[26.26732,61.06983],[26.31097,61.10665],[26.2565,61.10534],[26.25522,61.11219],[26.23445,61.13]]]},"properties":{"kunta":"142"}},{"type":"Feature","geometry":{"type":"Polygon","coordinates":[[[23.31084,61.94952],[23.30215,61.94683],[23.31009,61.90176],[23.14941,61.8966],[23.1362,61.91714],[23.11341,61.92116],[23.11996,61.93068],[23.11676,61.93962],[23.06604,61.93978],[23.04821,61.9288],[23.02047,61.90405],[23.00262,61.91237],[22.96467,61.913],[22.95178,61.97159],[22.90824,61.96489],[22.86235,61.95254],[22.84975,61.95553],[22.81375,61.95806],[22.81818,61.94062],[22.80378,61.93222],[22.73873,61.91064],[22.73482,61.8898],[22.78206,61.88066],[22.78819,61.87063],[22.73674,61.85999],[22.74737,61.84853],[22.76686,61.85463],[22.79184,61.83434],[22.82842,61.81522],[22.80224,61.76784],[22.78637,61.75534],[22.7766,61.75234],[22.75896,61.7569],[22.72854,61.74975],[22.7334,61.74274],[22.71898,61.73639],[22.6937,61.73777],[22.67944,61.72577],[22.69101,61.70255],[22.71405,61.72385],[22.75382,61.69759],[22.77811,61.69278],[22.82407,61.67514],[22.83756,61.69371],[22.85972,61.68908],[22.9108,61.702],[22.97263,61.70085],[23.0334,61.68724],[23.03037,61.69959],[23.08429,61.70988],[23.10906,61.73091],[23.11864,61.72244],[23.14887,61.72889],[23.18394,61.71807],[23.18776,61.73161],[23.19594,61.73719],[23.21026,61.7344],[23.23792,61.74326],[23.24448,61.75238],[23.25909,61.75755],[23.30424,61.7445],[23.35128,61.76025],[23.34284,61.76509],[23.31887,61.76815],[23.33523,61.78462],[23.3603,61.77349],[23.37064,61.78786],[23.41476,61.80634],[23.41802,61.8112],[23.44635,61.81038],[23.45787,61.8169],[23.51246,61.81238],[23.59388,61.81935],[23.59216,61.856],[23.52218,61.85336],[23.51321,61.86346],[23.4972,61.86462],[23.44838,61.87359],[23.45752,61.88114],[23.44763,61.91466],[23.36401,61.93134],[23.31084,61.94952]]]},"properties":{"kunta":"143"}},{"type":"Feature","geometry":{"type":"Polygon","coordinates":[[[22.85767,62.6342],[22.87257,62.63526],[22.83464,62.65237],[22.86222,62.65383],[22.85208,62.66136],[22.8516,62.67934],[22.87752,62.68199],[22.83093,62.71834],[22.7366,62.75991],[22.687,62.7752],[22.71426,62.7886],[22.70457,62.79743],[22.70653,62.81112],[22.75758,62.84498],[22.74547,62.85264],[22.74637,62.86501],[22.73695,62.8713],[22.69367,62.87591],[22.59911,62.84429],[22.41119,62.80397],[22.36053,62.8032],[22.30262,62.79511],[22.27387,62.79114],[22.20068,62.75157],[22.16718,62.73383],[22.15015,62.71958],[22.30566,62.68797],[22.31632,62.69235],[22.39249,62.67929],[22.43403,62.66568],[22.50834,62.63],[22.53515,62.62719],[22.54677,62.62908],[22.5692,62.61935],[22.58467,62.62684],[22.60969,62.62893],[22.63745,62.61827],[22.6235,62.60299],[22.66478,62.60337],[22.68162,62.59712],[22.68933,62.60632],[22.66023,62.61994],[22.65653,62.62987],[22.6946,62.61215],[22.70946,62.62375],[22.85767,62.6342]]]},"properties":{"kunta":"145"}},{"type":"Feature","geometry":{"type":"MultiPolygon","coordinates":[[[[21.0664,62.74298],[21.05045,62.74174],[21.04984,62.71684],[21.06032,62.70638],[21.07341,62.70603],[21.08392,62.71801],[21.09519,62.7232],[21.08697,62.72842],[21.0818,62.74154],[21.0664,62.74298]]],[[[21.19091,62.86558],[21.16822,62.8671],[21.12984,62.86106],[21.13067,62.85033],[21.10454,62.84648],[21.10806,62.84208],[21.09841,62.83148],[21.12462,62.83357],[21.15709,62.8297],[21.18199,62.83219],[21.2211,62.83942],[21.22879,62.85389],[21.22548,62.85836],[21.19091,62.86558]]],[[[21.31205,62.88777],[21.28946,62.8922],[21.26787,62.89283],[21.25813,62.87289],[21.2451,62.86566],[21.24825,62.83522],[21.21463,62.82006],[21.20542,62.81204],[21.20426,62.80279],[21.18643,62.80539],[21.17782,62.81584],[21.13915,62.81022],[21.12407,62.78222],[21.13738,62.75942],[21.15238,62.74714],[21.16931,62.75179],[21.17998,62.75027],[21.17411,62.73957],[21.17574,62.73095],[21.16838,62.72356],[21.14627,62.71602],[21.1485,62.70585],[21.14149,62.70207],[21.11043,62.69536],[21.08709,62.69841],[21.08122,62.68415],[21.1641,62.69061],[21.21299,62.68521],[21.21401,62.67163],[21.22389,62.67237],[21.25683,62.68333],[21.27484,62.67644],[21.28579,62.66848],[21.29656,62.66904],[21.31144,62.68007],[21.32927,62.68667],[21.32793,62.71136],[21.33867,62.72074],[21.35076,62.71694],[21.37881,62.7286],[21.34619,62.73933],[21.37589,62.74859],[21.37441,62.75787],[21.37232,62.76726],[21.3454,62.78002],[21.3025,62.81003],[21.33202,62.83159],[21.33474,62.84161],[21.34826,62.841],[21.359,62.82068],[21.3716,62.83587],[21.32673,62.87719],[21.31205,62.88777]]],[[[21.23917,62.90757],[21.22653,62.91604],[21.21716,62.91166],[21.228,62.90126],[21.23917,62.90757]]],[[[21.23975,62.86632],[21.24043,62.88201],[21.23228,62.89503],[21.20837,62.91187],[21.19816,62.92976],[21.19012,62.93229],[21.16928,62.91975],[21.17269,62.9085],[21.20729,62.88917],[21.20206,62.87909],[21.23975,62.86632]]]]},"properties":{"kunta":"280"}},{"type":"Feature","geometry":{"type":"Polygon","coordinates":[[[23.20777,60.5857],[23.2577,60.62787],[23.22048,60.64348],[23.24317,60.67637],[23.21766,60.68161],[23.18835,60.73712],[23.15462,60.77417],[23.1009,60.74176],[23.09676,60.73151],[23.03171,60.69881],[22.96524,60.71086],[22.95861,60.70501],[23.00382,60.67398],[23.02667,60.64066],[23.01802,60.63332],[23.10072,60.57353],[23.11173,60.57716],[23.16089,60.5812],[23.19071,60.57116],[23.20777,60.5857]]]},"properties":{"kunta":"284"}},{"type":"Feature","geometry":{"type":"MultiPolygon","coordinates":[[[[27.04717,60.4014],[27.02293,60.41009],[27.01235,60.40741],[27.01989,60.39377],[27.03814,60.37455],[27.05345,60.37174],[27.06543,60.37461],[27.07034,60.39813],[27.06203,60.40442],[27.04717,60.4014]]],[[[27.02973,60.44465],[27.0369,60.45125],[27.02716,60.45496],[27.00997,60.45215],[27.00597,60.44256],[26.98888,60.43281],[27.00708,60.41522],[27.02986,60.42581],[27.02973,60.44465]]],[[[26.88343,60.46331],[26.86567,60.46226],[26.87086,60.45066],[26.84374,60.44787],[26.8505,60.44076],[26.88632,60.43281],[26.88619,60.42574],[26.90658,60.41683],[26.91887,60.42068],[26.92846,60.42925],[26.91656,60.43934],[26.91932,60.44563],[26.89752,60.45233],[26.88343,60.46331]]],[[[26.94363,60.44711],[26.96281,60.46637],[26.94898,60.47441],[26.94157,60.46975],[26.92025,60.46494],[26.9288,60.45135],[26.94363,60.44711]]],[[[26.92214,60.64855],[26.8821,60.63635],[26.82864,60.64021],[26.82673,60.64861],[26.7954,60.66861],[26.77215,60.67558],[26.75047,60.67271],[26.75575,60.66637],[26.74113,60.65627],[26.75413,60.65142],[26.75982,60.63692],[26.75478,60.62614],[26.78156,60.61845],[26.78669,60.60452],[26.77712,60.5829],[26.76558,60.57637],[26.75388,60.57571],[26.7492,60.57469],[26.83968,60.47486],[26.8413,60.46252],[26.84552,60.47328],[26.85606,60.47769],[26.87141,60.47095],[26.88661,60.47493],[26.88818,60.48208],[26.9164,60.46831],[26.93056,60.46868],[26.95477,60.48599],[26.9826,60.49179],[26.98857,60.49876],[26.97601,60.50819],[26.98051,60.51234],[27.01192,60.50913],[27.0224,60.51801],[27.01308,60.53692],[27.00645,60.5402],[27.00788,60.55452],[27.02089,60.5637],[27.0285,60.60451],[26.92214,60.64855]]]]},"properties":{"kunta":"285"}},{"type":"Feature","geometry":{"type":"Polygon","coordinates":[[[31.09352,62.41661],[31.13814,62.44217],[31.16275,62.44606],[31.16504,62.46255],[31.17333,62.4819],[31.18489,62.49378],[31.22162,62.49857],[31.34517,62.64009],[31.37329,62.64981],[31.37628,62.66946],[31.38526,62.67505],[31.38033,62.68993],[31.43921,62.78488],[31.46667,62.78394],[31.45564,62.79677],[31.53967,62.86695],[31.5867,62.90871],[31.56377,62.92731],[31.50214,62.99625],[31.44877,63.00606],[31.46298,63.02425],[31.42501,63.04326],[31.41086,63.04197],[31.38735,63.04933],[31.37804,63.06251],[31.36088,63.07224],[31.29357,63.09406],[31.27213,63.10763],[31.26538,63.11518],[31.25543,63.14183],[31.25485,63.17865],[31.24393,63.18299],[31.23824,63.19513],[31.06151,63.18174],[30.9647,63.16731],[30.90825,63.13236],[30.67625,63.09001],[30.63326,63.09199],[30.58899,63.0793],[30.4847,63.02362],[30.36139,62.9984],[30.3722,62.98113],[30.43344,62.94537],[30.43618,62.91756],[30.44935,62.90314],[30.465,62.90011],[30.47566,62.84667],[30.48814,62.84511],[30.50086,62.83183],[30.51986,62.82744],[30.52294,62.81126],[30.5462,62.79381],[30.55927,62.76992],[30.54856,62.76196],[30.55386,62.74586],[30.54175,62.72949],[30.51112,62.70753],[30.51812,62.69139],[30.54979,62.6865],[30.58229,62.68689],[30.5931,62.66359],[30.66958,62.63977],[30.71411,62.6178],[30.69572,62.59987],[30.70224,62.59215],[30.75196,62.56678],[30.75539,62.56081],[30.81036,62.54709],[30.84106,62.55454],[30.86347,62.54413],[30.86616,62.52554],[30.92037,62.47812],[30.93742,62.48821],[31.00047,62.45923],[30.99207,62.44935],[30.97604,62.44953],[30.93807,62.44538],[30.93657,62.41305],[30.95546,62.38495],[31.09352,62.41661]]]},"properties":{"kunta":"146"}},{"type":"Feature","geometry":{"type":"Polygon","coordinates":[[[28.47898,68.46619],[28.43393,68.53967],[28.70641,68.73224],[28.80079,68.86928],[28.66128,68.88642],[28.46802,68.88543],[28.41579,68.91545],[28.49579,68.93012],[28.9293,69.05192],[28.85458,69.07664],[28.80543,69.11116],[28.83031,69.1719],[28.83154,69.22436],[29.21934,69.39764],[29.3365,69.47832],[29.17053,69.63904],[29.1339,69.69534],[28.917,69.72976],[28.40423,69.81842],[28.33048,69.84919],[28.07873,69.65834],[27.88678,69.56532],[27.31545,69.48597],[27.23739,69.45411],[25.73837,69.14758],[25.74309,69.13725],[25.72013,69.10973],[25.7305,69.10551],[25.72388,69.08003],[25.75275,69.05732],[25.74459,69.04397],[25.75431,69.0304],[25.77061,69.02771],[25.77563,69.01438],[25.73022,68.99384],[25.71305,68.98118],[25.71361,68.96687],[25.69432,68.95278],[25.69168,68.94536],[25.65713,68.91681],[25.65373,68.9061],[25.62664,68.89738],[25.62683,68.89269],[25.58814,68.88326],[25.53054,68.88804],[25.49244,68.90391],[25.4748,68.90452],[25.43094,68.89387],[25.40882,68.89259],[25.40108,68.8866],[25.26831,68.85088],[25.24329,68.84142],[25.22939,68.82479],[25.20805,68.81809],[25.1969,68.80973],[25.15917,68.8003],[25.1422,68.78723],[25.13462,68.76198],[25.12572,68.75645],[25.12272,68.72518],[25.12899,68.71742],[25.11581,68.70707],[25.10822,68.6806],[25.11418,68.66807],[25.11502,68.63872],[25.0912,68.63561],[25.07965,68.62386],[25.06545,68.62072],[25.04838,68.62665],[25.0211,68.62365],[25.00965,68.61461],[24.98996,68.61273],[24.98002,68.61735],[24.95789,68.61633],[24.91692,68.60525],[24.90676,68.58201],[24.90317,68.55459],[25.0272,68.39529],[25.52475,68.31084],[25.97562,68.27757],[26.19527,68.3142],[27.50213,68.34361],[28.26424,68.46165],[28.28037,68.44941],[28.29825,68.44629],[28.36877,68.44786],[28.38124,68.4514],[28.43638,68.45516],[28.47898,68.46619]]]},"properties":{"kunta":"148"}},{"type":"Feature","geometry":{"type":"MultiPolygon","coordinates":[[[[23.95029,59.94006],[23.93137,59.93595],[23.93361,59.93125],[23.95481,59.93403],[23.95029,59.94006]]],[[[23.81993,59.93285],[23.83866,59.94162],[23.81943,59.94273],[23.81993,59.93285]]],[[[23.9356,59.97146],[23.90181,59.98065],[23.87456,59.97508],[23.84771,59.95775],[23.88298,59.94704],[23.89522,59.95252],[23.91976,59.9485],[23.93107,59.95452],[23.9356,59.97146]]],[[[23.94068,59.98876],[23.90623,59.98551],[23.90488,59.9812],[23.94588,59.9712],[23.97645,59.97019],[23.97102,59.977],[23.98568,59.98564],[23.96949,59.9876],[23.95621,59.98505],[23.94068,59.98876]]],[[[23.8671,59.99125],[23.85224,59.99023],[23.83946,59.97717],[23.83635,59.966],[23.82547,59.96055],[23.82495,59.94828],[23.86065,59.97125],[23.87228,59.97475],[23.8921,59.9893],[23.8671,59.99125]]],[[[23.97864,59.99613],[23.97919,60.00189],[23.96318,60.00404],[23.9596,59.99773],[23.97864,59.99613]]],[[[23.93599,60.0068],[23.89879,60.01161],[23.87918,59.99936],[23.88557,59.99542],[23.93462,59.998],[23.93599,60.0068]]],[[[23.9864,60.01955],[23.97384,60.01239],[23.98341,60.00774],[23.99979,60.0065],[24.00118,60.01829],[23.9864,60.01955]]],[[[24.2796,60.05783],[24.26524,60.06314],[24.25685,60.08029],[24.22702,60.10014],[24.22897,60.11056],[24.20171,60.12828],[24.1741,60.13056],[24.13623,60.1114],[24.13159,60.13073],[24.09899,60.14274],[24.04581,60.15012],[24.0273,60.13668],[24.00274,60.13251],[23.98083,60.13389],[23.94238,60.12949],[23.91525,60.12877],[23.86513,60.13709],[23.81502,60.12441],[23.82208,60.09682],[23.83008,60.0837],[23.84078,60.0798],[23.84185,60.06832],[23.87455,60.04769],[23.77434,60.04484],[23.75871,60.03862],[23.75266,60.0266],[23.75765,60.00615],[23.77266,60.0003],[23.79114,60.00152],[23.83367,59.98316],[23.83278,59.9914],[23.85644,60.00463],[23.86718,60.00204],[23.88419,60.00647],[23.87987,60.01608],[23.90064,60.01917],[23.91056,60.01638],[23.96274,60.01176],[23.97561,60.02228],[23.99806,60.0302],[23.99906,60.03867],[24.01399,60.04649],[24.02926,60.04533],[24.01979,60.03664],[24.02817,60.02702],[24.05174,60.02358],[24.08604,60.02555],[24.08727,60.03324],[24.11052,60.03006],[24.13542,60.03782],[24.14706,60.03662],[24.14868,60.02926],[24.17768,60.0253],[24.20451,60.03137],[24.1899,60.04129],[24.16853,60.04972],[24.17418,60.05877],[24.20961,60.05753],[24.21233,60.04749],[24.23088,60.04898],[24.24357,60.04306],[24.26114,60.04411],[24.26618,60.05259],[24.2796,60.05783]]]]},"properties":{"kunta":"149"}},{"type":"Feature","geometry":{"type":"Polygon","coordinates":[[[21.93898,62.26043],[21.92129,62.25803],[21.87828,62.29751],[21.83183,62.28439],[21.82579,62.23168],[21.76751,62.22268],[21.71079,62.21753],[21.71077,62.21277],[21.66697,62.18651],[21.70437,62.16671],[21.69571,62.14379],[21.67973,62.1382],[21.6417,62.14944],[21.643,62.11175],[21.62546,62.0993],[21.65084,62.05929],[21.62892,62.0403],[21.64785,62.01959],[21.70256,62.02093],[21.74941,62.01586],[21.97469,61.97976],[22.1084,62.03185],[22.19872,62.10334],[22.17534,62.15241],[21.94996,62.25037],[21.93898,62.26043]]]},"properties":{"kunta":"151"}},{"type":"Feature","geometry":{"type":"Polygon","coordinates":[[[22.63165,63.10192],[22.48555,63.10007],[22.3112,63.05611],[22.24232,63.06373],[22.19494,63.0316],[22.17291,63.01935],[22.16539,63.01875],[22.15362,63.0035],[22.16366,62.97623],[22.14397,62.96311],[22.15686,62.9506],[22.20069,62.92512],[22.23109,62.88167],[22.249,62.88001],[22.25808,62.84469],[22.26588,62.83609],[22.26531,62.82148],[22.28956,62.79882],[22.27387,62.79114],[22.30262,62.79511],[22.35073,62.84095],[22.409,62.86436],[22.3899,62.89546],[22.4248,62.9403],[22.41736,62.95216],[22.47011,62.98563],[22.469,63.00591],[22.522,63.04948],[22.53385,63.04246],[22.55869,63.05064],[22.53282,63.06474],[22.59478,63.0843],[22.61167,63.07407],[22.67623,63.08386],[22.66679,63.0868],[22.61148,63.08696],[22.60907,63.0932],[22.62759,63.09494],[22.63165,63.10192]]]},"properties":{"kunta":"152"}},{"type":"Feature","geometry":{"type":"Polygon","coordinates":[[[29.02197,61.18849],[28.92728,61.22759],[28.92691,61.23874],[28.91479,61.24276],[28.92131,61.25383],[28.91888,61.27574],[28.90447,61.28012],[28.8591,61.27536],[28.84564,61.27763],[28.83634,61.27026],[28.85192,61.25592],[28.84891,61.24979],[28.82238,61.23429],[28.81147,61.24029],[28.76366,61.23752],[28.7456,61.24298],[28.70607,61.22929],[28.70168,61.23156],[28.66857,61.22133],[28.7055,61.21198],[28.69715,61.20777],[28.73011,61.19213],[28.71868,61.18667],[28.73538,61.17823],[28.73704,61.15835],[28.74529,61.14372],[28.73477,61.10065],[28.77665,61.07925],[28.80739,61.09601],[28.8191,61.12158],[28.87279,61.13554],[28.88353,61.14233],[28.91495,61.14334],[28.95686,61.15155],[28.98567,61.17381],[29.02197,61.18849]]]},"properties":{"kunta":"153"}},{"type":"Feature","geometry":{"type":"Polygon","coordinates":[[[24.98039,60.90755],[24.96966,60.92905],[24.96785,60.95115],[24.9429,60.96272],[24.91038,60.96485],[24.89071,60.97321],[24.87627,60.98586],[24.88018,60.98911],[24.85574,61.00885],[24.80438,61.01872],[24.73223,61.02633],[24.71535,61.03179],[24.63313,61.02859],[24.66257,61.00636],[24.60448,60.99441],[24.60518,60.98267],[24.58951,60.97392],[24.59867,60.96699],[24.57137,60.95383],[24.546,60.95723],[24.54099,60.94632],[24.55726,60.93947],[24.51789,60.93686],[24.3987,60.90284],[24.43639,60.88599],[24.43062,60.86949],[24.46244,60.8536],[24.47991,60.81024],[24.43139,60.78407],[24.42296,60.77121],[24.43939,60.77],[24.43593,60.76001],[24.49084,60.74457],[24.5042,60.75382],[24.52149,60.74773],[24.55817,60.76425],[24.62334,60.75588],[24.62262,60.77967],[24.65305,60.76777],[24.67011,60.77309],[24.69095,60.75149],[24.74932,60.7583],[24.71461,60.79646],[24.73331,60.83547],[24.78521,60.83911],[24.80906,60.85485],[24.80933,60.86876],[24.84577,60.86591],[24.85249,60.85354],[24.87794,60.84692],[24.89331,60.83786],[24.94116,60.84663],[24.95181,60.86584],[24.93502,60.89038],[24.96505,60.88625],[24.96409,60.89165],[24.99297,60.89984],[24.98039,60.90755]]]},"properties":{"kunta":"165"}},{"type":"Feature","geometry":{"type":"Polygon","coordinates":[[[30.36139,62.9984],[30.32653,63.01672],[30.2859,63.02572],[30.26602,63.03936],[30.23943,63.04244],[30.1826,63.04438],[30.14026,63.03238],[30.04139,63.04742],[30.02665,63.04665],[30.02025,63.03479],[30.00318,63.03523],[29.98365,63.04576],[29.95799,63.03479],[29.95997,63.01955],[29.9683,62.95176],[29.95403,62.88571],[29.94807,62.88396],[30.02351,62.81475],[30.03812,62.77979],[30.08987,62.74929],[30.14312,62.73402],[30.18282,62.72514],[30.193,62.72606],[30.21054,62.69975],[30.28406,62.65905],[30.28003,62.64102],[30.288,62.63256],[30.28052,62.62933],[30.25712,62.6408],[30.23337,62.62525],[30.21036,62.62138],[30.19893,62.6131],[30.21071,62.60682],[30.20112,62.59374],[30.1109,62.60866],[29.99932,62.58074],[29.99606,62.57695],[29.96092,62.56789],[29.94309,62.56624],[29.94133,62.57547],[29.93116,62.57722],[29.90834,62.57363],[29.90316,62.58132],[29.92551,62.59291],[29.9278,62.60111],[29.90065,62.62815],[29.7485,62.63195],[29.6661,62.64157],[29.63721,62.65453],[29.61309,62.65018],[29.63678,62.64344],[29.63832,62.61116],[29.75105,62.52136],[29.76267,62.45844],[29.76322,62.40744],[29.8305,62.40437],[29.84488,62.39657],[29.8578,62.38283],[29.89049,62.37327],[29.94504,62.36761],[29.94964,62.37025],[29.96936,62.37511],[29.97378,62.38031],[30.03847,62.3882],[30.07105,62.39979],[30.12125,62.3882],[30.16106,62.39397],[30.17157,62.40172],[30.19044,62.39285],[30.20813,62.40146],[30.21197,62.41249],[30.24073,62.41635],[30.27701,62.35],[30.31675,62.35828],[30.32643,62.3647],[30.37682,62.35618],[30.40714,62.33718],[30.51363,62.35405],[30.55557,62.35682],[30.56999,62.37257],[30.61259,62.35905],[30.61996,62.34871],[30.66611,62.35469],[30.68879,62.32419],[30.72297,62.32961],[30.78918,62.2508],[30.80869,62.26102],[30.81081,62.27067],[30.83411,62.27551],[30.90419,62.31054],[30.94321,62.30585],[30.95487,62.31258],[30.96208,62.32772],[30.94273,62.33321],[31.09352,62.41661],[30.95546,62.38495],[30.93657,62.41305],[30.93807,62.44538],[30.97604,62.44953],[30.99207,62.44935],[31.00047,62.45923],[30.93742,62.48821],[30.92037,62.47812],[30.86616,62.52554],[30.86347,62.54413],[30.84106,62.55454],[30.81036,62.54709],[30.75539,62.56081],[30.75196,62.56678],[30.70224,62.59215],[30.69572,62.59987],[30.71411,62.6178],[30.66958,62.63977],[30.5931,62.66359],[30.58229,62.68689],[30.54979,62.6865],[30.51812,62.69139],[30.51112,62.70753],[30.54175,62.72949],[30.55386,62.74586],[30.54856,62.76196],[30.55927,62.76992],[30.5462,62.79381],[30.52294,62.81126],[30.51986,62.82744],[30.50086,62.83183],[30.48814,62.84511],[30.47566,62.84667],[30.465,62.90011],[30.44935,62.90314],[30.43618,62.91756],[30.43344,62.94537],[30.3722,62.98113],[30.36139,62.9984]]]},"properties":{"kunta":"167"}},{"type":"Feature","geometry":{"type":"Polygon","coordinates":[[[23.55046,60.78893],[23.55882,60.80235],[23.55291,60.82822],[23.56467,60.83103],[23.54389,60.87255],[23.55616,60.89376],[23.54713,60.92511],[23.53124,60.9278],[23.52168,60.93877],[23.50075,60.94762],[23.44362,60.91028],[23.43961,60.90141],[23.42518,60.8981],[23.43002,60.87815],[23.42194,60.87108],[23.3987,60.87824],[23.38592,60.87296],[23.36241,60.87036],[23.27633,60.88218],[23.32646,60.85966],[23.35823,60.81723],[23.37215,60.81412],[23.36176,60.79096],[23.39004,60.78205],[23.40862,60.73977],[23.45438,60.74872],[23.50214,60.74399],[23.50734,60.76114],[23.52871,60.76947],[23.53525,60.78392],[23.55046,60.78893]]]},"properties":{"kunta":"169"}},{"type":"Feature","geometry":{"type":"Polygon","coordinates":[[[26.33167,62.03679],[26.29196,62.04322],[26.24825,62.03781],[26.16331,62.03848],[26.1161,61.9966],[26.09934,62.0109],[26.09103,62.01089],[26.07376,62.02639],[26.07449,62.03074],[26.02777,62.03587],[25.97646,62.03583],[25.97501,62.0249],[25.95145,61.99747],[25.96528,61.97978],[25.97439,61.97777],[25.98487,61.96577],[25.92923,61.93541],[25.8888,61.90725],[25.85008,61.89064],[25.89519,61.87436],[25.92128,61.85846],[25.89349,61.83178],[25.86837,61.82189],[25.86419,61.81107],[25.84496,61.80141],[25.88332,61.79462],[25.85846,61.76208],[25.90752,61.76507],[25.92164,61.78735],[25.94749,61.77132],[25.98385,61.7596],[25.98031,61.74717],[25.9976,61.72895],[26.01574,61.72049],[26.04549,61.72569],[26.05247,61.73834],[26.06726,61.72547],[26.06641,61.71877],[26.08106,61.70974],[26.0844,61.68907],[26.07038,61.67242],[26.10516,61.64455],[26.12836,61.6378],[26.13834,61.62985],[26.13759,61.61953],[26.16097,61.61605],[26.19181,61.65003],[26.22615,61.6417],[26.2671,61.64174],[26.28308,61.6567],[26.30028,61.6538],[26.31441,61.63972],[26.29946,61.62738],[26.31504,61.60845],[26.3379,61.6126],[26.35479,61.62193],[26.34888,61.63441],[26.3787,61.64949],[26.37719,61.65781],[26.41917,61.65054],[26.44531,61.64026],[26.51546,61.62706],[26.5213,61.63926],[26.52607,61.66391],[26.52482,61.67547],[26.53375,61.69133],[26.52709,61.70458],[26.48422,61.75068],[26.42578,61.79629],[26.39806,61.80414],[26.36718,61.80787],[26.37667,61.81362],[26.37399,61.82797],[26.37735,61.84606],[26.3891,61.85415],[26.37107,61.87047],[26.37809,61.88307],[26.35237,61.88543],[26.32429,61.88003],[26.343,61.90073],[26.34093,61.9261],[26.33175,61.93055],[26.33421,61.95077],[26.41459,61.97289],[26.33167,62.03679]]]},"properties":{"kunta":"172"}},{"type":"Feature","geometry":{"type":"Polygon","coordinates":[[[29.46729,63.34785],[29.33151,63.36108],[29.18307,63.44414],[29.14878,63.43485],[29.10681,63.44972],[29.0655,63.43913],[29.03567,63.44058],[29.00013,63.43536],[28.82121,63.39446],[28.83105,63.37515],[28.82721,63.36555],[28.78111,63.37675],[28.75953,63.38781],[28.73676,63.31136],[28.70677,63.29813],[28.68353,63.28403],[28.70295,63.28427],[28.70714,63.27218],[28.67962,63.26543],[28.64794,63.25013],[28.66148,63.24166],[28.6108,63.20384],[28.65383,63.19685],[28.69802,63.18311],[28.70748,63.17042],[28.76239,63.13672],[28.83133,63.0939],[28.86102,63.05703],[28.90785,63.04734],[28.92568,63.03606],[29.03801,63.01085],[29.06484,62.98657],[29.11225,62.98649],[29.12746,62.99],[29.1487,63.0299],[29.21165,63.03068],[29.2224,63.04285],[29.35517,63.05456],[29.40508,63.07336],[29.38799,63.10045],[29.41611,63.10699],[29.4592,63.08061],[29.47168,63.07859],[29.49441,63.0649],[29.50527,63.05452],[29.52672,63.00896],[29.55257,62.98784],[29.60567,62.96849],[29.61727,62.98138],[29.73781,63.00553],[29.79399,63.04504],[29.78716,63.0515],[29.75456,63.05662],[29.72126,63.08213],[29.71425,63.10619],[29.69555,63.11686],[29.70135,63.12448],[29.64111,63.15515],[29.65441,63.16703],[29.66295,63.18574],[29.65055,63.19888],[29.61978,63.20293],[29.61139,63.21279],[29.62927,63.24398],[29.5679,63.25369],[29.57456,63.26812],[29.53953,63.30528],[29.57495,63.32539],[29.53167,63.33863],[29.49667,63.33603],[29.46729,63.34785]]]},"properties":{"kunta":"176"}},{"type":"Feature","geometry":{"type":"Polygon","coordinates":[[[19.95801,60.11448],[19.97114,60.11396],[19.98094,60.10417],[19.98114,60.09257],[20.0038,60.10433],[20.03571,60.10129],[20.04603,60.10807],[20.05092,60.12032],[20.03873,60.12852],[20.02485,60.12586],[20.01928,60.13501],[20.01881,60.14932],[20.03313,60.14928],[20.0402,60.15977],[20.03378,60.17717],[20.0445,60.18824],[20.03576,60.19308],[20.01224,60.18725],[20.00543,60.17746],[19.99308,60.18233],[19.98656,60.1906],[19.9766,60.19151],[19.95642,60.20205],[19.93245,60.20388],[19.92799,60.21017],[19.90898,60.20508],[19.89809,60.19724],[19.8933,60.18654],[19.86363,60.19],[19.84118,60.18767],[19.84509,60.17344],[19.80035,60.17004],[19.81283,60.14923],[19.76608,60.14175],[19.73245,60.12982],[19.72774,60.12463],[19.73492,60.11298],[19.75379,60.09961],[19.75585,60.09246],[19.76865,60.09063],[19.78525,60.10664],[19.80328,60.11089],[19.81462,60.09209],[19.85328,60.0962],[19.86305,60.09043],[19.87869,60.09918],[19.89359,60.09054],[19.91581,60.09268],[19.91888,60.11694],[19.91967,60.1236],[19.96021,60.12899],[19.95801,60.11448]]]},"properties":{"kunta":"170"}},{"type":"Feature","geometry":{"type":"Polygon","coordinates":[[[27.75796,62.36739],[27.69191,62.37476],[27.67546,62.35215],[27.69296,62.33303],[27.64773,62.32056],[27.62681,62.30467],[27.63189,62.28296],[27.60589,62.27848],[27.5881,62.29041],[27.55628,62.27715],[27.54957,62.28327],[27.51868,62.28759],[27.51115,62.28008],[27.49372,62.27479],[27.5575,62.23707],[27.56356,62.22938],[27.53273,62.22687],[27.50973,62.23526],[27.50145,62.23377],[27.53361,62.19711],[27.54598,62.19003],[27.54789,62.17196],[27.56616,62.14764],[27.58278,62.15458],[27.60157,62.15707],[27.63093,62.15021],[27.61832,62.1435],[27.63415,62.1337],[27.63915,62.12384],[27.62457,62.11569],[27.64099,62.10754],[27.6252,62.10286],[27.64583,62.08801],[27.6141,62.07633],[27.62567,62.06795],[27.63897,62.06433],[27.61578,62.05055],[27.65747,62.02972],[27.65308,62.02777],[27.69986,62.00855],[27.76883,62.00166],[27.79361,61.98776],[27.85134,62.01434],[27.87185,62.00646],[27.88634,62.01493],[27.86132,62.0391],[27.90984,62.04842],[27.9341,62.05054],[27.94472,62.05863],[27.93497,62.06603],[27.92698,62.08235],[27.94674,62.08815],[27.95939,62.084],[27.96734,62.0743],[27.99866,62.06148],[28.0074,62.06807],[27.9895,62.07542],[27.99859,62.08607],[27.97419,62.10069],[27.98249,62.1053],[28.01466,62.09742],[28.01792,62.10316],[28.04178,62.11305],[28.08009,62.11644],[28.02685,62.17038],[28.03085,62.19048],[28.02697,62.2053],[28.08824,62.20668],[28.09206,62.20881],[28.06883,62.23002],[28.04892,62.23529],[28.04276,62.23186],[28.01384,62.23942],[28.01675,62.24376],[27.93865,62.2675],[27.92229,62.28055],[27.89187,62.29002],[27.88683,62.2762],[27.85797,62.28589],[27.84314,62.27646],[27.83306,62.2782],[27.81902,62.28804],[27.81928,62.2931],[27.78795,62.31171],[27.74777,62.32485],[27.74037,62.32313],[27.73464,62.34149],[27.77044,62.35951],[27.75796,62.36739]]]},"properties":{"kunta":"171"}},{"type":"Feature","geometry":{"type":"Polygon","coordinates":[[[27.65308,62.02777],[27.63993,62.03524],[27.62641,62.03085],[27.6008,62.02957],[27.58977,62.03869],[27.46436,62.03486],[27.42317,62.05073],[27.40376,62.06528],[27.37123,62.05642],[27.38946,62.03764],[27.39246,62.00586],[27.39302,61.98182],[27.42092,61.96097],[27.47032,61.93767],[27.43033,61.92138],[27.44049,61.91372],[27.42978,61.90696],[27.41995,61.88956],[27.44058,61.85452],[27.47934,61.83451],[27.48784,61.81563],[27.52513,61.79203],[27.54001,61.79024],[27.55256,61.77632],[27.54071,61.76269],[27.55168,61.75468],[27.57033,61.75272],[27.58593,61.74386],[27.58494,61.73878],[27.60197,61.72377],[27.62492,61.71958],[27.65046,61.69835],[27.66803,61.70415],[27.7274,61.69772],[27.73002,61.69069],[27.77076,61.68103],[27.80961,61.68732],[27.82973,61.67201],[27.8771,61.65309],[27.87628,61.63293],[27.85227,61.62838],[27.87511,61.61528],[27.87435,61.59709],[27.86578,61.58505],[27.8946,61.55932],[27.90038,61.5456],[27.93817,61.55283],[27.94396,61.56078],[27.93801,61.57513],[27.94242,61.59687],[27.96934,61.60456],[27.99382,61.60562],[27.99052,61.61946],[27.96702,61.63529],[27.97028,61.65565],[27.99632,61.65139],[28.0297,61.65345],[28.04518,61.64651],[28.03928,61.63573],[28.06227,61.62763],[28.08258,61.63555],[28.10674,61.61617],[28.12044,61.61892],[28.13328,61.64919],[28.11085,61.65711],[28.12416,61.66787],[28.11559,61.67712],[28.17606,61.71694],[28.16937,61.72406],[28.14141,61.72203],[28.12421,61.72446],[28.09972,61.74488],[28.14399,61.75378],[28.15157,61.74473],[28.1748,61.73975],[28.17147,61.75476],[28.18796,61.76301],[28.12407,61.80442],[28.09923,61.81222],[28.10198,61.83121],[28.13707,61.84458],[28.14041,61.86142],[28.16465,61.86473],[28.14675,61.87389],[28.08878,61.88528],[28.10649,61.89792],[28.15693,61.92014],[28.17486,61.91008],[28.18831,61.92632],[28.18194,61.933],[28.19511,61.94531],[28.22165,61.93757],[28.21855,61.94982],[28.22778,61.9577],[28.18291,61.97309],[28.13221,61.97726],[28.10182,61.96221],[28.12121,61.95231],[28.09964,61.94342],[28.03832,61.9579],[28.01594,61.97355],[27.97782,61.97546],[27.95762,61.98066],[27.94061,61.98857],[27.90895,61.99806],[27.90386,61.99526],[27.87185,62.00646],[27.85134,62.01434],[27.79361,61.98776],[27.76883,62.00166],[27.69986,62.00855],[27.65308,62.02777]]]},"properties":{"kunta":"178"}},{"type":"Feature","geometry":{"type":"Polygon","coordinates":[[[26.04862,62.18128],[26.01845,62.22396],[26.02642,62.23171],[26.05135,62.23707],[26.04544,62.26108],[26.05099,62.26759],[25.99643,62.27953],[25.96205,62.29865],[25.93685,62.27141],[25.92172,62.27981],[25.89369,62.28097],[25.87878,62.27268],[25.88111,62.29255],[25.85001,62.28745],[25.85568,62.29589],[25.8167,62.3056],[25.82893,62.33403],[25.84608,62.34937],[25.84231,62.36847],[25.81878,62.38108],[25.78619,62.38995],[25.74409,62.37961],[25.69587,62.39748],[25.67553,62.4102],[25.65834,62.41243],[25.6463,62.42039],[25.617,62.42661],[25.57913,62.42875],[25.54969,62.403],[25.50491,62.3782],[25.49595,62.38367],[25.48985,62.39762],[25.40785,62.39007],[25.40511,62.39841],[25.36141,62.39564],[25.3666,62.38384],[25.32455,62.37706],[25.31231,62.3923],[25.28541,62.38918],[25.30246,62.36539],[25.36955,62.37762],[25.38033,62.37198],[25.44212,62.3571],[25.4443,62.3452],[25.48907,62.34711],[25.45799,62.3092],[25.41326,62.26639],[25.42335,62.24479],[25.38488,62.24364],[25.33497,62.23311],[25.34792,62.19746],[25.33235,62.18158],[25.28521,62.15236],[25.31426,62.12318],[25.34769,62.10979],[25.31257,62.08826],[25.31673,62.082],[25.28255,62.07072],[25.26078,62.04835],[25.33661,62.04192],[25.34328,62.01641],[25.37119,62.00598],[25.32406,61.98772],[25.33023,61.97812],[25.34568,61.97473],[25.33561,61.95083],[25.35122,61.94629],[25.36614,61.95571],[25.40638,61.93639],[25.40835,61.92975],[25.44261,61.93146],[25.44659,61.91693],[25.59641,61.83952],[25.60632,61.85424],[25.62214,61.85919],[25.66056,61.85903],[25.75164,61.84954],[25.79398,61.89232],[25.85008,61.89064],[25.8888,61.90725],[25.92923,61.93541],[25.98487,61.96577],[25.97439,61.97777],[25.96528,61.97978],[25.95145,61.99747],[25.836,62.04446],[25.77037,62.0491],[25.76799,62.06355],[25.69276,62.0757],[25.66425,62.07458],[25.63357,62.06895],[25.60824,62.07139],[25.53949,62.07174],[25.53361,62.08387],[25.4797,62.08611],[25.50619,62.12112],[25.52047,62.12773],[25.52672,62.13935],[25.53672,62.14079],[25.54184,62.15997],[25.50958,62.15826],[25.50147,62.16603],[25.50114,62.17644],[25.47936,62.18443],[25.48019,62.19304],[25.47175,62.20546],[25.49395,62.23301],[25.52922,62.2307],[25.5708,62.24283],[25.58603,62.22344],[25.58499,62.20021],[25.59041,62.18823],[25.6004,62.1862],[25.66606,62.20306],[25.6698,62.19181],[25.69274,62.17579],[25.73701,62.16893],[25.74755,62.18163],[25.7621,62.17988],[25.79402,62.1524],[25.76349,62.15197],[25.75023,62.14428],[25.7199,62.15205],[25.7047,62.14195],[25.72927,62.13317],[25.73289,62.1075],[25.76223,62.10272],[25.76162,62.09883],[25.79521,62.09444],[25.79535,62.11346],[25.80392,62.1282],[25.82011,62.12748],[25.8522,62.13499],[25.86209,62.13338],[25.91276,62.08995],[25.9609,62.07465],[25.94082,62.13698],[25.97778,62.16967],[26.05045,62.17024],[26.04862,62.18128]]]},"properties":{"kunta":"179"}},{"type":"Feature","geometry":{"type":"Polygon","coordinates":[[[22.73873,61.91064],[22.73076,61.91551],[22.68321,61.92165],[22.66594,61.93067],[22.64664,61.95211],[22.63223,61.94753],[22.63807,61.92896],[22.60143,61.93758],[22.56043,61.92787],[22.51637,61.8977],[22.51866,61.88977],[22.54982,61.8844],[22.56235,61.83989],[22.54424,61.80229],[22.5768,61.79111],[22.67422,61.76741],[22.662,61.74512],[22.69073,61.74072],[22.6937,61.73777],[22.71898,61.73639],[22.7334,61.74274],[22.72854,61.74975],[22.75896,61.7569],[22.7766,61.75234],[22.78637,61.75534],[22.80224,61.76784],[22.82842,61.81522],[22.79184,61.83434],[22.76686,61.85463],[22.74737,61.84853],[22.73674,61.85999],[22.78819,61.87063],[22.78206,61.88066],[22.73482,61.8898],[22.73873,61.91064]]]},"properties":{"kunta":"181"}},{"type":"Feature","geometry":{"type":"Polygon","coordinates":[[[25.28521,62.15236],[25.16529,62.16249],[25.11826,62.16379],[25.0413,62.18535],[24.96881,62.2108],[24.92835,62.19022],[24.82904,62.11253],[24.87791,62.0589],[24.73091,62.02319],[24.68649,62.00296],[24.65438,61.99464],[24.63695,61.99884],[24.62126,61.99253],[24.60105,61.96213],[24.58346,61.95164],[24.55824,61.95148],[24.54294,61.93459],[24.52464,61.90933],[24.55196,61.91227],[24.58019,61.89649],[24.61335,61.88715],[24.66665,61.86299],[24.72985,61.81332],[24.7728,61.8015],[24.78209,61.79148],[24.82071,61.77013],[24.81005,61.76424],[24.81523,61.7543],[24.78348,61.75885],[24.77051,61.76902],[24.74972,61.77617],[24.72465,61.77944],[24.72158,61.76342],[24.74863,61.71911],[24.73595,61.69376],[24.7632,61.68266],[24.76747,61.67589],[24.79137,61.6904],[24.85498,61.67321],[24.81203,61.66002],[24.83374,61.65],[24.87577,61.64459],[24.88823,61.64727],[24.91814,61.63098],[24.96033,61.63065],[24.94895,61.64104],[24.96422,61.6618],[24.95696,61.67145],[24.93074,61.68492],[24.91346,61.70648],[24.95013,61.74389],[24.94386,61.75109],[24.95567,61.75553],[24.96663,61.74481],[24.95911,61.72833],[24.9788,61.72185],[25.0035,61.73126],[24.96068,61.7802],[24.97928,61.78695],[25.15024,61.73905],[25.17963,61.73621],[25.19025,61.72941],[25.21857,61.73673],[25.23558,61.72639],[25.24505,61.72788],[25.26392,61.73921],[25.26518,61.72647],[25.30222,61.7257],[25.3578,61.71965],[25.37284,61.71307],[25.39345,61.72291],[25.4075,61.74038],[25.3961,61.74485],[25.41226,61.75526],[25.53522,61.77956],[25.56503,61.79246],[25.59641,61.83952],[25.44659,61.91693],[25.44261,61.93146],[25.40835,61.92975],[25.40638,61.93639],[25.36614,61.95571],[25.35122,61.94629],[25.33561,61.95083],[25.34568,61.97473],[25.33023,61.97812],[25.32406,61.98772],[25.37119,62.00598],[25.34328,62.01641],[25.33661,62.04192],[25.26078,62.04835],[25.28255,62.07072],[25.31673,62.082],[25.31257,62.08826],[25.34769,62.10979],[25.31426,62.12318],[25.28521,62.15236]]]},"properties":{"kunta":"182"}},{"type":"Feature","geometry":{"type":"Polygon","coordinates":[[[25.1693,60.50623],[25.15077,60.51673],[25.14175,60.50598],[25.118,60.50761],[25.10119,60.51147],[25.07159,60.51354],[25.03853,60.51202],[25.0566,60.48965],[25.04103,60.48229],[25.04066,60.47576],[25.05968,60.46184],[25.04354,60.45752],[25.0505,60.44864],[25.09781,60.44404],[25.12309,60.44743],[25.13211,60.45624],[25.14897,60.46213],[25.1693,60.50623]]]},"properties":{"kunta":"186"}},{"type":"Feature","geometry":{"type":"MultiPolygon","coordinates":[[[[22.51578,60.37951],[22.51158,60.38024],[22.45596,60.37398],[22.44207,60.36741],[22.43785,60.35488],[22.46432,60.35146],[22.48821,60.35658],[22.50177,60.36532],[22.51425,60.36651],[22.51578,60.37951]]],[[[22.46563,60.40813],[22.44001,60.40254],[22.4144,60.40022],[22.38857,60.39521],[22.32224,60.3848],[22.30936,60.37814],[22.32086,60.36933],[22.34502,60.36547],[22.39357,60.37492],[22.43422,60.38045],[22.46785,60.38938],[22.46014,60.39856],[22.47629,60.40147],[22.46563,60.40813]]],[[[22.60648,60.38497],[22.60147,60.40069],[22.58385,60.40417],[22.60006,60.4127],[22.57879,60.49507],[22.56699,60.49485],[22.47697,60.46067],[22.4375,60.45308],[22.39769,60.44707],[22.36528,60.47831],[22.34032,60.47829],[22.33113,60.47111],[22.35112,60.46141],[22.36878,60.44067],[22.363,60.43006],[22.28449,60.4058],[22.28334,60.39756],[22.29409,60.38428],[22.32904,60.38863],[22.36667,60.39503],[22.49593,60.41923],[22.50362,60.41414],[22.47127,60.39155],[22.49668,60.38233],[22.53764,60.38225],[22.55364,60.38537],[22.57314,60.37862],[22.58798,60.37686],[22.60648,60.38497]]]]},"properties":{"kunta":"202"}},{"type":"Feature","geometry":{"type":"Polygon","coordinates":[[[29.06484,62.98657],[29.03801,63.01085],[28.92568,63.03606],[28.90785,63.04734],[28.86102,63.05703],[28.83133,63.0939],[28.76239,63.13672],[28.65684,63.12314],[28.63204,63.1257],[28.54586,63.12433],[28.54659,63.11302],[28.52919,63.10864],[28.46753,63.10532],[28.47813,63.0896],[28.41739,63.07809],[28.39995,63.06519],[28.39794,63.05229],[28.41211,63.05275],[28.43031,63.04388],[28.46503,63.01548],[28.45519,63.00089],[28.44608,62.99777],[28.42031,62.98156],[28.38595,62.96386],[28.41365,62.96444],[28.43132,62.96118],[28.44357,62.94821],[28.47152,62.94189],[28.48093,62.93494],[28.52324,62.92852],[28.55094,62.9154],[28.5603,62.9157],[28.58494,62.90398],[28.58648,62.89657],[28.65811,62.8852],[28.66079,62.87442],[28.71117,62.83849],[28.7018,62.82972],[28.72176,62.81642],[28.74441,62.81238],[28.79009,62.8338],[28.80949,62.83013],[28.84816,62.80845],[28.90083,62.79537],[28.89866,62.78969],[28.93053,62.77463],[28.94287,62.7749],[28.96623,62.803],[29.0976,62.84559],[29.05513,62.86291],[29.04719,62.86017],[29.03119,62.87024],[29.01029,62.87352],[28.9895,62.89637],[28.94977,62.9153],[28.93862,62.91593],[28.93091,62.93662],[28.96325,62.9249],[28.9796,62.92399],[28.99574,62.92764],[28.99091,62.94216],[28.96278,62.94581],[28.97736,62.95512],[28.97177,62.95876],[29.06754,62.98419],[29.06484,62.98657]]]},"properties":{"kunta":"204"}},{"type":"Feature","geometry":{"type":"Polygon","coordinates":[[[28.13284,64.31715],[28.11165,64.3061],[28.00384,64.32574],[27.98305,64.32567],[27.9339,64.34547],[27.79293,64.36517],[27.76567,64.34921],[27.65171,64.34964],[27.57243,64.30801],[27.48363,64.32178],[27.42702,64.29289],[27.18777,64.31032],[27.04239,64.28452],[26.96409,64.29572],[26.94168,64.32707],[26.92172,64.3217],[26.92605,64.31189],[26.88838,64.30155],[26.86223,64.30587],[26.81381,64.30616],[26.74842,64.27854],[26.7675,64.26517],[26.77087,64.21602],[26.78111,64.0571],[26.8704,64.03697],[27.01255,63.99896],[27.11927,63.99078],[27.13123,63.99763],[27.26111,63.98934],[27.41867,63.96639],[27.42851,63.94787],[27.44949,63.94438],[27.49703,63.9497],[27.47777,63.96148],[27.5406,63.95643],[27.65029,63.91875],[27.66386,63.92302],[27.74503,63.90838],[27.89279,63.84911],[27.91026,63.8521],[27.92632,63.84457],[27.93955,63.84978],[28.00573,63.86171],[28.03417,63.87238],[28.06543,63.90352],[28.00222,63.97039],[27.91077,64.01061],[27.8671,64.03646],[27.85685,64.03177],[27.83146,64.04427],[27.84714,64.0485],[27.85091,64.06656],[27.83656,64.08209],[27.83911,64.10084],[27.82634,64.13328],[27.84372,64.13895],[27.85241,64.15338],[27.80854,64.15511],[27.79679,64.16241],[27.8407,64.15917],[27.89738,64.22108],[27.93379,64.2341],[27.99466,64.23508],[27.98013,64.24701],[28.02935,64.26311],[28.09386,64.2968],[28.15805,64.30803],[28.13284,64.31715]]]},"properties":{"kunta":"205"}},{"type":"Feature","geometry":{"type":"MultiPolygon","coordinates":[[[[23.64912,64.20597],[23.59928,64.19226],[23.59652,64.18551],[23.60745,64.18071],[23.62989,64.18432],[23.63935,64.18922],[23.66132,64.19142],[23.64912,64.20597]]],[[[24.26459,64.31211],[24.23361,64.32745],[24.15712,64.33689],[24.0075,64.36771],[23.99046,64.3746],[23.981,64.36184],[23.98967,64.35739],[23.94505,64.34102],[23.93063,64.33915],[23.91899,64.33111],[23.91339,64.30987],[23.91809,64.30484],[23.91371,64.28716],[23.86386,64.28396],[23.85175,64.28903],[23.82496,64.26848],[23.83406,64.25563],[23.82075,64.25019],[23.807,64.23574],[23.78787,64.2339],[23.76376,64.22306],[23.7172,64.21733],[23.70128,64.22463],[23.68397,64.21648],[23.71827,64.19425],[23.72055,64.18574],[23.71076,64.17949],[23.69064,64.17636],[23.6967,64.16677],[23.6798,64.16362],[23.67623,64.15413],[23.65607,64.14423],[23.63534,64.12557],[23.64202,64.1185],[23.62376,64.11637],[23.605,64.12535],[23.5922,64.1251],[23.58122,64.11728],[23.59823,64.10295],[23.5955,64.09478],[23.61468,64.08601],[23.63251,64.07115],[23.61783,64.05872],[23.61731,64.04881],[23.64063,64.03913],[23.71156,63.97763],[23.7261,63.98555],[23.74615,63.97373],[23.74333,63.98337],[23.77834,63.99696],[23.79693,63.9861],[23.84355,63.96986],[23.88098,63.97079],[23.91061,63.96498],[23.92718,63.97219],[23.92827,63.97774],[23.87961,64.01241],[23.88502,64.02355],[23.92822,64.03576],[23.91678,64.04339],[23.91163,64.06268],[23.91503,64.06693],[23.96129,64.07698],[23.97044,64.09527],[24.00432,64.09222],[24.08708,64.07115],[24.09895,64.00629],[24.12708,63.98279],[24.22376,63.9909],[24.30664,64.02212],[24.304,64.02366],[24.34634,64.04152],[24.18585,64.13615],[24.17784,64.14703],[24.16872,64.168],[24.14829,64.1754],[24.13708,64.19139],[24.14691,64.19867],[24.16695,64.19782],[24.19548,64.1858],[24.26466,64.2098],[24.19984,64.24956],[24.24252,64.2708],[24.23251,64.27821],[24.28771,64.30009],[24.26459,64.31211]]]]},"properties":{"kunta":"208"}},{"type":"Feature","geometry":{"type":"Polygon","coordinates":[[[24.87771,61.54513],[24.83677,61.55556],[24.74485,61.5659],[24.73356,61.54507],[24.73699,61.52575],[24.67207,61.53473],[24.64294,61.51457],[24.62186,61.51851],[24.58935,61.53273],[24.5722,61.52471],[24.5047,61.54842],[24.39417,61.54499],[24.34845,61.55535],[24.34927,61.5766],[24.31929,61.585],[24.24511,61.56825],[24.21528,61.58265],[24.18517,61.59089],[24.11852,61.62719],[24.05172,61.60457],[23.96997,61.52227],[23.97701,61.50295],[23.96343,61.50183],[23.94173,61.5055],[23.93276,61.4744],[23.89019,61.42737],[23.96731,61.34362],[23.95015,61.33985],[23.95777,61.33135],[23.9736,61.32874],[23.99979,61.34045],[24.02037,61.33023],[24.02336,61.31585],[24.05896,61.34011],[24.07914,61.33048],[24.08073,61.33739],[24.10372,61.34817],[24.09442,61.35746],[24.14667,61.36917],[24.19853,61.3743],[24.2263,61.38227],[24.23798,61.39115],[24.25934,61.39217],[24.28685,61.40009],[24.28198,61.43813],[24.29858,61.43988],[24.3246,61.43395],[24.33473,61.4275],[24.3846,61.4248],[24.44911,61.41444],[24.61815,61.43136],[24.63218,61.44156],[24.68993,61.4483],[24.7291,61.44585],[24.72052,61.47515],[24.74953,61.47096],[24.7502,61.46387],[24.78876,61.46165],[24.7818,61.49101],[24.85995,61.47598],[24.97048,61.4507],[24.92973,61.48041],[24.92642,61.50496],[24.94543,61.53903],[24.87771,61.54513]]]},"properties":{"kunta":"211"}},{"type":"Feature","geometry":{"type":"Polygon","coordinates":[[[26.85274,62.1289],[26.83801,62.13766],[26.82434,62.15232],[26.82089,62.16607],[26.79593,62.18235],[26.76387,62.18115],[26.72679,62.19944],[26.71714,62.20042],[26.69786,62.21244],[26.67622,62.23839],[26.67777,62.25042],[26.69213,62.25067],[26.69303,62.23547],[26.72926,62.22528],[26.72793,62.24593],[26.71011,62.26957],[26.70473,62.28657],[26.68316,62.30773],[26.61078,62.29498],[26.63254,62.28338],[26.62872,62.2656],[26.64049,62.24772],[26.63862,62.23894],[26.64867,62.23427],[26.65263,62.21693],[26.62689,62.21137],[26.59036,62.23088],[26.56445,62.2541],[26.54403,62.26563],[26.47836,62.24697],[26.4963,62.2289],[26.46848,62.21768],[26.44958,62.21265],[26.42138,62.22448],[26.41458,62.21889],[26.41481,62.20786],[26.39509,62.20955],[26.36513,62.2071],[26.33016,62.19284],[26.31595,62.20047],[26.22072,62.11856],[26.33167,62.03679],[26.41459,61.97289],[26.33421,61.95077],[26.33175,61.93055],[26.34093,61.9261],[26.343,61.90073],[26.32429,61.88003],[26.35237,61.88543],[26.37809,61.88307],[26.37107,61.87047],[26.3891,61.85415],[26.41821,61.84757],[26.43447,61.83981],[26.45653,61.84298],[26.47665,61.8425],[26.51295,61.85364],[26.53507,61.85448],[26.53012,61.84386],[26.51993,61.8371],[26.5333,61.83162],[26.55131,61.83076],[26.57654,61.83571],[26.57043,61.85522],[26.58055,61.8606],[26.60603,61.85854],[26.65382,61.83266],[26.62597,61.80613],[26.64559,61.78866],[26.68548,61.83151],[26.71178,61.82565],[26.73629,61.83007],[26.74214,61.83887],[26.75849,61.8347],[26.77702,61.84087],[26.80733,61.84617],[26.82139,61.86592],[26.83052,61.86221],[26.83221,61.85031],[26.84103,61.85188],[26.85349,61.86532],[26.83774,61.88668],[26.85611,61.88866],[26.86638,61.90126],[26.88024,61.8982],[26.89242,61.90773],[26.92053,61.91001],[26.94218,61.92225],[26.96353,61.90887],[26.98266,61.90238],[26.99846,61.93174],[27.01289,61.93876],[27.02102,61.93595],[27.04664,61.9384],[27.05995,61.94402],[27.05798,61.95368],[27.08234,61.95848],[27.10165,61.95343],[27.12657,61.96371],[27.08908,61.97371],[27.07673,61.99109],[27.0802,61.99735],[27.05719,62.00877],[27.03023,62.00743],[26.99813,62.01758],[26.99242,62.03132],[26.98068,62.02732],[26.97276,62.0392],[26.95116,62.03971],[26.93983,62.04445],[26.91535,62.04636],[26.90234,62.05521],[26.8745,62.04471],[26.83149,62.07543],[26.83783,62.10135],[26.83058,62.11239],[26.85274,62.1289]]]},"properties":{"kunta":"213"}},{"type":"Feature","geometry":{"type":"Polygon","coordinates":[[[22.5226,61.99811],[22.50728,62.00005],[22.51082,62.01172],[22.43813,62.00738],[22.42824,62.02259],[22.3847,62.01765],[22.37774,62.02837],[22.44985,62.03175],[22.42045,62.05104],[22.41114,62.08581],[22.42638,62.09242],[22.44541,62.10954],[22.42942,62.10976],[22.41641,62.12688],[22.40153,62.1247],[22.38708,62.13879],[22.37369,62.14245],[22.32006,62.10311],[22.19872,62.10334],[22.1084,62.03185],[21.97469,61.97976],[21.98053,61.95535],[22.00966,61.9344],[22.09716,61.92402],[22.13819,61.89627],[22.17544,61.87884],[22.1348,61.85593],[22.14498,61.85301],[22.10661,61.84242],[22.07222,61.83936],[22.03486,61.80434],[22.08752,61.78266],[22.16367,61.77226],[22.17355,61.74544],[22.19339,61.74296],[22.18147,61.70732],[22.20155,61.70334],[22.22821,61.74679],[22.22816,61.75639],[22.31781,61.74901],[22.38268,61.70936],[22.55617,61.68607],[22.64717,61.6965],[22.6873,61.69908],[22.69101,61.70255],[22.67944,61.72577],[22.6937,61.73777],[22.69073,61.74072],[22.662,61.74512],[22.67422,61.76741],[22.5768,61.79111],[22.54424,61.80229],[22.56235,61.83989],[22.54982,61.8844],[22.51866,61.88977],[22.51637,61.8977],[22.56043,61.92787],[22.60143,61.93758],[22.63807,61.92896],[22.63223,61.94753],[22.64664,61.95211],[22.65651,61.95491],[22.65501,61.96526],[22.62079,61.96854],[22.5946,61.97411],[22.57276,61.98276],[22.5226,61.99811]]]},"properties":{"kunta":"214"}},{"type":"Feature","geometry":{"type":"Polygon","coordinates":[[[25.70769,62.92074],[25.68306,62.95459],[25.62088,62.93961],[25.61195,62.94023],[25.56542,62.96939],[25.52562,62.98508],[25.50565,62.98686],[25.5195,63.02408],[25.53045,63.03346],[25.37361,63.09611],[25.37509,63.09927],[25.20886,63.08902],[25.15984,63.08041],[25.15263,63.06166],[25.15898,63.03302],[25.14629,63.02628],[25.12828,63.0327],[25.08066,63.02768],[25.09058,63.01307],[25.05249,63.00789],[25.05949,62.99678],[25.04351,62.99361],[25.05428,62.97045],[25.06017,62.97069],[25.06592,62.94512],[25.10773,62.93144],[25.13429,62.93446],[25.18895,62.92496],[25.18026,62.87593],[25.24138,62.84495],[25.28338,62.83729],[25.29377,62.83275],[25.29266,62.82314],[25.30041,62.81846],[25.46725,62.90849],[25.55671,62.90956],[25.57112,62.85927],[25.70769,62.92074]]]},"properties":{"kunta":"216"}},{"type":"Feature","geometry":{"type":"Polygon","coordinates":[[[24.12708,63.98279],[24.09895,64.00629],[24.08708,64.07115],[24.00432,64.09222],[23.97044,64.09527],[23.96129,64.07698],[23.91503,64.06693],[23.91163,64.06268],[23.91678,64.04339],[23.92822,64.03576],[23.88502,64.02355],[23.87961,64.01241],[23.92827,63.97774],[23.92718,63.97219],[23.91061,63.96498],[23.88098,63.97079],[23.84355,63.96986],[23.79693,63.9861],[23.77834,63.99696],[23.74333,63.98337],[23.74615,63.97373],[23.78465,63.94857],[23.73752,63.93242],[23.73889,63.92363],[23.72096,63.91567],[23.69492,63.92808],[23.67001,63.93069],[23.6598,63.91581],[23.72378,63.88466],[23.73515,63.89288],[23.71758,63.9051],[23.74285,63.91418],[23.75869,63.90739],[23.76556,63.8854],[23.77867,63.88378],[23.80833,63.86519],[23.79465,63.86037],[23.7622,63.8733],[23.73606,63.85848],[23.75146,63.85448],[23.82457,63.84833],[23.86663,63.80558],[23.903,63.79463],[23.90671,63.78682],[23.92455,63.78461],[23.98521,63.75626],[24.01533,63.76924],[23.97537,63.78984],[23.99466,63.80003],[23.98954,63.80967],[24.00814,63.81906],[24.00791,63.8252],[24.02657,63.82856],[24.11083,63.87126],[24.16144,63.86329],[24.18214,63.8725],[24.17838,63.87917],[24.19943,63.88071],[24.24745,63.87695],[24.21712,63.93292],[24.17983,63.93831],[24.12708,63.98279]]]},"properties":{"kunta":"217"}},{"type":"Feature","geometry":{"type":"Polygon","coordinates":[[[21.87563,62.3619],[21.64647,62.40185],[21.56462,62.41471],[21.55496,62.4222],[21.55139,62.39625],[21.52349,62.37956],[21.54626,62.37346],[21.55879,62.35778],[21.56601,62.35665],[21.65014,62.36731],[21.68657,62.35521],[21.68633,62.33957],[21.66972,62.33528],[21.66307,62.329],[21.68315,62.31907],[21.67286,62.26011],[21.70022,62.2612],[21.73639,62.25772],[21.74545,62.25286],[21.74116,62.24127],[21.75937,62.2241],[21.76751,62.22268],[21.82579,62.23168],[21.83183,62.28439],[21.87828,62.29751],[21.92129,62.25803],[21.93898,62.26043],[21.86899,62.3248],[21.87563,62.3619]]]},"properties":{"kunta":"218"}},{"type":"Feature","geometry":{"type":"Polygon","coordinates":[[[24.04675,60.64232],[24.04107,60.64452],[24.00544,60.64354],[23.97133,60.6382],[24.00657,60.62314],[24.01533,60.62683],[24.02558,60.61479],[24.00348,60.60703],[23.99322,60.59789],[24.00809,60.59246],[24.02933,60.60921],[24.09836,60.5482],[24.15537,60.51323],[24.15343,60.50613],[24.17125,60.48474],[24.17398,60.48702],[24.21392,60.48464],[24.21709,60.49414],[24.24502,60.50427],[24.27864,60.47999],[24.28807,60.47547],[24.4649,60.50407],[24.42368,60.55249],[24.39845,60.57718],[24.41042,60.59212],[24.38522,60.60304],[24.34772,60.61215],[24.30617,60.58715],[24.29332,60.58436],[24.30558,60.57105],[24.28539,60.56541],[24.23421,60.60145],[24.23726,60.61807],[24.17494,60.62808],[24.13478,60.62312],[24.10493,60.62894],[24.08429,60.62809],[24.04675,60.64232]]]},"properties":{"kunta":"224"}},{"type":"Feature","geometry":{"type":"Polygon","coordinates":[[[25.05249,63.00789],[25.02684,63.04633],[24.98834,63.04428],[24.98281,63.03587],[24.97023,63.03446],[24.89069,63.03309],[24.88166,63.04573],[24.84394,63.04467],[24.81609,63.04043],[24.73616,63.01162],[24.74743,63.00319],[24.71552,62.99234],[24.70908,62.98406],[24.65042,62.98917],[24.66321,63.00247],[24.63738,63.00476],[24.62481,62.99335],[24.60481,62.99791],[24.53899,62.9581],[24.50799,62.95911],[24.53012,62.94284],[24.48252,62.93122],[24.44588,62.96086],[24.34822,62.9637],[24.34297,62.91772],[24.3932,62.91615],[24.434,62.90784],[24.44679,62.89602],[24.44843,62.87099],[24.34198,62.85926],[24.3978,62.82688],[24.40831,62.81309],[24.4288,62.79694],[24.48555,62.74022],[24.50424,62.71043],[24.54511,62.71702],[24.56204,62.72658],[24.58593,62.75111],[24.63884,62.73641],[24.65512,62.74844],[24.71034,62.74791],[24.75197,62.78332],[24.78538,62.77003],[24.82252,62.79028],[24.848,62.78751],[24.8582,62.75658],[24.87725,62.74889],[24.92908,62.73736],[24.94468,62.75108],[24.92817,62.75566],[24.95353,62.77887],[24.93455,62.79113],[24.90926,62.7798],[24.89125,62.78467],[24.8728,62.80589],[25.03663,62.8623],[25.08189,62.84991],[25.10519,62.82841],[25.14985,62.81688],[25.16299,62.81097],[25.17294,62.79869],[25.30021,62.812],[25.30041,62.81846],[25.29266,62.82314],[25.29377,62.83275],[25.28338,62.83729],[25.24138,62.84495],[25.18026,62.87593],[25.18895,62.92496],[25.13429,62.93446],[25.10773,62.93144],[25.06592,62.94512],[25.06017,62.97069],[25.05428,62.97045],[25.04351,62.99361],[25.05949,62.99678],[25.05249,63.00789]]]},"properties":{"kunta":"226"}},{"type":"Feature","geometry":{"type":"Polygon","coordinates":[[[22.63425,62.30087],[22.59175,62.31113],[22.52483,62.21019],[22.50533,62.21348],[22.45043,62.19846],[22.37369,62.14245],[22.38708,62.13879],[22.40153,62.1247],[22.41641,62.12688],[22.42942,62.10976],[22.44541,62.10954],[22.42638,62.09242],[22.41114,62.08581],[22.42045,62.05104],[22.44985,62.03175],[22.37774,62.02837],[22.3847,62.01765],[22.42824,62.02259],[22.43813,62.00738],[22.51082,62.01172],[22.50728,62.00005],[22.5226,61.99811],[22.5393,62.00075],[22.56405,62.01073],[22.6021,62.03708],[22.68377,62.05369],[22.69587,62.05086],[22.78024,62.06072],[22.76433,62.14164],[22.77089,62.15439],[22.81941,62.16569],[22.83063,62.16202],[22.86163,62.17256],[22.84145,62.18687],[22.84773,62.19678],[22.84227,62.23685],[22.83125,62.27088],[22.74557,62.27331],[22.63425,62.30087]]]},"properties":{"kunta":"230"}},{"type":"Feature","geometry":{"type":"Polygon","coordinates":[[[21.25366,62.35531],[21.2494,62.35769],[21.24902,62.38377],[21.22742,62.39471],[21.21918,62.3819],[21.21657,62.35033],[21.24805,62.34752],[21.25366,62.35531]]]},"properties":{"kunta":"231"}},{"type":"Feature","geometry":{"type":"Polygon","coordinates":[[[22.63425,62.30087],[22.66326,62.31746],[22.6346,62.36199],[22.6419,62.41172],[22.60069,62.4414],[22.5814,62.46766],[22.54495,62.46622],[22.48777,62.47851],[22.42988,62.48209],[22.36416,62.49255],[22.3688,62.50732],[22.29585,62.52356],[22.29202,62.53185],[22.14188,62.55084],[22.1278,62.52712],[22.04152,62.54144],[22.01321,62.53704],[22.00958,62.52431],[21.9859,62.46584],[21.87563,62.3619],[21.86899,62.3248],[21.93898,62.26043],[21.94996,62.25037],[22.17534,62.15241],[22.19872,62.10334],[22.32006,62.10311],[22.37369,62.14245],[22.45043,62.19846],[22.50533,62.21348],[22.52483,62.21019],[22.59175,62.31113],[22.63425,62.30087]]]},"properties":{"kunta":"232"}},{"type":"Feature","geometry":{"type":"Polygon","coordinates":[[[25.54516,61.32918],[25.4712,61.40464],[25.4906,61.43828],[25.43743,61.48691],[25.27585,61.48017],[25.25614,61.47273],[25.18329,61.47836],[25.14777,61.45922],[25.11812,61.47299],[25.09354,61.47164],[25.07951,61.4666],[24.97048,61.4507],[24.85995,61.47598],[24.85549,61.46943],[24.87689,61.43722],[24.9124,61.41584],[24.89396,61.39126],[24.9048,61.38868],[24.88925,61.35569],[24.91394,61.32488],[24.92104,61.31434],[24.9207,61.28653],[24.93045,61.28049],[24.94881,61.2906],[24.97593,61.27539],[24.99408,61.2794],[25.01282,61.29107],[25.02938,61.24615],[25.09685,61.256],[25.18696,61.23997],[25.20282,61.24094],[25.22739,61.2479],[25.25589,61.25159],[25.2705,61.24634],[25.34789,61.2491],[25.35982,61.26323],[25.39492,61.27585],[25.41568,61.31229],[25.45662,61.31857],[25.51719,61.30411],[25.54516,61.32918]]]},"properties":{"kunta":"576"}},{"type":"Feature","geometry":{"type":"Polygon","coordinates":[[[23.44346,63.28178],[23.43443,63.29146],[23.35489,63.32047],[23.30504,63.30728],[23.22553,63.34287],[23.22392,63.36364],[23.21436,63.37633],[23.23135,63.37975],[23.20704,63.39896],[23.11297,63.3473],[23.09453,63.36234],[23.0772,63.3692],[23.06154,63.36458],[23.03141,63.36176],[23.02355,63.38043],[22.99516,63.37805],[22.99832,63.37054],[22.9716,63.37227],[22.9807,63.3304],[22.90624,63.35111],[22.87134,63.35453],[22.87432,63.34625],[22.82952,63.34594],[22.75601,63.35905],[22.73561,63.35896],[22.75111,63.34452],[22.7166,63.33767],[22.68222,63.32473],[22.64526,63.31679],[22.67264,63.29771],[22.61656,63.28205],[22.59586,63.28401],[22.5594,63.2657],[22.56199,63.24924],[22.59042,63.2446],[22.62854,63.20991],[22.59333,63.20132],[22.57219,63.17934],[22.6033,63.18806],[22.61711,63.18621],[22.63631,63.15887],[22.65047,63.15331],[22.64768,63.1464],[22.6582,63.13314],[22.64363,63.12405],[22.64862,63.10539],[22.63165,63.10192],[22.62759,63.09494],[22.60907,63.0932],[22.61148,63.08696],[22.66679,63.0868],[22.67623,63.08386],[22.68764,63.07691],[22.69113,63.06404],[22.74778,63.05616],[22.78412,63.03792],[22.80841,63.06172],[22.89691,63.07351],[22.91548,63.06309],[23.05207,63.0297],[23.20431,63.04247],[23.27009,63.03057],[23.31059,63.03383],[23.35339,63.0273],[23.45483,63.06331],[23.47177,63.0693],[23.44486,63.13781],[23.39683,63.1772],[23.31754,63.20462],[23.28031,63.20537],[23.29005,63.21628],[23.37129,63.21525],[23.37519,63.21754],[23.38103,63.24668],[23.39192,63.25513],[23.41213,63.25574],[23.40585,63.26448],[23.43015,63.26667],[23.42568,63.27593],[23.44346,63.28178]]]},"properties":{"kunta":"233"}},{"type":"Feature","geometry":{"type":"Polygon","coordinates":[[[24.70182,60.20624],[24.72218,60.20256],[24.73916,60.20711],[24.75091,60.21821],[24.73432,60.22417],[24.70626,60.22501],[24.67747,60.2154],[24.67529,60.21103],[24.70182,60.20624]]]},"properties":{"kunta":"235"}},{"type":"Feature","geometry":{"type":"Polygon","coordinates":[[[24.09895,63.57706],[24.08968,63.58026],[24.0743,63.57244],[24.05885,63.56941],[24.03808,63.5806],[23.98982,63.59169],[23.93523,63.63391],[23.8409,63.65358],[23.78414,63.66147],[23.74408,63.67544],[23.70485,63.65654],[23.64987,63.67109],[23.61071,63.65029],[23.57397,63.64297],[23.54649,63.63373],[23.53212,63.63407],[23.50383,63.6483],[23.49855,63.65649],[23.46883,63.66161],[23.48491,63.63998],[23.45323,63.62906],[23.46712,63.62032],[23.45772,63.61023],[23.43362,63.61759],[23.42241,63.61601],[23.49096,63.58638],[23.50759,63.59456],[23.55659,63.60413],[23.57701,63.58687],[23.58149,63.5657],[23.57862,63.55341],[23.65103,63.53093],[23.65777,63.48297],[23.72853,63.50614],[23.83513,63.52844],[23.85907,63.53157],[23.88176,63.53149],[23.89502,63.52422],[23.87574,63.5174],[23.88264,63.50942],[23.91046,63.51574],[23.94297,63.49787],[24.0229,63.51928],[24.04082,63.52154],[24.05756,63.54396],[24.04983,63.55173],[24.0641,63.56477],[24.07356,63.56255],[24.09895,63.57706]]]},"properties":{"kunta":"236"}},{"type":"Feature","geometry":{"type":"Polygon","coordinates":[[[26.60684,63.04207],[26.49343,63.11213],[26.47482,63.14328],[26.46204,63.15761],[26.46339,63.17523],[26.43636,63.21124],[26.41925,63.26039],[26.38485,63.28369],[26.34493,63.30044],[26.32848,63.30084],[26.31492,63.30815],[26.32056,63.34033],[26.19856,63.4434],[26.17671,63.43886],[26.12066,63.40602],[26.07054,63.35478],[26.0868,63.35374],[26.12881,63.3302],[26.14189,63.2747],[26.17586,63.24138],[26.18487,63.21319],[26.14773,63.21004],[26.16351,63.14704],[26.1917,63.13148],[26.19292,63.11884],[26.20772,63.11068],[26.21894,63.08963],[26.24451,63.07492],[26.24371,63.07077],[26.30312,63.04893],[26.32951,63.0429],[26.33427,63.03509],[26.35274,63.03547],[26.4829,63.00924],[26.51514,62.99183],[26.54363,62.99881],[26.62274,63.02032],[26.60684,63.04207]]]},"properties":{"kunta":"239"}},{"type":"Feature","geometry":{"type":"Polygon","coordinates":[[[24.27295,67.62685],[24.06558,67.63553],[23.71296,67.51941],[23.54049,67.46104],[23.57782,67.45467],[23.65666,67.4462],[23.67387,67.44251],[23.70992,67.44572],[23.75401,67.43569],[23.76458,67.42821],[23.75169,67.42],[23.75177,67.40789],[23.71705,67.3862],[23.73492,67.37954],[23.72693,67.37185],[23.74084,67.35762],[23.73753,67.35193],[23.75843,67.34934],[23.77705,67.33575],[23.74897,67.32194],[23.72974,67.28834],[23.71718,67.28162],[23.69262,67.28396],[23.62507,67.27198],[23.60745,67.27388],[23.57528,67.26836],[23.56099,67.26085],[23.56923,67.25188],[23.55151,67.24824],[23.56229,67.2373],[23.54626,67.22519],[23.56596,67.22246],[23.59587,67.20782],[23.58794,67.1907],[23.55689,67.17959],[23.55448,67.16747],[23.58333,67.15126],[23.62598,67.11768],[23.65504,67.10344],[23.67215,67.06567],[23.71324,67.04411],[23.73861,67.0178],[23.76852,67.0013],[23.78438,66.99693],[23.77788,67.00326],[23.98788,67.00686],[24.04634,67.00357],[24.06585,67.00816],[24.15875,67.00952],[24.20331,66.99146],[24.87021,66.93788],[24.7368,67.15192],[24.46185,67.3464],[24.34027,67.48471],[24.27295,67.62685]]]},"properties":{"kunta":"273"}},{"type":"Feature","geometry":{"type":"Polygon","coordinates":[[[26.44656,62.78917],[26.39916,62.77829],[26.40569,62.76768],[26.35616,62.74741],[26.22297,62.82567],[26.21075,62.83068],[26.18954,62.82383],[26.15177,62.84684],[26.09382,62.83904],[26.0248,62.82536],[26.0459,62.79507],[26.0666,62.77907],[26.08554,62.77286],[26.09941,62.77374],[26.13476,62.76026],[26.14251,62.75012],[26.13607,62.7114],[26.16093,62.68826],[26.23376,62.67837],[26.15016,62.65582],[26.1378,62.62714],[26.11048,62.60561],[26.03596,62.58359],[26.08817,62.52799],[26.14014,62.48948],[26.17722,62.47851],[26.20474,62.49116],[26.21867,62.49107],[26.1957,62.5325],[26.21155,62.53692],[26.21992,62.53171],[26.236,62.5374],[26.20775,62.57247],[26.26416,62.56057],[26.27355,62.55039],[26.39396,62.51716],[26.40008,62.50618],[26.45891,62.53308],[26.48322,62.53236],[26.50814,62.53314],[26.53918,62.55022],[26.55615,62.56201],[26.57243,62.58853],[26.59909,62.59445],[26.57632,62.60404],[26.59839,62.61077],[26.5913,62.64165],[26.56961,62.65344],[26.56222,62.6817],[26.52606,62.71582],[26.52922,62.72231],[26.44656,62.78917]]]},"properties":{"kunta":"275"}},{"type":"Feature","geometry":{"type":"MultiPolygon","coordinates":[[[[24.59546,65.67921],[24.60684,65.69966],[24.59214,65.70169],[24.58865,65.69125],[24.57431,65.68238],[24.55546,65.67662],[24.52962,65.67758],[24.51289,65.67213],[24.51519,65.66413],[24.54186,65.65533],[24.5636,65.65819],[24.58563,65.65754],[24.58331,65.66475],[24.59954,65.66634],[24.59546,65.67921]]],[[[24.51233,65.69399],[24.53183,65.70801],[24.52059,65.7155],[24.51233,65.69399]]],[[[24.74741,65.69504],[24.71997,65.71775],[24.70056,65.72054],[24.67961,65.74563],[24.66323,65.75561],[24.66353,65.7651],[24.56699,65.78996],[24.55409,65.79528],[24.509,65.78],[24.43619,65.76716],[24.43065,65.76409],[24.42316,65.75908],[24.4276,65.74977],[24.44672,65.74699],[24.48677,65.74783],[24.49125,65.74426],[24.55172,65.74239],[24.55579,65.72686],[24.59077,65.72159],[24.60446,65.71318],[24.61809,65.71375],[24.63813,65.70625],[24.60783,65.69489],[24.62157,65.68419],[24.64917,65.68027],[24.6607,65.66611],[24.67683,65.6591],[24.68537,65.66014],[24.74741,65.69504]]]]},"properties":{"kunta":"240"}},{"type":"Feature","geometry":{"type":"Polygon","coordinates":[[[25.22567,65.96153],[25.12422,65.96394],[25.10614,65.95753],[25.10759,65.9443],[25.08163,65.94379],[25.0809,65.95008],[25.0633,65.95264],[25.0395,65.94747],[25.04005,65.9747],[24.71416,65.96242],[24.70213,65.97125],[24.59213,66.01587],[24.50956,66.03044],[24.52311,65.87362],[24.52515,65.86142],[24.51716,65.84713],[24.50297,65.84129],[24.48073,65.81125],[24.46036,65.79784],[24.43619,65.76716],[24.509,65.78],[24.55409,65.79528],[24.56699,65.78996],[24.66353,65.7651],[24.66323,65.75561],[24.67961,65.74563],[24.70056,65.72054],[24.71997,65.71775],[24.74741,65.69504],[24.83489,65.74251],[24.8565,65.76068],[24.91329,65.74852],[24.91432,65.76813],[24.93248,65.78282],[24.92052,65.78529],[24.96627,65.82571],[25.22671,65.92774],[25.21544,65.95572],[25.22567,65.96153]]]},"properties":{"kunta":"241"}},{"type":"Feature","geometry":{"type":"Polygon","coordinates":[[[25.44941,64.94717],[25.43771,64.9477],[25.43954,64.93135],[25.4257,64.92157],[25.44509,64.89239],[25.47001,64.88698],[25.49073,64.86685],[25.52326,64.86581],[25.54696,64.85645],[25.55533,64.84887],[25.5802,64.84313],[25.63454,64.84299],[25.65534,64.84685],[25.7283,64.90446],[25.71934,64.91071],[25.67609,64.9249],[25.61397,64.94108],[25.53002,64.94059],[25.44941,64.94717]]]},"properties":{"kunta":"244"}},{"type":"Feature","geometry":{"type":"Polygon","coordinates":[[[25.15173,60.35928],[25.14539,60.37244],[25.1515,60.39366],[25.14749,60.40737],[25.16359,60.41643],[25.15298,60.42911],[25.15263,60.44299],[25.08369,60.42604],[25.08054,60.41271],[25.08626,60.3804],[25.07624,60.3729],[25.09038,60.3663],[25.11536,60.36057],[25.15173,60.35928]]]},"properties":{"kunta":"245"}},{"type":"Feature","geometry":{"type":"Polygon","coordinates":[[[25.06897,62.33206],[24.90224,62.31584],[24.86178,62.32996],[24.88455,62.34276],[24.87069,62.34988],[24.82782,62.34625],[24.7417,62.32742],[24.77234,62.35862],[24.7386,62.35937],[24.71423,62.35563],[24.70176,62.37944],[24.66911,62.37566],[24.65554,62.37861],[24.6302,62.40646],[24.58901,62.42808],[24.66388,62.44669],[24.64486,62.45301],[24.62003,62.45104],[24.57187,62.43706],[24.54241,62.45351],[24.58601,62.45418],[24.57106,62.48982],[24.53057,62.52841],[24.51708,62.5251],[24.50504,62.51603],[24.51359,62.50315],[24.4965,62.4967],[24.45496,62.49363],[24.45183,62.48475],[24.42462,62.47341],[24.40304,62.5016],[24.37966,62.4935],[24.37465,62.50191],[24.33088,62.49117],[24.32117,62.48232],[24.33945,62.46339],[24.32166,62.4477],[24.20129,62.48266],[24.09547,62.41379],[24.03749,62.38055],[24.013,62.36333],[24.02481,62.31335],[24.0518,62.30169],[24.07584,62.29695],[24.08078,62.27641],[24.14448,62.2525],[24.21129,62.25233],[24.25273,62.25232],[24.29329,62.19533],[24.33813,62.17078],[24.36041,62.16427],[24.38917,62.16641],[24.42747,62.1527],[24.44067,62.15805],[24.42696,62.17297],[24.49821,62.1971],[24.5602,62.18565],[24.60173,62.13937],[24.62373,62.12787],[24.67371,62.11546],[24.66679,62.08946],[24.66835,62.04937],[24.70387,62.04667],[24.73091,62.02319],[24.87791,62.0589],[24.82904,62.11253],[24.92835,62.19022],[24.96881,62.2108],[25.03751,62.20745],[25.07185,62.23803],[25.03425,62.24913],[25.04732,62.29641],[25.06897,62.33206]]]},"properties":{"kunta":"249"}},{"type":"Feature","geometry":{"type":"Polygon","coordinates":[[[23.424,62.15811],[23.36784,62.22745],[23.21782,62.33417],[23.14452,62.3192],[22.99436,62.2889],[23.01687,62.20141],[23.02907,62.19075],[23.0459,62.19119],[23.04933,62.16407],[23.07886,62.14445],[23.0983,62.11872],[23.12293,62.12157],[23.12204,62.10769],[23.11429,62.10689],[23.14005,62.08851],[23.14111,62.08267],[23.23478,62.0863],[23.25899,62.0885],[23.29521,62.08294],[23.29305,62.10724],[23.30611,62.11059],[23.37374,62.16501],[23.424,62.15811]]]},"properties":{"kunta":"250"}},{"type":"Feature","geometry":{"type":"Polygon","coordinates":[[[25.33347,63.28431],[25.28335,63.33054],[25.1816,63.40744],[25.08187,63.46717],[25.03632,63.45807],[24.90247,63.43123],[24.77292,63.35868],[24.8036,63.27593],[24.82108,63.2369],[24.98517,63.23156],[25.10884,63.23743],[25.13636,63.23798],[25.30932,63.27865],[25.33347,63.28431]]]},"properties":{"kunta":"256"}},{"type":"Feature","geometry":{"type":"MultiPolygon","coordinates":[[[[24.59639,60.051],[24.60115,60.05468],[24.58662,60.06284],[24.56793,60.05245],[24.58776,60.04529],[24.59639,60.051]]],[[[24.61263,60.07038],[24.59206,60.06134],[24.60435,60.05728],[24.62096,60.06711],[24.61263,60.07038]]],[[[24.63735,60.09082],[24.64834,60.10124],[24.6431,60.10643],[24.6263,60.10226],[24.60465,60.09234],[24.62761,60.08635],[24.63735,60.09082]]],[[[24.34087,60.092],[24.36954,60.08454],[24.37527,60.06603],[24.37368,60.05767],[24.36114,60.05083],[24.36187,60.03592],[24.34645,60.03266],[24.32031,60.01423],[24.31987,60.00488],[24.33575,60.00333],[24.34722,60.01121],[24.34782,60.02488],[24.37906,60.02894],[24.38394,60.01653],[24.40643,60.021],[24.40745,60.02756],[24.42751,60.03328],[24.42983,60.0392],[24.45781,60.04604],[24.45502,60.05125],[24.47131,60.06353],[24.47796,60.04764],[24.46511,60.04617],[24.44554,60.03538],[24.46113,60.02826],[24.43992,60.01966],[24.44106,60.01449],[24.42589,60.00771],[24.42873,59.99971],[24.41613,59.99012],[24.39184,59.97842],[24.40028,59.97207],[24.42897,59.98245],[24.45369,59.98653],[24.46473,59.99559],[24.47392,59.99129],[24.48716,59.99487],[24.49124,60.00118],[24.50436,60.001],[24.51258,60.00984],[24.51314,60.02133],[24.52776,60.02127],[24.53801,60.02615],[24.53865,60.03896],[24.562,60.05039],[24.56966,60.06],[24.59991,60.07066],[24.61907,60.08169],[24.58669,60.09616],[24.60796,60.10568],[24.64639,60.10959],[24.61966,60.11939],[24.58867,60.10718],[24.58091,60.11023],[24.61338,60.12132],[24.6276,60.13712],[24.62141,60.14664],[24.60791,60.15665],[24.57728,60.15862],[24.5522,60.16364],[24.55926,60.17258],[24.57072,60.17586],[24.56905,60.1793],[24.53621,60.19646],[24.52475,60.20535],[24.5032,60.21286],[24.52541,60.23102],[24.52502,60.24658],[24.50434,60.25543],[24.50445,60.27409],[24.51557,60.28129],[24.4777,60.28472],[24.47552,60.29206],[24.44268,60.2977],[24.41778,60.29414],[24.40818,60.2835],[24.38716,60.27487],[24.37058,60.25659],[24.34249,60.2462],[24.29281,60.18979],[24.32375,60.16261],[24.35528,60.1159],[24.34087,60.092]]]]},"properties":{"kunta":"257"}},{"type":"Feature","geometry":{"type":"Polygon","coordinates":[[[30.48309,62.06384],[30.46552,62.06106],[30.44827,62.06215],[30.40461,62.07052],[30.38762,62.0851],[30.39778,62.09362],[30.37303,62.10737],[30.35763,62.10968],[30.33164,62.12032],[30.31294,62.11676],[30.29324,62.12055],[30.29637,62.13785],[30.27406,62.13534],[30.25672,62.14094],[30.22467,62.13229],[30.22312,62.17199],[30.20571,62.18385],[30.21794,62.1875],[30.21687,62.19816],[30.18809,62.23568],[30.17545,62.23939],[30.15095,62.23918],[30.14018,62.23428],[30.1172,62.2349],[30.1036,62.22936],[30.07816,62.23856],[30.07297,62.25705],[30.04365,62.25395],[30.00509,62.2443],[29.9829,62.2401],[29.97353,62.23428],[29.94633,62.23268],[29.94492,62.22497],[29.90969,62.23203],[29.87591,62.21496],[29.87774,62.21184],[29.91012,62.20539],[29.93287,62.1916],[29.9147,62.17921],[29.94702,62.15976],[29.95139,62.14612],[29.87002,62.17685],[29.80631,62.18685],[29.78417,62.19541],[29.76567,62.18847],[29.74626,62.18712],[29.74215,62.17981],[29.70709,62.17292],[29.65971,62.18636],[29.63839,62.18631],[29.61297,62.17527],[29.54304,62.20417],[29.48102,62.23497],[29.43008,62.23653],[29.40727,62.20178],[29.42715,62.15838],[29.45952,62.08116],[29.46879,62.07612],[29.48233,62.05669],[29.50933,62.03829],[29.51401,62.03975],[29.57245,62.03013],[29.56644,62.02482],[29.59502,62.01316],[29.61427,61.99842],[29.66037,61.9769],[29.61622,61.93573],[29.61486,61.91333],[29.69683,61.8644],[29.66541,61.85508],[29.68834,61.8377],[29.68957,61.82029],[29.67586,61.79174],[29.63837,61.76063],[29.61474,61.75598],[29.57072,61.73607],[29.55927,61.72207],[29.96215,61.82177],[30.08242,61.85321],[30.13358,61.86432],[30.14391,61.85229],[30.19618,61.88221],[30.19409,61.89129],[30.21139,61.89271],[30.27417,61.93364],[30.30074,61.93497],[30.31279,61.94498],[30.30591,61.96446],[30.35166,61.98001],[30.37702,61.99954],[30.42193,62.02211],[30.48309,62.06384]]]},"properties":{"kunta":"260"}},{"type":"Feature","geometry":{"type":"Polygon","coordinates":[[[25.97562,68.27757],[25.52475,68.31084],[25.0272,68.39529],[24.69858,68.3822],[24.4456,68.3206],[24.15712,68.14694],[24.10681,68.13894],[24.12795,68.12928],[24.09343,68.10839],[24.10077,68.09253],[24.13306,68.0885],[24.16699,68.09391],[24.1998,68.0772],[24.17479,68.05287],[24.1691,68.03839],[24.21601,68.02361],[24.21291,68.01003],[24.20143,68.00209],[24.20366,67.99051],[24.19094,67.96899],[24.1488,67.96483],[24.14438,67.95484],[24.17181,67.93143],[24.14525,67.92147],[24.15521,67.89865],[24.21402,67.77768],[24.30149,67.62566],[24.27295,67.62685],[24.34027,67.48471],[24.46185,67.3464],[24.7368,67.15192],[24.86199,67.17712],[25.35002,67.15129],[25.48562,67.3038],[25.59304,67.3431],[25.58882,67.34778],[25.60972,67.35219],[25.76073,67.43416],[25.73783,67.54138],[26.00784,67.9388],[25.87839,68.09736],[25.97562,68.27757]]]},"properties":{"kunta":"261"}},{"type":"Feature","geometry":{"type":"Polygon","coordinates":[[[26.82881,63.66682],[26.86551,63.6796],[26.9249,63.68329],[26.89474,63.69533],[26.87558,63.70922],[26.84773,63.75272],[26.8262,63.76772],[26.83781,63.78043],[26.86119,63.79057],[26.81148,63.82579],[26.76018,63.83518],[26.72615,63.81888],[26.70758,63.84619],[26.72238,63.85124],[26.77995,63.84307],[26.75867,63.88516],[26.72619,63.89148],[26.72833,63.9068],[26.70114,63.91157],[26.68309,63.92424],[26.65792,63.92599],[26.6199,63.91985],[26.61596,63.92866],[26.55939,63.96369],[26.52595,63.94994],[26.37353,63.88931],[26.24344,63.84104],[26.21813,63.83163],[26.24282,63.80659],[26.26739,63.70508],[26.2918,63.58995],[26.19521,63.5693],[26.19146,63.51404],[26.18622,63.49896],[26.16538,63.48086],[26.21087,63.46878],[26.28793,63.46239],[26.32963,63.46838],[26.31997,63.48116],[26.36165,63.47779],[26.38509,63.4742],[26.50447,63.43163],[26.50759,63.4582],[26.52421,63.4614],[26.5264,63.4534],[26.5827,63.45615],[26.59806,63.44954],[26.61534,63.46473],[26.62552,63.45638],[26.6935,63.44351],[26.69779,63.46006],[26.73027,63.45279],[26.75137,63.46269],[26.77081,63.4617],[26.7934,63.47224],[26.76808,63.49533],[26.78042,63.511],[26.80314,63.50958],[26.82455,63.51641],[26.82049,63.53757],[26.82725,63.54495],[26.80434,63.55471],[26.80828,63.55839],[26.79403,63.58215],[26.80301,63.5819],[26.8276,63.59734],[26.80652,63.61433],[26.81211,63.62133],[26.8091,63.64207],[26.81913,63.66066],[26.82881,63.66682]]]},"properties":{"kunta":"263"}},{"type":"Feature","geometry":{"type":"Polygon","coordinates":[[[25.30932,63.27865],[25.13636,63.23798],[25.10884,63.23743],[24.98517,63.23156],[24.82108,63.2369],[24.8036,63.27593],[24.75417,63.26592],[24.76659,63.2553],[24.75182,63.25198],[24.7626,63.21877],[24.74584,63.1979],[24.73161,63.14704],[24.77288,63.13336],[24.87153,63.08016],[24.88166,63.04573],[24.89069,63.03309],[24.97023,63.03446],[24.98281,63.03587],[24.98834,63.04428],[25.02684,63.04633],[25.05249,63.00789],[25.09058,63.01307],[25.08066,63.02768],[25.12828,63.0327],[25.14629,63.02628],[25.15898,63.03302],[25.15263,63.06166],[25.15984,63.08041],[25.20886,63.08902],[25.37509,63.09927],[25.33733,63.15788],[25.31586,63.24247],[25.3792,63.24516],[25.36553,63.25675],[25.30932,63.27865]]]},"properties":{"kunta":"265"}},{"type":"Feature","geometry":{"type":"Polygon","coordinates":[[[27.20582,61.16247],[27.16672,61.16099],[27.12089,61.16441],[27.11151,61.15793],[27.09632,61.15534],[27.03117,61.15206],[26.91213,61.18316],[26.92953,61.21004],[26.92076,61.22575],[26.89083,61.24245],[26.89672,61.24409],[26.87802,61.27814],[26.88122,61.2852],[26.85231,61.28369],[26.78182,61.26999],[26.77194,61.26616],[26.77336,61.25854],[26.76055,61.23962],[26.74545,61.22968],[26.66132,61.20688],[26.62988,61.22103],[26.6711,61.24359],[26.62914,61.29258],[26.56171,61.27055],[26.54958,61.27702],[26.51366,61.27433],[26.48393,61.26512],[26.444,61.26279],[26.44357,61.25639],[26.42497,61.2515],[26.4313,61.23731],[26.39644,61.21373],[26.38548,61.18814],[26.34775,61.17369],[26.27055,61.16301],[26.26901,61.14954],[26.23445,61.13],[26.25522,61.11219],[26.2565,61.10534],[26.31097,61.10665],[26.26732,61.06983],[26.24909,61.03993],[26.26581,61.01166],[26.28572,61.0129],[26.30528,61.00351],[26.32209,61.00431],[26.34619,61.00047],[26.3551,61.02257],[26.37535,61.02805],[26.38634,61.02775],[26.40495,61.01632],[26.42305,61.01206],[26.46021,61.01422],[26.50436,61.0098],[26.49545,60.99065],[26.5354,60.93763],[26.54497,60.88382],[26.53862,60.87186],[26.49103,60.87345],[26.46381,60.87724],[26.45999,60.87355],[26.51139,60.84062],[26.45276,60.81662],[26.42879,60.81633],[26.37886,60.80554],[26.39689,60.77941],[26.36839,60.76878],[26.37442,60.76111],[26.30508,60.75334],[26.30013,60.74921],[26.30046,60.73095],[26.33147,60.71189],[26.32507,60.69666],[26.33845,60.67583],[26.36208,60.66822],[26.3471,60.66136],[26.4314,60.64955],[26.45845,60.63908],[26.48185,60.61425],[26.48345,60.59685],[26.51223,60.59898],[26.53866,60.59517],[26.54178,60.57501],[26.56644,60.60854],[26.57942,60.61502],[26.58245,60.62381],[26.59427,60.62771],[26.59728,60.64141],[26.64909,60.65237],[26.68276,60.64929],[26.75388,60.57571],[26.76558,60.57637],[26.77712,60.5829],[26.78669,60.60452],[26.78156,60.61845],[26.75478,60.62614],[26.75982,60.63692],[26.75413,60.65142],[26.74113,60.65627],[26.75575,60.66637],[26.75047,60.67271],[26.77215,60.67558],[26.7954,60.66861],[26.82673,60.64861],[26.82864,60.64021],[26.8821,60.63635],[26.92214,60.64855],[27.04174,60.67931],[27.05077,60.67089],[27.08335,60.67484],[27.10312,60.68555],[27.11906,60.71236],[27.13283,60.71672],[27.11066,60.73988],[27.12911,60.7479],[27.1177,60.76417],[27.12465,60.77686],[27.2031,60.7605],[27.22527,60.7604],[27.23871,60.77415],[27.26747,60.77817],[27.27275,60.78699],[27.26145,60.79489],[27.29264,60.822],[27.34692,60.81748],[27.35435,60.83101],[27.37793,60.83847],[27.42836,60.84264],[27.37262,60.87899],[27.3047,60.89361],[27.21322,60.90405],[27.18435,60.92479],[27.13611,60.95125],[27.12107,60.96402],[27.12943,60.96689],[27.15259,60.95312],[27.18486,60.95086],[27.24166,60.96348],[27.24166,60.97319],[27.21918,60.9698],[27.20722,60.99971],[27.19296,61.00766],[27.17331,60.99799],[27.14115,61.01055],[27.14802,61.02126],[27.15952,61.02774],[27.14687,61.04791],[27.15288,61.0708],[27.1615,61.07156],[27.18501,61.08605],[27.22849,61.0902],[27.21345,61.10326],[27.2018,61.10656],[27.19019,61.10158],[27.17669,61.10694],[27.18541,61.11186],[27.18687,61.12107],[27.2183,61.14279],[27.20582,61.16247]]]},"properties":{"kunta":"286"}},{"type":"Feature","geometry":{"type":"MultiPolygon","coordinates":[[[[21.30633,62.11383],[21.29588,62.13184],[21.28839,62.13035],[21.29696,62.11752],[21.30633,62.11383]]],[[[21.76751,62.22268],[21.75937,62.2241],[21.74116,62.24127],[21.74545,62.25286],[21.73639,62.25772],[21.70022,62.2612],[21.67286,62.26011],[21.68315,62.31907],[21.66307,62.329],[21.66972,62.33528],[21.68633,62.33957],[21.68657,62.35521],[21.65014,62.36731],[21.56601,62.35665],[21.55879,62.35778],[21.54626,62.37346],[21.52349,62.37956],[21.55139,62.39625],[21.55496,62.4222],[21.55413,62.4243],[21.48813,62.37787],[21.41714,62.34384],[21.34032,62.31609],[21.32294,62.30503],[21.3371,62.30303],[21.34669,62.31215],[21.35679,62.31323],[21.35624,62.29868],[21.34556,62.2874],[21.33783,62.26743],[21.3187,62.26059],[21.32167,62.24995],[21.35047,62.24686],[21.36391,62.26393],[21.38055,62.26215],[21.38435,62.24899],[21.38165,62.23448],[21.38534,62.22873],[21.40969,62.21506],[21.40241,62.19966],[21.38269,62.19994],[21.35968,62.18232],[21.35755,62.17388],[21.36364,62.13726],[21.34561,62.13688],[21.334,62.14963],[21.31181,62.15233],[21.31619,62.14282],[21.31512,62.12729],[21.32381,62.10268],[21.32388,62.0866],[21.31984,62.07119],[21.30796,62.07023],[21.31501,62.05521],[21.30749,62.03579],[21.29561,62.02637],[21.29131,62.0134],[21.29274,61.99982],[21.2808,61.99186],[21.2901,61.98813],[21.30962,61.9927],[21.32485,62.00104],[21.3396,61.9996],[21.34572,61.98734],[21.32498,61.98403],[21.32509,61.96371],[21.32923,61.95383],[21.36027,61.96001],[21.42664,62.00959],[21.52401,62.02459],[21.64785,62.01959],[21.62892,62.0403],[21.65084,62.05929],[21.62546,62.0993],[21.643,62.11175],[21.6417,62.14944],[21.67973,62.1382],[21.69571,62.14379],[21.70437,62.16671],[21.66697,62.18651],[21.71077,62.21277],[21.71079,62.21753],[21.76751,62.22268]]]]},"properties":{"kunta":"287"}},{"type":"Feature","geometry":{"type":"Polygon","coordinates":[[[23.74408,63.67544],[23.68634,63.69926],[23.61868,63.72148],[23.47764,63.77913],[23.45534,63.76142],[23.45787,63.7416],[23.44434,63.73722],[23.42116,63.75326],[23.40482,63.75036],[23.39186,63.7593],[23.36891,63.76238],[23.36103,63.75704],[23.33635,63.76127],[23.29165,63.75362],[23.26559,63.74148],[23.2484,63.71692],[23.22411,63.71876],[23.17387,63.73834],[23.07456,63.77367],[23.0129,63.79125],[23.00649,63.78308],[22.98905,63.78802],[22.95389,63.78203],[22.96127,63.77682],[22.94387,63.77279],[22.93323,63.77851],[22.92154,63.77511],[22.84182,63.74627],[22.82968,63.73591],[22.87652,63.71925],[22.88374,63.69956],[22.91109,63.69167],[22.92144,63.68181],[22.937,63.67573],[22.95698,63.68558],[23.00429,63.67666],[23.05599,63.65785],[23.11309,63.65254],[23.16309,63.63804],[23.18357,63.62874],[23.40576,63.50084],[23.39289,63.49805],[23.41966,63.48165],[23.45388,63.47777],[23.51627,63.46744],[23.54396,63.46753],[23.56473,63.44922],[23.55501,63.44281],[23.62539,63.40103],[23.69699,63.38032],[23.70993,63.38288],[23.66003,63.43483],[23.65741,63.46125],[23.65777,63.48297],[23.65103,63.53093],[23.57862,63.55341],[23.58149,63.5657],[23.57701,63.58687],[23.55659,63.60413],[23.50759,63.59456],[23.49096,63.58638],[23.42241,63.61601],[23.43362,63.61759],[23.45772,63.61023],[23.46712,63.62032],[23.45323,63.62906],[23.48491,63.63998],[23.46883,63.66161],[23.49855,63.65649],[23.50383,63.6483],[23.53212,63.63407],[23.54649,63.63373],[23.57397,63.64297],[23.61071,63.65029],[23.64987,63.67109],[23.70485,63.65654],[23.74408,63.67544]]]},"properties":{"kunta":"288"}},{"type":"Feature","geometry":{"type":"Polygon","coordinates":[[[29.9894,64.58762],[29.96523,64.5904],[29.62229,64.63536],[29.54742,64.61503],[29.53047,64.62301],[29.50644,64.61573],[29.5091,64.60459],[29.48969,64.5993],[29.45946,64.56629],[29.41679,64.5199],[29.16329,64.4546],[29.05977,64.45331],[28.94563,64.46833],[28.88138,64.49668],[28.85984,64.49343],[28.81619,64.48685],[28.85285,64.40323],[28.81344,64.3415],[28.76099,64.31076],[28.75195,64.31024],[28.85577,64.22566],[28.8643,64.16646],[28.85984,64.15857],[28.87168,64.14351],[28.88743,64.134],[28.89691,64.11039],[28.89063,64.09852],[28.91006,64.09321],[29.00135,64.05225],[28.98152,64.04338],[29.04937,64.0022],[29.21104,63.96474],[29.15831,63.84733],[29.31142,63.8528],[29.54394,63.8715],[29.68253,63.87894],[29.72269,63.74803],[29.77569,63.70336],[29.87466,63.74921],[29.97189,63.75717],[30.1503,63.80104],[30.26041,63.82201],[30.32091,63.90953],[30.35357,63.93209],[30.44703,63.98277],[30.52802,64.04888],[30.55356,64.10169],[30.5534,64.13225],[30.51588,64.15496],[30.46636,64.20443],[30.5096,64.22169],[30.48244,64.26233],[30.38827,64.26907],[30.36081,64.28132],[30.36693,64.29969],[30.30213,64.31986],[30.28551,64.32984],[30.21015,64.35047],[30.13718,64.35796],[30.10992,64.36503],[30.04487,64.40203],[30.05721,64.43423],[30.05007,64.44163],[30.05834,64.45089],[30.04593,64.47211],[30.02437,64.48299],[30.02968,64.50063],[30.0146,64.50435],[29.98696,64.5339],[29.99743,64.57731],[29.9894,64.58762]]]},"properties":{"kunta":"290"}},{"type":"Feature","geometry":{"type":"Polygon","coordinates":[[[23.40862,60.73977],[23.3335,60.71794],[23.2791,60.7261],[23.27728,60.71108],[23.25488,60.7281],[23.18143,60.75825],[23.15462,60.77417],[23.18835,60.73712],[23.21766,60.68161],[23.24317,60.67637],[23.22048,60.64348],[23.2577,60.62787],[23.20777,60.5857],[23.24327,60.58658],[23.30028,60.5815],[23.3635,60.55462],[23.39643,60.54611],[23.46727,60.58078],[23.49207,60.59493],[23.51579,60.59568],[23.4976,60.53456],[23.5189,60.51695],[23.53927,60.50932],[23.57588,60.50116],[23.58611,60.48373],[23.61688,60.48841],[23.64263,60.46733],[23.71266,60.49803],[23.73749,60.49037],[23.82303,60.49464],[23.83763,60.49128],[23.87185,60.50793],[23.86458,60.52149],[23.85154,60.5306],[23.86446,60.53874],[23.84449,60.55642],[23.8875,60.55851],[23.88907,60.5741],[23.90827,60.58687],[23.92055,60.60609],[23.86641,60.61864],[23.90051,60.64976],[23.88671,60.64965],[23.81419,60.65608],[23.74791,60.65326],[23.71383,60.66379],[23.68415,60.65724],[23.67289,60.67073],[23.68156,60.68323],[23.62592,60.6938],[23.57588,60.69432],[23.53925,60.70432],[23.52945,60.71839],[23.50033,60.72744],[23.50214,60.74399],[23.45438,60.74872],[23.40862,60.73977]]]},"properties":{"kunta":"761"}},{"type":"Feature","geometry":{"type":"Polygon","coordinates":[[[25.53522,61.77956],[25.41226,61.75526],[25.3961,61.74485],[25.4075,61.74038],[25.39345,61.72291],[25.37284,61.71307],[25.3578,61.71965],[25.30222,61.7257],[25.26518,61.72647],[25.26392,61.73921],[25.24505,61.72788],[25.23558,61.72639],[25.21857,61.73673],[25.19025,61.72941],[25.17963,61.73621],[25.15024,61.73905],[24.97928,61.78695],[24.96068,61.7802],[25.0035,61.73126],[24.9788,61.72185],[24.95911,61.72833],[24.96663,61.74481],[24.95567,61.75553],[24.94386,61.75109],[24.95013,61.74389],[24.91346,61.70648],[24.93074,61.68492],[24.95696,61.67145],[24.96422,61.6618],[24.94895,61.64104],[24.96033,61.63065],[24.91814,61.63098],[24.88823,61.64727],[24.87577,61.64459],[24.83374,61.65],[24.81203,61.66002],[24.78389,61.62217],[24.793,61.60483],[24.81637,61.58992],[24.83099,61.55795],[24.84425,61.56763],[24.84667,61.58813],[24.86148,61.58859],[24.88902,61.59745],[24.91694,61.58948],[24.91639,61.56553],[24.87771,61.54513],[24.94543,61.53903],[24.92642,61.50496],[24.92973,61.48041],[24.97048,61.4507],[25.07951,61.4666],[25.09354,61.47164],[25.11812,61.47299],[25.14777,61.45922],[25.18329,61.47836],[25.25614,61.47273],[25.27585,61.48017],[25.43743,61.48691],[25.50664,61.63392],[25.50133,61.67686],[25.49704,61.70457],[25.50087,61.76299],[25.53522,61.77956]]]},"properties":{"kunta":"291"}},{"type":"Feature","geometry":{"type":"MultiPolygon","coordinates":[[[[20.68003,60.23057],[20.66553,60.22446],[20.65793,60.20783],[20.66287,60.19893],[20.67872,60.18918],[20.71709,60.19996],[20.70557,60.20832],[20.70508,60.22278],[20.68003,60.23057]]],[[[20.73684,60.23552],[20.73763,60.24476],[20.72619,60.25159],[20.72358,60.23384],[20.72551,60.22065],[20.74156,60.22491],[20.73684,60.23552]]],[[[20.86246,60.25758],[20.84045,60.25025],[20.85533,60.24189],[20.86486,60.2435],[20.86246,60.25758]]],[[[20.78296,60.28969],[20.76566,60.27644],[20.7556,60.27295],[20.75346,60.26264],[20.74219,60.2577],[20.76099,60.24692],[20.76559,60.23611],[20.77879,60.22647],[20.79715,60.22717],[20.79631,60.23973],[20.8258,60.24437],[20.83852,60.25865],[20.83012,60.27214],[20.81312,60.27701],[20.79618,60.2915],[20.78296,60.28969]]],[[[20.7594,60.29603],[20.76163,60.30132],[20.7402,60.30493],[20.73489,60.29534],[20.74661,60.29156],[20.7594,60.29603]]],[[[20.92893,60.3424],[20.92056,60.35058],[20.90315,60.34271],[20.9119,60.32516],[20.92576,60.31091],[20.9427,60.31209],[20.93422,60.32429],[20.93752,60.3292],[20.92893,60.3424]]],[[[20.75668,60.37029],[20.75611,60.35838],[20.74613,60.35391],[20.73215,60.33538],[20.73318,60.31828],[20.74527,60.31416],[20.75677,60.32318],[20.78213,60.32849],[20.78689,60.3454],[20.79501,60.35367],[20.78484,60.36598],[20.76912,60.3648],[20.75668,60.37029]]],[[[20.87352,60.36028],[20.87101,60.3735],[20.85991,60.37478],[20.86464,60.35555],[20.87352,60.36028]]],[[[20.77843,60.40414],[20.7722,60.41048],[20.75731,60.40564],[20.76425,60.39246],[20.77843,60.40414]]],[[[20.61903,60.40963],[20.59948,60.40286],[20.62063,60.39736],[20.62908,60.4025],[20.61903,60.40963]]]]},"properties":{"kunta":"295"}},{"type":"Feature","geometry":{"type":"Polygon","coordinates":[[[28.6108,63.20384],[28.55538,63.22343],[28.53621,63.23282],[28.49875,63.23477],[28.46747,63.24682],[28.44826,63.27267],[28.45785,63.27522],[28.43617,63.30899],[28.4452,63.33173],[28.43669,63.34502],[28.43889,63.35131],[28.40799,63.37506],[28.3767,63.37027],[28.35893,63.37426],[28.34043,63.32504],[28.26904,63.32873],[28.25938,63.38531],[28.20911,63.37084],[28.17837,63.3796],[28.16413,63.37189],[28.14238,63.38724],[28.08841,63.40331],[28.03033,63.37195],[28.02832,63.35948],[28.00651,63.33954],[27.95255,63.33928],[27.93906,63.33011],[27.9385,63.3012],[27.90533,63.29737],[27.88449,63.30452],[27.87138,63.30524],[27.85927,63.29633],[27.86222,63.2863],[27.85157,63.28334],[27.84098,63.26364],[27.82429,63.25879],[27.80885,63.2663],[27.79612,63.26722],[27.77809,63.24849],[27.69995,63.25001],[27.70879,63.23507],[27.72935,63.22874],[27.7696,63.22369],[27.7924,63.21258],[27.81703,63.20668],[27.83014,63.18649],[27.8278,63.17654],[27.81872,63.17357],[27.80436,63.14966],[27.86283,63.11507],[27.85645,63.09203],[27.88611,63.08219],[27.84306,63.07902],[27.82428,63.05001],[27.79567,63.04554],[27.80746,63.03507],[27.87245,63.00994],[27.9354,63.01092],[27.94917,63.00325],[27.90977,62.98158],[27.85041,63.00035],[27.824,62.99345],[27.83156,62.975],[27.83193,62.95187],[27.8122,62.95243],[27.79189,62.95776],[27.79466,62.97124],[27.78706,62.97679],[27.71171,62.96299],[27.69049,62.97615],[27.67616,62.97953],[27.65624,62.96895],[27.63504,62.97239],[27.60453,62.97011],[27.60051,62.96129],[27.55852,62.96983],[27.55812,62.97734],[27.52592,62.98207],[27.52069,62.97819],[27.52898,62.96625],[27.47131,62.97698],[27.42022,62.99358],[27.39404,63.0109],[27.38326,63.0409],[27.35246,63.04902],[27.35349,63.05841],[27.38891,63.04921],[27.44722,63.06528],[27.47001,63.06329],[27.47712,63.07492],[27.49159,63.07481],[27.5138,63.08678],[27.51718,63.10415],[27.49229,63.11228],[27.47897,63.11242],[27.46178,63.11998],[27.47235,63.12363],[27.47925,63.14333],[27.47218,63.16086],[27.48925,63.15567],[27.52663,63.16217],[27.4928,63.18472],[27.46425,63.17823],[27.37574,63.17886],[27.35763,63.17313],[27.35316,63.18725],[27.33052,63.19491],[27.33458,63.20468],[27.34915,63.20756],[27.3374,63.22261],[27.30686,63.24314],[27.29862,63.29338],[27.28897,63.29245],[27.27108,63.3007],[27.27077,63.31185],[27.23175,63.31603],[27.22218,63.32418],[27.18426,63.32604],[27.18295,63.33022],[27.13699,63.32122],[27.13375,63.29169],[27.14797,63.28214],[27.14425,63.27288],[27.11781,63.27757],[27.1044,63.27321],[27.1061,63.26696],[27.12378,63.25516],[27.0712,63.26492],[27.04604,63.2658],[27.03311,63.25609],[27.05421,63.25202],[27.0425,63.22876],[27.05142,63.22047],[27.03656,63.19521],[27.11091,63.16257],[27.09455,63.16025],[27.01074,63.17519],[26.95287,63.17453],[26.95602,63.16473],[26.99098,63.1597],[27.02124,63.14277],[26.94818,63.13409],[26.95662,63.11769],[26.97828,63.09453],[27.00311,63.07916],[27.08052,63.05245],[27.07745,63.04376],[27.08998,63.03026],[27.10121,63.03184],[27.14211,63.01461],[27.12556,63.0055],[27.09125,63.01531],[27.07221,63.01018],[27.07504,62.99992],[27.04736,63.00538],[27.02533,63.00277],[27.02834,62.99165],[26.99404,62.99005],[26.97945,62.98327],[26.96169,62.98655],[26.94185,62.99607],[26.8955,62.98903],[26.90482,62.97672],[26.89013,62.96384],[26.89623,62.95659],[26.91184,62.95383],[26.94011,62.9158],[26.92431,62.90781],[26.9266,62.89773],[26.90895,62.84995],[26.97055,62.81643],[26.98123,62.78882],[26.97693,62.77848],[27.01198,62.75605],[27.03027,62.75654],[27.05139,62.74817],[27.08203,62.7596],[27.11706,62.76328],[27.12933,62.75558],[27.18075,62.74266],[27.27575,62.70244],[27.32122,62.7139],[27.36142,62.70952],[27.38055,62.69979],[27.43787,62.69994],[27.45749,62.71823],[27.47701,62.71616],[27.48252,62.70579],[27.51859,62.69434],[27.53773,62.69376],[27.54669,62.6983],[27.58184,62.68904],[27.70607,62.67488],[27.71342,62.68931],[27.74007,62.68677],[27.7738,62.67146],[27.79152,62.67049],[27.82272,62.6745],[27.84426,62.66822],[27.85289,62.68316],[27.87959,62.67531],[27.93897,62.69372],[27.95085,62.69085],[27.94959,62.68333],[27.93676,62.67794],[27.96315,62.66779],[27.98699,62.66636],[28.01319,62.67729],[28.03498,62.67202],[28.07387,62.67459],[28.08726,62.67325],[28.15547,62.65364],[28.16562,62.65821],[28.20527,62.64736],[28.20552,62.6317],[28.22095,62.62188],[28.2192,62.60378],[28.2293,62.59835],[28.25886,62.60757],[28.29843,62.60797],[28.3431,62.59289],[28.35445,62.59783],[28.33398,62.60948],[28.33812,62.61983],[28.36079,62.61242],[28.35728,62.62242],[28.36852,62.63193],[28.31209,62.65153],[28.36243,62.69796],[28.3713,62.70215],[28.33051,62.73698],[28.31864,62.73938],[28.29166,62.76436],[28.31233,62.76678],[28.33955,62.76437],[28.33259,62.77436],[28.31574,62.78381],[28.27113,62.76883],[28.25008,62.76887],[28.3041,62.7924],[28.32314,62.79568],[28.33841,62.80616],[28.3351,62.81584],[28.3219,62.834],[28.2654,62.81032],[28.23062,62.82376],[28.20005,62.84124],[28.21015,62.84789],[28.20934,62.85479],[28.18711,62.86918],[28.16669,62.8765],[28.16309,62.88461],[28.18103,62.88452],[28.19014,62.88974],[28.24964,62.87079],[28.25665,62.87503],[28.24323,62.88566],[28.24594,62.88981],[28.29055,62.88175],[28.30078,62.88968],[28.26738,62.89713],[28.27029,62.9027],[28.29295,62.89925],[28.30011,62.9126],[28.2717,62.91956],[28.28959,62.92768],[28.30701,62.92856],[28.3025,62.93605],[28.27353,62.94224],[28.37047,62.94586],[28.39165,62.95276],[28.38595,62.96386],[28.42031,62.98156],[28.44608,62.99777],[28.45519,63.00089],[28.46503,63.01548],[28.43031,63.04388],[28.41211,63.05275],[28.39794,63.05229],[28.39995,63.06519],[28.41739,63.07809],[28.47813,63.0896],[28.46753,63.10532],[28.52919,63.10864],[28.54659,63.11302],[28.54586,63.12433],[28.63204,63.1257],[28.65684,63.12314],[28.76239,63.13672],[28.70748,63.17042],[28.69802,63.18311],[28.65383,63.19685],[28.6108,63.20384]]]},"properties":{"kunta":"297"}},{"type":"Feature","geometry":{"type":"Polygon","coordinates":[[[23.84705,62.76261],[23.70024,62.82721],[23.63373,62.8796],[23.57149,62.90705],[23.54786,62.91487],[23.51947,62.91963],[23.48751,62.90976],[23.46316,62.90765],[23.45111,62.91075],[23.38019,62.89448],[23.38832,62.88857],[23.33932,62.8369],[23.33784,62.82835],[23.2964,62.81072],[23.27892,62.77471],[23.27126,62.73574],[23.35184,62.70796],[23.35592,62.69905],[23.3723,62.6905],[23.39366,62.69867],[23.39051,62.68104],[23.44905,62.65101],[23.48273,62.66559],[23.50885,62.66438],[23.54813,62.65118],[23.5677,62.6529],[23.56749,62.66434],[23.58333,62.66782],[23.63176,62.70632],[23.66563,62.71565],[23.68479,62.73362],[23.65856,62.7426],[23.66746,62.75176],[23.7018,62.73269],[23.7496,62.74615],[23.76872,62.74187],[23.84705,62.76261]]]},"properties":{"kunta":"300"}},{"type":"Feature","geometry":{"type":"Polygon","coordinates":[[[22.20068,62.75157],[22.12424,62.76732],[22.12107,62.76018],[22.06711,62.76863],[22.06323,62.76345],[22.00883,62.77442],[21.97303,62.7876],[21.91472,62.79971],[21.8424,62.81756],[21.83096,62.84536],[21.77206,62.86356],[21.76523,62.8476],[21.72877,62.82107],[21.72914,62.76767],[21.7478,62.7202],[21.79097,62.69422],[21.72724,62.66634],[21.66224,62.64005],[21.70268,62.6352],[21.6995,62.62056],[21.66709,62.62138],[21.67518,62.61534],[21.70581,62.6113],[21.72192,62.61827],[21.72355,62.62986],[21.75568,62.6243],[21.75765,62.61476],[21.76985,62.61188],[21.79009,62.61774],[21.80872,62.62965],[21.81842,62.62413],[21.81255,62.61463],[21.78188,62.59692],[21.7994,62.59427],[21.80614,62.6017],[21.86804,62.59915],[21.88635,62.60862],[21.903,62.60376],[21.90417,62.58877],[21.93597,62.58681],[21.94236,62.6153],[21.96952,62.6233],[22.01817,62.60771],[22.09962,62.60542],[22.11113,62.59771],[22.11138,62.56372],[22.06313,62.54481],[22.04152,62.54144],[22.1278,62.52712],[22.14188,62.55084],[22.29202,62.53185],[22.29585,62.52356],[22.3688,62.50732],[22.36416,62.49255],[22.42988,62.48209],[22.48777,62.47851],[22.54495,62.46622],[22.5814,62.46766],[22.60069,62.4414],[22.6419,62.41172],[22.6346,62.36199],[22.66326,62.31746],[22.63425,62.30087],[22.74557,62.27331],[22.83125,62.27088],[22.89687,62.26901],[22.99436,62.2889],[23.14452,62.3192],[23.10236,62.38697],[23.13264,62.38611],[23.11917,62.40964],[23.09874,62.42212],[23.07781,62.42932],[23.06141,62.46389],[23.04332,62.46854],[22.96263,62.551],[22.93375,62.54941],[22.9174,62.59144],[22.90751,62.59973],[22.87138,62.59192],[22.85767,62.6342],[22.70946,62.62375],[22.6946,62.61215],[22.65653,62.62987],[22.66023,62.61994],[22.68933,62.60632],[22.68162,62.59712],[22.66478,62.60337],[22.6235,62.60299],[22.63745,62.61827],[22.60969,62.62893],[22.58467,62.62684],[22.5692,62.61935],[22.54677,62.62908],[22.53515,62.62719],[22.50834,62.63],[22.43403,62.66568],[22.39249,62.67929],[22.31632,62.69235],[22.30566,62.68797],[22.15015,62.71958],[22.16718,62.73383],[22.20068,62.75157]]]},"properties":{"kunta":"301"}},{"type":"Feature","geometry":{"type":"MultiPolygon","coordinates":[[[[21.36462,60.52006],[21.36064,60.51606],[21.36807,60.49549],[21.38419,60.49782],[21.3744,60.51094],[21.38041,60.51736],[21.36462,60.52006]]],[[[21.50588,60.5145],[21.50675,60.52515],[21.49168,60.52988],[21.48186,60.52196],[21.50588,60.5145]]],[[[21.44511,60.56592],[21.43955,60.57587],[21.42674,60.57161],[21.44511,60.56592]]],[[[21.31004,60.58029],[21.29135,60.57884],[21.28765,60.57307],[21.31824,60.55462],[21.32589,60.56156],[21.30882,60.5728],[21.31004,60.58029]]],[[[21.17622,60.56699],[21.18082,60.57183],[21.16023,60.57624],[21.16134,60.56088],[21.17622,60.56699]]],[[[21.24944,60.58018],[21.2361,60.58713],[21.22933,60.57324],[21.2399,60.56592],[21.25289,60.54834],[21.26976,60.55208],[21.27293,60.53352],[21.24816,60.52961],[21.23819,60.51613],[21.24543,60.50801],[21.26485,60.50779],[21.2794,60.50431],[21.28228,60.49093],[21.31121,60.49779],[21.31631,60.49305],[21.34401,60.49265],[21.35408,60.49978],[21.33454,60.50746],[21.33653,60.51624],[21.31857,60.52056],[21.31686,60.52868],[21.32313,60.5377],[21.30552,60.55141],[21.29869,60.56114],[21.2692,60.5706],[21.24944,60.58018]]],[[[21.4799,60.54543],[21.46691,60.5589],[21.45257,60.56007],[21.43141,60.55444],[21.42336,60.5588],[21.42071,60.57857],[21.40297,60.58245],[21.39815,60.59429],[21.37129,60.5955],[21.37576,60.58886],[21.36336,60.57923],[21.33008,60.56579],[21.3288,60.56245],[21.34447,60.54955],[21.33312,60.54386],[21.36213,60.53043],[21.38394,60.52902],[21.38917,60.51583],[21.40245,60.51386],[21.40358,60.50751],[21.43361,60.50059],[21.43336,60.48591],[21.46923,60.47762],[21.47819,60.47981],[21.48764,60.49082],[21.49782,60.49277],[21.4837,60.51146],[21.47644,60.52671],[21.48083,60.53666],[21.4799,60.54543]]],[[[21.18036,60.61343],[21.20846,60.59907],[21.21,60.58805],[21.23395,60.59508],[21.22335,60.60632],[21.20823,60.6069],[21.19984,60.61736],[21.18036,60.61343]]],[[[21.32701,60.61947],[21.31166,60.61732],[21.35005,60.59918],[21.35716,60.58634],[21.37006,60.58536],[21.36931,60.59491],[21.35715,60.60159],[21.35301,60.61549],[21.32701,60.61947]]],[[[21.24007,60.61728],[21.23263,60.62739],[21.21463,60.62041],[21.22264,60.61187],[21.23432,60.60807],[21.24007,60.61728]]],[[[21.26953,60.66849],[21.28573,60.6594],[21.26172,60.65066],[21.23837,60.64951],[21.22765,60.63648],[21.23208,60.6293],[21.24791,60.61817],[21.24491,60.60731],[21.27002,60.60467],[21.29189,60.6075],[21.27808,60.59596],[21.29533,60.58396],[21.32427,60.5894],[21.30576,60.60907],[21.31033,60.6234],[21.35538,60.62473],[21.3411,60.63569],[21.32064,60.63327],[21.31856,60.64157],[21.30925,60.64493],[21.31657,60.66701],[21.29588,60.66636],[21.2932,60.67097],[21.26953,60.66849]]],[[[21.01962,60.72245],[21.03063,60.7291],[21.02837,60.73533],[21.0044,60.72441],[21.01962,60.72245]]]]},"properties":{"kunta":"304"}},{"type":"Feature","geometry":{"type":"Polygon","coordinates":[[[29.57293,66.43285],[29.25797,66.43289],[29.25852,66.40815],[28.69531,66.48585],[28.66485,66.41295],[28.61294,66.41248],[28.58466,66.40092],[28.57465,66.38218],[28.54871,66.38288],[28.54641,66.34023],[28.53809,66.33261],[28.593,66.26788],[28.60641,66.26454],[28.63885,66.26672],[28.64376,66.25176],[28.66213,66.24731],[28.68849,66.26223],[28.74966,66.25448],[28.75881,66.22924],[28.75009,66.21512],[28.73393,66.2061],[28.76843,66.18455],[28.71737,66.16036],[28.71576,66.13591],[28.68715,66.12754],[28.60416,66.12816],[28.6262,66.09043],[28.64581,66.08586],[28.62481,66.0709],[28.69685,66.06174],[28.70283,66.0532],[28.71845,66.04326],[28.74454,66.05143],[28.76424,66.04334],[28.7484,66.02372],[28.74726,66.00181],[28.66931,65.9997],[28.65197,65.98689],[28.59771,65.98737],[28.59822,65.99922],[28.5441,66.00896],[28.54385,66.00347],[28.48321,66.00388],[28.48264,65.98969],[28.41165,65.9863],[28.42264,66.0027],[28.41523,66.00508],[28.39026,65.9963],[28.39251,65.96857],[28.37283,65.97126],[28.37217,65.96022],[28.43293,65.94647],[28.45811,65.91876],[28.50877,65.88978],[28.5132,65.84621],[28.56876,65.83821],[28.60194,65.77837],[28.64433,65.74082],[28.64971,65.64105],[28.6668,65.62129],[28.72986,65.60612],[28.84957,65.59947],[28.9319,65.64673],[29.0223,65.58937],[29.15715,65.53158],[29.21322,65.51848],[29.32032,65.52089],[29.50488,65.48802],[29.54836,65.50594],[29.65091,65.49757],[29.74033,65.49618],[29.75471,65.49737],[29.79847,65.52632],[29.8639,65.56044],[29.75397,65.60935],[29.72187,65.63708],[30.01711,65.69648],[30.03969,65.68727],[30.13847,65.66868],[30.13407,65.69972],[30.06845,65.89496],[30.0244,65.95873],[30.02422,65.9667],[29.99712,65.97883],[29.9894,66.01988],[29.97096,66.04621],[29.92331,66.12715],[29.7094,66.2683],[29.69683,66.2772],[29.63136,66.36628],[29.57293,66.43285]]]},"properties":{"kunta":"305"}},{"type":"Feature","geometry":{"type":"Polygon","coordinates":[[[29.30396,62.71796],[29.25481,62.76088],[29.2378,62.76517],[29.24464,62.79688],[29.21433,62.80099],[29.18348,62.82571],[29.13688,62.83311],[29.11107,62.848],[29.0976,62.84559],[28.96623,62.803],[28.94287,62.7749],[28.93053,62.77463],[28.89866,62.78969],[28.90083,62.79537],[28.84816,62.80845],[28.80949,62.83013],[28.79009,62.8338],[28.74441,62.81238],[28.74769,62.79911],[28.71701,62.77333],[28.70021,62.77264],[28.68056,62.77632],[28.64256,62.76079],[28.63271,62.74398],[28.64402,62.7282],[28.70288,62.69426],[28.65502,62.66827],[28.65515,62.65702],[28.67472,62.649],[28.79065,62.64029],[28.86302,62.59992],[28.94402,62.57683],[28.98013,62.57018],[29.0434,62.60235],[29.03329,62.60842],[29.02461,62.62383],[28.98602,62.62854],[28.97884,62.64114],[29.09093,62.67225],[29.08268,62.67707],[29.13987,62.69933],[29.15633,62.70278],[29.20889,62.68811],[29.27666,62.68185],[29.28805,62.68582],[29.30396,62.71796]]]},"properties":{"kunta":"309"}},{"type":"Feature","geometry":{"type":"Polygon","coordinates":[[[24.77288,63.13336],[24.53075,63.15748],[24.35901,63.11643],[24.31798,63.06664],[24.27802,63.06438],[24.27205,63.04826],[24.27809,63.03306],[24.2969,63.03464],[24.3086,63.01848],[24.29575,63.01712],[24.28952,62.99906],[24.30094,62.98835],[24.31106,62.97728],[24.33439,62.98297],[24.34822,62.9637],[24.44588,62.96086],[24.48252,62.93122],[24.53012,62.94284],[24.50799,62.95911],[24.53899,62.9581],[24.60481,62.99791],[24.62481,62.99335],[24.63738,63.00476],[24.66321,63.00247],[24.65042,62.98917],[24.70908,62.98406],[24.71552,62.99234],[24.74743,63.00319],[24.73616,63.01162],[24.81609,63.04043],[24.84394,63.04467],[24.88166,63.04573],[24.87153,63.08016],[24.77288,63.13336]]]},"properties":{"kunta":"312"}},{"type":"Feature","geometry":{"type":"Polygon","coordinates":[[[25.40222,60.85436],[25.3859,60.86347],[25.37007,60.87994],[25.33144,60.88766],[25.31873,60.90087],[25.32779,60.91138],[25.30969,60.92293],[25.3178,60.93247],[25.31277,60.94445],[25.28764,60.97338],[25.26144,60.98168],[25.2471,60.97177],[25.22394,60.97022],[25.18768,60.95091],[25.17001,60.92622],[25.13352,60.90506],[25.11882,60.86391],[25.10811,60.86508],[25.08898,60.86104],[25.07857,60.83924],[25.09235,60.82227],[25.11097,60.81858],[25.12101,60.8164],[25.18927,60.82034],[25.1843,60.82509],[25.19606,60.83972],[25.20911,60.84085],[25.22117,60.80404],[25.28473,60.77623],[25.29812,60.75196],[25.31909,60.76097],[25.38218,60.7534],[25.4333,60.79545],[25.44389,60.79919],[25.44961,60.81051],[25.42841,60.83202],[25.39499,60.84708],[25.40222,60.85436]]]},"properties":{"kunta":"316"}},{"type":"Feature","geometry":{"type":"Polygon","coordinates":[[[26.18882,63.99511],[26.14937,64.01579],[26.13987,64.01024],[26.09953,64.01932],[26.10187,64.03524],[25.96698,64.07355],[25.93688,64.07409],[25.90341,64.08161],[25.78741,64.10507],[25.7773,64.11064],[25.71745,64.09263],[25.66489,64.0834],[25.64618,64.08271],[25.67859,64.06574],[25.68165,64.05704],[25.63028,64.03963],[25.60421,64.03428],[25.6179,64.02424],[25.57341,64.02445],[25.55362,64.01731],[25.5914,64.01174],[25.60855,64.01547],[25.633,64.0082],[25.5862,63.99493],[25.60539,63.98015],[25.59187,63.97383],[25.57148,63.9982],[25.54776,63.99092],[25.534,63.99343],[25.52503,63.98483],[25.56466,63.96453],[25.53404,63.9216],[25.60919,63.91781],[25.66731,63.80985],[25.66196,63.79977],[25.67637,63.7977],[25.67386,63.78688],[25.85126,63.84333],[26.25085,63.92638],[26.24979,63.94824],[26.18882,63.99511]]]},"properties":{"kunta":"317"}},{"type":"Feature","geometry":{"type":"MultiPolygon","coordinates":[[[[20.9368,59.87597],[20.92244,59.8783],[20.91287,59.87226],[20.92619,59.86628],[20.9368,59.87597]]],[[[20.92271,59.93215],[20.91255,59.91911],[20.92733,59.91234],[20.94367,59.92318],[20.96799,59.92486],[20.95054,59.93364],[20.92271,59.93215]]],[[[20.90209,59.94522],[20.88374,59.93962],[20.86559,59.93809],[20.85368,59.92788],[20.86145,59.91925],[20.87981,59.91106],[20.88884,59.91174],[20.9098,59.90176],[20.92664,59.90288],[20.92594,59.90992],[20.90893,59.91732],[20.9135,59.92979],[20.90386,59.93707],[20.90209,59.94522]]],[[[20.94752,59.95641],[20.93756,59.96319],[20.92528,59.9624],[20.91017,59.95575],[20.90993,59.94918],[20.92751,59.9412],[20.93503,59.93384],[20.95364,59.93505],[20.96979,59.92742],[20.97966,59.91882],[20.99503,59.92144],[20.98928,59.93751],[20.99202,59.94391],[21.00577,59.94927],[20.99832,59.95453],[20.98037,59.95037],[20.96599,59.9589],[20.94752,59.95641]]]]},"properties":{"kunta":"318"}},{"type":"Feature","geometry":{"type":"Polygon","coordinates":[[[27.8816,66.88591],[27.68109,66.96794],[27.68515,66.97888],[27.66003,66.97677],[27.58459,67.00716],[27.40337,67.01015],[27.38571,67.01956],[27.35809,67.02509],[27.33549,67.04303],[27.24886,67.01258],[27.14818,67.01381],[26.51797,66.94292],[26.46814,66.93455],[26.53264,66.89693],[26.60751,66.84217],[26.65572,66.82204],[26.71406,66.61684],[26.69755,66.57459],[27.16523,66.35382],[27.24985,66.33199],[27.41466,66.28907],[27.60782,66.38731],[27.59596,66.40094],[27.79295,66.43218],[27.98195,66.4194],[28.13862,66.43186],[28.07516,66.50141],[28.09135,66.51205],[28.19192,66.62677],[28.15614,66.69772],[28.11744,66.7121],[28.06457,66.70585],[27.94278,66.77626],[27.8816,66.88591]]]},"properties":{"kunta":"320"}},{"type":"Feature","geometry":{"type":"MultiPolygon","coordinates":[[[[22.39761,59.82273],[22.38442,59.82207],[22.3825,59.80972],[22.40463,59.81211],[22.39761,59.82273]]],[[[22.3287,59.81562],[22.31749,59.81263],[22.32988,59.80458],[22.34068,59.80865],[22.3287,59.81562]]],[[[22.39316,59.85374],[22.37325,59.84699],[22.39459,59.84339],[22.40886,59.85307],[22.39316,59.85374]]],[[[22.49982,59.87786],[22.48676,59.8773],[22.46825,59.86918],[22.45162,59.87326],[22.44197,59.86445],[22.4212,59.86116],[22.42513,59.85138],[22.45727,59.85463],[22.47116,59.86251],[22.48997,59.86108],[22.50596,59.8666],[22.51321,59.8782],[22.49982,59.87786]]],[[[22.20708,59.87008],[22.21343,59.87644],[22.1804,59.87587],[22.17835,59.86743],[22.20708,59.87008]]],[[[22.52963,59.8994],[22.50107,59.89719],[22.47399,59.88746],[22.47961,59.87529],[22.50925,59.88768],[22.52722,59.89118],[22.52963,59.8994]]],[[[22.38817,59.9003],[22.36746,59.89878],[22.36878,59.89171],[22.39393,59.8948],[22.38817,59.9003]]],[[[22.35677,59.90582],[22.37141,59.90825],[22.38559,59.9229],[22.3744,59.92456],[22.35442,59.9128],[22.35677,59.90582]]],[[[22.46733,59.94046],[22.45786,59.92531],[22.47628,59.92565],[22.46733,59.94046]]],[[[22.35868,59.93818],[22.34546,59.92895],[22.35381,59.92184],[22.3647,59.9225],[22.37567,59.93643],[22.35868,59.93818]]],[[[22.58638,59.95576],[22.55831,59.95021],[22.57092,59.94571],[22.58638,59.95576]]],[[[22.50036,59.94966],[22.49195,59.94119],[22.50114,59.93517],[22.49821,59.92373],[22.51537,59.92693],[22.51837,59.94137],[22.50036,59.94966]]],[[[22.6467,59.95399],[22.62919,59.95881],[22.61546,59.96534],[22.59674,59.96305],[22.58682,59.95902],[22.59481,59.95322],[22.63594,59.93671],[22.65065,59.93975],[22.64367,59.94779],[22.6467,59.95399]]],[[[22.56803,59.96741],[22.54678,59.9664],[22.52502,59.95996],[22.52351,59.95354],[22.55295,59.95452],[22.5686,59.95768],[22.56803,59.96741]]],[[[22.35295,59.9642],[22.33511,59.96071],[22.33012,59.94952],[22.3411,59.9328],[22.37295,59.95021],[22.36989,59.96044],[22.35295,59.9642]]],[[[22.41886,59.92445],[22.42536,59.92739],[22.42499,59.95064],[22.43588,59.96545],[22.43193,59.97562],[22.41516,59.9708],[22.41527,59.96185],[22.39349,59.94757],[22.40549,59.92099],[22.41886,59.92445]]],[[[22.64735,59.9633],[22.63979,59.97579],[22.61198,59.99051],[22.60077,59.98179],[22.60138,59.97179],[22.60825,59.96682],[22.62019,59.96515],[22.62177,59.96272],[22.63702,59.96008],[22.64735,59.9633]]],[[[22.52635,59.98722],[22.5019,59.98322],[22.50474,59.96051],[22.52912,59.96124],[22.55966,59.97209],[22.55983,59.98172],[22.52635,59.98722]]],[[[22.37413,59.99264],[22.34803,59.99235],[22.35075,59.98046],[22.36521,59.97617],[22.36437,59.98817],[22.37413,59.99264]]],[[[22.4249,59.98413],[22.43277,59.98973],[22.41749,60.00044],[22.40752,59.97898],[22.4249,59.98413]]],[[[22.74326,59.99919],[22.74148,60.00727],[22.72381,60.01143],[22.71664,60.00547],[22.72451,59.99955],[22.74326,59.99919]]],[[[22.62704,60.01468],[22.61119,60.00083],[22.63011,60.00274],[22.62704,60.01468]]],[[[22.67419,60.02403],[22.67171,60.03508],[22.65848,60.03179],[22.66173,60.0243],[22.65564,60.00331],[22.6631,59.99348],[22.68291,59.99174],[22.68683,60.00074],[22.67585,60.01021],[22.68326,60.02056],[22.67419,60.02403]]],[[[22.82177,60.0671],[22.81304,60.07325],[22.79348,60.06526],[22.81477,60.06225],[22.82177,60.0671]]],[[[22.39069,60.12478],[22.37537,60.12456],[22.38396,60.11307],[22.39977,60.11465],[22.39069,60.12478]]],[[[22.47535,60.20762],[22.4987,60.21541],[22.49426,60.21914],[22.50737,60.22896],[22.50421,60.23319],[22.47988,60.24057],[22.4657,60.23719],[22.45704,60.22586],[22.45494,60.21512],[22.46268,60.20795],[22.47535,60.20762]]],[[[22.86339,60.24753],[22.86233,60.24289],[22.84454,60.23773],[22.81973,60.2388],[22.79014,60.23462],[22.77526,60.23781],[22.76029,60.23566],[22.7395,60.23804],[22.67674,60.23335],[22.64213,60.22749],[22.60857,60.22844],[22.59298,60.22158],[22.59159,60.21092],[22.56181,60.20877],[22.54257,60.20367],[22.52588,60.20921],[22.48936,60.20519],[22.462,60.20731],[22.46085,60.20298],[22.41448,60.18133],[22.41197,60.16915],[22.43017,60.16017],[22.45301,60.1669],[22.48134,60.15931],[22.50445,60.15933],[22.51405,60.16224],[22.53962,60.16215],[22.55846,60.15363],[22.52194,60.14974],[22.50829,60.15035],[22.4897,60.14505],[22.46956,60.14506],[22.46233,60.13823],[22.4412,60.13899],[22.42652,60.12604],[22.45018,60.11452],[22.4804,60.1097],[22.47337,60.09823],[22.47535,60.09212],[22.48818,60.0843],[22.47733,60.07456],[22.46542,60.07509],[22.47111,60.08473],[22.46072,60.09679],[22.45008,60.09838],[22.42463,60.11044],[22.40948,60.10824],[22.40543,60.10051],[22.39243,60.09298],[22.37519,60.09324],[22.36499,60.08915],[22.36853,60.07628],[22.36329,60.06004],[22.38561,60.03153],[22.37732,60.02647],[22.37676,60.01672],[22.39036,60.00155],[22.40431,60.00858],[22.39414,60.03125],[22.40565,60.03268],[22.4061,60.00964],[22.41789,60.00899],[22.43897,60.02438],[22.44629,60.01169],[22.4448,60.00356],[22.45957,60.00174],[22.47418,60.01117],[22.49346,60.01687],[22.50823,60.01558],[22.52174,60.02293],[22.53821,60.02401],[22.54952,60.03111],[22.57464,60.03256],[22.57247,60.02641],[22.58602,60.02114],[22.6065,60.0298],[22.62756,60.01529],[22.65574,60.01946],[22.64897,60.0242],[22.65846,60.03809],[22.67387,60.04613],[22.67678,60.0331],[22.6874,60.01747],[22.70328,60.01173],[22.73809,60.01523],[22.75142,60.00662],[22.78293,60.01804],[22.7908,60.02827],[22.7869,60.03674],[22.77348,60.04021],[22.77876,60.0541],[22.77079,60.07385],[22.78579,60.08258],[22.79909,60.08293],[22.83561,60.09304],[22.84313,60.09808],[22.85531,60.11588],[22.85736,60.128],[22.86476,60.13713],[22.85574,60.14181],[22.86702,60.1506],[22.84536,60.16237],[22.84868,60.18128],[22.86349,60.18333],[22.85243,60.19838],[22.87208,60.21623],[22.89624,60.22301],[22.89737,60.23787],[22.90481,60.25148],[22.91731,60.2544],[22.90892,60.26385],[22.88629,60.2495],[22.86339,60.24753]]]]},"properties":{"kunta":"322"}},{"type":"Feature","geometry":{"type":"Polygon","coordinates":[[[26.05103,61.10098],[25.93684,61.07092],[25.92242,61.07781],[25.90634,61.07935],[25.85806,61.10267],[25.78353,61.09629],[25.746,61.08536],[25.72143,61.06595],[25.82219,61.05137],[25.80798,61.04108],[25.7513,61.03168],[25.71404,61.02997],[25.6653,61.02609],[25.65317,61.03014],[25.59965,61.03401],[25.59509,61.02596],[25.57305,61.0018],[25.54031,60.99826],[25.5517,60.97617],[25.57109,60.95952],[25.56221,60.95167],[25.55634,60.9337],[25.59878,60.92631],[25.60227,60.93239],[25.62311,60.93034],[25.64351,60.91051],[25.65751,60.90644],[25.6637,60.90525],[25.69658,60.91742],[25.7032,60.91592],[25.7283,60.93456],[25.74668,60.91389],[25.7778,60.9235],[25.77767,60.89105],[25.8263,60.897],[25.91865,60.88665],[25.94462,60.91365],[25.95012,60.92857],[25.97709,60.92391],[26.01481,60.90425],[26.08375,60.89611],[26.10268,60.88823],[26.12243,60.90811],[26.13994,60.90723],[26.16024,60.91883],[26.16898,60.92937],[26.0602,60.93608],[26.0422,60.97292],[26.04767,60.98281],[26.06217,60.98543],[26.06654,60.97353],[26.07616,60.97139],[26.11672,60.98456],[26.12113,61.008],[26.1329,61.02775],[26.11769,61.0422],[26.10288,61.04872],[26.10731,61.07654],[26.0459,61.09392],[26.05103,61.10098]]]},"properties":{"kunta":"398"}},{"type":"Feature","geometry":{"type":"Polygon","coordinates":[[[22.14397,62.96311],[22.13747,62.95941],[22.06514,62.98926],[22.04756,62.9974],[22.0425,63.00488],[22.01794,63.0205],[21.97636,63.03013],[21.93971,63.03449],[21.91211,63.04876],[21.88692,62.98378],[21.79793,62.92357],[21.78513,62.89399],[21.77206,62.86356],[21.83096,62.84536],[21.8424,62.81756],[21.91472,62.79971],[21.97303,62.7876],[22.00883,62.77442],[22.06323,62.76345],[22.06711,62.76863],[22.12107,62.76018],[22.12424,62.76732],[22.20068,62.75157],[22.27387,62.79114],[22.28956,62.79882],[22.26531,62.82148],[22.26588,62.83609],[22.25808,62.84469],[22.249,62.88001],[22.23109,62.88167],[22.20069,62.92512],[22.15686,62.9506],[22.14397,62.96311]]]},"properties":{"kunta":"399"}},{"type":"Feature","geometry":{"type":"Polygon","coordinates":[[[21.84411,61.0094],[21.80498,61.0201],[21.82521,61.03418],[21.77575,61.03411],[21.75325,61.02656],[21.76603,61.0137],[21.73439,61.00089],[21.71364,60.99903],[21.69331,61.00355],[21.66559,60.99633],[21.60366,60.96425],[21.60431,60.95434],[21.59176,60.95056],[21.5682,60.95226],[21.54788,60.96874],[21.54803,60.98593],[21.4938,60.98888],[21.48091,60.98197],[21.5127,60.96434],[21.52315,60.90754],[21.49109,60.89573],[21.50555,60.88351],[21.52672,60.8804],[21.52381,60.85591],[21.54075,60.85404],[21.56143,60.84056],[21.59199,60.85],[21.61492,60.84701],[21.70343,60.81705],[21.71339,60.80399],[21.71479,60.78637],[21.75016,60.77091],[21.73359,60.77011],[21.73201,60.75929],[21.74816,60.74932],[21.79882,60.73846],[21.83301,60.75443],[21.85647,60.77962],[21.93043,60.80641],[22.03153,60.87282],[22.07307,60.86525],[22.05938,60.88314],[22.12847,60.90421],[22.01178,60.90095],[22.00815,60.89744],[21.98521,60.901],[21.99676,60.91255],[21.94417,60.94652],[21.95137,60.97694],[21.92615,60.97615],[21.90297,60.98616],[21.88969,60.98136],[21.87704,60.98277],[21.84411,61.0094]]]},"properties":{"kunta":"400"}},{"type":"Feature","geometry":{"type":"Polygon","coordinates":[[[28.08841,63.40331],[28.08099,63.40682],[28.05708,63.44052],[28.08421,63.43128],[28.08882,63.42547],[28.10531,63.42357],[28.11573,63.43316],[28.1019,63.44234],[28.10972,63.45794],[28.11707,63.45789],[28.13052,63.47548],[28.12674,63.48828],[28.11581,63.49322],[28.11195,63.50645],[28.07344,63.53662],[28.04181,63.55012],[27.94281,63.51892],[27.88813,63.53004],[27.88045,63.53506],[27.85646,63.53261],[27.85179,63.5276],[27.78448,63.51629],[27.76703,63.51866],[27.71619,63.51157],[27.70776,63.50439],[27.62518,63.50247],[27.64631,63.49351],[27.66508,63.4913],[27.6624,63.48088],[27.56942,63.4827],[27.57022,63.49169],[27.5429,63.4931],[27.54717,63.50643],[27.50741,63.50112],[27.49903,63.50956],[27.49699,63.52264],[27.47878,63.52217],[27.45754,63.47779],[27.42968,63.51159],[27.37319,63.49146],[27.36675,63.47478],[27.30958,63.45387],[27.31474,63.44922],[27.31046,63.434],[27.28367,63.43944],[27.27553,63.44678],[27.25854,63.4409],[27.23606,63.44473],[27.21857,63.45148],[27.20554,63.44613],[27.20992,63.43948],[27.19108,63.43663],[27.18773,63.43162],[27.19613,63.41951],[27.19166,63.41338],[27.16554,63.40281],[27.13892,63.3966],[27.16567,63.38239],[27.1483,63.36219],[27.1342,63.36837],[27.11909,63.3692],[27.14518,63.3477],[27.17042,63.34382],[27.18295,63.33022],[27.18426,63.32604],[27.22218,63.32418],[27.23175,63.31603],[27.27077,63.31185],[27.27108,63.3007],[27.28897,63.29245],[27.29862,63.29338],[27.30686,63.24314],[27.3374,63.22261],[27.34915,63.20756],[27.33458,63.20468],[27.33052,63.19491],[27.35316,63.18725],[27.35763,63.17313],[27.37574,63.17886],[27.46425,63.17823],[27.4928,63.18472],[27.52663,63.16217],[27.53749,63.16687],[27.55498,63.18573],[27.56908,63.1904],[27.60047,63.19264],[27.63213,63.18188],[27.6378,63.19184],[27.63423,63.20609],[27.64226,63.21189],[27.61481,63.22455],[27.64825,63.22517],[27.65593,63.23554],[27.67825,63.22924],[27.68777,63.23793],[27.67891,63.24648],[27.69995,63.25001],[27.77809,63.24849],[27.79612,63.26722],[27.80885,63.2663],[27.82429,63.25879],[27.84098,63.26364],[27.85157,63.28334],[27.86222,63.2863],[27.85927,63.29633],[27.87138,63.30524],[27.88449,63.30452],[27.90533,63.29737],[27.9385,63.3012],[27.93906,63.33011],[27.95255,63.33928],[28.00651,63.33954],[28.02832,63.35948],[28.03033,63.37195],[28.08841,63.40331]]]},"properties":{"kunta":"402"}},{"type":"Feature","geometry":{"type":"Polygon","coordinates":[[[23.86202,63.27758],[23.77073,63.31311],[23.69837,63.37894],[23.66604,63.364],[23.70688,63.35484],[23.6928,63.34803],[23.72386,63.32952],[23.69564,63.3193],[23.71322,63.30831],[23.68563,63.30165],[23.66934,63.31462],[23.65058,63.31077],[23.63389,63.30136],[23.61501,63.32038],[23.58338,63.31245],[23.60818,63.30043],[23.58542,63.2904],[23.54715,63.31554],[23.47648,63.29263],[23.49108,63.28435],[23.48012,63.2806],[23.4671,63.28957],[23.44346,63.28178],[23.42568,63.27593],[23.43015,63.26667],[23.40585,63.26448],[23.41213,63.25574],[23.39192,63.25513],[23.38103,63.24668],[23.37519,63.21754],[23.37129,63.21525],[23.29005,63.21628],[23.28031,63.20537],[23.31754,63.20462],[23.39683,63.1772],[23.44486,63.13781],[23.47177,63.0693],[23.45483,63.06331],[23.51427,63.029],[23.50077,62.97904],[23.57719,62.99995],[23.57786,63.01561],[23.64266,63.0441],[23.65348,63.04513],[23.63712,63.06715],[23.64599,63.08776],[23.67966,63.08741],[23.68406,63.09846],[23.7034,63.09742],[23.71564,63.1119],[23.69795,63.17533],[23.77569,63.20402],[23.79972,63.20096],[23.84912,63.21161],[23.86031,63.21773],[23.86202,63.27758]]]},"properties":{"kunta":"403"}},{"type":"Feature","geometry":{"type":"Polygon","coordinates":[[[28.70168,61.23156],[28.69031,61.2375],[28.6399,61.22863],[28.6522,61.21627],[28.59818,61.19978],[28.39794,61.28469],[28.30911,61.24744],[28.3022,61.24058],[28.31569,61.20849],[28.40919,61.17621],[28.34699,61.14321],[28.33115,61.12941],[28.30715,61.12284],[28.29831,61.13269],[28.2604,61.12912],[28.23561,61.11754],[28.23483,61.1102],[28.20682,61.10721],[28.19524,61.10138],[28.17141,61.12673],[28.15653,61.13261],[28.13517,61.12972],[28.14263,61.11833],[28.15943,61.11035],[28.16251,61.09504],[28.13447,61.1042],[28.12806,61.09626],[28.11123,61.09205],[28.09024,61.10883],[28.06905,61.11255],[28.06626,61.10183],[28.05001,61.09528],[28.0525,61.08329],[28.01367,61.06767],[27.99111,61.06153],[27.96158,61.04102],[27.92981,61.03815],[27.94232,61.02768],[27.92793,61.02508],[27.9202,61.03081],[27.89647,61.02707],[27.88396,61.03022],[27.8671,61.02661],[27.85646,61.01136],[27.85756,60.99375],[27.90119,61.00086],[27.90826,60.98959],[27.89784,60.97159],[27.90366,60.96587],[27.89495,60.94631],[27.90253,60.92774],[27.89131,60.90886],[27.90107,60.89108],[27.93196,60.88416],[27.93325,60.87932],[27.90111,60.84779],[27.88889,60.85158],[27.88345,60.86536],[27.9012,60.87371],[27.88893,60.88696],[27.87171,60.87533],[27.85496,60.86002],[27.87618,60.8486],[27.83096,60.82507],[27.76077,60.82422],[27.76684,60.83374],[27.7437,60.83163],[27.75075,60.81626],[27.71738,60.81751],[27.71853,60.80007],[27.71388,60.79533],[27.71043,60.78995],[27.72754,60.76279],[27.75134,60.75758],[27.77327,60.7589],[27.79292,60.7692],[27.85115,60.76517],[27.8593,60.74105],[27.88058,60.71337],[27.90193,60.69639],[27.95273,60.68598],[27.95714,60.67737],[27.95147,60.66716],[27.99128,60.66898],[28.01517,60.68244],[28.08899,60.72059],[28.13547,60.74087],[28.17428,60.77862],[28.2205,60.78279],[28.25584,60.80995],[28.31191,60.84127],[28.32428,60.85788],[28.33585,60.85425],[28.46543,60.92334],[28.48368,60.929],[28.52461,60.95711],[28.57286,60.95169],[28.61482,60.95536],[28.64923,60.94814],[28.655,60.9495],[28.68403,60.97894],[28.71019,61.02698],[28.71385,61.04446],[28.77665,61.07925],[28.73477,61.10065],[28.74529,61.14372],[28.73704,61.15835],[28.73538,61.17823],[28.71868,61.18667],[28.73011,61.19213],[28.69715,61.20777],[28.7055,61.21198],[28.66857,61.22133],[28.70168,61.23156]]]},"properties":{"kunta":"405"}},{"type":"Feature","geometry":{"type":"Polygon","coordinates":[[[26.30013,60.74921],[26.27753,60.75395],[26.27098,60.76035],[26.2537,60.76101],[26.25315,60.7481],[26.22921,60.74784],[26.20836,60.75799],[26.22384,60.72927],[26.21426,60.71625],[26.16329,60.70076],[26.14181,60.6905],[26.10924,60.68638],[26.02778,60.71663],[25.93352,60.70594],[25.94078,60.68168],[25.90496,60.63705],[25.9578,60.6477],[25.99538,60.64753],[26.00059,60.6438],[26.0746,60.6447],[26.09121,60.62965],[26.09508,60.6175],[26.08984,60.5914],[26.12472,60.5722],[26.15209,60.57115],[26.17289,60.59453],[26.21612,60.5648],[26.22143,60.537],[26.24474,60.51929],[26.26186,60.52488],[26.27634,60.51716],[26.27868,60.50616],[26.28625,60.4996],[26.33927,60.51046],[26.38023,60.50849],[26.36244,60.5348],[26.36694,60.54335],[26.34934,60.60663],[26.3471,60.66136],[26.36208,60.66822],[26.33845,60.67583],[26.32507,60.69666],[26.33147,60.71189],[26.30046,60.73095],[26.30013,60.74921]]]},"properties":{"kunta":"407"}},{"type":"Feature","geometry":{"type":"Polygon","coordinates":[[[23.45483,63.06331],[23.35339,63.0273],[23.31059,63.03383],[23.27009,63.03057],[23.20431,63.04247],[23.05207,63.0297],[22.91548,63.06309],[22.89691,63.07351],[22.80841,63.06172],[22.78412,63.03792],[22.80206,63.00209],[22.79903,62.98863],[22.83164,62.93983],[22.83295,62.88627],[22.81779,62.871],[22.95029,62.87382],[23.11359,62.8598],[23.02819,62.81065],[23.18962,62.81649],[23.19806,62.81178],[23.20698,62.79705],[23.23131,62.78261],[23.27892,62.77471],[23.2964,62.81072],[23.33784,62.82835],[23.33932,62.8369],[23.38832,62.88857],[23.38019,62.89448],[23.45111,62.91075],[23.46316,62.90765],[23.48751,62.90976],[23.51947,62.91963],[23.45791,62.95976],[23.49335,62.9678],[23.50077,62.97904],[23.51427,63.029],[23.45483,63.06331]]]},"properties":{"kunta":"408"}},{"type":"Feature","geometry":{"type":"Polygon","coordinates":[[[26.21867,62.49107],[26.20474,62.49116],[26.17722,62.47851],[26.14014,62.48948],[26.08817,62.52799],[26.03596,62.58359],[25.93568,62.52478],[25.8848,62.53982],[25.82713,62.54508],[25.83248,62.53808],[25.84559,62.534],[25.84443,62.52424],[25.80476,62.50886],[25.79739,62.51346],[25.72966,62.50154],[25.72759,62.48962],[25.71437,62.48044],[25.6937,62.48155],[25.69515,62.4915],[25.62345,62.4771],[25.57913,62.42875],[25.617,62.42661],[25.6463,62.42039],[25.65834,62.41243],[25.67553,62.4102],[25.69587,62.39748],[25.74409,62.37961],[25.78619,62.38995],[25.81878,62.38108],[25.84231,62.36847],[25.84608,62.34937],[25.82893,62.33403],[25.8167,62.3056],[25.85568,62.29589],[25.85001,62.28745],[25.88111,62.29255],[25.87878,62.27268],[25.89369,62.28097],[25.92172,62.27981],[25.93685,62.27141],[25.96205,62.29865],[25.99643,62.27953],[26.05099,62.26759],[26.04544,62.26108],[26.05135,62.23707],[26.02642,62.23171],[26.01845,62.22396],[26.04862,62.18128],[26.07954,62.18884],[26.12101,62.23045],[26.13421,62.23586],[26.19433,62.22249],[26.24455,62.22404],[26.33096,62.21324],[26.31886,62.22071],[26.29622,62.26123],[26.32415,62.26626],[26.30535,62.28194],[26.2947,62.30007],[26.19779,62.35535],[26.23249,62.35892],[26.25315,62.35685],[26.27863,62.34512],[26.2798,62.37422],[26.31102,62.40344],[26.25793,62.40791],[26.21867,62.49107]]]},"properties":{"kunta":"410"}},{"type":"Feature","geometry":{"type":"Polygon","coordinates":[[[27.99111,61.06153],[27.98325,61.06757],[27.98026,61.09733],[27.97322,61.10282],[27.9488,61.11063],[27.94692,61.12288],[27.93448,61.1307],[27.91656,61.12375],[27.90216,61.14128],[27.88703,61.13335],[27.88158,61.12499],[27.86204,61.13891],[27.87625,61.15075],[27.86839,61.15386],[27.84334,61.15452],[27.85011,61.16972],[27.81184,61.16321],[27.79601,61.15574],[27.78424,61.16368],[27.75585,61.15579],[27.73816,61.15531],[27.71093,61.14968],[27.69471,61.15082],[27.69195,61.12889],[27.70871,61.10288],[27.68694,61.10007],[27.63607,61.08637],[27.63493,61.07447],[27.61718,61.06412],[27.64655,61.05148],[27.64883,61.03347],[27.62163,61.03706],[27.59379,61.03597],[27.58501,61.03213],[27.57279,61.01769],[27.59703,61.01853],[27.62315,61.01448],[27.6667,61.0011],[27.67674,61.00433],[27.67027,61.01173],[27.68777,61.01391],[27.70495,61.01203],[27.70959,61.00341],[27.72689,60.99694],[27.82163,61.00172],[27.8405,60.99424],[27.85756,60.99375],[27.85646,61.01136],[27.8671,61.02661],[27.88396,61.03022],[27.89647,61.02707],[27.9202,61.03081],[27.92793,61.02508],[27.94232,61.02768],[27.92981,61.03815],[27.96158,61.04102],[27.99111,61.06153]]]},"properties":{"kunta":"416"}},{"type":"Feature","geometry":{"type":"MultiPolygon","coordinates":[[[[19.96093,60.03654],[19.96032,60.02878],[19.98009,60.02828],[19.99202,60.01594],[20.00502,60.00751],[20.01793,60.01386],[20.00712,60.02638],[19.98919,60.02631],[19.96093,60.03654]]],[[[19.97188,60.05323],[19.97185,60.04623],[19.96044,60.04202],[19.96754,60.03483],[19.98606,60.03843],[19.98144,60.04771],[19.97188,60.05323]]],[[[20.09933,60.10305],[20.08165,60.10803],[20.07967,60.09627],[20.0592,60.09534],[20.06217,60.08517],[20.03811,60.08246],[20.02042,60.09553],[19.99338,60.08512],[19.97452,60.07412],[19.98451,60.06628],[20.00048,60.06926],[20.01826,60.06854],[20.03299,60.04753],[20.04696,60.03896],[20.07181,60.04726],[20.08909,60.04642],[20.11751,60.01991],[20.11038,60.00353],[20.11895,59.99808],[20.1344,60.00154],[20.14473,59.99362],[20.15379,59.99609],[20.16868,60.01645],[20.18326,60.00913],[20.18427,59.99312],[20.17547,59.97956],[20.17704,59.97003],[20.20311,59.98196],[20.21183,59.99147],[20.21181,59.99846],[20.23183,60.01169],[20.21602,60.0154],[20.20556,60.02699],[20.21137,60.03528],[20.21189,60.04885],[20.22122,60.06277],[20.20909,60.06622],[20.22359,60.07701],[20.21046,60.08992],[20.19785,60.08588],[20.16969,60.08482],[20.16,60.09335],[20.1391,60.08923],[20.12116,60.09476],[20.11713,60.10006],[20.09933,60.10305]]]]},"properties":{"kunta":"417"}},{"type":"Feature","geometry":{"type":"Polygon","coordinates":[[[23.89019,61.42737],[23.82219,61.42977],[23.77723,61.42339],[23.77931,61.43185],[23.74112,61.43216],[23.65684,61.40702],[23.59151,61.40386],[23.57682,61.39663],[23.54627,61.36328],[23.54834,61.3583],[23.60305,61.33395],[23.65263,61.3273],[23.67182,61.31682],[23.65711,61.29741],[23.66727,61.28976],[23.68592,61.29637],[23.71526,61.29065],[23.72766,61.28411],[23.73513,61.27159],[23.72852,61.26553],[23.73713,61.25898],[23.75374,61.24802],[23.78873,61.23276],[23.81145,61.23071],[23.83879,61.24193],[23.89053,61.27072],[23.96463,61.31708],[23.94369,61.32333],[23.95777,61.33135],[23.95015,61.33985],[23.96731,61.34362],[23.89019,61.42737]]]},"properties":{"kunta":"418"}},{"type":"Feature","geometry":{"type":"Polygon","coordinates":[[[28.36079,62.61242],[28.33812,62.61983],[28.33398,62.60948],[28.35445,62.59783],[28.3431,62.59289],[28.29843,62.60797],[28.25886,62.60757],[28.2293,62.59835],[28.2192,62.60378],[28.22095,62.62188],[28.20552,62.6317],[28.20527,62.64736],[28.16562,62.65821],[28.15547,62.65364],[28.08726,62.67325],[28.07387,62.67459],[28.03498,62.67202],[28.01319,62.67729],[27.98699,62.66636],[27.96315,62.66779],[27.93676,62.67794],[27.94959,62.68333],[27.95085,62.69085],[27.93897,62.69372],[27.87959,62.67531],[27.85289,62.68316],[27.84426,62.66822],[27.82272,62.6745],[27.79152,62.67049],[27.7738,62.67146],[27.74007,62.68677],[27.71342,62.68931],[27.70607,62.67488],[27.58184,62.68904],[27.54669,62.6983],[27.53773,62.69376],[27.51859,62.69434],[27.48252,62.70579],[27.46898,62.69433],[27.50727,62.67882],[27.52877,62.66255],[27.50949,62.65088],[27.53948,62.61523],[27.5383,62.60752],[27.51148,62.6102],[27.48385,62.62223],[27.44988,62.61415],[27.4791,62.5887],[27.45368,62.57365],[27.46699,62.56266],[27.46018,62.55333],[27.46135,62.54196],[27.44363,62.54739],[27.42544,62.54019],[27.4213,62.51869],[27.40851,62.50389],[27.41583,62.49528],[27.44127,62.48501],[27.45947,62.484],[27.46465,62.47084],[27.5291,62.45679],[27.5432,62.45672],[27.57257,62.44806],[27.6299,62.41964],[27.65255,62.39981],[27.68558,62.38863],[27.69191,62.37476],[27.75796,62.36739],[27.79607,62.36228],[27.80866,62.36332],[27.82631,62.35314],[27.83614,62.3523],[27.84801,62.36164],[27.8821,62.36986],[27.89349,62.37],[27.90133,62.37965],[27.91252,62.38051],[27.95703,62.34596],[28.01137,62.31821],[28.0317,62.29548],[28.06113,62.2846],[28.07125,62.28869],[28.08139,62.30234],[28.07046,62.31454],[28.09677,62.31918],[28.09735,62.32557],[28.12869,62.32492],[28.13331,62.33054],[28.17113,62.32565],[28.19595,62.34752],[28.22437,62.34933],[28.25675,62.365],[28.26615,62.35835],[28.29304,62.35182],[28.315,62.35455],[28.32344,62.35802],[28.3188,62.36801],[28.32899,62.37808],[28.32352,62.38264],[28.28424,62.39326],[28.28501,62.41236],[28.24477,62.42405],[28.25078,62.43148],[28.28645,62.44306],[28.30041,62.45048],[28.29473,62.45705],[28.27678,62.46242],[28.28642,62.47315],[28.30738,62.46973],[28.32503,62.47234],[28.35452,62.46129],[28.38187,62.46164],[28.3934,62.48489],[28.37247,62.49631],[28.36777,62.5033],[28.37522,62.51027],[28.38766,62.50876],[28.40282,62.52887],[28.40548,62.53731],[28.39755,62.55584],[28.40919,62.56891],[28.40107,62.57505],[28.47745,62.56576],[28.52077,62.54846],[28.54546,62.56838],[28.46697,62.58316],[28.43073,62.60366],[28.39178,62.61098],[28.36079,62.61242]]]},"properties":{"kunta":"420"}},{"type":"Feature","geometry":{"type":"Polygon","coordinates":[[[25.03632,63.45807],[24.91336,63.52532],[24.82017,63.58661],[24.75408,63.61114],[24.61871,63.65089],[24.56503,63.63717],[24.47085,63.60453],[24.48108,63.59632],[24.45913,63.59127],[24.40855,63.566],[24.43008,63.56309],[24.49271,63.53898],[24.46686,63.52539],[24.50197,63.50994],[24.53196,63.52497],[24.55459,63.52295],[24.55483,63.51207],[24.53038,63.49744],[24.53227,63.48095],[24.50844,63.46843],[24.54602,63.44916],[24.51064,63.43143],[24.47774,63.41933],[24.51075,63.39116],[24.47935,63.38387],[24.48618,63.3752],[24.49299,63.36657],[24.57276,63.39223],[24.77292,63.35868],[24.90247,63.43123],[25.03632,63.45807]]]},"properties":{"kunta":"421"}},{"type":"Feature","geometry":{"type":"Polygon","coordinates":[[[31.23824,63.19513],[31.23983,63.21887],[31.22334,63.22337],[31.16462,63.24409],[31.15141,63.25834],[31.12633,63.26882],[31.10185,63.27094],[31.08568,63.28131],[31.02068,63.30323],[30.99295,63.3038],[30.97917,63.30777],[30.94402,63.33668],[30.93442,63.3555],[30.87589,63.36357],[30.85015,63.36845],[30.84244,63.37689],[30.78769,63.40528],[30.66929,63.42692],[30.48401,63.4667],[30.38454,63.54551],[30.25821,63.58395],[30.24415,63.60727],[30.12375,63.668],[30.10955,63.67965],[30.07297,63.69474],[30.0605,63.70379],[30.06484,63.70795],[29.97189,63.75717],[29.87466,63.74921],[29.77569,63.70336],[29.68184,63.67295],[29.65362,63.68104],[29.5426,63.61488],[29.53352,63.54897],[29.50578,63.5523],[29.49506,63.54768],[29.50439,63.54078],[29.53121,63.53357],[29.52301,63.48501],[29.54715,63.47904],[29.5665,63.46443],[29.56613,63.43322],[29.53668,63.40723],[29.52248,63.36908],[29.49851,63.36564],[29.46729,63.34785],[29.49667,63.33603],[29.53167,63.33863],[29.57495,63.32539],[29.53953,63.30528],[29.57456,63.26812],[29.5679,63.25369],[29.62927,63.24398],[29.61139,63.21279],[29.61978,63.20293],[29.65055,63.19888],[29.66295,63.18574],[29.65441,63.16703],[29.64111,63.15515],[29.70135,63.12448],[29.69555,63.11686],[29.71425,63.10619],[29.72126,63.08213],[29.75456,63.05662],[29.78716,63.0515],[29.81905,63.04643],[29.86479,63.06575],[29.95019,63.01796],[29.95997,63.01955],[29.95799,63.03479],[29.98365,63.04576],[30.00318,63.03523],[30.02025,63.03479],[30.02665,63.04665],[30.04139,63.04742],[30.14026,63.03238],[30.1826,63.04438],[30.23943,63.04244],[30.26602,63.03936],[30.2859,63.02572],[30.32653,63.01672],[30.36139,62.9984],[30.4847,63.02362],[30.58899,63.0793],[30.63326,63.09199],[30.67625,63.09001],[30.90825,63.13236],[30.9647,63.16731],[31.06151,63.18174],[31.23824,63.19513]]]},"properties":{"kunta":"422"}},{"type":"Feature","geometry":{"type":"Polygon","coordinates":[[[22.68212,60.63956],[22.62411,60.60418],[22.60766,60.60972],[22.57599,60.60878],[22.54973,60.58968],[22.58139,60.57923],[22.5787,60.56797],[22.56557,60.56588],[22.5249,60.58366],[22.48725,60.57097],[22.47549,60.59977],[22.48885,60.62652],[22.5106,60.63535],[22.44571,60.64091],[22.43009,60.60241],[22.40599,60.58846],[22.37236,60.54744],[22.37358,60.5298],[22.38221,60.52542],[22.35321,60.49336],[22.37254,60.48646],[22.36528,60.47831],[22.39769,60.44707],[22.4375,60.45308],[22.47697,60.46067],[22.56699,60.49485],[22.57879,60.49507],[22.57896,60.49906],[22.63848,60.52132],[22.68945,60.54805],[22.77243,60.52621],[22.82892,60.52436],[22.80272,60.55595],[22.79921,60.59367],[22.83648,60.61056],[22.85468,60.62926],[22.84011,60.62675],[22.74698,60.62979],[22.71921,60.63191],[22.68212,60.63956]]]},"properties":{"kunta":"423"}},{"type":"Feature","geometry":{"type":"Polygon","coordinates":[[[25.55533,64.84887],[25.54696,64.85645],[25.52326,64.86581],[25.49073,64.86685],[25.47001,64.88698],[25.44509,64.89239],[25.44245,64.8813],[25.40172,64.88435],[25.38684,64.87554],[25.37138,64.87732],[25.36737,64.86851],[25.3455,64.86173],[25.35453,64.85737],[25.3393,64.8483],[25.34255,64.83909],[25.3293,64.83734],[25.31276,64.82834],[25.29402,64.82829],[25.29623,64.84015],[25.27754,64.81468],[25.16824,64.73418],[25.26736,64.69499],[25.28652,64.69683],[25.31112,64.68375],[25.33214,64.66814],[25.52027,64.62894],[25.57612,64.61635],[25.61715,64.60455],[25.68307,64.55582],[25.69898,64.54915],[25.70131,64.54214],[25.7258,64.52387],[25.73993,64.51768],[25.78075,64.54238],[25.77262,64.55169],[25.8077,64.54994],[25.82902,64.53528],[25.86383,64.52079],[25.92645,64.55695],[26.21667,64.46268],[26.26288,64.46718],[26.29111,64.47906],[26.28474,64.50874],[26.16817,64.59217],[25.95599,64.66096],[25.93463,64.64875],[26.12818,64.58551],[26.10498,64.57235],[26.09988,64.56393],[26.07402,64.5716],[26.06534,64.56274],[26.03162,64.57023],[26.00439,64.58026],[25.98586,64.56958],[25.96188,64.57727],[25.98779,64.59211],[25.94436,64.60014],[25.93236,64.59303],[25.91008,64.60022],[25.92161,64.60465],[25.89274,64.62136],[25.81936,64.63735],[25.7911,64.65113],[25.7559,64.66231],[25.667,64.62723],[25.70452,64.62791],[25.739,64.62246],[25.73776,64.59764],[25.75107,64.59054],[25.7258,64.5826],[25.7159,64.58575],[25.70862,64.60248],[25.69471,64.61043],[25.63898,64.6251],[25.62481,64.62522],[25.59132,64.63048],[25.58096,64.62638],[25.53972,64.68546],[25.50105,64.70685],[25.51887,64.71358],[25.52657,64.73023],[25.5359,64.73196],[25.60798,64.72648],[25.60592,64.74272],[25.56522,64.79625],[25.55787,64.80166],[25.52783,64.80677],[25.53155,64.82127],[25.54355,64.82349],[25.5562,64.83443],[25.55533,64.84887]]]},"properties":{"kunta":"425"}},{"type":"Feature","geometry":{"type":"Polygon","coordinates":[[[29.63721,62.65453],[29.61556,62.67661],[29.61652,62.69602],[29.60075,62.71195],[29.5848,62.72147],[29.53992,62.71586],[29.50631,62.70883],[29.47418,62.72235],[29.46156,62.72185],[29.425,62.70319],[29.39884,62.68085],[29.34959,62.70471],[29.35599,62.71761],[29.3479,62.71998],[29.3226,62.71273],[29.30396,62.71796],[29.28805,62.68582],[29.27666,62.68185],[29.20889,62.68811],[29.15633,62.70278],[29.13987,62.69933],[29.08268,62.67707],[29.09093,62.67225],[28.97884,62.64114],[28.98602,62.62854],[29.02461,62.62383],[29.03329,62.60842],[29.0434,62.60235],[28.98013,62.57018],[28.94402,62.57683],[28.94134,62.56519],[28.9635,62.55834],[28.98142,62.54592],[29.00757,62.53564],[29.03387,62.52885],[29.03702,62.51951],[29.00121,62.51503],[29.05667,62.50219],[29.08288,62.49203],[29.10725,62.49424],[29.11775,62.48829],[29.10492,62.4796],[29.08148,62.42415],[29.10559,62.41601],[29.10979,62.41102],[29.0959,62.40375],[29.10194,62.39708],[29.12373,62.3895],[29.16645,62.38634],[29.16079,62.39796],[29.17425,62.40742],[29.19918,62.40199],[29.23081,62.41776],[29.26771,62.40769],[29.29597,62.38673],[29.51795,62.39962],[29.53852,62.40714],[29.64552,62.35975],[29.70494,62.38741],[29.76332,62.39793],[29.76322,62.40744],[29.76267,62.45844],[29.75105,62.52136],[29.63832,62.61116],[29.63678,62.64344],[29.61309,62.65018],[29.63721,62.65453]]]},"properties":{"kunta":"426"}},{"type":"Feature","geometry":{"type":"Polygon","coordinates":[[[22.9685,61.04325],[22.93571,61.0448],[22.92636,61.05491],[22.88906,61.05684],[22.88229,61.0603],[22.86984,61.0838],[22.82391,61.10144],[22.81634,61.0788],[22.83687,61.06913],[22.83628,61.06018],[22.8237,61.04205],[22.80727,61.04116],[22.82489,61.02652],[22.82645,61.01365],[22.81593,60.99341],[22.79275,61.00035],[22.77978,60.99421],[22.70938,60.98259],[22.70154,60.98694],[22.57908,60.9902],[22.52247,60.9764],[22.58624,60.93879],[22.60238,60.92689],[22.61909,60.91401],[22.63117,60.91192],[22.64842,60.91497],[22.65426,60.90442],[22.71901,60.9083],[22.7512,60.91798],[22.74874,60.93658],[22.75849,60.93706],[22.77177,60.91722],[22.7783,60.86757],[22.77054,60.8527],[22.79182,60.82376],[22.81697,60.81325],[22.75772,60.81533],[22.83674,60.76337],[22.84177,60.76465],[22.93845,60.71567],[22.96524,60.71086],[23.03171,60.69881],[23.09676,60.73151],[23.1009,60.74176],[23.15462,60.77417],[23.19487,60.81341],[23.23007,60.82541],[23.2213,60.8296],[23.14258,60.8375],[23.13745,60.84077],[23.13564,60.88352],[23.15524,60.89243],[23.26666,60.88911],[23.25308,60.91947],[23.29134,60.91793],[23.29393,60.9547],[23.25539,60.96347],[23.19537,61.00122],[23.16505,61.00545],[23.15809,61.02319],[23.14808,61.03141],[23.10744,61.0339],[23.05536,61.03099],[23.01628,61.0224],[22.9685,61.04325]]]},"properties":{"kunta":"430"}},{"type":"Feature","geometry":{"type":"Polygon","coordinates":[[[24.42296,60.77121],[24.41324,60.75638],[24.39825,60.75398],[24.33491,60.79462],[24.31157,60.79429],[24.29567,60.79825],[24.27954,60.79625],[24.25332,60.78599],[24.217,60.81247],[24.17569,60.82042],[24.12889,60.81916],[24.09919,60.79625],[24.09238,60.78532],[24.06324,60.79346],[24.0569,60.79132],[24.04757,60.75882],[24.04675,60.64232],[24.08429,60.62809],[24.10493,60.62894],[24.13478,60.62312],[24.17494,60.62808],[24.23726,60.61807],[24.23421,60.60145],[24.28539,60.56541],[24.30558,60.57105],[24.29332,60.58436],[24.30617,60.58715],[24.34772,60.61215],[24.38522,60.60304],[24.41042,60.59212],[24.39845,60.57718],[24.42368,60.55249],[24.54895,60.55984],[24.57725,60.5858],[24.56294,60.60247],[24.56603,60.63707],[24.61591,60.66757],[24.61337,60.67388],[24.61968,60.68436],[24.60562,60.69275],[24.68763,60.7256],[24.69095,60.75149],[24.67011,60.77309],[24.65305,60.76777],[24.62262,60.77967],[24.62334,60.75588],[24.55817,60.76425],[24.52149,60.74773],[24.5042,60.75382],[24.49084,60.74457],[24.43593,60.76001],[24.43939,60.77],[24.42296,60.77121]]]},"properties":{"kunta":"433"}},{"type":"Feature","geometry":{"type":"MultiPolygon","coordinates":[[[[25.9672,60.24969],[25.92945,60.24576],[25.93969,60.2413],[25.96151,60.24418],[25.9672,60.24969]]],[[[26.00452,60.2679],[26.00201,60.27681],[25.98306,60.27434],[25.98325,60.26836],[26.00452,60.2679]]],[[[26.09237,60.29029],[26.06575,60.29745],[26.0396,60.29343],[26.04165,60.28818],[26.08402,60.28829],[26.09848,60.28552],[26.11121,60.27828],[26.13606,60.28327],[26.09237,60.29029]]],[[[26.11113,60.3114],[26.09804,60.30879],[26.10043,60.30111],[26.09032,60.29717],[26.11832,60.29084],[26.13574,60.29708],[26.12703,60.31077],[26.11113,60.3114]]],[[[26.18014,60.34972],[26.1664,60.34984],[26.16809,60.34167],[26.18212,60.33502],[26.19706,60.31716],[26.22928,60.31768],[26.2484,60.32205],[26.23674,60.3337],[26.21498,60.33875],[26.20354,60.34546],[26.18014,60.34972]]],[[[25.94113,60.35431],[25.93101,60.35322],[25.92756,60.34184],[25.94447,60.33141],[25.95832,60.30465],[25.93399,60.30346],[25.94086,60.29038],[25.93244,60.28204],[25.9363,60.27157],[25.98194,60.27619],[26.00082,60.28522],[26.00771,60.27742],[26.02584,60.27836],[26.03615,60.28318],[26.03415,60.28933],[26.01748,60.28966],[26.00708,60.29887],[26.01062,60.31925],[25.99574,60.32274],[25.98826,60.33753],[25.97301,60.34083],[25.94113,60.35431]]],[[[26.29067,60.34407],[26.28264,60.35278],[26.26948,60.35144],[26.27579,60.34301],[26.29067,60.34407]]],[[[26.12612,60.35701],[26.10499,60.35494],[26.10576,60.34557],[26.12165,60.3389],[26.12612,60.35701]]],[[[26.43695,60.3479],[26.43954,60.3584],[26.42502,60.3576],[26.42037,60.34993],[26.43695,60.3479]]],[[[26.22017,60.39083],[26.19858,60.39046],[26.20231,60.3832],[26.22017,60.39083]]],[[[26.09133,60.39524],[26.09,60.38345],[26.11208,60.37979],[26.11637,60.38732],[26.09133,60.39524]]],[[[26.46912,60.37659],[26.43838,60.39252],[26.42598,60.40761],[26.41712,60.40203],[26.4274,60.3893],[26.42407,60.37481],[26.399,60.38161],[26.38302,60.38127],[26.38912,60.37146],[26.3853,60.36217],[26.39491,60.357],[26.4242,60.36159],[26.4274,60.37273],[26.43931,60.36946],[26.44701,60.35846],[26.49828,60.36212],[26.50769,60.35044],[26.50576,60.34525],[26.52249,60.34218],[26.54142,60.34518],[26.53981,60.36061],[26.53197,60.36951],[26.50925,60.36763],[26.49278,60.37455],[26.46912,60.37659]]],[[[26.54178,60.57501],[26.53866,60.59517],[26.51223,60.59898],[26.48345,60.59685],[26.48185,60.61425],[26.45845,60.63908],[26.4314,60.64955],[26.3471,60.66136],[26.34934,60.60663],[26.36694,60.54335],[26.36244,60.5348],[26.38023,60.50849],[26.33927,60.51046],[26.28625,60.4996],[26.27868,60.50616],[26.27634,60.51716],[26.26186,60.52488],[26.24474,60.51929],[26.22143,60.537],[26.21612,60.5648],[26.17289,60.59453],[26.15209,60.57115],[26.12472,60.5722],[26.08984,60.5914],[26.09508,60.6175],[26.09121,60.62965],[26.0746,60.6447],[26.00059,60.6438],[26.01446,60.62565],[26.00397,60.61592],[25.98675,60.61971],[25.96208,60.61485],[25.95528,60.60196],[25.96909,60.59241],[25.93805,60.57258],[25.91661,60.57041],[25.85376,60.57307],[25.82879,60.55687],[25.8257,60.54874],[25.82501,60.53656],[25.801,60.4869],[25.81711,60.47347],[25.85537,60.45447],[25.86955,60.44274],[25.92237,60.43181],[25.94679,60.40808],[25.9501,60.38748],[25.93425,60.36442],[25.94199,60.35736],[25.96189,60.35756],[26.01133,60.34436],[26.02034,60.33604],[26.02864,60.31745],[26.01694,60.30775],[26.02355,60.3041],[26.0499,60.30323],[26.05853,60.31228],[26.07778,60.30455],[26.08761,60.31385],[26.11132,60.3251],[26.1029,60.33072],[26.10812,60.33949],[26.10045,60.34787],[26.07499,60.34554],[26.07091,60.35819],[26.05511,60.3612],[26.0551,60.36834],[26.0427,60.37994],[26.02111,60.38444],[26.00678,60.39857],[26.02186,60.39951],[26.03965,60.41051],[26.0404,60.41766],[26.0239,60.42042],[25.99891,60.43081],[25.99336,60.4365],[25.99415,60.44697],[25.98111,60.4494],[25.96199,60.44325],[25.95468,60.45148],[25.97065,60.46387],[25.97015,60.47656],[25.94309,60.47506],[25.94062,60.48305],[25.97246,60.48128],[25.99725,60.46666],[26.004,60.45253],[26.0407,60.42972],[26.0572,60.42925],[26.07102,60.43349],[26.0881,60.42257],[26.10143,60.40955],[26.12917,60.40743],[26.13921,60.39494],[26.15671,60.40129],[26.16264,60.38681],[26.15686,60.37686],[26.17291,60.36862],[26.19618,60.3629],[26.20742,60.37158],[26.1951,60.38659],[26.19125,60.39746],[26.17103,60.40381],[26.1814,60.4119],[26.1965,60.40949],[26.20628,60.40354],[26.22288,60.40553],[26.22471,60.3958],[26.25147,60.39772],[26.25847,60.41064],[26.24938,60.42541],[26.23217,60.43645],[26.24201,60.44648],[26.26486,60.44026],[26.26991,60.43264],[26.28421,60.43328],[26.27977,60.42122],[26.29895,60.41477],[26.29014,60.40599],[26.31112,60.38095],[26.31408,60.37441],[26.33452,60.37223],[26.33241,60.37945],[26.33885,60.38849],[26.33422,60.39803],[26.35867,60.4023],[26.38607,60.41334],[26.3909,60.40292],[26.41473,60.39871],[26.41462,60.41131],[26.40067,60.42789],[26.40919,60.43085],[26.43918,60.41321],[26.45412,60.41798],[26.45463,60.44943],[26.44161,60.46281],[26.45425,60.47071],[26.44201,60.47899],[26.45316,60.48613],[26.44784,60.49242],[26.46811,60.50514],[26.48953,60.51351],[26.5112,60.52731],[26.50061,60.54544],[26.54429,60.55491],[26.54178,60.57501]]]]},"properties":{"kunta":"434"}},{"type":"Feature","geometry":{"type":"Polygon","coordinates":[[[25.85008,61.89064],[25.79398,61.89232],[25.75164,61.84954],[25.66056,61.85903],[25.62214,61.85919],[25.60632,61.85424],[25.59641,61.83952],[25.56503,61.79246],[25.53522,61.77956],[25.50087,61.76299],[25.49704,61.70457],[25.50133,61.67686],[25.53101,61.67687],[25.56702,61.67359],[25.60842,61.68069],[25.63908,61.69492],[25.66437,61.71589],[25.7258,61.71092],[25.74891,61.70481],[25.74277,61.69251],[25.77118,61.68507],[25.83129,61.768],[25.85613,61.78078],[25.84496,61.80141],[25.86419,61.81107],[25.86837,61.82189],[25.89349,61.83178],[25.92128,61.85846],[25.89519,61.87436],[25.85008,61.89064]]]},"properties":{"kunta":"435"}},{"type":"Feature","geometry":{"type":"Polygon","coordinates":[[[25.29623,64.84015],[25.28869,64.84673],[25.29889,64.85746],[25.2605,64.87212],[25.21938,64.87213],[25.21358,64.88021],[25.19907,64.88058],[25.19556,64.88764],[25.20539,64.89488],[25.18607,64.90291],[25.16282,64.90366],[25.14543,64.89737],[25.13166,64.90541],[25.13138,64.91317],[25.09282,64.92161],[25.08171,64.91374],[25.03637,64.90849],[25.00291,64.91312],[24.98601,64.84324],[24.95344,64.81199],[25.01504,64.7776],[25.16824,64.73418],[25.27754,64.81468],[25.29623,64.84015]]]},"properties":{"kunta":"436"}},{"type":"Feature","geometry":{"type":"Polygon","coordinates":[[[20.24948,60.15685],[20.22982,60.16805],[20.2206,60.1501],[20.2366,60.14074],[20.22215,60.1303],[20.21012,60.12983],[20.2226,60.11688],[20.20789,60.10927],[20.20968,60.10157],[20.20005,60.09429],[20.22388,60.09235],[20.23861,60.08053],[20.25306,60.07818],[20.24143,60.06759],[20.25953,60.06707],[20.27163,60.07125],[20.27426,60.08739],[20.27097,60.10696],[20.28665,60.10656],[20.29804,60.1169],[20.28702,60.11919],[20.29576,60.13238],[20.2955,60.14908],[20.26809,60.16048],[20.26194,60.15082],[20.24948,60.15685]]]},"properties":{"kunta":"438"}},{"type":"Feature","geometry":{"type":"MultiPolygon","coordinates":[[[[22.66134,63.75435],[22.64216,63.74637],[22.6533,63.73973],[22.66134,63.75435]]],[[[22.62314,63.75868],[22.61912,63.74489],[22.63151,63.74637],[22.62314,63.75868]]],[[[22.60859,63.79251],[22.58555,63.79304],[22.59521,63.77803],[22.58094,63.76254],[22.60344,63.75307],[22.62075,63.76147],[22.62025,63.77119],[22.6389,63.77686],[22.60168,63.78379],[22.60859,63.79251]]],[[[22.64285,63.77935],[22.63801,63.78963],[22.62075,63.7905],[22.62911,63.78048],[22.64285,63.77935]]],[[[22.66288,63.78139],[22.65342,63.78858],[22.65152,63.80249],[22.63254,63.79649],[22.63987,63.79195],[22.66619,63.76417],[22.6801,63.77238],[22.67797,63.78191],[22.66288,63.78139]]],[[[22.6679,63.78728],[22.67409,63.80361],[22.65666,63.80352],[22.65927,63.79045],[22.6679,63.78728]]],[[[22.61069,63.81434],[22.58591,63.81219],[22.59809,63.8012],[22.62999,63.80264],[22.61069,63.81434]]],[[[22.64611,63.80872],[22.65628,63.8205],[22.63906,63.82212],[22.63368,63.81084],[22.64611,63.80872]]],[[[22.86703,63.83827],[22.8509,63.83901],[22.84923,63.84843],[22.83603,63.85623],[22.82104,63.85222],[22.80392,63.85884],[22.78261,63.85675],[22.78831,63.85047],[22.80493,63.84533],[22.79543,63.83783],[22.78044,63.84176],[22.75245,63.84284],[22.72619,63.84672],[22.70094,63.83711],[22.70854,63.83421],[22.68664,63.82062],[22.66741,63.81301],[22.68238,63.7992],[22.69936,63.79921],[22.7196,63.78857],[22.72302,63.79919],[22.76312,63.79788],[22.73812,63.78429],[22.71752,63.78108],[22.69162,63.76734],[22.67225,63.7639],[22.69942,63.74805],[22.69907,63.7333],[22.71454,63.72551],[22.74954,63.71819],[22.73524,63.70834],[22.74211,63.69898],[22.78115,63.69268],[22.78624,63.69507],[22.82968,63.73591],[22.84182,63.74627],[22.92154,63.77511],[22.9241,63.77896],[22.85986,63.78471],[22.87194,63.80249],[22.8868,63.81255],[22.86703,63.83827]]],[[[22.77477,63.87099],[22.7509,63.87691],[22.74466,63.86726],[22.76136,63.85938],[22.77286,63.859],[22.77477,63.87099]]],[[[22.78275,63.89157],[22.76884,63.88656],[22.77322,63.88088],[22.79304,63.879],[22.79801,63.88618],[22.78275,63.89157]]],[[[22.77994,63.89485],[22.77889,63.90444],[22.75726,63.90684],[22.75851,63.8996],[22.77994,63.89485]]],[[[22.77525,63.91503],[22.77143,63.92521],[22.75992,63.92956],[22.74193,63.91898],[22.77525,63.91503]]]]},"properties":{"kunta":"440"}},{"type":"Feature","geometry":{"type":"Polygon","coordinates":[[[22.82892,60.52436],[22.77243,60.52621],[22.68945,60.54805],[22.63848,60.52132],[22.57896,60.49906],[22.57879,60.49507],[22.60006,60.4127],[22.58385,60.40417],[22.60147,60.40069],[22.60648,60.38497],[22.61142,60.37944],[22.6362,60.36433],[22.65119,60.3698],[22.67061,60.37227],[22.69303,60.37071],[22.7415,60.38936],[22.75854,60.37889],[22.78574,60.36928],[22.81893,60.37292],[22.83235,60.38717],[22.83516,60.40611],[22.85295,60.4178],[22.86938,60.41758],[22.87087,60.42658],[22.85581,60.42818],[22.87591,60.44527],[22.84968,60.46564],[22.85631,60.49434],[22.846,60.51088],[22.84219,60.51977],[22.82892,60.52436]]]},"properties":{"kunta":"577"}},{"type":"Feature","geometry":{"type":"Polygon","coordinates":[[[27.57279,61.01769],[27.53695,61.02321],[27.50952,61.02366],[27.50248,61.0315],[27.46626,61.0253],[27.45646,61.01993],[27.42437,61.03101],[27.41345,61.05578],[27.39362,61.0677],[27.37017,61.07042],[27.36438,61.10139],[27.33964,61.10649],[27.32784,61.10279],[27.30875,61.10565],[27.28825,61.10132],[27.28085,61.09347],[27.25909,61.09464],[27.25077,61.09106],[27.22849,61.0902],[27.18501,61.08605],[27.1615,61.07156],[27.15288,61.0708],[27.14687,61.04791],[27.15952,61.02774],[27.14802,61.02126],[27.14115,61.01055],[27.17331,60.99799],[27.19296,61.00766],[27.20722,60.99971],[27.21918,60.9698],[27.24166,60.97319],[27.24166,60.96348],[27.18486,60.95086],[27.15259,60.95312],[27.12943,60.96689],[27.12107,60.96402],[27.13611,60.95125],[27.18435,60.92479],[27.21322,60.90405],[27.3047,60.89361],[27.37262,60.87899],[27.42836,60.84264],[27.45284,60.82059],[27.50472,60.79923],[27.54966,60.79783],[27.60604,60.80584],[27.67822,60.80164],[27.71388,60.79533],[27.71853,60.80007],[27.71738,60.81751],[27.75075,60.81626],[27.7437,60.83163],[27.76684,60.83374],[27.76077,60.82422],[27.83096,60.82507],[27.87618,60.8486],[27.85496,60.86002],[27.87171,60.87533],[27.88893,60.88696],[27.9012,60.87371],[27.88345,60.86536],[27.88889,60.85158],[27.90111,60.84779],[27.93325,60.87932],[27.93196,60.88416],[27.90107,60.89108],[27.89131,60.90886],[27.90253,60.92774],[27.89495,60.94631],[27.90366,60.96587],[27.89784,60.97159],[27.90826,60.98959],[27.90119,61.00086],[27.85756,60.99375],[27.8405,60.99424],[27.82163,61.00172],[27.72689,60.99694],[27.70959,61.00341],[27.70495,61.01203],[27.68777,61.01391],[27.67027,61.01173],[27.67674,61.00433],[27.6667,61.0011],[27.62315,61.01448],[27.59703,61.01853],[27.57279,61.01769]]]},"properties":{"kunta":"441"}},{"type":"Feature","geometry":{"type":"Polygon","coordinates":[[[23.97133,60.6382],[23.96145,60.63808],[23.93242,60.64562],[23.91787,60.65384],[23.90051,60.64976],[23.86641,60.61864],[23.92055,60.60609],[23.90827,60.58687],[23.88907,60.5741],[23.8875,60.55851],[23.84449,60.55642],[23.86446,60.53874],[23.85154,60.5306],[23.86458,60.52149],[23.87185,60.50793],[23.83763,60.49128],[23.82303,60.49464],[23.73749,60.49037],[23.70943,60.47283],[23.71517,60.46484],[23.69223,60.4499],[23.78414,60.45019],[23.79361,60.42883],[23.7844,60.40483],[23.79049,60.38783],[23.77616,60.3879],[23.74166,60.37],[23.72317,60.36876],[23.72261,60.35996],[23.73396,60.3557],[23.73531,60.33792],[23.72888,60.32899],[23.72779,60.30773],[23.68978,60.29369],[23.67399,60.30308],[23.62948,60.28267],[23.62717,60.26052],[23.61319,60.26079],[23.59892,60.26639],[23.58632,60.25884],[23.61051,60.24969],[23.63346,60.23473],[23.63724,60.21927],[23.64753,60.21111],[23.64896,60.20157],[23.62048,60.19413],[23.61662,60.18812],[23.60284,60.18397],[23.61113,60.16928],[23.6224,60.16642],[23.65189,60.17051],[23.66505,60.16893],[23.67776,60.17372],[23.7036,60.16898],[23.7349,60.16966],[23.76618,60.17789],[23.78726,60.18755],[23.80963,60.18895],[23.82584,60.19754],[23.83863,60.18962],[23.87462,60.19658],[23.87907,60.20252],[23.89899,60.206],[23.90839,60.18577],[23.89959,60.17297],[23.90106,60.1624],[23.94238,60.12949],[23.98083,60.13389],[24.00274,60.13251],[24.0273,60.13668],[24.04581,60.15012],[24.01901,60.15156],[24.01738,60.18089],[24.02276,60.19077],[24.04446,60.19184],[24.03734,60.20364],[24.08203,60.22231],[24.08551,60.2303],[24.09929,60.22827],[24.1307,60.23193],[24.14716,60.22383],[24.16205,60.22813],[24.21855,60.26072],[24.24825,60.26119],[24.28933,60.28822],[24.3057,60.29465],[24.2761,60.30979],[24.2558,60.31412],[24.20813,60.2987],[24.2024,60.31926],[24.20786,60.3442],[24.20404,60.36292],[24.18459,60.37947],[24.16854,60.37758],[24.16231,60.38976],[24.13396,60.39184],[24.14338,60.40318],[24.1353,60.4289],[24.14696,60.45521],[24.17125,60.48474],[24.15343,60.50613],[24.15537,60.51323],[24.09836,60.5482],[24.02933,60.60921],[24.00809,60.59246],[23.99322,60.59789],[24.00348,60.60703],[24.02558,60.61479],[24.01533,60.62683],[24.00657,60.62314],[23.97133,60.6382]]]},"properties":{"kunta":"444"}},{"type":"Feature","geometry":{"type":"MultiPolygon","coordinates":[[[[21.62081,59.82977],[21.60568,59.8332],[21.5855,59.82747],[21.59208,59.81993],[21.62081,59.82977]]],[[[21.765,59.91505],[21.7527,59.91356],[21.75206,59.90453],[21.76864,59.90805],[21.765,59.91505]]],[[[21.6919,59.91401],[21.67563,59.91325],[21.67066,59.90766],[21.69683,59.90507],[21.6919,59.91401]]],[[[21.78165,59.93238],[21.77228,59.92119],[21.79378,59.91803],[21.79179,59.92901],[21.78165,59.93238]]],[[[21.77898,59.96776],[21.74893,59.96552],[21.75618,59.95327],[21.74193,59.94619],[21.74827,59.94172],[21.76435,59.95076],[21.7792,59.95506],[21.77898,59.96776]]],[[[21.66819,60.10674],[21.62775,60.1036],[21.62881,60.09778],[21.68226,60.09264],[21.68813,60.09784],[21.66819,60.10674]]],[[[21.9271,60.11577],[21.91616,60.12454],[21.90547,60.11828],[21.9271,60.11577]]],[[[21.7496,60.11629],[21.74129,60.12134],[21.71436,60.10891],[21.75305,60.10827],[21.7496,60.11629]]],[[[22.32245,60.14469],[22.30036,60.14194],[22.30041,60.13221],[22.31929,60.12787],[22.32685,60.13787],[22.32245,60.14469]]],[[[21.72206,60.12373],[21.69595,60.12756],[21.70121,60.12011],[21.72206,60.12373]]],[[[21.85771,60.12747],[21.8245,60.13368],[21.81686,60.12448],[21.82957,60.11796],[21.90058,60.11911],[21.89605,60.12573],[21.85771,60.12747]]],[[[21.49664,60.11556],[21.48295,60.11882],[21.46205,60.11231],[21.47477,60.10527],[21.50763,60.10521],[21.49664,60.11556]]],[[[21.97421,60.13767],[21.94407,60.13446],[21.92392,60.12961],[21.92332,60.12299],[21.93911,60.12143],[21.93997,60.11549],[21.95541,60.11186],[21.98559,60.11097],[22.01451,60.11625],[22.01272,60.12461],[21.98867,60.12995],[21.97021,60.12968],[21.97421,60.13767]]],[[[22.02135,60.14518],[21.98432,60.14321],[21.97692,60.13535],[21.99896,60.13247],[22.01526,60.13388],[22.02977,60.13974],[22.02135,60.14518]]],[[[21.88701,60.14396],[21.87195,60.13732],[21.88516,60.13297],[21.88701,60.14396]]],[[[22.18996,60.15427],[22.1838,60.15582],[22.14837,60.14767],[22.15179,60.1432],[22.18996,60.15427]]],[[[21.95692,60.14805],[21.93908,60.14667],[21.93539,60.13955],[21.96029,60.14203],[21.95692,60.14805]]],[[[22.28135,60.15968],[22.26084,60.1586],[22.25004,60.14836],[22.24766,60.1393],[22.25583,60.13247],[22.27816,60.13801],[22.28474,60.15688],[22.28135,60.15968]]],[[[22.13247,60.14124],[22.13762,60.14622],[22.13104,60.15966],[22.11238,60.15664],[22.11336,60.14867],[22.10445,60.14502],[22.11313,60.13762],[22.13247,60.14124]]],[[[21.48039,60.1444],[21.46254,60.14529],[21.44798,60.14008],[21.46955,60.13131],[21.48294,60.14026],[21.48039,60.1444]]],[[[22.22614,60.17965],[22.20199,60.17756],[22.20506,60.172],[22.17921,60.16895],[22.20925,60.16294],[22.24747,60.16554],[22.25667,60.17793],[22.23647,60.17591],[22.22614,60.17965]]],[[[21.89494,60.16809],[21.87901,60.16697],[21.84176,60.14875],[21.83306,60.14175],[21.83487,60.13379],[21.85692,60.13238],[21.87005,60.1417],[21.89916,60.15189],[21.89494,60.16809]]],[[[22.09344,60.18021],[22.0724,60.18544],[22.06808,60.18182],[22.07615,60.17144],[22.09002,60.17392],[22.09344,60.18021]]],[[[21.92825,60.16152],[21.94497,60.18074],[21.93335,60.17995],[21.9122,60.17258],[21.90836,60.16732],[21.91749,60.16047],[21.92825,60.16152]]],[[[21.08929,60.14328],[21.07557,60.14778],[21.06687,60.13362],[21.08701,60.13617],[21.08929,60.14328]]],[[[22.14929,60.19619],[22.13069,60.1944],[22.11902,60.18377],[22.09352,60.17302],[22.13989,60.17602],[22.13401,60.18327],[22.14755,60.18773],[22.14929,60.19619]]],[[[22.38739,60.20325],[22.38668,60.20996],[22.33885,60.20233],[22.32312,60.19197],[22.3114,60.1931],[22.29504,60.18128],[22.29929,60.17074],[22.28988,60.16882],[22.29182,60.15781],[22.30982,60.14604],[22.3376,60.14795],[22.34077,60.1628],[22.32707,60.15983],[22.30529,60.16251],[22.36246,60.17043],[22.36952,60.17981],[22.38139,60.18594],[22.37653,60.19272],[22.38739,60.20325]]],[[[21.49795,60.16865],[21.48439,60.17584],[21.47672,60.16779],[21.49274,60.16363],[21.49795,60.16865]]],[[[21.318,60.16769],[21.29437,60.16579],[21.29666,60.15279],[21.30796,60.1496],[21.32104,60.16103],[21.318,60.16769]]],[[[21.57932,60.18642],[21.56138,60.18048],[21.55297,60.171],[21.53629,60.16685],[21.51419,60.15399],[21.50547,60.14347],[21.51177,60.13958],[21.49888,60.12655],[21.51429,60.12348],[21.5164,60.11154],[21.54221,60.10927],[21.59695,60.1096],[21.64836,60.1148],[21.66859,60.11862],[21.66724,60.12887],[21.65417,60.14347],[21.69015,60.15583],[21.69178,60.16463],[21.68624,60.17951],[21.65202,60.17775],[21.61626,60.18463],[21.57932,60.18642]]],[[[21.50849,60.17814],[21.50918,60.18506],[21.49128,60.18452],[21.48664,60.17641],[21.50849,60.17814]]],[[[21.95192,60.2104],[21.93853,60.21242],[21.91632,60.20267],[21.93263,60.1988],[21.95283,60.20232],[21.95192,60.2104]]],[[[21.96376,60.21601],[21.95611,60.21265],[21.986,60.20665],[21.98628,60.21486],[21.96376,60.21601]]],[[[21.60908,60.20114],[21.61969,60.18683],[21.6354,60.18289],[21.66311,60.18562],[21.66138,60.19853],[21.61974,60.20221],[21.60908,60.20114]]],[[[22.35983,60.22841],[22.35462,60.23148],[22.3277,60.22653],[22.30525,60.21441],[22.30873,60.20411],[22.32639,60.20577],[22.34517,60.21161],[22.34854,60.21878],[22.36433,60.21842],[22.37443,60.22692],[22.35983,60.22841]]],[[[22.07736,60.22161],[22.0515,60.2175],[22.01915,60.19751],[22.01046,60.20222],[21.96847,60.19776],[21.95506,60.19257],[21.96135,60.17981],[21.94019,60.1706],[21.96725,60.15138],[21.98424,60.16491],[22.00128,60.14773],[22.02587,60.14928],[22.04936,60.16026],[22.06939,60.16625],[22.06818,60.17751],[22.05683,60.18284],[22.0593,60.18959],[22.07958,60.18968],[22.0866,60.19512],[22.10744,60.20113],[22.10391,60.21117],[22.07736,60.22161]]],[[[21.86998,60.22151],[21.84633,60.21952],[21.84528,60.21406],[21.78526,60.21508],[21.75401,60.21081],[21.72677,60.20003],[21.72488,60.18745],[21.71087,60.17536],[21.72582,60.16734],[21.70561,60.16415],[21.71784,60.14593],[21.70433,60.1436],[21.69474,60.13258],[21.7244,60.12801],[21.75229,60.12699],[21.77473,60.13086],[21.79003,60.12923],[21.81042,60.13661],[21.81969,60.1508],[21.81505,60.15681],[21.82565,60.16233],[21.84919,60.15948],[21.86581,60.16954],[21.89606,60.1718],[21.90925,60.1774],[21.93629,60.18389],[21.93133,60.19457],[21.91001,60.19548],[21.8912,60.20623],[21.84379,60.20796],[21.88212,60.21629],[21.86998,60.22151]]],[[[22.3928,60.24222],[22.36878,60.23745],[22.37422,60.23186],[22.39303,60.23673],[22.3928,60.24222]]],[[[21.22222,60.20096],[21.21308,60.19257],[21.24649,60.19068],[21.25735,60.19505],[21.23866,60.20081],[21.22222,60.20096]]],[[[22.19462,60.23898],[22.18433,60.23843],[22.17245,60.22477],[22.17949,60.21782],[22.20547,60.21689],[22.21435,60.23873],[22.19462,60.23898]]],[[[22.16984,60.24799],[22.13558,60.24569],[22.13033,60.23731],[22.15506,60.23956],[22.16964,60.23444],[22.16984,60.24799]]],[[[22.20114,60.2485],[22.21343,60.24056],[22.2257,60.25018],[22.20114,60.2485]]],[[[22.06602,60.253],[22.0406,60.24171],[22.0638,60.22779],[22.08785,60.24091],[22.08688,60.25134],[22.06602,60.253]]],[[[21.96124,60.24343],[21.95054,60.23872],[21.96043,60.23327],[21.97799,60.23806],[21.96124,60.24343]]],[[[21.26262,60.22748],[21.24852,60.22498],[21.25929,60.21463],[21.25027,60.21114],[21.2672,60.2034],[21.27938,60.21436],[21.2942,60.2187],[21.27997,60.22742],[21.26262,60.22748]]],[[[21.33229,60.23315],[21.31779,60.23224],[21.31425,60.22333],[21.28243,60.21293],[21.28437,60.20528],[21.31195,60.20018],[21.32426,60.20476],[21.34298,60.20337],[21.34334,60.19699],[21.32374,60.19771],[21.31744,60.19115],[21.33121,60.18703],[21.36273,60.18728],[21.36552,60.17647],[21.39309,60.18845],[21.40603,60.18174],[21.42424,60.18879],[21.4396,60.18769],[21.46791,60.20452],[21.4601,60.21052],[21.42759,60.20532],[21.40651,60.20795],[21.37565,60.20408],[21.3966,60.21917],[21.38015,60.23417],[21.36215,60.23153],[21.33229,60.23315]]],[[[22.30792,60.27127],[22.28755,60.26965],[22.26712,60.26441],[22.23578,60.24935],[22.22487,60.24053],[22.21463,60.22307],[22.2152,60.21686],[22.20045,60.21076],[22.20853,60.19702],[22.22922,60.19285],[22.27529,60.1994],[22.28949,60.21359],[22.30115,60.21492],[22.30597,60.22289],[22.3272,60.23577],[22.32448,60.24346],[22.30667,60.25511],[22.30792,60.27127]]],[[[22.1227,60.26327],[22.10329,60.2546],[22.11106,60.24904],[22.1346,60.24811],[22.16729,60.24994],[22.18428,60.25465],[22.18738,60.26434],[22.16615,60.25966],[22.15994,60.26336],[22.13678,60.25994],[22.1227,60.26327]]],[[[21.44515,60.24368],[21.43189,60.24293],[21.41588,60.23713],[21.40019,60.21444],[21.41093,60.2109],[21.43696,60.21374],[21.46432,60.2144],[21.46181,60.22774],[21.43982,60.23491],[21.44515,60.24368]]],[[[21.77958,60.26014],[21.75036,60.25641],[21.75215,60.24519],[21.76623,60.24495],[21.77989,60.24959],[21.77958,60.26014]]],[[[21.54502,60.24412],[21.54407,60.25452],[21.52434,60.24958],[21.52808,60.24243],[21.54502,60.24412]]],[[[21.72059,60.26275],[21.68236,60.26101],[21.70485,60.25444],[21.72059,60.26275]]],[[[21.5198,60.2552],[21.51695,60.24628],[21.50048,60.24019],[21.49995,60.23199],[21.52534,60.23776],[21.5198,60.2552]]],[[[21.31379,60.2498],[21.31348,60.2422],[21.33635,60.2351],[21.37318,60.24091],[21.39244,60.23808],[21.39791,60.2435],[21.35664,60.24386],[21.35175,60.25096],[21.31379,60.2498]]],[[[21.41979,60.26357],[21.40647,60.26588],[21.37195,60.25905],[21.35447,60.26252],[21.36073,60.2504],[21.38376,60.24632],[21.39739,60.25482],[21.40788,60.2482],[21.42494,60.25153],[21.41979,60.26357]]],[[[21.59933,60.27363],[21.58379,60.27409],[21.57454,60.25626],[21.56343,60.24758],[21.5673,60.24292],[21.55448,60.22386],[21.5637,60.2165],[21.57932,60.22463],[21.59325,60.22065],[21.60942,60.22508],[21.60387,60.23708],[21.6266,60.23921],[21.62381,60.24513],[21.63723,60.25452],[21.60451,60.25476],[21.616,60.26222],[21.59933,60.27363]]],[[[22.46344,60.30509],[22.45871,60.30823],[22.43729,60.30237],[22.38175,60.29867],[22.36137,60.28633],[22.36,60.27597],[22.34808,60.27526],[22.32261,60.26748],[22.31018,60.26101],[22.32385,60.24926],[22.33183,60.23705],[22.34829,60.24367],[22.37386,60.24313],[22.41959,60.2532],[22.42373,60.26702],[22.44659,60.28104],[22.44994,60.2939],[22.46905,60.29665],[22.46344,60.30509]]],[[[22.34582,60.32123],[22.32402,60.3245],[22.29775,60.31862],[22.30611,60.30855],[22.30466,60.2981],[22.32396,60.29251],[22.32487,60.28295],[22.33824,60.28284],[22.3583,60.28997],[22.34816,60.29634],[22.36405,60.31155],[22.36479,60.31658],[22.34582,60.32123]]],[[[21.67641,60.29083],[21.65042,60.29513],[21.64173,60.28879],[21.6453,60.28027],[21.66948,60.28341],[21.67641,60.29083]]],[[[21.43083,60.2879],[21.4062,60.28475],[21.39379,60.28679],[21.37971,60.2815],[21.37955,60.2717],[21.38797,60.26785],[21.41951,60.27084],[21.44721,60.27112],[21.44417,60.27629],[21.45151,60.28577],[21.44506,60.29116],[21.43083,60.2879]]],[[[21.55425,60.30511],[21.54501,60.29651],[21.51821,60.29112],[21.52854,60.28236],[21.54766,60.28306],[21.56713,60.28879],[21.58175,60.28822],[21.57428,60.30158],[21.55425,60.30511]]],[[[21.2998,60.29334],[21.27737,60.28883],[21.28812,60.28359],[21.2998,60.29334]]],[[[22.18917,60.33331],[22.117,60.3261],[22.10228,60.32208],[22.10779,60.31429],[22.09923,60.30965],[22.08738,60.28573],[22.10772,60.27409],[22.12087,60.2829],[22.12746,60.27417],[22.16353,60.26548],[22.16821,60.26875],[22.19278,60.2702],[22.20026,60.29217],[22.22822,60.29142],[22.20738,60.28363],[22.21187,60.27446],[22.18676,60.25586],[22.20466,60.25187],[22.23819,60.25176],[22.23367,60.26132],[22.23887,60.26784],[22.25463,60.26611],[22.27993,60.27446],[22.30297,60.28872],[22.29956,60.29506],[22.30541,60.30596],[22.28748,60.3246],[22.27407,60.3298],[22.24717,60.33359],[22.2346,60.33086],[22.19573,60.32884],[22.18917,60.33331]]],[[[21.2227,60.31609],[21.21673,60.31393],[21.22454,60.30118],[21.23848,60.31023],[21.2227,60.31609]]],[[[22.4196,60.37226],[22.39513,60.37146],[22.38088,60.36586],[22.3691,60.3665],[22.35345,60.3603],[22.34581,60.36278],[22.3306,60.35005],[22.31652,60.34317],[22.30615,60.32762],[22.34153,60.32486],[22.37367,60.32026],[22.36629,60.30652],[22.3734,60.29776],[22.40868,60.30329],[22.44223,60.30523],[22.48114,60.32014],[22.51476,60.33792],[22.50282,60.34368],[22.48396,60.34596],[22.46929,60.34368],[22.44008,60.35058],[22.4186,60.3531],[22.40904,60.35761],[22.4196,60.37226]]],[[[21.2933,60.33321],[21.28261,60.33046],[21.27931,60.32065],[21.30939,60.32347],[21.2933,60.33321]]],[[[21.15878,60.32729],[21.15729,60.32017],[21.14514,60.31392],[21.16153,60.31046],[21.16946,60.32544],[21.15878,60.32729]]],[[[21.15718,60.34127],[21.15524,60.35227],[21.14127,60.34916],[21.13884,60.34166],[21.15718,60.34127]]],[[[21.19245,60.36821],[21.16852,60.36211],[21.17351,60.35549],[21.18656,60.35577],[21.19245,60.36821]]],[[[21.49356,60.38309],[21.47421,60.38803],[21.46655,60.3839],[21.47494,60.37418],[21.49356,60.38309]]],[[[21.31972,60.39095],[21.29952,60.3921],[21.30309,60.37914],[21.28911,60.37503],[21.30931,60.36164],[21.32995,60.36501],[21.33511,60.35207],[21.36117,60.35112],[21.36498,60.35453],[21.35943,60.36796],[21.34678,60.36788],[21.34835,60.37812],[21.33882,60.38728],[21.31972,60.39095]]],[[[21.38656,60.39923],[21.36754,60.40628],[21.35354,60.39888],[21.36586,60.38412],[21.40369,60.36702],[21.40869,60.37757],[21.40507,60.38465],[21.41459,60.39221],[21.39557,60.40032],[21.38656,60.39923]]],[[[21.33118,60.41299],[21.3209,60.4087],[21.34802,60.40063],[21.35578,60.40532],[21.33118,60.41299]]],[[[21.42815,60.42168],[21.41497,60.42228],[21.4039,60.41414],[21.41364,60.40183],[21.43829,60.40365],[21.44215,60.4137],[21.42815,60.42168]]],[[[21.41921,60.43367],[21.40659,60.44047],[21.39418,60.42852],[21.4129,60.42454],[21.41921,60.43367]]],[[[21.39313,60.42406],[21.39375,60.43923],[21.38318,60.43911],[21.36754,60.4204],[21.3695,60.41142],[21.38576,60.41568],[21.39313,60.42406]]],[[[21.20942,60.42742],[21.1998,60.40337],[21.20944,60.40038],[21.2286,60.40548],[21.20942,60.42742]]]]},"properties":{"kunta":"445"}},{"type":"Feature","geometry":{"type":"MultiPolygon","coordinates":[[[[21.37969,62.95566],[21.35047,62.94301],[21.35124,62.9352],[21.36958,62.92957],[21.37663,62.93943],[21.40642,62.92767],[21.41796,62.93191],[21.40694,62.94239],[21.40952,62.94781],[21.37969,62.95566]]],[[[21.40245,62.96791],[21.37691,62.9637],[21.39028,62.95557],[21.40245,62.96791]]],[[[21.4473,63.00068],[21.44239,62.99391],[21.46308,62.98682],[21.47052,62.99028],[21.4631,62.99881],[21.4473,63.00068]]],[[[21.2465,62.98584],[21.24908,62.99329],[21.23765,62.99878],[21.22267,62.99476],[21.2238,62.98809],[21.2465,62.98584]]],[[[21.56308,62.98483],[21.55164,62.98186],[21.49622,63.00471],[21.46988,63.01014],[21.49268,63.00518],[21.49518,63.00119],[21.47377,62.99441],[21.47232,62.98351],[21.49169,62.96993],[21.44598,62.96207],[21.42876,62.94966],[21.43179,62.92758],[21.41298,62.91085],[21.41551,62.90357],[21.40454,62.89846],[21.40394,62.88118],[21.39221,62.88093],[21.38403,62.88922],[21.39055,62.89478],[21.38561,62.90327],[21.36849,62.89754],[21.36677,62.88632],[21.38614,62.87502],[21.35649,62.87378],[21.32699,62.87992],[21.31205,62.88777],[21.32673,62.87719],[21.3716,62.83587],[21.359,62.82068],[21.34826,62.841],[21.33474,62.84161],[21.33202,62.83159],[21.3025,62.81003],[21.3454,62.78002],[21.37232,62.76726],[21.37441,62.75787],[21.52391,62.76401],[21.54766,62.76169],[21.55561,62.75445],[21.61907,62.75623],[21.61987,62.74212],[21.6465,62.74327],[21.69175,62.73832],[21.71516,62.76715],[21.72914,62.76767],[21.72877,62.82107],[21.76523,62.8476],[21.77206,62.86356],[21.78513,62.89399],[21.75927,62.90882],[21.63335,62.95703],[21.58287,62.98421],[21.56308,62.98483]]],[[[21.39229,63.01508],[21.37579,63.00462],[21.35417,63.00858],[21.34999,62.99871],[21.37639,62.99078],[21.38254,62.99649],[21.41046,62.98906],[21.41969,62.99937],[21.41613,63.01055],[21.39229,63.01508]]],[[[21.15263,63.00542],[21.15008,63.01064],[21.11948,62.99973],[21.13515,62.98782],[21.13952,62.97813],[21.15527,62.97932],[21.16139,62.97351],[21.13355,62.97095],[21.14097,62.95326],[21.15905,62.94324],[21.17881,62.945],[21.17931,62.95292],[21.20082,62.95469],[21.20597,62.9428],[21.22143,62.94888],[21.20938,62.97585],[21.21095,62.98981],[21.18389,62.99553],[21.17287,63.00375],[21.15263,63.00542]]],[[[20.84264,62.97515],[20.83545,62.98206],[20.84261,62.98818],[20.8331,62.99812],[20.81417,62.98379],[20.8298,62.97038],[20.8291,62.96388],[20.8459,62.96304],[20.85627,62.97378],[20.84264,62.97515]]],[[[21.19845,63.02786],[21.19003,63.01639],[21.1773,63.01637],[21.17923,63.00554],[21.19283,62.99702],[21.22202,62.99848],[21.23669,63.00735],[21.20026,63.02143],[21.19845,63.02786]]],[[[21.36963,63.02615],[21.34792,63.0353],[21.35263,63.02938],[21.36963,63.02615]]],[[[20.81048,63.10754],[20.80889,63.12321],[20.79563,63.1195],[20.78821,63.10605],[20.81048,63.10754]]]]},"properties":{"kunta":"475"}},{"type":"Feature","geometry":{"type":"Polygon","coordinates":[[[19.95801,60.11448],[19.96021,60.12899],[19.91967,60.1236],[19.91888,60.11694],[19.92328,60.10125],[19.93725,60.07552],[19.96327,60.06604],[19.96237,60.08594],[19.94586,60.10037],[19.94433,60.11125],[19.95801,60.11448]]]},"properties":{"kunta":"478"}},{"type":"Feature","geometry":{"type":"Polygon","coordinates":[[[22.96524,60.71086],[22.93845,60.71567],[22.92541,60.70682],[22.94228,60.69717],[22.91324,60.68441],[22.89461,60.68625],[22.86827,60.65522],[22.85468,60.62926],[22.83648,60.61056],[22.79921,60.59367],[22.80272,60.55595],[22.82892,60.52436],[22.84219,60.51977],[22.846,60.51088],[22.90084,60.52474],[22.93256,60.53719],[23.0622,60.55899],[23.10072,60.57353],[23.01802,60.63332],[23.02667,60.64066],[23.00382,60.67398],[22.95861,60.70501],[22.96524,60.71086]]]},"properties":{"kunta":"480"}},{"type":"Feature","geometry":{"type":"Polygon","coordinates":[[[24.88918,64.38659],[24.83249,64.38344],[24.82957,64.39294],[24.81174,64.39158],[24.79617,64.38173],[24.79715,64.37753],[24.79735,64.36574],[24.74303,64.36169],[24.65501,64.30825],[24.66757,64.28825],[24.61908,64.27389],[24.61124,64.28377],[24.59929,64.28625],[24.57757,64.28448],[24.57806,64.27757],[24.5388,64.27753],[24.53102,64.26183],[24.55869,64.24647],[24.55421,64.22355],[24.57823,64.2279],[24.59102,64.22706],[24.5984,64.21977],[24.58569,64.21386],[24.59893,64.20421],[24.58205,64.18645],[24.58951,64.18502],[24.63921,64.17549],[24.69134,64.17248],[24.75591,64.14168],[24.79071,64.13178],[24.90637,64.10945],[24.9204,64.113],[24.91658,64.12745],[24.89779,64.14041],[24.87912,64.12936],[24.86516,64.14859],[24.89511,64.15382],[24.92311,64.14796],[24.93322,64.15061],[24.95249,64.13602],[25.05383,64.17312],[25.08814,64.20694],[25.15601,64.23084],[25.16975,64.24138],[25.17676,64.27936],[25.19832,64.29023],[25.22827,64.2748],[25.26018,64.27645],[25.25167,64.2977],[25.18829,64.29913],[25.20017,64.32094],[25.15473,64.32248],[25.09795,64.34026],[25.02943,64.34555],[24.9778,64.3456],[24.88918,64.38659]]]},"properties":{"kunta":"563"}},{"type":"Feature","geometry":{"type":"MultiPolygon","coordinates":[[[[25.29066,65.00313],[25.28625,64.99915],[25.32071,64.99294],[25.32125,64.9994],[25.29066,65.00313]]],[[[25.43771,64.9477],[25.41317,64.9511],[25.40756,64.95932],[25.38406,64.9623],[25.34964,64.97578],[25.33427,64.98744],[25.30727,64.9901],[25.29916,64.98274],[25.28326,64.98853],[25.28868,64.99382],[25.26187,64.9973],[25.25269,65.00267],[25.21572,65.00421],[25.21003,64.99455],[25.21275,64.98382],[25.19297,64.97803],[25.2081,64.96396],[25.20976,64.95599],[25.22375,64.94533],[25.25096,64.9357],[25.26875,64.93225],[25.27748,64.92524],[25.31173,64.9152],[25.33651,64.90561],[25.35531,64.91058],[25.3762,64.90625],[25.39146,64.89861],[25.38535,64.88773],[25.37138,64.87732],[25.38684,64.87554],[25.40172,64.88435],[25.44245,64.8813],[25.44509,64.89239],[25.4257,64.92157],[25.43954,64.93135],[25.43771,64.9477]]],[[[25.43207,65.01362],[25.39765,65.0119],[25.41152,65.00308],[25.43207,65.01362]]],[[[25.43583,65.02371],[25.41244,65.02285],[25.41202,65.01318],[25.43793,65.016],[25.43583,65.02371]]],[[[25.44233,65.02493],[25.41517,65.04088],[25.41535,65.02406],[25.44233,65.02493]]],[[[25.35112,65.10029],[25.31792,65.09993],[25.29922,65.09744],[25.30382,65.08528],[25.33732,65.07979],[25.3364,65.08523],[25.35112,65.10029]]],[[[25.21086,65.10723],[25.20109,65.10616],[25.19705,65.09369],[25.24152,65.0879],[25.22586,65.10665],[25.21086,65.10723]]],[[[25.17826,65.11512],[25.15533,65.11428],[25.1582,65.10746],[25.19043,65.10939],[25.17826,65.11512]]],[[[26.62862,65.09705],[26.59345,65.09766],[26.47534,65.14693],[26.31646,65.2012],[26.23369,65.27424],[26.25481,65.28421],[26.28103,65.27883],[26.34525,65.31274],[26.35363,65.32097],[26.37708,65.31708],[26.39913,65.32551],[26.39127,65.34962],[26.42666,65.3472],[26.40129,65.37367],[26.15332,65.41908],[26.15565,65.55521],[26.01872,65.55457],[26.00491,65.56434],[25.9007,65.55992],[25.78913,65.55029],[25.63893,65.38912],[25.64692,65.37856],[25.61363,65.35072],[25.66309,65.33133],[25.68497,65.31818],[25.67736,65.30671],[25.69009,65.30414],[25.68457,65.28713],[25.71318,65.28391],[25.73655,65.26936],[25.65946,65.23992],[25.62969,65.24989],[25.55243,65.25292],[25.51459,65.25079],[25.34634,65.2566],[25.33503,65.25914],[25.31155,65.25686],[25.31095,65.24303],[25.33576,65.23087],[25.30114,65.23299],[25.28518,65.23054],[25.25901,65.21761],[25.30234,65.19914],[25.29823,65.19481],[25.26457,65.19605],[25.27873,65.18238],[25.26939,65.17271],[25.24345,65.16924],[25.22587,65.16975],[25.23261,65.15405],[25.23121,65.14228],[25.23816,65.13537],[25.23342,65.12559],[25.2614,65.12653],[25.2963,65.12335],[25.34377,65.10486],[25.36416,65.10507],[25.38258,65.09792],[25.37728,65.09096],[25.38916,65.07806],[25.38976,65.07051],[25.40171,65.06402],[25.3908,65.05903],[25.40532,65.05356],[25.42844,65.03515],[25.46069,65.02289],[25.46615,65.01786],[25.4495,65.00853],[25.42126,65.00258],[25.42118,64.99077],[25.46819,64.97948],[25.48247,64.97445],[25.48767,64.96144],[25.48012,64.95318],[25.44941,64.94717],[25.53002,64.94059],[25.61397,64.94108],[25.67609,64.9249],[25.71934,64.91071],[25.7283,64.90446],[25.75045,64.889],[25.8178,64.89656],[25.84001,64.89302],[25.99469,64.95508],[25.97992,64.96137],[26.05099,64.97784],[26.09541,64.97081],[26.0802,64.94533],[26.10885,64.95084],[26.1407,64.94393],[26.17553,64.94558],[26.19055,64.95008],[26.20733,64.94074],[26.19009,64.93481],[26.1949,64.92314],[26.21209,64.91676],[26.25948,64.91202],[26.27324,64.90595],[26.22446,64.87976],[26.29312,64.87784],[26.31711,64.86942],[26.30823,64.86465],[26.33296,64.8565],[26.3421,64.86156],[26.39431,64.84442],[26.40696,64.86515],[26.427,64.85838],[26.4584,64.85152],[26.46809,64.86712],[26.4776,64.86926],[26.49971,64.85947],[26.49503,64.85186],[26.51699,64.84937],[26.53253,64.86199],[26.56045,64.90694],[26.63187,64.8925],[26.66156,64.89164],[26.68421,64.91645],[26.76842,64.95276],[26.76976,64.9564],[26.739,64.99009],[26.68873,64.97888],[26.67927,64.99025],[26.71421,65.00732],[26.70527,65.01402],[26.65938,65.01433],[26.61058,65.05397],[26.62787,65.07113],[26.62862,65.09705]]]]},"properties":{"kunta":"564"}},{"type":"Feature","geometry":{"type":"Polygon","coordinates":[[[22.14384,60.52972],[22.21144,60.5802],[22.21673,60.5936],[22.21005,60.59568],[22.21447,60.62231],[22.20226,60.61536],[22.15691,60.59812],[22.09436,60.57918],[22.08817,60.58612],[22.07114,60.57971],[22.04052,60.56423],[22.02587,60.57857],[22.00569,60.57531],[21.9969,60.6013],[21.97991,60.61233],[21.95561,60.61085],[21.92737,60.60218],[21.91939,60.59259],[21.88862,60.58882],[21.87746,60.58001],[21.86816,60.58614],[21.8556,60.58457],[21.82512,60.58907],[21.82768,60.58245],[21.81595,60.57926],[21.81422,60.57187],[21.82488,60.56743],[21.81254,60.56095],[21.82356,60.54948],[21.81119,60.53783],[21.81321,60.52791],[21.7974,60.5175],[21.79985,60.51028],[21.87461,60.51506],[21.87925,60.52283],[21.87144,60.52903],[21.87251,60.53796],[21.86568,60.54279],[21.87302,60.54995],[21.88607,60.54247],[21.91146,60.54709],[21.91055,60.53729],[21.92171,60.52556],[21.93683,60.52612],[21.93942,60.53513],[21.9588,60.53051],[21.96799,60.52282],[21.95594,60.51006],[21.96848,60.50497],[21.98898,60.51228],[21.99538,60.50981],[21.98103,60.4983],[21.99342,60.48784],[22.01584,60.49094],[22.0165,60.50131],[22.08508,60.51496],[22.14384,60.52972]]]},"properties":{"kunta":"481"}},{"type":"Feature","geometry":{"type":"Polygon","coordinates":[[[24.79715,64.37753],[24.72546,64.37131],[24.72614,64.36207],[24.68012,64.3542],[24.67707,64.3613],[24.69598,64.36735],[24.68521,64.37475],[24.67351,64.36806],[24.65129,64.37786],[24.61648,64.37587],[24.58857,64.3802],[24.57924,64.37749],[24.58633,64.36196],[24.57665,64.35972],[24.55525,64.37717],[24.53934,64.37731],[24.51872,64.36733],[24.54178,64.35782],[24.52879,64.35073],[24.4494,64.34417],[24.45749,64.36553],[24.47686,64.3564],[24.49233,64.38123],[24.46998,64.38578],[24.43049,64.36935],[24.37145,64.3615],[24.40351,64.3538],[24.38542,64.34879],[24.38665,64.34151],[24.35524,64.34042],[24.35015,64.31207],[24.32429,64.30022],[24.31379,64.30506],[24.33351,64.31784],[24.34217,64.33606],[24.27857,64.31339],[24.26459,64.31211],[24.28771,64.30009],[24.34637,64.26892],[24.40477,64.24788],[24.49526,64.21846],[24.54041,64.19458],[24.58205,64.18645],[24.59893,64.20421],[24.58569,64.21386],[24.5984,64.21977],[24.59102,64.22706],[24.57823,64.2279],[24.55421,64.22355],[24.55869,64.24647],[24.53102,64.26183],[24.5388,64.27753],[24.57806,64.27757],[24.57757,64.28448],[24.59929,64.28625],[24.61124,64.28377],[24.61908,64.27389],[24.66757,64.28825],[24.65501,64.30825],[24.74303,64.36169],[24.79735,64.36574],[24.79715,64.37753]]]},"properties":{"kunta":"483"}},{"type":"Feature","geometry":{"type":"Polygon","coordinates":[[[21.74941,62.01586],[21.70256,62.02093],[21.64785,62.01959],[21.52401,62.02459],[21.42664,62.00959],[21.36027,61.96001],[21.32923,61.95383],[21.35011,61.94212],[21.37138,61.94218],[21.39682,61.95642],[21.4186,61.95446],[21.4136,61.94404],[21.41918,61.9298],[21.43392,61.93025],[21.43865,61.91659],[21.42289,61.90821],[21.46036,61.889],[21.47214,61.86883],[21.46307,61.8636],[21.47774,61.85556],[21.48645,61.84238],[21.47533,61.83499],[21.48903,61.82873],[21.52731,61.82449],[21.52341,61.81712],[21.5093,61.80823],[21.51794,61.79975],[21.50353,61.78437],[21.49483,61.80633],[21.4834,61.80931],[21.43143,61.80479],[21.44768,61.799],[21.44648,61.79055],[21.45676,61.78332],[21.47468,61.77953],[21.47338,61.77153],[21.49985,61.76931],[21.55155,61.75359],[21.55626,61.74866],[21.70085,61.73832],[21.72805,61.74792],[21.67897,61.81589],[21.69363,61.87282],[21.72425,61.87517],[21.74744,61.9357],[21.75211,61.93553],[21.74941,62.01586]]]},"properties":{"kunta":"484"}},{"type":"Feature","geometry":{"type":"Polygon","coordinates":[[[27.71388,60.79533],[27.67822,60.80164],[27.60604,60.80584],[27.54966,60.79783],[27.50472,60.79923],[27.45284,60.82059],[27.42836,60.84264],[27.42455,60.80838],[27.44707,60.75275],[27.43965,60.73042],[27.42184,60.70385],[27.44353,60.68676],[27.45727,60.66176],[27.45468,60.6411],[27.48798,60.61638],[27.49442,60.60108],[27.50959,60.61563],[27.53986,60.61819],[27.53301,60.65639],[27.5923,60.66019],[27.6244,60.65154],[27.66674,60.63048],[27.67606,60.62187],[27.72251,60.62244],[27.71226,60.63186],[27.72813,60.63753],[27.75411,60.62456],[27.76368,60.62821],[27.79181,60.65326],[27.82004,60.65451],[27.84158,60.62738],[27.86476,60.60934],[27.88874,60.61294],[27.99128,60.66898],[27.95147,60.66716],[27.95714,60.67737],[27.95273,60.68598],[27.90193,60.69639],[27.88058,60.71337],[27.8593,60.74105],[27.85115,60.76517],[27.79292,60.7692],[27.77327,60.7589],[27.75134,60.75758],[27.72754,60.76279],[27.71043,60.78995],[27.71388,60.79533]]]},"properties":{"kunta":"489"}},{"type":"Feature","geometry":{"type":"Polygon","coordinates":[[[27.39246,62.00586],[27.37035,62.01555],[27.3379,62.04965],[27.3474,62.05259],[27.16126,62.16659],[27.16812,62.17881],[27.1528,62.192],[27.13546,62.19916],[27.10834,62.19362],[27.08877,62.17698],[27.07499,62.17655],[27.04086,62.18708],[27.05562,62.15958],[27.03344,62.16131],[26.99905,62.18588],[26.98712,62.1819],[26.97562,62.16709],[26.95836,62.15641],[26.94679,62.15758],[26.94873,62.14315],[26.93626,62.13912],[26.91845,62.14697],[26.92588,62.12254],[26.91839,62.1194],[26.88394,62.14028],[26.85274,62.1289],[26.83058,62.11239],[26.83783,62.10135],[26.83149,62.07543],[26.8745,62.04471],[26.90234,62.05521],[26.91535,62.04636],[26.93983,62.04445],[26.95116,62.03971],[26.97276,62.0392],[26.98068,62.02732],[26.99242,62.03132],[26.99813,62.01758],[27.03023,62.00743],[27.05719,62.00877],[27.0802,61.99735],[27.07673,61.99109],[27.08908,61.97371],[27.12657,61.96371],[27.10165,61.95343],[27.08234,61.95848],[27.05798,61.95368],[27.05995,61.94402],[27.04664,61.9384],[27.02102,61.93595],[27.01289,61.93876],[26.99846,61.93174],[26.98266,61.90238],[26.96353,61.90887],[26.94218,61.92225],[26.92053,61.91001],[26.89242,61.90773],[26.88024,61.8982],[26.86638,61.90126],[26.85611,61.88866],[26.83774,61.88668],[26.85349,61.86532],[26.84103,61.85188],[26.83221,61.85031],[26.82736,61.83308],[26.84144,61.80243],[26.85873,61.78719],[26.89072,61.78753],[26.88396,61.76577],[26.89158,61.74771],[26.88388,61.73757],[26.90352,61.73317],[26.92587,61.73558],[26.93501,61.72447],[26.93419,61.70409],[26.94277,61.69279],[26.96538,61.70093],[26.98224,61.70069],[26.97647,61.68931],[26.95224,61.68542],[26.95714,61.67575],[26.98873,61.66619],[26.99545,61.65386],[26.98521,61.64689],[26.9948,61.63822],[26.9802,61.63542],[26.95644,61.62045],[26.95178,61.61101],[26.96809,61.60298],[26.98373,61.60472],[26.9923,61.59369],[26.98642,61.59069],[27.00349,61.56674],[27.01944,61.568],[27.0248,61.54447],[26.99727,61.53727],[26.98953,61.52132],[26.97493,61.52114],[26.96368,61.50343],[26.97504,61.48447],[26.96995,61.47887],[26.98387,61.47413],[26.99006,61.46455],[27.00716,61.46344],[27.00776,61.47267],[27.01745,61.4802],[27.05709,61.47181],[27.06765,61.46472],[27.06183,61.45045],[27.04362,61.44456],[27.07323,61.41397],[27.07433,61.40322],[27.09824,61.39847],[27.12913,61.40312],[27.16493,61.40165],[27.15404,61.39656],[27.13986,61.37972],[27.10665,61.36878],[27.07116,61.38178],[27.01929,61.38499],[27.01541,61.37625],[27.00019,61.36764],[26.96134,61.35672],[26.95388,61.3476],[26.99513,61.34534],[27.01331,61.35198],[27.03175,61.35106],[27.07482,61.33376],[27.10344,61.32953],[27.13983,61.31707],[27.14383,61.32784],[27.17179,61.32437],[27.19122,61.32985],[27.20961,61.33122],[27.26058,61.32388],[27.25786,61.31481],[27.21742,61.31718],[27.2278,61.30713],[27.29015,61.30002],[27.30583,61.27239],[27.34745,61.24889],[27.34802,61.24416],[27.32252,61.23799],[27.31716,61.22926],[27.32933,61.21872],[27.36663,61.20896],[27.37852,61.21424],[27.37961,61.21974],[27.36434,61.23935],[27.37455,61.24814],[27.38931,61.24495],[27.43328,61.24769],[27.43887,61.25588],[27.4303,61.27164],[27.46278,61.26806],[27.50757,61.2698],[27.54389,61.2567],[27.57705,61.2632],[27.59644,61.28084],[27.58923,61.28386],[27.56989,61.2809],[27.54282,61.28921],[27.55735,61.30357],[27.58431,61.29982],[27.59209,61.31084],[27.60832,61.30795],[27.61374,61.31746],[27.60345,61.31984],[27.59118,61.33812],[27.59554,61.34317],[27.61468,61.34542],[27.62756,61.34065],[27.64673,61.34389],[27.69626,61.32979],[27.75446,61.32905],[27.79261,61.36208],[27.72855,61.3738],[27.67632,61.39514],[27.67879,61.40608],[27.68957,61.40876],[27.67934,61.42334],[27.69324,61.4297],[27.7597,61.43516],[27.75405,61.4563],[27.74091,61.46817],[27.76556,61.47398],[27.75191,61.49096],[27.76513,61.49878],[27.76111,61.50946],[27.77736,61.50972],[27.78524,61.50331],[27.81053,61.49971],[27.80972,61.51241],[27.82756,61.51599],[27.84379,61.52823],[27.84739,61.53881],[27.86944,61.54631],[27.90038,61.5456],[27.8946,61.55932],[27.86578,61.58505],[27.87435,61.59709],[27.87511,61.61528],[27.85227,61.62838],[27.87628,61.63293],[27.8771,61.65309],[27.82973,61.67201],[27.80961,61.68732],[27.77076,61.68103],[27.73002,61.69069],[27.7274,61.69772],[27.66803,61.70415],[27.65046,61.69835],[27.62492,61.71958],[27.60197,61.72377],[27.58494,61.73878],[27.58593,61.74386],[27.57033,61.75272],[27.55168,61.75468],[27.54071,61.76269],[27.55256,61.77632],[27.54001,61.79024],[27.52513,61.79203],[27.48784,61.81563],[27.47934,61.83451],[27.44058,61.85452],[27.41995,61.88956],[27.42978,61.90696],[27.44049,61.91372],[27.43033,61.92138],[27.47032,61.93767],[27.42092,61.96097],[27.39302,61.98182],[27.39246,62.00586]]]},"properties":{"kunta":"491"}},{"type":"Feature","geometry":{"type":"Polygon","coordinates":[[[26.39431,64.84442],[26.3421,64.86156],[26.33296,64.8565],[26.30823,64.86465],[26.31711,64.86942],[26.29312,64.87784],[26.22446,64.87976],[26.27324,64.90595],[26.25948,64.91202],[26.21209,64.91676],[26.1949,64.92314],[26.19009,64.93481],[26.20733,64.94074],[26.19055,64.95008],[26.17553,64.94558],[26.1407,64.94393],[26.10885,64.95084],[26.0802,64.94533],[26.09541,64.97081],[26.05099,64.97784],[25.97992,64.96137],[25.99469,64.95508],[25.84001,64.89302],[25.8178,64.89656],[25.75045,64.889],[25.99411,64.71788],[25.96837,64.71126],[26.0021,64.68733],[25.95599,64.66096],[26.16817,64.59217],[26.28474,64.50874],[26.29111,64.47906],[26.32439,64.49623],[26.31471,64.50541],[26.34794,64.50809],[26.46158,64.56505],[26.4477,64.57652],[26.50482,64.58829],[26.45514,64.62195],[26.41223,64.61007],[26.40767,64.59419],[26.39133,64.59032],[26.34534,64.59206],[26.28544,64.5979],[26.28454,64.60238],[26.30862,64.60746],[26.32168,64.61386],[26.28901,64.6217],[26.23899,64.63909],[26.22656,64.6472],[26.26994,64.64643],[26.33624,64.6525],[26.36181,64.63021],[26.38828,64.65925],[26.33603,64.69457],[26.35403,64.70509],[26.35475,64.71209],[26.3305,64.73133],[26.28725,64.71903],[26.25699,64.73848],[26.29151,64.74923],[26.28543,64.75543],[26.24161,64.78812],[26.18331,64.8179],[26.17906,64.82446],[26.19524,64.83941],[26.22142,64.83638],[26.21789,64.87511],[26.23007,64.87227],[26.25932,64.82312],[26.37323,64.79396],[26.44528,64.81093],[26.44562,64.8258],[26.39431,64.84442]]]},"properties":{"kunta":"494"}},{"type":"Feature","geometry":{"type":"Polygon","coordinates":[[[25.25191,62.53765],[25.18379,62.58228],[24.95529,62.57221],[24.89976,62.60208],[24.83755,62.57761],[24.79934,62.55056],[24.71411,62.53153],[24.58217,62.66479],[24.51163,62.6348],[24.50364,62.62126],[24.54104,62.61624],[24.57871,62.62139],[24.58431,62.61172],[24.55361,62.60797],[24.56698,62.58083],[24.53544,62.5775],[24.54546,62.56139],[24.5249,62.55869],[24.52575,62.54174],[24.53057,62.52841],[24.57106,62.48982],[24.58601,62.45418],[24.54241,62.45351],[24.57187,62.43706],[24.62003,62.45104],[24.64486,62.45301],[24.66388,62.44669],[24.58901,62.42808],[24.6302,62.40646],[24.65554,62.37861],[24.66911,62.37566],[24.70176,62.37944],[24.71423,62.35563],[24.7386,62.35937],[24.77234,62.35862],[24.7417,62.32742],[24.82782,62.34625],[24.87069,62.34988],[24.88455,62.34276],[24.86178,62.32996],[24.90224,62.31584],[25.06897,62.33206],[25.05466,62.34712],[25.027,62.36148],[25.03005,62.3672],[25.07533,62.42176],[25.12483,62.42702],[25.14106,62.4451],[25.18146,62.46619],[25.18693,62.51578],[25.19498,62.53462],[25.21677,62.54606],[25.25191,62.53765]]]},"properties":{"kunta":"495"}},{"type":"Feature","geometry":{"type":"Polygon","coordinates":[[[24.10681,68.13894],[23.96287,68.11593],[23.95594,68.12814],[23.97444,68.13943],[23.97265,68.1476],[23.9566,68.15062],[23.78843,68.15722],[23.73935,68.1873],[23.32338,68.17458],[23.2867,68.15427],[23.30639,68.14856],[23.33014,68.12174],[23.32706,68.1165],[23.34712,68.1003],[23.36326,68.0763],[23.36948,68.06165],[23.38392,68.05589],[23.3985,68.0433],[23.44286,68.03714],[23.46341,68.0308],[23.46446,68.0215],[23.53404,68.00561],[23.53817,67.99195],[23.57316,67.97238],[23.60126,67.97197],[23.6463,67.96276],[23.65198,67.95101],[23.66447,67.94115],[23.64836,67.93047],[23.64546,67.91951],[23.61966,67.90785],[23.5979,67.90346],[23.57867,67.89204],[23.55276,67.89768],[23.54572,67.89245],[23.51556,67.88453],[23.50301,67.86907],[23.49333,67.86391],[23.48693,67.84641],[23.47643,67.84255],[23.48112,67.82755],[23.47142,67.81762],[23.47879,67.80138],[23.49307,67.79138],[23.48357,67.77655],[23.49241,67.76516],[23.48758,67.74784],[23.47381,67.73893],[23.48609,67.73005],[23.47636,67.71625],[23.48298,67.71131],[23.47867,67.70053],[23.49205,67.69621],[23.49911,67.68061],[23.49009,67.66568],[23.51894,67.64366],[23.53787,67.63432],[23.54091,67.6237],[23.55812,67.62103],[23.53719,67.60341],[23.54376,67.59418],[23.54326,67.58262],[23.50638,67.56333],[23.46872,67.56569],[23.45492,67.56198],[23.46333,67.55252],[23.4839,67.54082],[23.47375,67.52996],[23.4348,67.51782],[23.43089,67.5074],[23.40347,67.50055],[23.4057,67.49603],[23.39254,67.48507],[23.41125,67.46655],[23.45478,67.45486],[23.51024,67.44676],[23.52969,67.45934],[23.54049,67.46104],[23.71296,67.51941],[24.06558,67.63553],[24.27295,67.62685],[24.30149,67.62566],[24.21402,67.77768],[24.15521,67.89865],[24.14525,67.92147],[24.17181,67.93143],[24.14438,67.95484],[24.1488,67.96483],[24.19094,67.96899],[24.20366,67.99051],[24.20143,68.00209],[24.21291,68.01003],[24.21601,68.02361],[24.1691,68.03839],[24.17479,68.05287],[24.1998,68.0772],[24.16699,68.09391],[24.13306,68.0885],[24.10077,68.09253],[24.09343,68.10839],[24.12795,68.12928],[24.10681,68.13894]]]},"properties":{"kunta":"498"}},{"type":"Feature","geometry":{"type":"MultiPolygon","coordinates":[[[[21.71309,63.2537],[21.71223,63.24371],[21.72605,63.24002],[21.73548,63.24488],[21.71309,63.2537]]],[[[21.59472,63.27064],[21.58532,63.26641],[21.5982,63.25994],[21.61076,63.26317],[21.59472,63.27064]]],[[[21.966,63.25154],[21.94746,63.2609],[21.93603,63.25501],[21.92815,63.27321],[21.91448,63.27889],[21.88756,63.27503],[21.87609,63.26276],[21.86729,63.25971],[21.83941,63.26258],[21.83361,63.25676],[21.81332,63.2581],[21.81219,63.263],[21.79243,63.26687],[21.78726,63.26],[21.79396,63.25352],[21.77281,63.25117],[21.76084,63.24499],[21.73991,63.24156],[21.73892,63.22451],[21.72073,63.23292],[21.69499,63.23448],[21.67566,63.21178],[21.63269,63.22083],[21.61046,63.22936],[21.597,63.24367],[21.58482,63.24866],[21.58211,63.26892],[21.56185,63.2758],[21.54042,63.26786],[21.54694,63.25453],[21.56115,63.24722],[21.52669,63.23856],[21.51822,63.20515],[21.52047,63.19491],[21.53435,63.19727],[21.56276,63.1898],[21.5216,63.18384],[21.51789,63.16816],[21.5367,63.17066],[21.56946,63.16737],[21.60009,63.16166],[21.61606,63.15449],[21.61983,63.14774],[21.65366,63.14769],[21.66701,63.13206],[21.66418,63.11106],[21.6793,63.10425],[21.70455,63.10059],[21.71932,63.11667],[21.75516,63.11263],[21.7504,63.12168],[21.7587,63.12511],[21.77997,63.11457],[21.81437,63.11153],[21.80038,63.10624],[21.80574,63.09503],[21.82889,63.06167],[21.77232,63.03771],[21.71648,63.04294],[21.68261,63.05169],[21.66775,63.04235],[21.65784,63.04275],[21.62953,63.05702],[21.59646,63.03075],[21.55773,62.98898],[21.56308,62.98483],[21.58287,62.98421],[21.63335,62.95703],[21.75927,62.90882],[21.78513,62.89399],[21.79793,62.92357],[21.88692,62.98378],[21.91211,63.04876],[21.90381,63.06811],[21.91342,63.07595],[21.92959,63.07737],[21.99824,63.11945],[21.98703,63.12603],[22.01157,63.12828],[22.05068,63.13698],[22.05885,63.14304],[22.03803,63.19804],[22.03517,63.19932],[22.01211,63.20768],[21.97584,63.20207],[21.98434,63.19654],[21.98195,63.18346],[21.99837,63.17734],[22.01225,63.16006],[21.9859,63.16189],[21.95305,63.18092],[21.97494,63.18808],[21.95837,63.21654],[21.97185,63.2188],[21.97257,63.24171],[21.966,63.25154]]],[[[21.89337,63.2981],[21.87501,63.29609],[21.87828,63.28663],[21.89431,63.28824],[21.89337,63.2981]]],[[[21.80696,63.30486],[21.79875,63.2958],[21.81952,63.28907],[21.82755,63.2919],[21.80696,63.30486]]],[[[21.41974,63.29221],[21.39176,63.29407],[21.42956,63.27242],[21.43353,63.29113],[21.41974,63.29221]]],[[[21.67917,63.32003],[21.66377,63.32271],[21.63353,63.3087],[21.64256,63.3003],[21.63171,63.28043],[21.64331,63.27437],[21.63258,63.26986],[21.63732,63.25996],[21.66802,63.25616],[21.67537,63.2704],[21.6695,63.28513],[21.67757,63.2952],[21.69288,63.29859],[21.69364,63.30767],[21.67917,63.32003]]],[[[21.70353,63.31546],[21.70855,63.32127],[21.68647,63.32485],[21.69725,63.31323],[21.71643,63.30525],[21.71309,63.29965],[21.72354,63.28363],[21.74057,63.27498],[21.75391,63.27255],[21.77089,63.27548],[21.78533,63.28328],[21.77792,63.29068],[21.75747,63.29315],[21.76727,63.29933],[21.75219,63.30445],[21.75466,63.31119],[21.70353,63.31546]]],[[[21.25084,63.31213],[21.24553,63.32122],[21.22292,63.322],[21.19184,63.30431],[21.18285,63.30276],[21.1821,63.29266],[21.20047,63.28676],[21.19479,63.28104],[21.17669,63.28153],[21.15946,63.28646],[21.13829,63.28097],[21.12046,63.29173],[21.10307,63.29694],[21.087,63.28874],[21.08526,63.2821],[21.10141,63.27957],[21.12049,63.27066],[21.10405,63.25544],[21.13044,63.24479],[21.14664,63.22992],[21.13918,63.21465],[21.14459,63.20185],[21.1698,63.18528],[21.20899,63.18913],[21.22278,63.19701],[21.23361,63.18324],[21.23014,63.17091],[21.2716,63.15743],[21.30758,63.15915],[21.33204,63.17407],[21.32366,63.18246],[21.34198,63.19463],[21.35857,63.19816],[21.35623,63.20933],[21.37603,63.21254],[21.36996,63.19137],[21.40982,63.19559],[21.43801,63.20737],[21.45605,63.20353],[21.45723,63.21164],[21.4435,63.21956],[21.44374,63.23536],[21.45044,63.24776],[21.42023,63.273],[21.40068,63.27248],[21.3873,63.28107],[21.36063,63.268],[21.30829,63.25631],[21.2937,63.25904],[21.27781,63.25166],[21.31832,63.25046],[21.31172,63.24195],[21.28272,63.24657],[21.2534,63.23513],[21.21803,63.24531],[21.21932,63.25918],[21.22785,63.27186],[21.25848,63.28502],[21.27512,63.2975],[21.26308,63.30849],[21.25254,63.2983],[21.23463,63.30155],[21.25084,63.31213]]],[[[21.15835,63.32244],[21.14216,63.32499],[21.12477,63.31241],[21.11406,63.30891],[21.11281,63.29978],[21.15762,63.29565],[21.17976,63.31318],[21.17353,63.32073],[21.15835,63.32244]]],[[[21.22532,63.35398],[21.19161,63.3549],[21.15728,63.34103],[21.16199,63.32548],[21.1778,63.32241],[21.1944,63.32842],[21.19854,63.33885],[21.23844,63.3514],[21.22532,63.35398]]],[[[21.34932,63.3697],[21.33908,63.37256],[21.31573,63.37064],[21.30075,63.36047],[21.28004,63.35549],[21.2512,63.35827],[21.24766,63.34855],[21.25025,63.33112],[21.26486,63.33492],[21.28089,63.33117],[21.27809,63.31018],[21.29914,63.30807],[21.32656,63.3197],[21.34658,63.32014],[21.34954,63.30981],[21.33596,63.30816],[21.33257,63.29538],[21.33625,63.28799],[21.35745,63.29066],[21.36877,63.30733],[21.38028,63.309],[21.39491,63.31991],[21.39192,63.3336],[21.40936,63.33944],[21.4174,63.34788],[21.41153,63.35532],[21.41253,63.36612],[21.39315,63.37084],[21.38595,63.36681],[21.36803,63.37046],[21.34932,63.3697]]],[[[21.67016,63.39666],[21.66057,63.39156],[21.65977,63.38237],[21.68219,63.38366],[21.69393,63.39039],[21.67016,63.39666]]],[[[21.23807,63.39701],[21.20383,63.38691],[21.17972,63.36784],[21.20496,63.36294],[21.23752,63.36628],[21.25683,63.37821],[21.26182,63.39218],[21.25688,63.39686],[21.23807,63.39701]]],[[[21.07868,63.41859],[21.09019,63.42625],[21.08848,63.43204],[21.05346,63.43399],[21.053,63.42152],[21.07868,63.41859]]]]},"properties":{"kunta":"499"}},{"type":"Feature","geometry":{"type":"Polygon","coordinates":[[[25.79521,62.09444],[25.76162,62.09883],[25.76223,62.10272],[25.73289,62.1075],[25.72927,62.13317],[25.7047,62.14195],[25.7199,62.15205],[25.75023,62.14428],[25.76349,62.15197],[25.79402,62.1524],[25.7621,62.17988],[25.74755,62.18163],[25.73701,62.16893],[25.69274,62.17579],[25.6698,62.19181],[25.66606,62.20306],[25.6004,62.1862],[25.59041,62.18823],[25.58499,62.20021],[25.58603,62.22344],[25.5708,62.24283],[25.52922,62.2307],[25.49395,62.23301],[25.47175,62.20546],[25.48019,62.19304],[25.47936,62.18443],[25.50114,62.17644],[25.50147,62.16603],[25.50958,62.15826],[25.54184,62.15997],[25.53672,62.14079],[25.52672,62.13935],[25.52047,62.12773],[25.50619,62.12112],[25.4797,62.08611],[25.53361,62.08387],[25.53949,62.07174],[25.60824,62.07139],[25.63357,62.06895],[25.66425,62.07458],[25.69276,62.0757],[25.76799,62.06355],[25.79522,62.08287],[25.79521,62.09444]]]},"properties":{"kunta":"500"}},{"type":"Feature","geometry":{"type":"Polygon","coordinates":[[[22.16031,60.87201],[22.12847,60.90421],[22.05938,60.88314],[22.07307,60.86525],[22.03153,60.87282],[21.93043,60.80641],[21.85647,60.77962],[21.83301,60.75443],[21.79882,60.73846],[21.79187,60.70321],[21.81334,60.68002],[21.80585,60.66869],[21.8083,60.66023],[21.79742,60.65174],[21.80355,60.64401],[21.7882,60.62568],[21.77291,60.61764],[21.78428,60.61229],[21.81994,60.63386],[21.83454,60.6368],[21.84584,60.63349],[21.84588,60.61507],[21.83413,60.61377],[21.83015,60.60535],[21.84327,60.60056],[21.82512,60.58907],[21.8556,60.58457],[21.86816,60.58614],[21.87746,60.58001],[21.88862,60.58882],[21.91939,60.59259],[21.92737,60.60218],[21.92672,60.60814],[21.9644,60.62483],[21.97726,60.62487],[21.97686,60.63715],[22.02674,60.6493],[22.09501,60.68704],[22.37435,60.74747],[22.415,60.73729],[22.22208,60.80794],[22.16031,60.87201]]]},"properties":{"kunta":"503"}},{"type":"Feature","geometry":{"type":"Polygon","coordinates":[[[25.93352,60.70594],[25.91493,60.73587],[25.85937,60.73202],[25.83486,60.71495],[25.74675,60.70806],[25.73805,60.65651],[25.69103,60.63681],[25.65965,60.61388],[25.70017,60.60144],[25.70838,60.60223],[25.76902,60.58884],[25.80649,60.56649],[25.82323,60.551],[25.8257,60.54874],[25.82879,60.55687],[25.85376,60.57307],[25.91661,60.57041],[25.93805,60.57258],[25.96909,60.59241],[25.95528,60.60196],[25.96208,60.61485],[25.98675,60.61971],[26.00397,60.61592],[26.01446,60.62565],[26.00059,60.6438],[25.99538,60.64753],[25.9578,60.6477],[25.90496,60.63705],[25.94078,60.68168],[25.93352,60.70594]]]},"properties":{"kunta":"504"}},{"type":"Feature","geometry":{"type":"Polygon","coordinates":[[[25.4333,60.79545],[25.38218,60.7534],[25.31909,60.76097],[25.29812,60.75196],[25.28473,60.77623],[25.22117,60.80404],[25.20911,60.84085],[25.19606,60.83972],[25.1843,60.82509],[25.18927,60.82034],[25.12101,60.8164],[25.11097,60.81858],[25.10207,60.80976],[25.15488,60.77838],[25.15245,60.76836],[25.09064,60.76293],[25.08815,60.75399],[25.05828,60.72499],[25.06792,60.71455],[25.11437,60.74033],[25.11866,60.74668],[25.14548,60.73147],[25.19293,60.72474],[25.14605,60.71647],[25.08422,60.69921],[25.11246,60.6616],[25.08412,60.62626],[25.05313,60.60455],[25.07356,60.59328],[25.04534,60.57686],[25.15077,60.51673],[25.1693,60.50623],[25.22419,60.50163],[25.20409,60.52485],[25.24426,60.53551],[25.26175,60.54191],[25.34179,60.54492],[25.41284,60.5543],[25.41549,60.54154],[25.50191,60.55696],[25.51623,60.57986],[25.49512,60.58828],[25.46188,60.62652],[25.43231,60.64284],[25.42529,60.6632],[25.48133,60.6964],[25.51928,60.70389],[25.52542,60.71943],[25.51365,60.74812],[25.47452,60.79269],[25.4333,60.79545]]]},"properties":{"kunta":"505"}},{"type":"Feature","geometry":{"type":"Polygon","coordinates":[[[26.51546,61.62706],[26.44531,61.64026],[26.41917,61.65054],[26.37719,61.65781],[26.3787,61.64949],[26.34888,61.63441],[26.35479,61.62193],[26.3379,61.6126],[26.31504,61.60845],[26.31966,61.57197],[26.30137,61.57851],[26.26124,61.57988],[26.28355,61.55348],[26.29941,61.54506],[26.29246,61.52499],[26.2685,61.52406],[26.25611,61.50928],[26.27315,61.48923],[26.28663,61.48191],[26.29325,61.46435],[26.24366,61.44645],[26.26485,61.42583],[26.31972,61.39872],[26.28653,61.3763],[26.28753,61.36633],[26.31824,61.3709],[26.31582,61.35985],[26.39957,61.32202],[26.41095,61.32545],[26.48307,61.32284],[26.50461,61.28031],[26.51366,61.27433],[26.54958,61.27702],[26.56171,61.27055],[26.62914,61.29258],[26.6711,61.24359],[26.62988,61.22103],[26.66132,61.20688],[26.74545,61.22968],[26.76055,61.23962],[26.77336,61.25854],[26.77194,61.26616],[26.78182,61.26999],[26.85231,61.28369],[26.88122,61.2852],[26.87802,61.27814],[26.89672,61.24409],[26.89083,61.24245],[26.92076,61.22575],[26.92953,61.21004],[26.91213,61.18316],[27.03117,61.15206],[27.09632,61.15534],[27.11151,61.15793],[27.12089,61.16441],[27.16672,61.16099],[27.20582,61.16247],[27.22915,61.16708],[27.26911,61.16562],[27.30196,61.17721],[27.31551,61.16809],[27.3555,61.17355],[27.3622,61.1795],[27.35878,61.19495],[27.38782,61.20225],[27.37852,61.21424],[27.36663,61.20896],[27.32933,61.21872],[27.31716,61.22926],[27.32252,61.23799],[27.34802,61.24416],[27.34745,61.24889],[27.30583,61.27239],[27.29015,61.30002],[27.2278,61.30713],[27.21742,61.31718],[27.25786,61.31481],[27.26058,61.32388],[27.20961,61.33122],[27.19122,61.32985],[27.17179,61.32437],[27.14383,61.32784],[27.13983,61.31707],[27.10344,61.32953],[27.07482,61.33376],[27.03175,61.35106],[27.01331,61.35198],[26.99513,61.34534],[26.95388,61.3476],[26.96134,61.35672],[27.00019,61.36764],[27.01541,61.37625],[27.01929,61.38499],[27.07116,61.38178],[27.10665,61.36878],[27.13986,61.37972],[27.15404,61.39656],[27.16493,61.40165],[27.12913,61.40312],[27.09824,61.39847],[27.07433,61.40322],[27.07323,61.41397],[27.04362,61.44456],[27.06183,61.45045],[27.06765,61.46472],[27.05709,61.47181],[27.01745,61.4802],[27.00776,61.47267],[27.00716,61.46344],[26.99006,61.46455],[26.98387,61.47413],[26.96995,61.47887],[26.97504,61.48447],[26.96368,61.50343],[26.95214,61.50814],[26.9381,61.52359],[26.92237,61.51766],[26.88419,61.51573],[26.87375,61.52373],[26.83593,61.52287],[26.82484,61.54455],[26.80726,61.54695],[26.80218,61.5651],[26.77103,61.58068],[26.74932,61.56552],[26.72776,61.56536],[26.69527,61.58606],[26.63448,61.58569],[26.62372,61.59927],[26.60011,61.60366],[26.60468,61.57225],[26.60789,61.53634],[26.60053,61.53661],[26.57439,61.56772],[26.55283,61.5841],[26.55682,61.59037],[26.51546,61.62706]]]},"properties":{"kunta":"507"}},{"type":"Feature","geometry":{"type":"Polygon","coordinates":[[[24.73091,62.02319],[24.70387,62.04667],[24.66835,62.04937],[24.66679,62.08946],[24.67371,62.11546],[24.62373,62.12787],[24.60173,62.13937],[24.5602,62.18565],[24.49821,62.1971],[24.42696,62.17297],[24.44067,62.15805],[24.42747,62.1527],[24.38917,62.16641],[24.36041,62.16427],[24.33813,62.17078],[24.29329,62.19533],[24.25273,62.25232],[24.21129,62.25233],[24.20675,62.2324],[24.21053,62.22561],[24.17422,62.2323],[24.17019,62.23025],[24.188,62.21498],[24.15385,62.21341],[24.15272,62.20361],[24.16269,62.20263],[24.13428,62.1773],[24.11313,62.18569],[24.10367,62.18071],[24.0835,62.17736],[24.07281,62.17026],[24.06172,62.17314],[24.03707,62.14523],[24.03551,62.12096],[24.06527,62.11202],[24.09777,62.11143],[24.11656,62.09788],[24.11132,62.09078],[24.14074,62.08133],[24.18346,62.09556],[24.20415,62.08389],[24.22222,62.09611],[24.23968,62.07647],[24.28484,62.07765],[24.28568,62.0558],[24.29758,62.05598],[24.30797,62.04463],[24.2738,62.03912],[24.31111,62.02983],[24.32267,62.01619],[24.29883,62.02031],[24.2817,62.0124],[24.29853,62.003],[24.33224,61.99529],[24.31495,61.99141],[24.3403,61.96094],[24.37926,61.95039],[24.38533,61.95376],[24.41152,61.93102],[24.39501,61.92686],[24.40771,61.90606],[24.43863,61.91057],[24.4356,61.91459],[24.50096,61.92844],[24.52464,61.90933],[24.54294,61.93459],[24.55824,61.95148],[24.58346,61.95164],[24.60105,61.96213],[24.62126,61.99253],[24.63695,61.99884],[24.65438,61.99464],[24.68649,62.00296],[24.73091,62.02319]]]},"properties":{"kunta":"508"}},{"type":"Feature","geometry":{"type":"MultiPolygon","coordinates":[[[[22.00724,60.29844],[21.98408,60.2936],[21.98189,60.28201],[21.99895,60.28627],[22.01122,60.29391],[22.00724,60.29844]]],[[[21.72812,60.2957],[21.71796,60.30243],[21.70335,60.29612],[21.72714,60.28983],[21.72812,60.2957]]],[[[21.94751,60.31239],[21.89933,60.30869],[21.88662,60.30224],[21.89067,60.28792],[21.89838,60.282],[21.92939,60.27653],[21.95018,60.27629],[21.9522,60.28419],[21.97364,60.28794],[21.97054,60.29755],[21.97849,60.31016],[21.94751,60.31239]]],[[[22.01073,60.33696],[21.98124,60.33656],[21.93626,60.32563],[21.92568,60.31973],[21.96104,60.31739],[22.0077,60.30745],[22.02601,60.30925],[22.03741,60.31516],[22.03893,60.32347],[22.01998,60.32865],[22.01073,60.33696]]],[[[21.88868,60.33295],[21.87258,60.33404],[21.86882,60.32828],[21.91675,60.32548],[21.90862,60.33064],[21.88868,60.33295]]],[[[21.84027,60.36547],[21.82194,60.36596],[21.82869,60.35745],[21.89504,60.34921],[21.90965,60.35742],[21.87547,60.36487],[21.84027,60.36547]]],[[[21.65638,60.36371],[21.64006,60.36285],[21.65475,60.35237],[21.6623,60.34255],[21.6848,60.3451],[21.69843,60.34116],[21.71822,60.34049],[21.71246,60.34938],[21.69249,60.35105],[21.69044,60.36],[21.65638,60.36371]]],[[[21.74652,60.37271],[21.74946,60.36549],[21.78219,60.3705],[21.79334,60.37932],[21.78592,60.38217],[21.76475,60.37294],[21.74652,60.37271]]],[[[21.6991,60.36689],[21.6769,60.3715],[21.67171,60.37931],[21.65627,60.38273],[21.64409,60.37513],[21.66507,60.37195],[21.68515,60.36362],[21.6991,60.36689]]],[[[21.99082,60.38854],[21.99534,60.39398],[21.98737,60.40084],[21.96396,60.39045],[21.99082,60.38854]]],[[[22.06171,60.41275],[22.04444,60.41602],[22.02217,60.40576],[22.03638,60.39954],[22.05286,60.40155],[22.06171,60.41275]]],[[[21.71756,60.41993],[21.72138,60.42569],[21.71178,60.43328],[21.70572,60.44452],[21.69083,60.42902],[21.68925,60.42019],[21.70126,60.4112],[21.71756,60.41993]]],[[[21.80156,60.44494],[21.79349,60.43199],[21.80555,60.42536],[21.82543,60.42353],[21.83138,60.43317],[21.80156,60.44494]]],[[[21.69415,60.45002],[21.67941,60.44925],[21.67891,60.43947],[21.69329,60.43825],[21.69415,60.45002]]],[[[21.6411,60.43882],[21.64478,60.44638],[21.63382,60.45912],[21.60473,60.4379],[21.60555,60.42345],[21.59983,60.40775],[21.61565,60.40865],[21.6266,60.41632],[21.62171,60.42961],[21.64204,60.4257],[21.6411,60.43882]]],[[[21.95475,60.47868],[21.93175,60.48475],[21.92411,60.48286],[21.93039,60.45791],[21.94145,60.44698],[21.98371,60.43828],[21.9807,60.43303],[21.99158,60.42278],[22.03551,60.42175],[22.0656,60.42639],[22.07265,60.44276],[22.05283,60.44098],[22.02949,60.44252],[22.03669,60.44845],[22.02806,60.45861],[22.0032,60.46334],[21.99535,60.46907],[21.96133,60.47874],[21.95475,60.47868]]],[[[21.64978,60.4791],[21.65129,60.47257],[21.63925,60.46458],[21.65781,60.45988],[21.673,60.46169],[21.67175,60.47274],[21.64978,60.4791]]],[[[21.84828,60.48983],[21.82388,60.48828],[21.81783,60.48423],[21.82081,60.4645],[21.83297,60.45487],[21.81145,60.45276],[21.81377,60.44503],[21.84035,60.43441],[21.8513,60.42628],[21.87434,60.41519],[21.86523,60.4127],[21.84585,60.41565],[21.85481,60.42242],[21.83625,60.42849],[21.82811,60.41634],[21.79906,60.41569],[21.79277,60.40963],[21.80797,60.40381],[21.79129,60.39943],[21.79824,60.39132],[21.82546,60.38575],[21.82822,60.37929],[21.84982,60.37295],[21.87968,60.36909],[21.90428,60.36382],[21.924,60.36418],[21.90475,60.35425],[21.90226,60.34861],[21.94826,60.34632],[21.99131,60.34173],[22.00514,60.34699],[22.02981,60.34809],[22.05004,60.35254],[22.04834,60.35917],[22.03415,60.36434],[22.02875,60.37448],[22.01452,60.3736],[22.00417,60.3819],[21.97097,60.38351],[21.95286,60.38057],[21.96469,60.3942],[21.94272,60.39906],[21.97717,60.40319],[21.97212,60.41373],[21.95951,60.42149],[21.95416,60.42994],[21.94346,60.43154],[21.93562,60.44244],[21.92759,60.44523],[21.89652,60.47783],[21.88032,60.47867],[21.85693,60.48955],[21.84828,60.48983]]],[[[22.10556,60.44888],[22.0806,60.4591],[22.06739,60.47713],[22.06991,60.48862],[22.09394,60.50146],[22.08508,60.51496],[22.0165,60.50131],[22.01584,60.49094],[22.02816,60.48179],[22.01455,60.47271],[22.01605,60.46436],[22.03612,60.45819],[22.06195,60.45696],[22.08985,60.4451],[22.10556,60.44888]]],[[[21.79985,60.51028],[21.80225,60.50526],[21.76249,60.4979],[21.74932,60.4976],[21.73808,60.49186],[21.74598,60.48005],[21.76777,60.47437],[21.77006,60.49073],[21.77505,60.49588],[21.79832,60.49024],[21.81169,60.49174],[21.81955,60.49929],[21.84812,60.49687],[21.86398,60.49327],[21.86745,60.487],[21.88331,60.48019],[21.90034,60.4893],[21.88924,60.49619],[21.87461,60.51506],[21.79985,60.51028]]],[[[21.7746,60.54789],[21.75561,60.55553],[21.74241,60.54524],[21.74625,60.53649],[21.71225,60.52138],[21.7071,60.5102],[21.71329,60.50688],[21.70692,60.48897],[21.69372,60.4705],[21.70058,60.46106],[21.7147,60.45795],[21.73718,60.47728],[21.73231,60.48044],[21.73611,60.49367],[21.74551,60.50057],[21.75984,60.50044],[21.77475,60.5073],[21.77919,60.51538],[21.79605,60.52591],[21.80281,60.54063],[21.78144,60.55126],[21.7746,60.54789]]]]},"properties":{"kunta":"529"}},{"type":"Feature","geometry":{"type":"Polygon","coordinates":[[[22.16613,61.40546],[22.08413,61.42098],[22.02828,61.42075],[22.00501,61.41783],[21.97061,61.40173],[21.95028,61.4035],[21.93052,61.39871],[21.86995,61.39829],[21.80371,61.38515],[21.71325,61.38987],[21.80463,61.34029],[21.78078,61.33782],[21.87624,61.2967],[21.88968,61.30879],[21.92706,61.3008],[21.9814,61.29419],[22.01072,61.29248],[22.02119,61.29444],[22.00364,61.31339],[22.05311,61.31817],[22.09481,61.32741],[22.11897,61.33669],[22.10794,61.34114],[22.07154,61.34125],[22.06454,61.35039],[22.11211,61.39338],[22.16613,61.40546]]]},"properties":{"kunta":"531"}},{"type":"Feature","geometry":{"type":"Polygon","coordinates":[[[25.36642,63.93004],[25.19002,64.01497],[25.20396,64.02833],[25.18893,64.03796],[25.19787,64.0478],[25.19127,64.05179],[25.16224,64.04885],[25.14633,64.04214],[25.15405,64.03105],[25.14741,64.02615],[25.02125,64.06794],[24.91304,63.98321],[24.87672,63.98974],[24.85666,63.9741],[24.79584,63.97905],[24.77091,63.9894],[24.74539,63.99369],[24.72207,63.95702],[24.70434,63.95478],[24.68743,63.95957],[24.65511,63.96083],[24.63786,63.9662],[24.63909,63.94676],[24.67274,63.94162],[24.67374,63.93549],[24.66087,63.9314],[24.69927,63.92334],[24.73411,63.92279],[24.78251,63.89446],[24.82272,63.88165],[24.82399,63.86269],[24.83919,63.8688],[24.86944,63.86658],[24.91583,63.85087],[24.93356,63.83572],[24.92497,63.82988],[24.94992,63.82174],[24.96732,63.80663],[24.96738,63.8006],[25.021,63.83111],[25.02199,63.8198],[25.0137,63.80861],[24.99243,63.79657],[25.00651,63.79229],[25.03569,63.79841],[25.06705,63.79961],[25.07473,63.78253],[25.13198,63.76883],[25.14415,63.76995],[25.18344,63.79193],[25.15494,63.79442],[25.1254,63.79221],[25.12058,63.79596],[25.15333,63.82409],[25.23176,63.8721],[25.26663,63.93226],[25.28108,63.93495],[25.36642,63.93004]]]},"properties":{"kunta":"535"}},{"type":"Feature","geometry":{"type":"Polygon","coordinates":[[[23.5423,61.53334],[23.50646,61.55093],[23.44216,61.57223],[23.42973,61.55108],[23.38157,61.5189],[23.36258,61.5253],[23.27229,61.51858],[23.19379,61.53776],[23.19363,61.52801],[23.20429,61.51871],[23.20335,61.47444],[23.13948,61.46809],[23.13735,61.4633],[23.17484,61.45401],[23.19442,61.45837],[23.20614,61.45374],[23.17115,61.43613],[23.19026,61.43108],[23.18878,61.42659],[23.23561,61.3722],[23.25642,61.35893],[23.22075,61.32841],[23.27624,61.35608],[23.3255,61.35038],[23.36435,61.33733],[23.42219,61.32764],[23.42465,61.33612],[23.4411,61.33386],[23.4513,61.33709],[23.39317,61.36074],[23.42236,61.37229],[23.4249,61.38095],[23.44822,61.38833],[23.46706,61.38844],[23.47762,61.39683],[23.48567,61.41825],[23.50296,61.42425],[23.51792,61.43512],[23.5462,61.46955],[23.56843,61.47599],[23.59104,61.47384],[23.61314,61.47779],[23.59045,61.49314],[23.56692,61.49309],[23.5724,61.50408],[23.55488,61.5153],[23.5423,61.53334]]]},"properties":{"kunta":"536"}},{"type":"Feature","geometry":{"type":"Polygon","coordinates":[[[22.415,60.73729],[22.37435,60.74747],[22.09501,60.68704],[22.02674,60.6493],[21.97686,60.63715],[21.97726,60.62487],[21.9644,60.62483],[21.92672,60.60814],[21.92737,60.60218],[21.95561,60.61085],[21.97991,60.61233],[21.9969,60.6013],[22.00569,60.57531],[22.02587,60.57857],[22.04052,60.56423],[22.07114,60.57971],[22.08817,60.58612],[22.09436,60.57918],[22.15691,60.59812],[22.20226,60.61536],[22.21447,60.62231],[22.21005,60.59568],[22.22688,60.60193],[22.2509,60.59968],[22.2572,60.61339],[22.24747,60.61755],[22.24695,60.63572],[22.25618,60.64435],[22.36755,60.69948],[22.415,60.73729]]]},"properties":{"kunta":"538"}},{"type":"Feature","geometry":{"type":"Polygon","coordinates":[[[29.77569,63.70336],[29.72269,63.74803],[29.68253,63.87894],[29.54394,63.8715],[29.31142,63.8528],[29.15831,63.84733],[29.11189,63.84635],[28.88514,63.83584],[28.50077,63.88241],[28.496,63.87824],[28.45996,63.87112],[28.47375,63.8584],[28.35959,63.75475],[28.42416,63.72651],[28.46123,63.69861],[28.52606,63.69713],[28.5509,63.70063],[28.58477,63.68833],[28.60646,63.67466],[28.59372,63.66981],[28.58585,63.65911],[28.60675,63.57544],[28.61841,63.56726],[28.65991,63.55809],[28.66851,63.56121],[28.68495,63.55267],[28.65051,63.54033],[28.63678,63.54814],[28.61359,63.53986],[28.60346,63.52746],[28.64111,63.47636],[28.64969,63.47219],[28.66611,63.42319],[28.69572,63.41015],[28.70504,63.41133],[28.75953,63.38781],[28.78111,63.37675],[28.82721,63.36555],[28.83105,63.37515],[28.82121,63.39446],[29.00013,63.43536],[29.03567,63.44058],[29.0655,63.43913],[29.10681,63.44972],[29.14878,63.43485],[29.18307,63.44414],[29.33151,63.36108],[29.46729,63.34785],[29.49851,63.36564],[29.52248,63.36908],[29.53668,63.40723],[29.56613,63.43322],[29.5665,63.46443],[29.54715,63.47904],[29.52301,63.48501],[29.53121,63.53357],[29.50439,63.54078],[29.49506,63.54768],[29.50578,63.5523],[29.53352,63.54897],[29.5426,63.61488],[29.65362,63.68104],[29.68184,63.67295],[29.77569,63.70336]]]},"properties":{"kunta":"541"}},{"type":"Feature","geometry":{"type":"Polygon","coordinates":[[[24.91216,60.55562],[24.88371,60.57272],[24.83816,60.56048],[24.82848,60.52883],[24.79815,60.52872],[24.81109,60.54373],[24.78995,60.55384],[24.77502,60.56468],[24.77988,60.57888],[24.74816,60.58887],[24.70595,60.5188],[24.66338,60.50813],[24.64884,60.51666],[24.6253,60.5189],[24.57148,60.50509],[24.52484,60.47679],[24.5605,60.47053],[24.57639,60.44897],[24.58781,60.40605],[24.62769,60.35924],[24.66471,60.36277],[24.74928,60.34178],[24.83046,60.39446],[24.86894,60.40125],[24.89439,60.42014],[24.90146,60.43584],[24.93201,60.45009],[24.93604,60.46118],[24.96442,60.49257],[24.96348,60.50087],[24.97403,60.52529],[24.94249,60.51547],[24.93361,60.5188],[24.92729,60.53628],[24.91185,60.54371],[24.91216,60.55562]]]},"properties":{"kunta":"543"}},{"type":"Feature","geometry":{"type":"MultiPolygon","coordinates":[[[[21.2144,62.3797],[21.21611,62.39364],[21.20426,62.39626],[21.19454,62.38565],[21.18451,62.36255],[21.19848,62.36348],[21.1969,62.37498],[21.2144,62.3797]]],[[[21.20469,62.42056],[21.19142,62.42386],[21.18842,62.40717],[21.19228,62.39536],[21.17498,62.38951],[21.16723,62.3729],[21.17929,62.3702],[21.20721,62.40324],[21.21201,62.41272],[21.20469,62.42056]]],[[[21.12018,62.55377],[21.11076,62.55094],[21.10578,62.54088],[21.11453,62.52301],[21.13248,62.52507],[21.13268,62.53388],[21.15519,62.53513],[21.13316,62.55042],[21.12018,62.55377]]],[[[21.09297,62.57071],[21.07712,62.57805],[21.05814,62.57433],[21.06155,62.56684],[21.05237,62.55291],[21.05837,62.5433],[21.07295,62.53156],[21.09177,62.55352],[21.09297,62.57071]]],[[[21.72914,62.76767],[21.71516,62.76715],[21.69175,62.73832],[21.6465,62.74327],[21.61987,62.74212],[21.61907,62.75623],[21.55561,62.75445],[21.54766,62.76169],[21.52391,62.76401],[21.37441,62.75787],[21.37589,62.74859],[21.34619,62.73933],[21.37881,62.7286],[21.35076,62.71694],[21.33867,62.72074],[21.32793,62.71136],[21.32927,62.68667],[21.31144,62.68007],[21.29656,62.66904],[21.28579,62.66848],[21.27484,62.67644],[21.25683,62.68333],[21.22389,62.67237],[21.21401,62.67163],[21.21299,62.68521],[21.1641,62.69061],[21.08122,62.68415],[21.10371,62.68283],[21.08342,62.65096],[21.08503,62.63831],[21.0745,62.62545],[21.08536,62.60891],[21.10902,62.6187],[21.12065,62.63806],[21.13933,62.64204],[21.13827,62.63307],[21.14395,62.61757],[21.16202,62.61888],[21.19254,62.62498],[21.19157,62.61417],[21.20722,62.60845],[21.20114,62.59599],[21.18614,62.59099],[21.16575,62.5723],[21.15416,62.5731],[21.15197,62.55984],[21.16995,62.55398],[21.17161,62.54702],[21.15941,62.53707],[21.1456,62.51231],[21.12847,62.49284],[21.12234,62.4819],[21.13694,62.47453],[21.15195,62.47148],[21.16288,62.47803],[21.17458,62.46293],[21.19523,62.47046],[21.16757,62.42765],[21.19476,62.4277],[21.23212,62.44664],[21.24292,62.43692],[21.22748,62.41996],[21.22537,62.40494],[21.2532,62.38946],[21.26354,62.39077],[21.2865,62.40097],[21.29071,62.39223],[21.28168,62.38557],[21.30527,62.3803],[21.30237,62.36662],[21.3073,62.3544],[21.32387,62.35921],[21.32865,62.3705],[21.34914,62.37478],[21.36633,62.37087],[21.35896,62.36394],[21.35447,62.34981],[21.35635,62.33315],[21.34623,62.3235],[21.32473,62.31851],[21.3185,62.33126],[21.30933,62.32977],[21.3028,62.3177],[21.31648,62.30372],[21.32294,62.30503],[21.34032,62.31609],[21.41714,62.34384],[21.48813,62.37787],[21.55413,62.4243],[21.54536,62.4472],[21.60334,62.53089],[21.6148,62.5543],[21.59553,62.55847],[21.59177,62.60544],[21.62535,62.61071],[21.64665,62.62157],[21.65376,62.63737],[21.66224,62.64005],[21.72724,62.66634],[21.79097,62.69422],[21.7478,62.7202],[21.72914,62.76767]]]]},"properties":{"kunta":"545"}},{"type":"Feature","geometry":{"type":"Polygon","coordinates":[[[26.13994,60.90723],[26.12243,60.90811],[26.10268,60.88823],[26.08375,60.89611],[26.01481,60.90425],[25.97709,60.92391],[25.95012,60.92857],[25.94462,60.91365],[25.91865,60.88665],[25.8263,60.897],[25.77767,60.89105],[25.7778,60.9235],[25.74668,60.91389],[25.7283,60.93456],[25.7032,60.91592],[25.69658,60.91742],[25.6637,60.90525],[25.65751,60.90644],[25.65464,60.89537],[25.63931,60.88962],[25.6438,60.88118],[25.6047,60.87054],[25.5708,60.88445],[25.54029,60.868],[25.51785,60.89504],[25.50776,60.88617],[25.47775,60.87172],[25.45844,60.87037],[25.44684,60.86248],[25.4206,60.86668],[25.40222,60.85436],[25.39499,60.84708],[25.42841,60.83202],[25.44961,60.81051],[25.44389,60.79919],[25.4333,60.79545],[25.47452,60.79269],[25.51365,60.74812],[25.52542,60.71943],[25.51928,60.70389],[25.61087,60.67148],[25.61235,60.67863],[25.63427,60.68098],[25.65724,60.69073],[25.67955,60.69155],[25.69737,60.70786],[25.72301,60.71842],[25.74675,60.70806],[25.83486,60.71495],[25.85937,60.73202],[25.91493,60.73587],[25.93352,60.70594],[26.02778,60.71663],[26.10924,60.68638],[26.14181,60.6905],[26.16329,60.70076],[26.21426,60.71625],[26.22384,60.72927],[26.20836,60.75799],[26.202,60.80186],[26.1674,60.81892],[26.11761,60.83274],[26.09519,60.8293],[26.07783,60.83548],[26.09164,60.86018],[26.1038,60.86685],[26.12241,60.86974],[26.1137,60.8869],[26.13994,60.90723]]]},"properties":{"kunta":"560"}},{"type":"Feature","geometry":{"type":"Polygon","coordinates":[[[22.75772,60.81533],[22.81697,60.81325],[22.79182,60.82376],[22.77054,60.8527],[22.7783,60.86757],[22.77177,60.91722],[22.75849,60.93706],[22.74874,60.93658],[22.7512,60.91798],[22.71901,60.9083],[22.65426,60.90442],[22.64842,60.91497],[22.63117,60.91192],[22.61909,60.91401],[22.60238,60.92689],[22.58725,60.91127],[22.56003,60.89436],[22.55247,60.8833],[22.55246,60.87357],[22.58941,60.84818],[22.62139,60.84037],[22.65368,60.82732],[22.68619,60.8292],[22.74102,60.82531],[22.75772,60.81533]]]},"properties":{"kunta":"561"}},{"type":"Feature","geometry":{"type":"Polygon","coordinates":[[[24.81203,61.66002],[24.85498,61.67321],[24.79137,61.6904],[24.76747,61.67589],[24.7632,61.68266],[24.73595,61.69376],[24.74863,61.71911],[24.72158,61.76342],[24.72465,61.77944],[24.74972,61.77617],[24.77051,61.76902],[24.78348,61.75885],[24.81523,61.7543],[24.81005,61.76424],[24.82071,61.77013],[24.78209,61.79148],[24.7728,61.8015],[24.72985,61.81332],[24.66665,61.86299],[24.63283,61.84687],[24.61983,61.83306],[24.62605,61.8168],[24.59066,61.78037],[24.55539,61.71554],[24.54551,61.71701],[24.5189,61.73501],[24.49089,61.73779],[24.48312,61.73511],[24.46256,61.73819],[24.41655,61.7375],[24.39729,61.74489],[24.35715,61.77601],[24.34855,61.77393],[24.31073,61.80975],[24.27932,61.80217],[24.22742,61.82481],[24.11473,61.81527],[24.09079,61.79285],[24.08989,61.77611],[24.11527,61.7327],[24.0784,61.71498],[24.1013,61.68386],[24.10251,61.6657],[24.08938,61.64222],[24.0946,61.63507],[24.11852,61.62719],[24.18517,61.59089],[24.21528,61.58265],[24.24511,61.56825],[24.31929,61.585],[24.34927,61.5766],[24.34845,61.55535],[24.39417,61.54499],[24.5047,61.54842],[24.5722,61.52471],[24.58935,61.53273],[24.62186,61.51851],[24.64294,61.51457],[24.67207,61.53473],[24.73699,61.52575],[24.73356,61.54507],[24.74485,61.5659],[24.83677,61.55556],[24.87771,61.54513],[24.91639,61.56553],[24.91694,61.58948],[24.88902,61.59745],[24.86148,61.58859],[24.84667,61.58813],[24.84425,61.56763],[24.83099,61.55795],[24.81637,61.58992],[24.793,61.60483],[24.78389,61.62217],[24.81203,61.66002]]]},"properties":{"kunta":"562"}},{"type":"Feature","geometry":{"type":"Polygon","coordinates":[[[28.46304,64.37525],[28.3217,64.40321],[28.25639,64.43156],[28.18962,64.44345],[28.16428,64.44568],[28.12767,64.45594],[28.13465,64.46495],[28.07906,64.46978],[28.04877,64.48986],[28.05412,64.51979],[28.05931,64.5217],[27.97515,64.56273],[27.97034,64.57513],[27.95342,64.57327],[27.93616,64.58164],[27.87048,64.5773],[27.8313,64.55418],[27.76584,64.53571],[27.75549,64.52935],[27.71549,64.53522],[27.68007,64.5272],[27.61814,64.50409],[27.59046,64.5181],[27.56263,64.51658],[27.56084,64.50693],[27.53472,64.50259],[27.49173,64.52329],[27.48919,64.54427],[27.47947,64.54458],[27.45661,64.53533],[27.45065,64.54279],[27.41806,64.55836],[27.41206,64.57341],[27.39698,64.57188],[27.3479,64.55],[27.29663,64.50186],[27.27222,64.48991],[27.20548,64.47404],[27.18508,64.45589],[27.18001,64.44098],[27.25123,64.39905],[27.25388,64.39088],[27.24762,64.38026],[27.19184,64.3499],[27.18777,64.31032],[27.42702,64.29289],[27.48363,64.32178],[27.57243,64.30801],[27.65171,64.34964],[27.76567,64.34921],[27.79293,64.36517],[27.9339,64.34547],[27.98305,64.32567],[28.00384,64.32574],[28.11165,64.3061],[28.13284,64.31715],[28.13989,64.32217],[28.16612,64.32265],[28.2092,64.32966],[28.2147,64.34007],[28.24001,64.34135],[28.29068,64.33148],[28.33893,64.33448],[28.37027,64.36088],[28.46304,64.37525]]]},"properties":{"kunta":"578"}},{"type":"Feature","geometry":{"type":"Polygon","coordinates":[[[30.14391,61.85229],[30.13358,61.86432],[30.08242,61.85321],[29.96215,61.82177],[29.55927,61.72207],[29.549,61.69007],[29.53835,61.68389],[29.45846,61.669],[29.4042,61.65387],[29.29488,61.597],[29.26157,61.55777],[29.23642,61.52021],[29.27332,61.51107],[29.32193,61.49338],[29.33949,61.49689],[29.36455,61.49066],[29.38496,61.45316],[29.42344,61.43342],[29.44431,61.42447],[29.5031,61.46128],[29.49625,61.4919],[29.55806,61.49234],[29.59167,61.49557],[29.64523,61.52016],[29.64321,61.5261],[29.68872,61.55209],[29.74054,61.57576],[29.75464,61.6031],[29.8032,61.63499],[29.81028,61.63556],[29.81868,61.65517],[29.86814,61.68205],[30.0381,61.7654],[30.04724,61.77327],[30.0713,61.81892],[30.14391,61.85229]]]},"properties":{"kunta":"580"}},{"type":"Feature","geometry":{"type":"Polygon","coordinates":[[[23.29521,62.08294],[23.25899,62.0885],[23.23478,62.0863],[23.14111,62.08267],[23.14005,62.08851],[23.11429,62.10689],[23.12204,62.10769],[23.12293,62.12157],[23.0983,62.11872],[23.07886,62.14445],[23.04933,62.16407],[23.0459,62.19119],[23.02907,62.19075],[23.01687,62.20141],[22.99436,62.2889],[22.89687,62.26901],[22.83125,62.27088],[22.84227,62.23685],[22.84773,62.19678],[22.84145,62.18687],[22.86163,62.17256],[22.83063,62.16202],[22.81941,62.16569],[22.77089,62.15439],[22.76433,62.14164],[22.78024,62.06072],[22.69587,62.05086],[22.68377,62.05369],[22.6021,62.03708],[22.56405,62.01073],[22.5393,62.00075],[22.5226,61.99811],[22.57276,61.98276],[22.5946,61.97411],[22.62079,61.96854],[22.65501,61.96526],[22.65651,61.95491],[22.64664,61.95211],[22.66594,61.93067],[22.68321,61.92165],[22.73076,61.91551],[22.73873,61.91064],[22.80378,61.93222],[22.81818,61.94062],[22.81375,61.95806],[22.84975,61.95553],[22.86235,61.95254],[22.90824,61.96489],[22.95178,61.97159],[22.96467,61.913],[23.00262,61.91237],[23.02047,61.90405],[23.04821,61.9288],[23.06604,61.93978],[23.11676,61.93962],[23.11996,61.93068],[23.11341,61.92116],[23.1362,61.91714],[23.14941,61.8966],[23.31009,61.90176],[23.30215,61.94683],[23.31084,61.94952],[23.3026,61.96047],[23.31957,61.97297],[23.32249,61.98299],[23.35706,62.00607],[23.34848,62.01968],[23.3662,62.03846],[23.36539,62.07129],[23.32633,62.0712],[23.32521,62.07675],[23.29521,62.08294]]]},"properties":{"kunta":"581"}},{"type":"Feature","geometry":{"type":"Polygon","coordinates":[[[28.35983,67.10811],[28.11368,67.14484],[28.0407,67.17197],[27.96442,67.17542],[27.87576,67.17544],[27.88385,67.19837],[27.86252,67.21828],[27.88103,67.22614],[27.85369,67.23564],[27.84691,67.2327],[27.7699,67.30439],[27.66649,67.32706],[27.2219,67.4253],[27.26033,67.39329],[27.25269,67.36319],[27.11179,67.35107],[27.08648,67.33771],[27.0411,67.19136],[27.01958,67.16709],[26.78988,67.06485],[26.77558,67.05001],[26.81375,67.02963],[26.79869,67.03039],[26.76723,67.04068],[26.76087,67.05233],[26.51797,66.94292],[27.14818,67.01381],[27.24886,67.01258],[27.33549,67.04303],[27.35809,67.02509],[27.38571,67.01956],[27.40337,67.01015],[27.58459,67.00716],[27.66003,66.97677],[27.68515,66.97888],[27.68109,66.96794],[27.8816,66.88591],[27.95648,67.02954],[28.08454,67.03917],[28.35983,67.10811]]]},"properties":{"kunta":"583"}},{"type":"Feature","geometry":{"type":"Polygon","coordinates":[[[24.77292,63.35868],[24.57276,63.39223],[24.49299,63.36657],[24.48618,63.3752],[24.40569,63.37214],[24.36925,63.33701],[24.22095,63.34606],[24.16463,63.33192],[24.09768,63.30963],[24.08384,63.29509],[24.08986,63.2821],[24.0578,63.28233],[24.05203,63.25814],[24.09703,63.24501],[24.17236,63.21126],[24.23448,63.1707],[24.19711,63.1589],[24.17817,63.16092],[24.17077,63.148],[24.20318,63.15487],[24.25689,63.13302],[24.30441,63.14112],[24.35901,63.11643],[24.53075,63.15748],[24.77288,63.13336],[24.73161,63.14704],[24.74584,63.1979],[24.7626,63.21877],[24.75182,63.25198],[24.76659,63.2553],[24.75417,63.26592],[24.8036,63.27593],[24.77292,63.35868]]]},"properties":{"kunta":"584"}},{"type":"Feature","geometry":{"type":"Polygon","coordinates":[[[25.28541,62.38918],[25.27067,62.41002],[25.20768,62.41995],[25.12483,62.42702],[25.07533,62.42176],[25.03005,62.3672],[25.027,62.36148],[25.05466,62.34712],[25.06897,62.33206],[25.04732,62.29641],[25.03425,62.24913],[25.07185,62.23803],[25.03751,62.20745],[24.96881,62.2108],[25.0413,62.18535],[25.11826,62.16379],[25.16529,62.16249],[25.28521,62.15236],[25.33235,62.18158],[25.34792,62.19746],[25.33497,62.23311],[25.38488,62.24364],[25.42335,62.24479],[25.41326,62.26639],[25.45799,62.3092],[25.48907,62.34711],[25.4443,62.3452],[25.44212,62.3571],[25.38033,62.37198],[25.36955,62.37762],[25.30246,62.36539],[25.28541,62.38918]]]},"properties":{"kunta":"592"}},{"type":"Feature","geometry":{"type":"Polygon","coordinates":[[[27.26004,66.19826],[27.25315,66.20318],[27.18728,66.19748],[27.09702,66.20135],[27.07324,66.20725],[27.06477,66.22041],[27.03912,66.2345],[27.00243,66.24787],[26.97109,66.24225],[26.94052,66.24273],[26.93093,66.24846],[26.93945,66.25547],[26.93308,66.26831],[26.91885,66.27641],[26.90046,66.30189],[26.72737,66.29864],[26.57961,66.28501],[26.57884,66.26698],[26.58289,66.26139],[26.57175,66.2484],[26.5911,66.23843],[26.63389,66.22489],[26.61902,66.21691],[26.46933,66.18777],[26.44133,66.21589],[26.41687,66.22279],[26.36793,66.22294],[26.32892,66.21431],[26.29001,66.1958],[26.25388,66.19613],[26.20241,66.18009],[26.18159,66.18178],[26.15848,66.17489],[26.13021,66.15958],[26.09363,66.16526],[26.08709,66.1554],[26.06732,66.15913],[26.05928,66.14281],[25.76387,66.08904],[25.84659,66.01513],[25.681,65.89196],[25.93919,65.77399],[26.16011,65.82233],[26.15823,65.72556],[26.36867,65.71347],[26.65986,65.71025],[26.8247,65.70115],[27.03569,65.73841],[27.0493,65.73285],[27.07198,65.72977],[27.10109,65.7419],[27.11034,65.75103],[27.3365,65.89423],[27.40742,65.9384],[27.45766,65.96996],[27.4692,66.10377],[27.27279,66.14283],[27.26004,66.19826]]]},"properties":{"kunta":"683"}},{"type":"Feature","geometry":{"type":"MultiPolygon","coordinates":[[[[21.51362,61.20784],[21.50885,61.19965],[21.44716,61.18854],[21.44744,61.17609],[21.46097,61.17123],[21.44292,61.16487],[21.46332,61.15414],[21.4564,61.15182],[21.46944,61.13957],[21.43632,61.13537],[21.42819,61.12696],[21.44947,61.1265],[21.4542,61.11401],[21.44387,61.10251],[21.45701,61.09422],[21.47546,61.0895],[21.46372,61.08022],[21.44034,61.08781],[21.41601,61.08466],[21.38891,61.09368],[21.37129,61.08823],[21.38285,61.08077],[21.4245,61.07445],[21.42793,61.05134],[21.41994,61.04731],[21.42716,61.0274],[21.4747,61.0092],[21.48021,60.99948],[21.52766,61.00511],[21.55066,61.0048],[21.56636,61.00922],[21.60701,61.0107],[21.59114,61.02883],[21.62116,61.05179],[21.65141,61.01736],[21.65464,60.99992],[21.66559,60.99633],[21.69331,61.00355],[21.71364,60.99903],[21.73439,61.00089],[21.76603,61.0137],[21.75325,61.02656],[21.77575,61.03411],[21.82521,61.03418],[21.80498,61.0201],[21.84411,61.0094],[21.87569,61.01517],[21.92025,61.01544],[21.93563,61.01839],[21.97248,61.01729],[21.98174,61.01911],[21.99095,61.03136],[22.02158,61.03033],[22.07072,61.04242],[22.04953,61.08029],[22.02685,61.08916],[21.99045,61.08557],[21.90422,61.11624],[21.89177,61.13089],[21.86748,61.14566],[21.82925,61.16243],[21.81163,61.15032],[21.7653,61.148],[21.73429,61.13982],[21.70345,61.14134],[21.64698,61.14985],[21.62019,61.16298],[21.59485,61.18907],[21.57935,61.18281],[21.56714,61.18624],[21.55761,61.19441],[21.51362,61.20784]]],[[[21.44608,61.19544],[21.44551,61.20599],[21.4075,61.214],[21.41458,61.20293],[21.43495,61.19471],[21.44608,61.19544]]],[[[21.37595,61.2149],[21.3568,61.19766],[21.33576,61.19408],[21.3481,61.18746],[21.34606,61.17695],[21.36735,61.1721],[21.3861,61.18246],[21.41101,61.18469],[21.39613,61.19216],[21.38077,61.19529],[21.38789,61.2049],[21.40234,61.20961],[21.38678,61.21587],[21.37595,61.2149]]]]},"properties":{"kunta":"684"}},{"type":"Feature","geometry":{"type":"Polygon","coordinates":[[[27.40851,62.50389],[27.3856,62.50547],[27.38429,62.51429],[27.36356,62.53002],[27.34451,62.52288],[27.34742,62.50845],[27.33773,62.49711],[27.30253,62.48589],[27.2898,62.46386],[27.26778,62.46283],[27.25104,62.47422],[27.25069,62.47982],[27.21111,62.47881],[27.18937,62.47015],[27.19546,62.45595],[27.16669,62.45922],[27.17021,62.47615],[27.11406,62.50621],[27.10215,62.48477],[27.08142,62.48853],[27.06129,62.47132],[26.99715,62.46951],[26.97051,62.48905],[26.95224,62.48146],[26.95119,62.47554],[26.97185,62.45428],[26.9633,62.44537],[26.95144,62.44264],[26.9363,62.4568],[26.90539,62.46575],[26.88392,62.4776],[26.87948,62.48551],[26.83344,62.46823],[26.81677,62.45407],[26.83256,62.44298],[26.76066,62.424],[26.732,62.44338],[26.70913,62.45295],[26.69801,62.44522],[26.7055,62.42702],[26.68053,62.40382],[26.69407,62.39484],[26.7344,62.37912],[26.77612,62.35411],[26.66904,62.34186],[26.662,62.32697],[26.68316,62.30773],[26.70473,62.28657],[26.71011,62.26957],[26.72793,62.24593],[26.72926,62.22528],[26.69303,62.23547],[26.69213,62.25067],[26.67777,62.25042],[26.67622,62.23839],[26.69786,62.21244],[26.71714,62.20042],[26.72679,62.19944],[26.76387,62.18115],[26.79593,62.18235],[26.82089,62.16607],[26.82434,62.15232],[26.83801,62.13766],[26.85274,62.1289],[26.88394,62.14028],[26.91839,62.1194],[26.92588,62.12254],[26.91845,62.14697],[26.93626,62.13912],[26.94873,62.14315],[26.94679,62.15758],[26.95836,62.15641],[26.97562,62.16709],[26.98712,62.1819],[26.99905,62.18588],[27.03344,62.16131],[27.05562,62.15958],[27.04086,62.18708],[27.07499,62.17655],[27.08877,62.17698],[27.10834,62.19362],[27.13546,62.19916],[27.1528,62.192],[27.16812,62.17881],[27.16126,62.16659],[27.3474,62.05259],[27.3379,62.04965],[27.37035,62.01555],[27.39246,62.00586],[27.38946,62.03764],[27.37123,62.05642],[27.40376,62.06528],[27.42317,62.05073],[27.46436,62.03486],[27.58977,62.03869],[27.6008,62.02957],[27.62641,62.03085],[27.63993,62.03524],[27.65308,62.02777],[27.65747,62.02972],[27.61578,62.05055],[27.63897,62.06433],[27.62567,62.06795],[27.6141,62.07633],[27.64583,62.08801],[27.6252,62.10286],[27.64099,62.10754],[27.62457,62.11569],[27.63915,62.12384],[27.63415,62.1337],[27.61832,62.1435],[27.63093,62.15021],[27.60157,62.15707],[27.58278,62.15458],[27.56616,62.14764],[27.54789,62.17196],[27.54598,62.19003],[27.53361,62.19711],[27.50145,62.23377],[27.50973,62.23526],[27.53273,62.22687],[27.56356,62.22938],[27.5575,62.23707],[27.49372,62.27479],[27.51115,62.28008],[27.51868,62.28759],[27.54957,62.28327],[27.55628,62.27715],[27.5881,62.29041],[27.60589,62.27848],[27.63189,62.28296],[27.62681,62.30467],[27.64773,62.32056],[27.69296,62.33303],[27.67546,62.35215],[27.69191,62.37476],[27.68558,62.38863],[27.65255,62.39981],[27.6299,62.41964],[27.57257,62.44806],[27.5432,62.45672],[27.5291,62.45679],[27.46465,62.47084],[27.45947,62.484],[27.44127,62.48501],[27.41583,62.49528],[27.40851,62.50389]]]},"properties":{"kunta":"593"}},{"type":"Feature","geometry":{"type":"Polygon","coordinates":[[[27.13699,63.32122],[27.11061,63.32056],[27.10067,63.3133],[27.08517,63.31448],[27.0525,63.29929],[27.05852,63.31501],[27.04868,63.33805],[27.0284,63.33186],[27.01582,63.3367],[27.01249,63.365],[26.98829,63.37778],[26.97164,63.37401],[26.95638,63.37505],[26.95235,63.39081],[26.96052,63.40183],[26.95519,63.40906],[26.93634,63.41854],[26.93975,63.42982],[26.931,63.45411],[26.85139,63.46721],[26.83846,63.49272],[26.84169,63.49902],[26.82455,63.51641],[26.80314,63.50958],[26.78042,63.511],[26.76808,63.49533],[26.7934,63.47224],[26.77081,63.4617],[26.75137,63.46269],[26.73027,63.45279],[26.69779,63.46006],[26.6935,63.44351],[26.62552,63.45638],[26.61534,63.46473],[26.59806,63.44954],[26.5827,63.45615],[26.5264,63.4534],[26.52421,63.4614],[26.50759,63.4582],[26.50447,63.43163],[26.38509,63.4742],[26.36165,63.47779],[26.31997,63.48116],[26.32963,63.46838],[26.28793,63.46239],[26.21087,63.46878],[26.16538,63.48086],[26.13864,63.45759],[26.17671,63.43886],[26.19856,63.4434],[26.32056,63.34033],[26.31492,63.30815],[26.32848,63.30084],[26.34493,63.30044],[26.38485,63.28369],[26.41925,63.26039],[26.43636,63.21124],[26.46339,63.17523],[26.46204,63.15761],[26.47482,63.14328],[26.49343,63.11213],[26.60684,63.04207],[26.62609,63.05096],[26.67529,63.04858],[26.6997,63.05459],[26.72538,63.04685],[26.75054,63.0691],[26.76143,63.07257],[26.78599,63.06889],[26.81265,63.07469],[26.81889,63.08003],[26.87645,63.08004],[26.89487,63.08922],[26.91002,63.09253],[26.85815,63.10915],[26.84374,63.12747],[26.86353,63.13144],[26.87872,63.12826],[26.90397,63.11103],[26.95662,63.11769],[26.94818,63.13409],[27.02124,63.14277],[26.99098,63.1597],[26.95602,63.16473],[26.95287,63.17453],[27.01074,63.17519],[27.09455,63.16025],[27.11091,63.16257],[27.03656,63.19521],[27.05142,63.22047],[27.0425,63.22876],[27.05421,63.25202],[27.03311,63.25609],[27.04604,63.2658],[27.0712,63.26492],[27.12378,63.25516],[27.1061,63.26696],[27.1044,63.27321],[27.11781,63.27757],[27.14425,63.27288],[27.14797,63.28214],[27.13375,63.29169],[27.13699,63.32122]]]},"properties":{"kunta":"595"}},{"type":"Feature","geometry":{"type":"Polygon","coordinates":[[[28.38908,62.21438],[28.3276,62.22223],[28.30475,62.23214],[28.28753,62.22743],[28.26442,62.22908],[28.25699,62.21897],[28.22581,62.21058],[28.2015,62.21708],[28.18122,62.22831],[28.14089,62.22463],[28.1083,62.22635],[28.09231,62.23445],[28.05989,62.24355],[28.04892,62.23529],[28.06883,62.23002],[28.09206,62.20881],[28.08824,62.20668],[28.02697,62.2053],[28.03085,62.19048],[28.02685,62.17038],[28.08009,62.11644],[28.04178,62.11305],[28.01792,62.10316],[28.01466,62.09742],[27.98249,62.1053],[27.97419,62.10069],[27.99859,62.08607],[27.9895,62.07542],[28.0074,62.06807],[27.99866,62.06148],[27.96734,62.0743],[27.95939,62.084],[27.94674,62.08815],[27.92698,62.08235],[27.93497,62.06603],[27.94472,62.05863],[27.9341,62.05054],[27.90984,62.04842],[27.86132,62.0391],[27.88634,62.01493],[27.87185,62.00646],[27.90386,61.99526],[27.90895,61.99806],[27.94061,61.98857],[27.95762,61.98066],[27.97782,61.97546],[28.01594,61.97355],[28.03832,61.9579],[28.09964,61.94342],[28.12121,61.95231],[28.10182,61.96221],[28.13221,61.97726],[28.18291,61.97309],[28.22778,61.9577],[28.21855,61.94982],[28.22165,61.93757],[28.24159,61.93466],[28.25413,61.9266],[28.27633,61.93577],[28.30916,61.93094],[28.33175,61.93964],[28.34856,61.93082],[28.37069,61.92464],[28.38033,61.93007],[28.40375,61.92085],[28.41311,61.92251],[28.43097,61.91385],[28.45288,61.91535],[28.47919,61.92784],[28.50002,61.93326],[28.52508,61.93106],[28.5421,61.94077],[28.56716,61.94724],[28.5942,61.94954],[28.62371,61.94531],[28.62897,61.93268],[28.66255,61.93514],[28.67408,61.9518],[28.72072,61.95828],[28.73931,61.97143],[28.693,61.97789],[28.68359,61.97059],[28.67179,61.9689],[28.65603,61.97901],[28.65616,61.98798],[28.67912,61.99429],[28.68127,62.01338],[28.65646,62.0136],[28.62772,62.01829],[28.65267,62.02972],[28.63346,62.053],[28.61295,62.05565],[28.62484,62.07637],[28.61241,62.08493],[28.59987,62.08701],[28.59331,62.10228],[28.56099,62.10876],[28.53769,62.11979],[28.51374,62.12623],[28.50335,62.12114],[28.45566,62.12332],[28.41862,62.11801],[28.4088,62.13496],[28.38911,62.14499],[28.41219,62.15649],[28.3853,62.16211],[28.38327,62.17498],[28.39093,62.19163],[28.41189,62.19555],[28.41073,62.20386],[28.38908,62.21438]]]},"properties":{"kunta":"681"}},{"type":"Feature","geometry":{"type":"Polygon","coordinates":[[[22.73524,63.70834],[22.72217,63.71443],[22.69479,63.71821],[22.68846,63.70975],[22.69326,63.69326],[22.66848,63.6959],[22.65971,63.70401],[22.64068,63.69405],[22.62796,63.70062],[22.63387,63.7164],[22.61316,63.71958],[22.61495,63.70603],[22.60375,63.68813],[22.60913,63.68328],[22.59653,63.66852],[22.57797,63.67345],[22.55252,63.67303],[22.53957,63.6589],[22.51751,63.65258],[22.51316,63.63342],[22.51913,63.62151],[22.52464,63.6121],[22.5394,63.61076],[22.58435,63.61866],[22.5998,63.62885],[22.61342,63.62198],[22.67496,63.65021],[22.72979,63.65784],[22.73346,63.66635],[22.75093,63.66745],[22.78346,63.64221],[22.81999,63.65153],[22.82344,63.6629],[22.81653,63.67498],[22.78766,63.68995],[22.78624,63.69507],[22.78115,63.69268],[22.74211,63.69898],[22.73524,63.70834]]]},"properties":{"kunta":"598"}},{"type":"Feature","geometry":{"type":"Polygon","coordinates":[[[23.39289,63.49805],[23.40576,63.50084],[23.18357,63.62874],[23.16309,63.63804],[23.11309,63.65254],[23.05599,63.65785],[23.00429,63.67666],[22.95698,63.68558],[22.937,63.67573],[22.92144,63.68181],[22.91109,63.69167],[22.88374,63.69956],[22.87652,63.71925],[22.82968,63.73591],[22.78624,63.69507],[22.78766,63.68995],[22.81653,63.67498],[22.82344,63.6629],[22.81999,63.65153],[22.78346,63.64221],[22.75093,63.66745],[22.73346,63.66635],[22.72979,63.65784],[22.67496,63.65021],[22.61342,63.62198],[22.5998,63.62885],[22.58435,63.61866],[22.5394,63.61076],[22.56588,63.58727],[22.61218,63.57622],[22.61473,63.57031],[22.64959,63.55657],[22.70616,63.55796],[22.82057,63.51732],[22.81216,63.51261],[22.78603,63.50774],[22.79754,63.49937],[22.80891,63.50452],[22.84283,63.50605],[22.82493,63.48067],[22.83395,63.47374],[22.86364,63.46538],[22.88984,63.47958],[22.9069,63.46996],[22.85465,63.45644],[22.88004,63.44264],[22.84686,63.43342],[22.85148,63.42712],[22.87683,63.4245],[22.8838,63.41675],[22.86257,63.41187],[22.87722,63.39171],[22.89387,63.39344],[22.96964,63.38021],[22.9716,63.37227],[22.99832,63.37054],[22.99516,63.37805],[23.02355,63.38043],[23.03141,63.36176],[23.06154,63.36458],[23.0772,63.3692],[23.09453,63.36234],[23.11297,63.3473],[23.20704,63.39896],[23.26464,63.47006],[23.39289,63.49805]]]},"properties":{"kunta":"599"}},{"type":"Feature","geometry":{"type":"Polygon","coordinates":[[[25.34804,63.58148],[25.2511,63.61229],[25.24518,63.61028],[25.14011,63.57431],[25.11303,63.50233],[25.08187,63.46717],[25.1816,63.40744],[25.28335,63.33054],[25.33347,63.28431],[25.39315,63.27317],[25.46495,63.27775],[25.52198,63.25638],[25.58202,63.25188],[25.58791,63.26456],[25.62636,63.26156],[25.62076,63.25022],[25.64729,63.24563],[25.64167,63.25771],[25.69729,63.28123],[25.74389,63.28684],[25.86935,63.27445],[26.02351,63.28983],[26.14189,63.2747],[26.12881,63.3302],[26.0868,63.35374],[26.07054,63.35478],[26.12066,63.40602],[26.17671,63.43886],[26.13864,63.45759],[25.99459,63.42912],[25.89281,63.43965],[25.80899,63.49452],[25.7745,63.50568],[25.7381,63.5149],[25.69824,63.51996],[25.54111,63.52379],[25.48241,63.53258],[25.34804,63.58148]]]},"properties":{"kunta":"601"}},{"type":"Feature","geometry":{"type":"Polygon","coordinates":[[[23.74112,61.43216],[23.73405,61.43883],[23.7258,61.46889],[23.71843,61.47334],[23.72565,61.48409],[23.70779,61.48724],[23.69639,61.48134],[23.66743,61.48746],[23.61314,61.47779],[23.59104,61.47384],[23.56843,61.47599],[23.5462,61.46955],[23.51792,61.43512],[23.50296,61.42425],[23.48567,61.41825],[23.47762,61.39683],[23.50222,61.38564],[23.51291,61.3744],[23.5317,61.36921],[23.53843,61.35685],[23.54834,61.3583],[23.54627,61.36328],[23.57682,61.39663],[23.59151,61.40386],[23.65684,61.40702],[23.74112,61.43216]]]},"properties":{"kunta":"604"}},{"type":"Feature","geometry":{"type":"Polygon","coordinates":[[[29.60567,62.96849],[29.55257,62.98784],[29.52672,63.00896],[29.50527,63.05452],[29.49441,63.0649],[29.47168,63.07859],[29.4592,63.08061],[29.41611,63.10699],[29.38799,63.10045],[29.40508,63.07336],[29.35517,63.05456],[29.2224,63.04285],[29.21165,63.03068],[29.1487,63.0299],[29.12746,62.99],[29.11225,62.98649],[29.06484,62.98657],[29.06754,62.98419],[28.97177,62.95876],[28.97736,62.95512],[28.96278,62.94581],[28.99091,62.94216],[28.99574,62.92764],[28.9796,62.92399],[28.96325,62.9249],[28.93091,62.93662],[28.93862,62.91593],[28.94977,62.9153],[28.9895,62.89637],[29.01029,62.87352],[29.03119,62.87024],[29.04719,62.86017],[29.05513,62.86291],[29.0976,62.84559],[29.11107,62.848],[29.13688,62.83311],[29.18348,62.82571],[29.21433,62.80099],[29.24464,62.79688],[29.2378,62.76517],[29.25481,62.76088],[29.30396,62.71796],[29.3226,62.71273],[29.3479,62.71998],[29.35599,62.71761],[29.34959,62.70471],[29.39884,62.68085],[29.425,62.70319],[29.46156,62.72185],[29.47418,62.72235],[29.50631,62.70883],[29.53992,62.71586],[29.5848,62.72147],[29.58346,62.74126],[29.56624,62.7561],[29.56809,62.7661],[29.56004,62.77633],[29.56323,62.79323],[29.64792,62.80676],[29.72325,62.84702],[29.66329,62.86575],[29.65853,62.87065],[29.67712,62.90638],[29.64854,62.91823],[29.64337,62.93302],[29.60567,62.96849]]]},"properties":{"kunta":"607"}},{"type":"Feature","geometry":{"type":"Polygon","coordinates":[[[22.38268,61.70936],[22.31781,61.74901],[22.22816,61.75639],[22.22821,61.74679],[22.20155,61.70334],[22.18147,61.70732],[22.19339,61.74296],[22.17355,61.74544],[22.16367,61.77226],[22.08752,61.78266],[22.0594,61.77012],[22.03992,61.74669],[21.97611,61.76709],[21.91186,61.76656],[21.82395,61.75064],[21.72805,61.74792],[21.83063,61.68986],[21.84082,61.69037],[21.85152,61.68158],[21.98284,61.6294],[22.03434,61.61501],[22.08033,61.62218],[22.12179,61.62167],[22.1357,61.63405],[22.18161,61.63878],[22.22992,61.66374],[22.23294,61.69447],[22.33388,61.70466],[22.34985,61.71614],[22.38268,61.70936]]]},"properties":{"kunta":"608"}},{"type":"Feature","geometry":{"type":"MultiPolygon","coordinates":[[[[21.43184,61.63279],[21.41338,61.63981],[21.38574,61.63624],[21.41499,61.62742],[21.41493,61.62024],[21.44042,61.60675],[21.44727,61.61388],[21.42556,61.62113],[21.43184,61.63279]]],[[[21.48392,61.64359],[21.47025,61.63424],[21.48161,61.62238],[21.505,61.61838],[21.50861,61.62661],[21.52645,61.62659],[21.5301,61.63322],[21.51284,61.63989],[21.48392,61.64359]]],[[[21.43978,61.67943],[21.41432,61.67596],[21.44467,61.661],[21.45931,61.6493],[21.47359,61.65713],[21.4607,61.66934],[21.44873,61.66896],[21.43978,61.67943]]],[[[21.72805,61.74792],[21.70085,61.73832],[21.55626,61.74866],[21.57549,61.7327],[21.60189,61.72111],[21.5979,61.71585],[21.57205,61.72721],[21.55106,61.7249],[21.53775,61.711],[21.54375,61.70125],[21.537,61.68281],[21.5519,61.67221],[21.55645,61.66176],[21.58987,61.65052],[21.59028,61.64373],[21.61495,61.6233],[21.61288,61.6119],[21.62734,61.60094],[21.64799,61.59106],[21.66101,61.57202],[21.67394,61.5717],[21.6825,61.56228],[21.69761,61.55477],[21.6783,61.55173],[21.64075,61.558],[21.61522,61.56454],[21.60055,61.57088],[21.57425,61.5744],[21.56349,61.58109],[21.54226,61.58473],[21.5334,61.5962],[21.52205,61.60331],[21.50194,61.59702],[21.49061,61.5768],[21.51492,61.56917],[21.52568,61.55675],[21.52458,61.54788],[21.53785,61.53365],[21.5531,61.53056],[21.58584,61.52922],[21.60573,61.52075],[21.63225,61.51446],[21.62964,61.50568],[21.58867,61.50012],[21.57585,61.49432],[21.56046,61.50004],[21.5006,61.51056],[21.4668,61.50702],[21.48312,61.49521],[21.51831,61.4799],[21.53755,61.48204],[21.54506,61.47602],[21.5627,61.47062],[21.57037,61.45646],[21.59465,61.44753],[21.58789,61.43819],[21.56147,61.4242],[21.52102,61.4325],[21.58227,61.41747],[21.64972,61.42506],[21.65813,61.42363],[21.71325,61.38987],[21.80371,61.38515],[21.81126,61.39691],[21.81117,61.4132],[21.80299,61.43016],[21.81369,61.43529],[21.87042,61.44288],[21.8733,61.47896],[21.88412,61.50382],[21.93552,61.53533],[21.96086,61.54307],[22.0045,61.53762],[22.06032,61.56092],[22.09705,61.57325],[22.24199,61.57218],[22.43416,61.48892],[22.58248,61.54831],[22.60272,61.5425],[22.64088,61.5612],[22.64583,61.58414],[22.69605,61.59976],[22.66091,61.64165],[22.70427,61.62387],[22.72493,61.64496],[22.71429,61.65355],[22.71258,61.66872],[22.68952,61.67494],[22.68542,61.66064],[22.655,61.65406],[22.64842,61.66774],[22.65389,61.68209],[22.64717,61.6965],[22.55617,61.68607],[22.38268,61.70936],[22.34985,61.71614],[22.33388,61.70466],[22.23294,61.69447],[22.22992,61.66374],[22.18161,61.63878],[22.1357,61.63405],[22.12179,61.62167],[22.08033,61.62218],[22.03434,61.61501],[21.98284,61.6294],[21.85152,61.68158],[21.84082,61.69037],[21.83063,61.68986],[21.72805,61.74792]]]]},"properties":{"kunta":"609"}},{"type":"Feature","geometry":{"type":"Polygon","coordinates":[[[25.41549,60.54154],[25.41284,60.5543],[25.34179,60.54492],[25.26175,60.54191],[25.24426,60.53551],[25.20409,60.52485],[25.22419,60.50163],[25.34318,60.4255],[25.36344,60.4061],[25.44959,60.4175],[25.49121,60.42881],[25.5102,60.43979],[25.49932,60.45385],[25.43148,60.48294],[25.43351,60.50093],[25.41427,60.52945],[25.41549,60.54154]]]},"properties":{"kunta":"611"}},{"type":"Feature","geometry":{"type":"Polygon","coordinates":[[[28.69531,66.48585],[28.39641,66.49225],[28.36426,66.48323],[28.28505,66.45155],[28.22397,66.41786],[28.13862,66.43186],[27.98195,66.4194],[27.79295,66.43218],[27.59596,66.40094],[27.60782,66.38731],[27.41466,66.28907],[27.24985,66.33199],[27.23394,66.31256],[27.27207,66.27694],[27.26118,66.25649],[27.32665,66.23745],[27.26004,66.19826],[27.27279,66.14283],[27.4692,66.10377],[27.45766,65.96996],[27.40742,65.9384],[27.44707,65.92862],[27.48154,65.93336],[27.497,65.9316],[27.52611,65.92161],[27.56501,65.93146],[27.59688,65.95467],[27.65487,65.96036],[27.6949,65.90096],[27.76746,65.84106],[27.7611,65.82732],[28.14351,65.81492],[28.16212,65.808],[28.2235,65.80059],[28.46719,65.84543],[28.5132,65.84621],[28.50877,65.88978],[28.45811,65.91876],[28.43293,65.94647],[28.37217,65.96022],[28.37283,65.97126],[28.39251,65.96857],[28.39026,65.9963],[28.41523,66.00508],[28.42264,66.0027],[28.41165,65.9863],[28.48264,65.98969],[28.48321,66.00388],[28.54385,66.00347],[28.5441,66.00896],[28.59822,65.99922],[28.59771,65.98737],[28.65197,65.98689],[28.66931,65.9997],[28.74726,66.00181],[28.7484,66.02372],[28.76424,66.04334],[28.74454,66.05143],[28.71845,66.04326],[28.70283,66.0532],[28.69685,66.06174],[28.62481,66.0709],[28.64581,66.08586],[28.6262,66.09043],[28.60416,66.12816],[28.68715,66.12754],[28.71576,66.13591],[28.71737,66.16036],[28.76843,66.18455],[28.73393,66.2061],[28.75009,66.21512],[28.75881,66.22924],[28.74966,66.25448],[28.68849,66.26223],[28.66213,66.24731],[28.64376,66.25176],[28.63885,66.26672],[28.60641,66.26454],[28.593,66.26788],[28.53809,66.33261],[28.54641,66.34023],[28.54871,66.38288],[28.57465,66.38218],[28.58466,66.40092],[28.61294,66.41248],[28.66485,66.41295],[28.69531,66.48585]]]},"properties":{"kunta":"614"}},{"type":"Feature","geometry":{"type":"Polygon","coordinates":[[[27.7611,65.82732],[27.76746,65.84106],[27.6949,65.90096],[27.65487,65.96036],[27.59688,65.95467],[27.56501,65.93146],[27.52611,65.92161],[27.497,65.9316],[27.48154,65.93336],[27.44707,65.92862],[27.40742,65.9384],[27.3365,65.89423],[27.11034,65.75103],[27.10109,65.7419],[27.07198,65.72977],[27.0493,65.73285],[27.03569,65.73841],[26.8247,65.70115],[26.65986,65.71025],[26.36867,65.71347],[26.15823,65.72556],[26.15565,65.55521],[26.15332,65.41908],[26.40129,65.37367],[26.42666,65.3472],[26.39127,65.34962],[26.39913,65.32551],[26.37708,65.31708],[26.35363,65.32097],[26.34525,65.31274],[26.28103,65.27883],[26.25481,65.28421],[26.23369,65.27424],[26.31646,65.2012],[26.47534,65.14693],[26.59345,65.09766],[26.62862,65.09705],[26.89845,65.09204],[27.00469,65.10682],[27.07427,65.1046],[27.20233,65.0942],[27.32988,65.09066],[27.45293,65.08719],[27.57213,65.09445],[27.66701,65.12131],[27.70167,65.11678],[27.71464,65.11771],[27.779,65.10662],[27.89427,65.09147],[27.94152,65.17984],[27.9482,65.20574],[27.99564,65.2212],[28.03388,65.23856],[28.16238,65.25035],[28.13943,65.337],[27.98263,65.40324],[27.866,65.4085],[27.82275,65.43025],[27.81348,65.48044],[27.77699,65.50735],[27.82412,65.65359],[27.80385,65.66485],[27.76358,65.76483],[27.71254,65.78077],[27.73291,65.79156],[27.7611,65.82732]]]},"properties":{"kunta":"615"}},{"type":"Feature","geometry":{"type":"Polygon","coordinates":[[[25.74675,60.70806],[25.72301,60.71842],[25.69737,60.70786],[25.67955,60.69155],[25.65724,60.69073],[25.63427,60.68098],[25.61235,60.67863],[25.61087,60.67148],[25.51928,60.70389],[25.48133,60.6964],[25.42529,60.6632],[25.43231,60.64284],[25.46188,60.62652],[25.49512,60.58828],[25.51623,60.57986],[25.52728,60.58481],[25.51462,60.59347],[25.53743,60.59795],[25.5413,60.60568],[25.55484,60.60746],[25.55752,60.59855],[25.59288,60.61413],[25.59626,60.60677],[25.64397,60.60461],[25.65965,60.61388],[25.69103,60.63681],[25.73805,60.65651],[25.74675,60.70806]]]},"properties":{"kunta":"616"}},{"type":"Feature","geometry":{"type":"Polygon","coordinates":[[[23.27288,61.22113],[23.24185,61.22373],[23.23578,61.20911],[23.22752,61.20713],[23.16671,61.21306],[23.16595,61.21042],[23.10526,61.19737],[23.05663,61.19767],[23.04804,61.19411],[23.00548,61.18555],[22.93422,61.20498],[22.95605,61.1766],[22.91507,61.17878],[22.92418,61.14199],[22.94125,61.13664],[22.94242,61.12444],[22.96583,61.1204],[22.97194,61.11585],[22.91568,61.08654],[22.93629,61.07289],[22.9955,61.08777],[23.00623,61.07495],[23.00127,61.07071],[22.95994,61.05881],[22.9685,61.04325],[23.01628,61.0224],[23.05536,61.03099],[23.10744,61.0339],[23.14808,61.03141],[23.15809,61.02319],[23.16505,61.00545],[23.19537,61.00122],[23.21333,61.00692],[23.26617,61.00652],[23.25998,61.01855],[23.28811,61.05758],[23.26601,61.06325],[23.23373,61.06567],[23.22966,61.07178],[23.25659,61.07163],[23.28632,61.07775],[23.25214,61.08524],[23.25433,61.10158],[23.2273,61.10784],[23.23977,61.1169],[23.25878,61.11721],[23.27731,61.11229],[23.30855,61.11459],[23.31022,61.11835],[23.38336,61.13077],[23.31066,61.16478],[23.25776,61.18255],[23.27288,61.22113]]]},"properties":{"kunta":"619"}},{"type":"Feature","geometry":{"type":"Polygon","coordinates":[[[28.2943,64.89837],[28.26089,65.00674],[28.12886,65.07705],[28.13624,65.10699],[28.20533,65.13243],[28.22006,65.15751],[28.19854,65.20466],[27.99564,65.2212],[27.9482,65.20574],[27.94152,65.17984],[27.89427,65.09147],[27.779,65.10662],[27.71464,65.11771],[27.70167,65.11678],[27.66701,65.12131],[27.57213,65.09445],[27.45293,65.08719],[27.32988,65.09066],[27.2625,65.02734],[27.38575,64.95901],[27.39365,64.94554],[27.37686,64.94138],[27.39958,64.93556],[27.40535,64.92331],[27.36974,64.88992],[27.40264,64.85525],[27.39322,64.8467],[27.3609,64.84298],[27.37509,64.83081],[27.35436,64.81199],[27.14809,64.83529],[27.11844,64.81477],[27.19809,64.77725],[27.2793,64.71731],[27.26871,64.71238],[27.23025,64.7165],[27.22561,64.7126],[27.23963,64.70035],[27.26695,64.66101],[27.26904,64.63761],[27.25839,64.63312],[27.26841,64.62469],[27.36849,64.6038],[27.34956,64.5969],[27.38848,64.58337],[27.37878,64.57706],[27.39698,64.57188],[27.41206,64.57341],[27.41806,64.55836],[27.45065,64.54279],[27.45661,64.53533],[27.47947,64.54458],[27.48919,64.54427],[27.49173,64.52329],[27.53472,64.50259],[27.56084,64.50693],[27.56263,64.51658],[27.59046,64.5181],[27.61814,64.50409],[27.68007,64.5272],[27.71549,64.53522],[27.75549,64.52935],[27.76584,64.53571],[27.8313,64.55418],[27.87048,64.5773],[27.8989,64.60211],[28.07433,64.63288],[28.05601,64.80857],[28.14797,64.80821],[28.2943,64.89837]]]},"properties":{"kunta":"620"}},{"type":"Feature","geometry":{"type":"Polygon","coordinates":[[[28.81178,61.53578],[28.78557,61.53944],[28.72638,61.56012],[28.70644,61.56392],[28.62248,61.56726],[28.62702,61.57578],[28.61518,61.58588],[28.59662,61.58989],[28.5964,61.56582],[28.58461,61.56127],[28.57602,61.57848],[28.5719,61.59979],[28.54805,61.60401],[28.52954,61.61374],[28.50213,61.61297],[28.49406,61.61006],[28.4583,61.61102],[28.45043,61.6429],[28.42129,61.64436],[28.40308,61.65745],[28.40686,61.66148],[28.39231,61.66896],[28.35637,61.67367],[28.29926,61.66648],[28.27175,61.6713],[28.26242,61.68697],[28.2518,61.69218],[28.22636,61.68114],[28.20726,61.68335],[28.20821,61.69365],[28.1948,61.70933],[28.17606,61.71694],[28.11559,61.67712],[28.12416,61.66787],[28.11085,61.65711],[28.13328,61.64919],[28.12044,61.61892],[28.10674,61.61617],[28.08258,61.63555],[28.06227,61.62763],[28.03928,61.63573],[28.04518,61.64651],[28.0297,61.65345],[27.99632,61.65139],[27.97028,61.65565],[27.96702,61.63529],[27.99052,61.61946],[27.99382,61.60562],[27.96934,61.60456],[27.94242,61.59687],[27.93801,61.57513],[27.94396,61.56078],[27.93817,61.55283],[27.90038,61.5456],[27.86944,61.54631],[27.84739,61.53881],[27.84379,61.52823],[27.82756,61.51599],[27.80972,61.51241],[27.81053,61.49971],[27.78524,61.50331],[27.77736,61.50972],[27.76111,61.50946],[27.76513,61.49878],[27.75191,61.49096],[27.76556,61.47398],[27.74091,61.46817],[27.75405,61.4563],[27.7597,61.43516],[27.69324,61.4297],[27.67934,61.42334],[27.68957,61.40876],[27.67879,61.40608],[27.67632,61.39514],[27.72855,61.3738],[27.79261,61.36208],[27.85578,61.35124],[27.93116,61.35039],[27.95786,61.35338],[28.05986,61.35555],[28.10059,61.36258],[28.13343,61.36439],[28.2522,61.37969],[28.26262,61.38622],[28.28552,61.39117],[28.29816,61.40022],[28.30768,61.4169],[28.3168,61.41444],[28.33984,61.41628],[28.34236,61.43171],[28.35401,61.43809],[28.39163,61.44531],[28.41012,61.45397],[28.42662,61.45684],[28.41947,61.48461],[28.44006,61.51155],[28.44993,61.5108],[28.46293,61.49903],[28.49083,61.51344],[28.5254,61.49811],[28.52342,61.47777],[28.56092,61.47445],[28.57744,61.47569],[28.58857,61.46845],[28.63328,61.46981],[28.6486,61.46493],[28.67808,61.46833],[28.68419,61.47674],[28.71965,61.48318],[28.73252,61.48129],[28.75499,61.48341],[28.79144,61.47776],[28.79272,61.49526],[28.81418,61.50158],[28.81787,61.51428],[28.81178,61.53578]]]},"properties":{"kunta":"623"}},{"type":"Feature","geometry":{"type":"MultiPolygon","coordinates":[[[[26.7807,60.34638],[26.78566,60.3563],[26.77837,60.36336],[26.7609,60.37136],[26.7456,60.36675],[26.75121,60.35544],[26.76929,60.34625],[26.7807,60.34638]]],[[[26.60172,60.35645],[26.6097,60.36393],[26.5947,60.36827],[26.59277,60.3578],[26.60172,60.35645]]],[[[26.75037,60.43156],[26.74117,60.43694],[26.72896,60.42833],[26.73363,60.42262],[26.75941,60.42175],[26.75037,60.43156]]],[[[26.60027,60.44628],[26.57631,60.43973],[26.57677,60.42885],[26.57103,60.42003],[26.54678,60.40731],[26.52636,60.41439],[26.50452,60.41899],[26.50476,60.40705],[26.51692,60.39303],[26.53784,60.38325],[26.55507,60.38154],[26.54357,60.39626],[26.56185,60.40478],[26.57328,60.4031],[26.58771,60.41054],[26.59795,60.40784],[26.62178,60.41605],[26.65988,60.41816],[26.64976,60.43047],[26.63136,60.43837],[26.62107,60.43889],[26.60027,60.44628]]],[[[26.75901,60.47006],[26.76848,60.45551],[26.78291,60.45841],[26.75901,60.47006]]],[[[26.8413,60.46252],[26.83968,60.47486],[26.7492,60.57469],[26.75388,60.57571],[26.68276,60.64929],[26.64909,60.65237],[26.59728,60.64141],[26.59427,60.62771],[26.58245,60.62381],[26.57942,60.61502],[26.56644,60.60854],[26.54178,60.57501],[26.54429,60.55491],[26.50061,60.54544],[26.5112,60.52731],[26.48953,60.51351],[26.46811,60.50514],[26.44784,60.49242],[26.45316,60.48613],[26.47044,60.48469],[26.48484,60.46553],[26.50977,60.45239],[26.54176,60.44779],[26.55197,60.43482],[26.5711,60.43127],[26.56083,60.451],[26.57691,60.45952],[26.59673,60.46067],[26.6404,60.45419],[26.65032,60.43639],[26.67475,60.42483],[26.67861,60.43464],[26.70941,60.43198],[26.72065,60.45024],[26.74604,60.45413],[26.73475,60.48013],[26.74216,60.48444],[26.76498,60.47723],[26.78112,60.49277],[26.79683,60.48648],[26.77055,60.47713],[26.76442,60.47058],[26.78482,60.46149],[26.78791,60.45642],[26.80737,60.45844],[26.82179,60.46502],[26.8413,60.46252]]]]},"properties":{"kunta":"624"}},{"type":"Feature","geometry":{"type":"Polygon","coordinates":[[[24.28156,64.53005],[24.25101,64.53523],[24.26166,64.51562],[24.29099,64.49981],[24.23289,64.49926],[24.21372,64.4834],[24.1951,64.48014],[24.19661,64.47248],[24.18043,64.46656],[24.17108,64.4569],[24.1506,64.4583],[24.14341,64.45255],[24.1152,64.44715],[24.08741,64.43211],[24.10042,64.4251],[24.08926,64.41331],[24.06015,64.41032],[24.03359,64.41472],[24.03264,64.4048],[24.02171,64.40432],[24.01575,64.39293],[24.00021,64.39056],[23.99046,64.3746],[24.0075,64.36771],[24.15712,64.33689],[24.23361,64.32745],[24.26459,64.31211],[24.27857,64.31339],[24.34217,64.33606],[24.33351,64.31784],[24.31379,64.30506],[24.32429,64.30022],[24.35015,64.31207],[24.35524,64.34042],[24.38665,64.34151],[24.38542,64.34879],[24.40351,64.3538],[24.37145,64.3615],[24.43049,64.36935],[24.46998,64.38578],[24.49233,64.38123],[24.47686,64.3564],[24.45749,64.36553],[24.4494,64.34417],[24.52879,64.35073],[24.54178,64.35782],[24.51872,64.36733],[24.53934,64.37731],[24.55525,64.37717],[24.57665,64.35972],[24.58633,64.36196],[24.57924,64.37749],[24.58857,64.3802],[24.61648,64.37587],[24.65129,64.37786],[24.67351,64.36806],[24.68521,64.37475],[24.69598,64.36735],[24.67707,64.3613],[24.68012,64.3542],[24.72614,64.36207],[24.72546,64.37131],[24.79715,64.37753],[24.79617,64.38173],[24.81174,64.39158],[24.82957,64.39294],[24.83249,64.38344],[24.88918,64.38659],[24.87792,64.39179],[24.81489,64.43315],[24.7008,64.48146],[24.57546,64.48503],[24.37921,64.51385],[24.3074,64.52566],[24.28156,64.53005]]]},"properties":{"kunta":"625"}},{"type":"Feature","geometry":{"type":"Polygon","coordinates":[[[26.24344,63.84104],[26.25085,63.92638],[25.85126,63.84333],[25.67386,63.78688],[25.67637,63.7977],[25.66196,63.79977],[25.5986,63.67744],[25.56145,63.64508],[25.40829,63.62018],[25.34804,63.58148],[25.48241,63.53258],[25.54111,63.52379],[25.69824,63.51996],[25.7381,63.5149],[25.7745,63.50568],[25.80899,63.49452],[25.89281,63.43965],[25.99459,63.42912],[26.13864,63.45759],[26.16538,63.48086],[26.18622,63.49896],[26.19146,63.51404],[26.19521,63.5693],[26.2918,63.58995],[26.26739,63.70508],[26.24282,63.80659],[26.21813,63.83163],[26.24344,63.84104]]]},"properties":{"kunta":"626"}},{"type":"Feature","geometry":{"type":"Polygon","coordinates":[[[26.77087,64.21602],[26.62786,64.21403],[26.53356,64.23589],[26.49519,64.23967],[26.46109,64.22278],[26.43769,64.22424],[26.43399,64.22827],[26.3974,64.2289],[26.40687,64.2134],[26.3772,64.19151],[26.35017,64.19394],[26.34245,64.19903],[26.32192,64.20064],[26.31753,64.17135],[26.29237,64.16066],[26.28313,64.16487],[26.24239,64.14462],[26.2023,64.15275],[26.14227,64.13559],[26.13777,64.12725],[26.14835,64.11592],[26.18853,64.10183],[26.2068,64.0999],[26.22699,64.09064],[26.19224,64.07835],[26.2059,64.04835],[26.22713,64.05299],[26.22832,64.04295],[26.19392,64.03581],[26.1701,64.03537],[26.17562,64.02297],[26.20026,64.02951],[26.21367,64.02242],[26.18882,63.99511],[26.24979,63.94824],[26.25085,63.92638],[26.24344,63.84104],[26.37353,63.88931],[26.52595,63.94994],[26.55939,63.96369],[26.59795,63.97949],[26.8704,64.03697],[26.78111,64.0571],[26.77087,64.21602]]]},"properties":{"kunta":"630"}},{"type":"Feature","geometry":{"type":"Polygon","coordinates":[[[21.41994,61.04731],[21.39597,61.05989],[21.3668,61.07049],[21.35372,61.07067],[21.31497,61.08797],[21.29985,61.08762],[21.29855,61.07563],[21.30552,61.0606],[21.31501,61.05277],[21.33479,61.05145],[21.33697,61.04551],[21.32878,61.03244],[21.35095,61.02754],[21.34187,61.0158],[21.35921,61.01371],[21.36739,60.99534],[21.3813,60.98703],[21.39256,60.98565],[21.40839,60.9748],[21.40023,60.96812],[21.42222,60.96246],[21.44009,60.94534],[21.4315,60.93289],[21.44715,60.92163],[21.42945,60.91836],[21.40385,60.92586],[21.44293,60.90434],[21.47765,60.87088],[21.49507,60.88265],[21.50555,60.88351],[21.49109,60.89573],[21.52315,60.90754],[21.5127,60.96434],[21.48091,60.98197],[21.4938,60.98888],[21.54803,60.98593],[21.54788,60.96874],[21.5682,60.95226],[21.59176,60.95056],[21.60431,60.95434],[21.60366,60.96425],[21.66559,60.99633],[21.65464,60.99992],[21.65141,61.01736],[21.62116,61.05179],[21.59114,61.02883],[21.60701,61.0107],[21.56636,61.00922],[21.55066,61.0048],[21.52766,61.00511],[21.48021,60.99948],[21.4747,61.0092],[21.42716,61.0274],[21.41994,61.04731]]]},"properties":{"kunta":"631"}},{"type":"Feature","geometry":{"type":"Polygon","coordinates":[[[24.85995,61.47598],[24.7818,61.49101],[24.78876,61.46165],[24.7502,61.46387],[24.74953,61.47096],[24.72052,61.47515],[24.7291,61.44585],[24.68993,61.4483],[24.63218,61.44156],[24.61815,61.43136],[24.44911,61.41444],[24.3846,61.4248],[24.33473,61.4275],[24.3246,61.43395],[24.29858,61.43988],[24.28198,61.43813],[24.28685,61.40009],[24.25934,61.39217],[24.23798,61.39115],[24.2263,61.38227],[24.19853,61.3743],[24.14667,61.36917],[24.09442,61.35746],[24.10372,61.34817],[24.08073,61.33739],[24.07914,61.33048],[24.10173,61.31755],[24.08826,61.30608],[24.0884,61.29113],[24.10368,61.28952],[24.16689,61.26441],[24.21696,61.26181],[24.28255,61.24012],[24.30239,61.23322],[24.40311,61.25348],[24.43031,61.2634],[24.4566,61.26753],[24.52023,61.29079],[24.57368,61.30394],[24.59484,61.29127],[24.66642,61.27669],[24.70832,61.2724],[24.71697,61.27944],[24.71993,61.29863],[24.73174,61.31746],[24.77056,61.2677],[24.82575,61.27593],[24.84459,61.27751],[24.89131,61.28745],[24.87886,61.29777],[24.91394,61.32488],[24.88925,61.35569],[24.9048,61.38868],[24.89396,61.39126],[24.9124,61.41584],[24.87689,61.43722],[24.85549,61.46943],[24.85995,61.47598]]]},"properties":{"kunta":"635"}},{"type":"Feature","geometry":{"type":"Polygon","coordinates":[[[22.58624,60.93879],[22.51967,60.95111],[22.41457,60.9358],[22.36457,60.93181],[22.31311,60.91601],[22.27109,60.92204],[22.26363,60.92686],[22.24128,60.92382],[22.18876,60.90103],[22.17098,60.87717],[22.16031,60.87201],[22.22208,60.80794],[22.415,60.73729],[22.45635,60.70958],[22.54258,60.65827],[22.59383,60.66571],[22.62281,60.66263],[22.6876,60.65205],[22.68212,60.63956],[22.71921,60.63191],[22.74698,60.62979],[22.84011,60.62675],[22.85468,60.62926],[22.86827,60.65522],[22.89461,60.68625],[22.91324,60.68441],[22.94228,60.69717],[22.92541,60.70682],[22.93845,60.71567],[22.84177,60.76465],[22.83674,60.76337],[22.75772,60.81533],[22.74102,60.82531],[22.68619,60.8292],[22.65368,60.82732],[22.62139,60.84037],[22.58941,60.84818],[22.55246,60.87357],[22.55247,60.8833],[22.56003,60.89436],[22.58725,60.91127],[22.60238,60.92689],[22.58624,60.93879]]]},"properties":{"kunta":"636"}},{"type":"Feature","geometry":{"type":"MultiPolygon","coordinates":[[[[25.44914,60.17211],[25.42921,60.17199],[25.42443,60.16315],[25.44592,60.15853],[25.44914,60.17211]]],[[[25.46552,60.1855],[25.43585,60.17779],[25.4506,60.17368],[25.46274,60.17588],[25.46552,60.1855]]],[[[25.54822,60.19287],[25.53929,60.20435],[25.55063,60.20808],[25.52697,60.21589],[25.5181,60.21183],[25.53063,60.2053],[25.53371,60.19221],[25.54822,60.19287]]],[[[25.89569,60.21883],[25.8812,60.21911],[25.86163,60.21176],[25.90224,60.20649],[25.90442,60.21303],[25.89569,60.21883]]],[[[25.8451,60.22946],[25.83779,60.23258],[25.82098,60.22818],[25.81329,60.20355],[25.82611,60.1934],[25.83367,60.19881],[25.8518,60.20228],[25.85687,60.2103],[25.87377,60.21883],[25.87231,60.22803],[25.84899,60.22487],[25.8451,60.22946]]],[[[25.93138,60.23142],[25.90101,60.23295],[25.8954,60.22575],[25.9103,60.22424],[25.9337,60.21696],[25.9409,60.22359],[25.93138,60.23142]]],[[[25.6829,60.21992],[25.67108,60.23266],[25.66436,60.21834],[25.67332,60.21116],[25.69095,60.21171],[25.6829,60.21992]]],[[[25.53948,60.23761],[25.53186,60.24189],[25.53699,60.25375],[25.52649,60.25558],[25.51177,60.23946],[25.5218,60.23561],[25.53948,60.23761]]],[[[25.60265,60.30283],[25.61006,60.30761],[25.60124,60.31646],[25.57624,60.3044],[25.57632,60.28978],[25.56958,60.27423],[25.57662,60.25722],[25.5862,60.24699],[25.61751,60.23532],[25.59396,60.22585],[25.60936,60.22092],[25.63277,60.20447],[25.64187,60.21315],[25.63592,60.22705],[25.6581,60.22912],[25.66993,60.24885],[25.67219,60.25957],[25.65701,60.25997],[25.6483,60.27458],[25.63674,60.28187],[25.61848,60.28211],[25.60265,60.30283]]],[[[25.69633,60.3415],[25.66961,60.35514],[25.64125,60.35184],[25.6385,60.34017],[25.64615,60.33437],[25.67901,60.33564],[25.69633,60.3415]]],[[[25.67664,60.36066],[25.68512,60.36911],[25.67674,60.37377],[25.66082,60.3678],[25.67664,60.36066]]],[[[25.93425,60.36442],[25.9501,60.38748],[25.94679,60.40808],[25.92237,60.43181],[25.86955,60.44274],[25.85537,60.45447],[25.81711,60.47347],[25.801,60.4869],[25.82501,60.53656],[25.8257,60.54874],[25.82323,60.551],[25.75755,60.54198],[25.76815,60.52706],[25.73233,60.50317],[25.73677,60.4993],[25.72178,60.48099],[25.68637,60.48236],[25.66055,60.49395],[25.65261,60.50173],[25.60721,60.46991],[25.58769,60.49927],[25.58294,60.49367],[25.55548,60.49127],[25.53853,60.48568],[25.53009,60.48906],[25.46261,60.48295],[25.43148,60.48294],[25.49932,60.45385],[25.5102,60.43979],[25.49121,60.42881],[25.44959,60.4175],[25.36344,60.4061],[25.36517,60.37555],[25.46591,60.29442],[25.51038,60.27317],[25.5416,60.28878],[25.55181,60.3134],[25.54386,60.32095],[25.53097,60.32173],[25.52885,60.33084],[25.55536,60.33913],[25.57256,60.33339],[25.58471,60.31909],[25.61894,60.33315],[25.62019,60.34316],[25.62904,60.353],[25.64043,60.3573],[25.65735,60.37323],[25.67465,60.37684],[25.67697,60.38223],[25.70417,60.37178],[25.70089,60.36308],[25.71802,60.35339],[25.72157,60.34094],[25.70152,60.33862],[25.69513,60.33296],[25.6779,60.33341],[25.66556,60.33002],[25.63537,60.33037],[25.64197,60.32308],[25.64001,60.31049],[25.6534,60.30742],[25.65899,60.29566],[25.66673,60.29063],[25.66364,60.28046],[25.67387,60.27604],[25.70267,60.2793],[25.71718,60.27401],[25.70813,60.26876],[25.72703,60.26212],[25.74456,60.25235],[25.76959,60.25187],[25.78698,60.23729],[25.79524,60.23975],[25.78994,60.26746],[25.8012,60.26325],[25.82634,60.26233],[25.83974,60.26716],[25.8505,60.27763],[25.83506,60.28082],[25.81233,60.27638],[25.78678,60.28114],[25.77256,60.29949],[25.78641,60.30192],[25.80188,60.28741],[25.81274,60.28467],[25.8527,60.2914],[25.85995,60.28956],[25.85733,60.27395],[25.87207,60.26803],[25.86423,60.2626],[25.89008,60.24476],[25.92574,60.25302],[25.90335,60.27224],[25.90287,60.28343],[25.88506,60.28751],[25.88854,60.29592],[25.90135,60.30295],[25.86385,60.32348],[25.87363,60.33946],[25.89794,60.33748],[25.91465,60.34284],[25.91599,60.35087],[25.90801,60.35993],[25.91287,60.36666],[25.89043,60.37303],[25.8821,60.38761],[25.86056,60.39546],[25.85104,60.40412],[25.8525,60.41252],[25.89078,60.39954],[25.89742,60.38461],[25.90945,60.37385],[25.93425,60.36442]]]]},"properties":{"kunta":"638"}},{"type":"Feature","geometry":{"type":"MultiPolygon","coordinates":[[[[24.28156,64.53005],[24.2748,64.53743],[24.25101,64.53523],[24.28156,64.53005]]],[[[25.42095,64.41581],[25.41798,64.41988],[25.23775,64.46655],[25.15727,64.47597],[25.08212,64.51835],[24.98944,64.54621],[24.92854,64.55675],[24.87879,64.55835],[24.73636,64.5869],[24.7895,64.65075],[24.80898,64.66255],[24.78775,64.67212],[24.76649,64.67598],[24.73512,64.70954],[24.64761,64.77161],[24.62025,64.78534],[24.60295,64.7781],[24.57877,64.77887],[24.56416,64.76398],[24.56114,64.75248],[24.5689,64.73778],[24.55383,64.72318],[24.53765,64.72012],[24.52978,64.713],[24.5153,64.71449],[24.48544,64.70035],[24.46379,64.69491],[24.44152,64.69312],[24.45549,64.68478],[24.4473,64.67429],[24.43104,64.67338],[24.40862,64.66715],[24.40806,64.65098],[24.39124,64.63265],[24.39831,64.6254],[24.37962,64.61407],[24.38361,64.60919],[24.36629,64.59925],[24.36624,64.59294],[24.37921,64.58739],[24.38072,64.57993],[24.36619,64.57652],[24.36255,64.56317],[24.37592,64.5543],[24.37013,64.54561],[24.35151,64.53535],[24.33264,64.52956],[24.3074,64.52566],[24.37921,64.51385],[24.57546,64.48503],[24.7008,64.48146],[24.81489,64.43315],[24.87792,64.39179],[24.88918,64.38659],[24.9778,64.3456],[25.02943,64.34555],[25.09795,64.34026],[25.15473,64.32248],[25.20017,64.32094],[25.26519,64.31901],[25.41793,64.37354],[25.44059,64.37263],[25.46293,64.36258],[25.42095,64.41581]]]]},"properties":{"kunta":"678"}},{"type":"Feature","geometry":{"type":"Polygon","coordinates":[[[22.24586,60.50502],[22.1952,60.50771],[22.19727,60.51354],[22.14384,60.52972],[22.08508,60.51496],[22.09394,60.50146],[22.06991,60.48862],[22.06739,60.47713],[22.0806,60.4591],[22.10556,60.44888],[22.10813,60.45552],[22.12578,60.46294],[22.13628,60.46463],[22.19015,60.46115],[22.20844,60.48286],[22.2494,60.50331],[22.24586,60.50502]]]},"properties":{"kunta":"680"}},{"type":"Feature","geometry":{"type":"Polygon","coordinates":[[[26.84214,62.80459],[26.8344,62.81017],[26.80307,62.79628],[26.79355,62.80013],[26.78453,62.81444],[26.73365,62.84118],[26.72084,62.83591],[26.68776,62.83971],[26.6672,62.84916],[26.61293,62.83449],[26.6188,62.82367],[26.63844,62.8148],[26.63459,62.8101],[26.61024,62.80471],[26.59099,62.81518],[26.53832,62.8201],[26.53423,62.81648],[26.489,62.80633],[26.48016,62.79812],[26.44656,62.78917],[26.52922,62.72231],[26.52606,62.71582],[26.56222,62.6817],[26.56961,62.65344],[26.5913,62.64165],[26.59839,62.61077],[26.57632,62.60404],[26.59909,62.59445],[26.57243,62.58853],[26.55615,62.56201],[26.53918,62.55022],[26.50814,62.53314],[26.48322,62.53236],[26.4707,62.51892],[26.48117,62.51239],[26.50794,62.50564],[26.57786,62.47857],[26.63311,62.45077],[26.68484,62.4634],[26.70913,62.45295],[26.732,62.44338],[26.76066,62.424],[26.83256,62.44298],[26.81677,62.45407],[26.83344,62.46823],[26.87948,62.48551],[26.90494,62.52259],[26.87724,62.52524],[26.86481,62.53826],[26.88537,62.5413],[26.91227,62.5564],[26.85709,62.57763],[26.84083,62.57627],[26.8266,62.58672],[26.911,62.58472],[26.90695,62.59543],[26.96172,62.58652],[26.96674,62.59407],[26.93183,62.60896],[26.91867,62.61133],[26.91985,62.62546],[26.94529,62.63491],[26.92387,62.64887],[26.92483,62.67518],[26.90668,62.713],[26.91664,62.73601],[26.84214,62.80459]]]},"properties":{"kunta":"686"}},{"type":"Feature","geometry":{"type":"Polygon","coordinates":[[[28.75953,63.38781],[28.70504,63.41133],[28.69572,63.41015],[28.66611,63.42319],[28.64969,63.47219],[28.64111,63.47636],[28.60346,63.52746],[28.61359,63.53986],[28.63678,63.54814],[28.65051,63.54033],[28.68495,63.55267],[28.66851,63.56121],[28.65991,63.55809],[28.61841,63.56726],[28.60675,63.57544],[28.58585,63.65911],[28.59372,63.66981],[28.60646,63.67466],[28.58477,63.68833],[28.5509,63.70063],[28.52606,63.69713],[28.46123,63.69861],[28.42416,63.72651],[28.35959,63.75475],[28.27392,63.66881],[28.25619,63.67451],[28.20126,63.70955],[28.16882,63.7148],[28.06619,63.62304],[28.04381,63.61918],[28.07758,63.60308],[28.07505,63.59197],[28.05938,63.58378],[28.05646,63.57319],[28.03773,63.55345],[28.04181,63.55012],[28.07344,63.53662],[28.11195,63.50645],[28.11581,63.49322],[28.12674,63.48828],[28.13052,63.47548],[28.11707,63.45789],[28.10972,63.45794],[28.1019,63.44234],[28.11573,63.43316],[28.10531,63.42357],[28.08882,63.42547],[28.08421,63.43128],[28.05708,63.44052],[28.08099,63.40682],[28.08841,63.40331],[28.14238,63.38724],[28.16413,63.37189],[28.17837,63.3796],[28.20911,63.37084],[28.25938,63.38531],[28.26904,63.32873],[28.34043,63.32504],[28.35893,63.37426],[28.3767,63.37027],[28.40799,63.37506],[28.43889,63.35131],[28.43669,63.34502],[28.4452,63.33173],[28.43617,63.30899],[28.45785,63.27522],[28.44826,63.27267],[28.46747,63.24682],[28.49875,63.23477],[28.53621,63.23282],[28.55538,63.22343],[28.6108,63.20384],[28.66148,63.24166],[28.64794,63.25013],[28.67962,63.26543],[28.70714,63.27218],[28.70295,63.28427],[28.68353,63.28403],[28.70677,63.29813],[28.73676,63.31136],[28.75953,63.38781]]]},"properties":{"kunta":"687"}},{"type":"Feature","geometry":{"type":"Polygon","coordinates":[[[29.44431,61.42447],[29.42344,61.43342],[29.38496,61.45316],[29.36455,61.49066],[29.33949,61.49689],[29.32193,61.49338],[29.27332,61.51107],[29.23642,61.52021],[29.21502,61.4851],[29.15902,61.49462],[29.11328,61.47592],[29.09517,61.48261],[29.06461,61.46049],[29.09497,61.45196],[29.12406,61.43648],[29.1561,61.42916],[29.13346,61.4159],[29.1141,61.37709],[29.02819,61.38445],[29.02546,61.3776],[29.07546,61.37005],[29.05991,61.35558],[29.06097,61.34006],[29.04863,61.32187],[29.07013,61.30701],[29.04212,61.30226],[29.05953,61.28816],[29.06,61.27126],[29.0335,61.26787],[29.03525,61.25405],[29.02296,61.24406],[29.0573,61.21986],[29.08426,61.21043],[29.16188,61.23666],[29.19982,61.25638],[29.24483,61.27069],[29.24135,61.27606],[29.26554,61.29164],[29.32225,61.34752],[29.44431,61.42447]]]},"properties":{"kunta":"689"}},{"type":"Feature","geometry":{"type":"Polygon","coordinates":[[[25.24518,63.61028],[25.23134,63.61834],[25.25683,63.63255],[25.23862,63.63494],[25.22509,63.64293],[25.2136,63.65987],[25.19085,63.67225],[25.18728,63.68017],[25.19321,63.68838],[25.16466,63.6954],[25.1802,63.70054],[25.12268,63.71562],[25.10653,63.73651],[25.09277,63.74785],[25.08288,63.73402],[25.0454,63.7457],[25.03237,63.75396],[25.01722,63.7418],[25.00507,63.74998],[24.96688,63.75833],[24.95561,63.75749],[24.93551,63.68454],[24.92362,63.67031],[24.73702,63.70909],[24.66192,63.67099],[24.61871,63.65089],[24.75408,63.61114],[24.82017,63.58661],[24.91336,63.52532],[25.03632,63.45807],[25.08187,63.46717],[25.11303,63.50233],[25.14011,63.57431],[25.24518,63.61028]]]},"properties":{"kunta":"691"}},{"type":"Feature","geometry":{"type":"Polygon","coordinates":[[[24.83507,60.66628],[24.83388,60.68178],[24.81564,60.6973],[24.80389,60.70202],[24.81371,60.7091],[24.82767,60.71251],[24.82255,60.71922],[24.82901,60.72767],[24.84473,60.73518],[24.82212,60.75656],[24.8283,60.7736],[24.81529,60.7795],[24.77975,60.78395],[24.73441,60.79537],[24.71461,60.79646],[24.74932,60.7583],[24.69095,60.75149],[24.68763,60.7256],[24.60562,60.69275],[24.61968,60.68436],[24.61337,60.67388],[24.61591,60.66757],[24.63909,60.65882],[24.65178,60.66025],[24.69127,60.64931],[24.73988,60.6475],[24.7493,60.64957],[24.76416,60.65992],[24.77927,60.65389],[24.80946,60.67283],[24.83507,60.66628]]]},"properties":{"kunta":"694"}},{"type":"Feature","geometry":{"type":"Polygon","coordinates":[[[28.85984,64.49343],[28.65095,64.54413],[28.64207,64.53719],[28.61739,64.54322],[28.62665,64.54997],[28.43111,64.59673],[28.40844,64.59043],[28.33127,64.59517],[28.3104,64.59334],[28.31021,64.6029],[28.24602,64.63678],[28.14382,64.63684],[28.13208,64.64916],[28.11305,64.65605],[28.09295,64.64588],[28.09495,64.64099],[28.07433,64.63288],[27.8989,64.60211],[27.87048,64.5773],[27.93616,64.58164],[27.95342,64.57327],[27.97034,64.57513],[27.97515,64.56273],[28.05931,64.5217],[28.05412,64.51979],[28.04877,64.48986],[28.07906,64.46978],[28.13465,64.46495],[28.12767,64.45594],[28.16428,64.44568],[28.18962,64.44345],[28.25639,64.43156],[28.3217,64.40321],[28.46304,64.37525],[28.52908,64.34432],[28.55008,64.3396],[28.5581,64.34385],[28.5863,64.33603],[28.59909,64.32869],[28.69556,64.30734],[28.75195,64.31024],[28.76099,64.31076],[28.81344,64.3415],[28.85285,64.40323],[28.81619,64.48685],[28.85984,64.49343]]]},"properties":{"kunta":"697"}},{"type":"Feature","geometry":{"type":"Polygon","coordinates":[[[25.35002,67.15129],[24.86199,67.17712],[24.7368,67.15192],[24.87021,66.93788],[24.96195,66.79288],[24.98805,66.75438],[25.0074,66.69306],[25.02381,66.61927],[25.05041,66.47585],[24.88485,66.38116],[24.80164,66.33764],[25.019,66.28748],[25.21688,66.24015],[25.33933,66.20982],[25.54446,66.20972],[25.77463,66.21379],[26.06732,66.15913],[26.08709,66.1554],[26.09363,66.16526],[26.13021,66.15958],[26.15848,66.17489],[26.18159,66.18178],[26.20241,66.18009],[26.25388,66.19613],[26.29001,66.1958],[26.32892,66.21431],[26.36793,66.22294],[26.41687,66.22279],[26.44133,66.21589],[26.46933,66.18777],[26.61902,66.21691],[26.63389,66.22489],[26.5911,66.23843],[26.57175,66.2484],[26.58289,66.26139],[26.57884,66.26698],[26.57961,66.28501],[26.72737,66.29864],[26.90046,66.30189],[26.91885,66.27641],[26.93308,66.26831],[26.93945,66.25547],[26.93093,66.24846],[26.94052,66.24273],[26.97109,66.24225],[27.00243,66.24787],[27.03912,66.2345],[27.06477,66.22041],[27.07324,66.20725],[27.09702,66.20135],[27.18728,66.19748],[27.25315,66.20318],[27.26004,66.19826],[27.32665,66.23745],[27.26118,66.25649],[27.27207,66.27694],[27.23394,66.31256],[27.24985,66.33199],[27.16523,66.35382],[26.69755,66.57459],[26.71406,66.61684],[26.65572,66.82204],[26.60751,66.84217],[26.53264,66.89693],[26.46814,66.93455],[26.51797,66.94292],[26.37263,66.95382],[26.35192,66.96759],[26.30587,66.99209],[26.29282,66.99499],[25.90447,67.11993],[25.67103,67.13352],[25.66199,67.1008],[25.61475,67.10501],[25.61107,67.1367],[25.35002,67.15129]]]},"properties":{"kunta":"698"}},{"type":"Feature","geometry":{"type":"Polygon","coordinates":[[[29.26157,61.55777],[29.22031,61.56006],[29.04901,61.5337],[29.00919,61.53686],[28.9726,61.53618],[28.95605,61.54066],[28.88673,61.52731],[28.82225,61.53726],[28.81178,61.53578],[28.81787,61.51428],[28.81418,61.50158],[28.79272,61.49526],[28.79144,61.47776],[28.75499,61.48341],[28.73252,61.48129],[28.71965,61.48318],[28.68419,61.47674],[28.67808,61.46833],[28.6486,61.46493],[28.63328,61.46981],[28.58857,61.46845],[28.57744,61.47569],[28.56092,61.47445],[28.52342,61.47777],[28.5254,61.49811],[28.49083,61.51344],[28.46293,61.49903],[28.44993,61.5108],[28.44006,61.51155],[28.41947,61.48461],[28.42662,61.45684],[28.41012,61.45397],[28.39163,61.44531],[28.35401,61.43809],[28.34236,61.43171],[28.33984,61.41628],[28.3168,61.41444],[28.30768,61.4169],[28.29816,61.40022],[28.28552,61.39117],[28.26262,61.38622],[28.2522,61.37969],[28.27981,61.36416],[28.31014,61.33729],[28.34835,61.32596],[28.39794,61.28469],[28.59818,61.19978],[28.6522,61.21627],[28.6399,61.22863],[28.69031,61.2375],[28.70168,61.23156],[28.70607,61.22929],[28.7456,61.24298],[28.76366,61.23752],[28.81147,61.24029],[28.82238,61.23429],[28.84891,61.24979],[28.85192,61.25592],[28.83634,61.27026],[28.84564,61.27763],[28.8591,61.27536],[28.90447,61.28012],[28.91888,61.27574],[28.92131,61.25383],[28.91479,61.24276],[28.92691,61.23874],[28.92728,61.22759],[29.02197,61.18849],[29.08426,61.21043],[29.0573,61.21986],[29.02296,61.24406],[29.03525,61.25405],[29.0335,61.26787],[29.06,61.27126],[29.05953,61.28816],[29.04212,61.30226],[29.07013,61.30701],[29.04863,61.32187],[29.06097,61.34006],[29.05991,61.35558],[29.07546,61.37005],[29.02546,61.3776],[29.02819,61.38445],[29.1141,61.37709],[29.13346,61.4159],[29.1561,61.42916],[29.12406,61.43648],[29.09497,61.45196],[29.06461,61.46049],[29.09517,61.48261],[29.11328,61.47592],[29.15902,61.49462],[29.21502,61.4851],[29.23642,61.52021],[29.26157,61.55777]]]},"properties":{"kunta":"700"}},{"type":"Feature","geometry":{"type":"Polygon","coordinates":[[[24.03551,62.12096],[23.97867,62.1362],[23.91829,62.14505],[23.89124,62.15981],[23.87544,62.15719],[23.84633,62.18185],[23.82772,62.18203],[23.82,62.17182],[23.86595,62.12884],[23.83462,62.11705],[23.81034,62.11732],[23.79616,62.11146],[23.78612,62.08884],[23.75027,62.0821],[23.71157,62.0934],[23.68062,62.08444],[23.68811,62.07777],[23.69764,62.0313],[23.72817,62.03272],[23.7748,62.00013],[23.78355,61.96662],[23.81261,61.97075],[23.84434,61.9495],[23.84146,61.93237],[23.85922,61.89589],[23.87987,61.87985],[23.88511,61.86732],[23.83424,61.84384],[23.85552,61.83661],[23.8993,61.81642],[23.99989,61.78716],[24.09079,61.79285],[24.11473,61.81527],[24.22742,61.82481],[24.28104,61.84881],[24.31143,61.85402],[24.36248,61.86877],[24.41099,61.85936],[24.41593,61.8641],[24.39756,61.87012],[24.42206,61.89374],[24.45307,61.89143],[24.43863,61.91057],[24.40771,61.90606],[24.39501,61.92686],[24.41152,61.93102],[24.38533,61.95376],[24.37926,61.95039],[24.3403,61.96094],[24.31495,61.99141],[24.33224,61.99529],[24.29853,62.003],[24.2817,62.0124],[24.29883,62.02031],[24.32267,62.01619],[24.31111,62.02983],[24.2738,62.03912],[24.30797,62.04463],[24.29758,62.05598],[24.28568,62.0558],[24.28484,62.07765],[24.23968,62.07647],[24.22222,62.09611],[24.20415,62.08389],[24.18346,62.09556],[24.14074,62.08133],[24.11132,62.09078],[24.11656,62.09788],[24.09777,62.11143],[24.06527,62.11202],[24.03551,62.12096]]]},"properties":{"kunta":"702"}},{"type":"Feature","geometry":{"type":"Polygon","coordinates":[[[22.24586,60.50502],[22.23365,60.51073],[22.22131,60.52315],[22.22903,60.52455],[22.26492,60.51755],[22.28545,60.5347],[22.30207,60.57082],[22.32413,60.59219],[22.37395,60.61779],[22.38802,60.63048],[22.415,60.73729],[22.36755,60.69948],[22.25618,60.64435],[22.24695,60.63572],[22.24747,60.61755],[22.2572,60.61339],[22.2509,60.59968],[22.22688,60.60193],[22.21005,60.59568],[22.21673,60.5936],[22.21144,60.5802],[22.14384,60.52972],[22.19727,60.51354],[22.1952,60.50771],[22.24586,60.50502]]]},"properties":{"kunta":"704"}},{"type":"Feature","geometry":{"type":"Polygon","coordinates":[[[29.94964,62.37025],[29.94504,62.36761],[29.89049,62.37327],[29.8578,62.38283],[29.84488,62.39657],[29.8305,62.40437],[29.76322,62.40744],[29.76332,62.39793],[29.70494,62.38741],[29.64552,62.35975],[29.53852,62.40714],[29.51795,62.39962],[29.29597,62.38673],[29.30752,62.33433],[29.39404,62.25035],[29.43008,62.23653],[29.48102,62.23497],[29.54304,62.20417],[29.61297,62.17527],[29.63839,62.18631],[29.65971,62.18636],[29.70709,62.17292],[29.74215,62.17981],[29.74626,62.18712],[29.76567,62.18847],[29.78417,62.19541],[29.80631,62.18685],[29.87002,62.17685],[29.95139,62.14612],[29.94702,62.15976],[29.9147,62.17921],[29.93287,62.1916],[29.91012,62.20539],[29.87774,62.21184],[29.87591,62.21496],[29.90969,62.23203],[29.94492,62.22497],[29.94633,62.23268],[29.97353,62.23428],[29.9829,62.2401],[30.00509,62.2443],[29.98533,62.26434],[29.96919,62.26998],[29.96339,62.28339],[29.98092,62.289],[30.0352,62.28764],[29.99224,62.36362],[29.94964,62.37025]]]},"properties":{"kunta":"707"}},{"type":"Feature","geometry":{"type":"MultiPolygon","coordinates":[[[[23.58011,59.83035],[23.56439,59.83055],[23.55261,59.82331],[23.57565,59.81998],[23.58011,59.83035]]],[[[23.39233,59.88614],[23.37923,59.88885],[23.36127,59.88158],[23.37592,59.87124],[23.37292,59.86256],[23.40208,59.86326],[23.42622,59.87534],[23.42272,59.88718],[23.40807,59.88421],[23.39233,59.88614]]],[[[23.29956,59.89186],[23.28465,59.88859],[23.29295,59.88243],[23.32873,59.88183],[23.33057,59.88796],[23.31141,59.89326],[23.29956,59.89186]]],[[[23.35977,59.90943],[23.35858,59.89252],[23.38401,59.89421],[23.38571,59.90092],[23.35977,59.90943]]],[[[23.51792,59.9288],[23.50156,59.92021],[23.4973,59.91315],[23.46847,59.91572],[23.4529,59.9116],[23.4188,59.91388],[23.40076,59.90421],[23.41574,59.89571],[23.43356,59.89547],[23.45546,59.90057],[23.50945,59.88902],[23.51333,59.8967],[23.49684,59.89795],[23.52816,59.91219],[23.51801,59.91783],[23.51792,59.9288]]],[[[23.71885,59.93668],[23.69437,59.93234],[23.69596,59.92655],[23.72294,59.92439],[23.71885,59.93668]]],[[[23.62593,59.937],[23.61235,59.93119],[23.58385,59.93189],[23.53958,59.93085],[23.54358,59.92142],[23.56505,59.92173],[23.58662,59.91631],[23.58567,59.9092],[23.61431,59.92045],[23.63672,59.92069],[23.65998,59.93205],[23.63439,59.93083],[23.62593,59.937]]],[[[23.39861,59.91944],[23.38773,59.9249],[23.37861,59.93376],[23.35922,59.92955],[23.35612,59.91674],[23.36639,59.91501],[23.39861,59.91944]]],[[[23.81358,59.94451],[23.79774,59.94683],[23.77142,59.93893],[23.76455,59.94476],[23.74946,59.94011],[23.74686,59.92629],[23.75662,59.92403],[23.77864,59.93668],[23.81358,59.94451]]],[[[23.42378,59.94651],[23.41108,59.94881],[23.38985,59.94328],[23.37943,59.93482],[23.38932,59.92516],[23.40181,59.92213],[23.40848,59.91618],[23.43126,59.91699],[23.488,59.92797],[23.47658,59.93812],[23.45939,59.94509],[23.42378,59.94651]]],[[[23.76343,59.97169],[23.75118,59.97112],[23.7442,59.9615],[23.76488,59.9611],[23.76343,59.97169]]],[[[23.08648,59.96304],[23.06121,59.94978],[23.07438,59.94224],[23.08765,59.95088],[23.08648,59.96304]]],[[[23.62048,60.19413],[23.608,60.19141],[23.58747,60.19955],[23.55362,60.2022],[23.47019,60.17261],[23.41537,60.1652],[23.37918,60.16705],[23.36294,60.1499],[23.31596,60.17158],[23.32588,60.18854],[23.30591,60.18866],[23.27754,60.17265],[23.2715,60.15429],[23.23299,60.13992],[23.19578,60.13417],[23.19749,60.12291],[23.14865,60.10044],[23.05645,60.08861],[23.028,60.10157],[23.00219,60.09496],[23.01225,60.08623],[22.98845,60.08548],[22.98533,60.07499],[22.99837,60.06401],[23.0132,60.06261],[23.03264,60.07159],[23.04574,60.06492],[23.05693,60.04469],[23.0786,60.04823],[23.08222,60.04383],[23.10478,60.04048],[23.10172,60.05287],[23.12924,60.0666],[23.15199,60.0594],[23.16434,60.06978],[23.19676,60.07072],[23.22655,60.06975],[23.23294,60.06374],[23.26,60.06463],[23.22403,60.04371],[23.22012,60.06262],[23.19976,60.0611],[23.17956,60.0655],[23.16219,60.06179],[23.1548,60.05282],[23.14095,60.05176],[23.11636,60.04481],[23.11487,60.01105],[23.09914,60.01675],[23.0961,60.02619],[23.10678,60.03553],[23.07831,60.04066],[23.0484,60.04324],[23.03922,60.04688],[23.01784,60.0473],[22.9895,60.03878],[22.98529,60.03272],[22.99847,60.02061],[23.00731,60.01923],[23.00755,60.0072],[23.0225,60.00332],[23.0265,59.99645],[23.00546,59.98726],[23.00745,59.97983],[22.9869,59.97657],[22.97891,59.97054],[22.96701,59.98023],[22.95054,59.97963],[22.95471,59.98989],[22.94823,59.99244],[22.91297,59.99091],[22.90681,59.9885],[22.9131,59.97779],[22.90825,59.97459],[22.87593,59.97916],[22.84948,59.96834],[22.85021,59.98159],[22.83964,59.98021],[22.82968,59.99659],[22.83434,60.00652],[22.84622,60.01507],[22.8366,60.01882],[22.81727,60.01919],[22.80957,60.01546],[22.81646,59.99908],[22.812,59.99633],[22.81442,59.9804],[22.83009,59.96617],[22.85871,59.96055],[22.87007,59.94943],[22.85962,59.94234],[22.865,59.93256],[22.88875,59.9157],[22.9145,59.9166],[22.9391,59.90847],[22.97036,59.91865],[22.97734,59.92314],[23.00202,59.92298],[22.9843,59.93425],[22.96104,59.93337],[22.9667,59.94718],[22.9901,59.93724],[22.99961,59.94067],[23.0151,59.92337],[23.02739,59.91678],[23.06418,59.91988],[23.07064,59.93024],[23.0582,59.95127],[23.07168,59.96041],[23.06934,59.96788],[23.07438,59.9831],[23.05169,59.97707],[23.0314,59.9794],[23.03829,59.98976],[23.06434,59.98861],[23.10111,60.0052],[23.11393,60.0046],[23.14677,60.00823],[23.16193,60.01476],[23.17685,60.01591],[23.19035,60.02994],[23.20273,60.03462],[23.23308,60.0308],[23.21064,60.02288],[23.1997,60.01412],[23.19029,60.0172],[23.1747,60.01143],[23.15486,60.00841],[23.11658,59.99921],[23.10752,59.97575],[23.1015,59.96942],[23.09663,59.94649],[23.12021,59.94124],[23.13577,59.94908],[23.13111,59.95764],[23.13893,59.96501],[23.15338,59.96721],[23.16681,59.95526],[23.15508,59.94727],[23.16913,59.94442],[23.18672,59.95064],[23.1786,59.97229],[23.19297,59.97677],[23.21691,59.95643],[23.1869,59.94328],[23.16198,59.9412],[23.1478,59.93252],[23.14463,59.92364],[23.15825,59.92299],[23.16892,59.9169],[23.16669,59.90982],[23.20586,59.92465],[23.20054,59.9376],[23.22417,59.94665],[23.24412,59.94754],[23.25044,59.95602],[23.26858,59.96218],[23.27761,59.96905],[23.27812,59.97912],[23.30049,59.99418],[23.30179,60.01557],[23.29842,60.01927],[23.30623,60.03496],[23.32049,60.04718],[23.32842,60.04188],[23.30868,60.01927],[23.30597,59.99398],[23.28903,59.96992],[23.28123,59.96694],[23.27119,59.95015],[23.2473,59.93917],[23.23887,59.93921],[23.22397,59.93124],[23.2395,59.92796],[23.28123,59.90517],[23.30948,59.91535],[23.31392,59.9214],[23.33691,59.9265],[23.34626,59.93239],[23.37171,59.93687],[23.38244,59.94437],[23.39548,59.97086],[23.40754,59.9811],[23.42643,59.98347],[23.45662,60.00333],[23.47211,60.02978],[23.46493,60.04173],[23.47401,60.05082],[23.4834,60.04745],[23.49623,60.05866],[23.51805,60.07186],[23.51417,60.08572],[23.52532,60.09187],[23.55364,60.08943],[23.53426,60.07326],[23.53689,60.05467],[23.54405,60.04671],[23.53756,60.0394],[23.49313,60.03345],[23.48019,60.01315],[23.48857,59.99854],[23.4634,59.99904],[23.45958,59.98734],[23.43608,59.9815],[23.42887,59.97241],[23.4318,59.96649],[23.45111,59.96593],[23.47039,59.96975],[23.47856,59.98159],[23.49469,59.9849],[23.53487,59.98297],[23.55177,59.99177],[23.55698,59.98604],[23.51508,59.97773],[23.50326,59.972],[23.45474,59.96149],[23.45384,59.9505],[23.47284,59.94841],[23.47714,59.93868],[23.49152,59.92726],[23.50877,59.93419],[23.54093,59.93765],[23.57591,59.93464],[23.61384,59.93869],[23.63763,59.93542],[23.67502,59.93656],[23.68797,59.93974],[23.69408,59.94666],[23.72653,59.94505],[23.71105,59.95561],[23.70507,59.96721],[23.68529,59.97373],[23.68203,59.95837],[23.65639,59.96168],[23.65281,59.96858],[23.66281,59.9736],[23.68549,59.97578],[23.70901,59.97385],[23.73953,59.96873],[23.74818,59.98099],[23.77952,59.98796],[23.7962,59.97783],[23.79952,59.96744],[23.81537,59.97089],[23.83367,59.98316],[23.79114,60.00152],[23.77266,60.0003],[23.75765,60.00615],[23.75266,60.0266],[23.75871,60.03862],[23.77434,60.04484],[23.87455,60.04769],[23.84185,60.06832],[23.84078,60.0798],[23.83008,60.0837],[23.82208,60.09682],[23.81502,60.12441],[23.86513,60.13709],[23.91525,60.12877],[23.94238,60.12949],[23.90106,60.1624],[23.89959,60.17297],[23.90839,60.18577],[23.89899,60.206],[23.87907,60.20252],[23.87462,60.19658],[23.83863,60.18962],[23.82584,60.19754],[23.80963,60.18895],[23.78726,60.18755],[23.76618,60.17789],[23.7349,60.16966],[23.7036,60.16898],[23.67776,60.17372],[23.66505,60.16893],[23.65189,60.17051],[23.6224,60.16642],[23.61113,60.16928],[23.60284,60.18397],[23.61662,60.18812],[23.62048,60.19413]]]]},"properties":{"kunta":"710"}},{"type":"Feature","geometry":{"type":"Polygon","coordinates":[[[25.57112,62.85927],[25.55671,62.90956],[25.46725,62.90849],[25.30041,62.81846],[25.30021,62.812],[25.17294,62.79869],[25.16299,62.81097],[25.14985,62.81688],[25.10519,62.82841],[25.08189,62.84991],[25.03663,62.8623],[24.8728,62.80589],[24.89125,62.78467],[24.90926,62.7798],[24.93455,62.79113],[24.95353,62.77887],[24.92817,62.75566],[24.94468,62.75108],[24.92908,62.73736],[24.87725,62.74889],[24.8582,62.75658],[24.848,62.78751],[24.82252,62.79028],[24.78538,62.77003],[24.75197,62.78332],[24.71034,62.74791],[24.65512,62.74844],[24.63884,62.73641],[24.58593,62.75111],[24.56204,62.72658],[24.54511,62.71702],[24.50424,62.71043],[24.51959,62.68598],[24.58217,62.66479],[24.71411,62.53153],[24.79934,62.55056],[24.83755,62.57761],[24.89976,62.60208],[24.95529,62.57221],[25.18379,62.58228],[25.25191,62.53765],[25.35904,62.53552],[25.36264,62.52986],[25.40607,62.52083],[25.44945,62.52826],[25.44276,62.53881],[25.46952,62.54013],[25.48386,62.54705],[25.47811,62.59226],[25.52153,62.60521],[25.50573,62.62293],[25.47397,62.6392],[25.49885,62.6862],[25.49205,62.72607],[25.50241,62.73266],[25.67553,62.7565],[25.6966,62.78236],[25.68673,62.79538],[25.64899,62.81305],[25.61245,62.84691],[25.57112,62.85927]]]},"properties":{"kunta":"729"}},{"type":"Feature","geometry":{"type":"Polygon","coordinates":[[[29.57293,66.43285],[29.51957,66.49627],[29.47206,66.5439],[29.41061,66.58317],[29.41043,66.59216],[29.38259,66.59844],[29.3861,66.6075],[29.36216,66.62653],[29.35633,66.63999],[29.14941,66.78043],[29.13195,66.78707],[29.10586,66.79045],[29.10357,66.79574],[29.11897,66.80148],[29.06051,66.8531],[29.03317,66.92551],[29.03414,66.94362],[29.04095,66.96152],[29.07285,66.9959],[29.34725,67.16912],[29.51649,67.28065],[29.50447,67.28558],[29.52256,67.3099],[29.58015,67.31583],[29.56586,67.32247],[29.58433,67.33081],[29.61156,67.32644],[29.64406,67.33578],[29.64289,67.3416],[29.61661,67.34515],[29.62157,67.35156],[29.64557,67.35474],[29.65781,67.3704],[29.67659,67.3722],[29.68496,67.38026],[29.71612,67.39258],[29.71483,67.39817],[29.76247,67.42489],[29.84006,67.47918],[29.93022,67.52252],[30.01704,67.67355],[29.65941,67.80296],[29.48283,67.68397],[29.27788,67.60727],[29.21235,67.53797],[29.0615,67.45908],[28.94019,67.38427],[28.9349,67.3509],[28.8111,67.24082],[28.69049,67.15801],[28.69454,67.15126],[28.67746,67.13944],[28.49406,67.12469],[28.35983,67.10811],[28.08454,67.03917],[27.95648,67.02954],[27.8816,66.88591],[27.94278,66.77626],[28.06457,66.70585],[28.11744,66.7121],[28.15614,66.69772],[28.19192,66.62677],[28.09135,66.51205],[28.07516,66.50141],[28.13862,66.43186],[28.22397,66.41786],[28.28505,66.45155],[28.36426,66.48323],[28.39641,66.49225],[28.69531,66.48585],[29.25852,66.40815],[29.25797,66.43289],[29.57293,66.43285]]]},"properties":{"kunta":"732"}},{"type":"Feature","geometry":{"type":"MultiPolygon","coordinates":[[[[22.94917,60.05173],[22.92226,60.03806],[22.92148,60.01893],[22.90625,60.01786],[22.9064,60.01038],[22.9322,60.01336],[22.96429,60.03412],[22.97109,60.04315],[22.94917,60.05173]]],[[[22.81772,60.03226],[22.81911,60.0464],[22.80069,60.05009],[22.80426,60.03756],[22.81772,60.03226]]],[[[22.91754,60.06851],[22.89041,60.06861],[22.87319,60.06612],[22.84789,60.05544],[22.8711,60.05042],[22.88646,60.05135],[22.89027,60.0425],[22.87742,60.04041],[22.85241,60.04391],[22.85876,60.02099],[22.85226,60.01327],[22.86849,60.00592],[22.88653,60.00988],[22.87671,60.01829],[22.8961,60.02662],[22.88808,60.03518],[22.91387,60.04048],[22.91133,60.05313],[22.91754,60.06851]]],[[[22.91444,60.12404],[22.88825,60.11823],[22.86729,60.1036],[22.86437,60.09537],[22.8694,60.08673],[22.8401,60.08498],[22.84457,60.07883],[22.87274,60.06993],[22.88592,60.07994],[22.89913,60.07829],[22.91528,60.08109],[22.92031,60.08741],[22.93887,60.08781],[22.95322,60.08356],[22.96732,60.08992],[22.96889,60.10325],[22.94849,60.12268],[22.91444,60.12404]]],[[[23.00297,60.12869],[22.97061,60.12576],[22.97513,60.11529],[22.99078,60.10965],[23.00948,60.11782],[23.01626,60.12523],[23.00297,60.12869]]],[[[22.91731,60.2544],[22.93545,60.2584],[22.95255,60.27282],[22.95151,60.27686],[22.98365,60.30009],[22.98287,60.30303],[22.95363,60.31447],[22.92675,60.31067],[22.90628,60.301],[22.90768,60.2941],[22.89839,60.27818],[22.8804,60.2781],[22.87107,60.26929],[22.86339,60.24753],[22.88629,60.2495],[22.90892,60.26385],[22.91731,60.2544]]],[[[23.01442,60.30371],[23.03308,60.32239],[23.02372,60.3283],[23.01273,60.3252],[23.00537,60.31449],[23.01442,60.30371]]],[[[23.73749,60.49037],[23.71266,60.49803],[23.64263,60.46733],[23.61688,60.48841],[23.58611,60.48373],[23.57588,60.50116],[23.53927,60.50932],[23.5189,60.51695],[23.4976,60.53456],[23.51579,60.59568],[23.49207,60.59493],[23.46727,60.58078],[23.39643,60.54611],[23.3635,60.55462],[23.30028,60.5815],[23.24327,60.58658],[23.20777,60.5857],[23.19071,60.57116],[23.16089,60.5812],[23.11173,60.57716],[23.10072,60.57353],[23.0622,60.55899],[22.93256,60.53719],[22.90084,60.52474],[22.846,60.51088],[22.85631,60.49434],[22.84968,60.46564],[22.87591,60.44527],[22.85581,60.42818],[22.87087,60.42658],[22.86938,60.41758],[22.85295,60.4178],[22.83516,60.40611],[22.83235,60.38717],[22.81893,60.37292],[22.84084,60.35912],[22.83359,60.35621],[22.84525,60.34453],[22.84187,60.3373],[22.87807,60.30696],[22.89031,60.30315],[22.92384,60.31624],[22.9378,60.31705],[22.96249,60.32319],[22.99708,60.33599],[23.00307,60.3278],[23.02428,60.33225],[23.02601,60.34486],[23.05951,60.36037],[23.0539,60.3699],[23.06774,60.37643],[23.08415,60.37275],[23.0882,60.36502],[23.06082,60.35413],[23.04849,60.3448],[23.04997,60.33858],[23.03424,60.31272],[23.01993,60.30316],[23.00548,60.28691],[22.97805,60.28604],[22.97332,60.27146],[22.96268,60.27358],[22.9476,60.26437],[22.9507,60.24867],[22.90916,60.22888],[22.89378,60.21086],[22.87214,60.20044],[22.87196,60.19408],[22.89001,60.18248],[22.89011,60.17777],[22.8729,60.17337],[22.86902,60.16427],[22.87716,60.1566],[22.90586,60.14883],[22.90577,60.14224],[22.97006,60.13377],[22.98392,60.12831],[23.00623,60.13032],[23.02684,60.12274],[23.046,60.12174],[23.03036,60.1123],[23.028,60.10157],[23.05645,60.08861],[23.14865,60.10044],[23.19749,60.12291],[23.19578,60.13417],[23.23299,60.13992],[23.2715,60.15429],[23.27754,60.17265],[23.30591,60.18866],[23.32588,60.18854],[23.31596,60.17158],[23.36294,60.1499],[23.37918,60.16705],[23.41537,60.1652],[23.47019,60.17261],[23.55362,60.2022],[23.58747,60.19955],[23.608,60.19141],[23.62048,60.19413],[23.64896,60.20157],[23.64753,60.21111],[23.63724,60.21927],[23.63346,60.23473],[23.61051,60.24969],[23.58632,60.25884],[23.59892,60.26639],[23.61319,60.26079],[23.62717,60.26052],[23.62948,60.28267],[23.67399,60.30308],[23.68978,60.29369],[23.72779,60.30773],[23.72888,60.32899],[23.73531,60.33792],[23.73396,60.3557],[23.72261,60.35996],[23.72317,60.36876],[23.74166,60.37],[23.77616,60.3879],[23.79049,60.38783],[23.7844,60.40483],[23.79361,60.42883],[23.78414,60.45019],[23.69223,60.4499],[23.71517,60.46484],[23.70943,60.47283],[23.73749,60.49037]]]]},"properties":{"kunta":"734"}},{"type":"Feature","geometry":{"type":"MultiPolygon","coordinates":[[[[20.17358,60.28933],[20.18108,60.30061],[20.20961,60.3229],[20.20568,60.33364],[20.19359,60.33145],[20.19127,60.34566],[20.16351,60.34786],[20.14567,60.35305],[20.1557,60.3332],[20.14598,60.33499],[20.1378,60.34368],[20.11924,60.34735],[20.11901,60.35488],[20.10975,60.36253],[20.10991,60.37148],[20.09125,60.37374],[20.06917,60.36993],[20.0213,60.37364],[19.99867,60.37163],[19.9856,60.3417],[19.96269,60.31973],[19.92354,60.30803],[19.93451,60.29093],[19.94792,60.28274],[19.96784,60.28435],[19.98299,60.27617],[19.98478,60.26995],[19.99869,60.26452],[20.01395,60.26413],[20.02705,60.27815],[20.02998,60.28998],[20.04326,60.29598],[20.03926,60.30489],[20.02792,60.30683],[20.03465,60.318],[20.04676,60.31668],[20.05701,60.30628],[20.04016,60.28498],[20.02369,60.26998],[20.02341,60.25808],[20.01376,60.24349],[20.03085,60.23765],[20.05506,60.24429],[20.06334,60.25138],[20.09624,60.26514],[20.1285,60.27192],[20.17358,60.28933]]],[[[20.13218,60.39114],[20.1218,60.39143],[20.10725,60.38378],[20.11595,60.37547],[20.1293,60.37936],[20.13218,60.39114]]],[[[19.96597,60.38621],[19.95321,60.38039],[19.96383,60.37482],[19.97859,60.37612],[19.97966,60.38224],[19.96597,60.38621]]],[[[20.10452,60.4056],[20.08859,60.3957],[20.07348,60.39278],[20.08951,60.38287],[20.11007,60.38836],[20.12018,60.39918],[20.10452,60.4056]]],[[[19.99118,60.40192],[19.97185,60.39506],[19.98719,60.3791],[19.995,60.38948],[19.98422,60.39216],[19.99118,60.40192]]],[[[20.059,60.43993],[20.04164,60.43803],[20.04128,60.42785],[20.05647,60.43075],[20.059,60.43993]]],[[[20.01915,60.44016],[20.01328,60.4345],[20.02375,60.42828],[20.03477,60.43783],[20.01915,60.44016]]],[[[20.23078,60.46334],[20.2134,60.461],[20.218,60.44965],[20.23186,60.45262],[20.23078,60.46334]]]]},"properties":{"kunta":"736"}},{"type":"Feature","geometry":{"type":"Polygon","coordinates":[[[27.92632,63.84457],[27.91026,63.8521],[27.89279,63.84911],[27.74503,63.90838],[27.66386,63.92302],[27.65029,63.91875],[27.5406,63.95643],[27.47777,63.96148],[27.49703,63.9497],[27.44949,63.94438],[27.42851,63.94787],[27.41867,63.96639],[27.26111,63.98934],[27.13123,63.99763],[27.11927,63.99078],[27.15716,63.97532],[27.16122,63.9388],[27.2386,63.94597],[27.24161,63.95849],[27.26714,63.94037],[27.28402,63.93355],[27.25555,63.91851],[27.25612,63.887],[27.35758,63.82743],[27.33652,63.8209],[27.33906,63.80872],[27.35552,63.79555],[27.34947,63.78827],[27.32062,63.7819],[27.28203,63.77718],[27.29425,63.77005],[27.291,63.76384],[27.26165,63.76615],[27.24759,63.76413],[27.2646,63.75088],[27.25469,63.73928],[27.22392,63.73647],[27.20971,63.72036],[27.23266,63.70241],[27.26096,63.68884],[27.27434,63.68777],[27.28895,63.67661],[27.31367,63.67305],[27.33824,63.65157],[27.33725,63.64165],[27.36838,63.62142],[27.40851,63.63097],[27.42038,63.61444],[27.45147,63.60019],[27.47143,63.59395],[27.54218,63.58578],[27.56972,63.55137],[27.58603,63.54818],[27.64041,63.51443],[27.62518,63.50247],[27.70776,63.50439],[27.71619,63.51157],[27.76703,63.51866],[27.78448,63.51629],[27.85179,63.5276],[27.85646,63.53261],[27.88045,63.53506],[27.88813,63.53004],[27.94281,63.51892],[28.04181,63.55012],[28.03773,63.55345],[28.05646,63.57319],[28.05938,63.58378],[28.07505,63.59197],[28.07758,63.60308],[28.04381,63.61918],[28.06619,63.62304],[28.16882,63.7148],[28.14463,63.72469],[28.06095,63.78146],[27.92632,63.84457]]]},"properties":{"kunta":"762"}},{"type":"Feature","geometry":{"type":"Polygon","coordinates":[[[28.75195,64.31024],[28.69556,64.30734],[28.59909,64.32869],[28.5863,64.33603],[28.5581,64.34385],[28.55008,64.3396],[28.52908,64.34432],[28.46304,64.37525],[28.37027,64.36088],[28.33893,64.33448],[28.29068,64.33148],[28.24001,64.34135],[28.2147,64.34007],[28.2092,64.32966],[28.16612,64.32265],[28.13989,64.32217],[28.13284,64.31715],[28.15805,64.30803],[28.09386,64.2968],[28.02935,64.26311],[27.98013,64.24701],[27.99466,64.23508],[27.93379,64.2341],[27.89738,64.22108],[27.8407,64.15917],[27.79679,64.16241],[27.80854,64.15511],[27.85241,64.15338],[27.84372,64.13895],[27.82634,64.13328],[27.83911,64.10084],[27.83656,64.08209],[27.85091,64.06656],[27.84714,64.0485],[27.83146,64.04427],[27.85685,64.03177],[27.8671,64.03646],[27.91077,64.01061],[28.00222,63.97039],[28.06543,63.90352],[28.03417,63.87238],[28.00573,63.86171],[27.93955,63.84978],[27.92632,63.84457],[28.06095,63.78146],[28.14463,63.72469],[28.16882,63.7148],[28.20126,63.70955],[28.25619,63.67451],[28.27392,63.66881],[28.35959,63.75475],[28.47375,63.8584],[28.45996,63.87112],[28.496,63.87824],[28.50077,63.88241],[28.88514,63.83584],[29.11189,63.84635],[29.15831,63.84733],[29.21104,63.96474],[29.04937,64.0022],[28.98152,64.04338],[29.00135,64.05225],[28.91006,64.09321],[28.89063,64.09852],[28.89691,64.11039],[28.88743,64.134],[28.87168,64.14351],[28.85984,64.15857],[28.8643,64.16646],[28.85577,64.22566],[28.75195,64.31024]]]},"properties":{"kunta":"765"}},{"type":"Feature","geometry":{"type":"MultiPolygon","coordinates":[[[[20.6588,60.15186],[20.64595,60.15225],[20.63471,60.14455],[20.6351,60.13284],[20.65027,60.12437],[20.65357,60.11752],[20.66751,60.11021],[20.68276,60.11655],[20.69056,60.1259],[20.68053,60.13283],[20.67751,60.14259],[20.65737,60.14748],[20.6588,60.15186]]],[[[20.59699,60.17161],[20.58133,60.1677],[20.57538,60.15725],[20.60818,60.16252],[20.59699,60.17161]]]]},"properties":{"kunta":"766"}},{"type":"Feature","geometry":{"type":"Polygon","coordinates":[[[28.22165,61.93757],[28.19511,61.94531],[28.18194,61.933],[28.18831,61.92632],[28.17486,61.91008],[28.15693,61.92014],[28.10649,61.89792],[28.08878,61.88528],[28.14675,61.87389],[28.16465,61.86473],[28.14041,61.86142],[28.13707,61.84458],[28.10198,61.83121],[28.09923,61.81222],[28.12407,61.80442],[28.18796,61.76301],[28.17147,61.75476],[28.1748,61.73975],[28.15157,61.74473],[28.14399,61.75378],[28.09972,61.74488],[28.12421,61.72446],[28.14141,61.72203],[28.16937,61.72406],[28.17606,61.71694],[28.1948,61.70933],[28.20821,61.69365],[28.20726,61.68335],[28.22636,61.68114],[28.2518,61.69218],[28.26242,61.68697],[28.27175,61.6713],[28.29926,61.66648],[28.35637,61.67367],[28.39231,61.66896],[28.40686,61.66148],[28.40308,61.65745],[28.42129,61.64436],[28.45043,61.6429],[28.4583,61.61102],[28.49406,61.61006],[28.50213,61.61297],[28.52954,61.61374],[28.54805,61.60401],[28.5719,61.59979],[28.57602,61.57848],[28.58461,61.56127],[28.5964,61.56582],[28.59662,61.58989],[28.61518,61.58588],[28.62702,61.57578],[28.62248,61.56726],[28.70644,61.56392],[28.72638,61.56012],[28.78557,61.53944],[28.81178,61.53578],[28.82225,61.53726],[28.88673,61.52731],[28.95605,61.54066],[28.90293,61.55071],[28.86049,61.56609],[28.83405,61.57007],[28.83049,61.57734],[28.84496,61.58384],[28.87084,61.58572],[28.85903,61.60538],[28.83798,61.60424],[28.8026,61.60815],[28.79277,61.62348],[28.77897,61.6282],[28.7589,61.62965],[28.74023,61.62155],[28.71129,61.63683],[28.66753,61.63677],[28.65894,61.63988],[28.61948,61.64321],[28.62787,61.6525],[28.60981,61.66221],[28.62553,61.6842],[28.64219,61.69532],[28.61857,61.7004],[28.60142,61.69449],[28.59207,61.70043],[28.59747,61.70953],[28.5921,61.71489],[28.5594,61.72952],[28.55362,61.73826],[28.58348,61.74963],[28.60284,61.75158],[28.59869,61.77422],[28.58468,61.79343],[28.59384,61.80451],[28.57026,61.81081],[28.5472,61.82093],[28.52746,61.82298],[28.50751,61.83054],[28.47141,61.86558],[28.41391,61.87794],[28.41427,61.88842],[28.42544,61.89755],[28.39823,61.9067],[28.37069,61.92464],[28.34856,61.93082],[28.33175,61.93964],[28.30916,61.93094],[28.27633,61.93577],[28.25413,61.9266],[28.24159,61.93466],[28.22165,61.93757]]]},"properties":{"kunta":"768"}},{"type":"Feature","geometry":{"type":"MultiPolygon","coordinates":[[[[22.57315,60.24156],[22.57291,60.25763],[22.55341,60.25511],[22.57315,60.24156]]],[[[22.81893,60.37292],[22.78574,60.36928],[22.75854,60.37889],[22.7415,60.38936],[22.69303,60.37071],[22.67061,60.37227],[22.65119,60.3698],[22.6362,60.36433],[22.61142,60.37944],[22.60414,60.37388],[22.60181,60.36171],[22.57745,60.35111],[22.56354,60.35395],[22.5567,60.34702],[22.56416,60.33923],[22.55243,60.32732],[22.51456,60.30953],[22.47022,60.28146],[22.47908,60.27186],[22.46115,60.26279],[22.47263,60.25661],[22.48737,60.26003],[22.50667,60.2542],[22.53132,60.26836],[22.55148,60.26692],[22.56725,60.25972],[22.59154,60.26055],[22.58101,60.2529],[22.59384,60.24613],[22.58467,60.24103],[22.55777,60.23749],[22.55737,60.23179],[22.53492,60.22979],[22.52562,60.22387],[22.52066,60.21352],[22.55506,60.21382],[22.5701,60.21649],[22.61889,60.23666],[22.67785,60.24365],[22.71941,60.24439],[22.76352,60.25418],[22.79252,60.2565],[22.82243,60.27167],[22.86397,60.28971],[22.86353,60.29463],[22.87807,60.30696],[22.84187,60.3373],[22.84525,60.34453],[22.83359,60.35621],[22.84084,60.35912],[22.81893,60.37292]]]]},"properties":{"kunta":"738"}},{"type":"Feature","geometry":{"type":"Polygon","coordinates":[[[27.93116,61.35039],[27.85578,61.35124],[27.79261,61.36208],[27.75446,61.32905],[27.69626,61.32979],[27.64673,61.34389],[27.62756,61.34065],[27.61468,61.34542],[27.59554,61.34317],[27.59118,61.33812],[27.60345,61.31984],[27.61374,61.31746],[27.60832,61.30795],[27.59209,61.31084],[27.58431,61.29982],[27.55735,61.30357],[27.54282,61.28921],[27.56989,61.2809],[27.58923,61.28386],[27.59644,61.28084],[27.57705,61.2632],[27.54389,61.2567],[27.50757,61.2698],[27.46278,61.26806],[27.4303,61.27164],[27.43887,61.25588],[27.43328,61.24769],[27.38931,61.24495],[27.37455,61.24814],[27.36434,61.23935],[27.37961,61.21974],[27.37852,61.21424],[27.38782,61.20225],[27.35878,61.19495],[27.3622,61.1795],[27.3555,61.17355],[27.31551,61.16809],[27.30196,61.17721],[27.26911,61.16562],[27.22915,61.16708],[27.20582,61.16247],[27.2183,61.14279],[27.18687,61.12107],[27.18541,61.11186],[27.17669,61.10694],[27.19019,61.10158],[27.2018,61.10656],[27.21345,61.10326],[27.22849,61.0902],[27.25077,61.09106],[27.25909,61.09464],[27.28085,61.09347],[27.28825,61.10132],[27.30875,61.10565],[27.32784,61.10279],[27.33964,61.10649],[27.36438,61.10139],[27.37017,61.07042],[27.39362,61.0677],[27.41345,61.05578],[27.42437,61.03101],[27.45646,61.01993],[27.46626,61.0253],[27.50248,61.0315],[27.50952,61.02366],[27.53695,61.02321],[27.57279,61.01769],[27.58501,61.03213],[27.59379,61.03597],[27.62163,61.03706],[27.64883,61.03347],[27.64655,61.05148],[27.61718,61.06412],[27.63493,61.07447],[27.63607,61.08637],[27.68694,61.10007],[27.70871,61.10288],[27.69195,61.12889],[27.69471,61.15082],[27.71093,61.14968],[27.73816,61.15531],[27.75585,61.15579],[27.78424,61.16368],[27.79404,61.17501],[27.80165,61.19064],[27.80866,61.21376],[27.82323,61.22464],[27.81365,61.23173],[27.78773,61.23358],[27.77521,61.24209],[27.75419,61.24069],[27.74749,61.25586],[27.75392,61.26421],[27.80203,61.26168],[27.82928,61.24906],[27.84327,61.24883],[27.8527,61.26369],[27.86875,61.27205],[27.86125,61.2776],[27.84292,61.28261],[27.83717,61.29084],[27.8424,61.29924],[27.83584,61.3064],[27.86708,61.32183],[27.8714,61.3305],[27.93116,61.35039]]]},"properties":{"kunta":"739"}},{"type":"Feature","geometry":{"type":"Polygon","coordinates":[[[29.29597,62.38673],[29.26771,62.40769],[29.23081,62.41776],[29.19918,62.40199],[29.17425,62.40742],[29.16079,62.39796],[29.16645,62.38634],[29.18356,62.36868],[29.18363,62.3628],[29.15953,62.35589],[29.15938,62.34315],[29.16824,62.33205],[29.12436,62.32652],[29.08945,62.34298],[29.04091,62.32116],[29.0051,62.32743],[28.98526,62.31061],[28.95995,62.30945],[28.95138,62.29922],[28.97204,62.29058],[28.96146,62.28573],[28.94772,62.29229],[28.93507,62.28601],[28.9509,62.27683],[28.9267,62.25702],[28.91978,62.24939],[28.91284,62.22517],[28.89642,62.21955],[28.91069,62.21222],[28.91162,62.20275],[28.94562,62.20117],[28.95654,62.2066],[28.96977,62.20082],[28.99129,62.19797],[28.99105,62.18855],[29.01973,62.18293],[29.02477,62.17852],[29.0139,62.15743],[29.07921,62.13655],[29.09554,62.1264],[29.07377,62.10242],[29.07555,62.09929],[29.10958,62.10204],[29.12585,62.09759],[29.11518,62.06888],[29.13242,62.06411],[29.11449,62.0557],[29.08767,62.06159],[29.07939,62.06077],[29.09867,62.0426],[29.08778,62.03358],[29.10253,62.02543],[29.0824,62.00686],[29.0756,62.01399],[29.03744,62.02403],[29.02328,62.02063],[29.00295,62.0264],[28.97871,62.00099],[28.96059,62.00804],[28.9562,62.01587],[28.92598,62.01379],[28.93134,62.00287],[28.9157,61.99612],[28.8787,62.00219],[28.86432,62.00921],[28.87855,62.01283],[28.87102,62.02238],[28.8311,62.0318],[28.80949,62.02969],[28.789,62.01975],[28.78562,62.03225],[28.75402,62.03534],[28.7561,62.04185],[28.72631,62.05398],[28.75413,62.05176],[28.78205,62.06304],[28.8236,62.05431],[28.83693,62.06592],[28.77964,62.08352],[28.76707,62.09253],[28.77929,62.10121],[28.76365,62.11917],[28.7498,62.12659],[28.72041,62.13349],[28.69066,62.11988],[28.68508,62.12483],[28.6447,62.139],[28.63158,62.15644],[28.613,62.15797],[28.62352,62.14269],[28.61619,62.14101],[28.58402,62.16165],[28.56246,62.17038],[28.5535,62.18501],[28.54069,62.18978],[28.52355,62.18488],[28.50448,62.20152],[28.47077,62.20125],[28.38908,62.21438],[28.41073,62.20386],[28.41189,62.19555],[28.39093,62.19163],[28.38327,62.17498],[28.3853,62.16211],[28.41219,62.15649],[28.38911,62.14499],[28.4088,62.13496],[28.41862,62.11801],[28.45566,62.12332],[28.50335,62.12114],[28.51374,62.12623],[28.53769,62.11979],[28.56099,62.10876],[28.59331,62.10228],[28.59987,62.08701],[28.61241,62.08493],[28.62484,62.07637],[28.61295,62.05565],[28.63346,62.053],[28.65267,62.02972],[28.62772,62.01829],[28.65646,62.0136],[28.68127,62.01338],[28.67912,61.99429],[28.65616,61.98798],[28.65603,61.97901],[28.67179,61.9689],[28.68359,61.97059],[28.693,61.97789],[28.73931,61.97143],[28.72072,61.95828],[28.67408,61.9518],[28.66255,61.93514],[28.62897,61.93268],[28.62371,61.94531],[28.5942,61.94954],[28.56716,61.94724],[28.5421,61.94077],[28.52508,61.93106],[28.50002,61.93326],[28.47919,61.92784],[28.45288,61.91535],[28.43097,61.91385],[28.41311,61.92251],[28.40375,61.92085],[28.38033,61.93007],[28.37069,61.92464],[28.39823,61.9067],[28.42544,61.89755],[28.41427,61.88842],[28.41391,61.87794],[28.47141,61.86558],[28.50751,61.83054],[28.52746,61.82298],[28.5472,61.82093],[28.57026,61.81081],[28.59384,61.80451],[28.58468,61.79343],[28.59869,61.77422],[28.60284,61.75158],[28.58348,61.74963],[28.55362,61.73826],[28.5594,61.72952],[28.5921,61.71489],[28.59747,61.70953],[28.59207,61.70043],[28.60142,61.69449],[28.61857,61.7004],[28.64219,61.69532],[28.62553,61.6842],[28.60981,61.66221],[28.62787,61.6525],[28.61948,61.64321],[28.65894,61.63988],[28.66753,61.63677],[28.71129,61.63683],[28.74023,61.62155],[28.7589,61.62965],[28.77897,61.6282],[28.79277,61.62348],[28.8026,61.60815],[28.83798,61.60424],[28.85903,61.60538],[28.87084,61.58572],[28.84496,61.58384],[28.83049,61.57734],[28.83405,61.57007],[28.86049,61.56609],[28.90293,61.55071],[28.95605,61.54066],[28.9726,61.53618],[29.00919,61.53686],[29.04901,61.5337],[29.22031,61.56006],[29.26157,61.55777],[29.29488,61.597],[29.4042,61.65387],[29.45846,61.669],[29.53835,61.68389],[29.549,61.69007],[29.55927,61.72207],[29.57072,61.73607],[29.61474,61.75598],[29.63837,61.76063],[29.67586,61.79174],[29.68957,61.82029],[29.68834,61.8377],[29.66541,61.85508],[29.69683,61.8644],[29.61486,61.91333],[29.61622,61.93573],[29.66037,61.9769],[29.61427,61.99842],[29.59502,62.01316],[29.56644,62.02482],[29.57245,62.03013],[29.51401,62.03975],[29.50933,62.03829],[29.48233,62.05669],[29.46879,62.07612],[29.45952,62.08116],[29.42715,62.15838],[29.40727,62.20178],[29.43008,62.23653],[29.39404,62.25035],[29.30752,62.33433],[29.29597,62.38673]]]},"properties":{"kunta":"740"}},{"type":"Feature","geometry":{"type":"Polygon","coordinates":[[[29.65941,67.80296],[29.32709,68.07454],[28.64615,68.1963],[28.61006,68.17413],[27.86642,67.70572],[27.80402,67.64906],[27.43353,67.56198],[27.4146,67.57609],[27.39824,67.5728],[27.40727,67.5625],[27.2219,67.4253],[27.66649,67.32706],[27.7699,67.30439],[27.84691,67.2327],[27.85369,67.23564],[27.88103,67.22614],[27.86252,67.21828],[27.88385,67.19837],[27.87576,67.17544],[27.96442,67.17542],[28.0407,67.17197],[28.11368,67.14484],[28.35983,67.10811],[28.49406,67.12469],[28.67746,67.13944],[28.69454,67.15126],[28.69049,67.15801],[28.8111,67.24082],[28.9349,67.3509],[28.94019,67.38427],[29.0615,67.45908],[29.21235,67.53797],[29.27788,67.60727],[29.48283,67.68397],[29.65941,67.80296]]]},"properties":{"kunta":"742"}},{"type":"Feature","geometry":{"type":"Polygon","coordinates":[[[22.67623,63.08386],[22.61167,63.07407],[22.59478,63.0843],[22.53282,63.06474],[22.55869,63.05064],[22.53385,63.04246],[22.522,63.04948],[22.469,63.00591],[22.47011,62.98563],[22.41736,62.95216],[22.4248,62.9403],[22.3899,62.89546],[22.409,62.86436],[22.35073,62.84095],[22.30262,62.79511],[22.36053,62.8032],[22.41119,62.80397],[22.59911,62.84429],[22.69367,62.87591],[22.73695,62.8713],[22.74637,62.86501],[22.74547,62.85264],[22.75758,62.84498],[22.70653,62.81112],[22.70457,62.79743],[22.71426,62.7886],[22.687,62.7752],[22.7366,62.75991],[22.83093,62.71834],[22.87752,62.68199],[22.8516,62.67934],[22.85208,62.66136],[22.86222,62.65383],[22.83464,62.65237],[22.87257,62.63526],[22.85767,62.6342],[22.87138,62.59192],[22.90751,62.59973],[22.9174,62.59144],[22.93375,62.54941],[22.96263,62.551],[23.04332,62.46854],[23.06141,62.46389],[23.07781,62.42932],[23.09874,62.42212],[23.11917,62.40964],[23.13264,62.38611],[23.10236,62.38697],[23.14452,62.3192],[23.21782,62.33417],[23.22395,62.3483],[23.23596,62.35818],[23.27508,62.4079],[23.33776,62.42508],[23.3678,62.43325],[23.29839,62.49339],[23.31256,62.49719],[23.26485,62.51972],[23.24672,62.53739],[23.2713,62.56398],[23.30779,62.5748],[23.29432,62.58362],[23.27322,62.57999],[23.27557,62.59832],[23.26253,62.61467],[23.21261,62.60647],[23.17621,62.62507],[23.1762,62.63964],[23.19613,62.64444],[23.19014,62.65065],[23.16123,62.65545],[23.20273,62.7241],[23.27126,62.73574],[23.27892,62.77471],[23.23131,62.78261],[23.20698,62.79705],[23.19806,62.81178],[23.18962,62.81649],[23.02819,62.81065],[23.11359,62.8598],[22.95029,62.87382],[22.81779,62.871],[22.83295,62.88627],[22.83164,62.93983],[22.79903,62.98863],[22.80206,63.00209],[22.78412,63.03792],[22.74778,63.05616],[22.69113,63.06404],[22.68764,63.07691],[22.67623,63.08386]]]},"properties":{"kunta":"743"}},{"type":"Feature","geometry":{"type":"Polygon","coordinates":[[[24.63909,63.94676],[24.61108,63.94241],[24.38475,63.99312],[24.35514,64.03018],[24.33733,64.02753],[24.3153,64.01708],[24.30664,64.02212],[24.22376,63.9909],[24.12708,63.98279],[24.17983,63.93831],[24.21712,63.93292],[24.24745,63.87695],[24.28379,63.86239],[24.42552,63.84007],[24.56197,63.68879],[24.61871,63.65089],[24.66192,63.67099],[24.73702,63.70909],[24.92362,63.67031],[24.93551,63.68454],[24.95561,63.75749],[24.96738,63.8006],[24.96732,63.80663],[24.94992,63.82174],[24.92497,63.82988],[24.93356,63.83572],[24.91583,63.85087],[24.86944,63.86658],[24.83919,63.8688],[24.82399,63.86269],[24.82272,63.88165],[24.78251,63.89446],[24.73411,63.92279],[24.69927,63.92334],[24.66087,63.9314],[24.67374,63.93549],[24.67274,63.94162],[24.63909,63.94676]]]},"properties":{"kunta":"746"}},{"type":"Feature","geometry":{"type":"Polygon","coordinates":[[[21.97469,61.97976],[21.74941,62.01586],[21.75211,61.93553],[21.74744,61.9357],[21.72425,61.87517],[21.69363,61.87282],[21.67897,61.81589],[21.72805,61.74792],[21.82395,61.75064],[21.91186,61.76656],[21.97611,61.76709],[22.03992,61.74669],[22.0594,61.77012],[22.08752,61.78266],[22.03486,61.80434],[22.07222,61.83936],[22.10661,61.84242],[22.14498,61.85301],[22.1348,61.85593],[22.17544,61.87884],[22.13819,61.89627],[22.09716,61.92402],[22.00966,61.9344],[21.98053,61.95535],[21.97469,61.97976]]]},"properties":{"kunta":"747"}},{"type":"Feature","geometry":{"type":"Polygon","coordinates":[[[25.00291,64.91312],[24.96411,64.90608],[24.9622,64.89387],[24.93546,64.88223],[24.9055,64.88195],[24.89108,64.88554],[24.84519,64.88386],[24.81403,64.8867],[24.79256,64.87536],[24.75297,64.87576],[24.71665,64.87029],[24.69816,64.86952],[24.68917,64.85954],[24.68742,64.84558],[24.67634,64.83983],[24.66938,64.82523],[24.6701,64.81084],[24.65484,64.80248],[24.64372,64.80777],[24.64476,64.8204],[24.65374,64.82727],[24.63807,64.83413],[24.61424,64.83223],[24.58678,64.82632],[24.54134,64.81399],[24.55403,64.80131],[24.56719,64.79881],[24.58066,64.7854],[24.57877,64.77887],[24.60295,64.7781],[24.62025,64.78534],[24.64761,64.77161],[24.73512,64.70954],[24.76649,64.67598],[24.78775,64.67212],[24.80898,64.66255],[24.7895,64.65075],[24.73636,64.5869],[24.87879,64.55835],[24.92854,64.55675],[24.98944,64.54621],[25.08212,64.51835],[25.15727,64.47597],[25.23775,64.46655],[25.41798,64.41988],[25.42095,64.41581],[25.43761,64.41461],[25.48289,64.42802],[25.44397,64.46139],[25.45025,64.4781],[25.47689,64.5008],[25.42998,64.51864],[25.38061,64.5319],[25.41979,64.5391],[25.39362,64.54992],[25.37955,64.5615],[25.38586,64.56927],[25.39998,64.56951],[25.42901,64.60511],[25.45727,64.61792],[25.4914,64.61835],[25.52027,64.62894],[25.33214,64.66814],[25.31112,64.68375],[25.28652,64.69683],[25.26736,64.69499],[25.16824,64.73418],[25.01504,64.7776],[24.95344,64.81199],[24.98601,64.84324],[25.00291,64.91312]]]},"properties":{"kunta":"748"}},{"type":"Feature","geometry":{"type":"Polygon","coordinates":[[[27.69995,63.25001],[27.67891,63.24648],[27.68777,63.23793],[27.67825,63.22924],[27.65593,63.23554],[27.64825,63.22517],[27.61481,63.22455],[27.64226,63.21189],[27.63423,63.20609],[27.6378,63.19184],[27.63213,63.18188],[27.60047,63.19264],[27.56908,63.1904],[27.55498,63.18573],[27.53749,63.16687],[27.52663,63.16217],[27.48925,63.15567],[27.47218,63.16086],[27.47925,63.14333],[27.47235,63.12363],[27.46178,63.11998],[27.47897,63.11242],[27.49229,63.11228],[27.51718,63.10415],[27.5138,63.08678],[27.49159,63.07481],[27.47712,63.07492],[27.47001,63.06329],[27.44722,63.06528],[27.38891,63.04921],[27.35349,63.05841],[27.35246,63.04902],[27.38326,63.0409],[27.39404,63.0109],[27.42022,62.99358],[27.47131,62.97698],[27.52898,62.96625],[27.52069,62.97819],[27.52592,62.98207],[27.55812,62.97734],[27.55852,62.96983],[27.60051,62.96129],[27.60453,62.97011],[27.63504,62.97239],[27.65624,62.96895],[27.67616,62.97953],[27.69049,62.97615],[27.71171,62.96299],[27.78706,62.97679],[27.79466,62.97124],[27.79189,62.95776],[27.8122,62.95243],[27.83193,62.95187],[27.83156,62.975],[27.824,62.99345],[27.85041,63.00035],[27.90977,62.98158],[27.94917,63.00325],[27.9354,63.01092],[27.87245,63.00994],[27.80746,63.03507],[27.79567,63.04554],[27.82428,63.05001],[27.84306,63.07902],[27.88611,63.08219],[27.85645,63.09203],[27.86283,63.11507],[27.80436,63.14966],[27.81872,63.17357],[27.8278,63.17654],[27.83014,63.18649],[27.81703,63.20668],[27.7924,63.21258],[27.7696,63.22369],[27.72935,63.22874],[27.70879,63.23507],[27.69995,63.25001]]]},"properties":{"kunta":"749"}},{"type":"Feature","geometry":{"type":"MultiPolygon","coordinates":[[[[25.05264,65.61575],[25.02886,65.61538],[25.02623,65.61065],[25.04829,65.60071],[25.05521,65.60242],[25.05264,65.61575]]],[[[24.96823,65.62499],[24.95709,65.62663],[24.93584,65.6217],[24.93424,65.61145],[24.95667,65.60831],[24.95179,65.62007],[24.96823,65.62499]]],[[[24.88917,65.62137],[24.8998,65.62713],[24.89308,65.63417],[24.87282,65.62373],[24.88917,65.62137]]],[[[25.76387,66.08904],[25.5449,66.11624],[25.52594,66.11068],[25.53904,66.10342],[25.49792,66.09131],[25.48218,66.09762],[25.44962,66.08791],[25.22567,65.96153],[25.21544,65.95572],[25.22671,65.92774],[24.96627,65.82571],[24.92052,65.78529],[24.93248,65.78282],[24.91432,65.76813],[24.91329,65.74852],[24.8565,65.76068],[24.83489,65.74251],[24.74741,65.69504],[24.68537,65.66014],[24.67683,65.6591],[24.66045,65.64537],[24.70217,65.63083],[24.71989,65.63648],[24.7188,65.64274],[24.7541,65.66658],[24.77833,65.66089],[24.79089,65.64961],[24.82052,65.66573],[24.83644,65.66046],[24.8496,65.66655],[24.88505,65.66371],[24.89836,65.65877],[24.90619,65.64367],[24.92143,65.63612],[24.94841,65.63085],[24.978,65.63396],[25.0004,65.62725],[25.03304,65.62198],[25.04785,65.62219],[25.06656,65.60562],[25.08465,65.59463],[25.08392,65.58748],[25.12934,65.60733],[25.16256,65.63589],[25.23065,65.66832],[25.30758,65.685],[25.36007,65.72738],[25.4245,65.74257],[25.79024,65.74071],[25.93919,65.77399],[25.681,65.89196],[25.84659,66.01513],[25.76387,66.08904]]]]},"properties":{"kunta":"751"}},{"type":"Feature","geometry":{"type":"MultiPolygon","coordinates":[[[[25.22847,60.23511],[25.21659,60.22882],[25.21776,60.22296],[25.23384,60.22008],[25.24844,60.22284],[25.24307,60.2319],[25.22847,60.23511]]],[[[25.3239,60.24868],[25.29862,60.24718],[25.31547,60.23781],[25.33871,60.23538],[25.34934,60.22481],[25.367,60.23716],[25.34459,60.24017],[25.3239,60.24868]]],[[[25.41547,60.24565],[25.41973,60.22364],[25.4325,60.22252],[25.44545,60.22698],[25.4445,60.23637],[25.44778,60.24582],[25.41547,60.24565]]],[[[25.47727,60.24985],[25.45031,60.24649],[25.44619,60.23757],[25.45249,60.23165],[25.46189,60.23384],[25.47727,60.24985]]],[[[25.51038,60.27317],[25.46591,60.29442],[25.36517,60.37555],[25.36344,60.4061],[25.34318,60.4255],[25.22419,60.50163],[25.1693,60.50623],[25.14897,60.46213],[25.15263,60.44299],[25.15298,60.42911],[25.16359,60.41643],[25.14749,60.40737],[25.1515,60.39366],[25.14539,60.37244],[25.15173,60.35928],[25.13444,60.34849],[25.15241,60.34613],[25.14324,60.33535],[25.10219,60.33525],[25.13565,60.32048],[25.16961,60.31149],[25.19307,60.29225],[25.19025,60.28568],[25.19628,60.28196],[25.22952,60.29784],[25.25289,60.29746],[25.25389,60.28963],[25.22734,60.2611],[25.2328,60.2585],[25.25307,60.2503],[25.28865,60.25585],[25.31216,60.25402],[25.327,60.26047],[25.36175,60.26598],[25.36175,60.2706],[25.38758,60.26892],[25.37763,60.25496],[25.41384,60.25425],[25.42091,60.25925],[25.44208,60.25114],[25.46682,60.25445],[25.48386,60.25039],[25.50709,60.25971],[25.51038,60.27317]]]]},"properties":{"kunta":"753"}},{"type":"Feature","geometry":{"type":"Polygon","coordinates":[[[24.34249,60.2462],[24.3335,60.26467],[24.3057,60.29465],[24.28933,60.28822],[24.24825,60.26119],[24.21855,60.26072],[24.16205,60.22813],[24.14716,60.22383],[24.1307,60.23193],[24.09929,60.22827],[24.08551,60.2303],[24.08203,60.22231],[24.03734,60.20364],[24.04446,60.19184],[24.02276,60.19077],[24.01738,60.18089],[24.01901,60.15156],[24.04581,60.15012],[24.09899,60.14274],[24.13159,60.13073],[24.13623,60.1114],[24.1741,60.13056],[24.20171,60.12828],[24.22897,60.11056],[24.22702,60.10014],[24.25685,60.08029],[24.26524,60.06314],[24.2796,60.05783],[24.29977,60.05528],[24.31762,60.06348],[24.30222,60.06794],[24.29607,60.07391],[24.30897,60.08555],[24.32427,60.08253],[24.34087,60.092],[24.35528,60.1159],[24.32375,60.16261],[24.29281,60.18979],[24.34249,60.2462]]]},"properties":{"kunta":"755"}},{"type":"Feature","geometry":{"type":"Polygon","coordinates":[[[28.64615,68.1963],[28.47898,68.46619],[28.43638,68.45516],[28.38124,68.4514],[28.36877,68.44786],[28.29825,68.44629],[28.28037,68.44941],[28.26424,68.46165],[27.50213,68.34361],[26.19527,68.3142],[25.97562,68.27757],[25.87839,68.09736],[26.00784,67.9388],[25.73783,67.54138],[25.76073,67.43416],[25.60972,67.35219],[25.58882,67.34778],[25.59304,67.3431],[25.48562,67.3038],[25.35002,67.15129],[25.61107,67.1367],[25.61475,67.10501],[25.66199,67.1008],[25.67103,67.13352],[25.90447,67.11993],[26.29282,66.99499],[26.30587,66.99209],[26.35192,66.96759],[26.37263,66.95382],[26.51797,66.94292],[26.76087,67.05233],[26.76723,67.04068],[26.79869,67.03039],[26.81375,67.02963],[26.77558,67.05001],[26.78988,67.06485],[27.01958,67.16709],[27.0411,67.19136],[27.08648,67.33771],[27.11179,67.35107],[27.25269,67.36319],[27.26033,67.39329],[27.2219,67.4253],[27.40727,67.5625],[27.39824,67.5728],[27.4146,67.57609],[27.43353,67.56198],[27.80402,67.64906],[27.86642,67.70572],[28.61006,68.17413],[28.64615,68.1963]]]},"properties":{"kunta":"758"}},{"type":"Feature","geometry":{"type":"Polygon","coordinates":[[[24.30094,62.98835],[24.25858,62.98575],[24.23192,62.98998],[24.22623,63.00485],[24.18045,63.00755],[24.16316,63.00667],[24.17793,62.98769],[24.1283,62.9829],[24.10279,62.98317],[24.09398,62.97926],[24.09285,62.96355],[24.07007,62.97191],[24.0412,62.97356],[24.02894,62.97186],[24.00113,62.89359],[23.99196,62.86092],[24.09679,62.84622],[24.1349,62.84646],[24.14343,62.83122],[24.09895,62.82823],[24.08029,62.80965],[24.07341,62.79262],[24.04366,62.77413],[24.03114,62.74086],[24.03952,62.73648],[24.07942,62.71661],[24.10909,62.71928],[24.11928,62.69551],[24.16394,62.69459],[24.15091,62.71785],[24.20142,62.72866],[24.19913,62.70767],[24.19154,62.70212],[24.23012,62.68578],[24.27731,62.7196],[24.21362,62.73889],[24.23116,62.75412],[24.27967,62.75923],[24.28404,62.75303],[24.2678,62.74179],[24.27172,62.73436],[24.29013,62.72884],[24.36814,62.71705],[24.37373,62.70151],[24.41256,62.70442],[24.42895,62.68869],[24.45299,62.69179],[24.47243,62.67555],[24.50254,62.67907],[24.51959,62.68598],[24.50424,62.71043],[24.48555,62.74022],[24.4288,62.79694],[24.40831,62.81309],[24.3978,62.82688],[24.34198,62.85926],[24.44843,62.87099],[24.44679,62.89602],[24.434,62.90784],[24.3932,62.91615],[24.34297,62.91772],[24.34822,62.9637],[24.33439,62.98297],[24.31106,62.97728],[24.30094,62.98835]]]},"properties":{"kunta":"759"}},{"type":"Feature","geometry":{"type":"MultiPolygon","coordinates":[[[[20.27163,60.22088],[20.25863,60.22316],[20.24322,60.21286],[20.25383,60.2043],[20.27244,60.20817],[20.27163,60.22088]]],[[[20.03085,60.23765],[20.04648,60.2245],[20.0317,60.21304],[20.05586,60.19905],[20.07588,60.21523],[20.08291,60.20814],[20.06652,60.20344],[20.0648,60.19798],[20.08026,60.18661],[20.09247,60.18388],[20.12072,60.19835],[20.12651,60.18784],[20.14522,60.18487],[20.16698,60.17494],[20.17936,60.179],[20.19097,60.19446],[20.19137,60.20172],[20.21997,60.20302],[20.24181,60.21261],[20.23886,60.22319],[20.2145,60.24265],[20.23647,60.23914],[20.25099,60.24262],[20.25465,60.25028],[20.2495,60.26806],[20.25662,60.27064],[20.25836,60.28573],[20.23456,60.29578],[20.21186,60.2992],[20.20905,60.30803],[20.18451,60.29053],[20.17358,60.28933],[20.1285,60.27192],[20.09624,60.26514],[20.06334,60.25138],[20.05506,60.24429],[20.03085,60.23765]]]]},"properties":{"kunta":"771"}},{"type":"Feature","geometry":{"type":"Polygon","coordinates":[[[29.75471,65.49737],[29.74033,65.49618],[29.65091,65.49757],[29.54836,65.50594],[29.50488,65.48802],[29.32032,65.52089],[29.21322,65.51848],[29.21932,65.49356],[29.11611,65.44757],[29.04477,65.43748],[28.95553,65.44738],[28.64692,65.38934],[28.65708,65.37192],[28.6289,65.3538],[28.60436,65.31246],[28.60857,65.28668],[28.48307,65.27678],[28.2854,65.26161],[28.16238,65.25035],[28.03388,65.23856],[27.99564,65.2212],[28.19854,65.20466],[28.22006,65.15751],[28.20533,65.13243],[28.13624,65.10699],[28.12886,65.07705],[28.26089,65.00674],[28.2943,64.89837],[28.55588,64.81843],[28.6724,64.75131],[28.80797,64.70495],[28.87885,64.709],[29.08698,64.67495],[29.11699,64.67225],[29.28177,64.623],[29.347,64.61266],[29.45946,64.56629],[29.48969,64.5993],[29.5091,64.60459],[29.50644,64.61573],[29.53047,64.62301],[29.54742,64.61503],[29.62229,64.63536],[29.96523,64.5904],[29.9894,64.58762],[30.05433,64.61527],[30.11899,64.62591],[30.13011,64.63473],[30.13584,64.649],[30.05366,64.71303],[30.0414,64.74119],[30.09107,64.76495],[30.08651,64.77399],[30.04293,64.79288],[30.00718,64.7915],[29.99579,64.79478],[29.89762,64.79355],[29.86881,64.78979],[29.73963,64.78978],[29.6875,64.81881],[29.6997,64.83722],[29.64491,64.86649],[29.61522,64.91746],[29.61099,64.92731],[29.61918,64.95966],[29.59933,64.99506],[29.61443,65.01279],[29.62698,65.0606],[29.73267,65.09129],[29.83094,65.09192],[29.87183,65.10375],[29.89686,65.10514],[29.81933,65.14428],[29.89359,65.19297],[29.88566,65.2063],[29.85946,65.21516],[29.7641,65.22889],[29.74416,65.2258],[29.70065,65.23084],[29.634,65.23159],[29.60179,65.25993],[29.60928,65.27579],[29.64606,65.28907],[29.74658,65.3474],[29.73136,65.37399],[29.72739,65.40033],[29.73305,65.4725],[29.74896,65.4826],[29.75471,65.49737]]]},"properties":{"kunta":"777"}},{"type":"Feature","geometry":{"type":"Polygon","coordinates":[[[27.48252,62.70579],[27.47701,62.71616],[27.45749,62.71823],[27.43787,62.69994],[27.38055,62.69979],[27.36142,62.70952],[27.32122,62.7139],[27.27575,62.70244],[27.18075,62.74266],[27.12933,62.75558],[27.11706,62.76328],[27.08203,62.7596],[27.05139,62.74817],[27.03027,62.75654],[27.01198,62.75605],[26.97693,62.77848],[26.98123,62.78882],[26.97055,62.81643],[26.90895,62.84995],[26.90135,62.84114],[26.88366,62.83558],[26.87567,62.82478],[26.88127,62.82073],[26.84214,62.80459],[26.91664,62.73601],[26.90668,62.713],[26.92483,62.67518],[26.92387,62.64887],[26.94529,62.63491],[26.91985,62.62546],[26.91867,62.61133],[26.93183,62.60896],[26.96674,62.59407],[26.96172,62.58652],[26.90695,62.59543],[26.911,62.58472],[26.8266,62.58672],[26.84083,62.57627],[26.85709,62.57763],[26.91227,62.5564],[26.88537,62.5413],[26.86481,62.53826],[26.87724,62.52524],[26.90494,62.52259],[26.87948,62.48551],[26.88392,62.4776],[26.90539,62.46575],[26.9363,62.4568],[26.95144,62.44264],[26.9633,62.44537],[26.97185,62.45428],[26.95119,62.47554],[26.95224,62.48146],[26.97051,62.48905],[26.99715,62.46951],[27.06129,62.47132],[27.08142,62.48853],[27.10215,62.48477],[27.11406,62.50621],[27.17021,62.47615],[27.16669,62.45922],[27.19546,62.45595],[27.18937,62.47015],[27.21111,62.47881],[27.25069,62.47982],[27.25104,62.47422],[27.26778,62.46283],[27.2898,62.46386],[27.30253,62.48589],[27.33773,62.49711],[27.34742,62.50845],[27.34451,62.52288],[27.36356,62.53002],[27.38429,62.51429],[27.3856,62.50547],[27.40851,62.50389],[27.4213,62.51869],[27.42544,62.54019],[27.44363,62.54739],[27.46135,62.54196],[27.46018,62.55333],[27.46699,62.56266],[27.45368,62.57365],[27.4791,62.5887],[27.44988,62.61415],[27.48385,62.62223],[27.51148,62.6102],[27.5383,62.60752],[27.53948,62.61523],[27.50949,62.65088],[27.52877,62.66255],[27.50727,62.67882],[27.46898,62.69433],[27.48252,62.70579]]]},"properties":{"kunta":"778"}},{"type":"Feature","geometry":{"type":"Polygon","coordinates":[[[25.77118,61.68507],[25.74277,61.69251],[25.74891,61.70481],[25.7258,61.71092],[25.66437,61.71589],[25.63908,61.69492],[25.60842,61.68069],[25.56702,61.67359],[25.53101,61.67687],[25.50133,61.67686],[25.50664,61.63392],[25.43743,61.48691],[25.4906,61.43828],[25.4712,61.40464],[25.54516,61.32918],[25.60134,61.34308],[25.63218,61.33869],[25.70572,61.34146],[25.74179,61.36463],[25.80747,61.3134],[25.84482,61.33382],[25.86038,61.33481],[25.87743,61.34238],[25.87816,61.35485],[25.87325,61.36507],[25.90341,61.374],[25.91346,61.37398],[25.92932,61.36056],[25.95513,61.36905],[25.99534,61.37584],[26.02388,61.37912],[26.04018,61.37737],[26.05642,61.38968],[26.07737,61.38287],[26.10099,61.37962],[26.12833,61.39626],[26.15113,61.38211],[26.17295,61.39289],[26.16418,61.39438],[26.15315,61.41263],[26.18588,61.41454],[26.181,61.42113],[26.14857,61.43034],[26.12899,61.43021],[26.09295,61.44388],[26.04963,61.47797],[26.01653,61.44378],[25.9759,61.43082],[25.92597,61.43589],[25.87928,61.46907],[25.87005,61.47848],[25.87903,61.49008],[25.92268,61.51962],[25.96189,61.54257],[25.89611,61.56476],[25.93453,61.58368],[25.88016,61.58185],[25.85775,61.57518],[25.84723,61.62723],[25.87485,61.62278],[25.88322,61.63947],[25.86166,61.64876],[25.83791,61.65276],[25.78699,61.65107],[25.77118,61.68507]]]},"properties":{"kunta":"781"}},{"type":"Feature","geometry":{"type":"Polygon","coordinates":[[[22.48034,61.17062],[22.41727,61.19534],[22.27782,61.194],[22.1762,61.25194],[22.16487,61.22324],[22.1419,61.21121],[22.15207,61.20807],[22.15369,61.20048],[22.22073,61.16686],[22.22928,61.13636],[22.21436,61.12419],[22.23613,61.10855],[22.20965,61.09744],[22.25303,60.96753],[22.23076,60.94822],[22.26363,60.92686],[22.27109,60.92204],[22.31311,60.91601],[22.36457,60.93181],[22.41457,60.9358],[22.51967,60.95111],[22.58624,60.93879],[22.52247,60.9764],[22.57908,60.9902],[22.70154,60.98694],[22.59756,61.01541],[22.57161,61.06072],[22.58151,61.06388],[22.51792,61.13907],[22.49936,61.14948],[22.48034,61.17062]]]},"properties":{"kunta":"783"}},{"type":"Feature","geometry":{"type":"Polygon","coordinates":[[[27.39698,64.57188],[27.37878,64.57706],[27.38848,64.58337],[27.34956,64.5969],[27.36849,64.6038],[27.26841,64.62469],[27.25839,64.63312],[27.26904,64.63761],[27.26695,64.66101],[27.23963,64.70035],[27.22561,64.7126],[27.23025,64.7165],[27.26871,64.71238],[27.2793,64.71731],[27.19809,64.77725],[27.11844,64.81477],[27.14809,64.83529],[26.90828,64.75909],[26.89038,64.73374],[26.91108,64.7268],[26.89045,64.71995],[26.9039,64.70063],[26.88433,64.69862],[26.87879,64.69195],[26.86001,64.69014],[26.84053,64.66188],[26.75541,64.64998],[26.74117,64.64419],[26.73257,64.65161],[26.70625,64.646],[26.69469,64.62802],[26.66623,64.64205],[26.6525,64.65506],[26.63397,64.64702],[26.65326,64.63057],[26.65359,64.6259],[26.61222,64.61143],[26.6033,64.6129],[26.57327,64.58976],[26.58339,64.57345],[26.53122,64.575],[26.54651,64.55819],[26.46158,64.56505],[26.34794,64.50809],[26.31471,64.50541],[26.32439,64.49623],[26.29111,64.47906],[26.42553,64.42748],[26.4643,64.39724],[26.48501,64.39934],[26.47889,64.37952],[26.48155,64.37454],[26.463,64.36521],[26.46224,64.35742],[26.54587,64.32001],[26.68082,64.31612],[26.68579,64.31336],[26.68474,64.27636],[26.70569,64.26645],[26.7675,64.26517],[26.74842,64.27854],[26.81381,64.30616],[26.86223,64.30587],[26.88838,64.30155],[26.92605,64.31189],[26.92172,64.3217],[26.94168,64.32707],[26.96409,64.29572],[27.04239,64.28452],[27.18777,64.31032],[27.19184,64.3499],[27.24762,64.38026],[27.25388,64.39088],[27.25123,64.39905],[27.18001,64.44098],[27.18508,64.45589],[27.20548,64.47404],[27.27222,64.48991],[27.29663,64.50186],[27.3479,64.55],[27.39698,64.57188]]]},"properties":{"kunta":"785"}},{"type":"Feature","geometry":{"type":"Polygon","coordinates":[[[22.82407,61.67514],[22.77811,61.69278],[22.75382,61.69759],[22.71405,61.72385],[22.69101,61.70255],[22.6873,61.69908],[22.64717,61.6965],[22.65389,61.68209],[22.64842,61.66774],[22.655,61.65406],[22.68542,61.66064],[22.68952,61.67494],[22.71258,61.66872],[22.71429,61.65355],[22.72493,61.64496],[22.70427,61.62387],[22.66091,61.64165],[22.69605,61.59976],[22.64583,61.58414],[22.64088,61.5612],[22.60272,61.5425],[22.58248,61.54831],[22.43416,61.48892],[22.50918,61.42815],[22.56141,61.41956],[22.57423,61.39688],[22.55838,61.39429],[22.5914,61.34212],[22.55945,61.33092],[22.59911,61.30198],[22.61876,61.29169],[22.64544,61.24662],[22.65333,61.24455],[22.76787,61.24634],[22.84552,61.22939],[22.85606,61.23584],[22.88211,61.22609],[22.87212,61.22264],[22.93422,61.20498],[23.00548,61.18555],[23.04804,61.19411],[23.05663,61.19767],[23.10526,61.19737],[23.16595,61.21042],[23.16671,61.21306],[23.22752,61.20713],[23.23578,61.20911],[23.24185,61.22373],[23.27288,61.22113],[23.27928,61.23825],[23.28733,61.28955],[23.26567,61.3119],[23.22075,61.32841],[23.25642,61.35893],[23.23561,61.3722],[23.18878,61.42659],[23.19026,61.43108],[23.17115,61.43613],[23.20614,61.45374],[23.19442,61.45837],[23.17484,61.45401],[23.13735,61.4633],[23.13948,61.46809],[23.20335,61.47444],[23.20429,61.51871],[23.19363,61.52801],[23.19379,61.53776],[23.12251,61.54367],[23.07427,61.54425],[23.05389,61.56703],[23.07916,61.58477],[23.02659,61.60066],[23.00561,61.59504],[22.98741,61.5837],[22.95933,61.59329],[22.93918,61.58702],[22.89349,61.60983],[22.85273,61.6247],[22.82824,61.65974],[22.82407,61.67514]]]},"properties":{"kunta":"790"}},{"type":"Feature","geometry":{"type":"Polygon","coordinates":[[[26.29111,64.47906],[26.26288,64.46718],[26.21667,64.46268],[25.92645,64.55695],[25.86383,64.52079],[25.82902,64.53528],[25.8077,64.54994],[25.77262,64.55169],[25.78075,64.54238],[25.73993,64.51768],[25.7258,64.52387],[25.70131,64.54214],[25.69898,64.54915],[25.68307,64.55582],[25.61715,64.60455],[25.57612,64.61635],[25.52027,64.62894],[25.4914,64.61835],[25.45727,64.61792],[25.42901,64.60511],[25.39998,64.56951],[25.38586,64.56927],[25.37955,64.5615],[25.39362,64.54992],[25.41979,64.5391],[25.38061,64.5319],[25.42998,64.51864],[25.47689,64.5008],[25.45025,64.4781],[25.44397,64.46139],[25.48289,64.42802],[25.43761,64.41461],[25.42095,64.41581],[25.46293,64.36258],[25.46235,64.35395],[25.48545,64.32626],[25.46859,64.31451],[25.48734,64.31039],[25.54014,64.26709],[25.5472,64.24878],[25.64991,64.20032],[25.6581,64.20109],[25.69127,64.16996],[25.68348,64.15649],[25.72723,64.14066],[25.7773,64.11064],[25.78741,64.10507],[25.90341,64.08161],[25.93688,64.07409],[25.96698,64.07355],[26.10187,64.03524],[26.09953,64.01932],[26.13987,64.01024],[26.14937,64.01579],[26.18882,63.99511],[26.21367,64.02242],[26.20026,64.02951],[26.17562,64.02297],[26.1701,64.03537],[26.19392,64.03581],[26.22832,64.04295],[26.22713,64.05299],[26.2059,64.04835],[26.19224,64.07835],[26.22699,64.09064],[26.2068,64.0999],[26.18853,64.10183],[26.14835,64.11592],[26.13777,64.12725],[26.14227,64.13559],[26.2023,64.15275],[26.24239,64.14462],[26.28313,64.16487],[26.29237,64.16066],[26.31753,64.17135],[26.32192,64.20064],[26.34245,64.19903],[26.35017,64.19394],[26.3772,64.19151],[26.40687,64.2134],[26.3974,64.2289],[26.43399,64.22827],[26.43769,64.22424],[26.46109,64.22278],[26.49519,64.23967],[26.53356,64.23589],[26.62786,64.21403],[26.77087,64.21602],[26.7675,64.26517],[26.70569,64.26645],[26.68474,64.27636],[26.68579,64.31336],[26.68082,64.31612],[26.54587,64.32001],[26.46224,64.35742],[26.463,64.36521],[26.48155,64.37454],[26.47889,64.37952],[26.48501,64.39934],[26.4643,64.39724],[26.42553,64.42748],[26.29111,64.47906]]]},"properties":{"kunta":"791"}},{"type":"Feature","geometry":{"type":"Polygon","coordinates":[[[28.39794,61.28469],[28.34835,61.32596],[28.31014,61.33729],[28.27981,61.36416],[28.2522,61.37969],[28.13343,61.36439],[28.10059,61.36258],[28.05986,61.35555],[27.95786,61.35338],[27.93116,61.35039],[27.8714,61.3305],[27.86708,61.32183],[27.83584,61.3064],[27.8424,61.29924],[27.83717,61.29084],[27.84292,61.28261],[27.86125,61.2776],[27.86875,61.27205],[27.8527,61.26369],[27.84327,61.24883],[27.82928,61.24906],[27.80203,61.26168],[27.75392,61.26421],[27.74749,61.25586],[27.75419,61.24069],[27.77521,61.24209],[27.78773,61.23358],[27.81365,61.23173],[27.82323,61.22464],[27.80866,61.21376],[27.80165,61.19064],[27.79404,61.17501],[27.78424,61.16368],[27.79601,61.15574],[27.81184,61.16321],[27.85011,61.16972],[27.84334,61.15452],[27.86839,61.15386],[27.87625,61.15075],[27.86204,61.13891],[27.88158,61.12499],[27.88703,61.13335],[27.90216,61.14128],[27.91656,61.12375],[27.93448,61.1307],[27.94692,61.12288],[27.9488,61.11063],[27.97322,61.10282],[27.98026,61.09733],[27.98325,61.06757],[27.99111,61.06153],[28.01367,61.06767],[28.0525,61.08329],[28.05001,61.09528],[28.06626,61.10183],[28.06905,61.11255],[28.09024,61.10883],[28.11123,61.09205],[28.12806,61.09626],[28.13447,61.1042],[28.16251,61.09504],[28.15943,61.11035],[28.14263,61.11833],[28.13517,61.12972],[28.15653,61.13261],[28.17141,61.12673],[28.19524,61.10138],[28.20682,61.10721],[28.23483,61.1102],[28.23561,61.11754],[28.2604,61.12912],[28.29831,61.13269],[28.30715,61.12284],[28.33115,61.12941],[28.34699,61.14321],[28.40919,61.17621],[28.31569,61.20849],[28.3022,61.24058],[28.30911,61.24744],[28.39794,61.28469]]]},"properties":{"kunta":"831"}},{"type":"Feature","geometry":{"type":"Polygon","coordinates":[[[29.21322,65.51848],[29.15715,65.53158],[29.0223,65.58937],[28.9319,65.64673],[28.84957,65.59947],[28.72986,65.60612],[28.6668,65.62129],[28.64971,65.64105],[28.64433,65.74082],[28.60194,65.77837],[28.56876,65.83821],[28.5132,65.84621],[28.46719,65.84543],[28.2235,65.80059],[28.16212,65.808],[28.14351,65.81492],[27.7611,65.82732],[27.73291,65.79156],[27.71254,65.78077],[27.76358,65.76483],[27.80385,65.66485],[27.82412,65.65359],[27.77699,65.50735],[27.81348,65.48044],[27.82275,65.43025],[27.866,65.4085],[27.98263,65.40324],[28.13943,65.337],[28.16238,65.25035],[28.2854,65.26161],[28.48307,65.27678],[28.60857,65.28668],[28.60436,65.31246],[28.6289,65.3538],[28.65708,65.37192],[28.64692,65.38934],[28.95553,65.44738],[29.04477,65.43748],[29.11611,65.44757],[29.21932,65.49356],[29.21322,65.51848]]]},"properties":{"kunta":"832"}},{"type":"Feature","geometry":{"type":"MultiPolygon","coordinates":[[[[21.56558,60.5029],[21.57528,60.51381],[21.57243,60.52172],[21.54803,60.52581],[21.5592,60.50118],[21.54149,60.50783],[21.53399,60.51607],[21.52229,60.51049],[21.52557,60.50503],[21.51671,60.49579],[21.53337,60.49353],[21.54929,60.48444],[21.55788,60.48849],[21.56558,60.5029]]],[[[21.58727,60.51446],[21.59709,60.52542],[21.58165,60.53921],[21.56104,60.54414],[21.56397,60.52925],[21.57502,60.52512],[21.57589,60.51818],[21.58727,60.51446]]],[[[21.48083,60.53666],[21.49347,60.53242],[21.51326,60.53205],[21.51655,60.5235],[21.53136,60.52266],[21.52504,60.5381],[21.5178,60.54614],[21.49418,60.55362],[21.4799,60.54543],[21.48083,60.53666]]],[[[21.55584,60.53175],[21.55097,60.55108],[21.54219,60.55572],[21.52533,60.55527],[21.52528,60.548],[21.53521,60.5366],[21.55584,60.53175]]],[[[21.74031,60.55462],[21.74774,60.55886],[21.74743,60.57103],[21.73135,60.57223],[21.72522,60.55788],[21.74031,60.55462]]],[[[21.7489,60.58489],[21.74327,60.58462],[21.73977,60.58189],[21.75444,60.58268],[21.7489,60.58489]]],[[[21.58874,60.62131],[21.57771,60.62004],[21.54824,60.62416],[21.50149,60.61723],[21.50258,60.62746],[21.47828,60.63029],[21.46316,60.62498],[21.43896,60.62853],[21.42197,60.63063],[21.41909,60.62238],[21.43856,60.61338],[21.42935,60.60172],[21.44823,60.59407],[21.46456,60.58143],[21.47826,60.5839],[21.50463,60.57745],[21.51671,60.59655],[21.52554,60.5956],[21.51543,60.58012],[21.53582,60.56877],[21.55432,60.56543],[21.56817,60.55954],[21.5711,60.5473],[21.5861,60.54177],[21.60412,60.52956],[21.6094,60.52028],[21.59272,60.51764],[21.57561,60.50281],[21.57497,60.49786],[21.60804,60.49621],[21.63864,60.50546],[21.65746,60.51751],[21.66805,60.53489],[21.66652,60.54206],[21.68064,60.5471],[21.68176,60.55922],[21.66609,60.56334],[21.68095,60.57206],[21.67549,60.58097],[21.68313,60.58807],[21.69697,60.58621],[21.72226,60.59365],[21.70806,60.6071],[21.67379,60.62657],[21.66129,60.62337],[21.64975,60.61384],[21.6145,60.60753],[21.58874,60.62131]]]]},"properties":{"kunta":"833"}},{"type":"Feature","geometry":{"type":"Polygon","coordinates":[[[24.06324,60.79346],[24.02972,60.82326],[24.04713,60.82607],[24.0599,60.83478],[23.98877,60.87964],[24.0218,60.9284],[23.95362,60.94652],[23.97053,60.95675],[23.94281,60.95957],[23.88056,60.97399],[23.85657,60.97154],[23.86491,60.95361],[23.83937,60.93971],[23.82296,60.9307],[23.76632,60.93493],[23.75548,60.93814],[23.71101,60.90196],[23.72004,60.89113],[23.7012,60.88001],[23.6768,60.88233],[23.64771,60.87636],[23.66531,60.8687],[23.67548,60.8293],[23.67273,60.82221],[23.70441,60.81895],[23.70201,60.80527],[23.67291,60.80071],[23.64988,60.78434],[23.63454,60.77953],[23.55046,60.78893],[23.53525,60.78392],[23.52871,60.76947],[23.50734,60.76114],[23.50214,60.74399],[23.50033,60.72744],[23.52945,60.71839],[23.53925,60.70432],[23.57588,60.69432],[23.62592,60.6938],[23.68156,60.68323],[23.67289,60.67073],[23.68415,60.65724],[23.71383,60.66379],[23.74791,60.65326],[23.81419,60.65608],[23.88671,60.64965],[23.90051,60.64976],[23.91787,60.65384],[23.93242,60.64562],[23.96145,60.63808],[23.97133,60.6382],[24.00544,60.64354],[24.04107,60.64452],[24.04675,60.64232],[24.04757,60.75882],[24.0569,60.79132],[24.06324,60.79346]]]},"properties":{"kunta":"834"}},{"type":"Feature","geometry":{"type":"Polygon","coordinates":[[[24.09079,61.79285],[23.99989,61.78716],[23.8993,61.81642],[23.85552,61.83661],[23.80786,61.82159],[23.803,61.79426],[23.78267,61.78898],[23.76749,61.77259],[23.75552,61.74948],[23.76445,61.73468],[23.7793,61.72575],[23.75696,61.69055],[23.7263,61.68618],[23.72133,61.67102],[23.72438,61.64817],[23.7483,61.60571],[23.76324,61.53988],[23.72284,61.53726],[23.70684,61.53988],[23.68254,61.53667],[23.67239,61.5423],[23.65352,61.53015],[23.60577,61.52303],[23.58576,61.51609],[23.57619,61.52349],[23.55196,61.52805],[23.5423,61.53334],[23.55488,61.5153],[23.5724,61.50408],[23.56692,61.49309],[23.59045,61.49314],[23.61314,61.47779],[23.66743,61.48746],[23.69639,61.48134],[23.70779,61.48724],[23.72565,61.48409],[23.71843,61.47334],[23.7258,61.46889],[23.73405,61.43883],[23.74112,61.43216],[23.77931,61.43185],[23.77723,61.42339],[23.82219,61.42977],[23.89019,61.42737],[23.93276,61.4744],[23.94173,61.5055],[23.96343,61.50183],[23.97701,61.50295],[23.96997,61.52227],[24.05172,61.60457],[24.11852,61.62719],[24.0946,61.63507],[24.08938,61.64222],[24.10251,61.6657],[24.1013,61.68386],[24.0784,61.71498],[24.11527,61.7327],[24.08989,61.77611],[24.09079,61.79285]]]},"properties":{"kunta":"837"}},{"type":"Feature","geometry":{"type":"Polygon","coordinates":[[[26.95662,63.11769],[26.90397,63.11103],[26.87872,63.12826],[26.86353,63.13144],[26.84374,63.12747],[26.85815,63.10915],[26.91002,63.09253],[26.89487,63.08922],[26.87645,63.08004],[26.81889,63.08003],[26.81265,63.07469],[26.78599,63.06889],[26.76143,63.07257],[26.75054,63.0691],[26.72538,63.04685],[26.6997,63.05459],[26.67529,63.04858],[26.62609,63.05096],[26.60684,63.04207],[26.62274,63.02032],[26.54363,62.99881],[26.55914,62.99253],[26.53429,62.98614],[26.61375,62.95538],[26.65756,62.92521],[26.68135,62.89818],[26.66217,62.88453],[26.638,62.88069],[26.6672,62.84916],[26.68776,62.83971],[26.72084,62.83591],[26.73365,62.84118],[26.78453,62.81444],[26.79355,62.80013],[26.80307,62.79628],[26.8344,62.81017],[26.84214,62.80459],[26.88127,62.82073],[26.87567,62.82478],[26.88366,62.83558],[26.90135,62.84114],[26.90895,62.84995],[26.9266,62.89773],[26.92431,62.90781],[26.94011,62.9158],[26.91184,62.95383],[26.89623,62.95659],[26.89013,62.96384],[26.90482,62.97672],[26.8955,62.98903],[26.94185,62.99607],[26.96169,62.98655],[26.97945,62.98327],[26.99404,62.99005],[27.02834,62.99165],[27.02533,63.00277],[27.04736,63.00538],[27.07504,62.99992],[27.07221,63.01018],[27.09125,63.01531],[27.12556,63.0055],[27.14211,63.01461],[27.10121,63.03184],[27.08998,63.03026],[27.07745,63.04376],[27.08052,63.05245],[27.00311,63.07916],[26.97828,63.09453],[26.95662,63.11769]]]},"properties":{"kunta":"844"}},{"type":"Feature","geometry":{"type":"Polygon","coordinates":[[[26.06732,66.15913],[25.77463,66.21379],[25.54446,66.20972],[25.33933,66.20982],[25.21688,66.24015],[25.019,66.28748],[24.80164,66.33764],[24.79182,66.33224],[24.7378,66.3034],[24.62592,66.24719],[24.49408,66.18576],[24.50133,66.15796],[24.49691,66.15727],[24.50956,66.03044],[24.59213,66.01587],[24.70213,65.97125],[24.71416,65.96242],[25.04005,65.9747],[25.0395,65.94747],[25.0633,65.95264],[25.0809,65.95008],[25.08163,65.94379],[25.10759,65.9443],[25.10614,65.95753],[25.12422,65.96394],[25.22567,65.96153],[25.44962,66.08791],[25.48218,66.09762],[25.49792,66.09131],[25.53904,66.10342],[25.52594,66.11068],[25.5449,66.11624],[25.76387,66.08904],[26.05928,66.14281],[26.06732,66.15913]]]},"properties":{"kunta":"845"}},{"type":"Feature","geometry":{"type":"Polygon","coordinates":[[[22.04152,62.54144],[22.06313,62.54481],[22.11138,62.56372],[22.11113,62.59771],[22.09962,62.60542],[22.01817,62.60771],[21.96952,62.6233],[21.94236,62.6153],[21.93597,62.58681],[21.90417,62.58877],[21.903,62.60376],[21.88635,62.60862],[21.86804,62.59915],[21.80614,62.6017],[21.7994,62.59427],[21.78188,62.59692],[21.81255,62.61463],[21.81842,62.62413],[21.80872,62.62965],[21.79009,62.61774],[21.76985,62.61188],[21.75765,62.61476],[21.75568,62.6243],[21.72355,62.62986],[21.72192,62.61827],[21.70581,62.6113],[21.67518,62.61534],[21.66709,62.62138],[21.6995,62.62056],[21.70268,62.6352],[21.66224,62.64005],[21.65376,62.63737],[21.64665,62.62157],[21.62535,62.61071],[21.59177,62.60544],[21.59553,62.55847],[21.6148,62.5543],[21.60334,62.53089],[21.54536,62.4472],[21.55413,62.4243],[21.55496,62.4222],[21.56462,62.41471],[21.64647,62.40185],[21.87563,62.3619],[21.9859,62.46584],[22.00958,62.52431],[22.01321,62.53704],[22.04152,62.54144]]]},"properties":{"kunta":"846"}},{"type":"Feature","geometry":{"type":"Polygon","coordinates":[[[30.78918,62.2508],[30.72297,62.32961],[30.68879,62.32419],[30.66611,62.35469],[30.61996,62.34871],[30.61259,62.35905],[30.56999,62.37257],[30.55557,62.35682],[30.51363,62.35405],[30.40714,62.33718],[30.37682,62.35618],[30.32643,62.3647],[30.31675,62.35828],[30.27701,62.35],[30.24073,62.41635],[30.21197,62.41249],[30.20813,62.40146],[30.19044,62.39285],[30.17157,62.40172],[30.16106,62.39397],[30.12125,62.3882],[30.07105,62.39979],[30.03847,62.3882],[29.97378,62.38031],[29.96936,62.37511],[29.94964,62.37025],[29.99224,62.36362],[30.0352,62.28764],[29.98092,62.289],[29.96339,62.28339],[29.96919,62.26998],[29.98533,62.26434],[30.00509,62.2443],[30.04365,62.25395],[30.07297,62.25705],[30.07816,62.23856],[30.1036,62.22936],[30.1172,62.2349],[30.14018,62.23428],[30.15095,62.23918],[30.17545,62.23939],[30.18809,62.23568],[30.21687,62.19816],[30.21794,62.1875],[30.20571,62.18385],[30.22312,62.17199],[30.22467,62.13229],[30.25672,62.14094],[30.27406,62.13534],[30.29637,62.13785],[30.29324,62.12055],[30.31294,62.11676],[30.33164,62.12032],[30.35763,62.10968],[30.37303,62.10737],[30.39778,62.09362],[30.38762,62.0851],[30.40461,62.07052],[30.44827,62.06215],[30.46552,62.06106],[30.48309,62.06384],[30.60286,62.14177],[30.63577,62.17365],[30.62867,62.18878],[30.65705,62.2089],[30.7203,62.20888],[30.74475,62.22668],[30.76626,62.23584],[30.78918,62.2508]]]},"properties":{"kunta":"848"}},{"type":"Feature","geometry":{"type":"Polygon","coordinates":[[[24.24745,63.87695],[24.19943,63.88071],[24.17838,63.87917],[24.18214,63.8725],[24.16144,63.86329],[24.11083,63.87126],[24.02657,63.82856],[24.00791,63.8252],[24.00814,63.81906],[23.98954,63.80967],[23.99466,63.80003],[23.97537,63.78984],[24.01533,63.76924],[23.98521,63.75626],[24.15933,63.67459],[24.2277,63.64737],[24.21039,63.63936],[24.26994,63.61059],[24.25033,63.59829],[24.2505,63.5942],[24.28823,63.5903],[24.33082,63.60109],[24.40855,63.566],[24.45913,63.59127],[24.48108,63.59632],[24.47085,63.60453],[24.56503,63.63717],[24.61871,63.65089],[24.56197,63.68879],[24.42552,63.84007],[24.28379,63.86239],[24.24745,63.87695]]]},"properties":{"kunta":"849"}},{"type":"Feature","geometry":{"type":"Polygon","coordinates":[[[26.33096,62.21324],[26.24455,62.22404],[26.19433,62.22249],[26.13421,62.23586],[26.12101,62.23045],[26.07954,62.18884],[26.04862,62.18128],[26.05045,62.17024],[25.97778,62.16967],[25.94082,62.13698],[25.9609,62.07465],[25.91276,62.08995],[25.86209,62.13338],[25.8522,62.13499],[25.82011,62.12748],[25.80392,62.1282],[25.79535,62.11346],[25.79521,62.09444],[25.79522,62.08287],[25.76799,62.06355],[25.77037,62.0491],[25.836,62.04446],[25.95145,61.99747],[25.97501,62.0249],[25.97646,62.03583],[26.02777,62.03587],[26.07449,62.03074],[26.07376,62.02639],[26.09103,62.01089],[26.09934,62.0109],[26.1161,61.9966],[26.16331,62.03848],[26.24825,62.03781],[26.29196,62.04322],[26.33167,62.03679],[26.22072,62.11856],[26.31595,62.20047],[26.33096,62.21324]]]},"properties":{"kunta":"850"}},{"type":"Feature","geometry":{"type":"Polygon","coordinates":[[[24.50956,66.03044],[24.49691,66.15727],[24.50133,66.15796],[24.49408,66.18576],[24.62592,66.24719],[24.7378,66.3034],[24.79182,66.33224],[24.23753,66.25251],[24.20309,66.26965],[24.1887,66.26563],[24.19258,66.25398],[24.20539,66.2478],[23.88631,66.19894],[23.88479,66.18548],[23.8959,66.17433],[23.89186,66.16767],[23.91854,66.16127],[23.92987,66.14994],[23.91391,66.13618],[23.94151,66.12015],[23.94582,66.10455],[23.93663,66.09119],[23.93826,66.07682],[23.97484,66.05811],[23.99675,66.03517],[24.04544,66.00186],[24.05302,65.97474],[24.04005,65.96975],[24.0536,65.95159],[24.07427,65.94449],[24.088,65.93146],[24.1083,65.93163],[24.11763,65.92711],[24.10998,65.91359],[24.11544,65.89881],[24.1328,65.88805],[24.15317,65.86258],[24.13163,65.86314],[24.12522,65.85148],[24.14461,65.84098],[24.15532,65.8155],[24.13376,65.79668],[24.12963,65.78452],[24.14439,65.78017],[24.14503,65.76864],[24.15707,65.75247],[24.19135,65.75698],[24.19583,65.76561],[24.2209,65.76641],[24.23658,65.7729],[24.23528,65.78052],[24.21964,65.78434],[24.23383,65.79226],[24.2574,65.79696],[24.28296,65.79278],[24.3068,65.79569],[24.31117,65.80435],[24.33277,65.79249],[24.35819,65.78434],[24.39441,65.78042],[24.39795,65.77634],[24.43124,65.76923],[24.43065,65.76409],[24.43619,65.76716],[24.46036,65.79784],[24.48073,65.81125],[24.50297,65.84129],[24.51716,65.84713],[24.52515,65.86142],[24.52311,65.87362],[24.50956,66.03044]]]},"properties":{"kunta":"851"}},{"type":"Feature","geometry":{"type":"MultiPolygon","coordinates":[[[[22.29462,60.37707],[22.26246,60.37568],[22.22586,60.36941],[22.21918,60.37037],[22.15186,60.36024],[22.16243,60.35301],[22.16668,60.34376],[22.19426,60.34113],[22.23949,60.34951],[22.28521,60.35425],[22.30588,60.35897],[22.30208,60.37268],[22.29462,60.37707]]],[[[22.14142,60.38191],[22.11825,60.37272],[22.12022,60.358],[22.13156,60.3577],[22.18268,60.36716],[22.21052,60.3708],[22.22126,60.38301],[22.1784,60.38126],[22.14142,60.38191]]],[[[22.28058,60.38189],[22.27526,60.38796],[22.23857,60.38474],[22.26133,60.37698],[22.28058,60.38189]]],[[[22.21828,60.43188],[22.19938,60.42973],[22.16342,60.41735],[22.14618,60.40624],[22.15682,60.39715],[22.17224,60.39001],[22.17116,60.38546],[22.20427,60.3878],[22.22206,60.38491],[22.24999,60.39185],[22.24568,60.39781],[22.2586,60.40399],[22.25186,60.41585],[22.23064,60.42284],[22.21828,60.43188]]],[[[22.2014,60.443],[22.1871,60.43874],[22.16409,60.43907],[22.14847,60.43169],[22.12522,60.43443],[22.10881,60.42578],[22.11206,60.41059],[22.13381,60.42049],[22.15279,60.42581],[22.17326,60.42276],[22.20529,60.43609],[22.2014,60.443]]],[[[22.36528,60.47831],[22.37254,60.48646],[22.35321,60.49336],[22.38221,60.52542],[22.37358,60.5298],[22.37236,60.54744],[22.40599,60.58846],[22.43009,60.60241],[22.44571,60.64091],[22.45383,60.655],[22.45124,60.69005],[22.415,60.73729],[22.38802,60.63048],[22.37395,60.61779],[22.32413,60.59219],[22.30207,60.57082],[22.28545,60.5347],[22.26492,60.51755],[22.22903,60.52455],[22.22131,60.52315],[22.23365,60.51073],[22.24586,60.50502],[22.2494,60.50331],[22.20844,60.48286],[22.19015,60.46115],[22.13628,60.46463],[22.12578,60.46294],[22.11875,60.44655],[22.13393,60.44633],[22.13672,60.43989],[22.15844,60.44335],[22.1778,60.44237],[22.20163,60.44621],[22.21657,60.43459],[22.23011,60.43243],[22.2389,60.42295],[22.25049,60.42118],[22.27247,60.40681],[22.28449,60.4058],[22.363,60.43006],[22.36878,60.44067],[22.35112,60.46141],[22.33113,60.47111],[22.34032,60.47829],[22.36528,60.47831]]]]},"properties":{"kunta":"853"}},{"type":"Feature","geometry":{"type":"Polygon","coordinates":[[[24.87021,66.93788],[24.20331,66.99146],[24.15875,67.00952],[24.06585,67.00816],[24.04634,67.00357],[23.98788,67.00686],[23.77788,67.00326],[23.78438,66.99693],[23.81461,66.97859],[23.82794,66.96156],[23.86214,66.9515],[23.86467,66.91873],[23.9015,66.9008],[23.92097,66.8869],[23.9357,66.88349],[23.94742,66.86814],[23.96698,66.85197],[23.9696,66.84399],[23.99535,66.8212],[23.98752,66.80248],[23.97673,66.7983],[23.9753,66.7879],[23.95609,66.78528],[23.92375,66.79654],[23.91113,66.79541],[23.91574,66.77187],[23.88417,66.76577],[23.87753,66.75699],[23.88863,66.74106],[23.90781,66.72118],[23.89492,66.71102],[23.88676,66.67523],[23.87465,66.67146],[23.865,66.65525],[23.87082,66.64614],[23.87103,66.62872],[23.88519,66.61539],[23.87602,66.60011],[23.87691,66.57865],[23.86267,66.57001],[23.85283,66.55588],[23.78961,66.53737],[23.78327,66.53194],[23.79708,66.52112],[23.81343,66.51946],[23.82431,66.50384],[23.88671,66.49186],[23.94538,66.46542],[24.09691,66.49919],[24.08315,66.52027],[24.12021,66.52487],[24.14118,66.5082],[24.18589,66.51254],[24.17689,66.51792],[24.22705,66.53417],[24.21184,66.54407],[24.1673,66.56347],[24.19618,66.56707],[24.21512,66.55171],[24.24446,66.54453],[24.29981,66.55002],[24.28578,66.56959],[24.32256,66.58458],[24.32316,66.59792],[24.33542,66.60035],[24.36542,66.59635],[24.39203,66.60103],[24.42021,66.61615],[24.4472,66.62294],[24.46568,66.62251],[24.46662,66.63696],[24.52667,66.62811],[24.52061,66.64465],[24.54178,66.65282],[24.55311,66.66951],[24.56448,66.67149],[24.62197,66.66957],[24.61419,66.67957],[24.6188,66.6879],[24.61147,66.69539],[24.65821,66.71017],[24.69301,66.68765],[24.71112,66.70661],[24.69162,66.7247],[24.69026,66.73559],[24.71446,66.74566],[24.75,66.75625],[24.84607,66.76571],[24.94871,66.75421],[24.93354,66.73566],[24.97294,66.73692],[24.96605,66.7541],[24.98805,66.75438],[24.96195,66.79288],[24.87021,66.93788]]]},"properties":{"kunta":"854"}},{"type":"Feature","geometry":{"type":"Polygon","coordinates":[[[28.74441,62.81238],[28.72176,62.81642],[28.7018,62.82972],[28.71117,62.83849],[28.66079,62.87442],[28.65811,62.8852],[28.58648,62.89657],[28.58494,62.90398],[28.5603,62.9157],[28.55094,62.9154],[28.52324,62.92852],[28.48093,62.93494],[28.47152,62.94189],[28.44357,62.94821],[28.43132,62.96118],[28.41365,62.96444],[28.38595,62.96386],[28.39165,62.95276],[28.37047,62.94586],[28.27353,62.94224],[28.3025,62.93605],[28.30701,62.92856],[28.28959,62.92768],[28.2717,62.91956],[28.30011,62.9126],[28.29295,62.89925],[28.27029,62.9027],[28.26738,62.89713],[28.30078,62.88968],[28.29055,62.88175],[28.24594,62.88981],[28.24323,62.88566],[28.25665,62.87503],[28.24964,62.87079],[28.19014,62.88974],[28.18103,62.88452],[28.16309,62.88461],[28.16669,62.8765],[28.18711,62.86918],[28.20934,62.85479],[28.21015,62.84789],[28.20005,62.84124],[28.23062,62.82376],[28.2654,62.81032],[28.3219,62.834],[28.3351,62.81584],[28.33841,62.80616],[28.32314,62.79568],[28.3041,62.7924],[28.25008,62.76887],[28.27113,62.76883],[28.31574,62.78381],[28.33259,62.77436],[28.33955,62.76437],[28.31233,62.76678],[28.29166,62.76436],[28.31864,62.73938],[28.33051,62.73698],[28.3713,62.70215],[28.36243,62.69796],[28.31209,62.65153],[28.36852,62.63193],[28.35728,62.62242],[28.36079,62.61242],[28.39178,62.61098],[28.43073,62.60366],[28.46697,62.58316],[28.48684,62.5885],[28.53674,62.58415],[28.56076,62.59699],[28.57767,62.58009],[28.6242,62.59971],[28.62597,62.6061],[28.5987,62.61044],[28.63374,62.62118],[28.64288,62.64895],[28.65515,62.65702],[28.65502,62.66827],[28.70288,62.69426],[28.64402,62.7282],[28.63271,62.74398],[28.64256,62.76079],[28.68056,62.77632],[28.70021,62.77264],[28.71701,62.77333],[28.74769,62.79911],[28.74441,62.81238]]]},"properties":{"kunta":"857"}},{"type":"Feature","geometry":{"type":"Polygon","coordinates":[[[25.04534,60.57686],[25.02571,60.57798],[25.02458,60.56907],[24.98963,60.56549],[24.96482,60.57061],[24.91216,60.55562],[24.91185,60.54371],[24.92729,60.53628],[24.93361,60.5188],[24.94249,60.51547],[24.97403,60.52529],[24.96348,60.50087],[24.96442,60.49257],[24.93604,60.46118],[24.93201,60.45009],[24.90146,60.43584],[24.89439,60.42014],[24.86894,60.40125],[24.86761,60.39489],[24.87672,60.38473],[24.95459,60.33245],[25.00389,60.33325],[25.03765,60.3423],[25.04922,60.34884],[25.02118,60.36787],[25.0313,60.37158],[25.0644,60.36959],[25.07624,60.3729],[25.08626,60.3804],[25.08054,60.41271],[25.08369,60.42604],[25.15263,60.44299],[25.14897,60.46213],[25.13211,60.45624],[25.12309,60.44743],[25.09781,60.44404],[25.0505,60.44864],[25.04354,60.45752],[25.05968,60.46184],[25.04066,60.47576],[25.04103,60.48229],[25.0566,60.48965],[25.03853,60.51202],[25.07159,60.51354],[25.10119,60.51147],[25.118,60.50761],[25.14175,60.50598],[25.15077,60.51673],[25.04534,60.57686]]]},"properties":{"kunta":"858"}},{"type":"Feature","geometry":{"type":"Polygon","coordinates":[[[25.75045,64.889],[25.7283,64.90446],[25.65534,64.84685],[25.63454,64.84299],[25.5802,64.84313],[25.55533,64.84887],[25.5562,64.83443],[25.54355,64.82349],[25.53155,64.82127],[25.52783,64.80677],[25.55787,64.80166],[25.56522,64.79625],[25.60592,64.74272],[25.60798,64.72648],[25.5359,64.73196],[25.52657,64.73023],[25.51887,64.71358],[25.50105,64.70685],[25.53972,64.68546],[25.58096,64.62638],[25.59132,64.63048],[25.62481,64.62522],[25.63898,64.6251],[25.69471,64.61043],[25.70862,64.60248],[25.7159,64.58575],[25.7258,64.5826],[25.75107,64.59054],[25.73776,64.59764],[25.739,64.62246],[25.70452,64.62791],[25.667,64.62723],[25.7559,64.66231],[25.7911,64.65113],[25.81936,64.63735],[25.89274,64.62136],[25.92161,64.60465],[25.91008,64.60022],[25.93236,64.59303],[25.94436,64.60014],[25.98779,64.59211],[25.96188,64.57727],[25.98586,64.56958],[26.00439,64.58026],[26.03162,64.57023],[26.06534,64.56274],[26.07402,64.5716],[26.09988,64.56393],[26.10498,64.57235],[26.12818,64.58551],[25.93463,64.64875],[25.95599,64.66096],[26.0021,64.68733],[25.96837,64.71126],[25.99411,64.71788],[25.75045,64.889]]]},"properties":{"kunta":"859"}},{"type":"Feature","geometry":{"type":"Polygon","coordinates":[[[22.43416,61.48892],[22.24199,61.57218],[22.09705,61.57325],[22.06032,61.56092],[22.0045,61.53762],[21.96086,61.54307],[21.93552,61.53533],[21.88412,61.50382],[21.8733,61.47896],[21.87042,61.44288],[21.81369,61.43529],[21.80299,61.43016],[21.81117,61.4132],[21.81126,61.39691],[21.80371,61.38515],[21.86995,61.39829],[21.93052,61.39871],[21.95028,61.4035],[21.97061,61.40173],[22.00501,61.41783],[22.02828,61.42075],[22.08413,61.42098],[22.16613,61.40546],[22.14585,61.43188],[22.17316,61.42722],[22.20502,61.4074],[22.23811,61.41664],[22.28859,61.41921],[22.43416,61.48892]]]},"properties":{"kunta":"886"}},{"type":"Feature","geometry":{"type":"Polygon","coordinates":[[[23.54212,61.2053],[23.41878,61.20005],[23.39985,61.20864],[23.39103,61.21952],[23.3878,61.233],[23.36519,61.22866],[23.3286,61.22902],[23.27928,61.23825],[23.27288,61.22113],[23.25776,61.18255],[23.31066,61.16478],[23.38336,61.13077],[23.31022,61.11835],[23.30855,61.11459],[23.27731,61.11229],[23.25878,61.11721],[23.23977,61.1169],[23.2273,61.10784],[23.25433,61.10158],[23.25214,61.08524],[23.28632,61.07775],[23.25659,61.07163],[23.22966,61.07178],[23.23373,61.06567],[23.26601,61.06325],[23.28811,61.05758],[23.25998,61.01855],[23.26812,61.01985],[23.33594,61.00999],[23.36246,61.01452],[23.3787,61.00244],[23.39467,60.97907],[23.4112,60.96822],[23.42715,60.97037],[23.45629,60.96763],[23.47409,60.96347],[23.45785,60.98315],[23.47906,60.99011],[23.51079,60.99353],[23.53097,60.98736],[23.55472,60.99926],[23.56644,61.00102],[23.57265,60.99055],[23.58596,60.98408],[23.6081,60.99136],[23.61855,61.00251],[23.68511,61.00295],[23.71234,61.00903],[23.73763,61.0037],[23.73588,60.99211],[23.76656,60.99707],[23.79495,60.98905],[23.83937,60.93971],[23.86491,60.95361],[23.85657,60.97154],[23.85254,60.98051],[23.81541,61.00066],[23.83445,61.00261],[23.8547,61.01306],[23.87851,61.02201],[23.8656,61.03727],[23.79261,61.02518],[23.80471,61.03602],[23.79566,61.04387],[23.80372,61.05101],[23.75676,61.05736],[23.72194,61.07397],[23.7044,61.06977],[23.66788,61.07578],[23.6569,61.10095],[23.6358,61.10757],[23.65032,61.11998],[23.58823,61.13015],[23.5728,61.12623],[23.57124,61.11896],[23.54635,61.12617],[23.54927,61.1321],[23.5229,61.14122],[23.51734,61.15268],[23.4932,61.16326],[23.51234,61.17838],[23.5394,61.18958],[23.53457,61.20135],[23.54212,61.2053]]]},"properties":{"kunta":"887"}},{"type":"Feature","geometry":{"type":"Polygon","coordinates":[[[27.32988,65.09066],[27.20233,65.0942],[27.07427,65.1046],[27.00469,65.10682],[26.89845,65.09204],[26.62862,65.09705],[26.62787,65.07113],[26.61058,65.05397],[26.65938,65.01433],[26.70527,65.01402],[26.71421,65.00732],[26.67927,64.99025],[26.68873,64.97888],[26.739,64.99009],[26.76976,64.9564],[26.76842,64.95276],[26.68421,64.91645],[26.66156,64.89164],[26.63187,64.8925],[26.56045,64.90694],[26.53253,64.86199],[26.51699,64.84937],[26.49503,64.85186],[26.49971,64.85947],[26.4776,64.86926],[26.46809,64.86712],[26.4584,64.85152],[26.427,64.85838],[26.40696,64.86515],[26.39431,64.84442],[26.44562,64.8258],[26.44528,64.81093],[26.37323,64.79396],[26.25932,64.82312],[26.23007,64.87227],[26.21789,64.87511],[26.22142,64.83638],[26.19524,64.83941],[26.17906,64.82446],[26.18331,64.8179],[26.24161,64.78812],[26.28543,64.75543],[26.29151,64.74923],[26.25699,64.73848],[26.28725,64.71903],[26.3305,64.73133],[26.35475,64.71209],[26.35403,64.70509],[26.33603,64.69457],[26.38828,64.65925],[26.36181,64.63021],[26.33624,64.6525],[26.26994,64.64643],[26.22656,64.6472],[26.23899,64.63909],[26.28901,64.6217],[26.32168,64.61386],[26.30862,64.60746],[26.28454,64.60238],[26.28544,64.5979],[26.34534,64.59206],[26.39133,64.59032],[26.40767,64.59419],[26.41223,64.61007],[26.45514,64.62195],[26.50482,64.58829],[26.4477,64.57652],[26.46158,64.56505],[26.54651,64.55819],[26.53122,64.575],[26.58339,64.57345],[26.57327,64.58976],[26.6033,64.6129],[26.61222,64.61143],[26.65359,64.6259],[26.65326,64.63057],[26.63397,64.64702],[26.6525,64.65506],[26.66623,64.64205],[26.69469,64.62802],[26.70625,64.646],[26.73257,64.65161],[26.74117,64.64419],[26.75541,64.64998],[26.84053,64.66188],[26.86001,64.69014],[26.87879,64.69195],[26.88433,64.69862],[26.9039,64.70063],[26.89045,64.71995],[26.91108,64.7268],[26.89038,64.73374],[26.90828,64.75909],[27.14809,64.83529],[27.35436,64.81199],[27.37509,64.83081],[27.3609,64.84298],[27.39322,64.8467],[27.40264,64.85525],[27.36974,64.88992],[27.40535,64.92331],[27.39958,64.93556],[27.37686,64.94138],[27.39365,64.94554],[27.38575,64.95901],[27.2625,65.02734],[27.32988,65.09066]]]},"properties":{"kunta":"889"}},{"type":"Feature","geometry":{"type":"Polygon","coordinates":[[[28.33048,69.84919],[28.34527,69.88083],[28.16071,69.92099],[27.98429,70.01397],[27.97699,70.05425],[27.95947,70.09266],[27.90836,70.0864],[27.86733,70.08373],[27.80741,70.07704],[27.74379,70.06416],[27.69293,70.07659],[27.67211,70.07772],[27.61246,70.07456],[27.57019,70.06562],[27.5543,70.05898],[27.54069,70.04565],[27.54015,70.03332],[27.52599,70.02346],[27.42856,70.01921],[27.40511,70.01328],[27.38424,69.99991],[27.35733,69.99133],[27.33569,69.98843],[27.31192,69.99041],[27.27665,69.97924],[27.27761,69.97411],[27.30215,69.96311],[27.30067,69.95473],[27.28112,69.95123],[27.22402,69.94624],[27.16419,69.93423],[27.13083,69.93221],[27.09994,69.91756],[27.06216,69.91776],[27.03125,69.91093],[26.98595,69.93508],[26.96972,69.93849],[26.93025,69.93943],[26.90233,69.93298],[26.87871,69.93334],[26.85952,69.94058],[26.85893,69.95734],[26.84867,69.9602],[26.78475,69.95855],[26.72047,69.94501],[26.70686,69.94659],[26.67869,69.96477],[26.62435,69.95984],[26.55374,69.94812],[26.49524,69.94559],[26.46713,69.93951],[26.45934,69.93355],[26.45509,69.9187],[26.40754,69.90148],[26.41822,69.88909],[26.41422,69.87907],[26.40155,69.87192],[26.38222,69.85405],[26.34502,69.84371],[26.30897,69.83045],[26.24792,69.81747],[26.24124,69.8121],[26.24797,69.79658],[26.23098,69.792],[26.21359,69.77983],[26.19685,69.77809],[26.18117,69.7691],[26.18178,69.75965],[26.15118,69.75605],[26.13562,69.73861],[26.10729,69.73032],[26.07531,69.72624],[26.05069,69.72038],[26.02145,69.72191],[26.00046,69.71968],[25.96388,69.70308],[25.94228,69.68441],[25.92032,69.67934],[25.89149,69.6655],[25.8947,69.65994],[25.93111,69.65515],[25.9553,69.64653],[25.96333,69.63371],[25.95889,69.62121],[25.97658,69.61024],[25.96673,69.5988],[25.95233,69.59448],[25.94202,69.57559],[25.89444,69.55836],[25.84449,69.55047],[25.84325,69.54196],[25.87379,69.52991],[25.87567,69.52201],[25.85996,69.51353],[25.84854,69.49325],[25.86458,69.47584],[25.8349,69.4682],[25.82442,69.44759],[25.80855,69.43573],[25.80898,69.42799],[25.79723,69.42187],[25.81898,69.41768],[25.81592,69.41179],[25.83569,69.40375],[25.84662,69.3937],[25.83188,69.38935],[25.81869,69.3727],[25.81685,69.35968],[25.78497,69.35592],[25.77861,69.34509],[25.75938,69.34038],[25.75895,69.3273],[25.74183,69.31906],[25.73776,69.31058],[25.74647,69.30504],[25.73554,69.29867],[25.74558,69.29134],[25.7424,69.27575],[25.72859,69.2715],[25.72464,69.25903],[25.70327,69.25521],[25.70542,69.24106],[25.6999,69.23137],[25.71463,69.22552],[25.70601,69.2172],[25.71333,69.21159],[25.69388,69.20401],[25.69302,69.19674],[25.70861,69.18549],[25.73837,69.14758],[27.23739,69.45411],[27.31545,69.48597],[27.88678,69.56532],[28.07873,69.65834],[28.33048,69.84919]]]},"properties":{"kunta":"890"}},{"type":"Feature","geometry":{"type":"Polygon","coordinates":[[[25.69515,62.4915],[25.68833,62.51372],[25.66676,62.51428],[25.66529,62.52091],[25.68648,62.51915],[25.68182,62.53494],[25.63231,62.53112],[25.62687,62.55474],[25.54333,62.5569],[25.51957,62.54536],[25.48386,62.54705],[25.46952,62.54013],[25.44276,62.53881],[25.44945,62.52826],[25.40607,62.52083],[25.36264,62.52986],[25.35904,62.53552],[25.25191,62.53765],[25.21677,62.54606],[25.19498,62.53462],[25.18693,62.51578],[25.18146,62.46619],[25.14106,62.4451],[25.12483,62.42702],[25.20768,62.41995],[25.27067,62.41002],[25.28541,62.38918],[25.31231,62.3923],[25.32455,62.37706],[25.3666,62.38384],[25.36141,62.39564],[25.40511,62.39841],[25.40785,62.39007],[25.48985,62.39762],[25.49595,62.38367],[25.50491,62.3782],[25.54969,62.403],[25.57913,62.42875],[25.62345,62.4771],[25.69515,62.4915]]]},"properties":{"kunta":"892"}},{"type":"Feature","geometry":{"type":"MultiPolygon","coordinates":[[[[22.44156,63.54535],[22.42849,63.54098],[22.428,63.53132],[22.43997,63.53032],[22.44667,63.53901],[22.44156,63.54535]]],[[[22.45053,63.57706],[22.43522,63.58614],[22.41827,63.58287],[22.44924,63.54329],[22.46721,63.54545],[22.4606,63.55386],[22.4413,63.56826],[22.45053,63.57706]]],[[[22.5394,63.61076],[22.52464,63.6121],[22.51913,63.62151],[22.49924,63.61976],[22.49118,63.60905],[22.46241,63.60344],[22.44025,63.6089],[22.42897,63.60219],[22.44197,63.59099],[22.45878,63.59613],[22.47161,63.58094],[22.49264,63.58905],[22.50644,63.6016],[22.51835,63.59219],[22.49884,63.58023],[22.49907,63.5718],[22.47944,63.56906],[22.46604,63.56232],[22.46746,63.55394],[22.47956,63.55169],[22.48385,63.5387],[22.45386,63.51115],[22.45208,63.49701],[22.42925,63.48682],[22.40891,63.48737],[22.41424,63.49817],[22.39892,63.50495],[22.35916,63.51248],[22.3836,63.52156],[22.38176,63.53191],[22.37039,63.54292],[22.34571,63.54811],[22.37171,63.55364],[22.38046,63.56536],[22.37892,63.57374],[22.34864,63.57907],[22.32523,63.56001],[22.32073,63.54892],[22.28913,63.52255],[22.30169,63.49981],[22.32218,63.48873],[22.32877,63.48058],[22.38507,63.4537],[22.4049,63.44228],[22.39947,63.43866],[22.37785,63.44522],[22.37086,63.45433],[22.35366,63.45404],[22.33689,63.46257],[22.32647,63.47692],[22.30086,63.48713],[22.27433,63.48391],[22.2626,63.47984],[22.24127,63.48258],[22.22236,63.48167],[22.20318,63.47231],[22.21001,63.46338],[22.20382,63.45324],[22.2305,63.44021],[22.23323,63.43189],[22.25912,63.42279],[22.26865,63.41484],[22.3013,63.40743],[22.30086,63.39036],[22.32301,63.38201],[22.34493,63.37841],[22.36618,63.35764],[22.38353,63.3442],[22.46899,63.33917],[22.49562,63.33659],[22.52197,63.32836],[22.54038,63.33615],[22.55923,63.31891],[22.61656,63.28205],[22.67264,63.29771],[22.64526,63.31679],[22.68222,63.32473],[22.7166,63.33767],[22.75111,63.34452],[22.73561,63.35896],[22.75601,63.35905],[22.82952,63.34594],[22.87432,63.34625],[22.87134,63.35453],[22.90624,63.35111],[22.9807,63.3304],[22.9716,63.37227],[22.96964,63.38021],[22.89387,63.39344],[22.87722,63.39171],[22.86257,63.41187],[22.8838,63.41675],[22.87683,63.4245],[22.85148,63.42712],[22.84686,63.43342],[22.88004,63.44264],[22.85465,63.45644],[22.9069,63.46996],[22.88984,63.47958],[22.86364,63.46538],[22.83395,63.47374],[22.82493,63.48067],[22.84283,63.50605],[22.80891,63.50452],[22.79754,63.49937],[22.78603,63.50774],[22.81216,63.51261],[22.82057,63.51732],[22.70616,63.55796],[22.64959,63.55657],[22.61473,63.57031],[22.61218,63.57622],[22.56588,63.58727],[22.5394,63.61076]]],[[[22.39419,63.6156],[22.39284,63.62218],[22.3672,63.62755],[22.3611,63.60647],[22.3831,63.60481],[22.38168,63.59483],[22.39468,63.59546],[22.40434,63.60687],[22.39419,63.6156]]]]},"properties":{"kunta":"893"}},{"type":"Feature","geometry":{"type":"MultiPolygon","coordinates":[[[[21.42197,60.63063],[21.41803,60.63762],[21.39443,60.63517],[21.41909,60.62238],[21.42197,60.63063]]],[[[21.32716,60.71361],[21.30593,60.72009],[21.28974,60.71752],[21.2868,60.70896],[21.31991,60.70972],[21.32716,60.71361]]],[[[21.33875,60.72177],[21.34728,60.72777],[21.33096,60.73192],[21.32634,60.72324],[21.33875,60.72177]]],[[[21.33651,60.76863],[21.32447,60.76186],[21.34375,60.75276],[21.35013,60.74383],[21.37803,60.7504],[21.35747,60.76395],[21.33651,60.76863]]],[[[21.27977,60.76204],[21.25609,60.76707],[21.25138,60.7585],[21.27977,60.76204]]],[[[21.28183,60.77481],[21.26814,60.76829],[21.2886,60.76038],[21.30372,60.76454],[21.29819,60.7736],[21.28183,60.77481]]],[[[21.15257,60.80464],[21.1436,60.80744],[21.13066,60.80107],[21.14194,60.78562],[21.16778,60.78026],[21.17526,60.78936],[21.16111,60.79306],[21.15257,60.80464]]],[[[21.27683,60.81421],[21.28029,60.82357],[21.258,60.81743],[21.24144,60.80537],[21.28151,60.80904],[21.27683,60.81421]]],[[[21.17051,60.80961],[21.16746,60.81561],[21.1518,60.82325],[21.14555,60.81336],[21.17051,60.80961]]],[[[21.17778,60.94775],[21.16613,60.95861],[21.15685,60.95423],[21.17778,60.94775]]],[[[21.40385,60.92586],[21.38522,60.92559],[21.36809,60.9319],[21.3954,60.93684],[21.39964,60.94189],[21.3833,60.95411],[21.37622,60.95017],[21.36278,60.9616],[21.3517,60.96164],[21.332,60.98329],[21.31927,60.98932],[21.31569,60.99762],[21.29933,61.00518],[21.28575,61.00373],[21.28209,60.99533],[21.25745,60.99206],[21.2449,60.98207],[21.25049,60.9766],[21.28944,60.96978],[21.32164,60.9587],[21.31787,60.9481],[21.30063,60.94647],[21.31964,60.9285],[21.29206,60.92691],[21.28663,60.91905],[21.2533,60.92673],[21.21313,60.91039],[21.22394,60.90302],[21.22558,60.89463],[21.24303,60.89408],[21.2352,60.88591],[21.21743,60.88539],[21.21453,60.89179],[21.19693,60.8932],[21.17956,60.88892],[21.18236,60.88421],[21.17465,60.87034],[21.18333,60.85963],[21.2116,60.84442],[21.24226,60.83963],[21.24334,60.83129],[21.29986,60.82334],[21.32158,60.81161],[21.34397,60.81626],[21.35334,60.82694],[21.37924,60.82617],[21.39469,60.82169],[21.38741,60.80891],[21.37652,60.80313],[21.38077,60.79635],[21.39514,60.79748],[21.40803,60.78905],[21.40413,60.78311],[21.38516,60.77777],[21.40428,60.76454],[21.43298,60.75885],[21.44035,60.74998],[21.43092,60.74226],[21.443,60.72689],[21.45862,60.72101],[21.45642,60.71498],[21.47228,60.70766],[21.46128,60.70295],[21.42354,60.70804],[21.40958,60.71638],[21.4016,60.7137],[21.37651,60.71714],[21.42296,60.72308],[21.42659,60.73251],[21.41116,60.74438],[21.414,60.74996],[21.39968,60.75596],[21.38109,60.75837],[21.38051,60.74833],[21.38682,60.7343],[21.37529,60.73231],[21.35766,60.71131],[21.34575,60.70205],[21.33867,60.68803],[21.35527,60.67748],[21.37846,60.66934],[21.38341,60.66249],[21.42072,60.65098],[21.4239,60.64332],[21.45131,60.64766],[21.44805,60.63652],[21.43896,60.62853],[21.46316,60.62498],[21.47828,60.63029],[21.50258,60.62746],[21.50149,60.61723],[21.54824,60.62416],[21.57771,60.62004],[21.58874,60.62131],[21.59533,60.62763],[21.53899,60.66224],[21.5239,60.66738],[21.54695,60.68202],[21.53167,60.68928],[21.53628,60.69401],[21.57078,60.7018],[21.5733,60.71408],[21.5631,60.71993],[21.54169,60.72074],[21.55866,60.73996],[21.63529,60.74187],[21.67814,60.73747],[21.70332,60.73787],[21.73,60.7505],[21.73201,60.75929],[21.73359,60.77011],[21.75016,60.77091],[21.71479,60.78637],[21.71339,60.80399],[21.70343,60.81705],[21.61492,60.84701],[21.59199,60.85],[21.56143,60.84056],[21.54075,60.85404],[21.52381,60.85591],[21.52672,60.8804],[21.50555,60.88351],[21.49507,60.88265],[21.47765,60.87088],[21.44293,60.90434],[21.40385,60.92586]]]]},"properties":{"kunta":"895"}},{"type":"Feature","geometry":{"type":"MultiPolygon","coordinates":[[[[21.38182,63.05933],[21.36796,63.06224],[21.35811,63.05356],[21.36759,63.04827],[21.39232,63.0466],[21.39889,63.0508],[21.38182,63.05933]]],[[[21.62953,63.05702],[21.61231,63.05385],[21.59543,63.05702],[21.59306,63.06259],[21.56551,63.07274],[21.56097,63.08037],[21.5223,63.07673],[21.51225,63.05972],[21.49247,63.05632],[21.49169,63.06447],[21.46996,63.05764],[21.46593,63.04781],[21.47922,63.03678],[21.50171,63.02792],[21.50411,63.01277],[21.49619,63.01283],[21.4864,63.02927],[21.45958,63.02224],[21.45847,63.01272],[21.46988,63.01014],[21.49622,63.00471],[21.55164,62.98186],[21.56308,62.98483],[21.55773,62.98898],[21.59646,63.03075],[21.62953,63.05702]]],[[[21.40422,63.08181],[21.38289,63.08579],[21.38642,63.07325],[21.41021,63.07748],[21.40422,63.08181]]],[[[21.4299,63.01837],[21.44156,63.02089],[21.42884,63.03223],[21.4397,63.03854],[21.4443,63.05077],[21.43899,63.05637],[21.4532,63.06622],[21.4484,63.0766],[21.43177,63.08307],[21.41506,63.0837],[21.42029,63.07418],[21.40064,63.05743],[21.4062,63.04973],[21.3887,63.03939],[21.36936,63.04625],[21.33822,63.03995],[21.34792,63.0353],[21.36963,63.02615],[21.38502,63.02065],[21.41537,63.01785],[21.4299,63.01837]]],[[[21.58245,63.09645],[21.55854,63.095],[21.54803,63.08875],[21.56476,63.08285],[21.59074,63.08763],[21.58245,63.09645]]],[[[22.14397,62.96311],[22.16366,62.97623],[22.15362,63.0035],[22.16539,63.01875],[22.17291,63.01935],[22.19494,63.0316],[22.24232,63.06373],[22.13187,63.11296],[22.11112,63.12749],[22.07141,63.13763],[22.05068,63.13698],[22.01157,63.12828],[21.98703,63.12603],[21.99824,63.11945],[21.92959,63.07737],[21.91342,63.07595],[21.90381,63.06811],[21.91211,63.04876],[21.93971,63.03449],[21.97636,63.03013],[22.01794,63.0205],[22.0425,63.00488],[22.04756,62.9974],[22.06514,62.98926],[22.13747,62.95941],[22.14397,62.96311]]],[[[21.52664,63.13125],[21.51093,63.13988],[21.49974,63.13815],[21.50606,63.12853],[21.52664,63.13125]]],[[[21.68261,63.05169],[21.71648,63.04294],[21.77232,63.03771],[21.82889,63.06167],[21.80574,63.09503],[21.80038,63.10624],[21.81437,63.11153],[21.77997,63.11457],[21.7587,63.12511],[21.7504,63.12168],[21.75516,63.11263],[21.71932,63.11667],[21.70455,63.10059],[21.6793,63.10425],[21.66418,63.11106],[21.66701,63.13206],[21.65366,63.14769],[21.61983,63.14774],[21.61606,63.15449],[21.60009,63.16166],[21.56946,63.16737],[21.5367,63.17066],[21.51789,63.16816],[21.51514,63.16257],[21.52747,63.15251],[21.54205,63.15105],[21.56123,63.13062],[21.56381,63.12146],[21.57513,63.11957],[21.59028,63.1246],[21.60183,63.11849],[21.58308,63.10817],[21.59966,63.09958],[21.61234,63.08299],[21.6287,63.08143],[21.65245,63.07422],[21.65597,63.06479],[21.67512,63.06639],[21.68261,63.05169]]]]},"properties":{"kunta":"905"}},{"type":"Feature","geometry":{"type":"Polygon","coordinates":[[[24.07914,61.33048],[24.05896,61.34011],[24.02336,61.31585],[24.02037,61.33023],[23.99979,61.34045],[23.9736,61.32874],[23.95777,61.33135],[23.94369,61.32333],[23.96463,61.31708],[23.89053,61.27072],[23.83879,61.24193],[23.81145,61.23071],[23.79849,61.22684],[23.79765,61.21698],[23.81142,61.21244],[23.88294,61.20197],[23.90539,61.20682],[23.92309,61.20297],[23.93815,61.18501],[23.95901,61.18414],[23.9586,61.17299],[23.94503,61.16479],[23.94263,61.15559],[23.93111,61.14471],[23.94184,61.14188],[23.92109,61.13088],[23.94317,61.11027],[23.95828,61.10193],[24.02628,61.11956],[24.05132,61.1214],[24.1111,61.12829],[24.14197,61.12316],[24.13429,61.13828],[24.13896,61.14321],[24.18235,61.14508],[24.2355,61.15143],[24.29727,61.19158],[24.26574,61.20869],[24.25801,61.21824],[24.28255,61.24012],[24.21696,61.26181],[24.16689,61.26441],[24.10368,61.28952],[24.0884,61.29113],[24.08826,61.30608],[24.10173,61.31755],[24.07914,61.33048]]]},"properties":{"kunta":"908"}},{"type":"Feature","geometry":{"type":"Polygon","coordinates":[[[28.315,62.35455],[28.29304,62.35182],[28.26615,62.35835],[28.25675,62.365],[28.22437,62.34933],[28.19595,62.34752],[28.17113,62.32565],[28.13331,62.33054],[28.12869,62.32492],[28.09735,62.32557],[28.09677,62.31918],[28.07046,62.31454],[28.08139,62.30234],[28.07125,62.28869],[28.06113,62.2846],[28.0317,62.29548],[28.01137,62.31821],[27.95703,62.34596],[27.91252,62.38051],[27.90133,62.37965],[27.89349,62.37],[27.8821,62.36986],[27.84801,62.36164],[27.83614,62.3523],[27.82631,62.35314],[27.80866,62.36332],[27.79607,62.36228],[27.75796,62.36739],[27.77044,62.35951],[27.73464,62.34149],[27.74037,62.32313],[27.74777,62.32485],[27.78795,62.31171],[27.81928,62.2931],[27.81902,62.28804],[27.83306,62.2782],[27.84314,62.27646],[27.85797,62.28589],[27.88683,62.2762],[27.89187,62.29002],[27.92229,62.28055],[27.93865,62.2675],[28.01675,62.24376],[28.01384,62.23942],[28.04276,62.23186],[28.04892,62.23529],[28.05989,62.24355],[28.09231,62.23445],[28.1083,62.22635],[28.14089,62.22463],[28.18122,62.22831],[28.2015,62.21708],[28.22581,62.21058],[28.25699,62.21897],[28.26442,62.22908],[28.28753,62.22743],[28.30475,62.23214],[28.3276,62.22223],[28.38908,62.21438],[28.47077,62.20125],[28.50448,62.20152],[28.52355,62.18488],[28.54069,62.18978],[28.5535,62.18501],[28.56246,62.17038],[28.58402,62.16165],[28.61619,62.14101],[28.62352,62.14269],[28.613,62.15797],[28.63158,62.15644],[28.62776,62.16679],[28.64203,62.17497],[28.65167,62.19119],[28.63202,62.19557],[28.63159,62.20964],[28.6583,62.20377],[28.65281,62.23132],[28.6076,62.2524],[28.60151,62.26195],[28.58307,62.26948],[28.56246,62.29437],[28.5513,62.29236],[28.52569,62.30734],[28.49918,62.3164],[28.48235,62.31143],[28.43793,62.31684],[28.42298,62.32886],[28.43776,62.34634],[28.39813,62.35731],[28.37426,62.3574],[28.36545,62.35246],[28.315,62.35455]]]},"properties":{"kunta":"915"}},{"type":"Feature","geometry":{"type":"MultiPolygon","coordinates":[[[[21.74327,60.58462],[21.7318,60.58461],[21.73281,60.58365],[21.73977,60.58189],[21.74327,60.58462]]],[[[21.79882,60.73846],[21.74816,60.74932],[21.73201,60.75929],[21.73,60.7505],[21.70332,60.73787],[21.67814,60.73747],[21.63529,60.74187],[21.55866,60.73996],[21.54169,60.72074],[21.5631,60.71993],[21.5733,60.71408],[21.57078,60.7018],[21.53628,60.69401],[21.53167,60.68928],[21.54695,60.68202],[21.5239,60.66738],[21.53899,60.66224],[21.59533,60.62763],[21.58874,60.62131],[21.6145,60.60753],[21.64975,60.61384],[21.66129,60.62337],[21.67379,60.62657],[21.70806,60.6071],[21.72226,60.59365],[21.73456,60.59047],[21.76303,60.59651],[21.78428,60.61229],[21.77291,60.61764],[21.7882,60.62568],[21.80355,60.64401],[21.79742,60.65174],[21.8083,60.66023],[21.80585,60.66869],[21.81334,60.68002],[21.79187,60.70321],[21.79882,60.73846]]]]},"properties":{"kunta":"918"}},{"type":"Feature","geometry":{"type":"Polygon","coordinates":[[[26.33427,63.03509],[26.23892,63.04392],[26.22257,63.02587],[26.2898,62.98228],[26.33255,62.98357],[26.31412,62.95867],[26.27267,62.92506],[26.26642,62.93452],[26.22212,62.9544],[26.12431,62.95295],[26.08973,62.94016],[26.03984,62.93611],[26.06824,62.88941],[26.1654,62.87253],[26.18883,62.86192],[26.18256,62.85664],[26.15177,62.84684],[26.18954,62.82383],[26.21075,62.83068],[26.22297,62.82567],[26.35616,62.74741],[26.40569,62.76768],[26.39916,62.77829],[26.44656,62.78917],[26.48016,62.79812],[26.489,62.80633],[26.53423,62.81648],[26.53832,62.8201],[26.59099,62.81518],[26.61024,62.80471],[26.63459,62.8101],[26.63844,62.8148],[26.6188,62.82367],[26.61293,62.83449],[26.6672,62.84916],[26.638,62.88069],[26.66217,62.88453],[26.68135,62.89818],[26.65756,62.92521],[26.61375,62.95538],[26.53429,62.98614],[26.55914,62.99253],[26.54363,62.99881],[26.51514,62.99183],[26.4829,63.00924],[26.35274,63.03547],[26.33427,63.03509]]]},"properties":{"kunta":"921"}},{"type":"Feature","geometry":{"type":"Polygon","coordinates":[[[23.54834,61.3583],[23.53843,61.35685],[23.5317,61.36921],[23.51291,61.3744],[23.50222,61.38564],[23.47762,61.39683],[23.46706,61.38844],[23.44822,61.38833],[23.4249,61.38095],[23.42236,61.37229],[23.39317,61.36074],[23.4513,61.33709],[23.4411,61.33386],[23.42465,61.33612],[23.42219,61.32764],[23.36435,61.33733],[23.3255,61.35038],[23.27624,61.35608],[23.22075,61.32841],[23.26567,61.3119],[23.28733,61.28955],[23.27928,61.23825],[23.3286,61.22902],[23.36519,61.22866],[23.3878,61.233],[23.39103,61.21952],[23.39985,61.20864],[23.41878,61.20005],[23.54212,61.2053],[23.5692,61.1996],[23.69008,61.21461],[23.68928,61.22198],[23.66701,61.23057],[23.73713,61.25898],[23.72852,61.26553],[23.73513,61.27159],[23.72766,61.28411],[23.71526,61.29065],[23.68592,61.29637],[23.66727,61.28976],[23.65711,61.29741],[23.67182,61.31682],[23.65263,61.3273],[23.60305,61.33395],[23.54834,61.3583]]]},"properties":{"kunta":"922"}},{"type":"Feature","geometry":{"type":"Polygon","coordinates":[[[24.04082,63.52154],[24.0229,63.51928],[23.94297,63.49787],[23.91046,63.51574],[23.88264,63.50942],[23.87574,63.5174],[23.89502,63.52422],[23.88176,63.53149],[23.85907,63.53157],[23.83513,63.52844],[23.72853,63.50614],[23.65777,63.48297],[23.65741,63.46125],[23.66003,63.43483],[23.70993,63.38288],[23.69699,63.38032],[23.69837,63.37894],[23.77073,63.31311],[23.86202,63.27758],[23.956,63.27602],[24.01667,63.26837],[24.05203,63.25814],[24.0578,63.28233],[24.08986,63.2821],[24.08384,63.29509],[24.09768,63.30963],[24.16463,63.33192],[24.15997,63.33858],[24.1891,63.34651],[24.19236,63.35696],[24.12349,63.37229],[24.13282,63.38293],[24.11019,63.38952],[24.12483,63.39657],[24.10306,63.4126],[24.08821,63.40254],[24.06619,63.39917],[24.07262,63.44527],[24.05753,63.46263],[24.08165,63.46998],[24.06656,63.47882],[24.08607,63.48538],[24.09153,63.49533],[24.07152,63.49961],[24.05483,63.51498],[24.04082,63.52154]]]},"properties":{"kunta":"924"}},{"type":"Feature","geometry":{"type":"Polygon","coordinates":[[[27.11927,63.99078],[27.01255,63.99896],[26.8704,64.03697],[26.59795,63.97949],[26.55939,63.96369],[26.61596,63.92866],[26.6199,63.91985],[26.65792,63.92599],[26.68309,63.92424],[26.70114,63.91157],[26.72833,63.9068],[26.72619,63.89148],[26.75867,63.88516],[26.77995,63.84307],[26.72238,63.85124],[26.70758,63.84619],[26.72615,63.81888],[26.76018,63.83518],[26.81148,63.82579],[26.86119,63.79057],[26.83781,63.78043],[26.8262,63.76772],[26.84773,63.75272],[26.87558,63.70922],[26.89474,63.69533],[26.9249,63.68329],[26.86551,63.6796],[26.82881,63.66682],[26.87512,63.65415],[26.8703,63.64757],[26.90331,63.63481],[26.92152,63.63329],[26.93889,63.63576],[26.95129,63.6105],[26.99042,63.61866],[27.01533,63.61648],[27.0176,63.62523],[27.00218,63.63456],[27.06282,63.64889],[27.06431,63.67201],[27.10547,63.65337],[27.1519,63.65212],[27.15419,63.6483],[27.19625,63.65473],[27.20894,63.65132],[27.21556,63.67706],[27.26096,63.68884],[27.23266,63.70241],[27.20971,63.72036],[27.22392,63.73647],[27.25469,63.73928],[27.2646,63.75088],[27.24759,63.76413],[27.26165,63.76615],[27.291,63.76384],[27.29425,63.77005],[27.28203,63.77718],[27.32062,63.7819],[27.34947,63.78827],[27.35552,63.79555],[27.33906,63.80872],[27.33652,63.8209],[27.35758,63.82743],[27.25612,63.887],[27.25555,63.91851],[27.28402,63.93355],[27.26714,63.94037],[27.24161,63.95849],[27.2386,63.94597],[27.16122,63.9388],[27.15716,63.97532],[27.11927,63.99078]]]},"properties":{"kunta":"925"}},{"type":"Feature","geometry":{"type":"Polygon","coordinates":[[[24.64884,60.51666],[24.59585,60.55731],[24.57725,60.5858],[24.54895,60.55984],[24.42368,60.55249],[24.4649,60.50407],[24.28807,60.47547],[24.27864,60.47999],[24.24502,60.50427],[24.21709,60.49414],[24.21392,60.48464],[24.17398,60.48702],[24.17125,60.48474],[24.14696,60.45521],[24.1353,60.4289],[24.14338,60.40318],[24.13396,60.39184],[24.16231,60.38976],[24.16854,60.37758],[24.18459,60.37947],[24.20404,60.36292],[24.20786,60.3442],[24.2024,60.31926],[24.20813,60.2987],[24.2558,60.31412],[24.2761,60.30979],[24.3057,60.29465],[24.3335,60.26467],[24.34249,60.2462],[24.37058,60.25659],[24.38716,60.27487],[24.40818,60.2835],[24.41778,60.29414],[24.44268,60.2977],[24.47552,60.29206],[24.4777,60.28472],[24.51557,60.28129],[24.50017,60.32629],[24.56267,60.31408],[24.59565,60.32419],[24.62769,60.35924],[24.58781,60.40605],[24.57639,60.44897],[24.5605,60.47053],[24.52484,60.47679],[24.57148,60.50509],[24.6253,60.5189],[24.64884,60.51666]]]},"properties":{"kunta":"927"}},{"type":"Feature","geometry":{"type":"Polygon","coordinates":[[[26.14189,63.2747],[26.02351,63.28983],[25.86935,63.27445],[25.74389,63.28684],[25.69729,63.28123],[25.64167,63.25771],[25.64729,63.24563],[25.62076,63.25022],[25.62636,63.26156],[25.58791,63.26456],[25.58202,63.25188],[25.52198,63.25638],[25.46495,63.27775],[25.39315,63.27317],[25.33347,63.28431],[25.30932,63.27865],[25.36553,63.25675],[25.3792,63.24516],[25.31586,63.24247],[25.33733,63.15788],[25.37509,63.09927],[25.37361,63.09611],[25.53045,63.03346],[25.5195,63.02408],[25.50565,62.98686],[25.52562,62.98508],[25.56542,62.96939],[25.61195,62.94023],[25.62088,62.93961],[25.68306,62.95459],[25.70769,62.92074],[25.80167,62.90528],[25.86469,62.88182],[25.89204,62.88615],[25.91543,62.88568],[25.98756,62.86831],[26.02299,62.90403],[26.0458,62.89273],[26.06824,62.88941],[26.03984,62.93611],[26.08973,62.94016],[26.12431,62.95295],[26.22212,62.9544],[26.26642,62.93452],[26.27267,62.92506],[26.31412,62.95867],[26.33255,62.98357],[26.2898,62.98228],[26.22257,63.02587],[26.23892,63.04392],[26.33427,63.03509],[26.32951,63.0429],[26.30312,63.04893],[26.24371,63.07077],[26.24451,63.07492],[26.21894,63.08963],[26.20772,63.11068],[26.19292,63.11884],[26.1917,63.13148],[26.16351,63.14704],[26.14773,63.21004],[26.18487,63.21319],[26.17586,63.24138],[26.14189,63.2747]]]},"properties":{"kunta":"931"}},{"type":"Feature","geometry":{"type":"Polygon","coordinates":[[[24.05203,63.25814],[24.01667,63.26837],[23.956,63.27602],[23.86202,63.27758],[23.86031,63.21773],[23.84912,63.21161],[23.79972,63.20096],[23.77569,63.20402],[23.69795,63.17533],[23.71564,63.1119],[23.73723,63.1105],[23.72439,63.09566],[23.75039,63.07549],[23.86612,63.1129],[23.88566,63.11254],[23.89306,63.10395],[23.93691,63.11038],[24.07027,63.14678],[24.08749,63.13622],[24.12684,63.15137],[24.14678,63.15334],[24.17077,63.148],[24.17817,63.16092],[24.19711,63.1589],[24.23448,63.1707],[24.17236,63.21126],[24.09703,63.24501],[24.05203,63.25814]]]},"properties":{"kunta":"934"}},{"type":"Feature","geometry":{"type":"MultiPolygon","coordinates":[[[[27.55291,60.44092],[27.53914,60.43943],[27.53713,60.43096],[27.55281,60.43194],[27.55291,60.44092]]],[[[27.73212,60.4677],[27.71448,60.46277],[27.72981,60.45551],[27.73212,60.4677]]],[[[27.88874,60.61294],[27.86476,60.60934],[27.84158,60.62738],[27.82004,60.65451],[27.79181,60.65326],[27.76368,60.62821],[27.75411,60.62456],[27.72813,60.63753],[27.71226,60.63186],[27.72251,60.62244],[27.67606,60.62187],[27.66674,60.63048],[27.6244,60.65154],[27.5923,60.66019],[27.53301,60.65639],[27.53986,60.61819],[27.50959,60.61563],[27.49442,60.60108],[27.48798,60.61638],[27.45468,60.6411],[27.4228,60.62825],[27.38819,60.60218],[27.35657,60.55877],[27.38031,60.52868],[27.39783,60.51761],[27.40665,60.48428],[27.41202,60.47219],[27.43347,60.47005],[27.44787,60.47355],[27.47539,60.46091],[27.4938,60.46506],[27.48201,60.47621],[27.46675,60.48023],[27.45726,60.48947],[27.46944,60.50024],[27.49043,60.5109],[27.51781,60.49767],[27.53617,60.49267],[27.54162,60.4966],[27.56626,60.48843],[27.56534,60.48258],[27.57674,60.47493],[27.61841,60.46741],[27.62103,60.4727],[27.59754,60.48018],[27.571,60.50068],[27.56845,60.50571],[27.58251,60.51238],[27.60339,60.51355],[27.60641,60.52523],[27.62297,60.52641],[27.64882,60.5196],[27.63293,60.51266],[27.62622,60.51835],[27.6107,60.51774],[27.60783,60.50893],[27.59663,60.50851],[27.59045,60.49234],[27.60933,60.48786],[27.61713,60.48166],[27.63093,60.48312],[27.6267,60.49221],[27.65254,60.4924],[27.67875,60.48454],[27.70072,60.49481],[27.72232,60.48983],[27.74246,60.49401],[27.74139,60.50624],[27.71253,60.51388],[27.71831,60.52728],[27.73487,60.52376],[27.74133,60.5277],[27.71484,60.545],[27.72257,60.55136],[27.71562,60.56427],[27.73629,60.57028],[27.72476,60.57657],[27.73728,60.58192],[27.76725,60.58118],[27.769,60.56927],[27.77765,60.56205],[27.77788,60.55046],[27.7963,60.54491],[27.8144,60.55427],[27.8475,60.56138],[27.84234,60.56587],[27.84451,60.5805],[27.87343,60.60455],[27.88874,60.61294]]]]},"properties":{"kunta":"935"}},{"type":"Feature","geometry":{"type":"Polygon","coordinates":[[[24.013,62.36333],[23.99545,62.37689],[23.95424,62.38683],[23.92422,62.39062],[23.90736,62.41404],[23.9105,62.42413],[23.90179,62.43574],[23.91209,62.45755],[23.89914,62.48449],[23.86736,62.48543],[23.86818,62.46021],[23.83911,62.45958],[23.83523,62.49434],[23.80382,62.47797],[23.8174,62.46682],[23.80748,62.46294],[23.75977,62.45569],[23.66371,62.40864],[23.50341,62.41464],[23.51806,62.36805],[23.47504,62.38269],[23.44517,62.37538],[23.42276,62.37832],[23.3901,62.3892],[23.37169,62.4048],[23.33776,62.42508],[23.27508,62.4079],[23.23596,62.35818],[23.22395,62.3483],[23.21782,62.33417],[23.36784,62.22745],[23.424,62.15811],[23.53773,62.11831],[23.6428,62.07404],[23.68062,62.08444],[23.71157,62.0934],[23.75027,62.0821],[23.78612,62.08884],[23.79616,62.11146],[23.81034,62.11732],[23.83462,62.11705],[23.86595,62.12884],[23.82,62.17182],[23.82772,62.18203],[23.84633,62.18185],[23.87544,62.15719],[23.89124,62.15981],[23.91829,62.14505],[23.97867,62.1362],[24.03551,62.12096],[24.03707,62.14523],[24.06172,62.17314],[24.07281,62.17026],[24.0835,62.17736],[24.10367,62.18071],[24.11313,62.18569],[24.13428,62.1773],[24.16269,62.20263],[24.15272,62.20361],[24.15385,62.21341],[24.188,62.21498],[24.17019,62.23025],[24.17422,62.2323],[24.21053,62.22561],[24.20675,62.2324],[24.21129,62.25233],[24.14448,62.2525],[24.08078,62.27641],[24.07584,62.29695],[24.0518,62.30169],[24.02481,62.31335],[24.013,62.36333]]]},"properties":{"kunta":"936"}},{"type":"Feature","geometry":{"type":"MultiPolygon","coordinates":[[[[20.50394,60.1446],[20.52062,60.15325],[20.51482,60.15641],[20.49701,60.14731],[20.50394,60.1446]]],[[[20.28545,60.16473],[20.29306,60.15512],[20.30846,60.15066],[20.31614,60.15929],[20.29467,60.16519],[20.28545,60.16473]]],[[[20.35072,60.1753],[20.33211,60.17101],[20.32012,60.15862],[20.34534,60.16091],[20.35144,60.16529],[20.35072,60.1753]]],[[[20.43729,60.16824],[20.44136,60.17665],[20.43312,60.18382],[20.42256,60.1832],[20.41875,60.17274],[20.39119,60.16165],[20.41172,60.15793],[20.43729,60.16824]]],[[[20.30412,60.17046],[20.29718,60.18169],[20.2834,60.17893],[20.294,60.16969],[20.30412,60.17046]]],[[[20.35787,60.18612],[20.37015,60.19573],[20.3572,60.1986],[20.3492,60.18957],[20.35787,60.18612]]],[[[20.31755,60.20317],[20.31497,60.21432],[20.31965,60.22436],[20.31378,60.22813],[20.292,60.21899],[20.28912,60.21069],[20.27596,60.20513],[20.27347,60.19531],[20.25737,60.19169],[20.24865,60.1848],[20.25965,60.17595],[20.27836,60.18296],[20.28442,60.20097],[20.30233,60.19804],[20.31755,60.20317]]],[[[20.35063,60.28322],[20.33495,60.28675],[20.34814,60.26935],[20.34512,60.25841],[20.3222,60.25495],[20.32917,60.24399],[20.33057,60.23073],[20.35857,60.22974],[20.3752,60.22346],[20.36609,60.21922],[20.36897,60.19766],[20.37836,60.19746],[20.39825,60.21376],[20.41139,60.22151],[20.4205,60.24043],[20.43192,60.24659],[20.41743,60.25728],[20.40651,60.25561],[20.39674,60.26858],[20.37057,60.2786],[20.35063,60.28322]]],[[[20.51155,60.28014],[20.51695,60.28502],[20.50422,60.30139],[20.49261,60.29221],[20.50015,60.28373],[20.51155,60.28014]]],[[[20.39005,60.30905],[20.378,60.30992],[20.36709,60.30357],[20.382,60.29807],[20.38991,60.28761],[20.38129,60.28063],[20.38674,60.27351],[20.40225,60.27233],[20.3974,60.2818],[20.40758,60.29184],[20.39963,60.295],[20.40554,60.3035],[20.39005,60.30905]]],[[[20.44991,60.31775],[20.42046,60.30823],[20.44292,60.30535],[20.44991,60.31775]]],[[[20.40161,60.34547],[20.39307,60.34002],[20.40065,60.33289],[20.41261,60.3408],[20.40161,60.34547]]],[[[20.35597,60.35785],[20.34004,60.35971],[20.33783,60.34326],[20.36305,60.33805],[20.3865,60.34147],[20.38686,60.35098],[20.35597,60.35785]]],[[[20.33408,60.35884],[20.31537,60.35746],[20.29304,60.3492],[20.29254,60.33762],[20.29823,60.33338],[20.31695,60.33226],[20.33026,60.3419],[20.33408,60.35884]]]]},"properties":{"kunta":"941"}},{"type":"Feature","geometry":{"type":"MultiPolygon","coordinates":[[[[21.97185,63.2188],[21.99454,63.21129],[22.01608,63.21599],[22.02001,63.2238],[21.99845,63.23586],[22.01579,63.243],[22.01132,63.25577],[21.99258,63.2541],[21.99053,63.26435],[21.97121,63.26475],[21.966,63.25154],[21.97257,63.24171],[21.97185,63.2188]]],[[[22.03627,63.27212],[22.01817,63.26478],[22.03851,63.25989],[22.04413,63.26728],[22.03627,63.27212]]],[[[22.01746,63.27913],[21.99176,63.2753],[21.99645,63.26822],[22.01195,63.2685],[22.01746,63.27913]]],[[[21.95186,63.27956],[21.96131,63.28429],[21.95437,63.30238],[21.93637,63.30142],[21.92736,63.29161],[21.93933,63.28089],[21.95186,63.27956]]],[[[22.00158,63.29755],[21.97626,63.3071],[21.9724,63.29906],[21.97201,63.28017],[21.99941,63.28201],[22.00158,63.29755]]],[[[22.61656,63.28205],[22.55923,63.31891],[22.54038,63.33615],[22.52197,63.32836],[22.49562,63.33659],[22.46899,63.33917],[22.38353,63.3442],[22.39253,63.33546],[22.38961,63.32984],[22.35582,63.32413],[22.35832,63.31177],[22.37066,63.30029],[22.36466,63.28942],[22.33699,63.29194],[22.30989,63.31088],[22.28186,63.30937],[22.27708,63.29716],[22.26455,63.29829],[22.25604,63.28798],[22.23748,63.27457],[22.24455,63.25631],[22.23292,63.25523],[22.20064,63.26192],[22.18404,63.2557],[22.17182,63.24286],[22.15103,63.24615],[22.14566,63.24084],[22.12133,63.2375],[22.10544,63.22809],[22.09,63.23438],[22.09598,63.24963],[22.06156,63.25229],[22.0465,63.24904],[22.02857,63.25448],[22.02942,63.22807],[22.04136,63.22301],[22.03615,63.21299],[22.04425,63.20575],[22.03517,63.19932],[22.03803,63.19804],[22.05885,63.14304],[22.05068,63.13698],[22.07141,63.13763],[22.11112,63.12749],[22.13187,63.11296],[22.24232,63.06373],[22.3112,63.05611],[22.48555,63.10007],[22.63165,63.10192],[22.64862,63.10539],[22.64363,63.12405],[22.6582,63.13314],[22.64768,63.1464],[22.65047,63.15331],[22.63631,63.15887],[22.61711,63.18621],[22.6033,63.18806],[22.57219,63.17934],[22.59333,63.20132],[22.62854,63.20991],[22.59042,63.2446],[22.56199,63.24924],[22.5594,63.2657],[22.59586,63.28401],[22.61656,63.28205]]],[[[22.0236,63.3319],[22.00863,63.32415],[22.0279,63.31334],[22.00399,63.31431],[21.99077,63.32302],[21.98352,63.30972],[22.0028,63.30564],[22.01043,63.2831],[22.04395,63.27973],[22.04604,63.28676],[22.06154,63.29332],[22.05883,63.31047],[22.03557,63.32806],[22.0236,63.3319]]],[[[22.05505,63.33904],[22.03592,63.33702],[22.04138,63.32791],[22.05499,63.33032],[22.05505,63.33904]]],[[[22.23375,63.3415],[22.21526,63.34124],[22.20994,63.33321],[22.20998,63.31863],[22.18695,63.31294],[22.18321,63.31997],[22.16192,63.32321],[22.10964,63.335],[22.09126,63.3327],[22.07259,63.32272],[22.08075,63.30431],[22.09085,63.29956],[22.08669,63.29122],[22.05655,63.28853],[22.06076,63.28264],[22.08154,63.27695],[22.06313,63.27184],[22.07164,63.26707],[22.10192,63.26237],[22.11151,63.25749],[22.12738,63.25891],[22.15862,63.25513],[22.16558,63.27192],[22.15175,63.28223],[22.18785,63.2775],[22.22179,63.2798],[22.22853,63.29367],[22.23727,63.30132],[22.23831,63.33586],[22.23375,63.3415]]],[[[22.13973,63.37003],[22.13832,63.37813],[22.12433,63.37805],[22.12461,63.36955],[22.13973,63.37003]]],[[[22.02003,63.39214],[22.00457,63.39468],[21.99431,63.37692],[21.9681,63.36677],[21.95441,63.34936],[21.94239,63.33903],[21.95418,63.33464],[21.97648,63.33841],[21.98567,63.34751],[22.00259,63.35014],[22.00947,63.36741],[22.03525,63.36275],[22.01476,63.34974],[22.03133,63.33868],[22.05257,63.3489],[22.05689,63.3547],[22.09448,63.36505],[22.0981,63.37774],[22.07552,63.386],[22.07147,63.39092],[22.02003,63.39214]]],[[[21.7499,63.4527],[21.72238,63.45195],[21.71253,63.44258],[21.7355,63.42917],[21.75252,63.42921],[21.74085,63.445],[21.7499,63.4527]]],[[[21.81259,63.45284],[21.80558,63.45693],[21.78178,63.45916],[21.7983,63.42963],[21.82567,63.43461],[21.81856,63.45043],[21.81259,63.45284]]]]},"properties":{"kunta":"946"}},{"type":"Feature","geometry":{"type":"Polygon","coordinates":[[[24.98805,66.75438],[24.96605,66.7541],[24.97294,66.73692],[24.93354,66.73566],[24.94871,66.75421],[24.84607,66.76571],[24.75,66.75625],[24.71446,66.74566],[24.69026,66.73559],[24.69162,66.7247],[24.71112,66.70661],[24.69301,66.68765],[24.65821,66.71017],[24.61147,66.69539],[24.6188,66.6879],[24.61419,66.67957],[24.62197,66.66957],[24.56448,66.67149],[24.55311,66.66951],[24.54178,66.65282],[24.52061,66.64465],[24.52667,66.62811],[24.46662,66.63696],[24.46568,66.62251],[24.4472,66.62294],[24.42021,66.61615],[24.39203,66.60103],[24.36542,66.59635],[24.33542,66.60035],[24.32316,66.59792],[24.32256,66.58458],[24.28578,66.56959],[24.29981,66.55002],[24.24446,66.54453],[24.21512,66.55171],[24.19618,66.56707],[24.1673,66.56347],[24.21184,66.54407],[24.22705,66.53417],[24.17689,66.51792],[24.18589,66.51254],[24.14118,66.5082],[24.12021,66.52487],[24.08315,66.52027],[24.09691,66.49919],[23.94538,66.46542],[23.88671,66.49186],[23.82431,66.50384],[23.81343,66.51946],[23.79708,66.52112],[23.79399,66.51663],[23.76092,66.50995],[23.75174,66.50494],[23.73144,66.50324],[23.71437,66.49298],[23.7198,66.47717],[23.68812,66.47337],[23.65012,66.45483],[23.64107,66.44221],[23.64281,66.42498],[23.66778,66.39794],[23.68494,66.38693],[23.68077,66.37608],[23.66156,66.358],[23.65725,66.34827],[23.65785,66.31994],[23.64821,66.30214],[23.66169,66.2907],[23.67288,66.27348],[23.66855,66.26245],[23.70133,66.24258],[23.69431,66.2284],[23.70442,66.21926],[23.72421,66.21441],[23.73291,66.20675],[23.72761,66.19538],[23.78207,66.18701],[23.83202,66.17076],[23.85874,66.16986],[23.86609,66.16551],[23.89186,66.16767],[23.8959,66.17433],[23.88479,66.18548],[23.88631,66.19894],[24.20539,66.2478],[24.19258,66.25398],[24.1887,66.26563],[24.20309,66.26965],[24.23753,66.25251],[24.79182,66.33224],[24.80164,66.33764],[24.88485,66.38116],[25.05041,66.47585],[25.02381,66.61927],[25.0074,66.69306],[24.98805,66.75438]]]},"properties":{"kunta":"976"}},{"type":"Feature","geometry":{"type":"Polygon","coordinates":[[[24.90637,64.10945],[24.79071,64.13178],[24.75591,64.14168],[24.69134,64.17248],[24.63921,64.17549],[24.58951,64.18502],[24.41787,64.14638],[24.39621,64.15114],[24.38191,64.14737],[24.38359,64.10776],[24.36451,64.09726],[24.34616,64.09378],[24.3658,64.07652],[24.34634,64.04152],[24.304,64.02366],[24.30664,64.02212],[24.3153,64.01708],[24.33733,64.02753],[24.35514,64.03018],[24.38475,63.99312],[24.61108,63.94241],[24.63909,63.94676],[24.63786,63.9662],[24.65511,63.96083],[24.68743,63.95957],[24.70434,63.95478],[24.72207,63.95702],[24.74539,63.99369],[24.77091,63.9894],[24.79584,63.97905],[24.85666,63.9741],[24.87672,63.98974],[24.91304,63.98321],[25.02125,64.06794],[24.94185,64.09764],[24.90637,64.10945]]]},"properties":{"kunta":"977"}},{"type":"Feature","geometry":{"type":"Polygon","coordinates":[[[23.424,62.15811],[23.37374,62.16501],[23.30611,62.11059],[23.29305,62.10724],[23.29521,62.08294],[23.32521,62.07675],[23.32633,62.0712],[23.36539,62.07129],[23.3662,62.03846],[23.34848,62.01968],[23.35706,62.00607],[23.32249,61.98299],[23.31957,61.97297],[23.3026,61.96047],[23.31084,61.94952],[23.36401,61.93134],[23.44763,61.91466],[23.45752,61.88114],[23.44838,61.87359],[23.4972,61.86462],[23.51321,61.86346],[23.52218,61.85336],[23.59216,61.856],[23.59388,61.81935],[23.51246,61.81238],[23.45787,61.8169],[23.44635,61.81038],[23.41802,61.8112],[23.41476,61.80634],[23.37064,61.78786],[23.3603,61.77349],[23.33523,61.78462],[23.31887,61.76815],[23.34284,61.76509],[23.35128,61.76025],[23.30424,61.7445],[23.25909,61.75755],[23.24448,61.75238],[23.23792,61.74326],[23.21026,61.7344],[23.21887,61.7272],[23.21827,61.70535],[23.22682,61.70061],[23.2083,61.65528],[23.22189,61.66209],[23.3091,61.66613],[23.31173,61.65461],[23.33544,61.63707],[23.40965,61.68645],[23.42818,61.68168],[23.43576,61.67125],[23.4479,61.67134],[23.50048,61.69791],[23.48345,61.67802],[23.49187,61.64949],[23.47953,61.62774],[23.49276,61.58587],[23.48552,61.58182],[23.44216,61.57223],[23.50646,61.55093],[23.5423,61.53334],[23.55196,61.52805],[23.57619,61.52349],[23.58576,61.51609],[23.60577,61.52303],[23.65352,61.53015],[23.67239,61.5423],[23.68254,61.53667],[23.70684,61.53988],[23.72284,61.53726],[23.76324,61.53988],[23.7483,61.60571],[23.72438,61.64817],[23.72133,61.67102],[23.7263,61.68618],[23.75696,61.69055],[23.7793,61.72575],[23.76445,61.73468],[23.75552,61.74948],[23.76749,61.77259],[23.78267,61.78898],[23.803,61.79426],[23.80786,61.82159],[23.85552,61.83661],[23.83424,61.84384],[23.88511,61.86732],[23.87987,61.87985],[23.85922,61.89589],[23.84146,61.93237],[23.84434,61.9495],[23.81261,61.97075],[23.78355,61.96662],[23.7748,62.00013],[23.72817,62.03272],[23.69764,62.0313],[23.68811,62.07777],[23.68062,62.08444],[23.6428,62.07404],[23.53773,62.11831],[23.424,62.15811]]]},"properties":{"kunta":"980"}},{"type":"Feature","geometry":{"type":"Polygon","coordinates":[[[23.26666,60.88911],[23.15524,60.89243],[23.13564,60.88352],[23.13745,60.84077],[23.14258,60.8375],[23.2213,60.8296],[23.23007,60.82541],[23.19487,60.81341],[23.15462,60.77417],[23.18143,60.75825],[23.25488,60.7281],[23.27728,60.71108],[23.2791,60.7261],[23.3335,60.71794],[23.40862,60.73977],[23.39004,60.78205],[23.36176,60.79096],[23.37215,60.81412],[23.35823,60.81723],[23.32646,60.85966],[23.27633,60.88218],[23.26666,60.88911]]]},"properties":{"kunta":"981"}},{"type":"Feature","geometry":{"type":"Polygon","coordinates":[[[24.03952,62.73648],[24.01216,62.73008],[24.00023,62.74183],[23.9972,62.75745],[23.98384,62.76403],[23.97006,62.75315],[23.93159,62.75093],[23.9441,62.73109],[23.99684,62.6783],[23.9995,62.65886],[23.9611,62.63519],[23.99357,62.57907],[23.96683,62.55541],[23.95648,62.53474],[23.92272,62.52717],[23.88591,62.52919],[23.83523,62.49434],[23.83911,62.45958],[23.86818,62.46021],[23.86736,62.48543],[23.89914,62.48449],[23.91209,62.45755],[23.90179,62.43574],[23.9105,62.42413],[23.90736,62.41404],[23.92422,62.39062],[23.95424,62.38683],[23.99545,62.37689],[24.013,62.36333],[24.03749,62.38055],[24.09547,62.41379],[24.20129,62.48266],[24.32166,62.4477],[24.33945,62.46339],[24.32117,62.48232],[24.33088,62.49117],[24.37465,62.50191],[24.37966,62.4935],[24.40304,62.5016],[24.42462,62.47341],[24.45183,62.48475],[24.45496,62.49363],[24.4965,62.4967],[24.51359,62.50315],[24.50504,62.51603],[24.51708,62.5251],[24.53057,62.52841],[24.52575,62.54174],[24.5249,62.55869],[24.54546,62.56139],[24.53544,62.5775],[24.56698,62.58083],[24.55361,62.60797],[24.58431,62.61172],[24.57871,62.62139],[24.54104,62.61624],[24.50364,62.62126],[24.51163,62.6348],[24.58217,62.66479],[24.51959,62.68598],[24.50254,62.67907],[24.47243,62.67555],[24.45299,62.69179],[24.42895,62.68869],[24.41256,62.70442],[24.37373,62.70151],[24.36814,62.71705],[24.29013,62.72884],[24.27172,62.73436],[24.2678,62.74179],[24.28404,62.75303],[24.27967,62.75923],[24.23116,62.75412],[24.21362,62.73889],[24.27731,62.7196],[24.23012,62.68578],[24.19154,62.70212],[24.19913,62.70767],[24.20142,62.72866],[24.15091,62.71785],[24.16394,62.69459],[24.11928,62.69551],[24.10909,62.71928],[24.07942,62.71661],[24.03952,62.73648]]]},"properties":{"kunta":"989"}},{"type":"Feature","geometry":{"type":"Polygon","coordinates":[[[26.06824,62.88941],[26.0458,62.89273],[26.02299,62.90403],[25.98756,62.86831],[25.91543,62.88568],[25.89204,62.88615],[25.86469,62.88182],[25.80167,62.90528],[25.70769,62.92074],[25.57112,62.85927],[25.61245,62.84691],[25.64899,62.81305],[25.68673,62.79538],[25.6966,62.78236],[25.67553,62.7565],[25.50241,62.73266],[25.49205,62.72607],[25.49885,62.6862],[25.47397,62.6392],[25.50573,62.62293],[25.52153,62.60521],[25.47811,62.59226],[25.48386,62.54705],[25.51957,62.54536],[25.54333,62.5569],[25.62687,62.55474],[25.63231,62.53112],[25.68182,62.53494],[25.68648,62.51915],[25.66529,62.52091],[25.66676,62.51428],[25.68833,62.51372],[25.69515,62.4915],[25.6937,62.48155],[25.71437,62.48044],[25.72759,62.48962],[25.72966,62.50154],[25.79739,62.51346],[25.80476,62.50886],[25.84443,62.52424],[25.84559,62.534],[25.83248,62.53808],[25.82713,62.54508],[25.8848,62.53982],[25.93568,62.52478],[26.03596,62.58359],[26.11048,62.60561],[26.1378,62.62714],[26.15016,62.65582],[26.23376,62.67837],[26.16093,62.68826],[26.13607,62.7114],[26.14251,62.75012],[26.13476,62.76026],[26.09941,62.77374],[26.08554,62.77286],[26.0666,62.77907],[26.0459,62.79507],[26.0248,62.82536],[26.09382,62.83904],[26.15177,62.84684],[26.18256,62.85664],[26.18883,62.86192],[26.1654,62.87253],[26.06824,62.88941]]]},"properties":{"kunta":"992"}}]}