{"type":"FeatureCollection","meta":{"vintage":"kuntajako 2026","crs":"EPSG:4326","publisher":"Tilastokeskus","licence":"CC BY 4.0 — Lähde: Tilastokeskus","layer":"tilastointialueet:maakunta1000k_2026","simplified":"30.00% (mapshaper)"},"features":[{"type":"Feature","properties":{"maakunta":"01","name":"Uusimaa","name_sv":"Nyland","bb":[59.7658,22.80957,60.84085,26.54429],"c":[60.37389,24.76369]},"geometry":{"type":"MultiPolygon","coordinates":[[[[25.98236,60.46516],[25.98615,60.4672],[25.98085,60.47022],[25.98144,60.47357],[25.97659,60.47532],[25.97045,60.47318],[25.96799,60.47012],[25.97342,60.46743],[25.98236,60.46516]]],[[[25.98508,60.45258],[25.98916,60.45471],[25.98845,60.45958],[25.97883,60.46085],[25.96828,60.45946],[25.96663,60.45789],[25.97273,60.45399],[25.98508,60.45258]]],[[[26.01048,60.44299],[26.01249,60.44633],[26.00668,60.44955],[26.00227,60.44584],[26.01048,60.44299]]],[[[26.02091,60.43771],[26.02159,60.44104],[26.0159,60.44502],[26.01189,60.44319],[26.01624,60.43911],[26.02091,60.43771]]],[[[26.01683,60.42702],[26.02055,60.4285],[26.01389,60.43623],[26.00608,60.432],[26.01683,60.42702]]],[[[26.06466,60.41088],[26.0673,60.41484],[26.05904,60.42202],[26.05246,60.42096],[26.06424,60.41304],[26.06466,60.41088]]],[[[26.24256,60.38923],[26.24777,60.39345],[26.23992,60.39388],[26.24256,60.38923]]],[[[26.26858,60.38557],[26.27449,60.38917],[26.2701,60.39019],[26.25956,60.38921],[26.26858,60.38557]]],[[[26.20245,60.37974],[26.20584,60.38426],[26.21128,60.38801],[26.21923,60.3895],[26.21959,60.39249],[26.21348,60.39449],[26.2078,60.39103],[26.19858,60.39046],[26.19714,60.38463],[26.20231,60.3832],[26.20245,60.37974]]],[[[26.26265,60.37262],[26.26695,60.37627],[26.25953,60.37665],[26.26265,60.37262]]],[[[26.11562,60.36848],[26.1215,60.3702],[26.12273,60.37328],[26.11682,60.37529],[26.11637,60.38732],[26.10112,60.39435],[26.09133,60.39524],[26.08755,60.39428],[26.08501,60.38921],[26.09,60.38345],[26.0987,60.3828],[26.10227,60.38661],[26.10758,60.38614],[26.1068,60.38171],[26.11208,60.37979],[26.11444,60.37343],[26.11167,60.37096],[26.11562,60.36848]]],[[[26.08645,60.36484],[26.08719,60.36947],[26.07958,60.37147],[26.07766,60.36502],[26.08645,60.36484]]],[[[25.67407,60.36005],[25.67475,60.36262],[25.68347,60.36552],[25.68512,60.36911],[25.68097,60.37312],[25.67674,60.37377],[25.66436,60.37142],[25.66082,60.3678],[25.66586,60.36511],[25.66678,60.36045],[25.67407,60.36005]]],[[[26.22249,60.363],[26.22289,60.36783],[26.21133,60.36497],[26.22249,60.363]]],[[[26.35917,60.36227],[26.35445,60.36484],[26.34929,60.37009],[26.34801,60.37423],[26.34392,60.37486],[26.33869,60.37012],[26.34773,60.36247],[26.3536,60.36396],[26.35917,60.36227]]],[[[26.42776,60.3429],[26.43695,60.3479],[26.43915,60.35274],[26.43731,60.35616],[26.43954,60.3584],[26.43547,60.36208],[26.42502,60.3576],[26.42414,60.35492],[26.41527,60.35121],[26.42037,60.34993],[26.42385,60.34483],[26.42776,60.3429]]],[[[26.52249,60.34218],[26.54142,60.34518],[26.53877,60.34759],[26.54149,60.35403],[26.53727,60.35503],[26.52307,60.35384],[26.52126,60.35731],[26.52744,60.35794],[26.53524,60.35629],[26.53981,60.36061],[26.53418,60.36533],[26.53197,60.36951],[26.52364,60.37034],[26.50925,60.36763],[26.51451,60.36082],[26.5061,60.35996],[26.50335,60.36348],[26.50728,60.36598],[26.50781,60.36955],[26.50029,60.36937],[26.49278,60.37455],[26.49432,60.37712],[26.48922,60.37915],[26.48439,60.37714],[26.48367,60.37287],[26.46912,60.37659],[26.46656,60.38006],[26.45983,60.38065],[26.45523,60.38385],[26.43838,60.39252],[26.43718,60.39789],[26.42598,60.40761],[26.41712,60.40203],[26.42137,60.39687],[26.42041,60.39295],[26.4274,60.3893],[26.42332,60.38621],[26.42783,60.38254],[26.42407,60.37481],[26.41526,60.37644],[26.40834,60.38009],[26.399,60.38161],[26.38937,60.38722],[26.38725,60.38327],[26.38302,60.38127],[26.38575,60.37485],[26.38912,60.37146],[26.3871,60.36943],[26.3853,60.36217],[26.39491,60.357],[26.40561,60.35713],[26.41202,60.35961],[26.41084,60.36393],[26.41992,60.36098],[26.4242,60.36159],[26.42676,60.36634],[26.4274,60.37273],[26.43374,60.37193],[26.43931,60.36946],[26.44129,60.36409],[26.44701,60.35846],[26.45527,60.35851],[26.46125,60.35681],[26.46897,60.36091],[26.47862,60.36069],[26.49828,60.36212],[26.503,60.3597],[26.50769,60.35044],[26.50576,60.34525],[26.51581,60.34434],[26.52249,60.34218]]],[[[26.13016,60.33927],[26.13343,60.34044],[26.12869,60.3449],[26.12386,60.34404],[26.13016,60.33927]]],[[[26.12165,60.3389],[26.12427,60.34173],[26.11942,60.34622],[26.12255,60.34824],[26.12405,60.35531],[26.12646,60.35903],[26.11769,60.35906],[26.11263,60.35558],[26.10499,60.35494],[26.10678,60.35019],[26.10576,60.34557],[26.12165,60.3389]]],[[[25.65633,60.33376],[25.67901,60.33564],[25.69099,60.33887],[25.70018,60.3389],[25.6895,60.34535],[25.67939,60.34883],[25.66961,60.35514],[25.66115,60.35573],[25.64896,60.35402],[25.64125,60.35184],[25.64393,60.347],[25.6385,60.34017],[25.64615,60.33437],[25.65633,60.33376]]],[[[26.30564,60.33684],[26.30404,60.34173],[26.28592,60.34538],[26.28797,60.34835],[26.28264,60.35278],[26.26776,60.35841],[26.26948,60.35144],[26.27525,60.34758],[26.27579,60.34301],[26.28287,60.34286],[26.28526,60.33922],[26.29398,60.33994],[26.30564,60.33684]]],[[[26.5089,60.33206],[26.51615,60.3326],[26.51737,60.33753],[26.51251,60.33964],[26.50621,60.33804],[26.5089,60.33206]]],[[[25.90066,60.32329],[25.90894,60.32565],[25.9072,60.32743],[25.89919,60.32661],[25.90066,60.32329]]],[[[26.30988,60.32327],[26.31173,60.32621],[26.30906,60.33023],[26.30952,60.3343],[26.30201,60.33263],[26.30312,60.32941],[26.30834,60.32662],[26.30988,60.32327]]],[[[26.27285,60.31817],[26.26691,60.32263],[26.26319,60.32117],[26.27285,60.31817]]],[[[25.92188,60.31571],[25.93333,60.31957],[25.92776,60.32139],[25.92188,60.31571]]],[[[26.20152,60.31666],[26.20572,60.32035],[26.21447,60.31702],[26.22004,60.31856],[26.22928,60.31768],[26.23457,60.32069],[26.2484,60.32205],[26.24131,60.32773],[26.23674,60.3337],[26.22725,60.33249],[26.22872,60.33591],[26.21498,60.33875],[26.21266,60.34183],[26.20354,60.34546],[26.18868,60.34903],[26.18325,60.34895],[26.17686,60.35184],[26.1664,60.34984],[26.16809,60.34167],[26.17513,60.34014],[26.17824,60.33619],[26.18212,60.33502],[26.1929,60.32254],[26.19465,60.31872],[26.20152,60.31666]]],[[[26.28907,60.31044],[26.28955,60.31321],[26.28391,60.31633],[26.27446,60.31768],[26.27594,60.31104],[26.28265,60.31171],[26.28907,60.31044]]],[[[26.24785,60.3019],[26.25222,60.30414],[26.24892,60.30863],[26.24122,60.30952],[26.24321,60.30512],[26.24785,60.3019]]],[[[26.26196,60.29777],[26.26949,60.2997],[26.26724,60.30244],[26.26055,60.30052],[26.26196,60.29777]]],[[[26.14361,60.2897],[26.14666,60.29027],[26.14176,60.29549],[26.13574,60.29708],[26.12703,60.31077],[26.11113,60.3114],[26.09804,60.30879],[26.10043,60.30111],[26.09163,60.29919],[26.09032,60.29717],[26.10142,60.29474],[26.09683,60.29205],[26.1025,60.28974],[26.10764,60.2933],[26.11832,60.29084],[26.12325,60.29319],[26.13787,60.29133],[26.14361,60.2897]]],[[[25.81881,60.27873],[25.82235,60.28169],[25.81757,60.28363],[25.80822,60.28202],[25.81881,60.27873]]],[[[26.09072,60.27611],[26.09673,60.27936],[26.08919,60.28105],[26.08707,60.27806],[26.09072,60.27611]]],[[[26.10234,60.27298],[26.10477,60.27774],[26.09893,60.27799],[26.10234,60.27298]]],[[[25.94071,60.26829],[25.94313,60.27098],[25.95277,60.27193],[25.95489,60.27361],[25.96331,60.27324],[25.96911,60.27593],[25.98194,60.27619],[25.98459,60.27997],[26.00082,60.28522],[26.00771,60.27742],[26.01664,60.28069],[26.02584,60.27836],[26.02854,60.28138],[26.03615,60.28318],[26.03847,60.2877],[26.03415,60.28933],[26.01748,60.28966],[26.00859,60.29276],[26.00052,60.29273],[25.99342,60.29451],[26.00392,60.29664],[26.00708,60.29887],[26.00793,60.30716],[26.01062,60.31925],[26.00728,60.32386],[25.99574,60.32274],[25.99006,60.3303],[25.99844,60.33586],[25.98826,60.33753],[25.97982,60.34359],[25.97301,60.34083],[25.96706,60.34219],[25.96114,60.34613],[25.94864,60.35035],[25.94113,60.35431],[25.93101,60.35322],[25.92817,60.34673],[25.93047,60.34378],[25.92756,60.34184],[25.93526,60.33928],[25.93966,60.3338],[25.94447,60.33141],[25.94476,60.32852],[25.94911,60.32193],[25.9542,60.3193],[25.95183,60.31575],[25.95832,60.30465],[25.96303,60.30014],[25.9557,60.29925],[25.95494,60.30363],[25.94607,60.30502],[25.93399,60.30346],[25.93825,60.29668],[25.93633,60.29382],[25.94086,60.29038],[25.94044,60.28362],[25.93244,60.28204],[25.93639,60.27748],[25.9363,60.27157],[25.94071,60.26829]]],[[[26.10609,60.26849],[26.11183,60.27147],[26.11347,60.27431],[26.12122,60.27988],[26.13344,60.27575],[26.13606,60.28327],[26.11842,60.28716],[26.11687,60.29041],[26.10979,60.29236],[26.10413,60.2888],[26.09605,60.28799],[26.09237,60.29029],[26.08331,60.29195],[26.06575,60.29745],[26.05195,60.2974],[26.0396,60.29343],[26.04165,60.28818],[26.0605,60.28879],[26.07094,60.28779],[26.06831,60.28289],[26.07533,60.27791],[26.07754,60.28283],[26.08402,60.28829],[26.08938,60.28614],[26.09848,60.28552],[26.10411,60.28334],[26.11121,60.27828],[26.10451,60.27239],[26.10609,60.26849]]],[[[25.97798,60.26577],[25.97986,60.26769],[25.9779,60.27413],[25.97059,60.27439],[25.9664,60.26899],[25.97798,60.26577]]],[[[25.98904,60.26556],[25.99795,60.26608],[26.00452,60.2679],[25.99809,60.27151],[26.00099,60.27833],[25.99372,60.28055],[25.98691,60.27523],[25.98306,60.27434],[25.98325,60.26836],[25.98904,60.26556]]],[[[25.36557,60.25535],[25.36895,60.25878],[25.36423,60.26101],[25.35927,60.25939],[25.36557,60.25535]]],[[[26.20629,60.25716],[26.20668,60.26126],[26.19485,60.25983],[26.1992,60.25765],[26.20629,60.25716]]],[[[25.80121,60.25373],[25.8068,60.25607],[25.79786,60.26169],[25.79648,60.25746],[25.80121,60.25373]]],[[[25.2231,60.24545],[25.22915,60.24797],[25.23306,60.24608],[25.23847,60.24955],[25.2325,60.25511],[25.22687,60.25625],[25.21679,60.25552],[25.21025,60.25386],[25.20378,60.2506],[25.21528,60.24698],[25.2231,60.24545]]],[[[25.49691,60.24813],[25.50331,60.25201],[25.49628,60.25255],[25.49691,60.24813]]],[[[25.94815,60.2503],[25.9567,60.25348],[25.95406,60.25603],[25.94392,60.25321],[25.94815,60.2503]]],[[[25.7523,60.24655],[25.76261,60.25035],[25.7512,60.25248],[25.74581,60.2496],[25.7523,60.24655]]],[[[25.84915,60.24685],[25.85193,60.24939],[25.86163,60.24986],[25.85915,60.25232],[25.85843,60.25782],[25.8524,60.25801],[25.84829,60.26225],[25.84236,60.26041],[25.84344,60.256],[25.84949,60.25379],[25.84618,60.25037],[25.84915,60.24685]]],[[[25.36629,60.24067],[25.37111,60.24294],[25.35954,60.25014],[25.35646,60.24509],[25.36629,60.24067]]],[[[25.29558,60.23862],[25.29098,60.24108],[25.29143,60.24375],[25.28706,60.24782],[25.28162,60.24642],[25.28584,60.24083],[25.29558,60.23862]]],[[[25.25636,60.23751],[25.25797,60.24251],[25.2501,60.24139],[25.25636,60.23751]]],[[[25.93969,60.2413],[25.94572,60.24148],[25.96151,60.24418],[25.9669,60.24642],[25.9672,60.24969],[25.96227,60.25192],[25.95234,60.24882],[25.94721,60.24863],[25.92945,60.24576],[25.93969,60.2413]]],[[[25.53643,60.23379],[25.53948,60.23761],[25.53186,60.24189],[25.54264,60.24617],[25.53515,60.24732],[25.53376,60.25009],[25.53699,60.25375],[25.52649,60.25558],[25.52194,60.2509],[25.5192,60.24467],[25.51177,60.23946],[25.51544,60.23671],[25.5218,60.23561],[25.5301,60.23691],[25.53643,60.23379]]],[[[25.90636,60.23689],[25.91404,60.23921],[25.92727,60.24157],[25.92044,60.24527],[25.91059,60.24697],[25.90146,60.24461],[25.90038,60.24169],[25.8869,60.23694],[25.90227,60.23763],[25.90636,60.23689]]],[[[25.45249,60.23165],[25.46189,60.23384],[25.46708,60.24038],[25.48446,60.24474],[25.48994,60.24719],[25.47727,60.24985],[25.47598,60.25304],[25.45983,60.24972],[25.45031,60.24649],[25.44619,60.23757],[25.45132,60.23553],[25.45249,60.23165]]],[[[26.01652,60.23612],[26.02254,60.23845],[26.01453,60.24256],[26.01036,60.23833],[26.01652,60.23612]]],[[[25.93192,60.2329],[25.93514,60.23328],[25.93708,60.23893],[25.92521,60.23617],[25.93192,60.2329]]],[[[25.29515,60.22435],[25.29539,60.22802],[25.30118,60.23212],[25.29522,60.23327],[25.29198,60.23649],[25.28379,60.23806],[25.27744,60.23707],[25.28232,60.23349],[25.28658,60.22508],[25.29515,60.22435]]],[[[25.35289,60.22385],[25.35297,60.22831],[25.367,60.23716],[25.36092,60.24005],[25.34459,60.24017],[25.34172,60.24362],[25.32924,60.24563],[25.3239,60.24868],[25.31468,60.24694],[25.31039,60.24833],[25.29862,60.24718],[25.29912,60.24314],[25.30726,60.23937],[25.31547,60.23781],[25.31978,60.24117],[25.33283,60.23478],[25.33871,60.23538],[25.34262,60.22997],[25.34934,60.22481],[25.35289,60.22385]]],[[[25.34754,60.22211],[25.34047,60.22749],[25.33816,60.2248],[25.34754,60.22211]]],[[[25.4325,60.22252],[25.44545,60.22698],[25.44947,60.23201],[25.4445,60.23637],[25.44778,60.24582],[25.44503,60.24726],[25.42655,60.24536],[25.41547,60.24565],[25.41776,60.24877],[25.414,60.25052],[25.40738,60.2504],[25.40545,60.24499],[25.41873,60.2362],[25.41574,60.22961],[25.41901,60.22761],[25.41973,60.22364],[25.42952,60.22777],[25.4325,60.22252]]],[[[25.23066,60.2198],[25.24844,60.22284],[25.24849,60.2284],[25.25271,60.23106],[25.24947,60.2334],[25.24307,60.2319],[25.22847,60.23511],[25.21659,60.22882],[25.2151,60.2253],[25.21776,60.22296],[25.22582,60.22278],[25.23066,60.2198]]],[[[25.30953,60.21955],[25.31535,60.22184],[25.32099,60.22146],[25.33014,60.22384],[25.32867,60.22576],[25.31845,60.22491],[25.31011,60.22927],[25.30348,60.22939],[25.30333,60.22284],[25.30953,60.21955]]],[[[25.94781,60.22594],[25.95153,60.22822],[25.94878,60.23112],[25.94185,60.22963],[25.94038,60.22714],[25.94781,60.22594]]],[[[25.52048,60.2212],[25.52554,60.22516],[25.51691,60.22611],[25.52048,60.2212]]],[[[25.55585,60.22079],[25.56566,60.22237],[25.56121,60.22743],[25.55323,60.22733],[25.54857,60.22448],[25.55502,60.22293],[25.55585,60.22079]]],[[[25.49773,60.22012],[25.5071,60.22237],[25.50619,60.22476],[25.49433,60.22641],[25.49239,60.2243],[25.49773,60.22012]]],[[[25.26608,60.21694],[25.26908,60.21945],[25.26023,60.22082],[25.2575,60.21777],[25.26608,60.21694]]],[[[25.96492,60.2242],[25.97718,60.22604],[25.96559,60.22983],[25.9558,60.22569],[25.96492,60.2242]]],[[[25.27559,60.21581],[25.28096,60.2164],[25.27981,60.22027],[25.27251,60.22052],[25.27559,60.21581]]],[[[26.01917,60.22109],[26.01593,60.2247],[26.01877,60.22709],[26.0078,60.22804],[26.00469,60.22396],[26.01917,60.22109]]],[[[25.50442,60.21395],[25.51017,60.21965],[25.49657,60.21729],[25.49968,60.21431],[25.50442,60.21395]]],[[[25.38261,60.21159],[25.38866,60.21359],[25.3881,60.2163],[25.37929,60.21377],[25.38261,60.21159]]],[[[25.56077,60.21243],[25.57419,60.2185],[25.55955,60.21767],[25.55688,60.21603],[25.56077,60.21243]]],[[[25.94834,60.21593],[25.95353,60.21753],[25.951,60.22022],[25.93394,60.22046],[25.9409,60.22359],[25.9342,60.22863],[25.93552,60.23113],[25.92251,60.23349],[25.91828,60.23117],[25.9073,60.23141],[25.90101,60.23295],[25.8954,60.22575],[25.90087,60.22306],[25.9103,60.22424],[25.91359,60.22112],[25.92189,60.21944],[25.928,60.22119],[25.9337,60.21696],[25.94194,60.2177],[25.94834,60.21593]]],[[[25.95865,60.21588],[25.97853,60.2203],[25.98005,60.22379],[25.96914,60.22408],[25.9611,60.22288],[25.95556,60.21923],[25.95865,60.21588]]],[[[25.48728,60.21078],[25.4936,60.21334],[25.48504,60.21619],[25.4835,60.21273],[25.48728,60.21078]]],[[[25.91038,60.21486],[25.90611,60.22025],[25.90169,60.21871],[25.91038,60.21486]]],[[[25.22586,60.20747],[25.22992,60.21229],[25.24327,60.21256],[25.24695,60.2167],[25.23763,60.21823],[25.23197,60.21648],[25.22534,60.21645],[25.21827,60.21811],[25.21496,60.21644],[25.22263,60.21299],[25.22586,60.20747]]],[[[25.68952,60.21048],[25.68788,60.21829],[25.6829,60.21992],[25.68233,60.22351],[25.67579,60.22995],[25.67108,60.23266],[25.66403,60.22511],[25.66565,60.2234],[25.65153,60.21921],[25.65351,60.21635],[25.65906,60.21473],[25.66436,60.21834],[25.67332,60.21116],[25.68261,60.21216],[25.68952,60.21048]]],[[[25.92372,60.21165],[25.92951,60.21467],[25.91656,60.21781],[25.91411,60.21437],[25.92372,60.21165]]],[[[25.49941,60.20544],[25.50441,60.20574],[25.50595,60.20906],[25.51305,60.21078],[25.50954,60.21328],[25.49472,60.21039],[25.49941,60.20544]]],[[[25.95897,60.20824],[25.95627,60.21094],[25.9589,60.21448],[25.9512,60.21465],[25.95013,60.21214],[25.95897,60.20824]]],[[[25.21549,60.2],[25.21687,60.20168],[25.20838,60.20549],[25.20125,60.20569],[25.20576,60.20144],[25.21122,60.20248],[25.21549,60.2]]],[[[25.62312,60.20222],[25.63277,60.20447],[25.63849,60.20803],[25.64187,60.21315],[25.63192,60.21619],[25.63053,60.2182],[25.6373,60.22075],[25.63462,60.22375],[25.63592,60.22705],[25.65083,60.22944],[25.6581,60.22912],[25.66344,60.23388],[25.66493,60.23905],[25.67772,60.2382],[25.6755,60.24458],[25.66993,60.24885],[25.67316,60.25319],[25.66804,60.25584],[25.67219,60.25957],[25.65701,60.25997],[25.64928,60.26513],[25.653,60.2667],[25.6483,60.27458],[25.63692,60.27495],[25.6342,60.27685],[25.63674,60.28187],[25.63026,60.28298],[25.61848,60.28211],[25.6176,60.28477],[25.61185,60.28779],[25.61351,60.28945],[25.60941,60.29527],[25.61859,60.30338],[25.60887,60.30396],[25.61006,60.30761],[25.60515,60.3142],[25.60124,60.31646],[25.58417,60.30591],[25.57624,60.3044],[25.5734,60.2956],[25.57632,60.28978],[25.57503,60.28388],[25.56958,60.27423],[25.57049,60.26979],[25.57382,60.26599],[25.57044,60.26361],[25.5751,60.26113],[25.57662,60.25722],[25.58509,60.25216],[25.5862,60.24699],[25.59007,60.24634],[25.5975,60.24121],[25.61751,60.23532],[25.63809,60.24541],[25.64459,60.24304],[25.64041,60.24062],[25.63912,60.23707],[25.6235,60.23366],[25.6187,60.23169],[25.60823,60.2315],[25.59396,60.22585],[25.60127,60.22153],[25.60936,60.22092],[25.60829,60.21499],[25.61422,60.21231],[25.62149,60.21233],[25.6278,60.20805],[25.62355,60.20529],[25.62312,60.20222]]],[[[25.90271,60.20468],[25.90224,60.20649],[25.91376,60.20727],[25.9172,60.20868],[25.91346,60.21323],[25.90442,60.21303],[25.89811,60.2158],[25.89293,60.22129],[25.88704,60.21821],[25.8812,60.21911],[25.8735,60.21447],[25.86163,60.21176],[25.8692,60.20684],[25.87437,60.20671],[25.87926,60.2091],[25.88802,60.20655],[25.90271,60.20468]]],[[[25.49921,60.19576],[25.49687,60.20157],[25.49105,60.2021],[25.48633,60.19875],[25.49921,60.19576]]],[[[25.06441,60.18697],[25.06863,60.18828],[25.07335,60.19279],[25.06672,60.19599],[25.06139,60.19307],[25.05143,60.19198],[25.05065,60.18919],[25.05773,60.18917],[25.06441,60.18697]]],[[[25.93008,60.19656],[25.93633,60.19956],[25.92511,60.20313],[25.9207,60.20048],[25.93008,60.19656]]],[[[24.85855,60.18244],[24.87038,60.18626],[24.86869,60.18976],[24.8532,60.18483],[24.85855,60.18244]]],[[[25.8631,60.19445],[25.86734,60.19779],[25.88712,60.2001],[25.88598,60.20218],[25.87127,60.20196],[25.85896,60.19807],[25.8631,60.19445]]],[[[25.82611,60.1934],[25.83355,60.19637],[25.83367,60.19881],[25.8518,60.20228],[25.85733,60.20535],[25.86461,60.20718],[25.85687,60.2103],[25.87131,60.21666],[25.87377,60.21883],[25.88965,60.22089],[25.89229,60.22577],[25.88368,60.22473],[25.87231,60.22803],[25.86715,60.22544],[25.85939,60.22469],[25.85612,60.22712],[25.84899,60.22487],[25.84273,60.23134],[25.83779,60.23258],[25.83442,60.22921],[25.83014,60.23011],[25.82098,60.22818],[25.82062,60.22198],[25.8183,60.21351],[25.81329,60.20355],[25.8044,60.20101],[25.82044,60.19748],[25.82611,60.1934]]],[[[25.54364,60.18902],[25.54867,60.18954],[25.54822,60.19287],[25.54311,60.19503],[25.54288,60.199],[25.53929,60.20435],[25.55063,60.20808],[25.53992,60.21365],[25.52697,60.21589],[25.51847,60.21373],[25.5181,60.21183],[25.53063,60.2053],[25.53519,60.19911],[25.53013,60.19725],[25.53371,60.19221],[25.54364,60.18902]]],[[[25.01584,60.17903],[25.01587,60.18208],[25.01994,60.18733],[25.00815,60.191],[24.99492,60.18697],[24.99349,60.18486],[25.01584,60.17903]]],[[[24.98968,60.17807],[24.99759,60.17938],[24.9988,60.18205],[24.98822,60.18322],[24.98173,60.17972],[24.98968,60.17807]]],[[[25.078,60.1793],[25.08653,60.18424],[25.08432,60.18991],[25.07383,60.18915],[25.07233,60.18515],[25.0665,60.1847],[25.06777,60.18064],[25.078,60.1793]]],[[[24.8852,60.17624],[24.88895,60.17994],[24.88598,60.18578],[24.87882,60.18206],[24.88113,60.17708],[24.8852,60.17624]]],[[[24.85306,60.17389],[24.85921,60.18042],[24.85223,60.18323],[24.84373,60.18031],[24.85306,60.17389]]],[[[25.83506,60.18551],[25.83835,60.18612],[25.8374,60.1913],[25.83017,60.18728],[25.83506,60.18551]]],[[[25.24301,60.17478],[25.24796,60.17825],[25.24121,60.18148],[25.23411,60.18067],[25.23496,60.17571],[25.24301,60.17478]]],[[[24.98638,60.17043],[24.99049,60.17495],[24.98381,60.17733],[24.97873,60.17421],[24.98638,60.17043]]],[[[25.47338,60.17418],[25.49244,60.17875],[25.48744,60.18111],[25.47862,60.17898],[25.47338,60.17418]]],[[[25.46064,60.17104],[25.46774,60.17261],[25.46274,60.17588],[25.46699,60.18159],[25.4712,60.18066],[25.47721,60.18355],[25.46552,60.1855],[25.45472,60.18416],[25.44918,60.18146],[25.4439,60.1812],[25.43585,60.17779],[25.4506,60.17368],[25.4568,60.17425],[25.46064,60.17104]]],[[[24.96981,60.16308],[24.98086,60.16726],[24.97736,60.16918],[24.96117,60.1692],[24.95828,60.1667],[24.96981,60.16308]]],[[[25.35109,60.16724],[25.35236,60.17027],[25.34425,60.17434],[25.33859,60.17579],[25.32487,60.17352],[25.32406,60.17161],[25.33425,60.16893],[25.35109,60.16724]]],[[[25.06789,60.15765],[25.07753,60.15977],[25.08067,60.158],[25.09648,60.16081],[25.09741,60.16433],[25.09323,60.16836],[25.08046,60.17273],[25.07611,60.16897],[25.06608,60.16507],[25.06672,60.17162],[25.06335,60.17448],[25.06521,60.17863],[25.06268,60.18518],[25.05793,60.1877],[25.04371,60.18563],[25.04674,60.18304],[25.0422,60.17996],[25.03408,60.18145],[25.02401,60.17862],[25.01265,60.17333],[25.01,60.1703],[25.01189,60.1631],[25.02285,60.1645],[25.02973,60.16202],[25.03298,60.1641],[25.04157,60.16043],[25.05521,60.15975],[25.06789,60.15765]]],[[[25.13381,60.1554],[25.14524,60.15737],[25.13676,60.1603],[25.13381,60.1554]]],[[[25.22829,60.15625],[25.22609,60.15962],[25.21921,60.16095],[25.216,60.15946],[25.22829,60.15625]]],[[[25.4395,60.15844],[25.44592,60.15853],[25.45187,60.16378],[25.44336,60.16525],[25.43939,60.1674],[25.44466,60.17069],[25.42921,60.17199],[25.42092,60.16933],[25.42648,60.16538],[25.42443,60.16315],[25.4395,60.15844]]],[[[25.41229,60.15667],[25.42353,60.16072],[25.41608,60.16437],[25.40937,60.16268],[25.41229,60.15667]]],[[[25.12417,60.15283],[25.12946,60.15545],[25.12246,60.15852],[25.12689,60.16133],[25.10878,60.16248],[25.09936,60.16015],[25.09289,60.15563],[25.10023,60.15403],[25.10659,60.156],[25.11559,60.15315],[25.12417,60.15283]]],[[[25.01277,60.14979],[25.01757,60.15377],[25.01112,60.15547],[25.01001,60.15152],[25.01277,60.14979]]],[[[24.87653,60.1441],[24.88305,60.14613],[24.88862,60.14503],[24.89274,60.15054],[24.88652,60.15722],[24.89321,60.15852],[24.89089,60.1642],[24.88033,60.16566],[24.86638,60.16441],[24.8563,60.16682],[24.85297,60.16143],[24.85806,60.1584],[24.8547,60.15326],[24.85845,60.15164],[24.87267,60.15476],[24.87575,60.15015],[24.87653,60.1441]]],[[[24.99182,60.14301],[24.98947,60.14925],[24.98163,60.14745],[24.9875,60.14531],[24.99182,60.14301]]],[[[24.75971,60.13623],[24.76541,60.13834],[24.76529,60.14192],[24.75705,60.14217],[24.7556,60.13889],[24.75971,60.13623]]],[[[24.99014,60.13777],[24.98988,60.14247],[24.98643,60.14552],[24.98046,60.14651],[24.97769,60.14521],[24.99014,60.13777]]],[[[24.91637,60.13581],[24.91881,60.13908],[24.91451,60.14017],[24.90949,60.13741],[24.91637,60.13581]]],[[[25.0331,60.13298],[25.03545,60.13515],[25.04326,60.13516],[25.04792,60.13755],[25.05772,60.13607],[25.06415,60.13821],[25.05748,60.14054],[25.0582,60.14419],[25.06391,60.14537],[25.07649,60.14478],[25.08497,60.1465],[25.07817,60.15073],[25.06213,60.15205],[25.05462,60.15618],[25.045,60.15461],[25.0354,60.14801],[25.02582,60.14478],[25.02938,60.14259],[25.0284,60.13734],[25.0331,60.13298]]],[[[24.77982,60.12832],[24.79012,60.13095],[24.79295,60.13426],[24.78856,60.13716],[24.7772,60.13445],[24.77354,60.12959],[24.77982,60.12832]]],[[[25.00004,60.1309],[25.01097,60.13446],[25.01918,60.13162],[25.0232,60.1328],[25.02015,60.13737],[25.01192,60.136],[25.00951,60.13994],[24.99842,60.13967],[24.9941,60.1383],[24.99445,60.13458],[25.00004,60.1309]]],[[[24.88174,60.12774],[24.89078,60.13044],[24.89331,60.13379],[24.88807,60.13589],[24.88119,60.12913],[24.88174,60.12774]]],[[[24.72774,60.12302],[24.72986,60.12478],[24.72746,60.12962],[24.72951,60.13339],[24.72206,60.13407],[24.71538,60.13026],[24.70277,60.13229],[24.69885,60.12696],[24.71231,60.12296],[24.72267,60.12667],[24.72774,60.12302]]],[[[24.7406,60.12113],[24.74098,60.12617],[24.73526,60.12462],[24.7406,60.12113]]],[[[25.22437,60.12077],[25.22706,60.12651],[25.22066,60.1259],[25.21883,60.12189],[25.22437,60.12077]]],[[[24.74019,60.11168],[24.74753,60.11432],[24.73896,60.11569],[24.74019,60.11168]]],[[[24.70637,60.10629],[24.7121,60.1067],[24.72921,60.11498],[24.73949,60.11816],[24.73637,60.12175],[24.71142,60.12171],[24.68452,60.1099],[24.69668,60.10961],[24.70637,60.10629]]],[[[23.52347,60.08027],[23.52665,60.08458],[23.51972,60.08521],[23.52347,60.08027]]],[[[24.76667,60.10153],[24.76585,60.1063],[24.7605,60.10523],[24.76667,60.10153]]],[[[24.75609,60.09908],[24.76455,60.09988],[24.76133,60.10348],[24.74997,60.10402],[24.75086,60.10048],[24.75609,60.09908]]],[[[24.65847,60.09565],[24.66831,60.09862],[24.67312,60.09864],[24.67762,60.10508],[24.66945,60.1088],[24.66053,60.10766],[24.6555,60.09723],[24.65847,60.09565]]],[[[23.01633,60.05066],[23.02123,60.05523],[23.01082,60.05386],[23.01046,60.05069],[23.01633,60.05066]]],[[[25.04369,60.0954],[25.06418,60.10225],[25.06115,60.10432],[25.05296,60.10522],[25.04293,60.1045],[25.04128,60.10097],[25.04369,60.0954]]],[[[24.62495,60.08591],[24.63735,60.09082],[24.64834,60.10124],[24.6483,60.10625],[24.6431,60.10643],[24.6263,60.10226],[24.61492,60.09678],[24.61411,60.09462],[24.60465,60.09234],[24.61157,60.08856],[24.62153,60.08878],[24.62495,60.08591]]],[[[23.11223,60.04777],[23.11738,60.05133],[23.11081,60.05259],[23.10792,60.05061],[23.11223,60.04777]]],[[[24.65388,60.07892],[24.65773,60.08173],[24.66308,60.08222],[24.67078,60.08799],[24.66786,60.09009],[24.65926,60.08525],[24.65245,60.0847],[24.64824,60.08203],[24.65388,60.07892]]],[[[24.34799,60.06097],[24.3532,60.06325],[24.35402,60.06613],[24.34779,60.06839],[24.33655,60.06269],[24.34799,60.06097]]],[[[24.32366,60.05536],[24.33153,60.06229],[24.32529,60.06181],[24.32077,60.05958],[24.32366,60.05536]]],[[[24.60435,60.05728],[24.60873,60.06151],[24.61502,60.06257],[24.62096,60.06711],[24.61617,60.0699],[24.60714,60.07054],[24.59867,60.06709],[24.59206,60.06134],[24.59902,60.05765],[24.60435,60.05728]]],[[[23.09728,60.01943],[23.10599,60.0235],[23.11188,60.02448],[23.11248,60.02884],[23.10151,60.02469],[23.09728,60.01943]]],[[[24.30662,60.04619],[24.3202,60.05036],[24.31941,60.05376],[24.31282,60.05268],[24.30458,60.05445],[24.29895,60.04817],[24.30662,60.04619]]],[[[24.60246,60.05048],[24.6166,60.05632],[24.61325,60.05876],[24.60803,60.05757],[24.60246,60.05048]]],[[[22.99059,60.01019],[22.9925,60.0116],[22.99072,60.0167],[22.98605,60.01803],[22.98279,60.01429],[22.98611,60.01008],[22.99059,60.01019]]],[[[24.3111,60.04117],[24.31474,60.04546],[24.30828,60.04523],[24.3111,60.04117]]],[[[24.58929,60.04516],[24.59842,60.04993],[24.59359,60.05177],[24.60115,60.05468],[24.60034,60.05679],[24.59335,60.05765],[24.58662,60.06284],[24.57762,60.05905],[24.57318,60.05423],[24.56793,60.05245],[24.5644,60.04791],[24.56647,60.04627],[24.57856,60.04988],[24.58929,60.04516]]],[[[24.59425,60.0375],[24.60044,60.03919],[24.6026,60.04285],[24.59618,60.04572],[24.59298,60.04122],[24.59425,60.0375]]],[[[24.26595,60.02748],[24.27482,60.0303],[24.27233,60.03384],[24.26652,60.03112],[24.26595,60.02748]]],[[[24.14899,60.0195],[24.15173,60.02352],[24.14327,60.02286],[24.14899,60.0195]]],[[[24.0577,60.01507],[24.07097,60.01778],[24.0658,60.02159],[24.0577,60.01507]]],[[[24.02495,60.01269],[24.02668,60.01537],[24.03231,60.01636],[24.03445,60.0209],[24.03027,60.02246],[24.02016,60.02174],[24.01609,60.01815],[24.00927,60.01663],[24.01012,60.01339],[24.02495,60.01269]]],[[[24.09106,60.0141],[24.09743,60.01493],[24.10651,60.0216],[24.1035,60.02571],[24.09714,60.02071],[24.08595,60.01958],[24.08347,60.01784],[24.08671,60.01447],[24.09106,60.0141]]],[[[24.14105,60.01448],[24.1507,60.0168],[24.15057,60.01928],[24.13555,60.01794],[24.14105,60.01448]]],[[[23.88107,60.00858],[23.89371,60.01035],[23.89995,60.01295],[23.88726,60.0156],[23.87919,60.01377],[23.88107,60.00858]]],[[[24.54908,60.01934],[24.55375,60.02254],[24.54878,60.02628],[24.5444,60.02294],[24.54908,60.01934]]],[[[24.42552,60.01683],[24.42624,60.02502],[24.41816,60.02535],[24.41083,60.02245],[24.41374,60.01969],[24.42552,60.01683]]],[[[23.99979,60.0065],[24.00336,60.01202],[24.00118,60.01829],[23.98883,60.01828],[23.98146,60.01999],[23.97409,60.0186],[23.97384,60.01239],[23.98341,60.00774],[23.99979,60.0065]]],[[[24.54295,60.01695],[24.54178,60.02154],[24.5347,60.01834],[24.54295,60.01695]]],[[[24.1627,60.0054],[24.16804,60.00886],[24.15774,60.0088],[24.1627,60.0054]]],[[[24.36195,60.00851],[24.36352,60.01443],[24.35707,60.01448],[24.35628,60.00961],[24.36195,60.00851]]],[[[24.19933,60.00363],[24.2176,60.00898],[24.2297,60.01412],[24.22663,60.01742],[24.20337,60.01118],[24.19484,60.01073],[24.19199,60.00498],[24.19933,60.00363]]],[[[24.40802,60.00764],[24.41346,60.01299],[24.40781,60.01343],[24.40802,60.00764]]],[[[24.38851,60.00616],[24.39351,60.00943],[24.38634,60.01092],[24.38851,60.00616]]],[[[24.40135,60.0057],[24.40519,60.0098],[24.39704,60.00911],[24.40135,60.0057]]],[[[24.13129,59.99798],[24.14306,60.00058],[24.14812,60.00416],[24.14585,60.00872],[24.1426,60.00991],[24.12849,60.00532],[24.12946,60.00208],[24.12579,59.999],[24.13129,59.99798]]],[[[23.93441,59.99268],[23.93841,59.99555],[23.93462,59.998],[23.95379,60.0045],[23.95157,60.00644],[23.93599,60.0068],[23.92529,60.00961],[23.89879,60.01161],[23.88502,60.00465],[23.88689,60.00243],[23.87918,59.99936],[23.88557,59.99542],[23.89192,59.99554],[23.90145,59.99742],[23.90556,59.99665],[23.92239,59.99684],[23.93441,59.99268]]],[[[23.98292,59.99347],[23.97864,59.99613],[23.98346,59.99954],[23.97919,60.00189],[23.96318,60.00404],[23.9596,59.99773],[23.97638,59.99353],[23.98292,59.99347]]],[[[24.41991,59.99793],[24.42132,60.00428],[24.41553,60.00243],[24.41991,59.99793]]],[[[22.8199,59.95541],[22.82364,59.96154],[22.81918,59.96342],[22.81294,59.9633],[22.81581,59.95788],[22.8199,59.95541]]],[[[24.35881,59.99423],[24.36393,59.99674],[24.36301,59.99899],[24.36726,60.00389],[24.35906,60.00407],[24.35296,59.99581],[24.35881,59.99423]]],[[[24.11698,59.9885],[24.11635,59.99202],[24.10681,59.99169],[24.10308,59.99297],[24.09157,59.99349],[24.09034,59.99094],[24.10092,59.98956],[24.11698,59.9885]]],[[[23.49098,59.97283],[23.49985,59.97439],[23.49567,59.97722],[23.49098,59.97283]]],[[[24.05018,59.98491],[24.05618,59.98773],[24.05621,59.99002],[24.04044,59.99643],[24.0367,59.99548],[24.04322,59.98687],[24.05018,59.98491]]],[[[24.12914,59.98566],[24.12513,59.99125],[24.11966,59.98803],[24.12914,59.98566]]],[[[24.19311,59.98175],[24.20563,59.98601],[24.20159,59.9878],[24.18701,59.98449],[24.19311,59.98175]]],[[[23.42436,59.9629],[23.43108,59.96524],[23.42357,59.96708],[23.42436,59.9629]]],[[[23.78068,59.972],[23.78741,59.9733],[23.78611,59.97791],[23.78191,59.97735],[23.76972,59.97935],[23.76141,59.97865],[23.75778,59.98187],[23.75075,59.98127],[23.75039,59.97735],[23.75528,59.97512],[23.77383,59.9742],[23.78068,59.972]]],[[[24.48705,59.98242],[24.49271,59.98439],[24.49999,59.98944],[24.49552,59.99308],[24.48552,59.99067],[24.48099,59.98691],[24.48194,59.98321],[24.48705,59.98242]]],[[[23.74325,59.9652],[23.74358,59.96662],[23.7321,59.96898],[23.73224,59.96675],[23.74325,59.9652]]],[[[23.71214,59.96417],[23.71287,59.97032],[23.70383,59.97172],[23.70878,59.96545],[23.71214,59.96417]]],[[[23.96702,59.96975],[23.97645,59.97019],[23.97102,59.977],[23.98054,59.9819],[23.98891,59.98174],[24.00013,59.97855],[24.00018,59.9815],[23.98568,59.98564],[23.96949,59.9876],[23.96465,59.98542],[23.95621,59.98505],[23.94056,59.98625],[23.94068,59.98876],[23.93479,59.98985],[23.91118,59.98666],[23.90623,59.98551],[23.89778,59.98619],[23.89509,59.98209],[23.90488,59.9812],[23.93199,59.97455],[23.94087,59.97057],[23.94588,59.9712],[23.96225,59.97082],[23.96702,59.96975]]],[[[23.07438,59.94224],[23.08765,59.95088],[23.0881,59.954],[23.08439,59.95607],[23.09104,59.95871],[23.09004,59.9625],[23.08322,59.96273],[23.07861,59.95843],[23.07154,59.95714],[23.06384,59.95301],[23.06121,59.94978],[23.06696,59.94285],[23.07438,59.94224]]],[[[23.75704,59.96003],[23.76488,59.9611],[23.76671,59.96732],[23.77371,59.96685],[23.77221,59.97078],[23.76343,59.97169],[23.75118,59.97112],[23.7442,59.9615],[23.75704,59.96003]]],[[[23.73944,59.95844],[23.74179,59.96149],[23.73786,59.96519],[23.72989,59.96558],[23.72283,59.97058],[23.71882,59.96809],[23.72062,59.96325],[23.7263,59.95915],[23.73944,59.95844]]],[[[24.0113,59.96324],[24.01298,59.96678],[24.00967,59.96849],[23.99959,59.96663],[24.0113,59.96324]]],[[[24.44464,59.971],[24.45473,59.97363],[24.45054,59.9768],[24.44511,59.9754],[24.44464,59.971]]],[[[23.96435,59.9607],[23.95059,59.96569],[23.94588,59.96255],[23.95228,59.96093],[23.9575,59.96179],[23.96435,59.9607]]],[[[23.10343,59.93718],[23.10369,59.94163],[23.09565,59.94183],[23.09722,59.93781],[23.10343,59.93718]]],[[[23.74664,59.9543],[23.7522,59.95527],[23.75283,59.95843],[23.7464,59.9589],[23.7426,59.95532],[23.74664,59.9543]]],[[[24.40039,59.96725],[24.41216,59.96791],[24.41181,59.97058],[24.4156,59.97425],[24.40838,59.975],[24.40251,59.97263],[24.40039,59.96725]]],[[[23.14744,59.93386],[23.15231,59.93834],[23.14456,59.93911],[23.14744,59.93386]]],[[[23.95047,59.9548],[23.95861,59.95714],[23.95228,59.95939],[23.95047,59.9548]]],[[[24.01124,59.95577],[24.01673,59.9592],[24.00808,59.95979],[24.01124,59.95577]]],[[[23.93248,59.95096],[23.94205,59.95124],[23.94622,59.95496],[23.94593,59.95945],[23.93918,59.95915],[23.93706,59.95481],[23.93248,59.95096]]],[[[23.82495,59.94828],[23.83588,59.95429],[23.83317,59.95709],[23.84045,59.9594],[23.85322,59.96655],[23.84888,59.96887],[23.84993,59.97124],[23.86065,59.97125],[23.87228,59.97475],[23.87993,59.97886],[23.88076,59.98101],[23.8921,59.9893],[23.89127,59.99075],[23.87321,59.99342],[23.8671,59.99125],[23.86018,59.99393],[23.85345,59.99357],[23.85224,59.99023],[23.83946,59.97717],[23.84448,59.97471],[23.83853,59.97292],[23.83635,59.966],[23.82547,59.96055],[23.82282,59.95494],[23.81895,59.95146],[23.82495,59.94828]]],[[[24.41343,59.96085],[24.42228,59.96504],[24.42247,59.96829],[24.41575,59.9718],[24.41084,59.96624],[24.40946,59.9623],[24.41343,59.96085]]],[[[23.9838,59.95097],[23.98876,59.95365],[23.98207,59.95508],[23.97512,59.95292],[23.9838,59.95097]]],[[[24.4845,59.95934],[24.49453,59.96151],[24.49061,59.96537],[24.48299,59.96401],[24.4845,59.95934]]],[[[23.8658,59.94583],[23.87088,59.95036],[23.88298,59.94704],[23.88847,59.948],[23.89522,59.95252],[23.8955,59.95788],[23.9053,59.9518],[23.91976,59.9485],[23.92385,59.94949],[23.91937,59.95312],[23.93107,59.95452],[23.93126,59.95886],[23.93865,59.96174],[23.92242,59.96478],[23.92212,59.96868],[23.9317,59.96532],[23.9356,59.97146],[23.92392,59.97451],[23.91774,59.97717],[23.90181,59.98065],[23.88667,59.97908],[23.87456,59.97508],[23.87319,59.97071],[23.86011,59.96722],[23.85414,59.96283],[23.85532,59.95891],[23.84771,59.95775],[23.84841,59.95175],[23.85994,59.95326],[23.8658,59.94583]]],[[[23.94856,59.94666],[23.956,59.94714],[23.95654,59.95007],[23.96463,59.95048],[23.96092,59.95441],[23.95636,59.95213],[23.9518,59.95379],[23.94723,59.9481],[23.94856,59.94666]]],[[[23.09644,59.92361],[23.10062,59.92383],[23.10785,59.92843],[23.11412,59.92863],[23.11162,59.93315],[23.10237,59.93354],[23.09612,59.93058],[23.09217,59.92594],[23.09644,59.92361]]],[[[23.94365,59.94587],[23.94563,59.94823],[23.93821,59.95013],[23.93657,59.94613],[23.94365,59.94587]]],[[[23.99181,59.94688],[23.99852,59.94938],[23.99131,59.95156],[23.99181,59.94688]]],[[[23.73368,59.94041],[23.73547,59.94632],[23.73985,59.94916],[23.756,59.95079],[23.75514,59.9527],[23.72746,59.95285],[23.72472,59.9513],[23.73101,59.94164],[23.73368,59.94041]]],[[[23.86355,59.94344],[23.86602,59.94499],[23.85431,59.94893],[23.85532,59.94506],[23.86355,59.94344]]],[[[23.84381,59.94265],[23.853,59.94547],[23.84898,59.949],[23.83975,59.94828],[23.83778,59.94386],[23.84381,59.94265]]],[[[23.92099,59.94127],[23.92738,59.94285],[23.93165,59.94877],[23.92338,59.94768],[23.9131,59.94778],[23.91752,59.94165],[23.92099,59.94127]]],[[[23.9634,59.93852],[23.96899,59.94017],[23.97794,59.93962],[23.98355,59.94178],[23.97984,59.94378],[23.97234,59.94265],[23.96242,59.94341],[23.9604,59.94062],[23.9634,59.93852]]],[[[24.36464,59.94507],[24.37675,59.94914],[24.37726,59.95441],[24.36915,59.95524],[24.36091,59.95141],[24.36055,59.94835],[24.36464,59.94507]]],[[[23.90738,59.93492],[23.91506,59.9409],[23.91034,59.94252],[23.90346,59.93942],[23.90738,59.93492]]],[[[22.98343,59.90985],[22.98989,59.9102],[22.99536,59.91307],[22.9832,59.91322],[22.98343,59.90985]]],[[[23.81457,59.93244],[23.83119,59.93492],[23.83229,59.93828],[23.83866,59.94162],[23.83413,59.94405],[23.81943,59.94273],[23.81999,59.94079],[23.81388,59.93811],[23.80784,59.93364],[23.81457,59.93244]]],[[[23.6713,59.92676],[23.67192,59.93311],[23.66264,59.93152],[23.66568,59.92756],[23.6713,59.92676]]],[[[23.07846,59.91041],[23.08404,59.91263],[23.08424,59.91496],[23.07867,59.91731],[23.0746,59.91643],[23.07389,59.91191],[23.07846,59.91041]]],[[[24.00848,59.93475],[24.00578,59.93889],[24.00055,59.93562],[24.00848,59.93475]]],[[[23.94675,59.93137],[23.95481,59.93403],[23.95029,59.94006],[23.93933,59.9384],[23.93137,59.93595],[23.93361,59.93125],[23.94675,59.93137]]],[[[23.85052,59.92862],[23.85589,59.93209],[23.85081,59.93318],[23.84655,59.93123],[23.85052,59.92862]]],[[[22.96462,59.90421],[22.97205,59.91276],[22.96203,59.91383],[22.95733,59.91086],[22.94696,59.90938],[22.94412,59.90605],[22.95651,59.9073],[22.96462,59.90421]]],[[[23.48205,59.91889],[23.49277,59.91995],[23.49493,59.92246],[23.48846,59.92389],[23.48069,59.92242],[23.48205,59.91889]]],[[[23.36639,59.91501],[23.37201,59.91538],[23.38426,59.91806],[23.39534,59.91682],[23.39941,59.92115],[23.38773,59.9249],[23.37861,59.93376],[23.3717,59.93347],[23.35922,59.92955],[23.36053,59.92498],[23.35573,59.9245],[23.35612,59.91674],[23.36639,59.91501]]],[[[23.91447,59.92888],[23.92354,59.93194],[23.9198,59.93547],[23.91538,59.9328],[23.91447,59.92888]]],[[[23.41437,59.91619],[23.43126,59.91699],[23.44353,59.91967],[23.45011,59.91897],[23.45366,59.92187],[23.46181,59.92373],[23.48247,59.92572],[23.488,59.92797],[23.48248,59.9341],[23.47658,59.93812],[23.46695,59.94081],[23.46726,59.94352],[23.45939,59.94509],[23.45129,59.94257],[23.44405,59.947],[23.43215,59.94786],[23.42712,59.94553],[23.42369,59.94769],[23.42758,59.95028],[23.42429,59.95322],[23.41871,59.9528],[23.41108,59.94881],[23.38985,59.94328],[23.37943,59.93482],[23.38524,59.9328],[23.38932,59.92516],[23.40181,59.92213],[23.40094,59.91861],[23.40848,59.91618],[23.41437,59.91619]]],[[[23.33941,59.91342],[23.34599,59.91382],[23.34991,59.91633],[23.34502,59.92058],[23.33748,59.91913],[23.33441,59.91645],[23.33941,59.91342]]],[[[23.75662,59.92403],[23.77105,59.93246],[23.77447,59.9327],[23.77864,59.93668],[23.79486,59.941],[23.81358,59.94451],[23.81387,59.94928],[23.80941,59.94937],[23.80359,59.94449],[23.79774,59.94683],[23.78714,59.94185],[23.77948,59.9421],[23.77142,59.93893],[23.76455,59.94476],[23.74946,59.94011],[23.7475,59.93736],[23.75327,59.93537],[23.74699,59.93041],[23.74686,59.92629],[23.75662,59.92403]]],[[[23.72131,59.923],[23.72294,59.92439],[23.72056,59.93424],[23.71703,59.93732],[23.68499,59.9339],[23.6871,59.93196],[23.69437,59.93234],[23.69596,59.92655],[23.70607,59.927],[23.71254,59.92343],[23.72131,59.923]]],[[[23.4733,59.91612],[23.47809,59.91883],[23.47213,59.92095],[23.46369,59.91926],[23.46479,59.91673],[23.4733,59.91612]]],[[[24.01334,59.92906],[24.02279,59.93248],[24.01781,59.93452],[24.01152,59.93127],[24.01334,59.92906]]],[[[23.6682,59.9199],[23.68055,59.92534],[23.69107,59.92373],[23.68721,59.92964],[23.68034,59.93173],[23.67422,59.92993],[23.67252,59.92533],[23.66464,59.92326],[23.6682,59.9199]]],[[[23.98215,59.92727],[23.98602,59.93015],[23.98304,59.93303],[23.97694,59.93097],[23.98215,59.92727]]],[[[23.83793,59.92303],[23.84379,59.92325],[23.84223,59.92705],[23.83469,59.92708],[23.83793,59.92303]]],[[[23.01623,59.89948],[23.0168,59.90167],[23.02812,59.90509],[23.02701,59.90947],[23.01975,59.91146],[23.01326,59.90765],[23.01052,59.90282],[23.01623,59.89948]]],[[[23.88917,59.92231],[23.89057,59.92535],[23.88986,59.93156],[23.87501,59.93537],[23.86747,59.93233],[23.87915,59.92924],[23.88617,59.92296],[23.88917,59.92231]]],[[[23.53115,59.91279],[23.53589,59.91328],[23.5472,59.91674],[23.55562,59.9166],[23.55313,59.92013],[23.5444,59.91896],[23.53646,59.91994],[23.52815,59.91402],[23.53115,59.91279]]],[[[22.9738,59.89644],[22.97449,59.90196],[22.96848,59.90155],[22.9738,59.89644]]],[[[23.39294,59.90827],[23.40746,59.90965],[23.40305,59.91285],[23.39399,59.91303],[23.38476,59.91079],[23.39294,59.90827]]],[[[24.39226,59.93172],[24.39492,59.93527],[24.39337,59.93764],[24.3864,59.93668],[24.38409,59.9343],[24.39226,59.93172]]],[[[23.63829,59.91431],[23.64113,59.91771],[23.6526,59.91943],[23.64607,59.92295],[23.6433,59.92055],[23.63601,59.91908],[23.63248,59.91682],[23.63829,59.91431]]],[[[23.91885,59.92048],[23.91827,59.92536],[23.91051,59.92371],[23.91885,59.92048]]],[[[23.91035,59.92028],[23.90687,59.92594],[23.90151,59.92534],[23.90698,59.92052],[23.91035,59.92028]]],[[[22.89882,59.89246],[22.90595,59.89627],[22.90492,59.89998],[22.89721,59.90426],[22.89189,59.90174],[22.89203,59.89709],[22.89882,59.89246]]],[[[23.83651,59.91827],[23.84123,59.92213],[23.83382,59.92329],[23.8209,59.9283],[23.81425,59.92763],[23.80497,59.92323],[23.81526,59.92126],[23.82404,59.92167],[23.82437,59.91843],[23.83651,59.91827]]],[[[22.87961,59.89058],[22.88579,59.89476],[22.87526,59.89727],[22.87961,59.89058]]],[[[23.30622,59.90305],[23.31559,59.9047],[23.31665,59.90925],[23.31032,59.91029],[23.30222,59.9094],[23.30622,59.90305]]],[[[23.84892,59.91654],[23.8562,59.91683],[23.86142,59.92342],[23.85799,59.9269],[23.85347,59.92656],[23.84215,59.91847],[23.84892,59.91654]]],[[[24.41469,59.92867],[24.41227,59.93113],[24.40468,59.93279],[24.40197,59.9293],[24.41469,59.92867]]],[[[23.54085,59.9075],[23.54698,59.91012],[23.53589,59.91161],[23.54085,59.9075]]],[[[23.59286,59.90797],[23.59774,59.90858],[23.60175,59.91169],[23.60063,59.91499],[23.61431,59.92045],[23.62726,59.92224],[23.63672,59.92069],[23.64038,59.92301],[23.65998,59.93205],[23.64637,59.93238],[23.6419,59.92975],[23.63439,59.93083],[23.63224,59.93425],[23.62593,59.937],[23.61792,59.93739],[23.61717,59.93233],[23.61235,59.93119],[23.58835,59.93032],[23.58385,59.93189],[23.55711,59.93205],[23.53958,59.93085],[23.52881,59.92772],[23.53118,59.92585],[23.54358,59.92142],[23.55469,59.9229],[23.56505,59.92173],[23.56648,59.91785],[23.57565,59.91905],[23.58055,59.91632],[23.58662,59.91631],[23.58567,59.9092],[23.59286,59.90797]]],[[[23.06726,59.89316],[23.07553,59.89406],[23.07419,59.89925],[23.06387,59.90542],[23.05964,59.90505],[23.05758,59.90142],[23.05917,59.89645],[23.06726,59.89316]]],[[[23.11989,59.89408],[23.12903,59.89642],[23.13111,59.89835],[23.12941,59.90295],[23.12065,59.9036],[23.11898,59.90637],[23.12526,59.90901],[23.12699,59.91268],[23.12224,59.91433],[23.11762,59.91116],[23.11141,59.91174],[23.1092,59.92149],[23.10223,59.92119],[23.1052,59.91747],[23.10339,59.91558],[23.09494,59.91412],[23.09177,59.90993],[23.08632,59.9112],[23.07997,59.91055],[23.07582,59.9066],[23.08775,59.90482],[23.09333,59.90948],[23.09942,59.91007],[23.10057,59.90649],[23.10603,59.90756],[23.1086,59.90328],[23.10203,59.90005],[23.10447,59.89837],[23.11989,59.89408]]],[[[23.60796,59.9075],[23.613,59.90871],[23.61292,59.91247],[23.60705,59.91592],[23.60298,59.91494],[23.60796,59.9075]]],[[[22.93595,59.88657],[22.94123,59.88735],[22.94087,59.89143],[22.93443,59.89028],[22.93595,59.88657]]],[[[23.13243,59.89199],[23.1375,59.89475],[23.13446,59.89755],[23.12718,59.89439],[23.13243,59.89199]]],[[[23.65874,59.90624],[23.66356,59.90907],[23.66418,59.91583],[23.65978,59.91751],[23.65259,59.91316],[23.65605,59.91068],[23.65232,59.90844],[23.65874,59.90624]]],[[[22.98033,59.88678],[22.98332,59.88931],[22.9807,59.8924],[22.97507,59.89428],[22.9661,59.89466],[22.95601,59.89372],[22.96856,59.88693],[22.98033,59.88678]]],[[[23.99022,59.9137],[24.00145,59.91457],[23.99826,59.91721],[23.9889,59.91623],[23.99022,59.9137]]],[[[23.62101,59.90198],[23.62119,59.90715],[23.61618,59.90894],[23.61435,59.90469],[23.62101,59.90198]]],[[[23.2688,59.8911],[23.28411,59.89704],[23.28004,59.89931],[23.27063,59.89755],[23.26529,59.89844],[23.26039,59.89497],[23.26166,59.89195],[23.2688,59.8911]]],[[[23.50453,59.89675],[23.51397,59.89963],[23.51471,59.90214],[23.50411,59.90174],[23.50453,59.89675]]],[[[23.68556,59.90113],[23.69315,59.90209],[23.69621,59.90746],[23.68918,59.90639],[23.68556,59.90113]]],[[[23.85887,59.90372],[23.86191,59.91118],[23.8569,59.91253],[23.84838,59.91089],[23.85482,59.90857],[23.85887,59.90372]]],[[[23.07408,59.88223],[23.08764,59.88632],[23.08778,59.8922],[23.0791,59.89307],[23.0753,59.89004],[23.0639,59.88866],[23.06843,59.88209],[23.07408,59.88223]]],[[[23.73239,59.89999],[23.73241,59.90579],[23.7194,59.90277],[23.72312,59.90038],[23.73239,59.89999]]],[[[23.36113,59.88999],[23.37154,59.89291],[23.38401,59.89421],[23.38571,59.90092],[23.37749,59.90391],[23.37471,59.90639],[23.36389,59.90627],[23.35977,59.90943],[23.35199,59.91097],[23.34322,59.90846],[23.34382,59.90585],[23.33877,59.90306],[23.3428,59.89811],[23.34678,59.90016],[23.34607,59.90404],[23.36022,59.90034],[23.36293,59.89728],[23.35858,59.89252],[23.36113,59.88999]]],[[[24.34847,59.91353],[24.35223,59.92121],[24.34512,59.91952],[24.34847,59.91353]]],[[[23.54502,59.89375],[23.54636,59.89975],[23.54101,59.90075],[23.53969,59.90399],[23.53002,59.90437],[23.5219,59.90354],[23.52394,59.90097],[23.53243,59.89921],[23.53856,59.89984],[23.54502,59.89375]]],[[[23.55782,59.89339],[23.56866,59.89943],[23.55947,59.90221],[23.54942,59.89657],[23.55782,59.89339]]],[[[23.41402,59.88762],[23.4196,59.8878],[23.42532,59.89011],[23.44125,59.89137],[23.44027,59.89444],[23.43043,59.89329],[23.42685,59.8946],[23.41071,59.89117],[23.41402,59.88762]]],[[[23.52429,59.89024],[23.53952,59.89686],[23.5285,59.89758],[23.52846,59.89407],[23.52429,59.89024]]],[[[23.50945,59.88902],[23.51994,59.89002],[23.52382,59.89353],[23.52085,59.89585],[23.51333,59.8967],[23.50547,59.89478],[23.49684,59.89795],[23.49565,59.90259],[23.50349,59.90335],[23.51473,59.90749],[23.51998,59.90459],[23.52974,59.90583],[23.52597,59.90933],[23.52816,59.91219],[23.51801,59.91783],[23.52578,59.92733],[23.52249,59.92869],[23.51197,59.92793],[23.50658,59.92425],[23.49852,59.92363],[23.50156,59.92021],[23.50787,59.92055],[23.50953,59.91718],[23.4973,59.91315],[23.49006,59.91397],[23.48369,59.91624],[23.4806,59.91334],[23.46847,59.91572],[23.46094,59.91454],[23.46002,59.91253],[23.4529,59.9116],[23.43977,59.91337],[23.4318,59.91307],[23.42647,59.91101],[23.4188,59.91388],[23.41224,59.91429],[23.40866,59.91253],[23.40992,59.90837],[23.40076,59.90421],[23.40888,59.90131],[23.41574,59.89571],[23.42211,59.89819],[23.43356,59.89547],[23.44238,59.8986],[23.43772,59.90082],[23.44395,59.90339],[23.44719,59.89991],[23.45546,59.90057],[23.46827,59.89352],[23.47353,59.8969],[23.47795,59.89457],[23.47555,59.89108],[23.48513,59.89203],[23.48897,59.89442],[23.49666,59.89189],[23.50945,59.88902]]],[[[23.31205,59.88114],[23.31471,59.88258],[23.32873,59.88183],[23.33157,59.88438],[23.33057,59.88796],[23.31782,59.88966],[23.31815,59.89217],[23.30588,59.89278],[23.30202,59.89069],[23.29134,59.89273],[23.28465,59.88859],[23.28603,59.88557],[23.29295,59.88243],[23.31205,59.88114]]],[[[23.65999,59.88979],[23.66755,59.89489],[23.6559,59.89361],[23.65999,59.88979]]],[[[23.54537,59.886],[23.54927,59.89001],[23.53669,59.89322],[23.52901,59.89009],[23.53666,59.88602],[23.54537,59.886]]],[[[23.53619,59.88179],[23.53806,59.88535],[23.52806,59.88618],[23.52778,59.88395],[23.53619,59.88179]]],[[[23.35116,59.8763],[23.35651,59.87753],[23.35546,59.88092],[23.34777,59.8803],[23.35116,59.8763]]],[[[23.63156,59.8837],[23.64361,59.88551],[23.6415,59.88802],[23.62407,59.88683],[23.62378,59.88395],[23.63156,59.8837]]],[[[23.74145,59.88474],[23.74873,59.88606],[23.74851,59.88884],[23.73832,59.88697],[23.74145,59.88474]]],[[[23.46282,59.87525],[23.46607,59.87731],[23.47295,59.8762],[23.47575,59.87833],[23.45453,59.88035],[23.45367,59.87866],[23.46282,59.87525]]],[[[23.30605,59.87055],[23.31129,59.872],[23.30926,59.87513],[23.29972,59.87397],[23.30605,59.87055]]],[[[23.68195,59.87901],[23.69057,59.88033],[23.69274,59.88389],[23.70076,59.88697],[23.69446,59.88953],[23.68845,59.88692],[23.68725,59.88273],[23.6819,59.88262],[23.68195,59.87901]]],[[[23.35553,59.86857],[23.36383,59.87338],[23.36637,59.87757],[23.35651,59.87649],[23.35765,59.87317],[23.35103,59.87],[23.35553,59.86857]]],[[[23.50425,59.86904],[23.51142,59.87207],[23.50265,59.87327],[23.499,59.87121],[23.50425,59.86904]]],[[[23.43267,59.86663],[23.42581,59.87215],[23.42066,59.87306],[23.41598,59.87098],[23.42531,59.86717],[23.43267,59.86663]]],[[[23.5283,59.86854],[23.52939,59.87139],[23.51597,59.87317],[23.51546,59.87007],[23.5283,59.86854]]],[[[23.40208,59.86326],[23.41141,59.86472],[23.41507,59.86734],[23.41119,59.87331],[23.41294,59.87464],[23.42622,59.87534],[23.43609,59.87977],[23.43437,59.88227],[23.42611,59.88077],[23.42633,59.88481],[23.42272,59.88718],[23.40807,59.88421],[23.39233,59.88614],[23.38864,59.88842],[23.37923,59.88885],[23.36127,59.88158],[23.36694,59.87728],[23.37701,59.8774],[23.37592,59.87124],[23.36464,59.87042],[23.35793,59.86752],[23.35985,59.86553],[23.3708,59.86476],[23.37292,59.86256],[23.39042,59.86499],[23.40208,59.86326]]],[[[23.30782,59.86043],[23.31087,59.86085],[23.30958,59.86753],[23.30433,59.86956],[23.29943,59.86907],[23.28725,59.87017],[23.28919,59.86687],[23.29973,59.86093],[23.30782,59.86043]]],[[[23.27233,59.85896],[23.27967,59.86123],[23.27448,59.86354],[23.26804,59.8602],[23.27233,59.85896]]],[[[22.83593,59.84584],[22.84248,59.85002],[22.83086,59.84941],[22.83593,59.84584]]],[[[23.52243,59.8641],[23.52645,59.86735],[23.51611,59.869],[23.51457,59.8653],[23.52243,59.8641]]],[[[23.50324,59.86294],[23.50591,59.86496],[23.50122,59.86753],[23.49058,59.86514],[23.50324,59.86294]]],[[[23.56716,59.86417],[23.57908,59.86448],[23.57601,59.86797],[23.56887,59.86828],[23.56112,59.8657],[23.56716,59.86417]]],[[[23.58972,59.86392],[23.60772,59.86563],[23.60672,59.86811],[23.59935,59.87149],[23.58972,59.86392]]],[[[23.38902,59.85753],[23.38747,59.86243],[23.3773,59.8607],[23.37644,59.8589],[23.38902,59.85753]]],[[[23.438,59.85706],[23.44385,59.85811],[23.44664,59.8607],[23.43889,59.86207],[23.438,59.85706]]],[[[23.43501,59.85606],[23.43192,59.86516],[23.42458,59.86462],[23.42027,59.86236],[23.43501,59.85606]]],[[[23.34816,59.85337],[23.35378,59.85364],[23.35402,59.85657],[23.34659,59.85804],[23.33865,59.85529],[23.34816,59.85337]]],[[[23.42389,59.85452],[23.42142,59.85942],[23.41679,59.8577],[23.42389,59.85452]]],[[[23.49879,59.84814],[23.4925,59.85174],[23.48877,59.84968],[23.49879,59.84814]]],[[[23.22447,59.83917],[23.23578,59.84175],[23.23947,59.84104],[23.24979,59.84364],[23.24675,59.84658],[23.23828,59.847],[23.22745,59.84513],[23.21903,59.84602],[23.2155,59.84442],[23.21618,59.84103],[23.22447,59.83917]]],[[[23.33044,59.83495],[23.33706,59.83636],[23.34139,59.84014],[23.33797,59.84173],[23.32353,59.84085],[23.31762,59.83794],[23.33044,59.83495]]],[[[22.83202,59.81262],[22.82807,59.8159],[22.81976,59.81558],[22.82116,59.81245],[22.8303,59.814],[22.83202,59.81262]]],[[[23.57852,59.83295],[23.57824,59.83505],[23.57013,59.83572],[23.56662,59.83281],[23.57852,59.83295]]],[[[23.028,60.10157],[23.00958,60.09798],[23.00276,60.09792],[23.00219,60.09496],[23.01878,60.09164],[23.01786,60.08747],[23.01225,60.08623],[22.98845,60.08548],[22.99047,60.08254],[22.98541,60.08004],[22.98533,60.07499],[22.9889,60.0705],[22.99837,60.06401],[23.0132,60.06261],[23.01882,60.06545],[23.00755,60.07558],[23.0123,60.08125],[23.01811,60.07707],[23.01251,60.07412],[23.02216,60.06557],[23.02591,60.06657],[23.02852,60.071],[23.03264,60.07159],[23.04574,60.06492],[23.04827,60.05681],[23.05582,60.05758],[23.07049,60.05469],[23.0633,60.05141],[23.0514,60.04931],[23.05693,60.04469],[23.07015,60.0454],[23.0786,60.04823],[23.07515,60.05343],[23.08459,60.05496],[23.08556,60.04946],[23.07966,60.04641],[23.08222,60.04383],[23.09373,60.04281],[23.09536,60.04007],[23.10478,60.04048],[23.10462,60.04474],[23.10851,60.04663],[23.10172,60.05287],[23.1159,60.06025],[23.1242,60.06039],[23.12423,60.06288],[23.12924,60.0666],[23.14631,60.06928],[23.1491,60.0676],[23.14244,60.06481],[23.14514,60.05737],[23.15199,60.0594],[23.15021,60.06673],[23.15666,60.06494],[23.16115,60.06617],[23.16434,60.06978],[23.17774,60.06919],[23.19676,60.07072],[23.19801,60.06921],[23.21465,60.07037],[23.21883,60.06883],[23.22655,60.06975],[23.23294,60.06374],[23.24056,60.06311],[23.24814,60.06439],[23.26,60.06463],[23.26574,60.06277],[23.24799,60.05672],[23.24263,60.05124],[23.23945,60.05309],[23.22403,60.04371],[23.22591,60.03997],[23.21789,60.03704],[23.20997,60.04022],[23.21598,60.04823],[23.22005,60.04921],[23.2235,60.05562],[23.22934,60.05739],[23.23149,60.06084],[23.22012,60.06262],[23.19976,60.0611],[23.19106,60.06374],[23.18609,60.06274],[23.17956,60.0655],[23.16219,60.06179],[23.16082,60.05856],[23.15563,60.05726],[23.1548,60.05282],[23.14095,60.05176],[23.11636,60.04481],[23.11467,60.03916],[23.11616,60.03753],[23.11648,60.02563],[23.11343,60.0183],[23.11487,60.01105],[23.11106,60.00733],[23.09914,60.01675],[23.09033,60.01376],[23.09195,60.00873],[23.08724,60.00779],[23.0851,60.01302],[23.08976,60.01701],[23.0961,60.02619],[23.10864,60.03034],[23.10678,60.03553],[23.10197,60.03704],[23.09434,60.03698],[23.07831,60.04066],[23.0484,60.04324],[23.03922,60.04688],[23.03174,60.04689],[23.02502,60.04416],[23.01784,60.0473],[23.00226,60.0411],[22.9895,60.03878],[22.98529,60.03272],[22.99441,60.03071],[22.99135,60.02613],[22.99671,60.02456],[22.99847,60.02061],[23.00731,60.01923],[23.00755,60.0072],[23.01072,60.00376],[23.01579,60.00206],[23.02248,60.00675],[23.03608,60.00657],[23.04882,59.99626],[23.03948,59.99466],[23.03929,60.00015],[23.03707,60.00363],[23.02735,60.00547],[23.0225,60.00332],[23.0265,59.99645],[23.02372,59.99079],[23.02993,59.98969],[23.02917,59.98611],[23.01933,59.9845],[23.01362,59.99117],[23.00546,59.98726],[23.00745,59.97983],[22.99853,59.97631],[22.99476,59.97822],[22.9869,59.97657],[22.98383,59.97166],[22.97891,59.97054],[22.97152,59.97396],[22.97309,59.97608],[22.96701,59.98023],[22.95054,59.97963],[22.95119,59.98577],[22.95471,59.98989],[22.94823,59.99244],[22.93066,59.99246],[22.92863,59.9915],[22.91297,59.99091],[22.90681,59.9885],[22.9131,59.97779],[22.90825,59.97459],[22.90231,59.9756],[22.90059,59.9792],[22.89347,59.97689],[22.88401,59.97971],[22.87593,59.97916],[22.86919,59.97472],[22.85997,59.97154],[22.85644,59.9664],[22.84948,59.96834],[22.84856,59.97282],[22.85142,59.97827],[22.85021,59.98159],[22.83964,59.98021],[22.83584,59.98344],[22.83722,59.98791],[22.84966,59.98869],[22.85251,59.991],[22.83979,59.99203],[22.82968,59.99659],[22.82423,60.00131],[22.83596,60.00147],[22.83839,60.00292],[22.83434,60.00652],[22.84258,60.00961],[22.83516,60.01243],[22.84622,60.01507],[22.8366,60.01882],[22.81727,60.01919],[22.81007,60.0175],[22.80957,60.01546],[22.81461,60.00767],[22.81425,60.00237],[22.81646,59.99908],[22.812,59.99633],[22.81496,59.98857],[22.81191,59.98584],[22.81442,59.9804],[22.82432,59.97898],[22.82252,59.97439],[22.83009,59.96617],[22.83504,59.96353],[22.83927,59.96414],[22.85871,59.96055],[22.86369,59.95371],[22.87007,59.94943],[22.86123,59.94451],[22.85962,59.94234],[22.86326,59.93869],[22.865,59.93256],[22.87168,59.92966],[22.87849,59.92148],[22.88875,59.9157],[22.89456,59.91584],[22.90343,59.91236],[22.90556,59.9164],[22.9145,59.9166],[22.91521,59.91228],[22.92213,59.91446],[22.92939,59.91042],[22.9391,59.90847],[22.95762,59.91479],[22.95679,59.9186],[22.96075,59.92116],[22.97036,59.91865],[22.97734,59.92314],[22.98622,59.92352],[22.99604,59.92161],[23.00202,59.92298],[22.99252,59.93104],[22.9843,59.93425],[22.97602,59.93469],[22.96802,59.93242],[22.96104,59.93337],[22.96776,59.94076],[22.9667,59.94718],[22.97051,59.95057],[22.9792,59.95155],[22.97985,59.94111],[22.9901,59.93724],[22.99961,59.94067],[23.00391,59.93825],[23.01033,59.93885],[23.01832,59.94202],[23.02164,59.93891],[23.0113,59.93699],[23.00424,59.93404],[23.01337,59.92681],[23.0151,59.92337],[23.02505,59.92252],[23.02739,59.91678],[23.04587,59.9184],[23.04833,59.91688],[23.05842,59.92044],[23.06418,59.91988],[23.07064,59.93024],[23.0646,59.93334],[23.06839,59.93639],[23.06347,59.94083],[23.06353,59.94398],[23.0582,59.95127],[23.07168,59.96041],[23.07181,59.96455],[23.06934,59.96788],[23.0711,59.97589],[23.07876,59.9782],[23.07438,59.9831],[23.06736,59.98146],[23.06472,59.98346],[23.05338,59.97983],[23.05169,59.97707],[23.0314,59.9794],[23.02953,59.98475],[23.03829,59.98976],[23.04714,59.98821],[23.05359,59.98851],[23.05799,59.99058],[23.06434,59.98861],[23.07377,59.99446],[23.10111,60.0052],[23.11393,60.0046],[23.1339,60.00729],[23.14677,60.00823],[23.15232,60.01219],[23.16193,60.01476],[23.17685,60.01591],[23.1824,60.01965],[23.18907,60.02667],[23.19035,60.02994],[23.20273,60.03462],[23.21397,60.0316],[23.21844,60.03172],[23.23061,60.03603],[23.23411,60.03475],[23.23308,60.0308],[23.22724,60.02965],[23.21064,60.02288],[23.21501,60.01967],[23.20853,60.01583],[23.1997,60.01412],[23.2014,60.00939],[23.20794,60.00587],[23.19999,60.00175],[23.21213,59.9972],[23.20501,59.99531],[23.2015,59.99244],[23.19675,59.99578],[23.19527,59.9998],[23.19678,60.00531],[23.2006,60.00737],[23.19029,60.0172],[23.18673,60.01505],[23.1747,60.01143],[23.15486,60.00841],[23.13905,60.00221],[23.13569,60.0041],[23.12764,60.00172],[23.12109,60.00159],[23.11658,59.99921],[23.11211,59.99113],[23.11469,59.98921],[23.10955,59.98684],[23.11002,59.9839],[23.10752,59.97575],[23.1015,59.96942],[23.10192,59.96229],[23.09754,59.95623],[23.09831,59.94943],[23.09663,59.94649],[23.10372,59.94446],[23.10813,59.94142],[23.11312,59.94334],[23.12021,59.94124],[23.12529,59.94293],[23.13577,59.94908],[23.13111,59.95764],[23.13421,59.96273],[23.13893,59.96501],[23.15338,59.96721],[23.15878,59.96589],[23.15747,59.96245],[23.16355,59.95909],[23.16681,59.95526],[23.16445,59.95116],[23.15873,59.9528],[23.15508,59.94727],[23.16913,59.94442],[23.17922,59.94668],[23.18672,59.95064],[23.18803,59.95435],[23.1862,59.95769],[23.17959,59.95943],[23.18083,59.96292],[23.17799,59.9686],[23.1786,59.97229],[23.18329,59.97473],[23.19297,59.97677],[23.19754,59.97493],[23.20591,59.96405],[23.21691,59.95643],[23.21296,59.95384],[23.19663,59.94797],[23.1869,59.94328],[23.17433,59.94062],[23.16198,59.9412],[23.15426,59.93549],[23.1478,59.93252],[23.14463,59.92364],[23.15825,59.92299],[23.163,59.92105],[23.16357,59.9181],[23.16892,59.9169],[23.15864,59.91041],[23.16669,59.90982],[23.18427,59.91614],[23.19137,59.9198],[23.20586,59.92465],[23.20626,59.93122],[23.21518,59.93406],[23.21545,59.93595],[23.22369,59.93731],[23.22551,59.94108],[23.21684,59.93992],[23.21509,59.93736],[23.20378,59.93666],[23.20054,59.9376],[23.20789,59.94323],[23.21138,59.94222],[23.22417,59.94665],[23.23182,59.94743],[23.23239,59.94378],[23.24069,59.9453],[23.24412,59.94754],[23.24459,59.95184],[23.25044,59.95602],[23.26858,59.96218],[23.27761,59.96905],[23.27937,59.97451],[23.27812,59.97912],[23.28758,59.9867],[23.29734,59.99114],[23.30049,59.99418],[23.29997,60.00124],[23.30179,60.01557],[23.29842,60.01927],[23.30583,60.02924],[23.30623,60.03496],[23.31218,60.04146],[23.32049,60.04718],[23.32886,60.04696],[23.32842,60.04188],[23.32249,60.03628],[23.32001,60.03111],[23.31213,60.0246],[23.30868,60.01927],[23.30733,60.00756],[23.30491,59.99969],[23.30597,59.99398],[23.30185,59.99038],[23.29584,59.98174],[23.2945,59.97587],[23.28903,59.96992],[23.28123,59.96694],[23.27901,59.95839],[23.26976,59.95763],[23.26358,59.95303],[23.27119,59.95015],[23.2473,59.93917],[23.23887,59.93921],[23.22496,59.93287],[23.22311,59.92982],[23.21806,59.92929],[23.21499,59.92649],[23.21608,59.92126],[23.20773,59.92262],[23.19364,59.91825],[23.19707,59.9142],[23.17967,59.90779],[23.17359,59.90847],[23.16783,59.90583],[23.17033,59.90285],[23.16263,59.90183],[23.1669,59.89882],[23.16931,59.89203],[23.15902,59.88732],[23.15138,59.88637],[23.13572,59.88809],[23.12973,59.88637],[23.12201,59.88775],[23.1168,59.88657],[23.10467,59.88741],[23.10265,59.88366],[23.09409,59.88229],[23.0771,59.8814],[23.07164,59.87781],[23.07174,59.87337],[23.06289,59.87013],[23.0552,59.87079],[23.05005,59.86601],[23.03413,59.86469],[23.02904,59.86598],[23.0261,59.86274],[23.02027,59.86048],[23.01485,59.86072],[23.0135,59.85646],[22.99911,59.85413],[22.99504,59.85019],[22.98001,59.84592],[22.97339,59.84971],[22.9659,59.8502],[22.96186,59.84432],[22.94441,59.84273],[22.93636,59.84543],[22.92984,59.84294],[22.93476,59.84003],[22.92748,59.83521],[22.92503,59.82795],[22.91661,59.8234],[22.90101,59.82127],[22.90407,59.81927],[22.89719,59.81299],[22.89122,59.81091],[22.89396,59.80883],[22.90586,59.8123],[22.91008,59.80911],[22.91564,59.81185],[22.91311,59.81461],[22.92001,59.81993],[22.92822,59.8235],[22.94821,59.82399],[22.95276,59.82077],[22.95977,59.81811],[22.96543,59.82081],[22.96869,59.81942],[22.97765,59.82276],[22.98368,59.82001],[22.98553,59.82545],[22.99721,59.82701],[23.00998,59.82504],[23.0231,59.82485],[23.03825,59.82656],[23.05619,59.82067],[23.0614,59.82327],[23.05292,59.82653],[23.061,59.82908],[23.0616,59.82567],[23.08483,59.82693],[23.08181,59.83216],[23.0915,59.83479],[23.09945,59.83406],[23.10216,59.83097],[23.10043,59.82698],[23.12166,59.82705],[23.13098,59.82996],[23.13899,59.82906],[23.15159,59.8335],[23.15559,59.83287],[23.16494,59.83611],[23.17188,59.83486],[23.17272,59.83114],[23.18448,59.82819],[23.18926,59.82945],[23.18849,59.83275],[23.20373,59.83793],[23.21485,59.83997],[23.21343,59.84682],[23.21723,59.84871],[23.22966,59.85086],[23.23199,59.85599],[23.24084,59.86164],[23.23135,59.86502],[23.22758,59.86881],[23.22925,59.87202],[23.22501,59.87343],[23.22592,59.8819],[23.22268,59.88309],[23.22227,59.8897],[23.22469,59.89206],[23.2346,59.89612],[23.26162,59.90002],[23.27001,59.90346],[23.28072,59.90503],[23.29031,59.9082],[23.2958,59.90859],[23.30948,59.91535],[23.31392,59.9214],[23.32193,59.92263],[23.33213,59.92629],[23.33691,59.9265],[23.34626,59.93239],[23.36158,59.93593],[23.36627,59.93507],[23.37171,59.93687],[23.38244,59.94437],[23.38007,59.94898],[23.38717,59.9544],[23.39548,59.97086],[23.40754,59.9811],[23.41591,59.98087],[23.42016,59.98349],[23.42643,59.98347],[23.42952,59.99014],[23.44096,59.99236],[23.45134,59.99833],[23.45662,60.00333],[23.46049,60.01061],[23.46664,60.0178],[23.46623,60.0245],[23.47211,60.02978],[23.46523,60.03531],[23.46862,60.03907],[23.46493,60.04173],[23.47002,60.04524],[23.46416,60.05043],[23.47401,60.05082],[23.4834,60.04745],[23.48689,60.05058],[23.49347,60.05059],[23.49119,60.0549],[23.49623,60.05866],[23.49428,60.06186],[23.50275,60.06231],[23.50546,60.06813],[23.51068,60.0671],[23.51805,60.07186],[23.51803,60.07645],[23.51417,60.08572],[23.52095,60.08809],[23.52532,60.09187],[23.5331,60.09167],[23.54311,60.08959],[23.54168,60.096],[23.54702,60.09794],[23.55351,60.09681],[23.55541,60.0933],[23.55364,60.08943],[23.53974,60.08067],[23.53426,60.07326],[23.53404,60.06343],[23.53689,60.05467],[23.54405,60.04671],[23.54275,60.04313],[23.53756,60.0394],[23.52467,60.03937],[23.52509,60.0361],[23.52021,60.03417],[23.51476,60.0362],[23.49313,60.03345],[23.4946,60.02788],[23.48357,60.02271],[23.48019,60.01315],[23.48463,60.01201],[23.4901,60.00262],[23.48857,59.99854],[23.4634,59.99904],[23.45935,59.99527],[23.46095,59.99026],[23.45958,59.98734],[23.45123,59.98295],[23.44409,59.98503],[23.43608,59.9815],[23.42887,59.97241],[23.43597,59.97157],[23.4318,59.96649],[23.45111,59.96593],[23.45519,59.96882],[23.47039,59.96975],[23.47399,59.97573],[23.47869,59.97746],[23.47856,59.98159],[23.48944,59.98297],[23.49469,59.9849],[23.50327,59.98301],[23.51113,59.98386],[23.52551,59.98382],[23.53487,59.98297],[23.54507,59.98699],[23.54204,59.98984],[23.55177,59.99177],[23.55864,59.99057],[23.56679,59.99239],[23.57835,59.99117],[23.58033,59.98803],[23.57677,59.98614],[23.57165,59.98805],[23.55698,59.98604],[23.53307,59.98092],[23.51508,59.97773],[23.50326,59.972],[23.48495,59.96914],[23.47803,59.96609],[23.46768,59.96488],[23.45474,59.96149],[23.45173,59.95558],[23.45384,59.9505],[23.46496,59.94833],[23.47284,59.94841],[23.47714,59.93868],[23.48785,59.93411],[23.48846,59.92921],[23.49152,59.92726],[23.50571,59.92979],[23.50877,59.93419],[23.53608,59.93638],[23.54093,59.93765],[23.55358,59.93694],[23.55993,59.93449],[23.56379,59.93555],[23.57591,59.93464],[23.58994,59.93487],[23.61384,59.93869],[23.61686,59.94153],[23.62655,59.93887],[23.64079,59.94106],[23.64805,59.94094],[23.6488,59.93804],[23.63634,59.93838],[23.63763,59.93542],[23.67502,59.93656],[23.67768,59.93839],[23.68797,59.93974],[23.6869,59.94311],[23.69408,59.94666],[23.70521,59.947],[23.71034,59.94401],[23.72212,59.94328],[23.72653,59.94505],[23.72109,59.95301],[23.71105,59.95561],[23.70754,59.9545],[23.69595,59.95454],[23.69899,59.95752],[23.70761,59.95884],[23.70839,59.96364],[23.70507,59.96721],[23.69355,59.97197],[23.68529,59.97373],[23.68067,59.97258],[23.67903,59.96925],[23.68619,59.96537],[23.68712,59.96185],[23.68203,59.95837],[23.67056,59.95971],[23.66591,59.96432],[23.66171,59.96503],[23.65639,59.96168],[23.65281,59.96858],[23.66281,59.9736],[23.66832,59.96955],[23.67185,59.97183],[23.67313,59.97586],[23.67755,59.97682],[23.68549,59.97578],[23.69857,59.97246],[23.70901,59.97385],[23.71525,59.97131],[23.72256,59.97137],[23.73953,59.96873],[23.7472,59.97211],[23.74818,59.98099],[23.74287,59.98349],[23.72456,59.98301],[23.72158,59.98628],[23.73974,59.98693],[23.7439,59.98483],[23.75333,59.98666],[23.75915,59.98292],[23.76619,59.98429],[23.77029,59.98698],[23.77952,59.98796],[23.78921,59.98068],[23.7889,59.97789],[23.7962,59.97783],[23.80717,59.98417],[23.80533,59.97772],[23.79634,59.97699],[23.79267,59.97313],[23.77534,59.97027],[23.78085,59.96714],[23.79952,59.96744],[23.81537,59.97089],[23.82357,59.97477],[23.83368,59.98155],[23.83804,59.98868],[23.83278,59.9914],[23.83932,59.99411],[23.84272,59.99726],[23.85644,60.00463],[23.85968,60.00214],[23.86718,60.00204],[23.87512,60.00493],[23.88049,60.00403],[23.88419,60.00647],[23.87844,60.00949],[23.87799,60.01376],[23.87987,60.01608],[23.86502,60.01884],[23.86579,60.02049],[23.8862,60.01972],[23.89246,60.0186],[23.90064,60.01917],[23.91056,60.01638],[23.9374,60.01405],[23.9488,60.01364],[23.95421,60.01135],[23.96274,60.01176],[23.96835,60.01587],[23.9656,60.01923],[23.96712,60.02188],[23.97561,60.02228],[23.99806,60.0302],[24.00052,60.03261],[23.99906,60.03867],[24.01078,60.04378],[24.01399,60.04649],[24.02926,60.04533],[24.02971,60.04383],[24.021,60.0397],[24.01979,60.03664],[24.02775,60.03184],[24.02817,60.02702],[24.03704,60.02452],[24.04522,60.02714],[24.05174,60.02358],[24.06512,60.0252],[24.0817,60.02413],[24.09186,60.02072],[24.09239,60.02355],[24.08604,60.02555],[24.07632,60.03074],[24.08138,60.03631],[24.08727,60.03324],[24.09862,60.03275],[24.10263,60.02996],[24.11052,60.03006],[24.11522,60.0268],[24.12003,60.03178],[24.1276,60.03372],[24.12842,60.03662],[24.12255,60.03841],[24.12165,60.04167],[24.14392,60.04902],[24.14892,60.05192],[24.1548,60.0526],[24.1519,60.04695],[24.13729,60.04392],[24.13542,60.03782],[24.14093,60.03564],[24.14706,60.03662],[24.1515,60.0329],[24.14868,60.02926],[24.16738,60.02585],[24.17229,60.02797],[24.17768,60.0253],[24.19333,60.02809],[24.20205,60.02742],[24.20451,60.03137],[24.19638,60.0354],[24.19721,60.03719],[24.1899,60.04129],[24.18326,60.04125],[24.17802,60.04296],[24.16853,60.04972],[24.16782,60.05517],[24.17418,60.05877],[24.18108,60.05949],[24.18508,60.05787],[24.19162,60.05962],[24.19665,60.05638],[24.20445,60.05797],[24.20961,60.05753],[24.21233,60.04749],[24.22253,60.04614],[24.22429,60.04812],[24.22242,60.0564],[24.22953,60.0536],[24.23088,60.04898],[24.2415,60.04642],[24.24357,60.04306],[24.26114,60.04411],[24.26315,60.03989],[24.27684,60.04384],[24.27167,60.04735],[24.2662,60.04734],[24.26618,60.05259],[24.28146,60.05876],[24.29977,60.05528],[24.31519,60.05953],[24.31762,60.06348],[24.30926,60.0647],[24.30222,60.06794],[24.30214,60.07286],[24.29607,60.07391],[24.29323,60.07813],[24.3012,60.07856],[24.30263,60.0833],[24.30897,60.08555],[24.31892,60.08431],[24.32427,60.08253],[24.3205,60.078],[24.33059,60.07792],[24.33406,60.08281],[24.33384,60.08678],[24.33828,60.08836],[24.33308,60.09204],[24.34075,60.09272],[24.34297,60.08966],[24.35163,60.09067],[24.3565,60.08951],[24.35902,60.08548],[24.36954,60.08454],[24.37475,60.0801],[24.37212,60.07565],[24.37451,60.07288],[24.37527,60.06603],[24.37194,60.06122],[24.37368,60.05767],[24.36114,60.05083],[24.35803,60.04137],[24.36336,60.03874],[24.36187,60.03592],[24.35171,60.03233],[24.34645,60.03266],[24.33726,60.02808],[24.33181,60.02104],[24.32031,60.01423],[24.31987,60.00488],[24.33071,60.00464],[24.33575,60.00333],[24.35211,60.0092],[24.34722,60.01121],[24.34782,60.02488],[24.35659,60.0279],[24.36201,60.02627],[24.3686,60.02654],[24.37906,60.02894],[24.38086,60.02468],[24.37961,60.02052],[24.38394,60.01653],[24.40239,60.01924],[24.40643,60.021],[24.40745,60.02756],[24.41667,60.03173],[24.42192,60.03012],[24.42751,60.03328],[24.42983,60.0392],[24.44254,60.04259],[24.45195,60.04211],[24.45781,60.04604],[24.45502,60.05125],[24.45937,60.0534],[24.4606,60.05757],[24.47131,60.06353],[24.47847,60.06496],[24.47281,60.05659],[24.47796,60.04764],[24.46511,60.04617],[24.44554,60.03538],[24.44461,60.03038],[24.45282,60.02968],[24.46111,60.03201],[24.46113,60.02826],[24.45088,60.02482],[24.44666,60.02151],[24.43992,60.01966],[24.44106,60.01449],[24.43226,60.01153],[24.42589,60.00771],[24.42317,60.00171],[24.42873,59.99971],[24.42302,59.99061],[24.41613,59.99012],[24.40511,59.98398],[24.39899,59.98239],[24.39184,59.97842],[24.39043,59.97496],[24.39601,59.96792],[24.40028,59.97207],[24.41141,59.97683],[24.41922,59.97906],[24.42749,59.98543],[24.42897,59.98245],[24.42572,59.97788],[24.42786,59.97621],[24.43784,59.98046],[24.43953,59.98295],[24.45369,59.98653],[24.45942,59.98538],[24.46265,59.99135],[24.45557,59.99151],[24.44803,59.9967],[24.46473,59.99559],[24.46591,59.99279],[24.47392,59.99129],[24.48716,59.99487],[24.49124,60.00118],[24.49773,60.00198],[24.50198,59.99603],[24.50643,59.99726],[24.50436,60.001],[24.50689,60.00316],[24.51757,60.00749],[24.51258,60.00984],[24.51309,60.0158],[24.50937,60.01729],[24.51314,60.02133],[24.52252,60.02618],[24.52776,60.02127],[24.53444,60.02246],[24.53801,60.02615],[24.54645,60.02726],[24.54865,60.03202],[24.54107,60.0315],[24.54208,60.0359],[24.53865,60.03896],[24.54388,60.04269],[24.55148,60.04393],[24.562,60.05039],[24.56966,60.06],[24.57421,60.05955],[24.58123,60.06221],[24.58421,60.06641],[24.59991,60.07066],[24.60918,60.07515],[24.61025,60.07715],[24.61907,60.08169],[24.61287,60.08619],[24.60836,60.08706],[24.59977,60.09177],[24.58669,60.09616],[24.59829,60.10242],[24.60796,60.10568],[24.62644,60.1086],[24.62784,60.10572],[24.64639,60.10959],[24.64613,60.11409],[24.64127,60.12065],[24.63475,60.12104],[24.63175,60.1146],[24.61966,60.11939],[24.60077,60.11322],[24.58867,60.10718],[24.57608,60.10377],[24.57263,60.10518],[24.58091,60.11023],[24.58673,60.11184],[24.60009,60.11769],[24.60882,60.11914],[24.61338,60.12132],[24.61711,60.1261],[24.61628,60.12884],[24.61974,60.13201],[24.6245,60.13271],[24.6276,60.13712],[24.62403,60.13919],[24.62141,60.14664],[24.61308,60.14966],[24.61306,60.15407],[24.60791,60.15665],[24.60078,60.15659],[24.59067,60.15868],[24.58584,60.16223],[24.57728,60.15862],[24.56429,60.16302],[24.55278,60.16044],[24.5522,60.16364],[24.55892,60.16959],[24.55926,60.17258],[24.56655,60.17392],[24.57285,60.1771],[24.57731,60.17701],[24.5809,60.16911],[24.58611,60.16816],[24.59354,60.16328],[24.60642,60.16365],[24.6107,60.16119],[24.61104,60.15812],[24.62091,60.15699],[24.62614,60.15289],[24.63174,60.15063],[24.63851,60.14342],[24.64016,60.13799],[24.65035,60.13947],[24.65155,60.13628],[24.66201,60.1351],[24.66316,60.12931],[24.6701,60.12325],[24.66984,60.12043],[24.6765,60.11593],[24.68703,60.1178],[24.68506,60.12042],[24.67701,60.12181],[24.68167,60.12655],[24.69091,60.12821],[24.69582,60.12789],[24.69979,60.13108],[24.69313,60.14023],[24.69982,60.14254],[24.70798,60.1415],[24.72333,60.14909],[24.73304,60.14969],[24.73261,60.1464],[24.74952,60.14398],[24.75435,60.1498],[24.7624,60.14995],[24.76961,60.15438],[24.7888,60.15619],[24.79993,60.15848],[24.80765,60.16245],[24.80944,60.16786],[24.81564,60.17018],[24.81543,60.17458],[24.82245,60.17554],[24.82,60.17005],[24.8296,60.16698],[24.82856,60.17185],[24.8316,60.17554],[24.83757,60.17633],[24.83523,60.18113],[24.84093,60.18966],[24.83647,60.19273],[24.82066,60.18887],[24.81559,60.19172],[24.81512,60.19685],[24.82392,60.1991],[24.83006,60.2059],[24.83763,60.20588],[24.84216,60.20899],[24.84682,60.20969],[24.8518,60.2068],[24.84822,60.20456],[24.85416,60.20142],[24.86795,60.19676],[24.87144,60.19216],[24.88217,60.19093],[24.88363,60.18854],[24.89386,60.18697],[24.89592,60.18372],[24.90368,60.18587],[24.91251,60.18109],[24.91407,60.17598],[24.90883,60.17622],[24.90222,60.17309],[24.90611,60.17064],[24.91372,60.17023],[24.91258,60.16754],[24.89776,60.16646],[24.90017,60.16278],[24.90895,60.15747],[24.90224,60.15541],[24.90926,60.15033],[24.92782,60.14939],[24.93324,60.15385],[24.94072,60.15368],[24.95066,60.1552],[24.95678,60.15339],[24.963,60.15593],[24.96119,60.1598],[24.95404,60.1651],[24.95436,60.16703],[24.96111,60.17266],[24.96101,60.17784],[24.96788,60.18011],[24.97602,60.17718],[24.97982,60.18288],[24.98365,60.18369],[24.98515,60.19577],[24.97947,60.20062],[24.98304,60.20742],[24.98385,60.21256],[24.98659,60.21315],[24.9981,60.20619],[25.00228,60.20707],[25.00486,60.21382],[24.99958,60.21536],[24.99678,60.21162],[24.99087,60.21092],[24.99275,60.21564],[24.99065,60.21793],[24.9946,60.22159],[24.99959,60.22174],[25.00157,60.21879],[25.01117,60.21423],[25.01925,60.21435],[25.02422,60.20684],[25.01752,60.20498],[25.02367,60.20194],[25.02498,60.19855],[25.02092,60.19756],[25.01212,60.19926],[25.00015,60.1968],[25.01898,60.19039],[25.02413,60.1902],[25.03245,60.18464],[25.04304,60.186],[25.04817,60.189],[25.0509,60.19278],[25.06142,60.19414],[25.06794,60.19872],[25.07607,60.19866],[25.08925,60.20117],[25.09659,60.20054],[25.09884,60.2064],[25.10792,60.20769],[25.11794,60.21477],[25.12078,60.21368],[25.11458,60.20681],[25.10318,60.20019],[25.1012,60.19635],[25.09079,60.19052],[25.09255,60.18754],[25.10638,60.19397],[25.11795,60.19376],[25.12196,60.19569],[25.13011,60.19669],[25.13499,60.19261],[25.13561,60.18796],[25.14605,60.18573],[25.14935,60.18857],[25.13879,60.1933],[25.13455,60.19717],[25.14111,60.19913],[25.15934,60.20166],[25.16309,60.19792],[25.1747,60.19333],[25.18721,60.1997],[25.1851,60.20266],[25.17667,60.20635],[25.18397,60.2102],[25.19076,60.20922],[25.20348,60.21459],[25.19649,60.2187],[25.19753,60.22177],[25.18528,60.2244],[25.18242,60.22801],[25.19201,60.23062],[25.18621,60.23404],[25.19146,60.23629],[25.20586,60.23341],[25.21207,60.2378],[25.20953,60.24116],[25.21744,60.24081],[25.21667,60.24453],[25.19834,60.25106],[25.21339,60.25702],[25.23681,60.25867],[25.24114,60.26148],[25.24557,60.26073],[25.24185,60.25477],[25.24748,60.25116],[25.25307,60.2503],[25.26492,60.25139],[25.28865,60.25585],[25.30293,60.25397],[25.30444,60.25684],[25.30956,60.25742],[25.31216,60.25402],[25.32243,60.25614],[25.327,60.26047],[25.33651,60.26161],[25.34297,60.25683],[25.34606,60.25806],[25.34807,60.26447],[25.3395,60.27098],[25.33262,60.27394],[25.32714,60.27862],[25.32214,60.28498],[25.32599,60.28576],[25.3338,60.28042],[25.33663,60.27622],[25.34658,60.26903],[25.35078,60.26442],[25.36175,60.26598],[25.36175,60.2706],[25.3787,60.27339],[25.37636,60.26953],[25.38758,60.26892],[25.3859,60.26337],[25.37838,60.26002],[25.37763,60.25496],[25.38809,60.25314],[25.41384,60.25425],[25.42091,60.25925],[25.43067,60.25643],[25.42705,60.25332],[25.43101,60.25183],[25.44208,60.25114],[25.44618,60.25361],[25.45279,60.25223],[25.46202,60.25286],[25.46682,60.25445],[25.46437,60.259],[25.47037,60.26012],[25.47402,60.25706],[25.48049,60.25656],[25.48289,60.25918],[25.49103,60.25883],[25.48117,60.25313],[25.48386,60.25039],[25.4943,60.24895],[25.4953,60.25508],[25.50063,60.25838],[25.50709,60.25971],[25.51155,60.26633],[25.50912,60.27201],[25.51169,60.27436],[25.52778,60.28196],[25.52399,60.28432],[25.51609,60.28286],[25.5136,60.28504],[25.52018,60.2868],[25.53225,60.2862],[25.53675,60.28458],[25.5416,60.28878],[25.54624,60.29769],[25.54602,60.30068],[25.55071,60.30562],[25.55181,60.3134],[25.54386,60.32095],[25.53097,60.32173],[25.52775,60.32633],[25.5166,60.32684],[25.5189,60.32986],[25.52885,60.33084],[25.5361,60.33528],[25.53955,60.33252],[25.54669,60.33516],[25.54766,60.3391],[25.55536,60.33913],[25.55693,60.33542],[25.56274,60.33248],[25.57256,60.33339],[25.57257,60.33993],[25.57761,60.33914],[25.57839,60.33546],[25.57618,60.32849],[25.57337,60.32488],[25.57588,60.3186],[25.58055,60.31707],[25.57676,60.31197],[25.58558,60.31101],[25.58806,60.31622],[25.58471,60.31909],[25.5969,60.3246],[25.6006,60.32937],[25.59362,60.33233],[25.59629,60.33449],[25.59621,60.33971],[25.60154,60.34297],[25.60835,60.3417],[25.60526,60.33881],[25.60533,60.33387],[25.60839,60.32984],[25.61894,60.33315],[25.62111,60.34026],[25.62019,60.34316],[25.62904,60.353],[25.64043,60.3573],[25.64444,60.3644],[25.64842,60.36624],[25.65735,60.37323],[25.66307,60.3756],[25.67465,60.37684],[25.67697,60.38223],[25.68606,60.37946],[25.70417,60.37178],[25.70089,60.36308],[25.69496,60.36335],[25.68983,60.35972],[25.7087,60.35477],[25.71427,60.35555],[25.71802,60.35339],[25.71843,60.34696],[25.72157,60.34094],[25.71947,60.33385],[25.71545,60.33326],[25.7144,60.33817],[25.70952,60.34056],[25.70152,60.33862],[25.70137,60.33465],[25.69513,60.33296],[25.6779,60.33341],[25.66556,60.33002],[25.65885,60.32947],[25.64678,60.33065],[25.63537,60.33037],[25.6279,60.32648],[25.63054,60.32479],[25.64197,60.32308],[25.63904,60.31912],[25.64092,60.31541],[25.63765,60.31349],[25.64001,60.31049],[25.6534,60.30742],[25.6536,60.30454],[25.64394,60.3018],[25.64769,60.30002],[25.65489,60.301],[25.65899,60.29566],[25.66673,60.29063],[25.66432,60.2878],[25.66364,60.28046],[25.67387,60.27604],[25.68227,60.27544],[25.68724,60.27797],[25.69878,60.27715],[25.70267,60.2793],[25.70817,60.27807],[25.71718,60.27401],[25.70979,60.2717],[25.70813,60.26876],[25.71747,60.2638],[25.72703,60.26212],[25.73546,60.25699],[25.73951,60.25658],[25.74456,60.25235],[25.75521,60.25399],[25.76959,60.25187],[25.77703,60.24722],[25.77353,60.24304],[25.78177,60.2422],[25.78698,60.23729],[25.79524,60.23975],[25.79075,60.24315],[25.79037,60.2477],[25.79436,60.25159],[25.79036,60.25544],[25.79416,60.25697],[25.79209,60.26011],[25.78409,60.26339],[25.78994,60.26746],[25.8012,60.26325],[25.80618,60.26457],[25.81528,60.26479],[25.82634,60.26233],[25.83974,60.26716],[25.84398,60.27245],[25.85034,60.27492],[25.8505,60.27763],[25.84403,60.28097],[25.83506,60.28082],[25.82499,60.27803],[25.81233,60.27638],[25.80294,60.27954],[25.78678,60.28114],[25.78045,60.28509],[25.78099,60.28724],[25.77256,60.29949],[25.76689,60.30027],[25.76203,60.30411],[25.76313,60.30631],[25.75752,60.31153],[25.75009,60.31064],[25.75085,60.30709],[25.74503,60.30652],[25.74087,60.3097],[25.73832,60.31526],[25.74398,60.31631],[25.73998,60.32272],[25.75557,60.32116],[25.76081,60.31854],[25.76911,60.3097],[25.78007,60.30409],[25.78641,60.30192],[25.78997,60.29684],[25.80098,60.28927],[25.80188,60.28741],[25.81274,60.28467],[25.82897,60.28671],[25.83877,60.28943],[25.8527,60.2914],[25.85995,60.28956],[25.85731,60.28222],[25.85733,60.27395],[25.86976,60.2705],[25.87207,60.26803],[25.86423,60.2626],[25.87074,60.25829],[25.86242,60.2568],[25.86635,60.25341],[25.87468,60.2534],[25.88066,60.25188],[25.88177,60.24705],[25.89008,60.24476],[25.90628,60.24806],[25.92574,60.25302],[25.92849,60.26124],[25.92527,60.26466],[25.91688,60.26231],[25.91339,60.26872],[25.90335,60.27224],[25.90748,60.27715],[25.9065,60.28092],[25.90287,60.28343],[25.8927,60.28283],[25.8873,60.28401],[25.88506,60.28751],[25.88854,60.29592],[25.89552,60.29663],[25.90135,60.30295],[25.89672,60.30594],[25.89081,60.30562],[25.88848,60.30872],[25.88217,60.3083],[25.88123,60.31267],[25.8725,60.31802],[25.87389,60.32045],[25.86385,60.32348],[25.86926,60.32982],[25.8842,60.33461],[25.88211,60.33616],[25.8694,60.33503],[25.86806,60.33743],[25.87363,60.33946],[25.88035,60.33894],[25.88579,60.33678],[25.89794,60.33748],[25.91465,60.34284],[25.91599,60.35087],[25.90801,60.35993],[25.9085,60.36323],[25.91287,60.36666],[25.90464,60.36793],[25.90065,60.37123],[25.89043,60.37303],[25.88366,60.37989],[25.88421,60.38452],[25.8821,60.38761],[25.86719,60.39226],[25.86056,60.39546],[25.8571,60.40248],[25.85104,60.40412],[25.85052,60.40954],[25.8525,60.41252],[25.86262,60.41072],[25.87271,60.40714],[25.8799,60.40154],[25.89078,60.39954],[25.89194,60.39472],[25.89564,60.39311],[25.89742,60.38461],[25.89979,60.38136],[25.90656,60.37817],[25.90945,60.37385],[25.92834,60.36876],[25.93774,60.36314],[25.94199,60.35736],[25.94897,60.35849],[25.96189,60.35756],[25.97077,60.35339],[25.97744,60.35156],[25.98378,60.35232],[25.98401,60.35959],[25.98671,60.3625],[25.98502,60.36755],[25.98009,60.37027],[25.98219,60.37428],[25.99579,60.3713],[25.98999,60.35406],[25.9975,60.34728],[26.00783,60.34387],[26.01133,60.34436],[26.0162,60.33806],[26.02034,60.33604],[26.0215,60.32767],[26.02378,60.32148],[26.02864,60.31745],[26.01942,60.31228],[26.01694,60.30775],[26.02355,60.3041],[26.03399,60.30279],[26.0499,60.30323],[26.05094,60.30873],[26.05853,60.31228],[26.06619,60.31244],[26.06792,60.30777],[26.07534,60.30743],[26.07778,60.30455],[26.08724,60.30945],[26.08761,60.31385],[26.09219,60.31623],[26.10068,60.31782],[26.11132,60.3251],[26.10917,60.32849],[26.1029,60.33072],[26.10755,60.33366],[26.10812,60.33949],[26.10268,60.34691],[26.10045,60.34787],[26.08928,60.34514],[26.08474,60.34734],[26.07499,60.34554],[26.0685,60.3505],[26.07091,60.35819],[26.05511,60.3612],[26.0551,60.36834],[26.04587,60.37501],[26.0427,60.37994],[26.03146,60.38501],[26.02111,60.38444],[26.01272,60.38805],[26.01494,60.39268],[26.0018,60.3989],[25.99164,60.40157],[25.98988,60.40599],[25.99892,60.40826],[26.00712,60.40448],[26.00678,60.39857],[26.02186,60.39951],[26.03173,60.40473],[26.03538,60.41066],[26.03965,60.41051],[26.0404,60.41766],[26.03603,60.42058],[26.0239,60.42042],[25.99891,60.43081],[25.99932,60.43377],[25.99336,60.4365],[25.99605,60.4428],[25.99415,60.44697],[25.98111,60.4494],[25.97951,60.44664],[25.97182,60.44612],[25.96199,60.44325],[25.95798,60.44558],[25.95468,60.45148],[25.9582,60.45508],[25.96605,60.45701],[25.96343,60.45992],[25.97065,60.46387],[25.96582,60.46772],[25.95842,60.46518],[25.95504,60.46584],[25.97015,60.47656],[25.9598,60.47799],[25.94309,60.47506],[25.93352,60.47713],[25.92891,60.48151],[25.91992,60.48249],[25.91258,60.4852],[25.91985,60.49018],[25.9263,60.4914],[25.93157,60.49005],[25.94062,60.48305],[25.94365,60.482],[25.95975,60.4801],[25.96434,60.48317],[25.97246,60.48128],[25.97846,60.47662],[25.98299,60.47519],[25.98963,60.47038],[25.99725,60.46666],[26.00232,60.46249],[26.00483,60.45785],[26.004,60.45253],[26.01569,60.4467],[26.02806,60.43889],[26.03383,60.43958],[26.03397,60.43365],[26.0407,60.42972],[26.05738,60.42334],[26.0572,60.42925],[26.06407,60.43032],[26.07102,60.43349],[26.08315,60.42482],[26.0881,60.42257],[26.09244,60.41524],[26.10143,60.40955],[26.11772,60.40631],[26.12917,60.40743],[26.13216,60.39955],[26.13921,60.39494],[26.15124,60.40044],[26.15671,60.40129],[26.17051,60.39692],[26.17094,60.39363],[26.16048,60.395],[26.16264,60.38681],[26.15778,60.38313],[26.17002,60.37763],[26.17841,60.37498],[26.17452,60.37275],[26.16822,60.37688],[26.15914,60.37954],[26.15686,60.37686],[26.1643,60.37238],[26.17291,60.36862],[26.18593,60.36575],[26.1929,60.36522],[26.19618,60.3629],[26.20441,60.365],[26.20742,60.37158],[26.20115,60.37833],[26.18491,60.37754],[26.18732,60.38116],[26.19398,60.3842],[26.1951,60.38659],[26.19125,60.39746],[26.18478,60.39927],[26.17901,60.39833],[26.17103,60.40381],[26.17479,60.40785],[26.16879,60.41055],[26.16771,60.41713],[26.16954,60.41827],[26.1814,60.4119],[26.1965,60.40949],[26.20198,60.40739],[26.20628,60.40354],[26.21303,60.40369],[26.22288,60.40553],[26.22471,60.3958],[26.23501,60.39747],[26.242,60.39628],[26.25147,60.39772],[26.25821,60.39541],[26.2628,60.39193],[26.26692,60.39263],[26.26121,60.39898],[26.25879,60.40374],[26.25232,60.40328],[26.25064,60.40693],[26.25847,60.41064],[26.24839,60.42154],[26.24938,60.42541],[26.23882,60.43108],[26.23822,60.43437],[26.23217,60.43645],[26.23777,60.44324],[26.24201,60.44648],[26.23577,60.4489],[26.23443,60.4515],[26.23607,60.45694],[26.24036,60.45953],[26.25247,60.45114],[26.2499,60.44748],[26.25159,60.44521],[26.26486,60.44026],[26.26991,60.43264],[26.28421,60.43328],[26.29602,60.4311],[26.28614,60.42909],[26.27977,60.42122],[26.28974,60.41787],[26.29903,60.41788],[26.29895,60.41477],[26.29124,60.40865],[26.29014,60.40599],[26.29664,60.39636],[26.29928,60.39595],[26.31112,60.38095],[26.30991,60.37724],[26.31408,60.37441],[26.32494,60.37154],[26.33452,60.37223],[26.33539,60.37457],[26.33241,60.37945],[26.33667,60.38305],[26.34753,60.38384],[26.34327,60.388],[26.33885,60.38849],[26.33422,60.39803],[26.33927,60.4006],[26.35085,60.40243],[26.35867,60.4023],[26.36634,60.39783],[26.37291,60.39847],[26.37316,60.40183],[26.36726,60.40757],[26.36885,60.40954],[26.37726,60.41],[26.37954,60.41313],[26.38607,60.41334],[26.39197,60.40734],[26.3909,60.40292],[26.40218,60.40149],[26.40986,60.39607],[26.40991,60.39162],[26.41472,60.39163],[26.41473,60.39871],[26.41008,60.40872],[26.41462,60.41131],[26.40422,60.4204],[26.40067,60.42789],[26.40199,60.43014],[26.40919,60.43085],[26.41714,60.4277],[26.42463,60.42226],[26.4222,60.41525],[26.43035,60.41646],[26.43918,60.41321],[26.44038,60.41945],[26.43516,60.41858],[26.43159,60.42084],[26.44063,60.42439],[26.44859,60.41938],[26.45412,60.41798],[26.4554,60.42419],[26.4548,60.43016],[26.46174,60.43398],[26.456,60.43835],[26.45847,60.44301],[26.45485,60.44358],[26.45463,60.44943],[26.45194,60.45323],[26.44161,60.46281],[26.43798,60.46915],[26.44776,60.46683],[26.45425,60.47071],[26.44642,60.47387],[26.44201,60.47899],[26.44416,60.48262],[26.45316,60.48613],[26.44784,60.49242],[26.46811,60.50514],[26.48953,60.51351],[26.5112,60.52731],[26.50061,60.54544],[26.54429,60.55491],[26.54178,60.57501],[26.53866,60.59517],[26.51223,60.59898],[26.48345,60.59685],[26.48185,60.61425],[26.45845,60.63908],[26.4314,60.64955],[26.3471,60.66136],[26.36208,60.66822],[26.33845,60.67583],[26.32507,60.69666],[26.33147,60.71189],[26.30046,60.73095],[26.30013,60.74921],[26.27753,60.75395],[26.27098,60.76035],[26.25978,60.76234],[26.2537,60.76101],[26.25315,60.7481],[26.22921,60.74784],[26.20836,60.75799],[26.22384,60.72927],[26.21426,60.71625],[26.16329,60.70076],[26.14181,60.6905],[26.10924,60.68638],[26.02778,60.71663],[25.93352,60.70594],[25.91493,60.73587],[25.85937,60.73202],[25.83486,60.71495],[25.74675,60.70806],[25.72301,60.71842],[25.69737,60.70786],[25.67955,60.69155],[25.65724,60.69073],[25.63427,60.68098],[25.61779,60.68031],[25.61235,60.67863],[25.61087,60.67148],[25.51928,60.70389],[25.52542,60.71943],[25.51365,60.74812],[25.47452,60.79269],[25.4333,60.79545],[25.38218,60.7534],[25.31909,60.76097],[25.29812,60.75196],[25.28473,60.77623],[25.22117,60.80404],[25.20911,60.84085],[25.19606,60.83972],[25.18823,60.83447],[25.1843,60.82509],[25.18927,60.82034],[25.12101,60.8164],[25.11097,60.81858],[25.10207,60.80976],[25.15488,60.77838],[25.15245,60.76836],[25.09064,60.76293],[25.08815,60.75399],[25.05828,60.72499],[25.06792,60.71455],[25.11437,60.74033],[25.11866,60.74668],[25.14548,60.73147],[25.19293,60.72474],[25.14605,60.71647],[25.08422,60.69921],[25.11246,60.6616],[25.06187,60.66925],[25.05348,60.67964],[25.03487,60.68499],[24.93259,60.67368],[24.92171,60.66753],[24.92088,60.66293],[24.8949,60.66407],[24.89418,60.6601],[24.8356,60.6593],[24.83507,60.66628],[24.81833,60.66848],[24.80946,60.67283],[24.77927,60.65389],[24.76416,60.65992],[24.7493,60.64957],[24.73988,60.6475],[24.69127,60.64931],[24.65178,60.66025],[24.63909,60.65882],[24.61591,60.66757],[24.56603,60.63707],[24.56294,60.60247],[24.57725,60.5858],[24.54895,60.55984],[24.42368,60.55249],[24.39845,60.57718],[24.41042,60.59212],[24.38522,60.60304],[24.34772,60.61215],[24.30617,60.58715],[24.29332,60.58436],[24.30558,60.57105],[24.28539,60.56541],[24.23421,60.60145],[24.23726,60.61807],[24.17494,60.62808],[24.13478,60.62312],[24.10493,60.62894],[24.08429,60.62809],[24.04107,60.64452],[24.00544,60.64354],[23.97133,60.6382],[23.96145,60.63808],[23.93242,60.64562],[23.91787,60.65384],[23.90051,60.64976],[23.86641,60.61864],[23.92055,60.60609],[23.90827,60.58687],[23.88907,60.5741],[23.8875,60.55851],[23.84449,60.55642],[23.86446,60.53874],[23.86537,60.5359],[23.85154,60.5306],[23.86458,60.52149],[23.87185,60.50793],[23.83763,60.49128],[23.82303,60.49464],[23.73749,60.49037],[23.70943,60.47283],[23.71517,60.46484],[23.69223,60.4499],[23.78414,60.45019],[23.79361,60.42883],[23.7844,60.40483],[23.79049,60.38783],[23.78156,60.38547],[23.77616,60.3879],[23.74166,60.37],[23.72317,60.36876],[23.72261,60.35996],[23.73396,60.3557],[23.73531,60.33792],[23.72888,60.32899],[23.72779,60.30773],[23.68978,60.29369],[23.67399,60.30308],[23.62948,60.28267],[23.62717,60.26052],[23.61319,60.26079],[23.59892,60.26639],[23.58632,60.25884],[23.61051,60.24969],[23.63346,60.23473],[23.6329,60.22987],[23.63724,60.21927],[23.64753,60.21111],[23.64896,60.20157],[23.62048,60.19413],[23.608,60.19141],[23.58747,60.19955],[23.55362,60.2022],[23.47019,60.17261],[23.41537,60.1652],[23.37918,60.16705],[23.36294,60.1499],[23.31596,60.17158],[23.32588,60.18854],[23.30591,60.18866],[23.27754,60.17265],[23.2715,60.15429],[23.23299,60.13992],[23.19578,60.13417],[23.19749,60.12291],[23.14865,60.10044],[23.05645,60.08861],[23.028,60.10157]]],[[[23.2293,59.81337],[23.23585,59.81372],[23.24164,59.81731],[23.24011,59.82037],[23.2293,59.81337]]],[[[23.57565,59.81998],[23.5805,59.82396],[23.57842,59.83233],[23.57055,59.82987],[23.56439,59.83055],[23.55606,59.82673],[23.55261,59.82331],[23.56342,59.8209],[23.57061,59.82162],[23.57565,59.81998]]],[[[22.94677,59.7658],[22.9536,59.76842],[22.95092,59.77464],[22.94015,59.77747],[22.93424,59.77463],[22.93673,59.77048],[22.94503,59.76961],[22.94677,59.7658]]]]}},{"type":"Feature","properties":{"maakunta":"02","name":"Varsinais-Suomi","name_sv":"Egentliga Finland","bb":[59.77575,21.00298,61.10144,23.92055],"c":[60.62719,22.64051]},"geometry":{"type":"MultiPolygon","coordinates":[[[[21.29251,61.00478],[21.29363,61.00812],[21.28881,61.00954],[21.28437,61.0062],[21.29251,61.00478]]],[[[21.32647,60.99998],[21.3236,61.00407],[21.3248,61.00711],[21.31936,61.01004],[21.31133,61.00819],[21.3189,61.00539],[21.31929,61.00094],[21.32647,60.99998]]],[[[21.26318,60.99698],[21.2691,60.99968],[21.26318,61.00178],[21.25761,60.99977],[21.26318,60.99698]]],[[[21.17994,60.98699],[21.18624,60.98781],[21.19111,60.99025],[21.18859,60.99317],[21.18113,60.99455],[21.17396,60.99437],[21.17208,60.98879],[21.17994,60.98699]]],[[[21.21405,60.9846],[21.2136,60.98978],[21.20767,60.98787],[21.21405,60.9846]]],[[[21.22993,60.98307],[21.23223,60.98625],[21.22393,60.98791],[21.21976,60.98328],[21.22993,60.98307]]],[[[21.38727,60.97004],[21.39199,60.97203],[21.3893,60.97502],[21.38329,60.97524],[21.38727,60.97004]]],[[[21.17188,60.94645],[21.17823,60.94919],[21.17129,60.95351],[21.16613,60.95861],[21.15685,60.95423],[21.16231,60.95034],[21.17188,60.94645]]],[[[21.13476,60.93499],[21.13893,60.93833],[21.13533,60.94211],[21.13043,60.94233],[21.13476,60.93499]]],[[[21.21594,60.93684],[21.22003,60.93911],[21.21976,60.94397],[21.21316,60.94612],[21.20997,60.93956],[21.21594,60.93684]]],[[[21.25413,60.93482],[21.26358,60.93753],[21.27162,60.93721],[21.27197,60.94021],[21.26092,60.93967],[21.25413,60.93482]]],[[[21.22503,60.88657],[21.23262,60.88939],[21.22532,60.89168],[21.22503,60.88657]]],[[[21.15634,60.8594],[21.16185,60.86105],[21.15981,60.86363],[21.16635,60.86825],[21.15669,60.874],[21.15077,60.86979],[21.14946,60.8636],[21.15634,60.8594]]],[[[21.09807,60.84918],[21.09937,60.85114],[21.09338,60.85345],[21.0914,60.84938],[21.09807,60.84918]]],[[[21.15384,60.84635],[21.1541,60.84982],[21.15909,60.85308],[21.1567,60.8554],[21.14838,60.85515],[21.14489,60.85328],[21.14298,60.84897],[21.14676,60.84665],[21.15384,60.84635]]],[[[21.03699,60.83494],[21.03914,60.83721],[21.03344,60.84432],[21.02658,60.84489],[21.01974,60.84871],[21.01303,60.84768],[21.00617,60.84905],[21.00298,60.84532],[21.01483,60.84281],[21.01922,60.83988],[21.03036,60.83846],[21.03699,60.83494]]],[[[21.17949,60.83212],[21.17766,60.83649],[21.17276,60.83855],[21.16726,60.8341],[21.17949,60.83212]]],[[[21.21222,60.8256],[21.21332,60.82774],[21.20798,60.83518],[21.2033,60.82792],[21.21222,60.8256]]],[[[21.12418,60.816],[21.12442,60.82109],[21.1197,60.8208],[21.12418,60.816]]],[[[21.2572,60.82007],[21.26627,60.82108],[21.27383,60.82363],[21.27713,60.82791],[21.2762,60.83016],[21.2639,60.82971],[21.25735,60.82401],[21.2572,60.82007]]],[[[21.23483,60.81297],[21.25053,60.81726],[21.25476,60.82469],[21.25093,60.8275],[21.24455,60.82921],[21.24008,60.83442],[21.23159,60.83908],[21.22794,60.83785],[21.22877,60.83441],[21.23674,60.82826],[21.24096,60.82659],[21.23995,60.82276],[21.22988,60.81856],[21.23483,60.81297]]],[[[21.17065,60.80808],[21.16746,60.81561],[21.16041,60.81816],[21.15574,60.82238],[21.1518,60.82325],[21.14445,60.81585],[21.14555,60.81336],[21.15288,60.81072],[21.16579,60.80796],[21.17065,60.80808]]],[[[21.31465,60.81011],[21.31526,60.81224],[21.30091,60.81889],[21.30624,60.81121],[21.31465,60.81011]]],[[[21.16874,60.80083],[21.17441,60.8055],[21.17002,60.80706],[21.16474,60.80483],[21.16874,60.80083]]],[[[21.36457,60.80883],[21.36894,60.81141],[21.36654,60.81466],[21.35947,60.81351],[21.36457,60.80883]]],[[[21.27064,60.80252],[21.28151,60.80904],[21.28706,60.81052],[21.2842,60.81352],[21.27683,60.81421],[21.27853,60.81868],[21.28645,60.82018],[21.28029,60.82357],[21.26888,60.82094],[21.258,60.81743],[21.25443,60.81429],[21.24604,60.81228],[21.24695,60.81008],[21.24144,60.80537],[21.24685,60.8044],[21.26266,60.80651],[21.27064,60.80252]]],[[[21.34134,60.80505],[21.34049,60.81072],[21.33586,60.81177],[21.33421,60.80616],[21.34134,60.80505]]],[[[21.3397,60.79751],[21.34663,60.80066],[21.33895,60.80325],[21.3289,60.80049],[21.33326,60.79805],[21.3397,60.79751]]],[[[21.30531,60.79286],[21.31036,60.79709],[21.30522,60.80057],[21.3,60.79944],[21.29784,60.79453],[21.30531,60.79286]]],[[[21.31974,60.79204],[21.32712,60.79297],[21.32641,60.797],[21.31506,60.79685],[21.31427,60.79375],[21.31974,60.79204]]],[[[21.16778,60.78026],[21.17731,60.78124],[21.17917,60.78426],[21.17526,60.78936],[21.16111,60.79306],[21.15416,60.79911],[21.15191,60.80517],[21.1436,60.80744],[21.13913,60.80299],[21.13066,60.80107],[21.13427,60.79362],[21.14244,60.78984],[21.14194,60.78562],[21.15314,60.78682],[21.15445,60.78363],[21.16182,60.78285],[21.16778,60.78026]]],[[[21.34921,60.78772],[21.35779,60.78896],[21.35332,60.79747],[21.34393,60.79616],[21.33821,60.79383],[21.33643,60.78927],[21.34921,60.78772]]],[[[21.28267,60.78465],[21.28601,60.78868],[21.27601,60.79261],[21.26689,60.79202],[21.26463,60.78857],[21.27332,60.7855],[21.28267,60.78465]]],[[[21.3945,60.78706],[21.39082,60.79187],[21.38665,60.78967],[21.3945,60.78706]]],[[[21.19193,60.7751],[21.19657,60.77649],[21.18457,60.78129],[21.18261,60.77789],[21.19193,60.7751]]],[[[21.3773,60.77892],[21.37659,60.78295],[21.3712,60.78756],[21.36711,60.78362],[21.3773,60.77892]]],[[[21.24692,60.7696],[21.24684,60.77577],[21.24419,60.77699],[21.23347,60.77308],[21.24692,60.7696]]],[[[21.30679,60.76693],[21.31643,60.77022],[21.3163,60.77295],[21.30743,60.77587],[21.30339,60.77007],[21.30679,60.76693]]],[[[21.29104,60.7602],[21.29724,60.76066],[21.30372,60.76454],[21.29819,60.7736],[21.28039,60.77538],[21.27433,60.77477],[21.26706,60.77109],[21.26814,60.76829],[21.28254,60.76524],[21.29104,60.7602]]],[[[21.39434,60.76403],[21.39562,60.76718],[21.38352,60.77513],[21.3773,60.77397],[21.37053,60.76968],[21.3809,60.76974],[21.38816,60.76435],[21.39434,60.76403]]],[[[21.26605,60.7539],[21.26855,60.75859],[21.28374,60.75786],[21.27977,60.76204],[21.2817,60.76402],[21.26995,60.76641],[21.25609,60.76707],[21.24998,60.76184],[21.25138,60.7585],[21.25853,60.7554],[21.26605,60.7539]]],[[[21.33394,60.74659],[21.33565,60.75165],[21.32986,60.75389],[21.32718,60.75033],[21.33394,60.74659]]],[[[21.35849,60.74164],[21.36243,60.74567],[21.37297,60.74791],[21.37803,60.7504],[21.37418,60.75567],[21.36909,60.7587],[21.36121,60.7601],[21.35747,60.76395],[21.3421,60.76816],[21.33454,60.76854],[21.32781,60.76674],[21.32447,60.76186],[21.32689,60.75984],[21.33619,60.75767],[21.34375,60.75276],[21.33885,60.74872],[21.35013,60.74383],[21.35849,60.74164]]],[[[21.33455,60.74004],[21.33227,60.74486],[21.32497,60.7438],[21.33018,60.74007],[21.33455,60.74004]]],[[[21.01639,60.71506],[21.02168,60.71636],[21.02743,60.72159],[21.01962,60.72245],[21.01871,60.72561],[21.03063,60.7291],[21.03212,60.73406],[21.02837,60.73533],[21.0044,60.72441],[21.00469,60.71907],[21.00849,60.71634],[21.01639,60.71506]]],[[[21.27119,60.72416],[21.28265,60.7261],[21.27549,60.73095],[21.26655,60.72982],[21.26356,60.72716],[21.27119,60.72416]]],[[[21.33695,60.72023],[21.34379,60.72348],[21.34728,60.72777],[21.34501,60.73143],[21.33855,60.73361],[21.33096,60.73192],[21.32618,60.72728],[21.32634,60.72324],[21.33695,60.72023]]],[[[21.30127,60.70819],[21.31991,60.70972],[21.32716,60.71361],[21.32202,60.71626],[21.30593,60.72009],[21.28974,60.71752],[21.28363,60.71319],[21.2868,60.70896],[21.29499,60.70985],[21.30127,60.70819]]],[[[21.43578,60.70965],[21.43826,60.71185],[21.43123,60.71395],[21.42714,60.71885],[21.41604,60.71969],[21.41547,60.71679],[21.42956,60.70998],[21.43578,60.70965]]],[[[21.30442,60.70014],[21.31507,60.70122],[21.31786,60.70544],[21.30287,60.70456],[21.30442,60.70014]]],[[[21.33548,60.69963],[21.33825,60.70142],[21.33668,60.70555],[21.33304,60.70613],[21.32119,60.70209],[21.32413,60.70011],[21.33548,60.69963]]],[[[21.22088,60.68589],[21.22544,60.68861],[21.21917,60.69006],[21.21578,60.68676],[21.22088,60.68589]]],[[[21.33164,60.67891],[21.34061,60.68147],[21.32954,60.6841],[21.32732,60.68148],[21.33164,60.67891]]],[[[21.35719,60.67212],[21.35472,60.67655],[21.34777,60.67405],[21.35719,60.67212]]],[[[21.35137,60.66485],[21.35311,60.66792],[21.34863,60.67331],[21.3421,60.67291],[21.34584,60.66673],[21.35137,60.66485]]],[[[21.34249,60.65852],[21.34526,60.66024],[21.33553,60.66633],[21.34149,60.6689],[21.34024,60.67221],[21.3343,60.67237],[21.32598,60.66699],[21.33451,60.65984],[21.34249,60.65852]]],[[[21.37716,60.6562],[21.38441,60.65916],[21.37559,60.66257],[21.37716,60.6562]]],[[[21.38076,60.65156],[21.38689,60.65332],[21.38874,60.65729],[21.38027,60.65651],[21.37733,60.65258],[21.38076,60.65156]]],[[[21.36748,60.64915],[21.3689,60.65311],[21.35914,60.65586],[21.35679,60.65274],[21.36352,60.6516],[21.36748,60.64915]]],[[[21.39276,60.64496],[21.39721,60.64757],[21.40401,60.64698],[21.40895,60.64841],[21.39893,60.65196],[21.3896,60.6496],[21.39276,60.64496]]],[[[21.22208,60.63166],[21.222,60.63544],[21.215,60.63384],[21.20878,60.63687],[21.20509,60.63382],[21.21475,60.63167],[21.22208,60.63166]]],[[[21.37595,60.63147],[21.38121,60.63259],[21.3758,60.64012],[21.36635,60.6373],[21.37027,60.63255],[21.37595,60.63147]]],[[[21.2319,60.60735],[21.23836,60.61194],[21.23798,60.6157],[21.24083,60.61872],[21.23883,60.62261],[21.23263,60.62739],[21.22123,60.62958],[21.21653,60.62763],[21.22209,60.62339],[21.21463,60.62041],[21.22264,60.61187],[21.2319,60.60735]]],[[[21.38637,60.6112],[21.38988,60.61311],[21.38318,60.6166],[21.37868,60.61245],[21.38637,60.6112]]],[[[21.31551,60.60301],[21.32297,60.60506],[21.32328,60.60799],[21.31678,60.61069],[21.30908,60.6074],[21.31551,60.60301]]],[[[21.2431,60.59983],[21.2441,60.60276],[21.23729,60.60592],[21.23313,60.60402],[21.2431,60.59983]]],[[[21.42698,60.60757],[21.42841,60.60939],[21.4246,60.61706],[21.41694,60.61531],[21.40342,60.61726],[21.40085,60.61492],[21.40827,60.61131],[21.41476,60.61218],[21.41754,60.60898],[21.42698,60.60757]]],[[[21.32599,60.59653],[21.32762,60.60008],[21.32553,60.6032],[21.31982,60.60368],[21.31865,60.59706],[21.32599,60.59653]]],[[[21.22586,60.58161],[21.22875,60.58465],[21.22662,60.5911],[21.23395,60.59508],[21.23088,60.60113],[21.22254,60.60294],[21.22335,60.60632],[21.21301,60.60591],[21.20823,60.6069],[21.20847,60.61179],[21.19984,60.61736],[21.1884,60.61581],[21.18615,60.61227],[21.18036,60.61343],[21.17551,60.61653],[21.16491,60.61515],[21.15956,60.61241],[21.16235,60.6096],[21.17236,60.60972],[21.17441,60.60573],[21.17876,60.60637],[21.17543,60.61128],[21.17937,60.61177],[21.18726,60.6067],[21.19705,60.60602],[21.20846,60.59907],[21.20586,60.5966],[21.21,60.58805],[21.21838,60.5884],[21.22126,60.58249],[21.22586,60.58161]]],[[[21.41877,60.5867],[21.42263,60.58898],[21.41738,60.5928],[21.41048,60.58956],[21.41877,60.5867]]],[[[21.36448,60.58339],[21.37006,60.58536],[21.37141,60.58897],[21.36765,60.59225],[21.36931,60.59491],[21.36362,60.60156],[21.35715,60.60159],[21.35301,60.61549],[21.34787,60.61792],[21.33674,60.61681],[21.33502,60.61947],[21.32566,60.61974],[21.32154,60.62497],[21.31481,60.62427],[21.31598,60.62115],[21.31166,60.61732],[21.31604,60.6143],[21.32327,60.61362],[21.32633,60.61062],[21.33411,60.60759],[21.33544,60.60384],[21.35005,60.59918],[21.3485,60.5953],[21.35716,60.58634],[21.36448,60.58339]]],[[[21.31903,60.5801],[21.32234,60.58154],[21.31714,60.58727],[21.32427,60.5894],[21.31947,60.59578],[21.31201,60.59797],[21.3122,60.6009],[21.30576,60.60907],[21.31469,60.61187],[21.30751,60.61564],[21.31033,60.6234],[21.31758,60.62924],[21.32524,60.62977],[21.32484,60.62492],[21.33524,60.62287],[21.34094,60.62522],[21.35077,60.62355],[21.35538,60.62473],[21.3411,60.63569],[21.33736,60.63679],[21.33059,60.63496],[21.33507,60.63136],[21.32928,60.62936],[21.32674,60.63285],[21.32064,60.63327],[21.31522,60.63741],[21.31856,60.64157],[21.30925,60.64493],[21.30857,60.6507],[21.31198,60.65542],[21.31895,60.65278],[21.32168,60.65531],[21.32288,60.66396],[21.31657,60.66701],[21.29588,60.66636],[21.2932,60.67097],[21.27702,60.67108],[21.27028,60.66822],[21.26378,60.67056],[21.25845,60.66994],[21.25809,60.6668],[21.27602,60.6625],[21.28706,60.66255],[21.28573,60.6594],[21.27441,60.6534],[21.26738,60.65305],[21.26172,60.65066],[21.25291,60.65331],[21.23837,60.64951],[21.23466,60.64289],[21.22765,60.63648],[21.21764,60.6407],[21.21258,60.6388],[21.21831,60.63659],[21.23244,60.63456],[21.23208,60.6293],[21.24791,60.61817],[21.24815,60.61331],[21.24082,60.61147],[21.24491,60.60731],[21.25565,60.60625],[21.25716,60.60094],[21.2674,60.59858],[21.27002,60.60467],[21.26168,60.60636],[21.26314,60.61092],[21.26814,60.61263],[21.27045,60.6083],[21.27504,60.60825],[21.2784,60.60501],[21.29189,60.6075],[21.29046,60.59723],[21.28438,60.60213],[21.27919,60.60021],[21.27808,60.59596],[21.29533,60.58396],[21.30292,60.58223],[21.30522,60.58527],[21.31903,60.5801]]],[[[21.20515,60.57494],[21.20437,60.57998],[21.19616,60.58088],[21.20515,60.57494]]],[[[21.3213,60.56858],[21.32915,60.57196],[21.32833,60.57461],[21.32092,60.5738],[21.31304,60.57484],[21.3213,60.56858]]],[[[21.16134,60.56088],[21.16575,60.5612],[21.16946,60.56466],[21.17504,60.56469],[21.17705,60.56945],[21.18082,60.57183],[21.17735,60.57498],[21.16677,60.57954],[21.16023,60.57624],[21.16248,60.573],[21.1588,60.57092],[21.16134,60.56088]]],[[[21.44356,60.56458],[21.44447,60.57148],[21.43955,60.57587],[21.43038,60.57806],[21.42674,60.57161],[21.43604,60.56636],[21.44356,60.56458]]],[[[21.51895,60.56701],[21.51743,60.57101],[21.5055,60.57375],[21.49574,60.5728],[21.49505,60.56854],[21.49872,60.56639],[21.5063,60.56721],[21.51895,60.56701]]],[[[21.74824,60.57396],[21.75216,60.5772],[21.75853,60.57911],[21.75428,60.58292],[21.7627,60.58886],[21.74955,60.58854],[21.74815,60.58406],[21.73774,60.58739],[21.73249,60.58438],[21.72892,60.58557],[21.72386,60.58178],[21.73044,60.58043],[21.73524,60.58366],[21.74824,60.57396]]],[[[21.31824,60.55462],[21.32668,60.55736],[21.32589,60.56156],[21.31645,60.57009],[21.30882,60.5728],[21.31098,60.5761],[21.31004,60.58029],[21.29135,60.57884],[21.28765,60.57307],[21.30367,60.56489],[21.31824,60.55462]]],[[[21.20761,60.54477],[21.2104,60.54855],[21.20435,60.55507],[21.19679,60.55573],[21.19521,60.55214],[21.19961,60.54755],[21.20761,60.54477]]],[[[21.33275,60.54962],[21.33853,60.55405],[21.33136,60.55589],[21.32659,60.5528],[21.33275,60.54962]]],[[[21.51092,60.55675],[21.51179,60.56221],[21.50795,60.56465],[21.49549,60.56371],[21.49761,60.55924],[21.51092,60.55675]]],[[[21.71036,60.56478],[21.71817,60.56743],[21.71794,60.57302],[21.71283,60.57532],[21.71036,60.56478]]],[[[21.55134,60.55677],[21.55496,60.55817],[21.55596,60.5625],[21.53759,60.56599],[21.53377,60.56326],[21.53951,60.56161],[21.54648,60.55764],[21.55134,60.55677]]],[[[21.24076,60.54016],[21.24518,60.5436],[21.2462,60.54879],[21.23628,60.54979],[21.22882,60.54386],[21.24076,60.54016]]],[[[21.51778,60.55001],[21.52151,60.55018],[21.52221,60.5565],[21.525,60.55867],[21.53133,60.55787],[21.53566,60.56109],[21.52948,60.56403],[21.51465,60.56049],[21.52201,60.55532],[21.51778,60.55001]]],[[[21.22411,60.53708],[21.2253,60.53824],[21.22432,60.55085],[21.21571,60.54704],[21.21367,60.54309],[21.22411,60.53708]]],[[[21.23461,60.53588],[21.23415,60.54016],[21.22811,60.53859],[21.23461,60.53588]]],[[[21.25874,60.53687],[21.26142,60.54155],[21.25129,60.54126],[21.25104,60.53771],[21.25874,60.53687]]],[[[21.73646,60.55179],[21.74774,60.55886],[21.75061,60.5631],[21.74419,60.56358],[21.74743,60.57103],[21.7424,60.57572],[21.73874,60.57686],[21.73135,60.57223],[21.72727,60.56556],[21.72522,60.55788],[21.72937,60.55459],[21.73646,60.55179]]],[[[21.17838,60.52769],[21.18061,60.52899],[21.17878,60.53432],[21.17469,60.53377],[21.17838,60.52769]]],[[[21.15898,60.51458],[21.15966,60.51698],[21.17009,60.52351],[21.16436,60.52517],[21.15794,60.52371],[21.15971,60.5207],[21.15697,60.51616],[21.15898,60.51458]]],[[[21.55185,60.53107],[21.5569,60.53411],[21.55395,60.53591],[21.55534,60.5418],[21.55293,60.54358],[21.55097,60.55108],[21.54219,60.55572],[21.53453,60.55699],[21.52533,60.55527],[21.52528,60.548],[21.53521,60.5366],[21.55185,60.53107]]],[[[21.22999,60.5036],[21.23346,60.50427],[21.22971,60.51043],[21.2233,60.51046],[21.21769,60.5083],[21.21061,60.50923],[21.19846,60.51529],[21.19605,60.51367],[21.2056,60.50831],[21.21327,60.50558],[21.22371,60.50625],[21.22999,60.5036]]],[[[21.25805,60.50122],[21.26123,60.50596],[21.25358,60.50737],[21.25357,60.50402],[21.25805,60.50122]]],[[[21.19372,60.4983],[21.19701,60.49872],[21.19353,60.5043],[21.18761,60.50458],[21.18588,60.50103],[21.19372,60.4983]]],[[[21.49312,60.50964],[21.49381,60.5124],[21.50334,60.51128],[21.50691,60.51241],[21.50675,60.52515],[21.49168,60.52988],[21.48619,60.52994],[21.48189,60.52622],[21.48186,60.52196],[21.49288,60.51663],[21.4865,60.51271],[21.49312,60.50964]]],[[[21.58491,60.51226],[21.58776,60.51615],[21.58759,60.52194],[21.59709,60.52542],[21.59131,60.53118],[21.58297,60.53595],[21.58165,60.53921],[21.5702,60.54485],[21.56104,60.54414],[21.56085,60.53665],[21.56397,60.52925],[21.56907,60.52522],[21.57502,60.52512],[21.57589,60.51818],[21.58083,60.51313],[21.58491,60.51226]]],[[[21.4003,60.5023],[21.40109,60.50492],[21.39464,60.50702],[21.39108,60.50442],[21.4003,60.5023]]],[[[21.4952,60.50419],[21.5054,60.5068],[21.49885,60.50934],[21.4952,60.50419]]],[[[21.88636,60.51728],[21.89354,60.51856],[21.89405,60.52096],[21.88598,60.52228],[21.88636,60.51728]]],[[[21.25439,60.49069],[21.25003,60.50299],[21.24597,60.49897],[21.24733,60.49422],[21.25439,60.49069]]],[[[21.36807,60.49549],[21.3766,60.49757],[21.38419,60.49782],[21.38904,60.50344],[21.38191,60.50341],[21.37639,60.5051],[21.3744,60.51094],[21.38171,60.51279],[21.38041,60.51736],[21.37538,60.51932],[21.36117,60.51906],[21.36064,60.51606],[21.34808,60.51464],[21.34636,60.50861],[21.35407,60.51054],[21.3608,60.51002],[21.36462,60.50562],[21.36004,60.5006],[21.36807,60.49549]]],[[[21.38932,60.49355],[21.39564,60.49631],[21.38834,60.49842],[21.38499,60.49616],[21.38932,60.49355]]],[[[21.41511,60.49287],[21.41918,60.49441],[21.41513,60.49995],[21.40271,60.49701],[21.4058,60.49383],[21.41511,60.49287]]],[[[21.67853,60.50347],[21.68629,60.50464],[21.68962,60.50921],[21.68684,60.51298],[21.68067,60.51547],[21.67756,60.50829],[21.67106,60.50622],[21.67853,60.50347]]],[[[21.93768,60.51256],[21.94319,60.51328],[21.93932,60.51727],[21.94002,60.52147],[21.92657,60.52176],[21.92511,60.51898],[21.93768,60.51256]]],[[[21.31126,60.48475],[21.31748,60.48938],[21.31631,60.49305],[21.32936,60.49341],[21.33523,60.49228],[21.34401,60.49265],[21.35081,60.49511],[21.35408,60.49978],[21.35161,60.50304],[21.34615,60.50298],[21.33454,60.50746],[21.33998,60.51225],[21.33653,60.51624],[21.32289,60.51796],[21.3161,60.51584],[21.31175,60.51908],[21.31857,60.52056],[21.31686,60.52868],[21.32237,60.53468],[21.32313,60.5377],[21.3134,60.5481],[21.31269,60.55189],[21.30552,60.55141],[21.29869,60.56114],[21.2692,60.5706],[21.2613,60.57686],[21.26118,60.58159],[21.24934,60.58311],[21.24624,60.58599],[21.2361,60.58713],[21.23492,60.58195],[21.24539,60.57732],[21.23784,60.57589],[21.23604,60.5809],[21.22973,60.58165],[21.22933,60.57324],[21.2399,60.56592],[21.24904,60.56756],[21.2564,60.56384],[21.25445,60.5605],[21.2473,60.56254],[21.24443,60.55866],[21.24874,60.55408],[21.24258,60.55162],[21.25289,60.54834],[21.24896,60.54471],[21.25158,60.54333],[21.26976,60.55208],[21.27942,60.5483],[21.27228,60.54278],[21.27907,60.53879],[21.27977,60.53412],[21.27293,60.53352],[21.27707,60.52678],[21.27315,60.52633],[21.25986,60.53083],[21.25001,60.53622],[21.24695,60.53488],[21.24816,60.52961],[21.23987,60.52687],[21.2422,60.52464],[21.23819,60.51613],[21.23929,60.50968],[21.24543,60.50801],[21.25594,60.51276],[21.27104,60.51607],[21.27464,60.51257],[21.26485,60.50779],[21.26624,60.5034],[21.27056,60.50256],[21.2794,60.50431],[21.28791,60.50336],[21.28384,60.49924],[21.27316,60.49529],[21.28228,60.49093],[21.28705,60.49051],[21.29608,60.49235],[21.29637,60.49532],[21.31121,60.49779],[21.30715,60.48948],[21.31126,60.48475]]],[[[21.30488,60.48022],[21.30882,60.48276],[21.29948,60.48448],[21.29952,60.48089],[21.30488,60.48022]]],[[[21.36483,60.48173],[21.3697,60.483],[21.36911,60.48811],[21.36428,60.48834],[21.35928,60.48594],[21.36483,60.48173]]],[[[21.51427,60.4868],[21.52021,60.48841],[21.51662,60.49215],[21.50876,60.49393],[21.50167,60.49241],[21.50266,60.4882],[21.51427,60.4868]]],[[[21.67024,60.49155],[21.6705,60.49678],[21.67321,60.50018],[21.66764,60.50412],[21.66034,60.49351],[21.67024,60.49155]]],[[[21.56461,60.48582],[21.5695,60.48672],[21.57677,60.49242],[21.56935,60.49598],[21.56114,60.49094],[21.56048,60.48795],[21.56461,60.48582]]],[[[21.32561,60.47558],[21.32728,60.47654],[21.32105,60.48201],[21.31787,60.48037],[21.32561,60.47558]]],[[[21.54929,60.48444],[21.55572,60.48483],[21.55788,60.48849],[21.55236,60.49011],[21.5504,60.49407],[21.56012,60.49639],[21.559,60.49929],[21.5657,60.49986],[21.56611,60.50414],[21.57191,60.5082],[21.57528,60.51381],[21.5701,60.51674],[21.57243,60.52172],[21.56134,60.52382],[21.55337,60.5266],[21.54803,60.52581],[21.55553,60.51106],[21.56347,60.5103],[21.56201,60.50787],[21.56454,60.5033],[21.5592,60.50118],[21.54149,60.50783],[21.54305,60.50998],[21.53399,60.51607],[21.5245,60.51884],[21.52184,60.51686],[21.52731,60.51344],[21.52229,60.51049],[21.52557,60.50503],[21.51515,60.50034],[21.51671,60.49579],[21.52417,60.49354],[21.53337,60.49353],[21.5364,60.49047],[21.54546,60.48721],[21.54929,60.48444]]],[[[21.34234,60.47533],[21.34991,60.47662],[21.34559,60.47972],[21.33166,60.47726],[21.34234,60.47533]]],[[[21.5047,60.48118],[21.50954,60.48379],[21.50621,60.48686],[21.49992,60.48514],[21.5047,60.48118]]],[[[21.58054,60.48352],[21.58528,60.48693],[21.581,60.48895],[21.57397,60.48499],[21.58054,60.48352]]],[[[21.46923,60.47762],[21.47819,60.47981],[21.48447,60.48589],[21.48826,60.48737],[21.48764,60.49082],[21.49782,60.49277],[21.49708,60.50185],[21.49247,60.50119],[21.4837,60.51146],[21.48279,60.51721],[21.47785,60.52099],[21.47644,60.52671],[21.47964,60.52951],[21.47872,60.53669],[21.48308,60.53663],[21.49347,60.53242],[21.50651,60.53308],[21.51326,60.53205],[21.51519,60.52935],[21.51348,60.52562],[21.51655,60.5235],[21.53136,60.52266],[21.53399,60.52602],[21.53111,60.52976],[21.52486,60.53145],[21.52504,60.5381],[21.51881,60.54073],[21.5178,60.54614],[21.50165,60.55028],[21.49418,60.55362],[21.48672,60.55344],[21.48856,60.5479],[21.47743,60.54568],[21.47805,60.55022],[21.46691,60.5589],[21.45257,60.56007],[21.44907,60.55803],[21.45491,60.55374],[21.45231,60.55217],[21.43978,60.55611],[21.43141,60.55444],[21.4307,60.5598],[21.42336,60.5588],[21.42092,60.5647],[21.42318,60.56699],[21.42021,60.57313],[21.42071,60.57857],[21.40297,60.58245],[21.39998,60.58569],[21.40255,60.58895],[21.39815,60.59429],[21.39129,60.5933],[21.38365,60.5967],[21.37314,60.59726],[21.37129,60.5955],[21.37576,60.58886],[21.36336,60.57923],[21.3569,60.57926],[21.35271,60.57557],[21.34581,60.5765],[21.34184,60.5712],[21.35189,60.57012],[21.34723,60.56739],[21.33907,60.56566],[21.33008,60.56579],[21.3288,60.56245],[21.34081,60.55367],[21.34447,60.54955],[21.33312,60.54386],[21.3541,60.53464],[21.36213,60.53043],[21.37047,60.52906],[21.37461,60.53023],[21.38394,60.52902],[21.3834,60.5224],[21.38917,60.51583],[21.40245,60.51386],[21.40358,60.50751],[21.40884,60.50556],[21.42149,60.50338],[21.42568,60.50142],[21.43361,60.50059],[21.4343,60.49626],[21.43176,60.49481],[21.43336,60.48591],[21.44671,60.4826],[21.45062,60.48057],[21.46047,60.48005],[21.46923,60.47762]]],[[[21.61615,60.47929],[21.62837,60.48193],[21.6334,60.48493],[21.63312,60.48861],[21.62768,60.49248],[21.61772,60.49161],[21.61711,60.48866],[21.62294,60.48748],[21.61231,60.48308],[21.61615,60.47929]]],[[[21.67105,60.48001],[21.67332,60.48578],[21.66725,60.48749],[21.65873,60.48357],[21.67105,60.48001]]],[[[21.37728,60.46027],[21.38295,60.46268],[21.37933,60.46539],[21.37399,60.46438],[21.37728,60.46027]]],[[[21.14474,60.44991],[21.14983,60.45358],[21.14247,60.45386],[21.14474,60.44991]]],[[[21.18691,60.44466],[21.19023,60.44935],[21.17834,60.45083],[21.16906,60.44953],[21.16862,60.44531],[21.17547,60.44643],[21.18691,60.44466]]],[[[21.77988,60.46899],[21.78733,60.4713],[21.78367,60.47482],[21.77752,60.47034],[21.77988,60.46899]]],[[[21.36079,60.44991],[21.37668,60.45231],[21.38103,60.45471],[21.37621,60.45851],[21.36998,60.45614],[21.36497,60.45712],[21.35854,60.45293],[21.36079,60.44991]]],[[[21.1997,60.44249],[21.2037,60.44348],[21.20774,60.44881],[21.19924,60.44837],[21.19707,60.445],[21.1997,60.44249]]],[[[21.65781,60.45988],[21.673,60.46169],[21.67586,60.46566],[21.67175,60.47274],[21.66127,60.47856],[21.65481,60.47827],[21.64494,60.47953],[21.64804,60.47398],[21.64743,60.46987],[21.64091,60.46853],[21.63925,60.46458],[21.64545,60.46178],[21.65781,60.45988]]],[[[21.91215,60.46799],[21.91316,60.47405],[21.9067,60.48133],[21.90104,60.48371],[21.8979,60.48121],[21.9029,60.47836],[21.90959,60.4687],[21.91215,60.46799]]],[[[21.80896,60.46323],[21.81202,60.46926],[21.81635,60.47286],[21.80856,60.47555],[21.79931,60.4654],[21.80089,60.46309],[21.80896,60.46323]]],[[[21.7147,60.45795],[21.71693,60.46123],[21.72554,60.46375],[21.72541,60.46846],[21.73018,60.47329],[21.73658,60.47325],[21.73718,60.47728],[21.73231,60.48044],[21.73345,60.4895],[21.73611,60.49367],[21.74551,60.50057],[21.75077,60.50184],[21.75984,60.50044],[21.7639,60.50473],[21.76844,60.50436],[21.77475,60.5073],[21.77212,60.51081],[21.77787,60.51119],[21.77919,60.51538],[21.78735,60.51916],[21.78871,60.52691],[21.79605,60.52591],[21.79781,60.53151],[21.80153,60.53576],[21.80281,60.54063],[21.79186,60.54403],[21.79344,60.54863],[21.78144,60.55126],[21.77724,60.54634],[21.76655,60.55221],[21.75561,60.55553],[21.74956,60.5491],[21.74241,60.54524],[21.74574,60.54275],[21.74625,60.53649],[21.73695,60.53137],[21.72922,60.52936],[21.72141,60.52569],[21.72065,60.52305],[21.71225,60.52138],[21.7071,60.5102],[21.71329,60.50688],[21.70909,60.49878],[21.70206,60.49764],[21.69841,60.49156],[21.70692,60.48897],[21.70372,60.48378],[21.69875,60.48069],[21.69903,60.4767],[21.69372,60.4705],[21.70058,60.46106],[21.7147,60.45795]]],[[[21.74726,60.45839],[21.73867,60.46432],[21.73255,60.46265],[21.7367,60.45976],[21.74726,60.45839]]],[[[21.37681,60.44098],[21.38185,60.44328],[21.38022,60.44583],[21.37306,60.44579],[21.3667,60.44273],[21.37681,60.44098]]],[[[21.6944,60.45306],[21.69696,60.45554],[21.69215,60.46071],[21.68674,60.46077],[21.68252,60.45676],[21.68367,60.45468],[21.6944,60.45306]]],[[[21.66118,60.44876],[21.66852,60.45195],[21.66473,60.45652],[21.66064,60.45742],[21.65504,60.45182],[21.66118,60.44876]]],[[[21.27205,60.4314],[21.26423,60.43501],[21.25958,60.43296],[21.27205,60.4314]]],[[[21.35323,60.43391],[21.35817,60.43475],[21.3596,60.43776],[21.35472,60.43899],[21.35323,60.43391]]],[[[21.37034,60.43258],[21.37393,60.43418],[21.37273,60.43736],[21.36556,60.43692],[21.37034,60.43258]]],[[[21.191,60.42361],[21.19222,60.42944],[21.18399,60.42866],[21.18424,60.42442],[21.191,60.42361]]],[[[21.73622,60.44625],[21.73589,60.45064],[21.72938,60.44902],[21.73622,60.44625]]],[[[21.34287,60.42984],[21.34495,60.43429],[21.33716,60.43455],[21.33417,60.4325],[21.34287,60.42984]]],[[[21.57834,60.43959],[21.57524,60.44513],[21.57002,60.44408],[21.57165,60.44123],[21.57834,60.43959]]],[[[21.2757,60.42275],[21.26802,60.43016],[21.25893,60.42781],[21.26028,60.42467],[21.26625,60.42469],[21.2757,60.42275]]],[[[21.68488,60.43765],[21.68903,60.44039],[21.69329,60.43825],[21.69811,60.44095],[21.69675,60.44369],[21.70533,60.44561],[21.70095,60.44902],[21.69415,60.45002],[21.68707,60.44877],[21.67941,60.44925],[21.67891,60.43947],[21.68488,60.43765]]],[[[21.56608,60.43116],[21.57034,60.4317],[21.56748,60.43721],[21.55922,60.44001],[21.54814,60.43838],[21.55625,60.4344],[21.55894,60.43506],[21.56608,60.43116]]],[[[21.35644,60.42171],[21.3613,60.42285],[21.35797,60.42654],[21.35744,60.43179],[21.34739,60.43245],[21.35018,60.4246],[21.35644,60.42171]]],[[[21.41164,60.42356],[21.41506,60.42896],[21.41234,60.43049],[21.41921,60.43367],[21.41532,60.4397],[21.40659,60.44047],[21.39953,60.43124],[21.39418,60.42852],[21.40871,60.42359],[21.41164,60.42356]]],[[[21.25492,60.41229],[21.27048,60.41536],[21.27373,60.41851],[21.26774,60.42],[21.25719,60.42032],[21.25412,60.42213],[21.24581,60.41991],[21.24578,60.41793],[21.25492,60.41229]]],[[[21.76475,60.43297],[21.76242,60.43863],[21.75393,60.43946],[21.74957,60.43836],[21.75043,60.4352],[21.76475,60.43297]]],[[[21.17345,60.40717],[21.17367,60.41299],[21.16529,60.40974],[21.17345,60.40717]]],[[[21.3695,60.41142],[21.38576,60.41568],[21.38632,60.41908],[21.39239,60.41924],[21.39522,60.42711],[21.39073,60.42961],[21.39375,60.43923],[21.38318,60.43911],[21.37919,60.43502],[21.3775,60.42855],[21.36834,60.42699],[21.36754,60.4204],[21.36184,60.42077],[21.35408,60.4173],[21.35848,60.41188],[21.3695,60.41142]]],[[[21.26416,60.40338],[21.26819,60.40499],[21.26265,60.40826],[21.25795,60.40649],[21.26416,60.40338]]],[[[21.17141,60.39894],[21.17189,60.40393],[21.16883,60.40698],[21.16334,60.40449],[21.16562,60.40135],[21.17141,60.39894]]],[[[21.76968,60.42343],[21.77273,60.42829],[21.76544,60.42779],[21.76968,60.42343]]],[[[21.67511,60.41752],[21.68114,60.41998],[21.68207,60.42344],[21.67405,60.42545],[21.671,60.41859],[21.67511,60.41752]]],[[[21.81768,60.42038],[21.82543,60.42353],[21.82493,60.42684],[21.83138,60.43317],[21.82031,60.43521],[21.81823,60.43971],[21.80732,60.44529],[21.80067,60.44518],[21.80106,60.44892],[21.7863,60.44729],[21.78419,60.44134],[21.7953,60.44029],[21.79394,60.43509],[21.80399,60.43524],[21.81282,60.43376],[21.81244,60.43207],[21.79349,60.43199],[21.78024,60.42866],[21.7829,60.42413],[21.79457,60.42544],[21.80555,60.42536],[21.81422,60.42351],[21.81768,60.42038]]],[[[21.21112,60.39504],[21.20944,60.40038],[21.2143,60.40059],[21.21651,60.40372],[21.22861,60.39667],[21.23332,60.39691],[21.2286,60.40548],[21.22318,60.40834],[21.22345,60.41152],[21.21733,60.41817],[21.22227,60.4244],[21.21848,60.42918],[21.21487,60.43073],[21.20824,60.42738],[21.20384,60.43351],[21.20634,60.43985],[21.20179,60.44114],[21.19726,60.43391],[21.19887,60.42954],[21.20208,60.42774],[21.19977,60.42382],[21.20614,60.42274],[21.20593,60.41706],[21.20306,60.41072],[21.19924,60.40917],[21.1998,60.40337],[21.20699,60.3949],[21.21112,60.39504]]],[[[21.75461,60.41743],[21.75704,60.41908],[21.7532,60.42278],[21.75308,60.42675],[21.74613,60.42903],[21.73795,60.42388],[21.74175,60.42021],[21.75461,60.41743]]],[[[21.34802,60.40063],[21.35137,60.40109],[21.35578,60.40532],[21.35251,60.40843],[21.34207,60.409],[21.34202,60.41182],[21.33443,60.41213],[21.32864,60.41478],[21.32483,60.41328],[21.3209,60.4087],[21.34802,60.40063]]],[[[21.1952,60.3917],[21.19858,60.39285],[21.19982,60.39774],[21.19188,60.40363],[21.18935,60.40019],[21.18468,60.39826],[21.18585,60.39276],[21.1952,60.3917]]],[[[21.58739,60.40788],[21.59313,60.40933],[21.58298,60.4167],[21.58477,60.42008],[21.57338,60.41763],[21.57464,60.41435],[21.58291,60.40858],[21.58739,60.40788]]],[[[21.17228,60.39024],[21.17799,60.3958],[21.16766,60.39887],[21.1642,60.39454],[21.16918,60.39022],[21.17228,60.39024]]],[[[21.25455,60.39295],[21.25817,60.39523],[21.26579,60.39553],[21.27547,60.40038],[21.26513,60.40225],[21.25673,60.40094],[21.2503,60.39746],[21.25455,60.39295]]],[[[21.42006,60.39979],[21.42995,60.40039],[21.43829,60.40365],[21.4411,60.40691],[21.44215,60.4137],[21.44037,60.41589],[21.43303,60.41509],[21.42626,60.42289],[21.42565,60.42693],[21.4213,60.42701],[21.42079,60.42276],[21.41497,60.42228],[21.4039,60.41414],[21.40641,60.41102],[21.41756,60.41265],[21.41721,60.40928],[21.41309,60.40704],[21.41364,60.40183],[21.42006,60.39979]]],[[[21.70126,60.4112],[21.70893,60.41417],[21.71756,60.41993],[21.72138,60.42569],[21.71573,60.4288],[21.70639,60.42981],[21.71178,60.43328],[21.71182,60.43685],[21.70572,60.44452],[21.70014,60.44042],[21.69083,60.42902],[21.68862,60.42484],[21.68925,60.42019],[21.69667,60.41789],[21.70126,60.4112]]],[[[21.27301,60.39273],[21.28117,60.394],[21.27786,60.39722],[21.27301,60.39273]]],[[[21.28282,60.39248],[21.28805,60.39624],[21.28233,60.39704],[21.28282,60.39248]]],[[[22.03551,60.42175],[22.05471,60.42428],[22.0656,60.42639],[22.0684,60.43499],[22.07215,60.43919],[22.07265,60.44276],[22.06796,60.44572],[22.05129,60.44539],[22.05283,60.44098],[22.02949,60.44252],[22.03669,60.44845],[22.03506,60.45328],[22.02806,60.45861],[22.01445,60.46096],[22.00898,60.46317],[22.0032,60.46334],[22.00044,60.46723],[21.99535,60.46907],[21.98594,60.46724],[21.9851,60.47232],[21.97585,60.4754],[21.96133,60.47874],[21.95056,60.47974],[21.94698,60.48166],[21.93175,60.48475],[21.92411,60.48286],[21.92527,60.47451],[21.93025,60.46209],[21.93039,60.45791],[21.93748,60.45863],[21.93695,60.4548],[21.94145,60.44698],[21.95965,60.44251],[21.97495,60.44079],[21.98371,60.43828],[21.9807,60.43303],[21.98322,60.42904],[21.99158,60.42278],[22.00272,60.42338],[22.01824,60.42147],[22.02604,60.42508],[22.03551,60.42175]]],[[[21.60297,60.40474],[21.61565,60.40865],[21.6169,60.41309],[21.6266,60.41632],[21.6235,60.41869],[21.62937,60.42078],[21.62548,60.42278],[21.62171,60.42961],[21.63087,60.42862],[21.64204,60.4257],[21.64397,60.43148],[21.64142,60.43358],[21.64527,60.4365],[21.6389,60.44181],[21.64478,60.44638],[21.64025,60.45064],[21.63382,60.45912],[21.6284,60.45406],[21.61462,60.44543],[21.62026,60.43845],[21.61603,60.43764],[21.60991,60.44226],[21.60473,60.4379],[21.60397,60.42884],[21.60555,60.42345],[21.60306,60.41919],[21.61692,60.41856],[21.61223,60.41437],[21.60108,60.41563],[21.59983,60.40775],[21.60297,60.40474]]],[[[21.57322,60.40129],[21.57361,60.40383],[21.56595,60.40869],[21.55761,60.4098],[21.56501,60.40106],[21.57322,60.40129]]],[[[21.71009,60.40635],[21.71962,60.40673],[21.72433,60.41212],[21.72115,60.41868],[21.71511,60.41807],[21.7088,60.4111],[21.71009,60.40635]]],[[[21.50113,60.39144],[21.50672,60.39682],[21.49886,60.39617],[21.50113,60.39144]]],[[[21.15172,60.37645],[21.15586,60.38073],[21.15611,60.38574],[21.14802,60.38584],[21.14662,60.37971],[21.15172,60.37645]]],[[[21.68694,60.39665],[21.69235,60.39955],[21.68898,60.40352],[21.68916,60.40674],[21.68481,60.41164],[21.67916,60.41387],[21.67553,60.40558],[21.67613,60.4005],[21.68694,60.39665]]],[[[22.14003,60.41127],[22.14514,60.4118],[22.15348,60.41565],[22.14847,60.41962],[22.13729,60.4163],[22.14003,60.41127]]],[[[21.45941,60.38457],[21.46537,60.38939],[21.46204,60.39036],[21.45612,60.38634],[21.45941,60.38457]]],[[[21.16856,60.37114],[21.17447,60.37552],[21.17576,60.38135],[21.1703,60.38732],[21.16477,60.38466],[21.16051,60.3732],[21.16856,60.37114]]],[[[21.18368,60.37056],[21.18866,60.37236],[21.18885,60.37591],[21.18221,60.37484],[21.18368,60.37056]]],[[[22.11064,60.40636],[22.11968,60.40952],[22.12302,60.41394],[22.13381,60.42049],[22.13413,60.42503],[22.14408,60.4214],[22.15279,60.42581],[22.16624,60.42308],[22.17326,60.42276],[22.18586,60.42755],[22.19599,60.43346],[22.20529,60.43609],[22.2014,60.443],[22.1958,60.44392],[22.1871,60.43874],[22.16409,60.43907],[22.15354,60.43585],[22.14847,60.43169],[22.13812,60.43177],[22.12522,60.43443],[22.11697,60.43369],[22.11103,60.43033],[22.09291,60.42687],[22.08815,60.42353],[22.09362,60.42089],[22.10881,60.42578],[22.11041,60.42448],[22.10699,60.41619],[22.11206,60.41059],[22.11064,60.40636]]],[[[21.67969,60.38717],[21.68094,60.3903],[21.66899,60.39387],[21.66261,60.39137],[21.66852,60.3892],[21.67969,60.38717]]],[[[21.21872,60.36669],[21.22295,60.37071],[21.21767,60.37175],[21.21029,60.37694],[21.20594,60.37322],[21.21195,60.37138],[21.21872,60.36669]]],[[[22.03638,60.39954],[22.05286,60.40155],[22.06077,60.40893],[22.06253,60.41309],[22.06075,60.4159],[22.05512,60.41823],[22.04444,60.41602],[22.0436,60.414],[22.03329,60.41012],[22.02854,60.41004],[22.02217,60.40576],[22.02427,60.4028],[22.03638,60.39954]]],[[[21.69635,60.3862],[21.70186,60.38947],[21.70035,60.39427],[21.6972,60.39635],[21.68734,60.39552],[21.68511,60.39359],[21.69283,60.39112],[21.69635,60.3862]]],[[[22.04657,60.39652],[22.05262,60.39687],[22.06901,60.40499],[22.06643,60.40796],[22.05999,60.40717],[22.05552,60.4019],[22.04657,60.39652]]],[[[22.03259,60.39392],[22.04095,60.39858],[22.03031,60.39799],[22.03259,60.39392]]],[[[21.23465,60.36146],[21.23613,60.36912],[21.22777,60.3698],[21.22995,60.36517],[21.23465,60.36146]]],[[[21.39956,60.36649],[21.40369,60.36702],[21.40411,60.3743],[21.40869,60.37757],[21.40507,60.38465],[21.40064,60.38633],[21.40314,60.39057],[21.4083,60.38816],[21.41459,60.39221],[21.40432,60.39518],[21.39557,60.40032],[21.38897,60.39753],[21.38256,60.40409],[21.37233,60.40636],[21.36754,60.40628],[21.36202,60.40215],[21.35354,60.39888],[21.36308,60.39031],[21.36586,60.38412],[21.38044,60.37663],[21.38783,60.37534],[21.39956,60.36649]]],[[[21.18162,60.35453],[21.18656,60.35577],[21.19245,60.36821],[21.18568,60.36694],[21.18127,60.36423],[21.17637,60.36441],[21.16852,60.36211],[21.17351,60.35549],[21.18162,60.35453]]],[[[21.9852,60.38723],[21.99082,60.38854],[21.99534,60.39398],[21.99977,60.39468],[21.99036,60.40063],[21.98737,60.40084],[21.9744,60.39617],[21.96396,60.39045],[21.96374,60.38664],[21.97566,60.38758],[21.9852,60.38723]]],[[[21.16616,60.34921],[21.16958,60.35319],[21.16798,60.35678],[21.16339,60.35929],[21.15509,60.3582],[21.15194,60.35398],[21.16616,60.34921]]],[[[21.56347,60.36431],[21.56717,60.36614],[21.56489,60.36929],[21.55839,60.37107],[21.55757,60.36572],[21.56347,60.36431]]],[[[21.29046,60.35143],[21.29417,60.35215],[21.29435,60.35672],[21.289,60.35605],[21.27235,60.3577],[21.27842,60.35403],[21.29046,60.35143]]],[[[21.20639,60.34715],[21.20903,60.35393],[21.20531,60.3563],[21.19771,60.35093],[21.20639,60.34715]]],[[[21.47528,60.35839],[21.47786,60.36369],[21.48814,60.37045],[21.48625,60.37984],[21.49409,60.38454],[21.48232,60.38644],[21.4801,60.38942],[21.47421,60.38803],[21.46655,60.3839],[21.46729,60.38046],[21.47189,60.38019],[21.47494,60.37418],[21.48182,60.37225],[21.48184,60.36977],[21.47525,60.36835],[21.47,60.36247],[21.47528,60.35839]]],[[[22.2531,60.38815],[22.25938,60.38998],[22.25466,60.39344],[22.2491,60.39056],[22.2531,60.38815]]],[[[22.12071,60.38242],[22.13122,60.38352],[22.14766,60.38408],[22.15139,60.3869],[22.14945,60.38961],[22.14209,60.3905],[22.13757,60.38739],[22.12987,60.38599],[22.12546,60.38668],[22.11859,60.38438],[22.12071,60.38242]]],[[[21.67327,60.36432],[21.67487,60.36644],[21.65999,60.37091],[21.65135,60.37084],[21.6576,60.36698],[21.67327,60.36432]]],[[[22.22206,60.38491],[22.22975,60.38667],[22.23137,60.38972],[22.23881,60.3889],[22.24824,60.3901],[22.24999,60.39185],[22.24568,60.39781],[22.25905,60.39692],[22.27124,60.39118],[22.27862,60.39055],[22.27737,60.3973],[22.26801,60.39779],[22.2586,60.40399],[22.25186,60.41585],[22.24566,60.42007],[22.23064,60.42284],[22.22478,60.4311],[22.21828,60.43188],[22.19938,60.42973],[22.1946,60.42375],[22.18397,60.42332],[22.17494,60.41906],[22.16342,60.41735],[22.15148,60.41104],[22.14618,60.40624],[22.15576,60.40106],[22.1597,60.40358],[22.16951,60.40638],[22.17493,60.40021],[22.15682,60.39715],[22.15804,60.39368],[22.16549,60.39071],[22.17224,60.39001],[22.17116,60.38546],[22.18109,60.38659],[22.18764,60.38606],[22.20427,60.3878],[22.2067,60.38487],[22.22206,60.38491]]],[[[21.3554,60.35078],[21.36117,60.35112],[21.36498,60.35453],[21.36246,60.36269],[21.35943,60.36796],[21.34678,60.36788],[21.34835,60.37812],[21.33882,60.38728],[21.32867,60.39207],[21.31972,60.39095],[21.31376,60.39428],[21.29952,60.3921],[21.29747,60.38852],[21.30347,60.38472],[21.31224,60.38889],[21.31534,60.38777],[21.30309,60.37914],[21.28911,60.37503],[21.29653,60.36903],[21.30931,60.36164],[21.31206,60.35868],[21.3194,60.36095],[21.31814,60.36481],[21.32362,60.37182],[21.32995,60.36501],[21.3395,60.36698],[21.34059,60.36515],[21.33149,60.35984],[21.33479,60.35685],[21.33511,60.35207],[21.35039,60.35167],[21.3554,60.35078]]],[[[21.36824,60.35066],[21.37619,60.35483],[21.36952,60.35672],[21.36824,60.35066]]],[[[21.75741,60.36579],[21.75921,60.3681],[21.78219,60.3705],[21.78471,60.37477],[21.79334,60.37932],[21.79005,60.38281],[21.78592,60.38217],[21.7761,60.37729],[21.76605,60.37556],[21.76475,60.37294],[21.74828,60.37236],[21.74279,60.37481],[21.7476,60.37955],[21.74236,60.38161],[21.73046,60.37831],[21.72725,60.3721],[21.7336,60.36754],[21.73778,60.36652],[21.74659,60.36799],[21.74946,60.36549],[21.75741,60.36579]]],[[[21.19083,60.3419],[21.19118,60.34643],[21.18013,60.34646],[21.18039,60.34427],[21.19083,60.3419]]],[[[22.06483,60.3766],[22.06977,60.37807],[22.05878,60.38246],[22.05068,60.37868],[22.06483,60.3766]]],[[[21.69754,60.36212],[21.6991,60.36689],[21.69061,60.37103],[21.6769,60.3715],[21.67171,60.37931],[21.66718,60.38123],[21.65627,60.38273],[21.64984,60.38231],[21.64427,60.37994],[21.64409,60.37513],[21.66507,60.37195],[21.67467,60.36887],[21.68515,60.36362],[21.69754,60.36212]]],[[[21.15047,60.33905],[21.15718,60.34127],[21.16082,60.34528],[21.15524,60.35227],[21.14793,60.35388],[21.14127,60.34916],[21.13884,60.34166],[21.15047,60.33905]]],[[[21.84772,60.36778],[21.85551,60.36975],[21.84245,60.37362],[21.83214,60.37567],[21.81645,60.37637],[21.8168,60.37447],[21.82694,60.37359],[21.83585,60.36844],[21.84772,60.36778]]],[[[21.40439,60.34918],[21.41188,60.3516],[21.41285,60.35418],[21.40033,60.35192],[21.40439,60.34918]]],[[[21.71616,60.36102],[21.71782,60.36355],[21.71135,60.36556],[21.7056,60.36557],[21.70317,60.36217],[21.71616,60.36102]]],[[[21.6105,60.35469],[21.62161,60.35748],[21.61683,60.35945],[21.61089,60.35945],[21.60609,60.35637],[21.6105,60.35469]]],[[[21.43151,60.34728],[21.43477,60.3507],[21.42005,60.35189],[21.41817,60.3491],[21.43151,60.34728]]],[[[22.2533,60.37655],[22.26133,60.37698],[22.27021,60.3815],[22.27959,60.38091],[22.27526,60.38796],[22.25409,60.38695],[22.23857,60.38474],[22.23738,60.37933],[22.25095,60.3802],[22.2533,60.37655]]],[[[21.64205,60.35097],[21.64174,60.35412],[21.63387,60.35571],[21.63158,60.35116],[21.64205,60.35097]]],[[[22.47787,60.37884],[22.4899,60.38052],[22.48842,60.3825],[22.46777,60.38246],[22.46895,60.3787],[22.47787,60.37884]]],[[[21.30489,60.33295],[21.30468,60.33679],[21.28929,60.34189],[21.28986,60.33541],[21.30489,60.33295]]],[[[21.32683,60.33282],[21.33356,60.33669],[21.32343,60.33942],[21.32073,60.34185],[21.31016,60.3399],[21.31642,60.33744],[21.31826,60.33395],[21.32683,60.33282]]],[[[21.17634,60.32577],[21.19172,60.33203],[21.19236,60.33789],[21.18076,60.34161],[21.17966,60.33589],[21.17284,60.33262],[21.17634,60.32577]]],[[[21.42956,60.33635],[21.43753,60.33976],[21.43548,60.34155],[21.42102,60.3406],[21.41282,60.34366],[21.40708,60.34357],[21.40265,60.34007],[21.42234,60.3387],[21.42956,60.33635]]],[[[21.46552,60.33607],[21.47139,60.34058],[21.45719,60.3402],[21.45795,60.33642],[21.46552,60.33607]]],[[[21.18558,60.32123],[21.19398,60.32239],[21.19747,60.328],[21.18232,60.3252],[21.18558,60.32123]]],[[[21.89504,60.34921],[21.90965,60.35742],[21.91209,60.36028],[21.89683,60.36092],[21.87547,60.36487],[21.86014,60.36457],[21.85408,60.36597],[21.84027,60.36547],[21.83163,60.36708],[21.82194,60.36596],[21.82869,60.35745],[21.84164,60.35492],[21.85794,60.35434],[21.87156,60.35119],[21.88519,60.3494],[21.89504,60.34921]]],[[[21.41077,60.32967],[21.41374,60.33274],[21.40642,60.33399],[21.39229,60.3344],[21.39892,60.33069],[21.41077,60.32967]]],[[[21.22987,60.32171],[21.23656,60.32406],[21.22901,60.32711],[21.22359,60.3252],[21.22987,60.32171]]],[[[22.34943,60.36511],[22.37646,60.37067],[22.38663,60.37515],[22.39357,60.37492],[22.41361,60.37826],[22.43422,60.38045],[22.44005,60.38381],[22.45003,60.38187],[22.45329,60.38483],[22.46785,60.38938],[22.46944,60.39329],[22.45683,60.39465],[22.46014,60.39856],[22.47629,60.40147],[22.48005,60.40379],[22.47528,60.40844],[22.46563,60.40813],[22.45629,60.40559],[22.44001,60.40254],[22.42147,60.40013],[22.4144,60.40022],[22.38857,60.39521],[22.34334,60.3889],[22.33955,60.38706],[22.32224,60.3848],[22.30936,60.37814],[22.31044,60.37359],[22.32086,60.36933],[22.33174,60.36895],[22.34943,60.36511]]],[[[21.7109,60.33988],[21.71822,60.34049],[21.71675,60.34701],[21.71246,60.34938],[21.69249,60.35105],[21.68982,60.35406],[21.69044,60.36],[21.65638,60.36371],[21.64006,60.36285],[21.64794,60.35506],[21.65475,60.35237],[21.65268,60.34529],[21.6623,60.34255],[21.66696,60.34664],[21.67092,60.34692],[21.67607,60.34311],[21.6848,60.3451],[21.69843,60.34116],[21.7109,60.33988]]],[[[21.37443,60.32498],[21.37227,60.3286],[21.36754,60.32891],[21.35993,60.32624],[21.37443,60.32498]]],[[[21.34165,60.32301],[21.35907,60.32604],[21.35727,60.32904],[21.3485,60.32747],[21.34165,60.32301]]],[[[21.19667,60.31632],[21.20017,60.32192],[21.18948,60.31935],[21.19667,60.31632]]],[[[21.26541,60.31913],[21.27476,60.31974],[21.2755,60.32372],[21.26943,60.3248],[21.26541,60.31913]]],[[[21.29924,60.32029],[21.30939,60.32347],[21.30959,60.32757],[21.30335,60.32878],[21.2933,60.33321],[21.28261,60.33046],[21.27653,60.32998],[21.28104,60.32623],[21.27931,60.32065],[21.28696,60.32035],[21.29579,60.32199],[21.29924,60.32029]]],[[[21.5671,60.33136],[21.56891,60.33488],[21.56163,60.33493],[21.56042,60.33184],[21.5671,60.33136]]],[[[21.88523,60.34266],[21.88059,60.34446],[21.87439,60.34419],[21.87306,60.34698],[21.85914,60.34909],[21.86083,60.34521],[21.86758,60.34393],[21.88523,60.34266]]],[[[21.77989,60.3376],[21.78954,60.34048],[21.79747,60.33923],[21.8015,60.34248],[21.792,60.34405],[21.77229,60.34454],[21.77096,60.33879],[21.77989,60.3376]]],[[[21.41822,60.32275],[21.42106,60.32533],[21.40773,60.32804],[21.40572,60.32663],[21.41822,60.32275]]],[[[22.10436,60.34918],[22.11457,60.35334],[22.12022,60.358],[22.13156,60.3577],[22.18268,60.36716],[22.18759,60.36988],[22.21052,60.3708],[22.21601,60.37313],[22.21616,60.37591],[22.22854,60.38006],[22.22126,60.38301],[22.20972,60.38225],[22.2053,60.38087],[22.20033,60.38251],[22.1784,60.38126],[22.16424,60.38205],[22.15699,60.37974],[22.15196,60.38219],[22.14142,60.38191],[22.13163,60.38035],[22.12183,60.37603],[22.11825,60.37272],[22.11682,60.36461],[22.10962,60.35695],[22.10069,60.35308],[22.09868,60.35035],[22.10436,60.34918]]],[[[22.42352,60.3604],[22.43516,60.36437],[22.43366,60.36739],[22.42134,60.36568],[22.41748,60.36376],[22.42352,60.3604]]],[[[21.32426,60.31758],[21.33532,60.32152],[21.33871,60.32561],[21.33166,60.32559],[21.32426,60.31758]]],[[[21.16153,60.31046],[21.16946,60.32544],[21.16204,60.32462],[21.15645,60.33148],[21.14744,60.33179],[21.14405,60.32321],[21.1573,60.32372],[21.15729,60.32017],[21.14514,60.31392],[21.15216,60.3115],[21.16153,60.31046]]],[[[21.91367,60.34058],[21.90857,60.34365],[21.89679,60.3431],[21.9023,60.34034],[21.91367,60.34058]]],[[[21.58815,60.32741],[21.59575,60.3286],[21.59468,60.33348],[21.58178,60.34052],[21.57326,60.33881],[21.57521,60.33543],[21.58373,60.33284],[21.5834,60.32998],[21.58815,60.32741]]],[[[21.19004,60.31016],[21.19067,60.31463],[21.18118,60.31549],[21.18568,60.3114],[21.19004,60.31016]]],[[[21.98054,60.34091],[21.99131,60.34173],[22.00164,60.34454],[22.00514,60.34699],[22.01292,60.34791],[22.02981,60.34809],[22.03602,60.3508],[22.05004,60.35254],[22.04834,60.35917],[22.04299,60.35974],[22.03464,60.35797],[22.02284,60.35794],[22.01877,60.3567],[22.00789,60.35768],[21.9888,60.35752],[21.99286,60.36016],[22.00008,60.35961],[22.01769,60.36031],[22.027,60.35924],[22.02949,60.36299],[22.03415,60.36434],[22.03407,60.36903],[22.02875,60.37448],[22.01452,60.3736],[22.00934,60.37789],[22.01563,60.37874],[22.01735,60.3813],[22.00417,60.3819],[21.99409,60.38383],[21.97907,60.38262],[21.97097,60.38351],[21.95958,60.38254],[21.95286,60.38057],[21.96469,60.3942],[21.96597,60.39798],[21.95726,60.39835],[21.95162,60.39631],[21.94272,60.39906],[21.9309,60.40053],[21.914,60.40173],[21.91189,60.40091],[21.91448,60.39456],[21.90972,60.39456],[21.90833,60.40047],[21.89899,60.40194],[21.90503,60.4095],[21.91218,60.40968],[21.91018,60.40569],[21.91374,60.40427],[21.93898,60.40185],[21.96296,60.40111],[21.97717,60.40319],[21.97741,60.40777],[21.968,60.40823],[21.97212,60.41373],[21.96947,60.41719],[21.96497,60.41724],[21.95951,60.42149],[21.96382,60.42285],[21.95416,60.42994],[21.94346,60.43154],[21.93562,60.44244],[21.93614,60.44466],[21.92759,60.44523],[21.92426,60.45071],[21.91982,60.45242],[21.91841,60.45673],[21.92585,60.46202],[21.92351,60.46505],[21.91834,60.46403],[21.91482,60.46027],[21.90893,60.46372],[21.90762,60.46745],[21.89652,60.47783],[21.88838,60.47747],[21.88032,60.47867],[21.87632,60.48125],[21.85433,60.48879],[21.8395,60.49056],[21.83935,60.48715],[21.83297,60.48665],[21.82388,60.48828],[21.81783,60.48423],[21.82417,60.48052],[21.81885,60.47875],[21.82199,60.47408],[21.82081,60.4645],[21.82768,60.46009],[21.81299,60.45971],[21.81496,60.45582],[21.82208,60.45677],[21.83297,60.45487],[21.83258,60.45068],[21.82495,60.44984],[21.82212,60.45407],[21.81479,60.45524],[21.81145,60.45276],[21.81429,60.4484],[21.81377,60.44503],[21.82241,60.44138],[21.82805,60.44096],[21.84035,60.43441],[21.84006,60.42867],[21.84513,60.42592],[21.8513,60.42628],[21.85989,60.42312],[21.86116,60.42087],[21.87434,60.41519],[21.86523,60.4127],[21.84585,60.41565],[21.85235,60.4184],[21.86035,60.41634],[21.86341,60.41871],[21.85481,60.42242],[21.8437,60.42375],[21.83625,60.42849],[21.82811,60.41634],[21.81175,60.41574],[21.81053,60.41441],[21.79906,60.41569],[21.79277,60.40963],[21.80145,60.40821],[21.81199,60.40945],[21.80797,60.40381],[21.79453,60.40216],[21.79129,60.39943],[21.79774,60.39537],[21.80185,60.39721],[21.80762,60.39433],[21.79824,60.39132],[21.80513,60.38895],[21.81218,60.39073],[21.81544,60.38816],[21.82546,60.38575],[21.82173,60.38164],[21.82822,60.37929],[21.83815,60.37819],[21.84895,60.37582],[21.84982,60.37295],[21.86554,60.37053],[21.87968,60.36909],[21.88257,60.36614],[21.90428,60.36382],[21.924,60.36418],[21.92479,60.35974],[21.91723,60.3596],[21.90475,60.35425],[21.90085,60.35084],[21.90226,60.34861],[21.91685,60.34683],[21.94826,60.34632],[21.96202,60.3445],[21.97757,60.34369],[21.98054,60.34091]]],[[[21.87108,60.33642],[21.86525,60.33953],[21.85551,60.34058],[21.84941,60.33851],[21.87108,60.33642]]],[[[22.01502,60.34143],[22.02975,60.34367],[22.02455,60.34696],[22.01411,60.34627],[22.00851,60.3438],[22.01502,60.34143]]],[[[21.73702,60.33044],[21.73853,60.33403],[21.7233,60.33273],[21.72308,60.33418],[21.71002,60.33612],[21.70356,60.33544],[21.70093,60.3328],[21.71264,60.3326],[21.72108,60.33136],[21.73702,60.33044]]],[[[21.94721,60.33737],[21.94775,60.34059],[21.93097,60.34239],[21.91831,60.34189],[21.91911,60.33925],[21.92708,60.33723],[21.94721,60.33737]]],[[[21.26871,60.30897],[21.27304,60.31019],[21.27391,60.31481],[21.26088,60.31612],[21.25896,60.31113],[21.26871,60.30897]]],[[[21.97051,60.33699],[21.98176,60.33806],[21.98149,60.33988],[21.97083,60.34002],[21.96475,60.34135],[21.95738,60.34076],[21.95382,60.338],[21.96005,60.33687],[21.97051,60.33699]]],[[[21.7102,60.32503],[21.7161,60.32754],[21.69332,60.33114],[21.6778,60.32997],[21.68068,60.33509],[21.69081,60.33491],[21.68287,60.34098],[21.67559,60.3381],[21.66686,60.3387],[21.66119,60.33515],[21.65403,60.33694],[21.64924,60.33568],[21.65883,60.32913],[21.66935,60.3302],[21.67727,60.32534],[21.68962,60.32477],[21.7102,60.32503]]],[[[21.55154,60.31847],[21.55729,60.31927],[21.55589,60.32298],[21.5489,60.32484],[21.54304,60.32469],[21.54143,60.32202],[21.54456,60.3195],[21.55154,60.31847]]],[[[21.16308,60.30128],[21.16634,60.30525],[21.17174,60.30776],[21.16698,60.31082],[21.16145,60.30741],[21.16308,60.30128]]],[[[22.24841,60.34435],[22.25753,60.34578],[22.2601,60.34961],[22.25201,60.34879],[22.24251,60.34608],[22.24841,60.34435]]],[[[22.46432,60.35146],[22.47116,60.3548],[22.48821,60.35658],[22.49399,60.35464],[22.50177,60.36532],[22.51425,60.36651],[22.51374,60.36909],[22.51996,60.3731],[22.52008,60.37507],[22.5292,60.37579],[22.53463,60.37862],[22.52686,60.38074],[22.5216,60.37929],[22.51158,60.38024],[22.48053,60.37682],[22.46225,60.37327],[22.45596,60.37398],[22.44207,60.36741],[22.44517,60.36601],[22.45261,60.36709],[22.46289,60.36619],[22.45134,60.36288],[22.44297,60.36259],[22.43956,60.36005],[22.43348,60.35897],[22.43785,60.35488],[22.46432,60.35146]]],[[[22.17774,60.34051],[22.19426,60.34113],[22.20619,60.34263],[22.20899,60.34445],[22.22118,60.34515],[22.23949,60.34951],[22.25548,60.35176],[22.28521,60.35425],[22.30588,60.35897],[22.30719,60.36104],[22.30331,60.36564],[22.30208,60.37268],[22.29393,60.37729],[22.28598,60.37637],[22.26246,60.37568],[22.25444,60.374],[22.23767,60.37184],[22.22586,60.36941],[22.21918,60.37037],[22.21326,60.36848],[22.20595,60.3687],[22.17457,60.36449],[22.15186,60.36024],[22.14496,60.35827],[22.14396,60.3556],[22.14969,60.35146],[22.16243,60.35301],[22.16322,60.34809],[22.16668,60.34376],[22.17774,60.34051]]],[[[21.9316,60.33094],[21.93347,60.33558],[21.92801,60.33657],[21.91753,60.33338],[21.92392,60.33147],[21.9316,60.33094]]],[[[21.20892,60.30075],[21.21854,60.30405],[21.21476,60.30713],[21.20879,60.3085],[21.19928,60.30531],[21.20892,60.30075]]],[[[21.22642,60.30063],[21.2311,60.30101],[21.23848,60.31023],[21.23206,60.31467],[21.22791,60.31333],[21.2227,60.31609],[21.21673,60.31393],[21.22138,60.30514],[21.22642,60.30063]]],[[[22.50475,60.34976],[22.51074,60.35005],[22.51965,60.35326],[22.50373,60.35265],[22.50475,60.34976]]],[[[21.17417,60.29752],[21.17884,60.29872],[21.18119,60.30229],[21.17701,60.30483],[21.17134,60.30038],[21.17417,60.29752]]],[[[21.30115,60.30152],[21.30634,60.30331],[21.30481,60.30976],[21.29419,60.30983],[21.28973,60.3084],[21.29448,60.30245],[21.30115,60.30152]]],[[[21.91675,60.32548],[21.9309,60.32606],[21.93618,60.3292],[21.90862,60.33064],[21.89985,60.33267],[21.89479,60.33209],[21.87258,60.33404],[21.86463,60.33041],[21.86882,60.32828],[21.90135,60.32608],[21.91675,60.32548]]],[[[21.13086,60.29288],[21.13318,60.29365],[21.13436,60.29949],[21.12307,60.30058],[21.12255,60.29541],[21.13086,60.29288]]],[[[22.11764,60.33132],[22.13314,60.33333],[22.1482,60.33266],[22.15037,60.33634],[22.14128,60.33549],[22.1355,60.33674],[22.12559,60.3347],[22.11833,60.33473],[22.11764,60.33132]]],[[[21.42826,60.3041],[21.43032,60.30802],[21.43657,60.30826],[21.43626,60.31155],[21.42635,60.31149],[21.42489,60.30486],[21.42826,60.3041]]],[[[23.06318,60.36147],[23.07042,60.36271],[23.06994,60.36651],[23.06216,60.36315],[23.06318,60.36147]]],[[[21.82113,60.31811],[21.83639,60.31892],[21.83769,60.32141],[21.82858,60.323],[21.82264,60.32222],[21.81668,60.32515],[21.8065,60.32501],[21.82113,60.31811]]],[[[21.21111,60.29285],[21.21518,60.29547],[21.21017,60.29728],[21.20517,60.29536],[21.21111,60.29285]]],[[[21.58638,60.30764],[21.59083,60.31078],[21.57994,60.31281],[21.57842,60.30946],[21.58638,60.30764]]],[[[21.901,60.31896],[21.91073,60.32119],[21.90929,60.32381],[21.88126,60.32537],[21.87888,60.32154],[21.901,60.31896]]],[[[22.28743,60.33293],[22.29001,60.3336],[22.29071,60.33935],[22.28403,60.34039],[22.27921,60.33705],[22.28743,60.33293]]],[[[21.4745,60.30101],[21.48203,60.3055],[21.47986,60.3102],[21.4689,60.30765],[21.46768,60.30235],[21.4745,60.30101]]],[[[21.87219,60.31489],[21.87696,60.31818],[21.86952,60.31982],[21.86025,60.31846],[21.86262,60.31643],[21.87219,60.31489]]],[[[21.73794,60.30795],[21.74369,60.31016],[21.73879,60.3132],[21.72863,60.31497],[21.73794,60.30795]]],[[[21.18334,60.28144],[21.18914,60.28424],[21.18184,60.28616],[21.18334,60.28144]]],[[[21.81348,60.3073],[21.81244,60.31177],[21.80411,60.31096],[21.81348,60.3073]]],[[[21.29248,60.28295],[21.2942,60.28642],[21.30433,60.29066],[21.29666,60.2946],[21.29361,60.29135],[21.27596,60.29253],[21.27737,60.28883],[21.28812,60.28359],[21.29248,60.28295]]],[[[21.48417,60.28992],[21.49879,60.29377],[21.49668,60.29575],[21.48436,60.29814],[21.48403,60.29545],[21.47305,60.29598],[21.46375,60.29378],[21.46373,60.29046],[21.48417,60.28992]]],[[[21.33869,60.28157],[21.32878,60.28847],[21.32031,60.28776],[21.33869,60.28157]]],[[[21.61781,60.2927],[21.62392,60.29562],[21.61253,60.29661],[21.61299,60.29343],[21.61781,60.2927]]],[[[22.0077,60.30745],[22.01468,60.30954],[22.02601,60.30925],[22.03741,60.31516],[22.03893,60.32347],[22.03349,60.32637],[22.01998,60.32865],[22.02156,60.33158],[22.01073,60.33696],[22.00143,60.33735],[21.99922,60.336],[21.9863,60.33542],[21.98124,60.33656],[21.97247,60.33354],[21.96665,60.33301],[21.95001,60.32923],[21.95402,60.32574],[21.94739,60.32422],[21.93626,60.32563],[21.92383,60.32174],[21.92568,60.31973],[21.96104,60.31739],[21.96882,60.31507],[21.97867,60.3143],[21.99787,60.31018],[22.0077,60.30745]]],[[[21.32149,60.27628],[21.32612,60.28118],[21.31928,60.28681],[21.30925,60.28508],[21.31585,60.2829],[21.31588,60.27909],[21.32149,60.27628]]],[[[21.21953,60.27042],[21.22498,60.27157],[21.22703,60.27534],[21.22182,60.27598],[21.21527,60.27337],[21.21953,60.27042]]],[[[21.77136,60.29201],[21.77999,60.29641],[21.77587,60.29979],[21.76099,60.2964],[21.77136,60.29201]]],[[[21.72714,60.28983],[21.72972,60.29176],[21.72812,60.2957],[21.7218,60.29862],[21.71796,60.30243],[21.70786,60.30071],[21.70335,60.29612],[21.70918,60.29373],[21.71528,60.29366],[21.71893,60.29093],[21.72714,60.28983]]],[[[21.26487,60.26949],[21.26807,60.27529],[21.26585,60.27877],[21.25996,60.2763],[21.26206,60.27361],[21.25919,60.27078],[21.26487,60.26949]]],[[[21.56289,60.27862],[21.55297,60.28442],[21.55585,60.28657],[21.56435,60.28679],[21.56713,60.28879],[21.58175,60.28822],[21.58154,60.29442],[21.57428,60.30158],[21.56333,60.30462],[21.55425,60.30511],[21.54701,60.2995],[21.53859,60.30181],[21.5286,60.29816],[21.52945,60.29425],[21.52037,60.293],[21.51821,60.29112],[21.52461,60.28798],[21.52535,60.28327],[21.52854,60.28236],[21.53892,60.28497],[21.54766,60.28306],[21.55189,60.27876],[21.56289,60.27862]]],[[[21.24254,60.26447],[21.24801,60.26892],[21.24226,60.27249],[21.23643,60.2697],[21.2375,60.26636],[21.24254,60.26447]]],[[[21.31347,60.2668],[21.31664,60.2745],[21.31062,60.27469],[21.3065,60.27258],[21.31347,60.2668]]],[[[21.65405,60.28015],[21.66948,60.28341],[21.68379,60.28228],[21.68303,60.28765],[21.67641,60.29083],[21.664,60.29418],[21.65042,60.29513],[21.64841,60.29932],[21.64229,60.29875],[21.64518,60.29504],[21.64173,60.28879],[21.63569,60.28944],[21.62299,60.28848],[21.62629,60.28455],[21.63067,60.28623],[21.64265,60.28387],[21.6453,60.28027],[21.65405,60.28015]]],[[[21.38797,60.26785],[21.41095,60.26931],[21.41951,60.27084],[21.43331,60.27004],[21.44721,60.27112],[21.44417,60.27629],[21.44593,60.2815],[21.45151,60.28577],[21.44506,60.29116],[21.43739,60.28799],[21.43083,60.2879],[21.42735,60.29209],[21.42037,60.28982],[21.41886,60.2854],[21.4062,60.28475],[21.40015,60.287],[21.39379,60.28679],[21.38749,60.28263],[21.37971,60.2815],[21.37955,60.2717],[21.38709,60.27128],[21.38797,60.26785]]],[[[22.47116,60.30834],[22.4698,60.31254],[22.46375,60.31015],[22.47116,60.30834]]],[[[21.64519,60.27549],[21.65149,60.27806],[21.64277,60.28022],[21.63887,60.27881],[21.64519,60.27549]]],[[[21.32537,60.26166],[21.33323,60.26492],[21.3297,60.26714],[21.32335,60.26395],[21.32537,60.26166]]],[[[21.31836,60.26113],[21.31951,60.26372],[21.31105,60.26732],[21.30405,60.26849],[21.30326,60.26524],[21.31115,60.26167],[21.31836,60.26113]]],[[[21.84246,60.2823],[21.84444,60.28629],[21.85608,60.2878],[21.85796,60.29418],[21.85476,60.29538],[21.84631,60.29259],[21.8374,60.29286],[21.82809,60.29821],[21.81226,60.29857],[21.81519,60.29542],[21.82356,60.29467],[21.83383,60.29182],[21.83553,60.28647],[21.84246,60.2823]]],[[[21.45925,60.26265],[21.45819,60.26937],[21.4498,60.26894],[21.45261,60.26397],[21.45925,60.26265]]],[[[22.3708,60.29744],[22.3837,60.30061],[22.38826,60.3004],[22.40868,60.30329],[22.4123,60.30517],[22.42605,60.30312],[22.42864,60.3053],[22.44223,60.30523],[22.46031,60.31126],[22.47559,60.32029],[22.48114,60.32014],[22.48718,60.32439],[22.49322,60.32668],[22.49767,60.33199],[22.50339,60.33192],[22.50899,60.33597],[22.51476,60.33792],[22.51992,60.34566],[22.51937,60.34767],[22.50763,60.34741],[22.50282,60.34368],[22.48396,60.34596],[22.46929,60.34368],[22.45861,60.34398],[22.45757,60.34653],[22.44558,60.34839],[22.44008,60.35058],[22.4186,60.3531],[22.41762,60.35754],[22.40904,60.35761],[22.41051,60.36366],[22.42097,60.36762],[22.42303,60.36945],[22.41641,60.37372],[22.40179,60.37121],[22.39513,60.37146],[22.38997,60.36787],[22.38088,60.36586],[22.3691,60.3665],[22.35875,60.36348],[22.35345,60.3603],[22.34581,60.36278],[22.33904,60.36289],[22.34181,60.35925],[22.33742,60.3553],[22.34267,60.35286],[22.3306,60.35005],[22.32176,60.3507],[22.32247,60.34624],[22.31652,60.34317],[22.31245,60.33366],[22.30802,60.33202],[22.30615,60.32762],[22.32056,60.32738],[22.34153,60.32486],[22.35958,60.3206],[22.37367,60.32026],[22.38188,60.32218],[22.3876,60.32673],[22.39288,60.32734],[22.36629,60.30652],[22.3708,60.29744]]],[[[22.96717,60.31647],[22.97564,60.3218],[22.98546,60.32534],[22.98499,60.32948],[22.97792,60.32732],[22.97036,60.323],[22.96198,60.31994],[22.96717,60.31647]]],[[[21.23997,60.25222],[21.24143,60.25551],[21.23396,60.2554],[21.23288,60.25243],[21.23997,60.25222]]],[[[21.68037,60.27059],[21.67971,60.275],[21.66715,60.27508],[21.67015,60.27124],[21.68037,60.27059]]],[[[21.97909,60.28189],[21.99895,60.28627],[22.01122,60.29391],[22.00724,60.29844],[22.00292,60.30014],[21.99559,60.29645],[21.98821,60.29559],[21.98408,60.2936],[21.98274,60.28944],[21.97096,60.28509],[21.97909,60.28189]]],[[[21.43486,60.2598],[21.44076,60.26176],[21.44263,60.2647],[21.43957,60.26684],[21.43174,60.26435],[21.42826,60.26028],[21.43486,60.2598]]],[[[21.48284,60.26168],[21.48689,60.26231],[21.49138,60.26603],[21.49021,60.27188],[21.48477,60.26861],[21.47627,60.2668],[21.48284,60.26168]]],[[[21.26157,60.25147],[21.27437,60.25446],[21.27418,60.25665],[21.25695,60.253],[21.26157,60.25147]]],[[[22.36192,60.29455],[22.368,60.29917],[22.36398,60.30165],[22.35253,60.29635],[22.35529,60.29441],[22.36192,60.29455]]],[[[21.69208,60.26912],[21.69997,60.27129],[21.70618,60.27058],[21.71009,60.27218],[21.70408,60.27552],[21.69358,60.27567],[21.68677,60.27167],[21.69208,60.26912]]],[[[21.81673,60.27336],[21.82032,60.27798],[21.82855,60.27855],[21.82319,60.282],[21.80738,60.28002],[21.80773,60.27664],[21.81673,60.27336]]],[[[21.53816,60.261],[21.53878,60.26379],[21.53249,60.26464],[21.528,60.2621],[21.53816,60.261]]],[[[21.77873,60.26965],[21.78265,60.27224],[21.77964,60.27508],[21.77069,60.27244],[21.772,60.27034],[21.77873,60.26965]]],[[[21.95018,60.27629],[21.9522,60.28419],[21.96124,60.28767],[21.96861,60.28583],[21.97364,60.28794],[21.97309,60.29518],[21.97054,60.29755],[21.97855,60.30485],[21.98462,60.30735],[21.97849,60.31016],[21.9624,60.30974],[21.96056,60.31323],[21.95434,60.31368],[21.94955,60.3119],[21.93848,60.31418],[21.92862,60.31402],[21.91815,60.31501],[21.92129,60.31078],[21.90696,60.31],[21.89933,60.30869],[21.87603,60.31001],[21.87024,60.30864],[21.88662,60.30224],[21.88959,60.29425],[21.88135,60.29284],[21.88061,60.28869],[21.89067,60.28792],[21.90909,60.29312],[21.90641,60.29682],[21.91861,60.29758],[21.92889,60.29706],[21.92749,60.29438],[21.91415,60.2939],[21.90809,60.29074],[21.89574,60.28834],[21.89538,60.28475],[21.89838,60.282],[21.91111,60.2816],[21.91142,60.27859],[21.92939,60.27653],[21.93244,60.27781],[21.94199,60.27627],[21.95018,60.27629]]],[[[21.91059,60.27409],[21.91187,60.27631],[21.89794,60.27746],[21.89219,60.27905],[21.89422,60.28335],[21.8874,60.28544],[21.88368,60.28093],[21.88836,60.27821],[21.91059,60.27409]]],[[[21.64414,60.26205],[21.65009,60.26348],[21.64711,60.26693],[21.63948,60.26524],[21.64414,60.26205]]],[[[21.43929,60.25235],[21.44752,60.25502],[21.45813,60.25376],[21.46667,60.25588],[21.46991,60.25892],[21.46079,60.25969],[21.45483,60.26166],[21.44293,60.26027],[21.43929,60.25235]]],[[[22.97873,60.30723],[22.97966,60.31224],[22.97311,60.31536],[22.96879,60.31328],[22.9686,60.31019],[22.97873,60.30723]]],[[[21.63097,60.25938],[21.63233,60.26383],[21.62335,60.26424],[21.62025,60.26132],[21.63097,60.25938]]],[[[21.76222,60.26399],[21.76669,60.2681],[21.76104,60.26969],[21.75636,60.26796],[21.76222,60.26399]]],[[[21.48034,60.25176],[21.48121,60.25454],[21.47735,60.25765],[21.47025,60.25308],[21.48034,60.25176]]],[[[21.27379,60.24203],[21.28268,60.24581],[21.27924,60.24887],[21.26983,60.24662],[21.27379,60.24203]]],[[[21.55263,60.25375],[21.55666,60.25675],[21.54683,60.25952],[21.54258,60.25741],[21.55263,60.25375]]],[[[21.38376,60.24632],[21.38787,60.25037],[21.38338,60.25617],[21.39739,60.25482],[21.39626,60.25171],[21.40572,60.25176],[21.40788,60.2482],[21.41704,60.24927],[21.42494,60.25153],[21.42085,60.25627],[21.42211,60.26005],[21.41979,60.26357],[21.40647,60.26588],[21.39984,60.2639],[21.38078,60.26162],[21.37464,60.2636],[21.37195,60.25905],[21.36291,60.26275],[21.35447,60.26252],[21.35139,60.25957],[21.3528,60.25622],[21.36073,60.2504],[21.38376,60.24632]]],[[[22.33469,60.28229],[22.33921,60.28641],[22.34355,60.28641],[22.3583,60.28997],[22.35907,60.29328],[22.35295,60.29338],[22.34816,60.29634],[22.35642,60.30234],[22.35606,60.30404],[22.36405,60.31155],[22.36479,60.31658],[22.34966,60.3195],[22.33937,60.32356],[22.32402,60.3245],[22.32066,60.3218],[22.31386,60.32003],[22.30327,60.3216],[22.29775,60.31862],[22.30611,60.30855],[22.30646,60.30538],[22.3033,60.30259],[22.30466,60.2981],[22.30881,60.29696],[22.31094,60.29333],[22.32396,60.29251],[22.32322,60.28828],[22.33138,60.28714],[22.32487,60.28295],[22.33469,60.28229]]],[[[21.70485,60.25444],[21.71894,60.26001],[21.72059,60.26275],[21.71099,60.26263],[21.69341,60.26109],[21.68236,60.26101],[21.68361,60.25749],[21.6961,60.25429],[21.70485,60.25444]]],[[[21.4755,60.24467],[21.47639,60.24946],[21.46434,60.24908],[21.46181,60.24624],[21.4755,60.24467]]],[[[23.00119,60.29897],[23.01442,60.30371],[23.02363,60.31066],[23.03308,60.32239],[23.03003,60.32587],[23.02372,60.3283],[23.01273,60.3252],[23.00906,60.32308],[23.01018,60.3202],[23.00568,60.31763],[23.00537,60.31449],[23.00889,60.30902],[22.99442,60.30272],[22.99473,60.30044],[23.00119,60.29897]]],[[[21.21869,60.233],[21.22354,60.2337],[21.23012,60.24107],[21.23911,60.24918],[21.23234,60.2489],[21.22011,60.24464],[21.21375,60.24732],[21.21219,60.24334],[21.21916,60.23939],[21.21719,60.23625],[21.21869,60.233]]],[[[21.66008,60.25089],[21.66795,60.25385],[21.66583,60.25831],[21.6563,60.25898],[21.6487,60.2574],[21.66008,60.25089]]],[[[21.33635,60.2351],[21.35074,60.23636],[21.35873,60.2396],[21.37318,60.24091],[21.37645,60.23954],[21.38764,60.2403],[21.39244,60.23808],[21.40712,60.24057],[21.41942,60.2454],[21.42525,60.24665],[21.42332,60.25032],[21.41644,60.24825],[21.40285,60.2459],[21.39791,60.2435],[21.3707,60.24343],[21.35664,60.24386],[21.35188,60.24791],[21.35175,60.25096],[21.33972,60.25103],[21.31841,60.24836],[21.31204,60.25005],[21.30928,60.24713],[21.31489,60.24603],[21.31348,60.2422],[21.3004,60.24244],[21.30047,60.23933],[21.31371,60.2372],[21.31944,60.23853],[21.32309,60.23651],[21.33635,60.2351]]],[[[21.19997,60.22845],[21.20308,60.23277],[21.1975,60.23362],[21.19191,60.23026],[21.19997,60.22845]]],[[[22.31881,60.27201],[22.33429,60.2755],[22.34346,60.27851],[22.32779,60.27955],[22.31568,60.27361],[22.31881,60.27201]]],[[[21.54658,60.24094],[21.54502,60.24412],[21.55285,60.24829],[21.54407,60.25452],[21.53164,60.25475],[21.52882,60.25119],[21.52434,60.24958],[21.52808,60.24243],[21.54658,60.24094]]],[[[21.73787,60.24635],[21.73911,60.25233],[21.7303,60.25248],[21.72763,60.24806],[21.73787,60.24635]]],[[[21.68959,60.24196],[21.69085,60.24611],[21.67883,60.24757],[21.67233,60.2467],[21.67148,60.2444],[21.67961,60.24266],[21.68959,60.24196]]],[[[21.7576,60.24403],[21.76623,60.24495],[21.77209,60.24845],[21.77989,60.24959],[21.78644,60.25447],[21.7875,60.25804],[21.77685,60.26159],[21.76901,60.25891],[21.75683,60.25901],[21.75036,60.25641],[21.75315,60.24957],[21.75215,60.24519],[21.7576,60.24403]]],[[[21.53709,60.23473],[21.53751,60.23898],[21.53044,60.2371],[21.53709,60.23473]]],[[[22.88124,60.28188],[22.88568,60.28409],[22.88032,60.28658],[22.87735,60.28314],[22.88124,60.28188]]],[[[21.78339,60.24233],[21.78866,60.244],[21.78103,60.24728],[21.77818,60.24459],[21.78339,60.24233]]],[[[21.53252,60.23187],[21.53464,60.23371],[21.52534,60.23776],[21.51867,60.24906],[21.5214,60.25246],[21.5198,60.2552],[21.50662,60.25122],[21.50569,60.24874],[21.51695,60.24628],[21.51193,60.24033],[21.50048,60.24019],[21.49235,60.2341],[21.49995,60.23199],[21.5063,60.23228],[21.51397,60.23476],[21.53252,60.23187]]],[[[21.91937,60.24194],[21.92044,60.24625],[21.91653,60.24905],[21.91089,60.24841],[21.91197,60.24358],[21.91937,60.24194]]],[[[22.1346,60.24811],[22.14919,60.24951],[22.15931,60.24913],[22.16729,60.24994],[22.17122,60.25296],[22.17905,60.25233],[22.18428,60.25465],[22.19042,60.26322],[22.18738,60.26434],[22.17847,60.26293],[22.17019,60.25983],[22.16615,60.25966],[22.15994,60.26336],[22.14645,60.26086],[22.13678,60.25994],[22.11976,60.26148],[22.11498,60.25785],[22.10329,60.2546],[22.10256,60.25254],[22.11106,60.24904],[22.11837,60.24829],[22.1346,60.24811]]],[[[22.23819,60.25176],[22.23952,60.256],[22.23316,60.25585],[22.23367,60.26132],[22.22475,60.26425],[22.22691,60.26799],[22.23236,60.26648],[22.23887,60.26784],[22.25463,60.26611],[22.26761,60.26769],[22.26748,60.27185],[22.27993,60.27446],[22.28643,60.28084],[22.30297,60.28872],[22.29956,60.29506],[22.30356,60.29779],[22.30198,60.30292],[22.30541,60.30596],[22.2995,60.31418],[22.29464,60.31349],[22.28982,60.31774],[22.28748,60.3246],[22.27682,60.32669],[22.27407,60.3298],[22.26797,60.33019],[22.24717,60.33359],[22.2346,60.33086],[22.22785,60.32486],[22.22338,60.32891],[22.21735,60.33028],[22.20572,60.3301],[22.19573,60.32884],[22.19529,60.33204],[22.18917,60.33331],[22.16474,60.33149],[22.1584,60.32858],[22.14675,60.32953],[22.14279,60.32825],[22.12935,60.3284],[22.117,60.3261],[22.11063,60.32825],[22.10581,60.32605],[22.10228,60.32208],[22.10595,60.31778],[22.11123,60.31941],[22.11489,60.31753],[22.10779,60.31429],[22.10579,60.31043],[22.09923,60.30965],[22.10206,60.30164],[22.09306,60.30025],[22.0906,60.29662],[22.08738,60.28573],[22.09784,60.28062],[22.10772,60.27409],[22.11144,60.2741],[22.11662,60.28218],[22.12087,60.2829],[22.12746,60.27417],[22.14437,60.2707],[22.15168,60.27065],[22.15251,60.26725],[22.16353,60.26548],[22.16821,60.26875],[22.19278,60.2702],[22.19962,60.27684],[22.19472,60.28002],[22.19602,60.28503],[22.19151,60.28796],[22.19882,60.28929],[22.20026,60.29217],[22.18996,60.29444],[22.18297,60.29436],[22.17322,60.29256],[22.16934,60.29793],[22.15897,60.29584],[22.15629,60.29328],[22.14885,60.29282],[22.14553,60.29439],[22.15697,60.29762],[22.16951,60.30273],[22.17216,60.29862],[22.1839,60.29646],[22.19161,60.29686],[22.19363,60.29899],[22.20818,60.29474],[22.21884,60.29311],[22.21983,60.29628],[22.22458,60.29755],[22.23036,60.29617],[22.22822,60.29142],[22.22056,60.29116],[22.21862,60.28826],[22.21156,60.28664],[22.20738,60.28363],[22.21028,60.28006],[22.20458,60.27711],[22.21187,60.27446],[22.20188,60.26476],[22.20904,60.26191],[22.20494,60.25849],[22.19291,60.26178],[22.18676,60.25586],[22.18762,60.25394],[22.19583,60.25365],[22.20466,60.25187],[22.21213,60.25322],[22.22185,60.25157],[22.23819,60.25176]]],[[[21.98876,60.2412],[21.99661,60.24247],[21.98958,60.24723],[21.98625,60.24379],[21.98876,60.2412]]],[[[22.01605,60.24138],[22.02349,60.24592],[22.01801,60.24838],[22.01399,60.24669],[22.01605,60.24138]]],[[[22.85648,60.26634],[22.86235,60.26948],[22.86076,60.27269],[22.85451,60.27161],[22.85648,60.26634]]],[[[21.90835,60.23309],[21.91349,60.23708],[21.90777,60.2384],[21.89961,60.23534],[21.90835,60.23309]]],[[[21.5176,60.21653],[21.52006,60.21941],[21.51429,60.22219],[21.52004,60.22476],[21.51868,60.2275],[21.51204,60.22768],[21.50606,60.22346],[21.50848,60.21899],[21.5176,60.21653]]],[[[22.02815,60.23631],[22.0356,60.23806],[22.03327,60.24129],[22.02252,60.23974],[22.02251,60.23667],[22.02815,60.23631]]],[[[21.48461,60.21451],[21.49042,60.22089],[21.48824,60.22667],[21.47959,60.22202],[21.48461,60.21451]]],[[[21.97176,60.23271],[21.97801,60.23356],[21.97799,60.23806],[21.967,60.23799],[21.96851,60.24138],[21.95601,60.24509],[21.96121,60.24631],[21.96093,60.24902],[21.95411,60.25167],[21.94816,60.24529],[21.95203,60.24308],[21.95054,60.23872],[21.96043,60.23327],[21.97176,60.23271]]],[[[21.5637,60.2165],[21.5697,60.22133],[21.57253,60.22049],[21.57932,60.22463],[21.59325,60.22065],[21.60489,60.22283],[21.60942,60.22508],[21.60668,60.23104],[21.5992,60.23453],[21.60387,60.23708],[21.6266,60.23921],[21.62381,60.24513],[21.63815,60.25086],[21.63723,60.25452],[21.60451,60.25476],[21.60156,60.25276],[21.58649,60.25287],[21.58912,60.25596],[21.59785,60.25678],[21.60219,60.26208],[21.61004,60.25832],[21.616,60.26222],[21.61588,60.26508],[21.60971,60.26596],[21.60845,60.2694],[21.60164,60.2729],[21.59406,60.27519],[21.58869,60.27251],[21.58379,60.27409],[21.57948,60.26894],[21.57454,60.25626],[21.56343,60.24758],[21.5673,60.24292],[21.56391,60.23524],[21.55666,60.22907],[21.55448,60.22386],[21.5637,60.2165]]],[[[21.4031,60.20924],[21.41093,60.2109],[21.42846,60.2111],[21.43696,60.21374],[21.45322,60.21422],[21.45792,60.21255],[21.46432,60.2144],[21.46538,60.21861],[21.4635,60.22204],[21.45606,60.22301],[21.45393,60.22608],[21.46181,60.22774],[21.45609,60.23201],[21.46421,60.23372],[21.46297,60.23555],[21.44997,60.2358],[21.43982,60.23491],[21.42677,60.23215],[21.42884,60.23612],[21.44113,60.23864],[21.44702,60.24125],[21.44515,60.24368],[21.43189,60.24293],[21.41588,60.23713],[21.40915,60.2297],[21.40725,60.22368],[21.41331,60.22215],[21.40733,60.21731],[21.40019,60.21444],[21.4031,60.20924]]],[[[21.2672,60.2034],[21.27424,60.21116],[21.27938,60.21436],[21.2942,60.2187],[21.29925,60.22696],[21.29246,60.22767],[21.28883,60.22443],[21.27997,60.22742],[21.27332,60.22333],[21.28473,60.2212],[21.27954,60.21814],[21.27276,60.22041],[21.26262,60.22748],[21.2591,60.22573],[21.24852,60.22498],[21.25312,60.21892],[21.25929,60.21463],[21.25027,60.21114],[21.26109,60.20337],[21.2672,60.2034]]],[[[22.84006,60.26187],[22.84643,60.26474],[22.84605,60.26964],[22.83888,60.27074],[22.83894,60.26716],[22.83315,60.26413],[22.84006,60.26187]]],[[[22.18127,60.23929],[22.18669,60.23971],[22.2008,60.24437],[22.21343,60.24056],[22.23111,60.24766],[22.2257,60.25018],[22.21577,60.24779],[22.21126,60.25044],[22.204,60.24802],[22.19579,60.25075],[22.1859,60.25019],[22.17928,60.24595],[22.17817,60.24158],[22.18127,60.23929]]],[[[21.92044,60.22675],[21.93264,60.22998],[21.92179,60.23485],[21.91261,60.23214],[21.91459,60.22883],[21.92044,60.22675]]],[[[21.53671,60.20988],[21.54811,60.21237],[21.54692,60.21744],[21.5372,60.21476],[21.53671,60.20988]]],[[[21.3306,60.19918],[21.33623,60.20381],[21.32543,60.20249],[21.3306,60.19918]]],[[[22.0638,60.22779],[22.07317,60.22948],[22.07395,60.23412],[22.08127,60.2387],[22.08785,60.24091],[22.08419,60.24513],[22.08688,60.25134],[22.06764,60.25121],[22.05107,60.24843],[22.04766,60.24498],[22.0406,60.24171],[22.05479,60.2379],[22.05099,60.23398],[22.05185,60.23135],[22.05791,60.23138],[22.0638,60.22779]]],[[[22.33183,60.23705],[22.33954,60.23932],[22.34829,60.24367],[22.35379,60.24285],[22.37386,60.24313],[22.39555,60.24747],[22.40214,60.24928],[22.41131,60.24687],[22.41959,60.2532],[22.4222,60.25773],[22.42026,60.26019],[22.42373,60.26702],[22.41618,60.27028],[22.43888,60.27637],[22.43819,60.27905],[22.44659,60.28104],[22.44863,60.28655],[22.44791,60.29207],[22.44994,60.2939],[22.46073,60.29473],[22.46905,60.29665],[22.46827,60.30258],[22.45871,60.30823],[22.45067,60.30515],[22.43729,60.30237],[22.41908,60.30185],[22.38175,60.29867],[22.37209,60.29482],[22.36762,60.2896],[22.36137,60.28633],[22.36179,60.28072],[22.35105,60.27868],[22.36,60.27597],[22.36118,60.27329],[22.35411,60.2728],[22.34808,60.27526],[22.33212,60.2699],[22.32261,60.26748],[22.31336,60.26726],[22.31032,60.26546],[22.31018,60.26101],[22.316,60.25397],[22.32385,60.24926],[22.32905,60.24229],[22.32766,60.2392],[22.33183,60.23705]]],[[[22.82524,60.25328],[22.82716,60.25997],[22.81998,60.26164],[22.81187,60.26012],[22.81972,60.25385],[22.82524,60.25328]]],[[[22.14781,60.22959],[22.15819,60.23123],[22.16964,60.23444],[22.17205,60.2416],[22.17657,60.2433],[22.17634,60.2465],[22.16984,60.24799],[22.16356,60.2464],[22.14893,60.24679],[22.13558,60.24569],[22.13308,60.24264],[22.12492,60.24216],[22.12007,60.2393],[22.11368,60.23914],[22.11594,60.23486],[22.13033,60.23731],[22.15506,60.23956],[22.15704,60.23823],[22.15429,60.23306],[22.14728,60.23485],[22.1427,60.23415],[22.14144,60.22984],[22.14781,60.22959]]],[[[22.52564,60.24207],[22.53306,60.24881],[22.52807,60.25109],[22.51963,60.24761],[22.52053,60.24364],[22.52564,60.24207]]],[[[22.05341,60.2241],[22.05551,60.22668],[22.05034,60.22961],[22.04177,60.22584],[22.04283,60.22402],[22.05341,60.2241]]],[[[21.24649,60.19068],[21.25514,60.19193],[21.25735,60.19505],[21.25145,60.19626],[21.23866,60.20081],[21.23092,60.20189],[21.22474,60.19925],[21.21597,60.20126],[21.21042,60.19886],[21.21308,60.19257],[21.2319,60.19229],[21.24649,60.19068]]],[[[22.84358,60.25014],[22.84634,60.25285],[22.84068,60.25747],[22.83745,60.25496],[22.83866,60.25207],[22.84358,60.25014]]],[[[21.29473,60.19197],[21.30581,60.19439],[21.30627,60.19831],[21.29726,60.19827],[21.29318,60.19647],[21.28592,60.20055],[21.28078,60.19954],[21.27036,60.20017],[21.26335,60.20211],[21.26232,60.19901],[21.27424,60.19741],[21.2893,60.19427],[21.29473,60.19197]]],[[[21.94134,60.21817],[21.96,60.22176],[21.95342,60.22439],[21.93859,60.22313],[21.9357,60.21898],[21.94134,60.21817]]],[[[21.61027,60.20509],[21.607,60.20852],[21.59964,60.2087],[21.59831,60.20567],[21.61027,60.20509]]],[[[22.4962,60.2379],[22.51048,60.23916],[22.5172,60.24346],[22.51478,60.24571],[22.49377,60.24435],[22.4962,60.2379]]],[[[21.98042,60.21855],[21.98961,60.21987],[21.98233,60.22511],[21.96618,60.22502],[21.95979,60.22371],[21.96299,60.2209],[21.98042,60.21855]]],[[[21.7342,60.20847],[21.74405,60.21551],[21.73118,60.21461],[21.72648,60.21689],[21.71886,60.21427],[21.72307,60.20838],[21.7342,60.20847]]],[[[22.5564,60.23849],[22.57315,60.24156],[22.57623,60.24622],[22.57234,60.24875],[22.57291,60.25763],[22.56535,60.25801],[22.55341,60.25511],[22.5546,60.252],[22.56069,60.24817],[22.55742,60.2435],[22.55222,60.24203],[22.5564,60.23849]]],[[[22.37422,60.23186],[22.38112,60.2325],[22.39303,60.23673],[22.39163,60.24291],[22.38223,60.24144],[22.38075,60.2396],[22.36878,60.23745],[22.3693,60.2341],[22.37422,60.23186]]],[[[21.27991,60.18858],[21.28364,60.19101],[21.26982,60.19083],[21.27255,60.18839],[21.27991,60.18858]]],[[[22.76305,60.24319],[22.76579,60.246],[22.75537,60.24756],[22.75481,60.24534],[22.76305,60.24319]]],[[[21.91889,60.21268],[21.92627,60.21533],[21.92863,60.21916],[21.92158,60.22033],[21.90957,60.21702],[21.90928,60.21419],[21.91889,60.21268]]],[[[21.67265,60.20215],[21.67721,60.20591],[21.67063,60.20617],[21.67265,60.20215]]],[[[22.71506,60.23852],[22.71469,60.24074],[22.70571,60.24177],[22.68788,60.2417],[22.68721,60.23944],[22.69811,60.2398],[22.71506,60.23852]]],[[[21.46221,60.19039],[21.46742,60.19256],[21.47227,60.19213],[21.47631,60.1951],[21.47081,60.19662],[21.46489,60.19489],[21.46221,60.19039]]],[[[22.20547,60.21689],[22.21147,60.2293],[22.21123,60.23407],[22.21435,60.23873],[22.20627,60.23996],[22.19494,60.23776],[22.193,60.24038],[22.18433,60.23843],[22.18155,60.23006],[22.17245,60.22477],[22.17375,60.22032],[22.17949,60.21782],[22.18801,60.21762],[22.19919,60.2192],[22.20547,60.21689]]],[[[22.02515,60.21002],[22.02872,60.21109],[22.02565,60.21607],[22.01731,60.21504],[22.02515,60.21002]]],[[[22.37757,60.22008],[22.38173,60.22201],[22.3918,60.22363],[22.3927,60.22681],[22.38633,60.23022],[22.37803,60.22302],[22.37757,60.22008]]],[[[22.91709,60.23723],[22.9277,60.24464],[22.92924,60.24782],[22.92056,60.24722],[22.91328,60.24286],[22.91211,60.23899],[22.91709,60.23723]]],[[[21.60019,60.18941],[21.59273,60.19285],[21.58748,60.18998],[21.60019,60.18941]]],[[[21.97382,60.20376],[21.97761,60.20682],[21.96749,60.20765],[21.96956,60.21043],[21.986,60.20665],[22.00165,60.2083],[22.00774,60.21228],[22.00176,60.21396],[21.99084,60.21308],[21.98628,60.21486],[21.97836,60.2143],[21.96905,60.21193],[21.96376,60.21601],[21.95611,60.21265],[21.96069,60.21041],[21.95999,60.20519],[21.97382,60.20376]]],[[[21.42286,60.18027],[21.4344,60.18378],[21.42954,60.18514],[21.41544,60.18346],[21.42286,60.18027]]],[[[21.93263,60.1988],[21.93784,60.20151],[21.93252,60.20492],[21.9394,60.20616],[21.94108,60.20234],[21.95283,60.20232],[21.95564,60.20501],[21.95192,60.2104],[21.95209,60.21356],[21.93853,60.21242],[21.92503,60.20883],[21.91122,60.20904],[21.91106,60.20541],[21.91632,60.20267],[21.93263,60.1988]]],[[[21.39817,60.17704],[21.40514,60.17888],[21.40603,60.18174],[21.41837,60.18565],[21.42424,60.18879],[21.43143,60.18955],[21.4396,60.18769],[21.45465,60.1943],[21.45778,60.19641],[21.45981,60.20221],[21.46791,60.20452],[21.46876,60.21056],[21.4601,60.21052],[21.43967,60.20764],[21.42759,60.20532],[21.42295,60.20704],[21.40651,60.20795],[21.39071,60.20553],[21.38545,60.20543],[21.38035,60.20234],[21.37565,60.20408],[21.3807,60.20848],[21.35822,60.20942],[21.35744,60.21094],[21.36792,60.21332],[21.37196,60.21061],[21.38248,60.21102],[21.38826,60.21346],[21.3966,60.21917],[21.39188,60.22593],[21.38276,60.22299],[21.37736,60.22632],[21.35957,60.22302],[21.35632,60.226],[21.33917,60.2238],[21.34086,60.22628],[21.35778,60.22783],[21.36637,60.22699],[21.38426,60.23032],[21.38015,60.23417],[21.36215,60.23153],[21.34643,60.23228],[21.34036,60.23176],[21.33229,60.23315],[21.31779,60.23224],[21.31425,60.22333],[21.3017,60.2203],[21.28243,60.21293],[21.28018,60.20945],[21.28437,60.20528],[21.29356,60.2048],[21.29602,60.20262],[21.31195,60.20018],[21.32426,60.20476],[21.34298,60.20337],[21.34334,60.19699],[21.32374,60.19771],[21.32264,60.19435],[21.31744,60.19115],[21.32813,60.19029],[21.33121,60.18703],[21.34074,60.1878],[21.35362,60.18692],[21.36273,60.18728],[21.35985,60.18313],[21.36552,60.17647],[21.37602,60.18175],[21.38369,60.1828],[21.39309,60.18845],[21.39785,60.18419],[21.39422,60.18135],[21.39817,60.17704]]],[[[21.42064,60.175],[21.43398,60.1781],[21.43533,60.1811],[21.42108,60.17877],[21.42064,60.175]]],[[[22.18183,60.20414],[22.18747,60.20844],[22.17401,60.2085],[22.16795,60.20701],[22.18183,60.20414]]],[[[21.63863,60.18298],[21.6503,60.18576],[21.66311,60.18562],[21.66601,60.1931],[21.66138,60.19853],[21.64453,60.19908],[21.63773,60.20101],[21.61974,60.20221],[21.61215,60.19973],[21.61126,60.19637],[21.60328,60.19398],[21.60571,60.19045],[21.61564,60.19229],[21.61969,60.18683],[21.6354,60.18289],[21.63863,60.18298]]],[[[22.37337,60.2097],[22.38642,60.21387],[22.38372,60.21646],[22.37477,60.21402],[22.37337,60.2097]]],[[[21.50728,60.17489],[21.50827,60.17996],[21.51155,60.18327],[21.50918,60.18506],[21.49128,60.18452],[21.48216,60.1808],[21.48147,60.17813],[21.48664,60.17641],[21.50728,60.17489]]],[[[21.35646,60.16834],[21.35327,60.17068],[21.35477,60.17356],[21.36014,60.17503],[21.35574,60.17853],[21.34241,60.17563],[21.34034,60.17334],[21.35011,60.17124],[21.35646,60.16834]]],[[[21.24457,60.16333],[21.24679,60.16684],[21.2283,60.16994],[21.23243,60.16625],[21.24457,60.16333]]],[[[22.30873,60.20411],[22.32639,60.20577],[22.33366,60.2073],[22.34517,60.21161],[22.34854,60.21878],[22.35469,60.22],[22.36433,60.21842],[22.37443,60.22692],[22.37312,60.22976],[22.36373,60.22668],[22.35462,60.23148],[22.34207,60.22973],[22.3277,60.22653],[22.32005,60.22185],[22.30525,60.21441],[22.30873,60.20411]]],[[[22.46833,60.20706],[22.48375,60.20953],[22.4987,60.21541],[22.49426,60.21914],[22.50737,60.22896],[22.50421,60.23319],[22.49643,60.23446],[22.48901,60.23857],[22.47988,60.24057],[22.47285,60.23981],[22.4657,60.23719],[22.4633,60.22897],[22.45704,60.22586],[22.45469,60.21932],[22.45494,60.21512],[22.46268,60.20795],[22.46833,60.20706]]],[[[22.57523,60.21057],[22.59032,60.21158],[22.58996,60.21466],[22.58302,60.21646],[22.57631,60.21387],[22.57523,60.21057]]],[[[21.26805,60.15834],[21.26392,60.16296],[21.2554,60.16165],[21.26144,60.15828],[21.26805,60.15834]]],[[[21.49274,60.16363],[21.50217,60.16564],[21.50216,60.1685],[21.49711,60.16978],[21.49891,60.17413],[21.49469,60.17545],[21.48439,60.17584],[21.47802,60.17183],[21.47672,60.16779],[21.46463,60.16755],[21.46562,60.16311],[21.48279,60.16608],[21.49274,60.16363]]],[[[21.06582,60.14472],[21.05788,60.15082],[21.05234,60.14948],[21.05612,60.14641],[21.06582,60.14472]]],[[[22.09575,60.18582],[22.09946,60.19018],[22.08624,60.18952],[22.08504,60.18633],[22.09575,60.18582]]],[[[22.21995,60.18814],[22.22922,60.19285],[22.25895,60.19611],[22.26689,60.20012],[22.27529,60.1994],[22.28748,60.20896],[22.28949,60.21359],[22.30115,60.21492],[22.30597,60.22289],[22.31033,60.2244],[22.3272,60.23577],[22.32348,60.24036],[22.32448,60.24346],[22.31493,60.2477],[22.3124,60.25299],[22.30667,60.25511],[22.30699,60.25975],[22.30453,60.26707],[22.30785,60.26958],[22.30472,60.27218],[22.28755,60.26965],[22.28262,60.26631],[22.26712,60.26441],[22.24946,60.25509],[22.23578,60.24935],[22.22487,60.24053],[22.22254,60.23499],[22.21765,60.22997],[22.21463,60.22307],[22.21088,60.22084],[22.2152,60.21686],[22.20732,60.21544],[22.20045,60.21076],[22.19271,60.21136],[22.19037,60.2047],[22.20111,60.20422],[22.19642,60.19989],[22.1959,60.19525],[22.20399,60.1949],[22.20853,60.19702],[22.21723,60.19272],[22.21336,60.18905],[22.21995,60.18814]]],[[[21.47732,60.15865],[21.48269,60.16093],[21.48128,60.16415],[21.47124,60.16151],[21.47732,60.15865]]],[[[22.25577,60.18737],[22.25925,60.18977],[22.25323,60.19271],[22.24796,60.18854],[22.25577,60.18737]]],[[[21.30418,60.14902],[21.31401,60.15346],[21.32104,60.16103],[21.318,60.16769],[21.30612,60.1694],[21.30405,60.1673],[21.29437,60.16579],[21.30109,60.16071],[21.29698,60.16017],[21.29666,60.15279],[21.28991,60.15247],[21.29336,60.149],[21.30418,60.14902]]],[[[21.32681,60.1481],[21.32897,60.15134],[21.32341,60.1575],[21.31763,60.15517],[21.3216,60.15197],[21.32081,60.14968],[21.32681,60.1481]]],[[[21.47634,60.15409],[21.49032,60.15819],[21.47104,60.15695],[21.47634,60.15409]]],[[[22.25173,60.18377],[22.24744,60.18716],[22.23882,60.18816],[22.23556,60.18415],[22.25173,60.18377]]],[[[21.06394,60.13429],[21.06738,60.1356],[21.06926,60.1416],[21.06564,60.1434],[21.0608,60.13951],[21.06394,60.13429]]],[[[21.31935,60.14412],[21.32422,60.14488],[21.32034,60.14918],[21.31448,60.14556],[21.31935,60.14412]]],[[[21.07349,60.13203],[21.08701,60.13617],[21.08581,60.13972],[21.08929,60.14328],[21.08274,60.14773],[21.07557,60.14778],[21.07131,60.14114],[21.07166,60.13897],[21.06687,60.13362],[21.07349,60.13203]]],[[[22.07615,60.17144],[22.09002,60.17392],[22.10923,60.18079],[22.10767,60.18408],[22.0997,60.18027],[22.09351,60.18228],[22.07959,60.18348],[22.0724,60.18544],[22.06808,60.18182],[22.07449,60.17594],[22.07615,60.17144]]],[[[21.49221,60.14813],[21.49674,60.15338],[21.50304,60.1578],[21.49905,60.15928],[21.48285,60.15386],[21.49221,60.14813]]],[[[22.09706,60.16738],[22.10453,60.16868],[22.11288,60.17377],[22.12417,60.17547],[22.13989,60.17602],[22.13443,60.17956],[22.13401,60.18327],[22.14015,60.1866],[22.14755,60.18773],[22.15555,60.19401],[22.14929,60.19619],[22.13069,60.1944],[22.12059,60.18948],[22.11902,60.18377],[22.11373,60.18099],[22.10046,60.17645],[22.09352,60.17302],[22.09341,60.16858],[22.09706,60.16738]]],[[[21.40003,60.13946],[21.4057,60.14265],[21.39695,60.14455],[21.39312,60.14195],[21.40003,60.13946]]],[[[21.92692,60.16041],[21.92833,60.16358],[21.93496,60.1657],[21.938,60.17222],[21.94388,60.17519],[21.94726,60.17916],[21.94497,60.18074],[21.93335,60.17995],[21.92467,60.17598],[21.9122,60.17258],[21.90836,60.16732],[21.91323,60.16486],[21.9122,60.16175],[21.91749,60.16047],[21.92692,60.16041]]],[[[21.18436,60.12398],[21.19346,60.1283],[21.18628,60.12952],[21.18436,60.12398]]],[[[22.86961,60.18722],[22.87529,60.18866],[22.87168,60.19196],[22.86588,60.19094],[22.86961,60.18722]]],[[[22.17042,60.16097],[22.18033,60.16184],[22.18094,60.16471],[22.174,60.1652],[22.17042,60.16097]]],[[[22.22074,60.16275],[22.23527,60.16553],[22.24747,60.16554],[22.25212,60.17087],[22.25844,60.17128],[22.26629,60.17597],[22.25667,60.17793],[22.24371,60.17785],[22.24387,60.17445],[22.23647,60.17591],[22.22614,60.17965],[22.20199,60.17756],[22.20506,60.172],[22.19066,60.17108],[22.17921,60.16895],[22.17734,60.16621],[22.19901,60.16588],[22.20925,60.16294],[22.21264,60.16559],[22.22074,60.16275]]],[[[22.19809,60.1604],[22.2029,60.16197],[22.199,60.16473],[22.19321,60.16394],[22.19809,60.1604]]],[[[22.15023,60.15854],[22.15217,60.16372],[22.14678,60.16379],[22.14462,60.15928],[22.15023,60.15854]]],[[[21.46955,60.13131],[21.47782,60.13495],[21.48294,60.14026],[21.48269,60.14289],[21.47091,60.14707],[21.46876,60.14488],[21.46254,60.14529],[21.4551,60.14347],[21.44798,60.14008],[21.45819,60.1395],[21.45441,60.13629],[21.45961,60.13248],[21.46955,60.13131]]],[[[22.26858,60.16207],[22.27348,60.16591],[22.28114,60.16728],[22.2823,60.16997],[22.27053,60.17036],[22.26673,60.1668],[22.26858,60.16207]]],[[[22.07532,60.15261],[22.09207,60.15396],[22.092,60.1574],[22.08516,60.15762],[22.07532,60.15261]]],[[[21.98272,60.14665],[21.98699,60.14902],[21.98477,60.16039],[21.97847,60.16345],[21.98424,60.16491],[21.99794,60.16511],[21.99853,60.16143],[21.99366,60.16101],[21.99124,60.15668],[21.99499,60.15464],[22.00128,60.14773],[22.01755,60.14935],[22.02587,60.14928],[22.03347,60.15385],[22.04071,60.15653],[22.0574,60.15785],[22.04936,60.16026],[22.04447,60.16555],[22.05199,60.16473],[22.05624,60.16638],[22.06035,60.16379],[22.06522,60.16376],[22.06939,60.16625],[22.06495,60.17007],[22.06818,60.17751],[22.05683,60.18284],[22.04126,60.18647],[22.04111,60.18925],[22.053,60.18761],[22.0593,60.18959],[22.07018,60.18806],[22.07958,60.18968],[22.08677,60.19324],[22.0866,60.19512],[22.09678,60.19601],[22.10509,60.19843],[22.10744,60.20113],[22.10218,60.20715],[22.10391,60.21117],[22.09619,60.21419],[22.09123,60.20868],[22.08564,60.21131],[22.09315,60.21647],[22.09448,60.22211],[22.07736,60.22161],[22.07288,60.21857],[22.06141,60.21688],[22.0515,60.2175],[22.04238,60.21077],[22.04285,60.20807],[22.0338,60.20593],[22.01915,60.19751],[22.01046,60.20222],[22.00127,60.20031],[21.98863,60.19968],[21.97696,60.19781],[21.96847,60.19776],[21.9651,60.19547],[21.95506,60.19257],[21.95922,60.19054],[21.95412,60.18543],[21.96135,60.17981],[21.9606,60.17639],[21.95137,60.17609],[21.94019,60.1706],[21.9398,60.16578],[21.9517,60.16303],[21.95565,60.16092],[21.96166,60.16249],[21.96102,60.15702],[21.96725,60.15138],[21.9729,60.15008],[21.97607,60.15544],[21.98159,60.15252],[21.97778,60.14814],[21.98272,60.14665]]],[[[22.19826,60.14999],[22.21254,60.1524],[22.22188,60.15732],[22.21383,60.15725],[22.19909,60.153],[22.19826,60.14999]]],[[[21.93914,60.13942],[21.94899,60.14122],[21.96029,60.14203],[21.95692,60.14805],[21.93908,60.14667],[21.93985,60.14432],[21.93264,60.14205],[21.93914,60.13942]]],[[[21.4646,60.12029],[21.48506,60.12384],[21.4926,60.12852],[21.49881,60.13478],[21.50581,60.13725],[21.49709,60.14079],[21.48908,60.13993],[21.48447,60.13691],[21.4803,60.1314],[21.4757,60.12994],[21.46533,60.12232],[21.4646,60.12029]]],[[[21.92194,60.13845],[21.93017,60.13893],[21.92407,60.1426],[21.92838,60.14542],[21.92645,60.14759],[21.91813,60.14387],[21.92194,60.13845]]],[[[22.02962,60.14236],[22.03932,60.14312],[22.03244,60.14755],[22.02598,60.14627],[22.02962,60.14236]]],[[[22.35473,60.15357],[22.35945,60.15379],[22.36546,60.15944],[22.36213,60.16071],[22.35443,60.15888],[22.35473,60.15357]]],[[[21.85692,60.13238],[21.86171,60.13486],[21.87005,60.1417],[21.87955,60.14342],[21.88359,60.14656],[21.89916,60.15189],[21.90324,60.14804],[21.91298,60.14752],[21.91892,60.14929],[21.91604,60.15412],[21.90845,60.15706],[21.89804,60.15678],[21.89805,60.16065],[21.89494,60.16809],[21.87901,60.16697],[21.8765,60.16248],[21.88005,60.1599],[21.87181,60.15804],[21.86349,60.15988],[21.86025,60.15676],[21.85219,60.15484],[21.84176,60.14875],[21.83306,60.14175],[21.83214,60.13868],[21.83587,60.1371],[21.83487,60.13379],[21.84602,60.1321],[21.85692,60.13238]]],[[[22.15179,60.1432],[22.16575,60.14558],[22.17013,60.14896],[22.18521,60.15135],[22.18996,60.15427],[22.1838,60.15582],[22.17285,60.15456],[22.16446,60.1522],[22.16161,60.14867],[22.15486,60.14989],[22.14837,60.14767],[22.15179,60.1432]]],[[[21.88516,60.13297],[21.88861,60.1342],[21.89585,60.1399],[21.90455,60.14203],[21.90118,60.1444],[21.88701,60.14396],[21.88375,60.14113],[21.87341,60.13988],[21.87195,60.13732],[21.86426,60.13572],[21.88516,60.13297]]],[[[22.41334,60.15045],[22.41646,60.15263],[22.41057,60.15569],[22.40537,60.15242],[22.41334,60.15045]]],[[[22.09402,60.13895],[22.09935,60.14109],[22.09581,60.14468],[22.08797,60.1464],[22.08267,60.14514],[22.08086,60.14057],[22.09402,60.13895]]],[[[21.77977,60.12564],[21.78307,60.12912],[21.77374,60.1302],[21.77231,60.12852],[21.77977,60.12564]]],[[[22.29051,60.14408],[22.29766,60.14747],[22.3078,60.14792],[22.30982,60.14604],[22.32323,60.14892],[22.32593,60.147],[22.3376,60.14795],[22.33829,60.15559],[22.34077,60.1628],[22.33658,60.16435],[22.32707,60.15983],[22.31442,60.16134],[22.3088,60.15916],[22.30529,60.16251],[22.32311,60.16556],[22.33086,60.16601],[22.34128,60.16829],[22.34706,60.17097],[22.36246,60.17043],[22.36595,60.17133],[22.37145,60.17676],[22.36952,60.17981],[22.38139,60.18594],[22.37653,60.19272],[22.37845,60.19537],[22.38584,60.19936],[22.39063,60.20388],[22.3903,60.20911],[22.38668,60.20996],[22.3567,60.20506],[22.34599,60.20066],[22.33885,60.20233],[22.33534,60.19898],[22.32312,60.19197],[22.3114,60.1931],[22.30353,60.18566],[22.29504,60.18128],[22.29584,60.17519],[22.30394,60.1746],[22.29929,60.17074],[22.28988,60.16882],[22.28906,60.1644],[22.29718,60.16127],[22.29182,60.15781],[22.2926,60.15546],[22.29992,60.15375],[22.29632,60.15109],[22.28921,60.15156],[22.2841,60.14832],[22.29051,60.14408]]],[[[21.77329,60.12434],[21.76766,60.12898],[21.77473,60.13086],[21.79003,60.12923],[21.80202,60.13258],[21.81042,60.13661],[21.81085,60.14101],[21.8168,60.1433],[21.81638,60.14759],[21.81036,60.15032],[21.81331,60.15422],[21.81969,60.1508],[21.82683,60.14975],[21.83397,60.15359],[21.83286,60.15763],[21.82204,60.15467],[21.81505,60.15681],[21.80446,60.15494],[21.79401,60.15713],[21.78191,60.15666],[21.77986,60.15487],[21.76967,60.15579],[21.76447,60.15457],[21.76024,60.15684],[21.77306,60.15833],[21.77863,60.15765],[21.7951,60.15916],[21.8043,60.15706],[21.81359,60.15956],[21.82036,60.15952],[21.82565,60.16233],[21.83425,60.16221],[21.83459,60.15937],[21.84919,60.15948],[21.85378,60.16048],[21.85844,60.16424],[21.85483,60.16617],[21.85419,60.17136],[21.86581,60.16954],[21.87819,60.16986],[21.88378,60.17169],[21.89606,60.1718],[21.89879,60.17393],[21.90925,60.1774],[21.89741,60.1796],[21.89308,60.18254],[21.88415,60.18036],[21.8726,60.18147],[21.86533,60.17964],[21.86651,60.18576],[21.87315,60.1888],[21.88624,60.18483],[21.89679,60.18526],[21.90324,60.18342],[21.91913,60.18242],[21.92884,60.18084],[21.93629,60.18389],[21.94523,60.19284],[21.93635,60.19087],[21.93153,60.19144],[21.93133,60.19457],[21.91884,60.1954],[21.91479,60.1936],[21.91001,60.19548],[21.89858,60.20429],[21.8912,60.20623],[21.88487,60.2044],[21.87925,60.20641],[21.84379,60.20796],[21.83982,60.21049],[21.86163,60.21255],[21.87271,60.21093],[21.87684,60.20724],[21.88308,60.20983],[21.88482,60.21241],[21.88212,60.21629],[21.88978,60.21981],[21.87624,60.2203],[21.86689,60.22169],[21.84633,60.21952],[21.84528,60.21406],[21.83305,60.21765],[21.83207,60.21446],[21.82235,60.21381],[21.80577,60.21502],[21.79413,60.21444],[21.78526,60.21508],[21.7715,60.21282],[21.77629,60.20807],[21.77417,60.20368],[21.76853,60.2056],[21.76383,60.20958],[21.75401,60.21081],[21.74147,60.2065],[21.74011,60.20424],[21.72677,60.20003],[21.72437,60.19772],[21.7274,60.19482],[21.72488,60.18745],[21.71938,60.18039],[21.72124,60.17772],[21.71087,60.17536],[21.71663,60.17188],[21.72329,60.17331],[21.7303,60.17237],[21.73908,60.17402],[21.75005,60.17009],[21.73918,60.16594],[21.72582,60.16734],[21.71695,60.16567],[21.71594,60.16287],[21.70561,60.16415],[21.71339,60.15732],[21.71577,60.15274],[21.71483,60.1486],[21.71784,60.14593],[21.71035,60.14361],[21.70433,60.1436],[21.70185,60.13834],[21.69436,60.13586],[21.69474,60.13258],[21.71187,60.12989],[21.71797,60.1302],[21.7244,60.12801],[21.74468,60.12673],[21.75229,60.12699],[21.77329,60.12434]]],[[[22.1271,60.13774],[22.13762,60.14622],[22.13104,60.15966],[22.11238,60.15664],[22.11336,60.14867],[22.10445,60.14502],[22.10431,60.14093],[22.11313,60.13762],[22.1271,60.13774]]],[[[21.99896,60.13247],[22.01526,60.13388],[22.02977,60.13974],[22.02135,60.14518],[22.00445,60.14575],[21.98432,60.14321],[21.97814,60.13958],[21.97692,60.13535],[21.98728,60.13467],[21.99896,60.13247]]],[[[22.0354,60.13328],[22.04405,60.13376],[22.04682,60.13817],[22.03666,60.13964],[22.0319,60.13631],[22.0354,60.13328]]],[[[21.88962,60.12768],[21.89948,60.12941],[21.91252,60.13016],[21.91285,60.13433],[21.90629,60.13713],[21.90315,60.13478],[21.90464,60.13121],[21.89703,60.12986],[21.89023,60.13116],[21.88962,60.12768]]],[[[21.79201,60.12259],[21.79516,60.12315],[21.80324,60.12879],[21.81114,60.125],[21.81528,60.13193],[21.80326,60.13222],[21.78706,60.12439],[21.79201,60.12259]]],[[[22.48507,60.1468],[22.48781,60.15071],[22.49566,60.15154],[22.49009,60.15448],[22.48092,60.15437],[22.47497,60.14978],[22.48507,60.1468]]],[[[21.7228,60.11839],[21.72796,60.12128],[21.7256,60.12299],[21.69595,60.12756],[21.69097,60.12274],[21.70121,60.12011],[21.71002,60.12157],[21.71298,60.11947],[21.7228,60.11839]]],[[[21.40628,60.10371],[21.41008,60.10598],[21.41178,60.11141],[21.40385,60.11052],[21.40154,60.10702],[21.40628,60.10371]]],[[[21.81039,60.12],[21.81264,60.12341],[21.80187,60.12605],[21.80059,60.12184],[21.81039,60.12]]],[[[22.10317,60.13064],[22.09661,60.13731],[22.07434,60.13698],[22.07341,60.1351],[22.08783,60.13252],[22.09799,60.13366],[22.10317,60.13064]]],[[[22.3871,60.14072],[22.38711,60.14439],[22.38141,60.1461],[22.37512,60.14292],[22.3871,60.14072]]],[[[21.59366,60.10935],[21.60508,60.11355],[21.60987,60.11113],[21.62869,60.11297],[21.6473,60.11228],[21.64836,60.1148],[21.66859,60.11862],[21.66409,60.12653],[21.66724,60.12887],[21.6618,60.13462],[21.661,60.1384],[21.65576,60.13994],[21.65417,60.14347],[21.64684,60.14354],[21.6435,60.14677],[21.65449,60.14929],[21.66681,60.14672],[21.67294,60.14815],[21.68099,60.15347],[21.69015,60.15583],[21.69178,60.16463],[21.6882,60.16955],[21.69039,60.17776],[21.68624,60.17951],[21.67487,60.1798],[21.67177,60.17864],[21.65202,60.17775],[21.63981,60.17944],[21.63724,60.18114],[21.61626,60.18463],[21.61049,60.18661],[21.5979,60.18681],[21.58361,60.18482],[21.57932,60.18642],[21.56138,60.18048],[21.56452,60.17826],[21.55777,60.17577],[21.5581,60.17274],[21.55297,60.171],[21.54535,60.17182],[21.54364,60.16767],[21.53629,60.16685],[21.54052,60.16181],[21.53268,60.16013],[21.52398,60.15963],[21.51247,60.15554],[21.51419,60.15399],[21.50733,60.14765],[21.50547,60.14347],[21.51177,60.13958],[21.50359,60.13382],[21.49888,60.12655],[21.50535,60.1257],[21.51819,60.12756],[21.51429,60.12348],[21.51932,60.11918],[21.51433,60.11618],[21.5164,60.11154],[21.52158,60.11039],[21.5256,60.11524],[21.53653,60.11602],[21.53047,60.11094],[21.54221,60.10927],[21.56386,60.10866],[21.57151,60.10899],[21.57612,60.11419],[21.58538,60.1095],[21.59366,60.10935]]],[[[21.49791,60.10439],[21.50763,60.10521],[21.50843,60.11117],[21.50529,60.11501],[21.49664,60.11556],[21.48295,60.11882],[21.48099,60.11463],[21.4761,60.11574],[21.46205,60.11231],[21.4623,60.10852],[21.47038,60.10526],[21.47477,60.10527],[21.48304,60.10928],[21.48833,60.10547],[21.49791,60.10439]]],[[[22.21969,60.13197],[22.22364,60.13492],[22.23321,60.13677],[22.23821,60.13335],[22.24613,60.13463],[22.24547,60.14251],[22.23314,60.14043],[22.22063,60.13957],[22.21298,60.13675],[22.21247,60.13309],[22.21969,60.13197]]],[[[22.25995,60.13219],[22.27024,60.1348],[22.27816,60.13801],[22.28206,60.14401],[22.28145,60.1508],[22.28474,60.15688],[22.2811,60.15722],[22.28125,60.16306],[22.27598,60.16267],[22.27471,60.15891],[22.26084,60.1586],[22.25536,60.15494],[22.25708,60.15338],[22.25004,60.14836],[22.25148,60.14106],[22.24766,60.1393],[22.25131,60.13583],[22.25769,60.13583],[22.25995,60.13219]]],[[[21.76748,60.11246],[21.77714,60.11411],[21.78653,60.11372],[21.78464,60.11663],[21.77093,60.11846],[21.7661,60.11795],[21.76169,60.12011],[21.75392,60.12005],[21.75239,60.11541],[21.75731,60.11347],[21.76748,60.11246]]],[[[21.84925,60.11405],[21.84936,60.11872],[21.85853,60.11981],[21.86218,60.12318],[21.86937,60.1239],[21.86874,60.11954],[21.878,60.12123],[21.88285,60.11899],[21.8903,60.11903],[21.89285,60.11596],[21.90058,60.11911],[21.90234,60.12232],[21.89605,60.12573],[21.88448,60.12484],[21.88018,60.12666],[21.87436,60.12596],[21.86742,60.12965],[21.86269,60.12655],[21.84965,60.13032],[21.84065,60.13031],[21.83055,60.13389],[21.8245,60.13368],[21.81686,60.12448],[21.81837,60.12171],[21.82845,60.12285],[21.82957,60.11796],[21.83494,60.11628],[21.84925,60.11405]]],[[[21.64049,60.1053],[21.65178,60.1067],[21.6506,60.11096],[21.63242,60.11007],[21.62268,60.11044],[21.60009,60.10848],[21.59826,60.10608],[21.61694,60.10617],[21.62037,60.10712],[21.64049,60.1053]]],[[[21.31202,60.0901],[21.31745,60.09406],[21.31062,60.09478],[21.30694,60.09305],[21.31202,60.0901]]],[[[21.67658,60.10494],[21.6807,60.10545],[21.68559,60.11039],[21.67497,60.11098],[21.67219,60.10804],[21.67658,60.10494]]],[[[21.92559,60.11455],[21.9284,60.11826],[21.91616,60.12454],[21.90547,60.11828],[21.91199,60.11534],[21.92559,60.11455]]],[[[22.17955,60.12391],[22.18248,60.1253],[22.18127,60.13049],[22.1926,60.13116],[22.19456,60.13457],[22.17525,60.13158],[22.17138,60.12962],[22.17955,60.12391]]],[[[22.29489,60.12703],[22.29432,60.13165],[22.2971,60.13712],[22.29143,60.1363],[22.2912,60.13229],[22.28536,60.13125],[22.29489,60.12703]]],[[[22.36308,60.12908],[22.37099,60.12962],[22.37456,60.13296],[22.36245,60.13187],[22.36308,60.12908]]],[[[22.31291,60.12723],[22.31929,60.12787],[22.3177,60.132],[22.31963,60.13492],[22.32685,60.13787],[22.32824,60.14208],[22.33706,60.1423],[22.3381,60.14498],[22.32964,60.14546],[22.32492,60.14426],[22.3183,60.14509],[22.30036,60.14194],[22.30041,60.13221],[22.30966,60.13043],[22.31291,60.12723]]],[[[22.38758,60.12933],[22.39955,60.13175],[22.41017,60.13713],[22.408,60.13867],[22.3972,60.13637],[22.38343,60.13113],[22.38758,60.12933]]],[[[22.41873,60.13013],[22.42109,60.13493],[22.42549,60.13857],[22.41875,60.13931],[22.411,60.13672],[22.40851,60.13112],[22.41873,60.13013]]],[[[21.73017,60.10394],[21.73405,60.10777],[21.75305,60.10827],[21.75527,60.11006],[21.74957,60.11352],[21.75131,60.11938],[21.74129,60.12134],[21.73374,60.11887],[21.72986,60.11538],[21.72391,60.11286],[21.70784,60.11225],[21.71436,60.10891],[21.7132,60.10478],[21.73017,60.10394]]],[[[21.32964,60.08703],[21.33415,60.08844],[21.33332,60.09346],[21.32774,60.09373],[21.32519,60.0899],[21.32964,60.08703]]],[[[21.61457,60.09719],[21.61697,60.10055],[21.61612,60.1039],[21.60512,60.10237],[21.60608,60.0991],[21.61457,60.09719]]],[[[22.04505,60.11393],[22.05366,60.11491],[22.04696,60.11801],[22.04505,60.11393]]],[[[22.24885,60.12094],[22.25576,60.12282],[22.25989,60.12574],[22.25977,60.12911],[22.24966,60.12507],[22.24885,60.12094]]],[[[21.9744,60.11014],[21.98559,60.11097],[22.00535,60.1153],[22.01451,60.11625],[22.01927,60.12079],[22.01272,60.12461],[21.98867,60.12995],[21.97021,60.12968],[21.97421,60.13767],[21.9699,60.14036],[21.95725,60.13565],[21.94407,60.13446],[21.92392,60.12961],[21.92016,60.12516],[21.92332,60.12299],[21.93911,60.12143],[21.94252,60.11872],[21.93997,60.11549],[21.95541,60.11186],[21.9651,60.11235],[21.9744,60.11014]]],[[[21.77459,60.10151],[21.778,60.10773],[21.76153,60.10692],[21.76501,60.102],[21.77459,60.10151]]],[[[22.41912,60.12494],[22.41906,60.12764],[22.4123,60.13001],[22.39909,60.13124],[22.4067,60.12618],[22.41912,60.12494]]],[[[21.81036,60.1015],[21.8115,60.10851],[21.80308,60.10685],[21.80455,60.10209],[21.81036,60.1015]]],[[[21.52856,60.08943],[21.53342,60.09234],[21.54846,60.09657],[21.5493,60.09953],[21.54352,60.10161],[21.53749,60.0979],[21.53347,60.09788],[21.52509,60.09172],[21.52856,60.08943]]],[[[21.74867,60.09827],[21.75931,60.09959],[21.75522,60.10328],[21.74618,60.10409],[21.73439,60.10296],[21.72078,60.10324],[21.72186,60.10093],[21.74867,60.09827]]],[[[21.55807,60.08912],[21.56154,60.09092],[21.57081,60.09251],[21.57818,60.09642],[21.57498,60.09895],[21.55995,60.09624],[21.5552,60.09252],[21.55807,60.08912]]],[[[21.68226,60.09264],[21.68813,60.09784],[21.68368,60.10411],[21.67902,60.10214],[21.67006,60.1037],[21.66819,60.10674],[21.66263,60.10806],[21.65464,60.10569],[21.64453,60.10455],[21.63285,60.10469],[21.62775,60.1036],[21.62881,60.09778],[21.64335,60.09731],[21.64709,60.09991],[21.65247,60.09609],[21.66363,60.09395],[21.68226,60.09264]]],[[[22.40697,60.11957],[22.41147,60.12429],[22.40229,60.12408],[22.40697,60.11957]]],[[[21.88964,60.0994],[21.89652,60.10343],[21.88829,60.10423],[21.88964,60.0994]]],[[[22.42637,60.1177],[22.43359,60.11968],[22.42634,60.12165],[22.42637,60.1177]]],[[[21.88592,60.09786],[21.88468,60.10164],[21.87053,60.10232],[21.86994,60.0992],[21.88592,60.09786]]],[[[21.79506,60.09391],[21.80274,60.09772],[21.79409,60.1004],[21.79207,60.10244],[21.78261,60.10291],[21.77933,60.09918],[21.78638,60.0944],[21.79506,60.09391]]],[[[21.62243,60.08697],[21.62327,60.08902],[21.60333,60.0916],[21.58978,60.09047],[21.59876,60.08696],[21.61074,60.08851],[21.62243,60.08697]]],[[[21.64974,60.08764],[21.65548,60.08899],[21.65154,60.09444],[21.63361,60.09252],[21.64974,60.08764]]],[[[21.53689,60.08121],[21.54431,60.08441],[21.53708,60.08667],[21.53689,60.08121]]],[[[21.24147,60.06846],[21.25074,60.07285],[21.26158,60.0794],[21.25448,60.08109],[21.24632,60.07479],[21.24147,60.06846]]],[[[21.33252,60.07076],[21.33649,60.07119],[21.34013,60.07926],[21.31996,60.07912],[21.31855,60.07275],[21.32892,60.07208],[21.33252,60.07076]]],[[[22.39027,60.11152],[22.39977,60.11465],[22.39562,60.11708],[22.39749,60.11945],[22.39255,60.12261],[22.39053,60.12666],[22.3834,60.12397],[22.37537,60.12456],[22.37451,60.12075],[22.38102,60.11818],[22.38396,60.11307],[22.39027,60.11152]]],[[[21.65098,60.08356],[21.64231,60.08778],[21.64092,60.08436],[21.65098,60.08356]]],[[[21.6801,60.08399],[21.68384,60.08924],[21.68122,60.09034],[21.67318,60.08709],[21.6801,60.08399]]],[[[21.34793,60.06939],[21.35813,60.07228],[21.35178,60.0755],[21.34612,60.07451],[21.34793,60.06939]]],[[[21.66271,60.08198],[21.66612,60.08437],[21.66622,60.0884],[21.66154,60.08938],[21.65663,60.08763],[21.65269,60.08324],[21.66271,60.08198]]],[[[21.37172,60.06931],[21.37677,60.07222],[21.3797,60.0764],[21.3649,60.08091],[21.36091,60.08039],[21.35603,60.07568],[21.36536,60.07504],[21.36667,60.07064],[21.37172,60.06931]]],[[[22.16288,60.09831],[22.16903,60.1025],[22.15964,60.10294],[22.15663,60.10011],[22.16288,60.09831]]],[[[22.31104,60.10088],[22.31818,60.10696],[22.31147,60.10861],[22.3086,60.10378],[22.31104,60.10088]]],[[[22.07168,60.09138],[22.07282,60.09445],[22.06557,60.09645],[22.06368,60.09278],[22.07168,60.09138]]],[[[21.98036,60.08604],[21.98043,60.08868],[21.96352,60.08985],[21.95981,60.08741],[21.98036,60.08604]]],[[[21.55364,60.06355],[21.55231,60.06558],[21.53864,60.06924],[21.53517,60.06494],[21.55364,60.06355]]],[[[22.08666,60.08421],[22.09293,60.08508],[22.09005,60.08883],[22.08442,60.08753],[22.0782,60.08883],[22.07169,60.08783],[22.07423,60.08497],[22.08666,60.08421]]],[[[22.01467,60.07994],[22.02647,60.0818],[22.0106,60.08431],[22.01467,60.07994]]],[[[22.9786,60.10854],[22.99078,60.10965],[23.00075,60.11615],[23.00948,60.11782],[23.01465,60.12165],[23.01626,60.12523],[23.01109,60.12782],[23.003,60.12732],[22.99763,60.12959],[22.97736,60.12607],[22.97061,60.12576],[22.96675,60.12345],[22.97075,60.12099],[22.98137,60.11804],[22.97513,60.11529],[22.97098,60.10966],[22.9786,60.10854]]],[[[21.88197,60.07053],[21.88309,60.07365],[21.87395,60.07515],[21.87338,60.07183],[21.88197,60.07053]]],[[[21.36431,60.04747],[21.36101,60.05273],[21.35167,60.05104],[21.36431,60.04747]]],[[[22.99488,60.10086],[23.00556,60.10435],[23.00958,60.10695],[23.00264,60.10816],[22.99361,60.10755],[22.98986,60.10125],[22.99488,60.10086]]],[[[21.9671,60.06562],[21.9691,60.07026],[21.9605,60.06802],[21.9671,60.06562]]],[[[22.0569,60.06446],[22.06044,60.06695],[22.05712,60.07233],[22.04994,60.07254],[22.04842,60.0695],[22.0551,60.06697],[22.0569,60.06446]]],[[[21.80174,60.04939],[21.80404,60.05086],[21.8002,60.05743],[21.78984,60.05594],[21.78552,60.05239],[21.79445,60.05218],[21.79418,60.05003],[21.80174,60.04939]]],[[[21.54297,60.03807],[21.5396,60.04193],[21.5311,60.0398],[21.54297,60.03807]]],[[[22.06238,60.05758],[22.06091,60.06128],[22.0538,60.06261],[22.05104,60.05918],[22.05413,60.05752],[22.06238,60.05758]]],[[[21.82428,60.04845],[21.82778,60.0504],[21.82265,60.0529],[21.81646,60.05304],[21.81347,60.04912],[21.82428,60.04845]]],[[[21.49792,60.03503],[21.5001,60.03727],[21.49982,60.04203],[21.50266,60.0464],[21.49513,60.04564],[21.48552,60.04195],[21.49437,60.03951],[21.49325,60.03546],[21.49792,60.03503]]],[[[22.0065,60.05488],[22.01332,60.05719],[22.00792,60.06074],[22.0065,60.05488]]],[[[21.58223,60.03637],[21.58736,60.03896],[21.58322,60.04167],[21.5762,60.03968],[21.58223,60.03637]]],[[[23.028,60.10157],[23.05645,60.08861],[23.14865,60.10044],[23.19749,60.12291],[23.19578,60.13417],[23.23299,60.13992],[23.2715,60.15429],[23.27754,60.17265],[23.30591,60.18866],[23.32588,60.18854],[23.31596,60.17158],[23.36294,60.1499],[23.37918,60.16705],[23.41537,60.1652],[23.47019,60.17261],[23.55362,60.2022],[23.58747,60.19955],[23.608,60.19141],[23.62048,60.19413],[23.64896,60.20157],[23.64753,60.21111],[23.63724,60.21927],[23.6329,60.22987],[23.63346,60.23473],[23.61051,60.24969],[23.58632,60.25884],[23.59892,60.26639],[23.61319,60.26079],[23.62717,60.26052],[23.62948,60.28267],[23.67399,60.30308],[23.68978,60.29369],[23.72779,60.30773],[23.72888,60.32899],[23.73531,60.33792],[23.73396,60.3557],[23.72261,60.35996],[23.72317,60.36876],[23.74166,60.37],[23.77616,60.3879],[23.78156,60.38547],[23.79049,60.38783],[23.7844,60.40483],[23.79361,60.42883],[23.78414,60.45019],[23.69223,60.4499],[23.71517,60.46484],[23.70943,60.47283],[23.73749,60.49037],[23.82303,60.49464],[23.83763,60.49128],[23.87185,60.50793],[23.86458,60.52149],[23.85154,60.5306],[23.86537,60.5359],[23.86446,60.53874],[23.84449,60.55642],[23.8875,60.55851],[23.88907,60.5741],[23.90827,60.58687],[23.92055,60.60609],[23.86641,60.61864],[23.90051,60.64976],[23.88671,60.64965],[23.87241,60.65383],[23.86542,60.65146],[23.81419,60.65608],[23.74791,60.65326],[23.71383,60.66379],[23.68415,60.65724],[23.67289,60.67073],[23.68156,60.68323],[23.62592,60.6938],[23.57588,60.69432],[23.53925,60.70432],[23.52945,60.71839],[23.50033,60.72744],[23.50214,60.74399],[23.45438,60.74872],[23.40862,60.73977],[23.3335,60.71794],[23.2791,60.7261],[23.27728,60.71108],[23.25488,60.7281],[23.18143,60.75825],[23.15462,60.77417],[23.19487,60.81341],[23.23007,60.82541],[23.2213,60.8296],[23.14258,60.8375],[23.13745,60.84077],[23.13564,60.88352],[23.15524,60.89243],[23.26666,60.88911],[23.25308,60.91947],[23.29134,60.91793],[23.29393,60.9547],[23.25539,60.96347],[23.19537,61.00122],[23.16505,61.00545],[23.15809,61.02319],[23.14808,61.03141],[23.10744,61.0339],[23.05536,61.03099],[23.01628,61.0224],[22.9685,61.04325],[22.95902,61.04624],[22.94959,61.04368],[22.93571,61.0448],[22.92636,61.05491],[22.88906,61.05684],[22.88229,61.0603],[22.86984,61.0838],[22.82391,61.10144],[22.81634,61.0788],[22.83687,61.06913],[22.83628,61.06018],[22.8237,61.04205],[22.80727,61.04116],[22.82489,61.02652],[22.82645,61.01365],[22.81593,60.99341],[22.79275,61.00035],[22.77978,60.99421],[22.70938,60.98259],[22.70154,60.98694],[22.57908,60.9902],[22.52247,60.9764],[22.58624,60.93879],[22.51967,60.95111],[22.41457,60.9358],[22.36457,60.93181],[22.31311,60.91601],[22.27109,60.92204],[22.26363,60.92686],[22.24128,60.92382],[22.18876,60.90103],[22.17098,60.87717],[22.16031,60.87201],[22.12847,60.90421],[22.01178,60.90095],[22.00815,60.89744],[21.98521,60.901],[21.99676,60.91255],[21.94417,60.94652],[21.95137,60.97694],[21.92615,60.97615],[21.90297,60.98616],[21.88969,60.98136],[21.87704,60.98277],[21.84411,61.0094],[21.80498,61.0201],[21.82521,61.03418],[21.77575,61.03411],[21.75325,61.02656],[21.76603,61.0137],[21.73439,61.00089],[21.71364,60.99903],[21.69331,61.00355],[21.66559,60.99633],[21.65464,60.99992],[21.65141,61.01736],[21.62116,61.05179],[21.60847,61.04116],[21.59114,61.02883],[21.60701,61.0107],[21.56636,61.00922],[21.55066,61.0048],[21.52766,61.00511],[21.48021,60.99948],[21.4747,61.0092],[21.42716,61.0274],[21.41994,61.04731],[21.41343,61.04806],[21.40979,61.05248],[21.40313,61.0549],[21.39597,61.05989],[21.39036,61.06013],[21.3668,61.07049],[21.35372,61.07067],[21.34361,61.07485],[21.33374,61.0804],[21.32667,61.08262],[21.31497,61.08797],[21.29985,61.08762],[21.29664,61.08251],[21.29855,61.07563],[21.30318,61.07113],[21.30617,61.06558],[21.30552,61.0606],[21.3084,61.05702],[21.31501,61.05277],[21.33479,61.05145],[21.347,61.0455],[21.33697,61.04551],[21.3296,61.04009],[21.3238,61.04027],[21.31808,61.03741],[21.32696,61.03554],[21.32878,61.03244],[21.33815,61.02944],[21.35095,61.02754],[21.35824,61.03103],[21.3601,61.02821],[21.36577,61.02793],[21.36403,61.02366],[21.35819,61.02021],[21.35225,61.02374],[21.34301,61.02187],[21.33928,61.01832],[21.34187,61.0158],[21.35028,61.01623],[21.35921,61.01371],[21.36312,61.00215],[21.36739,60.99534],[21.3751,60.99156],[21.3813,60.98703],[21.39256,60.98565],[21.39765,60.98032],[21.40839,60.9748],[21.40687,60.97131],[21.40023,60.96812],[21.40643,60.96385],[21.42222,60.96246],[21.42823,60.95873],[21.43218,60.95181],[21.43771,60.95098],[21.44009,60.94534],[21.43136,60.93618],[21.4315,60.93289],[21.44211,60.92674],[21.44715,60.92163],[21.4416,60.91795],[21.44039,60.91182],[21.43226,60.91336],[21.42945,60.91836],[21.41869,60.92558],[21.40607,60.93136],[21.4046,60.92637],[21.39691,60.92798],[21.39122,60.9254],[21.38522,60.92559],[21.36638,60.93016],[21.36809,60.9319],[21.38596,60.93515],[21.39717,60.93189],[21.3954,60.93684],[21.39964,60.94189],[21.38944,60.95091],[21.38839,60.95451],[21.3833,60.95411],[21.37622,60.95017],[21.36278,60.9616],[21.3517,60.96164],[21.35046,60.96462],[21.34364,60.97079],[21.34877,60.97387],[21.34097,60.97546],[21.332,60.98329],[21.31927,60.98932],[21.32088,60.99198],[21.31569,60.99762],[21.3079,61.00185],[21.30362,61.00182],[21.29933,61.00518],[21.29369,61.00313],[21.28575,61.00373],[21.28114,61.00008],[21.28209,60.99533],[21.27363,60.99317],[21.25745,60.99206],[21.25265,60.98666],[21.25441,60.98243],[21.2449,60.98207],[21.25049,60.9766],[21.26516,60.97439],[21.28522,60.96978],[21.28944,60.96978],[21.30814,60.96252],[21.30974,60.95993],[21.32164,60.9587],[21.31734,60.95227],[21.31787,60.9481],[21.30063,60.94647],[21.30141,60.94449],[21.30924,60.94229],[21.30942,60.9384],[21.31964,60.9285],[21.31377,60.9273],[21.30582,60.92926],[21.29206,60.92691],[21.28725,60.92331],[21.28663,60.91905],[21.29618,60.91433],[21.30891,60.90956],[21.31523,60.90834],[21.31627,60.90582],[21.30669,60.90505],[21.29795,60.90806],[21.29518,60.91123],[21.27851,60.92086],[21.27332,60.92131],[21.26872,60.92512],[21.26074,60.92703],[21.2533,60.92673],[21.23291,60.91722],[21.22826,60.91895],[21.21962,60.91398],[21.21986,60.91041],[21.21313,60.91039],[21.20647,60.90766],[21.2153,60.90616],[21.21605,60.90417],[21.22394,60.90302],[21.21791,60.89959],[21.22558,60.89463],[21.24303,60.89408],[21.24912,60.8927],[21.24986,60.89015],[21.2352,60.88591],[21.21743,60.88539],[21.21453,60.89179],[21.21037,60.89312],[21.19693,60.8932],[21.17956,60.88892],[21.1994,60.88334],[21.18964,60.88052],[21.18236,60.88421],[21.1768,60.88423],[21.17551,60.88064],[21.18007,60.88001],[21.17465,60.87034],[21.19388,60.86891],[21.20032,60.87487],[21.21045,60.87382],[21.20946,60.87],[21.20264,60.86726],[21.19336,60.86675],[21.19727,60.86189],[21.18265,60.8642],[21.18333,60.85963],[21.19166,60.85406],[21.19859,60.85246],[21.20478,60.84701],[21.20179,60.84226],[21.2103,60.84182],[21.2116,60.84442],[21.22544,60.84353],[21.23041,60.84033],[21.2342,60.84214],[21.24226,60.83963],[21.24334,60.83129],[21.24975,60.82839],[21.25963,60.82891],[21.27671,60.83362],[21.28104,60.83409],[21.2808,60.82701],[21.28512,60.8261],[21.29216,60.82107],[21.29986,60.82334],[21.30786,60.81727],[21.31521,60.81775],[21.3162,60.81446],[21.32158,60.81161],[21.32837,60.81399],[21.33491,60.8142],[21.34397,60.81626],[21.34663,60.81962],[21.34451,60.82452],[21.34722,60.82988],[21.35334,60.82694],[21.3505,60.82247],[21.35615,60.82195],[21.36292,60.8261],[21.37046,60.82387],[21.37924,60.82617],[21.39215,60.82345],[21.39469,60.82169],[21.39199,60.81629],[21.39692,60.81262],[21.39634,60.80982],[21.38741,60.80891],[21.3853,60.80575],[21.37652,60.80313],[21.38044,60.8001],[21.38077,60.79635],[21.39514,60.79748],[21.39822,60.79406],[21.40803,60.78905],[21.40001,60.78658],[21.40413,60.78311],[21.38516,60.77777],[21.39548,60.77254],[21.40428,60.76454],[21.41368,60.76372],[21.42512,60.76138],[21.43298,60.75885],[21.43388,60.75509],[21.44035,60.74998],[21.45755,60.74483],[21.44158,60.742],[21.43795,60.74352],[21.43092,60.74226],[21.43774,60.7343],[21.44518,60.72949],[21.443,60.72689],[21.45862,60.72101],[21.46155,60.7183],[21.45642,60.71498],[21.46498,60.71273],[21.47228,60.70766],[21.46366,60.70568],[21.46128,60.70295],[21.44989,60.70324],[21.44456,60.70602],[21.43614,60.70744],[21.42354,60.70804],[21.42206,60.71115],[21.40958,60.71638],[21.40358,60.71612],[21.4016,60.7137],[21.3923,60.71402],[21.37651,60.71714],[21.37315,60.71921],[21.38978,60.72122],[21.39755,60.71993],[21.42296,60.72308],[21.42538,60.72483],[21.42043,60.7297],[21.42659,60.73251],[21.42455,60.73568],[21.41615,60.73941],[21.4172,60.7432],[21.41116,60.74438],[21.414,60.74996],[21.40532,60.75481],[21.39968,60.75596],[21.39936,60.76162],[21.38626,60.76282],[21.3755,60.76624],[21.37198,60.76498],[21.38109,60.75837],[21.37822,60.7568],[21.38293,60.75324],[21.38873,60.75235],[21.38051,60.74833],[21.38226,60.74562],[21.38765,60.74514],[21.38371,60.74086],[21.37514,60.74116],[21.375,60.73718],[21.38605,60.73897],[21.39122,60.73765],[21.38682,60.7343],[21.37529,60.73231],[21.36629,60.72466],[21.36699,60.71927],[21.34451,60.71592],[21.35766,60.71131],[21.34198,60.70645],[21.34045,60.7037],[21.34575,60.70205],[21.35429,60.70271],[21.3589,60.69918],[21.3651,60.69809],[21.35846,60.69446],[21.35915,60.69072],[21.3446,60.69632],[21.33263,60.69848],[21.3316,60.69627],[21.3414,60.69533],[21.33867,60.68803],[21.34224,60.68381],[21.35527,60.67748],[21.364,60.6757],[21.37846,60.66934],[21.38341,60.66249],[21.39331,60.6592],[21.39785,60.66092],[21.40498,60.65719],[21.41049,60.65054],[21.42072,60.65098],[21.4239,60.64332],[21.43058,60.6423],[21.43169,60.6454],[21.43902,60.64609],[21.44731,60.65127],[21.45131,60.64766],[21.45001,60.64248],[21.4389,60.64138],[21.44805,60.63652],[21.45613,60.63919],[21.45652,60.63526],[21.46147,60.63254],[21.4579,60.63022],[21.44853,60.63064],[21.44071,60.62853],[21.43159,60.63692],[21.42474,60.63154],[21.41959,60.62985],[21.41803,60.63762],[21.41208,60.6421],[21.40721,60.64229],[21.40929,60.63743],[21.40673,60.63569],[21.39622,60.63697],[21.39443,60.63517],[21.40108,60.62924],[21.41805,60.62232],[21.42514,60.62273],[21.43121,60.616],[21.43856,60.61338],[21.43311,60.60759],[21.43714,60.60501],[21.42935,60.60172],[21.43815,60.59898],[21.44823,60.59407],[21.45395,60.58617],[21.45849,60.58811],[21.46331,60.58563],[21.46456,60.58143],[21.47826,60.5839],[21.48693,60.58064],[21.49285,60.58022],[21.50463,60.57745],[21.51036,60.57915],[21.50806,60.58379],[21.49742,60.58399],[21.49162,60.58637],[21.5028,60.58842],[21.50826,60.58709],[21.51671,60.59655],[21.52554,60.5956],[21.53132,60.59283],[21.53029,60.59004],[21.52192,60.58876],[21.51641,60.58427],[21.51543,60.58012],[21.52612,60.57543],[21.52475,60.5738],[21.53582,60.56877],[21.55432,60.56543],[21.57129,60.56743],[21.57039,60.56301],[21.56147,60.56393],[21.55943,60.55904],[21.56262,60.55641],[21.56817,60.55954],[21.57237,60.55654],[21.57452,60.55119],[21.5711,60.5473],[21.5861,60.54177],[21.59113,60.53787],[21.59184,60.53449],[21.59968,60.53325],[21.60412,60.52956],[21.6094,60.52028],[21.60172,60.51993],[21.59272,60.51764],[21.57561,60.50281],[21.57497,60.49786],[21.58462,60.49134],[21.58924,60.49257],[21.59223,60.49619],[21.60355,60.49702],[21.60804,60.49621],[21.61518,60.50189],[21.62621,60.50028],[21.62996,60.50303],[21.63864,60.50546],[21.64882,60.51413],[21.65746,60.51751],[21.66805,60.53489],[21.66652,60.54206],[21.68064,60.5471],[21.68351,60.55392],[21.68176,60.55922],[21.66609,60.56334],[21.67084,60.56722],[21.67055,60.57017],[21.68095,60.57206],[21.68125,60.57493],[21.67549,60.58097],[21.68313,60.58807],[21.68876,60.58645],[21.69697,60.58621],[21.70541,60.58843],[21.71355,60.58863],[21.71876,60.59468],[21.72496,60.59204],[21.73456,60.59047],[21.74096,60.59267],[21.75347,60.59434],[21.76303,60.59651],[21.76815,60.60229],[21.77711,60.60564],[21.77538,60.60822],[21.78022,60.60978],[21.78999,60.61695],[21.79777,60.61922],[21.80007,60.62309],[21.80799,60.62779],[21.81238,60.62811],[21.81994,60.63386],[21.83454,60.6368],[21.84172,60.63625],[21.84584,60.63349],[21.84065,60.62898],[21.84401,60.62583],[21.84409,60.61785],[21.84588,60.61507],[21.84154,60.61048],[21.83413,60.61377],[21.82903,60.60935],[21.83015,60.60535],[21.84327,60.60056],[21.83661,60.59525],[21.82953,60.59516],[21.82251,60.59749],[21.81966,60.59472],[21.82517,60.589],[21.82283,60.58502],[21.82768,60.58245],[21.81595,60.57926],[21.81422,60.57187],[21.82488,60.56743],[21.82489,60.56271],[21.81736,60.56439],[21.81254,60.56095],[21.81734,60.55632],[21.82417,60.55536],[21.82087,60.55205],[21.82356,60.54948],[21.82257,60.54403],[21.81892,60.54351],[21.81585,60.53955],[21.81119,60.53783],[21.81603,60.53438],[21.81036,60.53208],[21.81321,60.52791],[21.80695,60.52561],[21.80715,60.52187],[21.7974,60.5175],[21.80225,60.50526],[21.7883,60.50059],[21.78232,60.50171],[21.7719,60.50057],[21.76591,60.50207],[21.76249,60.4979],[21.74932,60.4976],[21.74507,60.49649],[21.73808,60.49186],[21.73902,60.48613],[21.74598,60.48005],[21.75778,60.47836],[21.75982,60.47481],[21.76777,60.47437],[21.77494,60.47838],[21.77052,60.48073],[21.7713,60.48702],[21.77006,60.49073],[21.77486,60.49115],[21.77505,60.49588],[21.78114,60.49699],[21.78361,60.49323],[21.79241,60.49219],[21.79832,60.49024],[21.81169,60.49174],[21.81955,60.49929],[21.82588,60.49982],[21.83348,60.49812],[21.84812,60.49687],[21.85348,60.49412],[21.86398,60.49327],[21.86745,60.487],[21.88331,60.48019],[21.88926,60.48096],[21.89334,60.48602],[21.90034,60.4893],[21.89677,60.49436],[21.88924,60.49619],[21.89307,60.50227],[21.89149,60.50399],[21.88302,60.50326],[21.88025,60.50919],[21.8754,60.51289],[21.87394,60.51688],[21.87925,60.52283],[21.87843,60.526],[21.87144,60.52903],[21.87251,60.53796],[21.8695,60.54224],[21.86568,60.54279],[21.8651,60.54926],[21.87302,60.54995],[21.8773,60.54557],[21.88607,60.54247],[21.8834,60.54079],[21.87888,60.53307],[21.88629,60.53105],[21.88849,60.53735],[21.89471,60.54056],[21.89586,60.54571],[21.89945,60.5466],[21.89831,60.55195],[21.91151,60.55124],[21.91347,60.54964],[21.92353,60.54975],[21.92523,60.54791],[21.92114,60.54428],[21.91146,60.54709],[21.91055,60.53729],[21.91818,60.53303],[21.91635,60.52798],[21.92171,60.52556],[21.93683,60.52612],[21.93566,60.5313],[21.93942,60.53513],[21.95222,60.53577],[21.95742,60.53858],[21.96415,60.53621],[21.9588,60.53051],[21.96419,60.52352],[21.96799,60.52282],[21.96546,60.51797],[21.96129,60.51426],[21.95368,60.51353],[21.95594,60.51006],[21.96848,60.50497],[21.97813,60.50481],[21.97794,60.50764],[21.98898,60.51228],[21.99538,60.50981],[21.98655,60.50476],[21.98103,60.4983],[21.98711,60.49069],[21.99342,60.48784],[21.99989,60.48816],[22.0097,60.48685],[22.01329,60.49052],[22.02408,60.49019],[22.02816,60.48179],[22.01639,60.48218],[22.016,60.47945],[22.02523,60.47892],[22.03253,60.47528],[22.02926,60.47391],[22.02073,60.4749],[22.01455,60.47271],[22.01362,60.46848],[22.01605,60.46436],[22.02256,60.46184],[22.03151,60.46064],[22.03612,60.45819],[22.04576,60.45779],[22.05432,60.45628],[22.06195,60.45696],[22.06681,60.45376],[22.0754,60.45227],[22.08985,60.4451],[22.10323,60.44739],[22.10708,60.44986],[22.10813,60.45552],[22.12012,60.46399],[22.11497,60.46791],[22.11764,60.47327],[22.12541,60.47195],[22.12284,60.46754],[22.12634,60.46103],[22.12017,60.45758],[22.11875,60.44655],[22.12432,60.4455],[22.13143,60.44831],[22.13393,60.44633],[22.13068,60.44155],[22.13672,60.43989],[22.15844,60.44335],[22.16024,60.44169],[22.1778,60.44237],[22.1953,60.4465],[22.20163,60.44621],[22.20567,60.44341],[22.20937,60.43718],[22.21383,60.43994],[22.21992,60.43911],[22.21657,60.43459],[22.23011,60.43243],[22.23084,60.43006],[22.2389,60.42295],[22.25049,60.42118],[22.2586,60.41494],[22.27247,60.40681],[22.2804,60.4085],[22.28597,60.40771],[22.28288,60.40326],[22.28334,60.39756],[22.29059,60.3861],[22.29409,60.38428],[22.31166,60.3871],[22.32904,60.38863],[22.34246,60.39116],[22.35413,60.39245],[22.36667,60.39503],[22.37603,60.39512],[22.38511,60.39642],[22.39713,60.40064],[22.41344,60.40392],[22.42786,60.40433],[22.43173,60.40659],[22.45354,60.41139],[22.46269,60.41281],[22.47416,60.4118],[22.48052,60.41673],[22.49593,60.41923],[22.5023,60.41777],[22.50362,60.41414],[22.47993,60.39783],[22.47901,60.39407],[22.47127,60.39155],[22.47281,60.38946],[22.48282,60.38505],[22.49668,60.38233],[22.51375,60.38336],[22.53764,60.38225],[22.55364,60.38537],[22.56001,60.38454],[22.56409,60.38097],[22.56843,60.38287],[22.57314,60.37862],[22.5833,60.37607],[22.58798,60.37686],[22.6071,60.3852],[22.61325,60.39017],[22.61974,60.39283],[22.62467,60.39812],[22.63221,60.40141],[22.63446,60.40572],[22.64524,60.40547],[22.64838,60.40157],[22.63237,60.39483],[22.63228,60.39322],[22.62504,60.38374],[22.61574,60.38178],[22.60414,60.37388],[22.60435,60.36701],[22.60181,60.36171],[22.59336,60.35862],[22.58989,60.35501],[22.57745,60.35111],[22.56853,60.35461],[22.56354,60.35395],[22.5567,60.34702],[22.56416,60.33923],[22.55694,60.33587],[22.55243,60.32732],[22.5462,60.32473],[22.51456,60.30953],[22.51302,60.30672],[22.50214,60.29977],[22.49719,60.29925],[22.48543,60.29092],[22.48101,60.28919],[22.47022,60.28146],[22.47112,60.27548],[22.47908,60.27186],[22.47504,60.27064],[22.47363,60.2672],[22.46899,60.26611],[22.46071,60.26749],[22.45424,60.26479],[22.46115,60.26279],[22.47263,60.25661],[22.48737,60.26003],[22.49481,60.25768],[22.49741,60.25362],[22.50667,60.2542],[22.51215,60.25813],[22.51015,60.25997],[22.51797,60.26231],[22.52399,60.26593],[22.52791,60.26365],[22.52388,60.25839],[22.53072,60.2578],[22.53849,60.26121],[22.53132,60.26836],[22.5412,60.26982],[22.55148,60.26692],[22.56156,60.27193],[22.56634,60.27653],[22.57659,60.27764],[22.58913,60.28493],[22.60452,60.2908],[22.61487,60.292],[22.61575,60.28923],[22.59708,60.28537],[22.58451,60.27874],[22.58449,60.27659],[22.57209,60.27402],[22.56319,60.26977],[22.56671,60.26682],[22.56725,60.25972],[22.57684,60.25796],[22.5783,60.25953],[22.59154,60.26055],[22.58101,60.2529],[22.59384,60.24613],[22.60662,60.24869],[22.60411,60.24498],[22.58647,60.24308],[22.58467,60.24103],[22.57318,60.23845],[22.55777,60.23749],[22.55382,60.2357],[22.55737,60.23179],[22.54483,60.22926],[22.53492,60.22979],[22.53243,60.22617],[22.52562,60.22387],[22.51889,60.21429],[22.52066,60.21352],[22.55506,60.21382],[22.5701,60.21649],[22.59758,60.22878],[22.61,60.23084],[22.61658,60.23305],[22.61889,60.23666],[22.63165,60.23881],[22.63741,60.23832],[22.65039,60.23965],[22.67785,60.24365],[22.68066,60.24561],[22.70302,60.24374],[22.71941,60.24439],[22.73061,60.2485],[22.73921,60.24914],[22.76352,60.25418],[22.76822,60.25276],[22.7731,60.25479],[22.7846,60.257],[22.79252,60.2565],[22.79834,60.26112],[22.80735,60.26292],[22.81924,60.26893],[22.82243,60.27167],[22.83444,60.27711],[22.84852,60.28202],[22.85293,60.28575],[22.86397,60.28971],[22.86353,60.29463],[22.85509,60.29538],[22.85823,60.29915],[22.86749,60.29721],[22.87528,60.30641],[22.88338,60.30884],[22.88642,60.3033],[22.89031,60.30315],[22.89579,60.30921],[22.9057,60.30922],[22.90778,60.31176],[22.91722,60.31258],[22.92384,60.31624],[22.9378,60.31705],[22.94766,60.31887],[22.96249,60.32319],[22.97755,60.33035],[22.98604,60.33224],[22.99708,60.33599],[23.00307,60.3278],[23.01116,60.32823],[23.01692,60.33109],[23.02428,60.33225],[23.02735,60.34183],[23.02601,60.34486],[23.03117,60.34872],[23.03531,60.34905],[23.05382,60.35602],[23.05951,60.36037],[23.05828,60.36439],[23.05097,60.36529],[23.0539,60.3699],[23.06774,60.37643],[23.07468,60.37681],[23.08415,60.37275],[23.08345,60.36908],[23.0882,60.36502],[23.07377,60.35955],[23.07195,60.35553],[23.06082,60.35413],[23.04849,60.3448],[23.04997,60.33858],[23.04697,60.33116],[23.04426,60.33023],[23.03424,60.31272],[23.02761,60.30692],[23.01993,60.30316],[23.01276,60.29641],[23.00548,60.28691],[22.99745,60.28988],[22.99277,60.28776],[22.97805,60.28604],[22.9779,60.27738],[22.97332,60.27146],[22.96268,60.27358],[22.95873,60.269],[22.95216,60.26767],[22.9476,60.26437],[22.94736,60.26089],[22.95088,60.2584],[22.94619,60.25373],[22.9507,60.24867],[22.94095,60.24491],[22.93307,60.24023],[22.92015,60.23537],[22.92022,60.232],[22.90916,60.22888],[22.90457,60.22573],[22.90468,60.22213],[22.89594,60.21551],[22.89378,60.21086],[22.88344,60.20429],[22.87214,60.20044],[22.87018,60.19799],[22.87196,60.19408],[22.88131,60.1873],[22.88426,60.18709],[22.89001,60.18248],[22.89011,60.17777],[22.87893,60.17306],[22.8729,60.17337],[22.86904,60.16781],[22.86902,60.16427],[22.87659,60.16157],[22.87716,60.1566],[22.89617,60.15098],[22.90283,60.15106],[22.90586,60.14883],[22.90067,60.14467],[22.90577,60.14224],[22.92029,60.14008],[22.92659,60.13794],[22.93417,60.13789],[22.93914,60.13519],[22.95052,60.13587],[22.97006,60.13377],[22.98392,60.12831],[22.9968,60.13022],[23.00623,60.13032],[23.02646,60.13682],[23.03517,60.14418],[23.036,60.13953],[23.03081,60.13768],[23.02892,60.13312],[23.02205,60.13122],[23.01884,60.12838],[23.02684,60.12274],[23.03023,60.12274],[23.04322,60.12759],[23.05306,60.12942],[23.05506,60.12744],[23.0458,60.12458],[23.046,60.12174],[23.03554,60.1177],[23.03036,60.1123],[23.02551,60.11161],[23.02816,60.10704],[23.03197,60.10675],[23.028,60.10157]]],[[[21.52043,60.0276],[21.51635,60.03235],[21.51924,60.03485],[21.50861,60.03615],[21.51028,60.03225],[21.52043,60.0276]]],[[[22.32631,60.05841],[22.32471,60.06389],[22.32065,60.06322],[22.32631,60.05841]]],[[[21.46101,60.02225],[21.46532,60.02541],[21.47,60.02497],[21.47252,60.02989],[21.47061,60.03172],[21.45947,60.03175],[21.45791,60.02466],[21.46101,60.02225]]],[[[21.8063,60.03381],[21.81471,60.03713],[21.81124,60.04242],[21.80759,60.04265],[21.80352,60.03651],[21.8063,60.03381]]],[[[21.79591,60.03237],[21.79256,60.03666],[21.78701,60.03488],[21.79591,60.03237]]],[[[22.87274,60.06993],[22.87901,60.07675],[22.88592,60.07994],[22.89913,60.07829],[22.90354,60.0813],[22.90901,60.07996],[22.91528,60.08109],[22.92031,60.08741],[22.92578,60.09006],[22.94018,60.09461],[22.94024,60.09071],[22.93131,60.08939],[22.93138,60.08374],[22.93887,60.08781],[22.94313,60.08525],[22.95322,60.08356],[22.9596,60.08618],[22.96099,60.0891],[22.96732,60.08992],[22.96886,60.09324],[22.96805,60.0989],[22.9619,60.09995],[22.96889,60.10325],[22.96544,60.10805],[22.95764,60.10925],[22.95557,60.11466],[22.96488,60.11812],[22.96395,60.11939],[22.94849,60.12268],[22.94035,60.12319],[22.93485,60.12198],[22.93101,60.12363],[22.92376,60.12276],[22.91006,60.12413],[22.90456,60.1216],[22.88825,60.11823],[22.88776,60.11563],[22.87731,60.10821],[22.86729,60.1036],[22.86795,60.1008],[22.86437,60.09537],[22.8694,60.08673],[22.86057,60.08413],[22.85356,60.08648],[22.8401,60.08498],[22.83803,60.08141],[22.84457,60.07883],[22.86378,60.0804],[22.87031,60.08326],[22.88011,60.08479],[22.88462,60.08017],[22.88011,60.07799],[22.87361,60.07923],[22.8602,60.07606],[22.8565,60.07387],[22.86311,60.07145],[22.87274,60.06993]]],[[[21.71014,60.02651],[21.71656,60.03256],[21.70857,60.0329],[21.71014,60.02651]]],[[[21.77731,60.02855],[21.7798,60.03179],[21.77552,60.03323],[21.77611,60.03686],[21.76651,60.04026],[21.76389,60.03801],[21.76969,60.036],[21.76256,60.03269],[21.77731,60.02855]]],[[[22.81065,60.06212],[22.81964,60.06418],[22.82307,60.06957],[22.82061,60.07177],[22.81304,60.07325],[22.79565,60.06972],[22.79348,60.06526],[22.80409,60.06482],[22.81065,60.06212]]],[[[22.04569,60.0287],[22.04993,60.03344],[22.04419,60.0362],[22.0423,60.03064],[22.04569,60.0287]]],[[[22.3202,60.02987],[22.33564,60.03546],[22.32899,60.03733],[22.3246,60.03679],[22.31878,60.03127],[22.3202,60.02987]]],[[[22.27564,60.02691],[22.28341,60.02915],[22.27968,60.03212],[22.27014,60.03069],[22.27564,60.02691]]],[[[21.248,59.98276],[21.24654,59.98541],[21.24952,59.98996],[21.23879,59.99352],[21.23306,59.99179],[21.23913,59.98702],[21.248,59.98276]]],[[[21.87727,60.00637],[21.88136,60.01064],[21.87453,60.01364],[21.86287,60.00851],[21.86473,60.00623],[21.87727,60.00637]]],[[[22.83125,60.03495],[22.83392,60.03592],[22.83931,60.04311],[22.83591,60.04645],[22.82417,60.04228],[22.82478,60.03676],[22.83125,60.03495]]],[[[22.81707,60.03105],[22.8157,60.03632],[22.81916,60.03965],[22.81911,60.0464],[22.80984,60.0506],[22.80069,60.05009],[22.80422,60.04236],[22.80426,60.03756],[22.80723,60.03385],[22.8127,60.03098],[22.81707,60.03105]]],[[[21.29166,59.97259],[21.2946,59.97596],[21.29447,59.97954],[21.28782,59.97917],[21.28479,59.97512],[21.29166,59.97259]]],[[[21.32918,59.97213],[21.32938,59.97611],[21.31956,59.97647],[21.32012,59.9733],[21.32918,59.97213]]],[[[22.35175,60.0108],[22.35549,60.01197],[22.35347,60.01534],[22.3568,60.02199],[22.366,60.02214],[22.36106,60.02569],[22.35464,60.02546],[22.35067,60.02969],[22.34789,60.0204],[22.35175,60.0108]]],[[[21.6162,59.9806],[21.62216,59.98601],[21.61555,59.98813],[21.60857,59.98436],[21.60936,59.98095],[21.6162,59.9806]]],[[[21.25077,59.96365],[21.2525,59.96771],[21.24534,59.96694],[21.25077,59.96365]]],[[[21.65163,59.97664],[21.66429,59.98013],[21.66011,59.98275],[21.64668,59.98101],[21.65163,59.97664]]],[[[22.50088,60.0081],[22.5082,60.0093],[22.49635,60.0131],[22.48924,60.00938],[22.50088,60.0081]]],[[[21.33659,59.96051],[21.34217,59.96131],[21.33967,59.96531],[21.32927,59.96176],[21.33659,59.96051]]],[[[22.50628,60.00205],[22.51471,60.00358],[22.51802,60.00567],[22.52671,60.00707],[22.51956,60.01285],[22.5139,60.01379],[22.50802,60.01143],[22.50916,60.00858],[22.50331,60.00603],[22.50628,60.00205]]],[[[22.53978,60.00212],[22.54173,60.00662],[22.53346,60.00517],[22.53978,60.00212]]],[[[21.75214,59.97237],[21.76061,59.97276],[21.75847,59.97595],[21.74928,59.97582],[21.75214,59.97237]]],[[[22.75694,60.00633],[22.76015,60.00901],[22.75435,60.01239],[22.74966,60.01725],[22.75491,60.02227],[22.75017,60.02309],[22.75073,60.02702],[22.74641,60.02908],[22.75454,60.03176],[22.76122,60.03086],[22.75812,60.02431],[22.76218,60.01205],[22.76942,60.01344],[22.78293,60.01804],[22.782,60.02196],[22.77409,60.02377],[22.7908,60.02827],[22.79189,60.03065],[22.78507,60.03347],[22.7869,60.03674],[22.77348,60.04021],[22.77074,60.04431],[22.76549,60.04079],[22.75719,60.04128],[22.75539,60.04526],[22.76447,60.04777],[22.77134,60.04588],[22.77692,60.04674],[22.77549,60.04979],[22.77876,60.0541],[22.775,60.05926],[22.77695,60.06361],[22.76984,60.06574],[22.77079,60.07385],[22.78579,60.08258],[22.79909,60.08293],[22.82116,60.08959],[22.83561,60.09304],[22.84313,60.09808],[22.84912,60.10555],[22.85163,60.11423],[22.85531,60.11588],[22.85736,60.128],[22.86247,60.13088],[22.88027,60.13519],[22.8796,60.13787],[22.86476,60.13713],[22.85749,60.13937],[22.85574,60.14181],[22.862,60.14539],[22.86702,60.1506],[22.86099,60.15306],[22.8519,60.15959],[22.84536,60.16237],[22.85654,60.16648],[22.84908,60.16916],[22.84465,60.17219],[22.83442,60.17082],[22.82948,60.17498],[22.83157,60.17912],[22.83815,60.17855],[22.84868,60.18128],[22.86349,60.18333],[22.86723,60.18774],[22.85639,60.18948],[22.85243,60.19838],[22.85875,60.20315],[22.85792,60.20597],[22.86251,60.20972],[22.85702,60.21476],[22.83705,60.21133],[22.84344,60.2158],[22.85249,60.21604],[22.86322,60.21813],[22.87208,60.21623],[22.88164,60.21873],[22.88917,60.22254],[22.89624,60.22301],[22.89552,60.23008],[22.89737,60.23787],[22.90272,60.24476],[22.91079,60.24802],[22.90481,60.25148],[22.92629,60.25574],[22.93545,60.2584],[22.94832,60.27002],[22.95255,60.27282],[22.95151,60.27686],[22.96347,60.2826],[22.96515,60.2868],[22.98365,60.30009],[22.98287,60.30303],[22.97638,60.30666],[22.9647,60.31155],[22.95363,60.31447],[22.94898,60.31224],[22.93669,60.31038],[22.92675,60.31067],[22.91278,60.30531],[22.91222,60.30281],[22.90628,60.301],[22.90525,60.29791],[22.90768,60.2941],[22.90456,60.29038],[22.90406,60.28388],[22.89839,60.27818],[22.88871,60.27372],[22.88722,60.27742],[22.8804,60.2781],[22.87404,60.27393],[22.87107,60.26929],[22.87749,60.2666],[22.86868,60.26305],[22.8698,60.25901],[22.86408,60.25216],[22.86233,60.24289],[22.84858,60.24059],[22.84454,60.23773],[22.83047,60.23898],[22.81973,60.2388],[22.81498,60.24034],[22.80767,60.23577],[22.79939,60.23554],[22.79551,60.23706],[22.79014,60.23462],[22.77526,60.23781],[22.76029,60.23566],[22.74456,60.23691],[22.7395,60.23804],[22.72076,60.2365],[22.71733,60.23418],[22.70554,60.2354],[22.6987,60.23466],[22.69571,60.23179],[22.68956,60.23442],[22.68377,60.23286],[22.67674,60.23335],[22.65937,60.22965],[22.64213,60.22749],[22.63459,60.23022],[22.62962,60.2283],[22.62043,60.22966],[22.60857,60.22844],[22.59298,60.22158],[22.5956,60.218],[22.59066,60.21619],[22.59159,60.21092],[22.58414,60.21097],[22.56181,60.20877],[22.55784,60.21013],[22.55137,60.20681],[22.54628,60.20661],[22.54257,60.20367],[22.52588,60.20921],[22.51644,60.20878],[22.49866,60.20599],[22.48936,60.20519],[22.48208,60.2064],[22.47681,60.20574],[22.462,60.20731],[22.46085,60.20298],[22.44956,60.19693],[22.44004,60.1935],[22.43834,60.1888],[22.43042,60.18844],[22.42239,60.18369],[22.41448,60.18133],[22.41197,60.16915],[22.41946,60.16509],[22.41527,60.15947],[22.43017,60.16017],[22.45301,60.1669],[22.45846,60.1666],[22.45876,60.16367],[22.46679,60.16182],[22.4771,60.16142],[22.48134,60.15931],[22.4913,60.15814],[22.49285,60.15963],[22.50445,60.15933],[22.51405,60.16224],[22.53962,60.16215],[22.54575,60.16055],[22.54443,60.1572],[22.56615,60.15634],[22.5703,60.15521],[22.58721,60.15348],[22.59486,60.15352],[22.60084,60.15495],[22.61005,60.1549],[22.61758,60.15353],[22.6182,60.15028],[22.59993,60.15098],[22.59406,60.14957],[22.58096,60.15028],[22.55846,60.15363],[22.54108,60.15278],[22.52194,60.14974],[22.50829,60.15035],[22.50659,60.14896],[22.49646,60.14787],[22.4897,60.14505],[22.47967,60.14445],[22.46956,60.14506],[22.46297,60.14364],[22.46647,60.14014],[22.46233,60.13823],[22.44865,60.13619],[22.4412,60.13899],[22.43259,60.13372],[22.43288,60.13134],[22.42652,60.12604],[22.43175,60.12305],[22.44089,60.12386],[22.43846,60.1203],[22.45018,60.11452],[22.46459,60.11024],[22.4804,60.1097],[22.49358,60.10724],[22.49296,60.10534],[22.48444,60.10523],[22.47703,60.10372],[22.47662,60.0998],[22.47337,60.09823],[22.47535,60.09212],[22.48349,60.09027],[22.48818,60.0843],[22.485,60.08243],[22.48495,60.07862],[22.47733,60.07456],[22.46542,60.07509],[22.46533,60.07839],[22.47078,60.08068],[22.47111,60.08473],[22.45975,60.08806],[22.46489,60.09068],[22.46072,60.09679],[22.45008,60.09838],[22.44436,60.1016],[22.4368,60.10375],[22.42463,60.11044],[22.41723,60.11018],[22.40948,60.10824],[22.40541,60.10537],[22.40588,60.10285],[22.41326,60.09707],[22.4182,60.09648],[22.41319,60.08784],[22.40728,60.08698],[22.40916,60.09338],[22.40543,60.10051],[22.40125,60.10017],[22.39243,60.09298],[22.37519,60.09324],[22.36499,60.08915],[22.36592,60.08092],[22.36853,60.07628],[22.36329,60.06004],[22.37037,60.05035],[22.37001,60.04795],[22.37669,60.04317],[22.37522,60.03731],[22.38202,60.037],[22.38561,60.03153],[22.38239,60.02788],[22.37732,60.02647],[22.37561,60.0228],[22.37676,60.01672],[22.38421,60.00941],[22.38378,60.00506],[22.39036,60.00155],[22.39649,60.00486],[22.40371,60.00575],[22.40431,60.00858],[22.39594,60.02358],[22.39676,60.02855],[22.39414,60.03125],[22.40565,60.03268],[22.40912,60.0253],[22.40482,60.02002],[22.40425,60.01216],[22.4061,60.00964],[22.41789,60.00899],[22.42365,60.01434],[22.43238,60.01965],[22.43393,60.02243],[22.43258,60.03009],[22.43878,60.03002],[22.43897,60.02438],[22.44212,60.01987],[22.44342,60.01426],[22.44629,60.01169],[22.44108,60.00751],[22.4349,60.00471],[22.43787,60.00137],[22.4448,60.00356],[22.45009,59.99816],[22.45957,60.00174],[22.46278,60.00825],[22.4592,60.016],[22.4635,60.01827],[22.46784,60.01205],[22.47418,60.01117],[22.49346,60.01687],[22.49842,60.01732],[22.50823,60.01558],[22.51032,60.01905],[22.51817,60.02049],[22.52174,60.02293],[22.53821,60.02401],[22.54529,60.02771],[22.55171,60.02608],[22.55481,60.02819],[22.54952,60.03111],[22.56114,60.03233],[22.57464,60.03256],[22.58357,60.03699],[22.59581,60.03936],[22.59865,60.0436],[22.60516,60.04258],[22.59954,60.03873],[22.59965,60.03578],[22.59081,60.03674],[22.58613,60.03222],[22.57953,60.03177],[22.57247,60.02641],[22.57629,60.0237],[22.58131,60.02414],[22.58602,60.02114],[22.59234,60.02105],[22.59958,60.02402],[22.6065,60.0298],[22.61405,60.02634],[22.61502,60.02346],[22.62486,60.01926],[22.62756,60.01529],[22.65574,60.01946],[22.65531,60.02222],[22.64897,60.0242],[22.64968,60.02932],[22.65679,60.03155],[22.65846,60.03809],[22.66425,60.04253],[22.66906,60.04315],[22.67387,60.04613],[22.68141,60.04204],[22.6761,60.0402],[22.67678,60.0331],[22.68081,60.03126],[22.6874,60.01747],[22.6866,60.01426],[22.6951,60.0131],[22.6925,60.00784],[22.70199,60.00564],[22.7061,60.00642],[22.70328,60.01173],[22.70867,60.01304],[22.71968,60.01303],[22.7227,60.017],[22.73256,60.01483],[22.73809,60.01523],[22.75142,60.00662],[22.75694,60.00633]]],[[[22.61514,59.9988],[22.62307,60.00176],[22.63011,60.00274],[22.6258,60.0061],[22.63055,60.00962],[22.64575,60.00721],[22.64931,60.00946],[22.64158,60.01466],[22.6208,60.01335],[22.6202,60.0088],[22.61491,60.00605],[22.61119,60.00083],[22.61514,59.9988]]],[[[22.54562,59.99456],[22.54032,59.99886],[22.53278,59.99876],[22.53207,59.99591],[22.54562,59.99456]]],[[[22.87151,60.0045],[22.87848,60.00512],[22.88647,60.00825],[22.88653,60.00988],[22.87671,60.01829],[22.88277,60.02133],[22.88892,60.02155],[22.8961,60.02662],[22.89189,60.03026],[22.8828,60.03223],[22.88808,60.03518],[22.91387,60.04048],[22.91352,60.04461],[22.91673,60.05075],[22.91133,60.05313],[22.91599,60.06001],[22.90924,60.06179],[22.91336,60.06405],[22.91803,60.06204],[22.92638,60.06524],[22.93397,60.06623],[22.93284,60.06872],[22.91754,60.06851],[22.91396,60.07162],[22.90787,60.07204],[22.90392,60.06802],[22.89041,60.06861],[22.87915,60.06597],[22.87319,60.06612],[22.86447,60.06318],[22.85652,60.05829],[22.84789,60.05544],[22.84894,60.0524],[22.8545,60.05142],[22.8711,60.05042],[22.88646,60.05135],[22.89027,60.0425],[22.88831,60.04021],[22.87865,60.03725],[22.87742,60.04041],[22.86969,60.04265],[22.86286,60.04294],[22.85685,60.04567],[22.85241,60.04391],[22.85055,60.03984],[22.85238,60.03687],[22.86123,60.03275],[22.85796,60.03012],[22.85876,60.02099],[22.85226,60.01327],[22.86118,60.00929],[22.85699,60.00621],[22.85987,60.00445],[22.86849,60.00592],[22.87151,60.0045]]],[[[21.90361,59.96973],[21.91286,59.97238],[21.91207,59.97716],[21.90379,59.97726],[21.89645,59.97541],[21.89611,59.97237],[21.90361,59.96973]]],[[[22.92626,60.00489],[22.92954,60.00632],[22.92835,60.01013],[22.9322,60.01336],[22.94602,60.02066],[22.95668,60.01865],[22.95818,60.02433],[22.95495,60.02858],[22.96429,60.03412],[22.9707,60.03209],[22.97526,60.03594],[22.97115,60.03696],[22.97292,60.0406],[22.97109,60.04315],[22.96163,60.04458],[22.95698,60.04691],[22.962,60.04921],[22.94917,60.05173],[22.93401,60.04357],[22.9297,60.04248],[22.92226,60.03806],[22.91939,60.02649],[22.92685,60.02347],[22.92148,60.01893],[22.90625,60.01786],[22.9064,60.01038],[22.90837,60.00882],[22.91803,60.01036],[22.92626,60.00489]]],[[[22.71023,59.99633],[22.71392,59.99917],[22.71019,60.00264],[22.70353,60.00339],[22.70712,59.99747],[22.71023,59.99633]]],[[[22.74164,59.99727],[22.74443,60.0049],[22.74148,60.00727],[22.72381,60.01143],[22.71664,60.00547],[22.72451,59.99955],[22.73936,59.99822],[22.74164,59.99727]]],[[[21.78675,59.96199],[21.79137,59.96882],[21.79018,59.97309],[21.79503,59.97774],[21.78828,59.97898],[21.78159,59.9767],[21.77864,59.97114],[21.78266,59.96223],[21.78675,59.96199]]],[[[22.39024,59.98327],[22.39862,59.98476],[22.40004,59.98807],[22.39474,59.98942],[22.39024,59.98327]]],[[[22.50809,59.98717],[22.51571,59.98877],[22.50996,59.99113],[22.50809,59.98717]]],[[[22.45421,59.9851],[22.45696,59.98681],[22.45422,59.99346],[22.44863,59.99548],[22.44517,59.99174],[22.44988,59.99003],[22.45421,59.9851]]],[[[22.26065,59.97809],[22.26616,59.98188],[22.25858,59.98266],[22.26065,59.97809]]],[[[22.67758,59.99125],[22.68291,59.99174],[22.68683,60.00074],[22.68148,60.0024],[22.68355,60.00588],[22.67585,60.01021],[22.68294,60.01268],[22.68326,60.02056],[22.67782,60.02654],[22.67779,60.02953],[22.67171,60.03508],[22.65848,60.03179],[22.66133,60.02874],[22.66173,60.0243],[22.66785,60.02207],[22.65648,60.01584],[22.64939,60.01525],[22.6501,60.01097],[22.65466,60.01049],[22.65564,60.00331],[22.65861,59.99765],[22.6631,59.99348],[22.67758,59.99125]]],[[[22.72443,59.99154],[22.73095,59.99224],[22.73509,59.99566],[22.72467,59.99802],[22.71803,59.99679],[22.72443,59.99154]]],[[[22.74594,59.99199],[22.74623,59.99443],[22.7567,59.9935],[22.75801,59.9951],[22.75198,59.99848],[22.74369,59.99665],[22.74014,59.99371],[22.74594,59.99199]]],[[[21.8978,59.96141],[21.90255,59.96349],[21.90906,59.96378],[21.91063,59.96687],[21.90217,59.96838],[21.89483,59.96517],[21.8978,59.96141]]],[[[21.62119,59.95002],[21.62759,59.95179],[21.63231,59.95488],[21.61996,59.95409],[21.62119,59.95002]]],[[[21.49348,59.94355],[21.4991,59.95398],[21.49306,59.95361],[21.49348,59.94355]]],[[[22.56118,59.98308],[22.56469,59.98464],[22.55994,59.98862],[22.55166,59.99087],[22.54098,59.98858],[22.54604,59.98563],[22.55793,59.98439],[22.56118,59.98308]]],[[[21.61634,59.94623],[21.61373,59.95253],[21.60602,59.95584],[21.59655,59.9549],[21.59374,59.95009],[21.6001,59.94732],[21.60634,59.94874],[21.60995,59.94636],[21.61634,59.94623]]],[[[22.41107,59.9752],[22.41816,59.98134],[22.42202,59.98098],[22.43277,59.98973],[22.42946,59.9956],[22.42618,59.99616],[22.42178,60.00087],[22.41749,60.00044],[22.41462,59.99613],[22.41211,59.98823],[22.40752,59.97898],[22.41107,59.9752]]],[[[22.39107,59.96885],[22.40051,59.97187],[22.39866,59.97689],[22.39147,59.9752],[22.39051,59.98091],[22.38317,59.98261],[22.38268,59.97818],[22.38575,59.97208],[22.39107,59.96885]]],[[[21.61906,59.93903],[21.62616,59.94191],[21.62866,59.9449],[21.62294,59.94619],[21.61762,59.94112],[21.61906,59.93903]]],[[[22.71397,59.9791],[22.71065,59.98318],[22.70483,59.98082],[22.71397,59.9791]]],[[[21.6396,59.9375],[21.6449,59.9401],[21.64641,59.94315],[21.64155,59.94471],[21.63479,59.94407],[21.63411,59.93881],[21.6396,59.9375]]],[[[22.5712,59.97212],[22.58294,59.9742],[22.58463,59.97811],[22.57656,59.97685],[22.57129,59.97896],[22.56201,59.97441],[22.5712,59.97212]]],[[[21.74827,59.94172],[21.75377,59.94266],[21.75685,59.94702],[21.7653,59.94759],[21.76435,59.95076],[21.77253,59.95164],[21.7792,59.95506],[21.77947,59.9625],[21.77799,59.96997],[21.76991,59.97088],[21.7609,59.96465],[21.74893,59.96552],[21.74385,59.95586],[21.75032,59.95755],[21.75617,59.95602],[21.75618,59.95327],[21.74193,59.94619],[21.74827,59.94172]]],[[[22.3579,59.96384],[22.36092,59.96683],[22.35368,59.97356],[22.35557,59.97796],[22.36521,59.97617],[22.36437,59.98817],[22.37105,59.98898],[22.37413,59.99264],[22.37328,59.99802],[22.36239,59.99858],[22.35977,59.99702],[22.3615,59.99258],[22.35519,59.9912],[22.34803,59.99235],[22.34789,59.98514],[22.35075,59.98046],[22.34243,59.97772],[22.34256,59.97331],[22.33757,59.96969],[22.33851,59.96584],[22.34557,59.96606],[22.3579,59.96384]]],[[[21.72351,59.93883],[21.7334,59.94148],[21.73392,59.9448],[21.72455,59.94403],[21.72011,59.94196],[21.72351,59.93883]]],[[[21.63472,59.93402],[21.63224,59.939],[21.62748,59.9399],[21.6177,59.9386],[21.62184,59.93502],[21.63472,59.93402]]],[[[22.73513,59.97329],[22.74407,59.97398],[22.74419,59.97722],[22.7356,59.9805],[22.72749,59.97845],[22.73568,59.97662],[22.73513,59.97329]]],[[[22.6885,59.9713],[22.69086,59.97416],[22.68313,59.97581],[22.681,59.97324],[22.6885,59.9713]]],[[[21.73876,59.9362],[21.74612,59.93749],[21.75583,59.93773],[21.75252,59.94122],[21.74332,59.94089],[21.73684,59.93906],[21.73876,59.9362]]],[[[22.57448,59.96438],[22.58271,59.967],[22.5772,59.96876],[22.57448,59.96438]]],[[[22.43771,59.95961],[22.44574,59.96417],[22.45142,59.96506],[22.45531,59.96964],[22.46069,59.96945],[22.46309,59.96326],[22.46799,59.96404],[22.46906,59.97194],[22.46595,59.97709],[22.45001,59.97623],[22.45229,59.98287],[22.44604,59.98648],[22.44068,59.9869],[22.436,59.97932],[22.43657,59.968],[22.43896,59.96558],[22.43552,59.96069],[22.43771,59.95961]]],[[[21.89033,59.93814],[21.90483,59.94246],[21.89939,59.94476],[21.88888,59.94071],[21.89033,59.93814]]],[[[22.48111,59.95966],[22.4828,59.96771],[22.4764,59.96743],[22.47597,59.96437],[22.48111,59.95966]]],[[[22.27298,59.95188],[22.2797,59.95229],[22.29255,59.95961],[22.29025,59.9612],[22.28274,59.95603],[22.27398,59.95429],[22.27298,59.95188]]],[[[22.51253,59.95836],[22.5174,59.96155],[22.52912,59.96124],[22.53543,59.96325],[22.53552,59.9655],[22.54331,59.96574],[22.55966,59.97209],[22.55623,59.97529],[22.55983,59.98172],[22.55282,59.98383],[22.54023,59.98337],[22.53378,59.98644],[22.52862,59.98618],[22.51976,59.98809],[22.50886,59.98599],[22.5019,59.98322],[22.50108,59.98006],[22.50664,59.97561],[22.502,59.97153],[22.50417,59.96588],[22.50132,59.96433],[22.50474,59.96051],[22.51253,59.95836]]],[[[21.81251,59.93226],[21.81216,59.93632],[21.80892,59.93859],[21.81193,59.94173],[21.81148,59.94514],[21.80549,59.94454],[21.80374,59.93686],[21.81251,59.93226]]],[[[22.63702,59.96008],[22.64735,59.9633],[22.64012,59.97081],[22.63979,59.97579],[22.63182,59.97854],[22.62763,59.98262],[22.62171,59.98463],[22.62473,59.98916],[22.61198,59.99051],[22.60876,59.98661],[22.61338,59.98447],[22.60077,59.98179],[22.60272,59.97626],[22.60138,59.97179],[22.60765,59.9692],[22.60825,59.96682],[22.62019,59.96515],[22.62177,59.96272],[22.63202,59.96198],[22.63702,59.96008]]],[[[22.19938,59.94452],[22.20322,59.94844],[22.19529,59.9487],[22.19134,59.94577],[22.19938,59.94452]]],[[[21.73861,59.92508],[21.74194,59.92562],[21.7467,59.93299],[21.73715,59.92934],[21.73861,59.92508]]],[[[22.55295,59.95452],[22.5686,59.95768],[22.56944,59.96717],[22.55899,59.96757],[22.54678,59.9664],[22.53882,59.96249],[22.52502,59.95996],[22.51657,59.95463],[22.52351,59.95354],[22.54092,59.95481],[22.55295,59.95452]]],[[[22.47902,59.94979],[22.47793,59.95737],[22.47301,59.95379],[22.47902,59.94979]]],[[[22.45775,59.9477],[22.45954,59.95227],[22.45686,59.9561],[22.45079,59.95498],[22.4477,59.95136],[22.45559,59.94986],[22.45775,59.9477]]],[[[22.52939,59.94665],[22.53558,59.94792],[22.54016,59.95358],[22.53142,59.95267],[22.52463,59.95318],[22.52939,59.94665]]],[[[22.72614,59.95108],[22.72827,59.95312],[22.7159,59.9574],[22.71208,59.95487],[22.71555,59.95212],[22.72614,59.95108]]],[[[21.4609,59.90352],[21.46826,59.90927],[21.46322,59.91302],[21.45647,59.91294],[21.45633,59.90594],[21.4609,59.90352]]],[[[22.5592,59.94473],[22.57092,59.94571],[22.58042,59.94849],[22.57661,59.95095],[22.58378,59.95399],[22.57356,59.95508],[22.56807,59.95259],[22.55831,59.95021],[22.55426,59.94626],[22.5592,59.94473]]],[[[21.92422,59.92061],[21.93075,59.92169],[21.93256,59.92448],[21.92552,59.9249],[21.92422,59.92061]]],[[[22.27344,59.93328],[22.27866,59.93403],[22.2794,59.93715],[22.27281,59.93751],[22.27344,59.93328]]],[[[21.73382,59.91077],[21.74344,59.91463],[21.74773,59.91909],[21.74557,59.92201],[21.73999,59.92198],[21.73381,59.91951],[21.72699,59.91988],[21.71937,59.91858],[21.7199,59.91565],[21.70977,59.91414],[21.7141,59.9105],[21.74036,59.9201],[21.74057,59.91702],[21.72671,59.91181],[21.73382,59.91077]]],[[[22.38195,59.93499],[22.38008,59.94193],[22.37428,59.93788],[22.38195,59.93499]]],[[[22.45892,59.93757],[22.46172,59.94706],[22.45055,59.94671],[22.45892,59.93757]]],[[[21.78362,59.91239],[21.78765,59.91833],[21.79378,59.91803],[21.79179,59.92901],[21.78933,59.93203],[21.7794,59.93228],[21.77374,59.93123],[21.77336,59.92866],[21.77791,59.92611],[21.77228,59.92119],[21.78088,59.91747],[21.77813,59.91412],[21.78362,59.91239]]],[[[22.34504,59.9325],[22.35195,59.93872],[22.35916,59.94105],[22.37295,59.95021],[22.36635,59.95397],[22.37009,59.95683],[22.36989,59.96044],[22.35346,59.96099],[22.34761,59.96372],[22.34424,59.96091],[22.33511,59.96071],[22.33368,59.95319],[22.33012,59.94952],[22.33412,59.93979],[22.3411,59.9328],[22.34504,59.9325]]],[[[21.65322,59.90568],[21.65687,59.9074],[21.65361,59.91192],[21.64601,59.91078],[21.65281,59.90789],[21.65322,59.90568]]],[[[22.65231,59.9407],[22.65949,59.94277],[22.65778,59.94576],[22.64623,59.94617],[22.64309,59.94393],[22.65231,59.9407]]],[[[22.62183,59.93729],[22.62334,59.93978],[22.61101,59.9448],[22.60289,59.94626],[22.59751,59.94466],[22.61243,59.93712],[22.62183,59.93729]]],[[[22.18045,59.92156],[22.18304,59.92179],[22.18767,59.92771],[22.17767,59.92946],[22.16692,59.92511],[22.17919,59.92495],[22.18045,59.92156]]],[[[22.63594,59.93671],[22.65065,59.93975],[22.63644,59.94505],[22.62855,59.94647],[22.62678,59.94949],[22.64367,59.94779],[22.6527,59.94986],[22.65239,59.9524],[22.6467,59.95399],[22.62426,59.95454],[22.62342,59.95718],[22.62919,59.95881],[22.61546,59.96534],[22.61164,59.96585],[22.59674,59.96305],[22.59535,59.96122],[22.58682,59.95902],[22.59481,59.95322],[22.59991,59.95147],[22.61947,59.94236],[22.63594,59.93671]]],[[[21.68021,59.90143],[21.68343,59.90483],[21.68957,59.90587],[21.69683,59.90507],[21.69874,59.9112],[21.68577,59.9159],[21.68174,59.91255],[21.67563,59.91325],[21.67066,59.90766],[21.67891,59.90587],[21.67563,59.90331],[21.68021,59.90143]]],[[[22.18932,59.92053],[22.19334,59.92423],[22.18684,59.92455],[22.18932,59.92053]]],[[[21.74125,59.90324],[21.74476,59.91204],[21.73539,59.90819],[21.73297,59.90458],[21.74125,59.90324]]],[[[22.71268,59.93843],[22.7138,59.9421],[22.72046,59.94385],[22.71921,59.9479],[22.71373,59.94717],[22.70382,59.94233],[22.70606,59.93933],[22.71268,59.93843]]],[[[21.74618,59.90268],[21.75206,59.90453],[21.76222,59.90547],[21.76864,59.90805],[21.77055,59.91232],[21.765,59.91505],[21.75856,59.91521],[21.7527,59.91356],[21.74923,59.91002],[21.74965,59.90677],[21.74618,59.90268]]],[[[21.89867,59.90583],[21.90645,59.90814],[21.90405,59.91048],[21.89722,59.91031],[21.89867,59.90583]]],[[[22.47931,59.92646],[22.48218,59.92892],[22.48138,59.9347],[22.47353,59.92845],[22.47931,59.92646]]],[[[21.87068,59.90348],[21.87593,59.90398],[21.88687,59.90992],[21.87536,59.91303],[21.87,59.91043],[21.87068,59.90348]]],[[[22.3576,59.92104],[22.3647,59.9225],[22.37363,59.9313],[22.37567,59.93643],[22.36872,59.93821],[22.35868,59.93818],[22.35645,59.93279],[22.34546,59.92895],[22.35381,59.92184],[22.3576,59.92104]]],[[[21.80874,59.90009],[21.81368,59.9008],[21.8137,59.90465],[21.80503,59.90259],[21.80874,59.90009]]],[[[21.79405,59.89935],[21.79584,59.90159],[21.80245,59.9028],[21.79814,59.90546],[21.78864,59.90387],[21.79405,59.89935]]],[[[22.49821,59.92373],[22.51537,59.92693],[22.5169,59.93319],[22.50972,59.93491],[22.51833,59.93845],[22.51837,59.94137],[22.51014,59.9465],[22.50704,59.94996],[22.50036,59.94966],[22.50198,59.9535],[22.49702,59.95427],[22.49195,59.94119],[22.50114,59.93517],[22.5016,59.92943],[22.49696,59.92535],[22.49821,59.92373]]],[[[22.40785,59.92057],[22.42264,59.92546],[22.42536,59.92739],[22.42637,59.93359],[22.42467,59.94151],[22.42499,59.95064],[22.43092,59.95415],[22.43124,59.95739],[22.43588,59.96545],[22.43193,59.97562],[22.42404,59.97946],[22.41516,59.9708],[22.41527,59.96185],[22.40712,59.95934],[22.40292,59.95638],[22.40457,59.95424],[22.39349,59.94757],[22.39757,59.94164],[22.39642,59.93626],[22.40549,59.92099],[22.40785,59.92057]]],[[[22.47371,59.92145],[22.47628,59.92565],[22.46989,59.93202],[22.47344,59.93507],[22.47122,59.9381],[22.46386,59.94149],[22.46455,59.93618],[22.45987,59.93333],[22.45786,59.92531],[22.46383,59.92533],[22.46716,59.92252],[22.47371,59.92145]]],[[[21.66485,59.89077],[21.66755,59.89415],[21.65713,59.89564],[21.65718,59.89209],[21.66485,59.89077]]],[[[22.41473,59.9169],[22.42362,59.91938],[22.4191,59.92167],[22.41473,59.9169]]],[[[22.76842,59.92771],[22.75924,59.93175],[22.75133,59.93293],[22.74915,59.92989],[22.7541,59.92769],[22.76842,59.92771]]],[[[22.4557,59.91442],[22.45708,59.91627],[22.46539,59.91869],[22.46306,59.92323],[22.45523,59.92488],[22.45052,59.92305],[22.45545,59.92052],[22.45284,59.91531],[22.4557,59.91442]]],[[[22.35422,59.9056],[22.35843,59.90701],[22.37141,59.90825],[22.38095,59.91628],[22.38559,59.9229],[22.3744,59.92456],[22.36486,59.91904],[22.36287,59.91651],[22.35442,59.9128],[22.35533,59.91132],[22.34982,59.90643],[22.35422,59.9056]]],[[[22.38967,59.90681],[22.39855,59.90731],[22.40264,59.91096],[22.39992,59.91469],[22.39075,59.91292],[22.38418,59.91439],[22.379,59.90904],[22.38967,59.90681]]],[[[21.60363,59.8757],[21.60746,59.87872],[21.60411,59.88267],[21.59888,59.87879],[21.60363,59.8757]]],[[[21.76715,59.87953],[21.77405,59.88415],[21.7632,59.88897],[21.75776,59.88685],[21.76015,59.88144],[21.76715,59.87953]]],[[[22.49085,59.90526],[22.49873,59.90988],[22.49546,59.911],[22.48862,59.90818],[22.49085,59.90526]]],[[[21.91762,59.87665],[21.91475,59.88194],[21.90257,59.88153],[21.90661,59.87839],[21.91762,59.87665]]],[[[22.60815,59.90065],[22.61443,59.90199],[22.6024,59.90474],[22.60073,59.90775],[22.59243,59.90849],[22.58892,59.90722],[22.59283,59.90156],[22.60815,59.90065]]],[[[22.3729,59.89177],[22.38217,59.89345],[22.38439,59.89527],[22.39393,59.8948],[22.40245,59.90005],[22.39848,59.90162],[22.39046,59.89946],[22.38376,59.90163],[22.38056,59.89971],[22.36746,59.89878],[22.36878,59.89171],[22.3729,59.89177]]],[[[22.54524,59.89583],[22.55025,59.89906],[22.54813,59.90123],[22.55759,59.90339],[22.55463,59.90593],[22.53657,59.90609],[22.54082,59.90044],[22.54004,59.89647],[22.54524,59.89583]]],[[[22.4001,59.88954],[22.41108,59.89099],[22.41841,59.89046],[22.42246,59.89274],[22.42205,59.89733],[22.41068,59.89523],[22.41023,59.892],[22.4001,59.88954]]],[[[22.04745,59.87195],[22.05296,59.87537],[22.04386,59.87667],[22.04163,59.87261],[22.04745,59.87195]]],[[[22.57457,59.88532],[22.58036,59.886],[22.58198,59.88913],[22.57548,59.89016],[22.57137,59.88803],[22.57457,59.88532]]],[[[21.96527,59.86055],[21.97173,59.86482],[21.96913,59.86975],[21.96247,59.87041],[21.96133,59.86295],[21.96527,59.86055]]],[[[22.37913,59.87568],[22.39113,59.87836],[22.37924,59.88002],[22.3738,59.87728],[22.37913,59.87568]]],[[[22.54373,59.88078],[22.54682,59.88322],[22.54484,59.88687],[22.54029,59.88719],[22.53686,59.88187],[22.54373,59.88078]]],[[[22.19068,59.86731],[22.19653,59.86915],[22.2028,59.86913],[22.21299,59.87199],[22.21343,59.87644],[22.18878,59.87746],[22.1804,59.87587],[22.17835,59.86743],[22.19068,59.86731]]],[[[22.48268,59.87539],[22.48331,59.87683],[22.49411,59.8802],[22.49706,59.88381],[22.50925,59.88768],[22.51455,59.8855],[22.52043,59.88914],[22.52722,59.89118],[22.52683,59.89327],[22.5314,59.89737],[22.52611,59.90035],[22.51706,59.8978],[22.50107,59.89719],[22.49291,59.89372],[22.48969,59.88787],[22.48004,59.89078],[22.47399,59.88746],[22.47677,59.8852],[22.47384,59.88126],[22.47454,59.87681],[22.48268,59.87539]]],[[[22.13038,59.85947],[22.13679,59.86053],[22.13425,59.86436],[22.12307,59.86572],[22.12039,59.86374],[22.13038,59.85947]]],[[[22.09329,59.85759],[22.09372,59.86037],[22.10087,59.86338],[22.09482,59.86473],[22.08451,59.86207],[22.0764,59.86216],[22.06975,59.85982],[22.07186,59.85721],[22.08207,59.85797],[22.0855,59.85988],[22.09329,59.85759]]],[[[21.98389,59.852],[21.98068,59.85706],[21.97158,59.85363],[21.9764,59.8518],[21.98389,59.852]]],[[[22.40928,59.86753],[22.41717,59.87091],[22.41012,59.87252],[22.40557,59.86902],[22.40928,59.86753]]],[[[22.14891,59.8562],[22.15814,59.85957],[22.14558,59.86156],[22.13947,59.86022],[22.14326,59.85648],[22.14891,59.8562]]],[[[22.36137,59.86038],[22.36914,59.86352],[22.36142,59.86516],[22.36137,59.86038]]],[[[22.19004,59.85373],[22.19327,59.8553],[22.18938,59.85896],[22.1853,59.85721],[22.19004,59.85373]]],[[[22.20244,59.85232],[22.20887,59.85843],[22.20349,59.86028],[22.19457,59.85502],[22.19544,59.85216],[22.20244,59.85232]]],[[[22.04171,59.84562],[22.04168,59.85226],[22.03507,59.8473],[22.04171,59.84562]]],[[[22.33538,59.85611],[22.33701,59.86012],[22.32681,59.8639],[22.31141,59.8651],[22.31404,59.86174],[22.32152,59.85645],[22.33538,59.85611]]],[[[22.11639,59.84534],[22.12344,59.84617],[22.13509,59.85239],[22.12242,59.85322],[22.11308,59.84826],[22.11639,59.84534]]],[[[22.50765,59.85621],[22.50769,59.85911],[22.49412,59.86242],[22.49201,59.85923],[22.49496,59.85842],[22.49822,59.85627],[22.50765,59.85621]]],[[[22.32662,59.84878],[22.33345,59.85292],[22.32224,59.85539],[22.31694,59.85251],[22.32662,59.84878]]],[[[22.49075,59.85349],[22.49323,59.85442],[22.4961,59.85745],[22.48634,59.85868],[22.4876,59.85396],[22.49075,59.85349]]],[[[22.12181,59.83916],[22.13376,59.84509],[22.12945,59.84716],[22.11724,59.8434],[22.12181,59.83916]]],[[[22.3666,59.84771],[22.37062,59.85455],[22.36211,59.8526],[22.3666,59.84771]]],[[[22.47511,59.85082],[22.4734,59.85429],[22.46572,59.85526],[22.46482,59.85166],[22.47511,59.85082]]],[[[22.33652,59.84503],[22.34004,59.8513],[22.33539,59.85217],[22.32885,59.84699],[22.33652,59.84503]]],[[[22.41809,59.84751],[22.42383,59.84874],[22.42513,59.85138],[22.43827,59.85184],[22.45727,59.85463],[22.4624,59.85718],[22.46314,59.86051],[22.47116,59.86251],[22.48997,59.86108],[22.49421,59.8635],[22.50596,59.8666],[22.50654,59.87174],[22.51285,59.87335],[22.51321,59.8782],[22.50073,59.87662],[22.49551,59.87809],[22.4843,59.87644],[22.48054,59.87148],[22.47209,59.87164],[22.46825,59.86918],[22.45162,59.87326],[22.44558,59.87161],[22.44197,59.86445],[22.43695,59.86253],[22.43047,59.86268],[22.42543,59.86554],[22.41926,59.86471],[22.4212,59.86116],[22.41042,59.86147],[22.41081,59.85894],[22.41761,59.85464],[22.41087,59.853],[22.41425,59.84758],[22.41809,59.84751]]],[[[21.57799,59.8155],[21.58155,59.81935],[21.59208,59.81993],[21.59476,59.82153],[21.6107,59.82642],[21.6241,59.82421],[21.63182,59.82686],[21.63351,59.83078],[21.62081,59.82977],[21.60568,59.8332],[21.60027,59.83275],[21.59317,59.82948],[21.5855,59.82747],[21.58477,59.82545],[21.57612,59.82034],[21.57799,59.8155]]],[[[22.39459,59.84339],[22.40886,59.85307],[22.40733,59.85626],[22.39585,59.85118],[22.39316,59.85374],[22.39956,59.86081],[22.38472,59.85961],[22.38186,59.85647],[22.39148,59.85339],[22.38306,59.84982],[22.37661,59.85189],[22.37325,59.84699],[22.37926,59.84652],[22.39459,59.84339]]],[[[22.46161,59.84489],[22.47097,59.84978],[22.46058,59.85139],[22.45895,59.84699],[22.46161,59.84489]]],[[[22.13471,59.82264],[22.13721,59.82644],[22.12767,59.82607],[22.13471,59.82264]]],[[[22.16545,59.82209],[22.16953,59.82648],[22.16545,59.82768],[22.15972,59.82528],[22.16545,59.82209]]],[[[22.42596,59.8303],[22.42609,59.8335],[22.42242,59.83622],[22.42508,59.83993],[22.41588,59.84021],[22.40874,59.83851],[22.41774,59.83595],[22.42596,59.8303]]],[[[21.37923,59.78636],[21.38212,59.79118],[21.37633,59.79358],[21.37126,59.79315],[21.36973,59.78963],[21.37923,59.78636]]],[[[22.37848,59.81965],[22.38206,59.82662],[22.37113,59.82642],[22.37123,59.82359],[22.37848,59.81965]]],[[[22.40686,59.8166],[22.41247,59.82081],[22.40449,59.82086],[22.40686,59.8166]]],[[[21.37282,59.77575],[21.38302,59.7777],[21.37899,59.78275],[21.37216,59.78186],[21.35957,59.78335],[21.37035,59.77835],[21.37282,59.77575]]],[[[22.37658,59.80809],[22.38254,59.81199],[22.38188,59.81499],[22.37342,59.81548],[22.37215,59.81183],[22.37658,59.80809]]],[[[22.38788,59.80786],[22.39387,59.81168],[22.40127,59.81076],[22.40463,59.81211],[22.40368,59.8179],[22.39333,59.82278],[22.38442,59.82207],[22.37849,59.81732],[22.38325,59.81683],[22.3825,59.80972],[22.38788,59.80786]]],[[[22.31332,59.80197],[22.321,59.80288],[22.31929,59.80658],[22.32426,59.80827],[22.32988,59.80458],[22.33854,59.80455],[22.34068,59.80865],[22.32984,59.81353],[22.32749,59.81834],[22.32155,59.82128],[22.31749,59.81263],[22.31,59.80428],[22.31332,59.80197]]],[[[22.39126,59.80143],[22.3965,59.80379],[22.39301,59.80693],[22.38819,59.80476],[22.39126,59.80143]]],[[[22.3738,59.77589],[22.3814,59.77871],[22.37599,59.78028],[22.3738,59.77589]]]]}},{"type":"Feature","properties":{"maakunta":"04","name":"Satakunta","name_sv":"Satakunta","bb":[60.87201,21.32742,62.31113,23.00623],"c":[61.52933,22.15293]},"geometry":{"type":"MultiPolygon","coordinates":[[[[21.35891,61.9305],[21.36491,61.93341],[21.35676,61.9345],[21.35891,61.9305]]],[[[21.36651,61.9234],[21.37526,61.92436],[21.37527,61.92959],[21.36795,61.93167],[21.36449,61.93055],[21.36651,61.9234]]],[[[21.35802,61.92173],[21.35605,61.92529],[21.35698,61.92997],[21.34935,61.9307],[21.34764,61.92789],[21.35019,61.92396],[21.35802,61.92173]]],[[[21.44308,61.89271],[21.44279,61.89564],[21.43387,61.90131],[21.42973,61.90005],[21.43789,61.89417],[21.44308,61.89271]]],[[[21.46116,61.88022],[21.45766,61.88702],[21.45228,61.88961],[21.44661,61.88637],[21.45162,61.88347],[21.46116,61.88022]]],[[[21.3297,61.84019],[21.33951,61.84683],[21.33891,61.8506],[21.33318,61.85003],[21.33352,61.84648],[21.32742,61.84345],[21.3297,61.84019]]],[[[21.46265,61.83941],[21.45941,61.84264],[21.45894,61.84705],[21.45226,61.8449],[21.44327,61.85035],[21.43487,61.84904],[21.43292,61.84566],[21.44526,61.83968],[21.45819,61.84112],[21.46265,61.83941]]],[[[21.50948,61.8147],[21.51495,61.81802],[21.50871,61.82037],[21.5052,61.81809],[21.50948,61.8147]]],[[[21.49621,61.81024],[21.50205,61.81273],[21.49766,61.81463],[21.49802,61.8184],[21.48703,61.81896],[21.49201,61.81514],[21.49111,61.81249],[21.49621,61.81024]]],[[[21.52918,61.74825],[21.53222,61.75042],[21.52687,61.75255],[21.53217,61.75646],[21.51713,61.76499],[21.50493,61.76607],[21.50178,61.76275],[21.51525,61.7596],[21.51482,61.75665],[21.51965,61.75391],[21.51994,61.74962],[21.52918,61.74825]]],[[[21.53416,61.74354],[21.54769,61.74578],[21.54065,61.74903],[21.5338,61.74831],[21.52818,61.74429],[21.53416,61.74354]]],[[[21.49607,61.70349],[21.50145,61.70783],[21.49272,61.71169],[21.4869,61.7084],[21.49607,61.70349]]],[[[21.42598,61.69949],[21.43848,61.70118],[21.43482,61.70401],[21.41998,61.70367],[21.42598,61.69949]]],[[[21.48948,61.69442],[21.49679,61.69712],[21.49,61.69852],[21.48948,61.69442]]],[[[21.37442,61.6766],[21.37616,61.68012],[21.36953,61.6853],[21.3619,61.68349],[21.36885,61.67824],[21.37442,61.6766]]],[[[21.5014,61.6662],[21.51021,61.66688],[21.51309,61.66904],[21.50692,61.67213],[21.49963,61.66819],[21.49715,61.6708],[21.49074,61.6707],[21.48958,61.66766],[21.49683,61.6678],[21.5014,61.6662]]],[[[21.37646,61.65745],[21.3803,61.66036],[21.37834,61.666],[21.37475,61.6657],[21.37646,61.65745]]],[[[21.52359,61.6595],[21.53074,61.66415],[21.51988,61.66558],[21.51652,61.66139],[21.52359,61.6595]]],[[[21.46421,61.64927],[21.46901,61.65014],[21.46932,61.65334],[21.47359,61.65713],[21.4676,61.66452],[21.46879,61.66688],[21.4607,61.66934],[21.45213,61.66765],[21.44873,61.66896],[21.44715,61.67484],[21.43978,61.67943],[21.43127,61.68105],[21.41432,61.67596],[21.41854,61.6734],[21.42812,61.67172],[21.43148,61.66819],[21.45149,61.66591],[21.44467,61.661],[21.45313,61.65323],[21.45931,61.6493],[21.46421,61.64927]]],[[[21.43004,61.6437],[21.42971,61.64568],[21.42056,61.64578],[21.42106,61.64353],[21.43004,61.6437]]],[[[21.43332,61.63594],[21.44238,61.63674],[21.43708,61.64042],[21.43077,61.6394],[21.43332,61.63594]]],[[[21.5454,61.62616],[21.55436,61.62868],[21.55401,61.63182],[21.54094,61.63552],[21.5351,61.63123],[21.5357,61.62934],[21.5454,61.62616]]],[[[21.505,61.61838],[21.51337,61.6213],[21.50861,61.62661],[21.51684,61.62772],[21.52175,61.62541],[21.52645,61.62659],[21.5301,61.63322],[21.51895,61.63553],[21.51284,61.63989],[21.49472,61.64317],[21.49015,61.64243],[21.47263,61.64505],[21.47454,61.63788],[21.47025,61.63424],[21.47823,61.62714],[21.47077,61.62478],[21.4519,61.62693],[21.45247,61.62312],[21.46163,61.61935],[21.47232,61.61953],[21.48161,61.62238],[21.49473,61.62136],[21.505,61.61838]]],[[[21.58203,61.61811],[21.5864,61.62266],[21.57545,61.62622],[21.56555,61.62751],[21.5614,61.62543],[21.55383,61.62554],[21.55364,61.62309],[21.56656,61.62136],[21.57265,61.62203],[21.58203,61.61811]]],[[[21.45491,61.60447],[21.45594,61.60792],[21.44727,61.61388],[21.43461,61.61901],[21.42556,61.62113],[21.42313,61.62646],[21.42476,61.62921],[21.43278,61.62945],[21.44104,61.62758],[21.442,61.63131],[21.43369,61.63135],[21.42967,61.63404],[21.41338,61.63981],[21.40666,61.63999],[21.38574,61.63624],[21.38386,61.62975],[21.38926,61.6295],[21.39501,61.62612],[21.40066,61.63079],[21.41499,61.62742],[21.41493,61.62024],[21.42139,61.61765],[21.42688,61.6133],[21.44042,61.60675],[21.45491,61.60447]]],[[[21.61494,61.58988],[21.60507,61.59658],[21.59922,61.59824],[21.59654,61.59518],[21.60178,61.59215],[21.61494,61.58988]]],[[[21.64874,61.57167],[21.63932,61.57722],[21.63345,61.57615],[21.64186,61.57235],[21.64874,61.57167]]],[[[21.68161,61.55415],[21.67471,61.55974],[21.66404,61.56014],[21.66141,61.55865],[21.67153,61.55437],[21.68161,61.55415]]],[[[21.34351,61.47086],[21.35337,61.47187],[21.36187,61.47403],[21.36573,61.47963],[21.35965,61.48293],[21.35246,61.48232],[21.33504,61.47675],[21.34174,61.47419],[21.34351,61.47086]]],[[[21.37586,61.42292],[21.38209,61.42454],[21.37938,61.42706],[21.37307,61.42588],[21.37586,61.42292]]],[[[21.36804,61.41937],[21.36371,61.4255],[21.35483,61.42647],[21.35375,61.42219],[21.36033,61.4197],[21.36804,61.41937]]],[[[21.37724,61.40402],[21.38231,61.40806],[21.37769,61.41017],[21.36216,61.41075],[21.35825,61.41443],[21.35244,61.41387],[21.35651,61.4092],[21.36358,61.40862],[21.37394,61.40398],[21.37724,61.40402]]],[[[21.50131,61.3991],[21.50773,61.40105],[21.50166,61.40522],[21.49454,61.40683],[21.48619,61.40155],[21.49305,61.39965],[21.50131,61.3991]]],[[[21.40925,61.39496],[21.40724,61.39919],[21.40279,61.40148],[21.39565,61.40205],[21.39627,61.39829],[21.40334,61.39553],[21.40925,61.39496]]],[[[21.42664,61.38714],[21.427,61.39094],[21.41823,61.39294],[21.41811,61.38901],[21.42664,61.38714]]],[[[21.49633,61.38474],[21.50071,61.39363],[21.4914,61.39377],[21.47883,61.39727],[21.47776,61.39935],[21.46647,61.39813],[21.46619,61.39433],[21.47299,61.39124],[21.49633,61.38474]]],[[[21.51991,61.38252],[21.52921,61.38485],[21.52058,61.39409],[21.51637,61.39536],[21.51069,61.39362],[21.50719,61.38886],[21.51456,61.38819],[21.51991,61.38252]]],[[[21.43229,61.37674],[21.43538,61.37725],[21.43225,61.38418],[21.42203,61.38522],[21.41963,61.38375],[21.43229,61.37674]]],[[[21.43689,61.35988],[21.44152,61.36296],[21.43985,61.36857],[21.44156,61.37088],[21.43816,61.374],[21.42493,61.37712],[21.41948,61.37586],[21.42998,61.36747],[21.42874,61.36484],[21.43689,61.35988]]],[[[21.508,61.3408],[21.51358,61.34404],[21.50216,61.34841],[21.49767,61.35109],[21.49773,61.35475],[21.48763,61.35705],[21.47769,61.35558],[21.4828,61.35247],[21.4657,61.35123],[21.46344,61.34433],[21.47202,61.34451],[21.47476,61.347],[21.49491,61.34109],[21.50036,61.34208],[21.508,61.3408]]],[[[21.53638,61.31044],[21.53854,61.3123],[21.53262,61.31648],[21.51994,61.3151],[21.52908,61.31141],[21.53638,61.31044]]],[[[21.49849,61.29054],[21.49352,61.29477],[21.49236,61.29997],[21.48517,61.29993],[21.47423,61.30179],[21.46779,61.30084],[21.46968,61.29536],[21.48065,61.29524],[21.49849,61.29054]]],[[[21.35535,61.26397],[21.36573,61.26547],[21.367,61.26758],[21.35596,61.26748],[21.35535,61.26397]]],[[[21.55371,61.23285],[21.54257,61.23754],[21.537,61.23588],[21.55371,61.23285]]],[[[21.41424,61.21559],[21.41905,61.21657],[21.4136,61.22244],[21.40473,61.22001],[21.41424,61.21559]]],[[[21.5123,61.2183],[21.52054,61.21965],[21.518,61.23015],[21.52471,61.2342],[21.52024,61.2388],[21.51,61.24148],[21.50602,61.24004],[21.50007,61.24192],[21.49831,61.24637],[21.48658,61.24837],[21.47508,61.24697],[21.46436,61.24678],[21.43907,61.24977],[21.43586,61.2466],[21.41979,61.24365],[21.42968,61.24071],[21.42546,61.23581],[21.44253,61.23295],[21.45284,61.23561],[21.46616,61.23294],[21.4605,61.2294],[21.47012,61.22804],[21.48356,61.22755],[21.49546,61.22398],[21.5018,61.21802],[21.5123,61.2183]]],[[[21.49999,61.21023],[21.49083,61.2145],[21.48898,61.21176],[21.49999,61.21023]]],[[[21.47123,61.20787],[21.47846,61.20824],[21.48373,61.21121],[21.46935,61.21552],[21.4682,61.21785],[21.45842,61.21698],[21.45692,61.21417],[21.4612,61.20991],[21.47123,61.20787]]],[[[21.45822,61.20634],[21.4607,61.20766],[21.45136,61.21249],[21.444,61.21479],[21.44571,61.21684],[21.45365,61.21727],[21.4576,61.22091],[21.45106,61.22371],[21.43861,61.22233],[21.44567,61.22001],[21.42846,61.2173],[21.43046,61.21249],[21.44326,61.20838],[21.45822,61.20634]]],[[[21.50284,61.19968],[21.50311,61.20604],[21.49586,61.21009],[21.48438,61.2097],[21.48357,61.20794],[21.49035,61.20336],[21.50284,61.19968]]],[[[21.47138,61.19636],[21.47671,61.19875],[21.4655,61.20409],[21.45943,61.20479],[21.45802,61.20161],[21.47138,61.19636]]],[[[21.43495,61.19471],[21.45983,61.19679],[21.44551,61.20599],[21.43123,61.20847],[21.41481,61.21298],[21.4075,61.214],[21.40409,61.21108],[21.41361,61.20504],[21.41458,61.20293],[21.42656,61.19719],[21.43495,61.19471]]],[[[21.42784,61.1786],[21.42844,61.18233],[21.42291,61.18425],[21.41621,61.18195],[21.41986,61.17917],[21.42784,61.1786]]],[[[21.36735,61.1721],[21.3679,61.17536],[21.37331,61.17647],[21.3861,61.18246],[21.39722,61.1807],[21.4023,61.18108],[21.41101,61.18469],[21.40184,61.18842],[21.39613,61.19216],[21.38077,61.19529],[21.37489,61.19491],[21.37367,61.19844],[21.38427,61.19961],[21.38789,61.2049],[21.39162,61.20507],[21.40234,61.20961],[21.39532,61.21377],[21.38678,61.21587],[21.37965,61.21382],[21.36888,61.21597],[21.36398,61.21261],[21.3667,61.20526],[21.36229,61.20294],[21.3579,61.20636],[21.35364,61.20463],[21.35878,61.20181],[21.3568,61.19766],[21.34751,61.19716],[21.33576,61.19408],[21.33919,61.18957],[21.3481,61.18746],[21.34271,61.18326],[21.34968,61.18116],[21.34606,61.17695],[21.35272,61.17368],[21.36735,61.1721]]],[[[21.43541,61.17063],[21.43382,61.1736],[21.42217,61.1736],[21.42193,61.17783],[21.41471,61.17843],[21.40774,61.17608],[21.41406,61.17297],[21.42709,61.171],[21.43541,61.17063]]],[[[21.42502,61.16371],[21.42797,61.16639],[21.41845,61.16957],[21.41278,61.16631],[21.42502,61.16371]]],[[[21.45833,61.14328],[21.45341,61.14526],[21.4391,61.14773],[21.43974,61.14513],[21.44828,61.14367],[21.45833,61.14328]]],[[[21.36775,61.13351],[21.37141,61.13459],[21.36553,61.14083],[21.36091,61.13928],[21.36257,61.13486],[21.36775,61.13351]]],[[[21.3671,61.11672],[21.36637,61.1211],[21.35982,61.12046],[21.3671,61.11672]]],[[[21.37461,61.07876],[21.37696,61.08352],[21.36984,61.08537],[21.36757,61.08202],[21.37461,61.07876]]],[[[21.41061,61.06136],[21.41489,61.06248],[21.40852,61.06614],[21.40363,61.06388],[21.41061,61.06136]]],[[[21.41994,61.04731],[21.42716,61.0274],[21.4747,61.0092],[21.48021,60.99948],[21.52766,61.00511],[21.55066,61.0048],[21.56636,61.00922],[21.60701,61.0107],[21.59114,61.02883],[21.60847,61.04116],[21.62116,61.05179],[21.65141,61.01736],[21.65464,60.99992],[21.66559,60.99633],[21.69331,61.00355],[21.71364,60.99903],[21.73439,61.00089],[21.76603,61.0137],[21.75325,61.02656],[21.77575,61.03411],[21.82521,61.03418],[21.80498,61.0201],[21.84411,61.0094],[21.87704,60.98277],[21.88969,60.98136],[21.90297,60.98616],[21.92615,60.97615],[21.95137,60.97694],[21.94417,60.94652],[21.99676,60.91255],[21.98521,60.901],[22.00815,60.89744],[22.01178,60.90095],[22.12847,60.90421],[22.16031,60.87201],[22.17098,60.87717],[22.18876,60.90103],[22.24128,60.92382],[22.26363,60.92686],[22.27109,60.92204],[22.31311,60.91601],[22.36457,60.93181],[22.41457,60.9358],[22.51967,60.95111],[22.58624,60.93879],[22.52247,60.9764],[22.57908,60.9902],[22.70154,60.98694],[22.70938,60.98259],[22.77978,60.99421],[22.79275,61.00035],[22.81593,60.99341],[22.82645,61.01365],[22.82489,61.02652],[22.80727,61.04116],[22.8237,61.04205],[22.83628,61.06018],[22.83687,61.06913],[22.81634,61.0788],[22.82391,61.10144],[22.86984,61.0838],[22.88229,61.0603],[22.88906,61.05684],[22.92636,61.05491],[22.93571,61.0448],[22.94959,61.04368],[22.95902,61.04624],[22.9685,61.04325],[22.95994,61.05881],[23.00127,61.07071],[23.00623,61.07495],[22.9955,61.08777],[22.93629,61.07289],[22.91568,61.08654],[22.97194,61.11585],[22.96583,61.1204],[22.94242,61.12444],[22.94125,61.13664],[22.92418,61.14199],[22.91507,61.17878],[22.95605,61.1766],[22.93422,61.20498],[22.87212,61.22264],[22.88211,61.22609],[22.85606,61.23584],[22.84552,61.22939],[22.76787,61.24634],[22.65333,61.24455],[22.64544,61.24662],[22.61876,61.29169],[22.59911,61.30198],[22.55945,61.33092],[22.5914,61.34212],[22.55838,61.39429],[22.57423,61.39688],[22.56141,61.41956],[22.50918,61.42815],[22.43416,61.48892],[22.58248,61.54831],[22.60272,61.5425],[22.64088,61.5612],[22.64583,61.58414],[22.69605,61.59976],[22.66091,61.64165],[22.70427,61.62387],[22.72493,61.64496],[22.71429,61.65355],[22.71258,61.66872],[22.70813,61.67117],[22.68952,61.67494],[22.68542,61.66064],[22.655,61.65406],[22.64842,61.66774],[22.65389,61.68209],[22.64717,61.6965],[22.6873,61.69908],[22.69101,61.70255],[22.67944,61.72577],[22.6937,61.73777],[22.69925,61.73941],[22.71898,61.73639],[22.7334,61.74274],[22.72854,61.74975],[22.75896,61.7569],[22.7766,61.75234],[22.78637,61.75534],[22.80224,61.76784],[22.82842,61.81522],[22.79184,61.83434],[22.76686,61.85463],[22.74737,61.84853],[22.73674,61.85999],[22.78819,61.87063],[22.78206,61.88066],[22.73482,61.8898],[22.73873,61.91064],[22.73076,61.91551],[22.68321,61.92165],[22.66594,61.93067],[22.64664,61.95211],[22.65651,61.95491],[22.65501,61.96526],[22.62079,61.96854],[22.5946,61.97411],[22.57276,61.98276],[22.5226,61.99811],[22.5393,62.00075],[22.56405,62.01073],[22.6021,62.03708],[22.68377,62.05369],[22.69587,62.05086],[22.78024,62.06072],[22.76433,62.14164],[22.77089,62.15439],[22.81941,62.16569],[22.8231,62.1613],[22.83063,62.16202],[22.86163,62.17256],[22.84145,62.18687],[22.84773,62.19678],[22.84227,62.23685],[22.83992,62.23907],[22.83445,62.25625],[22.83125,62.27088],[22.74557,62.27331],[22.63425,62.30087],[22.59175,62.31113],[22.52483,62.21019],[22.50533,62.21348],[22.45043,62.19846],[22.32006,62.10311],[22.19872,62.10334],[22.1084,62.03185],[21.97469,61.97976],[21.74941,62.01586],[21.70256,62.02093],[21.64785,62.01959],[21.52401,62.02459],[21.42664,62.00959],[21.36027,61.96001],[21.32923,61.95383],[21.33783,61.95237],[21.33757,61.95035],[21.34348,61.94498],[21.35011,61.94212],[21.36267,61.94163],[21.37138,61.94218],[21.38606,61.94798],[21.39154,61.94559],[21.39783,61.94819],[21.39917,61.95195],[21.39249,61.95331],[21.39682,61.95642],[21.4186,61.95446],[21.41698,61.94931],[21.40928,61.94859],[21.4136,61.94404],[21.41366,61.93832],[21.40243,61.94297],[21.4011,61.93902],[21.41543,61.93299],[21.41918,61.9298],[21.43392,61.93025],[21.4389,61.92614],[21.43417,61.92102],[21.43865,61.91659],[21.43088,61.91296],[21.42177,61.91335],[21.42289,61.90821],[21.431,61.90387],[21.43502,61.90524],[21.43962,61.90188],[21.44158,61.8976],[21.46036,61.889],[21.47214,61.86883],[21.46602,61.86979],[21.4662,61.86551],[21.46307,61.8636],[21.46161,61.85769],[21.46664,61.8493],[21.47339,61.85078],[21.47243,61.85499],[21.47774,61.85556],[21.4831,61.84797],[21.48123,61.84588],[21.48645,61.84238],[21.49292,61.84262],[21.49238,61.83708],[21.48733,61.83753],[21.4816,61.84094],[21.46962,61.84589],[21.46768,61.84436],[21.47755,61.84113],[21.47533,61.83499],[21.48903,61.82873],[21.49024,61.82429],[21.49555,61.82439],[21.49564,61.82897],[21.51477,61.82529],[21.52731,61.82449],[21.53603,61.81567],[21.54758,61.81441],[21.54655,61.81091],[21.53336,61.81052],[21.53207,61.81529],[21.52341,61.81712],[21.51915,61.82007],[21.51561,61.8119],[21.51612,61.80931],[21.5093,61.80823],[21.51794,61.79975],[21.51194,61.7946],[21.50353,61.79372],[21.50927,61.78818],[21.50353,61.78437],[21.48705,61.78474],[21.48313,61.78854],[21.48746,61.79233],[21.49756,61.79257],[21.49483,61.80633],[21.4834,61.80931],[21.47865,61.80537],[21.46855,61.80695],[21.46774,61.80915],[21.45597,61.81045],[21.45527,61.80658],[21.43015,61.80952],[21.4248,61.8089],[21.42258,61.80525],[21.43143,61.80479],[21.44084,61.8023],[21.44768,61.799],[21.44891,61.79554],[21.44648,61.79055],[21.45676,61.78332],[21.46437,61.78303],[21.46519,61.78068],[21.47468,61.77953],[21.47338,61.77153],[21.48322,61.77094],[21.49445,61.76671],[21.49985,61.76931],[21.49694,61.77223],[21.48868,61.77656],[21.49455,61.77894],[21.50147,61.7777],[21.51511,61.77029],[21.52391,61.76309],[21.52786,61.76123],[21.54331,61.75684],[21.55155,61.75359],[21.56254,61.74241],[21.57248,61.73764],[21.56986,61.73639],[21.57549,61.7327],[21.58624,61.72922],[21.60189,61.72111],[21.60654,61.71507],[21.5979,61.71585],[21.57205,61.72721],[21.56686,61.72731],[21.56329,61.73047],[21.55502,61.7319],[21.5523,61.73473],[21.54084,61.73364],[21.53981,61.72734],[21.54567,61.72789],[21.55106,61.7249],[21.54298,61.71449],[21.54974,61.71502],[21.54914,61.7113],[21.53775,61.711],[21.53166,61.71405],[21.52673,61.71848],[21.51224,61.72493],[21.50994,61.72253],[21.51698,61.71693],[21.52701,61.7126],[21.53723,61.7004],[21.54375,61.70125],[21.55097,61.69562],[21.55593,61.69333],[21.56475,61.69754],[21.57622,61.694],[21.57499,61.69136],[21.56331,61.69542],[21.55815,61.69286],[21.54295,61.69116],[21.53651,61.69419],[21.52966,61.69382],[21.53662,61.68799],[21.537,61.68281],[21.55758,61.67373],[21.5519,61.67221],[21.55645,61.66176],[21.56529,61.66038],[21.57572,61.65666],[21.58093,61.65815],[21.58987,61.65052],[21.59028,61.64373],[21.60015,61.63704],[21.59967,61.63333],[21.6051,61.62899],[21.61216,61.6289],[21.61495,61.6233],[21.63701,61.61814],[21.63298,61.61605],[21.61682,61.61889],[21.61266,61.61863],[21.61581,61.61362],[21.61288,61.6119],[21.62285,61.60758],[21.61868,61.6015],[21.62734,61.60094],[21.6356,61.59788],[21.64799,61.59106],[21.63626,61.58971],[21.64984,61.58601],[21.66295,61.58012],[21.65634,61.57906],[21.66101,61.57202],[21.67394,61.5717],[21.6825,61.56228],[21.69258,61.5617],[21.69761,61.55477],[21.69438,61.55327],[21.68562,61.55396],[21.6783,61.55173],[21.65539,61.556],[21.64075,61.558],[21.63232,61.56087],[21.62751,61.56404],[21.61522,61.56454],[21.61432,61.57253],[21.60917,61.57399],[21.60055,61.57088],[21.58611,61.57235],[21.58103,61.5754],[21.57425,61.5744],[21.56985,61.57795],[21.57327,61.58188],[21.56349,61.58109],[21.54226,61.58473],[21.53887,61.58624],[21.53335,61.59303],[21.5334,61.5962],[21.52205,61.60331],[21.5179,61.60843],[21.51343,61.60643],[21.51676,61.6023],[21.49681,61.60132],[21.50194,61.59702],[21.48627,61.5954],[21.46743,61.59979],[21.47377,61.59284],[21.47465,61.58748],[21.48462,61.59061],[21.49561,61.59061],[21.49919,61.58677],[21.49565,61.58234],[21.48874,61.58308],[21.49061,61.5768],[21.48601,61.56657],[21.49524,61.56901],[21.50056,61.57212],[21.50571,61.57201],[21.51492,61.56917],[21.52065,61.5652],[21.52568,61.55675],[21.52458,61.54788],[21.53096,61.53938],[21.53785,61.53365],[21.5531,61.53056],[21.57327,61.52939],[21.58014,61.53177],[21.57435,61.53363],[21.57934,61.53671],[21.59093,61.53289],[21.58584,61.52922],[21.60573,61.52075],[21.62176,61.51582],[21.63225,61.51446],[21.62687,61.50881],[21.62964,61.50568],[21.61905,61.50405],[21.61416,61.50629],[21.60899,61.50363],[21.58867,61.50012],[21.58455,61.49675],[21.57585,61.49432],[21.56527,61.49705],[21.56046,61.50004],[21.54225,61.50096],[21.53405,61.50405],[21.51824,61.50752],[21.5006,61.51056],[21.49605,61.50901],[21.48316,61.50913],[21.47318,61.51095],[21.46371,61.5115],[21.45506,61.50964],[21.45588,61.50552],[21.4668,61.50702],[21.47776,61.50122],[21.48312,61.49521],[21.49087,61.49327],[21.50525,61.49216],[21.50048,61.48798],[21.51831,61.4799],[21.52951,61.48309],[21.53755,61.48204],[21.54506,61.47602],[21.55186,61.47544],[21.5627,61.47062],[21.56156,61.4685],[21.56777,61.46451],[21.57248,61.45868],[21.57037,61.45646],[21.57621,61.45385],[21.59465,61.44753],[21.59827,61.44293],[21.58789,61.43819],[21.59141,61.43478],[21.58934,61.43084],[21.58189,61.42831],[21.57423,61.43137],[21.56929,61.42709],[21.56147,61.4242],[21.55577,61.42527],[21.55237,61.42892],[21.54326,61.42727],[21.52162,61.43237],[21.50899,61.43476],[21.49803,61.4354],[21.48578,61.43752],[21.48051,61.43576],[21.46638,61.43949],[21.46468,61.438],[21.47913,61.43341],[21.47909,61.43006],[21.47197,61.43057],[21.45748,61.43369],[21.44865,61.42893],[21.47886,61.41969],[21.50324,61.41369],[21.51422,61.4129],[21.51861,61.40837],[21.52723,61.40744],[21.534,61.4018],[21.53247,61.39788],[21.53673,61.39447],[21.54769,61.38905],[21.55159,61.38585],[21.53689,61.38693],[21.53903,61.37829],[21.53633,61.37708],[21.52023,61.37772],[21.51872,61.37967],[21.5078,61.38063],[21.51596,61.3747],[21.52176,61.3751],[21.52661,61.37119],[21.51149,61.37212],[21.50867,61.37081],[21.53245,61.36262],[21.5222,61.35927],[21.52917,61.35489],[21.53646,61.35391],[21.55669,61.34964],[21.5704,61.34531],[21.56737,61.34191],[21.57483,61.33914],[21.57139,61.33623],[21.55865,61.33883],[21.55361,61.33709],[21.55678,61.33368],[21.56513,61.33215],[21.56599,61.32835],[21.55587,61.32737],[21.54886,61.33097],[21.54244,61.32857],[21.54342,61.32543],[21.55207,61.32566],[21.55044,61.32265],[21.53969,61.32012],[21.54633,61.31586],[21.56214,61.31153],[21.55959,61.30914],[21.56597,61.30594],[21.56352,61.30339],[21.54714,61.30717],[21.55361,61.29889],[21.54956,61.29671],[21.53137,61.30355],[21.52865,61.30966],[21.51979,61.30842],[21.50989,61.30873],[21.49584,61.3057],[21.49423,61.30379],[21.50655,61.29938],[21.51297,61.29516],[21.5111,61.28817],[21.53289,61.28772],[21.53574,61.28382],[21.55478,61.27933],[21.5486,61.27756],[21.52145,61.28387],[21.51721,61.2804],[21.50852,61.27902],[21.49718,61.28094],[21.48756,61.28132],[21.48325,61.27677],[21.49291,61.2632],[21.49993,61.26029],[21.51266,61.25815],[21.52626,61.25378],[21.52983,61.24971],[21.54309,61.24989],[21.55612,61.2441],[21.56512,61.24229],[21.56701,61.24056],[21.58278,61.23485],[21.59172,61.23429],[21.59466,61.23165],[21.60718,61.23031],[21.60387,61.22632],[21.59407,61.22686],[21.58881,61.226],[21.58697,61.22231],[21.60096,61.21728],[21.59365,61.2139],[21.58456,61.21893],[21.57476,61.22235],[21.56917,61.22574],[21.54695,61.23168],[21.54412,61.23325],[21.53232,61.23263],[21.52544,61.23059],[21.52619,61.2201],[21.52031,61.21661],[21.50664,61.21505],[21.50818,61.21093],[21.51369,61.20742],[21.50594,61.20651],[21.50885,61.19965],[21.51407,61.19941],[21.52091,61.19398],[21.5277,61.19289],[21.53597,61.18797],[21.52735,61.18635],[21.51144,61.19237],[21.50351,61.19336],[21.49086,61.19729],[21.48022,61.19646],[21.47164,61.19381],[21.46402,61.19317],[21.45652,61.1943],[21.44157,61.19267],[21.44001,61.19094],[21.44716,61.18854],[21.44497,61.1798],[21.44744,61.17609],[21.46097,61.17123],[21.44292,61.16487],[21.43499,61.16665],[21.43305,61.16449],[21.44683,61.16198],[21.45934,61.1567],[21.46332,61.15414],[21.4564,61.15182],[21.46307,61.14449],[21.47867,61.14192],[21.46944,61.13957],[21.47101,61.13576],[21.45651,61.13746],[21.44315,61.13679],[21.44527,61.13344],[21.45591,61.13343],[21.45515,61.13059],[21.44449,61.13159],[21.43632,61.13537],[21.43003,61.1347],[21.43124,61.13175],[21.42819,61.12696],[21.44947,61.1265],[21.46138,61.12734],[21.46223,61.12586],[21.45354,61.12309],[21.45461,61.11865],[21.45773,61.11707],[21.4542,61.11401],[21.44584,61.11414],[21.44859,61.11062],[21.44773,61.10704],[21.45797,61.10351],[21.44387,61.10251],[21.45701,61.09422],[21.47546,61.0895],[21.46435,61.08428],[21.46728,61.08038],[21.484,61.07883],[21.49404,61.08023],[21.49582,61.07714],[21.48065,61.0738],[21.4756,61.075],[21.46392,61.07465],[21.46372,61.08022],[21.45802,61.08007],[21.45695,61.08383],[21.45085,61.08417],[21.44034,61.08781],[21.43019,61.08706],[21.42513,61.08499],[21.41601,61.08466],[21.40423,61.09011],[21.39627,61.0908],[21.38891,61.09368],[21.37935,61.09122],[21.37329,61.09185],[21.37129,61.08823],[21.37931,61.08491],[21.38285,61.08077],[21.39812,61.07904],[21.40139,61.07626],[21.40716,61.07797],[21.41457,61.07724],[21.41961,61.07433],[21.4245,61.07445],[21.42472,61.0703],[21.41931,61.06798],[21.42388,61.06616],[21.43054,61.0683],[21.42469,61.05797],[21.42793,61.05134],[21.41994,61.04731]]]]}},{"type":"Feature","properties":{"maakunta":"05","name":"Kanta-Häme","name_sv":"Egentliga Tavastland","bb":[60.55249,23.13564,61.32488,25.25987],"c":[60.91874,24.3251]},"geometry":{"type":"Polygon","coordinates":[[[23.90051,60.64976],[23.91787,60.65384],[23.93242,60.64562],[23.96145,60.63808],[23.97133,60.6382],[24.00544,60.64354],[24.04107,60.64452],[24.08429,60.62809],[24.10493,60.62894],[24.13478,60.62312],[24.17494,60.62808],[24.23726,60.61807],[24.23421,60.60145],[24.28539,60.56541],[24.30558,60.57105],[24.29332,60.58436],[24.30617,60.58715],[24.34772,60.61215],[24.38522,60.60304],[24.41042,60.59212],[24.39845,60.57718],[24.42368,60.55249],[24.54895,60.55984],[24.57725,60.5858],[24.56294,60.60247],[24.56603,60.63707],[24.61591,60.66757],[24.63909,60.65882],[24.65178,60.66025],[24.69127,60.64931],[24.73988,60.6475],[24.7493,60.64957],[24.76416,60.65992],[24.77927,60.65389],[24.80946,60.67283],[24.81833,60.66848],[24.83507,60.66628],[24.8356,60.6593],[24.89418,60.6601],[24.8949,60.66407],[24.92088,60.66293],[24.92171,60.66753],[24.93259,60.67368],[25.03487,60.68499],[25.05348,60.67964],[25.06187,60.66925],[25.11246,60.6616],[25.08422,60.69921],[25.14605,60.71647],[25.19293,60.72474],[25.14548,60.73147],[25.11866,60.74668],[25.11437,60.74033],[25.06792,60.71455],[25.05828,60.72499],[25.08815,60.75399],[25.09064,60.76293],[25.15245,60.76836],[25.15488,60.77838],[25.10207,60.80976],[25.11097,60.81858],[25.10372,60.8229],[25.09235,60.82227],[25.07857,60.83924],[25.08898,60.86104],[25.09796,60.86515],[25.10811,60.86508],[25.09377,60.919],[25.04628,60.92771],[25.00754,60.92793],[25.02588,60.96175],[25.04026,60.96759],[25.05938,60.9859],[25.04834,60.99297],[25.02739,60.99365],[25.02612,61.00428],[25.04542,61.01664],[25.0287,61.03095],[25.03963,61.03432],[25.057,61.05006],[25.15227,61.06299],[25.17014,61.07399],[25.19808,61.07625],[25.2127,61.10335],[25.22565,61.11107],[25.23994,61.11455],[25.2462,61.13125],[25.23644,61.13991],[25.24215,61.14625],[25.2537,61.14885],[25.25803,61.15978],[25.24983,61.17635],[25.25987,61.18589],[25.22348,61.21225],[25.19975,61.22212],[25.20282,61.24094],[25.18696,61.23997],[25.09685,61.256],[25.02938,61.24615],[25.01282,61.29107],[24.99408,61.2794],[24.97593,61.27539],[24.94881,61.2906],[24.93045,61.28049],[24.92525,61.28186],[24.9207,61.28653],[24.92104,61.31434],[24.91394,61.32488],[24.87886,61.29777],[24.89131,61.28745],[24.84459,61.27751],[24.82575,61.27593],[24.77056,61.2677],[24.73174,61.31746],[24.71993,61.29863],[24.71697,61.27944],[24.70832,61.2724],[24.66642,61.27669],[24.59484,61.29127],[24.58963,61.28837],[24.57368,61.30394],[24.52023,61.29079],[24.4566,61.26753],[24.43031,61.2634],[24.40311,61.25348],[24.3864,61.24967],[24.30239,61.23322],[24.28255,61.24012],[24.25801,61.21824],[24.26574,61.20869],[24.29727,61.19158],[24.2355,61.15143],[24.18235,61.14508],[24.13896,61.14321],[24.13429,61.13828],[24.14468,61.12563],[24.14197,61.12316],[24.1111,61.12829],[24.05132,61.1214],[24.02628,61.11956],[23.95828,61.10193],[23.90778,61.08721],[23.84499,61.07443],[23.82536,61.08238],[23.80453,61.07936],[23.75676,61.05736],[23.80372,61.05101],[23.79566,61.04387],[23.80471,61.03602],[23.79261,61.02518],[23.8656,61.03727],[23.87851,61.02201],[23.87496,61.01875],[23.8547,61.01306],[23.83445,61.00261],[23.81541,61.00066],[23.85254,60.98051],[23.86491,60.95361],[23.83937,60.93971],[23.79495,60.98905],[23.76656,60.99707],[23.73588,60.99211],[23.73763,61.0037],[23.71234,61.00903],[23.68511,61.00295],[23.61855,61.00251],[23.6081,60.99136],[23.58596,60.98408],[23.57265,60.99055],[23.57568,60.9935],[23.56644,61.00102],[23.55472,60.99926],[23.53097,60.98736],[23.51079,60.99353],[23.47906,60.99011],[23.45785,60.98315],[23.46355,60.97846],[23.47409,60.96347],[23.45629,60.96763],[23.42715,60.97037],[23.4112,60.96822],[23.39467,60.97907],[23.3787,61.00244],[23.36246,61.01452],[23.33594,61.00999],[23.26812,61.01985],[23.25998,61.01855],[23.26823,61.01267],[23.26617,61.00652],[23.21333,61.00692],[23.19537,61.00122],[23.25539,60.96347],[23.29393,60.9547],[23.29134,60.91793],[23.25308,60.91947],[23.26666,60.88911],[23.15524,60.89243],[23.13564,60.88352],[23.13745,60.84077],[23.14258,60.8375],[23.2213,60.8296],[23.23007,60.82541],[23.19487,60.81341],[23.15462,60.77417],[23.18143,60.75825],[23.25488,60.7281],[23.27728,60.71108],[23.2791,60.7261],[23.3335,60.71794],[23.40862,60.73977],[23.45438,60.74872],[23.50214,60.74399],[23.50033,60.72744],[23.52945,60.71839],[23.53925,60.70432],[23.57588,60.69432],[23.62592,60.6938],[23.68156,60.68323],[23.67289,60.67073],[23.68415,60.65724],[23.71383,60.66379],[23.74791,60.65326],[23.81419,60.65608],[23.86542,60.65146],[23.87241,60.65383],[23.88671,60.64965],[23.90051,60.64976]]]}},{"type":"Feature","properties":{"maakunta":"10","name":"Etelä-Savo","name_sv":"Södra Savolax","bb":[61.15206,26.22072,62.53002,29.69683],"c":[61.83126,27.784]},"geometry":{"type":"Polygon","coordinates":[[[26.51366,61.27433],[26.54958,61.27702],[26.56171,61.27055],[26.62914,61.29258],[26.6711,61.24359],[26.62988,61.22103],[26.66132,61.20688],[26.74545,61.22968],[26.76055,61.23962],[26.77336,61.25854],[26.77194,61.26616],[26.78182,61.26999],[26.85231,61.28369],[26.88122,61.2852],[26.87802,61.27814],[26.89672,61.24409],[26.89083,61.24245],[26.92076,61.22575],[26.92953,61.21004],[26.91213,61.18316],[27.03117,61.15206],[27.09632,61.15534],[27.11151,61.15793],[27.12089,61.16441],[27.16672,61.16099],[27.20582,61.16247],[27.22915,61.16708],[27.26911,61.16562],[27.30196,61.17721],[27.31551,61.16809],[27.3555,61.17355],[27.3622,61.1795],[27.35878,61.19495],[27.38782,61.20225],[27.38406,61.2128],[27.37852,61.21424],[27.37961,61.21974],[27.36434,61.23935],[27.37455,61.24814],[27.38931,61.24495],[27.43328,61.24769],[27.43887,61.25588],[27.4303,61.27164],[27.46278,61.26806],[27.50757,61.2698],[27.54389,61.2567],[27.57705,61.2632],[27.59644,61.28084],[27.58923,61.28386],[27.56989,61.2809],[27.54282,61.28921],[27.55735,61.30357],[27.58431,61.29982],[27.59209,61.31084],[27.60832,61.30795],[27.61374,61.31746],[27.60345,61.31984],[27.5965,61.32677],[27.59118,61.33812],[27.59554,61.34317],[27.61468,61.34542],[27.62756,61.34065],[27.64673,61.34389],[27.69626,61.32979],[27.75446,61.32905],[27.79261,61.36208],[27.85578,61.35124],[27.93116,61.35039],[27.95786,61.35338],[28.05986,61.35555],[28.10059,61.36258],[28.13343,61.36439],[28.2522,61.37969],[28.26262,61.38622],[28.28552,61.39117],[28.29816,61.40022],[28.30768,61.4169],[28.3168,61.41444],[28.33984,61.41628],[28.34236,61.43171],[28.35401,61.43809],[28.39163,61.44531],[28.41012,61.45397],[28.42662,61.45684],[28.41947,61.48461],[28.44006,61.51155],[28.44993,61.5108],[28.46293,61.49903],[28.49083,61.51344],[28.5254,61.49811],[28.52342,61.47777],[28.56092,61.47445],[28.57744,61.47569],[28.58857,61.46845],[28.63328,61.46981],[28.6486,61.46493],[28.67808,61.46833],[28.68419,61.47674],[28.71965,61.48318],[28.73252,61.48129],[28.75499,61.48341],[28.79144,61.47776],[28.79272,61.49526],[28.81418,61.50158],[28.81787,61.51428],[28.81178,61.53578],[28.82225,61.53726],[28.88673,61.52731],[28.95605,61.54066],[28.9726,61.53618],[29.00919,61.53686],[29.04901,61.5337],[29.22031,61.56006],[29.26157,61.55777],[29.29488,61.597],[29.4042,61.65387],[29.45846,61.669],[29.53835,61.68389],[29.549,61.69007],[29.55927,61.72207],[29.57072,61.73607],[29.61474,61.75598],[29.63837,61.76063],[29.67586,61.79174],[29.68957,61.82029],[29.68834,61.8377],[29.66541,61.85508],[29.69683,61.8644],[29.6313,61.90286],[29.6301,61.90773],[29.61486,61.91333],[29.61622,61.93573],[29.66037,61.9769],[29.61427,61.99842],[29.59502,62.01316],[29.56644,62.02482],[29.57245,62.03013],[29.51401,62.03975],[29.50933,62.03829],[29.48233,62.05669],[29.46879,62.07612],[29.45952,62.08116],[29.42715,62.15838],[29.40727,62.20178],[29.43008,62.23653],[29.39404,62.25035],[29.30752,62.33433],[29.29597,62.38673],[29.26771,62.40769],[29.23081,62.41776],[29.19918,62.40199],[29.17425,62.40742],[29.16079,62.39796],[29.16955,62.39038],[29.16645,62.38634],[29.18356,62.36868],[29.18363,62.3628],[29.16779,62.36006],[29.15953,62.35589],[29.15938,62.34315],[29.16824,62.33205],[29.12436,62.32652],[29.08945,62.34298],[29.06202,62.3299],[29.04091,62.32116],[29.0051,62.32743],[28.98526,62.31061],[28.95995,62.30945],[28.95138,62.29922],[28.97204,62.29058],[28.96146,62.28573],[28.94772,62.29229],[28.93507,62.28601],[28.9509,62.27683],[28.9267,62.25702],[28.88863,62.26369],[28.85973,62.25288],[28.84768,62.26435],[28.83671,62.26737],[28.81436,62.26778],[28.79026,62.27782],[28.77931,62.29336],[28.75284,62.28676],[28.74671,62.25329],[28.79404,62.21058],[28.77967,62.20492],[28.73802,62.21704],[28.71585,62.23549],[28.70796,62.23309],[28.71042,62.22811],[28.70182,62.22376],[28.65997,62.23921],[28.65281,62.23132],[28.6583,62.20377],[28.64509,62.20439],[28.63159,62.20964],[28.62956,62.20101],[28.63202,62.19557],[28.65167,62.19119],[28.64203,62.17497],[28.65224,62.16995],[28.62776,62.16679],[28.63158,62.15644],[28.613,62.15797],[28.62352,62.14269],[28.61619,62.14101],[28.58402,62.16165],[28.56246,62.17038],[28.5535,62.18501],[28.54069,62.18978],[28.52355,62.18488],[28.50448,62.20152],[28.47077,62.20125],[28.38908,62.21438],[28.3276,62.22223],[28.30475,62.23214],[28.28753,62.22743],[28.26442,62.22908],[28.26465,62.22344],[28.25699,62.21897],[28.22581,62.21058],[28.2015,62.21708],[28.18122,62.22831],[28.16928,62.22928],[28.16537,62.22557],[28.14089,62.22463],[28.1083,62.22635],[28.09231,62.23445],[28.05989,62.24355],[28.04892,62.23529],[28.06883,62.23002],[28.09206,62.20881],[28.08824,62.20668],[28.02697,62.2053],[28.03085,62.19048],[28.02685,62.17038],[28.08009,62.11644],[28.04178,62.11305],[28.02937,62.10667],[28.01792,62.10316],[28.02109,62.10122],[28.01466,62.09742],[27.98249,62.1053],[27.97419,62.10069],[27.99859,62.08607],[27.9895,62.07542],[28.0074,62.06807],[27.99866,62.06148],[27.96734,62.0743],[27.95939,62.084],[27.94674,62.08815],[27.92698,62.08235],[27.93497,62.06603],[27.94472,62.05863],[27.9341,62.05054],[27.91398,62.0525],[27.90984,62.04842],[27.86677,62.04043],[27.86132,62.0391],[27.88634,62.01493],[27.87185,62.00646],[27.85134,62.01434],[27.79361,61.98776],[27.76883,62.00166],[27.69986,62.00855],[27.65308,62.02777],[27.65747,62.02972],[27.61578,62.05055],[27.63897,62.06433],[27.62567,62.06795],[27.6141,62.07633],[27.64583,62.08801],[27.6252,62.10286],[27.64099,62.10754],[27.62457,62.11569],[27.63915,62.12384],[27.63415,62.1337],[27.61832,62.1435],[27.63093,62.15021],[27.60157,62.15707],[27.58278,62.15458],[27.56616,62.14764],[27.54789,62.17196],[27.54598,62.19003],[27.53361,62.19711],[27.50145,62.23377],[27.50973,62.23526],[27.53273,62.22687],[27.54746,62.22616],[27.56356,62.22938],[27.5575,62.23707],[27.49372,62.27479],[27.51115,62.28008],[27.51868,62.28759],[27.54957,62.28327],[27.55628,62.27715],[27.5881,62.29041],[27.60589,62.27848],[27.63189,62.28296],[27.62944,62.28919],[27.62681,62.30467],[27.64773,62.32056],[27.69296,62.33303],[27.67546,62.35215],[27.69191,62.37476],[27.68558,62.38863],[27.65255,62.39981],[27.6299,62.41964],[27.57257,62.44806],[27.5432,62.45672],[27.5291,62.45679],[27.46465,62.47084],[27.45947,62.484],[27.44127,62.48501],[27.41583,62.49528],[27.40851,62.50389],[27.39301,62.50292],[27.3856,62.50547],[27.38429,62.51429],[27.36356,62.53002],[27.35774,62.52933],[27.34451,62.52288],[27.34742,62.50845],[27.33773,62.49711],[27.30253,62.48589],[27.2898,62.46386],[27.2838,62.46219],[27.26778,62.46283],[27.25104,62.47422],[27.25069,62.47982],[27.22491,62.48004],[27.21111,62.47881],[27.18937,62.47015],[27.19546,62.45595],[27.16669,62.45922],[27.17021,62.47615],[27.11406,62.50621],[27.10545,62.4941],[27.10215,62.48477],[27.08142,62.48853],[27.06129,62.47132],[26.99715,62.46951],[26.97051,62.48905],[26.95224,62.48146],[26.95119,62.47554],[26.97185,62.45428],[26.9633,62.44537],[26.95144,62.44264],[26.9363,62.4568],[26.90539,62.46575],[26.88392,62.4776],[26.87948,62.48551],[26.83344,62.46823],[26.81677,62.45407],[26.83256,62.44298],[26.76066,62.424],[26.732,62.44338],[26.70913,62.45295],[26.69801,62.44522],[26.7055,62.42702],[26.68053,62.40382],[26.69407,62.39484],[26.7344,62.37912],[26.77612,62.35411],[26.66904,62.34186],[26.662,62.32697],[26.68316,62.30773],[26.61078,62.29498],[26.63254,62.28338],[26.62872,62.2656],[26.64049,62.24772],[26.63862,62.23894],[26.64867,62.23427],[26.65263,62.21693],[26.62689,62.21137],[26.61409,62.21706],[26.59692,62.22792],[26.59036,62.23088],[26.56445,62.2541],[26.54403,62.26563],[26.47836,62.24697],[26.4963,62.2289],[26.46848,62.21768],[26.44958,62.21265],[26.43786,62.2198],[26.43502,62.2264],[26.42138,62.22448],[26.41458,62.21889],[26.41481,62.20786],[26.39509,62.20955],[26.36513,62.2071],[26.33016,62.19284],[26.31595,62.20047],[26.22072,62.11856],[26.33167,62.03679],[26.41459,61.97289],[26.33421,61.95077],[26.33006,61.94046],[26.33175,61.93055],[26.34093,61.9261],[26.343,61.90073],[26.32429,61.88003],[26.35237,61.88543],[26.37809,61.88307],[26.37107,61.87047],[26.3891,61.85415],[26.37735,61.84606],[26.37399,61.82797],[26.37922,61.82288],[26.37667,61.81362],[26.36718,61.80787],[26.39806,61.80414],[26.42578,61.79629],[26.48422,61.75068],[26.52709,61.70458],[26.53375,61.69133],[26.52482,61.67547],[26.52607,61.66391],[26.5213,61.63926],[26.51546,61.62706],[26.44531,61.64026],[26.41917,61.65054],[26.37719,61.65781],[26.3787,61.64949],[26.34888,61.63441],[26.35479,61.62193],[26.3379,61.6126],[26.32513,61.60851],[26.31504,61.60845],[26.31966,61.57197],[26.30137,61.57851],[26.26124,61.57988],[26.28355,61.55348],[26.29941,61.54506],[26.29246,61.52499],[26.2685,61.52406],[26.25611,61.50928],[26.27315,61.48923],[26.28663,61.48191],[26.29325,61.46435],[26.24366,61.44645],[26.26485,61.42583],[26.31972,61.39872],[26.28653,61.3763],[26.28513,61.36819],[26.28753,61.36633],[26.31824,61.3709],[26.31582,61.35985],[26.39957,61.32202],[26.41095,61.32545],[26.48307,61.32284],[26.50461,61.28031],[26.51366,61.27433]]]}},{"type":"Feature","properties":{"maakunta":"06","name":"Pirkanmaa","name_sv":"Birkaland","bb":[60.93971,22.43416,62.49434,25.53522],"c":[61.68852,23.7641]},"geometry":{"type":"Polygon","coordinates":[[[23.19537,61.00122],[23.21333,61.00692],[23.26617,61.00652],[23.26823,61.01267],[23.25998,61.01855],[23.26812,61.01985],[23.33594,61.00999],[23.36246,61.01452],[23.3787,61.00244],[23.39467,60.97907],[23.4112,60.96822],[23.42715,60.97037],[23.45629,60.96763],[23.47409,60.96347],[23.46355,60.97846],[23.45785,60.98315],[23.47906,60.99011],[23.51079,60.99353],[23.53097,60.98736],[23.55472,60.99926],[23.56644,61.00102],[23.57568,60.9935],[23.57265,60.99055],[23.58596,60.98408],[23.6081,60.99136],[23.61855,61.00251],[23.68511,61.00295],[23.71234,61.00903],[23.73763,61.0037],[23.73588,60.99211],[23.76656,60.99707],[23.79495,60.98905],[23.83937,60.93971],[23.86491,60.95361],[23.85254,60.98051],[23.81541,61.00066],[23.83445,61.00261],[23.8547,61.01306],[23.87496,61.01875],[23.87851,61.02201],[23.8656,61.03727],[23.79261,61.02518],[23.80471,61.03602],[23.79566,61.04387],[23.80372,61.05101],[23.75676,61.05736],[23.80453,61.07936],[23.82536,61.08238],[23.84499,61.07443],[23.90778,61.08721],[23.95828,61.10193],[24.02628,61.11956],[24.05132,61.1214],[24.1111,61.12829],[24.14197,61.12316],[24.14468,61.12563],[24.13429,61.13828],[24.13896,61.14321],[24.18235,61.14508],[24.2355,61.15143],[24.29727,61.19158],[24.26574,61.20869],[24.25801,61.21824],[24.28255,61.24012],[24.30239,61.23322],[24.3864,61.24967],[24.40311,61.25348],[24.43031,61.2634],[24.4566,61.26753],[24.52023,61.29079],[24.57368,61.30394],[24.58963,61.28837],[24.59484,61.29127],[24.66642,61.27669],[24.70832,61.2724],[24.71697,61.27944],[24.71993,61.29863],[24.73174,61.31746],[24.77056,61.2677],[24.82575,61.27593],[24.84459,61.27751],[24.89131,61.28745],[24.87886,61.29777],[24.91394,61.32488],[24.88925,61.35569],[24.9048,61.38868],[24.89396,61.39126],[24.9124,61.41584],[24.87689,61.43722],[24.86237,61.45802],[24.85549,61.46943],[24.85995,61.47598],[24.97048,61.4507],[25.07951,61.4666],[25.09354,61.47164],[25.11812,61.47299],[25.14777,61.45922],[25.18329,61.47836],[25.25614,61.47273],[25.27585,61.48017],[25.43743,61.48691],[25.50664,61.63392],[25.50133,61.67686],[25.49704,61.70457],[25.50087,61.76299],[25.53522,61.77956],[25.41226,61.75526],[25.3961,61.74485],[25.4075,61.74038],[25.39345,61.72291],[25.37284,61.71307],[25.3578,61.71965],[25.30222,61.7257],[25.26518,61.72647],[25.26824,61.73682],[25.26392,61.73921],[25.24505,61.72788],[25.23558,61.72639],[25.21857,61.73673],[25.19025,61.72941],[25.17963,61.73621],[25.15024,61.73905],[24.97928,61.78695],[24.96068,61.7802],[24.96164,61.77655],[24.97956,61.75838],[25.0035,61.73126],[24.9788,61.72185],[24.95911,61.72833],[24.96663,61.74481],[24.95567,61.75553],[24.94386,61.75109],[24.95013,61.74389],[24.91346,61.70648],[24.93074,61.68492],[24.95696,61.67145],[24.96422,61.6618],[24.94895,61.64104],[24.96033,61.63065],[24.91814,61.63098],[24.88823,61.64727],[24.87577,61.64459],[24.83374,61.65],[24.81203,61.66002],[24.85498,61.67321],[24.79137,61.6904],[24.76747,61.67589],[24.7632,61.68266],[24.73595,61.69376],[24.74863,61.71911],[24.72158,61.76342],[24.72465,61.77944],[24.74972,61.77617],[24.77051,61.76902],[24.78348,61.75885],[24.81523,61.7543],[24.81005,61.76424],[24.81921,61.7664],[24.82071,61.77013],[24.78209,61.79148],[24.7728,61.8015],[24.72985,61.81332],[24.66665,61.86299],[24.61335,61.88715],[24.58019,61.89649],[24.55196,61.91227],[24.52464,61.90933],[24.54294,61.93459],[24.55824,61.95148],[24.58346,61.95164],[24.60105,61.96213],[24.62126,61.99253],[24.63695,61.99884],[24.65438,61.99464],[24.68649,62.00296],[24.73091,62.02319],[24.70387,62.04667],[24.66835,62.04937],[24.66679,62.08946],[24.67371,62.11546],[24.62373,62.12787],[24.60173,62.13937],[24.5602,62.18565],[24.49821,62.1971],[24.42696,62.17297],[24.44067,62.15805],[24.42747,62.1527],[24.40876,62.158],[24.39806,62.16321],[24.38917,62.16641],[24.36041,62.16427],[24.33595,62.16804],[24.33813,62.17078],[24.29329,62.19533],[24.25273,62.25232],[24.14448,62.2525],[24.08078,62.27641],[24.07584,62.29695],[24.066,62.30178],[24.0518,62.30169],[24.02481,62.31335],[24.013,62.36333],[23.99545,62.37689],[23.95424,62.38683],[23.92422,62.39062],[23.90736,62.41404],[23.9105,62.42413],[23.90179,62.43574],[23.91209,62.45755],[23.89914,62.48449],[23.86736,62.48543],[23.86818,62.46021],[23.83911,62.45958],[23.83523,62.49434],[23.80382,62.47797],[23.8174,62.46682],[23.80748,62.46294],[23.77639,62.45931],[23.75977,62.45569],[23.66371,62.40864],[23.50341,62.41464],[23.51806,62.36805],[23.47504,62.38269],[23.44517,62.37538],[23.42276,62.37832],[23.3901,62.3892],[23.37169,62.4048],[23.35629,62.41217],[23.33776,62.42508],[23.27508,62.4079],[23.25011,62.37564],[23.23596,62.35818],[23.22395,62.3483],[23.21782,62.33417],[23.14452,62.3192],[22.99436,62.2889],[22.89687,62.26901],[22.83125,62.27088],[22.83445,62.25625],[22.83992,62.23907],[22.84227,62.23685],[22.84773,62.19678],[22.84145,62.18687],[22.86163,62.17256],[22.83063,62.16202],[22.8231,62.1613],[22.81941,62.16569],[22.77089,62.15439],[22.76433,62.14164],[22.78024,62.06072],[22.69587,62.05086],[22.68377,62.05369],[22.6021,62.03708],[22.56405,62.01073],[22.5393,62.00075],[22.5226,61.99811],[22.57276,61.98276],[22.5946,61.97411],[22.62079,61.96854],[22.65501,61.96526],[22.65651,61.95491],[22.64664,61.95211],[22.66594,61.93067],[22.68321,61.92165],[22.73076,61.91551],[22.73873,61.91064],[22.73482,61.8898],[22.78206,61.88066],[22.78819,61.87063],[22.73674,61.85999],[22.74737,61.84853],[22.76686,61.85463],[22.79184,61.83434],[22.82842,61.81522],[22.80224,61.76784],[22.78637,61.75534],[22.7766,61.75234],[22.75896,61.7569],[22.72854,61.74975],[22.7334,61.74274],[22.71898,61.73639],[22.69925,61.73941],[22.6937,61.73777],[22.67944,61.72577],[22.69101,61.70255],[22.6873,61.69908],[22.64717,61.6965],[22.65389,61.68209],[22.64842,61.66774],[22.655,61.65406],[22.68542,61.66064],[22.68952,61.67494],[22.70813,61.67117],[22.71258,61.66872],[22.71429,61.65355],[22.72493,61.64496],[22.70427,61.62387],[22.66091,61.64165],[22.69605,61.59976],[22.64583,61.58414],[22.64088,61.5612],[22.60272,61.5425],[22.58248,61.54831],[22.43416,61.48892],[22.50918,61.42815],[22.56141,61.41956],[22.57423,61.39688],[22.55838,61.39429],[22.5914,61.34212],[22.55945,61.33092],[22.59911,61.30198],[22.61876,61.29169],[22.64544,61.24662],[22.65333,61.24455],[22.76787,61.24634],[22.84552,61.22939],[22.85606,61.23584],[22.88211,61.22609],[22.87212,61.22264],[22.93422,61.20498],[22.95605,61.1766],[22.91507,61.17878],[22.92418,61.14199],[22.94125,61.13664],[22.94242,61.12444],[22.96583,61.1204],[22.97194,61.11585],[22.91568,61.08654],[22.93629,61.07289],[22.9955,61.08777],[23.00623,61.07495],[23.00127,61.07071],[22.95994,61.05881],[22.9685,61.04325],[23.01628,61.0224],[23.05536,61.03099],[23.10744,61.0339],[23.14808,61.03141],[23.15809,61.02319],[23.16505,61.00545],[23.19537,61.00122]]]}},{"type":"Feature","properties":{"maakunta":"07","name":"Päijät-Häme","name_sv":"Päijänne-Tavastland","bb":[60.67148,24.85549,61.80141,26.54497],"c":[61.18385,25.75851]},"geometry":{"type":"Polygon","coordinates":[[[25.11097,60.81858],[25.12101,60.8164],[25.18927,60.82034],[25.1843,60.82509],[25.18823,60.83447],[25.19606,60.83972],[25.20911,60.84085],[25.22117,60.80404],[25.28473,60.77623],[25.29812,60.75196],[25.31909,60.76097],[25.38218,60.7534],[25.4333,60.79545],[25.47452,60.79269],[25.51365,60.74812],[25.52542,60.71943],[25.51928,60.70389],[25.61087,60.67148],[25.61235,60.67863],[25.61779,60.68031],[25.63427,60.68098],[25.65724,60.69073],[25.67955,60.69155],[25.69737,60.70786],[25.72301,60.71842],[25.74675,60.70806],[25.83486,60.71495],[25.85937,60.73202],[25.91493,60.73587],[25.93352,60.70594],[26.02778,60.71663],[26.10924,60.68638],[26.14181,60.6905],[26.16329,60.70076],[26.21426,60.71625],[26.22384,60.72927],[26.20836,60.75799],[26.22921,60.74784],[26.25315,60.7481],[26.2537,60.76101],[26.25978,60.76234],[26.27098,60.76035],[26.27753,60.75395],[26.30013,60.74921],[26.30508,60.75334],[26.37442,60.76111],[26.36839,60.76878],[26.39689,60.77941],[26.37886,60.80554],[26.42879,60.81633],[26.45276,60.81662],[26.47278,60.82383],[26.48699,60.83051],[26.51139,60.84062],[26.45999,60.87355],[26.46381,60.87724],[26.49103,60.87345],[26.53862,60.87186],[26.54497,60.88382],[26.5354,60.93763],[26.51906,60.96058],[26.50794,60.97367],[26.49545,60.99065],[26.50436,61.0098],[26.46021,61.01422],[26.42305,61.01206],[26.40495,61.01632],[26.38634,61.02775],[26.37535,61.02805],[26.3551,61.02257],[26.34619,61.00047],[26.331,61.00007],[26.32209,61.00431],[26.30528,61.00351],[26.28572,61.0129],[26.26581,61.01166],[26.24909,61.03993],[26.26732,61.06983],[26.31097,61.10665],[26.2565,61.10534],[26.25522,61.11219],[26.23445,61.13],[26.26901,61.14954],[26.27055,61.16301],[26.34775,61.17369],[26.38548,61.18814],[26.39644,61.21373],[26.4313,61.23731],[26.42497,61.2515],[26.44357,61.25639],[26.444,61.26279],[26.48393,61.26512],[26.51366,61.27433],[26.50461,61.28031],[26.48307,61.32284],[26.41095,61.32545],[26.39957,61.32202],[26.31582,61.35985],[26.31824,61.3709],[26.28753,61.36633],[26.28513,61.36819],[26.28653,61.3763],[26.31972,61.39872],[26.26485,61.42583],[26.24366,61.44645],[26.29325,61.46435],[26.28663,61.48191],[26.27315,61.48923],[26.25611,61.50928],[26.2685,61.52406],[26.29246,61.52499],[26.29941,61.54506],[26.28355,61.55348],[26.26124,61.57988],[26.30137,61.57851],[26.31966,61.57197],[26.31504,61.60845],[26.29946,61.62738],[26.31441,61.63972],[26.30028,61.6538],[26.28308,61.6567],[26.2671,61.64174],[26.22615,61.6417],[26.19181,61.65003],[26.16097,61.61605],[26.13759,61.61953],[26.13834,61.62985],[26.12836,61.6378],[26.10516,61.64455],[26.07038,61.67242],[26.0844,61.68907],[26.08106,61.70974],[26.06641,61.71877],[26.06726,61.72547],[26.05247,61.73834],[26.04549,61.72569],[26.01574,61.72049],[25.9976,61.72895],[25.98031,61.74717],[25.98385,61.7596],[25.94749,61.77132],[25.92164,61.78735],[25.90752,61.76507],[25.85846,61.76208],[25.88332,61.79462],[25.84496,61.80141],[25.85613,61.78078],[25.83129,61.768],[25.77118,61.68507],[25.74277,61.69251],[25.74866,61.69871],[25.74891,61.70481],[25.7258,61.71092],[25.69013,61.71413],[25.675,61.7141],[25.66437,61.71589],[25.63908,61.69492],[25.60842,61.68069],[25.56702,61.67359],[25.53101,61.67687],[25.50133,61.67686],[25.50664,61.63392],[25.43743,61.48691],[25.27585,61.48017],[25.25614,61.47273],[25.18329,61.47836],[25.14777,61.45922],[25.11812,61.47299],[25.09354,61.47164],[25.07951,61.4666],[24.97048,61.4507],[24.85995,61.47598],[24.85549,61.46943],[24.86237,61.45802],[24.87689,61.43722],[24.9124,61.41584],[24.89396,61.39126],[24.9048,61.38868],[24.88925,61.35569],[24.91394,61.32488],[24.92104,61.31434],[24.9207,61.28653],[24.92525,61.28186],[24.93045,61.28049],[24.94881,61.2906],[24.97593,61.27539],[24.99408,61.2794],[25.01282,61.29107],[25.02938,61.24615],[25.09685,61.256],[25.18696,61.23997],[25.20282,61.24094],[25.19975,61.22212],[25.22348,61.21225],[25.25987,61.18589],[25.24983,61.17635],[25.25803,61.15978],[25.2537,61.14885],[25.24215,61.14625],[25.23644,61.13991],[25.2462,61.13125],[25.23994,61.11455],[25.22565,61.11107],[25.2127,61.10335],[25.19808,61.07625],[25.17014,61.07399],[25.15227,61.06299],[25.057,61.05006],[25.03963,61.03432],[25.0287,61.03095],[25.04542,61.01664],[25.02612,61.00428],[25.02739,60.99365],[25.04834,60.99297],[25.05938,60.9859],[25.04026,60.96759],[25.02588,60.96175],[25.00754,60.92793],[25.04628,60.92771],[25.09377,60.919],[25.10811,60.86508],[25.09796,60.86515],[25.08898,60.86104],[25.07857,60.83924],[25.09235,60.82227],[25.10372,60.8229],[25.11097,60.81858]]]}},{"type":"Feature","properties":{"maakunta":"08","name":"Kymenlaakso","name_sv":"Kymmenedalen","bb":[60.27283,26.23445,61.29258,27.99128],"c":[60.81343,26.97248]},"geometry":{"type":"MultiPolygon","coordinates":[[[[27.75829,60.56764],[27.76329,60.57052],[27.74837,60.5762],[27.74494,60.57518],[27.75445,60.5681],[27.75829,60.56764]]],[[[27.17541,60.56227],[27.18115,60.56526],[27.17563,60.56965],[27.17275,60.56488],[27.17541,60.56227]]],[[[27.2029,60.55507],[27.20702,60.55885],[27.19773,60.55985],[27.19875,60.55633],[27.2029,60.55507]]],[[[27.76376,60.55289],[27.7687,60.55368],[27.76314,60.55801],[27.75843,60.55685],[27.76376,60.55289]]],[[[27.73223,60.51505],[27.72708,60.52334],[27.71986,60.52111],[27.72231,60.51854],[27.73223,60.51505]]],[[[27.06479,60.51335],[27.07219,60.51335],[27.07162,60.51702],[27.06061,60.51512],[27.06479,60.51335]]],[[[27.22208,60.50778],[27.22907,60.50925],[27.23077,60.51314],[27.22415,60.51437],[27.21643,60.51131],[27.22208,60.50778]]],[[[27.27826,60.507],[27.27944,60.51139],[27.27495,60.51425],[27.26715,60.51672],[27.26435,60.51511],[27.27121,60.50857],[27.27826,60.507]]],[[[27.75226,60.50423],[27.75857,60.5066],[27.75203,60.50952],[27.74738,60.50721],[27.75226,60.50423]]],[[[27.1807,60.50535],[27.17625,60.5097],[27.17222,60.50603],[27.1807,60.50535]]],[[[27.07987,60.49872],[27.08231,60.49874],[27.09609,60.5049],[27.08754,60.50753],[27.08517,60.50406],[27.0792,60.50255],[27.07987,60.49872]]],[[[27.37575,60.49673],[27.38031,60.50067],[27.3726,60.50213],[27.37575,60.49673]]],[[[27.49425,60.4935],[27.49087,60.49806],[27.48473,60.49579],[27.49425,60.4935]]],[[[27.02109,60.49331],[27.02489,60.49578],[27.01974,60.49764],[27.0211,60.50571],[27.01642,60.5056],[27.01729,60.49478],[27.02109,60.49331]]],[[[27.51748,60.49051],[27.52092,60.491],[27.51443,60.49775],[27.5091,60.49554],[27.51363,60.49099],[27.51748,60.49051]]],[[[27.31144,60.48974],[27.31401,60.49118],[27.30876,60.49595],[27.30319,60.49512],[27.31144,60.48974]]],[[[27.37629,60.48662],[27.38108,60.49038],[27.37971,60.49296],[27.36703,60.4954],[27.3619,60.49893],[27.34352,60.49462],[27.3383,60.49448],[27.34025,60.48889],[27.34871,60.48762],[27.35518,60.48923],[27.36719,60.48935],[27.37629,60.48662]]],[[[27.15548,60.48046],[27.16176,60.48293],[27.15876,60.48688],[27.15253,60.48606],[27.15548,60.48046]]],[[[27.32761,60.47565],[27.32991,60.47783],[27.32475,60.48128],[27.32114,60.47901],[27.32761,60.47565]]],[[[27.75476,60.47303],[27.75617,60.47793],[27.75045,60.47859],[27.74781,60.47629],[27.74932,60.47309],[27.75476,60.47303]]],[[[27.54724,60.47385],[27.55224,60.48146],[27.54075,60.48735],[27.53302,60.48487],[27.54261,60.47505],[27.54724,60.47385]]],[[[26.85441,60.46795],[26.85906,60.46994],[26.85812,60.47303],[26.85016,60.47273],[26.85441,60.46795]]],[[[27.58977,60.46572],[27.59339,60.46872],[27.5897,60.47078],[27.57882,60.47195],[27.57689,60.4696],[27.58798,60.46881],[27.58977,60.46572]]],[[[27.16872,60.46323],[27.17451,60.46846],[27.1675,60.47225],[27.15876,60.46939],[27.15994,60.46687],[27.16872,60.46323]]],[[[27.33982,60.46288],[27.34466,60.46298],[27.34321,60.46897],[27.3373,60.47299],[27.33122,60.47352],[27.3283,60.46895],[27.33982,60.46288]]],[[[26.98446,60.46331],[26.98844,60.46757],[26.97749,60.47425],[26.97294,60.48442],[26.96642,60.48382],[26.96579,60.47827],[26.97352,60.47321],[26.97616,60.46636],[26.98446,60.46331]]],[[[27.46943,60.45789],[27.47045,60.46042],[27.46439,60.46429],[27.46145,60.46331],[27.46599,60.45854],[27.46943,60.45789]]],[[[27.22276,60.45777],[27.22698,60.45919],[27.22896,60.46378],[27.22859,60.46848],[27.22044,60.47017],[27.2146,60.46313],[27.22276,60.45777]]],[[[27.578,60.45547],[27.58097,60.45795],[27.57488,60.46084],[27.56764,60.45811],[27.578,60.45547]]],[[[27.72882,60.45459],[27.72903,60.46146],[27.73212,60.4677],[27.72491,60.46767],[27.71448,60.46277],[27.72341,60.45861],[27.72882,60.45459]]],[[[27.70907,60.45448],[27.71148,60.46093],[27.70867,60.46222],[27.70137,60.45999],[27.70907,60.45448]]],[[[26.76848,60.45551],[26.78291,60.45841],[26.77506,60.46252],[26.76841,60.46204],[26.7696,60.46565],[26.76341,60.46847],[26.75951,60.47387],[26.74965,60.47418],[26.75435,60.46687],[26.76303,60.46378],[26.76719,60.45998],[26.76848,60.45551]]],[[[27.23573,60.45533],[27.24173,60.45996],[27.23661,60.46114],[27.23165,60.45693],[27.23573,60.45533]]],[[[27.37993,60.45083],[27.37667,60.45487],[27.37191,60.4529],[27.37993,60.45083]]],[[[26.90596,60.45121],[26.91265,60.45574],[26.91022,60.45944],[26.90299,60.46092],[26.89444,60.4608],[26.89738,60.45449],[26.90596,60.45121]]],[[[26.86497,60.45055],[26.86864,60.45342],[26.86372,60.45717],[26.85627,60.45777],[26.86044,60.45202],[26.86497,60.45055]]],[[[26.85079,60.44974],[26.85646,60.44993],[26.8545,60.45507],[26.8511,60.45662],[26.8372,60.45616],[26.83218,60.45311],[26.83983,60.45169],[26.8459,60.4524],[26.85079,60.44974]]],[[[27.53433,60.44768],[27.5432,60.44772],[27.53922,60.45264],[27.53125,60.4556],[27.52594,60.45616],[27.51996,60.4512],[27.52822,60.45018],[27.53433,60.44768]]],[[[27.39739,60.44744],[27.41208,60.44998],[27.41892,60.45687],[27.41722,60.45994],[27.41241,60.46028],[27.40824,60.46356],[27.39852,60.46658],[27.38726,60.4656],[27.38009,60.47201],[27.37225,60.47498],[27.36291,60.47489],[27.37218,60.46458],[27.37538,60.45848],[27.38307,60.45389],[27.38377,60.45026],[27.3916,60.45055],[27.39739,60.44744]]],[[[26.93858,60.44648],[26.94363,60.44711],[26.95011,60.45207],[26.9542,60.4595],[26.96281,60.46637],[26.96385,60.47211],[26.94898,60.47441],[26.94157,60.46975],[26.93086,60.46679],[26.92025,60.46494],[26.91939,60.45933],[26.93005,60.45456],[26.9288,60.45135],[26.93858,60.44648]]],[[[27.23141,60.44573],[27.23291,60.44778],[27.22258,60.45508],[27.21817,60.45352],[27.22159,60.44983],[27.23141,60.44573]]],[[[27.35234,60.44518],[27.35846,60.44863],[27.35461,60.45225],[27.35075,60.45202],[27.34604,60.44791],[27.35234,60.44518]]],[[[27.29865,60.44445],[27.29956,60.44826],[27.28728,60.44851],[27.29865,60.44445]]],[[[27.63363,60.44302],[27.63587,60.4474],[27.6279,60.4485],[27.63363,60.44302]]],[[[27.18945,60.44412],[27.1835,60.45047],[27.18876,60.45415],[27.1767,60.45842],[27.17126,60.45646],[27.16478,60.46064],[27.15578,60.45933],[27.15948,60.45392],[27.16691,60.4528],[27.17826,60.4482],[27.18289,60.4478],[27.18392,60.44414],[27.18945,60.44412]]],[[[26.75712,60.43837],[26.75801,60.44565],[26.74821,60.44656],[26.74902,60.44122],[26.75712,60.43837]]],[[[27.04595,60.43716],[27.05964,60.44092],[27.05898,60.44389],[27.05246,60.44538],[27.04606,60.44308],[27.04595,60.43716]]],[[[27.04925,60.43094],[27.05311,60.43531],[27.04548,60.4346],[27.04925,60.43094]]],[[[27.0845,60.42862],[27.08903,60.43148],[27.09179,60.43661],[27.08283,60.43534],[27.07617,60.43063],[27.0845,60.42862]]],[[[27.54282,60.42738],[27.55061,60.42978],[27.55426,60.4375],[27.55291,60.44092],[27.54414,60.44157],[27.53914,60.43943],[27.53713,60.43096],[27.54282,60.42738]]],[[[27.31267,60.42504],[27.30682,60.4299],[27.30295,60.43504],[27.29828,60.43267],[27.30223,60.42908],[27.31267,60.42504]]],[[[26.45316,60.48613],[26.45577,60.48976],[26.47044,60.48469],[26.47687,60.47379],[26.48458,60.46974],[26.48484,60.46553],[26.49732,60.46025],[26.50011,60.45711],[26.50713,60.45618],[26.50977,60.45239],[26.51694,60.45052],[26.51829,60.44788],[26.52722,60.44951],[26.53235,60.45232],[26.54176,60.44779],[26.54104,60.4445],[26.55197,60.43482],[26.5593,60.43188],[26.5711,60.43127],[26.57141,60.4388],[26.56593,60.44021],[26.56083,60.451],[26.56376,60.45592],[26.57288,60.45292],[26.57691,60.45952],[26.58145,60.46061],[26.59673,60.46067],[26.60395,60.45815],[26.60714,60.45905],[26.61747,60.45661],[26.62285,60.46045],[26.63141,60.45846],[26.6404,60.45419],[26.64189,60.44813],[26.64776,60.44642],[26.64973,60.44317],[26.65032,60.43639],[26.65399,60.43392],[26.66345,60.43094],[26.66854,60.42611],[26.67475,60.42483],[26.67743,60.42884],[26.67861,60.43464],[26.69161,60.43314],[26.69772,60.43354],[26.70287,60.43189],[26.70941,60.43198],[26.7078,60.43619],[26.7152,60.43801],[26.71934,60.4449],[26.72065,60.45024],[26.72443,60.45214],[26.73386,60.4506],[26.74413,60.45216],[26.74604,60.45413],[26.73909,60.46505],[26.74122,60.46781],[26.73546,60.4768],[26.73475,60.48013],[26.74216,60.48444],[26.75057,60.48085],[26.75201,60.47696],[26.75864,60.47843],[26.76498,60.47723],[26.77139,60.4815],[26.77414,60.48873],[26.78112,60.49277],[26.78981,60.49147],[26.79683,60.48648],[26.79153,60.48296],[26.7842,60.48221],[26.78038,60.4793],[26.77055,60.47713],[26.76447,60.47344],[26.76442,60.47058],[26.77456,60.46444],[26.78482,60.46149],[26.78791,60.45642],[26.79621,60.45495],[26.79773,60.45676],[26.80737,60.45844],[26.82179,60.46502],[26.8258,60.46492],[26.82921,60.46034],[26.83428,60.45965],[26.84612,60.46348],[26.84552,60.47328],[26.84904,60.47598],[26.85606,60.47769],[26.87141,60.47095],[26.88661,60.47493],[26.88818,60.48208],[26.89093,60.48426],[26.89944,60.48153],[26.90044,60.47704],[26.90881,60.47675],[26.90897,60.47231],[26.9164,60.46831],[26.93056,60.46868],[26.9358,60.47222],[26.92909,60.47629],[26.93281,60.47739],[26.94367,60.47667],[26.94904,60.48238],[26.94229,60.49153],[26.92125,60.4874],[26.91192,60.49837],[26.9177,60.49879],[26.92294,60.49528],[26.9301,60.49475],[26.93606,60.49948],[26.94163,60.49955],[26.94036,60.49579],[26.94586,60.49363],[26.94801,60.49036],[26.95477,60.48599],[26.96974,60.49008],[26.97508,60.4962],[26.9826,60.49179],[26.98834,60.49532],[26.98857,60.49876],[26.97601,60.50819],[26.98051,60.51234],[27.01192,60.50913],[27.01226,60.51305],[27.0224,60.51801],[27.01928,60.52707],[27.01271,60.53033],[27.01308,60.53692],[27.00645,60.5402],[27.00516,60.54857],[27.00775,60.55452],[27.01814,60.55347],[27.02462,60.54659],[27.0249,60.54098],[27.02305,60.53836],[27.03022,60.53672],[27.03406,60.53426],[27.02971,60.532],[27.03618,60.52716],[27.03682,60.52167],[27.04178,60.52233],[27.04697,60.52541],[27.05334,60.52648],[27.05591,60.5294],[27.06288,60.52905],[27.06432,60.53142],[27.05891,60.53314],[27.06246,60.5377],[27.05077,60.53728],[27.04676,60.53811],[27.04269,60.54274],[27.04764,60.55042],[27.0693,60.53823],[27.0657,60.53559],[27.06934,60.53381],[27.0778,60.53571],[27.093,60.53197],[27.09664,60.53456],[27.09032,60.54109],[27.09575,60.54618],[27.10444,60.54462],[27.10988,60.53785],[27.12103,60.5317],[27.12788,60.52913],[27.13639,60.53039],[27.14798,60.53614],[27.15773,60.53907],[27.16005,60.5355],[27.1488,60.53281],[27.13197,60.52623],[27.13059,60.52262],[27.13739,60.5203],[27.14441,60.52226],[27.1584,60.51792],[27.16295,60.51971],[27.17008,60.52564],[27.1812,60.52716],[27.18181,60.5297],[27.17551,60.53364],[27.17219,60.54091],[27.1749,60.54936],[27.17385,60.55386],[27.16679,60.558],[27.17298,60.56208],[27.17085,60.56485],[27.16437,60.56671],[27.16137,60.57014],[27.17165,60.57411],[27.18505,60.57145],[27.18575,60.56566],[27.18412,60.56126],[27.20122,60.56302],[27.22179,60.55931],[27.22271,60.55312],[27.24398,60.54852],[27.25534,60.54163],[27.26292,60.53954],[27.26928,60.53555],[27.27631,60.53576],[27.27915,60.53074],[27.26654,60.52897],[27.25575,60.53179],[27.26057,60.53615],[27.24655,60.53824],[27.23925,60.53835],[27.23505,60.54546],[27.22292,60.54786],[27.20769,60.55354],[27.19972,60.55367],[27.19218,60.55139],[27.18979,60.54729],[27.19197,60.54125],[27.20076,60.53673],[27.20444,60.53039],[27.20249,60.52758],[27.19657,60.52552],[27.19654,60.51608],[27.20436,60.51822],[27.21732,60.51551],[27.22199,60.51889],[27.22886,60.52061],[27.23288,60.52698],[27.2407,60.52452],[27.24989,60.52583],[27.25472,60.52478],[27.25667,60.5204],[27.26729,60.51864],[27.28259,60.51162],[27.28505,60.51571],[27.2934,60.5191],[27.30438,60.52193],[27.30966,60.51793],[27.30421,60.51312],[27.31599,60.51049],[27.32214,60.50726],[27.33525,60.50566],[27.33254,60.51111],[27.33607,60.51351],[27.34322,60.5065],[27.34813,60.50802],[27.35557,60.50798],[27.3602,60.50567],[27.36506,60.50044],[27.37071,60.50145],[27.37034,60.50525],[27.35868,60.51157],[27.36539,60.51311],[27.37294,60.50964],[27.388,60.49952],[27.3836,60.49516],[27.39177,60.49381],[27.40689,60.48413],[27.4107,60.48304],[27.41002,60.47558],[27.41202,60.47219],[27.4243,60.46898],[27.42692,60.4651],[27.43361,60.46566],[27.43347,60.47005],[27.44787,60.47355],[27.45337,60.47255],[27.46018,60.46786],[27.47539,60.46091],[27.48623,60.46047],[27.4938,60.46506],[27.48201,60.47621],[27.48224,60.47946],[27.47516,60.47911],[27.46675,60.48023],[27.45759,60.48673],[27.45726,60.48947],[27.46728,60.49671],[27.46944,60.50024],[27.4815,60.50006],[27.48431,60.50206],[27.48097,60.50476],[27.49043,60.5109],[27.50133,60.50548],[27.50094,60.5022],[27.50884,60.50224],[27.51781,60.49767],[27.52287,60.49725],[27.53617,60.49267],[27.54162,60.4966],[27.55402,60.49295],[27.55803,60.48921],[27.56626,60.48843],[27.56534,60.48258],[27.57674,60.47493],[27.59946,60.4697],[27.61841,60.46741],[27.62103,60.4727],[27.61333,60.47527],[27.60761,60.47942],[27.59754,60.48018],[27.58915,60.48539],[27.58829,60.49181],[27.58325,60.49176],[27.571,60.50068],[27.56845,60.50571],[27.57673,60.50861],[27.5765,60.51119],[27.58251,60.51238],[27.59672,60.51149],[27.60339,60.51355],[27.6056,60.51903],[27.60393,60.52206],[27.60641,60.52523],[27.6161,60.52432],[27.62297,60.52641],[27.64673,60.52059],[27.64882,60.5196],[27.64462,60.51424],[27.63902,60.51469],[27.63293,60.51266],[27.62622,60.51835],[27.62165,60.5169],[27.6107,60.51774],[27.60783,60.50893],[27.59663,60.50851],[27.59568,60.50186],[27.58727,60.49616],[27.59045,60.49234],[27.59976,60.4915],[27.60933,60.48786],[27.61713,60.48166],[27.63093,60.48312],[27.63288,60.48651],[27.6267,60.49221],[27.63483,60.49311],[27.64623,60.49166],[27.65254,60.4924],[27.65583,60.48883],[27.66126,60.49],[27.67875,60.48454],[27.68359,60.48469],[27.68916,60.48737],[27.69032,60.49204],[27.70072,60.49481],[27.71252,60.49312],[27.72232,60.48983],[27.73326,60.49001],[27.737,60.48586],[27.74299,60.48628],[27.73871,60.4919],[27.74246,60.49401],[27.7425,60.49948],[27.74483,60.50342],[27.74139,60.50624],[27.73087,60.5086],[27.73111,60.51341],[27.72219,60.51077],[27.71253,60.51388],[27.7072,60.51765],[27.71473,60.52063],[27.71831,60.52728],[27.73487,60.52376],[27.74445,60.52006],[27.74484,60.52314],[27.74133,60.5277],[27.73549,60.52961],[27.71951,60.53257],[27.72664,60.53533],[27.72018,60.53986],[27.71582,60.54032],[27.71484,60.545],[27.72,60.54667],[27.72257,60.55136],[27.71907,60.55678],[27.72122,60.56167],[27.71562,60.56427],[27.73629,60.57028],[27.72476,60.57657],[27.7328,60.57801],[27.73728,60.58192],[27.74748,60.58095],[27.75799,60.58224],[27.76725,60.58118],[27.77217,60.57878],[27.76925,60.57659],[27.769,60.56927],[27.77291,60.56413],[27.77765,60.56205],[27.77788,60.55046],[27.78226,60.54831],[27.7888,60.54873],[27.7963,60.54491],[27.8144,60.55427],[27.8475,60.56138],[27.84234,60.56587],[27.84463,60.57488],[27.84451,60.5805],[27.84924,60.58353],[27.87343,60.60455],[27.99128,60.66898],[27.95147,60.66716],[27.95714,60.67737],[27.95273,60.68598],[27.90193,60.69639],[27.88058,60.71337],[27.8593,60.74105],[27.85115,60.76517],[27.79292,60.7692],[27.77327,60.7589],[27.75134,60.75758],[27.72754,60.76279],[27.71043,60.78995],[27.71388,60.79533],[27.67822,60.80164],[27.60604,60.80584],[27.54966,60.79783],[27.50472,60.79923],[27.45284,60.82059],[27.42836,60.84264],[27.37262,60.87899],[27.3047,60.89361],[27.21322,60.90405],[27.18435,60.92479],[27.13611,60.95125],[27.12107,60.96402],[27.12943,60.96689],[27.15259,60.95312],[27.18486,60.95086],[27.24166,60.96348],[27.24832,60.97031],[27.24166,60.97319],[27.21918,60.9698],[27.20722,60.99971],[27.19296,61.00766],[27.17331,60.99799],[27.14115,61.01055],[27.14802,61.02126],[27.15952,61.02774],[27.14687,61.04791],[27.15288,61.0708],[27.1615,61.07156],[27.18501,61.08605],[27.22849,61.0902],[27.21345,61.10326],[27.2018,61.10656],[27.19019,61.10158],[27.17669,61.10694],[27.18541,61.11186],[27.18687,61.12107],[27.2183,61.14279],[27.20582,61.16247],[27.16672,61.16099],[27.12089,61.16441],[27.11151,61.15793],[27.09632,61.15534],[27.03117,61.15206],[26.91213,61.18316],[26.92953,61.21004],[26.92076,61.22575],[26.89083,61.24245],[26.89672,61.24409],[26.87802,61.27814],[26.88122,61.2852],[26.85231,61.28369],[26.78182,61.26999],[26.77194,61.26616],[26.77336,61.25854],[26.76055,61.23962],[26.74545,61.22968],[26.66132,61.20688],[26.62988,61.22103],[26.6711,61.24359],[26.62914,61.29258],[26.56171,61.27055],[26.54958,61.27702],[26.51366,61.27433],[26.48393,61.26512],[26.444,61.26279],[26.44357,61.25639],[26.42497,61.2515],[26.4313,61.23731],[26.39644,61.21373],[26.38548,61.18814],[26.34775,61.17369],[26.27055,61.16301],[26.26901,61.14954],[26.23445,61.13],[26.25522,61.11219],[26.2565,61.10534],[26.31097,61.10665],[26.26732,61.06983],[26.24909,61.03993],[26.26581,61.01166],[26.28572,61.0129],[26.30528,61.00351],[26.32209,61.00431],[26.331,61.00007],[26.34619,61.00047],[26.3551,61.02257],[26.37535,61.02805],[26.38634,61.02775],[26.40495,61.01632],[26.42305,61.01206],[26.46021,61.01422],[26.50436,61.0098],[26.49545,60.99065],[26.50794,60.97367],[26.51906,60.96058],[26.5354,60.93763],[26.54497,60.88382],[26.53862,60.87186],[26.49103,60.87345],[26.46381,60.87724],[26.45999,60.87355],[26.51139,60.84062],[26.48699,60.83051],[26.47278,60.82383],[26.45276,60.81662],[26.42879,60.81633],[26.37886,60.80554],[26.39689,60.77941],[26.36839,60.76878],[26.37442,60.76111],[26.30508,60.75334],[26.30013,60.74921],[26.30046,60.73095],[26.33147,60.71189],[26.32507,60.69666],[26.33845,60.67583],[26.36208,60.66822],[26.3471,60.66136],[26.4314,60.64955],[26.45845,60.63908],[26.48185,60.61425],[26.48345,60.59685],[26.51223,60.59898],[26.53866,60.59517],[26.54178,60.57501],[26.54429,60.55491],[26.50061,60.54544],[26.5112,60.52731],[26.48953,60.51351],[26.46811,60.50514],[26.44784,60.49242],[26.45316,60.48613]]],[[[27.07016,60.42469],[27.07108,60.42737],[27.06574,60.43398],[27.06656,60.43757],[27.06159,60.43957],[27.05683,60.43525],[27.05866,60.43033],[27.06307,60.42561],[27.07016,60.42469]]],[[[27.46229,60.42316],[27.46513,60.42471],[27.46094,60.42839],[27.46941,60.43148],[27.46396,60.43404],[27.45893,60.43158],[27.4524,60.43233],[27.44859,60.42975],[27.44925,60.42568],[27.45584,60.42331],[27.46229,60.42316]]],[[[27.04339,60.41944],[27.0477,60.42391],[27.04553,60.4265],[27.03876,60.42321],[27.04339,60.41944]]],[[[26.90658,60.41683],[26.91085,60.41953],[26.90399,60.42437],[26.90642,60.42543],[26.91887,60.42068],[26.92555,60.42451],[26.91713,60.42804],[26.92846,60.42925],[26.92876,60.43145],[26.92224,60.43445],[26.91656,60.43934],[26.91932,60.44563],[26.89752,60.45233],[26.88941,60.45761],[26.89135,60.46303],[26.88504,60.46196],[26.88205,60.46812],[26.878,60.46782],[26.86567,60.46226],[26.87094,60.45705],[26.87086,60.45066],[26.86214,60.44925],[26.84374,60.44787],[26.84431,60.44497],[26.8505,60.44076],[26.85005,60.431],[26.85631,60.43051],[26.86191,60.4326],[26.86368,60.43616],[26.87345,60.43531],[26.87737,60.43267],[26.88632,60.43281],[26.88462,60.42904],[26.88619,60.42574],[26.89799,60.42178],[26.90658,60.41683]]],[[[27.02652,60.41286],[27.03314,60.41435],[27.03296,60.41701],[27.02556,60.41731],[27.01971,60.42142],[27.02986,60.42581],[27.03203,60.42973],[27.03082,60.43663],[27.04158,60.43693],[27.04135,60.44249],[27.038,60.44515],[27.03074,60.44736],[27.0369,60.45125],[27.03312,60.45757],[27.02716,60.45496],[27.00997,60.45215],[27.00549,60.44719],[27.00597,60.44256],[26.99935,60.44096],[26.99613,60.43609],[26.98888,60.43281],[26.995,60.42612],[27.00198,60.42578],[27.00127,60.4198],[27.00708,60.41522],[27.01451,60.41523],[27.02652,60.41286]]],[[[26.87358,60.41269],[26.883,60.41586],[26.88426,60.41836],[26.87593,60.42023],[26.87125,60.4186],[26.87358,60.41269]]],[[[27.10843,60.40998],[27.11845,60.41454],[27.11865,60.42294],[27.1117,60.42304],[27.10843,60.40998]]],[[[27.08007,60.4085],[27.08021,60.41306],[27.07633,60.41846],[27.06849,60.4192],[27.06849,60.42205],[27.06248,60.42392],[27.05756,60.42224],[27.06631,60.41748],[27.06933,60.41339],[27.07598,60.40883],[27.08007,60.4085]]],[[[27.04278,60.40745],[27.04898,60.41032],[27.04337,60.41495],[27.03868,60.41209],[27.04278,60.40745]]],[[[26.73386,60.40642],[26.73689,60.4096],[26.7301,60.41283],[26.73299,60.41778],[26.73363,60.42262],[26.73998,60.42346],[26.74561,60.42196],[26.75941,60.42175],[26.76112,60.4249],[26.75037,60.43156],[26.74754,60.43466],[26.74117,60.43694],[26.73732,60.43281],[26.74062,60.43176],[26.73896,60.42795],[26.72896,60.42833],[26.72853,60.42052],[26.72646,60.4166],[26.72219,60.414],[26.72652,60.40852],[26.73386,60.40642]]],[[[26.98902,60.40653],[26.99592,60.4094],[26.99435,60.41483],[26.98972,60.42173],[26.98318,60.427],[26.97752,60.42433],[26.98271,60.42009],[26.98155,60.41415],[26.97902,60.41167],[26.98528,60.40728],[26.98902,60.40653]]],[[[27.39677,60.40478],[27.40064,60.40763],[27.39559,60.41282],[27.3867,60.41449],[27.38408,60.40999],[27.39677,60.40478]]],[[[26.67563,60.40021],[26.68266,60.40543],[26.679,60.41024],[26.6702,60.40986],[26.67373,60.40607],[26.67563,60.40021]]],[[[27.42214,60.39661],[27.42469,60.40005],[27.41688,60.40595],[27.42539,60.40677],[27.4233,60.41665],[27.41746,60.41671],[27.41186,60.4128],[27.41099,60.40896],[27.4047,60.40613],[27.41045,60.40138],[27.41687,60.39988],[27.42214,60.39661]]],[[[26.9225,60.39528],[26.92903,60.39827],[26.92633,60.40378],[26.92156,60.40238],[26.91895,60.39709],[26.9225,60.39528]]],[[[26.69745,60.39],[26.69991,60.39133],[26.70157,60.39709],[26.69587,60.39889],[26.68919,60.40445],[26.68259,60.40224],[26.68047,60.39868],[26.68819,60.39831],[26.69479,60.39577],[26.69411,60.39009],[26.69745,60.39]]],[[[27.42683,60.38113],[27.43964,60.38501],[27.44176,60.38787],[27.42787,60.39148],[27.42815,60.38727],[27.4218,60.38619],[27.42683,60.38113]]],[[[27.50927,60.37757],[27.50453,60.38438],[27.50025,60.38433],[27.50927,60.37757]]],[[[26.54614,60.37477],[26.55507,60.38154],[26.54887,60.38558],[26.55172,60.38882],[26.54357,60.39626],[26.54862,60.40103],[26.55456,60.40048],[26.56185,60.40478],[26.57328,60.4031],[26.57805,60.40646],[26.58771,60.41054],[26.59133,60.40691],[26.59795,60.40784],[26.60277,60.41251],[26.60947,60.41118],[26.62121,60.41323],[26.62178,60.41605],[26.63199,60.41736],[26.63325,60.41389],[26.64081,60.41304],[26.64109,60.41765],[26.64556,60.41781],[26.65513,60.41565],[26.65988,60.41816],[26.65292,60.42567],[26.64801,60.42787],[26.64976,60.43047],[26.64365,60.43472],[26.63707,60.43385],[26.63136,60.43837],[26.62107,60.43889],[26.61286,60.44274],[26.59745,60.44755],[26.59172,60.44306],[26.58704,60.44378],[26.57631,60.43973],[26.57343,60.43571],[26.57388,60.43132],[26.57677,60.42885],[26.58262,60.43064],[26.58754,60.42673],[26.58695,60.42293],[26.57542,60.42364],[26.57103,60.42003],[26.56027,60.42059],[26.55741,60.41316],[26.54678,60.40731],[26.54029,60.41],[26.53207,60.41091],[26.52636,60.41439],[26.51573,60.41611],[26.50906,60.42118],[26.50452,60.41899],[26.50807,60.41252],[26.50476,60.40705],[26.51357,60.40141],[26.5089,60.39927],[26.51795,60.39524],[26.51692,60.39303],[26.53784,60.38325],[26.53612,60.37875],[26.54068,60.37543],[26.54614,60.37477]]],[[[27.05345,60.37174],[27.06543,60.37461],[27.06662,60.38887],[27.06026,60.39476],[27.06157,60.39679],[27.07034,60.39813],[27.06203,60.40442],[27.0569,60.4044],[27.05268,60.40172],[27.04717,60.4014],[27.03847,60.40621],[27.02293,60.41009],[27.01235,60.40741],[27.01678,60.40138],[27.01989,60.39377],[27.03329,60.38236],[27.03496,60.37707],[27.03814,60.37455],[27.04506,60.37555],[27.05345,60.37174]]],[[[26.96589,60.36834],[26.96538,60.37295],[26.95967,60.37739],[26.95124,60.37706],[26.95134,60.37493],[26.96067,60.36941],[26.96589,60.36834]]],[[[26.5851,60.36657],[26.58994,60.37007],[26.5796,60.37537],[26.57873,60.37045],[26.5851,60.36657]]],[[[26.62854,60.36597],[26.62906,60.37029],[26.6398,60.36843],[26.64373,60.3725],[26.6505,60.37281],[26.65853,60.37714],[26.65263,60.38025],[26.62902,60.37384],[26.62359,60.37184],[26.62205,60.3683],[26.62854,60.36597]]],[[[26.59799,60.35576],[26.60912,60.35984],[26.6097,60.36393],[26.60075,60.36946],[26.5947,60.36827],[26.59277,60.3578],[26.59799,60.35576]]],[[[27.41622,60.35074],[27.43105,60.35291],[27.42811,60.35508],[27.41703,60.3543],[27.41622,60.35074]]],[[[26.77869,60.3446],[26.77979,60.34935],[26.78541,60.35119],[26.78566,60.3563],[26.77837,60.36336],[26.76875,60.36626],[26.7609,60.37136],[26.7456,60.36675],[26.74509,60.36252],[26.75121,60.35544],[26.76111,60.3514],[26.76929,60.34625],[26.77869,60.3446]]],[[[27.25897,60.344],[27.26613,60.34417],[27.26506,60.34734],[27.25632,60.34675],[27.25897,60.344]]],[[[27.46702,60.34216],[27.46855,60.34552],[27.46246,60.35175],[27.45325,60.35281],[27.45334,60.34863],[27.46702,60.34216]]],[[[26.814,60.30761],[26.81698,60.30879],[26.81595,60.31435],[26.80105,60.31502],[26.802,60.30989],[26.814,60.30761]]],[[[27.39692,60.30116],[27.40122,60.30504],[27.39236,60.30464],[27.39692,60.30116]]],[[[27.22464,60.30003],[27.23154,60.30216],[27.22296,60.30389],[27.22464,60.30003]]],[[[27.19509,60.28602],[27.2018,60.28638],[27.20152,60.2897],[27.19591,60.2908],[27.18677,60.28946],[27.18374,60.28705],[27.19509,60.28602]]],[[[27.13788,60.28092],[27.14077,60.28697],[27.14784,60.28592],[27.15455,60.28832],[27.1431,60.29143],[27.13206,60.28554],[27.13788,60.28092]]],[[[27.30384,60.27531],[27.31315,60.27763],[27.31561,60.28108],[27.30762,60.28438],[27.30299,60.28454],[27.29544,60.28142],[27.29653,60.27779],[27.30384,60.27531]]],[[[27.17561,60.27368],[27.18219,60.27689],[27.18141,60.27868],[27.16711,60.27694],[27.17561,60.27368]]],[[[26.60516,60.27283],[26.61027,60.27769],[26.60347,60.2796],[26.59621,60.27752],[26.60088,60.27341],[26.60516,60.27283]]],[[[27.15723,60.27289],[27.16397,60.2734],[27.16454,60.27636],[27.1574,60.27697],[27.15723,60.27289]]]]}},{"type":"Feature","properties":{"maakunta":"09","name":"Etelä-Karjala","name_sv":"Södra Karelen","bb":[60.66716,27.12107,61.86432,30.14391],"c":[61.20143,28.37805]},"geometry":{"type":"Polygon","coordinates":[[[27.20582,61.16247],[27.2183,61.14279],[27.18687,61.12107],[27.18541,61.11186],[27.17669,61.10694],[27.19019,61.10158],[27.2018,61.10656],[27.21345,61.10326],[27.22849,61.0902],[27.18501,61.08605],[27.1615,61.07156],[27.15288,61.0708],[27.14687,61.04791],[27.15952,61.02774],[27.14802,61.02126],[27.14115,61.01055],[27.17331,60.99799],[27.19296,61.00766],[27.20722,60.99971],[27.21918,60.9698],[27.24166,60.97319],[27.24832,60.97031],[27.24166,60.96348],[27.18486,60.95086],[27.15259,60.95312],[27.12943,60.96689],[27.12107,60.96402],[27.13611,60.95125],[27.18435,60.92479],[27.21322,60.90405],[27.3047,60.89361],[27.37262,60.87899],[27.42836,60.84264],[27.45284,60.82059],[27.50472,60.79923],[27.54966,60.79783],[27.60604,60.80584],[27.67822,60.80164],[27.71388,60.79533],[27.71043,60.78995],[27.72754,60.76279],[27.75134,60.75758],[27.77327,60.7589],[27.79292,60.7692],[27.85115,60.76517],[27.8593,60.74105],[27.88058,60.71337],[27.90193,60.69639],[27.95273,60.68598],[27.95714,60.67737],[27.95147,60.66716],[27.99128,60.66898],[28.01517,60.68244],[28.08899,60.72059],[28.13547,60.74087],[28.17428,60.77862],[28.2205,60.78279],[28.25584,60.80995],[28.31191,60.84127],[28.32428,60.85788],[28.33585,60.85425],[28.46543,60.92334],[28.48368,60.929],[28.52461,60.95711],[28.53736,60.95648],[28.57286,60.95169],[28.61482,60.95536],[28.64923,60.94814],[28.655,60.9495],[28.68403,60.97894],[28.71019,61.02698],[28.71385,61.04446],[28.77665,61.07925],[28.80739,61.09601],[28.8191,61.12158],[28.87279,61.13554],[28.88353,61.14233],[28.91495,61.14334],[28.95686,61.15155],[28.98567,61.17381],[29.02197,61.18849],[29.08426,61.21043],[29.16188,61.23666],[29.19982,61.25638],[29.24483,61.27069],[29.24135,61.27606],[29.26554,61.29164],[29.32225,61.34752],[29.44431,61.42447],[29.5031,61.46128],[29.49625,61.4919],[29.55806,61.49234],[29.59167,61.49557],[29.64523,61.52016],[29.64321,61.5261],[29.68872,61.55209],[29.74054,61.57576],[29.75464,61.6031],[29.7894,61.62548],[29.8032,61.63499],[29.81028,61.63556],[29.81868,61.65517],[29.84548,61.67055],[29.86156,61.67709],[29.86814,61.68205],[30.0381,61.7654],[30.04724,61.77327],[30.0713,61.81892],[30.14391,61.85229],[30.13358,61.86432],[30.08242,61.85321],[29.98212,61.82718],[29.96215,61.82177],[29.55927,61.72207],[29.549,61.69007],[29.53835,61.68389],[29.45846,61.669],[29.4042,61.65387],[29.29488,61.597],[29.26157,61.55777],[29.22031,61.56006],[29.04901,61.5337],[29.00919,61.53686],[28.9726,61.53618],[28.95605,61.54066],[28.88673,61.52731],[28.82225,61.53726],[28.81178,61.53578],[28.81787,61.51428],[28.81418,61.50158],[28.79272,61.49526],[28.79144,61.47776],[28.75499,61.48341],[28.73252,61.48129],[28.71965,61.48318],[28.68419,61.47674],[28.67808,61.46833],[28.6486,61.46493],[28.63328,61.46981],[28.58857,61.46845],[28.57744,61.47569],[28.56092,61.47445],[28.52342,61.47777],[28.5254,61.49811],[28.49083,61.51344],[28.46293,61.49903],[28.44993,61.5108],[28.44006,61.51155],[28.41947,61.48461],[28.42662,61.45684],[28.41012,61.45397],[28.39163,61.44531],[28.35401,61.43809],[28.34236,61.43171],[28.33984,61.41628],[28.3168,61.41444],[28.30768,61.4169],[28.29816,61.40022],[28.28552,61.39117],[28.26262,61.38622],[28.2522,61.37969],[28.13343,61.36439],[28.10059,61.36258],[28.05986,61.35555],[27.95786,61.35338],[27.93116,61.35039],[27.85578,61.35124],[27.79261,61.36208],[27.75446,61.32905],[27.69626,61.32979],[27.64673,61.34389],[27.62756,61.34065],[27.61468,61.34542],[27.59554,61.34317],[27.59118,61.33812],[27.5965,61.32677],[27.60345,61.31984],[27.61374,61.31746],[27.60832,61.30795],[27.59209,61.31084],[27.58431,61.29982],[27.55735,61.30357],[27.54282,61.28921],[27.56989,61.2809],[27.58923,61.28386],[27.59644,61.28084],[27.57705,61.2632],[27.54389,61.2567],[27.50757,61.2698],[27.46278,61.26806],[27.4303,61.27164],[27.43887,61.25588],[27.43328,61.24769],[27.38931,61.24495],[27.37455,61.24814],[27.36434,61.23935],[27.37961,61.21974],[27.37852,61.21424],[27.38406,61.2128],[27.38782,61.20225],[27.35878,61.19495],[27.3622,61.1795],[27.3555,61.17355],[27.31551,61.16809],[27.30196,61.17721],[27.26911,61.16562],[27.22915,61.16708],[27.20582,61.16247]]]}},{"type":"Feature","properties":{"maakunta":"11","name":"Pohjois-Savo","name_sv":"Norra Savolax","bb":[61.98776,26.03984,64.03697,29.0976],"c":[63.12354,27.49049]},"geometry":{"type":"Polygon","coordinates":[[[26.70913,62.45295],[26.732,62.44338],[26.76066,62.424],[26.83256,62.44298],[26.81677,62.45407],[26.83344,62.46823],[26.87948,62.48551],[26.88392,62.4776],[26.90539,62.46575],[26.9363,62.4568],[26.95144,62.44264],[26.9633,62.44537],[26.97185,62.45428],[26.95119,62.47554],[26.95224,62.48146],[26.97051,62.48905],[26.99715,62.46951],[27.06129,62.47132],[27.08142,62.48853],[27.10215,62.48477],[27.10545,62.4941],[27.11406,62.50621],[27.17021,62.47615],[27.16669,62.45922],[27.19546,62.45595],[27.18937,62.47015],[27.21111,62.47881],[27.22491,62.48004],[27.25069,62.47982],[27.25104,62.47422],[27.26778,62.46283],[27.2838,62.46219],[27.2898,62.46386],[27.30253,62.48589],[27.33773,62.49711],[27.34742,62.50845],[27.34451,62.52288],[27.35774,62.52933],[27.36356,62.53002],[27.38429,62.51429],[27.3856,62.50547],[27.39301,62.50292],[27.40851,62.50389],[27.41583,62.49528],[27.44127,62.48501],[27.45947,62.484],[27.46465,62.47084],[27.5291,62.45679],[27.5432,62.45672],[27.57257,62.44806],[27.6299,62.41964],[27.65255,62.39981],[27.68558,62.38863],[27.69191,62.37476],[27.67546,62.35215],[27.69296,62.33303],[27.64773,62.32056],[27.62681,62.30467],[27.62944,62.28919],[27.63189,62.28296],[27.60589,62.27848],[27.5881,62.29041],[27.55628,62.27715],[27.54957,62.28327],[27.51868,62.28759],[27.51115,62.28008],[27.49372,62.27479],[27.5575,62.23707],[27.56356,62.22938],[27.54746,62.22616],[27.53273,62.22687],[27.50973,62.23526],[27.50145,62.23377],[27.53361,62.19711],[27.54598,62.19003],[27.54789,62.17196],[27.56616,62.14764],[27.58278,62.15458],[27.60157,62.15707],[27.63093,62.15021],[27.61832,62.1435],[27.63415,62.1337],[27.63915,62.12384],[27.62457,62.11569],[27.64099,62.10754],[27.6252,62.10286],[27.64583,62.08801],[27.6141,62.07633],[27.62567,62.06795],[27.63897,62.06433],[27.61578,62.05055],[27.65747,62.02972],[27.65308,62.02777],[27.69986,62.00855],[27.76883,62.00166],[27.79361,61.98776],[27.85134,62.01434],[27.87185,62.00646],[27.88634,62.01493],[27.86132,62.0391],[27.86677,62.04043],[27.90984,62.04842],[27.91398,62.0525],[27.9341,62.05054],[27.94472,62.05863],[27.93497,62.06603],[27.92698,62.08235],[27.94674,62.08815],[27.95939,62.084],[27.96734,62.0743],[27.99866,62.06148],[28.0074,62.06807],[27.9895,62.07542],[27.99859,62.08607],[27.97419,62.10069],[27.98249,62.1053],[28.01466,62.09742],[28.02109,62.10122],[28.01792,62.10316],[28.02937,62.10667],[28.04178,62.11305],[28.08009,62.11644],[28.02685,62.17038],[28.03085,62.19048],[28.02697,62.2053],[28.08824,62.20668],[28.09206,62.20881],[28.06883,62.23002],[28.04892,62.23529],[28.05989,62.24355],[28.09231,62.23445],[28.1083,62.22635],[28.14089,62.22463],[28.16537,62.22557],[28.16928,62.22928],[28.18122,62.22831],[28.2015,62.21708],[28.22581,62.21058],[28.25699,62.21897],[28.26465,62.22344],[28.26442,62.22908],[28.28753,62.22743],[28.30475,62.23214],[28.3276,62.22223],[28.38908,62.21438],[28.47077,62.20125],[28.50448,62.20152],[28.52355,62.18488],[28.54069,62.18978],[28.5535,62.18501],[28.56246,62.17038],[28.58402,62.16165],[28.61619,62.14101],[28.62352,62.14269],[28.613,62.15797],[28.63158,62.15644],[28.62776,62.16679],[28.65224,62.16995],[28.64203,62.17497],[28.65167,62.19119],[28.63202,62.19557],[28.62956,62.20101],[28.63159,62.20964],[28.64509,62.20439],[28.6583,62.20377],[28.65281,62.23132],[28.6076,62.2524],[28.60151,62.26195],[28.58307,62.26948],[28.56246,62.29437],[28.5513,62.29236],[28.52569,62.30734],[28.49918,62.3164],[28.47448,62.31834],[28.48235,62.31143],[28.43793,62.31684],[28.42298,62.32886],[28.43776,62.34634],[28.43391,62.34857],[28.39813,62.35731],[28.37426,62.3574],[28.36545,62.35246],[28.315,62.35455],[28.32344,62.35802],[28.3188,62.36801],[28.32899,62.37808],[28.32352,62.38264],[28.28424,62.39326],[28.28501,62.41236],[28.24477,62.42405],[28.25078,62.43148],[28.28645,62.44306],[28.29737,62.4419],[28.30041,62.45048],[28.29473,62.45705],[28.27678,62.46242],[28.28642,62.47315],[28.30738,62.46973],[28.32503,62.47234],[28.35452,62.46129],[28.38187,62.46164],[28.3934,62.48489],[28.39037,62.48935],[28.37247,62.49631],[28.36777,62.5033],[28.37522,62.51027],[28.38766,62.50876],[28.40282,62.52887],[28.40548,62.53731],[28.39755,62.55584],[28.40919,62.56891],[28.40107,62.57505],[28.47745,62.56576],[28.52077,62.54846],[28.54546,62.56838],[28.46697,62.58316],[28.48684,62.5885],[28.53674,62.58415],[28.56076,62.59699],[28.57767,62.58009],[28.6242,62.59971],[28.62597,62.6061],[28.5987,62.61044],[28.63374,62.62118],[28.64288,62.64895],[28.65515,62.65702],[28.65502,62.66827],[28.70288,62.69426],[28.64402,62.7282],[28.63271,62.74398],[28.64256,62.76079],[28.68056,62.77632],[28.69239,62.77607],[28.70021,62.77264],[28.71701,62.77333],[28.74769,62.79911],[28.74441,62.81238],[28.79009,62.8338],[28.80949,62.83013],[28.84816,62.80845],[28.90083,62.79537],[28.89866,62.78969],[28.93053,62.77463],[28.94287,62.7749],[28.96623,62.803],[29.0976,62.84559],[29.05513,62.86291],[29.04719,62.86017],[29.03119,62.87024],[29.01029,62.87352],[28.9895,62.89637],[28.94977,62.9153],[28.93862,62.91593],[28.93091,62.93662],[28.93454,62.93931],[28.96325,62.9249],[28.9796,62.92399],[28.99574,62.92764],[28.99091,62.94216],[28.96278,62.94581],[28.97736,62.95512],[28.97177,62.95876],[29.06754,62.98419],[29.03801,63.01085],[28.92568,63.03606],[28.90785,63.04734],[28.86102,63.05703],[28.83133,63.0939],[28.76239,63.13672],[28.70748,63.17042],[28.69802,63.18311],[28.65383,63.19685],[28.6108,63.20384],[28.66148,63.24166],[28.64794,63.25013],[28.67962,63.26543],[28.70714,63.27218],[28.70295,63.28427],[28.68353,63.28403],[28.70677,63.29813],[28.73676,63.31136],[28.75953,63.38781],[28.70504,63.41133],[28.69572,63.41015],[28.66611,63.42319],[28.64969,63.47219],[28.64111,63.47636],[28.60346,63.52746],[28.61359,63.53986],[28.63678,63.54814],[28.65051,63.54033],[28.68495,63.55267],[28.66851,63.56121],[28.65991,63.55809],[28.61841,63.56726],[28.60675,63.57544],[28.58585,63.65911],[28.59372,63.66981],[28.60646,63.67466],[28.58477,63.68833],[28.5509,63.70063],[28.52606,63.69713],[28.4937,63.69752],[28.46123,63.69861],[28.42416,63.72651],[28.35959,63.75475],[28.27392,63.66881],[28.25619,63.67451],[28.20126,63.70955],[28.16882,63.7148],[28.14463,63.72469],[28.06095,63.78146],[27.91026,63.8521],[27.89279,63.84911],[27.74503,63.90838],[27.66386,63.92302],[27.65029,63.91875],[27.5406,63.95643],[27.47777,63.96148],[27.49703,63.9497],[27.44949,63.94438],[27.42851,63.94787],[27.41867,63.96639],[27.26111,63.98934],[27.13123,63.99763],[27.11927,63.99078],[27.01255,63.99896],[26.8704,64.03697],[26.59795,63.97949],[26.52595,63.94994],[26.37353,63.88931],[26.21813,63.83163],[26.24282,63.80659],[26.26739,63.70508],[26.2918,63.58995],[26.19521,63.5693],[26.19146,63.51404],[26.18622,63.49896],[26.13864,63.45759],[26.17671,63.43886],[26.12066,63.40602],[26.07054,63.35478],[26.0868,63.35374],[26.12881,63.3302],[26.14189,63.2747],[26.17586,63.24138],[26.18487,63.21319],[26.14773,63.21004],[26.16351,63.14704],[26.1917,63.13148],[26.19292,63.11884],[26.20772,63.11068],[26.21894,63.08963],[26.24451,63.07492],[26.24371,63.07077],[26.30312,63.04893],[26.32951,63.0429],[26.33427,63.03509],[26.23892,63.04392],[26.22257,63.02587],[26.2898,62.98228],[26.33255,62.98357],[26.31412,62.95867],[26.27267,62.92506],[26.26642,62.93452],[26.22212,62.9544],[26.12431,62.95295],[26.08973,62.94016],[26.03984,62.93611],[26.06824,62.88941],[26.1654,62.87253],[26.18883,62.86192],[26.18256,62.85664],[26.15177,62.84684],[26.18954,62.82383],[26.21075,62.83068],[26.22297,62.82567],[26.35616,62.74741],[26.40569,62.76768],[26.39346,62.77534],[26.39916,62.77829],[26.44656,62.78917],[26.52922,62.72231],[26.52606,62.71582],[26.56222,62.6817],[26.56961,62.65344],[26.5913,62.64165],[26.59839,62.61077],[26.57632,62.60404],[26.59909,62.59445],[26.59419,62.59069],[26.57243,62.58853],[26.55615,62.56201],[26.53918,62.55022],[26.50814,62.53314],[26.48322,62.53236],[26.4707,62.51892],[26.48117,62.51239],[26.50794,62.50564],[26.57786,62.47857],[26.63311,62.45077],[26.68484,62.4634],[26.70913,62.45295]]]}},{"type":"Feature","properties":{"maakunta":"12","name":"Pohjois-Karjala","name_sv":"Norra Karelen","bb":[61.72207,28.24477,63.88241,31.5867],"c":[62.89027,29.87038]},"geometry":{"type":"Polygon","coordinates":[[[29.55927,61.72207],[29.96215,61.82177],[29.98212,61.82718],[30.08242,61.85321],[30.13358,61.86432],[30.14391,61.85229],[30.14727,61.85392],[30.19618,61.88221],[30.19409,61.89129],[30.21139,61.89271],[30.27417,61.93364],[30.30074,61.93497],[30.31279,61.94498],[30.30591,61.96446],[30.35166,61.98001],[30.37702,61.99954],[30.42193,62.02211],[30.43893,62.03343],[30.48546,62.06548],[30.60286,62.14177],[30.63577,62.17365],[30.62867,62.18878],[30.65705,62.2089],[30.7203,62.20888],[30.74475,62.22668],[30.76626,62.23584],[30.78918,62.2508],[30.80869,62.26102],[30.81081,62.27067],[30.83411,62.27551],[30.90419,62.31054],[30.94321,62.30585],[30.95487,62.31258],[30.96208,62.32772],[30.94273,62.33321],[31.09352,62.41661],[31.13814,62.44217],[31.16275,62.44606],[31.16504,62.46255],[31.17333,62.4819],[31.18489,62.49378],[31.22162,62.49857],[31.34517,62.64009],[31.35416,62.64355],[31.36228,62.64482],[31.37329,62.64981],[31.37628,62.66946],[31.38526,62.67505],[31.38033,62.68993],[31.43921,62.78488],[31.46667,62.78394],[31.45564,62.79677],[31.53967,62.86695],[31.5867,62.90871],[31.57453,62.91747],[31.56377,62.92731],[31.50214,62.99625],[31.44877,63.00606],[31.46298,63.02425],[31.42501,63.04326],[31.41086,63.04197],[31.38735,63.04933],[31.37804,63.06251],[31.36088,63.07224],[31.29357,63.09406],[31.27213,63.10763],[31.26538,63.11518],[31.25543,63.14183],[31.25485,63.17865],[31.24393,63.18299],[31.23824,63.19513],[31.23983,63.21887],[31.22334,63.22337],[31.16462,63.24409],[31.15141,63.25834],[31.1375,63.26519],[31.12633,63.26882],[31.10185,63.27094],[31.08568,63.28131],[31.02068,63.30323],[30.99295,63.3038],[30.97917,63.30777],[30.94402,63.33668],[30.93442,63.3555],[30.87589,63.36357],[30.85015,63.36845],[30.84244,63.37689],[30.78769,63.40528],[30.66929,63.42692],[30.48401,63.4667],[30.38454,63.54551],[30.25821,63.58395],[30.24415,63.60727],[30.12375,63.668],[30.10955,63.67965],[30.07297,63.69474],[30.06945,63.69894],[30.0605,63.70379],[30.06484,63.70795],[29.97189,63.75717],[29.87466,63.74921],[29.77569,63.70336],[29.72269,63.74803],[29.68253,63.87894],[29.54394,63.8715],[29.31142,63.8528],[29.15831,63.84733],[29.11189,63.84635],[28.88514,63.83584],[28.68615,63.8601],[28.50077,63.88241],[28.496,63.87824],[28.45996,63.87112],[28.46037,63.86826],[28.47375,63.8584],[28.35959,63.75475],[28.42416,63.72651],[28.46123,63.69861],[28.4937,63.69752],[28.52606,63.69713],[28.5509,63.70063],[28.58477,63.68833],[28.60646,63.67466],[28.59372,63.66981],[28.58585,63.65911],[28.60675,63.57544],[28.61841,63.56726],[28.65991,63.55809],[28.66851,63.56121],[28.68495,63.55267],[28.65051,63.54033],[28.63678,63.54814],[28.61359,63.53986],[28.60346,63.52746],[28.64111,63.47636],[28.64969,63.47219],[28.66611,63.42319],[28.69572,63.41015],[28.70504,63.41133],[28.75953,63.38781],[28.73676,63.31136],[28.70677,63.29813],[28.68353,63.28403],[28.70295,63.28427],[28.70714,63.27218],[28.67962,63.26543],[28.64794,63.25013],[28.66148,63.24166],[28.6108,63.20384],[28.65383,63.19685],[28.69802,63.18311],[28.70748,63.17042],[28.76239,63.13672],[28.83133,63.0939],[28.86102,63.05703],[28.90785,63.04734],[28.92568,63.03606],[29.03801,63.01085],[29.06754,62.98419],[28.97177,62.95876],[28.97736,62.95512],[28.96278,62.94581],[28.99091,62.94216],[28.99574,62.92764],[28.9796,62.92399],[28.96325,62.9249],[28.93454,62.93931],[28.93091,62.93662],[28.93862,62.91593],[28.94977,62.9153],[28.9895,62.89637],[29.01029,62.87352],[29.03119,62.87024],[29.04719,62.86017],[29.05513,62.86291],[29.0976,62.84559],[28.96623,62.803],[28.94287,62.7749],[28.93053,62.77463],[28.89866,62.78969],[28.90083,62.79537],[28.84816,62.80845],[28.80949,62.83013],[28.79009,62.8338],[28.74441,62.81238],[28.74769,62.79911],[28.71701,62.77333],[28.70021,62.77264],[28.69239,62.77607],[28.68056,62.77632],[28.64256,62.76079],[28.63271,62.74398],[28.64402,62.7282],[28.70288,62.69426],[28.65502,62.66827],[28.65515,62.65702],[28.64288,62.64895],[28.63374,62.62118],[28.5987,62.61044],[28.62597,62.6061],[28.6242,62.59971],[28.57767,62.58009],[28.56076,62.59699],[28.53674,62.58415],[28.48684,62.5885],[28.46697,62.58316],[28.54546,62.56838],[28.52077,62.54846],[28.47745,62.56576],[28.40107,62.57505],[28.40919,62.56891],[28.39755,62.55584],[28.40548,62.53731],[28.40282,62.52887],[28.38766,62.50876],[28.37522,62.51027],[28.36777,62.5033],[28.37247,62.49631],[28.39037,62.48935],[28.3934,62.48489],[28.38187,62.46164],[28.35452,62.46129],[28.32503,62.47234],[28.30738,62.46973],[28.28642,62.47315],[28.27678,62.46242],[28.29473,62.45705],[28.30041,62.45048],[28.29737,62.4419],[28.28645,62.44306],[28.25078,62.43148],[28.24477,62.42405],[28.28501,62.41236],[28.28424,62.39326],[28.32352,62.38264],[28.32899,62.37808],[28.3188,62.36801],[28.32344,62.35802],[28.315,62.35455],[28.36545,62.35246],[28.37426,62.3574],[28.39813,62.35731],[28.43391,62.34857],[28.43776,62.34634],[28.42298,62.32886],[28.43793,62.31684],[28.48235,62.31143],[28.47448,62.31834],[28.49918,62.3164],[28.52569,62.30734],[28.5513,62.29236],[28.56246,62.29437],[28.58307,62.26948],[28.60151,62.26195],[28.6076,62.2524],[28.65281,62.23132],[28.65997,62.23921],[28.70182,62.22376],[28.71042,62.22811],[28.70796,62.23309],[28.71585,62.23549],[28.73802,62.21704],[28.77967,62.20492],[28.79404,62.21058],[28.74671,62.25329],[28.75284,62.28676],[28.77931,62.29336],[28.79026,62.27782],[28.81436,62.26778],[28.83671,62.26737],[28.84768,62.26435],[28.85973,62.25288],[28.88863,62.26369],[28.9267,62.25702],[28.9509,62.27683],[28.93507,62.28601],[28.94772,62.29229],[28.96146,62.28573],[28.97204,62.29058],[28.95138,62.29922],[28.95995,62.30945],[28.98526,62.31061],[29.0051,62.32743],[29.04091,62.32116],[29.06202,62.3299],[29.08945,62.34298],[29.12436,62.32652],[29.16824,62.33205],[29.15938,62.34315],[29.15953,62.35589],[29.16779,62.36006],[29.18363,62.3628],[29.18356,62.36868],[29.16645,62.38634],[29.16955,62.39038],[29.16079,62.39796],[29.17425,62.40742],[29.19918,62.40199],[29.23081,62.41776],[29.26771,62.40769],[29.29597,62.38673],[29.30752,62.33433],[29.39404,62.25035],[29.43008,62.23653],[29.40727,62.20178],[29.42715,62.15838],[29.45952,62.08116],[29.46879,62.07612],[29.48233,62.05669],[29.50933,62.03829],[29.51401,62.03975],[29.57245,62.03013],[29.56644,62.02482],[29.59502,62.01316],[29.61427,61.99842],[29.66037,61.9769],[29.61622,61.93573],[29.61486,61.91333],[29.6301,61.90773],[29.6313,61.90286],[29.69683,61.8644],[29.66541,61.85508],[29.68834,61.8377],[29.68957,61.82029],[29.67586,61.79174],[29.63837,61.76063],[29.61474,61.75598],[29.57072,61.73607],[29.55927,61.72207]]]}},{"type":"Feature","properties":{"maakunta":"13","name":"Keski-Suomi","name_sv":"Mellersta Finland","bb":[61.60845,24.013,63.61229,26.77612],"c":[62.56246,25.43495]},"geometry":{"type":"Polygon","coordinates":[[[26.31504,61.60845],[26.32513,61.60851],[26.3379,61.6126],[26.35479,61.62193],[26.34888,61.63441],[26.3787,61.64949],[26.37719,61.65781],[26.41917,61.65054],[26.44531,61.64026],[26.51546,61.62706],[26.5213,61.63926],[26.52607,61.66391],[26.52482,61.67547],[26.53375,61.69133],[26.52709,61.70458],[26.48422,61.75068],[26.42578,61.79629],[26.39806,61.80414],[26.36718,61.80787],[26.37667,61.81362],[26.37922,61.82288],[26.37399,61.82797],[26.37735,61.84606],[26.3891,61.85415],[26.37107,61.87047],[26.37809,61.88307],[26.35237,61.88543],[26.32429,61.88003],[26.343,61.90073],[26.34093,61.9261],[26.33175,61.93055],[26.33006,61.94046],[26.33421,61.95077],[26.41459,61.97289],[26.33167,62.03679],[26.22072,62.11856],[26.31595,62.20047],[26.33016,62.19284],[26.36513,62.2071],[26.39509,62.20955],[26.41481,62.20786],[26.41458,62.21889],[26.42138,62.22448],[26.43502,62.2264],[26.43786,62.2198],[26.44958,62.21265],[26.46848,62.21768],[26.4963,62.2289],[26.47836,62.24697],[26.54403,62.26563],[26.56445,62.2541],[26.59036,62.23088],[26.59692,62.22792],[26.61409,62.21706],[26.62689,62.21137],[26.65263,62.21693],[26.64867,62.23427],[26.63862,62.23894],[26.64049,62.24772],[26.62872,62.2656],[26.63254,62.28338],[26.61078,62.29498],[26.68316,62.30773],[26.662,62.32697],[26.66904,62.34186],[26.77612,62.35411],[26.7344,62.37912],[26.69407,62.39484],[26.68053,62.40382],[26.7055,62.42702],[26.69801,62.44522],[26.70913,62.45295],[26.68484,62.4634],[26.63311,62.45077],[26.57786,62.47857],[26.50794,62.50564],[26.48117,62.51239],[26.4707,62.51892],[26.48322,62.53236],[26.50814,62.53314],[26.53918,62.55022],[26.55615,62.56201],[26.57243,62.58853],[26.59419,62.59069],[26.59909,62.59445],[26.57632,62.60404],[26.59839,62.61077],[26.5913,62.64165],[26.56961,62.65344],[26.56222,62.6817],[26.52606,62.71582],[26.52922,62.72231],[26.44656,62.78917],[26.39916,62.77829],[26.39346,62.77534],[26.40569,62.76768],[26.35616,62.74741],[26.22297,62.82567],[26.21075,62.83068],[26.18954,62.82383],[26.15177,62.84684],[26.18256,62.85664],[26.18883,62.86192],[26.1654,62.87253],[26.06824,62.88941],[26.03984,62.93611],[26.08973,62.94016],[26.12431,62.95295],[26.22212,62.9544],[26.26642,62.93452],[26.27267,62.92506],[26.31412,62.95867],[26.33255,62.98357],[26.2898,62.98228],[26.22257,63.02587],[26.23892,63.04392],[26.33427,63.03509],[26.32951,63.0429],[26.30312,63.04893],[26.24371,63.07077],[26.24451,63.07492],[26.21894,63.08963],[26.20772,63.11068],[26.19292,63.11884],[26.1917,63.13148],[26.16351,63.14704],[26.14773,63.21004],[26.18487,63.21319],[26.17586,63.24138],[26.14189,63.2747],[26.12881,63.3302],[26.0868,63.35374],[26.07054,63.35478],[26.12066,63.40602],[26.17671,63.43886],[26.13864,63.45759],[25.99459,63.42912],[25.89281,63.43965],[25.80899,63.49452],[25.7745,63.50568],[25.7381,63.5149],[25.69824,63.51996],[25.54111,63.52379],[25.48241,63.53258],[25.34804,63.58148],[25.2511,63.61229],[25.14011,63.57431],[25.11303,63.50233],[25.08187,63.46717],[25.03632,63.45807],[24.90247,63.43123],[24.77292,63.35868],[24.8036,63.27593],[24.75417,63.26592],[24.76659,63.2553],[24.75182,63.25198],[24.7626,63.21877],[24.74584,63.1979],[24.73161,63.14704],[24.77288,63.13336],[24.53075,63.15748],[24.35901,63.11643],[24.31798,63.06664],[24.27802,63.06438],[24.27205,63.04826],[24.27809,63.03306],[24.29355,63.03628],[24.2969,63.03464],[24.3086,63.01848],[24.29575,63.01712],[24.28952,62.99906],[24.30094,62.98835],[24.31106,62.97728],[24.33439,62.98297],[24.34822,62.9637],[24.34297,62.91772],[24.3932,62.91615],[24.434,62.90784],[24.44679,62.89602],[24.44843,62.87099],[24.34198,62.85926],[24.3978,62.82688],[24.40831,62.81309],[24.4288,62.79694],[24.48555,62.74022],[24.51959,62.68598],[24.58217,62.66479],[24.51163,62.6348],[24.50364,62.62126],[24.54104,62.61624],[24.57871,62.62139],[24.58431,62.61172],[24.55361,62.60797],[24.56698,62.58083],[24.53544,62.5775],[24.54546,62.56139],[24.5249,62.55869],[24.52575,62.54174],[24.51841,62.54006],[24.53057,62.52841],[24.51708,62.5251],[24.50504,62.51603],[24.51359,62.50315],[24.4965,62.4967],[24.45496,62.49363],[24.45183,62.48475],[24.42462,62.47341],[24.40304,62.5016],[24.37966,62.4935],[24.37465,62.50191],[24.33088,62.49117],[24.32117,62.48232],[24.33945,62.46339],[24.32166,62.4477],[24.20129,62.48266],[24.09547,62.41379],[24.03749,62.38055],[24.013,62.36333],[24.02481,62.31335],[24.0518,62.30169],[24.066,62.30178],[24.07584,62.29695],[24.08078,62.27641],[24.14448,62.2525],[24.25273,62.25232],[24.29329,62.19533],[24.33813,62.17078],[24.33595,62.16804],[24.36041,62.16427],[24.38917,62.16641],[24.39806,62.16321],[24.40876,62.158],[24.42747,62.1527],[24.44067,62.15805],[24.42696,62.17297],[24.49821,62.1971],[24.5602,62.18565],[24.60173,62.13937],[24.62373,62.12787],[24.67371,62.11546],[24.66679,62.08946],[24.66835,62.04937],[24.70387,62.04667],[24.73091,62.02319],[24.68649,62.00296],[24.65438,61.99464],[24.63695,61.99884],[24.62126,61.99253],[24.60105,61.96213],[24.58346,61.95164],[24.55824,61.95148],[24.54294,61.93459],[24.52464,61.90933],[24.55196,61.91227],[24.58019,61.89649],[24.61335,61.88715],[24.66665,61.86299],[24.72985,61.81332],[24.7728,61.8015],[24.78209,61.79148],[24.82071,61.77013],[24.81921,61.7664],[24.81005,61.76424],[24.81523,61.7543],[24.78348,61.75885],[24.77051,61.76902],[24.74972,61.77617],[24.72465,61.77944],[24.72158,61.76342],[24.74863,61.71911],[24.73595,61.69376],[24.7632,61.68266],[24.76747,61.67589],[24.79137,61.6904],[24.85498,61.67321],[24.81203,61.66002],[24.83374,61.65],[24.87577,61.64459],[24.88823,61.64727],[24.91814,61.63098],[24.96033,61.63065],[24.94895,61.64104],[24.96422,61.6618],[24.95696,61.67145],[24.93074,61.68492],[24.91346,61.70648],[24.95013,61.74389],[24.94386,61.75109],[24.95567,61.75553],[24.96663,61.74481],[24.95911,61.72833],[24.9788,61.72185],[25.0035,61.73126],[24.97956,61.75838],[24.96164,61.77655],[24.96068,61.7802],[24.97928,61.78695],[25.15024,61.73905],[25.17963,61.73621],[25.19025,61.72941],[25.21857,61.73673],[25.23558,61.72639],[25.24505,61.72788],[25.26392,61.73921],[25.26824,61.73682],[25.26518,61.72647],[25.30222,61.7257],[25.3578,61.71965],[25.37284,61.71307],[25.39345,61.72291],[25.4075,61.74038],[25.3961,61.74485],[25.41226,61.75526],[25.53522,61.77956],[25.50087,61.76299],[25.49704,61.70457],[25.50133,61.67686],[25.53101,61.67687],[25.56702,61.67359],[25.60842,61.68069],[25.63908,61.69492],[25.66437,61.71589],[25.675,61.7141],[25.69013,61.71413],[25.7258,61.71092],[25.74891,61.70481],[25.74866,61.69871],[25.74277,61.69251],[25.77118,61.68507],[25.83129,61.768],[25.85613,61.78078],[25.84496,61.80141],[25.88332,61.79462],[25.85846,61.76208],[25.90752,61.76507],[25.92164,61.78735],[25.94749,61.77132],[25.98385,61.7596],[25.98031,61.74717],[25.9976,61.72895],[26.01574,61.72049],[26.04549,61.72569],[26.05247,61.73834],[26.06726,61.72547],[26.06641,61.71877],[26.08106,61.70974],[26.0844,61.68907],[26.07038,61.67242],[26.10516,61.64455],[26.12836,61.6378],[26.13834,61.62985],[26.13759,61.61953],[26.16097,61.61605],[26.19181,61.65003],[26.22615,61.6417],[26.2671,61.64174],[26.28308,61.6567],[26.30028,61.6538],[26.31441,61.63972],[26.29946,61.62738],[26.31504,61.60845]]]}},{"type":"Feature","properties":{"maakunta":"14","name":"Etelä-Pohjanmaa","name_sv":"Södra Österbotten","bb":[61.97976,21.52349,63.49805,24.58431],"c":[62.74301,23.03833]},"geometry":{"type":"Polygon","coordinates":[[[21.64785,62.01959],[21.70256,62.02093],[21.74941,62.01586],[21.97469,61.97976],[22.1084,62.03185],[22.19872,62.10334],[22.32006,62.10311],[22.45043,62.19846],[22.50533,62.21348],[22.52483,62.21019],[22.59175,62.31113],[22.63425,62.30087],[22.74557,62.27331],[22.83125,62.27088],[22.89687,62.26901],[22.99436,62.2889],[23.14452,62.3192],[23.21782,62.33417],[23.22395,62.3483],[23.23596,62.35818],[23.25011,62.37564],[23.27508,62.4079],[23.33776,62.42508],[23.35629,62.41217],[23.37169,62.4048],[23.3901,62.3892],[23.42276,62.37832],[23.44517,62.37538],[23.47504,62.38269],[23.51806,62.36805],[23.50341,62.41464],[23.66371,62.40864],[23.75977,62.45569],[23.77639,62.45931],[23.80748,62.46294],[23.8174,62.46682],[23.80382,62.47797],[23.83523,62.49434],[23.83911,62.45958],[23.86818,62.46021],[23.86736,62.48543],[23.89914,62.48449],[23.91209,62.45755],[23.90179,62.43574],[23.9105,62.42413],[23.90736,62.41404],[23.92422,62.39062],[23.95424,62.38683],[23.99545,62.37689],[24.013,62.36333],[24.03749,62.38055],[24.09547,62.41379],[24.20129,62.48266],[24.32166,62.4477],[24.33945,62.46339],[24.32117,62.48232],[24.33088,62.49117],[24.37465,62.50191],[24.37966,62.4935],[24.40304,62.5016],[24.42462,62.47341],[24.45183,62.48475],[24.45496,62.49363],[24.4965,62.4967],[24.51359,62.50315],[24.50504,62.51603],[24.51708,62.5251],[24.53057,62.52841],[24.51841,62.54006],[24.52575,62.54174],[24.5249,62.55869],[24.54546,62.56139],[24.53544,62.5775],[24.56698,62.58083],[24.55361,62.60797],[24.58431,62.61172],[24.57871,62.62139],[24.54104,62.61624],[24.50364,62.62126],[24.51163,62.6348],[24.58217,62.66479],[24.51959,62.68598],[24.48555,62.74022],[24.4288,62.79694],[24.40831,62.81309],[24.3978,62.82688],[24.34198,62.85926],[24.44843,62.87099],[24.44679,62.89602],[24.434,62.90784],[24.3932,62.91615],[24.34297,62.91772],[24.34822,62.9637],[24.33439,62.98297],[24.31106,62.97728],[24.30094,62.98835],[24.28952,62.99906],[24.29575,63.01712],[24.3086,63.01848],[24.2969,63.03464],[24.29355,63.03628],[24.27809,63.03306],[24.27205,63.04826],[24.27802,63.06438],[24.31798,63.06664],[24.35901,63.11643],[24.30441,63.14112],[24.25689,63.13302],[24.20318,63.15487],[24.17077,63.148],[24.17817,63.16092],[24.18517,63.16206],[24.19711,63.1589],[24.23448,63.1707],[24.17236,63.21126],[24.09703,63.24501],[24.01667,63.26837],[23.956,63.27602],[23.86202,63.27758],[23.77073,63.31311],[23.69699,63.38032],[23.62539,63.40103],[23.59488,63.41935],[23.55501,63.44281],[23.56473,63.44922],[23.54396,63.46753],[23.5309,63.46966],[23.51627,63.46744],[23.45388,63.47777],[23.44773,63.47954],[23.41966,63.48165],[23.39289,63.49805],[23.26464,63.47006],[23.20704,63.39896],[23.11297,63.3473],[23.09453,63.36234],[23.0772,63.3692],[23.06154,63.36458],[23.03141,63.36176],[23.02355,63.38043],[22.99516,63.37805],[22.99832,63.37054],[22.9716,63.37227],[22.9807,63.3304],[22.90624,63.35111],[22.87134,63.35453],[22.87432,63.34625],[22.82952,63.34594],[22.75601,63.35905],[22.73561,63.35896],[22.73803,63.35439],[22.75111,63.34452],[22.7166,63.33767],[22.68222,63.32473],[22.64526,63.31679],[22.67264,63.29771],[22.61656,63.28205],[22.60688,63.27911],[22.59586,63.28401],[22.5594,63.2657],[22.55693,63.25529],[22.56199,63.24924],[22.59042,63.2446],[22.62854,63.20991],[22.59333,63.20132],[22.57219,63.17934],[22.6033,63.18806],[22.61711,63.18621],[22.62523,63.17304],[22.63256,63.16613],[22.63631,63.15887],[22.65047,63.15331],[22.64768,63.1464],[22.6582,63.13314],[22.65484,63.13051],[22.62918,63.1285],[22.6303,63.1234],[22.64363,63.12405],[22.64862,63.10539],[22.63165,63.10192],[22.48555,63.10007],[22.3112,63.05611],[22.24232,63.06373],[22.19494,63.0316],[22.17291,63.01935],[22.16539,63.01875],[22.15362,63.0035],[22.15841,62.99512],[22.16366,62.97623],[22.14397,62.96311],[22.15686,62.9506],[22.20069,62.92512],[22.23109,62.88167],[22.249,62.88001],[22.25808,62.84469],[22.26588,62.83609],[22.26531,62.82148],[22.28956,62.79882],[22.27387,62.79114],[22.20068,62.75157],[22.12424,62.76732],[22.12107,62.76018],[22.06711,62.76863],[22.06323,62.76345],[22.00883,62.77442],[21.97303,62.7876],[21.95832,62.78994],[21.91472,62.79971],[21.87439,62.80977],[21.85824,62.81179],[21.8424,62.81756],[21.83096,62.84536],[21.77206,62.86356],[21.76523,62.8476],[21.72877,62.82107],[21.72914,62.76767],[21.7478,62.7202],[21.79097,62.69422],[21.72724,62.66634],[21.66224,62.64005],[21.65376,62.63737],[21.64665,62.62157],[21.62535,62.61071],[21.59177,62.60544],[21.59553,62.55847],[21.61251,62.55874],[21.6148,62.5543],[21.60334,62.53089],[21.54536,62.4472],[21.54556,62.44387],[21.55496,62.4222],[21.55163,62.40933],[21.55691,62.40752],[21.55139,62.39625],[21.52349,62.37956],[21.54626,62.37346],[21.55879,62.35778],[21.56601,62.35665],[21.65014,62.36731],[21.68657,62.35521],[21.68633,62.33957],[21.66972,62.33528],[21.66307,62.329],[21.68315,62.31907],[21.67286,62.26011],[21.70022,62.2612],[21.73639,62.25772],[21.74545,62.25286],[21.74116,62.24127],[21.75937,62.2241],[21.76751,62.22268],[21.71079,62.21753],[21.71077,62.21277],[21.66697,62.18651],[21.70437,62.16671],[21.69571,62.14379],[21.67973,62.1382],[21.6417,62.14944],[21.643,62.11175],[21.62546,62.0993],[21.65084,62.05929],[21.62892,62.0403],[21.64785,62.01959]]]}},{"type":"Feature","properties":{"maakunta":"15","name":"Pohjanmaa","name_sv":"Österbotten","bb":[61.95383,20.60044,63.92956,23.74408],"c":[63.07797,22.19408]},"geometry":{"type":"MultiPolygon","coordinates":[[[[22.77349,63.91437],[22.77658,63.92036],[22.77143,63.92521],[22.76475,63.92889],[22.75992,63.92956],[22.75131,63.92649],[22.7493,63.92305],[22.73974,63.9209],[22.74193,63.91898],[22.77349,63.91437]]],[[[22.73448,63.91255],[22.74159,63.91537],[22.73472,63.91757],[22.73448,63.91255]]],[[[22.77739,63.89446],[22.78435,63.89714],[22.77723,63.89978],[22.77889,63.90444],[22.76644,63.90825],[22.75726,63.90684],[22.75851,63.8996],[22.76329,63.89893],[22.77104,63.89501],[22.77739,63.89446]]],[[[22.75754,63.89387],[22.7583,63.89597],[22.75121,63.90003],[22.73974,63.89647],[22.74513,63.8941],[22.75754,63.89387]]],[[[22.74016,63.88609],[22.74524,63.8895],[22.73858,63.89199],[22.73597,63.88866],[22.74016,63.88609]]],[[[22.75744,63.87871],[22.76119,63.88001],[22.756,63.88363],[22.75162,63.8806],[22.75744,63.87871]]],[[[22.79304,63.879],[22.79726,63.88133],[22.79801,63.88618],[22.79348,63.89121],[22.78429,63.89015],[22.77997,63.89311],[22.77366,63.88788],[22.76572,63.89141],[22.76397,63.88741],[22.76884,63.88656],[22.77322,63.88088],[22.77817,63.87961],[22.79304,63.879]]],[[[22.83433,63.87066],[22.82581,63.87908],[22.82279,63.87541],[22.82955,63.87131],[22.83433,63.87066]]],[[[22.82429,63.86128],[22.83349,63.86196],[22.8386,63.86619],[22.83188,63.86864],[22.81644,63.87034],[22.8075,63.86808],[22.81285,63.86391],[22.82266,63.86305],[22.82429,63.86128]]],[[[22.74175,63.85848],[22.74732,63.86106],[22.74623,63.86314],[22.73756,63.8629],[22.73636,63.85892],[22.74175,63.85848]]],[[[22.77286,63.859],[22.77679,63.86461],[22.77252,63.87474],[22.7509,63.87691],[22.74566,63.87089],[22.74466,63.86726],[22.76136,63.85938],[22.77286,63.859]]],[[[22.79342,63.85919],[22.79895,63.86362],[22.78848,63.86731],[22.78711,63.86343],[22.79342,63.85919]]],[[[22.73196,63.85083],[22.73772,63.85189],[22.73616,63.85634],[22.72722,63.85403],[22.73196,63.85083]]],[[[22.75642,63.84873],[22.75835,63.85278],[22.75446,63.85569],[22.74379,63.85585],[22.74985,63.85114],[22.75642,63.84873]]],[[[22.65613,63.84152],[22.64826,63.84868],[22.63981,63.84871],[22.63647,63.84367],[22.64741,63.84426],[22.65613,63.84152]]],[[[22.68249,63.83314],[22.68391,63.83905],[22.67551,63.84114],[22.67173,63.8369],[22.67485,63.83425],[22.68249,63.83314]]],[[[22.64486,63.8084],[22.65311,63.81405],[22.65628,63.8205],[22.65362,63.82463],[22.64824,63.82772],[22.64799,63.83201],[22.63951,63.83534],[22.63365,63.82913],[22.63906,63.82212],[22.63368,63.81084],[22.64486,63.8084]]],[[[22.60611,63.79463],[22.60452,63.79847],[22.61361,63.80197],[22.61967,63.80079],[22.62378,63.80334],[22.62999,63.80264],[22.63642,63.80758],[22.625,63.81017],[22.61751,63.80949],[22.6072,63.81775],[22.5979,63.81728],[22.60006,63.81271],[22.59483,63.81087],[22.58591,63.81219],[22.59041,63.80542],[22.59809,63.8012],[22.5907,63.79831],[22.59699,63.79557],[22.60611,63.79463]]],[[[22.73596,63.79033],[22.74356,63.7947],[22.73438,63.79726],[22.73185,63.79284],[22.73596,63.79033]]],[[[22.66504,63.78678],[22.66365,63.79312],[22.66546,63.79485],[22.67509,63.79584],[22.67168,63.80088],[22.67409,63.80361],[22.66678,63.80724],[22.66356,63.81091],[22.6539,63.81172],[22.65129,63.80738],[22.65666,63.80352],[22.65743,63.79424],[22.65927,63.79045],[22.66504,63.78678]]],[[[22.64045,63.77905],[22.64248,63.78114],[22.6378,63.78539],[22.63801,63.78963],[22.62526,63.79484],[22.62075,63.7905],[22.62744,63.78596],[22.62911,63.78048],[22.64045,63.77905]]],[[[22.66141,63.76218],[22.6801,63.77238],[22.68275,63.77758],[22.67797,63.78191],[22.66814,63.78237],[22.6658,63.78014],[22.65342,63.78858],[22.64957,63.79709],[22.65152,63.80249],[22.6476,63.80561],[22.6397,63.80529],[22.6345,63.80182],[22.63712,63.79904],[22.63254,63.79649],[22.63987,63.79195],[22.64291,63.78738],[22.65005,63.78135],[22.65942,63.77143],[22.66206,63.76581],[22.66141,63.76218]]],[[[22.5504,63.74956],[22.55767,63.75568],[22.55956,63.75899],[22.56551,63.76067],[22.56804,63.76381],[22.56233,63.76864],[22.56554,63.77602],[22.56035,63.78085],[22.55221,63.78191],[22.54986,63.77965],[22.55829,63.76552],[22.5496,63.76386],[22.54693,63.75084],[22.5504,63.74956]]],[[[22.60927,63.74984],[22.6101,63.75734],[22.61443,63.7608],[22.62075,63.76147],[22.61867,63.76789],[22.62025,63.77119],[22.63028,63.77278],[22.64797,63.76823],[22.64883,63.77033],[22.6389,63.77686],[22.62423,63.77967],[22.6141,63.7802],[22.61189,63.7828],[22.60168,63.78379],[22.60421,63.78706],[22.61113,63.79008],[22.60859,63.79251],[22.59867,63.79349],[22.59374,63.79118],[22.58555,63.79304],[22.58974,63.78304],[22.59521,63.77803],[22.58094,63.76254],[22.58273,63.75836],[22.60344,63.75307],[22.60927,63.74984]]],[[[22.59005,63.74684],[22.59466,63.74757],[22.59456,63.75386],[22.5862,63.75435],[22.58264,63.75212],[22.59005,63.74684]]],[[[22.62365,63.74464],[22.63151,63.74637],[22.6297,63.75296],[22.62147,63.75975],[22.61727,63.75866],[22.61938,63.75414],[22.61912,63.74489],[22.62365,63.74464]]],[[[22.67087,63.74469],[22.67977,63.7468],[22.6823,63.75128],[22.67176,63.75386],[22.66997,63.74962],[22.66494,63.74621],[22.67087,63.74469]]],[[[22.65758,63.73897],[22.66349,63.74307],[22.65751,63.7462],[22.66124,63.74972],[22.66134,63.75435],[22.65165,63.75237],[22.64216,63.74637],[22.64825,63.74202],[22.65758,63.73897]]],[[[22.63326,63.73483],[22.63517,63.73759],[22.61866,63.74005],[22.61464,63.73772],[22.63326,63.73483]]],[[[22.58848,63.72546],[22.58996,63.72781],[22.57835,63.73076],[22.57474,63.7276],[22.58026,63.7258],[22.58848,63.72546]]],[[[22.57553,63.71054],[22.58261,63.71495],[22.57211,63.71467],[22.57553,63.71054]]],[[[22.67977,63.71125],[22.68251,63.71423],[22.67996,63.71786],[22.67445,63.7164],[22.67977,63.71125]]],[[[22.67995,63.6972],[22.67959,63.7021],[22.67131,63.70401],[22.67215,63.69855],[22.67995,63.6972]]],[[[22.38922,63.59361],[22.39468,63.59546],[22.40097,63.6015],[22.40434,63.60687],[22.40286,63.61077],[22.39419,63.6156],[22.39699,63.61736],[22.39284,63.62218],[22.3814,63.62633],[22.3672,63.62755],[22.36051,63.61521],[22.35423,63.61456],[22.35276,63.60991],[22.3611,63.60647],[22.3831,63.60481],[22.38168,63.59483],[22.38922,63.59361]]],[[[22.37787,63.58568],[22.38726,63.58808],[22.38663,63.59059],[22.37576,63.59176],[22.37226,63.59636],[22.36584,63.5955],[22.36766,63.59215],[22.37787,63.58568]]],[[[22.3679,63.58221],[22.37316,63.58442],[22.36755,63.58856],[22.3632,63.58467],[22.3679,63.58221]]],[[[22.46684,63.53852],[22.46426,63.54342],[22.46721,63.54545],[22.4606,63.55386],[22.45428,63.55458],[22.4479,63.55749],[22.45283,63.56051],[22.4413,63.56826],[22.44674,63.57381],[22.45484,63.57403],[22.44736,63.57909],[22.44296,63.58014],[22.43522,63.58614],[22.43109,63.58635],[22.41827,63.58287],[22.42092,63.58003],[22.42612,63.56943],[22.43386,63.56466],[22.4416,63.5558],[22.4432,63.5496],[22.44924,63.54329],[22.45478,63.54438],[22.46684,63.53852]]],[[[22.3932,63.53383],[22.39442,63.53733],[22.38993,63.53976],[22.38874,63.54365],[22.37499,63.545],[22.37677,63.53939],[22.38498,63.53873],[22.3932,63.53383]]],[[[22.17149,63.5164],[22.17537,63.51842],[22.16366,63.52366],[22.16742,63.51762],[22.17149,63.5164]]],[[[22.4423,63.52138],[22.44963,63.52336],[22.44074,63.5284],[22.43997,63.53032],[22.44667,63.53901],[22.43845,63.54986],[22.43222,63.55062],[22.43379,63.54366],[22.42849,63.54098],[22.428,63.53132],[22.4423,63.52138]]],[[[22.42913,63.52066],[22.43128,63.52388],[22.42374,63.52708],[22.41559,63.52832],[22.41875,63.52275],[22.42913,63.52066]]],[[[22.42069,63.5036],[22.42238,63.50859],[22.42006,63.51156],[22.41179,63.51352],[22.40599,63.51278],[22.4078,63.50446],[22.42069,63.5036]]],[[[22.20826,63.483],[22.21101,63.48322],[22.20842,63.49106],[22.198,63.49009],[22.20253,63.48341],[22.20826,63.483]]],[[[21.7347,63.46324],[21.74879,63.46589],[21.7383,63.46798],[21.73117,63.46636],[21.7347,63.46324]]],[[[21.0809,63.43476],[21.08694,63.43626],[21.07713,63.44138],[21.06776,63.4374],[21.0809,63.43476]]],[[[22.13806,63.46078],[22.14892,63.46407],[22.14738,63.46732],[22.13592,63.4713],[22.13438,63.46764],[22.12561,63.46507],[22.12985,63.46216],[22.13806,63.46078]]],[[[21.07389,63.41464],[21.07868,63.41859],[21.08523,63.42],[21.08268,63.42254],[21.09019,63.42625],[21.08848,63.43204],[21.07246,63.43267],[21.06277,63.43599],[21.05346,63.43399],[21.05438,63.42633],[21.053,63.42152],[21.05841,63.41703],[21.06468,63.41775],[21.07389,63.41464]]],[[[22.13521,63.45303],[22.13986,63.4579],[22.1266,63.46088],[22.1279,63.45783],[22.12502,63.45407],[22.13521,63.45303]]],[[[21.76636,63.43085],[21.77516,63.43245],[21.76732,63.43563],[21.76636,63.43085]]],[[[21.74128,63.42798],[21.75252,63.42921],[21.75146,63.43208],[21.7447,63.43333],[21.75021,63.43652],[21.74085,63.445],[21.7499,63.4527],[21.75078,63.45569],[21.74019,63.45587],[21.73791,63.45149],[21.72238,63.45195],[21.72133,63.44857],[21.71065,63.44766],[21.70891,63.44498],[21.71253,63.44258],[21.72884,63.44025],[21.72366,63.43645],[21.71721,63.43529],[21.7051,63.43549],[21.70729,63.43244],[21.7274,63.4352],[21.73493,63.43348],[21.72551,63.42997],[21.74128,63.42798]]],[[[21.82127,63.43036],[21.82567,63.43461],[21.82133,63.43739],[21.82731,63.44038],[21.82299,63.44204],[21.81856,63.45043],[21.80756,63.45361],[21.80558,63.45693],[21.79635,63.4573],[21.78178,63.45916],[21.7827,63.45381],[21.78844,63.45044],[21.78254,63.44754],[21.7902,63.44564],[21.79391,63.43818],[21.79097,63.43517],[21.78087,63.43151],[21.7983,63.42963],[21.80104,63.43137],[21.81553,63.43162],[21.82127,63.43036]]],[[[22.20031,63.43614],[22.1921,63.44577],[22.18618,63.44464],[22.18891,63.44011],[22.19696,63.43605],[22.20031,63.43614]]],[[[22.08411,63.4273],[22.10099,63.4282],[22.09656,63.43083],[22.1005,63.43755],[22.09345,63.44078],[22.0827,63.43743],[22.07831,63.4307],[22.08411,63.4273]]],[[[21.6817,63.4117],[21.67821,63.41795],[21.6696,63.41291],[21.67795,63.41324],[21.6817,63.4117]]],[[[21.69605,63.4122],[21.70407,63.41646],[21.70572,63.42061],[21.68952,63.41581],[21.69605,63.4122]]],[[[21.76643,63.41411],[21.75843,63.4189],[21.75401,63.41708],[21.76643,63.41411]]],[[[21.71447,63.40964],[21.72696,63.41219],[21.71898,63.41397],[21.70895,63.41128],[21.71447,63.40964]]],[[[21.78534,63.40379],[21.78971,63.4046],[21.79696,63.41333],[21.80372,63.41487],[21.80927,63.41922],[21.80138,63.42508],[21.79139,63.41793],[21.78331,63.40493],[21.78534,63.40379]]],[[[22.19472,63.41579],[22.20086,63.41764],[22.19903,63.42112],[22.18957,63.42201],[22.18899,63.41706],[22.19472,63.41579]]],[[[21.75042,63.39475],[21.7542,63.40116],[21.74855,63.40209],[21.74806,63.39576],[21.75042,63.39475]]],[[[21.78523,63.39423],[21.79622,63.39709],[21.79007,63.40067],[21.78179,63.40053],[21.78115,63.39523],[21.78523,63.39423]]],[[[22.27046,63.40258],[22.27324,63.40703],[22.26704,63.4099],[22.26414,63.4136],[22.25305,63.41982],[22.24382,63.41845],[22.25231,63.41442],[22.25507,63.4105],[22.27046,63.40258]]],[[[21.66891,63.38104],[21.68087,63.38182],[21.68721,63.38645],[21.6945,63.38907],[21.69372,63.39086],[21.6849,63.39356],[21.69187,63.39692],[21.6816,63.39929],[21.67329,63.39803],[21.66843,63.39453],[21.65276,63.39598],[21.64588,63.39389],[21.64886,63.39128],[21.66057,63.39156],[21.66124,63.38778],[21.66684,63.38732],[21.65977,63.38237],[21.66891,63.38104]]],[[[21.23808,63.36041],[21.24138,63.36092],[21.23752,63.36628],[21.24402,63.36806],[21.25084,63.37198],[21.25683,63.37821],[21.25479,63.38213],[21.25966,63.38547],[21.26182,63.39218],[21.25688,63.39686],[21.23807,63.39701],[21.22993,63.39411],[21.22216,63.39366],[21.21948,63.38942],[21.20383,63.38691],[21.19508,63.38069],[21.196,63.37853],[21.19065,63.37422],[21.17972,63.36784],[21.1848,63.36373],[21.19388,63.36787],[21.20496,63.36294],[21.21292,63.36303],[21.22423,63.36504],[21.22955,63.36213],[21.23808,63.36041]]],[[[21.73332,63.3776],[21.73683,63.3809],[21.73248,63.38457],[21.72713,63.38397],[21.72784,63.37972],[21.73332,63.3776]]],[[[21.08488,63.34905],[21.09121,63.35721],[21.07757,63.35502],[21.07975,63.3532],[21.07637,63.34948],[21.08488,63.34905]]],[[[21.24121,63.35222],[21.24324,63.35417],[21.23818,63.35786],[21.22183,63.36255],[21.22452,63.35701],[21.22955,63.35437],[21.24121,63.35222]]],[[[21.42272,63.35106],[21.43031,63.35338],[21.42813,63.35546],[21.4198,63.35441],[21.42272,63.35106]]],[[[22.15773,63.37769],[22.17313,63.38],[22.16592,63.3833],[22.1579,63.38357],[22.15241,63.38169],[22.15773,63.37769]]],[[[21.7446,63.35856],[21.75132,63.36265],[21.74887,63.36675],[21.7397,63.36144],[21.7446,63.35856]]],[[[22.19768,63.37147],[22.19539,63.37613],[22.18502,63.38012],[22.18553,63.37525],[22.19768,63.37147]]],[[[22.13117,63.3689],[22.13973,63.37003],[22.14085,63.37376],[22.13832,63.37813],[22.12433,63.37805],[22.12604,63.37425],[22.12461,63.36955],[22.13117,63.3689]]],[[[21.19972,63.32227],[21.20076,63.32749],[21.1944,63.32842],[21.19597,63.33453],[21.20689,63.33461],[21.19854,63.33885],[21.20895,63.34088],[21.22141,63.34492],[21.22908,63.34473],[21.23844,63.3514],[21.22691,63.35197],[21.22217,63.35577],[21.2123,63.35794],[21.21202,63.35487],[21.19942,63.35062],[21.19161,63.3549],[21.17458,63.35296],[21.17808,63.3506],[21.17282,63.3476],[21.16516,63.34755],[21.16404,63.34533],[21.1689,63.342],[21.15728,63.34103],[21.15788,63.33052],[21.16199,63.32548],[21.1778,63.32241],[21.18218,63.32704],[21.19972,63.32227]]],[[[21.70729,63.33827],[21.70944,63.34105],[21.70495,63.34415],[21.69837,63.34171],[21.70729,63.33827]]],[[[21.19426,63.31297],[21.194,63.31836],[21.18836,63.32347],[21.18179,63.32132],[21.18812,63.31896],[21.19426,63.31297]]],[[[21.7047,63.33227],[21.70686,63.33608],[21.69713,63.33775],[21.69123,63.33612],[21.7047,63.33227]]],[[[21.9608,63.33433],[21.9672,63.33567],[21.96903,63.33811],[21.97648,63.33841],[21.98567,63.34751],[22.00259,63.35014],[22.00562,63.36044],[22.00947,63.36741],[22.01411,63.37023],[22.02663,63.36734],[22.03525,63.36275],[22.04168,63.36425],[22.0484,63.36254],[22.05172,63.35673],[22.03567,63.35918],[22.02571,63.35714],[22.01659,63.36542],[22.01072,63.36282],[22.00723,63.34999],[22.01476,63.34974],[22.02044,63.34682],[22.03133,63.33868],[22.03587,63.33927],[22.03886,63.34419],[22.05257,63.3489],[22.05689,63.3547],[22.06638,63.35538],[22.07147,63.35708],[22.07282,63.36009],[22.09448,63.36505],[22.09205,63.37268],[22.08214,63.37575],[22.0981,63.37774],[22.09575,63.38195],[22.08934,63.38255],[22.08832,63.38756],[22.07552,63.386],[22.07147,63.39092],[22.05797,63.39033],[22.0502,63.39373],[22.0388,63.39196],[22.03289,63.38351],[22.02687,63.38263],[22.02003,63.39214],[22.0117,63.39534],[22.00457,63.39468],[21.99846,63.38563],[21.98727,63.38419],[21.99431,63.37692],[21.98568,63.37622],[21.98206,63.37141],[21.9681,63.36677],[21.96368,63.3621],[21.96475,63.35623],[21.95729,63.3567],[21.95295,63.35306],[21.95441,63.34936],[21.94877,63.344],[21.94408,63.34298],[21.94239,63.33903],[21.95418,63.33464],[21.9608,63.33433]]],[[[21.99976,63.33237],[22.00845,63.33417],[22.00802,63.33868],[22.01033,63.34655],[22.00339,63.34597],[22.00279,63.34242],[21.99692,63.33711],[21.99976,63.33237]]],[[[21.14966,63.29382],[21.15762,63.29565],[21.15802,63.30004],[21.16332,63.30003],[21.1716,63.30494],[21.16852,63.30748],[21.1607,63.31004],[21.17976,63.31318],[21.17353,63.32073],[21.16488,63.3212],[21.15151,63.32453],[21.14216,63.32499],[21.13472,63.32091],[21.12633,63.31814],[21.12885,63.31655],[21.12881,63.30709],[21.12413,63.30685],[21.12477,63.31241],[21.11406,63.30891],[21.10903,63.30337],[21.11281,63.29978],[21.12855,63.29686],[21.14033,63.29714],[21.14966,63.29382]]],[[[22.04734,63.32623],[22.05499,63.33032],[22.05213,63.33327],[22.05562,63.33692],[22.05095,63.33969],[22.04273,63.33718],[22.03592,63.33702],[22.03522,63.33387],[22.04138,63.32791],[22.04734,63.32623]]],[[[22.35038,63.3315],[22.34836,63.33908],[22.34182,63.33907],[22.34495,63.33349],[22.35038,63.3315]]],[[[21.33625,63.28799],[21.3496,63.28864],[21.35745,63.29066],[21.35762,63.29478],[21.3639,63.29693],[21.36612,63.30002],[21.36459,63.30337],[21.36877,63.30733],[21.38028,63.309],[21.38715,63.31248],[21.38866,63.31599],[21.39491,63.31991],[21.39122,63.32891],[21.39192,63.3336],[21.40936,63.33944],[21.40947,63.34358],[21.4174,63.34788],[21.41506,63.35401],[21.41153,63.35532],[21.41157,63.3614],[21.40857,63.36309],[21.41253,63.36612],[21.40662,63.36896],[21.39315,63.37084],[21.38595,63.36681],[21.37941,63.3685],[21.37205,63.36838],[21.36803,63.37046],[21.35704,63.36919],[21.34932,63.3697],[21.33908,63.37256],[21.31573,63.37064],[21.30894,63.36839],[21.30816,63.36619],[21.30096,63.36431],[21.30075,63.36047],[21.28004,63.35549],[21.27161,63.35499],[21.26656,63.35634],[21.26075,63.36168],[21.2512,63.35827],[21.25374,63.35235],[21.24766,63.34855],[21.24641,63.34273],[21.25005,63.33957],[21.24802,63.337],[21.24045,63.33501],[21.23837,63.3312],[21.25025,63.33112],[21.26486,63.33492],[21.28089,63.33117],[21.28451,63.32824],[21.27783,63.32605],[21.27997,63.32122],[21.27809,63.31018],[21.28806,63.30846],[21.29914,63.30807],[21.3065,63.31018],[21.30965,63.3145],[21.32656,63.3197],[21.34658,63.32014],[21.34592,63.31566],[21.35126,63.31481],[21.34954,63.30981],[21.33596,63.30816],[21.33646,63.30138],[21.34096,63.29801],[21.33257,63.29538],[21.33654,63.2912],[21.33625,63.28799]]],[[[21.9689,63.31141],[21.97637,63.31533],[21.97673,63.32062],[21.96857,63.32017],[21.96839,63.31571],[21.96367,63.31341],[21.9689,63.31141]]],[[[21.79154,63.30171],[21.7964,63.30516],[21.78742,63.30611],[21.79154,63.30171]]],[[[22.24691,63.31114],[22.25235,63.31173],[22.25296,63.31538],[22.25024,63.32027],[22.25211,63.32371],[22.24527,63.32878],[22.24349,63.32061],[22.24822,63.31809],[22.24345,63.31593],[22.24691,63.31114]]],[[[21.34077,63.27687],[21.34432,63.27893],[21.34246,63.28265],[21.33653,63.28253],[21.33342,63.28628],[21.32646,63.28632],[21.32757,63.28291],[21.33421,63.28366],[21.33905,63.28109],[21.34077,63.27687]]],[[[21.9662,63.29876],[21.96586,63.30361],[21.97068,63.30893],[21.95776,63.30878],[21.95903,63.30455],[21.9662,63.29876]]],[[[21.09374,63.26303],[21.10059,63.26547],[21.10496,63.26391],[21.11091,63.2674],[21.10262,63.27166],[21.09348,63.2737],[21.08178,63.27286],[21.08406,63.26849],[21.09374,63.26303]]],[[[21.81952,63.28907],[21.82755,63.2919],[21.828,63.29558],[21.82101,63.29789],[21.81174,63.30439],[21.80062,63.29986],[21.79875,63.2958],[21.81952,63.28907]]],[[[21.7081,63.28456],[21.70375,63.2895],[21.70309,63.29567],[21.69502,63.29691],[21.6882,63.2951],[21.69775,63.29109],[21.69799,63.28905],[21.7081,63.28456]]],[[[21.42956,63.27242],[21.43715,63.27462],[21.43006,63.27953],[21.43064,63.28758],[21.43353,63.29113],[21.42727,63.29258],[21.42595,63.28843],[21.42128,63.28816],[21.41974,63.29221],[21.4102,63.29195],[21.40266,63.29523],[21.40062,63.29184],[21.39549,63.28971],[21.39176,63.29407],[21.38113,63.29509],[21.38755,63.28895],[21.40123,63.28893],[21.4115,63.28396],[21.42956,63.27242]]],[[[20.66851,63.23886],[20.67535,63.24252],[20.68477,63.2427],[20.6876,63.24655],[20.67644,63.24796],[20.66803,63.24622],[20.66249,63.24332],[20.66851,63.23886]]],[[[21.88644,63.28502],[21.89431,63.28824],[21.89224,63.30119],[21.87926,63.29898],[21.87501,63.29609],[21.87828,63.28663],[21.88644,63.28502]]],[[[21.63268,63.27452],[21.62936,63.27803],[21.61441,63.28043],[21.61249,63.27473],[21.61886,63.27432],[21.62448,63.27714],[21.63268,63.27452]]],[[[20.61088,63.23073],[20.61385,63.23833],[20.60101,63.23683],[20.60044,63.23207],[20.60887,63.23293],[20.61088,63.23073]]],[[[21.75948,63.2727],[21.76124,63.27454],[21.75836,63.27935],[21.76806,63.28029],[21.77089,63.27548],[21.78533,63.28328],[21.77792,63.29068],[21.77254,63.29088],[21.76993,63.29466],[21.7635,63.29042],[21.75747,63.29315],[21.76727,63.29933],[21.76224,63.30203],[21.75438,63.29881],[21.75219,63.30445],[21.75451,63.30954],[21.7622,63.30964],[21.76626,63.30561],[21.7714,63.31272],[21.76704,63.31736],[21.7595,63.31644],[21.75466,63.31119],[21.74748,63.31164],[21.7413,63.30989],[21.73756,63.31247],[21.72765,63.31371],[21.71745,63.31178],[21.70353,63.31546],[21.70855,63.32127],[21.69436,63.32794],[21.68647,63.32485],[21.69725,63.31323],[21.71165,63.30801],[21.71643,63.30525],[21.71309,63.29965],[21.71659,63.29647],[21.71928,63.2888],[21.72354,63.28363],[21.74057,63.27498],[21.74798,63.27573],[21.75391,63.27255],[21.75948,63.2727]]],[[[21.94844,63.27936],[21.95186,63.27956],[21.96131,63.28429],[21.95862,63.29877],[21.95437,63.30238],[21.93637,63.30142],[21.93483,63.29595],[21.92736,63.29161],[21.93933,63.28089],[21.94844,63.27936]]],[[[21.98726,63.27924],[21.99941,63.28201],[22.00049,63.28985],[21.99699,63.29504],[22.00352,63.29463],[21.9968,63.30146],[21.987,63.30314],[21.98361,63.30589],[21.97626,63.3071],[21.9724,63.29906],[21.97431,63.29503],[21.97288,63.28968],[21.96815,63.28666],[21.97201,63.28017],[21.98137,63.28208],[21.98726,63.27924]]],[[[22.04395,63.27973],[22.04892,63.28328],[22.04604,63.28676],[22.06154,63.29332],[22.06565,63.29727],[22.06198,63.30045],[22.06201,63.30505],[22.05883,63.31047],[22.05426,63.31083],[22.04915,63.31748],[22.04382,63.31758],[22.04343,63.32158],[22.03649,63.32565],[22.03557,63.32806],[22.02078,63.32938],[22.02627,63.33388],[22.01689,63.33481],[22.01038,63.32918],[21.99877,63.33135],[21.99451,63.3274],[21.99918,63.32486],[22.00863,63.32415],[22.02154,63.3183],[22.0279,63.31334],[22.01921,63.31111],[22.01393,63.31419],[22.00399,63.31431],[22.00036,63.32],[21.99077,63.32302],[21.98797,63.31677],[21.9838,63.31408],[21.98352,63.30972],[21.99377,63.30446],[22.0028,63.30564],[22.00615,63.30303],[22.00425,63.29867],[22.00942,63.29595],[22.00958,63.29218],[22.00406,63.28795],[22.00397,63.28253],[22.01043,63.2831],[22.02206,63.28047],[22.02776,63.28183],[22.04395,63.27973]]],[[[22.23985,63.28314],[22.24525,63.28638],[22.23904,63.28779],[22.23508,63.28541],[22.23985,63.28314]]],[[[21.60189,63.25694],[21.60296,63.25936],[21.61076,63.26317],[21.60114,63.27053],[21.5864,63.26947],[21.58532,63.26641],[21.59095,63.2643],[21.60189,63.25694]]],[[[21.1222,63.23485],[21.12164,63.24192],[21.11699,63.24198],[21.1222,63.23485]]],[[[21.66802,63.25616],[21.67537,63.2704],[21.67236,63.2765],[21.67347,63.27849],[21.6695,63.28513],[21.6746,63.28653],[21.67789,63.29131],[21.67757,63.2952],[21.68311,63.29774],[21.69288,63.29859],[21.69181,63.30674],[21.69364,63.30767],[21.67917,63.32003],[21.66377,63.32271],[21.66301,63.31822],[21.65306,63.31782],[21.64372,63.31137],[21.63353,63.3087],[21.64256,63.3003],[21.63376,63.29874],[21.63966,63.29515],[21.64128,63.29197],[21.63171,63.28043],[21.64331,63.27437],[21.64246,63.27258],[21.63329,63.27198],[21.63258,63.26986],[21.63732,63.25996],[21.64606,63.26009],[21.65435,63.25626],[21.66802,63.25616]]],[[[22.00736,63.26794],[22.01195,63.2685],[22.0214,63.27576],[22.01572,63.27996],[22.00956,63.28083],[22.00342,63.27779],[21.99656,63.27773],[21.99176,63.2753],[21.99608,63.27281],[21.99645,63.26822],[22.00736,63.26794]]],[[[21.66494,63.24813],[21.66954,63.25081],[21.66101,63.25316],[21.65828,63.25075],[21.66494,63.24813]]],[[[22.03851,63.25989],[22.04413,63.26728],[22.03627,63.27212],[22.03032,63.2712],[22.03043,63.26758],[22.01817,63.26478],[22.02614,63.26176],[22.02975,63.26237],[22.03851,63.25989]]],[[[21.69952,63.24571],[21.69143,63.24945],[21.68986,63.24581],[21.69952,63.24571]]],[[[22.22721,63.26076],[22.23305,63.26358],[22.2349,63.2683],[22.23167,63.27534],[22.22702,63.27967],[22.22237,63.27615],[22.21013,63.27289],[22.21945,63.27158],[22.22149,63.26294],[22.22721,63.26076]]],[[[21.72271,63.23926],[21.72452,63.24195],[21.73548,63.24488],[21.72517,63.25193],[21.7149,63.25071],[21.70991,63.2486],[21.71223,63.24371],[21.72271,63.23926]]],[[[22.14682,63.25424],[22.1465,63.25714],[22.15862,63.25513],[22.16281,63.26237],[22.1614,63.26407],[22.16558,63.27192],[22.16476,63.27805],[22.15808,63.27764],[22.15175,63.28223],[22.13667,63.28394],[22.1247,63.28689],[22.12672,63.28887],[22.13623,63.28823],[22.1409,63.28597],[22.15108,63.28505],[22.15363,63.28891],[22.15862,63.28894],[22.15978,63.28503],[22.16966,63.28031],[22.17522,63.2802],[22.18785,63.2775],[22.19977,63.2733],[22.20579,63.27393],[22.20621,63.27758],[22.21502,63.27785],[22.22179,63.2798],[22.22434,63.28321],[22.22853,63.29367],[22.23727,63.30132],[22.23303,63.30931],[22.23748,63.31555],[22.23643,63.32888],[22.23831,63.33586],[22.23375,63.3415],[22.23125,63.34921],[22.22388,63.34782],[22.22995,63.33945],[22.22095,63.34141],[22.21526,63.34124],[22.20994,63.33321],[22.21119,63.32225],[22.20998,63.31863],[22.20347,63.31651],[22.19993,63.31297],[22.19005,63.31188],[22.18695,63.31294],[22.19073,63.32035],[22.18321,63.31997],[22.17148,63.32233],[22.16726,63.32491],[22.16192,63.32321],[22.16001,63.31657],[22.15213,63.31961],[22.14824,63.31868],[22.14054,63.3217],[22.14036,63.32422],[22.14837,63.32618],[22.13647,63.32959],[22.12922,63.32989],[22.12717,63.33214],[22.10964,63.335],[22.09126,63.3327],[22.0893,63.33037],[22.07259,63.32272],[22.06933,63.32264],[22.06542,63.3292],[22.05994,63.32469],[22.06949,63.31494],[22.08035,63.3129],[22.08075,63.30431],[22.09085,63.29956],[22.09069,63.29636],[22.08669,63.29122],[22.07897,63.2923],[22.0716,63.28893],[22.06258,63.29115],[22.05655,63.28853],[22.06076,63.28264],[22.06699,63.28209],[22.08154,63.27695],[22.08305,63.27461],[22.06313,63.27184],[22.07164,63.26707],[22.08642,63.26409],[22.09311,63.26442],[22.10192,63.26237],[22.11151,63.25749],[22.12028,63.25676],[22.12738,63.25891],[22.13553,63.25756],[22.14682,63.25424]]],[[[21.49514,63.20298],[21.49836,63.20734],[21.48881,63.20559],[21.49514,63.20298]]],[[[21.14661,63.18339],[21.15058,63.19032],[21.14847,63.19461],[21.14375,63.19479],[21.1409,63.18805],[21.14661,63.18339]]],[[[21.44597,63.1928],[21.4418,63.1956],[21.4488,63.19765],[21.44203,63.20177],[21.43336,63.20003],[21.44009,63.19438],[21.44597,63.1928]]],[[[21.40398,63.17374],[21.40829,63.17742],[21.40722,63.18049],[21.39702,63.18086],[21.39675,63.17821],[21.40398,63.17374]]],[[[21.3421,63.16642],[21.34863,63.17039],[21.3437,63.17468],[21.33639,63.17072],[21.3421,63.16642]]],[[[21.37247,63.1617],[21.37523,63.16918],[21.36708,63.17056],[21.37247,63.1617]]],[[[21.29188,63.15632],[21.29743,63.15921],[21.30758,63.15915],[21.31257,63.16103],[21.32522,63.15876],[21.3267,63.16073],[21.31895,63.16467],[21.3227,63.16901],[21.33056,63.1702],[21.33204,63.17407],[21.32517,63.1764],[21.30895,63.17633],[21.30802,63.17895],[21.32366,63.18246],[21.32713,63.18581],[21.34198,63.19463],[21.35157,63.19804],[21.35857,63.19816],[21.35507,63.20494],[21.35623,63.20933],[21.3653,63.21293],[21.37603,63.21254],[21.37692,63.20524],[21.371,63.19543],[21.36996,63.19137],[21.37652,63.18748],[21.38084,63.19351],[21.38512,63.1934],[21.39209,63.1888],[21.3962,63.19064],[21.39466,63.19451],[21.40362,63.19695],[21.40982,63.19559],[21.41188,63.18747],[21.41845,63.18898],[21.41787,63.19377],[21.41374,63.2036],[21.41933,63.20398],[21.42252,63.19947],[21.42766,63.20121],[21.43801,63.20737],[21.44862,63.20407],[21.45605,63.20353],[21.45723,63.21164],[21.4435,63.21956],[21.44633,63.22772],[21.44311,63.2322],[21.44374,63.23536],[21.45007,63.24277],[21.45044,63.24776],[21.44276,63.24955],[21.44191,63.25248],[21.42707,63.26517],[21.41836,63.26676],[21.42023,63.273],[21.40808,63.2717],[21.40068,63.27248],[21.39276,63.27664],[21.3873,63.28107],[21.37712,63.2787],[21.3717,63.27198],[21.36225,63.27071],[21.36063,63.268],[21.3508,63.26732],[21.34415,63.27024],[21.33875,63.26793],[21.33912,63.26359],[21.31783,63.25813],[21.30829,63.25631],[21.30489,63.25928],[21.2937,63.25904],[21.28531,63.26647],[21.27603,63.26535],[21.28193,63.26186],[21.27508,63.25603],[21.27781,63.25166],[21.28308,63.25048],[21.29895,63.24977],[21.30968,63.25215],[21.31832,63.25046],[21.31411,63.24258],[21.32262,63.23954],[21.31414,63.23496],[21.32049,63.22577],[21.31082,63.22963],[21.3072,63.23505],[21.31268,63.23883],[21.31172,63.24195],[21.29888,63.24299],[21.29203,63.24452],[21.28869,63.24855],[21.28272,63.24657],[21.27247,63.25087],[21.26291,63.24931],[21.27204,63.24306],[21.2534,63.23513],[21.24249,63.23926],[21.23818,63.23438],[21.23026,63.23618],[21.23029,63.24056],[21.22335,63.24224],[21.21803,63.24531],[21.2169,63.25002],[21.21195,63.25135],[21.19962,63.25186],[21.19563,63.25617],[21.20406,63.2561],[21.20928,63.2528],[21.2205,63.2529],[21.21932,63.25918],[21.22641,63.26534],[21.22428,63.26824],[21.22785,63.27186],[21.24467,63.27989],[21.24835,63.28676],[21.25848,63.28502],[21.2678,63.28836],[21.26593,63.29194],[21.27512,63.2975],[21.27249,63.30327],[21.26792,63.30709],[21.27032,63.31022],[21.26119,63.3151],[21.25571,63.31535],[21.25627,63.31097],[21.26308,63.30849],[21.26,63.30366],[21.25254,63.2983],[21.24368,63.29617],[21.23605,63.29641],[21.23463,63.30155],[21.24469,63.30611],[21.2445,63.30855],[21.25084,63.31213],[21.24553,63.32122],[21.22292,63.322],[21.21013,63.32074],[21.21169,63.31641],[21.19875,63.30785],[21.19285,63.30756],[21.19184,63.30431],[21.18285,63.30276],[21.18092,63.29958],[21.18673,63.29634],[21.1821,63.29266],[21.18489,63.28827],[21.19303,63.29002],[21.20047,63.28676],[21.20824,63.29173],[21.21359,63.29243],[21.22259,63.29116],[21.21402,63.28438],[21.19479,63.28104],[21.19436,63.28583],[21.18609,63.28496],[21.17669,63.28153],[21.16958,63.28398],[21.16188,63.28269],[21.15946,63.28646],[21.1508,63.28384],[21.14663,63.28414],[21.13829,63.28097],[21.12903,63.28553],[21.12046,63.29173],[21.11414,63.29149],[21.10307,63.29694],[21.10468,63.30275],[21.08726,63.30573],[21.08606,63.29965],[21.09938,63.2908],[21.087,63.28874],[21.08526,63.2821],[21.10141,63.27957],[21.11237,63.27501],[21.12129,63.27401],[21.12049,63.27066],[21.11008,63.26107],[21.10256,63.25767],[21.10405,63.25544],[21.11803,63.25128],[21.13044,63.24479],[21.13785,63.23381],[21.14664,63.22992],[21.14095,63.22226],[21.14294,63.21727],[21.13918,63.21465],[21.14323,63.2089],[21.14459,63.20185],[21.14858,63.20105],[21.15497,63.20612],[21.15932,63.20349],[21.15233,63.19882],[21.16024,63.19368],[21.16201,63.18883],[21.1698,63.18528],[21.1853,63.18582],[21.19849,63.18874],[21.19922,63.18562],[21.20639,63.18465],[21.20899,63.18913],[21.2069,63.19594],[21.20123,63.19548],[21.20021,63.19976],[21.20765,63.2],[21.21791,63.19379],[21.22278,63.19701],[21.22748,63.18986],[21.23361,63.18324],[21.23014,63.17091],[21.24184,63.16666],[21.25286,63.16443],[21.25959,63.16526],[21.26298,63.16077],[21.2716,63.15743],[21.28627,63.15896],[21.29188,63.15632]]],[[[21.40052,63.15583],[21.40933,63.16157],[21.40118,63.16157],[21.39687,63.1667],[21.40159,63.17011],[21.39913,63.17319],[21.38764,63.17766],[21.38073,63.171],[21.38027,63.16588],[21.38285,63.16044],[21.40052,63.15583]]],[[[21.47526,63.13799],[21.48124,63.1414],[21.47732,63.1452],[21.46848,63.14177],[21.47089,63.13801],[21.47526,63.13799]]],[[[21.5311,63.13358],[21.5367,63.13498],[21.53084,63.14145],[21.52403,63.14281],[21.52057,63.14792],[21.52412,63.15107],[21.5146,63.15229],[21.50854,63.15566],[21.49735,63.15216],[21.49312,63.15616],[21.48986,63.16263],[21.48413,63.16484],[21.47387,63.16639],[21.48024,63.15917],[21.47519,63.15675],[21.48201,63.1526],[21.48236,63.14545],[21.48798,63.14426],[21.4983,63.14849],[21.50543,63.14609],[21.50989,63.14972],[21.51493,63.14687],[21.51798,63.14189],[21.51633,63.13947],[21.52691,63.13413],[21.5311,63.13358]]],[[[20.7902,63.10212],[20.79938,63.10696],[20.80635,63.10464],[20.81048,63.10754],[20.8103,63.1193],[20.80889,63.12321],[20.79563,63.1195],[20.79402,63.11373],[20.78821,63.10605],[20.7902,63.10212]]],[[[21.521,63.12649],[21.52912,63.12964],[21.51781,63.13514],[21.51093,63.13988],[21.50423,63.14097],[21.49974,63.13815],[21.49907,63.13345],[21.50606,63.12853],[21.51103,63.12915],[21.521,63.12649]]],[[[21.49692,63.12273],[21.50384,63.12413],[21.49789,63.13081],[21.49358,63.1306],[21.49099,63.1239],[21.49692,63.12273]]],[[[21.48011,63.11965],[21.48725,63.1217],[21.48646,63.12461],[21.48147,63.12715],[21.48333,63.13271],[21.47127,63.13394],[21.47546,63.12841],[21.47144,63.12641],[21.47101,63.12266],[21.48011,63.11965]]],[[[21.30145,63.10834],[21.30107,63.11248],[21.29382,63.11253],[21.2958,63.10901],[21.30145,63.10834]]],[[[21.52566,63.11335],[21.53136,63.11706],[21.53305,63.12228],[21.5244,63.12554],[21.51959,63.12256],[21.51944,63.11658],[21.52566,63.11335]]],[[[21.5022,63.11168],[21.50531,63.11283],[21.50472,63.12178],[21.49483,63.11977],[21.49312,63.114],[21.5022,63.11168]]],[[[21.48271,63.10615],[21.48468,63.11094],[21.48009,63.11631],[21.46809,63.11459],[21.46573,63.11162],[21.47043,63.10781],[21.48271,63.10615]]],[[[20.73218,63.07465],[20.73487,63.07589],[20.73427,63.08194],[20.73038,63.08496],[20.72418,63.082],[20.726,63.07676],[20.73218,63.07465]]],[[[21.53678,63.10005],[21.54075,63.10138],[21.53963,63.10475],[21.52935,63.10348],[21.53678,63.10005]]],[[[21.3725,63.09236],[21.37478,63.09336],[21.3936,63.09479],[21.39216,63.09852],[21.38444,63.09826],[21.38074,63.09608],[21.37123,63.09531],[21.3725,63.09236]]],[[[21.31086,63.08875],[21.32017,63.09018],[21.32223,63.0928],[21.31557,63.09556],[21.30318,63.09111],[21.31086,63.08875]]],[[[21.34086,63.08928],[21.34908,63.09018],[21.35657,63.09614],[21.34403,63.09504],[21.33117,63.09652],[21.32683,63.09445],[21.33028,63.09041],[21.34086,63.08928]]],[[[21.22787,63.0836],[21.23147,63.08687],[21.2215,63.08738],[21.21685,63.08396],[21.22787,63.0836]]],[[[20.84042,63.06043],[20.84876,63.06671],[20.84166,63.06734],[20.83791,63.06473],[20.84042,63.06043]]],[[[21.32801,63.07932],[21.33087,63.08337],[21.32663,63.08585],[21.31728,63.08509],[21.32306,63.08064],[21.32801,63.07932]]],[[[20.807,63.05678],[20.80339,63.0589],[20.80783,63.06252],[20.8005,63.06284],[20.80131,63.05771],[20.807,63.05678]]],[[[21.31138,63.07519],[21.31694,63.07838],[21.30917,63.0796],[21.31138,63.07519]]],[[[20.83301,63.05297],[20.83037,63.057],[20.82407,63.06156],[20.81592,63.05427],[20.82223,63.05475],[20.83301,63.05297]]],[[[21.57504,63.08066],[21.57712,63.08482],[21.59074,63.08763],[21.59099,63.09101],[21.58245,63.09645],[21.57999,63.10061],[21.56883,63.10182],[21.57235,63.09631],[21.56919,63.09261],[21.55854,63.095],[21.5477,63.09094],[21.54803,63.08875],[21.56476,63.08285],[21.57504,63.08066]]],[[[21.45924,63.07511],[21.46387,63.07786],[21.45513,63.08969],[21.45128,63.08868],[21.45161,63.0832],[21.45629,63.07993],[21.45924,63.07511]]],[[[21.50666,63.07587],[21.51653,63.07716],[21.50905,63.08008],[21.50666,63.07587]]],[[[20.8461,63.04666],[20.8528,63.0471],[20.85588,63.05053],[20.84359,63.05044],[20.8394,63.05191],[20.82863,63.04907],[20.83408,63.04725],[20.8461,63.04666]]],[[[20.82534,63.04374],[20.8271,63.04736],[20.82436,63.05192],[20.81528,63.05167],[20.82012,63.04562],[20.82534,63.04374]]],[[[21.33369,63.0638],[21.3405,63.0653],[21.33875,63.06977],[21.3337,63.07192],[21.32616,63.06706],[21.33369,63.0638]]],[[[21.48169,63.06664],[21.48843,63.06822],[21.4781,63.07505],[21.4717,63.07348],[21.48169,63.06664]]],[[[21.39679,63.06329],[21.40584,63.06625],[21.40629,63.07],[21.41188,63.07302],[21.41021,63.07748],[21.40157,63.08442],[21.39565,63.08626],[21.38289,63.08579],[21.3811,63.07939],[21.38192,63.07518],[21.38642,63.07325],[21.39414,63.07477],[21.3967,63.07784],[21.40449,63.0763],[21.40033,63.0667],[21.39679,63.06329]]],[[[21.47689,63.06147],[21.48122,63.06522],[21.46881,63.06622],[21.47689,63.06147]]],[[[21.31849,63.05392],[21.31927,63.05679],[21.32729,63.05698],[21.3329,63.06008],[21.32592,63.06268],[21.31182,63.06056],[21.3121,63.05614],[21.31849,63.05392]]],[[[21.39232,63.0466],[21.39889,63.0508],[21.3954,63.05479],[21.3849,63.05525],[21.38182,63.05933],[21.36796,63.06224],[21.3608,63.05787],[21.35811,63.05356],[21.3645,63.05201],[21.36759,63.04827],[21.37709,63.0497],[21.38765,63.04864],[21.39232,63.0466]]],[[[21.2772,63.03999],[21.28951,63.0429],[21.28124,63.04563],[21.27352,63.04352],[21.2772,63.03999]]],[[[21.46553,63.03332],[21.4748,63.03783],[21.46943,63.03997],[21.46553,63.03332]]],[[[20.84172,63.00178],[20.84249,63.005],[20.83647,63.0085],[20.84111,63.01413],[20.83343,63.01392],[20.83585,63.00365],[20.84172,63.00178]]],[[[21.12587,63.01294],[21.12934,63.01423],[21.13481,63.0241],[21.13898,63.02653],[21.13446,63.02896],[21.1233,63.02554],[21.1162,63.02072],[21.11864,63.01718],[21.12318,63.01654],[21.12587,63.01294]]],[[[21.17092,63.01012],[21.17516,63.01302],[21.17115,63.01842],[21.16147,63.01731],[21.16165,63.01381],[21.17092,63.01012]]],[[[21.29349,63.0021],[21.30305,63.00333],[21.30108,63.00637],[21.28724,63.00626],[21.29349,63.0021]]],[[[21.45533,63.00665],[21.45619,63.00975],[21.44814,63.01135],[21.42892,63.01328],[21.43003,63.01873],[21.44156,63.02089],[21.44458,63.0261],[21.45045,63.03071],[21.44309,63.03143],[21.43911,63.02846],[21.42884,63.03223],[21.43392,63.034],[21.4397,63.03854],[21.4459,63.0383],[21.45258,63.04199],[21.44311,63.04522],[21.4443,63.05077],[21.43899,63.05637],[21.44533,63.05847],[21.4532,63.06622],[21.4484,63.0766],[21.43993,63.07917],[21.43747,63.08422],[21.43177,63.08307],[21.42386,63.08418],[21.41506,63.0837],[21.41151,63.0867],[21.40479,63.08666],[21.40936,63.08174],[21.42,63.07934],[21.42029,63.07418],[21.41079,63.06875],[21.41978,63.06733],[21.42177,63.06497],[21.40982,63.06509],[21.40327,63.06201],[21.40064,63.05743],[21.40733,63.05355],[21.4062,63.04973],[21.39793,63.04541],[21.40338,63.04015],[21.41072,63.03731],[21.40358,63.03548],[21.39542,63.04325],[21.3887,63.03939],[21.38303,63.04205],[21.37577,63.04165],[21.37443,63.04479],[21.36936,63.04625],[21.36032,63.04362],[21.33822,63.03995],[21.34748,63.03578],[21.35263,63.02938],[21.36294,63.02671],[21.37206,63.02613],[21.38267,63.02391],[21.38502,63.02065],[21.40702,63.0192],[21.41374,63.02044],[21.4133,63.01627],[21.4066,63.01446],[21.41997,63.01217],[21.42774,63.00961],[21.43884,63.01022],[21.43927,63.00705],[21.45533,63.00665]]],[[[21.25234,62.9969],[21.25638,62.99849],[21.25598,63.00402],[21.24401,63.00639],[21.24327,62.99906],[21.25234,62.9969]]],[[[21.20189,62.9946],[21.20721,62.99687],[21.2139,62.99667],[21.22202,62.99848],[21.23025,63.00302],[21.23197,63.00677],[21.23669,63.00735],[21.24011,63.0129],[21.23098,63.01364],[21.22381,63.01252],[21.21875,63.00657],[21.21534,63.00634],[21.21204,63.01292],[21.21268,63.01607],[21.20354,63.01897],[21.20026,63.02143],[21.19845,63.02786],[21.19121,63.02695],[21.1894,63.02276],[21.19168,63.02018],[21.19003,63.01639],[21.1773,63.01637],[21.17923,63.00554],[21.18794,63.0043],[21.19283,62.99702],[21.20189,62.9946]]],[[[20.81509,62.97395],[20.81667,62.9783],[20.80969,62.9784],[20.81509,62.97395]]],[[[20.86504,62.97366],[20.87051,62.97715],[20.86648,62.97952],[20.8605,62.97618],[20.86504,62.97366]]],[[[21.11708,62.98344],[21.12062,62.9854],[21.11833,62.99237],[21.11476,62.99395],[21.10436,62.99489],[21.09714,62.99988],[21.0937,62.99775],[21.09744,62.9939],[21.10603,62.9906],[21.11061,62.99055],[21.11708,62.98344]]],[[[21.23731,62.98309],[21.24258,62.98356],[21.24908,62.99329],[21.23765,62.99878],[21.22267,62.99476],[21.2238,62.98809],[21.23731,62.98309]]],[[[21.41046,62.98906],[21.41802,62.99348],[21.41668,62.99622],[21.41969,62.99937],[21.41634,63.00275],[21.40316,63.00473],[21.40042,63.00932],[21.41139,63.00645],[21.41613,63.01055],[21.37893,63.01802],[21.3726,63.01701],[21.37483,63.01395],[21.38119,63.01327],[21.38066,63.01047],[21.36768,63.01139],[21.37579,63.00462],[21.37696,63.00026],[21.35417,63.00858],[21.3428,63.00906],[21.33344,63.01326],[21.32272,63.01109],[21.32331,63.00736],[21.33879,63.00791],[21.33899,62.99915],[21.3431,62.99517],[21.34999,62.99871],[21.36436,62.99242],[21.37639,62.99078],[21.38254,62.99649],[21.39701,62.99365],[21.40385,62.98968],[21.41046,62.98906]]],[[[21.35942,62.9842],[21.36087,62.98885],[21.3542,62.99073],[21.34982,62.98959],[21.35942,62.9842]]],[[[21.43817,62.98616],[21.439,62.98858],[21.43086,62.99057],[21.42355,62.99401],[21.41812,62.99009],[21.42176,62.98765],[21.42998,62.98792],[21.43817,62.98616]]],[[[21.46308,62.98682],[21.47052,62.99028],[21.46992,62.99362],[21.46182,62.99734],[21.4631,62.99881],[21.44582,63.00065],[21.43825,62.99767],[21.44239,62.99391],[21.45568,62.98872],[21.46308,62.98682]]],[[[21.0471,62.96977],[21.04659,62.97422],[21.0495,62.97755],[21.0453,62.97896],[21.0374,62.97507],[21.0471,62.96977]]],[[[21.38016,62.98312],[21.38223,62.98453],[21.37134,62.98768],[21.36509,62.98685],[21.37139,62.98315],[21.38016,62.98312]]],[[[20.84715,62.9603],[20.8459,62.96304],[20.85036,62.96941],[20.85627,62.97378],[20.85299,62.97712],[20.84264,62.97515],[20.83545,62.98206],[20.8376,62.98574],[20.84261,62.98818],[20.83737,62.9902],[20.83699,62.99373],[20.8331,62.99812],[20.82687,62.99938],[20.82311,62.99737],[20.82789,62.99485],[20.82384,62.99216],[20.82525,62.98729],[20.82345,62.98497],[20.81417,62.98379],[20.82437,62.97621],[20.8298,62.97038],[20.8291,62.96388],[20.83718,62.9608],[20.84715,62.9603]]],[[[20.95696,62.95751],[20.96132,62.96228],[20.95162,62.966],[20.94402,62.96376],[20.95188,62.95897],[20.95696,62.95751]]],[[[21.39797,62.97451],[21.4048,62.97576],[21.40661,62.97821],[21.3973,62.98044],[21.39233,62.97938],[21.38275,62.98052],[21.38427,62.97629],[21.39797,62.97451]]],[[[21.36534,62.96586],[21.37793,62.97007],[21.37767,62.973],[21.36925,62.97359],[21.35876,62.97186],[21.35843,62.96779],[21.36534,62.96586]]],[[[21.41517,62.96728],[21.42541,62.96952],[21.42403,62.97364],[21.41239,62.97164],[21.41517,62.96728]]],[[[21.36279,62.95541],[21.37173,62.96119],[21.35534,62.96066],[21.36279,62.95541]]],[[[21.24818,62.95029],[21.25226,62.95127],[21.25392,62.9553],[21.25918,62.95802],[21.25822,62.96379],[21.25442,62.96335],[21.25391,62.95891],[21.24739,62.95245],[21.24818,62.95029]]],[[[21.39028,62.95557],[21.39878,62.95796],[21.39716,62.9612],[21.40436,62.96518],[21.40084,62.96917],[21.39229,62.96974],[21.38485,62.96793],[21.37691,62.9637],[21.38191,62.95899],[21.39028,62.95557]]],[[[21.42044,62.95644],[21.42791,62.96311],[21.41732,62.96605],[21.41437,62.96499],[21.41333,62.95885],[21.42044,62.95644]]],[[[21.20597,62.9428],[21.22143,62.94888],[21.21539,62.95606],[21.21537,62.96419],[21.20938,62.97585],[21.21095,62.98981],[21.19984,62.98976],[21.19385,62.99397],[21.18389,62.99553],[21.1775,62.99861],[21.17287,63.00375],[21.16531,63.00195],[21.1619,63.0067],[21.15694,63.00451],[21.15008,63.01064],[21.14398,63.01023],[21.1382,63.00631],[21.12765,63.00393],[21.11948,62.99973],[21.1232,62.996],[21.13515,62.98782],[21.13962,62.98108],[21.13952,62.97813],[21.1457,62.97577],[21.15527,62.97932],[21.16139,62.97351],[21.15683,62.97078],[21.1569,62.96555],[21.14813,62.96677],[21.14656,62.97213],[21.13932,62.97252],[21.13355,62.97095],[21.1337,62.96194],[21.14097,62.95326],[21.15905,62.94324],[21.16781,62.94247],[21.17881,62.945],[21.17931,62.95292],[21.18685,62.9563],[21.20082,62.95469],[21.20036,62.9461],[21.20597,62.9428]]],[[[21.08821,62.91702],[21.09566,62.91788],[21.09871,62.92067],[21.09769,62.92662],[21.09097,62.92642],[21.08432,62.92235],[21.08821,62.91702]]],[[[21.40642,62.92767],[21.4162,62.92972],[21.41796,62.93191],[21.41307,62.93774],[21.41608,62.94131],[21.40694,62.94239],[21.40952,62.94781],[21.39925,62.94974],[21.39409,62.95192],[21.37969,62.95566],[21.37486,62.95467],[21.36298,62.94778],[21.35047,62.94301],[21.35332,62.93981],[21.35124,62.9352],[21.36958,62.92957],[21.37663,62.93943],[21.39682,62.93279],[21.40091,62.9288],[21.40642,62.92767]]],[[[21.33193,62.91537],[21.33553,62.91839],[21.33236,62.92188],[21.32589,62.92427],[21.32211,62.91993],[21.33193,62.91537]]],[[[21.34654,62.91361],[21.34932,62.91519],[21.34748,62.92136],[21.34355,62.92192],[21.34066,62.91729],[21.34654,62.91361]]],[[[21.39304,62.91411],[21.39261,62.91642],[21.40133,62.92097],[21.40102,62.92578],[21.39674,62.9267],[21.39302,62.93112],[21.3811,62.93537],[21.37681,62.93038],[21.38152,62.92973],[21.38688,62.92579],[21.38709,62.91877],[21.38462,62.91541],[21.39304,62.91411]]],[[[21.22981,62.90099],[21.2301,62.90574],[21.23719,62.90347],[21.24267,62.90431],[21.23601,62.91091],[21.22653,62.91604],[21.21716,62.91166],[21.228,62.90126],[21.22981,62.90099]]],[[[21.37475,62.90603],[21.37935,62.91154],[21.37361,62.91288],[21.36976,62.90748],[21.37475,62.90603]]],[[[21.15629,62.89554],[21.16217,62.89689],[21.16283,62.90071],[21.1544,62.90343],[21.15034,62.89873],[21.15629,62.89554]]],[[[21.08943,62.8888],[21.09258,62.89031],[21.0893,62.89765],[21.08003,62.90504],[21.07664,62.90485],[21.07466,62.89918],[21.07897,62.89707],[21.07907,62.89385],[21.08943,62.8888]]],[[[21.2352,62.86587],[21.23975,62.86632],[21.24043,62.88201],[21.23692,62.88486],[21.23228,62.89503],[21.20837,62.91187],[21.20016,62.91406],[21.20687,62.91922],[21.19679,62.9218],[21.20318,62.92413],[21.19816,62.92976],[21.19012,62.93229],[21.18335,62.93188],[21.18426,62.92791],[21.1763,62.92525],[21.16928,62.91975],[21.17026,62.91291],[21.17269,62.9085],[21.18445,62.90172],[21.19652,62.89627],[21.20729,62.88917],[21.20511,62.88442],[21.20082,62.88249],[21.20206,62.87909],[21.22234,62.87283],[21.2352,62.86587]]],[[[21.12413,62.85411],[21.12558,62.85643],[21.1164,62.85806],[21.11298,62.85584],[21.12413,62.85411]]],[[[21.14099,62.82859],[21.14612,62.83061],[21.15709,62.8297],[21.18199,62.83219],[21.19816,62.83505],[21.20503,62.83762],[21.21392,62.83698],[21.2211,62.83942],[21.22879,62.85389],[21.23627,62.85906],[21.22954,62.86233],[21.22548,62.85836],[21.21209,62.85997],[21.19838,62.86541],[21.19091,62.86558],[21.16638,62.87135],[21.15884,62.86914],[21.16822,62.8671],[21.1604,62.86323],[21.15646,62.86511],[21.12984,62.86106],[21.13645,62.85502],[21.13067,62.85033],[21.13893,62.84542],[21.13364,62.84399],[21.13027,62.84782],[21.12309,62.84843],[21.10454,62.84648],[21.10806,62.84208],[21.10054,62.83746],[21.09546,62.83714],[21.09841,62.83148],[21.11081,62.82963],[21.12462,62.83357],[21.13988,62.83058],[21.14099,62.82859]]],[[[21.12168,62.72456],[21.12895,62.72688],[21.12311,62.73109],[21.11878,62.72636],[21.12168,62.72456]]],[[[21.07341,62.70603],[21.07666,62.70934],[21.08369,62.71248],[21.08392,62.71801],[21.09519,62.7232],[21.08697,62.72842],[21.08306,62.73416],[21.0818,62.74154],[21.07293,62.74344],[21.0664,62.74298],[21.05781,62.74523],[21.05045,62.74174],[21.05012,62.7335],[21.04843,62.72909],[21.04984,62.71684],[21.06032,62.70638],[21.07341,62.70603]]],[[[21.07614,62.65835],[21.08407,62.66254],[21.08621,62.67057],[21.07283,62.6724],[21.07077,62.66882],[21.0656,62.66661],[21.07614,62.65835]]],[[[21.06294,62.61642],[21.0706,62.6181],[21.06685,62.62657],[21.05852,62.62633],[21.06294,62.61642]]],[[[21.1749,62.60772],[21.17834,62.61111],[21.18826,62.61452],[21.18454,62.61754],[21.17674,62.61753],[21.1678,62.61601],[21.169,62.61196],[21.1749,62.60772]]],[[[21.16316,62.60546],[21.16795,62.60677],[21.16515,62.61188],[21.15462,62.61265],[21.15208,62.60861],[21.16047,62.60821],[21.16316,62.60546]]],[[[21.09945,62.55926],[21.10398,62.5646],[21.09483,62.56373],[21.09945,62.55926]]],[[[21.15902,62.53989],[21.16327,62.54384],[21.15855,62.55149],[21.15316,62.5492],[21.15027,62.54538],[21.15902,62.53989]]],[[[21.08453,62.53027],[21.08974,62.53246],[21.09042,62.53784],[21.08319,62.54121],[21.08632,62.54457],[21.08527,62.54801],[21.09177,62.55352],[21.09313,62.55802],[21.09157,62.56192],[21.09585,62.56808],[21.08769,62.57391],[21.07712,62.57805],[21.06497,62.57925],[21.05814,62.57433],[21.06429,62.5736],[21.06054,62.56994],[21.06155,62.56684],[21.05275,62.56575],[21.0596,62.5625],[21.05237,62.55291],[21.05837,62.5433],[21.05448,62.54271],[21.05266,62.53853],[21.06336,62.5387],[21.068,62.53399],[21.07295,62.53156],[21.08453,62.53027]]],[[[21.10279,62.52942],[21.10443,62.53822],[21.09779,62.53578],[21.09379,62.53196],[21.10279,62.52942]]],[[[21.06757,62.52317],[21.06491,62.52651],[21.06651,62.5294],[21.06075,62.5306],[21.06001,62.52528],[21.06757,62.52317]]],[[[21.11453,62.52301],[21.12632,62.52528],[21.13248,62.52507],[21.1311,62.53056],[21.13268,62.53388],[21.13917,62.53699],[21.14341,62.5335],[21.14351,62.52945],[21.15519,62.53513],[21.14193,62.54365],[21.13316,62.55042],[21.10372,62.55282],[21.1078,62.54323],[21.10578,62.54088],[21.10859,62.53192],[21.11145,62.53063],[21.11453,62.52301]]],[[[21.16234,62.45931],[21.16732,62.46243],[21.16208,62.46774],[21.1571,62.46118],[21.16234,62.45931]]],[[[21.11422,62.42477],[21.127,62.43413],[21.11617,62.43487],[21.11139,62.42927],[21.11422,62.42477]]],[[[21.16272,62.39185],[21.17059,62.39849],[21.16548,62.39838],[21.16065,62.39498],[21.16272,62.39185]]],[[[21.16244,62.37878],[21.16716,62.3796],[21.16958,62.38479],[21.16542,62.38656],[21.15645,62.38253],[21.16244,62.37878]]],[[[21.17929,62.3702],[21.1848,62.37591],[21.1882,62.38232],[21.20223,62.39712],[21.20721,62.40324],[21.20595,62.40511],[21.21201,62.41272],[21.20165,62.42175],[21.20049,62.42612],[21.19142,62.42386],[21.17746,62.4137],[21.19058,62.4155],[21.1956,62.4068],[21.18842,62.40717],[21.19259,62.39991],[21.19228,62.39536],[21.1839,62.39108],[21.17498,62.38951],[21.16723,62.3729],[21.17929,62.3702]]],[[[21.18661,62.35981],[21.19848,62.36348],[21.1969,62.37498],[21.21131,62.3719],[21.2144,62.3797],[21.21303,62.38728],[21.21611,62.39364],[21.2098,62.39462],[21.21428,62.39952],[21.21092,62.40023],[21.20426,62.39626],[21.19454,62.38565],[21.18451,62.36255],[21.18661,62.35981]]],[[[21.23939,62.33979],[21.24805,62.34752],[21.25605,62.35018],[21.25537,62.35332],[21.2494,62.35769],[21.24921,62.36985],[21.24775,62.37853],[21.2512,62.37954],[21.24902,62.38377],[21.23802,62.38694],[21.23788,62.39317],[21.23417,62.39498],[21.22742,62.39471],[21.21918,62.3819],[21.21953,62.37474],[21.21654,62.36342],[21.21841,62.36154],[21.21657,62.35033],[21.21812,62.34592],[21.22179,62.343],[21.2286,62.35097],[21.23457,62.3525],[21.24003,62.3485],[21.23779,62.34123],[21.23939,62.33979]]],[[[21.18872,62.33253],[21.19665,62.33362],[21.20063,62.33836],[21.19998,62.3423],[21.20571,62.34635],[21.21057,62.35693],[21.19827,62.3531],[21.19455,62.35005],[21.19526,62.34594],[21.18855,62.33897],[21.18872,62.33253]]],[[[21.27928,62.32863],[21.28187,62.33328],[21.27564,62.33272],[21.27928,62.32863]]],[[[21.25875,62.30179],[21.2633,62.30793],[21.26863,62.30826],[21.27247,62.3153],[21.26781,62.31702],[21.26047,62.31075],[21.26093,62.309],[21.25549,62.30291],[21.25875,62.30179]]],[[[21.35213,62.30015],[21.35354,62.30876],[21.34715,62.30834],[21.35213,62.30015]]],[[[21.30064,62.29742],[21.311,62.30193],[21.2982,62.30446],[21.29254,62.30108],[21.30064,62.29742]]],[[[21.36175,62.24865],[21.36756,62.25292],[21.36959,62.25817],[21.36162,62.25639],[21.36175,62.24865]]],[[[21.37706,62.22408],[21.37836,62.22561],[21.36849,62.23401],[21.36659,62.22542],[21.37706,62.22408]]],[[[21.32406,62.20738],[21.33024,62.21069],[21.32358,62.21167],[21.32406,62.20738]]],[[[21.29826,62.15979],[21.30144,62.16718],[21.29721,62.16977],[21.29331,62.165],[21.29826,62.15979]]],[[[21.30996,62.11999],[21.30957,62.1307],[21.30412,62.12814],[21.30996,62.11999]]],[[[21.3036,62.10887],[21.30633,62.11383],[21.30128,62.11841],[21.29588,62.13184],[21.29655,62.13879],[21.29035,62.13956],[21.2905,62.14791],[21.29376,62.15487],[21.28779,62.15364],[21.28536,62.14435],[21.28839,62.13035],[21.29696,62.11752],[21.29553,62.11134],[21.3036,62.10887]]],[[[21.31037,62.09496],[21.31516,62.10189],[21.31394,62.11306],[21.30837,62.11161],[21.31053,62.10857],[21.30606,62.0969],[21.31037,62.09496]]],[[[21.29758,62.07314],[21.29774,62.07923],[21.29486,62.08401],[21.29495,62.08983],[21.28943,62.08885],[21.28583,62.08148],[21.28966,62.07366],[21.29758,62.07314]]],[[[21.29596,61.97493],[21.29973,61.97924],[21.29632,61.98102],[21.2906,61.97795],[21.29596,61.97493]]],[[[21.3091,61.96793],[21.31117,61.97161],[21.30351,61.97383],[21.29523,61.97144],[21.3091,61.96793]]],[[[21.32923,61.95383],[21.36027,61.96001],[21.42664,62.00959],[21.52401,62.02459],[21.64785,62.01959],[21.62892,62.0403],[21.65084,62.05929],[21.62546,62.0993],[21.643,62.11175],[21.6417,62.14944],[21.67973,62.1382],[21.69571,62.14379],[21.70437,62.16671],[21.66697,62.18651],[21.71077,62.21277],[21.71079,62.21753],[21.76751,62.22268],[21.75937,62.2241],[21.74116,62.24127],[21.74545,62.25286],[21.73639,62.25772],[21.70022,62.2612],[21.67286,62.26011],[21.68315,62.31907],[21.66307,62.329],[21.66972,62.33528],[21.68633,62.33957],[21.68657,62.35521],[21.65014,62.36731],[21.56601,62.35665],[21.55879,62.35778],[21.54626,62.37346],[21.52349,62.37956],[21.55139,62.39625],[21.55691,62.40752],[21.55163,62.40933],[21.55496,62.4222],[21.54556,62.44387],[21.54536,62.4472],[21.60334,62.53089],[21.6148,62.5543],[21.61251,62.55874],[21.59553,62.55847],[21.59177,62.60544],[21.62535,62.61071],[21.64665,62.62157],[21.65376,62.63737],[21.66224,62.64005],[21.72724,62.66634],[21.79097,62.69422],[21.7478,62.7202],[21.72914,62.76767],[21.72877,62.82107],[21.76523,62.8476],[21.77206,62.86356],[21.83096,62.84536],[21.8424,62.81756],[21.85824,62.81179],[21.87439,62.80977],[21.91472,62.79971],[21.95832,62.78994],[21.97303,62.7876],[22.00883,62.77442],[22.06323,62.76345],[22.06711,62.76863],[22.12107,62.76018],[22.12424,62.76732],[22.20068,62.75157],[22.27387,62.79114],[22.28956,62.79882],[22.26531,62.82148],[22.26588,62.83609],[22.25808,62.84469],[22.249,62.88001],[22.23109,62.88167],[22.20069,62.92512],[22.15686,62.9506],[22.14397,62.96311],[22.16366,62.97623],[22.15841,62.99512],[22.15362,63.0035],[22.16539,63.01875],[22.17291,63.01935],[22.19494,63.0316],[22.24232,63.06373],[22.3112,63.05611],[22.48555,63.10007],[22.63165,63.10192],[22.64862,63.10539],[22.64363,63.12405],[22.6303,63.1234],[22.62918,63.1285],[22.65484,63.13051],[22.6582,63.13314],[22.64768,63.1464],[22.65047,63.15331],[22.63631,63.15887],[22.63256,63.16613],[22.62523,63.17304],[22.61711,63.18621],[22.6033,63.18806],[22.57219,63.17934],[22.59333,63.20132],[22.62854,63.20991],[22.59042,63.2446],[22.56199,63.24924],[22.55693,63.25529],[22.5594,63.2657],[22.59586,63.28401],[22.60688,63.27911],[22.61656,63.28205],[22.67264,63.29771],[22.64526,63.31679],[22.68222,63.32473],[22.7166,63.33767],[22.75111,63.34452],[22.73803,63.35439],[22.73561,63.35896],[22.75601,63.35905],[22.82952,63.34594],[22.87432,63.34625],[22.87134,63.35453],[22.90624,63.35111],[22.9807,63.3304],[22.9716,63.37227],[22.99832,63.37054],[22.99516,63.37805],[23.02355,63.38043],[23.03141,63.36176],[23.06154,63.36458],[23.0772,63.3692],[23.09453,63.36234],[23.11297,63.3473],[23.20704,63.39896],[23.26464,63.47006],[23.39289,63.49805],[23.41966,63.48165],[23.44773,63.47954],[23.45388,63.47777],[23.51627,63.46744],[23.5309,63.46966],[23.54396,63.46753],[23.56473,63.44922],[23.55501,63.44281],[23.59488,63.41935],[23.62539,63.40103],[23.69699,63.38032],[23.70993,63.38288],[23.66003,63.43483],[23.66015,63.44975],[23.65741,63.46125],[23.65777,63.48297],[23.65103,63.53093],[23.57862,63.55341],[23.58149,63.5657],[23.57801,63.57017],[23.57555,63.58007],[23.57701,63.58687],[23.56365,63.60045],[23.55659,63.60413],[23.5387,63.60019],[23.50759,63.59456],[23.49096,63.58638],[23.42241,63.61601],[23.43362,63.61759],[23.45772,63.61023],[23.46712,63.62032],[23.45323,63.62906],[23.48491,63.63998],[23.46883,63.66161],[23.49855,63.65649],[23.50383,63.6483],[23.53212,63.63407],[23.54649,63.63373],[23.57397,63.64297],[23.61071,63.65029],[23.64987,63.67109],[23.70485,63.65654],[23.74408,63.67544],[23.68634,63.69926],[23.61868,63.72148],[23.47764,63.77913],[23.45534,63.76142],[23.45787,63.7416],[23.44434,63.73722],[23.42116,63.75326],[23.40482,63.75036],[23.39186,63.7593],[23.36891,63.76238],[23.36103,63.75704],[23.33635,63.76127],[23.29165,63.75362],[23.26559,63.74148],[23.2484,63.71692],[23.22411,63.71876],[23.18616,63.7326],[23.17387,63.73834],[23.07456,63.77367],[23.0129,63.79125],[23.01288,63.78775],[23.00649,63.78308],[22.99885,63.78178],[22.98905,63.78802],[22.95389,63.78203],[22.96127,63.77682],[22.95366,63.77593],[22.94387,63.77279],[22.94017,63.76954],[22.93347,63.77444],[22.93323,63.77851],[22.9241,63.77896],[22.85986,63.78471],[22.87194,63.80249],[22.8868,63.81255],[22.87136,63.83398],[22.86703,63.83827],[22.86032,63.83659],[22.8509,63.83901],[22.84693,63.844],[22.84923,63.84843],[22.83603,63.85623],[22.82104,63.85222],[22.80826,63.85323],[22.80392,63.85884],[22.78261,63.85675],[22.78831,63.85047],[22.79878,63.8485],[22.80493,63.84533],[22.81433,63.84625],[22.82289,63.84571],[22.82073,63.84298],[22.80405,63.84162],[22.80277,63.83863],[22.79543,63.83783],[22.78044,63.84176],[22.77424,63.83761],[22.77068,63.84208],[22.76498,63.8415],[22.75245,63.84284],[22.74893,63.8458],[22.7387,63.84563],[22.72619,63.84672],[22.72959,63.84218],[22.71549,63.84249],[22.70556,63.84024],[22.70094,63.83711],[22.70854,63.83421],[22.71142,63.83125],[22.70388,63.83049],[22.6959,63.83333],[22.69015,63.83213],[22.693,63.82715],[22.68664,63.82062],[22.68918,63.81693],[22.67696,63.81671],[22.66741,63.81301],[22.6744,63.81037],[22.67897,63.806],[22.67727,63.8037],[22.68238,63.7992],[22.69936,63.79921],[22.70314,63.79394],[22.70911,63.79328],[22.7196,63.78857],[22.73155,63.78953],[22.72704,63.7927],[22.72302,63.79919],[22.73903,63.79925],[22.7438,63.79722],[22.75514,63.79888],[22.76312,63.79788],[22.75551,63.79322],[22.74714,63.79058],[22.73812,63.78429],[22.73202,63.78486],[22.72271,63.781],[22.71752,63.78108],[22.71079,63.77629],[22.70325,63.77484],[22.70134,63.7719],[22.69221,63.77047],[22.69162,63.76734],[22.67225,63.7639],[22.67424,63.75837],[22.68632,63.75555],[22.69942,63.74805],[22.69869,63.7443],[22.70359,63.74013],[22.70033,63.73914],[22.69907,63.7333],[22.70634,63.73205],[22.71454,63.72551],[22.7279,63.72221],[22.74954,63.71819],[22.73992,63.71406],[22.74169,63.7086],[22.73534,63.70831],[22.72217,63.71443],[22.71572,63.71557],[22.70836,63.71485],[22.70154,63.71808],[22.69479,63.71821],[22.69029,63.71429],[22.68846,63.70975],[22.69174,63.70373],[22.69326,63.69326],[22.69082,63.68833],[22.68179,63.68493],[22.67781,63.69302],[22.66848,63.6959],[22.6644,63.70247],[22.66914,63.70684],[22.66122,63.70711],[22.65971,63.70401],[22.64958,63.70438],[22.65145,63.70082],[22.64678,63.69439],[22.64068,63.69405],[22.62796,63.70062],[22.62716,63.70294],[22.63373,63.70834],[22.64145,63.70917],[22.64593,63.71427],[22.63976,63.71413],[22.63387,63.7164],[22.61316,63.71958],[22.61437,63.7159],[22.61017,63.71163],[22.61495,63.70603],[22.61163,63.69605],[22.60455,63.69381],[22.60375,63.68813],[22.60872,63.68725],[22.60913,63.68328],[22.59891,63.67644],[22.59653,63.66852],[22.58023,63.66934],[22.57797,63.67345],[22.56312,63.67402],[22.55252,63.67303],[22.54753,63.66945],[22.54721,63.66405],[22.54143,63.66201],[22.53957,63.6589],[22.51751,63.65258],[22.51509,63.6476],[22.51775,63.64026],[22.51316,63.63342],[22.5148,63.62936],[22.52033,63.62651],[22.52119,63.62176],[22.49924,63.61976],[22.50161,63.61209],[22.49604,63.61291],[22.49118,63.60905],[22.4839,63.60663],[22.47823,63.60718],[22.46241,63.60344],[22.45237,63.60481],[22.44025,63.6089],[22.42897,63.60219],[22.43447,63.5982],[22.42731,63.59105],[22.44197,63.59099],[22.44969,63.59429],[22.45878,63.59613],[22.46273,63.59432],[22.46639,63.58822],[22.46687,63.5818],[22.47161,63.58094],[22.4853,63.58499],[22.48562,63.58792],[22.49264,63.58905],[22.49322,63.59449],[22.50644,63.6016],[22.51421,63.6011],[22.51835,63.59219],[22.50817,63.58767],[22.50861,63.58477],[22.49884,63.58023],[22.49907,63.5718],[22.49138,63.57223],[22.47944,63.56906],[22.47886,63.56451],[22.47391,63.56398],[22.46731,63.56662],[22.46173,63.56495],[22.46604,63.56232],[22.46746,63.55394],[22.4699,63.55217],[22.47956,63.55169],[22.48213,63.54895],[22.47849,63.54583],[22.48303,63.54363],[22.48385,63.5387],[22.47983,63.53437],[22.47037,63.52827],[22.46846,63.52374],[22.461,63.51889],[22.45956,63.51315],[22.45386,63.51115],[22.45176,63.50119],[22.45208,63.49701],[22.44626,63.49146],[22.45046,63.48014],[22.44768,63.4766],[22.44112,63.47956],[22.4434,63.48287],[22.44099,63.49009],[22.43754,63.49044],[22.42925,63.48682],[22.42512,63.47789],[22.41677,63.4772],[22.41633,63.48326],[22.41385,63.48645],[22.40891,63.48737],[22.40903,63.49067],[22.40506,63.49425],[22.41424,63.49817],[22.41202,63.50125],[22.40461,63.5008],[22.39892,63.50495],[22.39825,63.51052],[22.39268,63.51271],[22.38564,63.51201],[22.37788,63.50827],[22.36875,63.51018],[22.35938,63.50971],[22.35916,63.51248],[22.37453,63.51685],[22.38018,63.51414],[22.38693,63.51838],[22.3836,63.52156],[22.3828,63.5272],[22.3792,63.52923],[22.38176,63.53191],[22.37767,63.53688],[22.37381,63.53814],[22.37039,63.54292],[22.36604,63.54456],[22.35312,63.54395],[22.34571,63.54811],[22.34866,63.55283],[22.35662,63.54763],[22.3599,63.55042],[22.37171,63.55364],[22.37092,63.55707],[22.38046,63.56536],[22.37892,63.57374],[22.37183,63.57764],[22.36534,63.57494],[22.35817,63.57752],[22.34864,63.57907],[22.33681,63.5793],[22.33148,63.58498],[22.3233,63.5834],[22.32331,63.5799],[22.33268,63.57795],[22.33843,63.57506],[22.33962,63.57066],[22.32988,63.56535],[22.32523,63.56001],[22.3328,63.55415],[22.32131,63.55337],[22.32073,63.54892],[22.31062,63.54553],[22.3077,63.54228],[22.31118,63.53948],[22.30668,63.53332],[22.3008,63.53223],[22.2963,63.52677],[22.28913,63.52255],[22.29147,63.51898],[22.29596,63.51789],[22.29855,63.51355],[22.29365,63.51069],[22.29845,63.50656],[22.30169,63.49981],[22.30737,63.49876],[22.3119,63.49358],[22.32218,63.48873],[22.32877,63.48058],[22.33944,63.47661],[22.34272,63.47352],[22.36273,63.46421],[22.37221,63.4583],[22.38507,63.4537],[22.39748,63.44574],[22.4049,63.44228],[22.39947,63.43866],[22.38631,63.44366],[22.37785,63.44522],[22.37284,63.44879],[22.37086,63.45433],[22.35906,63.46184],[22.35216,63.46204],[22.35366,63.45404],[22.34808,63.45378],[22.34596,63.45813],[22.33689,63.46257],[22.32647,63.47692],[22.31841,63.47675],[22.31335,63.48337],[22.30865,63.48585],[22.30086,63.48713],[22.29405,63.48511],[22.27433,63.48391],[22.2626,63.47984],[22.24958,63.48089],[22.24127,63.48258],[22.22236,63.48167],[22.21131,63.47861],[22.20938,63.47521],[22.20318,63.47231],[22.2029,63.46926],[22.20725,63.46749],[22.21001,63.46338],[22.20327,63.45954],[22.20382,63.45324],[22.21527,63.44957],[22.22097,63.44493],[22.2305,63.44021],[22.22922,63.43669],[22.23323,63.43189],[22.24402,63.42709],[22.25912,63.42279],[22.25934,63.42022],[22.26865,63.41484],[22.2746,63.41583],[22.27976,63.41112],[22.2867,63.40916],[22.29285,63.41142],[22.3013,63.40743],[22.2998,63.3972],[22.29715,63.39359],[22.30086,63.39036],[22.32301,63.38201],[22.33554,63.38079],[22.34493,63.37841],[22.34736,63.37406],[22.35353,63.37149],[22.35638,63.36606],[22.36431,63.36327],[22.36618,63.35764],[22.37658,63.35251],[22.39253,63.33546],[22.38961,63.32984],[22.3745,63.32611],[22.36835,63.32544],[22.36605,63.32083],[22.35582,63.32413],[22.35068,63.32003],[22.36141,63.31646],[22.35832,63.31177],[22.37066,63.30029],[22.36855,63.29864],[22.36965,63.29244],[22.36466,63.28942],[22.35008,63.29199],[22.34659,63.29387],[22.33699,63.29194],[22.33178,63.29783],[22.32121,63.30422],[22.31522,63.30453],[22.30989,63.31088],[22.29802,63.31233],[22.28556,63.31122],[22.28186,63.30937],[22.28539,63.30448],[22.27767,63.30148],[22.27708,63.29716],[22.26455,63.29829],[22.25578,63.29686],[22.25936,63.29274],[22.25604,63.28798],[22.24926,63.28693],[22.24958,63.28313],[22.24347,63.28061],[22.23748,63.27457],[22.24211,63.26568],[22.23949,63.2624],[22.24455,63.25631],[22.23769,63.25309],[22.23292,63.25523],[22.21875,63.25717],[22.20899,63.25996],[22.20925,63.2627],[22.20064,63.26192],[22.19847,63.25825],[22.19326,63.25875],[22.18404,63.2557],[22.18201,63.24425],[22.18242,63.24002],[22.18704,63.23594],[22.18055,63.23223],[22.1742,63.2384],[22.17182,63.24286],[22.16011,63.246],[22.15103,63.24615],[22.14566,63.24084],[22.13139,63.2437],[22.13491,63.23946],[22.12945,63.23775],[22.12133,63.2375],[22.11317,63.23268],[22.10679,63.23163],[22.10544,63.22809],[22.09617,63.2293],[22.08566,63.21923],[22.08005,63.22075],[22.08536,63.22632],[22.09,63.23438],[22.09642,63.23587],[22.09036,63.24088],[22.09589,63.24437],[22.09598,63.24963],[22.08783,63.25677],[22.08024,63.25529],[22.0792,63.25204],[22.06156,63.25229],[22.05162,63.25097],[22.0465,63.24904],[22.03777,63.251],[22.02857,63.25448],[22.02439,63.25353],[22.02918,63.24732],[22.04418,63.24438],[22.04121,63.24012],[22.03483,63.24296],[22.02881,63.24232],[22.03011,63.23697],[22.02222,63.23498],[22.02942,63.22807],[22.03677,63.22656],[22.04136,63.22301],[22.03615,63.21299],[22.04121,63.21034],[22.04425,63.20575],[22.04284,63.2025],[22.03315,63.19903],[22.0188,63.20386],[22.01211,63.20768],[22.00451,63.20772],[21.99773,63.20404],[21.98493,63.2029],[21.98452,63.20645],[21.976,63.20733],[21.97584,63.20207],[21.98434,63.19654],[21.98014,63.19167],[21.98334,63.18782],[21.98195,63.18346],[21.9895,63.17986],[21.99837,63.17734],[22.0065,63.17708],[22.00218,63.17112],[22.01225,63.16006],[22.00225,63.15806],[21.9859,63.16189],[21.98056,63.1676],[21.97351,63.17081],[21.96603,63.16932],[21.96121,63.17712],[21.95305,63.18092],[21.95894,63.18779],[21.96251,63.18599],[21.97494,63.18808],[21.96924,63.19484],[21.96777,63.19961],[21.96091,63.2097],[21.95007,63.21064],[21.95837,63.21654],[21.96455,63.21651],[21.97378,63.21875],[21.9785,63.21533],[21.98527,63.2148],[21.99454,63.21129],[22.00539,63.21247],[22.01608,63.21599],[22.02068,63.22054],[22.02001,63.2238],[22.01482,63.22665],[22.00797,63.23303],[21.99772,63.23356],[21.99845,63.23586],[22.01579,63.243],[22.01593,63.25045],[22.01132,63.25577],[22.0018,63.25356],[21.99258,63.2541],[21.99335,63.25826],[21.99053,63.26435],[21.98572,63.26562],[21.97121,63.26475],[21.96535,63.25739],[21.96825,63.25202],[21.96216,63.25072],[21.95969,63.25393],[21.94746,63.2609],[21.94068,63.25477],[21.93603,63.25501],[21.92803,63.24748],[21.92333,63.25102],[21.92187,63.25681],[21.93193,63.26267],[21.93186,63.26695],[21.92815,63.27321],[21.91448,63.27889],[21.90572,63.27707],[21.88756,63.27503],[21.88233,63.27031],[21.88523,63.26604],[21.88401,63.26126],[21.87609,63.26276],[21.86729,63.25971],[21.85284,63.26161],[21.854,63.26959],[21.83941,63.26258],[21.83361,63.25676],[21.81332,63.2581],[21.81219,63.263],[21.80805,63.26456],[21.80249,63.26203],[21.79659,63.26197],[21.80028,63.26649],[21.8137,63.27439],[21.80637,63.27565],[21.8019,63.27085],[21.79243,63.26687],[21.78726,63.26],[21.78036,63.25996],[21.78136,63.25579],[21.79181,63.25662],[21.79396,63.25352],[21.78232,63.24996],[21.77281,63.25117],[21.76084,63.24499],[21.75789,63.24887],[21.74911,63.24661],[21.74605,63.24255],[21.73991,63.24156],[21.74403,63.23693],[21.7414,63.23053],[21.74655,63.2265],[21.7552,63.22289],[21.75367,63.21944],[21.74871,63.21719],[21.74191,63.22019],[21.73892,63.22451],[21.73043,63.22655],[21.72073,63.23292],[21.70089,63.23738],[21.69499,63.23448],[21.68418,63.22056],[21.67566,63.21178],[21.6659,63.21157],[21.66568,63.21521],[21.65177,63.21831],[21.64898,63.22378],[21.63269,63.22083],[21.62713,63.22159],[21.62109,63.22793],[21.61046,63.22936],[21.61376,63.23189],[21.60437,63.23324],[21.59945,63.23672],[21.597,63.24367],[21.58878,63.24449],[21.58482,63.24866],[21.58769,63.25293],[21.58365,63.25712],[21.58147,63.26564],[21.58211,63.26892],[21.5731,63.27268],[21.57805,63.27525],[21.58222,63.28284],[21.58675,63.28491],[21.58316,63.2872],[21.57418,63.28287],[21.57395,63.2784],[21.56185,63.2758],[21.54761,63.26977],[21.54042,63.26786],[21.54668,63.25913],[21.54224,63.25591],[21.54694,63.25453],[21.55401,63.24944],[21.56115,63.24722],[21.55373,63.24352],[21.54574,63.24371],[21.54341,63.23795],[21.53797,63.23658],[21.53057,63.24015],[21.52669,63.23856],[21.52577,63.22966],[21.51975,63.22545],[21.52169,63.2207],[21.51872,63.21299],[21.51822,63.20515],[21.5207,63.20127],[21.52047,63.19491],[21.53435,63.19727],[21.54356,63.19584],[21.56276,63.1898],[21.5526,63.18441],[21.5453,63.18697],[21.53702,63.18652],[21.5302,63.18879],[21.52863,63.18491],[21.5216,63.18384],[21.52165,63.17502],[21.5158,63.17609],[21.50215,63.1735],[21.50632,63.1709],[21.51138,63.17209],[21.51746,63.16967],[21.52191,63.16404],[21.51514,63.16257],[21.52747,63.15251],[21.53307,63.15361],[21.52967,63.15957],[21.53142,63.16595],[21.53531,63.16572],[21.53762,63.15968],[21.53745,63.15422],[21.54205,63.15105],[21.54193,63.14425],[21.54779,63.14328],[21.55425,63.13585],[21.56123,63.13062],[21.5567,63.12841],[21.56381,63.12146],[21.57513,63.11957],[21.59028,63.1246],[21.60133,63.12027],[21.60183,63.11849],[21.58733,63.11395],[21.58308,63.10817],[21.5914,63.10322],[21.60229,63.10429],[21.60959,63.11259],[21.6182,63.11208],[21.6078,63.10401],[21.6015,63.10216],[21.59966,63.09958],[21.60095,63.0947],[21.61234,63.08299],[21.6287,63.08143],[21.63788,63.07811],[21.63614,63.07599],[21.64799,63.07581],[21.65245,63.07422],[21.65381,63.06714],[21.65597,63.06479],[21.66435,63.06294],[21.67512,63.06639],[21.67824,63.05776],[21.68673,63.05451],[21.6791,63.0511],[21.67365,63.04539],[21.66775,63.04235],[21.65784,63.04275],[21.65442,63.0452],[21.64349,63.04698],[21.63801,63.05082],[21.62686,63.05047],[21.62971,63.05696],[21.62103,63.06123],[21.61248,63.05757],[21.61231,63.05385],[21.605,63.05451],[21.59543,63.05702],[21.59306,63.06259],[21.5828,63.06412],[21.58584,63.06669],[21.57661,63.06908],[21.57999,63.07449],[21.57378,63.07559],[21.56551,63.07274],[21.56208,63.07508],[21.56097,63.08037],[21.5475,63.08155],[21.54304,63.07852],[21.5289,63.08046],[21.5223,63.07673],[21.51794,63.06619],[21.52625,63.05957],[21.52592,63.05729],[21.5184,63.05627],[21.51225,63.05972],[21.49981,63.05616],[21.49247,63.05632],[21.49169,63.06447],[21.48457,63.06462],[21.48032,63.0601],[21.46996,63.05764],[21.46506,63.05313],[21.46593,63.04781],[21.47403,63.0425],[21.47922,63.03678],[21.49004,63.03328],[21.50171,63.02792],[21.50563,63.02269],[21.50411,63.01277],[21.49619,63.01283],[21.4864,63.02927],[21.47302,63.03365],[21.4686,63.03246],[21.47076,63.02601],[21.45958,63.02224],[21.45292,63.02374],[21.44613,63.01993],[21.45854,63.01717],[21.45847,63.01272],[21.47293,63.01182],[21.46754,63.00716],[21.49268,63.00518],[21.49518,63.00119],[21.49281,62.99922],[21.48439,62.99815],[21.47377,62.99441],[21.47613,62.98987],[21.47232,62.98351],[21.47829,62.98145],[21.48305,62.97546],[21.49169,62.96993],[21.48225,62.9691],[21.46646,62.96585],[21.455,62.96443],[21.44598,62.96207],[21.43674,62.95737],[21.43617,62.95466],[21.42876,62.94966],[21.42748,62.9435],[21.43237,62.93584],[21.43179,62.92758],[21.42316,62.92084],[21.41839,62.9185],[21.42006,62.91398],[21.41298,62.91085],[21.41551,62.90357],[21.40778,62.90126],[21.40454,62.89846],[21.40738,62.89027],[21.40394,62.88118],[21.39221,62.88093],[21.38403,62.88922],[21.39055,62.89478],[21.38517,62.89712],[21.38561,62.90327],[21.3717,62.90455],[21.37333,62.90168],[21.36849,62.89754],[21.369,62.89313],[21.36677,62.88632],[21.37494,62.88279],[21.38614,62.87502],[21.37683,62.87632],[21.37531,62.87427],[21.36626,62.87469],[21.35649,62.87378],[21.34281,62.87784],[21.32699,62.87992],[21.32171,62.88203],[21.32275,62.88438],[21.3175,62.88864],[21.31001,62.887],[21.29833,62.89082],[21.28946,62.8922],[21.26787,62.89283],[21.26423,62.8873],[21.25213,62.88676],[21.26233,62.88076],[21.26326,62.8773],[21.25813,62.87289],[21.26313,62.86698],[21.2451,62.86566],[21.24432,62.86136],[21.25134,62.85868],[21.24461,62.85551],[21.24794,62.85192],[21.24611,62.84747],[21.25186,62.84088],[21.24802,62.83982],[21.24825,62.83522],[21.24124,62.83597],[21.24051,62.83174],[21.23058,62.82596],[21.22662,62.8189],[21.21463,62.82006],[21.21201,62.81432],[21.20542,62.81204],[21.20897,62.80658],[21.20426,62.80279],[21.1998,62.80416],[21.18643,62.80539],[21.17895,62.80984],[21.17782,62.81584],[21.16317,62.81521],[21.14975,62.81155],[21.14621,62.81286],[21.13915,62.81022],[21.13645,62.80475],[21.14233,62.79676],[21.13193,62.8006],[21.12183,62.79909],[21.12084,62.79751],[21.12868,62.79269],[21.12426,62.78853],[21.12659,62.78483],[21.12407,62.78222],[21.12838,62.77074],[21.13457,62.76829],[21.13738,62.75942],[21.14467,62.75077],[21.15238,62.74714],[21.16591,62.74971],[21.16931,62.75179],[21.17998,62.75027],[21.18062,62.74364],[21.17607,62.74355],[21.17411,62.73957],[21.17574,62.73095],[21.16838,62.72356],[21.15881,62.72101],[21.14627,62.71602],[21.1485,62.70585],[21.14149,62.70207],[21.13356,62.70519],[21.13001,62.70003],[21.11043,62.69536],[21.10663,62.6919],[21.09907,62.69574],[21.0973,62.70119],[21.09163,62.70255],[21.08709,62.69841],[21.08914,62.69586],[21.08667,62.69102],[21.07983,62.68858],[21.08391,62.68261],[21.09641,62.68371],[21.10371,62.68283],[21.10026,62.67736],[21.09277,62.67297],[21.09375,62.66846],[21.09011,62.66052],[21.08591,62.65654],[21.08342,62.65096],[21.08611,62.64695],[21.08365,62.64177],[21.08503,62.63831],[21.08101,62.63232],[21.08392,62.62718],[21.09597,62.62768],[21.0989,62.62404],[21.08746,62.6222],[21.08063,62.62578],[21.0745,62.62545],[21.07509,62.62069],[21.07844,62.61535],[21.08252,62.61496],[21.08536,62.60891],[21.09426,62.60877],[21.10003,62.60715],[21.09937,62.61536],[21.10902,62.6187],[21.11121,62.6277],[21.123,62.63212],[21.12065,62.63806],[21.13304,62.64419],[21.13933,62.64204],[21.14209,62.63615],[21.13827,62.63307],[21.13946,62.6283],[21.14958,62.62497],[21.14146,62.62286],[21.14395,62.61757],[21.1529,62.61925],[21.16202,62.61888],[21.17175,62.62152],[21.19254,62.62498],[21.19101,62.62128],[21.19157,62.61417],[21.20092,62.61309],[21.20722,62.60845],[21.21779,62.61067],[21.22195,62.60948],[21.22214,62.60577],[21.20894,62.60417],[21.19854,62.6008],[21.20114,62.59599],[21.19326,62.59129],[21.18614,62.59099],[21.17705,62.58373],[21.16912,62.58314],[21.17284,62.57596],[21.1716,62.56808],[21.16567,62.56923],[21.16575,62.5723],[21.15416,62.5731],[21.15507,62.56207],[21.15197,62.55984],[21.15702,62.55662],[21.16128,62.55714],[21.16995,62.55398],[21.16765,62.55213],[21.17161,62.54702],[21.17855,62.54673],[21.18241,62.54342],[21.1907,62.54376],[21.18392,62.53702],[21.17588,62.53778],[21.1753,62.54153],[21.16801,62.54349],[21.15941,62.53707],[21.15556,62.52919],[21.14805,62.52092],[21.1456,62.51231],[21.13816,62.50947],[21.14051,62.50592],[21.13268,62.49693],[21.13643,62.4952],[21.13239,62.48842],[21.12784,62.48874],[21.12847,62.49284],[21.11802,62.49444],[21.11144,62.48974],[21.11963,62.48814],[21.12234,62.4819],[21.13323,62.48069],[21.13269,62.47779],[21.13694,62.47453],[21.15195,62.47148],[21.15557,62.4731],[21.1568,62.48033],[21.15894,62.48353],[21.17008,62.48663],[21.16288,62.47803],[21.17074,62.47154],[21.1694,62.46729],[21.17458,62.46293],[21.18012,62.46566],[21.18789,62.46705],[21.19441,62.47507],[21.19612,62.4804],[21.20501,62.49292],[21.20832,62.49056],[21.19925,62.47477],[21.19523,62.47046],[21.183,62.4509],[21.18239,62.44545],[21.17492,62.43914],[21.16757,62.42765],[21.16794,62.42524],[21.17831,62.42075],[21.18445,62.42687],[21.19476,62.4277],[21.2121,62.4376],[21.2198,62.43818],[21.2235,62.44198],[21.23212,62.44664],[21.24064,62.44629],[21.23641,62.44075],[21.24292,62.43692],[21.24059,62.43177],[21.23675,62.42953],[21.22748,62.41996],[21.22551,62.41286],[21.2284,62.4092],[21.22537,62.40494],[21.23654,62.40231],[21.23287,62.39858],[21.23974,62.39635],[21.25013,62.39069],[21.24988,62.38679],[21.25555,62.38395],[21.26748,62.3849],[21.26426,62.38863],[21.25682,62.38547],[21.2532,62.38946],[21.26354,62.39077],[21.27262,62.39407],[21.27952,62.3984],[21.2865,62.40097],[21.29179,62.40771],[21.30334,62.40855],[21.29643,62.40186],[21.29071,62.39223],[21.28168,62.38557],[21.29421,62.383],[21.29433,62.3787],[21.30527,62.3803],[21.30511,62.37062],[21.30237,62.36662],[21.3031,62.36209],[21.3073,62.3544],[21.30591,62.35039],[21.31379,62.34992],[21.31405,62.35558],[21.32043,62.35584],[21.32387,62.35921],[21.32865,62.3705],[21.33573,62.37032],[21.34914,62.37478],[21.3562,62.37403],[21.36633,62.37087],[21.35896,62.36394],[21.35818,62.35789],[21.36014,62.35251],[21.35447,62.34981],[21.35557,62.342],[21.35426,62.33498],[21.35635,62.33315],[21.34899,62.32827],[21.34623,62.3235],[21.33699,62.32544],[21.33481,62.32052],[21.32473,62.31851],[21.3185,62.33126],[21.30933,62.32977],[21.30791,62.32382],[21.3028,62.3177],[21.30365,62.31519],[21.3105,62.31356],[21.30851,62.31057],[21.31299,62.30841],[21.31648,62.30372],[21.32455,62.30355],[21.32193,62.30022],[21.33838,62.29647],[21.3371,62.30303],[21.34669,62.31215],[21.35679,62.31323],[21.35841,62.30584],[21.35624,62.29868],[21.34556,62.2874],[21.34081,62.27858],[21.34087,62.27366],[21.33783,62.26743],[21.3254,62.26151],[21.3187,62.26059],[21.31881,62.25522],[21.32167,62.24995],[21.31897,62.24426],[21.33902,62.24799],[21.35047,62.24686],[21.35437,62.25087],[21.36391,62.26393],[21.36797,62.26544],[21.37672,62.26486],[21.38146,62.27709],[21.3842,62.28108],[21.39013,62.27869],[21.3853,62.27259],[21.38055,62.26215],[21.38173,62.25718],[21.37957,62.25438],[21.38435,62.24899],[21.38216,62.24209],[21.38165,62.23448],[21.37735,62.22959],[21.38534,62.22873],[21.3948,62.22446],[21.39391,62.2186],[21.40082,62.21939],[21.40671,62.22677],[21.41165,62.22753],[21.41373,62.22344],[21.40969,62.21506],[21.40162,62.20606],[21.41009,62.20536],[21.42172,62.2163],[21.43023,62.2215],[21.43557,62.21869],[21.42763,62.21586],[21.42728,62.21166],[21.42049,62.20775],[21.41803,62.2029],[21.40241,62.19966],[21.38269,62.19994],[21.37921,62.198],[21.37503,62.1923],[21.37385,62.18776],[21.36661,62.18885],[21.36674,62.18068],[21.35968,62.18232],[21.35755,62.17388],[21.36081,62.16404],[21.35848,62.15443],[21.36279,62.15269],[21.36212,62.14455],[21.36507,62.14268],[21.36364,62.13726],[21.34561,62.13688],[21.34091,62.14213],[21.33389,62.14049],[21.32809,62.14418],[21.334,62.14963],[21.334,62.15803],[21.32597,62.16138],[21.32331,62.15554],[21.32457,62.15156],[21.31181,62.15233],[21.30948,62.14718],[21.31619,62.14282],[21.31512,62.12729],[21.32084,62.11424],[21.32381,62.10268],[21.32138,62.09728],[21.32388,62.0866],[21.31984,62.07119],[21.32159,62.06679],[21.31625,62.06521],[21.31459,62.07013],[21.30796,62.07023],[21.30993,62.06315],[21.3138,62.05978],[21.31501,62.05521],[21.31279,62.05207],[21.30749,62.03579],[21.30086,62.03693],[21.29936,62.02836],[21.29561,62.02637],[21.29745,62.01853],[21.29131,62.0134],[21.29342,62.00511],[21.29274,61.99982],[21.28698,61.99459],[21.2808,61.99186],[21.2901,61.98813],[21.30962,61.9927],[21.31939,61.99665],[21.32485,62.00104],[21.3396,61.9996],[21.34118,61.99404],[21.33036,61.99437],[21.32964,61.99054],[21.33306,61.9887],[21.33942,61.99018],[21.34572,61.98734],[21.34331,61.98181],[21.32973,61.98672],[21.32121,61.99085],[21.30881,61.98934],[21.32498,61.98403],[21.32159,61.98025],[21.32647,61.97388],[21.32433,61.97069],[21.31436,61.96585],[21.32509,61.96371],[21.32323,61.95765],[21.32923,61.95383]]]]}},{"type":"Feature","properties":{"maakunta":"16","name":"Keski-Pohjanmaa","name_sv":"Mellersta Österbotten","bb":[63.11643,22.7871,64.09527,25.03632],"c":[63.60503,24.08025]},"geometry":{"type":"MultiPolygon","coordinates":[[[[23.4088,64.08828],[23.41012,64.0919],[23.39766,64.09356],[23.40131,64.08928],[23.4088,64.08828]]],[[[23.51664,64.0778],[23.52026,64.07966],[23.52968,64.07921],[23.52533,64.08568],[23.51059,64.08589],[23.51137,64.08052],[23.51664,64.0778]]],[[[23.53578,64.08256],[23.53474,64.08112],[23.54434,64.07171],[23.55053,64.07157],[23.54628,64.07822],[23.53578,64.08256]]],[[[23.54474,64.0615],[23.54693,64.06243],[23.54095,64.07053],[23.53149,64.0739],[23.52588,64.07114],[23.53832,64.06394],[23.54474,64.0615]]],[[[23.56469,64.05421],[23.56197,64.0593],[23.5542,64.05676],[23.56469,64.05421]]],[[[23.15148,63.97512],[23.14967,63.98106],[23.143,63.97955],[23.15148,63.97512]]],[[[22.84908,63.94617],[22.8509,63.95092],[22.84064,63.95087],[22.84908,63.94617]]],[[[23.0585,63.94293],[23.05638,63.94834],[23.0501,63.94737],[23.0585,63.94293]]],[[[22.81766,63.93493],[22.82351,63.93741],[22.82331,63.9398],[22.81375,63.9423],[22.80928,63.94193],[22.81028,63.93749],[22.81766,63.93493]]],[[[22.83213,63.92876],[22.83808,63.93184],[22.8321,63.93436],[22.82619,63.93154],[22.83213,63.92876]]],[[[23.22065,63.93567],[23.22417,63.93602],[23.22633,63.94125],[23.21973,63.94129],[23.20644,63.9452],[23.2039,63.95396],[23.19699,63.95671],[23.18836,63.95569],[23.18382,63.94734],[23.18647,63.94444],[23.19984,63.93654],[23.22065,63.93567]]],[[[23.11903,63.9319],[23.11508,63.93849],[23.10949,63.93719],[23.11903,63.9319]]],[[[22.822,63.92262],[22.82123,63.92692],[22.8141,63.92801],[22.80825,63.92671],[22.81324,63.92312],[22.822,63.92262]]],[[[23.29586,63.93265],[23.30348,63.93707],[23.30981,63.94395],[23.28626,63.9479],[23.28247,63.93784],[23.29586,63.93265]]],[[[22.81493,63.91179],[22.81693,63.91941],[22.80859,63.92093],[22.80261,63.92359],[22.7871,63.91969],[22.78881,63.91333],[22.80294,63.91146],[22.80658,63.91334],[22.81493,63.91179]]],[[[23.17616,63.91932],[23.17871,63.92204],[23.17407,63.92498],[23.16336,63.92665],[23.16802,63.92056],[23.17616,63.91932]]],[[[22.8617,63.89767],[22.85996,63.90174],[22.85356,63.90532],[22.84838,63.90416],[22.85479,63.89852],[22.8617,63.89767]]],[[[22.96805,63.84063],[22.96569,63.84635],[22.95855,63.84527],[22.96342,63.84113],[22.96805,63.84063]]],[[[22.99794,63.82668],[23.00428,63.83086],[22.99835,63.83695],[22.99275,63.83994],[22.98491,63.84182],[22.9804,63.83665],[22.97358,63.83426],[22.98164,63.83118],[22.98777,63.83207],[22.99794,63.82668]]],[[[22.98666,63.8188],[22.98578,63.82199],[22.99436,63.82398],[22.98916,63.82891],[22.97854,63.82548],[22.97958,63.82221],[22.98666,63.8188]]],[[[22.98905,63.78802],[22.9862,63.79391],[22.9919,63.79808],[22.99522,63.80388],[22.99068,63.80601],[22.99136,63.81276],[22.98721,63.817],[22.98174,63.8164],[22.97337,63.81896],[22.96801,63.82231],[22.95837,63.82496],[22.94587,63.82459],[22.93009,63.8293],[22.92794,63.8277],[22.92334,63.81698],[22.92716,63.81212],[22.92383,63.80561],[22.92513,63.79978],[22.9221,63.79707],[22.92245,63.79332],[22.93695,63.7873],[22.94651,63.78181],[22.95389,63.78203],[22.98905,63.78802]]],[[[22.86703,63.83827],[22.87136,63.83398],[22.8868,63.81255],[22.87194,63.80249],[22.85986,63.78471],[22.9241,63.77896],[22.93323,63.77851],[22.93901,63.77982],[22.91424,63.79202],[22.91475,63.79988],[22.91858,63.8097],[22.91585,63.81612],[22.912,63.8181],[22.9142,63.82603],[22.92811,63.83088],[22.93824,63.8298],[22.95067,63.8305],[22.96629,63.8294],[22.96501,63.83275],[22.96004,63.83591],[22.95951,63.83955],[22.95388,63.84607],[22.96265,63.84814],[22.96192,63.8523],[22.95111,63.85871],[22.94592,63.86591],[22.95207,63.86644],[22.96361,63.86107],[22.96786,63.86472],[22.96026,63.86975],[22.95891,63.87343],[22.94794,63.87264],[22.93834,63.87761],[22.94052,63.8825],[22.93982,63.88964],[22.93563,63.89196],[22.92511,63.89283],[22.90908,63.89684],[22.90273,63.89641],[22.89994,63.90036],[22.88588,63.89876],[22.87044,63.89907],[22.8663,63.89497],[22.85233,63.8931],[22.84873,63.89513],[22.84775,63.89988],[22.84234,63.90463],[22.82611,63.90393],[22.82237,63.89678],[22.83361,63.89291],[22.82069,63.88831],[22.8262,63.88484],[22.82581,63.87908],[22.83433,63.87066],[22.84202,63.86828],[22.85079,63.86897],[22.85999,63.86718],[22.86841,63.86347],[22.87972,63.861],[22.88549,63.8645],[22.89293,63.86487],[22.90514,63.86108],[22.90324,63.85886],[22.90841,63.85594],[22.90875,63.85247],[22.89894,63.85042],[22.8942,63.85319],[22.88631,63.85209],[22.88633,63.84827],[22.89129,63.84374],[22.90212,63.83745],[22.88712,63.83507],[22.88109,63.83717],[22.87583,63.84379],[22.87102,63.84514],[22.8643,63.84237],[22.86703,63.83827]]],[[[24.35901,63.11643],[24.53075,63.15748],[24.77288,63.13336],[24.73161,63.14704],[24.74584,63.1979],[24.7626,63.21877],[24.75182,63.25198],[24.76659,63.2553],[24.75417,63.26592],[24.8036,63.27593],[24.77292,63.35868],[24.90247,63.43123],[25.03632,63.45807],[24.91336,63.52532],[24.82017,63.58661],[24.75408,63.61114],[24.61871,63.65089],[24.56197,63.68879],[24.42552,63.84007],[24.28379,63.86239],[24.24745,63.87695],[24.21712,63.93292],[24.17983,63.93831],[24.09895,64.00629],[24.08708,64.07115],[24.00432,64.09222],[23.97044,64.09527],[23.96129,64.07698],[23.91503,64.06693],[23.91163,64.06268],[23.91678,64.04339],[23.92822,64.03576],[23.88502,64.02355],[23.87961,64.01241],[23.92827,63.97774],[23.92718,63.97219],[23.91061,63.96498],[23.88098,63.97079],[23.85451,63.9711],[23.84355,63.96986],[23.79693,63.9861],[23.77834,63.99696],[23.74333,63.98337],[23.75522,63.97765],[23.74615,63.97373],[23.7261,63.98555],[23.71156,63.97763],[23.64063,64.03913],[23.61731,64.04881],[23.6109,64.04535],[23.60352,64.04486],[23.59255,64.05586],[23.58183,64.05536],[23.5865,64.05086],[23.59325,64.04927],[23.58352,64.0456],[23.57738,64.045],[23.56862,64.04054],[23.5506,64.04396],[23.54408,64.04871],[23.52369,64.05041],[23.51379,64.05187],[23.50696,64.0566],[23.49419,64.05402],[23.47615,64.05665],[23.46331,64.06345],[23.45561,64.07097],[23.44501,64.07462],[23.4391,64.07823],[23.4396,64.08179],[23.41242,64.08294],[23.40524,64.07904],[23.4026,64.07246],[23.39804,64.06889],[23.38662,64.06467],[23.37981,64.05642],[23.37886,64.04181],[23.38137,64.03329],[23.38164,64.02699],[23.38608,64.02776],[23.391,64.02342],[23.39161,64.01942],[23.38989,64.00969],[23.38422,64.00386],[23.37468,64.00209],[23.37719,63.99964],[23.38824,63.99951],[23.3922,63.99625],[23.38985,63.98993],[23.37875,63.98868],[23.39413,63.98303],[23.39608,63.9791],[23.3935,63.97543],[23.38813,63.97287],[23.37054,63.97116],[23.3647,63.96849],[23.37294,63.96236],[23.38303,63.96032],[23.40026,63.95062],[23.40314,63.94729],[23.40106,63.94411],[23.40635,63.94174],[23.402,63.9387],[23.39728,63.93961],[23.39199,63.9353],[23.38561,63.93346],[23.3737,63.93191],[23.36766,63.92882],[23.37175,63.92619],[23.38217,63.92451],[23.38178,63.92156],[23.37162,63.92064],[23.36203,63.92247],[23.3658,63.91639],[23.37058,63.91293],[23.35522,63.91391],[23.35264,63.9181],[23.34365,63.92518],[23.33512,63.92859],[23.31415,63.93853],[23.3091,63.93687],[23.3016,63.9314],[23.30514,63.92701],[23.31153,63.92396],[23.32181,63.92113],[23.32222,63.91899],[23.30435,63.91548],[23.29613,63.91476],[23.28802,63.90996],[23.27533,63.91321],[23.27088,63.91874],[23.2623,63.91713],[23.26107,63.91441],[23.2455,63.91455],[23.24593,63.91216],[23.23476,63.91205],[23.2159,63.90898],[23.2062,63.91086],[23.20477,63.90547],[23.20151,63.90497],[23.18888,63.9129],[23.18232,63.9115],[23.17889,63.91418],[23.15259,63.91423],[23.16029,63.91008],[23.14961,63.90674],[23.13686,63.91708],[23.12266,63.91253],[23.12978,63.90773],[23.13396,63.90689],[23.14258,63.89954],[23.13535,63.88933],[23.12984,63.88754],[23.12083,63.88811],[23.11797,63.8931],[23.1061,63.8982],[23.10653,63.9004],[23.09441,63.90897],[23.09163,63.91303],[23.08337,63.9152],[23.07807,63.91422],[23.07957,63.90807],[23.07646,63.90476],[23.0823,63.90218],[23.09379,63.90028],[23.09391,63.89752],[23.10088,63.89248],[23.11535,63.88625],[23.12012,63.88137],[23.1325,63.87346],[23.12187,63.86713],[23.11642,63.85783],[23.11293,63.85629],[23.1006,63.85683],[23.1012,63.86342],[23.10341,63.86805],[23.09481,63.87243],[23.08757,63.87826],[23.07339,63.8791],[23.06866,63.8752],[23.05901,63.87376],[23.04411,63.8759],[23.03615,63.86762],[23.02729,63.8682],[23.02675,63.86446],[23.04163,63.86103],[23.03142,63.85637],[23.02342,63.85585],[23.02771,63.85191],[23.01721,63.85005],[23.01938,63.84574],[23.03334,63.83828],[23.03859,63.8403],[23.04572,63.8377],[23.0422,63.83235],[23.02631,63.82294],[23.02037,63.82445],[23.01393,63.82917],[23.0008,63.82495],[23.00018,63.82196],[23.00678,63.82008],[23.0169,63.81065],[23.01617,63.80656],[23.02059,63.80539],[23.01011,63.79945],[23.02204,63.79504],[23.02421,63.79103],[23.0129,63.79125],[23.07456,63.77367],[23.17387,63.73834],[23.18616,63.7326],[23.22411,63.71876],[23.2484,63.71692],[23.26559,63.74148],[23.29165,63.75362],[23.33635,63.76127],[23.36103,63.75704],[23.36891,63.76238],[23.39186,63.7593],[23.40482,63.75036],[23.42116,63.75326],[23.44434,63.73722],[23.45787,63.7416],[23.45534,63.76142],[23.47764,63.77913],[23.61868,63.72148],[23.68634,63.69926],[23.74408,63.67544],[23.70485,63.65654],[23.64987,63.67109],[23.61071,63.65029],[23.57397,63.64297],[23.54649,63.63373],[23.53212,63.63407],[23.50383,63.6483],[23.49855,63.65649],[23.46883,63.66161],[23.48491,63.63998],[23.45323,63.62906],[23.46712,63.62032],[23.45772,63.61023],[23.43362,63.61759],[23.42241,63.61601],[23.49096,63.58638],[23.50759,63.59456],[23.5387,63.60019],[23.55659,63.60413],[23.56365,63.60045],[23.57701,63.58687],[23.57555,63.58007],[23.57801,63.57017],[23.58149,63.5657],[23.57862,63.55341],[23.65103,63.53093],[23.65777,63.48297],[23.65741,63.46125],[23.66015,63.44975],[23.66003,63.43483],[23.70993,63.38288],[23.69699,63.38032],[23.77073,63.31311],[23.86202,63.27758],[23.956,63.27602],[24.01667,63.26837],[24.09703,63.24501],[24.17236,63.21126],[24.23448,63.1707],[24.19711,63.1589],[24.18517,63.16206],[24.17817,63.16092],[24.17077,63.148],[24.20318,63.15487],[24.25689,63.13302],[24.30441,63.14112],[24.35901,63.11643]]]]}},{"type":"Feature","properties":{"maakunta":"17","name":"Pohjois-Pohjanmaa","name_sv":"Norra Österbotten","bb":[63.42912,23.52796,66.48585,30.13847],"c":[64.94486,26.63272]},"geometry":{"type":"MultiPolygon","coordinates":[[[[25.32947,65.46168],[25.32783,65.46592],[25.32089,65.46813],[25.31596,65.46548],[25.32947,65.46168]]],[[[25.33164,65.41856],[25.33665,65.4209],[25.32877,65.42497],[25.32027,65.42533],[25.31906,65.42258],[25.32638,65.4216],[25.33164,65.41856]]],[[[25.0192,65.40115],[25.02508,65.40497],[25.01919,65.40856],[25.01458,65.41414],[25.0202,65.41774],[25.01168,65.42],[24.99547,65.42255],[24.99212,65.41937],[24.99847,65.41835],[24.99522,65.41328],[24.99088,65.41147],[24.99059,65.40801],[24.99807,65.40601],[25.00775,65.41066],[25.01419,65.4092],[25.01129,65.40301],[25.0192,65.40115]]],[[[24.83369,65.37336],[24.84354,65.37762],[24.83985,65.38133],[24.84817,65.38542],[24.85507,65.38666],[24.85613,65.38956],[24.84973,65.39061],[24.84576,65.39338],[24.83698,65.38992],[24.82532,65.39042],[24.8167,65.38806],[24.81575,65.37999],[24.81982,65.37566],[24.83369,65.37336]]],[[[25.26969,65.34521],[25.26754,65.35092],[25.2595,65.35327],[25.25221,65.34987],[25.25879,65.3468],[25.26969,65.34521]]],[[[25.23385,65.29946],[25.23852,65.3044],[25.22749,65.30782],[25.22269,65.30511],[25.23385,65.29946]]],[[[25.21135,65.27072],[25.2152,65.27127],[25.21432,65.27607],[25.20692,65.28354],[25.20228,65.2809],[25.20163,65.27408],[25.21135,65.27072]]],[[[25.20378,65.25801],[25.22059,65.2653],[25.20552,65.26718],[25.19712,65.26172],[25.20378,65.25801]]],[[[25.10933,65.12484],[25.11345,65.12512],[25.12186,65.13052],[25.12849,65.13096],[25.13644,65.13349],[25.13562,65.14125],[25.12367,65.1368],[25.11856,65.13037],[25.1029,65.13155],[25.10207,65.1277],[25.10933,65.12484]]],[[[25.14198,65.09919],[25.15672,65.10229],[25.1541,65.10565],[25.1582,65.10746],[25.16931,65.10848],[25.18042,65.10768],[25.19043,65.10939],[25.1902,65.11264],[25.18337,65.11248],[25.17826,65.11512],[25.15533,65.11428],[25.14943,65.11078],[25.14236,65.10963],[25.14602,65.10659],[25.13804,65.10148],[25.14198,65.09919]]],[[[25.24663,65.08236],[25.25118,65.08423],[25.24152,65.0879],[25.23941,65.09475],[25.23422,65.09805],[25.24206,65.10113],[25.22586,65.10665],[25.22152,65.10579],[25.21086,65.10723],[25.20517,65.1096],[25.20109,65.10616],[25.19902,65.1006],[25.19141,65.09942],[25.19705,65.09369],[25.20907,65.0917],[25.20807,65.08848],[25.21595,65.08797],[25.22182,65.08933],[25.22897,65.08342],[25.23908,65.08512],[25.24663,65.08236]]],[[[25.34434,65.07098],[25.3468,65.07621],[25.33732,65.07979],[25.3364,65.08523],[25.35079,65.09811],[25.34703,65.10156],[25.33729,65.10018],[25.31792,65.09993],[25.29922,65.09744],[25.29585,65.09494],[25.29237,65.08486],[25.30382,65.08528],[25.31365,65.08243],[25.32639,65.082],[25.32689,65.07763],[25.33453,65.07325],[25.34434,65.07098]]],[[[25.43953,65.0236],[25.44327,65.03014],[25.43413,65.03168],[25.42562,65.03549],[25.42169,65.0389],[25.41517,65.04088],[25.41155,65.02819],[25.41535,65.02406],[25.42613,65.02458],[25.4345,65.02445],[25.43953,65.0236]]],[[[25.41202,65.01318],[25.42852,65.01352],[25.43793,65.016],[25.43952,65.02334],[25.43316,65.02431],[25.42254,65.02314],[25.41244,65.02285],[25.41202,65.01318]]],[[[25.41152,65.00308],[25.4301,65.01141],[25.42353,65.01319],[25.39765,65.0119],[25.39726,65.00841],[25.40048,65.00363],[25.41152,65.00308]]],[[[25.31781,64.99284],[25.32125,64.9994],[25.31162,64.99929],[25.30309,65.00233],[25.29274,65.00159],[25.28699,65.00367],[25.28217,65.00152],[25.28625,64.99915],[25.29563,64.99689],[25.30305,64.99919],[25.30818,64.99538],[25.31781,64.99284]]],[[[24.79242,64.94166],[24.79354,64.94625],[24.79961,64.94806],[24.80707,64.94604],[24.82008,64.94903],[24.8304,64.95619],[24.8463,64.96227],[24.86309,64.96334],[24.87409,64.96556],[24.87801,64.96759],[24.86863,64.9832],[24.86926,64.99097],[24.88104,65.00021],[24.87394,65.00465],[24.87288,65.00921],[24.86564,65.01179],[24.86274,65.01638],[24.86418,65.019],[24.84455,65.02243],[24.84118,65.02431],[24.84405,65.029],[24.84166,65.03353],[24.83446,65.03519],[24.8274,65.03225],[24.82068,65.03218],[24.81868,65.04112],[24.83005,65.04758],[24.82605,65.051],[24.82059,65.04869],[24.79811,65.04365],[24.78952,65.04503],[24.7972,65.05158],[24.80856,65.05038],[24.81585,65.05089],[24.83188,65.05508],[24.8407,65.05405],[24.8511,65.04928],[24.86889,65.04746],[24.89174,65.04822],[24.89987,65.0473],[24.90614,65.04485],[24.91323,65.03967],[24.91502,65.03474],[24.92173,65.03353],[24.95555,65.03479],[24.97841,65.03149],[24.98508,65.03313],[24.99552,65.03181],[25.01613,65.03089],[25.05018,65.0384],[25.05882,65.04139],[25.06116,65.04416],[25.04313,65.05469],[25.02419,65.05804],[24.99539,65.05627],[24.98026,65.05733],[24.96413,65.05937],[24.95252,65.0619],[24.92686,65.06066],[24.89908,65.06346],[24.89429,65.05925],[24.88537,65.05942],[24.87936,65.06499],[24.88299,65.07031],[24.89335,65.0677],[24.89993,65.07075],[24.89224,65.0786],[24.88516,65.08347],[24.8734,65.08819],[24.86052,65.09162],[24.84231,65.09453],[24.82364,65.09453],[24.81465,65.09306],[24.79422,65.08772],[24.76141,65.08336],[24.74548,65.08305],[24.73921,65.08489],[24.72603,65.08383],[24.70665,65.08652],[24.68709,65.08241],[24.66164,65.08119],[24.65138,65.08296],[24.64323,65.0812],[24.63169,65.07396],[24.60409,65.06579],[24.59117,65.05984],[24.58501,65.04984],[24.57448,65.04358],[24.56452,65.04215],[24.55601,65.03947],[24.56233,65.03529],[24.56512,65.03086],[24.56333,65.02593],[24.57018,65.02429],[24.57369,65.02101],[24.57376,65.01473],[24.57669,65.01182],[24.57514,65.00621],[24.58592,64.99635],[24.59152,64.99575],[24.61466,64.98842],[24.62005,64.98487],[24.62074,64.98124],[24.61532,64.97929],[24.61825,64.97472],[24.63335,64.96682],[24.65493,64.95935],[24.67364,64.95944],[24.68648,64.96145],[24.69371,64.95987],[24.69948,64.9612],[24.71331,64.9679],[24.72286,64.97014],[24.7074,64.97252],[24.7014,64.97482],[24.70435,64.97732],[24.72164,64.97614],[24.73867,64.97773],[24.74678,64.98067],[24.75208,64.97871],[24.75088,64.97432],[24.73894,64.97138],[24.73947,64.96434],[24.73735,64.96015],[24.74567,64.9561],[24.76156,64.95375],[24.75739,64.9515],[24.75981,64.94883],[24.77368,64.94429],[24.78355,64.94381],[24.79242,64.94166]]],[[[24.75503,64.93437],[24.76019,64.93622],[24.77008,64.93482],[24.78024,64.93736],[24.77661,64.93972],[24.78067,64.94235],[24.76373,64.94484],[24.76006,64.94183],[24.75247,64.93937],[24.75503,64.93437]]],[[[25.27527,64.87765],[25.27565,64.88003],[25.26182,64.88315],[25.25385,64.88252],[25.26561,64.87841],[25.27527,64.87765]]],[[[24.43364,64.69249],[24.44063,64.69541],[24.44782,64.69595],[24.45087,64.70194],[24.44149,64.70321],[24.43711,64.70052],[24.42589,64.69994],[24.42449,64.69788],[24.43222,64.69594],[24.43364,64.69249]]],[[[24.42888,64.67859],[24.43269,64.68197],[24.42283,64.68356],[24.42059,64.68127],[24.42888,64.67859]]],[[[24.39875,64.67064],[24.40241,64.6708],[24.4055,64.68075],[24.3995,64.68081],[24.39395,64.67652],[24.39875,64.67064]]],[[[23.65425,64.23139],[23.64832,64.23888],[23.64258,64.23456],[23.65425,64.23139]]],[[[23.56871,64.19007],[23.57238,64.19308],[23.56941,64.19563],[23.55627,64.1968],[23.55776,64.19391],[23.56871,64.19007]]],[[[23.68919,64.18222],[23.68464,64.1878],[23.67863,64.18905],[23.67118,64.18751],[23.67691,64.18411],[23.68919,64.18222]]],[[[23.67966,64.17072],[23.68484,64.17241],[23.68294,64.17756],[23.67027,64.18325],[23.66538,64.1893],[23.66132,64.19142],[23.65721,64.19876],[23.65022,64.20083],[23.64513,64.2181],[23.63934,64.21669],[23.63677,64.20675],[23.63163,64.20451],[23.63486,64.20161],[23.61295,64.1964],[23.61097,64.1906],[23.59928,64.19226],[23.59652,64.18551],[23.60745,64.18071],[23.61509,64.18307],[23.62989,64.18432],[23.63935,64.18922],[23.65429,64.18983],[23.6664,64.17905],[23.66715,64.17602],[23.67902,64.17402],[23.67966,64.17072]]],[[[23.66715,64.16843],[23.66149,64.17496],[23.65416,64.176],[23.65101,64.17411],[23.66377,64.1684],[23.66715,64.16843]]],[[[23.64674,64.14675],[23.64599,64.14926],[23.63611,64.15647],[23.6277,64.15532],[23.63083,64.15198],[23.64674,64.14675]]],[[[23.59686,64.08573],[23.60041,64.08951],[23.58748,64.09337],[23.58478,64.09102],[23.59686,64.08573]]],[[[23.54628,64.07822],[23.54907,64.08296],[23.54366,64.08936],[23.53662,64.09086],[23.52796,64.08825],[23.53578,64.08256],[23.54628,64.07822]]],[[[25.03632,63.45807],[25.08187,63.46717],[25.11303,63.50233],[25.14011,63.57431],[25.2511,63.61229],[25.34804,63.58148],[25.48241,63.53258],[25.54111,63.52379],[25.69824,63.51996],[25.7381,63.5149],[25.7745,63.50568],[25.80899,63.49452],[25.89281,63.43965],[25.99459,63.42912],[26.13864,63.45759],[26.18622,63.49896],[26.19146,63.51404],[26.19521,63.5693],[26.2918,63.58995],[26.26739,63.70508],[26.24282,63.80659],[26.21813,63.83163],[26.37353,63.88931],[26.52595,63.94994],[26.59795,63.97949],[26.8704,64.03697],[26.78111,64.0571],[26.77656,64.1197],[26.77676,64.12361],[26.77087,64.21602],[26.7675,64.26517],[26.74842,64.27854],[26.81381,64.30616],[26.86223,64.30587],[26.88838,64.30155],[26.92605,64.31189],[26.92172,64.3217],[26.94168,64.32707],[26.96409,64.29572],[27.04239,64.28452],[27.18777,64.31032],[27.19184,64.3499],[27.24762,64.38026],[27.25388,64.39088],[27.25123,64.39905],[27.18001,64.44098],[27.18508,64.45589],[27.20548,64.47404],[27.23166,64.48087],[27.27222,64.48991],[27.29663,64.50186],[27.3479,64.55],[27.39698,64.57188],[27.37878,64.57706],[27.38848,64.58337],[27.34956,64.5969],[27.36849,64.6038],[27.30802,64.61603],[27.26841,64.62469],[27.25937,64.62485],[27.25839,64.63312],[27.26904,64.63761],[27.26695,64.66101],[27.23963,64.70035],[27.234,64.707],[27.22561,64.7126],[27.23025,64.7165],[27.26871,64.71238],[27.2793,64.71731],[27.19809,64.77725],[27.11844,64.81477],[27.14809,64.83529],[27.18466,64.83151],[27.35436,64.81199],[27.37509,64.83081],[27.3609,64.84298],[27.39322,64.8467],[27.40264,64.85525],[27.36974,64.88992],[27.40535,64.92331],[27.39958,64.93556],[27.37686,64.94138],[27.39365,64.94554],[27.38575,64.95901],[27.31738,64.99683],[27.2625,65.02734],[27.32988,65.09066],[27.45293,65.08719],[27.57213,65.09445],[27.66701,65.12131],[27.70167,65.11678],[27.71464,65.11771],[27.779,65.10662],[27.89427,65.09147],[27.94152,65.17984],[27.9482,65.20574],[27.99564,65.2212],[28.03388,65.23856],[28.16238,65.25035],[28.2854,65.26161],[28.48307,65.27678],[28.60857,65.28668],[28.60454,65.30024],[28.60436,65.31246],[28.6289,65.3538],[28.65708,65.37192],[28.64692,65.38934],[28.80178,65.41868],[28.95553,65.44738],[29.04477,65.43748],[29.11611,65.44757],[29.21932,65.49356],[29.21322,65.51848],[29.32032,65.52089],[29.50488,65.48802],[29.53058,65.49723],[29.54836,65.50594],[29.65091,65.49757],[29.74033,65.49618],[29.75471,65.49737],[29.79847,65.52632],[29.8639,65.56044],[29.75397,65.60935],[29.72187,65.63708],[30.01711,65.69648],[30.03969,65.68727],[30.13847,65.66868],[30.13407,65.69972],[30.06845,65.89496],[30.0244,65.95873],[30.02422,65.9667],[29.99712,65.97883],[29.9894,66.01988],[29.98415,66.02475],[29.97359,66.04077],[29.97096,66.04621],[29.92331,66.12715],[29.7094,66.2683],[29.69515,66.27139],[29.69683,66.2772],[29.63136,66.36628],[29.57293,66.43285],[29.25797,66.43289],[29.25852,66.40815],[28.69531,66.48585],[28.66485,66.41295],[28.61294,66.41248],[28.58466,66.40092],[28.57465,66.38218],[28.54871,66.38288],[28.54641,66.34023],[28.53809,66.33261],[28.593,66.26788],[28.60641,66.26454],[28.63885,66.26672],[28.64376,66.25176],[28.66213,66.24731],[28.68849,66.26223],[28.74966,66.25448],[28.75881,66.22924],[28.75009,66.21512],[28.73393,66.2061],[28.76843,66.18455],[28.71737,66.16036],[28.71576,66.13591],[28.68715,66.12754],[28.60416,66.12816],[28.6262,66.09043],[28.64581,66.08586],[28.62481,66.0709],[28.69685,66.06174],[28.70283,66.0532],[28.71845,66.04326],[28.74454,66.05143],[28.76424,66.04334],[28.7484,66.02372],[28.74726,66.00181],[28.66931,65.9997],[28.65197,65.98689],[28.59771,65.98737],[28.59822,65.99922],[28.5441,66.00896],[28.54385,66.00347],[28.48321,66.00388],[28.48264,65.98969],[28.41165,65.9863],[28.42264,66.0027],[28.41523,66.00508],[28.39026,65.9963],[28.39284,65.97776],[28.39251,65.96857],[28.37283,65.97126],[28.36825,65.96762],[28.37217,65.96022],[28.43293,65.94647],[28.45811,65.91876],[28.50877,65.88978],[28.5132,65.84621],[28.46719,65.84543],[28.2235,65.80059],[28.16212,65.808],[28.14351,65.81492],[27.89964,65.82294],[27.7611,65.82732],[27.76746,65.84106],[27.6949,65.90096],[27.65487,65.96036],[27.59688,65.95467],[27.56501,65.93146],[27.52611,65.92161],[27.497,65.9316],[27.48154,65.93336],[27.44707,65.92862],[27.40742,65.9384],[27.3365,65.89423],[27.16248,65.78425],[27.11034,65.75103],[27.10109,65.7419],[27.07198,65.72977],[27.0493,65.73285],[27.03569,65.73841],[26.8247,65.70115],[26.6759,65.70962],[26.65986,65.71025],[26.36867,65.71347],[26.15823,65.72556],[26.16011,65.82233],[25.93919,65.77399],[25.79024,65.74071],[25.4245,65.74257],[25.36007,65.72738],[25.30758,65.685],[25.23065,65.66832],[25.16256,65.63589],[25.12934,65.60733],[25.08392,65.58748],[25.08724,65.58339],[25.08321,65.57805],[25.08272,65.57173],[25.08888,65.56938],[25.09678,65.57259],[25.1077,65.57271],[25.11481,65.56669],[25.11327,65.56436],[25.11812,65.55951],[25.11399,65.55048],[25.12075,65.55007],[25.12601,65.55657],[25.13864,65.56046],[25.138,65.56285],[25.1482,65.56911],[25.16087,65.56839],[25.15753,65.5638],[25.17035,65.56682],[25.18214,65.56382],[25.18663,65.56042],[25.20219,65.563],[25.20998,65.56009],[25.20356,65.55641],[25.21116,65.55282],[25.20798,65.54553],[25.2116,65.54198],[25.22909,65.53754],[25.24061,65.53282],[25.25126,65.53036],[25.25816,65.52313],[25.26569,65.51806],[25.26696,65.51482],[25.26335,65.51252],[25.26639,65.50939],[25.27707,65.50883],[25.27517,65.50591],[25.285,65.50211],[25.27878,65.49206],[25.28158,65.49007],[25.29757,65.48595],[25.30633,65.48513],[25.31461,65.48684],[25.32477,65.48623],[25.33038,65.48105],[25.32996,65.47834],[25.32142,65.47708],[25.32764,65.47183],[25.32431,65.46842],[25.33259,65.46465],[25.34237,65.46399],[25.34928,65.45801],[25.34643,65.45334],[25.33938,65.45414],[25.32726,65.45242],[25.32544,65.44845],[25.32868,65.44607],[25.34743,65.4433],[25.34066,65.43837],[25.36644,65.4275],[25.36529,65.42411],[25.35836,65.42119],[25.34677,65.42232],[25.34127,65.42116],[25.32858,65.41493],[25.33011,65.41058],[25.32429,65.40764],[25.31145,65.40507],[25.30927,65.4023],[25.29955,65.39945],[25.2862,65.4084],[25.27001,65.40821],[25.2596,65.40729],[25.26246,65.40216],[25.25859,65.40013],[25.26301,65.39704],[25.26049,65.39499],[25.2665,65.39256],[25.26369,65.38915],[25.27336,65.38785],[25.28844,65.38363],[25.28843,65.38141],[25.27828,65.37926],[25.26701,65.38071],[25.26776,65.37748],[25.27316,65.37358],[25.2605,65.37272],[25.26139,65.36731],[25.27034,65.36757],[25.2765,65.37014],[25.29183,65.37073],[25.29676,65.36953],[25.30629,65.3707],[25.31868,65.3677],[25.32945,65.36257],[25.33331,65.35956],[25.32412,65.35783],[25.3093,65.35851],[25.30258,65.36311],[25.3017,65.36673],[25.29126,65.3656],[25.29652,65.35651],[25.29001,65.35246],[25.27468,65.34955],[25.28331,65.34576],[25.2783,65.34308],[25.28357,65.33918],[25.27251,65.33896],[25.26784,65.33604],[25.24846,65.3357],[25.23559,65.33275],[25.23421,65.33016],[25.24495,65.32909],[25.25017,65.32354],[25.24662,65.31876],[25.25347,65.31535],[25.2598,65.31624],[25.27774,65.3099],[25.27766,65.30659],[25.29761,65.29841],[25.30222,65.29425],[25.3169,65.29099],[25.31188,65.28544],[25.30418,65.28507],[25.29259,65.28675],[25.28864,65.28073],[25.28289,65.277],[25.26588,65.27355],[25.26591,65.26963],[25.26978,65.26603],[25.28195,65.26831],[25.30176,65.26718],[25.3146,65.26713],[25.32971,65.26359],[25.33655,65.25992],[25.33393,65.25857],[25.31497,65.25791],[25.31155,65.25686],[25.31011,65.24883],[25.29376,65.24573],[25.29712,65.24353],[25.31095,65.24303],[25.32018,65.24087],[25.32195,65.23831],[25.33372,65.2398],[25.34272,65.23721],[25.34541,65.23265],[25.33576,65.23087],[25.32351,65.23207],[25.30114,65.23299],[25.29051,65.23618],[25.28103,65.23714],[25.27629,65.23355],[25.28518,65.23054],[25.28272,65.22487],[25.29071,65.22281],[25.28199,65.21834],[25.27105,65.22158],[25.26063,65.22112],[25.25901,65.21761],[25.27307,65.21234],[25.28426,65.21328],[25.29194,65.21156],[25.29045,65.20828],[25.28405,65.20743],[25.30234,65.19914],[25.29823,65.19481],[25.26958,65.19793],[25.26457,65.19605],[25.2762,65.18634],[25.27873,65.18238],[25.27464,65.17509],[25.26939,65.17271],[25.25798,65.17184],[25.24345,65.16924],[25.23533,65.17247],[25.22587,65.16975],[25.22606,65.16347],[25.22848,65.15803],[25.23261,65.15405],[25.23121,65.14228],[25.23816,65.13537],[25.22941,65.13216],[25.22946,65.12699],[25.23342,65.12559],[25.24307,65.12723],[25.24685,65.12626],[25.2614,65.12653],[25.27921,65.12427],[25.2963,65.12335],[25.30178,65.11966],[25.31482,65.11873],[25.3199,65.11404],[25.33794,65.10786],[25.34377,65.10486],[25.36416,65.10507],[25.38258,65.09792],[25.37728,65.09096],[25.38303,65.08709],[25.38916,65.07806],[25.38976,65.07051],[25.39532,65.06625],[25.40171,65.06402],[25.3908,65.05903],[25.40532,65.05356],[25.40859,65.04945],[25.41755,65.04271],[25.42386,65.04201],[25.42844,65.03515],[25.43672,65.03175],[25.44384,65.03107],[25.44785,65.02795],[25.46069,65.02289],[25.47786,65.02039],[25.46615,65.01786],[25.46824,65.01566],[25.45926,65.01377],[25.45684,65.01088],[25.4495,65.00853],[25.43757,65.00837],[25.43066,65.00685],[25.42126,65.00258],[25.41664,64.99693],[25.40622,64.99978],[25.40369,64.9976],[25.42118,64.99077],[25.43311,64.98939],[25.43576,64.98607],[25.4577,64.9809],[25.46819,64.97948],[25.48247,64.97445],[25.48448,64.97217],[25.48767,64.96144],[25.48654,64.95772],[25.48012,64.95318],[25.46331,64.94837],[25.44566,64.94699],[25.43911,64.94789],[25.43028,64.94602],[25.42226,64.94763],[25.41317,64.9511],[25.40756,64.95932],[25.39341,64.96245],[25.38406,64.9623],[25.37043,64.96714],[25.36761,64.96942],[25.35822,64.9715],[25.34964,64.97578],[25.33427,64.98744],[25.32557,64.99038],[25.30727,64.9901],[25.29827,64.99211],[25.28868,64.9925],[25.28652,64.99062],[25.29502,64.98845],[25.30876,64.98649],[25.31126,64.98276],[25.29916,64.98274],[25.27931,64.98467],[25.26619,64.98668],[25.26079,64.98905],[25.2656,64.99093],[25.28326,64.98853],[25.28868,64.99382],[25.27353,64.99589],[25.27014,64.99774],[25.26187,64.9973],[25.25269,65.00267],[25.23944,65.00173],[25.21572,65.00421],[25.21404,65.00223],[25.22083,64.99904],[25.21962,64.99653],[25.21003,64.99455],[25.2133,64.98684],[25.21275,64.98382],[25.20478,64.98098],[25.19265,64.98043],[25.19297,64.97803],[25.2081,64.96396],[25.20976,64.95599],[25.22088,64.94899],[25.22375,64.94533],[25.24448,64.93973],[25.25096,64.9357],[25.26875,64.93225],[25.27748,64.92524],[25.29989,64.91663],[25.31173,64.9152],[25.32559,64.90991],[25.32869,64.90614],[25.33651,64.90561],[25.35531,64.91058],[25.36793,64.90875],[25.3762,64.90625],[25.39146,64.89861],[25.38946,64.89368],[25.38553,64.89327],[25.38535,64.88773],[25.39119,64.88432],[25.37656,64.88222],[25.3713,64.87791],[25.37159,64.87562],[25.36587,64.87218],[25.36737,64.86851],[25.35752,64.86465],[25.3455,64.86173],[25.35453,64.85737],[25.3393,64.8483],[25.35109,64.84564],[25.34976,64.8437],[25.33928,64.84289],[25.34255,64.83909],[25.3293,64.83734],[25.32457,64.83227],[25.31276,64.82834],[25.29402,64.82829],[25.29219,64.83291],[25.29722,64.83936],[25.29187,64.84181],[25.28869,64.84673],[25.29035,64.85139],[25.30213,64.85344],[25.29889,64.85746],[25.28705,64.86265],[25.2809,64.86416],[25.2605,64.87212],[25.24934,64.87336],[25.23749,64.87109],[25.21938,64.87213],[25.21902,64.87645],[25.21358,64.88021],[25.19907,64.88058],[25.19556,64.88764],[25.20266,64.88787],[25.20564,64.8903],[25.20539,64.89488],[25.18607,64.90291],[25.16282,64.90366],[25.15688,64.89807],[25.14543,64.89737],[25.13166,64.90541],[25.13138,64.91317],[25.12603,64.91869],[25.11975,64.91705],[25.1063,64.9182],[25.10182,64.92159],[25.09282,64.92161],[25.08171,64.91374],[25.07402,64.91318],[25.0613,64.91048],[25.03637,64.90849],[25.01988,64.90983],[25.00806,64.91281],[25.00162,64.91313],[24.98266,64.90817],[24.96411,64.90608],[24.95592,64.90702],[24.95726,64.89998],[24.9622,64.89387],[24.95935,64.88801],[24.95123,64.88767],[24.93546,64.88223],[24.92125,64.88205],[24.91534,64.88361],[24.9055,64.88195],[24.89458,64.88344],[24.89108,64.88554],[24.87589,64.88581],[24.86502,64.88385],[24.84519,64.88386],[24.82406,64.88752],[24.81403,64.8867],[24.80737,64.88136],[24.79908,64.88],[24.79256,64.87536],[24.77579,64.87385],[24.75297,64.87576],[24.74433,64.87492],[24.71665,64.87029],[24.71681,64.8671],[24.70706,64.86767],[24.70526,64.87102],[24.69816,64.86952],[24.68917,64.85954],[24.69141,64.85694],[24.68542,64.85504],[24.68944,64.85283],[24.68742,64.84558],[24.67634,64.83983],[24.67213,64.83316],[24.67484,64.82775],[24.66938,64.82523],[24.67381,64.81836],[24.6701,64.81084],[24.66259,64.80581],[24.66656,64.80179],[24.65484,64.80248],[24.64372,64.80777],[24.64663,64.81119],[24.64476,64.8204],[24.65374,64.82727],[24.6505,64.83163],[24.63807,64.83413],[24.61424,64.83223],[24.60537,64.83066],[24.6004,64.82814],[24.58678,64.82632],[24.55714,64.81874],[24.54477,64.81739],[24.54134,64.81399],[24.54775,64.80554],[24.55403,64.80131],[24.56719,64.79881],[24.57386,64.79374],[24.58066,64.7854],[24.58032,64.78101],[24.57618,64.7753],[24.56938,64.77143],[24.55716,64.77258],[24.5567,64.77021],[24.56416,64.76398],[24.56082,64.75766],[24.56114,64.75248],[24.55744,64.74802],[24.56425,64.74634],[24.568,64.74247],[24.5689,64.73778],[24.56641,64.73242],[24.55383,64.72318],[24.55365,64.72103],[24.53765,64.72012],[24.52978,64.713],[24.5153,64.71449],[24.5008,64.71043],[24.50029,64.70674],[24.49468,64.70388],[24.50227,64.70107],[24.48401,64.69815],[24.48544,64.70035],[24.47367,64.70191],[24.46379,64.69491],[24.44152,64.69312],[24.44179,64.69099],[24.45046,64.68963],[24.45549,64.68478],[24.46595,64.68405],[24.45707,64.67896],[24.44889,64.67717],[24.4473,64.67429],[24.43861,64.67171],[24.43104,64.67338],[24.41611,64.6699],[24.40862,64.66715],[24.40584,64.66197],[24.41725,64.65793],[24.40579,64.65556],[24.40806,64.65098],[24.39899,64.64867],[24.39905,64.63963],[24.38251,64.63443],[24.39124,64.63265],[24.39831,64.6254],[24.39387,64.62409],[24.38687,64.61887],[24.38516,64.61561],[24.37962,64.61407],[24.38361,64.60919],[24.37782,64.60686],[24.36497,64.60559],[24.3712,64.60254],[24.36629,64.59925],[24.37682,64.59665],[24.36624,64.59294],[24.37921,64.58739],[24.38072,64.57993],[24.36619,64.57652],[24.36255,64.56317],[24.37294,64.559],[24.37592,64.5543],[24.37013,64.54561],[24.36386,64.54279],[24.35361,64.54041],[24.35151,64.53535],[24.34424,64.53278],[24.33667,64.53216],[24.33264,64.52956],[24.31794,64.53009],[24.30635,64.52786],[24.30132,64.52436],[24.28181,64.52857],[24.27478,64.53344],[24.2748,64.53743],[24.26777,64.5379],[24.26103,64.53552],[24.25383,64.53585],[24.24634,64.53328],[24.249,64.52986],[24.25849,64.5271],[24.26313,64.52092],[24.26166,64.51562],[24.27615,64.51281],[24.27656,64.50731],[24.28248,64.50307],[24.29099,64.49981],[24.27724,64.49801],[24.26892,64.49843],[24.26735,64.50399],[24.25458,64.50645],[24.25088,64.49919],[24.24419,64.49849],[24.23289,64.49926],[24.21803,64.48885],[24.22309,64.48571],[24.21372,64.4834],[24.2023,64.48469],[24.1951,64.48014],[24.19661,64.47248],[24.18043,64.46656],[24.17834,64.4614],[24.17108,64.4569],[24.1506,64.4583],[24.14341,64.45255],[24.1321,64.45506],[24.12951,64.44856],[24.1152,64.44715],[24.12161,64.44401],[24.11612,64.44151],[24.10303,64.43974],[24.08711,64.4431],[24.08041,64.44093],[24.08438,64.4386],[24.09187,64.43816],[24.09323,64.43496],[24.08741,64.43211],[24.10042,64.4251],[24.09711,64.41778],[24.08926,64.41331],[24.07462,64.4138],[24.06015,64.41032],[24.05115,64.41118],[24.03359,64.41472],[24.02945,64.41383],[24.03264,64.4048],[24.02171,64.40432],[24.01575,64.39293],[24.00389,64.39281],[24.00021,64.39056],[23.99702,64.3805],[23.98409,64.36759],[23.98828,64.3635],[23.981,64.36184],[23.98967,64.35739],[23.98391,64.35298],[23.97891,64.35139],[23.97024,64.35121],[23.96832,64.3475],[23.96142,64.34773],[23.94505,64.34102],[23.93063,64.33915],[23.92419,64.33292],[23.91899,64.33111],[23.9159,64.3254],[23.91642,64.3178],[23.91339,64.30987],[23.91809,64.30484],[23.91488,64.29639],[23.91371,64.28716],[23.90518,64.28786],[23.88034,64.28461],[23.86386,64.28396],[23.85175,64.28903],[23.84707,64.28577],[23.84325,64.27973],[23.83648,64.2757],[23.83489,64.26933],[23.84262,64.26562],[23.84122,64.26116],[23.82496,64.26848],[23.82024,64.2621],[23.82861,64.26165],[23.83406,64.25563],[23.82965,64.25222],[23.82075,64.25019],[23.81895,64.24322],[23.81397,64.23858],[23.807,64.23574],[23.78787,64.2339],[23.77493,64.22612],[23.76376,64.22306],[23.75816,64.22308],[23.7388,64.22102],[23.7338,64.22352],[23.72487,64.21793],[23.7172,64.21733],[23.7114,64.22063],[23.70879,64.22489],[23.70128,64.22463],[23.68397,64.21648],[23.69455,64.21077],[23.70143,64.20405],[23.71098,64.20035],[23.71827,64.19425],[23.72055,64.18574],[23.71076,64.17949],[23.7006,64.17825],[23.7002,64.17563],[23.69064,64.17636],[23.69124,64.1729],[23.6967,64.16677],[23.6891,64.16429],[23.6798,64.16362],[23.67169,64.15734],[23.67623,64.15413],[23.6649,64.14621],[23.65607,64.14423],[23.65127,64.13703],[23.64615,64.13683],[23.63404,64.14353],[23.62757,64.14084],[23.63784,64.13553],[23.64276,64.13123],[23.63534,64.12557],[23.64202,64.1185],[23.63651,64.1151],[23.62376,64.11637],[23.605,64.12535],[23.5922,64.1251],[23.58979,64.12022],[23.58122,64.11728],[23.59823,64.10295],[23.59843,64.09905],[23.5955,64.09478],[23.61468,64.08601],[23.63251,64.07115],[23.6256,64.06928],[23.62381,64.06092],[23.61783,64.05872],[23.61632,64.0553],[23.61731,64.04881],[23.64063,64.03913],[23.71156,63.97763],[23.7261,63.98555],[23.74615,63.97373],[23.75522,63.97765],[23.74333,63.98337],[23.77834,63.99696],[23.79693,63.9861],[23.84355,63.96986],[23.85451,63.9711],[23.88098,63.97079],[23.91061,63.96498],[23.92718,63.97219],[23.92827,63.97774],[23.87961,64.01241],[23.88502,64.02355],[23.92822,64.03576],[23.91678,64.04339],[23.91163,64.06268],[23.91503,64.06693],[23.96129,64.07698],[23.97044,64.09527],[24.00432,64.09222],[24.08708,64.07115],[24.09895,64.00629],[24.17983,63.93831],[24.21712,63.93292],[24.24745,63.87695],[24.28379,63.86239],[24.42552,63.84007],[24.56197,63.68879],[24.61871,63.65089],[24.75408,63.61114],[24.82017,63.58661],[24.91336,63.52532],[25.03632,63.45807]]]]}},{"type":"Feature","properties":{"maakunta":"18","name":"Kainuu","name_sv":"Kajanaland","bb":[63.66881,26.74842,65.52089,30.55356],"c":[64.5212,28.71428]},"geometry":{"type":"Polygon","coordinates":[[[26.8704,64.03697],[27.01255,63.99896],[27.11927,63.99078],[27.13123,63.99763],[27.26111,63.98934],[27.41867,63.96639],[27.42851,63.94787],[27.44949,63.94438],[27.49703,63.9497],[27.47777,63.96148],[27.5406,63.95643],[27.65029,63.91875],[27.66386,63.92302],[27.74503,63.90838],[27.89279,63.84911],[27.91026,63.8521],[28.06095,63.78146],[28.14463,63.72469],[28.16882,63.7148],[28.20126,63.70955],[28.25619,63.67451],[28.27392,63.66881],[28.35959,63.75475],[28.47375,63.8584],[28.46037,63.86826],[28.45996,63.87112],[28.496,63.87824],[28.50077,63.88241],[28.68615,63.8601],[28.88514,63.83584],[29.11189,63.84635],[29.15831,63.84733],[29.31142,63.8528],[29.54394,63.8715],[29.68253,63.87894],[29.72269,63.74803],[29.77569,63.70336],[29.87466,63.74921],[29.97189,63.75717],[30.1503,63.80104],[30.26041,63.82201],[30.32091,63.90953],[30.35357,63.93209],[30.44703,63.98277],[30.52802,64.04888],[30.55356,64.10169],[30.5534,64.13225],[30.51588,64.15496],[30.46636,64.20443],[30.5096,64.22169],[30.48244,64.26233],[30.38827,64.26907],[30.36081,64.28132],[30.36693,64.29969],[30.30213,64.31986],[30.28551,64.32984],[30.21015,64.35047],[30.13718,64.35796],[30.10992,64.36503],[30.04487,64.40203],[30.05721,64.43423],[30.05007,64.44163],[30.05834,64.45089],[30.04593,64.47211],[30.02437,64.48299],[30.02968,64.50063],[30.0146,64.50435],[29.98696,64.5339],[29.99743,64.57731],[29.9894,64.58762],[30.05433,64.61527],[30.11899,64.62591],[30.13011,64.63473],[30.13584,64.649],[30.05366,64.71303],[30.0414,64.74119],[30.07477,64.75849],[30.09107,64.76495],[30.08651,64.77399],[30.04293,64.79288],[30.00718,64.7915],[29.99579,64.79478],[29.89762,64.79355],[29.86881,64.78979],[29.73963,64.78978],[29.6875,64.81881],[29.6997,64.83722],[29.64491,64.86649],[29.61522,64.91746],[29.61099,64.92731],[29.61918,64.95966],[29.59933,64.99506],[29.61443,65.01279],[29.62698,65.0606],[29.73267,65.09129],[29.83094,65.09192],[29.87183,65.10375],[29.89686,65.10514],[29.85278,65.12725],[29.81933,65.14428],[29.89359,65.19297],[29.88566,65.2063],[29.85946,65.21516],[29.7641,65.22889],[29.74416,65.2258],[29.70065,65.23084],[29.634,65.23159],[29.60179,65.25993],[29.60928,65.27579],[29.64606,65.28907],[29.74658,65.3474],[29.73136,65.37399],[29.72739,65.40033],[29.73305,65.4725],[29.74896,65.4826],[29.75471,65.49737],[29.74033,65.49618],[29.65091,65.49757],[29.54836,65.50594],[29.53058,65.49723],[29.50488,65.48802],[29.32032,65.52089],[29.21322,65.51848],[29.21932,65.49356],[29.11611,65.44757],[29.04477,65.43748],[28.95553,65.44738],[28.80178,65.41868],[28.64692,65.38934],[28.65708,65.37192],[28.6289,65.3538],[28.60436,65.31246],[28.60454,65.30024],[28.60857,65.28668],[28.48307,65.27678],[28.2854,65.26161],[28.16238,65.25035],[28.03388,65.23856],[27.99564,65.2212],[27.9482,65.20574],[27.94152,65.17984],[27.89427,65.09147],[27.779,65.10662],[27.71464,65.11771],[27.70167,65.11678],[27.66701,65.12131],[27.57213,65.09445],[27.45293,65.08719],[27.32988,65.09066],[27.2625,65.02734],[27.31738,64.99683],[27.38575,64.95901],[27.39365,64.94554],[27.37686,64.94138],[27.39958,64.93556],[27.40535,64.92331],[27.36974,64.88992],[27.40264,64.85525],[27.39322,64.8467],[27.3609,64.84298],[27.37509,64.83081],[27.35436,64.81199],[27.18466,64.83151],[27.14809,64.83529],[27.11844,64.81477],[27.19809,64.77725],[27.2793,64.71731],[27.26871,64.71238],[27.23025,64.7165],[27.22561,64.7126],[27.234,64.707],[27.23963,64.70035],[27.26695,64.66101],[27.26904,64.63761],[27.25839,64.63312],[27.25937,64.62485],[27.26841,64.62469],[27.30802,64.61603],[27.36849,64.6038],[27.34956,64.5969],[27.38848,64.58337],[27.37878,64.57706],[27.39698,64.57188],[27.3479,64.55],[27.29663,64.50186],[27.27222,64.48991],[27.23166,64.48087],[27.20548,64.47404],[27.18508,64.45589],[27.18001,64.44098],[27.25123,64.39905],[27.25388,64.39088],[27.24762,64.38026],[27.19184,64.3499],[27.18777,64.31032],[27.04239,64.28452],[26.96409,64.29572],[26.94168,64.32707],[26.92172,64.3217],[26.92605,64.31189],[26.88838,64.30155],[26.86223,64.30587],[26.81381,64.30616],[26.74842,64.27854],[26.7675,64.26517],[26.77087,64.21602],[26.77676,64.12361],[26.77656,64.1197],[26.78111,64.0571],[26.8704,64.03697]]]}},{"type":"Feature","properties":{"maakunta":"19","name":"Lappi","name_sv":"Lappland","bb":[65.57792,20.55233,70.09266,30.01704],"c":[67.72936,26.32459]},"geometry":{"type":"MultiPolygon","coordinates":[[[[24.28393,65.77837],[24.28573,65.78261],[24.28115,65.7844],[24.27361,65.78394],[24.27066,65.78021],[24.28393,65.77837]]],[[[24.25192,65.76306],[24.25831,65.76651],[24.25468,65.7704],[24.24644,65.76561],[24.25192,65.76306]]],[[[24.34496,65.76149],[24.3462,65.7677],[24.33976,65.76659],[24.33632,65.76266],[24.34496,65.76149]]],[[[24.24658,65.74498],[24.25221,65.74635],[24.25172,65.75089],[24.2398,65.74973],[24.24011,65.74607],[24.24658,65.74498]]],[[[24.51481,65.68958],[24.51233,65.69399],[24.51527,65.69759],[24.52284,65.70058],[24.52503,65.70563],[24.53183,65.70801],[24.53597,65.71638],[24.54007,65.71939],[24.53045,65.7252],[24.52132,65.72688],[24.51793,65.72018],[24.52059,65.7155],[24.51371,65.70921],[24.51501,65.70629],[24.50643,65.70129],[24.50365,65.69632],[24.49821,65.69265],[24.51481,65.68958]]],[[[24.29232,65.68297],[24.29519,65.68748],[24.28797,65.68868],[24.28465,65.69255],[24.27679,65.696],[24.27334,65.69157],[24.28244,65.68741],[24.2873,65.68301],[24.29232,65.68297]]],[[[24.48952,65.67862],[24.49745,65.68056],[24.49574,65.68443],[24.4881,65.68602],[24.48124,65.68341],[24.48952,65.67862]]],[[[24.23855,65.66973],[24.23765,65.67279],[24.23135,65.67612],[24.2272,65.68035],[24.22108,65.67616],[24.23219,65.67287],[24.23855,65.66973]]],[[[24.54186,65.65533],[24.54971,65.65713],[24.5636,65.65819],[24.56745,65.65687],[24.58563,65.65754],[24.58331,65.66475],[24.58817,65.66944],[24.59954,65.66634],[24.60309,65.67346],[24.59217,65.68103],[24.58835,65.68493],[24.59174,65.68841],[24.59983,65.68936],[24.60139,65.69407],[24.60684,65.69966],[24.60003,65.70333],[24.59214,65.70169],[24.58837,65.69505],[24.58865,65.69125],[24.57988,65.68705],[24.57431,65.68238],[24.55546,65.67662],[24.5464,65.6758],[24.52962,65.67758],[24.52732,65.6748],[24.51665,65.67568],[24.51289,65.67213],[24.51519,65.66413],[24.52502,65.66113],[24.53549,65.65934],[24.54186,65.65533]]],[[[24.83806,65.63273],[24.84261,65.63444],[24.85196,65.63346],[24.85817,65.63545],[24.86788,65.63646],[24.85163,65.6406],[24.83481,65.63931],[24.82767,65.64205],[24.82205,65.63867],[24.83415,65.63618],[24.83806,65.63273]]],[[[24.59598,65.6271],[24.60135,65.62734],[24.59915,65.63344],[24.59335,65.63638],[24.58721,65.631],[24.59598,65.6271]]],[[[24.20928,65.61258],[24.20309,65.62217],[24.19823,65.62149],[24.19914,65.61707],[24.20928,65.61258]]],[[[24.69129,65.62028],[24.69491,65.62197],[24.69452,65.6286],[24.68851,65.62714],[24.69129,65.62028]]],[[[24.88669,65.6195],[24.89137,65.62554],[24.8998,65.62713],[24.89308,65.63417],[24.88682,65.63644],[24.88263,65.63034],[24.87282,65.62373],[24.87447,65.62179],[24.88669,65.6195]]],[[[24.19617,65.60388],[24.20007,65.60536],[24.1967,65.61561],[24.19401,65.61591],[24.19187,65.60498],[24.19617,65.60388]]],[[[25.01586,65.6165],[25.01953,65.61876],[25.00061,65.62074],[25.00416,65.61785],[25.01586,65.6165]]],[[[25.00851,65.61032],[25.01039,65.61546],[25.0044,65.61555],[25.00851,65.61032]]],[[[24.98239,65.60982],[24.98046,65.61958],[24.97229,65.62022],[24.97574,65.61257],[24.98239,65.60982]]],[[[25.0201,65.60991],[25.02684,65.61351],[25.02406,65.61708],[25.01303,65.61591],[25.0201,65.60991]]],[[[25.04829,65.60071],[25.05521,65.60242],[25.0564,65.6097],[25.05264,65.61575],[25.04334,65.617],[25.02886,65.61538],[25.02623,65.61065],[25.03046,65.60735],[25.03692,65.60686],[25.04829,65.60071]]],[[[24.95522,65.59891],[24.96305,65.60375],[24.95667,65.60831],[24.96083,65.61278],[24.95364,65.61383],[24.95179,65.62007],[24.96168,65.62114],[24.96823,65.62499],[24.95709,65.62663],[24.93584,65.6217],[24.93763,65.61625],[24.93424,65.61145],[24.93645,65.60822],[24.94749,65.60121],[24.95522,65.59891]]],[[[24.98256,65.59614],[24.99221,65.60139],[24.98686,65.60588],[24.98013,65.6063],[24.97172,65.61273],[24.96386,65.61164],[24.9715,65.60838],[24.96845,65.60469],[24.98256,65.59614]]],[[[25.01625,65.58961],[25.00804,65.59517],[25.00354,65.5937],[25.01625,65.58961]]],[[[25.08392,65.58748],[25.12934,65.60733],[25.16256,65.63589],[25.23065,65.66832],[25.30758,65.685],[25.36007,65.72738],[25.4245,65.74257],[25.79024,65.74071],[25.93919,65.77399],[26.16011,65.82233],[26.15823,65.72556],[26.36867,65.71347],[26.65986,65.71025],[26.6759,65.70962],[26.8247,65.70115],[27.03569,65.73841],[27.0493,65.73285],[27.07198,65.72977],[27.10109,65.7419],[27.11034,65.75103],[27.16248,65.78425],[27.3365,65.89423],[27.40742,65.9384],[27.44707,65.92862],[27.48154,65.93336],[27.497,65.9316],[27.52611,65.92161],[27.56501,65.93146],[27.59688,65.95467],[27.65487,65.96036],[27.6949,65.90096],[27.76746,65.84106],[27.7611,65.82732],[27.89964,65.82294],[28.14351,65.81492],[28.16212,65.808],[28.2235,65.80059],[28.46719,65.84543],[28.5132,65.84621],[28.50877,65.88978],[28.45811,65.91876],[28.43293,65.94647],[28.37217,65.96022],[28.36825,65.96762],[28.37283,65.97126],[28.39251,65.96857],[28.39284,65.97776],[28.39026,65.9963],[28.41523,66.00508],[28.42264,66.0027],[28.41165,65.9863],[28.48264,65.98969],[28.48321,66.00388],[28.54385,66.00347],[28.5441,66.00896],[28.59822,65.99922],[28.59771,65.98737],[28.65197,65.98689],[28.66931,65.9997],[28.74726,66.00181],[28.7484,66.02372],[28.76424,66.04334],[28.74454,66.05143],[28.71845,66.04326],[28.70283,66.0532],[28.69685,66.06174],[28.62481,66.0709],[28.64581,66.08586],[28.6262,66.09043],[28.60416,66.12816],[28.68715,66.12754],[28.71576,66.13591],[28.71737,66.16036],[28.76843,66.18455],[28.73393,66.2061],[28.75009,66.21512],[28.75881,66.22924],[28.74966,66.25448],[28.68849,66.26223],[28.66213,66.24731],[28.64376,66.25176],[28.63885,66.26672],[28.60641,66.26454],[28.593,66.26788],[28.53809,66.33261],[28.54641,66.34023],[28.54871,66.38288],[28.57465,66.38218],[28.58466,66.40092],[28.61294,66.41248],[28.66485,66.41295],[28.69531,66.48585],[29.25852,66.40815],[29.25797,66.43289],[29.57293,66.43285],[29.51957,66.49627],[29.47206,66.5439],[29.41061,66.58317],[29.41904,66.59199],[29.41043,66.59216],[29.39977,66.59757],[29.38259,66.59844],[29.3762,66.60382],[29.3861,66.6075],[29.36216,66.62653],[29.35633,66.63999],[29.14941,66.78043],[29.1392,66.77976],[29.13195,66.78707],[29.10586,66.79045],[29.10357,66.79574],[29.11897,66.80148],[29.06051,66.8531],[29.03317,66.92551],[29.03414,66.94362],[29.04095,66.96152],[29.07285,66.9959],[29.34725,67.16912],[29.51649,67.28065],[29.50447,67.28558],[29.52256,67.3099],[29.53816,67.31047],[29.55466,67.31234],[29.57098,67.3108],[29.58015,67.31583],[29.56425,67.31931],[29.56586,67.32247],[29.58433,67.33081],[29.61156,67.32644],[29.64406,67.33578],[29.64289,67.3416],[29.61661,67.34515],[29.62157,67.35156],[29.64557,67.35474],[29.65781,67.3704],[29.67659,67.3722],[29.68496,67.38026],[29.71612,67.39258],[29.71483,67.39817],[29.76247,67.42489],[29.84006,67.47918],[29.93022,67.52252],[30.01704,67.67355],[29.65941,67.80296],[29.32709,68.07454],[28.64615,68.1963],[28.47898,68.46619],[28.43393,68.53967],[28.70641,68.73224],[28.80079,68.86928],[28.66128,68.88642],[28.46802,68.88543],[28.41579,68.91545],[28.49579,68.93012],[28.9293,69.05192],[28.85458,69.07664],[28.80543,69.11116],[28.83031,69.1719],[28.83154,69.22436],[29.17158,69.37649],[29.21934,69.39764],[29.3365,69.47832],[29.27646,69.53676],[29.17053,69.63904],[29.1339,69.69534],[28.917,69.72976],[28.40423,69.81842],[28.33048,69.84919],[28.34527,69.88083],[28.16071,69.92099],[27.98429,70.01397],[27.97699,70.05425],[27.95947,70.09266],[27.9385,70.09087],[27.90836,70.0864],[27.86733,70.08373],[27.84933,70.08135],[27.80741,70.07704],[27.77726,70.07089],[27.76671,70.06761],[27.74379,70.06416],[27.72877,70.06658],[27.70961,70.07251],[27.69293,70.07659],[27.67211,70.07772],[27.64791,70.07546],[27.61246,70.07456],[27.59576,70.07218],[27.57019,70.06562],[27.5543,70.05898],[27.54069,70.04565],[27.54015,70.03332],[27.52599,70.02346],[27.42856,70.01921],[27.40511,70.01328],[27.38424,69.99991],[27.35733,69.99133],[27.33569,69.98843],[27.32045,69.99043],[27.31192,69.99041],[27.28879,69.98452],[27.27665,69.97924],[27.27761,69.97411],[27.30215,69.96311],[27.30067,69.95473],[27.28112,69.95123],[27.24964,69.94986],[27.22402,69.94624],[27.20496,69.94161],[27.16419,69.93423],[27.13083,69.93221],[27.09994,69.91756],[27.06216,69.91776],[27.04181,69.91082],[27.03125,69.91093],[26.98595,69.93508],[26.96972,69.93849],[26.93025,69.93943],[26.90233,69.93298],[26.87871,69.93334],[26.85952,69.94058],[26.8562,69.94736],[26.85893,69.95734],[26.84867,69.9602],[26.78475,69.95855],[26.76036,69.95342],[26.74175,69.94866],[26.72047,69.94501],[26.70686,69.94659],[26.6972,69.95162],[26.67869,69.96477],[26.65787,69.9618],[26.62435,69.95984],[26.60365,69.95681],[26.55374,69.94812],[26.52297,69.94595],[26.49524,69.94559],[26.46713,69.93951],[26.45934,69.93355],[26.4579,69.92354],[26.45509,69.9187],[26.42929,69.90759],[26.40754,69.90148],[26.40893,69.89555],[26.41822,69.88909],[26.41422,69.87907],[26.40155,69.87192],[26.39081,69.86084],[26.38222,69.85405],[26.36317,69.84663],[26.34502,69.84371],[26.33564,69.83902],[26.30897,69.83045],[26.27113,69.82183],[26.24792,69.81747],[26.24124,69.8121],[26.24797,69.79658],[26.23098,69.792],[26.21359,69.77983],[26.19685,69.77809],[26.18909,69.77461],[26.18117,69.7691],[26.18331,69.7645],[26.18178,69.75965],[26.15118,69.75605],[26.13562,69.73861],[26.10729,69.73032],[26.07531,69.72624],[26.05069,69.72038],[26.02145,69.72191],[26.00881,69.72149],[26.00046,69.71968],[25.96388,69.70308],[25.95267,69.69482],[25.94228,69.68441],[25.92032,69.67934],[25.90731,69.67363],[25.89149,69.6655],[25.8947,69.65994],[25.91237,69.65689],[25.93111,69.65515],[25.9553,69.64653],[25.96333,69.63371],[25.95889,69.62121],[25.97658,69.61024],[25.96673,69.5988],[25.95233,69.59448],[25.94618,69.58539],[25.949,69.58209],[25.94202,69.57559],[25.92064,69.56959],[25.89444,69.55836],[25.87466,69.55509],[25.85505,69.55318],[25.84449,69.55047],[25.84044,69.54558],[25.84325,69.54196],[25.85884,69.53687],[25.87379,69.52991],[25.87567,69.52201],[25.85996,69.51353],[25.85695,69.50402],[25.84854,69.49325],[25.85082,69.48705],[25.8617,69.48312],[25.86458,69.47584],[25.8349,69.4682],[25.82442,69.44759],[25.80855,69.43573],[25.80898,69.42799],[25.80103,69.42516],[25.79723,69.42187],[25.80338,69.41939],[25.81898,69.41768],[25.82258,69.4137],[25.81592,69.41179],[25.822,69.40672],[25.83569,69.40375],[25.84568,69.39761],[25.84662,69.3937],[25.83188,69.38935],[25.82726,69.38107],[25.81212,69.37519],[25.81869,69.3727],[25.81685,69.35968],[25.78497,69.35592],[25.77853,69.35062],[25.77861,69.34509],[25.75938,69.34038],[25.76234,69.33451],[25.75895,69.3273],[25.74183,69.31906],[25.73776,69.31058],[25.74647,69.30504],[25.74547,69.30155],[25.73554,69.29867],[25.73691,69.29497],[25.74558,69.29134],[25.74682,69.2855],[25.73884,69.28321],[25.7424,69.27575],[25.73288,69.27415],[25.72859,69.2715],[25.73291,69.26539],[25.72464,69.25903],[25.71615,69.25658],[25.70327,69.25521],[25.70246,69.25208],[25.70542,69.24106],[25.6999,69.23137],[25.71463,69.22552],[25.70718,69.22181],[25.70601,69.2172],[25.71333,69.21159],[25.70403,69.20621],[25.69388,69.20401],[25.69302,69.19674],[25.70861,69.18549],[25.72616,69.16085],[25.73101,69.15826],[25.73024,69.15094],[25.73837,69.14758],[25.74309,69.13725],[25.73433,69.12987],[25.73052,69.12151],[25.72204,69.11566],[25.72013,69.10973],[25.7305,69.10551],[25.73101,69.10239],[25.72523,69.09356],[25.73134,69.08272],[25.72388,69.08003],[25.7357,69.06897],[25.75275,69.05732],[25.74961,69.04627],[25.74459,69.04397],[25.75431,69.0304],[25.76597,69.02975],[25.77061,69.02771],[25.77769,69.0201],[25.77563,69.01438],[25.76199,69.00382],[25.75604,69.00439],[25.73022,68.99384],[25.71305,68.98118],[25.71361,68.96687],[25.70695,68.96099],[25.69432,68.95278],[25.69168,68.94536],[25.67752,68.93491],[25.65713,68.91681],[25.65373,68.9061],[25.63883,68.90258],[25.62664,68.89738],[25.62683,68.89269],[25.61057,68.89001],[25.60258,68.88578],[25.58814,68.88326],[25.55576,68.88726],[25.54778,68.88661],[25.53054,68.88804],[25.5158,68.89194],[25.50957,68.89682],[25.49456,68.89873],[25.49244,68.90391],[25.4748,68.90452],[25.45396,68.89862],[25.43094,68.89387],[25.40882,68.89259],[25.39771,68.88951],[25.40108,68.8866],[25.37544,68.88036],[25.36794,68.87714],[25.31216,68.86307],[25.30091,68.8621],[25.28895,68.85836],[25.28909,68.85646],[25.26831,68.85088],[25.24329,68.84142],[25.22939,68.82479],[25.20805,68.81809],[25.1969,68.80973],[25.17473,68.80597],[25.16565,68.80147],[25.15917,68.8003],[25.1422,68.78723],[25.1381,68.77358],[25.13402,68.7693],[25.13462,68.76198],[25.12572,68.75645],[25.12154,68.74592],[25.12579,68.74164],[25.12272,68.72518],[25.12428,68.72052],[25.12899,68.71742],[25.11581,68.70707],[25.11079,68.69936],[25.11362,68.69419],[25.10822,68.6806],[25.11418,68.66807],[25.11397,68.65403],[25.11838,68.6488],[25.11502,68.63872],[25.11002,68.63714],[25.10021,68.6372],[25.0912,68.63561],[25.0862,68.62904],[25.07965,68.62386],[25.06545,68.62072],[25.04838,68.62665],[25.0211,68.62365],[25.00965,68.61461],[24.99588,68.61218],[24.98996,68.61273],[24.98002,68.61735],[24.95789,68.61633],[24.94591,68.61209],[24.93464,68.61135],[24.92727,68.60744],[24.91692,68.60525],[24.90676,68.58201],[24.90317,68.55459],[24.85717,68.56221],[24.78342,68.63623],[24.60839,68.6819],[24.30226,68.71735],[24.25096,68.72713],[24.20805,68.74531],[24.15296,68.75359],[24.15855,68.78971],[24.07559,68.77997],[23.98333,68.82714],[23.87146,68.83652],[23.77539,68.81885],[23.73106,68.75075],[23.67352,68.70552],[23.44064,68.69216],[23.16758,68.62852],[23.04595,68.68934],[22.80082,68.68755],[22.60442,68.72665],[22.53539,68.74451],[22.37452,68.71667],[22.34078,68.82722],[22.19187,68.91877],[22.17576,68.95632],[21.98361,69.07289],[21.8464,69.14416],[21.72334,69.21449],[21.62709,69.27659],[21.27882,69.31188],[21.09617,69.26091],[21.00331,69.22234],[20.98757,69.19193],[21.04673,69.13952],[21.05563,69.12209],[21.10868,69.10393],[21.05754,69.03629],[20.71732,69.11979],[20.55233,69.06008],[20.57625,69.0529],[20.58736,69.05355],[20.62757,69.04585],[20.68868,69.04305],[20.77631,69.0322],[20.81073,69.01902],[20.83326,68.99674],[20.84797,68.99179],[20.8822,68.98367],[20.91167,68.96874],[20.91191,68.95722],[20.89235,68.94167],[20.86597,68.94355],[20.84349,68.9364],[20.85238,68.92345],[20.87829,68.91915],[20.9031,68.89972],[20.87822,68.89423],[20.9014,68.89108],[20.91598,68.89674],[20.93108,68.89847],[20.94276,68.89663],[20.95831,68.89696],[20.95827,68.89256],[20.97925,68.89178],[20.98751,68.89413],[20.99007,68.89792],[20.99767,68.89667],[21.01306,68.89123],[21.03032,68.88643],[21.0332,68.88269],[21.04932,68.88089],[21.07545,68.87195],[21.07627,68.86553],[21.09372,68.86159],[21.11222,68.8584],[21.12709,68.85405],[21.14269,68.84479],[21.14527,68.8403],[21.16985,68.83424],[21.183,68.82889],[21.18628,68.82499],[21.20153,68.82135],[21.20755,68.8189],[21.23529,68.81344],[21.25262,68.80272],[21.25893,68.79396],[21.26088,68.78774],[21.26492,68.78258],[21.27429,68.77884],[21.29771,68.76292],[21.31217,68.75972],[21.33038,68.76022],[21.34133,68.76371],[21.36332,68.76763],[21.38689,68.76537],[21.40159,68.75763],[21.40496,68.75254],[21.41109,68.74904],[21.4037,68.73753],[21.41307,68.73176],[21.4084,68.72563],[21.41909,68.7164],[21.41258,68.71021],[21.41926,68.70627],[21.41894,68.6964],[21.46287,68.68381],[21.47627,68.68222],[21.49988,68.67691],[21.51745,68.67727],[21.5582,68.67632],[21.5696,68.67124],[21.58661,68.66804],[21.61419,68.66506],[21.62658,68.6551],[21.63878,68.65203],[21.6469,68.65123],[21.66152,68.64437],[21.66207,68.64148],[21.69853,68.63168],[21.70882,68.62536],[21.71079,68.61775],[21.70187,68.615],[21.69737,68.61136],[21.69992,68.60367],[21.69936,68.5969],[21.70907,68.59495],[21.72036,68.59023],[21.75947,68.58772],[21.77511,68.58553],[21.79612,68.58663],[21.80111,68.58904],[21.81879,68.58992],[21.83834,68.59177],[21.86004,68.58882],[21.864,68.585],[21.88154,68.58549],[21.88897,68.58441],[21.91651,68.57091],[21.92946,68.56672],[21.93694,68.55951],[21.9515,68.55499],[21.96809,68.55099],[21.98244,68.5385],[21.99048,68.53454],[22.00477,68.5338],[21.99467,68.52227],[22.0097,68.50056],[22.0304,68.48629],[22.04191,68.48019],[22.05952,68.47938],[22.07232,68.48257],[22.09106,68.48245],[22.10264,68.47997],[22.11282,68.48252],[22.12029,68.4806],[22.12722,68.472],[22.15112,68.47062],[22.19116,68.48073],[22.20025,68.48058],[22.21873,68.47342],[22.251,68.48292],[22.26758,68.47875],[22.27965,68.47903],[22.29551,68.48445],[22.32525,68.48159],[22.34848,68.48192],[22.35038,68.47567],[22.34059,68.46965],[22.34875,68.46425],[22.34244,68.46027],[22.34043,68.4454],[22.35753,68.44674],[22.38352,68.45902],[22.40113,68.46435],[22.4134,68.46633],[22.42125,68.46332],[22.43269,68.46127],[22.45374,68.45048],[22.46688,68.44189],[22.50142,68.44295],[22.53475,68.43465],[22.55336,68.43488],[22.57211,68.42262],[22.61551,68.42808],[22.62126,68.43481],[22.63717,68.4351],[22.64201,68.4305],[22.63802,68.42263],[22.64468,68.41739],[22.67848,68.41148],[22.69049,68.40624],[22.68456,68.40079],[22.69813,68.39882],[22.71242,68.39789],[22.73259,68.3857],[22.7618,68.3854],[22.77735,68.39032],[22.79748,68.39412],[22.8095,68.38978],[22.82434,68.3881],[22.84383,68.38373],[22.83314,68.37044],[22.83431,68.36609],[22.85395,68.36039],[22.86782,68.35539],[22.89283,68.34898],[22.91521,68.33424],[22.97057,68.33273],[22.97672,68.3247],[22.98628,68.32037],[23.03633,68.30744],[23.05532,68.30791],[23.06582,68.30039],[23.06583,68.29164],[23.06127,68.27924],[23.07072,68.27553],[23.07589,68.26749],[23.08618,68.26304],[23.10002,68.25867],[23.11206,68.25186],[23.14277,68.24683],[23.15056,68.23364],[23.14809,68.22728],[23.14063,68.21909],[23.14353,68.213],[23.14052,68.20431],[23.16072,68.19864],[23.14032,68.18238],[23.14168,68.1683],[23.14128,68.16163],[23.13882,68.15594],[23.15045,68.13825],[23.15815,68.13493],[23.16899,68.13368],[23.20534,68.14334],[23.21874,68.14814],[23.24343,68.14859],[23.25673,68.15407],[23.2767,68.15797],[23.2867,68.15427],[23.29363,68.14943],[23.30639,68.14856],[23.30681,68.14496],[23.31358,68.14125],[23.32044,68.13428],[23.32376,68.12701],[23.33014,68.12174],[23.32706,68.1165],[23.33803,68.10628],[23.34712,68.1003],[23.35429,68.08853],[23.35903,68.08561],[23.36326,68.0763],[23.37177,68.06811],[23.36948,68.06165],[23.38392,68.05589],[23.38672,68.04811],[23.3985,68.0433],[23.44286,68.03714],[23.46341,68.0308],[23.46446,68.0215],[23.47138,68.01887],[23.48483,68.01714],[23.50356,68.0115],[23.53404,68.00561],[23.53983,68.00065],[23.53817,67.99195],[23.57316,67.97238],[23.60126,67.97197],[23.6463,67.96276],[23.65085,67.95709],[23.65198,67.95101],[23.66447,67.94115],[23.64836,67.93047],[23.64546,67.91951],[23.63537,67.91369],[23.61966,67.90785],[23.6074,67.90644],[23.5979,67.90346],[23.58923,67.89743],[23.57867,67.89204],[23.55276,67.89768],[23.54572,67.89245],[23.51556,67.88453],[23.50698,67.87838],[23.50301,67.86907],[23.49333,67.86391],[23.48693,67.84641],[23.47643,67.84255],[23.48112,67.82755],[23.47142,67.81762],[23.47879,67.80138],[23.49307,67.79138],[23.49373,67.7861],[23.48357,67.77655],[23.48326,67.77227],[23.49241,67.76516],[23.489,67.76013],[23.49239,67.75537],[23.48758,67.74784],[23.47381,67.73893],[23.48609,67.73005],[23.47636,67.71625],[23.48298,67.71131],[23.48242,67.70511],[23.47867,67.70053],[23.49205,67.69621],[23.48999,67.69266],[23.49151,67.68787],[23.49911,67.68061],[23.49009,67.66568],[23.51894,67.64366],[23.53787,67.63432],[23.54091,67.6237],[23.55196,67.62281],[23.55812,67.62103],[23.55304,67.61756],[23.53719,67.60341],[23.54376,67.59418],[23.54326,67.58262],[23.50638,67.56333],[23.48488,67.56593],[23.46872,67.56569],[23.45492,67.56198],[23.46333,67.55252],[23.4839,67.54082],[23.47375,67.52996],[23.4348,67.51782],[23.43089,67.5074],[23.40347,67.50055],[23.4057,67.49603],[23.39755,67.49217],[23.39254,67.48507],[23.40319,67.47775],[23.40487,67.47287],[23.41125,67.46655],[23.42254,67.46221],[23.44353,67.45909],[23.45478,67.45486],[23.46407,67.453],[23.4798,67.45166],[23.49369,67.44659],[23.51024,67.44676],[23.52969,67.45934],[23.54049,67.46104],[23.55893,67.45966],[23.57782,67.45467],[23.59594,67.45335],[23.63108,67.44893],[23.65666,67.4462],[23.67387,67.44251],[23.70992,67.44572],[23.75401,67.43569],[23.76458,67.42821],[23.75169,67.42],[23.75177,67.40789],[23.73136,67.39488],[23.72107,67.39253],[23.71705,67.3862],[23.71908,67.38459],[23.73492,67.37954],[23.73168,67.3746],[23.72693,67.37185],[23.73624,67.36563],[23.74084,67.35762],[23.73753,67.35193],[23.74648,67.34829],[23.75843,67.34934],[23.77404,67.33979],[23.77705,67.33575],[23.76386,67.33161],[23.74897,67.32194],[23.72974,67.28834],[23.71718,67.28162],[23.69262,67.28396],[23.62507,67.27198],[23.60745,67.27388],[23.57528,67.26836],[23.56099,67.26085],[23.56923,67.25188],[23.55151,67.24824],[23.56229,67.2373],[23.54626,67.22519],[23.56596,67.22246],[23.59587,67.20782],[23.58794,67.1907],[23.55689,67.17959],[23.55448,67.16747],[23.58333,67.15126],[23.62598,67.11768],[23.65504,67.10344],[23.67215,67.06567],[23.71324,67.04411],[23.73861,67.0178],[23.76852,67.0013],[23.78438,66.99693],[23.80116,66.98909],[23.79994,66.98407],[23.81461,66.97859],[23.82392,66.9701],[23.82794,66.96156],[23.85274,66.95654],[23.86214,66.9515],[23.86467,66.91873],[23.9015,66.9008],[23.90988,66.89375],[23.92097,66.8869],[23.9357,66.88349],[23.94742,66.86814],[23.95299,66.86279],[23.96698,66.85197],[23.9696,66.84399],[23.99535,66.8212],[23.98752,66.80248],[23.97673,66.7983],[23.9778,66.7951],[23.9753,66.7879],[23.95609,66.78528],[23.93249,66.79262],[23.92375,66.79654],[23.91113,66.79541],[23.91574,66.77187],[23.90349,66.77048],[23.88417,66.76577],[23.87957,66.76324],[23.87753,66.75699],[23.88403,66.75015],[23.88863,66.74106],[23.90781,66.72118],[23.89492,66.71102],[23.88676,66.67523],[23.87465,66.67146],[23.865,66.65525],[23.87082,66.64614],[23.86922,66.63351],[23.87103,66.62872],[23.88519,66.61539],[23.87602,66.60011],[23.87809,66.58433],[23.87691,66.57865],[23.86267,66.57001],[23.85806,66.55826],[23.85283,66.55588],[23.78961,66.53737],[23.78327,66.53194],[23.79449,66.52467],[23.79708,66.52112],[23.79399,66.51663],[23.76092,66.50995],[23.75174,66.50494],[23.73144,66.50324],[23.72654,66.49768],[23.71437,66.49298],[23.7198,66.47717],[23.70982,66.47362],[23.69962,66.47545],[23.68812,66.47337],[23.65012,66.45483],[23.64107,66.44221],[23.64142,66.43066],[23.64281,66.42498],[23.66778,66.39794],[23.67854,66.3929],[23.68494,66.38693],[23.68077,66.37608],[23.66156,66.358],[23.65725,66.34827],[23.65785,66.31994],[23.64821,66.30214],[23.66169,66.2907],[23.67288,66.27348],[23.66855,66.26245],[23.67323,66.25786],[23.70133,66.24258],[23.69475,66.23663],[23.69431,66.2284],[23.70442,66.21926],[23.72421,66.21441],[23.73291,66.20675],[23.72605,66.201],[23.72761,66.19538],[23.78207,66.18701],[23.83202,66.17076],[23.85874,66.16986],[23.86609,66.16551],[23.89186,66.16767],[23.91854,66.16127],[23.92987,66.14994],[23.91391,66.13618],[23.94151,66.12015],[23.94582,66.10455],[23.93663,66.09119],[23.93826,66.07682],[23.97484,66.05811],[23.99675,66.03517],[24.04544,66.00186],[24.05302,65.97474],[24.04005,65.96975],[24.0424,65.96304],[24.0536,65.95159],[24.07427,65.94449],[24.088,65.93146],[24.09939,65.92946],[24.1083,65.93163],[24.11763,65.92711],[24.10998,65.91359],[24.11544,65.89881],[24.1328,65.88805],[24.15317,65.86258],[24.13163,65.86314],[24.12522,65.85148],[24.14461,65.84098],[24.15532,65.8155],[24.13376,65.79668],[24.12963,65.78452],[24.14439,65.78017],[24.15037,65.77054],[24.14503,65.76864],[24.15205,65.76177],[24.15151,65.75497],[24.15707,65.75247],[24.17059,65.75515],[24.19135,65.75698],[24.19025,65.76095],[24.19526,65.76182],[24.19583,65.76561],[24.20194,65.768],[24.2105,65.76902],[24.21695,65.77186],[24.2209,65.76641],[24.23658,65.7729],[24.23528,65.78052],[24.2266,65.78181],[24.21964,65.78434],[24.22073,65.78692],[24.2309,65.78862],[24.23383,65.79226],[24.25264,65.79481],[24.2574,65.79696],[24.27174,65.79551],[24.28296,65.79278],[24.2949,65.79651],[24.30194,65.79232],[24.3068,65.79569],[24.31117,65.80435],[24.31724,65.80021],[24.33277,65.79249],[24.34119,65.79192],[24.34804,65.78967],[24.34971,65.78693],[24.35819,65.78434],[24.36938,65.78413],[24.37712,65.78125],[24.38298,65.7819],[24.39441,65.78042],[24.39795,65.77634],[24.43124,65.76923],[24.43045,65.76365],[24.42316,65.75908],[24.4276,65.74977],[24.42173,65.74409],[24.4253,65.74168],[24.43988,65.74605],[24.44672,65.74699],[24.46669,65.74688],[24.47559,65.74827],[24.48677,65.74783],[24.49125,65.74426],[24.51885,65.74245],[24.53487,65.7429],[24.53804,65.7415],[24.55172,65.74239],[24.54924,65.73839],[24.55455,65.73574],[24.55157,65.73356],[24.55579,65.72686],[24.56979,65.72613],[24.57813,65.72846],[24.58176,65.7238],[24.59077,65.72159],[24.59292,65.7177],[24.60446,65.71318],[24.61173,65.71499],[24.61809,65.71375],[24.63813,65.70625],[24.63578,65.70306],[24.64509,65.69394],[24.63689,65.69348],[24.62654,65.69968],[24.61575,65.69985],[24.60783,65.69489],[24.60965,65.69061],[24.62157,65.68419],[24.62949,65.68175],[24.63416,65.68401],[24.64917,65.68027],[24.64467,65.67659],[24.65629,65.672],[24.6607,65.66611],[24.6671,65.66431],[24.67025,65.66049],[24.67767,65.65888],[24.67249,65.65424],[24.65856,65.65248],[24.66541,65.64903],[24.66045,65.64537],[24.65943,65.63897],[24.66664,65.63794],[24.67522,65.6386],[24.68478,65.6339],[24.69003,65.6349],[24.70217,65.63083],[24.7088,65.63471],[24.71989,65.63648],[24.72382,65.64017],[24.7188,65.64274],[24.72547,65.64766],[24.73154,65.64982],[24.73905,65.65535],[24.73813,65.65929],[24.74548,65.66102],[24.74356,65.66334],[24.7541,65.66658],[24.76308,65.66437],[24.76968,65.66526],[24.77076,65.66152],[24.77833,65.66089],[24.7813,65.65704],[24.79089,65.64961],[24.79791,65.64922],[24.80103,65.65694],[24.81209,65.66031],[24.80632,65.66288],[24.80616,65.66592],[24.82052,65.66573],[24.8239,65.66261],[24.83644,65.66046],[24.84163,65.66142],[24.8496,65.66655],[24.85519,65.66352],[24.86318,65.66447],[24.88505,65.66371],[24.88969,65.66061],[24.89836,65.65877],[24.90047,65.64932],[24.89717,65.64523],[24.90619,65.64367],[24.91148,65.63969],[24.92143,65.63612],[24.94841,65.63085],[24.9537,65.63173],[24.96578,65.63069],[24.978,65.63396],[24.98469,65.63157],[24.99224,65.63226],[25.0004,65.62725],[25.03304,65.62198],[25.04261,65.62112],[25.04785,65.62219],[25.05582,65.61359],[25.06059,65.6113],[25.06656,65.60562],[25.07517,65.6048],[25.08465,65.59463],[25.08426,65.59158],[25.06397,65.59253],[25.07109,65.58882],[25.07843,65.59034],[25.08392,65.58748]]],[[[25.01938,65.57792],[25.02097,65.58006],[25.01486,65.58445],[25.00903,65.58171],[25.01938,65.57792]]]]}},{"type":"Feature","properties":{"maakunta":"21","name":"Ahvenanmaa","name_sv":"Åland","bb":[59.81286,19.30433,60.65419,21.12504],"c":[60.24677,19.94423]},"geometry":{"type":"MultiPolygon","coordinates":[[[[20.98174,60.6406],[20.98515,60.64112],[20.98858,60.64561],[20.9883,60.65019],[20.98418,60.65419],[20.9789,60.64906],[20.98044,60.6455],[20.97797,60.64206],[20.98174,60.6406]]],[[[20.21086,60.53485],[20.21122,60.53968],[20.2032,60.53757],[20.21086,60.53485]]],[[[21.1133,60.56044],[21.11362,60.56508],[21.1069,60.56316],[21.1133,60.56044]]],[[[21.09905,60.54458],[21.10008,60.54843],[21.08926,60.54737],[21.09084,60.54541],[21.09905,60.54458]]],[[[21.05327,60.53933],[21.06443,60.54323],[21.05049,60.54567],[21.06251,60.5535],[21.06829,60.55567],[21.06854,60.55827],[21.05442,60.55603],[21.04958,60.55767],[21.04112,60.55767],[21.03339,60.55902],[21.02614,60.55651],[21.02916,60.55176],[21.04437,60.54868],[21.04127,60.5429],[21.05327,60.53933]]],[[[20.99333,60.53188],[20.99336,60.53653],[20.98539,60.53709],[20.99333,60.53188]]],[[[21.01758,60.52186],[21.02624,60.52625],[21.01785,60.52883],[21.02125,60.53229],[21.01962,60.53575],[21.00979,60.53417],[21.00826,60.52952],[21.01013,60.52529],[21.01758,60.52186]]],[[[20.90968,60.51628],[20.90937,60.51994],[20.88635,60.52106],[20.88061,60.5231],[20.89225,60.52652],[20.89216,60.53178],[20.88493,60.53022],[20.87851,60.53074],[20.87276,60.53306],[20.86728,60.53097],[20.87506,60.52159],[20.88158,60.52198],[20.88456,60.51836],[20.89242,60.51727],[20.90968,60.51628]]],[[[20.92543,60.51407],[20.92023,60.51869],[20.91672,60.5161],[20.92543,60.51407]]],[[[19.94556,60.46451],[19.94454,60.47101],[19.93666,60.46854],[19.93611,60.46599],[19.94556,60.46451]]],[[[21.09896,60.51468],[21.10434,60.51859],[21.10034,60.52022],[21.1003,60.52552],[21.09286,60.53062],[21.08779,60.53089],[21.08784,60.53492],[21.06981,60.53667],[21.06548,60.53446],[21.05966,60.5354],[21.04532,60.53001],[21.05138,60.52257],[21.06632,60.51716],[21.08467,60.51547],[21.09126,60.51706],[21.09896,60.51468]]],[[[21.02229,60.5062],[21.02972,60.50786],[21.02984,60.51234],[21.01937,60.51065],[21.02229,60.5062]]],[[[20.12784,60.46082],[20.13475,60.46298],[20.12421,60.46782],[20.1203,60.46612],[20.12306,60.46117],[20.12784,60.46082]]],[[[21.1011,60.50693],[21.1026,60.50928],[21.09962,60.51257],[21.0937,60.51016],[21.1011,60.50693]]],[[[21.07896,60.50519],[21.08191,60.51149],[21.07807,60.51418],[21.06983,60.51276],[21.07002,60.51038],[21.07896,60.50519]]],[[[21.12265,60.50036],[21.12504,60.50438],[21.12024,60.50556],[21.11682,60.50205],[21.12265,60.50036]]],[[[20.86148,60.48807],[20.86547,60.49061],[20.86125,60.4938],[20.85315,60.49206],[20.86148,60.48807]]],[[[20.19321,60.45333],[20.19777,60.45802],[20.19576,60.45999],[20.18762,60.45982],[20.19321,60.45333]]],[[[19.75951,60.43018],[19.76277,60.43112],[19.76354,60.43612],[19.75539,60.43514],[19.75435,60.43155],[19.75951,60.43018]]],[[[21.10698,60.49646],[21.11054,60.49714],[21.10925,60.50239],[21.10204,60.50507],[21.08931,60.50568],[21.08863,60.50347],[21.09678,60.49828],[21.1017,60.49936],[21.10698,60.49646]]],[[[19.73158,60.42621],[19.74143,60.43037],[19.73586,60.43212],[19.73158,60.42621]]],[[[20.85155,60.48011],[20.85972,60.4839],[20.84863,60.48604],[20.84822,60.48899],[20.84077,60.48783],[20.83545,60.48527],[20.8449,60.48121],[20.85155,60.48011]]],[[[20.22683,60.44936],[20.23186,60.45262],[20.22961,60.46009],[20.23078,60.46334],[20.2134,60.461],[20.2152,60.45925],[20.218,60.44965],[20.22683,60.44936]]],[[[19.60163,60.41519],[19.60567,60.42143],[19.59903,60.42218],[19.60163,60.41519]]],[[[20.92012,60.47953],[20.93112,60.49202],[20.92271,60.493],[20.92041,60.49093],[20.92258,60.48346],[20.92012,60.47953]]],[[[20.90165,60.47726],[20.90507,60.47962],[20.90185,60.4824],[20.89534,60.48299],[20.89423,60.4799],[20.90165,60.47726]]],[[[19.59647,60.40879],[19.60214,60.41138],[19.60158,60.41398],[19.59266,60.41299],[19.59023,60.4107],[19.59647,60.40879]]],[[[20.16558,60.43796],[20.16731,60.44275],[20.15582,60.4454],[20.15727,60.43978],[20.16558,60.43796]]],[[[20.07872,60.43228],[20.08159,60.43536],[20.08088,60.44148],[20.07321,60.43947],[20.07344,60.43602],[20.07872,60.43228]]],[[[20.94822,60.47364],[20.95491,60.48004],[20.95464,60.4841],[20.95171,60.48705],[20.94345,60.48981],[20.93432,60.48632],[20.93366,60.48025],[20.94313,60.47894],[20.94197,60.4762],[20.94822,60.47364]]],[[[21.00753,60.47601],[21.01026,60.48014],[20.99733,60.47744],[21.00753,60.47601]]],[[[20.75924,60.46436],[20.76667,60.4671],[20.76283,60.4708],[20.75427,60.46887],[20.75924,60.46436]]],[[[20.25916,60.43963],[20.26521,60.44094],[20.27038,60.44517],[20.26679,60.44603],[20.25611,60.44077],[20.25916,60.43963]]],[[[20.24168,60.43861],[20.24473,60.44026],[20.2484,60.44702],[20.24459,60.4473],[20.23671,60.44318],[20.23596,60.43975],[20.24168,60.43861]]],[[[20.20015,60.43524],[20.20903,60.43686],[20.20276,60.44009],[20.20015,60.43524]]],[[[20.05895,60.42771],[20.07013,60.4287],[20.07113,60.43263],[20.06818,60.43767],[20.05911,60.43774],[20.05762,60.44145],[20.04164,60.43803],[20.0356,60.43111],[20.04128,60.42785],[20.05647,60.43075],[20.05895,60.42771]]],[[[20.26804,60.43462],[20.27617,60.43728],[20.26965,60.44053],[20.25942,60.43692],[20.26804,60.43462]]],[[[20.91339,60.46571],[20.91545,60.46962],[20.91396,60.47226],[20.89626,60.47144],[20.90038,60.46695],[20.91339,60.46571]]],[[[20.03421,60.42174],[20.04227,60.42637],[20.03257,60.43046],[20.03516,60.43326],[20.03477,60.43783],[20.0299,60.44104],[20.01915,60.44016],[20.01428,60.44217],[20.00758,60.43962],[20.00325,60.43571],[20.00735,60.43377],[20.01328,60.4345],[20.02011,60.43754],[20.03021,60.43523],[20.02302,60.43179],[20.02375,60.42828],[20.03175,60.42501],[20.03421,60.42174]]],[[[20.22433,60.43091],[20.23297,60.4321],[20.23025,60.43574],[20.22116,60.43377],[20.22433,60.43091]]],[[[20.78659,60.45562],[20.79327,60.45634],[20.79322,60.46164],[20.78778,60.46699],[20.77123,60.46218],[20.77289,60.45836],[20.78659,60.45562]]],[[[20.09505,60.42054],[20.09916,60.42503],[20.08955,60.42954],[20.0752,60.43052],[20.07995,60.42614],[20.09007,60.42546],[20.09505,60.42054]]],[[[20.8191,60.45598],[20.82464,60.4573],[20.82428,60.46597],[20.81837,60.46539],[20.82294,60.46136],[20.8184,60.46002],[20.8191,60.45598]]],[[[19.72792,60.39944],[19.72515,60.40653],[19.72185,60.40807],[19.71964,60.41324],[19.71654,60.41373],[19.71744,60.41891],[19.73179,60.43137],[19.72852,60.43532],[19.72361,60.42976],[19.71865,60.42999],[19.7125,60.42265],[19.71206,60.41806],[19.71789,60.40805],[19.72097,60.40765],[19.72246,60.40062],[19.72792,60.39944]]],[[[20.38087,60.4303],[20.38985,60.43474],[20.38233,60.43986],[20.37371,60.43339],[20.38087,60.4303]]],[[[20.96804,60.45761],[20.96718,60.46548],[20.96158,60.46227],[20.96804,60.45761]]],[[[20.90965,60.45373],[20.91835,60.45513],[20.91935,60.46135],[20.90931,60.46293],[20.90313,60.46192],[20.90628,60.45508],[20.90965,60.45373]]],[[[19.74318,60.39307],[19.7479,60.39406],[19.75081,60.40259],[19.74663,60.40202],[19.7433,60.39834],[19.73813,60.39628],[19.74318,60.39307]]],[[[19.69955,60.38994],[19.70068,60.39539],[19.69611,60.40043],[19.69114,60.39614],[19.69955,60.38994]]],[[[20.09493,60.4107],[20.10079,60.4147],[20.09279,60.41563],[20.09493,60.4107]]],[[[21.05178,60.45566],[21.05882,60.45705],[21.05706,60.46113],[21.04869,60.45902],[21.05178,60.45566]]],[[[20.2616,60.41509],[20.26465,60.41821],[20.25983,60.42036],[20.26876,60.42494],[20.26876,60.42825],[20.25657,60.42671],[20.25309,60.42423],[20.25319,60.41769],[20.2616,60.41509]]],[[[20.97286,60.44584],[20.97444,60.45115],[20.97032,60.45439],[20.96459,60.45345],[20.96441,60.44833],[20.97286,60.44584]]],[[[20.99868,60.44638],[21.00572,60.44917],[21.00371,60.45325],[20.99781,60.45387],[20.99044,60.44776],[20.99868,60.44638]]],[[[21.04619,60.44797],[21.05241,60.45059],[21.0461,60.45591],[21.03893,60.45149],[21.04619,60.44797]]],[[[19.78012,60.38243],[19.79092,60.39275],[19.79162,60.39837],[19.79897,60.41293],[19.80468,60.41483],[19.80598,60.42049],[19.80103,60.41973],[19.79777,60.41492],[19.79139,60.41405],[19.78468,60.4071],[19.78207,60.41136],[19.77793,60.41154],[19.77454,60.40472],[19.77138,60.40297],[19.76324,60.40696],[19.76784,60.41334],[19.77299,60.42744],[19.77033,60.42931],[19.75716,60.42914],[19.75299,60.42786],[19.75065,60.41549],[19.75573,60.40973],[19.76051,60.4081],[19.76043,60.40249],[19.76414,60.39601],[19.76855,60.39406],[19.77548,60.39392],[19.77724,60.39024],[19.77233,60.38746],[19.77494,60.3843],[19.78012,60.38243]]],[[[21.02695,60.44419],[21.02885,60.4477],[21.03808,60.44975],[21.03316,60.45294],[21.0245,60.44981],[21.02317,60.44719],[21.02695,60.44419]]],[[[20.28892,60.40739],[20.29605,60.41005],[20.29844,60.41403],[20.29459,60.41531],[20.29385,60.41897],[20.28545,60.41926],[20.28486,60.41399],[20.27858,60.41131],[20.27983,60.40944],[20.28892,60.40739]]],[[[20.31101,60.40836],[20.31658,60.41046],[20.31853,60.41646],[20.31578,60.4198],[20.30654,60.41355],[20.30939,60.41179],[20.31101,60.40836]]],[[[20.01864,60.39278],[20.02288,60.3946],[20.01862,60.398],[20.01312,60.39639],[20.01864,60.39278]]],[[[20.9379,60.43795],[20.94248,60.44046],[20.947,60.43999],[20.9498,60.44462],[20.95386,60.44578],[20.95168,60.45026],[20.95314,60.4602],[20.94255,60.46451],[20.9468,60.46916],[20.93643,60.46866],[20.9285,60.47237],[20.92493,60.47787],[20.9199,60.47664],[20.91674,60.4729],[20.92833,60.46997],[20.93068,60.4622],[20.92359,60.45813],[20.92729,60.45539],[20.9255,60.45176],[20.93076,60.44879],[20.92548,60.44251],[20.9379,60.43795]]],[[[19.67522,60.37156],[19.68084,60.37826],[19.67203,60.378],[19.67,60.37409],[19.67522,60.37156]]],[[[21.07137,60.44128],[21.08102,60.44422],[21.07884,60.4465],[21.06881,60.4478],[21.06618,60.45039],[21.0807,60.45064],[21.08506,60.44838],[21.09178,60.45277],[21.09251,60.45664],[21.10005,60.45995],[21.09855,60.46367],[21.09392,60.4656],[21.10452,60.46844],[21.10142,60.47053],[21.10675,60.47285],[21.10162,60.48201],[21.09597,60.48197],[21.09312,60.4777],[21.08464,60.4842],[21.0925,60.48593],[21.0884,60.48986],[21.07785,60.49623],[21.0685,60.49646],[21.06163,60.50219],[21.0491,60.50609],[21.03996,60.50567],[21.03475,60.50312],[21.03722,60.49359],[21.04948,60.49316],[21.05429,60.48824],[21.0606,60.48603],[21.0681,60.48698],[21.07579,60.48245],[21.07237,60.48057],[21.0717,60.47434],[21.06377,60.47537],[21.05334,60.4646],[21.06131,60.46132],[21.06702,60.46127],[21.06861,60.45658],[21.06125,60.45471],[21.06648,60.44861],[21.06523,60.44656],[21.07137,60.44128]]],[[[20.27806,60.4027],[20.27888,60.40615],[20.27064,60.40797],[20.26919,60.40444],[20.27806,60.4027]]],[[[20.29993,60.40271],[20.31056,60.40418],[20.3081,60.4122],[20.30402,60.41168],[20.30059,60.40748],[20.29507,60.40693],[20.29993,60.40271]]],[[[19.72092,60.37158],[19.73823,60.37842],[19.73422,60.38294],[19.73885,60.38677],[19.73712,60.3912],[19.71987,60.39546],[19.71274,60.3956],[19.70971,60.39269],[19.71279,60.38909],[19.70849,60.3882],[19.7026,60.3826],[19.70624,60.37696],[19.71464,60.37631],[19.71651,60.37181],[19.72092,60.37158]]],[[[20.93508,60.43252],[20.93695,60.4368],[20.92261,60.44031],[20.92217,60.43634],[20.93508,60.43252]]],[[[20.36627,60.40363],[20.36426,60.40901],[20.35842,60.40703],[20.36627,60.40363]]],[[[20.31651,60.3974],[20.31897,60.40148],[20.3105,60.39994],[20.31651,60.3974]]],[[[19.4509,60.3503],[19.45539,60.35103],[19.45497,60.35523],[19.44667,60.35432],[19.4509,60.3503]]],[[[19.99277,60.37898],[19.9962,60.38722],[19.995,60.38948],[19.98422,60.39216],[19.98658,60.39758],[19.99118,60.40192],[19.98749,60.40338],[19.9797,60.39957],[19.97827,60.39675],[19.97185,60.39506],[19.97332,60.39068],[19.98101,60.38533],[19.98719,60.3791],[19.99277,60.37898]]],[[[20.88241,60.42275],[20.88473,60.42623],[20.8831,60.43099],[20.87979,60.43408],[20.8744,60.43052],[20.87603,60.42444],[20.88241,60.42275]]],[[[20.48645,60.40321],[20.48988,60.40968],[20.48008,60.40913],[20.48645,60.40321]]],[[[20.05393,60.38052],[20.05663,60.38269],[20.0533,60.38574],[20.04508,60.38496],[20.04367,60.3906],[20.03734,60.39254],[20.02895,60.39257],[20.02328,60.38959],[20.02341,60.38389],[20.03228,60.38164],[20.03519,60.38609],[20.04326,60.38434],[20.05393,60.38052]]],[[[20.34251,60.39504],[20.34964,60.39765],[20.35043,60.40276],[20.35326,60.40545],[20.34789,60.40725],[20.34185,60.40569],[20.34175,60.40196],[20.33538,60.39874],[20.33584,60.39661],[20.34251,60.39504]]],[[[20.28787,60.39205],[20.29166,60.39259],[20.29082,60.39677],[20.27619,60.40254],[20.27081,60.40294],[20.26776,60.39837],[20.27831,60.3955],[20.28533,60.39593],[20.28787,60.39205]]],[[[21.03232,60.42762],[21.03743,60.43016],[21.05119,60.43309],[21.05111,60.43539],[21.05856,60.43786],[21.05724,60.44119],[21.04405,60.4369],[21.02778,60.43945],[21.02352,60.43601],[21.01405,60.43698],[21.01349,60.43169],[21.02013,60.43084],[21.03232,60.42762]]],[[[20.90666,60.42155],[20.91148,60.42496],[20.91031,60.4278],[20.90243,60.42668],[20.90666,60.42155]]],[[[20.09402,60.38171],[20.10015,60.38558],[20.11007,60.38836],[20.11602,60.39302],[20.12018,60.39918],[20.11617,60.40164],[20.11544,60.40613],[20.10834,60.40444],[20.10014,60.40424],[20.09568,60.39903],[20.08859,60.3957],[20.07348,60.39278],[20.08258,60.38584],[20.09016,60.38563],[20.09402,60.38171]]],[[[19.96713,60.37442],[19.97859,60.37612],[19.97966,60.38224],[19.97509,60.38579],[19.96288,60.38609],[19.95321,60.38039],[19.96713,60.37442]]],[[[20.75776,60.41389],[20.76157,60.41562],[20.76224,60.41945],[20.75484,60.42016],[20.75429,60.41688],[20.75776,60.41389]]],[[[19.70487,60.35835],[19.70841,60.35875],[19.71232,60.36365],[19.70723,60.36835],[19.70741,60.37147],[19.6996,60.37648],[19.69986,60.37948],[19.6939,60.38219],[19.68917,60.38126],[19.69142,60.37761],[19.68662,60.36916],[19.68743,60.36709],[19.69869,60.3601],[19.70487,60.35835]]],[[[19.72201,60.35905],[19.7272,60.36595],[19.72075,60.36635],[19.71963,60.36254],[19.72201,60.35905]]],[[[19.5286,60.34775],[19.53299,60.34982],[19.52761,60.353],[19.52079,60.35366],[19.51987,60.3491],[19.5286,60.34775]]],[[[19.54683,60.34852],[19.55414,60.35221],[19.54357,60.35397],[19.54225,60.35137],[19.54683,60.34852]]],[[[20.07926,60.37407],[20.08202,60.38025],[20.07513,60.38067],[20.07477,60.37719],[20.07926,60.37407]]],[[[20.11595,60.37547],[20.12211,60.37584],[20.1293,60.37936],[20.13217,60.38518],[20.13218,60.39114],[20.1218,60.39143],[20.11632,60.38743],[20.10725,60.38378],[20.10628,60.37888],[20.11595,60.37547]]],[[[19.73966,60.35338],[19.73728,60.35818],[19.74585,60.36308],[19.75723,60.36206],[19.75793,60.36702],[19.7662,60.37072],[19.76695,60.37418],[19.75159,60.37461],[19.73518,60.36922],[19.72901,60.36331],[19.73206,60.35453],[19.73966,60.35338]]],[[[20.62063,60.39736],[20.62908,60.4025],[20.61903,60.40963],[20.6194,60.41293],[20.61676,60.41898],[20.60237,60.41794],[20.60907,60.41096],[20.60474,60.40654],[20.59786,60.40606],[20.59948,60.40286],[20.6091,60.40143],[20.61083,60.39861],[20.62063,60.39736]]],[[[20.12896,60.37188],[20.13819,60.37427],[20.13368,60.37843],[20.12712,60.3757],[20.12896,60.37188]]],[[[19.56489,60.34055],[19.57227,60.34401],[19.57001,60.34711],[19.56233,60.34475],[19.55535,60.34588],[19.55602,60.34219],[19.56489,60.34055]]],[[[20.92707,60.40818],[20.93013,60.4118],[20.9207,60.41127],[20.92707,60.40818]]],[[[19.77118,60.34821],[19.77694,60.35149],[19.78064,60.35829],[19.76733,60.35756],[19.7672,60.36232],[19.75951,60.36373],[19.75503,60.36041],[19.74473,60.36038],[19.74273,60.35716],[19.75122,60.35287],[19.76045,60.35297],[19.76175,60.35068],[19.77118,60.34821]]],[[[20.61486,60.39141],[20.61844,60.39435],[20.60845,60.39715],[20.60153,60.40049],[20.59704,60.39676],[20.60223,60.39377],[20.61048,60.39325],[20.61486,60.39141]]],[[[20.85012,60.40235],[20.85558,60.4052],[20.84931,60.40859],[20.85111,60.41783],[20.84786,60.41817],[20.83803,60.41468],[20.8426,60.40623],[20.85012,60.40235]]],[[[20.98961,60.40839],[20.99164,60.41455],[21.00047,60.41671],[21.00019,60.41968],[20.99496,60.42196],[20.9948,60.42509],[21.00172,60.42468],[21.0109,60.42806],[21.008,60.43027],[20.99969,60.42779],[20.99437,60.43161],[20.98756,60.42661],[20.97829,60.42833],[20.96846,60.42447],[20.96309,60.42694],[20.9656,60.43044],[20.96163,60.43588],[20.95303,60.43725],[20.95066,60.43444],[20.94203,60.4311],[20.94535,60.42558],[20.95428,60.42731],[20.96074,60.42219],[20.96821,60.42432],[20.97342,60.41596],[20.98565,60.40833],[20.98961,60.40839]]],[[[20.34351,60.37666],[20.34612,60.3784],[20.34154,60.38279],[20.33582,60.38265],[20.33834,60.37755],[20.34351,60.37666]]],[[[20.69399,60.39025],[20.70404,60.39238],[20.6979,60.39662],[20.6906,60.3964],[20.68505,60.3932],[20.69399,60.39025]]],[[[19.70123,60.33904],[19.70618,60.34414],[19.69947,60.3449],[19.70123,60.33904]]],[[[19.59097,60.33041],[19.59444,60.33164],[19.5931,60.33911],[19.60145,60.34961],[19.60221,60.35473],[19.61075,60.36081],[19.62077,60.36492],[19.61928,60.37043],[19.61079,60.36792],[19.59617,60.36232],[19.58931,60.36135],[19.57884,60.35594],[19.57721,60.35087],[19.57428,60.34911],[19.57259,60.34052],[19.58706,60.33691],[19.58514,60.33445],[19.59097,60.33041]]],[[[20.27634,60.36547],[20.28135,60.3669],[20.28313,60.37188],[20.27553,60.37276],[20.27,60.37102],[20.26982,60.36726],[20.27634,60.36547]]],[[[21.0893,60.40414],[21.09504,60.40665],[21.09053,60.41014],[21.08036,60.40893],[21.0893,60.40414]]],[[[19.73099,60.33658],[19.73603,60.34373],[19.73174,60.34478],[19.72727,60.33961],[19.73099,60.33658]]],[[[20.35527,60.36936],[20.35839,60.37],[20.3583,60.37753],[20.3474,60.3746],[20.34511,60.37124],[20.35527,60.36936]]],[[[20.26062,60.3638],[20.26375,60.36906],[20.25718,60.36995],[20.25629,60.36674],[20.26062,60.3638]]],[[[20.53024,60.37653],[20.53438,60.38118],[20.52654,60.38196],[20.52474,60.37789],[20.53024,60.37653]]],[[[20.14169,60.35669],[20.14809,60.36154],[20.13777,60.36266],[20.13492,60.35938],[20.14169,60.35669]]],[[[19.7694,60.33679],[19.77449,60.33809],[19.77651,60.34508],[19.76747,60.34629],[19.7694,60.33679]]],[[[20.18458,60.35754],[20.18079,60.36292],[20.1704,60.36144],[20.18458,60.35754]]],[[[20.99112,60.39651],[20.9956,60.39984],[20.99093,60.40198],[20.98455,60.39955],[20.99112,60.39651]]],[[[20.77796,60.38594],[20.7839,60.39021],[20.77723,60.3926],[20.78002,60.3957],[20.77232,60.39851],[20.77222,60.40322],[20.77902,60.40542],[20.7722,60.41048],[20.76047,60.41029],[20.75731,60.40564],[20.76077,60.39895],[20.7601,60.39676],[20.76425,60.39246],[20.77796,60.38594]]],[[[20.8988,60.3907],[20.90486,60.39198],[20.90075,60.3958],[20.89628,60.39533],[20.8988,60.3907]]],[[[21.00752,60.395],[21.01281,60.39746],[21.02301,60.39793],[21.02242,60.4044],[21.01866,60.40788],[21.01441,60.40741],[21.00352,60.3967],[21.00752,60.395]]],[[[19.69125,60.32802],[19.69391,60.33675],[19.69805,60.33721],[19.69543,60.34703],[19.68214,60.34999],[19.68191,60.34493],[19.67567,60.34143],[19.67593,60.33796],[19.68596,60.33008],[19.69125,60.32802]]],[[[21.0511,60.39558],[21.05398,60.39945],[21.06716,60.39811],[21.06412,60.40353],[21.07106,60.41384],[21.06786,60.4171],[21.05485,60.41911],[21.04903,60.42447],[21.05425,60.42744],[21.05115,60.4292],[21.04045,60.42347],[21.03224,60.41737],[21.03821,60.41087],[21.03311,60.40816],[21.03346,60.40429],[21.0397,60.40375],[21.04244,60.40658],[21.04837,60.40295],[21.04307,60.39745],[21.0511,60.39558]]],[[[19.57198,60.31981],[19.57446,60.32037],[19.57315,60.32756],[19.56788,60.32558],[19.56502,60.32136],[19.57198,60.31981]]],[[[20.25276,60.356],[20.25763,60.36189],[20.25204,60.36317],[20.2457,60.35992],[20.25276,60.356]]],[[[20.98288,60.3896],[20.98854,60.39132],[20.98827,60.39495],[20.9793,60.39677],[20.97921,60.40056],[20.97296,60.40277],[20.96734,60.40173],[20.973,60.39751],[20.97214,60.39431],[20.97666,60.39049],[20.98288,60.3896]]],[[[19.81441,60.33052],[19.8238,60.33211],[19.8276,60.33913],[19.82044,60.34109],[19.8121,60.33727],[19.81441,60.33052]]],[[[20.79553,60.37891],[20.8007,60.38074],[20.79799,60.38395],[20.78964,60.38477],[20.79553,60.37891]]],[[[19.80578,60.32803],[19.81005,60.33184],[19.8097,60.33888],[19.81447,60.34059],[19.8158,60.34567],[19.80472,60.34639],[19.79927,60.34898],[19.80905,60.35323],[19.80984,60.35814],[19.80502,60.35824],[19.80048,60.36219],[19.79609,60.36216],[19.79425,60.36169],[19.79149,60.36178],[19.7958,60.35843],[19.78939,60.35288],[19.7912,60.34513],[19.78561,60.34411],[19.7806,60.33936],[19.79149,60.33178],[19.80578,60.32803]]],[[[21.04283,60.38667],[21.05251,60.39081],[21.04964,60.39472],[21.04147,60.39398],[21.04283,60.38667]]],[[[20.26676,60.3493],[20.2744,60.34991],[20.27669,60.35947],[20.26794,60.36276],[20.26978,60.35729],[20.26084,60.35542],[20.26071,60.35274],[20.26676,60.3493]]],[[[20.95542,60.38068],[20.94594,60.38872],[20.94304,60.38778],[20.95542,60.38068]]],[[[19.70014,60.31608],[19.70488,60.32028],[19.7163,60.31814],[19.72368,60.31947],[19.72366,60.3226],[19.71952,60.33143],[19.71657,60.33168],[19.70644,60.32531],[19.69966,60.32529],[19.69438,60.32191],[19.69649,60.31664],[19.70014,60.31608]]],[[[20.54133,60.35866],[20.54914,60.36116],[20.54269,60.36301],[20.54133,60.35866]]],[[[21.08963,60.38143],[21.09102,60.38551],[21.08886,60.39242],[21.08398,60.38899],[21.08445,60.3836],[21.08963,60.38143]]],[[[20.70132,60.36344],[20.7042,60.36417],[20.7032,60.37306],[20.69588,60.37013],[20.69582,60.36613],[20.70132,60.36344]]],[[[21.05147,60.37955],[21.0544,60.38186],[21.06016,60.38192],[21.06102,60.38737],[21.05279,60.386],[21.04819,60.38178],[21.05147,60.37955]]],[[[21.06505,60.37822],[21.08068,60.38223],[21.07632,60.38751],[21.06739,60.3915],[21.06194,60.38551],[21.06099,60.38135],[21.06505,60.37822]]],[[[21.03287,60.3761],[21.03067,60.38223],[21.03309,60.38464],[21.03965,60.38433],[21.03511,60.39227],[21.02616,60.39653],[21.01255,60.3928],[21.00827,60.38448],[21.01459,60.38303],[21.01852,60.3863],[21.02461,60.38348],[21.02245,60.37928],[21.02539,60.37693],[21.03287,60.3761]]],[[[19.63609,60.30391],[19.64888,60.30625],[19.63989,60.31146],[19.6354,60.30728],[19.63609,60.30391]]],[[[20.64344,60.35519],[20.64835,60.35801],[20.64527,60.36117],[20.63997,60.35651],[20.64344,60.35519]]],[[[19.62581,60.30156],[19.63034,60.30262],[19.6307,60.30566],[19.62624,60.30766],[19.63123,60.31365],[19.61917,60.31641],[19.62118,60.31095],[19.62435,60.30955],[19.62132,60.30561],[19.62581,60.30156]]],[[[21.02028,60.37162],[21.02839,60.3724],[21.02537,60.37607],[21.01752,60.37466],[21.02028,60.37162]]],[[[20.91849,60.36629],[20.9247,60.36947],[20.92597,60.37502],[20.92148,60.37579],[20.91543,60.37951],[20.91084,60.37804],[20.91008,60.37287],[20.91171,60.36879],[20.91849,60.36629]]],[[[21.00072,60.36801],[21.00207,60.37275],[20.99176,60.37848],[20.98755,60.37734],[20.9841,60.37348],[21.00072,60.36801]]],[[[20.93472,60.36251],[20.937,60.36698],[20.93182,60.36853],[20.92917,60.36411],[20.93472,60.36251]]],[[[20.31695,60.33226],[20.33026,60.3419],[20.32858,60.34583],[20.33366,60.3499],[20.33057,60.35379],[20.33506,60.36318],[20.32494,60.366],[20.31537,60.35746],[20.30609,60.35517],[20.29304,60.3492],[20.29254,60.33762],[20.29823,60.33338],[20.30522,60.33316],[20.31102,60.33594],[20.31695,60.33226]]],[[[19.68537,60.29737],[19.69091,60.30086],[19.68864,60.30441],[19.68244,60.30219],[19.67475,60.30147],[19.68537,60.29737]]],[[[21.0391,60.36524],[21.04098,60.37175],[21.04607,60.37448],[21.0422,60.37776],[21.03337,60.37338],[21.03253,60.36897],[21.0391,60.36524]]],[[[20.98634,60.36211],[20.98808,60.36634],[20.98349,60.37032],[20.97457,60.37391],[20.97009,60.37162],[20.98317,60.36216],[20.98634,60.36211]]],[[[19.69846,60.29658],[19.70361,60.29724],[19.70719,60.30267],[19.70545,60.30416],[19.69631,60.30346],[19.69405,60.29986],[19.69846,60.29658]]],[[[19.52078,60.28615],[19.52578,60.29208],[19.51888,60.29178],[19.52078,60.28615]]],[[[20.39119,60.3324],[20.39594,60.33536],[20.40065,60.33289],[20.40707,60.33375],[20.41189,60.3379],[20.41261,60.3408],[20.42337,60.34207],[20.41074,60.34779],[20.40458,60.34497],[20.39716,60.34924],[20.39057,60.3465],[20.38769,60.34086],[20.39307,60.34002],[20.38775,60.33433],[20.39119,60.3324]]],[[[20.90548,60.35691],[20.91265,60.36023],[20.90923,60.36755],[20.90447,60.36974],[20.90548,60.35691]]],[[[20.36116,60.33048],[20.36576,60.33193],[20.36912,60.33903],[20.37436,60.33931],[20.37689,60.335],[20.38168,60.33675],[20.3865,60.34147],[20.3853,60.34493],[20.38686,60.35098],[20.38397,60.35297],[20.37553,60.34924],[20.37491,60.35286],[20.36934,60.35595],[20.36361,60.35715],[20.34004,60.35971],[20.33809,60.35444],[20.34162,60.34905],[20.33176,60.34762],[20.33783,60.34326],[20.35392,60.34058],[20.36305,60.33805],[20.36398,60.33433],[20.36116,60.33048]]],[[[20.9946,60.35808],[20.9966,60.36491],[20.98884,60.36376],[20.9946,60.35808]]],[[[20.63941,60.33968],[20.64669,60.34017],[20.64846,60.34228],[20.63911,60.34389],[20.63443,60.34145],[20.63941,60.33968]]],[[[21.09053,60.36043],[21.09238,60.36354],[21.09103,60.36762],[21.08627,60.37137],[21.08923,60.37695],[21.08596,60.37951],[21.0765,60.38016],[21.07933,60.37626],[21.074,60.37413],[21.07712,60.36641],[21.09053,60.36043]]],[[[20.43216,60.32785],[20.43225,60.33304],[20.43717,60.33872],[20.43186,60.34074],[20.42531,60.33461],[20.42414,60.32975],[20.43216,60.32785]]],[[[19.48737,60.27668],[19.48801,60.28331],[19.48147,60.28448],[19.48378,60.27885],[19.48737,60.27668]]],[[[19.47443,60.27495],[19.4793,60.27827],[19.47868,60.28362],[19.47146,60.28658],[19.46528,60.28668],[19.46487,60.28173],[19.46686,60.27704],[19.47443,60.27495]]],[[[20.87398,60.34652],[20.87725,60.34836],[20.87673,60.35377],[20.87352,60.36028],[20.87839,60.36173],[20.87101,60.3735],[20.85991,60.37478],[20.858,60.36951],[20.86211,60.36703],[20.86161,60.36297],[20.86616,60.3576],[20.86464,60.35555],[20.87398,60.34652]]],[[[20.53173,60.32576],[20.53405,60.33287],[20.5291,60.3347],[20.52785,60.32823],[20.53173,60.32576]]],[[[19.63623,60.27833],[19.63892,60.2785],[19.64111,60.28541],[19.63965,60.28728],[19.62985,60.28683],[19.63623,60.27833]]],[[[20.41839,60.31795],[20.42692,60.32128],[20.42744,60.32433],[20.42217,60.32594],[20.41828,60.3233],[20.41839,60.31795]]],[[[20.94465,60.34223],[20.94497,60.34472],[20.93827,60.34694],[20.94112,60.35391],[20.93897,60.35582],[20.92465,60.35855],[20.92204,60.35617],[20.9254,60.35097],[20.93201,60.34927],[20.94052,60.34324],[20.94465,60.34223]]],[[[21.02365,60.34575],[21.03046,60.3494],[21.02898,60.35451],[21.02188,60.35714],[21.01887,60.35421],[21.01949,60.34778],[21.02365,60.34575]]],[[[20.58795,60.32434],[20.59032,60.32766],[20.58387,60.329],[20.58209,60.32613],[20.58795,60.32434]]],[[[20.40692,60.31534],[20.41123,60.31655],[20.40926,60.32081],[20.40046,60.317],[20.40692,60.31534]]],[[[19.53383,60.26718],[19.53628,60.27125],[19.53055,60.27493],[19.52813,60.27105],[19.53383,60.26718]]],[[[19.8459,60.28374],[19.84477,60.28849],[19.83899,60.28584],[19.8459,60.28374]]],[[[20.95947,60.33842],[20.95512,60.34508],[20.94824,60.34382],[20.95577,60.33895],[20.95947,60.33842]]],[[[19.44345,60.25887],[19.4441,60.26386],[19.4358,60.26443],[19.4402,60.25892],[19.44345,60.25887]]],[[[20.2895,60.30273],[20.29563,60.30653],[20.29093,60.3079],[20.2895,60.30273]]],[[[20.79833,60.32677],[20.80516,60.33043],[20.79688,60.3333],[20.79163,60.32943],[20.79833,60.32677]]],[[[21.05083,60.33549],[21.0547,60.33714],[21.04884,60.34054],[21.04539,60.3391],[21.05083,60.33549]]],[[[20.3503,60.30175],[20.35013,60.30578],[20.34284,60.30651],[20.3444,60.30212],[20.3503,60.30175]]],[[[20.18481,60.29117],[20.19524,60.29857],[20.18783,60.29922],[20.18385,60.29529],[20.18481,60.29117]]],[[[19.82438,60.27162],[19.82728,60.27185],[19.8368,60.28421],[19.83331,60.28673],[19.8364,60.29127],[19.84504,60.29908],[19.84918,60.30867],[19.84739,60.31147],[19.84036,60.30843],[19.83341,60.30963],[19.83164,60.3122],[19.83597,60.31442],[19.82745,60.31879],[19.81841,60.31112],[19.8122,60.3081],[19.81064,60.30365],[19.80344,60.2982],[19.80699,60.29319],[19.81173,60.29087],[19.8127,60.28344],[19.81626,60.2813],[19.82438,60.27162]]],[[[20.94254,60.32606],[20.95514,60.33024],[20.94579,60.3311],[20.94254,60.32606]]],[[[21.08393,60.33204],[21.08667,60.33635],[21.09445,60.33626],[21.0989,60.33901],[21.08713,60.34386],[21.08075,60.34441],[21.07724,60.34883],[21.08493,60.35184],[21.08192,60.3546],[21.07421,60.35679],[21.07616,60.35976],[21.07304,60.36285],[21.06205,60.36681],[21.0547,60.36575],[21.05254,60.35917],[21.05909,60.35071],[21.04997,60.35311],[21.05167,60.34823],[21.0574,60.34799],[21.06802,60.33997],[21.07649,60.33827],[21.07955,60.33378],[21.08393,60.33204]]],[[[20.86176,60.32171],[20.86874,60.32372],[20.86596,60.32713],[20.85955,60.32705],[20.86176,60.32171]]],[[[20.41862,60.29875],[20.42462,60.3027],[20.44292,60.30535],[20.447,60.30318],[20.45443,60.30578],[20.44414,60.31178],[20.44991,60.31775],[20.44729,60.31984],[20.43712,60.31262],[20.43095,60.31255],[20.42046,60.30823],[20.42116,60.30523],[20.41539,60.30145],[20.41862,60.29875]]],[[[20.78652,60.3165],[20.7864,60.32061],[20.77804,60.32338],[20.77432,60.32044],[20.78652,60.3165]]],[[[20.74527,60.31416],[20.75677,60.32318],[20.77198,60.3272],[20.78213,60.32849],[20.78414,60.33142],[20.77953,60.33272],[20.78746,60.33784],[20.78925,60.34113],[20.78689,60.3454],[20.79392,60.35009],[20.79501,60.35367],[20.78718,60.36137],[20.78484,60.36598],[20.76912,60.3648],[20.75668,60.37029],[20.75746,60.36326],[20.76038,60.36192],[20.75611,60.35838],[20.74613,60.35391],[20.74105,60.34731],[20.73922,60.34286],[20.74112,60.33937],[20.73215,60.33538],[20.73529,60.32429],[20.73318,60.31828],[20.73658,60.31415],[20.74527,60.31416]]],[[[19.84115,60.26654],[19.84414,60.27441],[19.84934,60.27932],[19.85481,60.27994],[19.85653,60.28722],[19.85192,60.28761],[19.8429,60.279],[19.8443,60.27776],[19.83328,60.27349],[19.83867,60.26683],[19.84115,60.26654]]],[[[19.39595,60.24101],[19.39431,60.24624],[19.39638,60.25168],[19.38813,60.24953],[19.38602,60.24367],[19.39595,60.24101]]],[[[20.79533,60.31306],[20.80227,60.31556],[20.79462,60.32045],[20.78872,60.31979],[20.79074,60.31559],[20.79533,60.31306]]],[[[20.30334,60.2889],[20.30877,60.29029],[20.30938,60.29813],[20.30248,60.30021],[20.30334,60.2889]]],[[[20.33837,60.28841],[20.34199,60.29184],[20.33524,60.29309],[20.32732,60.29293],[20.32197,60.29008],[20.33005,60.28813],[20.33837,60.28841]]],[[[21.02488,60.31945],[21.03195,60.31985],[21.03641,60.32192],[21.03567,60.32539],[21.02673,60.32606],[21.02,60.32273],[21.02488,60.31945]]],[[[20.82207,60.30665],[20.8226,60.31007],[20.81877,60.31448],[20.81211,60.31082],[20.81702,60.30761],[20.82207,60.30665]]],[[[19.47735,60.23634],[19.47802,60.2393],[19.49004,60.23854],[19.49003,60.24651],[19.48839,60.25113],[19.49302,60.25823],[19.49038,60.26528],[19.49245,60.2691],[19.48352,60.26997],[19.48033,60.26597],[19.48404,60.26016],[19.47887,60.25634],[19.47754,60.2513],[19.474,60.24881],[19.47544,60.24449],[19.47208,60.24109],[19.47299,60.23655],[19.47735,60.23634]]],[[[19.53825,60.23573],[19.53459,60.24324],[19.53402,60.24796],[19.52727,60.24828],[19.52211,60.25406],[19.51844,60.25392],[19.51857,60.26005],[19.52854,60.25981],[19.53009,60.26387],[19.52121,60.26227],[19.51063,60.26399],[19.49933,60.25296],[19.49128,60.25218],[19.49187,60.24356],[19.49769,60.24006],[19.49561,60.23564],[19.50845,60.23804],[19.50382,60.24042],[19.51423,60.25172],[19.5189,60.25059],[19.51398,60.24707],[19.51793,60.24281],[19.51377,60.24082],[19.51878,60.23744],[19.52392,60.2367],[19.53044,60.23844],[19.53825,60.23573]]],[[[20.30667,60.27646],[20.31671,60.27845],[20.31256,60.28058],[20.30633,60.27961],[20.30667,60.27646]]],[[[20.4941,60.28039],[20.49827,60.28401],[20.49395,60.28654],[20.49018,60.28239],[20.4941,60.28039]]],[[[19.66313,60.23557],[19.65931,60.2388],[19.65921,60.24285],[19.65108,60.24426],[19.65414,60.23813],[19.66313,60.23557]]],[[[20.50736,60.27973],[20.51421,60.28083],[20.51695,60.28502],[20.5124,60.29357],[20.50727,60.30005],[20.50422,60.30139],[20.49601,60.29623],[20.49261,60.29221],[20.4986,60.28995],[20.50015,60.28373],[20.50736,60.27973]]],[[[20.94526,60.3003],[20.94545,60.30361],[20.94235,60.30714],[20.9427,60.31209],[20.93702,60.31708],[20.93422,60.32429],[20.93752,60.3292],[20.92915,60.3374],[20.92893,60.3424],[20.92223,60.34221],[20.92366,60.34642],[20.92056,60.35058],[20.91536,60.35278],[20.90847,60.34889],[20.90779,60.34494],[20.90315,60.34271],[20.9054,60.34011],[20.91329,60.33916],[20.90851,60.33633],[20.9119,60.32516],[20.92072,60.31863],[20.92053,60.31479],[20.92576,60.31091],[20.9342,60.31068],[20.93423,60.30582],[20.94208,60.30077],[20.94526,60.3003]]],[[[20.40225,60.27233],[20.40722,60.27554],[20.3989,60.27849],[20.3974,60.2818],[20.40198,60.28369],[20.40222,60.28669],[20.40758,60.29184],[20.39963,60.295],[20.4002,60.29939],[20.40554,60.3035],[20.40027,60.3047],[20.39005,60.30905],[20.378,60.30992],[20.37466,60.30666],[20.3676,60.30654],[20.36709,60.30357],[20.382,60.29807],[20.38572,60.28947],[20.38991,60.28761],[20.38129,60.28063],[20.38093,60.27786],[20.38674,60.27351],[20.39179,60.27226],[20.40225,60.27233]]],[[[20.97905,60.29801],[20.98935,60.29877],[20.99533,60.30478],[20.99104,60.30844],[20.99455,60.31206],[20.99548,60.31654],[20.99528,60.32863],[20.99827,60.33177],[20.98794,60.3346],[20.98957,60.32986],[20.98361,60.32834],[20.96971,60.32711],[20.97224,60.32049],[20.96345,60.32025],[20.95131,60.31332],[20.95577,60.30925],[20.96049,60.31157],[20.96797,60.31096],[20.96887,60.30499],[20.97547,60.30267],[20.97377,60.29912],[20.97905,60.29801]]],[[[21.07205,60.29869],[21.074,60.30358],[21.06403,60.30696],[21.06154,60.30363],[21.07205,60.29869]]],[[[20.26542,60.25911],[20.26928,60.2625],[20.26055,60.2687],[20.25559,60.26849],[20.25186,60.26428],[20.26542,60.25911]]],[[[21.01495,60.29335],[21.01919,60.2959],[21.0146,60.30304],[21.01077,60.30313],[21.00631,60.29876],[21.01495,60.29335]]],[[[19.31771,60.20503],[19.31907,60.2086],[19.31581,60.21141],[19.32241,60.21339],[19.32828,60.21012],[19.33344,60.21247],[19.32346,60.2148],[19.32008,60.21724],[19.31287,60.21604],[19.31198,60.20942],[19.31771,60.20503]]],[[[20.73265,60.27954],[20.73399,60.28344],[20.73949,60.28967],[20.73617,60.29192],[20.74269,60.29426],[20.74661,60.29156],[20.75377,60.29428],[20.75968,60.29143],[20.76315,60.2927],[20.7594,60.29603],[20.76163,60.30132],[20.7402,60.30493],[20.73352,60.30158],[20.73489,60.29534],[20.73054,60.28972],[20.73392,60.28683],[20.72913,60.28403],[20.73265,60.27954]]],[[[20.50625,60.26832],[20.51151,60.26938],[20.5063,60.27263],[20.49969,60.27],[20.50625,60.26832]]],[[[20.31631,60.25872],[20.31749,60.26052],[20.31052,60.26749],[20.31907,60.27212],[20.3181,60.27518],[20.30877,60.27496],[20.30636,60.26808],[20.30735,60.26039],[20.31631,60.25872]]],[[[21.06154,60.29237],[21.06654,60.29722],[21.05464,60.30675],[21.0493,60.30938],[21.04194,60.30748],[21.03081,60.30715],[21.04873,60.2961],[21.06154,60.29237]]],[[[20.52709,60.26255],[20.52967,60.26758],[20.52256,60.26843],[20.5179,60.26617],[20.52709,60.26255]]],[[[21.05675,60.28556],[21.05665,60.29111],[21.05324,60.29235],[21.04465,60.29151],[21.04085,60.28956],[21.0479,60.2871],[21.05675,60.28556]]],[[[21.03703,60.28205],[21.04028,60.28507],[21.03553,60.28754],[21.02987,60.28307],[21.03703,60.28205]]],[[[20.28538,60.24602],[20.29324,60.24806],[20.3001,60.24704],[20.30359,60.24906],[20.29827,60.25231],[20.30484,60.25736],[20.30193,60.25836],[20.30382,60.26419],[20.29473,60.2635],[20.28977,60.25719],[20.29197,60.25428],[20.28415,60.25106],[20.28538,60.24602]]],[[[19.8111,60.22068],[19.8122,60.22362],[19.81812,60.2268],[19.80721,60.22733],[19.8111,60.22068]]],[[[19.34013,60.19106],[19.34257,60.19241],[19.34526,60.20238],[19.33598,60.20397],[19.32759,60.202],[19.34013,60.19106]]],[[[21.0742,60.28015],[21.07913,60.28399],[21.05804,60.28648],[21.05463,60.2824],[21.0584,60.28116],[21.0742,60.28015]]],[[[20.55406,60.25385],[20.55158,60.25918],[20.54585,60.25864],[20.55002,60.25452],[20.55406,60.25385]]],[[[19.35394,60.18916],[19.35245,60.19489],[19.34757,60.19431],[19.35081,60.1898],[19.35394,60.18916]]],[[[20.85269,60.26618],[20.85449,60.26759],[20.84932,60.27183],[20.84307,60.26976],[20.85269,60.26618]]],[[[20.71969,60.25704],[20.72059,60.26253],[20.71366,60.26185],[20.71969,60.25704]]],[[[20.9578,60.26756],[20.95942,60.27275],[20.95377,60.27564],[20.94878,60.27295],[20.9578,60.26756]]],[[[20.73421,60.25714],[20.74244,60.25951],[20.74777,60.2626],[20.74962,60.26702],[20.74681,60.27059],[20.73999,60.27045],[20.73315,60.266],[20.73556,60.26182],[20.73421,60.25714]]],[[[20.30415,60.23467],[20.31154,60.23561],[20.31005,60.24259],[20.30565,60.24672],[20.29208,60.24211],[20.29873,60.23858],[20.29692,60.23476],[20.30415,60.23467]]],[[[19.31352,60.18056],[19.30929,60.18804],[19.30433,60.18567],[19.30884,60.18191],[19.31352,60.18056]]],[[[20.03069,60.21837],[20.03992,60.22722],[20.03628,60.22895],[20.02798,60.22769],[20.02027,60.22457],[20.02653,60.21872],[20.03069,60.21837]]],[[[20.84306,60.25867],[20.84758,60.26055],[20.84391,60.26765],[20.84076,60.26599],[20.84306,60.25867]]],[[[21.06392,60.26475],[21.06825,60.26709],[21.06616,60.27534],[21.05999,60.27677],[21.05638,60.27508],[21.04676,60.27465],[21.04831,60.26973],[21.06392,60.26475]]],[[[20.74877,60.25006],[20.74723,60.25359],[20.73927,60.25406],[20.73912,60.25015],[20.74877,60.25006]]],[[[20.84889,60.25439],[20.85051,60.25842],[20.84209,60.25648],[20.84889,60.25439]]],[[[19.32694,60.17159],[19.32227,60.1759],[19.31154,60.18032],[19.30986,60.17676],[19.31675,60.17582],[19.32108,60.17293],[19.32694,60.17159]]],[[[20.71333,60.24313],[20.7165,60.2436],[20.7132,60.25302],[20.7057,60.256],[20.70193,60.24969],[20.70626,60.24492],[20.71333,60.24313]]],[[[20.9824,60.25498],[20.98723,60.25789],[20.97675,60.26383],[20.97411,60.25813],[20.9824,60.25498]]],[[[19.68385,60.1857],[19.68816,60.1892],[19.68646,60.19399],[19.68019,60.19395],[19.67629,60.1906],[19.67896,60.18611],[19.68385,60.1857]]],[[[20.48834,60.22609],[20.4934,60.23108],[20.49141,60.23422],[20.48437,60.23031],[20.48408,60.22709],[20.48834,60.22609]]],[[[20.02824,60.20083],[20.02777,60.20784],[20.0221,60.20818],[20.02393,60.2031],[20.02824,60.20083]]],[[[20.74272,60.23646],[20.74404,60.24098],[20.75016,60.24036],[20.75082,60.24501],[20.74181,60.2435],[20.73883,60.23998],[20.74272,60.23646]]],[[[20.86089,60.23597],[20.86042,60.24086],[20.86486,60.2435],[20.86412,60.24788],[20.86696,60.25151],[20.86246,60.25758],[20.85721,60.26038],[20.85402,60.25532],[20.84995,60.25395],[20.8425,60.25402],[20.84045,60.25025],[20.84532,60.24666],[20.85223,60.24472],[20.85533,60.24189],[20.85656,60.23631],[20.86089,60.23597]]],[[[20.75736,60.23],[20.75487,60.23991],[20.74829,60.23798],[20.75736,60.23]]],[[[20.80667,60.23227],[20.8097,60.23401],[20.8016,60.23843],[20.79812,60.2336],[20.80667,60.23227]]],[[[20.99754,60.24099],[21.00027,60.24179],[20.99636,60.24718],[20.99443,60.25432],[20.98867,60.25548],[20.98584,60.25165],[20.98962,60.24961],[20.99754,60.24099]]],[[[20.26461,60.20357],[20.27244,60.20817],[20.27296,60.2127],[20.27903,60.2176],[20.2814,60.22203],[20.27163,60.22088],[20.26793,60.22461],[20.25863,60.22316],[20.25348,60.21994],[20.25424,60.21652],[20.24322,60.21286],[20.24376,60.20967],[20.24985,60.208],[20.25383,60.2043],[20.26461,60.20357]]],[[[20.40747,60.20935],[20.41695,60.21134],[20.4208,60.21916],[20.41324,60.21816],[20.40681,60.21243],[20.40747,60.20935]]],[[[20.80674,60.22433],[20.81031,60.23169],[20.79545,60.2324],[20.7931,60.23585],[20.79631,60.23973],[20.78985,60.24354],[20.797,60.24674],[20.79662,60.24089],[20.8017,60.2422],[20.81316,60.24062],[20.81663,60.24506],[20.8258,60.24437],[20.82829,60.24762],[20.83977,60.24836],[20.8347,60.25178],[20.83498,60.25549],[20.83852,60.25865],[20.83206,60.26216],[20.83376,60.26535],[20.83012,60.27214],[20.81312,60.27701],[20.80407,60.28437],[20.80317,60.28769],[20.79618,60.2915],[20.78296,60.28969],[20.77904,60.29139],[20.76936,60.28708],[20.77235,60.28439],[20.76566,60.27644],[20.75811,60.27901],[20.75863,60.28387],[20.75394,60.28427],[20.74827,60.28095],[20.75429,60.27857],[20.7556,60.27295],[20.75346,60.26264],[20.74585,60.26092],[20.74219,60.2577],[20.75033,60.25378],[20.75176,60.25121],[20.76099,60.24692],[20.76736,60.23991],[20.76559,60.23611],[20.76947,60.23225],[20.77879,60.22647],[20.78885,60.22588],[20.79715,60.22717],[20.80674,60.22433]]],[[[20.82126,60.22462],[20.8385,60.229],[20.83698,60.23208],[20.83095,60.23458],[20.82331,60.23271],[20.81912,60.22918],[20.82126,60.22462]]],[[[20.34894,60.20146],[20.35311,60.20404],[20.34771,60.20757],[20.34422,60.20384],[20.34894,60.20146]]],[[[20.72772,60.21917],[20.74156,60.22491],[20.74482,60.22816],[20.74465,60.23238],[20.73363,60.23837],[20.73763,60.24476],[20.73131,60.25284],[20.72619,60.25159],[20.72358,60.23384],[20.72551,60.22065],[20.72772,60.21917]]],[[[19.68272,60.16249],[19.68782,60.16841],[19.69423,60.17855],[19.68903,60.18444],[19.67615,60.18219],[19.67414,60.17529],[19.67364,60.16796],[19.68272,60.16249]]],[[[20.06045,60.18135],[20.06446,60.18366],[20.0662,60.19109],[20.05941,60.19127],[20.05384,60.18756],[20.06045,60.18135]]],[[[20.37289,60.19596],[20.37836,60.19746],[20.38578,60.20229],[20.39528,60.20446],[20.39325,60.20836],[20.39825,60.21376],[20.39244,60.21804],[20.41139,60.22151],[20.41651,60.22798],[20.41506,60.23016],[20.42256,60.23809],[20.4205,60.24043],[20.43074,60.24421],[20.43192,60.24659],[20.42543,60.25075],[20.42368,60.25368],[20.41743,60.25728],[20.40651,60.25561],[20.40356,60.26184],[20.40433,60.26561],[20.39814,60.26534],[20.39835,60.26253],[20.3884,60.25831],[20.3877,60.25569],[20.3791,60.25417],[20.37854,60.25908],[20.38904,60.25997],[20.39577,60.2638],[20.39674,60.26858],[20.37931,60.27526],[20.37163,60.2759],[20.37057,60.2786],[20.361,60.2811],[20.35018,60.27914],[20.35063,60.28322],[20.3468,60.28509],[20.34044,60.28487],[20.33495,60.28675],[20.32957,60.28349],[20.33028,60.28004],[20.33894,60.28136],[20.34366,60.27306],[20.34814,60.26935],[20.34322,60.26593],[20.34512,60.25841],[20.33867,60.25625],[20.32705,60.25713],[20.3222,60.25495],[20.3248,60.24867],[20.32259,60.24646],[20.32917,60.24399],[20.32754,60.2395],[20.33094,60.23658],[20.32494,60.23275],[20.33057,60.23073],[20.34182,60.23109],[20.35448,60.23707],[20.37961,60.23923],[20.38336,60.23708],[20.37868,60.23326],[20.37241,60.23664],[20.35857,60.22974],[20.36213,60.22625],[20.3752,60.22346],[20.36609,60.21922],[20.37302,60.21412],[20.36828,60.21272],[20.36686,60.20702],[20.36886,60.2052],[20.36897,60.19766],[20.37289,60.19596]]],[[[21.00409,60.22549],[21.01426,60.22984],[21.00875,60.23331],[21.00366,60.22865],[21.00409,60.22549]]],[[[20.19377,60.18617],[20.1963,60.18849],[20.19302,60.1937],[20.18812,60.19044],[20.19377,60.18617]]],[[[19.60796,60.15417],[19.61819,60.15554],[19.62157,60.16327],[19.61847,60.16666],[19.6104,60.16847],[19.60516,60.16658],[19.60915,60.16071],[19.60604,60.15533],[19.60796,60.15417]]],[[[20.73085,60.20998],[20.73992,60.21541],[20.74572,60.21554],[20.75218,60.21898],[20.75008,60.22059],[20.74003,60.21926],[20.73199,60.21674],[20.72812,60.21288],[20.73085,60.20998]]],[[[20.82428,60.21166],[20.82793,60.2134],[20.82297,60.21901],[20.81925,60.2182],[20.82428,60.21166]]],[[[20.39206,60.19068],[20.39722,60.1959],[20.38941,60.19539],[20.39206,60.19068]]],[[[20.85027,60.21095],[20.85422,60.21535],[20.85329,60.21802],[20.84504,60.21813],[20.84414,60.21353],[20.85027,60.21095]]],[[[20.35351,60.18577],[20.35787,60.18612],[20.36693,60.19216],[20.37015,60.19573],[20.36695,60.19744],[20.3572,60.1986],[20.3521,60.19602],[20.35358,60.19249],[20.3492,60.18957],[20.35351,60.18577]]],[[[21.00449,60.21671],[21.00658,60.21714],[21.01291,60.22455],[21.00222,60.22354],[20.99692,60.2243],[20.99581,60.2207],[21.00134,60.22041],[21.00449,60.21671]]],[[[20.42952,60.18915],[20.43469,60.19474],[20.42252,60.19335],[20.42063,60.19116],[20.42952,60.18915]]],[[[19.57544,60.14328],[19.59198,60.15001],[19.59524,60.15418],[19.60368,60.15501],[19.60196,60.15951],[19.59825,60.16223],[19.59135,60.1635],[19.59176,60.16968],[19.59846,60.17343],[19.5957,60.17499],[19.59426,60.18114],[19.60192,60.18038],[19.60554,60.18268],[19.60781,60.18784],[19.59739,60.19282],[19.59224,60.19207],[19.58964,60.19587],[19.59032,60.20451],[19.58527,60.21587],[19.58844,60.21658],[19.59426,60.20971],[19.60335,60.20193],[19.60377,60.19765],[19.60721,60.19435],[19.61297,60.19454],[19.61827,60.1919],[19.61353,60.18566],[19.61577,60.18082],[19.62622,60.17807],[19.63135,60.17891],[19.63626,60.17242],[19.64355,60.17546],[19.63931,60.18184],[19.6548,60.18373],[19.65182,60.17761],[19.64786,60.17491],[19.64573,60.16988],[19.64824,60.16557],[19.65317,60.16464],[19.6599,60.16903],[19.66669,60.17128],[19.6667,60.17445],[19.67014,60.17778],[19.6679,60.183],[19.67229,60.18736],[19.67825,60.19653],[19.6743,60.20737],[19.67426,60.21508],[19.68496,60.21363],[19.68186,60.22069],[19.68407,60.22454],[19.67532,60.22412],[19.6738,60.22667],[19.65868,60.23059],[19.65196,60.2331],[19.64787,60.23714],[19.64099,60.24025],[19.64662,60.24303],[19.64361,60.24926],[19.64348,60.25427],[19.65201,60.25915],[19.64331,60.26416],[19.64177,60.26779],[19.63565,60.26856],[19.6289,60.26649],[19.62944,60.2734],[19.62438,60.27615],[19.62157,60.28386],[19.61233,60.28532],[19.60236,60.28451],[19.60038,60.28981],[19.61132,60.28828],[19.60968,60.30806],[19.61,60.31117],[19.60318,60.31156],[19.60512,60.3047],[19.60245,60.2999],[19.59003,60.29404],[19.5877,60.27668],[19.58565,60.27187],[19.56968,60.27024],[19.56856,60.27837],[19.56489,60.27815],[19.56157,60.26672],[19.56219,60.26085],[19.55782,60.25881],[19.54941,60.2604],[19.54328,60.26431],[19.53537,60.25975],[19.53379,60.25643],[19.53671,60.24665],[19.54288,60.23526],[19.53424,60.2289],[19.53864,60.21911],[19.54551,60.21638],[19.54088,60.21336],[19.52474,60.21356],[19.5179,60.20995],[19.52019,60.20371],[19.51585,60.20049],[19.51823,60.19351],[19.52125,60.19035],[19.51998,60.1805],[19.51395,60.17834],[19.51664,60.17448],[19.52087,60.17371],[19.52265,60.16919],[19.52781,60.16584],[19.53361,60.16418],[19.53347,60.15957],[19.53612,60.15377],[19.54437,60.14744],[19.55927,60.1505],[19.56677,60.14618],[19.57544,60.14328]]],[[[20.25965,60.17595],[20.26374,60.1763],[20.2699,60.18008],[20.27836,60.18296],[20.279,60.19367],[20.28304,60.19622],[20.28442,60.20097],[20.29243,60.20109],[20.30233,60.19804],[20.31147,60.20035],[20.31755,60.20317],[20.32107,60.21011],[20.31497,60.21432],[20.31965,60.22436],[20.31378,60.22813],[20.30371,60.22487],[20.292,60.21899],[20.28733,60.21385],[20.28912,60.21069],[20.28307,60.20715],[20.27596,60.20513],[20.27751,60.20126],[20.27132,60.1984],[20.27347,60.19531],[20.26728,60.19461],[20.25737,60.19169],[20.24865,60.1848],[20.24951,60.18202],[20.25965,60.17595]]],[[[19.6972,60.14092],[19.69908,60.14523],[19.6926,60.15093],[19.69023,60.14698],[19.69308,60.14273],[19.6972,60.14092]]],[[[20.72539,60.19299],[20.72646,60.19702],[20.7209,60.20079],[20.71593,60.19729],[20.71785,60.19286],[20.72539,60.19299]]],[[[20.68127,60.18921],[20.68839,60.19381],[20.69739,60.19579],[20.70182,60.1922],[20.70893,60.19432],[20.71709,60.19996],[20.70557,60.20832],[20.70583,60.21187],[20.71015,60.21527],[20.70703,60.21659],[20.70508,60.22278],[20.68983,60.22939],[20.68194,60.22867],[20.67651,60.23191],[20.6814,60.23442],[20.67706,60.23706],[20.67215,60.23399],[20.6711,60.23035],[20.66553,60.22446],[20.66415,60.21523],[20.65793,60.20783],[20.66287,60.19893],[20.67764,60.19808],[20.67269,60.19555],[20.67872,60.18918],[20.68127,60.18921]]],[[[20.30051,60.16945],[20.30416,60.17235],[20.29905,60.17368],[20.29718,60.18169],[20.29235,60.18556],[20.28967,60.18071],[20.2834,60.17893],[20.294,60.16969],[20.30051,60.16945]]],[[[20.74113,60.18974],[20.74086,60.19469],[20.73617,60.19405],[20.74113,60.18974]]],[[[20.56929,60.18136],[20.57403,60.1834],[20.56886,60.18709],[20.56531,60.18391],[20.56929,60.18136]]],[[[20.39386,60.17193],[20.41271,60.17616],[20.41624,60.18101],[20.41587,60.18611],[20.41301,60.18882],[20.40664,60.18677],[20.40465,60.17951],[20.39214,60.17358],[20.39386,60.17193]]],[[[20.78836,60.18911],[20.79465,60.19383],[20.78864,60.1946],[20.78836,60.18911]]],[[[20.8773,60.19198],[20.87762,60.19611],[20.87447,60.20117],[20.86919,60.19858],[20.8773,60.19198]]],[[[20.46168,60.16941],[20.46677,60.16986],[20.46655,60.17349],[20.46935,60.17652],[20.46406,60.17955],[20.45829,60.17911],[20.45587,60.17417],[20.46168,60.16941]]],[[[20.47875,60.16651],[20.48042,60.17023],[20.47223,60.17247],[20.47134,60.16748],[20.47875,60.16651]]],[[[20.32674,60.15882],[20.34534,60.16091],[20.35144,60.16529],[20.34641,60.17298],[20.35129,60.17678],[20.34593,60.17814],[20.33211,60.17101],[20.32801,60.16407],[20.31652,60.1632],[20.32012,60.15862],[20.32674,60.15882]]],[[[20.40313,60.15729],[20.41172,60.15793],[20.42166,60.16374],[20.42848,60.16157],[20.43222,60.16228],[20.43729,60.16824],[20.43764,60.17236],[20.44298,60.17373],[20.44136,60.17665],[20.43208,60.17744],[20.43611,60.18026],[20.43312,60.18382],[20.42256,60.1832],[20.41873,60.17972],[20.41875,60.17274],[20.40538,60.16914],[20.40116,60.16586],[20.39119,60.16165],[20.39184,60.15973],[20.40313,60.15729]]],[[[20.54517,60.16243],[20.54759,60.16448],[20.55643,60.1665],[20.55561,60.16898],[20.54831,60.16895],[20.54255,60.16552],[20.54517,60.16243]]],[[[20.47831,60.15811],[20.46826,60.165],[20.46438,60.16322],[20.46641,60.15995],[20.47831,60.15811]]],[[[20.49601,60.15722],[20.49436,60.16075],[20.48377,60.16306],[20.48183,60.16655],[20.47616,60.16455],[20.48362,60.16237],[20.49601,60.15722]]],[[[20.30447,60.14661],[20.30846,60.15066],[20.31725,60.15185],[20.3186,60.15689],[20.31614,60.15929],[20.3077,60.16026],[20.29467,60.16519],[20.27688,60.16413],[20.27812,60.16007],[20.28238,60.15871],[20.29066,60.16208],[20.29595,60.15818],[20.29306,60.15512],[20.30058,60.15256],[20.30447,60.14661]]],[[[20.73446,60.16652],[20.74051,60.16863],[20.74206,60.1721],[20.73136,60.17867],[20.72508,60.1727],[20.71967,60.17419],[20.71413,60.1727],[20.71942,60.16894],[20.72511,60.16702],[20.73446,60.16652]]],[[[20.57538,60.15725],[20.58603,60.15893],[20.58998,60.16077],[20.60818,60.16252],[20.60775,60.16813],[20.60459,60.17079],[20.59699,60.17161],[20.58133,60.1677],[20.57894,60.1643],[20.57298,60.16319],[20.56477,60.15964],[20.57538,60.15725]]],[[[20.30858,60.13558],[20.31319,60.13806],[20.31211,60.14224],[20.3042,60.1386],[20.30858,60.13558]]],[[[20.50168,60.1442],[20.51773,60.15097],[20.52062,60.15325],[20.51482,60.15641],[20.50652,60.15635],[20.50864,60.15344],[20.50294,60.15211],[20.49701,60.14731],[20.50168,60.1442]]],[[[19.80434,60.09985],[19.80544,60.10602],[19.79231,60.10734],[19.79923,60.10049],[19.80434,60.09985]]],[[[20.3034,60.12544],[20.30923,60.12712],[20.3068,60.13049],[20.30086,60.1282],[20.3034,60.12544]]],[[[20.47216,60.1233],[20.47841,60.12488],[20.47975,60.12714],[20.48642,60.12736],[20.48799,60.12965],[20.46831,60.12765],[20.47216,60.1233]]],[[[20.05516,60.10156],[20.06503,60.10355],[20.06572,60.10593],[20.05526,60.10793],[20.05091,60.10688],[20.05089,60.10248],[20.05516,60.10156]]],[[[20.35361,60.10563],[20.35967,60.10623],[20.36599,60.10879],[20.36001,60.11153],[20.35496,60.10923],[20.35361,60.10563]]],[[[20.46264,60.10952],[20.46822,60.1118],[20.46007,60.1144],[20.45769,60.11157],[20.46264,60.10952]]],[[[20.2709,60.09217],[20.27828,60.09604],[20.28093,60.10151],[20.27528,60.10404],[20.27285,60.09768],[20.26616,60.09437],[20.2709,60.09217]]],[[[20.67582,60.10971],[20.68636,60.11151],[20.68846,60.11379],[20.68276,60.11655],[20.69056,60.1259],[20.68053,60.13283],[20.68202,60.13861],[20.67751,60.14259],[20.66831,60.1455],[20.67006,60.14864],[20.66145,60.14831],[20.65743,60.15374],[20.64595,60.15225],[20.64072,60.14975],[20.63952,60.14658],[20.63471,60.14455],[20.6333,60.14055],[20.6379,60.13799],[20.6351,60.13284],[20.64505,60.12816],[20.65027,60.12437],[20.65357,60.11752],[20.66751,60.11021],[20.67582,60.10971]]],[[[20.6764,60.10326],[20.67881,60.10746],[20.67116,60.108],[20.67104,60.10445],[20.6764,60.10326]]],[[[20.42747,60.09073],[20.43129,60.09148],[20.42983,60.09575],[20.42505,60.09628],[20.42747,60.09073]]],[[[20.68333,60.10104],[20.69365,60.1029],[20.69135,60.10712],[20.68452,60.10775],[20.68333,60.10104]]],[[[20.55685,60.09253],[20.56304,60.09337],[20.5651,60.10102],[20.56999,60.1019],[20.56865,60.10826],[20.56321,60.10901],[20.55805,60.10562],[20.55423,60.10628],[20.54211,60.10474],[20.54053,60.10953],[20.53585,60.10833],[20.52688,60.1125],[20.51263,60.11036],[20.50783,60.10653],[20.50475,60.11361],[20.48857,60.11178],[20.48963,60.10932],[20.47991,60.10885],[20.48009,60.10622],[20.48852,60.10491],[20.49477,60.10599],[20.49807,60.10115],[20.50558,60.10148],[20.51733,60.09831],[20.52373,60.09842],[20.53423,60.09431],[20.542,60.09466],[20.54462,60.0927],[20.55685,60.09253]]],[[[19.95771,60.06094],[19.96327,60.06604],[19.96343,60.07039],[19.96122,60.07701],[19.96335,60.08292],[19.96237,60.08594],[19.9566,60.08948],[19.95245,60.09482],[19.94586,60.10037],[19.94433,60.11125],[19.95797,60.11449],[19.97114,60.11396],[19.98094,60.10417],[19.97974,60.10094],[19.98114,60.09257],[19.98779,60.09106],[19.99215,60.09621],[19.98772,60.10985],[19.99328,60.11014],[19.99787,60.10376],[20.0038,60.10433],[20.01137,60.09774],[20.01663,60.09786],[20.01692,60.10273],[20.0257,60.10205],[20.03246,60.10383],[20.03571,60.10129],[20.04333,60.10494],[20.04603,60.10807],[20.0428,60.11311],[20.04725,60.11421],[20.05092,60.12032],[20.04467,60.12565],[20.03873,60.12852],[20.03175,60.12932],[20.02485,60.12586],[20.01928,60.13501],[20.0207,60.14334],[20.01881,60.14932],[20.03313,60.14928],[20.0363,60.15682],[20.0402,60.15977],[20.03841,60.16486],[20.02716,60.16496],[20.02779,60.16774],[20.03664,60.16672],[20.03834,60.17001],[20.03378,60.17717],[20.04052,60.17847],[20.04102,60.18302],[20.0445,60.18824],[20.03576,60.19308],[20.02421,60.19011],[20.02004,60.18705],[20.01224,60.18725],[20.00543,60.17746],[20.01048,60.17334],[20.0127,60.16756],[20.00627,60.16618],[20.00461,60.17381],[19.99883,60.17902],[19.99308,60.18233],[19.98656,60.1906],[19.9766,60.19151],[19.97292,60.19426],[19.97289,60.19764],[19.96593,60.19668],[19.95642,60.20205],[19.94661,60.20437],[19.94051,60.20273],[19.93245,60.20388],[19.93226,60.2089],[19.92756,60.21095],[19.92901,60.214],[19.93724,60.21865],[19.93018,60.2212],[19.93145,60.22647],[19.92616,60.23286],[19.92476,60.24107],[19.92707,60.24965],[19.93737,60.24646],[19.9335,60.24258],[19.93197,60.23671],[19.93845,60.22659],[19.93938,60.21905],[19.95259,60.22407],[19.95513,60.21999],[19.94111,60.21687],[19.93561,60.21463],[19.93282,60.21103],[19.96371,60.20323],[19.97317,60.20268],[19.97761,60.1976],[19.98499,60.19793],[19.98662,60.19382],[19.99798,60.18454],[20.00188,60.1845],[20.00989,60.19166],[20.00571,60.19512],[20.00496,60.20232],[20.0006,60.20589],[20.00458,60.21384],[20.01606,60.21873],[20.01533,60.2272],[20.02039,60.23108],[20.01859,60.23542],[20.00824,60.24024],[20.00189,60.24143],[19.99845,60.24661],[19.9976,60.25288],[19.99221,60.25689],[19.98873,60.26349],[19.9767,60.26633],[19.97274,60.27007],[19.97391,60.27888],[19.96827,60.28345],[19.96678,60.28656],[19.97182,60.28979],[19.97108,60.29445],[19.97679,60.30116],[19.98173,60.30043],[19.98288,60.29331],[19.9794,60.28893],[19.97393,60.28898],[19.9714,60.28498],[19.98299,60.27617],[19.98478,60.26995],[19.99428,60.26524],[19.99869,60.26452],[20.00437,60.25892],[20.01478,60.25532],[20.01917,60.26045],[20.01395,60.26413],[20.01919,60.27095],[20.02437,60.27392],[20.02705,60.27815],[20.02366,60.28016],[20.00853,60.27535],[20.00713,60.28572],[20.01256,60.282],[20.01935,60.28372],[20.02507,60.28154],[20.02844,60.28464],[20.02998,60.28998],[20.03599,60.29047],[20.04326,60.29598],[20.03761,60.29852],[20.04091,60.30064],[20.03926,60.30489],[20.03106,60.30487],[20.02792,60.30683],[20.03337,60.31296],[20.03155,60.31569],[20.03465,60.318],[20.04676,60.31668],[20.05051,60.31289],[20.05164,60.30733],[20.05701,60.30628],[20.05184,60.29892],[20.04869,60.29718],[20.04016,60.28498],[20.03272,60.27706],[20.02369,60.26998],[20.02162,60.26377],[20.02341,60.25808],[20.01813,60.24852],[20.01376,60.24349],[20.02235,60.23745],[20.03314,60.23682],[20.04485,60.22736],[20.04648,60.2245],[20.03482,60.21773],[20.0317,60.21304],[20.03599,60.20872],[20.04482,60.20481],[20.04399,60.20043],[20.05586,60.19905],[20.06231,60.20346],[20.06751,60.20888],[20.07273,60.21053],[20.07588,60.21523],[20.08278,60.21927],[20.08159,60.22406],[20.07544,60.22646],[20.07823,60.23267],[20.0874,60.235],[20.08758,60.23757],[20.09698,60.24353],[20.10518,60.24725],[20.11561,60.24836],[20.11584,60.24641],[20.1033,60.24331],[20.09364,60.23856],[20.08762,60.23317],[20.08114,60.23174],[20.08061,60.22752],[20.08998,60.22404],[20.08708,60.21809],[20.08098,60.21468],[20.08291,60.20814],[20.07542,60.20763],[20.06652,60.20344],[20.0648,60.19798],[20.08026,60.18661],[20.08777,60.18589],[20.09247,60.18388],[20.10547,60.18964],[20.10957,60.19509],[20.12072,60.19835],[20.12497,60.19631],[20.12175,60.19229],[20.12651,60.18784],[20.13281,60.18801],[20.14522,60.18487],[20.15039,60.18069],[20.16698,60.17494],[20.17936,60.179],[20.18332,60.18646],[20.17935,60.19233],[20.19097,60.19446],[20.19137,60.20172],[20.19669,60.20184],[20.20647,60.20668],[20.20773,60.20062],[20.21826,60.19696],[20.22076,60.19802],[20.21997,60.20302],[20.23265,60.20769],[20.24181,60.21261],[20.24301,60.21677],[20.23886,60.22319],[20.23402,60.22041],[20.22921,60.22233],[20.23127,60.22814],[20.2145,60.24265],[20.21139,60.24709],[20.21845,60.24884],[20.22464,60.24459],[20.23158,60.24301],[20.23093,60.23943],[20.23647,60.23914],[20.25099,60.24262],[20.25465,60.25028],[20.25041,60.25967],[20.2495,60.26806],[20.25662,60.27064],[20.25816,60.27875],[20.27446,60.28381],[20.26809,60.28808],[20.25836,60.28573],[20.2474,60.29047],[20.2465,60.29372],[20.23969,60.29294],[20.23456,60.29578],[20.22469,60.2966],[20.21186,60.2992],[20.20905,60.30803],[20.20396,60.30962],[20.19507,60.30409],[20.19798,60.29959],[20.19079,60.2935],[20.18451,60.29053],[20.17847,60.28969],[20.17723,60.29502],[20.18108,60.30061],[20.18974,60.30398],[20.19302,60.31032],[20.19691,60.31239],[20.20257,60.31821],[20.20961,60.3229],[20.20677,60.3286],[20.20897,60.33059],[20.20568,60.33364],[20.19359,60.33145],[20.19199,60.33978],[20.19386,60.34258],[20.19127,60.34566],[20.17682,60.34735],[20.17247,60.3463],[20.16351,60.34786],[20.16529,60.35154],[20.15445,60.35145],[20.14567,60.35305],[20.15105,60.34231],[20.15576,60.33933],[20.1557,60.3332],[20.14598,60.33499],[20.14193,60.33806],[20.12799,60.3417],[20.1378,60.34368],[20.13984,60.34654],[20.13703,60.34986],[20.1311,60.34551],[20.11924,60.34735],[20.11901,60.35488],[20.11362,60.35831],[20.10254,60.34796],[20.09743,60.34428],[20.0931,60.34586],[20.10007,60.35265],[20.09916,60.35505],[20.10975,60.36253],[20.12243,60.36235],[20.12583,60.36545],[20.11979,60.3688],[20.11124,60.36812],[20.10991,60.37148],[20.09125,60.37374],[20.08106,60.37365],[20.07754,60.37249],[20.07225,60.3636],[20.06441,60.35763],[20.04949,60.35403],[20.0425,60.34468],[20.03965,60.34758],[20.04554,60.35412],[20.06572,60.36127],[20.06494,60.3656],[20.06917,60.36993],[20.0667,60.37274],[20.06,60.3728],[20.05303,60.37014],[20.05423,60.36562],[20.0453,60.36583],[20.04795,60.36902],[20.04134,60.37277],[20.0317,60.37293],[20.02763,60.37699],[20.0213,60.37364],[20.01664,60.37612],[20.01201,60.37557],[20.01264,60.37021],[20.02563,60.36113],[20.02472,60.35771],[20.01006,60.36788],[20.00361,60.368],[20.00208,60.37068],[19.99401,60.37188],[19.98684,60.37507],[19.97302,60.37293],[19.96825,60.36937],[19.95909,60.37046],[19.96029,60.37338],[19.95341,60.37453],[19.94912,60.37216],[19.95046,60.36927],[19.93783,60.36015],[19.93653,60.35727],[19.94371,60.35547],[19.94304,60.35271],[19.93508,60.35377],[19.93138,60.35808],[19.93624,60.36431],[19.94111,60.36683],[19.94376,60.37268],[19.93855,60.37444],[19.93806,60.37885],[19.95136,60.38652],[19.95794,60.38824],[19.96178,60.39283],[19.96222,60.39958],[19.95657,60.40231],[19.95047,60.39944],[19.94495,60.40087],[19.94058,60.3994],[19.93974,60.39565],[19.9282,60.39584],[19.92635,60.40048],[19.93117,60.40241],[19.93361,60.40708],[19.92953,60.41322],[19.92184,60.41349],[19.91808,60.42103],[19.9115,60.42188],[19.90226,60.42526],[19.89091,60.42414],[19.88549,60.42579],[19.87418,60.42668],[19.85606,60.42284],[19.85398,60.42622],[19.84846,60.4251],[19.84498,60.41886],[19.83818,60.41702],[19.83443,60.41118],[19.82638,60.41065],[19.82185,60.41618],[19.81705,60.41573],[19.81195,60.40766],[19.79944,60.40164],[19.7963,60.39817],[19.79717,60.39329],[19.79466,60.38828],[19.80139,60.38566],[19.80126,60.39136],[19.8069,60.39118],[19.80409,60.3832],[19.80636,60.37992],[19.80468,60.3769],[19.78868,60.37743],[19.77867,60.37115],[19.77881,60.37526],[19.769,60.38032],[19.77005,60.37373],[19.76883,60.36618],[19.77597,60.36596],[19.77932,60.36217],[19.78495,60.36406],[19.78872,60.36349],[19.79023,60.36225],[19.79331,60.36173],[19.79855,60.36336],[19.802,60.36511],[19.80865,60.36525],[19.81352,60.36874],[19.82521,60.36974],[19.81772,60.36446],[19.81197,60.36429],[19.82379,60.35697],[19.82806,60.34566],[19.8313,60.34222],[19.83292,60.32702],[19.84309,60.32313],[19.8507,60.32313],[19.85342,60.32791],[19.85989,60.32539],[19.87148,60.32651],[19.87227,60.32964],[19.88603,60.33932],[19.89635,60.33497],[19.9052,60.33905],[19.90995,60.33735],[19.90302,60.3327],[19.90486,60.32952],[19.91249,60.32783],[19.90816,60.32154],[19.9007,60.32039],[19.89259,60.32152],[19.88674,60.31744],[19.89121,60.31486],[19.89863,60.31436],[19.90082,60.31087],[19.8974,60.30447],[19.89412,60.3056],[19.88651,60.30359],[19.88193,60.31074],[19.87497,60.30976],[19.87211,60.31333],[19.87912,60.31658],[19.87656,60.32389],[19.87026,60.32459],[19.85137,60.32016],[19.84279,60.3151],[19.84396,60.31238],[19.85238,60.31295],[19.86015,60.30731],[19.86355,60.31105],[19.86767,60.31072],[19.87039,60.30605],[19.87454,60.30297],[19.87356,60.29717],[19.86598,60.29534],[19.86371,60.2926],[19.86782,60.28855],[19.87571,60.2902],[19.88579,60.29577],[19.88856,60.29914],[19.89507,60.30057],[19.89729,60.2898],[19.89397,60.28791],[19.89694,60.28222],[19.89181,60.27953],[19.88875,60.27376],[19.88348,60.2686],[19.87757,60.27092],[19.86976,60.27011],[19.86537,60.26785],[19.86174,60.26227],[19.86246,60.25668],[19.85736,60.25159],[19.86023,60.2393],[19.8571,60.23858],[19.85252,60.24603],[19.82533,60.24902],[19.823,60.25308],[19.82696,60.25802],[19.82782,60.26633],[19.826,60.27019],[19.8126,60.26385],[19.80906,60.26298],[19.81459,60.25227],[19.81034,60.24786],[19.81091,60.2413],[19.80535,60.23932],[19.80732,60.23537],[19.80362,60.23181],[19.81402,60.22926],[19.83048,60.22878],[19.829,60.22522],[19.81413,60.2223],[19.81824,60.21668],[19.813,60.21381],[19.825,60.20808],[19.82017,60.20692],[19.82019,60.20142],[19.81386,60.19932],[19.8036,60.20069],[19.79961,60.2124],[19.80077,60.21506],[19.79625,60.22037],[19.79898,60.22816],[19.79437,60.23552],[19.79494,60.23833],[19.78987,60.24464],[19.79102,60.24862],[19.78584,60.2531],[19.78,60.25042],[19.78468,60.24667],[19.77763,60.24512],[19.77393,60.25146],[19.77464,60.25532],[19.76736,60.25829],[19.77121,60.26194],[19.76569,60.26457],[19.7716,60.27062],[19.77576,60.28098],[19.78345,60.28618],[19.7867,60.29436],[19.79397,60.29693],[19.79645,60.30649],[19.79939,60.31182],[19.80681,60.3127],[19.8097,60.31705],[19.8087,60.31938],[19.80216,60.3215],[19.79763,60.31902],[19.79277,60.32078],[19.79582,60.32595],[19.78693,60.32467],[19.78322,60.32079],[19.7791,60.32593],[19.779,60.33095],[19.77018,60.32947],[19.76828,60.32279],[19.76078,60.32698],[19.76381,60.33524],[19.75183,60.33727],[19.74218,60.33428],[19.74022,60.33154],[19.75133,60.32553],[19.75268,60.32003],[19.74371,60.31694],[19.74312,60.31477],[19.74662,60.30498],[19.75236,60.3042],[19.75771,60.30837],[19.76523,60.30367],[19.76465,60.3001],[19.77189,60.29758],[19.76554,60.29584],[19.75585,60.29916],[19.75148,60.29921],[19.75092,60.29121],[19.75226,60.28785],[19.74914,60.28536],[19.74913,60.2813],[19.73389,60.28489],[19.72974,60.29048],[19.72358,60.29378],[19.72078,60.29851],[19.71556,60.2976],[19.71344,60.28609],[19.71019,60.28543],[19.70799,60.29142],[19.70256,60.28948],[19.70683,60.27523],[19.70263,60.27231],[19.7036,60.26322],[19.68753,60.26069],[19.67914,60.25824],[19.67453,60.26061],[19.6922,60.2635],[19.69032,60.26604],[19.69416,60.26869],[19.69403,60.27304],[19.69961,60.2756],[19.69811,60.28584],[19.69294,60.2864],[19.69734,60.29076],[19.69021,60.29442],[19.68673,60.29071],[19.67889,60.28722],[19.68136,60.28103],[19.67649,60.27932],[19.67434,60.28724],[19.6784,60.29049],[19.67658,60.29915],[19.67185,60.30053],[19.66769,60.29841],[19.65596,60.2997],[19.65894,60.30453],[19.6489,60.30302],[19.65173,60.30012],[19.64389,60.29938],[19.64298,60.29515],[19.63805,60.29431],[19.63489,60.29132],[19.64482,60.28478],[19.65831,60.2902],[19.66188,60.28784],[19.65022,60.28449],[19.65144,60.27969],[19.65898,60.27891],[19.66111,60.27394],[19.66028,60.26691],[19.66582,60.26111],[19.66451,60.25658],[19.66016,60.25366],[19.65813,60.24912],[19.66062,60.24516],[19.66984,60.23875],[19.67059,60.23414],[19.68272,60.22864],[19.69012,60.22815],[19.69017,60.22329],[19.69388,60.21919],[19.69577,60.21287],[19.68782,60.20622],[19.68718,60.20122],[19.69133,60.19436],[19.69657,60.19457],[19.69324,60.18918],[19.69367,60.18537],[19.70264,60.17587],[19.70172,60.16916],[19.70346,60.16331],[19.71223,60.15666],[19.7071,60.15479],[19.70809,60.15117],[19.71578,60.15185],[19.71714,60.14875],[19.71614,60.1422],[19.71773,60.1382],[19.73138,60.13124],[19.73266,60.12887],[19.72774,60.12463],[19.73218,60.11894],[19.73492,60.11298],[19.74156,60.10977],[19.74488,60.1051],[19.75379,60.09961],[19.749,60.09602],[19.75585,60.09246],[19.76865,60.09063],[19.77483,60.09407],[19.78515,60.10434],[19.78525,60.10664],[19.80328,60.11089],[19.80991,60.10992],[19.80926,60.10196],[19.81462,60.09209],[19.82527,60.09158],[19.83233,60.09315],[19.83446,60.08807],[19.84024,60.08743],[19.84367,60.09268],[19.84787,60.09556],[19.85328,60.0962],[19.86305,60.09043],[19.86975,60.09001],[19.87374,60.09294],[19.87519,60.09969],[19.86001,60.10382],[19.87389,60.10512],[19.87957,60.11052],[19.89181,60.1119],[19.90195,60.12055],[19.90571,60.12062],[19.91206,60.11727],[19.90471,60.11473],[19.89812,60.10857],[19.88953,60.10622],[19.88524,60.10146],[19.87869,60.09918],[19.88351,60.09536],[19.89359,60.09054],[19.89686,60.09267],[19.90613,60.09167],[19.91581,60.09268],[19.91733,60.11122],[19.91836,60.11667],[19.92582,60.11589],[19.92313,60.11327],[19.92451,60.10892],[19.92328,60.10125],[19.92799,60.09172],[19.93389,60.08287],[19.93403,60.07911],[19.93725,60.07552],[19.94926,60.07112],[19.95326,60.06789],[19.94945,60.06453],[19.95771,60.06094]]],[[[20.30552,60.07833],[20.31252,60.08024],[20.31118,60.08225],[20.31591,60.08516],[20.31568,60.0915],[20.308,60.09188],[20.29378,60.09083],[20.29061,60.08841],[20.30362,60.08261],[20.30552,60.07833]]],[[[19.9359,60.05722],[19.94147,60.05807],[19.9479,60.06189],[19.94874,60.06616],[19.94044,60.07131],[19.93665,60.07065],[19.93047,60.06581],[19.9343,60.06193],[19.93146,60.05913],[19.9359,60.05722]]],[[[19.97427,60.05823],[19.97871,60.06217],[19.97212,60.06329],[19.97427,60.05823]]],[[[20.49642,60.08345],[20.50565,60.08409],[20.51568,60.08631],[20.51263,60.08848],[20.50424,60.08956],[20.48412,60.09641],[20.46843,60.09692],[20.45901,60.09654],[20.45781,60.09173],[20.46412,60.08927],[20.45793,60.08715],[20.44615,60.08556],[20.45638,60.08163],[20.46453,60.08196],[20.47354,60.08372],[20.48855,60.08534],[20.49642,60.08345]]],[[[20.2776,60.07168],[20.27896,60.07535],[20.28511,60.07835],[20.27744,60.08083],[20.2727,60.07911],[20.27467,60.07156],[20.2776,60.07168]]],[[[20.58123,60.08659],[20.58206,60.08886],[20.57638,60.09033],[20.57575,60.09282],[20.56856,60.09303],[20.56456,60.0897],[20.58123,60.08659]]],[[[19.87523,60.04999],[19.88121,60.05056],[19.88011,60.0546],[19.87533,60.05382],[19.87523,60.04999]]],[[[19.96964,60.05449],[19.97092,60.05937],[19.9644,60.05973],[19.96644,60.05489],[19.96964,60.05449]]],[[[20.59674,60.08496],[20.60601,60.08867],[20.59869,60.09218],[20.59026,60.09273],[20.59036,60.09497],[20.59795,60.09607],[20.60127,60.09923],[20.59706,60.10429],[20.58739,60.1057],[20.58883,60.10231],[20.58122,60.10193],[20.57494,60.09603],[20.57804,60.09004],[20.5857,60.08858],[20.58996,60.08555],[20.59674,60.08496]]],[[[20.24829,60.06643],[20.25953,60.06707],[20.27163,60.07125],[20.27073,60.07867],[20.27426,60.08739],[20.26869,60.08796],[20.26826,60.09203],[20.26284,60.09368],[20.27015,60.09764],[20.27184,60.10366],[20.27097,60.10696],[20.28665,60.10656],[20.2874,60.10939],[20.29299,60.11194],[20.30227,60.11315],[20.29804,60.1169],[20.28702,60.11919],[20.29397,60.12742],[20.29576,60.13238],[20.29469,60.14075],[20.29806,60.14265],[20.2955,60.14908],[20.28955,60.15298],[20.28201,60.15281],[20.27564,60.15636],[20.27208,60.15572],[20.26809,60.16048],[20.25652,60.16457],[20.25639,60.16024],[20.26088,60.15978],[20.26251,60.15634],[20.26194,60.15082],[20.25817,60.14561],[20.25352,60.14409],[20.25717,60.1362],[20.26669,60.13469],[20.25833,60.12545],[20.25918,60.12039],[20.25394,60.11954],[20.25606,60.12741],[20.24788,60.14187],[20.25026,60.14964],[20.249,60.15932],[20.23534,60.16866],[20.22982,60.16805],[20.2243,60.15554],[20.22794,60.15338],[20.2206,60.1501],[20.22693,60.14323],[20.2366,60.14074],[20.2359,60.13631],[20.22876,60.13506],[20.22215,60.1303],[20.2156,60.13835],[20.20776,60.1401],[20.21012,60.12983],[20.2226,60.11688],[20.21976,60.11357],[20.20789,60.10927],[20.21006,60.10589],[20.2054,60.10423],[20.20968,60.10157],[20.20375,60.09942],[20.20005,60.09429],[20.21068,60.09236],[20.22388,60.09235],[20.2276,60.09003],[20.23005,60.0817],[20.22646,60.08073],[20.22711,60.07615],[20.23087,60.07558],[20.23861,60.08053],[20.25041,60.07984],[20.25306,60.07818],[20.24451,60.07144],[20.24143,60.06759],[20.24829,60.06643]]],[[[20.49433,60.0781],[20.4967,60.08091],[20.4838,60.08241],[20.48297,60.07962],[20.49433,60.0781]]],[[[20.70166,60.08724],[20.70323,60.09155],[20.69986,60.09539],[20.69094,60.09292],[20.70166,60.08724]]],[[[20.47754,60.07606],[20.48106,60.07771],[20.47654,60.08061],[20.46846,60.07958],[20.47754,60.07606]]],[[[19.94523,60.0485],[19.95218,60.05106],[19.96173,60.05251],[19.94986,60.0577],[19.94167,60.05637],[19.9422,60.05116],[19.94523,60.0485]]],[[[20.38162,60.071],[20.39352,60.07432],[20.39531,60.07908],[20.38808,60.07767],[20.38159,60.07389],[20.38162,60.071]]],[[[20.33737,60.06752],[20.33962,60.071],[20.34646,60.07054],[20.35097,60.07551],[20.34861,60.0794],[20.35304,60.0864],[20.34138,60.08844],[20.33358,60.08567],[20.33478,60.08218],[20.32757,60.07605],[20.3288,60.0737],[20.32466,60.07002],[20.32559,60.06744],[20.33737,60.06752]]],[[[20.31954,60.06657],[20.3269,60.07355],[20.32163,60.07352],[20.31578,60.06886],[20.31954,60.06657]]],[[[20.55292,60.07748],[20.56573,60.08445],[20.55769,60.08866],[20.55194,60.08553],[20.54212,60.0857],[20.54258,60.08981],[20.53406,60.09322],[20.52107,60.09576],[20.50885,60.09702],[20.50423,60.09399],[20.50945,60.0912],[20.51927,60.0896],[20.52026,60.08719],[20.52872,60.08636],[20.52217,60.08251],[20.52306,60.07874],[20.5276,60.07713],[20.53286,60.08014],[20.54721,60.08114],[20.55292,60.07748]]],[[[20.72329,60.08515],[20.72613,60.08936],[20.71997,60.08933],[20.71721,60.08724],[20.72329,60.08515]]],[[[20.70905,60.08407],[20.71228,60.08759],[20.70937,60.09048],[20.70297,60.08682],[20.70905,60.08407]]],[[[20.73445,60.085],[20.73742,60.08778],[20.73049,60.08904],[20.72584,60.08584],[20.73445,60.085]]],[[[20.43742,60.07052],[20.44479,60.07323],[20.45258,60.07461],[20.4461,60.07831],[20.43365,60.07469],[20.43071,60.07189],[20.43742,60.07052]]],[[[20.67633,60.08218],[20.68398,60.08452],[20.67913,60.08755],[20.67633,60.08218]]],[[[20.58729,60.07703],[20.58627,60.08087],[20.59055,60.08318],[20.57759,60.08535],[20.57132,60.0875],[20.56738,60.08597],[20.568,60.08089],[20.57482,60.07757],[20.58729,60.07703]]],[[[20.41269,60.06787],[20.41379,60.07349],[20.40394,60.07111],[20.40808,60.06817],[20.41269,60.06787]]],[[[19.90533,60.03871],[19.90718,60.04283],[19.90063,60.04344],[19.89823,60.03891],[19.90533,60.03871]]],[[[19.92128,60.03862],[19.92666,60.04039],[19.92526,60.04287],[19.91262,60.04615],[19.91064,60.04382],[19.91284,60.04046],[19.92128,60.03862]]],[[[20.25712,60.05621],[20.26651,60.05852],[20.25915,60.06053],[20.24819,60.06006],[20.24948,60.05775],[20.25712,60.05621]]],[[[20.50592,60.06862],[20.49826,60.07474],[20.49056,60.07214],[20.49021,60.06858],[20.49973,60.07004],[20.50592,60.06862]]],[[[20.72615,60.07898],[20.72441,60.08411],[20.71727,60.08579],[20.71167,60.0811],[20.71749,60.07931],[20.72615,60.07898]]],[[[20.51908,60.06713],[20.52561,60.06981],[20.537,60.06979],[20.5448,60.0723],[20.54549,60.07579],[20.52471,60.07442],[20.50971,60.0723],[20.51101,60.06676],[20.51908,60.06713]]],[[[19.98122,60.0347],[19.98606,60.03843],[19.98144,60.04771],[19.98546,60.05164],[19.97048,60.04896],[19.97185,60.04623],[19.96044,60.04202],[19.9547,60.04123],[19.95498,60.03779],[19.96423,60.03772],[19.96754,60.03483],[19.97478,60.036],[19.98122,60.0347]]],[[[20.7042,60.07081],[20.70839,60.07311],[20.70718,60.07847],[20.69811,60.0782],[20.70389,60.07431],[20.7042,60.07081]]],[[[20.7576,60.07075],[20.75884,60.07476],[20.74844,60.07713],[20.74251,60.07532],[20.7457,60.07257],[20.7576,60.07075]]],[[[20.72772,60.06752],[20.73054,60.07384],[20.72829,60.07672],[20.71928,60.07738],[20.71379,60.07525],[20.71502,60.07202],[20.71978,60.06824],[20.72772,60.06752]]],[[[19.9262,60.02605],[19.92989,60.02893],[19.92125,60.03087],[19.92056,60.02631],[19.9262,60.02605]]],[[[20.74002,60.06642],[20.75117,60.06777],[20.74941,60.07],[20.73429,60.06817],[20.74002,60.06642]]],[[[20.07836,60.03292],[20.0833,60.03491],[20.07632,60.04008],[20.06947,60.03977],[20.07836,60.03292]]],[[[20.71531,60.06322],[20.71167,60.06819],[20.7055,60.06777],[20.71531,60.06322]]],[[[20.04706,60.02869],[20.04569,60.03288],[20.03913,60.03345],[20.03683,60.03099],[20.04706,60.02869]]],[[[20.09485,60.03108],[20.09898,60.03397],[20.09479,60.03741],[20.08918,60.03667],[20.0917,60.03152],[20.09485,60.03108]]],[[[20.83232,60.06718],[20.83537,60.07016],[20.82719,60.07112],[20.82326,60.06884],[20.83232,60.06718]]],[[[20.92125,60.07111],[20.92767,60.07382],[20.9199,60.07531],[20.92125,60.07111]]],[[[20.80728,60.06477],[20.81839,60.06893],[20.81381,60.07282],[20.8197,60.07518],[20.81212,60.07763],[20.80707,60.0753],[20.80605,60.07248],[20.79531,60.07313],[20.78986,60.06982],[20.79308,60.06589],[20.79737,60.06727],[20.80728,60.06477]]],[[[19.95946,60.02087],[19.96714,60.02553],[19.96379,60.02742],[19.95669,60.02315],[19.95946,60.02087]]],[[[20.73765,60.05875],[20.74229,60.06245],[20.73185,60.06386],[20.72523,60.06009],[20.73765,60.05875]]],[[[20.74847,60.05524],[20.75891,60.06158],[20.74494,60.06336],[20.74101,60.0569],[20.74847,60.05524]]],[[[19.98154,60.01436],[19.98572,60.01804],[19.97018,60.02079],[19.96711,60.01842],[19.97456,60.015],[19.98154,60.01436]]],[[[20.37037,60.03403],[20.37563,60.03662],[20.37693,60.04109],[20.39252,60.04055],[20.39851,60.04372],[20.40132,60.04734],[20.39932,60.04975],[20.37904,60.05694],[20.37096,60.05383],[20.38135,60.05281],[20.37707,60.0494],[20.3719,60.04286],[20.36681,60.0428],[20.36141,60.0376],[20.37037,60.03403]]],[[[20.60533,60.04465],[20.61148,60.04828],[20.60418,60.04952],[20.59674,60.05415],[20.5873,60.05411],[20.59107,60.05068],[20.59249,60.04651],[20.59903,60.04439],[20.60533,60.04465]]],[[[20.76349,60.04616],[20.76967,60.04692],[20.7734,60.0499],[20.76613,60.051],[20.76349,60.04616]]],[[[20.00502,60.00751],[20.01345,60.00818],[20.01793,60.01386],[20.01756,60.01642],[20.01273,60.02018],[20.0121,60.02381],[20.00712,60.02638],[19.99728,60.02701],[19.98919,60.02631],[19.98776,60.03091],[19.9787,60.0309],[19.96616,60.0339],[19.96093,60.03654],[19.95605,60.0354],[19.96032,60.02878],[19.96822,60.02719],[19.98009,60.02828],[19.98311,60.02514],[19.99157,60.02004],[19.99202,60.01594],[19.98158,60.01219],[19.98899,60.01037],[19.99677,60.0117],[20.00502,60.00751]]],[[[20.61449,60.03838],[20.62492,60.04286],[20.62189,60.04547],[20.60206,60.0429],[20.60583,60.03949],[20.61449,60.03838]]],[[[20.04015,60.00883],[20.04482,60.01576],[20.03971,60.01556],[20.03701,60.01976],[20.02573,60.01821],[20.03039,60.01229],[20.03065,60.0087],[20.04015,60.00883]]],[[[19.95917,60.00348],[19.96221,60.00875],[19.95461,60.00761],[19.95917,60.00348]]],[[[20.32852,60.02041],[20.33624,60.02361],[20.33603,60.02844],[20.32853,60.02988],[20.32342,60.02579],[20.31943,60.02639],[20.31523,60.0225],[20.32852,60.02041]]],[[[20.23576,60.01275],[20.23402,60.01793],[20.22799,60.0174],[20.23576,60.01275]]],[[[20.62808,60.02929],[20.63692,60.03008],[20.64322,60.0326],[20.63846,60.03835],[20.62037,60.03484],[20.6226,60.03055],[20.62808,60.02929]]],[[[20.41298,60.01823],[20.4193,60.02316],[20.4223,60.02182],[20.44088,60.02173],[20.4456,60.03032],[20.44891,60.0308],[20.45002,60.03852],[20.45549,60.04289],[20.45673,60.04939],[20.46016,60.05851],[20.46884,60.06279],[20.47096,60.06657],[20.46386,60.06855],[20.46048,60.06662],[20.45042,60.06698],[20.43512,60.06325],[20.41761,60.05561],[20.41057,60.04953],[20.40794,60.0446],[20.40301,60.0397],[20.39985,60.0395],[20.39411,60.03457],[20.38234,60.02809],[20.37673,60.02782],[20.37409,60.02472],[20.37762,60.02205],[20.39435,60.01904],[20.41298,60.01823]]],[[[20.02342,59.99539],[20.02593,59.99794],[20.02502,60.00207],[20.02092,60.00266],[20.02342,59.99539]]],[[[20.44643,60.01707],[20.44522,60.02136],[20.43931,60.02031],[20.44643,60.01707]]],[[[20.08841,59.99546],[20.09367,59.99984],[20.08074,59.9999],[20.07645,59.99843],[20.0798,59.99527],[20.08841,59.99546]]],[[[19.98582,59.98972],[19.99376,59.99592],[19.98675,59.99798],[19.97379,59.99553],[19.9836,59.99264],[19.98582,59.98972]]],[[[20.82741,60.03081],[20.83225,60.03584],[20.82868,60.03892],[20.82865,60.04234],[20.82092,60.04388],[20.81485,60.03805],[20.82741,60.03081]]],[[[20.46296,60.01227],[20.47337,60.01356],[20.47314,60.01754],[20.47859,60.02214],[20.48784,60.02306],[20.49154,60.02545],[20.48438,60.02773],[20.49074,60.03143],[20.51056,60.03683],[20.5216,60.04264],[20.51938,60.04626],[20.51353,60.05032],[20.52003,60.05398],[20.52515,60.05421],[20.53078,60.05834],[20.52605,60.06154],[20.53415,60.06224],[20.5323,60.06518],[20.51895,60.06416],[20.50977,60.06124],[20.49677,60.06261],[20.48046,60.05904],[20.4726,60.0607],[20.46216,60.05677],[20.45997,60.04992],[20.46258,60.04243],[20.46852,60.04214],[20.47021,60.03798],[20.4644,60.03389],[20.4626,60.03056],[20.45256,60.02394],[20.45137,60.02082],[20.45879,60.01717],[20.45433,60.01416],[20.46296,60.01227]]],[[[20.13389,59.99473],[20.13329,59.99879],[20.12578,59.99767],[20.13389,59.99473]]],[[[19.99984,59.98626],[20.00402,59.98757],[19.99973,59.99191],[19.99524,59.99148],[19.99539,59.98786],[19.99984,59.98626]]],[[[20.10159,59.99084],[20.09614,59.9939],[20.08781,59.99436],[20.09032,59.99093],[20.10159,59.99084]]],[[[19.95616,59.97846],[19.96103,59.97903],[19.96251,59.98436],[19.954,59.98442],[19.94804,59.9798],[19.95616,59.97846]]],[[[20.90678,60.02579],[20.91253,60.02856],[20.90944,60.03041],[20.90048,60.02744],[20.90678,60.02579]]],[[[20.29573,59.99573],[20.30436,60.00157],[20.29433,60.00046],[20.29573,59.99573]]],[[[19.99551,59.97944],[19.99633,59.98428],[19.99117,59.98428],[19.99189,59.97958],[19.99551,59.97944]]],[[[20.54255,60.00634],[20.54966,60.00749],[20.55072,60.00991],[20.5451,60.01651],[20.55191,60.02046],[20.55647,60.01895],[20.5553,60.01523],[20.5603,60.0118],[20.57488,60.01222],[20.57846,60.01554],[20.58894,60.01496],[20.59901,60.02093],[20.60463,60.03142],[20.60958,60.03372],[20.60648,60.03908],[20.60089,60.04037],[20.59779,60.04319],[20.58769,60.04286],[20.58308,60.0415],[20.57849,60.04381],[20.58223,60.04838],[20.57725,60.04854],[20.57476,60.05133],[20.58903,60.05595],[20.59423,60.05853],[20.59047,60.06081],[20.58505,60.05703],[20.57957,60.05666],[20.57889,60.06089],[20.57156,60.06026],[20.57117,60.05499],[20.55694,60.05755],[20.55093,60.06162],[20.54571,60.05812],[20.54023,60.05867],[20.53505,60.05642],[20.53235,60.05306],[20.52354,60.05053],[20.52674,60.04457],[20.53136,60.04458],[20.53171,60.04027],[20.51064,60.0306],[20.49579,60.02219],[20.4952,60.01687],[20.50174,60.01483],[20.50455,60.0083],[20.51814,60.00595],[20.5258,60.00687],[20.54255,60.00634]]],[[[20.12967,59.98525],[20.13353,59.98693],[20.1341,59.99281],[20.1266,59.99392],[20.12546,59.99149],[20.12967,59.98525]]],[[[20.75123,60.01584],[20.76111,60.02078],[20.7569,60.02203],[20.75118,60.01848],[20.75123,60.01584]]],[[[20.1026,59.9815],[20.10552,59.98441],[20.09843,59.98668],[20.09309,59.98468],[20.1026,59.9815]]],[[[20.91605,60.02124],[20.91677,60.0243],[20.91355,60.02756],[20.90677,60.02398],[20.91605,60.02124]]],[[[20.21879,59.98631],[20.22465,59.99197],[20.21812,59.99289],[20.21879,59.98631]]],[[[20.55629,60.00318],[20.55988,60.00784],[20.55235,60.00772],[20.55629,60.00318]]],[[[20.86226,60.01402],[20.86576,60.02152],[20.85701,60.02278],[20.85491,60.01873],[20.86226,60.01402]]],[[[20.34829,59.98454],[20.35873,59.98633],[20.35223,59.98927],[20.34829,59.98454]]],[[[20.51802,59.99125],[20.52028,59.9945],[20.51138,59.99557],[20.50845,59.99831],[20.50064,60.00105],[20.49311,60.00121],[20.49145,59.99859],[20.5087,59.99285],[20.51802,59.99125]]],[[[20.97327,60.01259],[20.97141,60.01562],[20.96269,60.01804],[20.96398,60.01267],[20.97327,60.01259]]],[[[20.44291,59.98626],[20.44902,59.99037],[20.44625,59.99495],[20.45181,59.99532],[20.45506,59.99884],[20.45404,60.00421],[20.44521,60.00702],[20.43909,60.01212],[20.42983,60.01488],[20.4171,60.01387],[20.40444,60.01563],[20.39641,60.01502],[20.3906,60.01781],[20.38592,60.01666],[20.39306,60.00964],[20.3979,60.00727],[20.40773,59.99974],[20.40785,59.99789],[20.41463,59.99482],[20.42086,59.99575],[20.42533,59.99134],[20.4346,59.98763],[20.44291,59.98626]]],[[[20.47176,59.98636],[20.47429,59.98835],[20.47036,59.99318],[20.47312,59.99526],[20.46456,59.99691],[20.46247,59.9911],[20.47176,59.98636]]],[[[20.17941,59.96864],[20.1826,59.9697],[20.18724,59.9752],[20.20311,59.98196],[20.21183,59.99147],[20.21181,59.99846],[20.22237,60.00582],[20.2327,60.00667],[20.23481,60.00889],[20.23183,60.01169],[20.22379,60.01555],[20.21602,60.0154],[20.20556,60.02699],[20.21137,60.03528],[20.21403,60.04443],[20.21189,60.04885],[20.21439,60.05394],[20.22122,60.06277],[20.2201,60.06516],[20.20931,60.06355],[20.20909,60.06622],[20.2151,60.07051],[20.21997,60.07169],[20.21966,60.07552],[20.22359,60.07701],[20.22053,60.08426],[20.21632,60.08797],[20.21046,60.08992],[20.20623,60.08738],[20.19785,60.08588],[20.1974,60.08182],[20.19156,60.07969],[20.18791,60.08123],[20.18355,60.08625],[20.17562,60.08225],[20.16969,60.08482],[20.17166,60.09093],[20.16,60.09335],[20.14858,60.08959],[20.1391,60.08923],[20.12116,60.09476],[20.11713,60.10006],[20.1044,60.10386],[20.09933,60.10305],[20.08923,60.11052],[20.08165,60.10803],[20.08234,60.10273],[20.07965,60.10127],[20.07967,60.09627],[20.07644,60.09531],[20.07672,60.09054],[20.07231,60.09049],[20.06658,60.09684],[20.0592,60.09534],[20.06249,60.09069],[20.07174,60.0852],[20.06919,60.07927],[20.06217,60.08517],[20.05481,60.08252],[20.05847,60.07738],[20.06887,60.06982],[20.06122,60.07018],[20.06165,60.07311],[20.04858,60.08343],[20.04338,60.08355],[20.04,60.07521],[20.04658,60.07142],[20.0468,60.06781],[20.04141,60.06517],[20.03545,60.07007],[20.03975,60.07644],[20.03811,60.08246],[20.03181,60.08739],[20.02544,60.09057],[20.02042,60.09553],[20.00857,60.09307],[20.00688,60.09042],[19.99338,60.08512],[19.98713,60.08792],[19.98368,60.08275],[19.98682,60.0781],[19.98017,60.07768],[19.97452,60.07412],[19.98451,60.06628],[19.9885,60.06728],[19.9938,60.07174],[20.00048,60.06926],[20.01027,60.068],[20.01826,60.06854],[20.01911,60.06399],[20.02261,60.06249],[20.03299,60.04753],[20.04239,60.04099],[20.04696,60.03896],[20.05127,60.0464],[20.0551,60.04343],[20.06721,60.03913],[20.06633,60.04389],[20.07181,60.04726],[20.07923,60.04803],[20.0827,60.05075],[20.08909,60.04642],[20.1031,60.0329],[20.11234,60.02817],[20.11751,60.01991],[20.11427,60.01471],[20.11585,60.01153],[20.11038,60.00353],[20.11895,59.99808],[20.12583,60.00071],[20.1344,60.00154],[20.13959,59.99627],[20.14473,59.99362],[20.15379,59.99609],[20.15543,60.00371],[20.16251,60.00677],[20.16868,60.01645],[20.17258,60.01628],[20.18326,60.00913],[20.18026,60.00596],[20.18427,59.99312],[20.1791,59.98819],[20.18856,59.98667],[20.19067,59.98411],[20.17547,59.97956],[20.17704,59.97003],[20.17941,59.96864]]],[[[20.38377,59.97847],[20.3874,59.98427],[20.40949,59.98441],[20.41341,59.98755],[20.41355,59.99404],[20.40427,59.99893],[20.39777,60.00091],[20.40018,60.00392],[20.39076,60.01094],[20.38125,60.01634],[20.37602,60.0156],[20.37481,60.01189],[20.36926,60.01196],[20.36244,60.01533],[20.35699,60.01971],[20.35208,60.02147],[20.34054,60.01847],[20.33351,60.0177],[20.32217,60.01099],[20.32613,60.00781],[20.32498,60.00503],[20.32749,60.00017],[20.31881,60.00132],[20.31521,60.00023],[20.30925,59.99471],[20.30253,59.99105],[20.29158,59.98695],[20.29952,59.98012],[20.30888,59.97801],[20.31092,59.98237],[20.31444,59.98367],[20.32476,59.97878],[20.32658,59.98335],[20.3344,59.98366],[20.33077,59.98751],[20.33715,59.98841],[20.33753,59.99241],[20.34263,59.99196],[20.34529,59.98687],[20.35342,59.9898],[20.353,59.99281],[20.36236,59.99961],[20.36719,59.99497],[20.35792,59.99283],[20.35848,59.98729],[20.36461,59.98508],[20.36311,59.9808],[20.3739,59.97896],[20.38377,59.97847]]],[[[20.4659,59.97981],[20.46935,59.98186],[20.46348,59.98776],[20.4559,59.98774],[20.45845,59.98222],[20.4659,59.97981]]],[[[20.51426,59.97678],[20.5191,59.97878],[20.52667,59.97869],[20.52399,59.98199],[20.51305,59.97939],[20.51651,59.98559],[20.51205,59.98701],[20.50813,59.9837],[20.51426,59.97678]]],[[[20.29684,59.96542],[20.30079,59.96628],[20.30336,59.97067],[20.30388,59.97569],[20.29744,59.97598],[20.29364,59.98234],[20.2823,59.9781],[20.28059,59.97139],[20.2837,59.96877],[20.28918,59.97042],[20.29531,59.96965],[20.29684,59.96542]]],[[[20.31959,59.96646],[20.32296,59.97068],[20.31792,59.9743],[20.31304,59.97306],[20.31609,59.96808],[20.31959,59.96646]]],[[[20.34099,59.96681],[20.35084,59.96876],[20.34499,59.9735],[20.34099,59.96681]]],[[[20.41664,59.96982],[20.41428,59.97434],[20.40582,59.97192],[20.41664,59.96982]]],[[[20.2771,59.96268],[20.27463,59.96604],[20.26836,59.96794],[20.26542,59.96541],[20.2709,59.96309],[20.2771,59.96268]]],[[[20.45491,59.96792],[20.45988,59.96822],[20.46293,59.97099],[20.45846,59.97251],[20.45491,59.96792]]],[[[20.30369,59.95264],[20.30334,59.9582],[20.29722,59.95794],[20.29962,59.95369],[20.30369,59.95264]]],[[[20.21405,59.93618],[20.21759,59.93728],[20.22823,59.93712],[20.22917,59.94066],[20.22216,59.94124],[20.21131,59.9394],[20.21405,59.93618]]],[[[20.62096,59.94385],[20.62531,59.94432],[20.62755,59.94844],[20.62028,59.94741],[20.62096,59.94385]]],[[[20.96672,59.95942],[20.96994,59.95969],[20.96822,59.96638],[20.95746,59.9598],[20.96672,59.95942]]],[[[21.02061,59.95115],[21.01935,59.95378],[21.00493,59.95443],[21.00808,59.9521],[21.01668,59.95275],[21.02061,59.95115]]],[[[20.87522,59.9408],[20.88966,59.94866],[20.88216,59.95001],[20.87607,59.94876],[20.8694,59.94313],[20.87522,59.9408]]],[[[21.03737,59.94495],[21.04223,59.9485],[21.03455,59.94975],[21.02939,59.94738],[21.03737,59.94495]]],[[[21.01451,59.94163],[21.0212,59.9443],[21.02094,59.94751],[21.00874,59.94657],[21.01451,59.94163]]],[[[21.06399,59.94113],[21.0609,59.94321],[21.05388,59.94361],[21.05074,59.94089],[21.06399,59.94113]]],[[[21.03693,59.93742],[21.03843,59.93949],[21.03194,59.94176],[21.0304,59.93859],[21.03693,59.93742]]],[[[21.05851,59.93658],[21.0638,59.93754],[21.06078,59.94062],[21.05297,59.94022],[21.0531,59.93715],[21.05851,59.93658]]],[[[21.01347,59.92647],[21.01422,59.93084],[21.00643,59.93204],[21.00615,59.92931],[21.01347,59.92647]]],[[[21.04788,59.92768],[21.05303,59.93034],[21.05083,59.93404],[21.04365,59.93486],[21.0433,59.92813],[21.04788,59.92768]]],[[[20.98381,59.91852],[20.98764,59.92088],[20.99503,59.92144],[20.99125,59.92527],[20.99547,59.92905],[20.98928,59.93751],[20.97896,59.94033],[20.97152,59.94126],[20.96199,59.9408],[20.96327,59.94501],[20.97455,59.94284],[20.99202,59.94391],[20.99681,59.94193],[21.00343,59.94274],[21.00577,59.94927],[21.00434,59.95218],[20.99832,59.95453],[20.9909,59.95465],[20.98037,59.95037],[20.97121,59.95453],[20.96599,59.9589],[20.94752,59.95641],[20.94776,59.96003],[20.93756,59.96319],[20.92528,59.9624],[20.91762,59.95979],[20.91017,59.95575],[20.91743,59.95243],[20.90993,59.94918],[20.91556,59.94478],[20.92217,59.94395],[20.92751,59.9412],[20.92602,59.93878],[20.93503,59.93384],[20.95364,59.93505],[20.96979,59.92742],[20.96858,59.92384],[20.97727,59.92207],[20.98381,59.91852]]],[[[20.95997,59.91594],[20.95912,59.92044],[20.94995,59.92152],[20.95491,59.91651],[20.95997,59.91594]]],[[[20.92733,59.91234],[20.93149,59.9149],[20.93212,59.91851],[20.93939,59.91804],[20.94374,59.91996],[20.94367,59.92318],[20.96072,59.92174],[20.96799,59.92486],[20.96038,59.93022],[20.95054,59.93364],[20.9328,59.93296],[20.92373,59.93137],[20.91762,59.93255],[20.91757,59.9265],[20.91255,59.91911],[20.92183,59.91322],[20.92733,59.91234]]],[[[20.9647,59.90542],[20.96964,59.90869],[20.95525,59.91004],[20.95561,59.907],[20.9647,59.90542]]],[[[20.94743,59.90417],[20.94774,59.90757],[20.9362,59.90733],[20.9379,59.90466],[20.94743,59.90417]]],[[[20.92295,59.90228],[20.92664,59.90288],[20.92594,59.90992],[20.9126,59.90955],[20.91853,59.91358],[20.90893,59.91732],[20.91411,59.9222],[20.91064,59.92475],[20.9135,59.92979],[20.90877,59.93161],[20.90916,59.93511],[20.90386,59.93707],[20.90209,59.94522],[20.89544,59.94568],[20.88374,59.93962],[20.87851,59.94116],[20.87282,59.938],[20.86559,59.93809],[20.86211,59.93537],[20.86016,59.92996],[20.85368,59.92788],[20.85999,59.92267],[20.86145,59.91925],[20.87255,59.91415],[20.87768,59.914],[20.87981,59.91106],[20.88884,59.91174],[20.89994,59.90773],[20.89908,59.90409],[20.9098,59.90176],[20.92295,59.90228]]],[[[20.98584,59.90251],[20.99719,59.90417],[20.99359,59.90724],[20.97455,59.90844],[20.97317,59.90414],[20.98584,59.90251]]],[[[20.89192,59.89228],[20.8985,59.89296],[20.90613,59.89564],[20.89537,59.89862],[20.89535,59.895],[20.89192,59.89228]]],[[[19.92198,59.8359],[19.92593,59.83733],[19.92243,59.84175],[19.91773,59.84283],[19.91434,59.83939],[19.9152,59.83617],[19.92198,59.8359]]],[[[20.94807,59.88484],[20.95439,59.88843],[20.94467,59.89114],[20.93832,59.89415],[20.92213,59.89124],[20.92662,59.88726],[20.93684,59.88983],[20.94807,59.88484]]],[[[20.93251,59.8799],[20.93375,59.88365],[20.92538,59.88366],[20.92067,59.88719],[20.90477,59.88882],[20.90344,59.88386],[20.91944,59.88475],[20.92104,59.88079],[20.93251,59.8799]]],[[[20.89791,59.87031],[20.90686,59.8715],[20.90945,59.87424],[20.90597,59.87773],[20.89716,59.8735],[20.89791,59.87031]]],[[[20.93256,59.86626],[20.93495,59.86843],[20.92087,59.87121],[20.92338,59.87339],[20.93032,59.87269],[20.93601,59.87418],[20.93258,59.87812],[20.92244,59.8783],[20.9168,59.87623],[20.91287,59.87226],[20.91558,59.86985],[20.92619,59.86628],[20.93256,59.86626]]],[[[20.92402,59.86014],[20.93759,59.86379],[20.93804,59.86567],[20.92256,59.8653],[20.92402,59.86014]]],[[[20.98177,59.8311],[20.99077,59.83345],[20.98813,59.83608],[20.98099,59.83409],[20.98177,59.8311]]],[[[20.95969,59.81286],[20.96513,59.81606],[20.95956,59.81708],[20.95969,59.81286]]]]}}]}