{"type":"FeatureCollection","meta":{"vintage":"Helsinki Piirijako 2026 + HSY Seutukartta 2021","crs":"EPSG:4326","publisher":"Helsingin kaupunki · HSY","licence":"CC BY 4.0","simplified":"50.00% (mapshaper)","unnamed":9,"note":"Helsinki from avoindata:Piirijako_osaalue (2026-09-23); Espoo, Vantaa and Kauniainen from HSY Seutukartta 2021, which is the only single layer covering all four and is frozen at 2021."},"features":[{"type":"Feature","properties":{"code":"091392","kunta":"091","kokotun":"0915503392","name":"Tapanila","name_sv":"Mosabacka","named":true,"peruspiiri_code":"091033","peruspiiri":"","source":"Helsingin kaupunki, Piirijako_osaalue (2026)","bb":[60.25446,25.01124,60.26972,25.03651],"c":[60.26284,25.02268]},"geometry":{"type":"Polygon","coordinates":[[[25.03637,60.26577],[25.03598,60.26576],[25.03549,60.26577],[25.0352,60.26578],[25.03486,60.26582],[25.0346,60.26586],[25.03422,60.26593],[25.03369,60.26606],[25.03329,60.26617],[25.0319,60.26671],[25.03193,60.26677],[25.02868,60.2689],[25.02806,60.26905],[25.02761,60.26915],[25.02718,60.26923],[25.02524,60.26952],[25.02466,60.26967],[25.02444,60.26971],[25.02379,60.26972],[25.02331,60.26972],[25.02268,60.2697],[25.02241,60.2697],[25.02232,60.26966],[25.02116,60.26965],[25.021,60.26962],[25.02035,60.26957],[25.0183,60.26946],[25.01778,60.26912],[25.01675,60.26864],[25.01637,60.26853],[25.01589,60.26835],[25.01537,60.2682],[25.014,60.2679],[25.01362,60.26782],[25.01423,60.26757],[25.01477,60.26751],[25.01543,60.26667],[25.01553,60.26648],[25.01554,60.26637],[25.01553,60.26626],[25.01544,60.26608],[25.01533,60.26599],[25.01513,60.26586],[25.01396,60.26505],[25.01148,60.26265],[25.01141,60.2626],[25.01129,60.26244],[25.01124,60.26226],[25.01127,60.26207],[25.01149,60.26143],[25.01168,60.26107],[25.01201,60.26038],[25.01206,60.26028],[25.01254,60.25949],[25.0128,60.25913],[25.01226,60.2589],[25.01243,60.25885],[25.01253,60.25839],[25.0127,60.25775],[25.01287,60.25733],[25.013,60.25711],[25.01297,60.25709],[25.01305,60.25687],[25.01398,60.25587],[25.01391,60.25576],[25.01422,60.25543],[25.01437,60.25529],[25.01452,60.25533],[25.01472,60.25515],[25.01503,60.25491],[25.01535,60.25472],[25.01558,60.2546],[25.01588,60.25446],[25.01845,60.25614],[25.01973,60.25698],[25.01986,60.25706],[25.02287,60.25903],[25.02357,60.25877],[25.02379,60.2589],[25.0243,60.25873],[25.02474,60.25853],[25.02546,60.25825],[25.02555,60.25813],[25.02633,60.25755],[25.02625,60.25734],[25.02652,60.25683],[25.02661,60.25674],[25.02672,60.25668],[25.02696,60.25663],[25.02737,60.25661],[25.02801,60.25656],[25.0286,60.2565],[25.02973,60.25635],[25.03213,60.26016],[25.03337,60.26199],[25.03499,60.26446],[25.03511,60.26463],[25.03522,60.26464],[25.03543,60.26477],[25.03588,60.26502],[25.03601,60.2651],[25.03622,60.26523],[25.03625,60.26525],[25.03636,60.26533],[25.03644,60.2654],[25.0365,60.26553],[25.03651,60.26559],[25.03651,60.26569],[25.03637,60.26577]]]}},{"type":"Feature","properties":{"code":"091385","kunta":"091","kokotun":"0915503385","name":"Malmin lentokenttä","name_sv":"Malms flygfält","named":true,"peruspiiri_code":"091033","peruspiiri":"","source":"Helsingin kaupunki, Piirijako_osaalue (2026)","bb":[60.24414,25.0281,60.26584,25.0596],"c":[60.25369,25.0411]},"geometry":{"type":"Polygon","coordinates":[[[25.03651,60.26559],[25.0365,60.26553],[25.03644,60.2654],[25.03636,60.26533],[25.03625,60.26525],[25.03622,60.26523],[25.03601,60.2651],[25.03588,60.26502],[25.03543,60.26477],[25.03522,60.26464],[25.03511,60.26463],[25.03499,60.26446],[25.03337,60.26199],[25.03213,60.26016],[25.02973,60.25635],[25.0296,60.25626],[25.02956,60.25609],[25.02894,60.25507],[25.02847,60.25395],[25.02851,60.25395],[25.02915,60.25299],[25.0281,60.25053],[25.02881,60.25028],[25.02922,60.25017],[25.02961,60.25005],[25.03255,60.24923],[25.03279,60.24875],[25.03318,60.24809],[25.03397,60.24682],[25.03531,60.24463],[25.03561,60.24417],[25.03626,60.24419],[25.03696,60.2442],[25.03707,60.24415],[25.03778,60.24414],[25.03819,60.24414],[25.0391,60.24418],[25.0488,60.24627],[25.05168,60.24687],[25.05318,60.24719],[25.0538,60.24736],[25.0543,60.24749],[25.05525,60.24768],[25.05555,60.24774],[25.05628,60.24789],[25.05717,60.24819],[25.05754,60.24837],[25.0578,60.24852],[25.05844,60.24898],[25.059,60.24946],[25.05914,60.24965],[25.05943,60.25097],[25.0596,60.25174],[25.05321,60.25233],[25.04571,60.2553],[25.04501,60.26039],[25.04451,60.26407],[25.04172,60.26536],[25.04181,60.26552],[25.04122,60.26571],[25.04081,60.26577],[25.04037,60.26581],[25.03948,60.26584],[25.03839,60.26583],[25.0371,60.26579],[25.03637,60.26577],[25.03651,60.26569],[25.03651,60.26559]]]}},{"type":"Feature","properties":{"code":"091121","kunta":"091","kokotun":"0913302121","name":"Harju","name_sv":"Ås","named":true,"peruspiiri_code":"091021","peruspiiri":"","source":"Helsingin kaupunki, Piirijako_osaalue (2026)","bb":[60.18572,24.94007,60.19046,24.96421],"c":[60.18804,24.95263]},"geometry":{"type":"Polygon","coordinates":[[[24.94007,60.18572],[24.94339,60.1862],[24.94438,60.18626],[24.94611,60.18631],[24.95058,60.18643],[24.95156,60.18645],[24.95173,60.18645],[24.95169,60.1868],[24.95299,60.18685],[24.95904,60.18738],[24.95985,60.18744],[24.96067,60.18748],[24.96149,60.18751],[24.96193,60.18737],[24.96202,60.18744],[24.96313,60.1877],[24.9633,60.18775],[24.96348,60.18778],[24.9636,60.18794],[24.96381,60.18832],[24.96394,60.18847],[24.96421,60.18896],[24.96307,60.18912],[24.96199,60.18925],[24.95901,60.18925],[24.95855,60.18924],[24.95524,60.18924],[24.95472,60.18924],[24.95421,60.18927],[24.95371,60.18931],[24.95319,60.18937],[24.95272,60.18943],[24.95233,60.1895],[24.95181,60.18961],[24.9513,60.18974],[24.95081,60.18989],[24.95029,60.19007],[24.94999,60.19019],[24.94934,60.19046],[24.94815,60.18977],[24.94771,60.18952],[24.94669,60.18892],[24.94638,60.1888],[24.94629,60.1888],[24.94549,60.18833],[24.9455,60.18825],[24.944,60.18724],[24.94385,60.18714],[24.94248,60.18661],[24.94007,60.18572]]]}},{"type":"Feature","properties":{"code":"091122","kunta":"091","kokotun":"0913302122","name":"Alppila","name_sv":"Alphyddan","named":true,"peruspiiri_code":"091021","peruspiiri":"","source":"Helsingin kaupunki, Piirijako_osaalue (2026)","bb":[60.18516,24.93263,60.19578,24.94934],"c":[60.19041,24.93967]},"geometry":{"type":"Polygon","coordinates":[[[24.94934,60.19046],[24.94856,60.19079],[24.94627,60.19175],[24.94295,60.19314],[24.94116,60.19389],[24.93767,60.19535],[24.93668,60.19576],[24.9365,60.19577],[24.93632,60.19578],[24.93577,60.19564],[24.93443,60.19531],[24.93441,60.19525],[24.93449,60.19524],[24.93413,60.19401],[24.93398,60.19336],[24.93389,60.1932],[24.93379,60.19288],[24.93349,60.19292],[24.93305,60.19288],[24.93263,60.19284],[24.93265,60.19278],[24.93625,60.18516],[24.94007,60.18572],[24.94248,60.18661],[24.94385,60.18714],[24.944,60.18724],[24.9455,60.18825],[24.94549,60.18833],[24.94629,60.1888],[24.94638,60.1888],[24.94669,60.18892],[24.94771,60.18952],[24.94815,60.18977],[24.94934,60.19046]]]}},{"type":"Feature","properties":{"code":"091130","kunta":"091","kokotun":"0911103130","name":"Etu-Töölö","name_sv":"Främre Tölö","named":true,"peruspiiri_code":"091031","peruspiiri":"","source":"Helsingin kaupunki, Piirijako_osaalue (2026)","bb":[60.16674,24.88223,60.18174,24.93498],"c":[60.17394,24.90839]},"geometry":{"type":"Polygon","coordinates":[[[24.92089,60.1675],[24.9216,60.16753],[24.92238,60.16776],[24.92384,60.16821],[24.92476,60.16854],[24.92485,60.16852],[24.92501,60.16863],[24.92516,60.16868],[24.92595,60.16894],[24.92718,60.16932],[24.92691,60.16951],[24.92728,60.16961],[24.92874,60.17007],[24.92905,60.17016],[24.93195,60.17105],[24.93265,60.1713],[24.93297,60.17142],[24.93331,60.17156],[24.93381,60.17178],[24.93435,60.17205],[24.93396,60.17212],[24.93381,60.17237],[24.93393,60.17239],[24.93356,60.17297],[24.93345,60.17295],[24.93325,60.17326],[24.9338,60.17335],[24.9334,60.17376],[24.93498,60.17447],[24.93289,60.17805],[24.93262,60.17801],[24.93208,60.17891],[24.931,60.17849],[24.92975,60.178],[24.92918,60.17779],[24.92796,60.17765],[24.92261,60.17706],[24.92208,60.17708],[24.9212,60.17708],[24.91211,60.17603],[24.90635,60.17854],[24.89899,60.18174],[24.88223,60.17211],[24.89517,60.16674],[24.90062,60.16992],[24.90395,60.17185],[24.90421,60.17208],[24.90451,60.17234],[24.9061,60.17274],[24.90789,60.17329],[24.90912,60.17291],[24.90925,60.17288],[24.90947,60.17286],[24.90977,60.17289],[24.90995,60.17295],[24.91054,60.17277],[24.91265,60.17213],[24.92061,60.16972],[24.92089,60.1675]]]}},{"type":"Feature","properties":{"code":"091411","kunta":"091","kokotun":"0915505411","name":"Puistola","name_sv":"Parkstad","named":true,"peruspiiri_code":"091054","peruspiiri":"","source":"Helsingin kaupunki, Piirijako_osaalue (2026)","bb":[60.26315,25.0319,60.28519,25.07034],"c":[60.27126,25.04848]},"geometry":{"type":"Polygon","coordinates":[[[25.03193,60.26677],[25.0319,60.26671],[25.03329,60.26617],[25.03369,60.26606],[25.03422,60.26593],[25.0346,60.26586],[25.03486,60.26582],[25.0352,60.26578],[25.03549,60.26577],[25.03598,60.26576],[25.03637,60.26577],[25.0371,60.26579],[25.03839,60.26583],[25.03948,60.26584],[25.04037,60.26581],[25.04081,60.26577],[25.04122,60.26571],[25.04181,60.26552],[25.04298,60.26575],[25.04653,60.26501],[25.05009,60.26438],[25.05377,60.26394],[25.05693,60.26372],[25.05803,60.26367],[25.06244,60.26353],[25.06681,60.2634],[25.06769,60.26336],[25.06837,60.26331],[25.06952,60.26321],[25.07034,60.26315],[25.06918,60.26365],[25.06791,60.26418],[25.06583,60.26512],[25.06537,60.26536],[25.06523,60.26538],[25.06516,60.26551],[25.06438,60.26635],[25.06452,60.2671],[25.06452,60.26719],[25.0644,60.26749],[25.06436,60.26757],[25.06425,60.2677],[25.06381,60.26814],[25.06371,60.26825],[25.06363,60.26843],[25.06339,60.26935],[25.06326,60.26968],[25.06293,60.26986],[25.06343,60.26986],[25.06328,60.27026],[25.06318,60.27056],[25.06305,60.27093],[25.0628,60.27157],[25.06278,60.27173],[25.06265,60.2721],[25.06257,60.27227],[25.06233,60.27262],[25.06122,60.27404],[25.06103,60.27431],[25.06085,60.2746],[25.06076,60.27485],[25.06066,60.27486],[25.06053,60.27492],[25.06001,60.27559],[25.05961,60.27561],[25.05947,60.27613],[25.05662,60.27581],[25.05594,60.27586],[25.05409,60.27597],[25.05339,60.27602],[25.05296,60.27638],[25.05215,60.27707],[25.05065,60.27832],[25.05021,60.27827],[25.04969,60.2782],[25.04916,60.27811],[25.04863,60.27801],[25.04811,60.27791],[25.04708,60.2777],[25.04705,60.27773],[25.04669,60.27814],[25.04639,60.27848],[25.04604,60.27887],[25.04574,60.27842],[25.04516,60.27854],[25.04516,60.27864],[25.04515,60.27886],[25.04514,60.27923],[25.04505,60.27934],[25.04487,60.27946],[25.04435,60.27989],[25.04418,60.28001],[25.04373,60.27988],[25.0435,60.28018],[25.04311,60.28062],[25.04307,60.28066],[25.04266,60.28115],[25.04249,60.2811],[25.04226,60.28151],[25.0423,60.28152],[25.04247,60.28158],[25.04341,60.28191],[25.04318,60.28218],[25.04306,60.28235],[25.04252,60.28281],[25.04222,60.28307],[25.04226,60.28316],[25.04156,60.28329],[25.0412,60.28362],[25.04073,60.28406],[25.04065,60.28414],[25.04088,60.28474],[25.04047,60.28519],[25.04026,60.28475],[25.03872,60.28141],[25.03821,60.28029],[25.03756,60.27889],[25.03755,60.27884],[25.03666,60.27691],[25.03671,60.27691],[25.03584,60.27501],[25.03589,60.27501],[25.03573,60.27466],[25.03562,60.27467],[25.03233,60.26756],[25.03193,60.26677]]]}},{"type":"Feature","properties":{"code":"091140","kunta":"091","kokotun":"0911104140","name":"Taka-Töölö","name_sv":"Bortre Tölö","named":true,"peruspiiri_code":"091041","peruspiiri":"","source":"Helsingin kaupunki, Piirijako_osaalue (2026)","bb":[60.17603,24.89899,60.19278,24.93625],"c":[60.18361,24.92024]},"geometry":{"type":"Polygon","coordinates":[[[24.89899,60.18174],[24.90635,60.17854],[24.91211,60.17603],[24.9212,60.17708],[24.92208,60.17708],[24.92261,60.17706],[24.92796,60.17765],[24.92918,60.17779],[24.92975,60.178],[24.931,60.17849],[24.93208,60.17891],[24.93502,60.18005],[24.93345,60.18317],[24.93598,60.18512],[24.93625,60.18516],[24.93265,60.19278],[24.93116,60.19253],[24.93044,60.19242],[24.92974,60.19231],[24.92928,60.19223],[24.92842,60.19206],[24.92637,60.19163],[24.92549,60.19143],[24.92488,60.19127],[24.92441,60.19114],[24.92373,60.19093],[24.92328,60.19077],[24.92289,60.19063],[24.92253,60.19049],[24.92202,60.19027],[24.92174,60.19014],[24.9213,60.18991],[24.92103,60.18977],[24.92015,60.18976],[24.91858,60.18969],[24.91712,60.18963],[24.91626,60.18957],[24.91549,60.18939],[24.91516,60.18931],[24.91468,60.18916],[24.91407,60.18895],[24.91359,60.18875],[24.91322,60.18856],[24.91269,60.1883],[24.91198,60.18792],[24.91154,60.18766],[24.91107,60.18735],[24.91069,60.18709],[24.91038,60.18687],[24.91007,60.18662],[24.90979,60.18639],[24.90945,60.18608],[24.90909,60.18573],[24.90869,60.18528],[24.90819,60.18493],[24.90783,60.185],[24.90648,60.18523],[24.90564,60.18541],[24.90548,60.18546],[24.89899,60.18174]]]}},{"type":"Feature","properties":{"code":"091150","kunta":"091","kokotun":"0912201150","name":"Meilahti","name_sv":"Mejlans","named":true,"peruspiiri_code":"091011","peruspiiri":"","source":"Helsingin kaupunki, Piirijako_osaalue (2026)","bb":[60.17211,24.86882,60.19745,24.91626],"c":[60.18525,24.89047]},"geometry":{"type":"Polygon","coordinates":[[[24.89899,60.18174],[24.90548,60.18546],[24.90564,60.18541],[24.90648,60.18523],[24.90783,60.185],[24.90819,60.18493],[24.90869,60.18528],[24.90909,60.18573],[24.90945,60.18608],[24.90979,60.18639],[24.91007,60.18662],[24.91038,60.18687],[24.91069,60.18709],[24.91107,60.18735],[24.91154,60.18766],[24.91198,60.18792],[24.91269,60.1883],[24.91322,60.18856],[24.91359,60.18875],[24.91407,60.18895],[24.91468,60.18916],[24.91516,60.18931],[24.91549,60.18939],[24.91626,60.18957],[24.91314,60.19096],[24.91201,60.19137],[24.90133,60.1951],[24.90106,60.19745],[24.89953,60.19741],[24.89955,60.19728],[24.89948,60.19726],[24.89945,60.1971],[24.89937,60.19703],[24.89789,60.19629],[24.89745,60.19576],[24.89744,60.1957],[24.89652,60.19542],[24.89643,60.1954],[24.89648,60.19535],[24.89587,60.19506],[24.89524,60.19491],[24.89526,60.19489],[24.89479,60.19465],[24.8949,60.1945],[24.89523,60.19435],[24.89491,60.19418],[24.89493,60.19398],[24.89446,60.19384],[24.89416,60.19381],[24.89385,60.19383],[24.89042,60.19544],[24.89033,60.1954],[24.88976,60.19559],[24.88915,60.19575],[24.88881,60.19582],[24.88198,60.19151],[24.87667,60.18592],[24.86882,60.17767],[24.88223,60.17211],[24.89899,60.18174]]]}},{"type":"Feature","properties":{"code":"091171","kunta":"091","kokotun":"0913304171","name":"Länsi-Pasila","name_sv":"Västra Böle","named":true,"peruspiiri_code":"091041","peruspiiri":"","source":"Helsingin kaupunki, Piirijako_osaalue (2026)","bb":[60.19114,24.90754,60.2128,24.92993],"c":[60.2019,24.92042]},"geometry":{"type":"Polygon","coordinates":[[[24.92928,60.19223],[24.92908,60.19253],[24.92905,60.19276],[24.92906,60.19286],[24.92911,60.19297],[24.92917,60.19304],[24.92968,60.19353],[24.92979,60.19365],[24.92987,60.1938],[24.92991,60.19392],[24.92993,60.19408],[24.92992,60.19419],[24.92986,60.1944],[24.92953,60.19511],[24.92766,60.19897],[24.92744,60.19895],[24.92569,60.20266],[24.92547,60.20291],[24.92589,60.20399],[24.92559,60.20424],[24.92635,60.20448],[24.9264,60.20453],[24.9254,60.20531],[24.92506,60.20552],[24.92478,60.20568],[24.92292,60.20661],[24.92275,60.20671],[24.92047,60.20782],[24.92032,60.20789],[24.91911,60.20853],[24.91438,60.21088],[24.91404,60.2111],[24.91387,60.21119],[24.9131,60.21155],[24.91056,60.2128],[24.90754,60.20862],[24.90857,60.2082],[24.90951,60.2083],[24.91363,60.20588],[24.91453,60.20564],[24.91536,60.20505],[24.91643,60.20477],[24.91582,60.20419],[24.91626,60.20407],[24.91664,60.20399],[24.91684,60.20394],[24.91678,60.20389],[24.91653,60.20379],[24.91638,60.20371],[24.91627,60.20362],[24.91619,60.20352],[24.91614,60.20339],[24.91614,60.20331],[24.91617,60.20321],[24.91644,60.20264],[24.91704,60.20245],[24.91788,60.19657],[24.92251,60.19436],[24.92257,60.19427],[24.92223,60.19339],[24.92239,60.19316],[24.92331,60.1927],[24.92344,60.19261],[24.92401,60.19184],[24.92441,60.19114],[24.92488,60.19127],[24.92549,60.19143],[24.92637,60.19163],[24.92842,60.19206],[24.92928,60.19223]]]}},{"type":"Feature","properties":{"code":"091172","kunta":"091","kokotun":"0913304172","name":"Pohjois-Pasila","name_sv":"Norra Böle","named":true,"peruspiiri_code":"091041","peruspiiri":"","source":"Helsingin kaupunki, Piirijako_osaalue (2026)","bb":[60.2066,24.91056,60.2207,24.94375],"c":[60.2142,24.92591]},"geometry":{"type":"Polygon","coordinates":[[[24.9338,60.20718],[24.93373,60.20719],[24.93406,60.2078],[24.93437,60.20797],[24.93561,60.21062],[24.93709,60.21348],[24.93817,60.21483],[24.94096,60.21692],[24.9418,60.21734],[24.94203,60.21744],[24.94254,60.21768],[24.94294,60.21789],[24.94346,60.21819],[24.94375,60.21838],[24.94269,60.21922],[24.93856,60.21863],[24.93816,60.21849],[24.93524,60.21825],[24.93504,60.21818],[24.93407,60.21812],[24.93407,60.21818],[24.93354,60.21817],[24.93353,60.21831],[24.93346,60.21868],[24.93329,60.2193],[24.93304,60.22008],[24.93289,60.22048],[24.93285,60.22054],[24.93272,60.22061],[24.93256,60.22063],[24.93184,60.22067],[24.9311,60.22069],[24.93046,60.2207],[24.93017,60.2207],[24.92924,60.22067],[24.92871,60.22064],[24.92382,60.22029],[24.92276,60.22024],[24.91369,60.21959],[24.91464,60.21844],[24.91056,60.2128],[24.9131,60.21155],[24.91387,60.21119],[24.91404,60.2111],[24.91438,60.21088],[24.91911,60.20853],[24.92263,60.20783],[24.92406,60.20757],[24.92472,60.20747],[24.92532,60.2074],[24.9293,60.20693],[24.93024,60.20682],[24.93101,60.20675],[24.93232,60.20665],[24.93314,60.20661],[24.93329,60.2066],[24.93333,60.2067],[24.93346,60.20687],[24.9338,60.20718]]]}},{"type":"Feature","properties":{"code":"091173","kunta":"091","kokotun":"0913304173","name":"Itä-Pasila","name_sv":"Östra Böle","named":true,"peruspiiri_code":"091041","peruspiiri":"","source":"Helsingin kaupunki, Piirijako_osaalue (2026)","bb":[60.19564,24.93263,60.20885,24.94772],"c":[60.20229,24.93966]},"geometry":{"type":"Polygon","coordinates":[[[24.94486,60.20065],[24.94485,60.20082],[24.94488,60.20094],[24.94527,60.20252],[24.94531,60.20273],[24.94532,60.20287],[24.94542,60.20511],[24.94549,60.20683],[24.94554,60.20796],[24.9455,60.20819],[24.94523,60.20885],[24.94359,60.20867],[24.94314,60.20859],[24.94246,60.20845],[24.94205,60.20835],[24.94047,60.20791],[24.93755,60.207],[24.93705,60.20689],[24.93695,60.20697],[24.93677,60.20708],[24.93658,60.20718],[24.9363,60.2073],[24.93609,60.20737],[24.93593,60.20741],[24.93557,60.20747],[24.93519,60.2075],[24.93501,60.20749],[24.93473,60.20747],[24.93451,60.20743],[24.93426,60.20737],[24.93394,60.20726],[24.9338,60.20718],[24.93346,60.20687],[24.93333,60.2067],[24.93329,60.2066],[24.93314,60.20661],[24.93288,60.20602],[24.93269,60.2043],[24.93263,60.20336],[24.93276,60.20242],[24.9331,60.20147],[24.93566,60.19606],[24.93577,60.19564],[24.93632,60.19578],[24.9365,60.19577],[24.93615,60.1965],[24.94018,60.19626],[24.94019,60.19632],[24.94077,60.19646],[24.94078,60.19658],[24.94149,60.19677],[24.94203,60.19678],[24.94368,60.19682],[24.94403,60.19685],[24.94427,60.19688],[24.94462,60.19694],[24.94492,60.197],[24.94534,60.19713],[24.94556,60.19722],[24.9459,60.19738],[24.94772,60.19839],[24.9475,60.19849],[24.94736,60.19857],[24.94537,60.19995],[24.94528,60.20002],[24.94508,60.2002],[24.94498,60.20033],[24.94488,60.20054],[24.94486,60.20065]]]}},{"type":"Feature","properties":{"code":"091174","kunta":"091","kokotun":"0913304174","name":"Keski-Pasila","name_sv":"Mellersta Böle","named":true,"peruspiiri_code":"091041","peruspiiri":"","source":"Helsingin kaupunki, Piirijako_osaalue (2026)","bb":[60.19223,24.91911,60.20853,24.93577],"c":[60.20073,24.92995]},"geometry":{"type":"Polygon","coordinates":[[[24.91911,60.20853],[24.92032,60.20789],[24.92047,60.20782],[24.92275,60.20671],[24.92292,60.20661],[24.92478,60.20568],[24.92506,60.20552],[24.9254,60.20531],[24.9264,60.20453],[24.92635,60.20448],[24.92559,60.20424],[24.92589,60.20399],[24.92547,60.20291],[24.92569,60.20266],[24.92744,60.19895],[24.92766,60.19897],[24.92953,60.19511],[24.92986,60.1944],[24.92992,60.19419],[24.92993,60.19408],[24.92991,60.19392],[24.92987,60.1938],[24.92979,60.19365],[24.92968,60.19353],[24.92917,60.19304],[24.92911,60.19297],[24.92906,60.19286],[24.92905,60.19276],[24.92908,60.19253],[24.92928,60.19223],[24.92974,60.19231],[24.93044,60.19242],[24.93116,60.19253],[24.93265,60.19278],[24.93263,60.19284],[24.93305,60.19288],[24.93349,60.19292],[24.93379,60.19288],[24.93389,60.1932],[24.93398,60.19336],[24.93413,60.19401],[24.93449,60.19524],[24.93441,60.19525],[24.93443,60.19531],[24.93577,60.19564],[24.93566,60.19606],[24.9331,60.20147],[24.93276,60.20242],[24.93263,60.20336],[24.93269,60.2043],[24.93288,60.20602],[24.93314,60.20661],[24.93232,60.20665],[24.93101,60.20675],[24.93024,60.20682],[24.9293,60.20693],[24.92532,60.2074],[24.92472,60.20747],[24.92406,60.20757],[24.92263,60.20783],[24.91911,60.20853]]]}},{"type":"Feature","properties":{"code":"091180","kunta":"091","kokotun":"0912201180","name":"Laakso","name_sv":"Dal","named":true,"peruspiiri_code":"091011","peruspiiri":"","source":"Helsingin kaupunki, Piirijako_osaalue (2026)","bb":[60.18957,24.90106,60.1975,24.92441],"c":[60.19395,24.91339]},"geometry":{"type":"Polygon","coordinates":[[[24.91788,60.19657],[24.91045,60.19742],[24.90843,60.19739],[24.90816,60.19738],[24.90286,60.19724],[24.90282,60.19724],[24.90279,60.1975],[24.90171,60.19747],[24.90106,60.19745],[24.90133,60.1951],[24.91201,60.19137],[24.91314,60.19096],[24.91626,60.18957],[24.91712,60.18963],[24.91858,60.18969],[24.92015,60.18976],[24.92103,60.18977],[24.9213,60.18991],[24.92174,60.19014],[24.92202,60.19027],[24.92253,60.19049],[24.92289,60.19063],[24.92328,60.19077],[24.92373,60.19093],[24.92441,60.19114],[24.92401,60.19184],[24.92344,60.19261],[24.92331,60.1927],[24.92239,60.19316],[24.92223,60.19339],[24.92257,60.19427],[24.92251,60.19436],[24.91788,60.19657]]]}},{"type":"Feature","properties":{"code":"091190","kunta":"091","kokotun":"0916601190","name":"Mustikkamaa-Korkeasaari","name_sv":"Blåbärslandet-Högholmen","named":true,"peruspiiri_code":"091011","peruspiiri":"","source":"Helsingin kaupunki, Piirijako_osaalue (2026)","bb":[60.16856,24.97682,60.18606,25.00371],"c":[60.17598,24.99049]},"geometry":{"type":"Polygon","coordinates":[[[24.98269,60.18224],[24.97853,60.17876],[24.97682,60.175],[24.9786,60.16991],[24.97907,60.16857],[25.00323,60.16856],[25.00205,60.17427],[25.00371,60.18083],[25.0014,60.18156],[24.99668,60.18306],[24.99647,60.18312],[24.98889,60.18553],[24.98721,60.18606],[24.98703,60.18585],[24.98684,60.1857],[24.98625,60.1852],[24.98269,60.18224]]]}},{"type":"Feature","properties":{"code":"091201","kunta":"091","kokotun":"0911103201","name":"Ruoholahti","name_sv":"Gräsviken","named":true,"peruspiiri_code":"091032","peruspiiri":"","source":"Helsingin kaupunki, Piirijako_osaalue (2026)","bb":[60.15878,24.89517,60.16992,24.92245],"c":[60.16385,24.90615]},"geometry":{"type":"Polygon","coordinates":[[[24.92064,60.16483],[24.91619,60.16468],[24.91474,60.16463],[24.91468,60.16506],[24.91453,60.16601],[24.91375,60.16623],[24.91175,60.16616],[24.91114,60.16625],[24.91045,60.16641],[24.91007,60.16653],[24.90962,60.16666],[24.90915,60.16678],[24.90843,60.16692],[24.908,60.16698],[24.90749,60.167],[24.90733,60.16703],[24.90705,60.1671],[24.90643,60.16716],[24.90585,60.16721],[24.90062,60.16992],[24.89517,60.16674],[24.89722,60.1659],[24.89722,60.15878],[24.89812,60.1589],[24.90499,60.15968],[24.91293,60.16144],[24.91395,60.16166],[24.91807,60.16182],[24.92133,60.16193],[24.92195,60.16196],[24.92219,60.16215],[24.92245,60.16246],[24.92184,60.16285],[24.92166,60.16237],[24.92157,60.16238],[24.92092,60.16285],[24.92064,60.16483]]]}},{"type":"Feature","properties":{"code":"091202","kunta":"091","kokotun":"0911103202","name":"Lapinlahti","name_sv":"Lappviken","named":true,"peruspiiri_code":"091032","peruspiiri":"","source":"Helsingin kaupunki, Piirijako_osaalue (2026)","bb":[60.16463,24.90062,60.17329,24.92096],"c":[60.16899,24.91188]},"geometry":{"type":"Polygon","coordinates":[[[24.92064,60.16483],[24.92081,60.16486],[24.92094,60.16507],[24.92089,60.16541],[24.92092,60.16558],[24.92072,60.16677],[24.92072,60.1669],[24.92082,60.1669],[24.92096,60.16698],[24.92089,60.1675],[24.92061,60.16972],[24.91265,60.17213],[24.91054,60.17277],[24.90995,60.17295],[24.90977,60.17289],[24.90947,60.17286],[24.90925,60.17288],[24.90912,60.17291],[24.90789,60.17329],[24.9061,60.17274],[24.90451,60.17234],[24.90421,60.17208],[24.90395,60.17185],[24.90062,60.16992],[24.90585,60.16721],[24.90643,60.16716],[24.90705,60.1671],[24.90733,60.16703],[24.90749,60.167],[24.908,60.16698],[24.90843,60.16692],[24.90915,60.16678],[24.90962,60.16666],[24.91007,60.16653],[24.91045,60.16641],[24.91114,60.16625],[24.91175,60.16616],[24.91375,60.16623],[24.91453,60.16601],[24.91468,60.16506],[24.91474,60.16463],[24.91619,60.16468],[24.92064,60.16483]]]}},{"type":"Feature","properties":{"code":"091203","kunta":"091","kokotun":"0911103203","name":"Jätkäsaari","name_sv":"Busholmen","named":true,"peruspiiri_code":"091032","peruspiiri":"","source":"Helsingin kaupunki, Piirijako_osaalue (2026)","bb":[60.14264,24.89722,60.16215,24.92502],"c":[60.15242,24.91]},"geometry":{"type":"Polygon","coordinates":[[[24.92219,60.16215],[24.92195,60.16196],[24.92133,60.16193],[24.91807,60.16182],[24.91395,60.16166],[24.91293,60.16144],[24.90499,60.15968],[24.89812,60.1589],[24.89722,60.15878],[24.89722,60.15756],[24.89722,60.14965],[24.89722,60.14264],[24.91665,60.14265],[24.91665,60.14663],[24.92492,60.15467],[24.92502,60.16073],[24.92219,60.16215]]]}},{"type":"Feature","properties":{"code":"091204","kunta":"091","kokotun":"0911102204","name":"Hernesaari","name_sv":"Ärtholmen","named":true,"peruspiiri_code":"091022","peruspiiri":"","source":"Helsingin kaupunki, Piirijako_osaalue (2026)","bb":[60.14265,24.91665,60.16073,24.93858],"c":[60.14952,24.92853]},"geometry":{"type":"Polygon","coordinates":[[[24.93664,60.15321],[24.936,60.15537],[24.93567,60.15549],[24.93529,60.15567],[24.93494,60.15587],[24.93464,60.15609],[24.93439,60.15632],[24.93381,60.15695],[24.93375,60.15694],[24.93334,60.15757],[24.93153,60.15728],[24.93137,60.15752],[24.93174,60.15758],[24.93102,60.1587],[24.93095,60.15868],[24.93026,60.15975],[24.92827,60.16012],[24.92719,60.16028],[24.92726,60.16047],[24.92502,60.16073],[24.92492,60.15467],[24.91665,60.14663],[24.91665,60.14265],[24.93858,60.14265],[24.93858,60.14663],[24.93664,60.15321]]]}},{"type":"Feature","properties":{"code":"091220","kunta":"091","kokotun":"0913303220","name":"Vallila","name_sv":"Vallgård","named":true,"peruspiiri_code":"091032","peruspiiri":"","source":"Helsingin kaupunki, Piirijako_osaalue (2026)","bb":[60.18896,24.93615,60.20143,24.96493],"c":[60.19514,24.95384]},"geometry":{"type":"Polygon","coordinates":[[[24.9365,60.19577],[24.93668,60.19576],[24.93767,60.19535],[24.94116,60.19389],[24.94295,60.19314],[24.94627,60.19175],[24.94856,60.19079],[24.94934,60.19046],[24.94999,60.19019],[24.95029,60.19007],[24.95081,60.18989],[24.9513,60.18974],[24.95181,60.18961],[24.95233,60.1895],[24.95272,60.18943],[24.95319,60.18937],[24.95371,60.18931],[24.95421,60.18927],[24.95472,60.18924],[24.95524,60.18924],[24.95855,60.18924],[24.95901,60.18925],[24.96199,60.18925],[24.96307,60.18912],[24.96421,60.18896],[24.96434,60.18921],[24.96463,60.18982],[24.96481,60.19055],[24.96493,60.19301],[24.96492,60.19313],[24.96489,60.19326],[24.96483,60.19338],[24.96474,60.1935],[24.96333,60.19517],[24.96244,60.19712],[24.96238,60.19728],[24.96231,60.19751],[24.96228,60.19764],[24.96227,60.19782],[24.96229,60.19797],[24.96235,60.19818],[24.96244,60.19843],[24.96268,60.19887],[24.96355,60.20103],[24.96244,60.20121],[24.96158,60.20126],[24.96152,60.20118],[24.96122,60.20122],[24.96064,60.20129],[24.96022,60.20133],[24.95967,60.20138],[24.9593,60.2014],[24.95888,60.20142],[24.95844,60.20143],[24.95769,60.20143],[24.95708,60.20142],[24.95663,60.2014],[24.9562,60.20137],[24.9557,60.20133],[24.95515,60.20128],[24.95438,60.20118],[24.95378,60.20108],[24.9532,60.20098],[24.95197,60.20069],[24.95146,60.20055],[24.95048,60.20023],[24.94961,60.19991],[24.94864,60.20058],[24.94841,60.2005],[24.94812,60.20056],[24.94758,60.20065],[24.94725,60.2007],[24.94682,60.20071],[24.94661,60.2007],[24.9464,60.20068],[24.9462,60.20065],[24.946,60.20061],[24.9458,60.20055],[24.9457,60.20055],[24.9455,60.20061],[24.94534,60.20062],[24.94486,60.20065],[24.94488,60.20054],[24.94498,60.20033],[24.94508,60.2002],[24.94528,60.20002],[24.94537,60.19995],[24.94736,60.19857],[24.9475,60.19849],[24.94772,60.19839],[24.9459,60.19738],[24.94556,60.19722],[24.94534,60.19713],[24.94492,60.197],[24.94462,60.19694],[24.94427,60.19688],[24.94403,60.19685],[24.94368,60.19682],[24.94203,60.19678],[24.94149,60.19677],[24.94078,60.19658],[24.94077,60.19646],[24.94019,60.19632],[24.94018,60.19626],[24.93615,60.1965],[24.9365,60.19577]]]}},{"type":"Feature","properties":{"code":"091302","kunta":"091","kokotun":"0912202302","name":"Kuusisaari","name_sv":"Granö","named":true,"peruspiiri_code":"091023","peruspiiri":"","source":"Helsingin kaupunki, Piirijako_osaalue (2026)","bb":[60.17767,24.8428,60.19602,24.87667],"c":[60.18793,24.8586]},"geometry":{"type":"Polygon","coordinates":[[[24.87667,60.18592],[24.87223,60.18749],[24.87101,60.18786],[24.86991,60.18996],[24.86696,60.19431],[24.84384,60.19596],[24.84293,60.19602],[24.8428,60.19576],[24.84283,60.19513],[24.84325,60.18774],[24.84339,60.18543],[24.84432,60.1852],[24.85004,60.18378],[24.85336,60.18312],[24.85863,60.18189],[24.86882,60.17767],[24.87667,60.18592]]]}},{"type":"Feature","properties":{"code":"091303","kunta":"091","kokotun":"0912202303","name":"Lehtisaari","name_sv":"Lövö","named":true,"peruspiiri_code":"091023","peruspiiri":"","source":"Helsingin kaupunki, Piirijako_osaalue (2026)","bb":[60.16887,24.84339,60.18543,24.88223],"c":[60.17622,24.85947]},"geometry":{"type":"Polygon","coordinates":[[[24.86882,60.17767],[24.85863,60.18189],[24.85336,60.18312],[24.85004,60.18378],[24.84432,60.1852],[24.84339,60.18543],[24.84365,60.18079],[24.84372,60.17943],[24.84412,60.17357],[24.85299,60.17336],[24.85737,60.17325],[24.8571,60.17189],[24.86321,60.17106],[24.86319,60.17061],[24.86303,60.16887],[24.87575,60.16961],[24.88223,60.17211],[24.86882,60.17767]]]}},{"type":"Feature","properties":{"code":"091304","kunta":"091","kokotun":"0912202304","name":"Munkkivuori","name_sv":"Munkshöjden","named":true,"peruspiiri_code":"091023","peruspiiri":"","source":"Helsingin kaupunki, Piirijako_osaalue (2026)","bb":[60.2029,24.86166,60.21613,24.88111],"c":[60.20865,24.87116]},"geometry":{"type":"Polygon","coordinates":[[[24.86166,60.20987],[24.86235,60.20836],[24.86264,60.20767],[24.86239,60.20651],[24.86264,60.20445],[24.86364,60.2037],[24.86552,60.20314],[24.86677,60.20293],[24.86698,60.2029],[24.87123,60.20332],[24.87299,60.20345],[24.87478,60.20358],[24.87754,60.20352],[24.88084,60.20355],[24.88077,60.20387],[24.88076,60.20398],[24.88077,60.20411],[24.88078,60.20412],[24.88083,60.20428],[24.88089,60.2044],[24.88102,60.20465],[24.8811,60.20486],[24.88111,60.205],[24.88111,60.20503],[24.88094,60.20516],[24.88029,60.20647],[24.88007,60.20684],[24.87974,60.2078],[24.87968,60.20804],[24.87966,60.20825],[24.87966,60.20838],[24.87968,60.20858],[24.87971,60.20871],[24.87977,60.20891],[24.88003,60.20914],[24.87988,60.20918],[24.88033,60.20992],[24.88052,60.21017],[24.88016,60.21047],[24.88091,60.21124],[24.87982,60.21142],[24.87974,60.21148],[24.87933,60.21134],[24.87857,60.21199],[24.87911,60.21213],[24.87894,60.21228],[24.87877,60.21245],[24.87875,60.21253],[24.8788,60.21266],[24.87894,60.21279],[24.87913,60.21293],[24.87933,60.21305],[24.87921,60.21313],[24.87915,60.21317],[24.87828,60.21305],[24.8772,60.21338],[24.87702,60.21463],[24.87675,60.21471],[24.87465,60.2138],[24.87442,60.21372],[24.87418,60.21364],[24.87393,60.21358],[24.87428,60.21347],[24.87428,60.21331],[24.87375,60.21331],[24.8728,60.21293],[24.87191,60.21267],[24.86908,60.21506],[24.8691,60.21524],[24.86794,60.21613],[24.86783,60.21608],[24.86429,60.21456],[24.86395,60.21356],[24.8645,60.21244],[24.86441,60.21228],[24.86166,60.20987]]]}},{"type":"Feature","properties":{"code":"091305","kunta":"091","kokotun":"0912202305","name":"Niemenmäki","name_sv":"Näshöjden","named":true,"peruspiiri_code":"091023","peruspiiri":"","source":"Helsingin kaupunki, Piirijako_osaalue (2026)","bb":[60.20018,24.87966,60.21017,24.89139],"c":[60.20457,24.88452]},"geometry":{"type":"Polygon","coordinates":[[[24.88111,60.20503],[24.88111,60.205],[24.8811,60.20486],[24.88102,60.20465],[24.88089,60.2044],[24.88083,60.20428],[24.88078,60.20412],[24.88077,60.20411],[24.88076,60.20398],[24.88077,60.20387],[24.88084,60.20355],[24.88086,60.20347],[24.88104,60.20303],[24.88132,60.20261],[24.88151,60.20239],[24.88225,60.20249],[24.88238,60.20222],[24.88314,60.20231],[24.88412,60.20235],[24.88468,60.20214],[24.88656,60.20146],[24.89118,60.20018],[24.89139,60.20139],[24.88434,60.20709],[24.88052,60.21017],[24.88033,60.20992],[24.87988,60.20918],[24.88003,60.20914],[24.87977,60.20891],[24.87971,60.20871],[24.87968,60.20858],[24.87966,60.20838],[24.87966,60.20825],[24.87968,60.20804],[24.87974,60.2078],[24.88007,60.20684],[24.88029,60.20647],[24.88094,60.20516],[24.88111,60.20503]]]}},{"type":"Feature","properties":{"code":"091306","kunta":"091","kokotun":"0912202306","name":"Talinranta","name_sv":"Talistranden","named":true,"peruspiiri_code":"091023","peruspiiri":"","source":"Helsingin kaupunki, Piirijako_osaalue (2026)","bb":[60.20288,24.84966,60.21085,24.86677],"c":[60.20652,24.85781]},"geometry":{"type":"Polygon","coordinates":[[[24.84966,60.20534],[24.85908,60.20347],[24.86058,60.2032],[24.86212,60.20301],[24.8637,60.2029],[24.86529,60.20288],[24.86621,60.2029],[24.86677,60.20293],[24.86552,60.20314],[24.86364,60.2037],[24.86264,60.20445],[24.86239,60.20651],[24.86264,60.20767],[24.86235,60.20836],[24.86166,60.20987],[24.86141,60.20995],[24.86074,60.21012],[24.85915,60.21085],[24.85811,60.21021],[24.8561,60.20905],[24.85144,60.2081],[24.85158,60.20645],[24.84966,60.20534]]]}},{"type":"Feature","properties":{"code":"091320","kunta":"091","kokotun":"0912204320","name":"Konala","name_sv":"Kånala","named":true,"peruspiiri_code":"091043","peruspiiri":"","source":"Helsingin kaupunki, Piirijako_osaalue (2026)","bb":[60.22958,24.8314,60.25467,24.86606],"c":[60.23993,24.84516]},"geometry":{"type":"Polygon","coordinates":[[[24.83796,60.22958],[24.83916,60.22989],[24.84088,60.23034],[24.84811,60.2305],[24.84901,60.23079],[24.85872,60.23391],[24.86059,60.23382],[24.86098,60.23419],[24.86139,60.23458],[24.86273,60.23588],[24.86277,60.23591],[24.86296,60.23584],[24.86326,60.23568],[24.86347,60.23576],[24.86541,60.23532],[24.86606,60.23601],[24.86564,60.23657],[24.86467,60.2368],[24.86389,60.2371],[24.86326,60.23686],[24.86083,60.23837],[24.86008,60.23883],[24.8585,60.23951],[24.8581,60.23935],[24.85642,60.2404],[24.85558,60.24093],[24.85038,60.24421],[24.85026,60.24436],[24.8491,60.24512],[24.84847,60.24526],[24.84832,60.24519],[24.84763,60.24563],[24.84668,60.2462],[24.84651,60.2462],[24.84506,60.24716],[24.84303,60.2485],[24.84083,60.24996],[24.8401,60.25043],[24.83865,60.25139],[24.83775,60.25199],[24.8369,60.25255],[24.8359,60.25323],[24.83501,60.25379],[24.83465,60.25403],[24.83368,60.25467],[24.83234,60.25431],[24.8314,60.25406],[24.83154,60.25363],[24.83168,60.25321],[24.8322,60.2516],[24.83266,60.25016],[24.83342,60.24778],[24.83383,60.24648],[24.83433,60.24487],[24.83436,60.24478],[24.83487,60.24322],[24.8349,60.24306],[24.83511,60.24239],[24.8352,60.24218],[24.83527,60.24196],[24.83534,60.24175],[24.83539,60.24162],[24.83564,60.24087],[24.83574,60.24052],[24.83587,60.24011],[24.8362,60.2391],[24.83623,60.23897],[24.83653,60.23804],[24.83669,60.23755],[24.83675,60.23736],[24.83677,60.23729],[24.83694,60.23676],[24.83596,60.23669],[24.83599,60.23658],[24.83616,60.23597],[24.83628,60.23556],[24.83701,60.23304],[24.83725,60.23218],[24.83725,60.23217],[24.83796,60.22958]]]}},{"type":"Feature","properties":{"code":"091231","kunta":"091","kokotun":"0913305231","name":"Toukola","name_sv":"Majstad","named":true,"peruspiiri_code":"091052","peruspiiri":"","source":"Helsingin kaupunki, Piirijako_osaalue (2026)","bb":[60.2015,24.96396,60.21266,24.97795],"c":[60.20791,24.97126]},"geometry":{"type":"Polygon","coordinates":[[[24.96396,60.2015],[24.96442,60.20166],[24.96807,60.20339],[24.96863,60.20366],[24.96886,60.20378],[24.9726,60.20565],[24.97281,60.20578],[24.97316,60.20606],[24.97346,60.20635],[24.9741,60.20701],[24.97422,60.20722],[24.97795,60.21148],[24.97638,60.21182],[24.97615,60.21157],[24.97599,60.2116],[24.97583,60.2116],[24.97536,60.21106],[24.97543,60.21105],[24.97547,60.21099],[24.97547,60.21093],[24.97538,60.21082],[24.97261,60.21138],[24.97196,60.21197],[24.97085,60.21266],[24.97043,60.21224],[24.96923,60.21081],[24.9692,60.21075],[24.96915,60.20992],[24.96842,60.20765],[24.96772,60.20612],[24.96699,60.20494],[24.96664,60.20442],[24.96646,60.20419],[24.96627,60.20395],[24.96607,60.20371],[24.9656,60.2032],[24.96482,60.2024],[24.96444,60.20205],[24.96396,60.2015]]]}},{"type":"Feature","properties":{"code":"091232","kunta":"091","kokotun":"0913305232","name":"Arabianranta","name_sv":"Arabiastranden","named":true,"peruspiiri_code":"091052","peruspiiri":"","source":"Helsingin kaupunki, Piirijako_osaalue (2026)","bb":[60.19827,24.96355,60.21199,24.99797],"c":[60.20446,24.98045]},"geometry":{"type":"Polygon","coordinates":[[[24.96355,60.20103],[24.96543,60.20072],[24.96777,60.20034],[24.97462,60.20123],[24.98408,60.20003],[24.99797,60.19827],[24.98521,60.2058],[24.98782,60.21017],[24.98292,60.21109],[24.98335,60.21121],[24.9835,60.21122],[24.9836,60.21126],[24.98352,60.21136],[24.98362,60.21146],[24.9836,60.21156],[24.98365,60.21177],[24.98376,60.21198],[24.98115,60.21199],[24.98115,60.21168],[24.97993,60.21169],[24.97834,60.21199],[24.97795,60.21148],[24.97422,60.20722],[24.9741,60.20701],[24.97346,60.20635],[24.97316,60.20606],[24.97281,60.20578],[24.9726,60.20565],[24.96886,60.20378],[24.96863,60.20366],[24.96807,60.20339],[24.96442,60.20166],[24.96396,60.2015],[24.96355,60.20103]]]}},{"type":"Feature","properties":{"code":"091240","kunta":"091","kokotun":"0913305240","name":"Kumpula","name_sv":"Gumtäkt","named":true,"peruspiiri_code":"091052","peruspiiri":"","source":"Helsingin kaupunki, Piirijako_osaalue (2026)","bb":[60.19991,24.94485,60.21702,24.97648],"c":[60.20756,24.95956]},"geometry":{"type":"Polygon","coordinates":[[[24.94486,60.20065],[24.94534,60.20062],[24.9455,60.20061],[24.9457,60.20055],[24.9458,60.20055],[24.946,60.20061],[24.9462,60.20065],[24.9464,60.20068],[24.94661,60.2007],[24.94682,60.20071],[24.94725,60.2007],[24.94758,60.20065],[24.94812,60.20056],[24.94841,60.2005],[24.94864,60.20058],[24.94961,60.19991],[24.95048,60.20023],[24.95146,60.20055],[24.95197,60.20069],[24.9532,60.20098],[24.95378,60.20108],[24.95438,60.20118],[24.95515,60.20128],[24.9557,60.20133],[24.9562,60.20137],[24.95663,60.2014],[24.95708,60.20142],[24.95769,60.20143],[24.95844,60.20143],[24.95888,60.20142],[24.9593,60.2014],[24.95967,60.20138],[24.96022,60.20133],[24.96064,60.20129],[24.96122,60.20122],[24.96152,60.20118],[24.96158,60.20126],[24.96244,60.20121],[24.96355,60.20103],[24.96396,60.2015],[24.96444,60.20205],[24.96482,60.2024],[24.9656,60.2032],[24.96607,60.20371],[24.96627,60.20395],[24.96646,60.20419],[24.96664,60.20442],[24.96699,60.20494],[24.96772,60.20612],[24.96842,60.20765],[24.96915,60.20992],[24.9692,60.21075],[24.96923,60.21081],[24.97043,60.21224],[24.97085,60.21266],[24.97173,60.21353],[24.97179,60.21372],[24.97264,60.21457],[24.97278,60.2147],[24.97297,60.21486],[24.97331,60.21509],[24.97499,60.21613],[24.97577,60.21656],[24.97644,60.21696],[24.97648,60.21702],[24.97514,60.21695],[24.97471,60.21689],[24.96792,60.21613],[24.96263,60.21472],[24.96252,60.21469],[24.96354,60.21374],[24.95969,60.21253],[24.95728,60.21182],[24.9567,60.21166],[24.94951,60.20882],[24.95075,60.20805],[24.95294,60.20647],[24.95147,60.20582],[24.95019,60.20552],[24.95054,60.20475],[24.94981,60.20459],[24.94916,60.20528],[24.94891,60.20523],[24.94727,60.20698],[24.94655,60.20681],[24.94549,60.20683],[24.94542,60.20511],[24.94532,60.20287],[24.94531,60.20273],[24.94527,60.20252],[24.94488,60.20094],[24.94485,60.20082],[24.94486,60.20065]]]}},{"type":"Feature","properties":{"code":"091383","kunta":"091","kokotun":"0915501383","name":"Pihlajamäki","name_sv":"Rönnbacka","named":true,"peruspiiri_code":"091013","peruspiiri":"","source":"Helsingin kaupunki, Piirijako_osaalue (2026)","bb":[60.22911,24.99737,60.2415,25.02221],"c":[60.23615,25.01073]},"geometry":{"type":"Polygon","coordinates":[[[25.00557,60.23014],[25.0056,60.23012],[25.00655,60.22988],[25.0074,60.23004],[25.00759,60.23007],[25.00817,60.2301],[25.0084,60.23009],[25.00916,60.23014],[25.00965,60.23015],[25.00982,60.2301],[25.00999,60.22985],[25.01022,60.22962],[25.01038,60.22949],[25.01075,60.22924],[25.01093,60.22911],[25.01129,60.22915],[25.01201,60.22923],[25.01261,60.22932],[25.01295,60.22938],[25.01363,60.2295],[25.01425,60.22963],[25.01489,60.22978],[25.01579,60.23],[25.01666,60.23018],[25.01779,60.23049],[25.01826,60.23065],[25.01856,60.23147],[25.01904,60.23194],[25.019,60.23193],[25.02033,60.23318],[25.02099,60.23422],[25.02127,60.23468],[25.0215,60.23504],[25.02194,60.23576],[25.02215,60.23607],[25.02221,60.2369],[25.02218,60.23716],[25.02216,60.23723],[25.0221,60.23733],[25.02154,60.23829],[25.02148,60.23839],[25.02139,60.23865],[25.02135,60.23885],[25.02135,60.23942],[25.02131,60.23981],[25.02102,60.23989],[25.02091,60.24009],[25.02067,60.24044],[25.02033,60.2409],[25.02023,60.241],[25.01986,60.2413],[25.0196,60.2415],[25.01541,60.24124],[25.01202,60.24113],[25.00903,60.2411],[25.00669,60.24114],[25.00062,60.24125],[25.00007,60.241],[25.00052,60.24068],[24.99737,60.24015],[24.99836,60.23871],[24.99739,60.23854],[24.9986,60.23677],[24.99905,60.23606],[25.00016,60.2354],[25.00203,60.23394],[25.00327,60.2336],[25.00354,60.23341],[25.00591,60.232],[25.00602,60.23153],[25.00548,60.23123],[25.00589,60.23088],[25.00528,60.23064],[25.00551,60.23049],[25.00565,60.23041],[25.00581,60.23034],[25.00607,60.23027],[25.00628,60.23024],[25.00557,60.23014]]]}},{"type":"Feature","properties":{"code":"091250","kunta":"091","kokotun":"0913305250","name":"Käpylä","name_sv":"Kottby","named":true,"peruspiiri_code":"091052","peruspiiri":"","source":"Helsingin kaupunki, Piirijako_osaalue (2026)","bb":[60.20459,24.93373,60.22354,24.96354],"c":[60.2146,24.94918]},"geometry":{"type":"Polygon","coordinates":[[[24.9338,60.20718],[24.93394,60.20726],[24.93426,60.20737],[24.93451,60.20743],[24.93473,60.20747],[24.93501,60.20749],[24.93519,60.2075],[24.93557,60.20747],[24.93593,60.20741],[24.93609,60.20737],[24.9363,60.2073],[24.93658,60.20718],[24.93677,60.20708],[24.93695,60.20697],[24.93705,60.20689],[24.93755,60.207],[24.94047,60.20791],[24.94205,60.20835],[24.94246,60.20845],[24.94314,60.20859],[24.94359,60.20867],[24.94523,60.20885],[24.9455,60.20819],[24.94554,60.20796],[24.94549,60.20683],[24.94655,60.20681],[24.94727,60.20698],[24.94891,60.20523],[24.94916,60.20528],[24.94981,60.20459],[24.95054,60.20475],[24.95019,60.20552],[24.95147,60.20582],[24.95294,60.20647],[24.95075,60.20805],[24.94951,60.20882],[24.9567,60.21166],[24.95728,60.21182],[24.95969,60.21253],[24.96354,60.21374],[24.96252,60.21469],[24.96263,60.21472],[24.95839,60.2158],[24.96059,60.21873],[24.96029,60.21879],[24.96011,60.21894],[24.96031,60.219],[24.96048,60.21926],[24.96062,60.21923],[24.96112,60.21996],[24.96122,60.22012],[24.96129,60.22026],[24.96137,60.22048],[24.96141,60.22065],[24.96143,60.22089],[24.9614,60.2212],[24.96136,60.22138],[24.96131,60.22151],[24.96122,60.22171],[24.96113,60.22185],[24.96139,60.22186],[24.96064,60.22321],[24.96056,60.22339],[24.96053,60.22354],[24.95288,60.22264],[24.9495,60.22224],[24.94922,60.22215],[24.95,60.22175],[24.94909,60.22148],[24.94721,60.22087],[24.94605,60.22044],[24.94479,60.21991],[24.94473,60.21988],[24.94269,60.21922],[24.94375,60.21838],[24.94346,60.21819],[24.94294,60.21789],[24.94254,60.21768],[24.94203,60.21744],[24.9418,60.21734],[24.94096,60.21692],[24.93817,60.21483],[24.93709,60.21348],[24.93561,60.21062],[24.93437,60.20797],[24.93406,60.2078],[24.93373,60.20719],[24.9338,60.20718]]]}},{"type":"Feature","properties":{"code":"091292","kunta":"091","kokotun":"0912203292","name":"Kivihaka","name_sv":"Stenhagen","named":true,"peruspiiri_code":"091032","peruspiiri":"","source":"Helsingin kaupunki, Piirijako_osaalue (2026)","bb":[60.20776,24.89951,60.2185,24.91464],"c":[60.21295,24.90674]},"geometry":{"type":"Polygon","coordinates":[[[24.89951,60.20776],[24.89965,60.20777],[24.89974,60.20781],[24.90071,60.2078],[24.90167,60.2078],[24.90182,60.20788],[24.90241,60.20789],[24.90307,60.2079],[24.90323,60.2079],[24.90362,60.20786],[24.90381,60.20785],[24.90402,60.20786],[24.90569,60.20794],[24.90625,60.20797],[24.90736,60.20805],[24.90743,60.20811],[24.908,60.20815],[24.90857,60.2082],[24.90754,60.20862],[24.91056,60.2128],[24.91464,60.21844],[24.90745,60.2185],[24.90744,60.21835],[24.9074,60.21814],[24.90734,60.21797],[24.90708,60.21743],[24.90693,60.2172],[24.90684,60.21708],[24.90614,60.21625],[24.90589,60.21627],[24.90595,60.2161],[24.90571,60.21582],[24.90552,60.21551],[24.90542,60.21538],[24.90532,60.21528],[24.90512,60.21513],[24.90469,60.21493],[24.90459,60.21488],[24.90452,60.21489],[24.9041,60.21442],[24.90407,60.21433],[24.90375,60.21391],[24.90358,60.21374],[24.90336,60.21357],[24.9028,60.21318],[24.90232,60.2129],[24.90214,60.2128],[24.90184,60.21266],[24.90162,60.21257],[24.90131,60.21246],[24.90102,60.21238],[24.90076,60.21235],[24.90057,60.21234],[24.90043,60.21219],[24.90142,60.21203],[24.90198,60.21195],[24.9016,60.21168],[24.90115,60.21135],[24.90087,60.21113],[24.90045,60.21074],[24.90013,60.21037],[24.90005,60.21024],[24.89983,60.20989],[24.89975,60.2097],[24.89972,60.20959],[24.89966,60.20925],[24.89963,60.20891],[24.89962,60.20871],[24.89963,60.20824],[24.89951,60.20776]]]}},{"type":"Feature","properties":{"code":"091331","kunta":"091","kokotun":"0912205331","name":"Kannelmäki","name_sv":"Gamlas","named":true,"peruspiiri_code":"091053","peruspiiri":"","source":"Helsingin kaupunki, Piirijako_osaalue (2026)","bb":[60.23471,24.86472,60.24769,24.89895],"c":[60.2402,24.88118]},"geometry":{"type":"Polygon","coordinates":[[[24.88772,60.24731],[24.8874,60.24769],[24.88688,60.2476],[24.88636,60.24749],[24.88622,60.24748],[24.88608,60.24748],[24.88584,60.24752],[24.88517,60.24751],[24.87816,60.24725],[24.87767,60.24749],[24.87757,60.24743],[24.87746,60.24737],[24.87728,60.24732],[24.87718,60.24726],[24.87697,60.24718],[24.87647,60.24691],[24.87624,60.2468],[24.87603,60.24668],[24.87564,60.24651],[24.87532,60.24634],[24.87495,60.24617],[24.87485,60.24611],[24.87474,60.24607],[24.87447,60.24594],[24.87416,60.24578],[24.87372,60.24558],[24.87359,60.24549],[24.87319,60.2453],[24.87289,60.24511],[24.87255,60.24486],[24.87218,60.24463],[24.87193,60.24446],[24.87179,60.24438],[24.87125,60.24402],[24.87102,60.24385],[24.87072,60.24371],[24.86986,60.24323],[24.86935,60.24293],[24.8686,60.24248],[24.8682,60.24228],[24.86796,60.24214],[24.86754,60.24194],[24.86724,60.24173],[24.86686,60.24149],[24.86672,60.24137],[24.86604,60.24089],[24.86574,60.24065],[24.86542,60.24036],[24.86528,60.24025],[24.865,60.24003],[24.8648,60.2398],[24.86472,60.23963],[24.86475,60.23945],[24.86481,60.2393],[24.86491,60.23913],[24.86503,60.23895],[24.86519,60.23877],[24.86538,60.23859],[24.8655,60.23839],[24.86564,60.23827],[24.86585,60.23803],[24.86588,60.23788],[24.86587,60.23766],[24.86589,60.23746],[24.86597,60.23732],[24.86613,60.23713],[24.86635,60.23695],[24.86663,60.23675],[24.86681,60.23657],[24.86691,60.23644],[24.86695,60.23627],[24.86687,60.23603],[24.8668,60.2359],[24.86669,60.23557],[24.86663,60.23549],[24.86664,60.2352],[24.86666,60.23505],[24.86687,60.235],[24.87046,60.23497],[24.87769,60.23487],[24.88188,60.23481],[24.88499,60.23478],[24.88865,60.23473],[24.8903,60.23471],[24.89058,60.23479],[24.89054,60.23483],[24.89215,60.23483],[24.89246,60.23484],[24.89307,60.23486],[24.89346,60.23489],[24.89408,60.23494],[24.89439,60.23497],[24.8949,60.235],[24.89561,60.23506],[24.89625,60.23513],[24.8968,60.23519],[24.89728,60.23526],[24.89796,60.23536],[24.89838,60.23543],[24.89895,60.23554],[24.89808,60.23649],[24.89747,60.2372],[24.89661,60.23812],[24.89449,60.2404],[24.89362,60.24129],[24.89355,60.24138],[24.89172,60.24337],[24.89147,60.24356],[24.89118,60.24374],[24.89097,60.24396],[24.89029,60.24446],[24.89063,60.24453],[24.89001,60.24519],[24.88964,60.24529],[24.88926,60.24574],[24.88895,60.24603],[24.88859,60.24618],[24.88772,60.24731]]]}},{"type":"Feature","properties":{"code":"091332","kunta":"091","kokotun":"0912205332","name":"Maununneva","name_sv":"Magnuskärr","named":true,"peruspiiri_code":"091053","peruspiiri":"","source":"Helsingin kaupunki, Piirijako_osaalue (2026)","bb":[60.235,24.88772,60.25635,24.9143],"c":[60.24474,24.90233]},"geometry":{"type":"Polygon","coordinates":[[[24.90565,60.25635],[24.90216,60.2544],[24.90197,60.25419],[24.90161,60.25409],[24.8995,60.25291],[24.89753,60.25181],[24.89591,60.25089],[24.89625,60.25079],[24.89442,60.24873],[24.8939,60.24861],[24.89296,60.24835],[24.89271,60.24832],[24.89241,60.24826],[24.89227,60.24823],[24.892,60.24814],[24.8912,60.24797],[24.89127,60.24787],[24.89015,60.24769],[24.88904,60.24753],[24.88772,60.24731],[24.88859,60.24618],[24.88895,60.24603],[24.88926,60.24574],[24.88964,60.24529],[24.89001,60.24519],[24.89063,60.24453],[24.89029,60.24446],[24.89097,60.24396],[24.89118,60.24374],[24.89147,60.24356],[24.89172,60.24337],[24.89355,60.24138],[24.89362,60.24129],[24.89449,60.2404],[24.89661,60.23812],[24.89747,60.2372],[24.89808,60.23649],[24.89895,60.23554],[24.89944,60.235],[24.90081,60.23526],[24.90344,60.23585],[24.90513,60.23627],[24.9068,60.23683],[24.9096,60.23765],[24.9118,60.23831],[24.9143,60.23862],[24.9142,60.23892],[24.91339,60.23947],[24.9137,60.24038],[24.91328,60.24058],[24.91307,60.24073],[24.91296,60.24085],[24.9129,60.24096],[24.91282,60.24122],[24.91252,60.24213],[24.913,60.24248],[24.91266,60.24354],[24.91255,60.2439],[24.91244,60.24418],[24.91242,60.24425],[24.91222,60.24484],[24.91171,60.24633],[24.90601,60.25542],[24.90565,60.25635]]]}},{"type":"Feature","properties":{"code":"091333","kunta":"091","kokotun":"0912205333","name":"Malminkartano","name_sv":"Malmgård","named":true,"peruspiiri_code":"091053","peruspiiri":"","source":"Helsingin kaupunki, Piirijako_osaalue (2026)","bb":[60.23505,24.83865,60.25445,24.87904],"c":[60.24742,24.85929]},"geometry":{"type":"Polygon","coordinates":[[[24.86788,60.25238],[24.8677,60.25246],[24.86761,60.25254],[24.86759,60.25267],[24.86747,60.25282],[24.86745,60.25284],[24.86728,60.25301],[24.86714,60.25315],[24.86706,60.25318],[24.86662,60.25328],[24.86649,60.25329],[24.86609,60.25328],[24.86592,60.25328],[24.86575,60.25329],[24.86553,60.25332],[24.86543,60.25337],[24.8652,60.2535],[24.86508,60.25355],[24.86487,60.25361],[24.86463,60.25369],[24.86451,60.25375],[24.86443,60.25382],[24.86431,60.25392],[24.86389,60.25374],[24.86334,60.2535],[24.86302,60.25337],[24.86298,60.25335],[24.86264,60.25321],[24.86249,60.25314],[24.86205,60.25319],[24.86194,60.2532],[24.85905,60.25349],[24.85781,60.25361],[24.85523,60.25435],[24.85401,60.25435],[24.85379,60.25416],[24.85375,60.25399],[24.85224,60.2541],[24.8521,60.25435],[24.8505,60.25412],[24.85042,60.25445],[24.84844,60.25443],[24.84658,60.25381],[24.84412,60.25294],[24.84175,60.25215],[24.83865,60.25139],[24.8401,60.25043],[24.84083,60.24996],[24.84303,60.2485],[24.84506,60.24716],[24.84651,60.2462],[24.84668,60.2462],[24.84763,60.24563],[24.84832,60.24519],[24.84847,60.24526],[24.8491,60.24512],[24.85026,60.24436],[24.85038,60.24421],[24.85558,60.24093],[24.85642,60.2404],[24.8581,60.23935],[24.8585,60.23951],[24.86008,60.23883],[24.86083,60.23837],[24.86326,60.23686],[24.86389,60.2371],[24.86467,60.2368],[24.86564,60.23657],[24.86606,60.23601],[24.86541,60.23532],[24.86666,60.23505],[24.86664,60.2352],[24.86663,60.23549],[24.86669,60.23557],[24.8668,60.2359],[24.86687,60.23603],[24.86695,60.23627],[24.86691,60.23644],[24.86681,60.23657],[24.86663,60.23675],[24.86635,60.23695],[24.86613,60.23713],[24.86597,60.23732],[24.86589,60.23746],[24.86587,60.23766],[24.86588,60.23788],[24.86585,60.23803],[24.86564,60.23827],[24.8655,60.23839],[24.86538,60.23859],[24.86519,60.23877],[24.86503,60.23895],[24.86491,60.23913],[24.86481,60.2393],[24.86475,60.23945],[24.86472,60.23963],[24.8648,60.2398],[24.865,60.24003],[24.86528,60.24025],[24.86542,60.24036],[24.86574,60.24065],[24.86604,60.24089],[24.86672,60.24137],[24.86686,60.24149],[24.86724,60.24173],[24.86754,60.24194],[24.86796,60.24214],[24.8682,60.24228],[24.8686,60.24248],[24.86935,60.24293],[24.86986,60.24323],[24.87072,60.24371],[24.87102,60.24385],[24.87125,60.24402],[24.87179,60.24438],[24.87193,60.24446],[24.87218,60.24463],[24.87255,60.24486],[24.87289,60.24511],[24.87319,60.2453],[24.87359,60.24549],[24.87372,60.24558],[24.87416,60.24578],[24.87447,60.24594],[24.87474,60.24607],[24.87485,60.24611],[24.87495,60.24617],[24.87532,60.24634],[24.87564,60.24651],[24.87603,60.24668],[24.87624,60.2468],[24.87647,60.24691],[24.87697,60.24718],[24.87718,60.24726],[24.87728,60.24732],[24.87746,60.24737],[24.87757,60.24743],[24.87767,60.24749],[24.87831,60.24786],[24.87848,60.24795],[24.87886,60.2482],[24.87896,60.24829],[24.87904,60.24851],[24.87903,60.24872],[24.87887,60.24892],[24.87879,60.24899],[24.87842,60.24918],[24.8783,60.2493],[24.87809,60.2494],[24.87792,60.24948],[24.87767,60.24956],[24.87674,60.24995],[24.87632,60.25016],[24.87599,60.25026],[24.87541,60.25047],[24.87483,60.25057],[24.87438,60.2506],[24.87375,60.25064],[24.87305,60.25063],[24.87254,60.25065],[24.87243,60.25066],[24.87225,60.25072],[24.87157,60.25086],[24.87127,60.25094],[24.87071,60.25107],[24.87059,60.25111],[24.87029,60.25125],[24.86997,60.2514],[24.86932,60.2517],[24.86907,60.25182],[24.86867,60.25198],[24.86838,60.25213],[24.86804,60.25231],[24.86788,60.25238]]]}},{"type":"Feature","properties":{"code":"091260","kunta":"091","kokotun":"0913305260","name":"Koskela","name_sv":"Forsby","named":true,"peruspiiri_code":"091052","peruspiiri":"","source":"Helsingin kaupunki, Piirijako_osaalue (2026)","bb":[60.21472,24.95839,60.224,24.98013],"c":[60.21938,24.96851]},"geometry":{"type":"Polygon","coordinates":[[[24.97985,60.221],[24.97067,60.22278],[24.96441,60.224],[24.96053,60.22354],[24.96056,60.22339],[24.96064,60.22321],[24.96139,60.22186],[24.96113,60.22185],[24.96122,60.22171],[24.96131,60.22151],[24.96136,60.22138],[24.9614,60.2212],[24.96143,60.22089],[24.96141,60.22065],[24.96137,60.22048],[24.96129,60.22026],[24.96122,60.22012],[24.96112,60.21996],[24.96062,60.21923],[24.96048,60.21926],[24.96031,60.219],[24.96011,60.21894],[24.96029,60.21879],[24.96059,60.21873],[24.95839,60.2158],[24.96263,60.21472],[24.96792,60.21613],[24.97471,60.21689],[24.97514,60.21695],[24.97648,60.21702],[24.97661,60.21714],[24.97674,60.21723],[24.97695,60.21734],[24.97714,60.2174],[24.97728,60.21743],[24.97756,60.21747],[24.97774,60.21748],[24.97799,60.21746],[24.97829,60.2174],[24.97856,60.21731],[24.97877,60.21721],[24.97902,60.21708],[24.97918,60.21709],[24.97968,60.21705],[24.97993,60.21703],[24.98003,60.21705],[24.97991,60.21719],[24.98013,60.2172],[24.97989,60.21755],[24.97962,60.21795],[24.97928,60.219],[24.97921,60.21931],[24.97919,60.21953],[24.9792,60.21974],[24.97925,60.22002],[24.97929,60.22014],[24.9794,60.22038],[24.97954,60.22062],[24.97969,60.22082],[24.97985,60.221]]]}},{"type":"Feature","properties":{"code":"091270","kunta":"091","kokotun":"0913305270","name":"Vanhakaupunki","name_sv":"Gammelstaden","named":true,"peruspiiri_code":"091052","peruspiiri":"","source":"Helsingin kaupunki, Piirijako_osaalue (2026)","bb":[60.21017,24.97085,60.21758,24.98782],"c":[60.21399,24.97899]},"geometry":{"type":"Polygon","coordinates":[[[24.97085,60.21266],[24.97196,60.21197],[24.97261,60.21138],[24.97538,60.21082],[24.97547,60.21093],[24.97547,60.21099],[24.97543,60.21105],[24.97536,60.21106],[24.97583,60.2116],[24.97599,60.2116],[24.97615,60.21157],[24.97638,60.21182],[24.97795,60.21148],[24.97834,60.21199],[24.97993,60.21169],[24.98115,60.21168],[24.98115,60.21199],[24.98376,60.21198],[24.98365,60.21177],[24.9836,60.21156],[24.98362,60.21146],[24.98352,60.21136],[24.9836,60.21126],[24.9835,60.21122],[24.98335,60.21121],[24.98292,60.21109],[24.98782,60.21017],[24.98407,60.21357],[24.98456,60.21359],[24.98445,60.21369],[24.98455,60.21381],[24.98455,60.21391],[24.9845,60.21404],[24.98434,60.21415],[24.98428,60.21427],[24.9843,60.21435],[24.98437,60.21443],[24.98443,60.21446],[24.98448,60.21452],[24.98458,60.21459],[24.98491,60.21469],[24.98517,60.21481],[24.9854,60.21497],[24.98541,60.215],[24.98554,60.21508],[24.98561,60.21515],[24.98566,60.21526],[24.98559,60.21536],[24.98552,60.21543],[24.98537,60.21552],[24.98523,60.21556],[24.98513,60.2157],[24.9851,60.21577],[24.98502,60.21585],[24.98487,60.21589],[24.98472,60.2159],[24.98458,60.21596],[24.98456,60.21606],[24.98433,60.2162],[24.98431,60.21628],[24.98423,60.21629],[24.98412,60.21634],[24.98406,60.21641],[24.98397,60.21659],[24.98385,60.21665],[24.98327,60.21688],[24.98302,60.21692],[24.98292,60.21699],[24.98272,60.21699],[24.98247,60.21702],[24.98238,60.21704],[24.98206,60.21717],[24.98174,60.21735],[24.9814,60.21745],[24.98123,60.21757],[24.98119,60.21758],[24.97989,60.21755],[24.98013,60.2172],[24.97991,60.21719],[24.98003,60.21705],[24.97993,60.21703],[24.97968,60.21705],[24.97918,60.21709],[24.97902,60.21708],[24.97877,60.21721],[24.97856,60.21731],[24.97829,60.2174],[24.97799,60.21746],[24.97774,60.21748],[24.97756,60.21747],[24.97728,60.21743],[24.97714,60.2174],[24.97695,60.21734],[24.97674,60.21723],[24.97661,60.21714],[24.97648,60.21702],[24.97644,60.21696],[24.97577,60.21656],[24.97499,60.21613],[24.97331,60.21509],[24.97297,60.21486],[24.97278,60.2147],[24.97264,60.21457],[24.97179,60.21372],[24.97173,60.21353],[24.97085,60.21266]]]}},{"type":"Feature","properties":{"code":"091281","kunta":"091","kokotun":"0914401281","name":"Pirkkola","name_sv":"Britas","named":true,"peruspiiri_code":"091012","peruspiiri":"","source":"Helsingin kaupunki, Piirijako_osaalue (2026)","bb":[60.22755,24.89944,60.23862,24.93161],"c":[60.23319,24.91279]},"geometry":{"type":"Polygon","coordinates":[[[24.90709,60.22755],[24.909,60.22797],[24.91218,60.22862],[24.91373,60.22913],[24.91387,60.22918],[24.91891,60.23028],[24.91955,60.23048],[24.92058,60.23087],[24.92086,60.23104],[24.92126,60.23125],[24.92161,60.23147],[24.92207,60.2318],[24.92225,60.23192],[24.92244,60.23204],[24.92377,60.2328],[24.92382,60.23278],[24.92471,60.23329],[24.92498,60.23344],[24.92533,60.23359],[24.92578,60.23373],[24.92621,60.23384],[24.92657,60.23389],[24.9271,60.23395],[24.92752,60.23396],[24.9294,60.23399],[24.9294,60.23395],[24.93161,60.23397],[24.92983,60.2356],[24.92974,60.2357],[24.92965,60.23587],[24.92134,60.23512],[24.92043,60.23501],[24.9177,60.23467],[24.91658,60.23453],[24.91655,60.2346],[24.91572,60.23449],[24.91539,60.23535],[24.91486,60.23694],[24.9147,60.2374],[24.91469,60.23746],[24.9143,60.23862],[24.9118,60.23831],[24.9096,60.23765],[24.9068,60.23683],[24.90513,60.23627],[24.90344,60.23585],[24.90081,60.23526],[24.89944,60.235],[24.90178,60.23246],[24.90251,60.23257],[24.90683,60.22787],[24.90709,60.22755]]]}},{"type":"Feature","properties":{"code":"091282","kunta":"091","kokotun":"0914401282","name":"Maunula","name_sv":"Månsas","named":true,"peruspiiri_code":"091012","peruspiiri":"","source":"Helsingin kaupunki, Piirijako_osaalue (2026)","bb":[60.22389,24.92058,60.238,24.94744],"c":[60.2307,24.93267]},"geometry":{"type":"Polygon","coordinates":[[[24.9341,60.22606],[24.93461,60.22595],[24.9381,60.22732],[24.94271,60.229],[24.94257,60.22973],[24.94252,60.23016],[24.94257,60.23068],[24.94264,60.23105],[24.94288,60.23207],[24.94331,60.23281],[24.94344,60.23308],[24.94461,60.23453],[24.94628,60.23625],[24.94688,60.23715],[24.94699,60.23741],[24.94713,60.23756],[24.94744,60.238],[24.94724,60.23797],[24.94528,60.2377],[24.94555,60.23741],[24.94572,60.23686],[24.94558,60.23674],[24.94544,60.23673],[24.9445,60.23573],[24.94192,60.23535],[24.94159,60.23563],[24.9415,60.23561],[24.94043,60.23649],[24.94037,60.23659],[24.9399,60.23652],[24.93986,60.23658],[24.93939,60.23651],[24.93944,60.23644],[24.93874,60.23632],[24.9387,60.23639],[24.93853,60.23636],[24.93741,60.23634],[24.93743,60.23627],[24.93657,60.23616],[24.93654,60.23623],[24.93513,60.23604],[24.93489,60.23647],[24.93517,60.23651],[24.93512,60.2366],[24.93415,60.23647],[24.9317,60.23615],[24.93159,60.23613],[24.93027,60.236],[24.92962,60.23594],[24.92965,60.23587],[24.92974,60.2357],[24.92983,60.2356],[24.93161,60.23397],[24.9294,60.23395],[24.9294,60.23399],[24.92752,60.23396],[24.9271,60.23395],[24.92657,60.23389],[24.92621,60.23384],[24.92578,60.23373],[24.92533,60.23359],[24.92498,60.23344],[24.92471,60.23329],[24.92382,60.23278],[24.92377,60.2328],[24.92244,60.23204],[24.92225,60.23192],[24.92207,60.2318],[24.92161,60.23147],[24.92126,60.23125],[24.92086,60.23104],[24.92058,60.23087],[24.92171,60.23003],[24.92166,60.22994],[24.92168,60.22986],[24.92092,60.22961],[24.9213,60.2276],[24.92209,60.22764],[24.92277,60.2271],[24.92206,60.22689],[24.92246,60.22657],[24.92305,60.22581],[24.92454,60.22429],[24.92609,60.22389],[24.92744,60.22421],[24.92713,60.22453],[24.92765,60.22466],[24.92791,60.2247],[24.9281,60.2247],[24.92847,60.22468],[24.92881,60.2247],[24.92903,60.22475],[24.92923,60.22482],[24.92947,60.22465],[24.93115,60.22492],[24.93189,60.2251],[24.93255,60.2253],[24.93274,60.22538],[24.93295,60.22548],[24.93314,60.22561],[24.93324,60.22571],[24.9341,60.22606]]]}},{"type":"Feature","properties":{"code":"091293","kunta":"091","kokotun":"0912203293","name":"Pohjois-Haaga","name_sv":"Norra Haga","named":true,"peruspiiri_code":"091032","peruspiiri":"","source":"Helsingin kaupunki, Piirijako_osaalue (2026)","bb":[60.21844,24.88508,60.23554,24.91464],"c":[60.2269,24.89826]},"geometry":{"type":"Polygon","coordinates":[[[24.90709,60.22755],[24.90683,60.22787],[24.90251,60.23257],[24.90178,60.23246],[24.89944,60.235],[24.89895,60.23554],[24.89838,60.23543],[24.89796,60.23536],[24.89728,60.23526],[24.8968,60.23519],[24.89625,60.23513],[24.89561,60.23506],[24.8949,60.235],[24.89439,60.23497],[24.89408,60.23494],[24.89346,60.23489],[24.89307,60.23486],[24.89246,60.23484],[24.89215,60.23483],[24.89054,60.23483],[24.89058,60.23479],[24.8903,60.23471],[24.88865,60.23473],[24.88865,60.23387],[24.88908,60.23337],[24.88924,60.23317],[24.88949,60.23287],[24.88974,60.23261],[24.89001,60.23239],[24.88954,60.23234],[24.88933,60.23225],[24.8866,60.23185],[24.88648,60.23178],[24.88669,60.23143],[24.88669,60.23127],[24.88645,60.23081],[24.88663,60.23039],[24.88662,60.22869],[24.88641,60.22844],[24.88508,60.22708],[24.88625,60.22374],[24.88734,60.22355],[24.89012,60.22303],[24.89097,60.22288],[24.89652,60.22184],[24.89923,60.22132],[24.90053,60.22111],[24.90132,60.22095],[24.90232,60.22086],[24.9024,60.221],[24.90268,60.22095],[24.903,60.22083],[24.90365,60.22076],[24.90426,60.22066],[24.90485,60.22051],[24.90528,60.22038],[24.90593,60.22032],[24.90548,60.21993],[24.90544,60.21983],[24.90544,60.21969],[24.90551,60.21955],[24.90566,60.21942],[24.90586,60.21932],[24.90602,60.21927],[24.90602,60.21914],[24.90611,60.2191],[24.90629,60.21909],[24.90632,60.21923],[24.90677,60.21922],[24.90727,60.21916],[24.9074,60.21905],[24.90743,60.21889],[24.90745,60.21864],[24.90745,60.2185],[24.91464,60.21844],[24.91369,60.21959],[24.90801,60.22645],[24.90709,60.22755]]]}},{"type":"Feature","properties":{"code":"091294","kunta":"091","kokotun":"0912203294","name":"Lassila","name_sv":"Lassas","named":true,"peruspiiri_code":"091032","peruspiiri":"","source":"Helsingin kaupunki, Piirijako_osaalue (2026)","bb":[60.22328,24.86664,60.23505,24.89001],"c":[60.23013,24.87905]},"geometry":{"type":"Polygon","coordinates":[[[24.88625,60.22374],[24.88508,60.22708],[24.88641,60.22844],[24.88662,60.22869],[24.88663,60.23039],[24.88645,60.23081],[24.88669,60.23127],[24.88669,60.23143],[24.88648,60.23178],[24.8866,60.23185],[24.88933,60.23225],[24.88954,60.23234],[24.89001,60.23239],[24.88974,60.23261],[24.88949,60.23287],[24.88924,60.23317],[24.88908,60.23337],[24.88865,60.23387],[24.88865,60.23473],[24.88499,60.23478],[24.88188,60.23481],[24.87769,60.23487],[24.87046,60.23497],[24.86687,60.235],[24.86666,60.23505],[24.86667,60.23481],[24.86669,60.23475],[24.86664,60.23461],[24.86666,60.23431],[24.8667,60.23425],[24.86685,60.2341],[24.86689,60.23403],[24.86713,60.23388],[24.86728,60.23381],[24.86762,60.23362],[24.86802,60.23315],[24.86814,60.233],[24.86857,60.23269],[24.86891,60.2325],[24.86906,60.23234],[24.86913,60.23222],[24.86913,60.23205],[24.86917,60.23194],[24.86929,60.2317],[24.86945,60.23142],[24.86956,60.23134],[24.86967,60.23128],[24.86999,60.23117],[24.87032,60.231],[24.87051,60.23085],[24.87073,60.2307],[24.87095,60.23064],[24.87111,60.23062],[24.87132,60.23062],[24.87166,60.23063],[24.87193,60.23059],[24.87218,60.23052],[24.87258,60.23046],[24.87289,60.23034],[24.87331,60.23012],[24.87343,60.23003],[24.87357,60.22989],[24.87362,60.22982],[24.8736,60.2297],[24.87351,60.22958],[24.87342,60.22951],[24.87316,60.22942],[24.8731,60.22937],[24.87302,60.22917],[24.87296,60.22885],[24.87294,60.22877],[24.87279,60.22865],[24.87263,60.22858],[24.87234,60.22827],[24.87195,60.22783],[24.87179,60.22768],[24.87245,60.22728],[24.87267,60.22713],[24.87314,60.22685],[24.87666,60.22468],[24.87701,60.22445],[24.87725,60.22428],[24.87758,60.22403],[24.87785,60.2238],[24.87801,60.22365],[24.87821,60.22346],[24.87837,60.22328],[24.88625,60.22374]]]}},{"type":"Feature","properties":{"code":"091301","kunta":"091","kokotun":"0912202301","name":"Vanha Munkkiniemi","name_sv":"Gamla Munksnäs","named":true,"peruspiiri_code":"091023","peruspiiri":"","source":"Helsingin kaupunki, Piirijako_osaalue (2026)","bb":[60.18592,24.84293,60.20594,24.89118],"c":[60.19761,24.86836]},"geometry":{"type":"Polygon","coordinates":[[[24.84293,60.19602],[24.84384,60.19596],[24.86696,60.19431],[24.86991,60.18996],[24.87101,60.18786],[24.87223,60.18749],[24.87667,60.18592],[24.88198,60.19151],[24.88881,60.19582],[24.89062,60.19696],[24.89118,60.20018],[24.88656,60.20146],[24.88468,60.20214],[24.88412,60.20235],[24.88314,60.20231],[24.88238,60.20222],[24.88225,60.20249],[24.88151,60.20239],[24.88132,60.20261],[24.88104,60.20303],[24.88086,60.20347],[24.88084,60.20355],[24.87754,60.20352],[24.87478,60.20358],[24.87299,60.20345],[24.87123,60.20332],[24.86698,60.2029],[24.86677,60.20293],[24.86621,60.2029],[24.86529,60.20288],[24.8637,60.2029],[24.86212,60.20301],[24.86058,60.2032],[24.85908,60.20347],[24.84966,60.20534],[24.84666,60.20594],[24.84687,60.20374],[24.84648,60.20297],[24.84643,60.20288],[24.84623,60.20248],[24.84594,60.20192],[24.84456,60.19922],[24.84397,60.19805],[24.84311,60.19637],[24.84293,60.19602]]]}},{"type":"Feature","properties":{"code":"091334","kunta":"091","kokotun":"0912205334","name":"Hakuninmaa","name_sv":"Håkansåker","named":true,"peruspiiri_code":"091053","peruspiiri":"","source":"Helsingin kaupunki, Piirijako_osaalue (2026)","bb":[60.24725,24.86788,60.26074,24.90565],"c":[60.25356,24.88727]},"geometry":{"type":"Polygon","coordinates":[[[24.88772,60.24731],[24.88904,60.24753],[24.89015,60.24769],[24.89127,60.24787],[24.8912,60.24797],[24.892,60.24814],[24.89227,60.24823],[24.89241,60.24826],[24.89271,60.24832],[24.89296,60.24835],[24.8939,60.24861],[24.89442,60.24873],[24.89625,60.25079],[24.89591,60.25089],[24.89753,60.25181],[24.8995,60.25291],[24.90161,60.25409],[24.90197,60.25419],[24.90216,60.2544],[24.90565,60.25635],[24.90458,60.25904],[24.90322,60.26074],[24.89833,60.25976],[24.89738,60.25732],[24.89241,60.25732],[24.89184,60.25697],[24.89151,60.257],[24.88625,60.25779],[24.88308,60.25755],[24.8826,60.25737],[24.88165,60.25703],[24.87982,60.25637],[24.87938,60.25688],[24.87814,60.25834],[24.87784,60.25868],[24.87702,60.26002],[24.87691,60.25989],[24.87683,60.25979],[24.87672,60.25964],[24.87608,60.25885],[24.87563,60.25828],[24.87536,60.25792],[24.87507,60.25755],[24.87488,60.2573],[24.87441,60.25669],[24.87415,60.25636],[24.87406,60.25624],[24.87326,60.25522],[24.87289,60.25475],[24.87242,60.25414],[24.8707,60.25373],[24.87007,60.25358],[24.86876,60.25327],[24.86788,60.25238],[24.86804,60.25231],[24.86838,60.25213],[24.86867,60.25198],[24.86907,60.25182],[24.86932,60.2517],[24.86997,60.2514],[24.87029,60.25125],[24.87059,60.25111],[24.87071,60.25107],[24.87127,60.25094],[24.87157,60.25086],[24.87225,60.25072],[24.87243,60.25066],[24.87254,60.25065],[24.87305,60.25063],[24.87375,60.25064],[24.87438,60.2506],[24.87483,60.25057],[24.87541,60.25047],[24.87599,60.25026],[24.87632,60.25016],[24.87674,60.24995],[24.87767,60.24956],[24.87792,60.24948],[24.87809,60.2494],[24.8783,60.2493],[24.87842,60.24918],[24.87879,60.24899],[24.87887,60.24892],[24.87903,60.24872],[24.87904,60.24851],[24.87896,60.24829],[24.87886,60.2482],[24.87848,60.24795],[24.87831,60.24786],[24.87767,60.24749],[24.87816,60.24725],[24.88517,60.24751],[24.88584,60.24752],[24.88608,60.24748],[24.88622,60.24748],[24.88636,60.24749],[24.88688,60.2476],[24.8874,60.24769],[24.88772,60.24731]]]}},{"type":"Feature","properties":{"code":"091335","kunta":"091","kokotun":"0912205335","name":"Kuninkaantammi","name_sv":"Kungseken","named":true,"peruspiiri_code":"091053","peruspiiri":"","source":"Helsingin kaupunki, Piirijako_osaalue (2026)","bb":[60.25637,24.87702,60.26894,24.90322],"c":[60.26178,24.89103]},"geometry":{"type":"Polygon","coordinates":[[[24.87702,60.26002],[24.87784,60.25868],[24.87814,60.25834],[24.87938,60.25688],[24.87982,60.25637],[24.88165,60.25703],[24.8826,60.25737],[24.88308,60.25755],[24.88625,60.25779],[24.89151,60.257],[24.89184,60.25697],[24.89241,60.25732],[24.89738,60.25732],[24.89833,60.25976],[24.90322,60.26074],[24.90136,60.26308],[24.9006,60.26485],[24.89864,60.26636],[24.89791,60.26719],[24.89844,60.26819],[24.89885,60.26857],[24.89928,60.26894],[24.89855,60.2688],[24.89815,60.26873],[24.89779,60.26868],[24.89752,60.26865],[24.89701,60.26861],[24.89612,60.26855],[24.89535,60.26851],[24.89432,60.2685],[24.89321,60.26852],[24.89282,60.26853],[24.89279,60.26841],[24.89277,60.26832],[24.89268,60.26797],[24.89259,60.26761],[24.89253,60.26736],[24.89247,60.26715],[24.89197,60.2668],[24.89141,60.26639],[24.88916,60.26542],[24.88871,60.26523],[24.88578,60.26396],[24.88567,60.26391],[24.88513,60.26369],[24.88457,60.26345],[24.88048,60.26169],[24.87725,60.26031],[24.87702,60.26002]]]}},{"type":"Feature","properties":{"code":"091384","kunta":"091","kokotun":"0915503384","name":"Tattariharju","name_sv":"Tattaråsen","named":true,"peruspiiri_code":"091033","peruspiiri":"","source":"Helsingin kaupunki, Piirijako_osaalue (2026)","bb":[60.2401,25.03819,60.25097,25.06194],"c":[60.24461,25.04921]},"geometry":{"type":"Polygon","coordinates":[[[25.03819,60.24414],[25.03852,60.24363],[25.03894,60.2432],[25.04065,60.24022],[25.04093,60.24019],[25.0435,60.2401],[25.04412,60.24021],[25.04453,60.24033],[25.04494,60.24046],[25.04524,60.24057],[25.04555,60.24069],[25.04584,60.24082],[25.04607,60.24093],[25.04676,60.24126],[25.05525,60.24461],[25.05716,60.24569],[25.05926,60.24701],[25.05946,60.24714],[25.0598,60.24737],[25.06012,60.24762],[25.0604,60.24787],[25.06061,60.24808],[25.06077,60.24828],[25.06094,60.2485],[25.06113,60.24883],[25.06122,60.24903],[25.06132,60.24935],[25.06142,60.24982],[25.06147,60.24998],[25.06159,60.25026],[25.06178,60.2506],[25.06194,60.25083],[25.06166,60.25084],[25.06026,60.25092],[25.05943,60.25097],[25.05914,60.24965],[25.059,60.24946],[25.05844,60.24898],[25.0578,60.24852],[25.05754,60.24837],[25.05717,60.24819],[25.05628,60.24789],[25.05555,60.24774],[25.05525,60.24768],[25.0543,60.24749],[25.0538,60.24736],[25.05318,60.24719],[25.05168,60.24687],[25.0488,60.24627],[25.0391,60.24418],[25.03819,60.24414]]]}},{"type":"Feature","properties":{"code":"091341","kunta":"091","kokotun":"0914402341","name":"Länsi-Pakila","name_sv":"Västra Baggböle","named":true,"peruspiiri_code":"091023","peruspiiri":"","source":"Helsingin kaupunki, Piirijako_osaalue (2026)","bb":[60.23449,24.91222,60.24903,24.94797],"c":[60.24148,24.931]},"geometry":{"type":"Polygon","coordinates":[[[24.92965,60.23587],[24.92962,60.23594],[24.93027,60.236],[24.93159,60.23613],[24.9317,60.23615],[24.93415,60.23647],[24.93512,60.2366],[24.93517,60.23651],[24.93489,60.23647],[24.93513,60.23604],[24.93654,60.23623],[24.93657,60.23616],[24.93743,60.23627],[24.93741,60.23634],[24.93853,60.23636],[24.9387,60.23639],[24.93874,60.23632],[24.93944,60.23644],[24.93939,60.23651],[24.93986,60.23658],[24.9399,60.23652],[24.94037,60.23659],[24.94043,60.23649],[24.9415,60.23561],[24.94159,60.23563],[24.94192,60.23535],[24.9445,60.23573],[24.94544,60.23673],[24.94558,60.23674],[24.94572,60.23686],[24.94555,60.23741],[24.94528,60.2377],[24.94724,60.23797],[24.94732,60.23824],[24.94745,60.23891],[24.94748,60.23906],[24.9475,60.23983],[24.94741,60.2403],[24.94723,60.24153],[24.94709,60.24258],[24.94708,60.2429],[24.94713,60.2429],[24.94733,60.24448],[24.94763,60.24493],[24.94775,60.24549],[24.94797,60.24615],[24.94787,60.24648],[24.9477,60.24713],[24.94759,60.24745],[24.94755,60.24745],[24.94746,60.24777],[24.9472,60.24853],[24.94678,60.24858],[24.94649,60.24882],[24.9448,60.24903],[24.94469,60.24899],[24.9446,60.24856],[24.94357,60.24844],[24.94125,60.24817],[24.94007,60.24803],[24.93932,60.24795],[24.93871,60.24788],[24.93704,60.24769],[24.93524,60.24748],[24.93278,60.2472],[24.93143,60.24704],[24.93031,60.24691],[24.92871,60.24673],[24.92784,60.24663],[24.9253,60.24634],[24.92427,60.24622],[24.92138,60.24589],[24.91879,60.24559],[24.91651,60.24533],[24.9152,60.24518],[24.9149,60.24513],[24.91345,60.24498],[24.91284,60.24491],[24.91222,60.24484],[24.91242,60.24425],[24.91244,60.24418],[24.91255,60.2439],[24.91266,60.24354],[24.913,60.24248],[24.91252,60.24213],[24.91282,60.24122],[24.9129,60.24096],[24.91296,60.24085],[24.91307,60.24073],[24.91328,60.24058],[24.9137,60.24038],[24.91339,60.23947],[24.9142,60.23892],[24.9143,60.23862],[24.91469,60.23746],[24.9147,60.2374],[24.91486,60.23694],[24.91539,60.23535],[24.91572,60.23449],[24.91655,60.2346],[24.91658,60.23453],[24.9177,60.23467],[24.92043,60.23501],[24.92134,60.23512],[24.92965,60.23587]]]}},{"type":"Feature","properties":{"code":"091570","kunta":"091","kokotun":"0918801570","name":"Talosaari","name_sv":"Husö","named":true,"peruspiiri_code":"091015","peruspiiri":"","source":"Helsingin kaupunki, Piirijako_osaalue (2026)","bb":[60.22919,25.18019,60.24711,25.22663],"c":[60.23972,25.20345]},"geometry":{"type":"Polygon","coordinates":[[[25.18019,60.24382],[25.1883,60.2374],[25.19868,60.22919],[25.20455,60.23073],[25.20439,60.22989],[25.20833,60.23157],[25.22663,60.23936],[25.2231,60.24284],[25.22164,60.24428],[25.2187,60.2451],[25.21624,60.24579],[25.21191,60.24688],[25.20902,60.24701],[25.19605,60.24643],[25.1882,60.24707],[25.1875,60.24711],[25.18489,60.24549],[25.18459,60.24553],[25.18436,60.24538],[25.18423,60.24524],[25.18396,60.24503],[25.18379,60.24494],[25.18363,60.2449],[25.18333,60.24486],[25.18323,60.24481],[25.18304,60.24458],[25.18294,60.24448],[25.18267,60.24434],[25.18239,60.24423],[25.18196,60.24409],[25.18174,60.244],[25.18153,60.24397],[25.18087,60.24389],[25.18049,60.24383],[25.1803,60.24381],[25.18019,60.24382]]]}},{"type":"Feature","properties":{"code":"091342","kunta":"091","kokotun":"0914405342","name":"Itä-Pakila","name_sv":"Östra Baggböle","named":true,"peruspiiri_code":"091053","peruspiiri":"","source":"Helsingin kaupunki, Piirijako_osaalue (2026)","bb":[60.23797,24.94708,60.25173,24.97596],"c":[60.2453,24.95991]},"geometry":{"type":"Polygon","coordinates":[[[24.94744,60.238],[24.94908,60.23822],[24.94964,60.2383],[24.95038,60.2386],[24.9511,60.23869],[24.95218,60.23882],[24.95319,60.23895],[24.95321,60.23891],[24.95402,60.23902],[24.95399,60.23907],[24.9554,60.23925],[24.95764,60.23955],[24.95796,60.23952],[24.96112,60.23992],[24.96063,60.24019],[24.96038,60.24036],[24.96023,60.24051],[24.96012,60.24064],[24.96004,60.24077],[24.96093,60.24081],[24.96297,60.24092],[24.96319,60.24078],[24.96368,60.24057],[24.96382,60.24049],[24.96395,60.2404],[24.9648,60.2397],[24.96493,60.23961],[24.96511,60.23954],[24.9653,60.23948],[24.96563,60.23944],[24.96584,60.23944],[24.96732,60.23952],[24.96759,60.23952],[24.96787,60.23949],[24.96809,60.23944],[24.96889,60.23923],[24.96907,60.23917],[24.97016,60.23958],[24.97001,60.23989],[24.97011,60.24025],[24.97065,60.24053],[24.97153,60.24078],[24.9719,60.241],[24.97256,60.24138],[24.97221,60.24163],[24.97203,60.2418],[24.97185,60.24199],[24.97173,60.24218],[24.97167,60.24231],[24.97163,60.24246],[24.97167,60.24264],[24.97191,60.24294],[24.9721,60.2431],[24.97258,60.24346],[24.97264,60.24353],[24.97273,60.2438],[24.97285,60.24425],[24.97293,60.24592],[24.97317,60.24645],[24.97335,60.24691],[24.97358,60.2474],[24.97372,60.24767],[24.97403,60.24815],[24.97429,60.24859],[24.97438,60.2489],[24.97481,60.24964],[24.97493,60.24981],[24.97511,60.24998],[24.97527,60.2501],[24.97596,60.25049],[24.9702,60.25096],[24.96936,60.25149],[24.96877,60.25173],[24.96849,60.25157],[24.96845,60.25153],[24.96818,60.25139],[24.96769,60.25122],[24.96745,60.25117],[24.96725,60.25109],[24.96697,60.25091],[24.96573,60.24999],[24.96549,60.24989],[24.96523,60.25011],[24.96497,60.25005],[24.96409,60.24978],[24.96415,60.25012],[24.96392,60.25013],[24.96405,60.25082],[24.96225,60.25086],[24.96174,60.25088],[24.96062,60.25093],[24.9604,60.25093],[24.95902,60.251],[24.95808,60.25103],[24.95767,60.25104],[24.95649,60.25093],[24.95641,60.25099],[24.95432,60.25105],[24.95431,60.25099],[24.95352,60.25101],[24.95348,60.25107],[24.95178,60.2511],[24.95089,60.25103],[24.94957,60.25093],[24.94863,60.25079],[24.94866,60.25096],[24.94751,60.25087],[24.94739,60.25017],[24.94718,60.24889],[24.94746,60.24885],[24.94749,60.24872],[24.9472,60.24853],[24.94746,60.24777],[24.94755,60.24745],[24.94759,60.24745],[24.9477,60.24713],[24.94787,60.24648],[24.94797,60.24615],[24.94775,60.24549],[24.94763,60.24493],[24.94733,60.24448],[24.94713,60.2429],[24.94708,60.2429],[24.94709,60.24258],[24.94723,60.24153],[24.94741,60.2403],[24.9475,60.23983],[24.94748,60.23906],[24.94745,60.23891],[24.94732,60.23824],[24.94724,60.23797],[24.94744,60.238]]]}},{"type":"Feature","properties":{"code":"091283","kunta":"091","kokotun":"0914401283","name":"Metsälä","name_sv":"Krämertsskog","named":true,"peruspiiri_code":"091012","peruspiiri":"","source":"Helsingin kaupunki, Piirijako_osaalue (2026)","bb":[60.21812,24.93289,60.229,24.94482],"c":[60.22302,24.93903]},"geometry":{"type":"Polygon","coordinates":[[[24.94479,60.21991],[24.94482,60.22012],[24.94481,60.22024],[24.94476,60.22035],[24.94463,60.22051],[24.94446,60.22063],[24.94419,60.22073],[24.94404,60.22076],[24.94361,60.22084],[24.9431,60.22067],[24.94299,60.22078],[24.94297,60.22087],[24.94233,60.22135],[24.94239,60.22166],[24.9447,60.22192],[24.94465,60.22203],[24.94463,60.22224],[24.94454,60.2243],[24.94445,60.22429],[24.94416,60.2258],[24.94355,60.22691],[24.94309,60.22776],[24.94286,60.22834],[24.94271,60.229],[24.9381,60.22732],[24.93461,60.22595],[24.9341,60.22606],[24.93404,60.22519],[24.93401,60.2247],[24.93399,60.22414],[24.93397,60.22298],[24.9339,60.22245],[24.93379,60.22183],[24.93377,60.22132],[24.93367,60.2211],[24.93384,60.22094],[24.93289,60.22048],[24.93304,60.22008],[24.93329,60.2193],[24.93346,60.21868],[24.93353,60.21831],[24.93354,60.21817],[24.93407,60.21818],[24.93407,60.21812],[24.93504,60.21818],[24.93524,60.21825],[24.93816,60.21849],[24.93856,60.21863],[24.94269,60.21922],[24.94473,60.21988],[24.94479,60.21991]]]}},{"type":"Feature","properties":{"code":"091284","kunta":"091","kokotun":"0914404284","name":"Patola","name_sv":"Dammen","named":true,"peruspiiri_code":"091042","peruspiiri":"","source":"Helsingin kaupunki, Piirijako_osaalue (2026)","bb":[60.21991,24.94233,60.24138,24.98398],"c":[60.23236,24.95908]},"geometry":{"type":"Polygon","coordinates":[[[24.97256,60.24138],[24.9719,60.241],[24.97153,60.24078],[24.97065,60.24053],[24.97011,60.24025],[24.97001,60.23989],[24.97016,60.23958],[24.96907,60.23917],[24.96889,60.23923],[24.96809,60.23944],[24.96787,60.23949],[24.96759,60.23952],[24.96732,60.23952],[24.96584,60.23944],[24.96563,60.23944],[24.9653,60.23948],[24.96511,60.23954],[24.96493,60.23961],[24.9648,60.2397],[24.96395,60.2404],[24.96382,60.24049],[24.96368,60.24057],[24.96319,60.24078],[24.96297,60.24092],[24.96093,60.24081],[24.96004,60.24077],[24.96012,60.24064],[24.96023,60.24051],[24.96038,60.24036],[24.96063,60.24019],[24.96112,60.23992],[24.95796,60.23952],[24.95764,60.23955],[24.9554,60.23925],[24.95399,60.23907],[24.95402,60.23902],[24.95321,60.23891],[24.95319,60.23895],[24.95218,60.23882],[24.9511,60.23869],[24.95038,60.2386],[24.94964,60.2383],[24.94908,60.23822],[24.94744,60.238],[24.94713,60.23756],[24.94699,60.23741],[24.94688,60.23715],[24.94628,60.23625],[24.94461,60.23453],[24.94344,60.23308],[24.94331,60.23281],[24.94288,60.23207],[24.94264,60.23105],[24.94257,60.23068],[24.94252,60.23016],[24.94257,60.22973],[24.94271,60.229],[24.94286,60.22834],[24.94309,60.22776],[24.94355,60.22691],[24.94416,60.2258],[24.94445,60.22429],[24.94454,60.2243],[24.94463,60.22224],[24.94465,60.22203],[24.9447,60.22192],[24.94239,60.22166],[24.94233,60.22135],[24.94297,60.22087],[24.94299,60.22078],[24.9431,60.22067],[24.94361,60.22084],[24.94404,60.22076],[24.94419,60.22073],[24.94446,60.22063],[24.94463,60.22051],[24.94476,60.22035],[24.94481,60.22024],[24.94482,60.22012],[24.94479,60.21991],[24.94605,60.22044],[24.94721,60.22087],[24.94909,60.22148],[24.95,60.22175],[24.94922,60.22215],[24.9495,60.22224],[24.95288,60.22264],[24.95782,60.22438],[24.95849,60.22464],[24.95931,60.22498],[24.96114,60.22588],[24.963,60.22682],[24.96304,60.22685],[24.96526,60.22798],[24.96677,60.22869],[24.96829,60.22948],[24.96908,60.22991],[24.97469,60.23284],[24.97648,60.23378],[24.97736,60.23424],[24.97804,60.2346],[24.98359,60.23749],[24.98341,60.23758],[24.98398,60.23787],[24.98333,60.23816],[24.983,60.2383],[24.98257,60.23846],[24.98227,60.23856],[24.98173,60.23873],[24.981,60.23892],[24.98053,60.23901],[24.98009,60.23909],[24.97943,60.23919],[24.9786,60.23931],[24.97775,60.2394],[24.97722,60.23952],[24.97574,60.23996],[24.97393,60.24059],[24.97263,60.24133],[24.97256,60.24138]]]}},{"type":"Feature","properties":{"code":"091285","kunta":"091","kokotun":"0914404285","name":"Veräjämäki","name_sv":"Grindbacka","named":true,"peruspiiri_code":"091042","peruspiiri":"","source":"Helsingin kaupunki, Piirijako_osaalue (2026)","bb":[60.221,24.95288,60.23424,24.98984],"c":[60.22694,24.97455]},"geometry":{"type":"Polygon","coordinates":[[[24.97736,60.23424],[24.97648,60.23378],[24.97469,60.23284],[24.96908,60.22991],[24.96829,60.22948],[24.96677,60.22869],[24.96526,60.22798],[24.96304,60.22685],[24.963,60.22682],[24.96114,60.22588],[24.95931,60.22498],[24.95849,60.22464],[24.95782,60.22438],[24.95288,60.22264],[24.96053,60.22354],[24.96441,60.224],[24.97067,60.22278],[24.97985,60.221],[24.98003,60.22118],[24.98041,60.22151],[24.98105,60.22202],[24.98178,60.22282],[24.9823,60.22324],[24.98301,60.22385],[24.98365,60.22501],[24.98369,60.22516],[24.9837,60.22532],[24.9837,60.22539],[24.98362,60.22565],[24.98332,60.22642],[24.98347,60.22723],[24.98524,60.22761],[24.98608,60.22782],[24.98678,60.22849],[24.98811,60.2295],[24.98852,60.22978],[24.98866,60.2299],[24.98914,60.23034],[24.98938,60.23056],[24.98971,60.2309],[24.9898,60.23108],[24.98984,60.23123],[24.98339,60.23105],[24.98162,60.23107],[24.98113,60.23105],[24.98018,60.23109],[24.97998,60.23115],[24.97973,60.2312],[24.97912,60.23123],[24.97898,60.23124],[24.97716,60.23133],[24.97689,60.23134],[24.97836,60.23274],[24.97847,60.23287],[24.97856,60.23301],[24.97862,60.23317],[24.97865,60.23334],[24.97862,60.2335],[24.97856,60.23367],[24.97841,60.23388],[24.97828,60.2339],[24.97814,60.23391],[24.97798,60.2339],[24.97736,60.23424]]]}},{"type":"Feature","properties":{"code":"091286","kunta":"091","kokotun":"0914401286","name":"Maunulanpuisto","name_sv":"Månsasparken","named":true,"peruspiiri_code":"091012","peruspiiri":"","source":"Helsingin kaupunki, Piirijako_osaalue (2026)","bb":[60.21959,24.90709,60.23087,24.9341],"c":[60.2243,24.91982]},"geometry":{"type":"Polygon","coordinates":[[[24.90709,60.22755],[24.90801,60.22645],[24.91369,60.21959],[24.92276,60.22024],[24.92382,60.22029],[24.92871,60.22064],[24.92924,60.22067],[24.93017,60.2207],[24.93046,60.2207],[24.9311,60.22069],[24.93184,60.22067],[24.93256,60.22063],[24.93272,60.22061],[24.93285,60.22054],[24.93289,60.22048],[24.93384,60.22094],[24.93367,60.2211],[24.93377,60.22132],[24.93379,60.22183],[24.9339,60.22245],[24.93397,60.22298],[24.93399,60.22414],[24.93401,60.2247],[24.93404,60.22519],[24.9341,60.22606],[24.93324,60.22571],[24.93314,60.22561],[24.93295,60.22548],[24.93274,60.22538],[24.93255,60.2253],[24.93189,60.2251],[24.93115,60.22492],[24.92947,60.22465],[24.92923,60.22482],[24.92903,60.22475],[24.92881,60.2247],[24.92847,60.22468],[24.9281,60.2247],[24.92791,60.2247],[24.92765,60.22466],[24.92713,60.22453],[24.92744,60.22421],[24.92609,60.22389],[24.92454,60.22429],[24.92305,60.22581],[24.92246,60.22657],[24.92206,60.22689],[24.92277,60.2271],[24.92209,60.22764],[24.9213,60.2276],[24.92092,60.22961],[24.92168,60.22986],[24.92166,60.22994],[24.92171,60.23003],[24.92058,60.23087],[24.91955,60.23048],[24.91891,60.23028],[24.91387,60.22918],[24.91373,60.22913],[24.91218,60.22862],[24.909,60.22797],[24.90709,60.22755]]]}},{"type":"Feature","properties":{"code":"091287","kunta":"091","kokotun":"0914404287","name":"Veräjälaakso","name_sv":"Grinddal","named":true,"peruspiiri_code":"091042","peruspiiri":"","source":"Helsingin kaupunki, Piirijako_osaalue (2026)","bb":[60.23105,24.97689,60.23787,24.98992],"c":[60.23376,24.98385]},"geometry":{"type":"Polygon","coordinates":[[[24.98945,60.2335],[24.98911,60.23421],[24.98864,60.23505],[24.98827,60.23567],[24.98743,60.23625],[24.98551,60.23717],[24.98398,60.23787],[24.98341,60.23758],[24.98359,60.23749],[24.97804,60.2346],[24.97736,60.23424],[24.97798,60.2339],[24.97814,60.23391],[24.97828,60.2339],[24.97841,60.23388],[24.97856,60.23367],[24.97862,60.2335],[24.97865,60.23334],[24.97862,60.23317],[24.97856,60.23301],[24.97847,60.23287],[24.97836,60.23274],[24.97689,60.23134],[24.97716,60.23133],[24.97898,60.23124],[24.97912,60.23123],[24.97973,60.2312],[24.97998,60.23115],[24.98018,60.23109],[24.98113,60.23105],[24.98162,60.23107],[24.98339,60.23105],[24.98984,60.23123],[24.98984,60.23126],[24.98989,60.23151],[24.98992,60.23179],[24.98992,60.23218],[24.98989,60.23245],[24.98985,60.23256],[24.98968,60.233],[24.98945,60.2335]]]}},{"type":"Feature","properties":{"code":"091457","kunta":"091","kokotun":"0917701457","name":"Itäkeskus","name_sv":"Östra centrum","named":true,"peruspiiri_code":"091014","peruspiiri":"","source":"Helsingin kaupunki, Piirijako_osaalue (2026)","bb":[60.2024,25.06432,60.21477,25.09444],"c":[60.208,25.07866]},"geometry":{"type":"Polygon","coordinates":[[[25.08758,60.21268],[25.08733,60.21297],[25.08653,60.21387],[25.08648,60.21405],[25.08622,60.21437],[25.08509,60.21406],[25.08438,60.21384],[25.08402,60.21375],[25.08321,60.21448],[25.08287,60.21477],[25.0827,60.21473],[25.08081,60.21421],[25.08062,60.21418],[25.08045,60.21418],[25.08024,60.21422],[25.08011,60.2141],[25.07931,60.21329],[25.078,60.21293],[25.07794,60.21299],[25.07742,60.21284],[25.07698,60.21269],[25.07869,60.21115],[25.07869,60.21106],[25.07862,60.21103],[25.07478,60.20998],[25.07507,60.20859],[25.07113,60.20826],[25.06571,60.20793],[25.06433,60.20784],[25.06433,60.20774],[25.06432,60.2024],[25.06982,60.20275],[25.07258,60.20293],[25.0726,60.20284],[25.07398,60.20322],[25.07535,60.2036],[25.07563,60.2037],[25.07584,60.20384],[25.07595,60.20396],[25.07622,60.20438],[25.07665,60.20442],[25.07778,60.20425],[25.07802,60.2042],[25.07939,60.20517],[25.07976,60.2056],[25.0806,60.20526],[25.08087,60.20561],[25.08106,60.20576],[25.08117,60.20583],[25.08145,60.20577],[25.08173,60.20565],[25.08375,60.20622],[25.08437,60.20566],[25.08467,60.20585],[25.08465,60.20595],[25.08482,60.20605],[25.08597,60.20559],[25.0865,60.20567],[25.08775,60.20601],[25.08785,60.20638],[25.08876,60.20662],[25.08909,60.20667],[25.08981,60.20687],[25.09037,60.20661],[25.09103,60.20647],[25.09151,60.20669],[25.09251,60.20716],[25.09298,60.20738],[25.09303,60.20742],[25.09269,60.20752],[25.09335,60.20804],[25.09383,60.20837],[25.09418,60.20824],[25.09444,60.20867],[25.09303,60.20894],[25.09258,60.20904],[25.0924,60.2091],[25.09219,60.20919],[25.09195,60.20931],[25.09181,60.20939],[25.08846,60.21162],[25.08758,60.21268]]]}},{"type":"Feature","properties":{"code":"091010","kunta":"091","kokotun":"0911101010","name":"Kruununhaka","name_sv":"Kronohagen","named":true,"peruspiiri_code":"091010","peruspiiri":"","source":"Helsingin kaupunki, Piirijako_osaalue (2026)","bb":[60.16797,24.95038,60.17732,24.9786],"c":[60.17295,24.96247]},"geometry":{"type":"Polygon","coordinates":[[[24.95812,60.17732],[24.95366,60.1772],[24.95114,60.1764],[24.95038,60.17638],[24.95041,60.17607],[24.95047,60.17606],[24.95057,60.17511],[24.95069,60.17396],[24.95058,60.17395],[24.95085,60.17155],[24.95094,60.17084],[24.95105,60.16987],[24.95114,60.16896],[24.95124,60.16797],[24.95211,60.168],[24.95225,60.168],[24.9537,60.16804],[24.95508,60.16807],[24.95508,60.16808],[24.9568,60.16811],[24.95773,60.16814],[24.95907,60.16927],[24.96618,60.17057],[24.97195,60.17057],[24.9786,60.16991],[24.97682,60.175],[24.96649,60.17628],[24.95812,60.17732]]]}},{"type":"Feature","properties":{"code":"091020","kunta":"091","kokotun":"0911101020","name":"Kluuvi","name_sv":"Gloet","named":true,"peruspiiri_code":"091010","peruspiiri":"","source":"Helsingin kaupunki, Piirijako_osaalue (2026)","bb":[60.16772,24.93208,60.18005,24.95124],"c":[60.17375,24.94215]},"geometry":{"type":"Polygon","coordinates":[[[24.95124,60.16797],[24.95114,60.16896],[24.95105,60.16987],[24.95094,60.17084],[24.95085,60.17155],[24.95058,60.17395],[24.95069,60.17396],[24.95057,60.17511],[24.95047,60.17606],[24.95041,60.17607],[24.95038,60.17638],[24.94935,60.17636],[24.94344,60.17773],[24.94352,60.17973],[24.93502,60.18005],[24.93208,60.17891],[24.93262,60.17801],[24.93289,60.17805],[24.93498,60.17447],[24.9334,60.17376],[24.9338,60.17335],[24.93325,60.17326],[24.93345,60.17295],[24.93356,60.17297],[24.93393,60.17239],[24.93381,60.17237],[24.93396,60.17212],[24.93435,60.17205],[24.93472,60.17198],[24.93496,60.17208],[24.93564,60.17137],[24.93567,60.17127],[24.93632,60.17082],[24.93759,60.16998],[24.93808,60.16962],[24.93825,60.16968],[24.94042,60.16824],[24.94058,60.16814],[24.94121,60.16772],[24.94223,60.16775],[24.94554,60.16783],[24.9458,60.16784],[24.94931,60.16793],[24.94957,60.16793],[24.95093,60.16797],[24.95124,60.16797]]]}},{"type":"Feature","properties":{"code":"091030","kunta":"091","kokotun":"0911102030","name":"Kaartinkaupunki","name_sv":"Gardesstaden","named":true,"peruspiiri_code":"091020","peruspiiri":"","source":"Helsingin kaupunki, Piirijako_osaalue (2026)","bb":[60.16287,24.94121,60.16814,24.95805],"c":[60.16577,24.95007]},"geometry":{"type":"Polygon","coordinates":[[[24.95124,60.16797],[24.95093,60.16797],[24.94957,60.16793],[24.94931,60.16793],[24.9458,60.16784],[24.94554,60.16783],[24.94223,60.16775],[24.94121,60.16772],[24.9417,60.16739],[24.94299,60.16653],[24.9434,60.16625],[24.94346,60.16549],[24.94258,60.16518],[24.94395,60.1642],[24.94511,60.16336],[24.94577,60.16287],[24.94826,60.16295],[24.94822,60.16313],[24.9501,60.16317],[24.95012,60.16297],[24.95301,60.16304],[24.9529,60.16398],[24.95449,60.16456],[24.95805,60.16468],[24.95761,60.16805],[24.95773,60.16814],[24.9568,60.16811],[24.95508,60.16808],[24.95508,60.16807],[24.9537,60.16804],[24.95225,60.168],[24.95211,60.168],[24.95124,60.16797]]]}},{"type":"Feature","properties":{"code":"091040","kunta":"091","kokotun":"0911103040","name":"Kamppi","name_sv":"Kampen","named":true,"peruspiiri_code":"091030","peruspiiri":"","source":"Helsingin kaupunki, Piirijako_osaalue (2026)","bb":[60.16047,24.92064,60.17208,24.94346],"c":[60.16609,24.93111]},"geometry":{"type":"Polygon","coordinates":[[[24.94121,60.16772],[24.94058,60.16814],[24.94042,60.16824],[24.93825,60.16968],[24.93808,60.16962],[24.93759,60.16998],[24.93632,60.17082],[24.93567,60.17127],[24.93564,60.17137],[24.93496,60.17208],[24.93472,60.17198],[24.93435,60.17205],[24.93381,60.17178],[24.93331,60.17156],[24.93297,60.17142],[24.93265,60.1713],[24.93195,60.17105],[24.92905,60.17016],[24.92874,60.17007],[24.92728,60.16961],[24.92691,60.16951],[24.92718,60.16932],[24.92595,60.16894],[24.92516,60.16868],[24.92501,60.16863],[24.92485,60.16852],[24.92476,60.16854],[24.92384,60.16821],[24.92238,60.16776],[24.9216,60.16753],[24.92089,60.1675],[24.92096,60.16698],[24.92082,60.1669],[24.92072,60.1669],[24.92072,60.16677],[24.92092,60.16558],[24.92089,60.16541],[24.92094,60.16507],[24.92081,60.16486],[24.92064,60.16483],[24.92092,60.16285],[24.92157,60.16238],[24.92166,60.16237],[24.92184,60.16285],[24.92245,60.16246],[24.92219,60.16215],[24.92502,60.16073],[24.92726,60.16047],[24.92755,60.16124],[24.9289,60.16171],[24.92965,60.16195],[24.92993,60.16199],[24.93124,60.16243],[24.9331,60.16308],[24.93424,60.16227],[24.93564,60.16275],[24.93793,60.16356],[24.93814,60.16363],[24.94047,60.16445],[24.94258,60.16518],[24.94346,60.16549],[24.9434,60.16625],[24.94299,60.16653],[24.9417,60.16739],[24.94121,60.16772]]]}},{"type":"Feature","properties":{"code":"091050","kunta":"091","kokotun":"0911102050","name":"Punavuori","name_sv":"Rödbergen","named":true,"peruspiiri_code":"091020","peruspiiri":"","source":"Helsingin kaupunki, Piirijako_osaalue (2026)","bb":[60.15728,24.92719,60.16518,24.94511],"c":[60.16085,24.93668]},"geometry":{"type":"Polygon","coordinates":[[[24.94258,60.16518],[24.94047,60.16445],[24.93814,60.16363],[24.93793,60.16356],[24.93564,60.16275],[24.93424,60.16227],[24.9331,60.16308],[24.93124,60.16243],[24.92993,60.16199],[24.92965,60.16195],[24.9289,60.16171],[24.92755,60.16124],[24.92726,60.16047],[24.92719,60.16028],[24.92827,60.16012],[24.93026,60.15975],[24.93095,60.15868],[24.93102,60.1587],[24.93174,60.15758],[24.93137,60.15752],[24.93153,60.15728],[24.93334,60.15757],[24.93375,60.15763],[24.93518,60.15769],[24.93793,60.15782],[24.94141,60.15797],[24.94128,60.15823],[24.94247,60.15911],[24.94232,60.16],[24.9423,60.16011],[24.94221,60.16074],[24.9426,60.16127],[24.94266,60.16132],[24.94271,60.16144],[24.9428,60.16192],[24.94275,60.16217],[24.94272,60.16219],[24.94281,60.16255],[24.94286,60.1626],[24.94511,60.16336],[24.94395,60.1642],[24.94258,60.16518]]]}},{"type":"Feature","properties":{"code":"091060","kunta":"091","kokotun":"0911102060","name":"Eira","name_sv":"Eira","named":true,"peruspiiri_code":"091020","peruspiiri":"","source":"Helsingin kaupunki, Piirijako_osaalue (2026)","bb":[60.15321,24.93334,60.15797,24.94371],"c":[60.15559,24.93891]},"geometry":{"type":"Polygon","coordinates":[[[24.94141,60.15797],[24.93793,60.15782],[24.93518,60.15769],[24.93375,60.15763],[24.93334,60.15757],[24.93375,60.15694],[24.93381,60.15695],[24.93439,60.15632],[24.93464,60.15609],[24.93494,60.15587],[24.93529,60.15567],[24.93567,60.15549],[24.936,60.15537],[24.93664,60.15321],[24.94371,60.15321],[24.94273,60.15524],[24.94141,60.15797]]]}},{"type":"Feature","properties":{"code":"091070","kunta":"091","kokotun":"0911102070","name":"Ullanlinna","name_sv":"Ulrikasborg","named":true,"peruspiiri_code":"091020","peruspiiri":"","source":"Helsingin kaupunki, Piirijako_osaalue (2026)","bb":[60.14662,24.93664,60.16468,24.96039],"c":[60.15487,24.94744]},"geometry":{"type":"Polygon","coordinates":[[[24.95628,60.1533],[24.95057,60.15508],[24.95009,60.15611],[24.95092,60.15621],[24.95288,60.15761],[24.9536,60.15812],[24.95464,60.15885],[24.9547,60.1589],[24.95477,60.159],[24.95479,60.15914],[24.95563,60.1606],[24.95605,60.16121],[24.95616,60.16141],[24.95609,60.16182],[24.95587,60.16203],[24.95783,60.1628],[24.96039,60.16374],[24.95805,60.16468],[24.95449,60.16456],[24.9529,60.16398],[24.95301,60.16304],[24.95012,60.16297],[24.9501,60.16317],[24.94822,60.16313],[24.94826,60.16295],[24.94577,60.16287],[24.94511,60.16336],[24.94286,60.1626],[24.94281,60.16255],[24.94272,60.16219],[24.94275,60.16217],[24.9428,60.16192],[24.94271,60.16144],[24.94266,60.16132],[24.9426,60.16127],[24.94221,60.16074],[24.9423,60.16011],[24.94232,60.16],[24.94247,60.15911],[24.94128,60.15823],[24.94141,60.15797],[24.94273,60.15524],[24.94371,60.15321],[24.93664,60.15321],[24.93858,60.14663],[24.95242,60.14662],[24.9534,60.15126],[24.95628,60.1533]]]}},{"type":"Feature","properties":{"code":"091080","kunta":"091","kokotun":"0911101080","name":"Katajanokka","name_sv":"Skatudden","named":true,"peruspiiri_code":"091010","peruspiiri":"","source":"Helsingin kaupunki, Piirijako_osaalue (2026)","bb":[60.16258,24.95761,60.17057,25.00448],"c":[60.16603,24.98002]},"geometry":{"type":"Polygon","coordinates":[[[24.9786,60.16991],[24.97195,60.17057],[24.96618,60.17057],[24.95907,60.16927],[24.95773,60.16814],[24.95761,60.16805],[24.95805,60.16468],[24.96039,60.16374],[24.96322,60.1626],[24.96683,60.1626],[25.00448,60.16258],[25.00323,60.16856],[24.97907,60.16857],[24.9786,60.16991]]]}},{"type":"Feature","properties":{"code":"091090","kunta":"091","kokotun":"0911102090","name":"Kaivopuisto","name_sv":"Brunnsparken","named":true,"peruspiiri_code":"091020","peruspiiri":"","source":"Helsingin kaupunki, Piirijako_osaalue (2026)","bb":[60.15157,24.95009,60.16374,25.0052],"c":[60.15836,24.97516]},"geometry":{"type":"Polygon","coordinates":[[[25.00448,60.16258],[24.96683,60.1626],[24.96322,60.1626],[24.96039,60.16374],[24.95783,60.1628],[24.95587,60.16203],[24.95609,60.16182],[24.95616,60.16141],[24.95605,60.16121],[24.95563,60.1606],[24.95479,60.15914],[24.95477,60.159],[24.9547,60.1589],[24.95464,60.15885],[24.9536,60.15812],[24.95288,60.15761],[24.95092,60.15621],[24.95009,60.15611],[24.95057,60.15508],[24.95628,60.1533],[24.96181,60.15157],[25.0052,60.15899],[25.00448,60.16258]]]}},{"type":"Feature","properties":{"code":"091111","kunta":"091","kokotun":"0913301111","name":"Siltasaari","name_sv":"Broholmen","named":true,"peruspiiri_code":"091011","peruspiiri":"","source":"Helsingin kaupunki, Piirijako_osaalue (2026)","bb":[60.17636,24.94344,60.18132,24.95866],"c":[60.1787,24.95077]},"geometry":{"type":"Polygon","coordinates":[[[24.95038,60.17638],[24.95114,60.1764],[24.95366,60.1772],[24.95812,60.17732],[24.95802,60.17776],[24.95806,60.1783],[24.95799,60.17939],[24.95866,60.1798],[24.95779,60.1802],[24.95729,60.17992],[24.95518,60.17989],[24.95356,60.181],[24.95322,60.18093],[24.95176,60.1804],[24.94997,60.1811],[24.94949,60.18132],[24.94874,60.18097],[24.94682,60.18021],[24.94352,60.17973],[24.94344,60.17773],[24.94935,60.17636],[24.95038,60.17638]]]}},{"type":"Feature","properties":{"code":"091112","kunta":"091","kokotun":"0913301112","name":"Linjat","name_sv":"Linjerna","named":true,"peruspiiri_code":"091011","peruspiiri":"","source":"Helsingin kaupunki, Piirijako_osaalue (2026)","bb":[60.17973,24.93345,60.18645,24.95657],"c":[60.18297,24.94401]},"geometry":{"type":"Polygon","coordinates":[[[24.95649,60.18214],[24.95609,60.18232],[24.9529,60.18357],[24.95182,60.18398],[24.95179,60.1843],[24.95156,60.18645],[24.95058,60.18643],[24.94611,60.18631],[24.94438,60.18626],[24.94339,60.1862],[24.94007,60.18572],[24.93625,60.18516],[24.93598,60.18512],[24.93345,60.18317],[24.93502,60.18005],[24.94352,60.17973],[24.94682,60.18021],[24.94874,60.18097],[24.94949,60.18132],[24.94997,60.1811],[24.95176,60.1804],[24.95322,60.18093],[24.95356,60.181],[24.95657,60.1821],[24.95649,60.18214]]]}},{"type":"Feature","properties":{"code":"091113","kunta":"091","kokotun":"0913301113","name":"Torkkelinmäki","name_sv":"Torkelsbacken","named":true,"peruspiiri_code":"091011","peruspiiri":"","source":"Helsingin kaupunki, Piirijako_osaalue (2026)","bb":[60.18214,24.95156,60.18751,24.96193],"c":[60.18519,24.95652]},"geometry":{"type":"Polygon","coordinates":[[[24.95649,60.18214],[24.95838,60.18311],[24.95863,60.18322],[24.9604,60.18456],[24.96089,60.18495],[24.96118,60.1853],[24.96137,60.18562],[24.96157,60.18651],[24.9617,60.18713],[24.96181,60.18727],[24.96193,60.18737],[24.96149,60.18751],[24.96067,60.18748],[24.95985,60.18744],[24.95904,60.18738],[24.95299,60.18685],[24.95169,60.1868],[24.95173,60.18645],[24.95156,60.18645],[24.95179,60.1843],[24.95182,60.18398],[24.9529,60.18357],[24.95609,60.18232],[24.95649,60.18214]]]}},{"type":"Feature","properties":{"code":"091362","kunta":"091","kokotun":"0915501362","name":"Latokartano","name_sv":"Ladugården","named":true,"peruspiiri_code":"091013","peruspiiri":"","source":"Helsingin kaupunki, Piirijako_osaalue (2026)","bb":[60.21893,25.02102,60.23628,25.05057],"c":[60.22813,25.03663]},"geometry":{"type":"Polygon","coordinates":[[[25.05057,60.23157],[25.05013,60.23189],[25.04995,60.23204],[25.04975,60.23222],[25.04935,60.2326],[25.04922,60.2327],[25.0486,60.23316],[25.04815,60.23345],[25.04769,60.23373],[25.04687,60.23419],[25.04602,60.23463],[25.04556,60.23486],[25.04509,60.23508],[25.04463,60.23527],[25.0444,60.23535],[25.04367,60.2356],[25.04317,60.23573],[25.04254,60.23588],[25.04142,60.23607],[25.04135,60.23608],[25.04026,60.23618],[25.03958,60.23621],[25.03917,60.23621],[25.03864,60.23619],[25.03812,60.23614],[25.03767,60.23608],[25.03729,60.23601],[25.03683,60.2359],[25.03642,60.2358],[25.03602,60.2357],[25.03518,60.23628],[25.03465,60.2361],[25.02875,60.23394],[25.02794,60.23364],[25.02636,60.23308],[25.02583,60.23287],[25.02564,60.23282],[25.0244,60.2324],[25.02551,60.23187],[25.02571,60.23173],[25.02573,60.23157],[25.02586,60.23156],[25.02601,60.23149],[25.02488,60.23086],[25.02437,60.23061],[25.02539,60.2301],[25.02563,60.22999],[25.0259,60.22988],[25.02626,60.22976],[25.02654,60.22969],[25.0268,60.22963],[25.02723,60.22956],[25.02674,60.22948],[25.02667,60.22939],[25.02629,60.22915],[25.02579,60.22895],[25.02537,60.22889],[25.0254,60.22871],[25.0254,60.22849],[25.02537,60.22832],[25.02532,60.22819],[25.02526,60.22809],[25.02498,60.22771],[25.02489,60.22765],[25.02456,60.22731],[25.02387,60.22653],[25.02371,60.22633],[25.02358,60.22615],[25.02343,60.22599],[25.0232,60.22582],[25.02318,60.22573],[25.02328,60.22565],[25.02341,60.22544],[25.02299,60.22535],[25.02282,60.22529],[25.02264,60.22522],[25.02251,60.22515],[25.0223,60.225],[25.0222,60.2249],[25.02152,60.22404],[25.02102,60.22367],[25.02467,60.22291],[25.02473,60.22288],[25.02503,60.22282],[25.03309,60.22108],[25.03471,60.22074],[25.03892,60.21987],[25.03888,60.21983],[25.04147,60.21927],[25.04227,60.21893],[25.04297,60.21934],[25.04301,60.21937],[25.04853,60.22845],[25.05031,60.2314],[25.05048,60.23152],[25.05057,60.23157]]]}},{"type":"Feature","properties":{"code":"091580","kunta":"091","kokotun":"0918801580","name":"Karhusaari","name_sv":"Björnsö","named":true,"peruspiiri_code":"091015","peruspiiri":"","source":"Helsingin kaupunki, Piirijako_osaalue (2026)","bb":[60.24284,25.19972,60.25695,25.24091],"c":[60.25076,25.22325]},"geometry":{"type":"Polygon","coordinates":[[[25.23353,60.25655],[25.23097,60.25673],[25.22894,60.25684],[25.22782,60.25689],[25.22681,60.25695],[25.22616,60.2569],[25.22523,60.25683],[25.22525,60.2568],[25.22438,60.25668],[25.22334,60.25653],[25.22181,60.25632],[25.22209,60.2555],[25.22183,60.25546],[25.22154,60.25629],[25.21618,60.25643],[25.21412,60.25527],[25.21021,60.255],[25.2087,60.25379],[25.20859,60.25385],[25.20841,60.25388],[25.2082,60.25387],[25.20799,60.25389],[25.20779,60.25388],[25.20761,60.25379],[25.20735,60.25374],[25.20717,60.25375],[25.20699,60.25373],[25.20682,60.2536],[25.20667,60.25353],[25.20644,60.25346],[25.206,60.25344],[25.2056,60.25345],[25.20519,60.25341],[25.20501,60.25341],[25.204,60.25315],[25.2038,60.25308],[25.20357,60.253],[25.20327,60.25287],[25.20313,60.25287],[25.20285,60.25273],[25.20255,60.25257],[25.20311,60.25235],[25.20304,60.25228],[25.20279,60.25208],[25.2021,60.25231],[25.20161,60.25248],[25.20138,60.25231],[25.20186,60.25214],[25.20258,60.2519],[25.20233,60.25181],[25.2018,60.25174],[25.20154,60.2517],[25.20115,60.25161],[25.20079,60.25143],[25.20071,60.25136],[25.2007,60.25131],[25.20075,60.25123],[25.20086,60.25113],[25.20112,60.251],[25.20125,60.25095],[25.20135,60.25093],[25.19972,60.25066],[25.20149,60.24998],[25.20196,60.25018],[25.20613,60.24872],[25.20689,60.24938],[25.20764,60.24822],[25.20832,60.24784],[25.20926,60.24729],[25.20902,60.24701],[25.21191,60.24688],[25.21624,60.24579],[25.2187,60.2451],[25.22164,60.24428],[25.2231,60.24284],[25.22707,60.24513],[25.24091,60.24632],[25.24076,60.24923],[25.24082,60.25055],[25.23745,60.25627],[25.23353,60.25655]]]}},{"type":"Feature","properties":{"code":"091591","kunta":"091","kokotun":"0918801591","name":"Landbo","name_sv":"Landbo","named":true,"peruspiiri_code":"091015","peruspiiri":"","source":"Helsingin kaupunki, Piirijako_osaalue (2026)","bb":[60.26131,25.14174,60.28639,25.22636],"c":[60.27217,25.18599]},"geometry":{"type":"Polygon","coordinates":[[[25.20485,60.28639],[25.20207,60.28528],[25.19673,60.28315],[25.19668,60.28288],[25.19648,60.28257],[25.19631,60.28217],[25.19628,60.28196],[25.19552,60.28244],[25.1922,60.28448],[25.19027,60.28567],[25.19025,60.28568],[25.18958,60.2841],[25.18942,60.28377],[25.18783,60.28028],[25.18781,60.28025],[25.18775,60.28005],[25.18766,60.27988],[25.18408,60.27906],[25.18247,60.27869],[25.18159,60.27849],[25.17877,60.27782],[25.17825,60.27782],[25.17775,60.2779],[25.17684,60.27799],[25.17566,60.2782],[25.17483,60.27833],[25.1738,60.27825],[25.17291,60.27709],[25.17239,60.27643],[25.1715,60.27624],[25.16933,60.27575],[25.14254,60.26978],[25.14202,60.2691],[25.14201,60.26875],[25.14191,60.26829],[25.1421,60.26803],[25.14226,60.26778],[25.14244,60.26743],[25.14235,60.26717],[25.14238,60.26693],[25.14242,60.26686],[25.14277,60.26609],[25.14313,60.26582],[25.14191,60.26558],[25.14174,60.26485],[25.14178,60.26477],[25.14239,60.2633],[25.14244,60.2632],[25.14253,60.26308],[25.14263,60.26301],[25.14267,60.26294],[25.14289,60.26268],[25.143,60.26258],[25.14316,60.26242],[25.14361,60.26196],[25.14392,60.26161],[25.14407,60.26143],[25.14414,60.26131],[25.14423,60.26133],[25.1457,60.26162],[25.14584,60.26162],[25.14639,60.26173],[25.14778,60.26194],[25.1497,60.26224],[25.15011,60.26232],[25.15082,60.26239],[25.15126,60.26239],[25.15283,60.26256],[25.15357,60.26268],[25.15387,60.2627],[25.15464,60.26272],[25.15472,60.26282],[25.15547,60.26293],[25.15604,60.26283],[25.15816,60.26276],[25.15846,60.2628],[25.15932,60.26276],[25.15989,60.26265],[25.16096,60.26256],[25.16227,60.26242],[25.1625,60.26248],[25.16295,60.26244],[25.16321,60.26234],[25.16529,60.26216],[25.166,60.26217],[25.16632,60.26211],[25.1681,60.26207],[25.1685,60.26213],[25.1692,60.26211],[25.17139,60.26217],[25.17186,60.26218],[25.1725,60.26222],[25.1736,60.26239],[25.17343,60.26266],[25.17307,60.26321],[25.17326,60.26389],[25.17355,60.26386],[25.17438,60.26286],[25.17465,60.26285],[25.17475,60.26273],[25.175,60.26264],[25.1756,60.26258],[25.17598,60.26262],[25.17636,60.26273],[25.17715,60.26281],[25.17762,60.26307],[25.17796,60.26335],[25.17848,60.26348],[25.17875,60.26351],[25.17915,60.26348],[25.17959,60.26356],[25.17984,60.26359],[25.18037,60.26369],[25.18121,60.26375],[25.18214,60.26392],[25.18306,60.26416],[25.18362,60.26412],[25.18399,60.26421],[25.18431,60.26428],[25.18544,60.26452],[25.18595,60.26454],[25.18655,60.26468],[25.18741,60.26479],[25.188,60.26497],[25.18868,60.26509],[25.18935,60.26514],[25.18979,60.26521],[25.19054,60.26516],[25.19162,60.26526],[25.19312,60.26534],[25.19447,60.26535],[25.19562,60.26528],[25.19681,60.26526],[25.19838,60.2652],[25.19952,60.26524],[25.20116,60.26528],[25.20294,60.26538],[25.20387,60.26558],[25.20422,60.26571],[25.20493,60.26578],[25.20518,60.26588],[25.2059,60.26597],[25.20684,60.26606],[25.20784,60.26634],[25.20801,60.26655],[25.20826,60.26686],[25.2082,60.2673],[25.20808,60.26769],[25.20853,60.26787],[25.2089,60.26801],[25.20902,60.26812],[25.20946,60.26822],[25.21064,60.26854],[25.21115,60.26849],[25.21196,60.26852],[25.21279,60.26851],[25.21359,60.26867],[25.21419,60.26887],[25.21605,60.2696],[25.21645,60.26972],[25.21778,60.27011],[25.21809,60.27018],[25.21827,60.2702],[25.21856,60.27026],[25.21865,60.27035],[25.21899,60.27036],[25.21967,60.2707],[25.22161,60.27102],[25.22216,60.27109],[25.22332,60.27125],[25.22426,60.27145],[25.22564,60.27159],[25.22574,60.27165],[25.22636,60.27168],[25.22569,60.27602],[25.2199,60.27891],[25.21843,60.27963],[25.21607,60.28081],[25.21393,60.28195],[25.21113,60.28325],[25.20986,60.28391],[25.20649,60.28559],[25.20485,60.28639]]]}},{"type":"Feature","properties":{"code":"091592","kunta":"091","kokotun":"0918801592","name":"Puroniitty","name_sv":"Bäckängen","named":true,"peruspiiri_code":"091015","peruspiiri":"","source":"Helsingin kaupunki, Piirijako_osaalue (2026)","bb":[60.27168,25.20154,60.29784,25.2545],"c":[60.28535,25.23174]},"geometry":{"type":"Polygon","coordinates":[[[25.25211,60.27547],[25.25229,60.27575],[25.24669,60.27772],[25.24612,60.2776],[25.24413,60.27834],[25.24478,60.27896],[25.24708,60.27851],[25.24712,60.28134],[25.24711,60.28183],[25.24733,60.28298],[25.24597,60.28373],[25.24387,60.28488],[25.24478,60.28532],[25.24583,60.28581],[25.25389,60.28963],[25.25129,60.28964],[25.25157,60.29012],[25.24793,60.29217],[25.24556,60.29351],[25.25281,60.2949],[25.2545,60.29523],[25.25289,60.29746],[25.24947,60.297],[25.24673,60.29664],[25.24471,60.29637],[25.24345,60.29619],[25.24042,60.29569],[25.23818,60.29533],[25.23752,60.29551],[25.23462,60.29633],[25.2328,60.29682],[25.23284,60.29696],[25.22952,60.29784],[25.22705,60.29662],[25.22907,60.29605],[25.22848,60.29577],[25.2252,60.29418],[25.2255,60.2939],[25.22473,60.2937],[25.22255,60.29204],[25.22065,60.29143],[25.21405,60.29023],[25.21288,60.29004],[25.20727,60.28903],[25.20539,60.28869],[25.20154,60.288],[25.202,60.28777],[25.20485,60.28639],[25.20649,60.28559],[25.20986,60.28391],[25.21113,60.28325],[25.21393,60.28195],[25.21607,60.28081],[25.21843,60.27963],[25.2199,60.27891],[25.22569,60.27602],[25.22636,60.27168],[25.22757,60.2718],[25.22964,60.27208],[25.23179,60.27242],[25.23195,60.27255],[25.23254,60.27261],[25.2328,60.27262],[25.23313,60.27276],[25.23335,60.27294],[25.23404,60.27296],[25.23437,60.27294],[25.2357,60.27329],[25.23713,60.27343],[25.23823,60.27367],[25.23876,60.27385],[25.24122,60.27427],[25.24241,60.27445],[25.24309,60.27462],[25.24441,60.27476],[25.24516,60.27486],[25.24719,60.27506],[25.24726,60.27506],[25.24835,60.27518],[25.24924,60.27522],[25.25055,60.27532],[25.2508,60.27536],[25.25211,60.27547]]]}},{"type":"Feature","properties":{"code":"091311","kunta":"091","kokotun":"0911105311","name":"Kotkavuori","name_sv":"Örnberget","named":true,"peruspiiri_code":"091053","peruspiiri":"","source":"Helsingin kaupunki, Piirijako_osaalue (2026)","bb":[60.15454,24.87254,60.17211,24.89722],"c":[60.16298,24.88488]},"geometry":{"type":"Polygon","coordinates":[[[24.88223,60.17211],[24.87575,60.16961],[24.87669,60.16492],[24.87647,60.16476],[24.87636,60.16464],[24.87629,60.1645],[24.87621,60.16429],[24.87613,60.16398],[24.87586,60.16295],[24.87584,60.1628],[24.87524,60.16134],[24.87514,60.16116],[24.87495,60.16092],[24.87499,60.16087],[24.87483,60.16049],[24.87484,60.16037],[24.87404,60.15842],[24.87383,60.15808],[24.8739,60.1579],[24.87373,60.1574],[24.87254,60.15454],[24.87606,60.15482],[24.88065,60.15529],[24.8812,60.15545],[24.88265,60.15624],[24.88318,60.156],[24.88491,60.15695],[24.88521,60.15719],[24.88537,60.1572],[24.88553,60.15724],[24.88563,60.15734],[24.88601,60.15759],[24.88636,60.15812],[24.88654,60.15837],[24.88661,60.15845],[24.88693,60.15877],[24.88746,60.15923],[24.8885,60.15914],[24.88818,60.15832],[24.88996,60.15814],[24.89007,60.15801],[24.89012,60.158],[24.88996,60.15762],[24.89722,60.15756],[24.89722,60.15878],[24.89722,60.1659],[24.89517,60.16674],[24.88223,60.17211]]]}},{"type":"Feature","properties":{"code":"091312","kunta":"091","kokotun":"0911105312","name":"Vattuniemi","name_sv":"Hallonnäs","named":true,"peruspiiri_code":"091053","peruspiiri":"","source":"Helsingin kaupunki, Piirijako_osaalue (2026)","bb":[60.13973,24.86743,60.15923,24.89722],"c":[60.14831,24.8844]},"geometry":{"type":"Polygon","coordinates":[[[24.89722,60.15756],[24.88996,60.15762],[24.89012,60.158],[24.89007,60.15801],[24.88996,60.15814],[24.88818,60.15832],[24.8885,60.15914],[24.88746,60.15923],[24.88693,60.15877],[24.88661,60.15845],[24.88654,60.15837],[24.88636,60.15812],[24.88601,60.15759],[24.88563,60.15734],[24.88553,60.15724],[24.88537,60.1572],[24.88521,60.15719],[24.88491,60.15695],[24.88318,60.156],[24.88265,60.15624],[24.8812,60.15545],[24.88065,60.15529],[24.87606,60.15482],[24.87254,60.15454],[24.87229,60.15392],[24.86743,60.1413],[24.89722,60.13973],[24.89722,60.14264],[24.89722,60.14965],[24.89722,60.15756]]]}},{"type":"Feature","properties":{"code":"091386","kunta":"091","kokotun":"0915501386","name":"Pihlajisto","name_sv":"Rönninge","named":true,"peruspiiri_code":"091013","peruspiiri":"","source":"Helsingin kaupunki, Piirijako_osaalue (2026)","bb":[60.22847,24.98945,60.24016,25.00628],"c":[60.23373,24.9972]},"geometry":{"type":"Polygon","coordinates":[[[24.99737,60.24015],[24.99725,60.24013],[24.9971,60.24016],[24.99689,60.24009],[24.99675,60.24005],[24.99304,60.23813],[24.99246,60.23783],[24.99002,60.23658],[24.99122,60.23491],[24.98945,60.2335],[24.98968,60.233],[24.98985,60.23256],[24.98989,60.23245],[24.98992,60.23218],[24.98992,60.23179],[24.98989,60.23151],[24.98984,60.23126],[24.9907,60.23128],[24.99093,60.23134],[24.99211,60.23138],[24.99269,60.23137],[24.99342,60.23133],[24.99444,60.23124],[24.99439,60.23116],[24.99471,60.23112],[24.99514,60.23106],[24.99617,60.23088],[24.99675,60.23074],[24.99702,60.23067],[24.9978,60.23041],[24.99839,60.23018],[24.99881,60.22995],[24.99914,60.22979],[24.99923,60.22976],[24.99932,60.2297],[24.99925,60.22968],[24.99938,60.22959],[24.99977,60.22937],[25.00131,60.22847],[25.00196,60.22862],[25.00534,60.22989],[25.00556,60.23015],[25.00557,60.23014],[25.00628,60.23024],[25.00607,60.23027],[25.00581,60.23034],[25.00565,60.23041],[25.00551,60.23049],[25.00528,60.23064],[25.00589,60.23088],[25.00548,60.23123],[25.00602,60.23153],[25.00591,60.232],[25.00354,60.23341],[25.00327,60.2336],[25.00203,60.23394],[25.00016,60.2354],[24.99905,60.23606],[24.9986,60.23677],[24.99739,60.23854],[24.99836,60.23871],[24.99737,60.24015]]]}},{"type":"Feature","properties":{"code":"091391","kunta":"091","kokotun":"0915503391","name":"Tapaninvainio","name_sv":"Staffansslätten","named":true,"peruspiiri_code":"091033","peruspiiri":"","source":"Helsingin kaupunki, Piirijako_osaalue (2026)","bb":[60.25158,24.97287,60.26782,25.01554],"c":[60.26001,24.99265]},"geometry":{"type":"Polygon","coordinates":[[[25.01226,60.2589],[25.0128,60.25913],[25.01254,60.25949],[25.01206,60.26028],[25.01201,60.26038],[25.01168,60.26107],[25.01149,60.26143],[25.01127,60.26207],[25.01124,60.26226],[25.01129,60.26244],[25.01141,60.2626],[25.01148,60.26265],[25.01396,60.26505],[25.01513,60.26586],[25.01533,60.26599],[25.01544,60.26608],[25.01553,60.26626],[25.01554,60.26637],[25.01553,60.26648],[25.01543,60.26667],[25.01477,60.26751],[25.01423,60.26757],[25.01362,60.26782],[25.01347,60.26779],[25.01276,60.26769],[25.00914,60.26727],[25.00839,60.26717],[25.00642,60.26689],[25.00435,60.2665],[25.00347,60.26637],[25.00276,60.26625],[25.0024,60.26606],[25.00062,60.26589],[25.00043,60.26587],[24.99952,60.26578],[24.99873,60.26567],[24.9986,60.26564],[24.99837,60.26558],[24.99758,60.26528],[24.99522,60.26442],[24.99486,60.26432],[24.99463,60.26427],[24.99426,60.26421],[24.99344,60.26428],[24.99188,60.26447],[24.99092,60.26452],[24.99011,60.26459],[24.9897,60.26462],[24.98892,60.26465],[24.98832,60.26466],[24.98798,60.26465],[24.98745,60.26464],[24.98666,60.2646],[24.986,60.26456],[24.9856,60.26454],[24.98514,60.26453],[24.98469,60.26454],[24.98402,60.26456],[24.98361,60.26458],[24.98317,60.26457],[24.98134,60.26462],[24.98044,60.26465],[24.97971,60.26469],[24.97925,60.26472],[24.97822,60.26481],[24.97722,60.26493],[24.97596,60.26513],[24.9758,60.26516],[24.97573,60.26507],[24.97563,60.26498],[24.9755,60.2649],[24.97542,60.26487],[24.9753,60.26484],[24.97492,60.26477],[24.97432,60.26469],[24.97377,60.26459],[24.97338,60.2645],[24.9732,60.26444],[24.97287,60.26284],[24.97504,60.26002],[24.97547,60.25947],[24.97563,60.25917],[24.97605,60.25829],[24.97653,60.2574],[24.97661,60.25721],[24.97674,60.25667],[24.97683,60.25635],[24.97698,60.25603],[24.97718,60.25573],[24.97735,60.25544],[24.97757,60.25519],[24.97772,60.255],[24.97782,60.25482],[24.97794,60.25457],[24.97821,60.25403],[24.97833,60.25378],[24.97835,60.25363],[24.97834,60.25276],[24.97818,60.25231],[24.97812,60.25223],[24.9778,60.25182],[24.97764,60.25164],[24.97835,60.25165],[24.97919,60.25158],[24.98191,60.25164],[24.98223,60.25163],[24.98637,60.25181],[24.98646,60.25175],[24.98691,60.25176],[24.98692,60.25182],[24.99241,60.25193],[24.99261,60.25189],[24.99267,60.25196],[24.99278,60.25194],[24.99332,60.25252],[24.99375,60.25303],[24.99398,60.25334],[24.99421,60.25407],[24.99428,60.25413],[24.99444,60.25427],[24.99472,60.25443],[24.99484,60.25453],[24.99624,60.25529],[24.99629,60.25533],[24.99723,60.25604],[24.99746,60.25615],[24.9979,60.25645],[24.99818,60.25662],[24.9991,60.25716],[24.99996,60.25762],[25.00121,60.25847],[25.00391,60.25789],[25.00422,60.25791],[25.00446,60.25742],[25.00602,60.25731],[25.00646,60.25732],[25.00699,60.25741],[25.01226,60.2589]]]}},{"type":"Feature","properties":{"code":"091401","kunta":"091","kokotun":"0915504401","name":"Siltamäki","name_sv":"Brobacka","named":true,"peruspiiri_code":"091044","peruspiiri":"","source":"Helsingin kaupunki, Piirijako_osaalue (2026)","bb":[60.26447,24.97551,60.28703,25.02345],"c":[60.27643,24.99758]},"geometry":{"type":"Polygon","coordinates":[[[25.00803,60.28703],[25.00795,60.28696],[25.00763,60.2868],[25.00728,60.28662],[25.00715,60.28657],[25.0069,60.28647],[25.00678,60.28643],[25.00605,60.28617],[25.0058,60.28609],[25.00572,60.28608],[25.00563,60.28608],[25.00547,60.2861],[25.00529,60.28615],[25.0048,60.2863],[25.00464,60.28634],[25.00429,60.28641],[25.00396,60.28645],[25.00361,60.28648],[25.00282,60.28653],[25.00165,60.28662],[25.0013,60.28662],[25.00126,60.28662],[25.00105,60.28661],[25.00081,60.28658],[25.00066,60.28655],[25.00053,60.2865],[25.00033,60.28642],[25.00015,60.28632],[24.99999,60.28614],[24.99994,60.28601],[24.99992,60.28587],[24.99982,60.28549],[24.99979,60.28525],[24.9997,60.2848],[24.99961,60.28467],[24.99945,60.2845],[24.99888,60.28406],[24.99875,60.28394],[24.99788,60.28316],[24.99772,60.283],[24.99755,60.28279],[24.99585,60.2815],[24.99564,60.2814],[24.99542,60.28132],[24.99533,60.28131],[24.99517,60.28129],[24.9949,60.28128],[24.99461,60.28129],[24.99418,60.28132],[24.994,60.28132],[24.99379,60.28129],[24.99369,60.28128],[24.99339,60.28121],[24.99317,60.28114],[24.99246,60.28079],[24.99153,60.28037],[24.99111,60.2802],[24.99062,60.28001],[24.99024,60.27988],[24.98991,60.2798],[24.98957,60.27974],[24.98925,60.27972],[24.98881,60.2797],[24.9883,60.2797],[24.98749,60.27971],[24.98702,60.27976],[24.98665,60.2798],[24.98614,60.27983],[24.98595,60.27983],[24.98565,60.27983],[24.98545,60.2798],[24.9853,60.27978],[24.98491,60.27969],[24.98455,60.27967],[24.9839,60.27972],[24.98357,60.27965],[24.98343,60.27943],[24.98325,60.27939],[24.9831,60.27934],[24.98282,60.27922],[24.98261,60.27913],[24.98243,60.27903],[24.98229,60.27892],[24.98222,60.27884],[24.98213,60.27868],[24.98207,60.27846],[24.98211,60.2783],[24.9821,60.27817],[24.98204,60.27807],[24.9818,60.27791],[24.98146,60.27774],[24.98089,60.27749],[24.9808,60.27742],[24.98074,60.27722],[24.98077,60.27705],[24.9808,60.27655],[24.98071,60.27619],[24.98078,60.27605],[24.98074,60.27595],[24.98062,60.27582],[24.98056,60.27574],[24.98044,60.2756],[24.98036,60.27553],[24.98016,60.27541],[24.97999,60.27534],[24.97973,60.27524],[24.97957,60.27517],[24.9794,60.27506],[24.97932,60.275],[24.97925,60.27492],[24.97913,60.27483],[24.979,60.27475],[24.97857,60.27454],[24.97834,60.27444],[24.97797,60.27427],[24.97777,60.27416],[24.97759,60.27404],[24.9775,60.27396],[24.97746,60.2739],[24.97737,60.27365],[24.97724,60.27338],[24.9772,60.27325],[24.97716,60.27302],[24.97716,60.27279],[24.9772,60.27241],[24.9772,60.27197],[24.97712,60.27169],[24.97707,60.27158],[24.97695,60.27145],[24.97681,60.27132],[24.97637,60.27094],[24.97624,60.27082],[24.97604,60.27056],[24.97587,60.27031],[24.97579,60.2702],[24.97557,60.27],[24.97553,60.26992],[24.97551,60.26986],[24.97551,60.26981],[24.97553,60.26964],[24.97555,60.26958],[24.9756,60.2695],[24.97566,60.26943],[24.97576,60.26932],[24.97592,60.2692],[24.97609,60.26908],[24.97626,60.26897],[24.97662,60.26881],[24.97681,60.26874],[24.97696,60.26868],[24.97722,60.26861],[24.97734,60.26856],[24.97758,60.2684],[24.97782,60.26824],[24.97796,60.26811],[24.97806,60.26799],[24.97808,60.26794],[24.9781,60.26785],[24.9781,60.2678],[24.97808,60.26775],[24.97799,60.26767],[24.97757,60.26745],[24.97738,60.26732],[24.97718,60.26724],[24.97659,60.26705],[24.97636,60.26695],[24.97619,60.26686],[24.97605,60.26677],[24.97591,60.26667],[24.9758,60.26656],[24.9757,60.26645],[24.97555,60.26624],[24.97551,60.26612],[24.97551,60.26602],[24.97554,60.26581],[24.97564,60.2656],[24.97578,60.26538],[24.97581,60.26527],[24.9758,60.26516],[24.97596,60.26513],[24.97722,60.26493],[24.97822,60.26481],[24.97925,60.26472],[24.97971,60.26469],[24.98044,60.26465],[24.98134,60.26462],[24.98317,60.26457],[24.98361,60.26458],[24.98402,60.26456],[24.98469,60.26454],[24.98514,60.26453],[24.9856,60.26454],[24.986,60.26456],[24.98666,60.2646],[24.98745,60.26464],[24.98798,60.26465],[24.98832,60.26466],[24.98892,60.26465],[24.9897,60.26462],[24.99011,60.26459],[24.99092,60.26452],[24.99188,60.26447],[24.99318,60.26635],[24.99335,60.2666],[24.99329,60.26669],[24.99331,60.26672],[24.99353,60.26676],[24.99361,60.26675],[24.99386,60.26712],[24.99378,60.26728],[24.99407,60.26807],[24.993,60.26956],[24.99201,60.27097],[24.99197,60.27097],[24.99227,60.27172],[24.99287,60.27224],[24.99312,60.2724],[24.99353,60.27265],[24.99386,60.27283],[24.99423,60.27302],[24.99455,60.27318],[24.99502,60.2734],[24.99742,60.27441],[24.99901,60.27484],[24.9996,60.27497],[25.00011,60.27508],[25.00045,60.27515],[25.00113,60.27527],[25.00133,60.27508],[25.0015,60.27491],[25.00168,60.2747],[25.0017,60.27527],[25.00217,60.27547],[25.00254,60.27562],[25.00358,60.27573],[25.00709,60.27531],[25.0086,60.27514],[25.00856,60.2752],[25.01032,60.27552],[25.01062,60.2751],[25.01115,60.2752],[25.01152,60.27468],[25.012,60.27401],[25.01218,60.27376],[25.01448,60.2739],[25.01522,60.27302],[25.01532,60.27321],[25.01549,60.27342],[25.01564,60.27354],[25.01581,60.27366],[25.01609,60.2738],[25.01647,60.27395],[25.0168,60.27404],[25.01728,60.27414],[25.01757,60.27422],[25.01797,60.27436],[25.01823,60.27447],[25.01843,60.27458],[25.01831,60.27461],[25.01824,60.27472],[25.01828,60.2748],[25.01872,60.27527],[25.01883,60.27542],[25.01893,60.27561],[25.01894,60.27572],[25.01886,60.27583],[25.01866,60.27599],[25.01847,60.27601],[25.01851,60.27611],[25.018,60.27612],[25.01677,60.27626],[25.01665,60.27685],[25.01671,60.27723],[25.01749,60.27734],[25.01747,60.2778],[25.01751,60.27824],[25.01759,60.27897],[25.01842,60.27889],[25.02004,60.28042],[25.02149,60.28177],[25.02245,60.28264],[25.02345,60.28368],[25.02181,60.28391],[25.02184,60.28396],[25.02047,60.28422],[25.02028,60.28427],[25.01902,60.28458],[25.01861,60.28468],[25.0178,60.28492],[25.0175,60.28505],[25.01725,60.28519],[25.01691,60.28543],[25.01657,60.28563],[25.01642,60.2857],[25.01589,60.28594],[25.01551,60.28607],[25.01511,60.28619],[25.01428,60.28639],[25.01286,60.2865],[25.01137,60.28667],[25.00803,60.28703]]]}},{"type":"Feature","properties":{"code":"091402","kunta":"091","kokotun":"0915505402","name":"Tapulikaupunki","name_sv":"Stapelstaden","named":true,"peruspiiri_code":"091054","peruspiiri":"","source":"Helsingin kaupunki, Piirijako_osaalue (2026)","bb":[60.26677,25.00803,60.28932,25.04047],"c":[60.27854,25.0265]},"geometry":{"type":"Polygon","coordinates":[[[25.00803,60.28703],[25.01137,60.28667],[25.01286,60.2865],[25.01428,60.28639],[25.01511,60.28619],[25.01551,60.28607],[25.01589,60.28594],[25.01642,60.2857],[25.01657,60.28563],[25.01691,60.28543],[25.01725,60.28519],[25.0175,60.28505],[25.0178,60.28492],[25.01861,60.28468],[25.01902,60.28458],[25.02028,60.28427],[25.02047,60.28422],[25.02184,60.28396],[25.02181,60.28391],[25.02345,60.28368],[25.02245,60.28264],[25.02149,60.28177],[25.02004,60.28042],[25.01842,60.27889],[25.01759,60.27897],[25.01751,60.27824],[25.01747,60.2778],[25.01749,60.27734],[25.01671,60.27723],[25.01665,60.27685],[25.01677,60.27626],[25.018,60.27612],[25.01851,60.27611],[25.01847,60.27601],[25.01866,60.27599],[25.01886,60.27583],[25.01894,60.27572],[25.01893,60.27561],[25.01883,60.27542],[25.01872,60.27527],[25.01828,60.2748],[25.01824,60.27472],[25.01831,60.27461],[25.01843,60.27458],[25.01823,60.27447],[25.01797,60.27436],[25.01757,60.27422],[25.01728,60.27414],[25.0168,60.27404],[25.01647,60.27395],[25.01609,60.2738],[25.01581,60.27366],[25.01564,60.27354],[25.01549,60.27342],[25.01532,60.27321],[25.01522,60.27302],[25.0152,60.27292],[25.01518,60.27277],[25.01522,60.27255],[25.01528,60.27241],[25.0154,60.27224],[25.01652,60.27091],[25.01551,60.27094],[25.01435,60.27097],[25.01385,60.27059],[25.01383,60.27035],[25.01358,60.27036],[25.01355,60.26984],[25.0121,60.26976],[25.01226,60.26921],[25.01215,60.2692],[25.01241,60.26828],[25.01362,60.26782],[25.014,60.2679],[25.01537,60.2682],[25.01589,60.26835],[25.01637,60.26853],[25.01675,60.26864],[25.01778,60.26912],[25.0183,60.26946],[25.02035,60.26957],[25.021,60.26962],[25.02116,60.26965],[25.02232,60.26966],[25.02241,60.2697],[25.02268,60.2697],[25.02331,60.26972],[25.02379,60.26972],[25.02444,60.26971],[25.02466,60.26967],[25.02524,60.26952],[25.02718,60.26923],[25.02761,60.26915],[25.02806,60.26905],[25.02868,60.2689],[25.03193,60.26677],[25.03233,60.26756],[25.03562,60.27467],[25.03573,60.27466],[25.03589,60.27501],[25.03584,60.27501],[25.03671,60.27691],[25.03666,60.27691],[25.03755,60.27884],[25.03756,60.27889],[25.03821,60.28029],[25.03872,60.28141],[25.04026,60.28475],[25.04047,60.28519],[25.04034,60.28531],[25.03893,60.28683],[25.03788,60.28798],[25.03785,60.2879],[25.03781,60.28783],[25.03773,60.28773],[25.03759,60.28763],[25.03734,60.2875],[25.03699,60.2874],[25.03669,60.28737],[25.03634,60.28739],[25.03604,60.28739],[25.03574,60.28736],[25.03565,60.28735],[25.03549,60.28731],[25.03526,60.2872],[25.03511,60.28705],[25.0349,60.28683],[25.03474,60.28669],[25.03456,60.28651],[25.0345,60.28645],[25.03448,60.2864],[25.03444,60.28628],[25.03443,60.28612],[25.03445,60.28597],[25.03456,60.28571],[25.03456,60.28557],[25.03454,60.28543],[25.03449,60.28536],[25.03442,60.2853],[25.03429,60.28522],[25.034,60.2851],[25.03381,60.28504],[25.03355,60.28498],[25.03331,60.28496],[25.03284,60.28496],[25.03258,60.285],[25.03246,60.28503],[25.03224,60.28511],[25.03214,60.28516],[25.03192,60.28524],[25.03167,60.28529],[25.03148,60.28537],[25.03136,60.2854],[25.03123,60.28542],[25.03106,60.28543],[25.03036,60.28545],[25.03023,60.28547],[25.02984,60.28552],[25.02962,60.28557],[25.02915,60.28568],[25.02888,60.28577],[25.02879,60.28583],[25.02869,60.28587],[25.02859,60.28589],[25.02838,60.28598],[25.02806,60.2861],[25.02765,60.28628],[25.02754,60.28631],[25.0274,60.28633],[25.02732,60.28639],[25.02719,60.28658],[25.02711,60.2868],[25.02696,60.28707],[25.02691,60.28719],[25.02686,60.28729],[25.02671,60.2874],[25.02658,60.28748],[25.02642,60.28754],[25.02614,60.28763],[25.02577,60.2877],[25.02474,60.28786],[25.02441,60.28792],[25.02423,60.28796],[25.02386,60.28809],[25.02365,60.28819],[25.02346,60.28831],[25.02327,60.28846],[25.02303,60.28862],[25.02276,60.28877],[25.02253,60.28888],[25.02197,60.28911],[25.02169,60.2892],[25.02141,60.28926],[25.02122,60.28929],[25.0209,60.28932],[25.02058,60.28931],[25.01973,60.28922],[25.01951,60.28917],[25.01924,60.28909],[25.01879,60.28892],[25.01865,60.28889],[25.0185,60.28887],[25.01834,60.28886],[25.01812,60.28887],[25.01789,60.2889],[25.01754,60.28894],[25.01722,60.28896],[25.01654,60.28898],[25.01625,60.28897],[25.01581,60.2889],[25.01553,60.28884],[25.01512,60.28873],[25.01475,60.28862],[25.01456,60.28854],[25.01404,60.28822],[25.01393,60.28813],[25.01376,60.28798],[25.0136,60.28787],[25.01252,60.28746],[25.01233,60.2874],[25.01208,60.28735],[25.01194,60.28733],[25.01172,60.28734],[25.01165,60.28736],[25.01159,60.28738],[25.01107,60.28766],[25.01101,60.28769],[25.01093,60.28772],[25.01084,60.28775],[25.01071,60.28778],[25.01055,60.2878],[25.01045,60.2878],[25.00953,60.28783],[25.00897,60.2878],[25.00884,60.28779],[25.00866,60.28774],[25.00856,60.28771],[25.00844,60.28763],[25.00829,60.28746],[25.00808,60.28708],[25.00803,60.28703]]]}},{"type":"Feature","properties":{"code":"091403","kunta":"091","kokotun":"0915504403","name":"Töyrynummi","name_sv":"Lidmalmen","named":true,"peruspiiri_code":"091044","peruspiiri":"","source":"Helsingin kaupunki, Piirijako_osaalue (2026)","bb":[60.26421,24.99188,60.27573,25.01652],"c":[60.27052,25.00303]},"geometry":{"type":"Polygon","coordinates":[[[24.99188,60.26447],[24.99344,60.26428],[24.99426,60.26421],[24.99463,60.26427],[24.99486,60.26432],[24.99522,60.26442],[24.99758,60.26528],[24.99837,60.26558],[24.9986,60.26564],[24.99873,60.26567],[24.99952,60.26578],[25.00043,60.26587],[25.00062,60.26589],[25.0024,60.26606],[25.00276,60.26625],[25.00347,60.26637],[25.00435,60.2665],[25.00642,60.26689],[25.00839,60.26717],[25.00914,60.26727],[25.01276,60.26769],[25.01347,60.26779],[25.01362,60.26782],[25.01241,60.26828],[25.01215,60.2692],[25.01226,60.26921],[25.0121,60.26976],[25.01355,60.26984],[25.01358,60.27036],[25.01383,60.27035],[25.01385,60.27059],[25.01435,60.27097],[25.01551,60.27094],[25.01652,60.27091],[25.0154,60.27224],[25.01528,60.27241],[25.01522,60.27255],[25.01518,60.27277],[25.0152,60.27292],[25.01522,60.27302],[25.01448,60.2739],[25.01218,60.27376],[25.012,60.27401],[25.01152,60.27468],[25.01115,60.2752],[25.01062,60.2751],[25.01032,60.27552],[25.00856,60.2752],[25.0086,60.27514],[25.00709,60.27531],[25.00358,60.27573],[25.00254,60.27562],[25.00217,60.27547],[25.0017,60.27527],[25.00168,60.2747],[25.0015,60.27491],[25.00133,60.27508],[25.00113,60.27527],[25.00045,60.27515],[25.00011,60.27508],[24.9996,60.27497],[24.99901,60.27484],[24.99742,60.27441],[24.99502,60.2734],[24.99455,60.27318],[24.99423,60.27302],[24.99386,60.27283],[24.99353,60.27265],[24.99312,60.2724],[24.99287,60.27224],[24.99227,60.27172],[24.99197,60.27097],[24.99201,60.27097],[24.993,60.26956],[24.99407,60.26807],[24.99378,60.26728],[24.99386,60.26712],[24.99361,60.26675],[24.99353,60.26676],[24.99331,60.26672],[24.99329,60.26669],[24.99335,60.2666],[24.99318,60.26635],[24.99188,60.26447]]]}},{"type":"Feature","properties":{"code":"091313","kunta":"091","kokotun":"0911105313","name":"Myllykallio","name_sv":"Kvarnberget","named":true,"peruspiiri_code":"091053","peruspiiri":"","source":"Helsingin kaupunki, Piirijako_osaalue (2026)","bb":[60.1413,24.83803,60.17189,24.87669],"c":[60.15502,24.85858]},"geometry":{"type":"Polygon","coordinates":[[[24.87254,60.15454],[24.87373,60.1574],[24.8739,60.1579],[24.87383,60.15808],[24.87404,60.15842],[24.87484,60.16037],[24.87483,60.16049],[24.87499,60.16087],[24.87495,60.16092],[24.87514,60.16116],[24.87524,60.16134],[24.87584,60.1628],[24.87586,60.16295],[24.87613,60.16398],[24.87621,60.16429],[24.87629,60.1645],[24.87636,60.16464],[24.87647,60.16476],[24.87669,60.16492],[24.87575,60.16961],[24.86303,60.16887],[24.86319,60.17061],[24.86321,60.17106],[24.8571,60.17189],[24.85465,60.17034],[24.8539,60.16484],[24.85377,60.16373],[24.85356,60.16303],[24.85233,60.16133],[24.85153,60.1576],[24.84134,60.15801],[24.84094,60.15703],[24.84092,60.15519],[24.84086,60.15107],[24.83944,60.15026],[24.83938,60.14996],[24.83915,60.14867],[24.83911,60.14855],[24.83827,60.14416],[24.83803,60.14284],[24.86743,60.1413],[24.87229,60.15392],[24.87254,60.15454]]]}},{"type":"Feature","properties":{"code":"091314","kunta":"091","kokotun":"0911105314","name":"Koivusaari","name_sv":"Björkholmen","named":true,"peruspiiri_code":"091053","peruspiiri":"","source":"Helsingin kaupunki, Piirijako_osaalue (2026)","bb":[60.1576,24.84134,60.17357,24.85737],"c":[60.16591,24.84885]},"geometry":{"type":"Polygon","coordinates":[[[24.8571,60.17189],[24.85737,60.17325],[24.85299,60.17336],[24.84412,60.17357],[24.84414,60.17328],[24.84415,60.17313],[24.84424,60.17051],[24.84439,60.16602],[24.84441,60.16558],[24.84428,60.16524],[24.84134,60.15801],[24.85153,60.1576],[24.85233,60.16133],[24.85356,60.16303],[24.85377,60.16373],[24.8539,60.16484],[24.85465,60.17034],[24.8571,60.17189]]]}},{"type":"Feature","properties":{"code":"091101","kunta":"091","kokotun":"0913301101","name":"Vilhonvuori","name_sv":"Vilhelmsberg","named":true,"peruspiiri_code":"091011","peruspiiri":"","source":"Helsingin kaupunki, Piirijako_osaalue (2026)","bb":[60.17628,24.95356,60.18921,24.97007],"c":[60.18245,24.96227]},"geometry":{"type":"Polygon","coordinates":[[[24.95649,60.18214],[24.95657,60.1821],[24.95356,60.181],[24.95518,60.17989],[24.95729,60.17992],[24.95779,60.1802],[24.95866,60.1798],[24.95799,60.17939],[24.95806,60.1783],[24.95802,60.17776],[24.95812,60.17732],[24.96649,60.17628],[24.96505,60.17886],[24.96355,60.18137],[24.96641,60.1832],[24.96477,60.18388],[24.96438,60.18433],[24.9653,60.18463],[24.96581,60.1849],[24.96608,60.18506],[24.96773,60.18625],[24.96807,60.18647],[24.9691,60.18744],[24.97007,60.18833],[24.9682,60.18864],[24.96722,60.18881],[24.96434,60.18921],[24.96421,60.18896],[24.96394,60.18847],[24.96381,60.18832],[24.9636,60.18794],[24.96348,60.18778],[24.9633,60.18775],[24.96313,60.1877],[24.96202,60.18744],[24.96193,60.18737],[24.96181,60.18727],[24.9617,60.18713],[24.96157,60.18651],[24.96137,60.18562],[24.96118,60.1853],[24.96089,60.18495],[24.9604,60.18456],[24.95863,60.18322],[24.95838,60.18311],[24.95649,60.18214]]]}},{"type":"Feature","properties":{"code":"091102","kunta":"091","kokotun":"0913301102","name":"Kalasatama","name_sv":"Fiskehamnen","named":true,"peruspiiri_code":"091011","peruspiiri":"","source":"Helsingin kaupunki, Piirijako_osaalue (2026)","bb":[60.18224,24.96807,60.19827,24.99797],"c":[60.18932,24.98245]},"geometry":{"type":"Polygon","coordinates":[[[24.98269,60.18224],[24.98625,60.1852],[24.98684,60.1857],[24.98703,60.18585],[24.98721,60.18606],[24.99206,60.19156],[24.99608,60.19612],[24.99797,60.19827],[24.9881,60.19545],[24.98702,60.19531],[24.98466,60.19598],[24.98406,60.19543],[24.98506,60.19342],[24.98062,60.19287],[24.97875,60.19262],[24.97801,60.19253],[24.97437,60.18894],[24.96967,60.19012],[24.96953,60.18995],[24.9682,60.18864],[24.97007,60.18833],[24.9691,60.18744],[24.96807,60.18647],[24.9746,60.18392],[24.97423,60.18372],[24.97535,60.18333],[24.97652,60.18298],[24.98269,60.18224]]]}},{"type":"Feature","properties":{"code":"091103","kunta":"091","kokotun":"0913301103","name":"Sompasaari","name_sv":"Sumparn","named":true,"peruspiiri_code":"091011","peruspiiri":"","source":"Helsingin kaupunki, Piirijako_osaalue (2026)","bb":[60.175,24.96649,60.18333,24.98269],"c":[60.17902,24.97478]},"geometry":{"type":"Polygon","coordinates":[[[24.97682,60.175],[24.97853,60.17876],[24.98269,60.18224],[24.97652,60.18298],[24.97535,60.18333],[24.97185,60.18055],[24.96649,60.17628],[24.97682,60.175]]]}},{"type":"Feature","properties":{"code":"091104","kunta":"091","kokotun":"0913301104","name":"Hanasaari","name_sv":"Hanaholmen","named":true,"peruspiiri_code":"091011","peruspiiri":"","source":"Helsingin kaupunki, Piirijako_osaalue (2026)","bb":[60.17628,24.96355,60.18647,24.97535],"c":[60.18194,24.96873]},"geometry":{"type":"Polygon","coordinates":[[[24.96807,60.18647],[24.96773,60.18625],[24.96608,60.18506],[24.96581,60.1849],[24.9653,60.18463],[24.96438,60.18433],[24.96477,60.18388],[24.96641,60.1832],[24.96355,60.18137],[24.96505,60.17886],[24.96649,60.17628],[24.97185,60.18055],[24.97535,60.18333],[24.97423,60.18372],[24.9746,60.18392],[24.96807,60.18647]]]}},{"type":"Feature","properties":{"code":"091211","kunta":"091","kokotun":"0913303211","name":"Hermanninmäki","name_sv":"Hermanstadsbacken","named":true,"peruspiiri_code":"091032","peruspiiri":"","source":"Helsingin kaupunki, Piirijako_osaalue (2026)","bb":[60.18864,24.96227,60.20103,24.97875],"c":[60.19407,24.96939]},"geometry":{"type":"Polygon","coordinates":[[[24.96355,60.20103],[24.96268,60.19887],[24.96244,60.19843],[24.96235,60.19818],[24.96229,60.19797],[24.96227,60.19782],[24.96228,60.19764],[24.96231,60.19751],[24.96238,60.19728],[24.96244,60.19712],[24.96333,60.19517],[24.96474,60.1935],[24.96483,60.19338],[24.96489,60.19326],[24.96492,60.19313],[24.96493,60.19301],[24.96481,60.19055],[24.96463,60.18982],[24.96434,60.18921],[24.96722,60.18881],[24.9682,60.18864],[24.96953,60.18995],[24.96967,60.19012],[24.97437,60.18894],[24.97801,60.19253],[24.97875,60.19262],[24.97848,60.19315],[24.97845,60.19315],[24.97832,60.1934],[24.97798,60.19375],[24.97787,60.19384],[24.97759,60.19404],[24.97728,60.19423],[24.97701,60.19442],[24.97477,60.1957],[24.97464,60.19593],[24.97381,60.19558],[24.96693,60.19952],[24.96695,60.19953],[24.96633,60.19988],[24.9661,60.19998],[24.96593,60.20003],[24.96557,60.20014],[24.96543,60.20072],[24.96355,60.20103]]]}},{"type":"Feature","properties":{"code":"091412","kunta":"091","kokotun":"0915505412","name":"Heikinlaakso","name_sv":"Henriksdal","named":true,"peruspiiri_code":"091054","peruspiiri":"","source":"Helsingin kaupunki, Piirijako_osaalue (2026)","bb":[60.26294,25.05947,60.27638,25.08422],"c":[60.27033,25.07175]},"geometry":{"type":"Polygon","coordinates":[[[25.05947,60.27613],[25.05961,60.27561],[25.06001,60.27559],[25.06053,60.27492],[25.06066,60.27486],[25.06076,60.27485],[25.06085,60.2746],[25.06103,60.27431],[25.06122,60.27404],[25.06233,60.27262],[25.06257,60.27227],[25.06265,60.2721],[25.06278,60.27173],[25.0628,60.27157],[25.06305,60.27093],[25.06318,60.27056],[25.06328,60.27026],[25.06343,60.26986],[25.06293,60.26986],[25.06326,60.26968],[25.06339,60.26935],[25.06363,60.26843],[25.06371,60.26825],[25.06381,60.26814],[25.06425,60.2677],[25.06436,60.26757],[25.0644,60.26749],[25.06452,60.26719],[25.06452,60.2671],[25.06438,60.26635],[25.06516,60.26551],[25.06523,60.26538],[25.06537,60.26536],[25.06583,60.26512],[25.06791,60.26418],[25.06918,60.26365],[25.07034,60.26315],[25.07292,60.26294],[25.07342,60.26348],[25.07425,60.26434],[25.07496,60.26495],[25.07626,60.26597],[25.07685,60.26641],[25.07699,60.2665],[25.07833,60.26735],[25.08139,60.26931],[25.08148,60.26939],[25.08186,60.26966],[25.08261,60.27034],[25.08283,60.27062],[25.08329,60.27124],[25.08422,60.2727],[25.084,60.27279],[25.08367,60.27289],[25.07957,60.27444],[25.07918,60.27459],[25.07831,60.27492],[25.07816,60.27497],[25.07664,60.27555],[25.07639,60.27552],[25.07583,60.27548],[25.07352,60.27534],[25.07173,60.27523],[25.06849,60.27503],[25.06706,60.27513],[25.06239,60.27544],[25.06181,60.27609],[25.06156,60.27638],[25.0612,60.27633],[25.06049,60.27625],[25.05947,60.27613]]]}},{"type":"Feature","properties":{"code":"091212","kunta":"091","kokotun":"0913303212","name":"Hermanninranta","name_sv":"Hermanstadsstranden","named":true,"peruspiiri_code":"091032","peruspiiri":"","source":"Helsingin kaupunki, Piirijako_osaalue (2026)","bb":[60.19262,24.97464,60.20003,24.99797],"c":[60.19671,24.98446]},"geometry":{"type":"Polygon","coordinates":[[[24.97464,60.19593],[24.97477,60.1957],[24.97701,60.19442],[24.97728,60.19423],[24.97759,60.19404],[24.97787,60.19384],[24.97798,60.19375],[24.97832,60.1934],[24.97845,60.19315],[24.97848,60.19315],[24.97875,60.19262],[24.98062,60.19287],[24.98506,60.19342],[24.98406,60.19543],[24.98466,60.19598],[24.98702,60.19531],[24.9881,60.19545],[24.99797,60.19827],[24.98408,60.20003],[24.97913,60.19789],[24.97855,60.19759],[24.9773,60.19724],[24.97662,60.19714],[24.97499,60.19669],[24.97541,60.19631],[24.97497,60.19612],[24.97502,60.19609],[24.97464,60.19593]]]}},{"type":"Feature","properties":{"code":"091213","kunta":"091","kokotun":"0913303213","name":"Kyläsaari","name_sv":"Byholmen","named":true,"peruspiiri_code":"091032","peruspiiri":"","source":"Helsingin kaupunki, Piirijako_osaalue (2026)","bb":[60.19558,24.96543,60.20123,24.98408],"c":[60.19901,24.97451]},"geometry":{"type":"Polygon","coordinates":[[[24.98408,60.20003],[24.97462,60.20123],[24.96777,60.20034],[24.96543,60.20072],[24.96557,60.20014],[24.96593,60.20003],[24.9661,60.19998],[24.96633,60.19988],[24.96695,60.19953],[24.96693,60.19952],[24.97381,60.19558],[24.97464,60.19593],[24.97502,60.19609],[24.97497,60.19612],[24.97541,60.19631],[24.97499,60.19669],[24.97662,60.19714],[24.9773,60.19724],[24.97855,60.19759],[24.97913,60.19789],[24.98408,60.20003]]]}},{"type":"Feature","properties":{"code":"091161","kunta":"091","kokotun":"0912201161","name":"Vanha Ruskeasuo","name_sv":"Gamla Brunakärr","named":true,"peruspiiri_code":"091011","peruspiiri":"","source":"Helsingin kaupunki, Piirijako_osaalue (2026)","bb":[60.19657,24.89936,60.2083,24.91788],"c":[60.20234,24.90819]},"geometry":{"type":"Polygon","coordinates":[[[24.90857,60.2082],[24.908,60.20815],[24.90743,60.20811],[24.90736,60.20805],[24.90625,60.20797],[24.90569,60.20794],[24.90402,60.20786],[24.90381,60.20785],[24.90362,60.20786],[24.90323,60.2079],[24.90307,60.2079],[24.90241,60.20789],[24.90182,60.20788],[24.90167,60.2078],[24.90071,60.2078],[24.89974,60.20781],[24.89965,60.20777],[24.89951,60.20776],[24.8995,60.20767],[24.89936,60.20572],[24.89942,60.20465],[24.89948,60.20417],[24.89952,60.20345],[24.89959,60.20306],[24.89962,60.20248],[24.89968,60.20133],[24.8997,60.20123],[24.89981,60.20094],[24.89988,60.20078],[24.90002,60.20056],[24.90147,60.19887],[24.90154,60.19876],[24.90158,60.19856],[24.90171,60.19747],[24.90279,60.1975],[24.90282,60.19724],[24.90286,60.19724],[24.90816,60.19738],[24.90843,60.19739],[24.91045,60.19742],[24.91788,60.19657],[24.91704,60.20245],[24.91644,60.20264],[24.91617,60.20321],[24.91614,60.20331],[24.91614,60.20339],[24.91619,60.20352],[24.91627,60.20362],[24.91638,60.20371],[24.91653,60.20379],[24.91678,60.20389],[24.91684,60.20394],[24.91664,60.20399],[24.91626,60.20407],[24.91582,60.20419],[24.91643,60.20477],[24.91536,60.20505],[24.91453,60.20564],[24.91363,60.20588],[24.90951,60.2083],[24.90857,60.2082]]]}},{"type":"Feature","properties":{"code":"091162","kunta":"091","kokotun":"0912201162","name":"Pikku Huopalahti","name_sv":"Lillhoplax","named":true,"peruspiiri_code":"091011","peruspiiri":"","source":"Helsingin kaupunki, Piirijako_osaalue (2026)","bb":[60.19381,24.88434,60.20878,24.90171],"c":[60.20192,24.89434]},"geometry":{"type":"Polygon","coordinates":[[[24.88434,60.20709],[24.89139,60.20139],[24.89118,60.20018],[24.89062,60.19696],[24.88881,60.19582],[24.88915,60.19575],[24.88976,60.19559],[24.89033,60.1954],[24.89042,60.19544],[24.89385,60.19383],[24.89416,60.19381],[24.89446,60.19384],[24.89493,60.19398],[24.89491,60.19418],[24.89523,60.19435],[24.8949,60.1945],[24.89479,60.19465],[24.89526,60.19489],[24.89524,60.19491],[24.89587,60.19506],[24.89648,60.19535],[24.89643,60.1954],[24.89652,60.19542],[24.89744,60.1957],[24.89745,60.19576],[24.89789,60.19629],[24.89937,60.19703],[24.89945,60.1971],[24.89948,60.19726],[24.89955,60.19728],[24.89953,60.19741],[24.90106,60.19745],[24.90171,60.19747],[24.90158,60.19856],[24.90154,60.19876],[24.90147,60.19887],[24.90002,60.20056],[24.89988,60.20078],[24.89981,60.20094],[24.8997,60.20123],[24.89968,60.20133],[24.89962,60.20248],[24.89959,60.20306],[24.89952,60.20345],[24.89948,60.20417],[24.89942,60.20465],[24.89936,60.20572],[24.8995,60.20767],[24.89951,60.20776],[24.89883,60.20772],[24.89826,60.20767],[24.89571,60.20796],[24.89075,60.20876],[24.89055,60.20878],[24.89029,60.20878],[24.89009,60.20875],[24.88955,60.20859],[24.88937,60.20855],[24.88943,60.20847],[24.88947,60.20807],[24.88979,60.20717],[24.88972,60.20708],[24.88983,60.20688],[24.8897,60.20686],[24.88901,60.20681],[24.88724,60.20682],[24.88614,60.20693],[24.88434,60.20709]]]}},{"type":"Feature","properties":{"code":"091336","kunta":"091","kokotun":"0912205336","name":"Honkasuo","name_sv":"Hongasmossa","named":true,"peruspiiri_code":"091053","peruspiiri":"","source":"Helsingin kaupunki, Piirijako_osaalue (2026)","bb":[60.25139,24.83368,60.2591,24.85523],"c":[60.25538,24.84134]},"geometry":{"type":"Polygon","coordinates":[[[24.83368,60.25467],[24.83465,60.25403],[24.83501,60.25379],[24.8359,60.25323],[24.8369,60.25255],[24.83775,60.25199],[24.83865,60.25139],[24.84175,60.25215],[24.84412,60.25294],[24.84658,60.25381],[24.84844,60.25443],[24.85042,60.25445],[24.8505,60.25412],[24.8521,60.25435],[24.85224,60.2541],[24.85375,60.25399],[24.85379,60.25416],[24.85401,60.25435],[24.85523,60.25435],[24.84818,60.25637],[24.83864,60.2591],[24.83771,60.2591],[24.83684,60.25903],[24.83599,60.25888],[24.83546,60.25877],[24.83473,60.2585],[24.83471,60.2584],[24.83368,60.25467]]]}},{"type":"Feature","properties":{"code":"091413","kunta":"091","kokotun":"0915505413","name":"Tattarisuo","name_sv":"Tattarmossen","named":true,"peruspiiri_code":"091054","peruspiiri":"","source":"Helsingin kaupunki, Piirijako_osaalue (2026)","bb":[60.25083,25.04172,60.26575,25.06461],"c":[60.25851,25.05443]},"geometry":{"type":"Polygon","coordinates":[[[25.04181,60.26552],[25.04172,60.26536],[25.04451,60.26407],[25.04501,60.26039],[25.04571,60.2553],[25.05321,60.25233],[25.0596,60.25174],[25.05943,60.25097],[25.06026,60.25092],[25.06166,60.25084],[25.06194,60.25083],[25.06213,60.25181],[25.06171,60.25187],[25.06181,60.25196],[25.06192,60.2521],[25.06218,60.25238],[25.0625,60.25283],[25.06261,60.25297],[25.06289,60.25351],[25.06354,60.25546],[25.06341,60.25554],[25.06348,60.25576],[25.06366,60.25583],[25.06374,60.25609],[25.06385,60.25661],[25.06392,60.2574],[25.06388,60.25768],[25.06388,60.25783],[25.06393,60.25856],[25.0642,60.25901],[25.06436,60.25923],[25.06461,60.25952],[25.06369,60.26032],[25.06366,60.2608],[25.06356,60.26133],[25.06279,60.26295],[25.06244,60.26353],[25.05803,60.26367],[25.05693,60.26372],[25.05377,60.26394],[25.05009,60.26438],[25.04653,60.26501],[25.04298,60.26575],[25.04181,60.26552]]]}},{"type":"Feature","properties":{"code":"091414","kunta":"091","kokotun":"0915506414","name":"Jakomäki","name_sv":"Jakobacka","named":true,"peruspiiri_code":"091064","peruspiiri":"","source":"Helsingin kaupunki, Piirijako_osaalue (2026)","bb":[60.24967,25.06194,60.2727,25.08911],"c":[60.2591,25.07831]},"geometry":{"type":"Polygon","coordinates":[[[25.08244,60.2497],[25.0832,60.25114],[25.08348,60.25167],[25.08372,60.25217],[25.08391,60.25253],[25.08428,60.25324],[25.08446,60.25359],[25.08476,60.25413],[25.08476,60.25414],[25.08752,60.2593],[25.08695,60.25992],[25.08636,60.26062],[25.08684,60.2619],[25.08684,60.26192],[25.08702,60.2624],[25.0871,60.26262],[25.0873,60.26314],[25.08737,60.26334],[25.08753,60.26376],[25.08756,60.26382],[25.0878,60.26443],[25.08816,60.26536],[25.08824,60.26556],[25.08828,60.26566],[25.08885,60.26712],[25.08888,60.26721],[25.08894,60.26737],[25.08907,60.26768],[25.08908,60.26771],[25.08911,60.2678],[25.08892,60.26837],[25.0888,60.26874],[25.08874,60.26888],[25.0887,60.26901],[25.08837,60.27002],[25.08805,60.2709],[25.08799,60.27125],[25.08687,60.27168],[25.08675,60.27173],[25.08526,60.27229],[25.08477,60.27247],[25.08422,60.2727],[25.08329,60.27124],[25.08283,60.27062],[25.08261,60.27034],[25.08186,60.26966],[25.08148,60.26939],[25.08139,60.26931],[25.07833,60.26735],[25.07699,60.2665],[25.07685,60.26641],[25.07626,60.26597],[25.07496,60.26495],[25.07425,60.26434],[25.07342,60.26348],[25.07292,60.26294],[25.07267,60.26266],[25.07261,60.26267],[25.07242,60.26235],[25.07118,60.26073],[25.07103,60.26055],[25.07074,60.26015],[25.07035,60.25964],[25.07006,60.25925],[25.07014,60.25923],[25.06968,60.2586],[25.06959,60.25861],[25.06939,60.25834],[25.06639,60.25432],[25.0661,60.25403],[25.06558,60.25355],[25.06532,60.25336],[25.06472,60.25298],[25.06213,60.25181],[25.06194,60.25083],[25.06341,60.25074],[25.06392,60.25071],[25.07389,60.25015],[25.0824,60.24967],[25.08244,60.2497]]]}},{"type":"Feature","properties":{"code":"091420","kunta":"091","kokotun":"0916601420","name":"Kulosaari","name_sv":"Brändö","named":true,"peruspiiri_code":"091014","peruspiiri":"","source":"Helsingin kaupunki, Piirijako_osaalue (2026)","bb":[60.17427,24.98721,60.19612,25.02282],"c":[60.18573,25.0065]},"geometry":{"type":"Polygon","coordinates":[[[25.01785,60.19002],[25.01664,60.19041],[25.01433,60.19113],[24.99608,60.19612],[24.99206,60.19156],[24.98721,60.18606],[24.98889,60.18553],[24.99647,60.18312],[24.99668,60.18306],[25.0014,60.18156],[25.00371,60.18083],[25.00205,60.17427],[25.01823,60.17826],[25.02141,60.17905],[25.02201,60.18308],[25.02282,60.18854],[25.01872,60.18966],[25.01785,60.19002]]]}},{"type":"Feature","properties":{"code":"091431","kunta":"091","kokotun":"0916602431","name":"Länsi-Herttoniemi","name_sv":"Västra Hertonäs","named":true,"peruspiiri_code":"091024","peruspiiri":"","source":"Helsingin kaupunki, Piirijako_osaalue (2026)","bb":[60.19002,24.99608,60.21934,25.05363],"c":[60.20311,25.02415]},"geometry":{"type":"Polygon","coordinates":[[[25.04227,60.21893],[25.04013,60.21767],[25.03938,60.21723],[25.03258,60.21323],[25.02883,60.21103],[25.02873,60.21109],[25.02824,60.2112],[25.02259,60.21281],[25.02181,60.21303],[25.0214,60.21315],[25.01881,60.21391],[25.0068,60.2049],[24.99797,60.19827],[24.99608,60.19612],[25.01433,60.19113],[25.01664,60.19041],[25.01785,60.19002],[25.01829,60.19016],[25.02015,60.1908],[25.02305,60.19176],[25.02324,60.19182],[25.02537,60.19246],[25.02618,60.19266],[25.03043,60.1934],[25.03111,60.1937],[25.03172,60.19403],[25.0321,60.19427],[25.03272,60.19483],[25.03629,60.19791],[25.04142,60.20233],[25.04239,60.20299],[25.04322,60.20352],[25.04365,60.20378],[25.04408,60.20404],[25.04608,60.20511],[25.04689,60.20551],[25.04799,60.20602],[25.04958,60.20684],[25.05071,60.20716],[25.05105,60.20725],[25.05139,60.20732],[25.05209,60.20705],[25.05363,60.20776],[25.05302,60.20779],[25.05258,60.20782],[25.05191,60.20788],[25.05143,60.20793],[25.05105,60.20799],[25.05054,60.20807],[25.0501,60.20815],[25.0494,60.2083],[25.04862,60.20849],[25.04714,60.20907],[25.04603,60.20968],[25.04524,60.21055],[25.04511,60.21088],[25.04506,60.21134],[25.04514,60.21185],[25.04516,60.21243],[25.04517,60.21269],[25.04504,60.21338],[25.04501,60.2138],[25.04499,60.21453],[25.04487,60.21482],[25.04437,60.21506],[25.04378,60.21502],[25.04375,60.21505],[25.04387,60.21521],[25.04392,60.21534],[25.04393,60.21553],[25.04383,60.21588],[25.04381,60.21607],[25.04372,60.21611],[25.04365,60.21625],[25.04351,60.21637],[25.04348,60.21661],[25.04335,60.21783],[25.04344,60.218],[25.04346,60.21887],[25.04318,60.2192],[25.04304,60.21929],[25.04297,60.21934],[25.04227,60.21893]]]}},{"type":"Feature","properties":{"code":"091415","kunta":"091","kokotun":"0915505415","name":"Alppikylä","name_sv":"Alpbyn","named":true,"peruspiiri_code":"091054","peruspiiri":"","source":"Helsingin kaupunki, Piirijako_osaalue (2026)","bb":[60.25181,25.06171,60.26353,25.07292],"c":[60.25915,25.06664]},"geometry":{"type":"Polygon","coordinates":[[[25.07292,60.26294],[25.07034,60.26315],[25.06952,60.26321],[25.06837,60.26331],[25.06769,60.26336],[25.06681,60.2634],[25.06244,60.26353],[25.06279,60.26295],[25.06356,60.26133],[25.06366,60.2608],[25.06369,60.26032],[25.06461,60.25952],[25.06436,60.25923],[25.0642,60.25901],[25.06393,60.25856],[25.06388,60.25783],[25.06388,60.25768],[25.06392,60.2574],[25.06385,60.25661],[25.06374,60.25609],[25.06366,60.25583],[25.06348,60.25576],[25.06341,60.25554],[25.06354,60.25546],[25.06289,60.25351],[25.06261,60.25297],[25.0625,60.25283],[25.06218,60.25238],[25.06192,60.2521],[25.06181,60.25196],[25.06171,60.25187],[25.06213,60.25181],[25.06472,60.25298],[25.06532,60.25336],[25.06558,60.25355],[25.0661,60.25403],[25.06639,60.25432],[25.06939,60.25834],[25.06959,60.25861],[25.06968,60.2586],[25.07014,60.25923],[25.07006,60.25925],[25.07035,60.25964],[25.07074,60.26015],[25.07103,60.26055],[25.07118,60.26073],[25.07242,60.26235],[25.07261,60.26267],[25.07267,60.26266],[25.07292,60.26294]]]}},{"type":"Feature","properties":{"code":"091432","kunta":"091","kokotun":"0916602432","name":"Roihuvuori","name_sv":"Kasberget","named":true,"peruspiiri_code":"091024","peruspiiri":"","source":"Helsingin kaupunki, Piirijako_osaalue (2026)","bb":[60.18984,25.04404,60.20774,25.07648],"c":[60.19896,25.05863]},"geometry":{"type":"Polygon","coordinates":[[[25.05456,60.20755],[25.05419,60.20722],[25.05537,60.20724],[25.05603,60.20719],[25.05628,60.20704],[25.05668,60.20672],[25.05725,60.20623],[25.05472,60.20576],[25.05393,60.20606],[25.0522,60.20515],[25.04879,60.20257],[25.04854,60.20225],[25.04852,60.20191],[25.04904,60.20128],[25.04902,60.20103],[25.04911,60.20093],[25.04918,60.20026],[25.04912,60.19933],[25.04902,60.19921],[25.04833,60.19912],[25.04755,60.19914],[25.04718,60.1936],[25.04679,60.19346],[25.04671,60.19339],[25.04598,60.19312],[25.04554,60.19299],[25.04512,60.19289],[25.04477,60.19282],[25.04453,60.19279],[25.04404,60.19274],[25.04486,60.19164],[25.04592,60.19026],[25.04606,60.19011],[25.0462,60.19002],[25.04641,60.18994],[25.04659,60.18989],[25.0469,60.18985],[25.04707,60.18984],[25.04822,60.18985],[25.04771,60.19067],[25.04809,60.19127],[25.04875,60.19176],[25.05885,60.19292],[25.06087,60.19315],[25.06241,60.1937],[25.06359,60.1949],[25.06418,60.19553],[25.06478,60.19584],[25.06668,60.19683],[25.06774,60.19647],[25.07508,60.19388],[25.07612,60.19349],[25.07648,60.19404],[25.07431,60.19775],[25.07295,60.19758],[25.07036,60.20057],[25.06995,60.20216],[25.06982,60.20275],[25.06432,60.2024],[25.06433,60.20774],[25.06085,60.20754],[25.05668,60.20749],[25.05456,60.20755]]]}},{"type":"Feature","properties":{"code":"091433","kunta":"091","kokotun":"0916602433","name":"Herttoniemen yritysalue","name_sv":"Hertonäs företagsområde","named":true,"peruspiiri_code":"091024","peruspiiri":"","source":"Helsingin kaupunki, Piirijako_osaalue (2026)","bb":[60.19252,25.0321,60.20776,25.05725],"c":[60.19898,25.04359]},"geometry":{"type":"Polygon","coordinates":[[[25.04404,60.19274],[25.04453,60.19279],[25.04477,60.19282],[25.04512,60.19289],[25.04554,60.19299],[25.04598,60.19312],[25.04671,60.19339],[25.04679,60.19346],[25.04718,60.1936],[25.04755,60.19914],[25.04833,60.19912],[25.04902,60.19921],[25.04912,60.19933],[25.04918,60.20026],[25.04911,60.20093],[25.04902,60.20103],[25.04904,60.20128],[25.04852,60.20191],[25.04854,60.20225],[25.04879,60.20257],[25.0522,60.20515],[25.05393,60.20606],[25.05472,60.20576],[25.05725,60.20623],[25.05668,60.20672],[25.05628,60.20704],[25.05603,60.20719],[25.05537,60.20724],[25.05419,60.20722],[25.05456,60.20755],[25.05363,60.20776],[25.05209,60.20705],[25.05139,60.20732],[25.05105,60.20725],[25.05071,60.20716],[25.04958,60.20684],[25.04799,60.20602],[25.04689,60.20551],[25.04608,60.20511],[25.04408,60.20404],[25.04365,60.20378],[25.04322,60.20352],[25.04239,60.20299],[25.04142,60.20233],[25.03629,60.19791],[25.03272,60.19483],[25.0321,60.19427],[25.03323,60.19398],[25.03899,60.19255],[25.03934,60.19252],[25.04382,60.19273],[25.04404,60.19274]]]}},{"type":"Feature","properties":{"code":"091434","kunta":"091","kokotun":"0916602434","name":"Herttoniemenranta","name_sv":"Hertonäs strand","named":true,"peruspiiri_code":"091024","peruspiiri":"","source":"Helsingin kaupunki, Piirijako_osaalue (2026)","bb":[60.18308,25.01785,60.19427,25.05565],"c":[60.18864,25.03413]},"geometry":{"type":"Polygon","coordinates":[[[25.04822,60.18985],[25.04707,60.18984],[25.0469,60.18985],[25.04659,60.18989],[25.04641,60.18994],[25.0462,60.19002],[25.04606,60.19011],[25.04592,60.19026],[25.04486,60.19164],[25.04404,60.19274],[25.04382,60.19273],[25.03934,60.19252],[25.03899,60.19255],[25.03323,60.19398],[25.0321,60.19427],[25.03172,60.19403],[25.03111,60.1937],[25.03043,60.1934],[25.02618,60.19266],[25.02537,60.19246],[25.02324,60.19182],[25.02305,60.19176],[25.02015,60.1908],[25.01829,60.19016],[25.01785,60.19002],[25.01872,60.18966],[25.02282,60.18854],[25.02201,60.18308],[25.0406,60.18503],[25.04429,60.18593],[25.05565,60.18871],[25.04874,60.18902],[25.04822,60.18985]]]}},{"type":"Feature","properties":{"code":"091440","kunta":"091","kokotun":"0916602440","name":"Tammisalo","name_sv":"Tammelund","named":true,"peruspiiri_code":"091024","peruspiiri":"","source":"Helsingin kaupunki, Piirijako_osaalue (2026)","bb":[60.18647,25.04771,60.19683,25.07612],"c":[60.19104,25.0636]},"geometry":{"type":"Polygon","coordinates":[[[25.04822,60.18985],[25.04874,60.18902],[25.05565,60.18871],[25.05598,60.1887],[25.05863,60.18742],[25.05882,60.18736],[25.06071,60.18681],[25.06213,60.18672],[25.06576,60.18647],[25.06749,60.18682],[25.06836,60.1869],[25.06975,60.18691],[25.0743,60.19071],[25.07574,60.1929],[25.07612,60.19349],[25.07508,60.19388],[25.06774,60.19647],[25.06668,60.19683],[25.06478,60.19584],[25.06418,60.19553],[25.06359,60.1949],[25.06241,60.1937],[25.06087,60.19315],[25.05885,60.19292],[25.04875,60.19176],[25.04809,60.19127],[25.04771,60.19067],[25.04822,60.18985]]]}},{"type":"Feature","properties":{"code":"091363","kunta":"091","kokotun":"0915501363","name":"Viikin tiedepuisto","name_sv":"Viks forskarpark","named":true,"peruspiiri_code":"091013","peruspiiri":"","source":"Helsingin kaupunki, Piirijako_osaalue (2026)","bb":[60.22058,25.00131,60.2324,25.02723],"c":[60.22687,25.01611]},"geometry":{"type":"Polygon","coordinates":[[[25.00131,60.22847],[25.00155,60.22834],[25.00188,60.2282],[25.00221,60.22806],[25.00228,60.22807],[25.00255,60.22795],[25.00227,60.22788],[25.00263,60.22774],[25.00306,60.2276],[25.00357,60.22744],[25.00435,60.22723],[25.00539,60.22683],[25.0053,60.22677],[25.00716,60.22605],[25.00742,60.22596],[25.00794,60.22579],[25.00799,60.2257],[25.00808,60.22561],[25.00821,60.22555],[25.00839,60.2255],[25.00851,60.22549],[25.00882,60.22551],[25.00925,60.22536],[25.01056,60.22489],[25.01223,60.22434],[25.01248,60.22429],[25.0128,60.22425],[25.01331,60.22421],[25.01384,60.22419],[25.01406,60.22349],[25.01507,60.22295],[25.01457,60.22272],[25.01435,60.22258],[25.0142,60.22243],[25.01414,60.22221],[25.01416,60.22208],[25.01421,60.22197],[25.0143,60.22186],[25.01493,60.22126],[25.01573,60.22069],[25.01655,60.22092],[25.01701,60.22058],[25.01791,60.22059],[25.01802,60.22061],[25.01807,60.2207],[25.01823,60.22085],[25.0184,60.22095],[25.019,60.22122],[25.01939,60.22148],[25.01985,60.22171],[25.01983,60.22179],[25.02032,60.22189],[25.02038,60.22193],[25.02047,60.22207],[25.02199,60.22217],[25.02222,60.22217],[25.02236,60.22224],[25.02262,60.22211],[25.02282,60.22203],[25.02305,60.22198],[25.02321,60.22196],[25.02356,60.22197],[25.02399,60.22201],[25.02406,60.22201],[25.02473,60.22288],[25.02467,60.22291],[25.02102,60.22367],[25.02152,60.22404],[25.0222,60.2249],[25.0223,60.225],[25.02251,60.22515],[25.02264,60.22522],[25.02282,60.22529],[25.02299,60.22535],[25.02341,60.22544],[25.02328,60.22565],[25.02318,60.22573],[25.0232,60.22582],[25.02343,60.22599],[25.02358,60.22615],[25.02371,60.22633],[25.02387,60.22653],[25.02456,60.22731],[25.02489,60.22765],[25.02498,60.22771],[25.02526,60.22809],[25.02532,60.22819],[25.02537,60.22832],[25.0254,60.22849],[25.0254,60.22871],[25.02537,60.22889],[25.02579,60.22895],[25.02629,60.22915],[25.02667,60.22939],[25.02674,60.22948],[25.02723,60.22956],[25.0268,60.22963],[25.02654,60.22969],[25.02626,60.22976],[25.0259,60.22988],[25.02563,60.22999],[25.02539,60.2301],[25.02437,60.23061],[25.02488,60.23086],[25.02601,60.23149],[25.02586,60.23156],[25.02573,60.23157],[25.02571,60.23173],[25.02551,60.23187],[25.0244,60.2324],[25.02172,60.2315],[25.01885,60.23084],[25.01826,60.23065],[25.01779,60.23049],[25.01666,60.23018],[25.01579,60.23],[25.01489,60.22978],[25.01425,60.22963],[25.01363,60.2295],[25.01295,60.22938],[25.01261,60.22932],[25.01201,60.22923],[25.01129,60.22915],[25.01093,60.22911],[25.01075,60.22924],[25.01038,60.22949],[25.01022,60.22962],[25.00999,60.22985],[25.00982,60.2301],[25.00965,60.23015],[25.00916,60.23014],[25.0084,60.23009],[25.00817,60.2301],[25.00759,60.23007],[25.0074,60.23004],[25.00655,60.22988],[25.0056,60.23012],[25.00557,60.23014],[25.00556,60.23015],[25.00534,60.22989],[25.00196,60.22862],[25.00131,60.22847]]]}},{"type":"Feature","properties":{"code":"091451","kunta":"091","kokotun":"0917701451","name":"Vartioharju","name_sv":"Botbyåsen","named":true,"peruspiiri_code":"091014","peruspiiri":"","source":"Helsingin kaupunki, Piirijako_osaalue (2026)","bb":[60.2105,25.08719,60.22851,25.12471],"c":[60.22067,25.10773]},"geometry":{"type":"Polygon","coordinates":[[[25.12256,60.21702],[25.12267,60.21837],[25.12276,60.21964],[25.12452,60.22142],[25.12467,60.22151],[25.12471,60.22161],[25.12334,60.22231],[25.12208,60.22331],[25.1219,60.22369],[25.12133,60.22536],[25.1201,60.22561],[25.1196,60.22534],[25.11878,60.2255],[25.11899,60.22577],[25.11989,60.22625],[25.11834,60.22672],[25.10985,60.22851],[25.10966,60.2284],[25.10939,60.22828],[25.10854,60.22793],[25.10822,60.22783],[25.10793,60.22832],[25.10723,60.22845],[25.10617,60.22829],[25.10548,60.22802],[25.10491,60.22793],[25.10485,60.22779],[25.10414,60.22775],[25.10355,60.22796],[25.10337,60.22815],[25.10272,60.22787],[25.10325,60.22757],[25.10326,60.22746],[25.10286,60.2271],[25.10277,60.22713],[25.10221,60.22717],[25.10206,60.22671],[25.10188,60.22673],[25.10203,60.22719],[25.10048,60.2273],[25.10025,60.22723],[25.10042,60.22684],[25.10016,60.22686],[25.09999,60.22724],[25.09899,60.22745],[25.09847,60.22721],[25.09838,60.22725],[25.09885,60.22748],[25.09804,60.22763],[25.09676,60.22739],[25.09696,60.22713],[25.0969,60.22712],[25.09661,60.2275],[25.09531,60.22722],[25.0946,60.22704],[25.0939,60.22665],[25.09332,60.22641],[25.09306,60.22629],[25.09221,60.22595],[25.0921,60.22598],[25.09133,60.22543],[25.09068,60.22479],[25.09032,60.2245],[25.08984,60.22403],[25.08972,60.22396],[25.08957,60.224],[25.08927,60.22362],[25.08876,60.2232],[25.08787,60.22274],[25.08735,60.22258],[25.08765,60.22237],[25.08719,60.22215],[25.08847,60.22174],[25.08837,60.22166],[25.08942,60.22132],[25.08993,60.22087],[25.08988,60.22067],[25.09018,60.22061],[25.09036,60.22056],[25.09052,60.22049],[25.09243,60.21924],[25.09331,60.21866],[25.09474,60.21774],[25.09562,60.21716],[25.09582,60.21703],[25.09649,60.21659],[25.09683,60.2164],[25.09734,60.21653],[25.09891,60.21696],[25.09931,60.21659],[25.09988,60.21644],[25.09982,60.21636],[25.09983,60.21624],[25.09989,60.2161],[25.10007,60.21594],[25.10184,60.2147],[25.10373,60.21424],[25.10561,60.21387],[25.1072,60.21335],[25.11009,60.21256],[25.11137,60.21205],[25.11193,60.21179],[25.11201,60.21177],[25.11596,60.2105],[25.11683,60.21136],[25.11817,60.21239],[25.11868,60.21277],[25.11991,60.21426],[25.12256,60.21702]]]}},{"type":"Feature","properties":{"code":"091452","kunta":"091","kokotun":"0917701452","name":"Puotila","name_sv":"Botby gård","named":true,"peruspiiri_code":"091014","peruspiiri":"","source":"Helsingin kaupunki, Piirijako_osaalue (2026)","bb":[60.20317,25.08758,60.21696,25.11596],"c":[60.21037,25.1019]},"geometry":{"type":"Polygon","coordinates":[[[25.11596,60.2105],[25.11201,60.21177],[25.11193,60.21179],[25.11137,60.21205],[25.11009,60.21256],[25.1072,60.21335],[25.10561,60.21387],[25.10373,60.21424],[25.10184,60.2147],[25.10007,60.21594],[25.09989,60.2161],[25.09983,60.21624],[25.09982,60.21636],[25.09988,60.21644],[25.09931,60.21659],[25.09891,60.21696],[25.09734,60.21653],[25.09683,60.2164],[25.09649,60.21631],[25.09577,60.21611],[25.09496,60.21587],[25.09431,60.21567],[25.09367,60.21545],[25.09337,60.21532],[25.09244,60.21496],[25.09221,60.21486],[25.09214,60.21486],[25.09153,60.21461],[25.09092,60.21435],[25.08758,60.21268],[25.08846,60.21162],[25.09181,60.20939],[25.09195,60.20931],[25.09219,60.20919],[25.0924,60.2091],[25.09258,60.20904],[25.09303,60.20894],[25.09444,60.20867],[25.09563,60.20845],[25.09572,60.20843],[25.09581,60.20834],[25.09579,60.20826],[25.0956,60.20803],[25.09582,60.20795],[25.09602,60.20793],[25.09622,60.20789],[25.09743,60.20736],[25.09815,60.20697],[25.10219,60.20503],[25.10616,60.20317],[25.10909,60.20505],[25.11188,60.20672],[25.114,60.20799],[25.1142,60.20874],[25.11596,60.2105]]]}},{"type":"Feature","properties":{"code":"091453","kunta":"091","kokotun":"0917701453","name":"Puotinharju","name_sv":"Botbyhöjden","named":true,"peruspiiri_code":"091014","peruspiiri":"","source":"Helsingin kaupunki, Piirijako_osaalue (2026)","bb":[60.20793,25.06571,60.22258,25.09683],"c":[60.21549,25.08329]},"geometry":{"type":"Polygon","coordinates":[[[25.08758,60.21268],[25.09092,60.21435],[25.09153,60.21461],[25.09214,60.21486],[25.09221,60.21486],[25.09244,60.21496],[25.09337,60.21532],[25.09367,60.21545],[25.09431,60.21567],[25.09496,60.21587],[25.09577,60.21611],[25.09649,60.21631],[25.09683,60.2164],[25.09649,60.21659],[25.09582,60.21703],[25.09562,60.21716],[25.09474,60.21774],[25.09331,60.21866],[25.09243,60.21924],[25.09052,60.22049],[25.09036,60.22056],[25.09018,60.22061],[25.08988,60.22067],[25.08993,60.22087],[25.08942,60.22132],[25.08837,60.22166],[25.08847,60.22174],[25.08719,60.22215],[25.08765,60.22237],[25.08735,60.22258],[25.08626,60.22225],[25.08361,60.22144],[25.08347,60.22134],[25.08236,60.22105],[25.08253,60.2199],[25.08267,60.21968],[25.08417,60.21738],[25.08166,60.21699],[25.08107,60.21657],[25.08091,60.21655],[25.08027,60.21609],[25.0765,60.21503],[25.07505,60.21396],[25.07465,60.21385],[25.07458,60.21374],[25.07412,60.21356],[25.07402,60.21351],[25.07387,60.21341],[25.07373,60.21327],[25.07355,60.21312],[25.07338,60.21289],[25.07308,60.21262],[25.07257,60.21248],[25.07255,60.2125],[25.07183,60.2123],[25.07065,60.21124],[25.07,60.21058],[25.0699,60.21026],[25.07024,60.20968],[25.07083,60.20914],[25.06657,60.2089],[25.06617,60.20891],[25.06571,60.20793],[25.07113,60.20826],[25.07507,60.20859],[25.07478,60.20998],[25.07862,60.21103],[25.07869,60.21106],[25.07869,60.21115],[25.07698,60.21269],[25.07742,60.21284],[25.07794,60.21299],[25.078,60.21293],[25.07931,60.21329],[25.08011,60.2141],[25.08024,60.21422],[25.08045,60.21418],[25.08062,60.21418],[25.08081,60.21421],[25.0827,60.21473],[25.08287,60.21477],[25.08321,60.21448],[25.08402,60.21375],[25.08438,60.21384],[25.08509,60.21406],[25.08622,60.21437],[25.08648,60.21405],[25.08653,60.21387],[25.08733,60.21297],[25.08758,60.21268]]]}},{"type":"Feature","properties":{"code":"091454","kunta":"091","kokotun":"0917702454","name":"Myllypuro","name_sv":"Kvarnbäcken","named":true,"peruspiiri_code":"091024","peruspiiri":"","source":"Helsingin kaupunki, Piirijako_osaalue (2026)","bb":[60.2089,25.04297,60.2319,25.08626],"c":[60.22118,25.0629]},"geometry":{"type":"Polygon","coordinates":[[[25.08009,60.22699],[25.07808,60.22697],[25.07809,60.22692],[25.07756,60.22691],[25.07744,60.22708],[25.07708,60.22708],[25.07701,60.22844],[25.07682,60.22853],[25.07645,60.22844],[25.0759,60.22857],[25.07566,60.22843],[25.07544,60.22834],[25.0752,60.22825],[25.07493,60.22819],[25.07465,60.22814],[25.07429,60.22811],[25.07382,60.22809],[25.07335,60.22811],[25.0717,60.22823],[25.06983,60.22839],[25.06802,60.22862],[25.06804,60.22867],[25.0659,60.22894],[25.06404,60.22916],[25.06347,60.22925],[25.06246,60.2295],[25.06156,60.22966],[25.05958,60.2299],[25.0588,60.22997],[25.05819,60.23008],[25.05753,60.23022],[25.05692,60.2304],[25.05589,60.23063],[25.05493,60.23075],[25.05422,60.23088],[25.05394,60.23092],[25.05357,60.23099],[25.05331,60.23106],[25.05269,60.23123],[25.05225,60.23137],[25.05185,60.23155],[25.05155,60.2317],[25.05118,60.2319],[25.05057,60.23157],[25.05048,60.23152],[25.05031,60.2314],[25.04853,60.22845],[25.04301,60.21937],[25.04297,60.21934],[25.04304,60.21929],[25.04318,60.2192],[25.04346,60.21887],[25.04344,60.218],[25.04335,60.21783],[25.04348,60.21661],[25.04351,60.21637],[25.04365,60.21625],[25.04372,60.21611],[25.04381,60.21607],[25.04383,60.21588],[25.04393,60.21553],[25.04392,60.21534],[25.04387,60.21521],[25.04375,60.21505],[25.04378,60.21502],[25.04437,60.21506],[25.04487,60.21482],[25.04499,60.21453],[25.04501,60.2138],[25.04504,60.21338],[25.04517,60.21269],[25.04516,60.21243],[25.04613,60.21253],[25.04727,60.21265],[25.04796,60.21351],[25.05091,60.21292],[25.05213,60.21324],[25.05579,60.21419],[25.0572,60.21453],[25.05727,60.21465],[25.0574,60.21477],[25.05749,60.21482],[25.05771,60.2149],[25.05795,60.21496],[25.05818,60.21505],[25.05877,60.21508],[25.05895,60.21513],[25.05955,60.21521],[25.05966,60.21523],[25.06046,60.21546],[25.06082,60.21558],[25.06097,60.21562],[25.06159,60.21576],[25.06256,60.21583],[25.06262,60.21582],[25.06271,60.21571],[25.06303,60.21575],[25.06542,60.21514],[25.06575,60.21503],[25.06606,60.2149],[25.06636,60.21476],[25.06659,60.21462],[25.06683,60.21446],[25.06705,60.21429],[25.0673,60.21404],[25.06742,60.21387],[25.06748,60.21377],[25.06759,60.2135],[25.06763,60.21322],[25.0676,60.21288],[25.06756,60.21274],[25.0675,60.21255],[25.06756,60.21249],[25.06703,60.21116],[25.06696,60.21101],[25.06683,60.21081],[25.06676,60.21072],[25.06654,60.21049],[25.06626,60.21006],[25.06606,60.20951],[25.06604,60.20934],[25.06606,60.20918],[25.06617,60.20891],[25.06657,60.2089],[25.07083,60.20914],[25.07024,60.20968],[25.0699,60.21026],[25.07,60.21058],[25.07065,60.21124],[25.07183,60.2123],[25.07255,60.2125],[25.07257,60.21248],[25.07308,60.21262],[25.07338,60.21289],[25.07355,60.21312],[25.07373,60.21327],[25.07387,60.21341],[25.07402,60.21351],[25.07412,60.21356],[25.07458,60.21374],[25.07465,60.21385],[25.07505,60.21396],[25.0765,60.21503],[25.08027,60.21609],[25.08091,60.21655],[25.08107,60.21657],[25.08166,60.21699],[25.08417,60.21738],[25.08267,60.21968],[25.08253,60.2199],[25.08236,60.22105],[25.08347,60.22134],[25.08361,60.22144],[25.08626,60.22225],[25.08484,60.2234],[25.08441,60.22367],[25.08427,60.22371],[25.08377,60.22381],[25.08025,60.22496],[25.08017,60.22504],[25.08017,60.22547],[25.08009,60.22699]]]}},{"type":"Feature","properties":{"code":"091455","kunta":"091","kokotun":"0917701455","name":"Marjaniemi","name_sv":"Marudd","named":true,"peruspiiri_code":"091014","peruspiiri":"","source":"Helsingin kaupunki, Piirijako_osaalue (2026)","bb":[60.19157,25.06982,60.20867,25.10616],"c":[60.20032,25.08782]},"geometry":{"type":"Polygon","coordinates":[[[25.10616,60.20317],[25.10219,60.20503],[25.09815,60.20697],[25.09743,60.20736],[25.09622,60.20789],[25.09602,60.20793],[25.09582,60.20795],[25.0956,60.20803],[25.09579,60.20826],[25.09581,60.20834],[25.09572,60.20843],[25.09563,60.20845],[25.09444,60.20867],[25.09418,60.20824],[25.09383,60.20837],[25.09335,60.20804],[25.09269,60.20752],[25.09303,60.20742],[25.09298,60.20738],[25.09251,60.20716],[25.09151,60.20669],[25.09103,60.20647],[25.09037,60.20661],[25.08981,60.20687],[25.08909,60.20667],[25.08876,60.20662],[25.08785,60.20638],[25.08775,60.20601],[25.0865,60.20567],[25.08597,60.20559],[25.08482,60.20605],[25.08465,60.20595],[25.08467,60.20585],[25.08437,60.20566],[25.08375,60.20622],[25.08173,60.20565],[25.08145,60.20577],[25.08117,60.20583],[25.08106,60.20576],[25.08087,60.20561],[25.0806,60.20526],[25.07976,60.2056],[25.07939,60.20517],[25.07802,60.2042],[25.07778,60.20425],[25.07665,60.20442],[25.07622,60.20438],[25.07595,60.20396],[25.07584,60.20384],[25.07563,60.2037],[25.07535,60.2036],[25.07398,60.20322],[25.0726,60.20284],[25.07258,60.20293],[25.06982,60.20275],[25.06995,60.20216],[25.07036,60.20057],[25.07295,60.19758],[25.07431,60.19775],[25.07648,60.19404],[25.07612,60.19349],[25.0831,60.19447],[25.08907,60.19157],[25.09462,60.19435],[25.09663,60.19564],[25.10007,60.19847],[25.10478,60.20232],[25.10487,60.20237],[25.10616,60.20317]]]}},{"type":"Feature","properties":{"code":"091456","kunta":"091","kokotun":"0917701456","name":"Roihupelto","name_sv":"Kasåkern","named":true,"peruspiiri_code":"091014","peruspiiri":"","source":"Helsingin kaupunki, Piirijako_osaalue (2026)","bb":[60.20749,25.04506,60.21583,25.06763],"c":[60.21122,25.05744]},"geometry":{"type":"Polygon","coordinates":[[[25.06571,60.20793],[25.06617,60.20891],[25.06606,60.20918],[25.06604,60.20934],[25.06606,60.20951],[25.06626,60.21006],[25.06654,60.21049],[25.06676,60.21072],[25.06683,60.21081],[25.06696,60.21101],[25.06703,60.21116],[25.06756,60.21249],[25.0675,60.21255],[25.06756,60.21274],[25.0676,60.21288],[25.06763,60.21322],[25.06759,60.2135],[25.06748,60.21377],[25.06742,60.21387],[25.0673,60.21404],[25.06705,60.21429],[25.06683,60.21446],[25.06659,60.21462],[25.06636,60.21476],[25.06606,60.2149],[25.06575,60.21503],[25.06542,60.21514],[25.06303,60.21575],[25.06271,60.21571],[25.06262,60.21582],[25.06256,60.21583],[25.06159,60.21576],[25.06097,60.21562],[25.06082,60.21558],[25.06046,60.21546],[25.05966,60.21523],[25.05955,60.21521],[25.05895,60.21513],[25.05877,60.21508],[25.05818,60.21505],[25.05795,60.21496],[25.05771,60.2149],[25.05749,60.21482],[25.0574,60.21477],[25.05727,60.21465],[25.0572,60.21453],[25.05579,60.21419],[25.05213,60.21324],[25.05091,60.21292],[25.04796,60.21351],[25.04727,60.21265],[25.04613,60.21253],[25.04516,60.21243],[25.04514,60.21185],[25.04506,60.21134],[25.04511,60.21088],[25.04524,60.21055],[25.04603,60.20968],[25.04714,60.20907],[25.04862,60.20849],[25.0494,60.2083],[25.0501,60.20815],[25.05054,60.20807],[25.05105,60.20799],[25.05143,60.20793],[25.05191,60.20788],[25.05258,60.20782],[25.05302,60.20779],[25.05363,60.20776],[25.05456,60.20755],[25.05668,60.20749],[25.06085,60.20754],[25.06433,60.20774],[25.06433,60.20784],[25.06571,60.20793]]]}},{"type":"Feature","properties":{"code":"091461","kunta":"091","kokotun":"0912204461","name":"Pajamäki","name_sv":"Smedjebacka","named":true,"peruspiiri_code":"091044","peruspiiri":"","source":"Helsingin kaupunki, Piirijako_osaalue (2026)","bb":[60.21634,24.85065,60.22165,24.86193],"c":[60.21931,24.8561]},"geometry":{"type":"Polygon","coordinates":[[[24.86193,60.22006],[24.86171,60.22023],[24.86161,60.22034],[24.86154,60.22045],[24.86149,60.22056],[24.86146,60.22074],[24.86148,60.22091],[24.86096,60.22111],[24.86101,60.22115],[24.85782,60.22164],[24.85359,60.22165],[24.85354,60.22152],[24.85339,60.22141],[24.85317,60.22134],[24.85304,60.22132],[24.85325,60.22074],[24.85085,60.22067],[24.85065,60.21956],[24.85229,60.21886],[24.85182,60.21864],[24.85248,60.21828],[24.85264,60.21817],[24.85304,60.21761],[24.85252,60.21726],[24.85274,60.21676],[24.85333,60.21653],[24.85483,60.2164],[24.85518,60.21634],[24.85676,60.21641],[24.85714,60.21664],[24.86193,60.22006]]]}},{"type":"Feature","properties":{"code":"091462","kunta":"091","kokotun":"0912204462","name":"Tali","name_sv":"Tali","named":true,"peruspiiri_code":"091044","peruspiiri":"","source":"Helsingin kaupunki, Piirijako_osaalue (2026)","bb":[60.20534,24.84594,60.22067,24.86848],"c":[60.21357,24.85496]},"geometry":{"type":"Polygon","coordinates":[[[24.86783,60.21608],[24.86772,60.21614],[24.86668,60.21661],[24.86848,60.2176],[24.86237,60.21984],[24.86213,60.21995],[24.86193,60.22006],[24.85714,60.21664],[24.85676,60.21641],[24.85518,60.21634],[24.85483,60.2164],[24.85333,60.21653],[24.85274,60.21676],[24.85252,60.21726],[24.85304,60.21761],[24.85264,60.21817],[24.85248,60.21828],[24.85182,60.21864],[24.85229,60.21886],[24.85065,60.21956],[24.85085,60.22067],[24.8507,60.22066],[24.85011,60.22049],[24.84964,60.22018],[24.84832,60.22013],[24.84773,60.2201],[24.84781,60.21981],[24.84802,60.21939],[24.84805,60.21875],[24.84808,60.21859],[24.84769,60.21795],[24.84735,60.21739],[24.84683,60.21653],[24.84609,60.21537],[24.84594,60.21331],[24.84597,60.21299],[24.84629,60.20965],[24.84656,60.20697],[24.84658,60.20665],[24.84666,60.20594],[24.84966,60.20534],[24.85158,60.20645],[24.85144,60.2081],[24.8561,60.20905],[24.85811,60.21021],[24.85915,60.21085],[24.86074,60.21012],[24.86141,60.20995],[24.86166,60.20987],[24.86441,60.21228],[24.8645,60.21244],[24.86395,60.21356],[24.86429,60.21456],[24.86783,60.21608]]]}},{"type":"Feature","properties":{"code":"091463","kunta":"091","kokotun":"0912204463","name":"Reimarla","name_sv":"Reimars","named":true,"peruspiiri_code":"091044","peruspiiri":"","source":"Helsingin kaupunki, Piirijako_osaalue (2026)","bb":[60.2212,24.83796,60.23591,24.86802],"c":[60.22859,24.85365]},"geometry":{"type":"Polygon","coordinates":[[[24.86541,60.23532],[24.86347,60.23576],[24.86326,60.23568],[24.86296,60.23584],[24.86277,60.23591],[24.86273,60.23588],[24.86139,60.23458],[24.86098,60.23419],[24.86059,60.23382],[24.85872,60.23391],[24.84901,60.23079],[24.84811,60.2305],[24.84088,60.23034],[24.83916,60.22989],[24.83796,60.22958],[24.83812,60.22903],[24.83997,60.22914],[24.84008,60.22868],[24.84019,60.22826],[24.84019,60.22823],[24.84025,60.22801],[24.84034,60.22764],[24.84045,60.22726],[24.84052,60.2269],[24.84084,60.22563],[24.84087,60.22549],[24.84101,60.22497],[24.84121,60.22414],[24.84149,60.22299],[24.84152,60.22284],[24.84163,60.22241],[24.84167,60.22224],[24.8417,60.22215],[24.8418,60.22169],[24.84184,60.22148],[24.84188,60.22132],[24.84188,60.2213],[24.84191,60.22122],[24.84191,60.2212],[24.84235,60.22133],[24.84272,60.22146],[24.84323,60.22166],[24.8434,60.22174],[24.84436,60.22226],[24.84459,60.22243],[24.84521,60.22277],[24.84546,60.22289],[24.84588,60.22307],[24.84604,60.22315],[24.84631,60.22332],[24.84667,60.22358],[24.84689,60.22373],[24.84708,60.22384],[24.84721,60.22391],[24.84773,60.22411],[24.84781,60.22414],[24.84835,60.22435],[24.84898,60.22462],[24.84915,60.22469],[24.8494,60.22477],[24.84973,60.22484],[24.84994,60.22487],[24.85015,60.2249],[24.85056,60.22494],[24.851,60.22497],[24.85122,60.22497],[24.85138,60.22497],[24.85124,60.22485],[24.85249,60.22486],[24.85275,60.22485],[24.85316,60.22483],[24.85357,60.22479],[24.85865,60.2241],[24.85872,60.22412],[24.85907,60.22407],[24.85918,60.22403],[24.8623,60.22361],[24.86264,60.22379],[24.86272,60.22394],[24.86209,60.22467],[24.86193,60.22485],[24.86282,60.22558],[24.86213,60.22663],[24.86184,60.22702],[24.86199,60.22717],[24.86191,60.22719],[24.86289,60.22817],[24.86303,60.22817],[24.86308,60.2282],[24.86309,60.22826],[24.86509,60.23026],[24.86615,60.23073],[24.86579,60.23094],[24.86619,60.23111],[24.86605,60.2312],[24.86802,60.23315],[24.86762,60.23362],[24.86728,60.23381],[24.86713,60.23388],[24.86689,60.23403],[24.86685,60.2341],[24.8667,60.23425],[24.86666,60.23431],[24.86664,60.23461],[24.86669,60.23475],[24.86667,60.23481],[24.86666,60.23505],[24.86541,60.23532]]]}},{"type":"Feature","properties":{"code":"091464","kunta":"091","kokotun":"0912204464","name":"Marttila","name_sv":"Martas","named":true,"peruspiiri_code":"091044","peruspiiri":"","source":"Helsingin kaupunki, Piirijako_osaalue (2026)","bb":[60.22375,24.86184,60.23315,24.87362],"c":[60.22803,24.86723]},"geometry":{"type":"Polygon","coordinates":[[[24.86264,60.22379],[24.8628,60.22376],[24.86365,60.22375],[24.86413,60.2238],[24.86544,60.22404],[24.86589,60.22413],[24.86613,60.2242],[24.86666,60.22437],[24.867,60.22451],[24.8674,60.2247],[24.8676,60.22484],[24.86782,60.22502],[24.86986,60.22622],[24.87092,60.22721],[24.87155,60.22747],[24.87164,60.22753],[24.87179,60.22768],[24.87195,60.22783],[24.87234,60.22827],[24.87263,60.22858],[24.87279,60.22865],[24.87294,60.22877],[24.87296,60.22885],[24.87302,60.22917],[24.8731,60.22937],[24.87316,60.22942],[24.87342,60.22951],[24.87351,60.22958],[24.8736,60.2297],[24.87362,60.22982],[24.87357,60.22989],[24.87343,60.23003],[24.87331,60.23012],[24.87289,60.23034],[24.87258,60.23046],[24.87218,60.23052],[24.87193,60.23059],[24.87166,60.23063],[24.87132,60.23062],[24.87111,60.23062],[24.87095,60.23064],[24.87073,60.2307],[24.87051,60.23085],[24.87032,60.231],[24.86999,60.23117],[24.86967,60.23128],[24.86956,60.23134],[24.86945,60.23142],[24.86929,60.2317],[24.86917,60.23194],[24.86913,60.23205],[24.86913,60.23222],[24.86906,60.23234],[24.86891,60.2325],[24.86857,60.23269],[24.86814,60.233],[24.86802,60.23315],[24.86605,60.2312],[24.86619,60.23111],[24.86579,60.23094],[24.86615,60.23073],[24.86509,60.23026],[24.86309,60.22826],[24.86308,60.2282],[24.86303,60.22817],[24.86289,60.22817],[24.86191,60.22719],[24.86199,60.22717],[24.86184,60.22702],[24.86213,60.22663],[24.86282,60.22558],[24.86193,60.22485],[24.86209,60.22467],[24.86272,60.22394],[24.86264,60.22379]]]}},{"type":"Feature","properties":{"code":"091471","kunta":"091","kokotun":"0917703471","name":"Kontula","name_sv":"Gårdsbacka","named":true,"peruspiiri_code":"091034","peruspiiri":"","source":"Helsingin kaupunki, Piirijako_osaalue (2026)","bb":[60.22225,25.06606,60.24784,25.10985],"c":[60.23432,25.08507]},"geometry":{"type":"Polygon","coordinates":[[[25.10926,60.22863],[25.10357,60.23033],[25.1017,60.23106],[25.10043,60.23146],[25.09958,60.23173],[25.09416,60.2328],[25.09407,60.23281],[25.09355,60.23299],[25.09479,60.23406],[25.09645,60.23591],[25.09703,60.23608],[25.097,60.23628],[25.09681,60.23645],[25.09696,60.23649],[25.09725,60.23739],[25.09451,60.23761],[25.09398,60.23764],[25.09357,60.23766],[25.09303,60.23767],[25.09263,60.23766],[25.09215,60.23764],[25.09169,60.23761],[25.09134,60.23758],[25.0909,60.23753],[25.09024,60.23744],[25.08986,60.23737],[25.08931,60.23726],[25.08844,60.23704],[25.08828,60.2373],[25.08799,60.23783],[25.08658,60.23885],[25.0864,60.23902],[25.08632,60.23915],[25.08627,60.23934],[25.08622,60.24035],[25.0868,60.24036],[25.08734,60.24061],[25.08787,60.24124],[25.08932,60.24174],[25.09029,60.2425],[25.08787,60.24326],[25.08844,60.24363],[25.08679,60.24419],[25.08368,60.24524],[25.08271,60.24556],[25.08271,60.2457],[25.08243,60.24603],[25.0837,60.24626],[25.08327,60.24651],[25.08218,60.24696],[25.08232,60.24704],[25.08035,60.24784],[25.07997,60.2475],[25.07915,60.24676],[25.07817,60.2459],[25.07768,60.24545],[25.07785,60.24534],[25.07756,60.24521],[25.07748,60.24515],[25.07718,60.24491],[25.07591,60.24377],[25.07581,60.24366],[25.07559,60.24347],[25.07539,60.24323],[25.0752,60.24293],[25.07514,60.24294],[25.07511,60.24283],[25.07473,60.24283],[25.0742,60.24235],[25.07211,60.24053],[25.06882,60.23762],[25.06606,60.23519],[25.07142,60.23401],[25.07156,60.23398],[25.07193,60.2339],[25.07585,60.23304],[25.07799,60.23257],[25.07944,60.23223],[25.0793,60.23204],[25.07795,60.23064],[25.07856,60.2305],[25.07993,60.22977],[25.08009,60.22699],[25.08017,60.22547],[25.08017,60.22504],[25.08025,60.22496],[25.08377,60.22381],[25.08427,60.22371],[25.08441,60.22367],[25.08484,60.2234],[25.08626,60.22225],[25.08735,60.22258],[25.08787,60.22274],[25.08876,60.2232],[25.08927,60.22362],[25.08957,60.224],[25.08972,60.22396],[25.08984,60.22403],[25.09032,60.2245],[25.09068,60.22479],[25.09133,60.22543],[25.0921,60.22598],[25.09221,60.22595],[25.09306,60.22629],[25.09332,60.22641],[25.0939,60.22665],[25.0946,60.22704],[25.09531,60.22722],[25.09661,60.2275],[25.0969,60.22712],[25.09696,60.22713],[25.09676,60.22739],[25.09804,60.22763],[25.09885,60.22748],[25.09838,60.22725],[25.09847,60.22721],[25.09899,60.22745],[25.09999,60.22724],[25.10016,60.22686],[25.10042,60.22684],[25.10025,60.22723],[25.10048,60.2273],[25.10203,60.22719],[25.10188,60.22673],[25.10206,60.22671],[25.10221,60.22717],[25.10277,60.22713],[25.10286,60.2271],[25.10326,60.22746],[25.10325,60.22757],[25.10272,60.22787],[25.10337,60.22815],[25.10355,60.22796],[25.10414,60.22775],[25.10485,60.22779],[25.10491,60.22793],[25.10548,60.22802],[25.10617,60.22829],[25.10723,60.22845],[25.10793,60.22832],[25.10822,60.22783],[25.10854,60.22793],[25.10939,60.22828],[25.10966,60.2284],[25.10985,60.22851],[25.10926,60.22863]]]}},{"type":"Feature","properties":{"code":"091472","kunta":"091","kokotun":"0917703472","name":"Vesala","name_sv":"Ärvings","named":true,"peruspiiri_code":"091034","peruspiiri":"","source":"Helsingin kaupunki, Piirijako_osaalue (2026)","bb":[60.22863,25.08035,60.2497,25.11081],"c":[60.2387,25.09813]},"geometry":{"type":"Polygon","coordinates":[[[25.10907,60.24199],[25.1084,60.24212],[25.10837,60.24212],[25.1064,60.24248],[25.106,60.24255],[25.10573,60.24261],[25.1051,60.24272],[25.1046,60.24282],[25.10409,60.24291],[25.10358,60.243],[25.10307,60.24309],[25.10256,60.24318],[25.10161,60.24335],[25.10153,60.24337],[25.10138,60.2434],[25.09984,60.24367],[25.09911,60.2438],[25.09882,60.24385],[25.09869,60.24388],[25.09834,60.24394],[25.09772,60.24405],[25.09564,60.24442],[25.09167,60.24513],[25.09138,60.24518],[25.09112,60.24531],[25.09011,60.24582],[25.08969,60.24604],[25.08925,60.24626],[25.08908,60.24634],[25.08901,60.24639],[25.08894,60.24642],[25.08851,60.24663],[25.08761,60.24709],[25.08747,60.24716],[25.08723,60.24727],[25.08708,60.24735],[25.08685,60.24747],[25.08642,60.24768],[25.0859,60.24794],[25.08468,60.24856],[25.08244,60.2497],[25.0824,60.24967],[25.08035,60.24784],[25.08232,60.24704],[25.08218,60.24696],[25.08327,60.24651],[25.0837,60.24626],[25.08243,60.24603],[25.08271,60.2457],[25.08271,60.24556],[25.08368,60.24524],[25.08679,60.24419],[25.08844,60.24363],[25.08787,60.24326],[25.09029,60.2425],[25.08932,60.24174],[25.08787,60.24124],[25.08734,60.24061],[25.0868,60.24036],[25.08622,60.24035],[25.08627,60.23934],[25.08632,60.23915],[25.0864,60.23902],[25.08658,60.23885],[25.08799,60.23783],[25.08828,60.2373],[25.08844,60.23704],[25.08931,60.23726],[25.08986,60.23737],[25.09024,60.23744],[25.0909,60.23753],[25.09134,60.23758],[25.09169,60.23761],[25.09215,60.23764],[25.09263,60.23766],[25.09303,60.23767],[25.09357,60.23766],[25.09398,60.23764],[25.09451,60.23761],[25.09725,60.23739],[25.09696,60.23649],[25.09681,60.23645],[25.097,60.23628],[25.09703,60.23608],[25.09645,60.23591],[25.09479,60.23406],[25.09355,60.23299],[25.09407,60.23281],[25.09416,60.2328],[25.09958,60.23173],[25.10043,60.23146],[25.1017,60.23106],[25.10357,60.23033],[25.10926,60.22863],[25.10942,60.22951],[25.11081,60.232],[25.11016,60.23233],[25.10963,60.23267],[25.10968,60.23389],[25.10954,60.23413],[25.1092,60.23485],[25.10903,60.23559],[25.109,60.23634],[25.10823,60.23699],[25.10809,60.23718],[25.10739,60.23779],[25.10732,60.23787],[25.10709,60.23818],[25.10696,60.23839],[25.1069,60.23853],[25.10684,60.2387],[25.10679,60.239],[25.10696,60.23924],[25.10705,60.23944],[25.10719,60.23966],[25.10723,60.2398],[25.10749,60.24009],[25.10758,60.24026],[25.10796,60.24077],[25.10821,60.24105],[25.1086,60.24147],[25.10907,60.24199]]]}},{"type":"Feature","properties":{"code":"091473","kunta":"091","kokotun":"0917703473","name":"Mellunmäki","name_sv":"Mellungsbacka","named":true,"peruspiiri_code":"091034","peruspiiri":"","source":"Helsingin kaupunki, Piirijako_osaalue (2026)","bb":[60.22161,25.10679,60.24199,25.13746],"c":[60.23263,25.12237]},"geometry":{"type":"Polygon","coordinates":[[[25.10926,60.22863],[25.10985,60.22851],[25.11834,60.22672],[25.11989,60.22625],[25.11899,60.22577],[25.11878,60.2255],[25.1196,60.22534],[25.1201,60.22561],[25.12133,60.22536],[25.1219,60.22369],[25.12208,60.22331],[25.12334,60.22231],[25.12471,60.22161],[25.12478,60.22182],[25.12508,60.22204],[25.12534,60.22225],[25.12545,60.22238],[25.12578,60.22266],[25.12631,60.22295],[25.12676,60.22306],[25.12711,60.22313],[25.12754,60.22325],[25.12797,60.22327],[25.12858,60.22343],[25.12897,60.22369],[25.1294,60.22393],[25.13104,60.22475],[25.13153,60.22502],[25.1319,60.22524],[25.13211,60.22534],[25.13221,60.22542],[25.13276,60.22586],[25.13356,60.22654],[25.1338,60.22662],[25.13421,60.22694],[25.13432,60.22721],[25.13454,60.22738],[25.1348,60.22765],[25.13506,60.22788],[25.1351,60.22794],[25.13531,60.22821],[25.13541,60.22843],[25.13546,60.22853],[25.13566,60.22875],[25.13571,60.22883],[25.13578,60.22912],[25.13601,60.2296],[25.13614,60.22989],[25.13656,60.23057],[25.13722,60.2317],[25.13731,60.23188],[25.13744,60.23227],[25.13746,60.2326],[25.13745,60.23294],[25.13742,60.23391],[25.13729,60.23449],[25.13717,60.23476],[25.13582,60.23635],[25.13612,60.23672],[25.13615,60.23693],[25.13624,60.23705],[25.13617,60.23707],[25.1351,60.23722],[25.13466,60.23728],[25.13444,60.23731],[25.1296,60.23796],[25.12961,60.23821],[25.12732,60.23863],[25.12197,60.23962],[25.11609,60.24071],[25.11272,60.24133],[25.11114,60.24162],[25.11024,60.24178],[25.10963,60.24189],[25.10915,60.24198],[25.10907,60.24199],[25.1086,60.24147],[25.10821,60.24105],[25.10796,60.24077],[25.10758,60.24026],[25.10749,60.24009],[25.10723,60.2398],[25.10719,60.23966],[25.10705,60.23944],[25.10696,60.23924],[25.10679,60.239],[25.10684,60.2387],[25.1069,60.23853],[25.10696,60.23839],[25.10709,60.23818],[25.10732,60.23787],[25.10739,60.23779],[25.10809,60.23718],[25.10823,60.23699],[25.109,60.23634],[25.10903,60.23559],[25.1092,60.23485],[25.10954,60.23413],[25.10968,60.23389],[25.10963,60.23267],[25.11016,60.23233],[25.11081,60.232],[25.10942,60.22951],[25.10926,60.22863]]]}},{"type":"Feature","properties":{"code":"091474","kunta":"091","kokotun":"0917703474","name":"Kivikko","name_sv":"Stensböle","named":true,"peruspiiri_code":"091034","peruspiiri":"","source":"Helsingin kaupunki, Piirijako_osaalue (2026)","bb":[60.2299,25.03518,60.25083,25.0824],"c":[60.24071,25.0599]},"geometry":{"type":"Polygon","coordinates":[[[25.06606,60.23519],[25.06882,60.23762],[25.07211,60.24053],[25.0742,60.24235],[25.07473,60.24283],[25.07511,60.24283],[25.07514,60.24294],[25.0752,60.24293],[25.07539,60.24323],[25.07559,60.24347],[25.07581,60.24366],[25.07591,60.24377],[25.07718,60.24491],[25.07748,60.24515],[25.07756,60.24521],[25.07785,60.24534],[25.07768,60.24545],[25.07817,60.2459],[25.07915,60.24676],[25.07997,60.2475],[25.08035,60.24784],[25.0824,60.24967],[25.07389,60.25015],[25.06392,60.25071],[25.06341,60.25074],[25.06194,60.25083],[25.06178,60.2506],[25.06159,60.25026],[25.06147,60.24998],[25.06142,60.24982],[25.06132,60.24935],[25.06122,60.24903],[25.06113,60.24883],[25.06094,60.2485],[25.06077,60.24828],[25.06061,60.24808],[25.0604,60.24787],[25.06012,60.24762],[25.0598,60.24737],[25.05946,60.24714],[25.05926,60.24701],[25.05716,60.24569],[25.05525,60.24461],[25.04676,60.24126],[25.04607,60.24093],[25.04584,60.24082],[25.04555,60.24069],[25.04524,60.24057],[25.04494,60.24046],[25.04453,60.24033],[25.04412,60.24021],[25.0435,60.2401],[25.04093,60.24019],[25.04065,60.24022],[25.03775,60.24054],[25.03614,60.23911],[25.03634,60.23895],[25.03649,60.23881],[25.03667,60.2386],[25.03682,60.23838],[25.03695,60.23811],[25.03701,60.23793],[25.03703,60.23782],[25.03703,60.23767],[25.03697,60.23744],[25.03691,60.23732],[25.03676,60.23712],[25.03663,60.23699],[25.03651,60.23689],[25.03628,60.23675],[25.036,60.2366],[25.03586,60.23654],[25.03518,60.23628],[25.03602,60.2357],[25.03642,60.2358],[25.03683,60.2359],[25.03729,60.23601],[25.03767,60.23608],[25.03812,60.23614],[25.03864,60.23619],[25.03917,60.23621],[25.03958,60.23621],[25.04026,60.23618],[25.04135,60.23608],[25.04142,60.23607],[25.04254,60.23588],[25.04317,60.23573],[25.04367,60.2356],[25.0444,60.23535],[25.04463,60.23527],[25.04509,60.23508],[25.04556,60.23486],[25.04602,60.23463],[25.04687,60.23419],[25.04769,60.23373],[25.04815,60.23345],[25.0486,60.23316],[25.04922,60.2327],[25.04935,60.2326],[25.04975,60.23222],[25.04995,60.23204],[25.05013,60.23189],[25.05057,60.23157],[25.05118,60.2319],[25.05155,60.2317],[25.05185,60.23155],[25.05225,60.23137],[25.05269,60.23123],[25.05331,60.23106],[25.05357,60.23099],[25.05394,60.23092],[25.05422,60.23088],[25.05493,60.23075],[25.05589,60.23063],[25.05692,60.2304],[25.05753,60.23022],[25.05819,60.23008],[25.0588,60.22997],[25.05958,60.2299],[25.06069,60.23021],[25.06096,60.23024],[25.06115,60.23029],[25.0613,60.23037],[25.0614,60.23046],[25.06146,60.23056],[25.06146,60.23066],[25.06137,60.2308],[25.06112,60.23093],[25.06178,60.2315],[25.06242,60.23198],[25.06505,60.23429],[25.06559,60.23477],[25.06606,60.23519]]]}},{"type":"Feature","properties":{"code":"091475","kunta":"091","kokotun":"0917703475","name":"Kurkimäki","name_sv":"Tranbacka","named":true,"peruspiiri_code":"091034","peruspiiri":"","source":"Helsingin kaupunki, Piirijako_osaalue (2026)","bb":[60.22691,25.05958,60.23519,25.08009],"c":[60.23099,25.07082]},"geometry":{"type":"Polygon","coordinates":[[[25.06606,60.23519],[25.06559,60.23477],[25.06505,60.23429],[25.06242,60.23198],[25.06178,60.2315],[25.06112,60.23093],[25.06137,60.2308],[25.06146,60.23066],[25.06146,60.23056],[25.0614,60.23046],[25.0613,60.23037],[25.06115,60.23029],[25.06096,60.23024],[25.06069,60.23021],[25.05958,60.2299],[25.06156,60.22966],[25.06246,60.2295],[25.06347,60.22925],[25.06404,60.22916],[25.0659,60.22894],[25.06804,60.22867],[25.06802,60.22862],[25.06983,60.22839],[25.0717,60.22823],[25.07335,60.22811],[25.07382,60.22809],[25.07429,60.22811],[25.07465,60.22814],[25.07493,60.22819],[25.0752,60.22825],[25.07544,60.22834],[25.07566,60.22843],[25.0759,60.22857],[25.07645,60.22844],[25.07682,60.22853],[25.07701,60.22844],[25.07708,60.22708],[25.07744,60.22708],[25.07756,60.22691],[25.07809,60.22692],[25.07808,60.22697],[25.08009,60.22699],[25.07993,60.22977],[25.07856,60.2305],[25.07795,60.23064],[25.0793,60.23204],[25.07944,60.23223],[25.07799,60.23257],[25.07585,60.23304],[25.07193,60.2339],[25.07156,60.23398],[25.07142,60.23401],[25.06606,60.23519]]]}},{"type":"Feature","properties":{"code":"091480","kunta":"091","kokotun":"0916603480","name":"Vartiosaari","name_sv":"Vårdö","named":true,"peruspiiri_code":"091034","peruspiiri":"","source":"Helsingin kaupunki, Piirijako_osaalue (2026)","bb":[60.16763,25.06213,60.19447,25.11256],"c":[60.18059,25.08704]},"geometry":{"type":"Polygon","coordinates":[[[25.08907,60.19157],[25.0831,60.19447],[25.07612,60.19349],[25.07574,60.1929],[25.0743,60.19071],[25.06975,60.18691],[25.06836,60.1869],[25.06749,60.18682],[25.06576,60.18647],[25.06213,60.18672],[25.06514,60.18228],[25.06563,60.18129],[25.06587,60.18095],[25.06612,60.18063],[25.06718,60.1801],[25.06729,60.18004],[25.06759,60.17991],[25.06796,60.17975],[25.07138,60.17833],[25.07145,60.17831],[25.07735,60.17492],[25.08545,60.17265],[25.08608,60.17248],[25.09523,60.17246],[25.10619,60.16763],[25.11135,60.17185],[25.11256,60.17603],[25.10113,60.18081],[25.08718,60.18665],[25.08749,60.1896],[25.08907,60.19157]]]}},{"type":"Feature","properties":{"code":"091492","kunta":"091","kokotun":"0916603492","name":"Jollas","name_sv":"Jollas","named":true,"peruspiiri_code":"091034","peruspiiri":"","source":"Helsingin kaupunki, Piirijako_osaalue (2026)","bb":[60.15278,25.05389,60.17492,25.10619],"c":[60.16328,25.08141]},"geometry":{"type":"Polygon","coordinates":[[[25.05452,60.16602],[25.05445,60.16601],[25.05389,60.16564],[25.05395,60.16562],[25.05469,60.16529],[25.05497,60.16512],[25.05527,60.16475],[25.05528,60.16465],[25.05597,60.16419],[25.05631,60.16392],[25.05686,60.16354],[25.05691,60.16344],[25.0572,60.16326],[25.05687,60.16052],[25.05695,60.16018],[25.05772,60.15942],[25.05765,60.15919],[25.05855,60.15802],[25.06019,60.15804],[25.06729,60.15608],[25.07926,60.15279],[25.09179,60.15278],[25.09181,60.15697],[25.09613,60.15888],[25.09667,60.15932],[25.0978,60.16028],[25.10619,60.16763],[25.09523,60.17246],[25.08608,60.17248],[25.08545,60.17265],[25.07735,60.17492],[25.07158,60.17156],[25.07485,60.16924],[25.07458,60.16834],[25.06924,60.16769],[25.06823,60.16699],[25.06715,60.16625],[25.06402,60.1663],[25.06401,60.16458],[25.06362,60.16454],[25.06285,60.16447],[25.06224,60.16438],[25.06148,60.1644],[25.06014,60.16471],[25.05818,60.16517],[25.0572,60.16539],[25.05624,60.16559],[25.05526,60.16585],[25.05513,60.16586],[25.05452,60.16602]]]}},{"type":"Feature","properties":{"code":"091493","kunta":"091","kokotun":"0916603493","name":"Tullisaari","name_sv":"Turholm","named":true,"peruspiiri_code":"091034","peruspiiri":"","source":"Helsingin kaupunki, Piirijako_osaalue (2026)","bb":[60.17024,25.01823,60.18503,25.0406],"c":[60.17872,25.03054]},"geometry":{"type":"Polygon","coordinates":[[[25.03736,60.1742],[25.03771,60.17426],[25.03811,60.17431],[25.03816,60.17434],[25.03817,60.1746],[25.0378,60.17543],[25.03772,60.17558],[25.03761,60.17572],[25.03744,60.17589],[25.03732,60.17599],[25.03633,60.17672],[25.03584,60.177],[25.03584,60.17722],[25.03584,60.17742],[25.03774,60.17824],[25.0391,60.17884],[25.03921,60.18184],[25.04041,60.18458],[25.0406,60.18503],[25.02201,60.18308],[25.02141,60.17905],[25.01823,60.17826],[25.01869,60.17782],[25.01959,60.1767],[25.02123,60.17672],[25.02131,60.17676],[25.02151,60.17682],[25.02211,60.17684],[25.02376,60.17626],[25.02547,60.17566],[25.02646,60.17498],[25.02647,60.17365],[25.02696,60.17354],[25.02726,60.17344],[25.0276,60.17326],[25.02795,60.17307],[25.02808,60.17287],[25.02834,60.17193],[25.02842,60.17179],[25.02857,60.17167],[25.02913,60.17131],[25.02927,60.17107],[25.02929,60.17084],[25.02928,60.17063],[25.02926,60.17044],[25.02939,60.17041],[25.02977,60.17024],[25.03032,60.17075],[25.03056,60.17094],[25.03079,60.17107],[25.03106,60.17119],[25.03132,60.17128],[25.03234,60.17158],[25.0329,60.17182],[25.03333,60.17205],[25.03438,60.17259],[25.03454,60.17268],[25.0347,60.17279],[25.03508,60.17315],[25.0353,60.17335],[25.03555,60.17353],[25.0357,60.17362],[25.03615,60.17383],[25.03649,60.17396],[25.03688,60.17408],[25.03736,60.1742]]]}},{"type":"Feature","properties":{"code":"091351","kunta":"091","kokotun":"0914403351","name":"Paloheinä","name_sv":"Svedängen","named":true,"peruspiiri_code":"091033","peruspiiri":"","source":"Helsingin kaupunki, Piirijako_osaalue (2026)","bb":[60.24533,24.91548,60.25714,24.95095],"c":[60.25148,24.93185]},"geometry":{"type":"Polygon","coordinates":[[[24.91651,60.24533],[24.91879,60.24559],[24.92138,60.24589],[24.92427,60.24622],[24.9253,60.24634],[24.92784,60.24663],[24.92871,60.24673],[24.93031,60.24691],[24.93143,60.24704],[24.93278,60.2472],[24.93524,60.24748],[24.93704,60.24769],[24.93871,60.24788],[24.93932,60.24795],[24.94007,60.24803],[24.94125,60.24817],[24.94357,60.24844],[24.9446,60.24856],[24.94469,60.24899],[24.9448,60.24903],[24.94649,60.24882],[24.94678,60.24858],[24.9472,60.24853],[24.94749,60.24872],[24.94746,60.24885],[24.94718,60.24889],[24.94739,60.25017],[24.94751,60.25087],[24.94755,60.25116],[24.94787,60.25307],[24.94802,60.25354],[24.95095,60.25544],[24.95059,60.25551],[24.95011,60.25559],[24.94982,60.25562],[24.9491,60.25567],[24.94894,60.25568],[24.94839,60.25578],[24.94796,60.25592],[24.94772,60.2559],[24.9475,60.25591],[24.94734,60.25592],[24.94704,60.25598],[24.94658,60.25611],[24.94518,60.25652],[24.94345,60.25707],[24.94336,60.25709],[24.94277,60.25713],[24.94228,60.25714],[24.94199,60.25714],[24.94134,60.25707],[24.94023,60.25689],[24.9396,60.25675],[24.93935,60.25669],[24.93666,60.25597],[24.93626,60.25587],[24.93619,60.25586],[24.93554,60.25585],[24.93408,60.25582],[24.93007,60.25572],[24.92898,60.2557],[24.9278,60.25566],[24.92733,60.25566],[24.92636,60.25561],[24.92582,60.25557],[24.92519,60.2555],[24.92411,60.25536],[24.92281,60.25514],[24.92228,60.25505],[24.92109,60.25484],[24.92047,60.25462],[24.91863,60.25445],[24.91865,60.25425],[24.91757,60.25424],[24.91732,60.25424],[24.91676,60.2542],[24.91638,60.2541],[24.91584,60.25352],[24.91548,60.2533],[24.91549,60.25309],[24.91598,60.25297],[24.91675,60.25189],[24.91563,60.25114],[24.9159,60.25044],[24.9161,60.25046],[24.91629,60.25002],[24.91696,60.24825],[24.91704,60.24801],[24.91619,60.24792],[24.91609,60.24755],[24.91604,60.24731],[24.91601,60.24693],[24.91605,60.24659],[24.9161,60.24636],[24.91617,60.24612],[24.91626,60.24589],[24.91638,60.24565],[24.91651,60.24533]]]}},{"type":"Feature","properties":{"code":"091352","kunta":"091","kokotun":"0914403352","name":"Torpparinmäki","name_sv":"Torparbacken","named":true,"peruspiiri_code":"091033","peruspiiri":"","source":"Helsingin kaupunki, Piirijako_osaalue (2026)","bb":[60.25544,24.9365,60.26614,24.96374],"c":[60.26068,24.95112]},"geometry":{"type":"Polygon","coordinates":[[[24.96356,60.26159],[24.96341,60.26173],[24.96374,60.262],[24.96303,60.26236],[24.96149,60.26385],[24.96054,60.26363],[24.96029,60.26386],[24.95847,60.26494],[24.95835,60.26499],[24.95616,60.26551],[24.95593,60.26539],[24.95424,60.26614],[24.95054,60.26614],[24.95016,60.26597],[24.94996,60.2659],[24.94992,60.26583],[24.94962,60.26564],[24.94935,60.2655],[24.94907,60.26531],[24.94881,60.26518],[24.94878,60.26514],[24.94868,60.26508],[24.9486,60.265],[24.9486,60.26496],[24.94832,60.26412],[24.94826,60.26408],[24.9481,60.26402],[24.94797,60.26402],[24.94757,60.264],[24.94712,60.26396],[24.94625,60.26391],[24.94611,60.26389],[24.94597,60.26385],[24.94585,60.26383],[24.94571,60.26387],[24.94532,60.26385],[24.94518,60.26376],[24.94508,60.26353],[24.94485,60.26309],[24.94463,60.26288],[24.94452,60.2628],[24.94387,60.2625],[24.94369,60.2624],[24.94353,60.26224],[24.94347,60.26215],[24.94333,60.26203],[24.94283,60.26181],[24.94259,60.26174],[24.94238,60.26172],[24.94224,60.26168],[24.94221,60.26164],[24.94219,60.26147],[24.94217,60.26134],[24.94206,60.26123],[24.94183,60.26089],[24.94159,60.26033],[24.94159,60.26029],[24.94141,60.26025],[24.94091,60.25999],[24.9407,60.25991],[24.94037,60.25959],[24.93992,60.25923],[24.9365,60.25623],[24.93666,60.25597],[24.93935,60.25669],[24.9396,60.25675],[24.94023,60.25689],[24.94134,60.25707],[24.94199,60.25714],[24.94228,60.25714],[24.94277,60.25713],[24.94336,60.25709],[24.94345,60.25707],[24.94518,60.25652],[24.94658,60.25611],[24.94704,60.25598],[24.94734,60.25592],[24.9475,60.25591],[24.94772,60.2559],[24.94796,60.25592],[24.94839,60.25578],[24.94894,60.25568],[24.9491,60.25567],[24.94982,60.25562],[24.95011,60.25559],[24.95059,60.25551],[24.95095,60.25544],[24.95113,60.25555],[24.95346,60.25657],[24.95423,60.25684],[24.95435,60.25689],[24.95568,60.25738],[24.95714,60.25791],[24.95771,60.25814],[24.95883,60.25862],[24.95996,60.25919],[24.96039,60.25944],[24.9622,60.26062],[24.96288,60.26108],[24.96356,60.26159]]]}},{"type":"Feature","properties":{"code":"091494","kunta":"091","kokotun":"0916603494","name":"Kruunuvuorenranta","name_sv":"Kronbergsstranden","named":true,"peruspiiri_code":"091034","peruspiiri":"","source":"Helsingin kaupunki, Piirijako_osaalue (2026)","bb":[60.15783,25.00205,60.17826,25.03753],"c":[60.16683,25.01818]},"geometry":{"type":"Polygon","coordinates":[[[25.01823,60.17826],[25.00205,60.17427],[25.00323,60.16856],[25.00448,60.16258],[25.0052,60.15899],[25.02223,60.15818],[25.02704,60.15792],[25.03736,60.15783],[25.03753,60.16001],[25.03401,60.16328],[25.0346,60.16406],[25.03508,60.16471],[25.03367,60.16552],[25.03208,60.16652],[25.03003,60.16748],[25.02885,60.16811],[25.02869,60.16849],[25.02892,60.16915],[25.0287,60.1693],[25.02885,60.1694],[25.02898,60.1695],[25.02977,60.17024],[25.02939,60.17041],[25.02926,60.17044],[25.02928,60.17063],[25.02929,60.17084],[25.02927,60.17107],[25.02913,60.17131],[25.02857,60.17167],[25.02842,60.17179],[25.02834,60.17193],[25.02808,60.17287],[25.02795,60.17307],[25.0276,60.17326],[25.02726,60.17344],[25.02696,60.17354],[25.02647,60.17365],[25.02646,60.17498],[25.02547,60.17566],[25.02376,60.17626],[25.02211,60.17684],[25.02151,60.17682],[25.02131,60.17676],[25.02123,60.17672],[25.01959,60.1767],[25.01869,60.17782],[25.01823,60.17826]]]}},{"type":"Feature","properties":{"code":"091495","kunta":"091","kokotun":"0916603495","name":"Hevossalmi","name_sv":"Hästnässund","named":true,"peruspiiri_code":"091034","peruspiiri":"","source":"Helsingin kaupunki, Piirijako_osaalue (2026)","bb":[60.15783,25.03208,60.16843,25.05855],"c":[60.16217,25.0461]},"geometry":{"type":"Polygon","coordinates":[[[25.03736,60.15783],[25.04648,60.15791],[25.04951,60.15794],[25.05695,60.15801],[25.05855,60.15802],[25.05765,60.15919],[25.05772,60.15942],[25.05695,60.16018],[25.05687,60.16052],[25.0572,60.16326],[25.05691,60.16344],[25.05686,60.16354],[25.05631,60.16392],[25.05597,60.16419],[25.05528,60.16465],[25.05527,60.16475],[25.05497,60.16512],[25.05469,60.16529],[25.05395,60.16562],[25.05389,60.16564],[25.05445,60.16601],[25.05452,60.16602],[25.05451,60.16606],[25.05165,60.16687],[25.05113,60.16704],[25.0502,60.16732],[25.04972,60.16751],[25.04949,60.16763],[25.04929,60.16775],[25.04911,60.16789],[25.04897,60.16791],[25.04808,60.16843],[25.04795,60.16831],[25.04754,60.16779],[25.04751,60.16763],[25.04749,60.16748],[25.04748,60.16735],[25.04748,60.16713],[25.0475,60.16702],[25.04761,60.16678],[25.04773,60.16659],[25.04782,60.16649],[25.04815,60.16616],[25.04835,60.16594],[25.0485,60.16575],[25.04855,60.16567],[25.04858,60.16561],[25.0486,60.16555],[25.04862,60.16538],[25.04859,60.16527],[25.04855,60.16517],[25.04844,60.16503],[25.04826,60.16489],[25.04807,60.16478],[25.04794,60.16473],[25.0474,60.16479],[25.04472,60.1652],[25.04239,60.16556],[25.04245,60.16564],[25.04193,60.16572],[25.04053,60.16593],[25.04043,60.16575],[25.03999,60.16503],[25.03883,60.16521],[25.03622,60.16642],[25.03383,60.16753],[25.03347,60.16733],[25.03265,60.16746],[25.03208,60.16652],[25.03367,60.16552],[25.03508,60.16471],[25.0346,60.16406],[25.03401,60.16328],[25.03753,60.16001],[25.03736,60.15783]]]}},{"type":"Feature","properties":{"code":"091500","kunta":"091","kokotun":"0916603500","name":"Villinki","name_sv":"Villinge","named":true,"peruspiiri_code":"091035","peruspiiri":"","source":"Helsingin kaupunki, Piirijako_osaalue (2026)","bb":[60.15061,25.09179,60.16763,25.16086],"c":[60.15842,25.12667]},"geometry":{"type":"Polygon","coordinates":[[[25.12396,60.15104],[25.14818,60.1522],[25.16086,60.15421],[25.15933,60.15947],[25.15755,60.16558],[25.14617,60.16513],[25.12574,60.1651],[25.12336,60.16509],[25.10619,60.16763],[25.0978,60.16028],[25.09667,60.15932],[25.09613,60.15888],[25.09181,60.15697],[25.09179,60.15278],[25.09819,60.15273],[25.10499,60.15169],[25.10707,60.15137],[25.10989,60.15101],[25.11441,60.15061],[25.12396,60.15104]]]}},{"type":"Feature","properties":{"code":"091510","kunta":"091","kokotun":"0916603510","name":"Santahamina","name_sv":"Sandhamn","named":true,"peruspiiri_code":"091035","peruspiiri":"","source":"Helsingin kaupunki, Piirijako_osaalue (2026)","bb":[60.11881,25.02217,60.15818,25.12396],"c":[60.13971,25.06923]},"geometry":{"type":"Polygon","coordinates":[[[25.12396,60.15104],[25.11441,60.15061],[25.10989,60.15101],[25.10707,60.15137],[25.10499,60.15169],[25.09819,60.15273],[25.09179,60.15278],[25.07926,60.15279],[25.06729,60.15608],[25.06019,60.15804],[25.05855,60.15802],[25.05695,60.15801],[25.04951,60.15794],[25.04648,60.15791],[25.03736,60.15783],[25.02704,60.15792],[25.02223,60.15818],[25.02219,60.1467],[25.02217,60.14102],[25.028,60.13761],[25.02945,60.11881],[25.11837,60.12885],[25.12383,60.12946],[25.12392,60.14397],[25.12396,60.15104]]]}},{"type":"Feature","properties":{"code":"091520","kunta":"091","kokotun":"0911102520","name":"Suomenlinna","name_sv":"Sveaborg","named":true,"peruspiiri_code":"091025","peruspiiri":"","source":"Helsingin kaupunki, Piirijako_osaalue (2026)","bb":[60.11756,24.95242,60.15899,25.02945],"c":[60.14027,24.99844]},"geometry":{"type":"Polygon","coordinates":[[[25.02223,60.15818],[25.0052,60.15899],[24.96181,60.15157],[24.95628,60.1533],[24.9534,60.15126],[24.95242,60.14662],[24.95332,60.14617],[24.99947,60.12303],[25.01036,60.11756],[25.02945,60.11881],[25.028,60.13761],[25.02217,60.14102],[25.02219,60.1467],[25.02223,60.15818]]]}},{"type":"Feature","properties":{"code":"091531","kunta":"091","kokotun":"0911102531","name":"Länsisaaret","name_sv":"Västra holmarna","named":true,"peruspiiri_code":"091025","peruspiiri":"","source":"Helsingin kaupunki, Piirijako_osaalue (2026)","bb":[60.02756,24.78281,60.14663,25.01036],"c":[60.0919,24.89696]},"geometry":{"type":"Polygon","coordinates":[[[25.01036,60.11756],[24.99947,60.12303],[24.95332,60.14617],[24.95242,60.14662],[24.93858,60.14663],[24.93858,60.14265],[24.91665,60.14265],[24.89722,60.14264],[24.89722,60.13973],[24.86743,60.1413],[24.83803,60.14284],[24.83683,60.13652],[24.83567,60.13041],[24.82608,60.12489],[24.82013,60.12147],[24.81045,60.11589],[24.8022,60.11114],[24.79483,60.10689],[24.78281,60.09996],[24.78466,60.0979],[24.79276,60.08894],[24.8024,60.07825],[24.80437,60.07607],[24.80893,60.07101],[24.81702,60.06205],[24.82047,60.05822],[24.8251,60.05308],[24.83318,60.04412],[24.83852,60.03819],[24.84126,60.03515],[24.84809,60.02756],[24.86885,60.0315],[24.89169,60.036],[24.90299,60.03859],[24.96915,60.05373],[24.98859,60.08586],[25.00785,60.1165],[25.00804,60.11741],[25.01036,60.11756]]]}},{"type":"Feature","properties":{"code":"091532","kunta":"091","kokotun":"0916603532","name":"Itäsaaret","name_sv":"Östra holmarna","named":true,"peruspiiri_code":"091035","peruspiiri":"","source":"Helsingin kaupunki, Piirijako_osaalue (2026)","bb":[60.05373,24.96915,60.2006,25.21954],"c":[60.1148,25.10306]},"geometry":{"type":"Polygon","coordinates":[[[25.12396,60.15104],[25.12392,60.14397],[25.12383,60.12946],[25.11837,60.12885],[25.02945,60.11881],[25.01036,60.11756],[25.00804,60.11741],[25.00785,60.1165],[24.98859,60.08586],[24.96915,60.05373],[24.97005,60.05393],[25.11829,60.08768],[25.1337,60.09117],[25.17589,60.09345],[25.17679,60.09349],[25.19001,60.13384],[25.19296,60.14282],[25.19422,60.14666],[25.19806,60.1545],[25.20456,60.16768],[25.20557,60.16972],[25.21,60.17869],[25.21443,60.18766],[25.2163,60.19144],[25.21954,60.19797],[25.20126,60.2006],[25.1802,60.182],[25.16614,60.16956],[25.16053,60.1646],[25.15755,60.16558],[25.15933,60.15947],[25.16086,60.15421],[25.14818,60.1522],[25.12396,60.15104]]]}},{"type":"Feature","properties":{"code":"091353","kunta":"091","kokotun":"0914405353","name":"Tuomarinkartano","name_sv":"Domargård","named":true,"peruspiiri_code":"091053","peruspiiri":"","source":"Helsingin kaupunki, Piirijako_osaalue (2026)","bb":[60.24978,24.94751,60.26575,24.97835],"c":[60.25606,24.96517]},"geometry":{"type":"Polygon","coordinates":[[[24.9732,60.26444],[24.97233,60.2645],[24.97176,60.26455],[24.97162,60.26456],[24.97141,60.26458],[24.97103,60.26465],[24.97068,60.26473],[24.9702,60.26491],[24.96996,60.26503],[24.96924,60.26544],[24.96899,60.26556],[24.96884,60.26562],[24.96863,60.26569],[24.9684,60.26575],[24.96733,60.26473],[24.96605,60.2636],[24.96533,60.26299],[24.96448,60.26231],[24.96356,60.26159],[24.96288,60.26108],[24.9622,60.26062],[24.96039,60.25944],[24.95996,60.25919],[24.95883,60.25862],[24.95771,60.25814],[24.95714,60.25791],[24.95568,60.25738],[24.95435,60.25689],[24.95423,60.25684],[24.95346,60.25657],[24.95113,60.25555],[24.95095,60.25544],[24.94802,60.25354],[24.94787,60.25307],[24.94755,60.25116],[24.94751,60.25087],[24.94866,60.25096],[24.94863,60.25079],[24.94957,60.25093],[24.95089,60.25103],[24.95178,60.2511],[24.95348,60.25107],[24.95352,60.25101],[24.95431,60.25099],[24.95432,60.25105],[24.95641,60.25099],[24.95649,60.25093],[24.95767,60.25104],[24.95808,60.25103],[24.95902,60.251],[24.9604,60.25093],[24.96062,60.25093],[24.96174,60.25088],[24.96225,60.25086],[24.96405,60.25082],[24.96392,60.25013],[24.96415,60.25012],[24.96409,60.24978],[24.96497,60.25005],[24.96523,60.25011],[24.96549,60.24989],[24.96573,60.24999],[24.96697,60.25091],[24.96725,60.25109],[24.96745,60.25117],[24.96769,60.25122],[24.96818,60.25139],[24.96845,60.25153],[24.96849,60.25157],[24.96877,60.25173],[24.96936,60.25149],[24.9702,60.25096],[24.97596,60.25049],[24.97648,60.2508],[24.97754,60.25155],[24.97764,60.25164],[24.9778,60.25182],[24.97812,60.25223],[24.97818,60.25231],[24.97834,60.25276],[24.97835,60.25363],[24.97833,60.25378],[24.97821,60.25403],[24.97794,60.25457],[24.97782,60.25482],[24.97772,60.255],[24.97757,60.25519],[24.97735,60.25544],[24.97718,60.25573],[24.97698,60.25603],[24.97683,60.25635],[24.97674,60.25667],[24.97661,60.25721],[24.97653,60.2574],[24.97605,60.25829],[24.97563,60.25917],[24.97547,60.25947],[24.97504,60.26002],[24.97287,60.26284],[24.9732,60.26444]]]}},{"type":"Feature","properties":{"code":"091354","kunta":"091","kokotun":"0914403354","name":"Haltiala","name_sv":"Tomtbacka","named":true,"peruspiiri_code":"091033","peruspiiri":"","source":"Helsingin kaupunki, Piirijako_osaalue (2026)","bb":[60.24484,24.89791,60.27851,24.9684],"c":[60.26518,24.92877]},"geometry":{"type":"Polygon","coordinates":[[[24.91651,60.24533],[24.91638,60.24565],[24.91626,60.24589],[24.91617,60.24612],[24.9161,60.24636],[24.91605,60.24659],[24.91601,60.24693],[24.91604,60.24731],[24.91609,60.24755],[24.91619,60.24792],[24.91704,60.24801],[24.91696,60.24825],[24.91629,60.25002],[24.9161,60.25046],[24.9159,60.25044],[24.91563,60.25114],[24.91675,60.25189],[24.91598,60.25297],[24.91549,60.25309],[24.91548,60.2533],[24.91584,60.25352],[24.91638,60.2541],[24.91676,60.2542],[24.91732,60.25424],[24.91757,60.25424],[24.91865,60.25425],[24.91863,60.25445],[24.92047,60.25462],[24.92109,60.25484],[24.92228,60.25505],[24.92281,60.25514],[24.92411,60.25536],[24.92519,60.2555],[24.92582,60.25557],[24.92636,60.25561],[24.92733,60.25566],[24.9278,60.25566],[24.92898,60.2557],[24.93007,60.25572],[24.93408,60.25582],[24.93554,60.25585],[24.93619,60.25586],[24.93626,60.25587],[24.93666,60.25597],[24.9365,60.25623],[24.93992,60.25923],[24.94037,60.25959],[24.9407,60.25991],[24.94091,60.25999],[24.94141,60.26025],[24.94159,60.26029],[24.94159,60.26033],[24.94183,60.26089],[24.94206,60.26123],[24.94217,60.26134],[24.94219,60.26147],[24.94221,60.26164],[24.94224,60.26168],[24.94238,60.26172],[24.94259,60.26174],[24.94283,60.26181],[24.94333,60.26203],[24.94347,60.26215],[24.94353,60.26224],[24.94369,60.2624],[24.94387,60.2625],[24.94452,60.2628],[24.94463,60.26288],[24.94485,60.26309],[24.94508,60.26353],[24.94518,60.26376],[24.94532,60.26385],[24.94571,60.26387],[24.94585,60.26383],[24.94597,60.26385],[24.94611,60.26389],[24.94625,60.26391],[24.94712,60.26396],[24.94757,60.264],[24.94797,60.26402],[24.9481,60.26402],[24.94826,60.26408],[24.94832,60.26412],[24.9486,60.26496],[24.9486,60.265],[24.94868,60.26508],[24.94878,60.26514],[24.94881,60.26518],[24.94907,60.26531],[24.94935,60.2655],[24.94962,60.26564],[24.94992,60.26583],[24.94996,60.2659],[24.95016,60.26597],[24.95054,60.26614],[24.95424,60.26614],[24.95593,60.26539],[24.95616,60.26551],[24.95835,60.26499],[24.95847,60.26494],[24.96029,60.26386],[24.96054,60.26363],[24.96149,60.26385],[24.96303,60.26236],[24.96374,60.262],[24.96341,60.26173],[24.96356,60.26159],[24.96448,60.26231],[24.96533,60.26299],[24.96605,60.2636],[24.96733,60.26473],[24.9684,60.26575],[24.96731,60.26604],[24.96711,60.26607],[24.96655,60.26615],[24.96634,60.26619],[24.96619,60.26622],[24.96587,60.26631],[24.96542,60.26645],[24.96515,60.26656],[24.96452,60.26675],[24.96368,60.26699],[24.96347,60.26706],[24.9631,60.26719],[24.96294,60.26726],[24.96277,60.26733],[24.96228,60.26757],[24.96179,60.2678],[24.96156,60.26789],[24.96144,60.26794],[24.96123,60.26799],[24.96102,60.26804],[24.96078,60.2681],[24.96066,60.26814],[24.96047,60.26823],[24.9603,60.26833],[24.96022,60.26838],[24.96013,60.2685],[24.96006,60.26861],[24.96,60.26873],[24.95999,60.26887],[24.96002,60.26906],[24.96003,60.26919],[24.96001,60.26929],[24.95996,60.26944],[24.95982,60.26961],[24.9597,60.26973],[24.95954,60.26985],[24.9594,60.26995],[24.95849,60.27053],[24.95815,60.27071],[24.95785,60.27087],[24.95771,60.27096],[24.95757,60.27105],[24.95746,60.27112],[24.95736,60.27121],[24.95725,60.2713],[24.95681,60.27169],[24.9567,60.2718],[24.9566,60.27189],[24.95616,60.27241],[24.95596,60.27269],[24.9559,60.27279],[24.95585,60.27289],[24.95582,60.27298],[24.95581,60.27304],[24.9558,60.27314],[24.9558,60.27323],[24.95582,60.27339],[24.95589,60.27357],[24.95607,60.27389],[24.95618,60.27413],[24.95625,60.27439],[24.95631,60.27458],[24.95646,60.27496],[24.95658,60.27521],[24.95668,60.27537],[24.95674,60.27547],[24.95676,60.27555],[24.95677,60.27564],[24.95673,60.27583],[24.95668,60.27595],[24.95661,60.27605],[24.95652,60.27616],[24.95637,60.27628],[24.95626,60.27634],[24.9561,60.27642],[24.95574,60.27657],[24.95559,60.27661],[24.95544,60.27665],[24.95531,60.27667],[24.9551,60.2767],[24.95473,60.27672],[24.95452,60.27674],[24.9543,60.27676],[24.95411,60.27678],[24.9538,60.27685],[24.95355,60.27695],[24.95329,60.2771],[24.95318,60.27718],[24.95312,60.27724],[24.95305,60.27734],[24.95299,60.27755],[24.95298,60.27777],[24.95295,60.27793],[24.95289,60.27801],[24.95283,60.27807],[24.95274,60.27812],[24.95264,60.27816],[24.95251,60.27819],[24.95227,60.27824],[24.95207,60.27827],[24.95188,60.27829],[24.95154,60.2783],[24.95124,60.27828],[24.95109,60.27827],[24.9506,60.27821],[24.95018,60.27816],[24.94996,60.27814],[24.94974,60.27813],[24.94958,60.27813],[24.9493,60.27814],[24.94912,60.27817],[24.94894,60.2782],[24.94867,60.27827],[24.94848,60.27832],[24.9481,60.27844],[24.94794,60.27848],[24.94778,60.2785],[24.94765,60.27851],[24.94747,60.27851],[24.94726,60.27849],[24.94662,60.27842],[24.94641,60.2784],[24.9463,60.27839],[24.94618,60.27839],[24.94597,60.27841],[24.94575,60.27841],[24.94565,60.2784],[24.94554,60.27839],[24.94536,60.27835],[24.9451,60.27828],[24.94478,60.27818],[24.94431,60.27802],[24.94376,60.27784],[24.94351,60.27777],[24.94266,60.27757],[24.94232,60.27748],[24.94199,60.27738],[24.94145,60.27719],[24.94037,60.27681],[24.94011,60.27674],[24.93996,60.27671],[24.93889,60.27651],[24.93863,60.27646],[24.93684,60.27612],[24.93646,60.27601],[24.93588,60.27585],[24.93513,60.27566],[24.93493,60.27562],[24.93425,60.27554],[24.93378,60.27547],[24.93297,60.27528],[24.9324,60.27515],[24.93218,60.2751],[24.93196,60.27506],[24.93172,60.27503],[24.93127,60.27499],[24.9308,60.27497],[24.93055,60.27496],[24.92985,60.27498],[24.92963,60.275],[24.92922,60.27504],[24.92907,60.27506],[24.92858,60.27507],[24.92837,60.27507],[24.92793,60.27504],[24.92741,60.27497],[24.92713,60.27494],[24.92685,60.27492],[24.92545,60.27486],[24.92501,60.27486],[24.92471,60.27483],[24.92458,60.27481],[24.92443,60.27478],[24.92428,60.27472],[24.92414,60.27467],[24.9239,60.27454],[24.92363,60.27438],[24.9235,60.27432],[24.9233,60.27423],[24.92313,60.27417],[24.92288,60.27408],[24.92277,60.27405],[24.92198,60.27385],[24.92181,60.2738],[24.92164,60.27375],[24.9213,60.27362],[24.92099,60.27345],[24.92092,60.2734],[24.9207,60.2732],[24.92053,60.27311],[24.92027,60.27308],[24.91998,60.27305],[24.91965,60.27301],[24.9188,60.27287],[24.91865,60.27285],[24.91837,60.27279],[24.9181,60.27274],[24.91797,60.27272],[24.91775,60.2727],[24.91734,60.27266],[24.91691,60.27263],[24.91625,60.27257],[24.91524,60.27247],[24.91502,60.27244],[24.91442,60.27234],[24.91392,60.27224],[24.91352,60.27218],[24.91293,60.27209],[24.91252,60.27202],[24.91212,60.27192],[24.91194,60.27187],[24.91177,60.27182],[24.91159,60.27176],[24.91143,60.2717],[24.9111,60.27156],[24.91089,60.27145],[24.91081,60.2714],[24.91072,60.2713],[24.91066,60.27121],[24.91057,60.27112],[24.91045,60.27103],[24.91029,60.27096],[24.91017,60.27091],[24.91003,60.27087],[24.90987,60.27084],[24.90969,60.27081],[24.90947,60.2708],[24.90924,60.2708],[24.9088,60.27082],[24.90837,60.27085],[24.90813,60.27086],[24.90771,60.27084],[24.90749,60.27082],[24.90736,60.27079],[24.90725,60.27077],[24.90695,60.27067],[24.90609,60.27038],[24.90582,60.2703],[24.90541,60.27019],[24.90403,60.26988],[24.90338,60.26975],[24.90256,60.2696],[24.90165,60.26944],[24.90132,60.2694],[24.9003,60.26923],[24.90001,60.26915],[24.8998,60.26907],[24.89963,60.26903],[24.89945,60.26898],[24.89928,60.26894],[24.89885,60.26857],[24.89844,60.26819],[24.89791,60.26719],[24.89864,60.26636],[24.9006,60.26485],[24.90136,60.26308],[24.90322,60.26074],[24.90458,60.25904],[24.90565,60.25635],[24.90601,60.25542],[24.91171,60.24633],[24.91222,60.24484],[24.91284,60.24491],[24.91345,60.24498],[24.9149,60.24513],[24.9152,60.24518],[24.91651,60.24533]]]}},{"type":"Feature","properties":{"code":"091361","kunta":"091","kokotun":"0915501361","name":"Viikinranta","name_sv":"Viksstranden","named":true,"peruspiiri_code":"091013","peruspiiri":"","source":"Helsingin kaupunki, Piirijako_osaalue (2026)","bb":[60.19827,24.97919,60.22788,25.04227],"c":[60.21507,25.00549]},"geometry":{"type":"Polygon","coordinates":[[[24.97929,60.22014],[24.97925,60.22002],[24.9792,60.21974],[24.97919,60.21953],[24.97921,60.21931],[24.97928,60.219],[24.97962,60.21795],[24.97989,60.21755],[24.98119,60.21758],[24.98123,60.21757],[24.9814,60.21745],[24.98174,60.21735],[24.98206,60.21717],[24.98238,60.21704],[24.98247,60.21702],[24.98272,60.21699],[24.98292,60.21699],[24.98302,60.21692],[24.98327,60.21688],[24.98385,60.21665],[24.98397,60.21659],[24.98406,60.21641],[24.98412,60.21634],[24.98423,60.21629],[24.98431,60.21628],[24.98433,60.2162],[24.98456,60.21606],[24.98458,60.21596],[24.98472,60.2159],[24.98487,60.21589],[24.98502,60.21585],[24.9851,60.21577],[24.98513,60.2157],[24.98523,60.21556],[24.98537,60.21552],[24.98552,60.21543],[24.98559,60.21536],[24.98566,60.21526],[24.98561,60.21515],[24.98554,60.21508],[24.98541,60.215],[24.9854,60.21497],[24.98517,60.21481],[24.98491,60.21469],[24.98458,60.21459],[24.98448,60.21452],[24.98443,60.21446],[24.98437,60.21443],[24.9843,60.21435],[24.98428,60.21427],[24.98434,60.21415],[24.9845,60.21404],[24.98455,60.21391],[24.98455,60.21381],[24.98445,60.21369],[24.98456,60.21359],[24.98407,60.21357],[24.98782,60.21017],[24.98521,60.2058],[24.99797,60.19827],[25.0068,60.2049],[25.01881,60.21391],[25.0214,60.21315],[25.02181,60.21303],[25.02259,60.21281],[25.02824,60.2112],[25.02873,60.21109],[25.02883,60.21103],[25.03258,60.21323],[25.03938,60.21723],[25.04013,60.21767],[25.04227,60.21893],[25.04147,60.21927],[25.03888,60.21983],[25.03892,60.21987],[25.03471,60.22074],[25.03309,60.22108],[25.02503,60.22282],[25.02473,60.22288],[25.02406,60.22201],[25.02399,60.22201],[25.02356,60.22197],[25.02321,60.22196],[25.02305,60.22198],[25.02282,60.22203],[25.02262,60.22211],[25.02236,60.22224],[25.02222,60.22217],[25.02199,60.22217],[25.02047,60.22207],[25.02038,60.22193],[25.02032,60.22189],[25.01983,60.22179],[25.01985,60.22171],[25.01939,60.22148],[25.019,60.22122],[25.0184,60.22095],[25.01823,60.22085],[25.01807,60.2207],[25.01802,60.22061],[25.01791,60.22059],[25.01701,60.22058],[25.01655,60.22092],[25.01573,60.22069],[25.01493,60.22126],[25.0143,60.22186],[25.01421,60.22197],[25.01416,60.22208],[25.01414,60.22221],[25.0142,60.22243],[25.01435,60.22258],[25.01457,60.22272],[25.01507,60.22295],[25.01406,60.22349],[25.01384,60.22419],[25.01331,60.22421],[25.0128,60.22425],[25.01248,60.22429],[25.01223,60.22434],[25.01056,60.22489],[25.00925,60.22536],[25.00882,60.22551],[25.00851,60.22549],[25.00839,60.2255],[25.00821,60.22555],[25.00808,60.22561],[25.00799,60.2257],[25.00794,60.22579],[25.00742,60.22596],[25.00716,60.22605],[25.0053,60.22677],[25.00539,60.22683],[25.00435,60.22723],[25.00357,60.22744],[25.00306,60.2276],[25.00263,60.22774],[25.00227,60.22788],[25.00124,60.22761],[25.00093,60.22752],[25.00024,60.22732],[24.99977,60.22716],[24.99919,60.22695],[24.99865,60.22674],[24.99798,60.22646],[24.99736,60.22618],[24.997,60.22601],[24.99588,60.22549],[24.99521,60.22519],[24.99479,60.22502],[24.99406,60.22474],[24.99345,60.22451],[24.99286,60.22431],[24.99217,60.2241],[24.9915,60.2239],[24.99077,60.22371],[24.98732,60.2229],[24.98643,60.22269],[24.98574,60.22252],[24.98514,60.22237],[24.98459,60.22222],[24.98414,60.22209],[24.98328,60.22183],[24.98292,60.2217],[24.98248,60.22154],[24.982,60.22136],[24.98162,60.22121],[24.98113,60.22101],[24.98072,60.22082],[24.97929,60.22014]]]}},{"type":"Feature","properties":{"code":"091533","kunta":"091","kokotun":"0916603533","name":"Aluemeri","name_sv":"Territorialhavet","named":true,"peruspiiri_code":"091035","peruspiiri":"","source":"Helsingin kaupunki, Piirijako_osaalue (2026)","bb":[59.92249,24.84809,60.09349,25.17679],"c":[60.00366,25.03571]},"geometry":{"type":"Polygon","coordinates":[[[24.96915,60.05373],[24.90299,60.03859],[24.89169,60.036],[24.86885,60.0315],[24.84809,60.02756],[24.84932,60.02619],[24.85114,60.02418],[24.85739,60.01722],[24.86863,60.00472],[24.9026,59.96686],[24.9423,59.92249],[25.15856,59.94245],[25.16602,60.0045],[25.16874,60.02703],[25.17607,60.08759],[25.17679,60.09349],[25.17589,60.09345],[25.1337,60.09117],[25.11829,60.08768],[24.97005,60.05393],[24.96915,60.05373]]]}},{"type":"Feature","properties":{"code":"091541","kunta":"091","kokotun":"0917704541","name":"Keski-Vuosaari","name_sv":"Mellersta Nordsjö","named":true,"peruspiiri_code":"091045","peruspiiri":"","source":"Helsingin kaupunki, Piirijako_osaalue (2026)","bb":[60.20556,25.12267,60.22794,25.15854],"c":[60.2164,25.14024]},"geometry":{"type":"Polygon","coordinates":[[[25.13399,60.20556],[25.13562,60.20608],[25.13701,60.2063],[25.13757,60.20639],[25.13904,60.20655],[25.1429,60.20682],[25.14442,60.20692],[25.14472,60.20633],[25.1454,60.20642],[25.14591,60.20653],[25.14595,60.20648],[25.14693,60.20669],[25.14684,60.20681],[25.14681,60.20698],[25.14688,60.20709],[25.14859,60.20716],[25.14931,60.20719],[25.15723,60.20819],[25.15854,60.20841],[25.15742,60.20914],[25.15625,60.20965],[25.15629,60.20968],[25.15339,60.21071],[25.15252,60.21133],[25.15209,60.21118],[25.15185,60.21135],[25.15149,60.21123],[25.15152,60.21129],[25.15155,60.21252],[25.1505,60.21306],[25.15043,60.21302],[25.14945,60.21352],[25.14935,60.21347],[25.14836,60.21398],[25.14765,60.21364],[25.14752,60.2137],[25.1474,60.21381],[25.1473,60.21393],[25.14722,60.21406],[25.14714,60.21424],[25.14712,60.21443],[25.14714,60.21462],[25.14719,60.21475],[25.14727,60.21492],[25.15019,60.21503],[25.15065,60.21509],[25.15009,60.21618],[25.15135,60.21634],[25.15193,60.21627],[25.15526,60.22129],[25.15343,60.22153],[25.15019,60.22262],[25.14754,60.22352],[25.14715,60.22364],[25.14641,60.22382],[25.14618,60.22387],[25.14563,60.22396],[25.14482,60.22404],[25.14469,60.22405],[25.14019,60.2243],[25.13979,60.22434],[25.13945,60.22439],[25.13914,60.22447],[25.13884,60.22457],[25.13858,60.22469],[25.13834,60.22482],[25.13764,60.22533],[25.13678,60.22596],[25.13662,60.22613],[25.13651,60.22632],[25.13626,60.22692],[25.13597,60.22728],[25.13587,60.22737],[25.1357,60.22754],[25.13556,60.22765],[25.13529,60.2278],[25.1351,60.22794],[25.13506,60.22788],[25.1348,60.22765],[25.13454,60.22738],[25.13432,60.22721],[25.13421,60.22694],[25.1338,60.22662],[25.13356,60.22654],[25.13276,60.22586],[25.13221,60.22542],[25.13211,60.22534],[25.1319,60.22524],[25.13153,60.22502],[25.13104,60.22475],[25.1294,60.22393],[25.12897,60.22369],[25.12858,60.22343],[25.12797,60.22327],[25.12754,60.22325],[25.12711,60.22313],[25.12676,60.22306],[25.12631,60.22295],[25.12578,60.22266],[25.12545,60.22238],[25.12534,60.22225],[25.12508,60.22204],[25.12478,60.22182],[25.12471,60.22161],[25.12467,60.22151],[25.12452,60.22142],[25.12276,60.21964],[25.12267,60.21837],[25.12463,60.2178],[25.12498,60.2177],[25.12764,60.21628],[25.12835,60.21574],[25.12852,60.21562],[25.12936,60.21534],[25.12988,60.21532],[25.1303,60.21469],[25.13098,60.21334],[25.1314,60.2134],[25.13223,60.2117],[25.13476,60.21207],[25.13518,60.21211],[25.13537,60.21187],[25.1362,60.20976],[25.13635,60.20951],[25.13554,60.20953],[25.13546,60.20908],[25.13543,60.20901],[25.13516,60.20862],[25.13483,60.20821],[25.1343,60.20764],[25.13413,60.20746],[25.13295,60.20649],[25.1336,60.20593],[25.13399,60.20556]]]}},{"type":"Feature","properties":{"code":"091542","kunta":"091","kokotun":"0917704542","name":"Nordsjön kartano","name_sv":"Nordsjö gård","named":true,"peruspiiri_code":"091045","peruspiiri":"","source":"Helsingin kaupunki, Piirijako_osaalue (2026)","bb":[60.2056,25.14712,60.22129,25.175],"c":[60.2131,25.16103]},"geometry":{"type":"Polygon","coordinates":[[[25.14714,60.21424],[25.14722,60.21406],[25.1473,60.21393],[25.1474,60.21381],[25.14752,60.2137],[25.14765,60.21364],[25.14836,60.21398],[25.14935,60.21347],[25.14945,60.21352],[25.15043,60.21302],[25.1505,60.21306],[25.15155,60.21252],[25.15152,60.21129],[25.15149,60.21123],[25.15185,60.21135],[25.15209,60.21118],[25.15252,60.21133],[25.15339,60.21071],[25.15629,60.20968],[25.15625,60.20965],[25.15742,60.20914],[25.15854,60.20841],[25.1599,60.20865],[25.16157,60.20825],[25.16562,60.2056],[25.16914,60.20649],[25.17009,60.20688],[25.17219,60.20716],[25.17367,60.20735],[25.17401,60.20763],[25.17493,60.20844],[25.17499,60.20853],[25.175,60.20862],[25.1749,60.20874],[25.17306,60.21012],[25.17289,60.21017],[25.17212,60.2101],[25.17146,60.21073],[25.17085,60.2123],[25.1689,60.21302],[25.16808,60.21387],[25.16635,60.21481],[25.16596,60.21505],[25.16558,60.21532],[25.16539,60.21547],[25.16498,60.21588],[25.16491,60.21597],[25.16386,60.21731],[25.16368,60.21744],[25.16352,60.21762],[25.16344,60.21785],[25.1631,60.21829],[25.16175,60.21995],[25.16136,60.22032],[25.16082,60.22077],[25.16009,60.22077],[25.15942,60.22081],[25.15862,60.22089],[25.15526,60.22129],[25.15193,60.21627],[25.15135,60.21634],[25.15009,60.21618],[25.15065,60.21509],[25.15019,60.21503],[25.14727,60.21492],[25.14719,60.21475],[25.14714,60.21462],[25.14712,60.21443],[25.14714,60.21424]]]}},{"type":"Feature","properties":{"code":"091543","kunta":"091","kokotun":"0917704543","name":"Uutela","name_sv":"Nybondas","named":true,"peruspiiri_code":"091045","peruspiiri":"","source":"Helsingin kaupunki, Piirijako_osaalue (2026)","bb":[60.182,25.15327,60.20757,25.20126],"c":[60.19664,25.17839]},"geometry":{"type":"Polygon","coordinates":[[[25.20126,60.2006],[25.19908,60.20269],[25.19515,60.20561],[25.18496,60.20535],[25.18485,60.20529],[25.18465,60.20521],[25.18442,60.20516],[25.1843,60.20515],[25.18405,60.20515],[25.18381,60.20518],[25.1837,60.20521],[25.18253,60.20556],[25.18211,60.20622],[25.18241,60.2067],[25.18227,60.20681],[25.18174,60.20712],[25.18093,60.20677],[25.18001,60.20677],[25.17543,60.20757],[25.17367,60.20735],[25.17219,60.20716],[25.17009,60.20688],[25.16914,60.20649],[25.16562,60.2056],[25.1656,60.20225],[25.16523,60.20165],[25.16262,60.20028],[25.15327,60.1966],[25.17937,60.18245],[25.1802,60.182],[25.20126,60.2006]]]}},{"type":"Feature","properties":{"code":"091364","kunta":"091","kokotun":"0915501364","name":"Viikinmäki","name_sv":"Viksbacka","named":true,"peruspiiri_code":"091013","peruspiiri":"","source":"Helsingin kaupunki, Piirijako_osaalue (2026)","bb":[60.22014,24.97929,60.23138,25.00255],"c":[60.22685,24.99094]},"geometry":{"type":"Polygon","coordinates":[[[25.00131,60.22847],[24.99977,60.22937],[24.99938,60.22959],[24.99925,60.22968],[24.99932,60.2297],[24.99923,60.22976],[24.99914,60.22979],[24.99881,60.22995],[24.99839,60.23018],[24.9978,60.23041],[24.99702,60.23067],[24.99675,60.23074],[24.99617,60.23088],[24.99514,60.23106],[24.99471,60.23112],[24.99439,60.23116],[24.99444,60.23124],[24.99342,60.23133],[24.99269,60.23137],[24.99211,60.23138],[24.99093,60.23134],[24.9907,60.23128],[24.98984,60.23126],[24.98984,60.23123],[24.9898,60.23108],[24.98971,60.2309],[24.98938,60.23056],[24.98914,60.23034],[24.98866,60.2299],[24.98852,60.22978],[24.98811,60.2295],[24.98678,60.22849],[24.98608,60.22782],[24.98524,60.22761],[24.98347,60.22723],[24.98332,60.22642],[24.98362,60.22565],[24.9837,60.22539],[24.9837,60.22532],[24.98369,60.22516],[24.98365,60.22501],[24.98301,60.22385],[24.9823,60.22324],[24.98178,60.22282],[24.98105,60.22202],[24.98041,60.22151],[24.98003,60.22118],[24.97985,60.221],[24.97969,60.22082],[24.97954,60.22062],[24.9794,60.22038],[24.97929,60.22014],[24.98072,60.22082],[24.98113,60.22101],[24.98162,60.22121],[24.982,60.22136],[24.98248,60.22154],[24.98292,60.2217],[24.98328,60.22183],[24.98414,60.22209],[24.98459,60.22222],[24.98514,60.22237],[24.98574,60.22252],[24.98643,60.22269],[24.98732,60.2229],[24.99077,60.22371],[24.9915,60.2239],[24.99217,60.2241],[24.99286,60.22431],[24.99345,60.22451],[24.99406,60.22474],[24.99479,60.22502],[24.99521,60.22519],[24.99588,60.22549],[24.997,60.22601],[24.99736,60.22618],[24.99798,60.22646],[24.99865,60.22674],[24.99919,60.22695],[24.99977,60.22716],[25.00024,60.22732],[25.00093,60.22752],[25.00124,60.22761],[25.00227,60.22788],[25.00255,60.22795],[25.00228,60.22807],[25.00221,60.22806],[25.00188,60.2282],[25.00155,60.22834],[25.00131,60.22847]]]}},{"type":"Feature","properties":{"code":"091544","kunta":"091","kokotun":"0917704544","name":"Meri-Rastila","name_sv":"Havsrastböle","named":true,"peruspiiri_code":"091045","peruspiiri":"","source":"Helsingin kaupunki, Piirijako_osaalue (2026)","bb":[60.18081,25.08718,60.20672,25.1337],"c":[60.19459,25.10948]},"geometry":{"type":"Polygon","coordinates":[[[25.08907,60.19157],[25.08749,60.1896],[25.08718,60.18665],[25.10113,60.18081],[25.11971,60.19185],[25.12777,60.19608],[25.12992,60.19728],[25.13105,60.1986],[25.13115,60.19873],[25.13218,60.19995],[25.13237,60.20095],[25.13244,60.20117],[25.13268,60.20151],[25.13274,60.20168],[25.13265,60.20183],[25.13237,60.20208],[25.13233,60.2021],[25.13223,60.2023],[25.13262,60.20236],[25.13264,60.20256],[25.13266,60.20263],[25.13272,60.20271],[25.13306,60.20301],[25.13312,60.20309],[25.13313,60.20322],[25.13322,60.2034],[25.13319,60.20349],[25.13298,60.20402],[25.1337,60.20439],[25.1337,60.20506],[25.1334,60.20535],[25.1331,60.20528],[25.13214,60.20504],[25.1316,60.20486],[25.13123,60.20477],[25.13087,60.20469],[25.13045,60.2046],[25.13012,60.20454],[25.1296,60.20446],[25.12887,60.20435],[25.12837,60.2043],[25.12767,60.20423],[25.12718,60.2042],[25.12678,60.20418],[25.12617,60.20416],[25.12563,60.20415],[25.12509,60.20416],[25.12429,60.20419],[25.12385,60.20421],[25.12309,60.20427],[25.12239,60.20435],[25.12199,60.2044],[25.12133,60.2045],[25.12065,60.20462],[25.11935,60.20489],[25.11799,60.20519],[25.11679,60.20547],[25.11577,60.20573],[25.11188,60.20672],[25.10909,60.20505],[25.10616,60.20317],[25.10487,60.20237],[25.10478,60.20232],[25.10007,60.19847],[25.09663,60.19564],[25.09462,60.19435],[25.08907,60.19157]]]}},{"type":"Feature","properties":{"code":"091545","kunta":"091","kokotun":"0917704545","name":"Kallahti","name_sv":"Kallvik","named":true,"peruspiiri_code":"091045","peruspiiri":"","source":"Helsingin kaupunki, Piirijako_osaalue (2026)","bb":[60.1646,25.10113,60.20692,25.1802],"c":[60.18169,25.14055]},"geometry":{"type":"Polygon","coordinates":[[[25.10113,60.18081],[25.11256,60.17603],[25.11135,60.17185],[25.10619,60.16763],[25.12336,60.16509],[25.12574,60.1651],[25.14617,60.16513],[25.15755,60.16558],[25.16053,60.1646],[25.16614,60.16956],[25.1802,60.182],[25.17937,60.18245],[25.15327,60.1966],[25.14719,60.2014],[25.14607,60.20228],[25.14494,60.2029],[25.14434,60.20316],[25.14403,60.20347],[25.14447,60.20358],[25.14463,60.20361],[25.14598,60.20378],[25.14585,60.2041],[25.14472,60.20633],[25.14442,60.20692],[25.1429,60.20682],[25.13904,60.20655],[25.13757,60.20639],[25.13701,60.2063],[25.13562,60.20608],[25.13399,60.20556],[25.1334,60.20535],[25.1337,60.20506],[25.1337,60.20439],[25.13298,60.20402],[25.13319,60.20349],[25.13322,60.2034],[25.13313,60.20322],[25.13312,60.20309],[25.13306,60.20301],[25.13272,60.20271],[25.13266,60.20263],[25.13264,60.20256],[25.13262,60.20236],[25.13223,60.2023],[25.13233,60.2021],[25.13237,60.20208],[25.13265,60.20183],[25.13274,60.20168],[25.13268,60.20151],[25.13244,60.20117],[25.13237,60.20095],[25.13218,60.19995],[25.13115,60.19873],[25.13105,60.1986],[25.12992,60.19728],[25.12777,60.19608],[25.11971,60.19185],[25.10113,60.18081]]]}},{"type":"Feature","properties":{"code":"091546","kunta":"091","kokotun":"0917704546","name":"Aurinkolahti","name_sv":"Solvik","named":true,"peruspiiri_code":"091045","peruspiiri":"","source":"Helsingin kaupunki, Piirijako_osaalue (2026)","bb":[60.1966,25.14403,60.20865,25.16562],"c":[60.20331,25.15552]},"geometry":{"type":"Polygon","coordinates":[[[25.15854,60.20841],[25.15723,60.20819],[25.14931,60.20719],[25.14859,60.20716],[25.14688,60.20709],[25.14681,60.20698],[25.14684,60.20681],[25.14693,60.20669],[25.14595,60.20648],[25.14591,60.20653],[25.1454,60.20642],[25.14472,60.20633],[25.14585,60.2041],[25.14598,60.20378],[25.14463,60.20361],[25.14447,60.20358],[25.14403,60.20347],[25.14434,60.20316],[25.14494,60.2029],[25.14607,60.20228],[25.14719,60.2014],[25.15327,60.1966],[25.16262,60.20028],[25.16523,60.20165],[25.1656,60.20225],[25.16562,60.2056],[25.16157,60.20825],[25.1599,60.20865],[25.15854,60.20841]]]}},{"type":"Feature","properties":{"code":"091547","kunta":"091","kokotun":"0917704547","name":"Rastila","name_sv":"Rastböle","named":true,"peruspiiri_code":"091045","peruspiiri":"","source":"Helsingin kaupunki, Piirijako_osaalue (2026)","bb":[60.20415,25.11188,60.21837,25.13635],"c":[60.20988,25.12489]},"geometry":{"type":"Polygon","coordinates":[[[25.11188,60.20672],[25.11577,60.20573],[25.11679,60.20547],[25.11799,60.20519],[25.11935,60.20489],[25.12065,60.20462],[25.12133,60.2045],[25.12199,60.2044],[25.12239,60.20435],[25.12309,60.20427],[25.12385,60.20421],[25.12429,60.20419],[25.12509,60.20416],[25.12563,60.20415],[25.12617,60.20416],[25.12678,60.20418],[25.12718,60.2042],[25.12767,60.20423],[25.12837,60.2043],[25.12887,60.20435],[25.1296,60.20446],[25.13012,60.20454],[25.13045,60.2046],[25.13087,60.20469],[25.13123,60.20477],[25.1316,60.20486],[25.13214,60.20504],[25.1331,60.20528],[25.1334,60.20535],[25.13399,60.20556],[25.1336,60.20593],[25.13295,60.20649],[25.13413,60.20746],[25.1343,60.20764],[25.13483,60.20821],[25.13516,60.20862],[25.13543,60.20901],[25.13546,60.20908],[25.13554,60.20953],[25.13635,60.20951],[25.1362,60.20976],[25.13537,60.21187],[25.13518,60.21211],[25.13476,60.21207],[25.13223,60.2117],[25.1314,60.2134],[25.13098,60.21334],[25.1303,60.21469],[25.12988,60.21532],[25.12936,60.21534],[25.12852,60.21562],[25.12835,60.21574],[25.12764,60.21628],[25.12498,60.2177],[25.12463,60.2178],[25.12267,60.21837],[25.12256,60.21702],[25.11991,60.21426],[25.11868,60.21277],[25.11817,60.21239],[25.11683,60.21136],[25.11596,60.2105],[25.1142,60.20874],[25.114,60.20799],[25.11188,60.20672]]]}},{"type":"Feature","properties":{"code":"091370","kunta":"091","kokotun":"0915502370","name":"Pukinmäki","name_sv":"Bocksbacka","named":true,"peruspiiri_code":"091023","peruspiiri":"","source":"Helsingin kaupunki, Piirijako_osaalue (2026)","bb":[60.2335,24.97163,60.25193,25.00268],"c":[60.24478,24.98608]},"geometry":{"type":"Polygon","coordinates":[[[24.99689,60.24009],[24.99637,60.24034],[24.9963,60.24032],[24.99621,60.24042],[24.99584,60.2406],[24.99598,60.24078],[24.99609,60.24079],[24.99619,60.24086],[24.99628,60.24103],[24.99628,60.2411],[24.99623,60.24115],[24.9961,60.24119],[24.99556,60.24128],[24.99491,60.24145],[24.99402,60.24159],[24.9938,60.24163],[24.9932,60.24168],[24.99526,60.24275],[24.99517,60.24278],[24.9955,60.24295],[24.9956,60.24292],[24.99648,60.24347],[24.99837,60.2445],[24.99847,60.24458],[25.00161,60.24619],[25.00236,60.24648],[25.00228,60.24653],[25.00268,60.24673],[25.00218,60.24697],[25.00078,60.24765],[25.0005,60.24781],[24.99817,60.24908],[24.99811,60.24908],[24.99752,60.2494],[24.99661,60.25004],[24.9957,60.25084],[24.99534,60.25108],[24.99516,60.25132],[24.99293,60.25182],[24.99261,60.25189],[24.99241,60.25193],[24.98692,60.25182],[24.98691,60.25176],[24.98646,60.25175],[24.98637,60.25181],[24.98223,60.25163],[24.98191,60.25164],[24.97919,60.25158],[24.97835,60.25165],[24.97764,60.25164],[24.97754,60.25155],[24.97648,60.2508],[24.97596,60.25049],[24.97527,60.2501],[24.97511,60.24998],[24.97493,60.24981],[24.97481,60.24964],[24.97438,60.2489],[24.97429,60.24859],[24.97403,60.24815],[24.97372,60.24767],[24.97358,60.2474],[24.97335,60.24691],[24.97317,60.24645],[24.97293,60.24592],[24.97285,60.24425],[24.97273,60.2438],[24.97264,60.24353],[24.97258,60.24346],[24.9721,60.2431],[24.97191,60.24294],[24.97167,60.24264],[24.97163,60.24246],[24.97167,60.24231],[24.97173,60.24218],[24.97185,60.24199],[24.97203,60.2418],[24.97221,60.24163],[24.97256,60.24138],[24.97263,60.24133],[24.97393,60.24059],[24.97574,60.23996],[24.97722,60.23952],[24.97775,60.2394],[24.9786,60.23931],[24.97943,60.23919],[24.98009,60.23909],[24.98053,60.23901],[24.981,60.23892],[24.98173,60.23873],[24.98227,60.23856],[24.98257,60.23846],[24.983,60.2383],[24.98333,60.23816],[24.98398,60.23787],[24.98551,60.23717],[24.98743,60.23625],[24.98827,60.23567],[24.98864,60.23505],[24.98911,60.23421],[24.98945,60.2335],[24.99122,60.23491],[24.99002,60.23658],[24.99246,60.23783],[24.99304,60.23813],[24.99675,60.24005],[24.99689,60.24009]]]}},{"type":"Feature","properties":{"code":"091381","kunta":"091","kokotun":"0915503381","name":"Ylä-Malmi","name_sv":"Övre Malm","named":true,"peruspiiri_code":"091033","peruspiiri":"","source":"Helsingin kaupunki, Piirijako_osaalue (2026)","bb":[60.24697,24.99261,60.2589,25.01588],"c":[60.25346,25.00403]},"geometry":{"type":"Polygon","coordinates":[[[25.00899,60.25083],[25.00919,60.25073],[25.01042,60.25146],[25.01066,60.2516],[25.01317,60.25302],[25.01506,60.25403],[25.01516,60.25399],[25.01588,60.25446],[25.01558,60.2546],[25.01535,60.25472],[25.01503,60.25491],[25.01472,60.25515],[25.01452,60.25533],[25.01437,60.25529],[25.01422,60.25543],[25.01391,60.25576],[25.01398,60.25587],[25.01305,60.25687],[25.01297,60.25709],[25.013,60.25711],[25.01287,60.25733],[25.0127,60.25775],[25.01253,60.25839],[25.01243,60.25885],[25.01226,60.2589],[25.00699,60.25741],[25.00646,60.25732],[25.00602,60.25731],[25.00446,60.25742],[25.00422,60.25791],[25.00391,60.25789],[25.00121,60.25847],[24.99996,60.25762],[24.9991,60.25716],[24.99818,60.25662],[24.9979,60.25645],[24.99746,60.25615],[24.99723,60.25604],[24.99629,60.25533],[24.99624,60.25529],[24.99484,60.25453],[24.99472,60.25443],[24.99444,60.25427],[24.99428,60.25413],[24.99421,60.25407],[24.99398,60.25334],[24.99375,60.25303],[24.99332,60.25252],[24.99278,60.25194],[24.99267,60.25196],[24.99261,60.25189],[24.99293,60.25182],[24.99516,60.25132],[24.99534,60.25108],[24.9957,60.25084],[24.99661,60.25004],[24.99752,60.2494],[24.99811,60.24908],[24.99817,60.24908],[25.0005,60.24781],[25.00078,60.24765],[25.00218,60.24697],[25.00236,60.24706],[25.00242,60.24722],[25.0033,60.24767],[25.00359,60.24774],[25.00425,60.24807],[25.00419,60.24813],[25.00405,60.24831],[25.006,60.24931],[25.00601,60.2493],[25.00788,60.25026],[25.00878,60.25071],[25.00899,60.25083]]]}},{"type":"Feature","properties":{"code":"091382","kunta":"091","kokotun":"0915503382","name":"Ala-Malmi","name_sv":"Nedre Malm","named":true,"peruspiiri_code":"091033","peruspiiri":"","source":"Helsingin kaupunki, Piirijako_osaalue (2026)","bb":[60.23065,24.9932,60.25903,25.04065],"c":[60.24511,25.0205]},"geometry":{"type":"Polygon","coordinates":[[[25.03819,60.24414],[25.03778,60.24414],[25.03707,60.24415],[25.03696,60.2442],[25.03626,60.24419],[25.03561,60.24417],[25.03531,60.24463],[25.03397,60.24682],[25.03318,60.24809],[25.03279,60.24875],[25.03255,60.24923],[25.02961,60.25005],[25.02922,60.25017],[25.02881,60.25028],[25.0281,60.25053],[25.02915,60.25299],[25.02851,60.25395],[25.02847,60.25395],[25.02894,60.25507],[25.02956,60.25609],[25.0296,60.25626],[25.02973,60.25635],[25.0286,60.2565],[25.02801,60.25656],[25.02737,60.25661],[25.02696,60.25663],[25.02672,60.25668],[25.02661,60.25674],[25.02652,60.25683],[25.02625,60.25734],[25.02633,60.25755],[25.02555,60.25813],[25.02546,60.25825],[25.02474,60.25853],[25.0243,60.25873],[25.02379,60.2589],[25.02357,60.25877],[25.02287,60.25903],[25.01986,60.25706],[25.01973,60.25698],[25.01845,60.25614],[25.01588,60.25446],[25.01516,60.25399],[25.01506,60.25403],[25.01317,60.25302],[25.01066,60.2516],[25.01042,60.25146],[25.00919,60.25073],[25.00899,60.25083],[25.00878,60.25071],[25.00788,60.25026],[25.00601,60.2493],[25.006,60.24931],[25.00405,60.24831],[25.00419,60.24813],[25.00425,60.24807],[25.00359,60.24774],[25.0033,60.24767],[25.00242,60.24722],[25.00236,60.24706],[25.00218,60.24697],[25.00268,60.24673],[25.00228,60.24653],[25.00236,60.24648],[25.00161,60.24619],[24.99847,60.24458],[24.99837,60.2445],[24.99648,60.24347],[24.9956,60.24292],[24.9955,60.24295],[24.99517,60.24278],[24.99526,60.24275],[24.9932,60.24168],[24.9938,60.24163],[24.99402,60.24159],[24.99491,60.24145],[24.99556,60.24128],[24.9961,60.24119],[24.99623,60.24115],[24.99628,60.2411],[24.99628,60.24103],[24.99619,60.24086],[24.99609,60.24079],[24.99598,60.24078],[24.99584,60.2406],[24.99621,60.24042],[24.9963,60.24032],[24.99637,60.24034],[24.99689,60.24009],[24.9971,60.24016],[24.99725,60.24013],[24.99737,60.24015],[25.00052,60.24068],[25.00007,60.241],[25.00062,60.24125],[25.00669,60.24114],[25.00903,60.2411],[25.01202,60.24113],[25.01541,60.24124],[25.0196,60.2415],[25.01986,60.2413],[25.02023,60.241],[25.02033,60.2409],[25.02067,60.24044],[25.02091,60.24009],[25.02102,60.23989],[25.02131,60.23981],[25.02135,60.23942],[25.02135,60.23885],[25.02139,60.23865],[25.02148,60.23839],[25.02154,60.23829],[25.0221,60.23733],[25.02216,60.23723],[25.02218,60.23716],[25.02221,60.2369],[25.02215,60.23607],[25.02194,60.23576],[25.0215,60.23504],[25.02127,60.23468],[25.02099,60.23422],[25.02033,60.23318],[25.019,60.23193],[25.01904,60.23194],[25.01856,60.23147],[25.01826,60.23065],[25.01885,60.23084],[25.02172,60.2315],[25.0244,60.2324],[25.02564,60.23282],[25.02583,60.23287],[25.02636,60.23308],[25.02794,60.23364],[25.02875,60.23394],[25.03465,60.2361],[25.03518,60.23628],[25.03586,60.23654],[25.036,60.2366],[25.03628,60.23675],[25.03651,60.23689],[25.03663,60.23699],[25.03676,60.23712],[25.03691,60.23732],[25.03697,60.23744],[25.03703,60.23767],[25.03703,60.23782],[25.03701,60.23793],[25.03695,60.23811],[25.03682,60.23838],[25.03667,60.2386],[25.03649,60.23881],[25.03634,60.23895],[25.03614,60.23911],[25.03775,60.24054],[25.04065,60.24022],[25.03894,60.2432],[25.03852,60.24363],[25.03819,60.24414]]]}},{"type":"Feature","properties":{"code":"091548","kunta":"091","kokotun":"0917704548","name":"Niinisaari","name_sv":"Bastö","named":true,"peruspiiri_code":"091045","peruspiiri":"","source":"Helsingin kaupunki, Piirijako_osaalue (2026)","bb":[60.19797,25.14948,60.23643,25.2204],"c":[60.21765,25.18436]},"geometry":{"type":"Polygon","coordinates":[[[25.21954,60.19797],[25.2204,60.19974],[25.21493,60.20507],[25.20923,60.21062],[25.20464,60.21507],[25.20142,60.2182],[25.20313,60.22456],[25.20369,60.22655],[25.20399,60.22784],[25.20439,60.22989],[25.20455,60.23073],[25.19868,60.22919],[25.19655,60.22864],[25.19565,60.22838],[25.19303,60.22763],[25.19018,60.22693],[25.18264,60.22889],[25.18221,60.22866],[25.16706,60.23175],[25.16226,60.23291],[25.16036,60.23327],[25.16028,60.2331],[25.16005,60.23311],[25.15948,60.2332],[25.15915,60.23321],[25.1589,60.23319],[25.15876,60.23319],[25.15846,60.23322],[25.1581,60.23322],[25.15769,60.2332],[25.15743,60.23317],[25.15716,60.23316],[25.15677,60.23311],[25.15637,60.233],[25.15522,60.23256],[25.15178,60.23643],[25.14976,60.2363],[25.14948,60.23249],[25.15016,60.23208],[25.14983,60.23014],[25.15214,60.22846],[25.15166,60.22845],[25.15115,60.22847],[25.15068,60.22848],[25.15035,60.22846],[25.15011,60.22839],[25.14956,60.22802],[25.1498,60.2274],[25.14989,60.22726],[25.14989,60.22706],[25.14987,60.22698],[25.14982,60.22694],[25.14949,60.22677],[25.14973,60.22608],[25.15039,60.22563],[25.15195,60.2248],[25.15246,60.22458],[25.1525,60.22449],[25.15294,60.22406],[25.15346,60.22367],[25.15375,60.22352],[25.15411,60.22337],[25.15429,60.22311],[25.15496,60.22286],[25.15648,60.22305],[25.15712,60.22285],[25.15849,60.22246],[25.15879,60.22255],[25.15914,60.22217],[25.15944,60.22184],[25.15955,60.22169],[25.15955,60.22163],[25.15931,60.22122],[25.15916,60.22111],[25.15862,60.22089],[25.15942,60.22081],[25.16009,60.22077],[25.16082,60.22077],[25.16136,60.22032],[25.16175,60.21995],[25.1631,60.21829],[25.16344,60.21785],[25.16352,60.21762],[25.16368,60.21744],[25.16386,60.21731],[25.16491,60.21597],[25.16498,60.21588],[25.16539,60.21547],[25.16558,60.21532],[25.16596,60.21505],[25.16635,60.21481],[25.16808,60.21387],[25.1689,60.21302],[25.17085,60.2123],[25.17146,60.21073],[25.17212,60.2101],[25.17289,60.21017],[25.17306,60.21012],[25.1749,60.20874],[25.175,60.20862],[25.17499,60.20853],[25.17493,60.20844],[25.17401,60.20763],[25.17367,60.20735],[25.17543,60.20757],[25.18001,60.20677],[25.18093,60.20677],[25.18174,60.20712],[25.18227,60.20681],[25.18241,60.2067],[25.18211,60.20622],[25.18253,60.20556],[25.1837,60.20521],[25.18381,60.20518],[25.18405,60.20515],[25.1843,60.20515],[25.18442,60.20516],[25.18465,60.20521],[25.18485,60.20529],[25.18496,60.20535],[25.19515,60.20561],[25.19908,60.20269],[25.20126,60.2006],[25.21954,60.19797]]]}},{"type":"Feature","properties":{"code":"091549","kunta":"091","kokotun":"0917704549","name":"Mustavuori","name_sv":"Svarta backen","named":true,"peruspiiri_code":"091045","peruspiiri":"","source":"Helsingin kaupunki, Piirijako_osaalue (2026)","bb":[60.22089,25.1351,60.2416,25.15955],"c":[60.23123,25.14406]},"geometry":{"type":"Polygon","coordinates":[[[25.13899,60.24091],[25.13858,60.24061],[25.13805,60.24013],[25.13734,60.23929],[25.13711,60.2388],[25.13687,60.23849],[25.13673,60.23822],[25.1363,60.23766],[25.13591,60.23735],[25.13584,60.23723],[25.13547,60.23725],[25.1351,60.23722],[25.13617,60.23707],[25.13624,60.23705],[25.13615,60.23693],[25.13612,60.23672],[25.13582,60.23635],[25.13717,60.23476],[25.13729,60.23449],[25.13742,60.23391],[25.13745,60.23294],[25.13746,60.2326],[25.13744,60.23227],[25.13731,60.23188],[25.13722,60.2317],[25.13656,60.23057],[25.13614,60.22989],[25.13601,60.2296],[25.13578,60.22912],[25.13571,60.22883],[25.13566,60.22875],[25.13546,60.22853],[25.13541,60.22843],[25.13531,60.22821],[25.1351,60.22794],[25.13529,60.2278],[25.13556,60.22765],[25.1357,60.22754],[25.13587,60.22737],[25.13597,60.22728],[25.13626,60.22692],[25.13651,60.22632],[25.13662,60.22613],[25.13678,60.22596],[25.13764,60.22533],[25.13834,60.22482],[25.13858,60.22469],[25.13884,60.22457],[25.13914,60.22447],[25.13945,60.22439],[25.13979,60.22434],[25.14019,60.2243],[25.14469,60.22405],[25.14482,60.22404],[25.14563,60.22396],[25.14618,60.22387],[25.14641,60.22382],[25.14715,60.22364],[25.14754,60.22352],[25.15019,60.22262],[25.15343,60.22153],[25.15526,60.22129],[25.15862,60.22089],[25.15916,60.22111],[25.15931,60.22122],[25.15955,60.22163],[25.15955,60.22169],[25.15944,60.22184],[25.15914,60.22217],[25.15879,60.22255],[25.15849,60.22246],[25.15712,60.22285],[25.15648,60.22305],[25.15496,60.22286],[25.15429,60.22311],[25.15411,60.22337],[25.15375,60.22352],[25.15346,60.22367],[25.15294,60.22406],[25.1525,60.22449],[25.15246,60.22458],[25.15195,60.2248],[25.15039,60.22563],[25.14973,60.22608],[25.14949,60.22677],[25.14982,60.22694],[25.14987,60.22698],[25.14989,60.22706],[25.14989,60.22726],[25.1498,60.2274],[25.14956,60.22802],[25.15011,60.22839],[25.15035,60.22846],[25.15068,60.22848],[25.15115,60.22847],[25.15166,60.22845],[25.15214,60.22846],[25.14983,60.23014],[25.15016,60.23208],[25.14948,60.23249],[25.14976,60.2363],[25.14975,60.23654],[25.14968,60.23675],[25.14954,60.23691],[25.14938,60.237],[25.14915,60.23711],[25.14901,60.23713],[25.1489,60.23713],[25.14876,60.23709],[25.14856,60.23701],[25.14836,60.23699],[25.14821,60.23704],[25.14789,60.23721],[25.14757,60.23742],[25.14724,60.23768],[25.14704,60.23781],[25.14696,60.2379],[25.14688,60.23793],[25.14652,60.23871],[25.14593,60.23943],[25.14571,60.24017],[25.14543,60.24079],[25.14506,60.24115],[25.14483,60.24128],[25.14444,60.24146],[25.14391,60.24154],[25.14327,60.24158],[25.14246,60.2416],[25.14182,60.24157],[25.14121,60.24148],[25.14072,60.24139],[25.1402,60.24124],[25.13899,60.24091]]]}},{"type":"Feature","properties":{"code":"091550","kunta":"091","kokotun":"0918801550","name":"Östersundom","name_sv":"Östersundom","named":true,"peruspiiri_code":"091015","peruspiiri":"","source":"Helsingin kaupunki, Piirijako_osaalue (2026)","bb":[60.24381,25.14402,60.27547,25.25211],"c":[60.25844,25.19376]},"geometry":{"type":"Polygon","coordinates":[[[25.18019,60.24382],[25.1803,60.24381],[25.18049,60.24383],[25.18087,60.24389],[25.18153,60.24397],[25.18174,60.244],[25.18196,60.24409],[25.18239,60.24423],[25.18267,60.24434],[25.18294,60.24448],[25.18304,60.24458],[25.18323,60.24481],[25.18333,60.24486],[25.18363,60.2449],[25.18379,60.24494],[25.18396,60.24503],[25.18423,60.24524],[25.18436,60.24538],[25.18459,60.24553],[25.18489,60.24549],[25.1875,60.24711],[25.1882,60.24707],[25.19605,60.24643],[25.20902,60.24701],[25.20926,60.24729],[25.20832,60.24784],[25.20764,60.24822],[25.20689,60.24938],[25.20613,60.24872],[25.20196,60.25018],[25.20149,60.24998],[25.19972,60.25066],[25.20135,60.25093],[25.20125,60.25095],[25.20112,60.251],[25.20086,60.25113],[25.20075,60.25123],[25.2007,60.25131],[25.20071,60.25136],[25.20079,60.25143],[25.20115,60.25161],[25.20154,60.2517],[25.2018,60.25174],[25.20233,60.25181],[25.20258,60.2519],[25.20186,60.25214],[25.20138,60.25231],[25.20161,60.25248],[25.2021,60.25231],[25.20279,60.25208],[25.20304,60.25228],[25.20311,60.25235],[25.20255,60.25257],[25.20285,60.25273],[25.20313,60.25287],[25.20327,60.25287],[25.20357,60.253],[25.2038,60.25308],[25.204,60.25315],[25.20501,60.25341],[25.20519,60.25341],[25.2056,60.25345],[25.206,60.25344],[25.20644,60.25346],[25.20667,60.25353],[25.20682,60.2536],[25.20699,60.25373],[25.20717,60.25375],[25.20735,60.25374],[25.20761,60.25379],[25.20779,60.25388],[25.20799,60.25389],[25.2082,60.25387],[25.20841,60.25388],[25.20859,60.25385],[25.2087,60.25379],[25.21021,60.255],[25.21412,60.25527],[25.21618,60.25643],[25.22154,60.25629],[25.22183,60.25546],[25.22209,60.2555],[25.22181,60.25632],[25.22334,60.25653],[25.22438,60.25668],[25.22525,60.2568],[25.22523,60.25683],[25.22616,60.2569],[25.22681,60.25695],[25.22782,60.25689],[25.22894,60.25684],[25.23097,60.25673],[25.23353,60.25655],[25.23037,60.25901],[25.22929,60.25985],[25.2291,60.26],[25.22886,60.25992],[25.22734,60.2611],[25.22763,60.26123],[25.22821,60.26138],[25.22857,60.26139],[25.22994,60.26141],[25.23023,60.26143],[25.23061,60.26142],[25.23066,60.26169],[25.2307,60.26216],[25.23158,60.26252],[25.23256,60.26255],[25.23189,60.26531],[25.23208,60.2657],[25.23188,60.26723],[25.23447,60.2714],[25.23485,60.27196],[25.23761,60.27192],[25.24031,60.27188],[25.24161,60.27184],[25.24328,60.27184],[25.24299,60.2723],[25.24567,60.27272],[25.2509,60.27352],[25.25133,60.2742],[25.25211,60.27547],[25.2508,60.27536],[25.25055,60.27532],[25.24924,60.27522],[25.24835,60.27518],[25.24726,60.27506],[25.24719,60.27506],[25.24516,60.27486],[25.24441,60.27476],[25.24309,60.27462],[25.24241,60.27445],[25.24122,60.27427],[25.23876,60.27385],[25.23823,60.27367],[25.23713,60.27343],[25.2357,60.27329],[25.23437,60.27294],[25.23404,60.27296],[25.23335,60.27294],[25.23313,60.27276],[25.2328,60.27262],[25.23254,60.27261],[25.23195,60.27255],[25.23179,60.27242],[25.22964,60.27208],[25.22757,60.2718],[25.22636,60.27168],[25.22574,60.27165],[25.22564,60.27159],[25.22426,60.27145],[25.22332,60.27125],[25.22216,60.27109],[25.22161,60.27102],[25.21967,60.2707],[25.21899,60.27036],[25.21865,60.27035],[25.21856,60.27026],[25.21827,60.2702],[25.21809,60.27018],[25.21778,60.27011],[25.21645,60.26972],[25.21605,60.2696],[25.21419,60.26887],[25.21359,60.26867],[25.21279,60.26851],[25.21196,60.26852],[25.21115,60.26849],[25.21064,60.26854],[25.20946,60.26822],[25.20902,60.26812],[25.2089,60.26801],[25.20853,60.26787],[25.20808,60.26769],[25.2082,60.2673],[25.20826,60.26686],[25.20801,60.26655],[25.20784,60.26634],[25.20684,60.26606],[25.2059,60.26597],[25.20518,60.26588],[25.20493,60.26578],[25.20422,60.26571],[25.20387,60.26558],[25.20294,60.26538],[25.20116,60.26528],[25.19952,60.26524],[25.19838,60.2652],[25.19681,60.26526],[25.19562,60.26528],[25.19447,60.26535],[25.19312,60.26534],[25.19162,60.26526],[25.19054,60.26516],[25.18979,60.26521],[25.18935,60.26514],[25.18868,60.26509],[25.188,60.26497],[25.18741,60.26479],[25.18655,60.26468],[25.18595,60.26454],[25.18544,60.26452],[25.18431,60.26428],[25.18399,60.26421],[25.18362,60.26412],[25.18306,60.26416],[25.18214,60.26392],[25.18121,60.26375],[25.18037,60.26369],[25.17984,60.26359],[25.17959,60.26356],[25.17915,60.26348],[25.17875,60.26351],[25.17848,60.26348],[25.17796,60.26335],[25.17762,60.26307],[25.17715,60.26281],[25.17636,60.26273],[25.17598,60.26262],[25.1756,60.26258],[25.175,60.26264],[25.17475,60.26273],[25.17465,60.26285],[25.17438,60.26286],[25.17355,60.26386],[25.17326,60.26389],[25.17307,60.26321],[25.17343,60.26266],[25.1736,60.26239],[25.1725,60.26222],[25.17186,60.26218],[25.17139,60.26217],[25.1692,60.26211],[25.1685,60.26213],[25.1681,60.26207],[25.16632,60.26211],[25.166,60.26217],[25.16529,60.26216],[25.16321,60.26234],[25.16295,60.26244],[25.1625,60.26248],[25.16227,60.26242],[25.16096,60.26256],[25.15989,60.26265],[25.15932,60.26276],[25.15846,60.2628],[25.15816,60.26276],[25.15604,60.26283],[25.15547,60.26293],[25.15472,60.26282],[25.15464,60.26272],[25.15387,60.2627],[25.15357,60.26268],[25.15283,60.26256],[25.15126,60.26239],[25.15082,60.26239],[25.15011,60.26232],[25.1497,60.26224],[25.14778,60.26194],[25.14639,60.26173],[25.14584,60.26162],[25.1457,60.26162],[25.14423,60.26133],[25.14414,60.26131],[25.14432,60.26075],[25.14402,60.2603],[25.14408,60.26019],[25.14457,60.25931],[25.14463,60.25924],[25.1447,60.25919],[25.145,60.25907],[25.14601,60.25868],[25.14642,60.25853],[25.14656,60.25847],[25.14673,60.25834],[25.14681,60.2583],[25.14706,60.25825],[25.1474,60.2582],[25.14753,60.25815],[25.14766,60.25809],[25.14774,60.25807],[25.14803,60.25804],[25.14821,60.258],[25.14832,60.25801],[25.14842,60.25812],[25.14854,60.2582],[25.14861,60.2583],[25.14877,60.25836],[25.14889,60.25838],[25.149,60.25832],[25.1491,60.25819],[25.14938,60.2582],[25.14986,60.25823],[25.15009,60.25821],[25.15047,60.2582],[25.15054,60.25818],[25.15064,60.25809],[25.1508,60.25799],[25.15077,60.25796],[25.15057,60.2579],[25.15051,60.25787],[25.15051,60.25781],[25.15055,60.25779],[25.15062,60.25777],[25.15073,60.25775],[25.15089,60.25775],[25.15105,60.25778],[25.15109,60.25778],[25.15113,60.25777],[25.15117,60.25775],[25.1513,60.25768],[25.15136,60.25765],[25.15143,60.25763],[25.15176,60.25761],[25.15186,60.25758],[25.15193,60.25756],[25.15198,60.25754],[25.15211,60.25747],[25.15216,60.25742],[25.1522,60.25738],[25.15222,60.25734],[25.15224,60.25729],[25.15226,60.25724],[25.15227,60.2572],[25.15227,60.25712],[25.15229,60.25707],[25.15235,60.25704],[25.15241,60.25702],[25.15258,60.25701],[25.15275,60.25699],[25.15278,60.25698],[25.15281,60.25681],[25.153,60.25683],[25.15309,60.25683],[25.1532,60.25679],[25.15331,60.25673],[25.15342,60.25666],[25.15346,60.25664],[25.15358,60.25662],[25.15385,60.25667],[25.15391,60.25668],[25.15398,60.25664],[25.15403,60.25655],[25.15425,60.25636],[25.1543,60.25623],[25.15444,60.2561],[25.15458,60.25589],[25.15472,60.25573],[25.15471,60.25567],[25.1545,60.25553],[25.1544,60.25541],[25.1544,60.25535],[25.15457,60.25514],[25.15463,60.25509],[25.15469,60.25507],[25.15482,60.25506],[25.15486,60.25504],[25.15496,60.25491],[25.155,60.25489],[25.15511,60.25487],[25.15523,60.25488],[25.15539,60.25493],[25.15556,60.25496],[25.15569,60.25495],[25.15579,60.2549],[25.15589,60.25482],[25.15597,60.25472],[25.15604,60.25467],[25.15661,60.25448],[25.15684,60.25441],[25.15688,60.25438],[25.15695,60.25432],[25.15705,60.25421],[25.15714,60.25414],[25.1573,60.25405],[25.1574,60.25402],[25.1575,60.25399],[25.15761,60.25394],[25.15769,60.25388],[25.1571,60.25361],[25.15713,60.25333],[25.15716,60.25307],[25.15719,60.25277],[25.1572,60.25275],[25.15721,60.25251],[25.15724,60.25225],[25.1574,60.25107],[25.15833,60.25098],[25.15863,60.25095],[25.159,60.25072],[25.15913,60.25075],[25.15968,60.24999],[25.15985,60.24974],[25.15973,60.24951],[25.15959,60.24921],[25.15988,60.24882],[25.16008,60.24857],[25.16105,60.24875],[25.1642,60.24929],[25.16439,60.24933],[25.16896,60.25014],[25.16919,60.25013],[25.16926,60.25019],[25.16944,60.2501],[25.1695,60.25004],[25.16954,60.24996],[25.16954,60.24986],[25.16958,60.24971],[25.16968,60.24957],[25.16988,60.24942],[25.16998,60.24937],[25.17045,60.24922],[25.17076,60.24918],[25.17118,60.24908],[25.17139,60.24907],[25.1718,60.24909],[25.17217,60.24909],[25.17229,60.24906],[25.17238,60.24902],[25.17243,60.24897],[25.17244,60.24888],[25.17239,60.24875],[25.17239,60.24862],[25.17236,60.24858],[25.17217,60.24853],[25.17201,60.24847],[25.17193,60.24842],[25.17181,60.24827],[25.17182,60.24819],[25.17194,60.24802],[25.17203,60.24797],[25.17218,60.24799],[25.17239,60.24799],[25.17272,60.24791],[25.17284,60.24787],[25.17299,60.24779],[25.17306,60.24774],[25.17327,60.24754],[25.17335,60.24744],[25.17345,60.24727],[25.17348,60.24714],[25.17347,60.24692],[25.17352,60.24677],[25.17365,60.24658],[25.17377,60.24649],[25.174,60.24644],[25.17423,60.24643],[25.17461,60.24644],[25.17475,60.24643],[25.17489,60.24639],[25.17497,60.24631],[25.17499,60.24622],[25.17512,60.24593],[25.17525,60.24567],[25.17543,60.24546],[25.17551,60.24536],[25.17557,60.24529],[25.17571,60.24524],[25.17588,60.24521],[25.17614,60.24522],[25.17639,60.2452],[25.17653,60.24517],[25.17675,60.24508],[25.17684,60.24501],[25.17703,60.24485],[25.17718,60.24475],[25.17727,60.24464],[25.17724,60.24448],[25.1773,60.24438],[25.17746,60.2443],[25.17759,60.24422],[25.17774,60.24419],[25.17814,60.24424],[25.17842,60.24424],[25.17862,60.24422],[25.17901,60.24412],[25.17928,60.24406],[25.17952,60.24402],[25.17971,60.24397],[25.18006,60.24384],[25.18019,60.24382]]]}},{"type":"Feature","properties":{"code":"091560","kunta":"091","kokotun":"0918801560","name":"Salmenkallio","name_sv":"Sundberg","named":true,"peruspiiri_code":"091015","peruspiiri":"","source":"Helsingin kaupunki, Piirijako_osaalue (2026)","bb":[60.22693,25.13899,60.25019,25.19868],"c":[60.23849,25.16935]},"geometry":{"type":"Polygon","coordinates":[[[25.13899,60.24091],[25.1402,60.24124],[25.14072,60.24139],[25.14121,60.24148],[25.14182,60.24157],[25.14246,60.2416],[25.14327,60.24158],[25.14391,60.24154],[25.14444,60.24146],[25.14483,60.24128],[25.14506,60.24115],[25.14543,60.24079],[25.14571,60.24017],[25.14593,60.23943],[25.14652,60.23871],[25.14688,60.23793],[25.14696,60.2379],[25.14704,60.23781],[25.14724,60.23768],[25.14757,60.23742],[25.14789,60.23721],[25.14821,60.23704],[25.14836,60.23699],[25.14856,60.23701],[25.14876,60.23709],[25.1489,60.23713],[25.14901,60.23713],[25.14915,60.23711],[25.14938,60.237],[25.14954,60.23691],[25.14968,60.23675],[25.14975,60.23654],[25.14976,60.2363],[25.15178,60.23643],[25.15522,60.23256],[25.15637,60.233],[25.15677,60.23311],[25.15716,60.23316],[25.15743,60.23317],[25.15769,60.2332],[25.1581,60.23322],[25.15846,60.23322],[25.15876,60.23319],[25.1589,60.23319],[25.15915,60.23321],[25.15948,60.2332],[25.16005,60.23311],[25.16028,60.2331],[25.16036,60.23327],[25.16226,60.23291],[25.16706,60.23175],[25.18221,60.22866],[25.18264,60.22889],[25.19018,60.22693],[25.19303,60.22763],[25.19565,60.22838],[25.19655,60.22864],[25.19868,60.22919],[25.1883,60.2374],[25.18019,60.24382],[25.18006,60.24384],[25.17971,60.24397],[25.17952,60.24402],[25.17928,60.24406],[25.17901,60.24412],[25.17862,60.24422],[25.17842,60.24424],[25.17814,60.24424],[25.17774,60.24419],[25.17759,60.24422],[25.17746,60.2443],[25.1773,60.24438],[25.17724,60.24448],[25.17727,60.24464],[25.17718,60.24475],[25.17703,60.24485],[25.17684,60.24501],[25.17675,60.24508],[25.17653,60.24517],[25.17639,60.2452],[25.17614,60.24522],[25.17588,60.24521],[25.17571,60.24524],[25.17557,60.24529],[25.17551,60.24536],[25.17543,60.24546],[25.17525,60.24567],[25.17512,60.24593],[25.17499,60.24622],[25.17497,60.24631],[25.17489,60.24639],[25.17475,60.24643],[25.17461,60.24644],[25.17423,60.24643],[25.174,60.24644],[25.17377,60.24649],[25.17365,60.24658],[25.17352,60.24677],[25.17347,60.24692],[25.17348,60.24714],[25.17345,60.24727],[25.17335,60.24744],[25.17327,60.24754],[25.17306,60.24774],[25.17299,60.24779],[25.17284,60.24787],[25.17272,60.24791],[25.17239,60.24799],[25.17218,60.24799],[25.17203,60.24797],[25.17194,60.24802],[25.17182,60.24819],[25.17181,60.24827],[25.17193,60.24842],[25.17201,60.24847],[25.17217,60.24853],[25.17236,60.24858],[25.17239,60.24862],[25.17239,60.24875],[25.17244,60.24888],[25.17243,60.24897],[25.17238,60.24902],[25.17229,60.24906],[25.17217,60.24909],[25.1718,60.24909],[25.17139,60.24907],[25.17118,60.24908],[25.17076,60.24918],[25.17045,60.24922],[25.16998,60.24937],[25.16988,60.24942],[25.16968,60.24957],[25.16958,60.24971],[25.16954,60.24986],[25.16954,60.24996],[25.1695,60.25004],[25.16944,60.2501],[25.16926,60.25019],[25.16919,60.25013],[25.16896,60.25014],[25.16439,60.24933],[25.1642,60.24929],[25.16105,60.24875],[25.16008,60.24857],[25.15988,60.24882],[25.15882,60.24859],[25.15863,60.24854],[25.15832,60.24846],[25.15742,60.24806],[25.15633,60.2474],[25.15529,60.24676],[25.1541,60.24642],[25.15379,60.24631],[25.15228,60.2459],[25.15227,60.2459],[25.15206,60.24606],[25.15198,60.24612],[25.15196,60.24613],[25.15076,60.24553],[25.15074,60.24552],[25.15012,60.24542],[25.14835,60.24553],[25.14758,60.24546],[25.14705,60.24547],[25.14518,60.24528],[25.14468,60.24509],[25.14317,60.24472],[25.14225,60.24415],[25.14167,60.24388],[25.14171,60.24363],[25.14187,60.24358],[25.14073,60.24268],[25.14013,60.24202],[25.1397,60.24153],[25.13899,60.24091]]]}},{"type":"Feature","properties":{"code":"091465","kunta":"091","kokotun":"0912204465","name":"Pitäjänmäen yritysalue","name_sv":"Sockenbacka företagsområde","named":true,"peruspiiri_code":"091044","peruspiiri":"","source":"Helsingin kaupunki, Piirijako_osaalue (2026)","bb":[60.21267,24.84762,60.22768,24.88356],"c":[60.22029,24.86935]},"geometry":{"type":"Polygon","coordinates":[[[24.87921,60.21313],[24.88074,60.21369],[24.88113,60.21404],[24.88153,60.21399],[24.8821,60.21453],[24.88241,60.21465],[24.88356,60.21482],[24.88292,60.21587],[24.88287,60.21594],[24.88279,60.21616],[24.88258,60.21611],[24.8825,60.21643],[24.88124,60.2185],[24.87922,60.22209],[24.87879,60.22275],[24.87868,60.22291],[24.87848,60.22315],[24.87837,60.22328],[24.87821,60.22346],[24.87801,60.22365],[24.87785,60.2238],[24.87758,60.22403],[24.87725,60.22428],[24.87701,60.22445],[24.87666,60.22468],[24.87314,60.22685],[24.87267,60.22713],[24.87245,60.22728],[24.87179,60.22768],[24.87164,60.22753],[24.87155,60.22747],[24.87092,60.22721],[24.86986,60.22622],[24.86782,60.22502],[24.8676,60.22484],[24.8674,60.2247],[24.867,60.22451],[24.86666,60.22437],[24.86613,60.2242],[24.86589,60.22413],[24.86544,60.22404],[24.86413,60.2238],[24.86365,60.22375],[24.8628,60.22376],[24.86264,60.22379],[24.8623,60.22361],[24.85918,60.22403],[24.85907,60.22407],[24.85872,60.22412],[24.85865,60.2241],[24.85357,60.22479],[24.85316,60.22483],[24.85275,60.22485],[24.85249,60.22486],[24.85124,60.22485],[24.85064,60.22431],[24.85023,60.2239],[24.84972,60.2234],[24.84921,60.2229],[24.84914,60.22283],[24.84871,60.22241],[24.84837,60.22208],[24.84794,60.22167],[24.84787,60.2216],[24.84784,60.22128],[24.84782,60.22112],[24.84781,60.22101],[24.84762,60.2205],[24.84762,60.22047],[24.84773,60.2201],[24.84832,60.22013],[24.84964,60.22018],[24.85011,60.22049],[24.8507,60.22066],[24.85085,60.22067],[24.85325,60.22074],[24.85304,60.22132],[24.85317,60.22134],[24.85339,60.22141],[24.85354,60.22152],[24.85359,60.22165],[24.85782,60.22164],[24.86101,60.22115],[24.86096,60.22111],[24.86148,60.22091],[24.86146,60.22074],[24.86149,60.22056],[24.86154,60.22045],[24.86161,60.22034],[24.86171,60.22023],[24.86193,60.22006],[24.86213,60.21995],[24.86237,60.21984],[24.86848,60.2176],[24.86668,60.21661],[24.86772,60.21614],[24.86783,60.21608],[24.86794,60.21613],[24.8691,60.21524],[24.86908,60.21506],[24.87191,60.21267],[24.8728,60.21293],[24.87375,60.21331],[24.87428,60.21331],[24.87428,60.21347],[24.87393,60.21358],[24.87418,60.21364],[24.87442,60.21372],[24.87465,60.2138],[24.87675,60.21471],[24.87702,60.21463],[24.8772,60.21338],[24.87828,60.21305],[24.87915,60.21317],[24.87921,60.21313]]]}},{"type":"Feature","properties":{"code":"091491","kunta":"091","kokotun":"0916603491","name":"Yliskylä","name_sv":"Uppby","named":true,"peruspiiri_code":"091034","peruspiiri":"","source":"Helsingin kaupunki, Piirijako_osaalue (2026)","bb":[60.16438,25.02869,60.18871,25.07735],"c":[60.17522,25.05334]},"geometry":{"type":"Polygon","coordinates":[[[25.02977,60.17024],[25.02898,60.1695],[25.02885,60.1694],[25.0287,60.1693],[25.02892,60.16915],[25.02869,60.16849],[25.02885,60.16811],[25.03003,60.16748],[25.03208,60.16652],[25.03265,60.16746],[25.03347,60.16733],[25.03383,60.16753],[25.03622,60.16642],[25.03883,60.16521],[25.03999,60.16503],[25.04043,60.16575],[25.04053,60.16593],[25.04193,60.16572],[25.04245,60.16564],[25.04239,60.16556],[25.04472,60.1652],[25.0474,60.16479],[25.04794,60.16473],[25.04807,60.16478],[25.04826,60.16489],[25.04844,60.16503],[25.04855,60.16517],[25.04859,60.16527],[25.04862,60.16538],[25.0486,60.16555],[25.04858,60.16561],[25.04855,60.16567],[25.0485,60.16575],[25.04835,60.16594],[25.04815,60.16616],[25.04782,60.16649],[25.04773,60.16659],[25.04761,60.16678],[25.0475,60.16702],[25.04748,60.16713],[25.04748,60.16735],[25.04749,60.16748],[25.04751,60.16763],[25.04754,60.16779],[25.04795,60.16831],[25.04808,60.16843],[25.04897,60.16791],[25.04911,60.16789],[25.04929,60.16775],[25.04949,60.16763],[25.04972,60.16751],[25.0502,60.16732],[25.05113,60.16704],[25.05165,60.16687],[25.05451,60.16606],[25.05452,60.16602],[25.05513,60.16586],[25.05526,60.16585],[25.05624,60.16559],[25.0572,60.16539],[25.05818,60.16517],[25.06014,60.16471],[25.06148,60.1644],[25.06224,60.16438],[25.06285,60.16447],[25.06362,60.16454],[25.06401,60.16458],[25.06402,60.1663],[25.06715,60.16625],[25.06823,60.16699],[25.06924,60.16769],[25.07458,60.16834],[25.07485,60.16924],[25.07158,60.17156],[25.07735,60.17492],[25.07145,60.17831],[25.07138,60.17833],[25.06796,60.17975],[25.06759,60.17991],[25.06729,60.18004],[25.06718,60.1801],[25.06612,60.18063],[25.06587,60.18095],[25.06563,60.18129],[25.06514,60.18228],[25.06213,60.18672],[25.06071,60.18681],[25.05882,60.18736],[25.05863,60.18742],[25.05598,60.1887],[25.05565,60.18871],[25.04429,60.18593],[25.0406,60.18503],[25.04041,60.18458],[25.03921,60.18184],[25.0391,60.17884],[25.03774,60.17824],[25.03584,60.17742],[25.03584,60.17722],[25.03584,60.177],[25.03633,60.17672],[25.03732,60.17599],[25.03744,60.17589],[25.03761,60.17572],[25.03772,60.17558],[25.0378,60.17543],[25.03817,60.1746],[25.03816,60.17434],[25.03811,60.17431],[25.03771,60.17426],[25.03736,60.1742],[25.03688,60.17408],[25.03649,60.17396],[25.03615,60.17383],[25.0357,60.17362],[25.03555,60.17353],[25.0353,60.17335],[25.03508,60.17315],[25.0347,60.17279],[25.03454,60.17268],[25.03438,60.17259],[25.03333,60.17205],[25.0329,60.17182],[25.03234,60.17158],[25.03132,60.17128],[25.03106,60.17119],[25.03079,60.17107],[25.03056,60.17094],[25.03032,60.17075],[25.02977,60.17024]]]}},{"type":"Feature","properties":{"code":"091291","kunta":"091","kokotun":"0912203291","name":"Etelä-Haaga","name_sv":"Södra Haga","named":true,"peruspiiri_code":"091032","peruspiiri":"","source":"Helsingin kaupunki, Piirijako_osaalue (2026)","bb":[60.20681,24.87837,60.22374,24.90745],"c":[60.21562,24.89181]},"geometry":{"type":"Polygon","coordinates":[[[24.87921,60.21313],[24.87933,60.21305],[24.87913,60.21293],[24.87894,60.21279],[24.8788,60.21266],[24.87875,60.21253],[24.87877,60.21245],[24.87894,60.21228],[24.87911,60.21213],[24.87857,60.21199],[24.87933,60.21134],[24.87974,60.21148],[24.87982,60.21142],[24.88091,60.21124],[24.88016,60.21047],[24.88052,60.21017],[24.88434,60.20709],[24.88614,60.20693],[24.88724,60.20682],[24.88901,60.20681],[24.8897,60.20686],[24.88983,60.20688],[24.88972,60.20708],[24.88979,60.20717],[24.88947,60.20807],[24.88943,60.20847],[24.88937,60.20855],[24.88955,60.20859],[24.89009,60.20875],[24.89029,60.20878],[24.89055,60.20878],[24.89075,60.20876],[24.89571,60.20796],[24.89826,60.20767],[24.89883,60.20772],[24.89951,60.20776],[24.89963,60.20824],[24.89962,60.20871],[24.89963,60.20891],[24.89966,60.20925],[24.89972,60.20959],[24.89975,60.2097],[24.89983,60.20989],[24.90005,60.21024],[24.90013,60.21037],[24.90045,60.21074],[24.90087,60.21113],[24.90115,60.21135],[24.9016,60.21168],[24.90198,60.21195],[24.90142,60.21203],[24.90043,60.21219],[24.90057,60.21234],[24.90076,60.21235],[24.90102,60.21238],[24.90131,60.21246],[24.90162,60.21257],[24.90184,60.21266],[24.90214,60.2128],[24.90232,60.2129],[24.9028,60.21318],[24.90336,60.21357],[24.90358,60.21374],[24.90375,60.21391],[24.90407,60.21433],[24.9041,60.21442],[24.90452,60.21489],[24.90459,60.21488],[24.90469,60.21493],[24.90512,60.21513],[24.90532,60.21528],[24.90542,60.21538],[24.90552,60.21551],[24.90571,60.21582],[24.90595,60.2161],[24.90589,60.21627],[24.90614,60.21625],[24.90684,60.21708],[24.90693,60.2172],[24.90708,60.21743],[24.90734,60.21797],[24.9074,60.21814],[24.90744,60.21835],[24.90745,60.2185],[24.90745,60.21864],[24.90743,60.21889],[24.9074,60.21905],[24.90727,60.21916],[24.90677,60.21922],[24.90632,60.21923],[24.90629,60.21909],[24.90611,60.2191],[24.90602,60.21914],[24.90602,60.21927],[24.90586,60.21932],[24.90566,60.21942],[24.90551,60.21955],[24.90544,60.21969],[24.90544,60.21983],[24.90548,60.21993],[24.90593,60.22032],[24.90528,60.22038],[24.90485,60.22051],[24.90426,60.22066],[24.90365,60.22076],[24.903,60.22083],[24.90268,60.22095],[24.9024,60.221],[24.90232,60.22086],[24.90132,60.22095],[24.90053,60.22111],[24.89923,60.22132],[24.89652,60.22184],[24.89097,60.22288],[24.89012,60.22303],[24.88734,60.22355],[24.88625,60.22374],[24.87837,60.22328],[24.87848,60.22315],[24.87868,60.22291],[24.87879,60.22275],[24.87922,60.22209],[24.88124,60.2185],[24.8825,60.21643],[24.88258,60.21611],[24.88279,60.21616],[24.88287,60.21594],[24.88292,60.21587],[24.88356,60.21482],[24.88241,60.21465],[24.8821,60.21453],[24.88153,60.21399],[24.88113,60.21404],[24.88074,60.21369],[24.87921,60.21313]]]}},{"type":"Feature","properties":{"code":"235006","kunta":"235","kokotun":"2351003006","name":"Kauniainen 006","name_sv":"","named":false,"peruspiiri_code":"235003","peruspiiri":"","source":"HSY Seutukartta 2021 (pienalue)","bb":[60.21451,24.69243,60.2259,24.72549],"c":[60.21968,24.71083]},"geometry":{"type":"Polygon","coordinates":[[[24.69761,60.22135],[24.6968,60.22107],[24.69598,60.22087],[24.69529,60.22065],[24.69384,60.22007],[24.69243,60.21984],[24.69299,60.21973],[24.69397,60.21954],[24.69511,60.21919],[24.69594,60.21901],[24.69756,60.21887],[24.69831,60.2187],[24.69893,60.2183],[24.69944,60.21767],[24.69982,60.21732],[24.7007,60.21692],[24.70229,60.21642],[24.70306,60.21629],[24.7038,60.2162],[24.70553,60.21603],[24.70815,60.21578],[24.70876,60.2157],[24.70919,60.21561],[24.70969,60.21546],[24.71007,60.21531],[24.71109,60.2147],[24.71157,60.21453],[24.71235,60.21452],[24.71472,60.21451],[24.71534,60.21488],[24.7166,60.21487],[24.71824,60.2151],[24.71985,60.21553],[24.72216,60.21592],[24.72549,60.2168],[24.72547,60.21682],[24.72457,60.21797],[24.72433,60.21812],[24.72416,60.21808],[24.72397,60.21813],[24.7234,60.21826],[24.72331,60.21829],[24.72312,60.21846],[24.72308,60.21889],[24.72193,60.21983],[24.72103,60.22052],[24.72121,60.22055],[24.72103,60.22069],[24.7231,60.22155],[24.72197,60.2222],[24.72103,60.22246],[24.72091,60.22243],[24.7206,60.22238],[24.719,60.2223],[24.71847,60.22272],[24.71544,60.22508],[24.71457,60.2249],[24.7143,60.22489],[24.71351,60.22488],[24.71329,60.22499],[24.71308,60.22513],[24.71305,60.22524],[24.71286,60.2255],[24.71288,60.2259],[24.70861,60.22519],[24.70631,60.22501],[24.70632,60.22487],[24.70796,60.22322],[24.70706,60.22295],[24.70635,60.22303],[24.70562,60.22303],[24.70372,60.22284],[24.70175,60.22261],[24.69983,60.22211],[24.69761,60.22135]]]}},{"type":"Feature","properties":{"code":"235009","kunta":"235","kokotun":"2351004009","name":"Kauniainen 009","name_sv":"","named":false,"peruspiiri_code":"235004","peruspiiri":"","source":"HSY Seutukartta 2021 (pienalue)","bb":[60.21261,24.72103,60.22426,24.75088],"c":[60.21861,24.73468]},"geometry":{"type":"Polygon","coordinates":[[[24.75084,60.21827],[24.74893,60.22114],[24.74752,60.2211],[24.74546,60.22056],[24.74421,60.22002],[24.74348,60.21943],[24.74309,60.21932],[24.74265,60.21916],[24.74222,60.2189],[24.74222,60.21907],[24.73968,60.21964],[24.73902,60.21884],[24.73727,60.22055],[24.73548,60.22051],[24.73547,60.22058],[24.73531,60.22057],[24.73525,60.22094],[24.73512,60.2213],[24.73508,60.22148],[24.73546,60.22205],[24.73616,60.22251],[24.7343,60.22418],[24.7323,60.22426],[24.72949,60.22397],[24.72853,60.22383],[24.72741,60.22356],[24.72638,60.2231],[24.72562,60.22283],[24.72537,60.2227],[24.72529,60.22237],[24.72552,60.22198],[24.72188,60.22346],[24.72188,60.22309],[24.72174,60.22267],[24.72143,60.22255],[24.72103,60.22246],[24.72197,60.2222],[24.7231,60.22155],[24.72103,60.22069],[24.72121,60.22055],[24.72103,60.22052],[24.72193,60.21983],[24.72308,60.21889],[24.72312,60.21846],[24.72331,60.21829],[24.7234,60.21826],[24.72397,60.21813],[24.72416,60.21808],[24.72433,60.21812],[24.72457,60.21797],[24.72547,60.21682],[24.72549,60.2168],[24.72639,60.21623],[24.72654,60.21599],[24.7267,60.21543],[24.72683,60.21515],[24.72723,60.21474],[24.72788,60.21426],[24.72806,60.21414],[24.72806,60.21413],[24.72847,60.21435],[24.73018,60.21499],[24.73092,60.21505],[24.73194,60.21502],[24.73288,60.21485],[24.73357,60.2148],[24.73418,60.21488],[24.73466,60.21507],[24.73523,60.21386],[24.73688,60.21426],[24.73717,60.2144],[24.73744,60.21425],[24.73796,60.21261],[24.74008,60.21282],[24.7417,60.21298],[24.74266,60.21527],[24.75076,60.21818],[24.75088,60.21821],[24.75084,60.21827]]]}},{"type":"Feature","properties":{"code":"235003","kunta":"235","kokotun":"2351001003","name":"Kauniainen 003","name_sv":"","named":false,"peruspiiri_code":"235001","peruspiiri":"","source":"HSY Seutukartta 2021 (pienalue)","bb":[60.2053,24.72878,60.21298,24.7417],"c":[60.20903,24.7363]},"geometry":{"type":"Polygon","coordinates":[[[24.73562,60.21238],[24.73561,60.21198],[24.73563,60.21078],[24.73539,60.20986],[24.73464,60.20926],[24.73352,60.209],[24.73383,60.20852],[24.73291,60.20847],[24.73216,60.20799],[24.73173,60.2074],[24.73141,60.20727],[24.73066,60.20697],[24.72985,60.20661],[24.72967,60.20651],[24.72975,60.20647],[24.72878,60.20589],[24.73088,60.2053],[24.73451,60.20583],[24.73405,60.20604],[24.73389,60.20618],[24.73415,60.2064],[24.73455,60.20662],[24.73591,60.20688],[24.73656,60.20619],[24.73679,60.20638],[24.73727,60.20667],[24.73759,60.20733],[24.73916,60.20712],[24.7417,60.21298],[24.74008,60.21282],[24.73796,60.21261],[24.73562,60.21238]]]}},{"type":"Feature","properties":{"code":"235002","kunta":"235","kokotun":"2351001002","name":"Kauniainen 002","name_sv":"","named":false,"peruspiiri_code":"235001","peruspiiri":"","source":"HSY Seutukartta 2021 (pienalue)","bb":[60.20541,24.71958,60.21238,24.73563],"c":[60.20927,24.72803]},"geometry":{"type":"Polygon","coordinates":[[[24.71958,60.21027],[24.72218,60.2081],[24.72238,60.20791],[24.72287,60.20697],[24.72271,60.20671],[24.72525,60.206],[24.72563,60.20573],[24.72654,60.20541],[24.72771,60.20618],[24.72878,60.20589],[24.72975,60.20647],[24.72967,60.20651],[24.72985,60.20661],[24.73066,60.20697],[24.73141,60.20727],[24.73173,60.2074],[24.73216,60.20799],[24.73291,60.20847],[24.73383,60.20852],[24.73352,60.209],[24.73464,60.20926],[24.73539,60.20986],[24.73563,60.21078],[24.73561,60.21198],[24.73562,60.21238],[24.73266,60.2121],[24.73067,60.21191],[24.72899,60.21175],[24.72551,60.21141],[24.72442,60.2113],[24.72364,60.21119],[24.72277,60.21103],[24.72163,60.2108],[24.7206,60.21055],[24.71958,60.21027]]]}},{"type":"Feature","properties":{"code":"235001","kunta":"235","kokotun":"2351001001","name":"Kauniainen 001","name_sv":"","named":false,"peruspiiri_code":"235001","peruspiiri":"","source":"HSY Seutukartta 2021 (pienalue)","bb":[60.20256,24.7159,60.21027,24.72654],"c":[60.20595,24.72075]},"geometry":{"type":"Polygon","coordinates":[[[24.71614,60.20902],[24.71825,60.20824],[24.71951,60.20771],[24.7159,60.20412],[24.71815,60.20361],[24.7215,60.20274],[24.7222,60.20256],[24.72654,60.20541],[24.72563,60.20573],[24.72525,60.206],[24.72271,60.20671],[24.72287,60.20697],[24.72238,60.20791],[24.72218,60.2081],[24.71958,60.21027],[24.71874,60.21002],[24.71788,60.20972],[24.71738,60.20954],[24.7166,60.20923],[24.71614,60.20902]]]}},{"type":"Feature","properties":{"code":"235004","kunta":"235","kokotun":"2351002004","name":"Kauniainen 004","name_sv":"","named":false,"peruspiiri_code":"235002","peruspiiri":"","source":"HSY Seutukartta 2021 (pienalue)","bb":[60.20603,24.67525,60.21984,24.71958],"c":[60.21246,24.69621]},"geometry":{"type":"Polygon","coordinates":[[[24.69243,60.21984],[24.69076,60.21958],[24.69082,60.21896],[24.68965,60.21886],[24.68869,60.2182],[24.68546,60.21753],[24.67744,60.21539],[24.67577,60.21201],[24.67525,60.21104],[24.69023,60.20673],[24.69185,60.20694],[24.69214,60.20701],[24.69261,60.20711],[24.69268,60.20704],[24.69533,60.2075],[24.69655,60.20759],[24.69754,60.20763],[24.69766,60.20761],[24.69967,60.20739],[24.70187,60.20682],[24.70329,60.20644],[24.70511,60.20611],[24.70613,60.20603],[24.70716,60.20605],[24.70711,60.20671],[24.70986,60.20827],[24.71371,60.20992],[24.71614,60.20902],[24.7166,60.20923],[24.71738,60.20954],[24.71788,60.20972],[24.71874,60.21002],[24.71958,60.21027],[24.71885,60.21083],[24.71794,60.21149],[24.71833,60.21164],[24.71784,60.21195],[24.71718,60.21238],[24.71682,60.21273],[24.71578,60.21427],[24.71483,60.21451],[24.71472,60.21451],[24.71235,60.21452],[24.71157,60.21453],[24.71109,60.2147],[24.71007,60.21531],[24.70969,60.21546],[24.70919,60.21561],[24.70876,60.2157],[24.70815,60.21578],[24.70553,60.21603],[24.7038,60.2162],[24.70306,60.21629],[24.70229,60.21642],[24.7007,60.21692],[24.69982,60.21732],[24.69944,60.21767],[24.69893,60.2183],[24.69831,60.2187],[24.69756,60.21887],[24.69594,60.21901],[24.69511,60.21919],[24.69397,60.21954],[24.69299,60.21973],[24.69243,60.21984]]]}},{"type":"Feature","properties":{"code":"235007","kunta":"235","kokotun":"2351003007","name":"Kauniainen 007","name_sv":"","named":false,"peruspiiri_code":"235003","peruspiiri":"","source":"HSY Seutukartta 2021 (pienalue)","bb":[60.21258,24.71472,60.2168,24.72818],"c":[60.21459,24.72286]},"geometry":{"type":"Polygon","coordinates":[[[24.72549,60.2168],[24.72216,60.21592],[24.71985,60.21553],[24.71824,60.2151],[24.7166,60.21487],[24.71534,60.21488],[24.71472,60.21451],[24.71483,60.21451],[24.71578,60.21427],[24.71704,60.21395],[24.71919,60.21371],[24.72146,60.21373],[24.72286,60.21314],[24.72672,60.21258],[24.72726,60.21325],[24.72742,60.21344],[24.72775,60.21377],[24.72784,60.21376],[24.72818,60.21405],[24.72806,60.21414],[24.72788,60.21426],[24.72723,60.21474],[24.72683,60.21515],[24.7267,60.21543],[24.72654,60.21599],[24.72639,60.21623],[24.72549,60.2168]]]}},{"type":"Feature","properties":{"code":"235005","kunta":"235","kokotun":"2351002005","name":"Kauniainen 005","name_sv":"","named":false,"peruspiiri_code":"235002","peruspiiri":"","source":"HSY Seutukartta 2021 (pienalue)","bb":[60.21027,24.71578,60.21427,24.72899],"c":[60.21227,24.7216]},"geometry":{"type":"Polygon","coordinates":[[[24.71958,60.21027],[24.7206,60.21055],[24.72163,60.2108],[24.72277,60.21103],[24.72364,60.21119],[24.72442,60.2113],[24.72551,60.21141],[24.72899,60.21175],[24.72864,60.21252],[24.72772,60.21244],[24.72672,60.21258],[24.72286,60.21314],[24.72146,60.21373],[24.71919,60.21371],[24.71704,60.21395],[24.71578,60.21427],[24.71682,60.21273],[24.71718,60.21238],[24.71784,60.21195],[24.71833,60.21164],[24.71794,60.21149],[24.71885,60.21083],[24.71958,60.21027]]]}},{"type":"Feature","properties":{"code":"235008","kunta":"235","kokotun":"2351004008","name":"Kauniainen 008","name_sv":"","named":false,"peruspiiri_code":"235004","peruspiiri":"","source":"HSY Seutukartta 2021 (pienalue)","bb":[60.21175,24.72672,60.21507,24.73796],"c":[60.2134,24.73227]},"geometry":{"type":"Polygon","coordinates":[[[24.72899,60.21175],[24.73067,60.21191],[24.73266,60.2121],[24.73467,60.21229],[24.73562,60.21238],[24.73796,60.21261],[24.73744,60.21425],[24.73717,60.21441],[24.73688,60.21426],[24.73523,60.21386],[24.73466,60.21507],[24.73418,60.21488],[24.73357,60.2148],[24.73288,60.21485],[24.73194,60.21502],[24.73092,60.21505],[24.73018,60.21499],[24.72847,60.21435],[24.72806,60.21413],[24.72818,60.21405],[24.72792,60.21383],[24.72784,60.21376],[24.72775,60.21377],[24.72742,60.21344],[24.72726,60.21325],[24.72672,60.21258],[24.72772,60.21244],[24.72864,60.21252],[24.72899,60.21175]]]}},{"type":"Feature","properties":{"code":"049643","kunta":"049","kokotun":"0496064643","name":"Siikajärvi","name_sv":"","named":true,"peruspiiri_code":"049064","peruspiiri":"Nuuksio-Nupuri","source":"HSY Seutukartta 2021 (pienalue)","bb":[60.24444,24.4993,60.30203,24.59301],"c":[60.27191,24.54132]},"geometry":{"type":"Polygon","coordinates":[[[24.50852,60.30203],[24.51038,60.29654],[24.51068,60.29564],[24.51136,60.29368],[24.51172,60.2926],[24.51204,60.29173],[24.51174,60.29164],[24.51075,60.29131],[24.50713,60.29013],[24.50504,60.28946],[24.4993,60.28759],[24.51146,60.28549],[24.51431,60.285],[24.51466,60.28395],[24.51557,60.28129],[24.5106,60.27808],[24.50786,60.27629],[24.5067,60.27555],[24.50537,60.27469],[24.50444,60.27409],[24.50443,60.26956],[24.50443,60.26913],[24.50442,60.26805],[24.5044,60.26208],[24.50439,60.26107],[24.50439,60.26076],[24.50437,60.25927],[24.50437,60.25882],[24.50436,60.25753],[24.50435,60.25704],[24.50433,60.25543],[24.50569,60.25485],[24.5062,60.25463],[24.5107,60.2527],[24.51143,60.25238],[24.51439,60.25112],[24.51544,60.25068],[24.51678,60.25011],[24.51776,60.2497],[24.52342,60.24727],[24.52459,60.24676],[24.52502,60.24658],[24.52503,60.24634],[24.52507,60.24444],[24.53883,60.24979],[24.5402,60.24939],[24.54191,60.24897],[24.54304,60.24865],[24.54425,60.24833],[24.54724,60.24769],[24.54847,60.24745],[24.54885,60.24744],[24.55054,60.24706],[24.55209,60.24685],[24.5529,60.24665],[24.55522,60.24635],[24.55758,60.24607],[24.55901,60.24593],[24.55996,60.2458],[24.56025,60.24585],[24.56156,60.24565],[24.56228,60.2456],[24.56312,60.24558],[24.56365,60.2456],[24.57733,60.25782],[24.57944,60.25843],[24.58958,60.26042],[24.59301,60.26022],[24.59194,60.26231],[24.58898,60.26598],[24.58429,60.27182],[24.57696,60.27812],[24.5737,60.28018],[24.56337,60.28643],[24.54501,60.29883],[24.5422,60.30124],[24.50852,60.30203]]]}},{"type":"Feature","properties":{"code":"049644","kunta":"049","kokotun":"0496064644","name":"Nuuksionpää","name_sv":"","named":true,"peruspiiri_code":"049064","peruspiiri":"Nuuksio-Nupuri","source":"HSY Seutukartta 2021 (pienalue)","bb":[60.26022,24.50017,60.32629,24.63644],"c":[60.2932,24.57969]},"geometry":{"type":"Polygon","coordinates":[[[24.56249,60.31416],[24.5585,60.31491],[24.55482,60.31565],[24.5524,60.31612],[24.54541,60.31749],[24.53964,60.3186],[24.52944,60.32059],[24.52494,60.32145],[24.5171,60.32302],[24.5127,60.32388],[24.51065,60.32426],[24.50659,60.32504],[24.50576,60.3252],[24.50017,60.32629],[24.50193,60.32125],[24.50205,60.32087],[24.50233,60.32011],[24.50381,60.31573],[24.50458,60.3135],[24.50524,60.31167],[24.50606,60.30926],[24.50805,60.30335],[24.50852,60.30203],[24.5422,60.30124],[24.54501,60.29883],[24.56337,60.28643],[24.5737,60.28018],[24.57696,60.27812],[24.58429,60.27182],[24.58898,60.26598],[24.59194,60.26231],[24.59301,60.26022],[24.59943,60.26072],[24.60164,60.26102],[24.6022,60.26106],[24.61206,60.26248],[24.63018,60.26132],[24.63132,60.26538],[24.63138,60.26819],[24.63311,60.27603],[24.63573,60.27937],[24.63438,60.28143],[24.63448,60.28244],[24.63644,60.30208],[24.62394,60.30214],[24.61555,60.30218],[24.60463,60.3033],[24.58908,60.3028],[24.58506,60.30458],[24.56249,60.31416]]]}},{"type":"Feature","properties":{"code":"049512","kunta":"049","kokotun":"0495051512","name":"Espoonkartano","name_sv":"","named":true,"peruspiiri_code":"049051","peruspiiri":"Kanta-Kauklahti","source":"HSY Seutukartta 2021 (pienalue)","bb":[60.18168,24.5026,60.23102,24.61547],"c":[60.20752,24.55487]},"geometry":{"type":"Polygon","coordinates":[[[24.52541,60.23102],[24.52465,60.23058],[24.52357,60.23001],[24.52152,60.22888],[24.51994,60.22801],[24.51706,60.22649],[24.51512,60.22451],[24.51157,60.22111],[24.51159,60.22091],[24.5106,60.2199],[24.51026,60.21988],[24.50771,60.21739],[24.50686,60.21656],[24.50669,60.2164],[24.5026,60.21536],[24.5032,60.21286],[24.52476,60.20538],[24.5277,60.20623],[24.52813,60.20619],[24.52819,60.20635],[24.53229,60.20619],[24.53395,60.20601],[24.53388,60.20579],[24.5338,60.20558],[24.53458,60.20561],[24.5347,60.20558],[24.53483,60.20532],[24.53525,60.20494],[24.53642,60.20457],[24.53648,60.20176],[24.53648,60.20057],[24.53652,60.20013],[24.53645,60.19897],[24.53633,60.19757],[24.53621,60.19647],[24.53483,60.1964],[24.53271,60.1963],[24.52759,60.19605],[24.51639,60.19552],[24.5267,60.19539],[24.52808,60.19604],[24.52875,60.19561],[24.52868,60.19538],[24.53021,60.19468],[24.5326,60.19358],[24.53585,60.19212],[24.53808,60.1911],[24.54554,60.18778],[24.54882,60.18632],[24.55019,60.1857],[24.55181,60.18499],[24.55292,60.18448],[24.55384,60.18405],[24.55338,60.18326],[24.55476,60.18288],[24.55653,60.18283],[24.55681,60.18277],[24.55632,60.18254],[24.55703,60.18229],[24.5576,60.18208],[24.55882,60.18208],[24.56045,60.18168],[24.56076,60.18194],[24.56119,60.18223],[24.56164,60.1825],[24.56217,60.18276],[24.56288,60.18307],[24.56347,60.18331],[24.56408,60.18355],[24.56491,60.18379],[24.56558,60.18397],[24.56627,60.18419],[24.56747,60.18451],[24.56824,60.18474],[24.5685,60.18483],[24.56906,60.185],[24.57022,60.18538],[24.57101,60.18565],[24.57179,60.18594],[24.57231,60.18614],[24.57242,60.18618],[24.57277,60.18632],[24.57288,60.18639],[24.57369,60.18672],[24.57449,60.18711],[24.57497,60.18735],[24.57597,60.18785],[24.5765,60.18814],[24.57707,60.18851],[24.57781,60.18904],[24.57803,60.18915],[24.5783,60.18944],[24.57857,60.18956],[24.57865,60.18959],[24.57906,60.18988],[24.57944,60.19033],[24.57992,60.19075],[24.58055,60.19145],[24.58102,60.1921],[24.5816,60.19293],[24.58228,60.19394],[24.58262,60.19438],[24.58306,60.19498],[24.58332,60.1952],[24.58362,60.19547],[24.58417,60.19588],[24.58514,60.19657],[24.58584,60.197],[24.58684,60.19756],[24.58733,60.19776],[24.58796,60.19795],[24.58838,60.19815],[24.58901,60.19844],[24.58974,60.19864],[24.58988,60.19874],[24.59037,60.19894],[24.59141,60.19926],[24.59179,60.19943],[24.59262,60.19968],[24.59292,60.19977],[24.59331,60.19992],[24.59584,60.20077],[24.59652,60.20102],[24.59911,60.2018],[24.60119,60.20242],[24.60206,60.20262],[24.60292,60.20276],[24.60379,60.20294],[24.60477,60.20311],[24.60701,60.20335],[24.60839,60.20349],[24.61022,60.20363],[24.61151,60.20376],[24.6129,60.20392],[24.61386,60.20406],[24.61547,60.20427],[24.61405,60.20538],[24.61255,60.20654],[24.60661,60.21114],[24.60443,60.21067],[24.60279,60.21033],[24.59983,60.20965],[24.59645,60.21464],[24.59521,60.21641],[24.59487,60.21639],[24.59451,60.21644],[24.5942,60.21646],[24.59393,60.21642],[24.59374,60.21638],[24.59356,60.21639],[24.5928,60.21652],[24.59258,60.21651],[24.59228,60.21643],[24.59211,60.2164],[24.59156,60.21634],[24.59127,60.21634],[24.59084,60.21628],[24.59062,60.21626],[24.59054,60.21623],[24.59038,60.21609],[24.59025,60.21601],[24.58996,60.21595],[24.5894,60.21594],[24.58881,60.21589],[24.58858,60.21592],[24.58817,60.21601],[24.58761,60.21616],[24.58752,60.21617],[24.58739,60.21614],[24.58714,60.21601],[24.58696,60.21596],[24.58669,60.21593],[24.58614,60.21602],[24.58584,60.21605],[24.58551,60.21609],[24.58505,60.2163],[24.58473,60.21635],[24.58459,60.21636],[24.58436,60.21636],[24.58372,60.21629],[24.58336,60.21631],[24.58299,60.21612],[24.58258,60.21609],[24.58234,60.21606],[24.58209,60.21585],[24.58177,60.21584],[24.5815,60.21578],[24.58139,60.2157],[24.58129,60.21568],[24.58107,60.21569],[24.58064,60.21568],[24.58049,60.21573],[24.58027,60.21582],[24.58001,60.21588],[24.57973,60.2159],[24.57948,60.21594],[24.57928,60.21606],[24.57909,60.2161],[24.57894,60.21607],[24.57865,60.21602],[24.57845,60.21604],[24.57828,60.21612],[24.57805,60.21639],[24.57789,60.2165],[24.57762,60.21653],[24.57738,60.21643],[24.57592,60.21664],[24.57515,60.21677],[24.57408,60.21683],[24.5722,60.217],[24.56218,60.21793],[24.55378,60.22257],[24.53862,60.23092],[24.53772,60.23064],[24.5353,60.23065],[24.52541,60.23102]]]}},{"type":"Feature","properties":{"code":"049645","kunta":"049","kokotun":"0496064645","name":"Ämmässuo","name_sv":"","named":true,"peruspiiri_code":"049064","peruspiiri":"Nuuksio-Nupuri","source":"HSY Seutukartta 2021 (pienalue)","bb":[60.22257,24.52507,60.24979,24.57369],"c":[60.23645,24.54818]},"geometry":{"type":"Polygon","coordinates":[[[24.52507,60.24444],[24.52515,60.24145],[24.52534,60.23354],[24.52541,60.23102],[24.5353,60.23065],[24.53772,60.23064],[24.53862,60.23092],[24.55378,60.22257],[24.56968,60.22515],[24.57006,60.2258],[24.57369,60.23169],[24.56483,60.23614],[24.55976,60.23888],[24.56192,60.23966],[24.56588,60.24378],[24.56632,60.24386],[24.56823,60.24419],[24.56872,60.24426],[24.56917,60.24431],[24.56913,60.24435],[24.56957,60.24465],[24.56953,60.24481],[24.56959,60.24481],[24.56946,60.24514],[24.56916,60.24545],[24.56876,60.24569],[24.56791,60.24586],[24.56743,60.24593],[24.56621,60.24585],[24.5654,60.24579],[24.5638,60.2456],[24.56365,60.2456],[24.56312,60.24558],[24.56228,60.2456],[24.56156,60.24565],[24.56025,60.24585],[24.55996,60.2458],[24.55901,60.24593],[24.55758,60.24607],[24.55522,60.24635],[24.5529,60.24665],[24.55209,60.24685],[24.55054,60.24706],[24.54885,60.24744],[24.54847,60.24745],[24.54724,60.24769],[24.54425,60.24833],[24.54304,60.24865],[24.54191,60.24897],[24.5402,60.24939],[24.53883,60.24979],[24.52507,60.24444]]]}},{"type":"Feature","properties":{"code":"049642","kunta":"049","kokotun":"0496064642","name":"Vanha-Nuuksio-Nupuri","name_sv":"","named":true,"peruspiiri_code":"049064","peruspiiri":"Nuuksio-Nupuri","source":"HSY Seutukartta 2021 (pienalue)","bb":[60.21568,24.55378,60.26248,24.63018],"c":[60.24008,24.59399]},"geometry":{"type":"Polygon","coordinates":[[[24.55378,60.22257],[24.56218,60.21793],[24.5722,60.217],[24.57408,60.21683],[24.57515,60.21677],[24.57592,60.21664],[24.57738,60.21643],[24.57762,60.21653],[24.57789,60.2165],[24.57805,60.21639],[24.57828,60.21612],[24.57845,60.21604],[24.57865,60.21602],[24.57894,60.21607],[24.57909,60.2161],[24.57928,60.21606],[24.57948,60.21594],[24.57973,60.2159],[24.58001,60.21588],[24.58027,60.21582],[24.58049,60.21573],[24.58064,60.21568],[24.58107,60.21569],[24.58129,60.21568],[24.58139,60.2157],[24.5815,60.21578],[24.58177,60.21584],[24.58209,60.21585],[24.58234,60.21606],[24.58258,60.21609],[24.58299,60.21612],[24.58336,60.21631],[24.58372,60.21629],[24.58436,60.21636],[24.58459,60.21636],[24.58473,60.21635],[24.58505,60.2163],[24.58551,60.21609],[24.58584,60.21605],[24.58614,60.21602],[24.58669,60.21593],[24.58696,60.21596],[24.58714,60.21601],[24.58739,60.21614],[24.58752,60.21617],[24.58761,60.21616],[24.58817,60.21601],[24.58858,60.21592],[24.58881,60.21589],[24.5894,60.21594],[24.58996,60.21595],[24.59025,60.21601],[24.59038,60.21609],[24.59054,60.21623],[24.59062,60.21626],[24.59084,60.21628],[24.59127,60.21634],[24.59156,60.21634],[24.59211,60.2164],[24.59228,60.21643],[24.59258,60.21651],[24.5928,60.21652],[24.59356,60.21639],[24.59374,60.21638],[24.59393,60.21642],[24.5942,60.21646],[24.59451,60.21644],[24.59487,60.21639],[24.59521,60.21641],[24.59536,60.21646],[24.5957,60.21659],[24.59911,60.21791],[24.59928,60.21797],[24.60091,60.21862],[24.60168,60.21891],[24.60183,60.2193],[24.60167,60.21951],[24.60169,60.21963],[24.60164,60.2197],[24.60145,60.21989],[24.60154,60.21998],[24.60248,60.22025],[24.60271,60.22036],[24.60284,60.22045],[24.60328,60.22097],[24.6035,60.22109],[24.60387,60.22117],[24.60407,60.22135],[24.60413,60.22145],[24.60417,60.22165],[24.60423,60.22176],[24.60417,60.22189],[24.6044,60.22209],[24.60452,60.22214],[24.60466,60.22216],[24.60485,60.22211],[24.60526,60.22205],[24.60545,60.22206],[24.60552,60.22208],[24.60572,60.22228],[24.60589,60.22234],[24.60614,60.22238],[24.60626,60.22244],[24.60632,60.22253],[24.60632,60.22258],[24.60625,60.22271],[24.60611,60.22282],[24.60609,60.22292],[24.60614,60.22302],[24.60622,60.22311],[24.60652,60.22328],[24.60664,60.22339],[24.6069,60.2235],[24.60714,60.22363],[24.60721,60.22371],[24.60724,60.22378],[24.60725,60.22392],[24.60742,60.22409],[24.60752,60.22413],[24.60757,60.22418],[24.60684,60.22527],[24.60633,60.22617],[24.60618,60.22685],[24.60689,60.22744],[24.6075,60.22802],[24.60865,60.22844],[24.60943,60.22864],[24.61208,60.2295],[24.61513,60.22964],[24.61618,60.22967],[24.61852,60.23171],[24.61941,60.23302],[24.62185,60.2356],[24.62317,60.24197],[24.62401,60.24606],[24.62423,60.24715],[24.62628,60.25206],[24.62664,60.2529],[24.62885,60.25816],[24.63018,60.26132],[24.61206,60.26248],[24.6022,60.26106],[24.60164,60.26102],[24.59943,60.26072],[24.59301,60.26022],[24.58958,60.26042],[24.57944,60.25843],[24.57733,60.25782],[24.56365,60.2456],[24.5638,60.2456],[24.5654,60.24579],[24.56621,60.24585],[24.56743,60.24593],[24.56791,60.24586],[24.56876,60.24569],[24.56916,60.24545],[24.56946,60.24514],[24.56959,60.24481],[24.56953,60.24481],[24.56957,60.24465],[24.56913,60.24435],[24.56917,60.24431],[24.56872,60.24426],[24.56823,60.24419],[24.56632,60.24386],[24.56588,60.24378],[24.56192,60.23966],[24.55976,60.23888],[24.56483,60.23614],[24.57369,60.23169],[24.57006,60.2258],[24.56968,60.22515],[24.55378,60.22257]]]}},{"type":"Feature","properties":{"code":"049725","kunta":"049","kokotun":"0497072725","name":"Velskola","name_sv":"","named":true,"peruspiiri_code":"049072","peruspiiri":"Kalajärvi-Lakisto","source":"HSY Seutukartta 2021 (pienalue)","bb":[60.30208,24.56249,60.33366,24.66445],"c":[60.31617,24.61603]},"geometry":{"type":"Polygon","coordinates":[[[24.56249,60.31416],[24.58506,60.30458],[24.58908,60.3028],[24.60463,60.3033],[24.61555,60.30218],[24.62394,60.30214],[24.63644,60.30208],[24.63763,60.30385],[24.64324,60.31214],[24.65247,60.31324],[24.65775,60.31223],[24.65782,60.31242],[24.65793,60.31266],[24.65804,60.3128],[24.65814,60.31289],[24.65841,60.31308],[24.65847,60.31316],[24.65861,60.31325],[24.65876,60.31335],[24.6589,60.31345],[24.659,60.31356],[24.65926,60.31392],[24.66275,60.31954],[24.66435,60.32545],[24.66445,60.32568],[24.66326,60.32565],[24.66233,60.32558],[24.66001,60.32549],[24.65849,60.32544],[24.65762,60.32543],[24.65638,60.32553],[24.65527,60.32552],[24.65355,60.32573],[24.653,60.32578],[24.65154,60.32593],[24.65006,60.32607],[24.64913,60.32617],[24.64872,60.32623],[24.64822,60.32628],[24.64754,60.32638],[24.64751,60.32632],[24.6474,60.32633],[24.64727,60.32641],[24.64709,60.32643],[24.64691,60.3264],[24.64669,60.32641],[24.64625,60.32643],[24.64525,60.32657],[24.64442,60.32663],[24.64163,60.32691],[24.64064,60.32702],[24.64012,60.32712],[24.63954,60.32717],[24.6384,60.32737],[24.63791,60.32749],[24.6374,60.32758],[24.63404,60.32839],[24.63379,60.32848],[24.63208,60.32886],[24.63046,60.32916],[24.62909,60.32939],[24.62599,60.32979],[24.62449,60.32998],[24.62279,60.33021],[24.621,60.33042],[24.61868,60.33072],[24.61667,60.331],[24.61615,60.33109],[24.61413,60.33141],[24.61185,60.33193],[24.61043,60.33231],[24.60887,60.33277],[24.60806,60.33304],[24.60659,60.3335],[24.60601,60.33366],[24.60582,60.33348],[24.60506,60.33283],[24.60197,60.32998],[24.60154,60.32958],[24.59565,60.32419],[24.58861,60.32211],[24.5801,60.31957],[24.56683,60.31548],[24.56249,60.31416]]]}},{"type":"Feature","properties":{"code":"049311","kunta":"049","kokotun":"0493031311","name":"Matinmetsä","name_sv":"","named":true,"peruspiiri_code":"049031","peruspiiri":"Matinkylä","source":"HSY Seutukartta 2021 (pienalue)","bb":[60.14768,24.73587,60.15993,24.75183],"c":[60.153,24.74308]},"geometry":{"type":"Polygon","coordinates":[[[24.73587,60.15895],[24.73697,60.15759],[24.74146,60.15244],[24.74023,60.15136],[24.73784,60.14964],[24.73881,60.14872],[24.73898,60.14863],[24.73924,60.14842],[24.73969,60.14827],[24.74024,60.14822],[24.74077,60.14814],[24.74185,60.14785],[24.74259,60.14769],[24.74303,60.14768],[24.74544,60.14789],[24.74713,60.14813],[24.7474,60.14828],[24.74769,60.14859],[24.7484,60.14938],[24.74888,60.14978],[24.74922,60.14991],[24.74967,60.15004],[24.75086,60.15027],[24.75183,60.15044],[24.75163,60.1507],[24.75132,60.151],[24.75084,60.15132],[24.75019,60.15164],[24.74931,60.15205],[24.74785,60.15278],[24.74713,60.15332],[24.74626,60.15406],[24.74537,60.15505],[24.74319,60.15758],[24.7411,60.15993],[24.74084,60.15988],[24.73642,60.15897],[24.73587,60.15895]]]}},{"type":"Feature","properties":{"code":"049521","kunta":"049","kokotun":"0495052521","name":"Kurttila","name_sv":"","named":true,"peruspiiri_code":"049052","peruspiiri":"Kurttila-Vanttila","source":"HSY Seutukartta 2021 (pienalue)","bb":[60.16377,24.56045,60.18956,24.61579],"c":[60.17649,24.58694]},"geometry":{"type":"Polygon","coordinates":[[[24.56045,60.18168],[24.56305,60.18105],[24.56372,60.18088],[24.56852,60.17947],[24.56908,60.17929],[24.56902,60.17914],[24.569,60.17896],[24.56889,60.17875],[24.56874,60.1786],[24.56849,60.17842],[24.56815,60.17815],[24.56789,60.17789],[24.5677,60.17759],[24.5676,60.17736],[24.5676,60.1772],[24.56769,60.177],[24.56782,60.17666],[24.56793,60.17629],[24.56795,60.17615],[24.56795,60.17594],[24.568,60.17576],[24.5682,60.17545],[24.56829,60.17535],[24.57012,60.17408],[24.57229,60.17262],[24.56738,60.16793],[24.57701,60.16377],[24.58778,60.1653],[24.58901,60.16391],[24.59468,60.16669],[24.59641,60.16848],[24.59686,60.16894],[24.59748,60.16921],[24.60244,60.16969],[24.60374,60.17031],[24.60381,60.17046],[24.60405,60.17061],[24.60442,60.17084],[24.6051,60.17099],[24.6061,60.17166],[24.60619,60.17174],[24.60628,60.17173],[24.60644,60.17176],[24.6077,60.17219],[24.60784,60.17231],[24.60789,60.17245],[24.60791,60.17261],[24.60803,60.1727],[24.60963,60.1733],[24.60966,60.17336],[24.61559,60.17259],[24.61579,60.17257],[24.61469,60.17373],[24.61446,60.17402],[24.61307,60.17584],[24.61284,60.17619],[24.61278,60.17642],[24.61246,60.17679],[24.61216,60.17709],[24.61155,60.17792],[24.6112,60.17837],[24.61092,60.17867],[24.61073,60.17891],[24.61071,60.17898],[24.61048,60.17925],[24.61028,60.17957],[24.61004,60.17992],[24.60977,60.1802],[24.60961,60.18017],[24.60934,60.18047],[24.60963,60.18052],[24.60939,60.18081],[24.60932,60.18093],[24.6093,60.181],[24.60905,60.18132],[24.60886,60.18145],[24.60865,60.18161],[24.60837,60.1818],[24.60805,60.18202],[24.60771,60.18222],[24.60736,60.18242],[24.60698,60.18261],[24.60659,60.18279],[24.60619,60.18296],[24.60577,60.18313],[24.60492,60.18343],[24.60468,60.18352],[24.6043,60.18364],[24.60376,60.18379],[24.60324,60.18391],[24.60266,60.18403],[24.60206,60.18414],[24.60119,60.18428],[24.60035,60.18439],[24.59885,60.18457],[24.59775,60.18469],[24.59737,60.18471],[24.59312,60.18517],[24.59262,60.18527],[24.5923,60.18532],[24.59188,60.18541],[24.5915,60.1855],[24.59045,60.18577],[24.59026,60.18572],[24.58951,60.18608],[24.58945,60.18607],[24.58828,60.18652],[24.58749,60.18682],[24.58716,60.18695],[24.58711,60.18701],[24.58697,60.18697],[24.58639,60.18714],[24.58607,60.18726],[24.58561,60.18753],[24.58541,60.18761],[24.58531,60.18753],[24.58495,60.18767],[24.58504,60.18774],[24.58437,60.18797],[24.58366,60.18821],[24.58322,60.18831],[24.58301,60.18839],[24.58272,60.18855],[24.58158,60.18891],[24.5811,60.18911],[24.57857,60.18956],[24.5783,60.18944],[24.57803,60.18915],[24.57781,60.18904],[24.57707,60.18851],[24.5765,60.18814],[24.57597,60.18785],[24.57497,60.18735],[24.57449,60.18711],[24.57369,60.18672],[24.57288,60.18639],[24.57277,60.18632],[24.57242,60.18618],[24.57231,60.18614],[24.57179,60.18594],[24.57101,60.18565],[24.57022,60.18538],[24.56906,60.185],[24.5685,60.18483],[24.56824,60.18474],[24.56747,60.18451],[24.56627,60.18419],[24.56558,60.18397],[24.56491,60.18379],[24.56408,60.18355],[24.56347,60.18331],[24.56288,60.18307],[24.56217,60.18276],[24.56164,60.1825],[24.56119,60.18223],[24.56076,60.18194],[24.56045,60.18168]]]}},{"type":"Feature","properties":{"code":"049511","kunta":"049","kokotun":"0495051511","name":"Kauklahti","name_sv":"","named":true,"peruspiiri_code":"049051","peruspiiri":"Kanta-Kauklahti","source":"HSY Seutukartta 2021 (pienalue)","bb":[60.18572,24.57857,60.20427,24.6226],"c":[60.1953,24.60004]},"geometry":{"type":"Polygon","coordinates":[[[24.57857,60.18956],[24.5811,60.18911],[24.58158,60.18891],[24.58272,60.18855],[24.58301,60.18839],[24.58322,60.18831],[24.58366,60.18821],[24.58437,60.18797],[24.58504,60.18774],[24.58495,60.18767],[24.58531,60.18753],[24.58541,60.18761],[24.58561,60.18753],[24.58607,60.18726],[24.58639,60.18714],[24.58697,60.18697],[24.58711,60.18701],[24.58716,60.18695],[24.58749,60.18682],[24.58828,60.18652],[24.58945,60.18607],[24.58951,60.18608],[24.59026,60.18572],[24.59045,60.18577],[24.59162,60.18619],[24.59249,60.18645],[24.59376,60.18689],[24.59383,60.18684],[24.59467,60.18712],[24.59475,60.18707],[24.59668,60.18775],[24.59694,60.18756],[24.5994,60.18845],[24.59929,60.18852],[24.60045,60.18893],[24.6017,60.18884],[24.60641,60.1905],[24.60641,60.19065],[24.60595,60.19097],[24.60619,60.19106],[24.60666,60.19121],[24.60806,60.19184],[24.60935,60.19241],[24.60933,60.19243],[24.60971,60.19257],[24.61204,60.19342],[24.61207,60.1934],[24.61247,60.19354],[24.61242,60.19357],[24.61327,60.19392],[24.61346,60.19398],[24.61457,60.19445],[24.6149,60.1946],[24.61494,60.19466],[24.61676,60.19546],[24.61729,60.1957],[24.62083,60.19725],[24.62107,60.1973],[24.62229,60.19782],[24.6226,60.19794],[24.62184,60.1983],[24.61992,60.19923],[24.61649,60.20308],[24.61547,60.20427],[24.61386,60.20406],[24.6129,60.20392],[24.61151,60.20376],[24.61022,60.20363],[24.60839,60.20349],[24.60701,60.20335],[24.60477,60.20311],[24.60379,60.20294],[24.60292,60.20276],[24.60206,60.20262],[24.60119,60.20242],[24.59911,60.2018],[24.59652,60.20102],[24.59584,60.20077],[24.59331,60.19992],[24.59292,60.19977],[24.59262,60.19968],[24.59179,60.19943],[24.59141,60.19926],[24.59037,60.19894],[24.58988,60.19874],[24.58974,60.19864],[24.58901,60.19844],[24.58838,60.19815],[24.58796,60.19795],[24.58733,60.19776],[24.58684,60.19756],[24.58584,60.197],[24.58514,60.19657],[24.58417,60.19588],[24.58362,60.19547],[24.58332,60.1952],[24.58306,60.19498],[24.58262,60.19438],[24.58228,60.19394],[24.5816,60.19293],[24.58102,60.1921],[24.58055,60.19145],[24.57992,60.19075],[24.57944,60.19033],[24.57906,60.18988],[24.57865,60.18959],[24.57857,60.18956]]]}},{"type":"Feature","properties":{"code":"049423","kunta":"049","kokotun":"0494042423","name":"Saunaniemi","name_sv":"","named":true,"peruspiiri_code":"049042","peruspiiri":"Saunalahti","source":"HSY Seutukartta 2021 (pienalue)","bb":[60.15694,24.58901,60.17336,24.6274],"c":[60.16456,24.60926]},"geometry":{"type":"Polygon","coordinates":[[[24.58901,60.16391],[24.59255,60.15988],[24.59942,60.15989],[24.6093,60.15694],[24.61238,60.15791],[24.61334,60.15816],[24.61403,60.15846],[24.61442,60.15857],[24.61498,60.15867],[24.61544,60.15876],[24.61657,60.15894],[24.61749,60.15906],[24.61805,60.15913],[24.61896,60.15917],[24.61926,60.15916],[24.61961,60.15922],[24.61997,60.15924],[24.62055,60.15926],[24.62233,60.15925],[24.62285,60.15928],[24.62385,60.15942],[24.6274,60.15875],[24.62729,60.15929],[24.62591,60.16447],[24.62581,60.16461],[24.62478,60.16609],[24.61591,60.17215],[24.61559,60.17259],[24.60966,60.17336],[24.60963,60.1733],[24.60803,60.1727],[24.60791,60.17261],[24.60789,60.17245],[24.60784,60.17231],[24.6077,60.17219],[24.60644,60.17176],[24.60628,60.17173],[24.60619,60.17174],[24.6061,60.17166],[24.6051,60.17099],[24.60442,60.17084],[24.60405,60.17061],[24.60381,60.17046],[24.60374,60.17031],[24.60244,60.16969],[24.59748,60.16921],[24.59686,60.16894],[24.59641,60.16848],[24.59468,60.16669],[24.58901,60.16391]]]}},{"type":"Feature","properties":{"code":"049414","kunta":"049","kokotun":"0494041414","name":"Laurinlahti","name_sv":"","named":true,"peruspiiri_code":"049041","peruspiiri":"Kanta-Espoonlahti","source":"HSY Seutukartta 2021 (pienalue)","bb":[60.13424,24.62901,60.15002,24.65675],"c":[60.14174,24.64345]},"geometry":{"type":"Polygon","coordinates":[[[24.62901,60.14606],[24.63166,60.1422],[24.63473,60.1377],[24.64042,60.13629],[24.64105,60.13459],[24.6405,60.13424],[24.64535,60.13425],[24.64836,60.13489],[24.64789,60.13543],[24.6513,60.13615],[24.65011,60.13755],[24.65452,60.13849],[24.65271,60.14062],[24.65594,60.1413],[24.65603,60.14121],[24.65671,60.14135],[24.65675,60.14209],[24.65667,60.1429],[24.65653,60.14344],[24.65589,60.14456],[24.65559,60.14483],[24.65508,60.14515],[24.65478,60.14547],[24.65474,60.14585],[24.65431,60.14587],[24.65353,60.14576],[24.65294,60.14559],[24.65231,60.14527],[24.65174,60.14503],[24.65089,60.14483],[24.65053,60.14473],[24.65014,60.14535],[24.64829,60.14651],[24.64795,60.14682],[24.6477,60.14699],[24.64744,60.14742],[24.64725,60.14767],[24.64625,60.14846],[24.64566,60.14892],[24.64545,60.14916],[24.64545,60.14936],[24.64574,60.1497],[24.64554,60.15002],[24.64494,60.14972],[24.64231,60.14853],[24.63976,60.14733],[24.63848,60.14671],[24.6346,60.14597],[24.63244,60.14592],[24.62901,60.14606]]]}},{"type":"Feature","properties":{"code":"049522","kunta":"049","kokotun":"0495052522","name":"Vanttila","name_sv":"","named":true,"peruspiiri_code":"049052","peruspiiri":"Kurttila-Vanttila","source":"HSY Seutukartta 2021 (pienalue)","bb":[60.17256,24.59045,60.19794,24.64283],"c":[60.18557,24.62073]},"geometry":{"type":"Polygon","coordinates":[[[24.59045,60.18577],[24.5915,60.1855],[24.59188,60.18541],[24.5923,60.18532],[24.59262,60.18527],[24.59312,60.18517],[24.59737,60.18471],[24.59775,60.18469],[24.59885,60.18457],[24.60035,60.18439],[24.60119,60.18428],[24.60206,60.18414],[24.60266,60.18403],[24.60324,60.18391],[24.60376,60.18379],[24.6043,60.18364],[24.60468,60.18352],[24.60492,60.18343],[24.60577,60.18313],[24.60619,60.18296],[24.60659,60.18279],[24.60698,60.18261],[24.60736,60.18242],[24.60771,60.18222],[24.60805,60.18202],[24.60837,60.1818],[24.60865,60.18161],[24.60886,60.18145],[24.60905,60.18132],[24.6093,60.181],[24.60932,60.18093],[24.60939,60.18081],[24.60963,60.18052],[24.60934,60.18047],[24.60961,60.18017],[24.60977,60.1802],[24.61004,60.17992],[24.61028,60.17957],[24.61048,60.17925],[24.61071,60.17898],[24.61073,60.17891],[24.61092,60.17867],[24.6112,60.17837],[24.61155,60.17792],[24.61216,60.17709],[24.61246,60.17679],[24.61278,60.17642],[24.61284,60.17619],[24.61307,60.17584],[24.61446,60.17402],[24.61469,60.17373],[24.61579,60.17257],[24.61582,60.17256],[24.61873,60.17284],[24.6195,60.17324],[24.61976,60.17338],[24.62151,60.17408],[24.62422,60.17462],[24.62442,60.17583],[24.62858,60.17715],[24.63095,60.17776],[24.63308,60.17867],[24.63583,60.18071],[24.64266,60.18219],[24.64283,60.18393],[24.64224,60.18423],[24.64039,60.18436],[24.64049,60.1849],[24.64053,60.18502],[24.64066,60.18516],[24.64074,60.18531],[24.6408,60.18547],[24.64084,60.18562],[24.64086,60.18588],[24.64087,60.18684],[24.64086,60.1869],[24.64076,60.18703],[24.64073,60.18712],[24.64071,60.18725],[24.64082,60.18748],[24.64064,60.1884],[24.64043,60.18848],[24.64101,60.18854],[24.64071,60.18945],[24.6385,60.19024],[24.63396,60.19184],[24.628,60.19506],[24.62431,60.19712],[24.62423,60.19716],[24.6226,60.19794],[24.62229,60.19782],[24.62107,60.1973],[24.62083,60.19725],[24.61729,60.1957],[24.61676,60.19546],[24.61494,60.19466],[24.6149,60.1946],[24.61457,60.19445],[24.61346,60.19398],[24.61327,60.19392],[24.61242,60.19357],[24.61247,60.19354],[24.61207,60.1934],[24.61204,60.19342],[24.60971,60.19257],[24.60933,60.19243],[24.60935,60.19241],[24.60806,60.19184],[24.60666,60.19121],[24.60619,60.19106],[24.60595,60.19097],[24.60641,60.19065],[24.60641,60.1905],[24.6017,60.18884],[24.60045,60.18893],[24.59929,60.18852],[24.5994,60.18845],[24.59694,60.18756],[24.59668,60.18775],[24.59475,60.18707],[24.59467,60.18712],[24.59383,60.18684],[24.59376,60.18689],[24.59249,60.18645],[24.59162,60.18619],[24.59045,60.18577]]]}},{"type":"Feature","properties":{"code":"049622","kunta":"049","kokotun":"0496062622","name":"Gumböle","name_sv":"","named":true,"peruspiiri_code":"049062","peruspiiri":"Muurala-Gumböle","source":"HSY Seutukartta 2021 (pienalue)","bb":[60.20427,24.59521,60.22685,24.64111],"c":[60.21551,24.61733]},"geometry":{"type":"Polygon","coordinates":[[[24.59521,60.21641],[24.59645,60.21464],[24.59983,60.20965],[24.60279,60.21033],[24.60443,60.21067],[24.60661,60.21114],[24.61255,60.20654],[24.61405,60.20538],[24.61547,60.20427],[24.6169,60.20452],[24.61781,60.20466],[24.61833,60.20471],[24.61934,60.20489],[24.61978,60.20487],[24.62023,60.20493],[24.62091,60.20506],[24.62308,60.20554],[24.6245,60.20592],[24.62473,60.20607],[24.62495,60.20617],[24.62796,60.20726],[24.62786,60.20728],[24.62827,60.20752],[24.62867,60.20777],[24.63047,60.20896],[24.63148,60.20926],[24.63177,60.20935],[24.63204,60.20945],[24.6323,60.20957],[24.63248,60.20965],[24.63315,60.20975],[24.63298,60.21019],[24.63298,60.21136],[24.63259,60.21247],[24.6338,60.21477],[24.63471,60.21565],[24.63629,60.2168],[24.63743,60.21743],[24.63898,60.218],[24.64111,60.21869],[24.63876,60.21973],[24.63815,60.22018],[24.6378,60.22021],[24.63731,60.22063],[24.63687,60.22069],[24.63644,60.22081],[24.63584,60.22092],[24.63554,60.22099],[24.63487,60.22106],[24.63436,60.22114],[24.63399,60.22117],[24.63305,60.22132],[24.63278,60.22124],[24.63137,60.22158],[24.63001,60.2219],[24.629,60.22207],[24.62886,60.22215],[24.62816,60.22232],[24.62742,60.2224],[24.62693,60.22256],[24.62607,60.22273],[24.62546,60.22287],[24.62462,60.22301],[24.62501,60.22346],[24.62462,60.22357],[24.62422,60.2237],[24.62399,60.22376],[24.62394,60.22372],[24.62347,60.22378],[24.62284,60.22379],[24.62159,60.22394],[24.62123,60.22412],[24.62057,60.22411],[24.62001,60.22402],[24.61896,60.22406],[24.61717,60.22427],[24.61639,60.22429],[24.61283,60.22504],[24.6107,60.22566],[24.61006,60.22592],[24.6092,60.2261],[24.60875,60.22628],[24.60808,60.22642],[24.60618,60.22685],[24.60633,60.22617],[24.60684,60.22527],[24.60757,60.22418],[24.60752,60.22413],[24.60742,60.22409],[24.60725,60.22392],[24.60724,60.22378],[24.60721,60.22371],[24.60714,60.22363],[24.6069,60.2235],[24.60664,60.22339],[24.60652,60.22328],[24.60622,60.22311],[24.60614,60.22302],[24.60609,60.22292],[24.60611,60.22282],[24.60625,60.22271],[24.60632,60.22258],[24.60632,60.22253],[24.60626,60.22244],[24.60614,60.22238],[24.60589,60.22234],[24.60572,60.22228],[24.60552,60.22208],[24.60545,60.22206],[24.60526,60.22205],[24.60485,60.22211],[24.60466,60.22216],[24.60452,60.22214],[24.6044,60.22209],[24.60417,60.22189],[24.60423,60.22176],[24.60417,60.22165],[24.60413,60.22145],[24.60407,60.22135],[24.60387,60.22117],[24.6035,60.22109],[24.60328,60.22097],[24.60284,60.22045],[24.60271,60.22036],[24.60248,60.22025],[24.60154,60.21998],[24.60145,60.21989],[24.60164,60.2197],[24.60169,60.21963],[24.60167,60.21951],[24.60183,60.2193],[24.60168,60.21891],[24.60091,60.21862],[24.59928,60.21797],[24.59911,60.21791],[24.5957,60.21659],[24.59536,60.21646],[24.59521,60.21641]]]}},{"type":"Feature","properties":{"code":"049711","kunta":"049","kokotun":"0497071711","name":"Röylä","name_sv":"","named":true,"peruspiiri_code":"049071","peruspiiri":"Vanhakartano-Röylä","source":"HSY Seutukartta 2021 (pienalue)","bb":[60.27357,24.63311,60.31324,24.7188],"c":[60.2923,24.66913]},"geometry":{"type":"Polygon","coordinates":[[[24.63311,60.27603],[24.63833,60.27559],[24.6433,60.27514],[24.64516,60.275],[24.64662,60.27487],[24.64727,60.27482],[24.64933,60.27466],[24.65026,60.2746],[24.65291,60.27437],[24.65467,60.27421],[24.66316,60.27357],[24.67919,60.27581],[24.68416,60.2765],[24.68512,60.27663],[24.69246,60.27765],[24.69704,60.27829],[24.69713,60.2783],[24.69983,60.2797],[24.70497,60.28766],[24.71043,60.29209],[24.7188,60.29859],[24.71414,60.30128],[24.71303,60.30133],[24.70385,60.30174],[24.7035,60.30176],[24.70095,60.30187],[24.70092,60.30195],[24.69998,60.30198],[24.68771,60.30241],[24.68625,60.30641],[24.68456,60.30682],[24.68071,60.30774],[24.6772,60.30859],[24.67562,60.30886],[24.67284,60.30938],[24.671,60.30973],[24.6627,60.31127],[24.65775,60.31223],[24.65247,60.31324],[24.64324,60.31214],[24.63763,60.30385],[24.63644,60.30208],[24.63448,60.28244],[24.63438,60.28143],[24.63573,60.27937],[24.63311,60.27603]]]}},{"type":"Feature","properties":{"code":"049724","kunta":"049","kokotun":"0497072724","name":"Lakisto","name_sv":"","named":true,"peruspiiri_code":"049072","peruspiiri":"Kalajärvi-Lakisto","source":"HSY Seutukartta 2021 (pienalue)","bb":[60.32543,24.60601,60.36277,24.67922],"c":[60.34316,24.6459]},"geometry":{"type":"Polygon","coordinates":[[[24.60601,60.33366],[24.60659,60.3335],[24.60806,60.33304],[24.60887,60.33277],[24.61043,60.33231],[24.61185,60.33193],[24.61413,60.33141],[24.61615,60.33109],[24.61667,60.331],[24.61868,60.33072],[24.621,60.33042],[24.62279,60.33021],[24.62449,60.32998],[24.62599,60.32979],[24.62909,60.32939],[24.63046,60.32916],[24.63208,60.32886],[24.63379,60.32848],[24.63404,60.32839],[24.6374,60.32758],[24.63791,60.32749],[24.6384,60.32737],[24.63954,60.32717],[24.64012,60.32712],[24.64064,60.32702],[24.64163,60.32691],[24.64442,60.32663],[24.64525,60.32657],[24.64625,60.32643],[24.64669,60.32641],[24.64691,60.3264],[24.64709,60.32643],[24.64727,60.32641],[24.6474,60.32633],[24.64751,60.32632],[24.64754,60.32638],[24.64822,60.32628],[24.64872,60.32623],[24.64913,60.32617],[24.65006,60.32607],[24.65154,60.32593],[24.653,60.32578],[24.65355,60.32573],[24.65527,60.32552],[24.65638,60.32553],[24.65762,60.32543],[24.65849,60.32544],[24.66001,60.32549],[24.66233,60.32558],[24.66326,60.32565],[24.66445,60.32568],[24.66603,60.32849],[24.66593,60.32858],[24.66588,60.32877],[24.66585,60.32897],[24.66593,60.32928],[24.66591,60.32935],[24.66602,60.32984],[24.66611,60.33002],[24.6669,60.33065],[24.67645,60.33491],[24.67813,60.33816],[24.67922,60.34663],[24.67651,60.34967],[24.6754,60.3509],[24.67384,60.35264],[24.67245,60.35417],[24.67111,60.35566],[24.67014,60.35673],[24.66911,60.35786],[24.66824,60.35882],[24.66471,60.36277],[24.65321,60.36098],[24.65209,60.3608],[24.65022,60.3605],[24.64924,60.36035],[24.64273,60.35934],[24.6423,60.35927],[24.64051,60.35899],[24.63976,60.35887],[24.63602,60.35828],[24.62753,60.35931],[24.62657,60.35821],[24.62265,60.35445],[24.62056,60.35254],[24.61816,60.35036],[24.61656,60.34804],[24.61519,60.34606],[24.61382,60.34407],[24.6079,60.33524],[24.60691,60.33439],[24.60601,60.33366]]]}},{"type":"Feature","properties":{"code":"049634","kunta":"049","kokotun":"0496063634","name":"Karhusuo","name_sv":"","named":true,"peruspiiri_code":"049063","peruspiiri":"Bemböle","source":"HSY Seutukartta 2021 (pienalue)","bb":[60.21818,24.60618,60.2474,24.67381],"c":[60.23278,24.64152]},"geometry":{"type":"Polygon","coordinates":[[[24.60618,60.22685],[24.60808,60.22642],[24.60875,60.22628],[24.6092,60.2261],[24.61006,60.22592],[24.6107,60.22566],[24.61283,60.22504],[24.61639,60.22429],[24.61717,60.22427],[24.61896,60.22406],[24.62001,60.22402],[24.62057,60.22411],[24.62123,60.22412],[24.62159,60.22394],[24.62284,60.22379],[24.62347,60.22378],[24.62394,60.22372],[24.62399,60.22376],[24.62422,60.2237],[24.62462,60.22357],[24.62501,60.22346],[24.62462,60.22301],[24.62546,60.22287],[24.62607,60.22273],[24.62693,60.22256],[24.62742,60.2224],[24.62816,60.22232],[24.62886,60.22215],[24.629,60.22207],[24.63001,60.2219],[24.63137,60.22158],[24.63278,60.22124],[24.63305,60.22132],[24.63399,60.22117],[24.63436,60.22114],[24.63487,60.22106],[24.63554,60.22099],[24.63584,60.22092],[24.63644,60.22081],[24.63687,60.22069],[24.63731,60.22063],[24.6378,60.22021],[24.63815,60.22018],[24.63876,60.21973],[24.64111,60.21869],[24.64147,60.21853],[24.64174,60.21848],[24.6424,60.2184],[24.64345,60.21844],[24.64365,60.21846],[24.64423,60.21855],[24.64458,60.21842],[24.64491,60.21834],[24.64553,60.21825],[24.6456,60.21818],[24.6471,60.2183],[24.64745,60.21833],[24.64781,60.21834],[24.64817,60.21834],[24.64853,60.21833],[24.64883,60.21831],[24.65027,60.21938],[24.65013,60.21954],[24.65009,60.21971],[24.65013,60.21987],[24.65027,60.22003],[24.65048,60.2202],[24.65065,60.22025],[24.65329,60.2209],[24.65405,60.22101],[24.65421,60.22115],[24.65628,60.2215],[24.65649,60.22151],[24.65666,60.22147],[24.65865,60.22181],[24.66048,60.22192],[24.66188,60.22199],[24.66228,60.222],[24.66281,60.22194],[24.66292,60.22194],[24.66371,60.22209],[24.66439,60.22213],[24.66472,60.22214],[24.66526,60.22217],[24.66629,60.22223],[24.66706,60.22228],[24.6681,60.22233],[24.66896,60.22238],[24.66983,60.22242],[24.67007,60.22244],[24.67039,60.22247],[24.67063,60.22247],[24.67083,60.22248],[24.67126,60.22248],[24.67164,60.22244],[24.67193,60.22246],[24.67263,60.22244],[24.67283,60.22242],[24.67342,60.2224],[24.67381,60.22238],[24.67372,60.22248],[24.67373,60.22262],[24.67355,60.22264],[24.67332,60.22271],[24.67318,60.22286],[24.67313,60.22302],[24.6729,60.22341],[24.67293,60.22344],[24.67288,60.2235],[24.67282,60.22351],[24.67239,60.22375],[24.67217,60.2239],[24.67222,60.22392],[24.67214,60.224],[24.67202,60.22411],[24.67173,60.22441],[24.67154,60.22449],[24.67103,60.22475],[24.67047,60.22497],[24.67023,60.22511],[24.66969,60.22535],[24.66954,60.22544],[24.66925,60.22578],[24.66912,60.22592],[24.66892,60.22621],[24.66879,60.2264],[24.66842,60.22678],[24.6681,60.22703],[24.66767,60.22726],[24.66726,60.22743],[24.66699,60.22759],[24.66618,60.22808],[24.6657,60.2283],[24.66515,60.22856],[24.66499,60.2287],[24.66448,60.2292],[24.66433,60.22933],[24.66404,60.22945],[24.66371,60.22952],[24.6632,60.22944],[24.66267,60.2294],[24.66247,60.22941],[24.66215,60.22948],[24.66185,60.22956],[24.66143,60.22973],[24.66109,60.22994],[24.66099,60.23013],[24.66087,60.23048],[24.66079,60.23059],[24.66059,60.23073],[24.66014,60.23092],[24.65989,60.23105],[24.65948,60.23135],[24.65938,60.23149],[24.65924,60.2317],[24.65931,60.23214],[24.65933,60.23231],[24.65914,60.23267],[24.65909,60.23268],[24.65896,60.23276],[24.65894,60.23296],[24.65903,60.2331],[24.65901,60.23335],[24.65894,60.2335],[24.65881,60.23363],[24.65861,60.23377],[24.65847,60.23392],[24.65836,60.23408],[24.6583,60.23452],[24.65832,60.23465],[24.6583,60.23483],[24.65825,60.23502],[24.65818,60.23519],[24.65813,60.23529],[24.65804,60.23539],[24.65821,60.23553],[24.6583,60.23564],[24.65836,60.23582],[24.65839,60.23597],[24.65844,60.23608],[24.6586,60.23616],[24.65891,60.23624],[24.65916,60.23628],[24.65946,60.23631],[24.65981,60.23634],[24.66014,60.23638],[24.66032,60.2364],[24.66116,60.23646],[24.66172,60.23654],[24.66233,60.23665],[24.6628,60.23681],[24.66324,60.23698],[24.66346,60.23708],[24.66365,60.23717],[24.66395,60.23735],[24.66405,60.23743],[24.66445,60.2378],[24.66464,60.23793],[24.6646,60.23809],[24.66102,60.2405],[24.66039,60.24256],[24.66076,60.24282],[24.66141,60.2433],[24.66165,60.2474],[24.64817,60.24691],[24.63644,60.24648],[24.62401,60.24606],[24.62317,60.24197],[24.62185,60.2356],[24.61941,60.23302],[24.61852,60.23171],[24.61618,60.22967],[24.61513,60.22964],[24.61208,60.2295],[24.60943,60.22864],[24.60865,60.22844],[24.6075,60.22802],[24.60689,60.22744],[24.60618,60.22685]]]}},{"type":"Feature","properties":{"code":"049413","kunta":"049","kokotun":"0494041413","name":"Kivenlahti","name_sv":"","named":true,"peruspiiri_code":"049041","peruspiiri":"Kanta-Espoonlahti","source":"HSY Seutukartta 2021 (pienalue)","bb":[60.14592,24.6093,60.15942,24.65688],"c":[60.15326,24.6323]},"geometry":{"type":"Polygon","coordinates":[[[24.6093,60.15694],[24.61315,60.1558],[24.61983,60.15265],[24.62673,60.1494],[24.62901,60.14606],[24.63244,60.14592],[24.6346,60.14597],[24.63848,60.14671],[24.63976,60.14733],[24.64231,60.14853],[24.64494,60.14972],[24.64554,60.15002],[24.64614,60.15027],[24.64678,60.15046],[24.64756,60.15061],[24.64846,60.1508],[24.64924,60.15104],[24.65026,60.15144],[24.65173,60.15205],[24.65334,60.15288],[24.65375,60.15322],[24.65688,60.15426],[24.65576,60.1543],[24.65448,60.15449],[24.65321,60.15466],[24.65271,60.15469],[24.65225,60.15466],[24.65135,60.15471],[24.64961,60.15483],[24.64745,60.15509],[24.64634,60.15527],[24.6462,60.15521],[24.64463,60.15546],[24.644,60.15557],[24.64342,60.15568],[24.64305,60.15576],[24.64317,60.1559],[24.63048,60.15817],[24.6274,60.15875],[24.62385,60.15942],[24.62285,60.15928],[24.62233,60.15925],[24.62055,60.15926],[24.61997,60.15924],[24.61961,60.15922],[24.61926,60.15916],[24.61896,60.15917],[24.61805,60.15913],[24.61749,60.15906],[24.61657,60.15894],[24.61544,60.15876],[24.61498,60.15867],[24.61442,60.15857],[24.61403,60.15846],[24.61334,60.15816],[24.61238,60.15791],[24.6093,60.15694]]]}},{"type":"Feature","properties":{"code":"049621","kunta":"049","kokotun":"0496062621","name":"Muurala","name_sv":"","named":true,"peruspiiri_code":"049062","peruspiiri":"Muurala-Gumböle","source":"HSY Seutukartta 2021 (pienalue)","bb":[60.19716,24.61547,60.21938,24.66046],"c":[60.20865,24.63714]},"geometry":{"type":"Polygon","coordinates":[[[24.61547,60.20427],[24.61649,60.20308],[24.61992,60.19923],[24.62184,60.1983],[24.6226,60.19794],[24.62423,60.19716],[24.62472,60.19733],[24.62519,60.19751],[24.62614,60.19789],[24.62667,60.19815],[24.62688,60.19824],[24.62713,60.19838],[24.62751,60.19865],[24.62782,60.19889],[24.62803,60.19907],[24.62835,60.19931],[24.62861,60.19944],[24.6288,60.1995],[24.62897,60.19952],[24.62954,60.19955],[24.63016,60.19957],[24.6307,60.19959],[24.63092,60.19961],[24.63116,60.19965],[24.63163,60.19971],[24.63173,60.19974],[24.6319,60.19981],[24.63213,60.19995],[24.63223,60.19999],[24.63242,60.20006],[24.63251,60.20007],[24.63273,60.20005],[24.63285,60.20006],[24.63294,60.2001],[24.63299,60.20017],[24.6331,60.20034],[24.63319,60.2004],[24.63362,60.20064],[24.63385,60.20074],[24.63408,60.20084],[24.63414,60.20089],[24.6344,60.20121],[24.63489,60.20127],[24.63512,60.20136],[24.63525,60.20148],[24.63536,60.20152],[24.63564,60.20164],[24.6359,60.20184],[24.63606,60.20192],[24.63632,60.202],[24.63656,60.20204],[24.63666,60.20203],[24.63684,60.20208],[24.63688,60.20213],[24.63708,60.2022],[24.63777,60.20239],[24.63818,60.20256],[24.63869,60.20267],[24.63893,60.20278],[24.63903,60.2028],[24.63925,60.20284],[24.63954,60.20279],[24.63964,60.20279],[24.6398,60.20282],[24.64009,60.20295],[24.64019,60.20297],[24.64076,60.20318],[24.64091,60.20326],[24.64099,60.20334],[24.641,60.20343],[24.64117,60.20359],[24.64135,60.20362],[24.64155,60.20362],[24.64176,60.20354],[24.64192,60.20353],[24.64207,60.20354],[24.64224,60.2036],[24.64249,60.20374],[24.64272,60.20381],[24.64286,60.20388],[24.64307,60.20423],[24.64309,60.20442],[24.64313,60.20451],[24.64338,60.20464],[24.64384,60.20481],[24.64409,60.20489],[24.64438,60.20492],[24.64457,60.20486],[24.64486,60.20472],[24.64527,60.2047],[24.6454,60.20472],[24.64583,60.20489],[24.64593,60.20499],[24.6459,60.20508],[24.64585,60.20512],[24.64593,60.20536],[24.6461,60.20548],[24.64633,60.2055],[24.64653,60.20556],[24.6466,60.20569],[24.64669,60.20572],[24.64682,60.20574],[24.64702,60.20572],[24.64724,60.20573],[24.64738,60.20578],[24.64743,60.20586],[24.64749,60.20608],[24.64766,60.20615],[24.64789,60.20618],[24.64849,60.20622],[24.64868,60.20625],[24.64877,60.20636],[24.64873,60.20645],[24.6486,60.20668],[24.64866,60.20677],[24.64878,60.20686],[24.64889,60.2069],[24.64918,60.20686],[24.64911,60.20697],[24.64883,60.20693],[24.64872,60.20709],[24.64918,60.20717],[24.64932,60.20724],[24.64937,60.20728],[24.6494,60.20738],[24.64937,60.20744],[24.64907,60.20771],[24.64886,60.20784],[24.64871,60.2079],[24.64797,60.20817],[24.64757,60.20835],[24.64759,60.20848],[24.64747,60.20859],[24.64727,60.20888],[24.64707,60.20911],[24.64693,60.20925],[24.64663,60.20948],[24.64622,60.20975],[24.64577,60.21003],[24.6455,60.21018],[24.64559,60.21022],[24.64557,60.21041],[24.64542,60.21055],[24.64555,60.21065],[24.64602,60.21077],[24.64655,60.21092],[24.64675,60.21101],[24.64832,60.21173],[24.64966,60.21209],[24.64944,60.21232],[24.65032,60.21243],[24.65037,60.21279],[24.65089,60.21302],[24.65158,60.2133],[24.65171,60.21336],[24.65257,60.21363],[24.65492,60.21433],[24.6553,60.21446],[24.657,60.21489],[24.65871,60.21548],[24.66046,60.21652],[24.65974,60.21667],[24.65667,60.21701],[24.6565,60.21705],[24.65537,60.21735],[24.65329,60.21804],[24.65082,60.21906],[24.65064,60.21914],[24.65048,60.21923],[24.65027,60.21938],[24.64883,60.21831],[24.64853,60.21833],[24.64817,60.21834],[24.64781,60.21834],[24.64745,60.21833],[24.6471,60.2183],[24.6456,60.21818],[24.64553,60.21825],[24.64491,60.21834],[24.64458,60.21842],[24.64423,60.21855],[24.64365,60.21846],[24.64345,60.21844],[24.6424,60.2184],[24.64174,60.21848],[24.64147,60.21853],[24.64111,60.21869],[24.63898,60.218],[24.63743,60.21743],[24.63629,60.2168],[24.63471,60.21565],[24.6338,60.21477],[24.63259,60.21247],[24.63298,60.21136],[24.63298,60.21019],[24.63315,60.20975],[24.63248,60.20965],[24.6323,60.20957],[24.63204,60.20945],[24.63177,60.20935],[24.63148,60.20926],[24.63047,60.20896],[24.62867,60.20777],[24.62827,60.20752],[24.62786,60.20728],[24.62796,60.20726],[24.62495,60.20617],[24.62473,60.20607],[24.6245,60.20592],[24.62308,60.20554],[24.62091,60.20506],[24.62023,60.20493],[24.61978,60.20487],[24.61934,60.20489],[24.61833,60.20471],[24.61781,60.20466],[24.6169,60.20452],[24.61547,60.20427]]]}},{"type":"Feature","properties":{"code":"049422","kunta":"049","kokotun":"0494042422","name":"Tillinmäki","name_sv":"","named":true,"peruspiiri_code":"049042","peruspiiri":"Saunalahti","source":"HSY Seutukartta 2021 (pienalue)","bb":[60.16461,24.61559,60.18237,24.64942],"c":[60.173,24.63365]},"geometry":{"type":"Polygon","coordinates":[[[24.61559,60.17259],[24.61591,60.17215],[24.62478,60.16609],[24.62581,60.16461],[24.6272,60.16477],[24.62917,60.16488],[24.63096,60.16514],[24.6314,60.16512],[24.6319,60.16526],[24.63188,60.16538],[24.63198,60.16546],[24.63236,60.16558],[24.63265,60.16569],[24.63294,60.1658],[24.63342,60.16603],[24.63333,60.16654],[24.63394,60.16679],[24.63407,60.16686],[24.63426,60.16695],[24.6346,60.16712],[24.63462,60.16711],[24.63561,60.16767],[24.63613,60.16795],[24.63643,60.16808],[24.63703,60.16836],[24.63778,60.16866],[24.63881,60.169],[24.63942,60.1692],[24.6395,60.16922],[24.64005,60.16928],[24.64307,60.16964],[24.64307,60.16965],[24.64448,60.16983],[24.64747,60.1702],[24.64844,60.17032],[24.64942,60.17021],[24.64776,60.17231],[24.64568,60.17493],[24.64415,60.17689],[24.64499,60.17689],[24.645,60.17706],[24.64487,60.17728],[24.645,60.17825],[24.64511,60.17894],[24.6438,60.18237],[24.64266,60.18219],[24.63583,60.18071],[24.63308,60.17867],[24.63095,60.17776],[24.62858,60.17715],[24.62442,60.17583],[24.62422,60.17462],[24.62151,60.17408],[24.61976,60.17338],[24.6195,60.17324],[24.61873,60.17284],[24.61582,60.17256],[24.61579,60.17257],[24.61559,60.17259]]]}},{"type":"Feature","properties":{"code":"049635","kunta":"049","kokotun":"0496063635","name":"Kunnarla","name_sv":"","named":true,"peruspiiri_code":"049063","peruspiiri":"Bemböle","source":"HSY Seutukartta 2021 (pienalue)","bb":[60.24606,24.62401,60.27603,24.66316],"c":[60.2602,24.6452]},"geometry":{"type":"Polygon","coordinates":[[[24.63018,60.26132],[24.62885,60.25816],[24.62664,60.2529],[24.62628,60.25206],[24.62423,60.24715],[24.62401,60.24606],[24.63644,60.24648],[24.64817,60.24691],[24.66165,60.2474],[24.66167,60.24774],[24.66208,60.25483],[24.66185,60.26693],[24.66316,60.27357],[24.65467,60.27421],[24.65291,60.27437],[24.65026,60.2746],[24.64933,60.27466],[24.64727,60.27482],[24.64662,60.27487],[24.64516,60.275],[24.6433,60.27514],[24.63833,60.27559],[24.63311,60.27603],[24.63138,60.26819],[24.63132,60.26538],[24.63018,60.26132]]]}},{"type":"Feature","properties":{"code":"049615","kunta":"049","kokotun":"0496061615","name":"Kaupunginkallio","name_sv":"","named":true,"peruspiiri_code":"049061","peruspiiri":"Kanta-Espoo","source":"HSY Seutukartta 2021 (pienalue)","bb":[60.18219,24.62423,60.20481,24.67277],"c":[60.1935,24.6483]},"geometry":{"type":"Polygon","coordinates":[[[24.62423,60.19716],[24.62431,60.19712],[24.628,60.19506],[24.63396,60.19184],[24.6385,60.19024],[24.64071,60.18945],[24.64101,60.18854],[24.64043,60.18848],[24.64064,60.1884],[24.64082,60.18748],[24.64071,60.18725],[24.64073,60.18712],[24.64076,60.18703],[24.64086,60.1869],[24.64087,60.18684],[24.64086,60.18588],[24.64084,60.18562],[24.6408,60.18547],[24.64074,60.18531],[24.64066,60.18516],[24.64053,60.18502],[24.64049,60.1849],[24.64039,60.18436],[24.64224,60.18423],[24.64283,60.18393],[24.64266,60.18219],[24.6438,60.18237],[24.65651,60.18444],[24.65858,60.18517],[24.66673,60.188],[24.66698,60.18809],[24.66774,60.18818],[24.67277,60.18881],[24.67123,60.19149],[24.66925,60.19236],[24.66668,60.19348],[24.66659,60.19364],[24.6665,60.19376],[24.66632,60.19394],[24.66528,60.1944],[24.66509,60.19443],[24.66479,60.19454],[24.66465,60.19458],[24.6642,60.19475],[24.66371,60.19492],[24.66312,60.19513],[24.66224,60.19541],[24.66123,60.19576],[24.66007,60.19666],[24.65996,60.1967],[24.65956,60.19696],[24.65926,60.19686],[24.65909,60.19698],[24.65857,60.19737],[24.65822,60.19767],[24.6581,60.19781],[24.65778,60.19792],[24.65721,60.19808],[24.65693,60.19816],[24.65499,60.19868],[24.65412,60.19892],[24.65385,60.19888],[24.65321,60.19928],[24.65316,60.19932],[24.65239,60.20029],[24.6523,60.20072],[24.65231,60.20145],[24.65286,60.20153],[24.65293,60.20218],[24.65285,60.20241],[24.65277,60.20257],[24.65266,60.20274],[24.65253,60.2029],[24.65238,60.20306],[24.65222,60.20321],[24.65203,60.20336],[24.65182,60.2035],[24.6516,60.20363],[24.65081,60.20407],[24.65047,60.20426],[24.64951,60.2044],[24.6487,60.20454],[24.64801,60.20455],[24.64724,60.20453],[24.64599,60.20452],[24.64467,60.20456],[24.64384,60.20481],[24.64338,60.20464],[24.64313,60.20451],[24.64309,60.20442],[24.64307,60.20423],[24.64286,60.20388],[24.64272,60.20381],[24.64249,60.20374],[24.64224,60.2036],[24.64207,60.20354],[24.64192,60.20353],[24.64176,60.20354],[24.64155,60.20362],[24.64135,60.20362],[24.64117,60.20359],[24.641,60.20343],[24.64099,60.20334],[24.64091,60.20326],[24.64076,60.20318],[24.64019,60.20297],[24.64009,60.20295],[24.6398,60.20282],[24.63964,60.20279],[24.63954,60.20279],[24.63925,60.20284],[24.63903,60.2028],[24.63893,60.20278],[24.63869,60.20267],[24.63818,60.20256],[24.63777,60.20239],[24.63708,60.2022],[24.63688,60.20213],[24.63684,60.20208],[24.63666,60.20203],[24.63656,60.20204],[24.63632,60.202],[24.63606,60.20192],[24.6359,60.20184],[24.63564,60.20164],[24.63536,60.20152],[24.63525,60.20148],[24.63512,60.20136],[24.63489,60.20127],[24.6344,60.20121],[24.63414,60.20089],[24.63408,60.20084],[24.63385,60.20074],[24.63362,60.20064],[24.63319,60.2004],[24.6331,60.20034],[24.63299,60.20017],[24.63294,60.2001],[24.63285,60.20006],[24.63273,60.20005],[24.63251,60.20007],[24.63242,60.20006],[24.63223,60.19999],[24.63213,60.19995],[24.6319,60.19981],[24.63173,60.19974],[24.63163,60.19971],[24.63116,60.19965],[24.63092,60.19961],[24.6307,60.19959],[24.63016,60.19957],[24.62954,60.19955],[24.62897,60.19952],[24.6288,60.1995],[24.62861,60.19944],[24.62835,60.19931],[24.62803,60.19907],[24.62782,60.19889],[24.62751,60.19865],[24.62713,60.19838],[24.62688,60.19824],[24.62667,60.19815],[24.62614,60.19789],[24.62519,60.19751],[24.62472,60.19733],[24.62423,60.19716]]]}},{"type":"Feature","properties":{"code":"049421","kunta":"049","kokotun":"0494042421","name":"Kattilalaakso","name_sv":"","named":true,"peruspiiri_code":"049042","peruspiiri":"Saunalahti","source":"HSY Seutukartta 2021 (pienalue)","bb":[60.15419,24.62581,60.17032,24.66366],"c":[60.16166,24.64462]},"geometry":{"type":"Polygon","coordinates":[[[24.62581,60.16461],[24.62591,60.16447],[24.62729,60.15929],[24.6274,60.15875],[24.63048,60.15817],[24.64317,60.1559],[24.64305,60.15576],[24.64342,60.15568],[24.644,60.15557],[24.64463,60.15546],[24.6462,60.15521],[24.64634,60.15527],[24.64745,60.15509],[24.64961,60.15483],[24.65135,60.15471],[24.65225,60.15466],[24.65271,60.15469],[24.65321,60.15466],[24.65448,60.15449],[24.65576,60.1543],[24.65688,60.15426],[24.65882,60.1542],[24.65904,60.15419],[24.65926,60.1542],[24.65948,60.15422],[24.65969,60.15425],[24.65989,60.15429],[24.66009,60.15435],[24.66027,60.15441],[24.66044,60.15448],[24.66059,60.15456],[24.66088,60.15473],[24.6611,60.15485],[24.66134,60.15495],[24.66159,60.15505],[24.66195,60.15516],[24.66299,60.15544],[24.66356,60.15563],[24.66366,60.15565],[24.66329,60.15599],[24.66266,60.15661],[24.66177,60.15746],[24.66117,60.15806],[24.66061,60.15859],[24.66028,60.15892],[24.65999,60.1592],[24.65962,60.15957],[24.65866,60.1605],[24.65868,60.16067],[24.65873,60.16084],[24.65883,60.16108],[24.65904,60.16143],[24.65905,60.16147],[24.659,60.16155],[24.65892,60.16158],[24.65861,60.16194],[24.65766,60.16289],[24.65681,60.1633],[24.65682,60.16331],[24.65661,60.16414],[24.65656,60.16415],[24.6565,60.16523],[24.65647,60.16558],[24.65648,60.16565],[24.65457,60.16566],[24.65447,60.16565],[24.6532,60.16566],[24.65301,60.16571],[24.65204,60.16552],[24.65193,60.16567],[24.6519,60.16576],[24.65207,60.16608],[24.65224,60.16626],[24.65245,60.16641],[24.65232,60.16657],[24.65176,60.16727],[24.65116,60.16801],[24.65105,60.16814],[24.65081,60.16847],[24.65041,60.16896],[24.65038,60.16902],[24.64945,60.17018],[24.64942,60.17021],[24.64844,60.17032],[24.64747,60.1702],[24.64448,60.16983],[24.64307,60.16965],[24.64307,60.16964],[24.64005,60.16928],[24.6395,60.16922],[24.63942,60.1692],[24.63881,60.169],[24.63778,60.16866],[24.63703,60.16836],[24.63643,60.16808],[24.63613,60.16795],[24.63561,60.16767],[24.63462,60.16711],[24.6346,60.16712],[24.63426,60.16695],[24.63407,60.16686],[24.63394,60.16679],[24.63333,60.16654],[24.63342,60.16603],[24.63294,60.1658],[24.63265,60.16569],[24.63236,60.16558],[24.63198,60.16546],[24.63188,60.16538],[24.6319,60.16526],[24.6314,60.16512],[24.63096,60.16514],[24.62917,60.16488],[24.6272,60.16477],[24.62581,60.16461]]]}},{"type":"Feature","properties":{"code":"049415","kunta":"049","kokotun":"0494041415","name":"Soukanniemi","name_sv":"","named":true,"peruspiiri_code":"049041","peruspiiri":"Kanta-Espoonlahti","source":"HSY Seutukartta 2021 (pienalue)","bb":[60.1148,24.6382,60.14143,24.71349],"c":[60.12679,24.6744]},"geometry":{"type":"Polygon","coordinates":[[[24.63933,60.13347],[24.6382,60.13272],[24.64095,60.13048],[24.64116,60.13004],[24.64222,60.12769],[24.64244,60.1277],[24.64317,60.12634],[24.64796,60.11738],[24.64942,60.11497],[24.67627,60.11483],[24.68165,60.1148],[24.69036,60.118],[24.68847,60.12624],[24.69367,60.12755],[24.69612,60.1279],[24.69761,60.12826],[24.70093,60.12919],[24.70234,60.13259],[24.70311,60.13443],[24.71007,60.13612],[24.71339,60.13657],[24.71349,60.14143],[24.71193,60.14126],[24.68832,60.13865],[24.68213,60.13592],[24.6821,60.1359],[24.68123,60.13528],[24.68098,60.13509],[24.68071,60.13534],[24.68051,60.13552],[24.68029,60.13568],[24.68005,60.13584],[24.67952,60.13617],[24.67907,60.13647],[24.67732,60.1361],[24.67409,60.13371],[24.67073,60.13374],[24.67037,60.13393],[24.66992,60.13437],[24.66913,60.13415],[24.66727,60.13361],[24.66781,60.13317],[24.66656,60.13299],[24.66452,60.13208],[24.66416,60.13177],[24.66413,60.13141],[24.66384,60.13138],[24.66402,60.13078],[24.66417,60.13052],[24.66444,60.13028],[24.66147,60.13014],[24.64275,60.1322],[24.63933,60.13347]]]}},{"type":"Feature","properties":{"code":"049412","kunta":"049","kokotun":"0494041412","name":"Soukanmäki","name_sv":"","named":true,"peruspiiri_code":"049041","peruspiiri":"Kanta-Espoonlahti","source":"HSY Seutukartta 2021 (pienalue)","bb":[60.13014,24.63933,60.145,24.67907],"c":[60.13692,24.66262]},"geometry":{"type":"Polygon","coordinates":[[[24.63933,60.13347],[24.64275,60.1322],[24.66147,60.13014],[24.66444,60.13028],[24.66417,60.13052],[24.66402,60.13078],[24.66384,60.13138],[24.66413,60.13141],[24.66416,60.13177],[24.66452,60.13208],[24.66656,60.13299],[24.66781,60.13317],[24.66727,60.13361],[24.66913,60.13415],[24.66992,60.13437],[24.67037,60.13393],[24.67073,60.13374],[24.67409,60.13371],[24.67732,60.1361],[24.67907,60.13647],[24.67883,60.13665],[24.6786,60.13684],[24.67839,60.13704],[24.67819,60.13724],[24.67802,60.13745],[24.67744,60.13828],[24.67741,60.13838],[24.6774,60.13863],[24.67735,60.13893],[24.67749,60.13898],[24.67753,60.13944],[24.6777,60.14033],[24.67773,60.14066],[24.67774,60.14091],[24.67772,60.14116],[24.67767,60.1414],[24.67759,60.14171],[24.6775,60.14193],[24.67739,60.14215],[24.67726,60.14236],[24.67711,60.14257],[24.67694,60.14278],[24.67674,60.14298],[24.67653,60.14318],[24.6763,60.14337],[24.67568,60.14385],[24.67554,60.14382],[24.67509,60.14418],[24.67461,60.14454],[24.67431,60.14475],[24.67406,60.145],[24.67353,60.14474],[24.67281,60.14451],[24.67223,60.14425],[24.67167,60.14407],[24.67088,60.14403],[24.67033,60.14402],[24.66998,60.14397],[24.66959,60.14382],[24.66927,60.14368],[24.66844,60.1435],[24.66675,60.14353],[24.66599,60.14366],[24.66438,60.14332],[24.66417,60.14332],[24.66405,60.14309],[24.66352,60.14287],[24.66303,60.14288],[24.66236,60.14244],[24.66237,60.14227],[24.66092,60.14146],[24.66018,60.14139],[24.65989,60.14126],[24.6589,60.14067],[24.65761,60.14131],[24.6574,60.14122],[24.65724,60.14117],[24.65706,60.14116],[24.65696,60.14122],[24.65696,60.1414],[24.65671,60.14135],[24.65603,60.14121],[24.65594,60.1413],[24.65271,60.14062],[24.65452,60.13849],[24.65011,60.13755],[24.6513,60.13615],[24.64789,60.13543],[24.64836,60.13489],[24.64535,60.13425],[24.6405,60.13424],[24.63933,60.13347]]]}},{"type":"Feature","properties":{"code":"049611","kunta":"049","kokotun":"0496061611","name":"Kirkkojärvi","name_sv":"","named":true,"peruspiiri_code":"049061","peruspiiri":"Kanta-Espoo","source":"HSY Seutukartta 2021 (pienalue)","bb":[60.20407,24.64384,60.21655,24.69023],"c":[60.20978,24.6631]},"geometry":{"type":"Polygon","coordinates":[[[24.64384,60.20481],[24.64467,60.20456],[24.64599,60.20452],[24.64724,60.20453],[24.64801,60.20455],[24.6487,60.20454],[24.64951,60.2044],[24.65047,60.20426],[24.65081,60.20407],[24.66732,60.20727],[24.66846,60.20746],[24.66955,60.20759],[24.67129,60.20768],[24.67303,60.20759],[24.6733,60.20758],[24.67497,60.20737],[24.67652,60.20703],[24.67841,60.20654],[24.67988,60.20624],[24.68188,60.20601],[24.68379,60.20597],[24.68625,60.20611],[24.68848,60.20641],[24.69023,60.20673],[24.67525,60.21104],[24.67577,60.21201],[24.67127,60.21331],[24.66726,60.21448],[24.66679,60.21458],[24.66492,60.2151],[24.66182,60.21612],[24.66045,60.21655],[24.66046,60.21652],[24.65871,60.21548],[24.657,60.21489],[24.6553,60.21446],[24.65492,60.21433],[24.65257,60.21363],[24.65171,60.21336],[24.65158,60.2133],[24.65089,60.21302],[24.65037,60.21279],[24.65032,60.21243],[24.64944,60.21232],[24.64966,60.21209],[24.64832,60.21173],[24.64675,60.21101],[24.64655,60.21092],[24.64602,60.21077],[24.64555,60.21065],[24.64542,60.21055],[24.64557,60.21041],[24.64559,60.21022],[24.6455,60.21018],[24.64577,60.21003],[24.64622,60.20975],[24.64663,60.20948],[24.64693,60.20925],[24.64707,60.20911],[24.64727,60.20888],[24.64747,60.20859],[24.64759,60.20848],[24.64757,60.20835],[24.64797,60.20817],[24.64871,60.2079],[24.64886,60.20784],[24.64907,60.20771],[24.64937,60.20744],[24.6494,60.20738],[24.64937,60.20728],[24.64932,60.20724],[24.64918,60.20717],[24.64872,60.20709],[24.64883,60.20693],[24.64911,60.20697],[24.64918,60.20686],[24.64889,60.2069],[24.64878,60.20686],[24.64866,60.20677],[24.6486,60.20668],[24.64873,60.20645],[24.64877,60.20636],[24.64868,60.20625],[24.64849,60.20622],[24.64789,60.20618],[24.64766,60.20615],[24.64749,60.20608],[24.64743,60.20586],[24.64738,60.20578],[24.64724,60.20573],[24.64702,60.20572],[24.64682,60.20574],[24.64669,60.20572],[24.6466,60.20569],[24.64653,60.20556],[24.64633,60.2055],[24.6461,60.20548],[24.64593,60.20536],[24.64585,60.20512],[24.6459,60.20508],[24.64593,60.20499],[24.64583,60.20489],[24.6454,60.20472],[24.64527,60.2047],[24.64486,60.20472],[24.64457,60.20486],[24.64438,60.20492],[24.64409,60.20489],[24.64384,60.20481]]]}},{"type":"Feature","properties":{"code":"049431","kunta":"049","kokotun":"0494043431","name":"Latokaskenmäki","name_sv":"","named":true,"peruspiiri_code":"049043","peruspiiri":"Nöykkiö-Latokaski","source":"HSY Seutukartta 2021 (pienalue)","bb":[60.1699,24.6438,60.188,24.67642],"c":[60.17805,24.65913]},"geometry":{"type":"Polygon","coordinates":[[[24.6438,60.18237],[24.64511,60.17894],[24.645,60.17825],[24.64487,60.17728],[24.645,60.17706],[24.64499,60.17689],[24.64415,60.17689],[24.64568,60.17493],[24.64776,60.17231],[24.64942,60.17021],[24.64945,60.17018],[24.65096,60.17083],[24.65136,60.17074],[24.65264,60.1702],[24.65279,60.17013],[24.65365,60.1699],[24.65459,60.17017],[24.65527,60.17036],[24.65558,60.17046],[24.65797,60.17114],[24.67155,60.17096],[24.67136,60.17085],[24.67169,60.17053],[24.67303,60.17047],[24.67411,60.17034],[24.67436,60.17045],[24.67642,60.17056],[24.67352,60.1722],[24.67253,60.17266],[24.66641,60.17542],[24.66772,60.17599],[24.66867,60.17639],[24.66965,60.1767],[24.673,60.17806],[24.67429,60.17883],[24.67586,60.17988],[24.67498,60.17989],[24.67374,60.17999],[24.67308,60.18012],[24.67249,60.1803],[24.67198,60.18052],[24.67124,60.18092],[24.67073,60.18141],[24.67037,60.18212],[24.66999,60.18291],[24.66952,60.18419],[24.66937,60.18488],[24.66921,60.18581],[24.66905,60.18603],[24.66796,60.18695],[24.66673,60.188],[24.65858,60.18517],[24.65651,60.18444],[24.6438,60.18237]]]}},{"type":"Feature","properties":{"code":"049411","kunta":"049","kokotun":"0494041411","name":"Espoonlahden Keskus","name_sv":"","named":true,"peruspiiri_code":"049041","peruspiiri":"Kanta-Espoonlahti","source":"HSY Seutukartta 2021 (pienalue)","bb":[60.14067,24.64545,60.15565,24.67406],"c":[60.14815,24.65939]},"geometry":{"type":"Polygon","coordinates":[[[24.64554,60.15002],[24.64574,60.1497],[24.64545,60.14936],[24.64545,60.14916],[24.64566,60.14892],[24.64625,60.14846],[24.64725,60.14767],[24.64744,60.14742],[24.6477,60.14699],[24.64795,60.14682],[24.64829,60.14651],[24.65014,60.14535],[24.65053,60.14473],[24.65089,60.14483],[24.65174,60.14503],[24.65231,60.14527],[24.65294,60.14559],[24.65353,60.14576],[24.65431,60.14587],[24.65474,60.14585],[24.65478,60.14547],[24.65508,60.14515],[24.65559,60.14483],[24.65589,60.14456],[24.65653,60.14344],[24.65667,60.1429],[24.65675,60.14209],[24.65671,60.14135],[24.65696,60.1414],[24.65696,60.14122],[24.65706,60.14116],[24.65724,60.14117],[24.6574,60.14122],[24.65761,60.14131],[24.6589,60.14067],[24.65989,60.14126],[24.66018,60.14139],[24.66092,60.14146],[24.66237,60.14227],[24.66236,60.14244],[24.66303,60.14288],[24.66352,60.14287],[24.66405,60.14309],[24.66417,60.14332],[24.66438,60.14332],[24.66599,60.14366],[24.66675,60.14353],[24.66844,60.1435],[24.66927,60.14368],[24.66959,60.14382],[24.66998,60.14397],[24.67033,60.14402],[24.67088,60.14403],[24.67167,60.14407],[24.67223,60.14425],[24.67281,60.14451],[24.67353,60.14474],[24.67406,60.145],[24.67358,60.14561],[24.67313,60.14598],[24.67286,60.14603],[24.67215,60.14642],[24.67152,60.14682],[24.66957,60.14754],[24.66909,60.14776],[24.66891,60.1479],[24.66858,60.14808],[24.66835,60.14819],[24.66793,60.1484],[24.66761,60.14864],[24.66738,60.14894],[24.66722,60.14898],[24.66689,60.14947],[24.66678,60.14969],[24.66681,60.14975],[24.66658,60.15008],[24.66634,60.15055],[24.66613,60.15115],[24.66585,60.15128],[24.66578,60.15141],[24.66558,60.15201],[24.66556,60.15217],[24.665,60.15348],[24.6649,60.15364],[24.66474,60.15404],[24.66418,60.15513],[24.66391,60.15539],[24.66387,60.15546],[24.66366,60.15565],[24.66356,60.15563],[24.66299,60.15544],[24.66195,60.15516],[24.66159,60.15505],[24.66134,60.15495],[24.6611,60.15485],[24.66088,60.15473],[24.66059,60.15456],[24.66044,60.15448],[24.66027,60.15441],[24.66009,60.15435],[24.65989,60.15429],[24.65969,60.15425],[24.65948,60.15422],[24.65926,60.1542],[24.65904,60.15419],[24.65882,60.1542],[24.65688,60.15426],[24.65375,60.15322],[24.65334,60.15288],[24.65173,60.15205],[24.65026,60.15144],[24.64924,60.15104],[24.64846,60.1508],[24.64756,60.15061],[24.64678,60.15046],[24.64614,60.15027],[24.64554,60.15002]]]}},{"type":"Feature","properties":{"code":"049452","kunta":"049","kokotun":"0494045452","name":"Ulkosaaret","name_sv":"","named":true,"peruspiiri_code":"049045","peruspiiri":"Suvisaaristo","source":"HSY Seutukartta 2021 (pienalue)","bb":[59.9014,24.64465,60.11497,24.9426],"c":[60.01292,24.79407]},"geometry":{"type":"Polygon","coordinates":[[[24.64942,60.11497],[24.65475,60.10617],[24.65309,60.10078],[24.64485,60.09235],[24.64465,60.09214],[24.64548,60.09125],[24.64987,60.08651],[24.65076,60.08554],[24.6509,60.08539],[24.65455,60.08142],[24.6548,60.08115],[24.65583,60.08004],[24.6599,60.07561],[24.68185,60.05174],[24.70762,60.03404],[24.74542,60.00802],[24.83141,59.9014],[24.92997,59.92134],[24.9426,59.92251],[24.90284,59.96689],[24.86867,60.00467],[24.84809,60.02756],[24.78278,60.09997],[24.77661,60.10728],[24.77507,60.10906],[24.72485,60.10903],[24.71598,60.10572],[24.70974,60.10362],[24.68599,60.10369],[24.67625,60.10834],[24.67619,60.11409],[24.67627,60.11483],[24.64942,60.11497]]]}},{"type":"Feature","properties":{"code":"049631","kunta":"049","kokotun":"0496063631","name":"Karvasmäki","name_sv":"","named":true,"peruspiiri_code":"049063","peruspiiri":"Bemböle","source":"HSY Seutukartta 2021 (pienalue)","bb":[60.21201,24.65009,60.22552,24.69794],"c":[60.21919,24.67376]},"geometry":{"type":"Polygon","coordinates":[[[24.67381,60.22238],[24.67342,60.2224],[24.67283,60.22242],[24.67263,60.22244],[24.67193,60.22246],[24.67164,60.22244],[24.67126,60.22248],[24.67083,60.22248],[24.67063,60.22247],[24.67039,60.22247],[24.67007,60.22244],[24.66983,60.22242],[24.66896,60.22238],[24.6681,60.22233],[24.66706,60.22228],[24.66629,60.22223],[24.66526,60.22217],[24.66472,60.22214],[24.66439,60.22213],[24.66371,60.22209],[24.66292,60.22194],[24.66281,60.22194],[24.66228,60.222],[24.66188,60.22199],[24.66048,60.22192],[24.65865,60.22181],[24.65666,60.22147],[24.65649,60.22151],[24.65628,60.2215],[24.65421,60.22115],[24.65405,60.22101],[24.65329,60.2209],[24.65065,60.22025],[24.65048,60.2202],[24.65027,60.22003],[24.65013,60.21987],[24.65009,60.21971],[24.65013,60.21954],[24.65027,60.21938],[24.65048,60.21923],[24.65064,60.21914],[24.65082,60.21906],[24.65329,60.21804],[24.65537,60.21735],[24.6565,60.21705],[24.65667,60.21701],[24.65974,60.21667],[24.66046,60.21652],[24.66045,60.21655],[24.66182,60.21612],[24.66492,60.2151],[24.66679,60.21458],[24.66726,60.21448],[24.67127,60.21331],[24.67577,60.21201],[24.67744,60.21539],[24.68546,60.21753],[24.68869,60.2182],[24.68965,60.21886],[24.69082,60.21896],[24.69076,60.21958],[24.69243,60.21984],[24.69384,60.22007],[24.69529,60.22065],[24.69598,60.22087],[24.6968,60.22107],[24.69761,60.22135],[24.69794,60.22147],[24.69783,60.22153],[24.69683,60.2222],[24.69536,60.22219],[24.69457,60.22194],[24.69293,60.2232],[24.69284,60.22327],[24.69118,60.22325],[24.69115,60.22379],[24.69219,60.22379],[24.69203,60.22391],[24.69032,60.22552],[24.69036,60.22533],[24.69044,60.22527],[24.69052,60.22516],[24.6903,60.22506],[24.68986,60.22503],[24.68957,60.22496],[24.68929,60.22486],[24.68911,60.22474],[24.68884,60.2247],[24.68871,60.22458],[24.6887,60.22451],[24.68859,60.22446],[24.68869,60.22441],[24.68856,60.22439],[24.68838,60.22432],[24.68817,60.22434],[24.68816,60.22445],[24.68809,60.22462],[24.68776,60.22466],[24.6876,60.22459],[24.68773,60.22444],[24.68787,60.22418],[24.6878,60.22412],[24.68767,60.22407],[24.68742,60.22409],[24.68714,60.22402],[24.68692,60.22399],[24.68659,60.22402],[24.68629,60.22407],[24.68587,60.22404],[24.68557,60.22398],[24.68534,60.22385],[24.68521,60.22374],[24.68492,60.22365],[24.68467,60.22354],[24.6844,60.22346],[24.68415,60.22341],[24.68397,60.22341],[24.6837,60.22349],[24.68367,60.22358],[24.68357,60.22365],[24.68347,60.22365],[24.68327,60.22361],[24.68304,60.22365],[24.68291,60.22365],[24.68267,60.22371],[24.68264,60.22361],[24.6825,60.22348],[24.68229,60.22333],[24.68214,60.22327],[24.68196,60.22317],[24.68174,60.22296],[24.68171,60.22285],[24.68165,60.22274],[24.68151,60.22267],[24.68127,60.22268],[24.68033,60.22264],[24.67999,60.22259],[24.67927,60.22254],[24.67818,60.22247],[24.67679,60.22241],[24.67604,60.22245],[24.67549,60.22235],[24.67513,60.22238],[24.67455,60.22241],[24.67381,60.22238]]]}},{"type":"Feature","properties":{"code":"049323","kunta":"049","kokotun":"0493032323","name":"Kuitinmäki","name_sv":"","named":true,"peruspiiri_code":"049032","peruspiiri":"Olari","source":"HSY Seutukartta 2021 (pienalue)","bb":[60.1631,24.71784,60.17717,24.73768],"c":[60.17075,24.72833]},"geometry":{"type":"Polygon","coordinates":[[[24.71784,60.17657],[24.71794,60.17652],[24.71836,60.17625],[24.71866,60.17604],[24.71899,60.1757],[24.71937,60.17534],[24.7201,60.17501],[24.72103,60.17467],[24.72147,60.17442],[24.72195,60.174],[24.72216,60.17364],[24.72245,60.17285],[24.72249,60.17228],[24.72213,60.17164],[24.72211,60.1713],[24.72229,60.17088],[24.72278,60.17046],[24.72622,60.16777],[24.7277,60.16623],[24.72806,60.16574],[24.72925,60.1659],[24.73058,60.16585],[24.73205,60.16575],[24.73238,60.16571],[24.73235,60.16545],[24.73258,60.16504],[24.73308,60.16406],[24.73362,60.1631],[24.73386,60.16314],[24.73577,60.1635],[24.73663,60.16367],[24.73763,60.16389],[24.73768,60.1639],[24.73696,60.16504],[24.73686,60.16545],[24.73688,60.16571],[24.73732,60.16663],[24.7372,60.16663],[24.73676,60.16672],[24.73648,60.16688],[24.73605,60.16733],[24.73455,60.16874],[24.73218,60.17113],[24.73077,60.1725],[24.72977,60.17328],[24.72949,60.17363],[24.7292,60.17427],[24.72913,60.17491],[24.72916,60.17558],[24.72933,60.17616],[24.72951,60.1767],[24.72989,60.17717],[24.72929,60.17713],[24.72162,60.17672],[24.72153,60.17709],[24.72004,60.17694],[24.7188,60.17684],[24.71784,60.17657]]]}},{"type":"Feature","properties":{"code":"049434","kunta":"049","kokotun":"0494043434","name":"Nöykkiönlaakso","name_sv":"","named":true,"peruspiiri_code":"049043","peruspiiri":"Nöykkiö-Latokaski","source":"HSY Seutukartta 2021 (pienalue)","bb":[60.15393,24.64945,60.17114,24.68188],"c":[60.1634,24.66771]},"geometry":{"type":"Polygon","coordinates":[[[24.64945,60.17018],[24.65038,60.16902],[24.65041,60.16896],[24.65081,60.16847],[24.65105,60.16814],[24.65116,60.16801],[24.65176,60.16727],[24.65232,60.16657],[24.65245,60.16641],[24.65224,60.16626],[24.65207,60.16608],[24.6519,60.16576],[24.65193,60.16567],[24.65204,60.16552],[24.65301,60.16571],[24.6532,60.16566],[24.65447,60.16565],[24.65457,60.16566],[24.65648,60.16565],[24.65647,60.16558],[24.6565,60.16523],[24.65656,60.16415],[24.65661,60.16414],[24.65682,60.16331],[24.65681,60.1633],[24.65766,60.16289],[24.65861,60.16194],[24.65892,60.16158],[24.659,60.16155],[24.65905,60.16147],[24.65904,60.16143],[24.65883,60.16108],[24.65873,60.16084],[24.65868,60.16067],[24.65866,60.1605],[24.65962,60.15957],[24.65999,60.1592],[24.66028,60.15892],[24.66061,60.15859],[24.66117,60.15806],[24.66177,60.15746],[24.66266,60.15661],[24.66329,60.15599],[24.66366,60.15565],[24.66387,60.15546],[24.66391,60.15539],[24.66418,60.15513],[24.66474,60.15404],[24.665,60.15393],[24.66906,60.15411],[24.66999,60.15418],[24.67036,60.15421],[24.67177,60.15437],[24.67382,60.15474],[24.67392,60.15463],[24.67413,60.15466],[24.67495,60.15482],[24.67498,60.15478],[24.67714,60.15523],[24.67802,60.15532],[24.67844,60.15542],[24.68004,60.15575],[24.68034,60.15583],[24.68086,60.15593],[24.68188,60.15617],[24.6811,60.15722],[24.68077,60.15776],[24.68061,60.15812],[24.68049,60.15854],[24.68042,60.15902],[24.68048,60.15944],[24.68051,60.15983],[24.68045,60.16009],[24.67952,60.16071],[24.68011,60.16097],[24.68005,60.16109],[24.6795,60.16318],[24.67941,60.16356],[24.67929,60.164],[24.67916,60.16445],[24.67901,60.165],[24.67878,60.16588],[24.67866,60.16629],[24.67892,60.16652],[24.67865,60.16672],[24.67833,60.16709],[24.67811,60.16795],[24.6776,60.17062],[24.67642,60.17056],[24.67436,60.17045],[24.67411,60.17034],[24.67303,60.17047],[24.67169,60.17053],[24.67136,60.17085],[24.67155,60.17096],[24.65797,60.17114],[24.65558,60.17046],[24.65527,60.17036],[24.65459,60.17017],[24.65365,60.1699],[24.65279,60.17013],[24.65264,60.1702],[24.65136,60.17074],[24.65096,60.17083],[24.64945,60.17018]]]}},{"type":"Feature","properties":{"code":"049613","kunta":"049","kokotun":"0496061613","name":"Suvela","name_sv":"","named":true,"peruspiiri_code":"049061","peruspiiri":"Kanta-Espoo","source":"HSY Seutukartta 2021 (pienalue)","bb":[60.19217,24.65081,60.20768,24.68868],"c":[60.19983,24.67001]},"geometry":{"type":"Polygon","coordinates":[[[24.65081,60.20407],[24.6516,60.20363],[24.65182,60.2035],[24.65203,60.20336],[24.65222,60.20321],[24.65238,60.20306],[24.65253,60.2029],[24.65266,60.20274],[24.65277,60.20257],[24.65285,60.20241],[24.65293,60.20218],[24.65286,60.20153],[24.65231,60.20145],[24.6523,60.20072],[24.65239,60.20029],[24.65316,60.19932],[24.65321,60.19928],[24.65385,60.19888],[24.65412,60.19892],[24.65499,60.19868],[24.65693,60.19816],[24.65721,60.19808],[24.65778,60.19792],[24.6581,60.19781],[24.65822,60.19767],[24.65857,60.19737],[24.65909,60.19698],[24.65926,60.19686],[24.65956,60.19696],[24.65996,60.1967],[24.66007,60.19666],[24.66123,60.19576],[24.66224,60.19541],[24.66312,60.19513],[24.66371,60.19492],[24.6642,60.19475],[24.66465,60.19458],[24.66479,60.19454],[24.66509,60.19443],[24.66528,60.1944],[24.66632,60.19394],[24.6665,60.19376],[24.66659,60.19364],[24.66668,60.19348],[24.66925,60.19236],[24.67521,60.19348],[24.67549,60.19384],[24.6758,60.19428],[24.67609,60.1946],[24.67719,60.1942],[24.67794,60.19394],[24.6782,60.19381],[24.67856,60.19404],[24.68121,60.19297],[24.68314,60.19217],[24.68447,60.19242],[24.68493,60.19289],[24.6861,60.19359],[24.68621,60.19417],[24.68617,60.19437],[24.68688,60.19536],[24.68751,60.19574],[24.68826,60.19637],[24.68849,60.19662],[24.68868,60.19663],[24.68773,60.19727],[24.68678,60.19802],[24.68617,60.19862],[24.68549,60.19942],[24.68491,60.19966],[24.6844,60.19984],[24.68362,60.20019],[24.68319,60.20053],[24.6829,60.20088],[24.68249,60.20149],[24.6819,60.20213],[24.68135,60.20262],[24.6806,60.20313],[24.67953,60.20374],[24.67933,60.20381],[24.6785,60.20388],[24.67773,60.20414],[24.67441,60.20539],[24.67414,60.20555],[24.67355,60.20631],[24.67303,60.20759],[24.67129,60.20768],[24.66955,60.20759],[24.66846,60.20746],[24.66732,60.20727],[24.65081,60.20407]]]}},{"type":"Feature","properties":{"code":"049722","kunta":"049","kokotun":"0497072722","name":"Luukki","name_sv":"","named":true,"peruspiiri_code":"049072","peruspiiri":"Kalajärvi-Lakisto","source":"HSY Seutukartta 2021 (pienalue)","bb":[60.30128,24.65775,60.3258,24.72706],"c":[60.31288,24.69111]},"geometry":{"type":"Polygon","coordinates":[[[24.65775,60.31223],[24.6627,60.31127],[24.671,60.30973],[24.67284,60.30938],[24.67562,60.30886],[24.6772,60.30859],[24.68071,60.30774],[24.68456,60.30682],[24.68625,60.30641],[24.68771,60.30241],[24.69998,60.30198],[24.70092,60.30195],[24.70095,60.30187],[24.7035,60.30176],[24.70385,60.30174],[24.71303,60.30133],[24.71414,60.30128],[24.71417,60.30133],[24.7159,60.30491],[24.7176,60.3065],[24.72101,60.30866],[24.723,60.30938],[24.72417,60.31001],[24.7255,60.31073],[24.72706,60.3116],[24.7242,60.31242],[24.72335,60.31267],[24.72228,60.31297],[24.72102,60.31338],[24.72028,60.3137],[24.72002,60.3139],[24.71928,60.31428],[24.71869,60.31465],[24.71825,60.31498],[24.71734,60.31557],[24.71656,60.3161],[24.71502,60.31678],[24.71438,60.31701],[24.71349,60.3173],[24.71267,60.3175],[24.71157,60.31768],[24.71054,60.3178],[24.70954,60.31791],[24.70825,60.31804],[24.70632,60.31815],[24.70496,60.31823],[24.7031,60.31835],[24.70232,60.31847],[24.7017,60.31847],[24.7005,60.3186],[24.69937,60.31877],[24.69847,60.31895],[24.6974,60.31916],[24.69544,60.31967],[24.69453,60.31993],[24.69443,60.32],[24.69446,60.32008],[24.69414,60.3201],[24.69394,60.32006],[24.69367,60.3201],[24.69204,60.32055],[24.69117,60.32077],[24.68919,60.32125],[24.68869,60.32138],[24.68738,60.32168],[24.68595,60.32197],[24.68557,60.32208],[24.68504,60.32217],[24.68464,60.32215],[24.68378,60.32228],[24.68286,60.32241],[24.68184,60.3226],[24.68127,60.32271],[24.68067,60.32274],[24.67855,60.32305],[24.67733,60.32331],[24.6771,60.32333],[24.67574,60.32364],[24.67501,60.32379],[24.67382,60.32419],[24.6732,60.32442],[24.67255,60.32454],[24.67081,60.32507],[24.66989,60.32528],[24.6695,60.32541],[24.66857,60.32557],[24.66806,60.32557],[24.66751,60.32565],[24.66666,60.32567],[24.66659,60.32573],[24.66642,60.32574],[24.66622,60.3258],[24.66567,60.32577],[24.66506,60.3257],[24.66445,60.32568],[24.66435,60.32545],[24.66275,60.31954],[24.65926,60.31392],[24.659,60.31356],[24.6589,60.31345],[24.65876,60.31335],[24.65861,60.31325],[24.65847,60.31316],[24.65841,60.31308],[24.65814,60.31289],[24.65804,60.3128],[24.65793,60.31266],[24.65782,60.31242],[24.65775,60.31223]]]}},{"type":"Feature","properties":{"code":"049113","kunta":"049","kokotun":"0491011113","name":"Mäkkylä","name_sv":"","named":true,"peruspiiri_code":"049011","peruspiiri":"Kanta-Leppävaara","source":"HSY Seutukartta 2021 (pienalue)","bb":[60.21839,24.81629,60.22977,24.8423],"c":[60.22327,24.83048]},"geometry":{"type":"Polygon","coordinates":[[[24.82613,60.22765],[24.82556,60.2273],[24.8252,60.22691],[24.82491,60.22643],[24.82464,60.22603],[24.82423,60.22569],[24.82375,60.22544],[24.8198,60.22377],[24.81767,60.22287],[24.8171,60.22252],[24.81672,60.22224],[24.81641,60.22188],[24.81629,60.2215],[24.8163,60.22113],[24.81643,60.22069],[24.81653,60.22024],[24.81647,60.21925],[24.82173,60.2189],[24.8223,60.21886],[24.82695,60.21855],[24.82875,60.21844],[24.82964,60.2184],[24.83074,60.21839],[24.83201,60.21843],[24.83274,60.21848],[24.83382,60.21858],[24.83517,60.21876],[24.83687,60.21909],[24.83815,60.21942],[24.83964,60.21992],[24.8423,60.22101],[24.84191,60.2212],[24.8419,60.22122],[24.84188,60.22132],[24.8417,60.22215],[24.83997,60.22914],[24.83812,60.22903],[24.83791,60.22977],[24.83412,60.22899],[24.83338,60.22885],[24.83286,60.22874],[24.83169,60.2286],[24.83089,60.22851],[24.83021,60.22845],[24.82867,60.22835],[24.82764,60.2282],[24.82669,60.2279],[24.82613,60.22765]]]}},{"type":"Feature","properties":{"code":"049633","kunta":"049","kokotun":"0496063633","name":"Högnäs","name_sv":"","named":true,"peruspiiri_code":"049063","peruspiiri":"Bemböle","source":"HSY Seutukartta 2021 (pienalue)","bb":[60.224,24.65804,60.25483,24.71753],"c":[60.24159,24.68089]},"geometry":{"type":"Polygon","coordinates":[[[24.66165,60.2474],[24.66141,60.2433],[24.66076,60.24282],[24.66039,60.24256],[24.66102,60.2405],[24.6646,60.23809],[24.66464,60.23793],[24.66445,60.2378],[24.66405,60.23743],[24.66395,60.23735],[24.66365,60.23717],[24.66346,60.23708],[24.66324,60.23698],[24.6628,60.23681],[24.66233,60.23665],[24.66172,60.23654],[24.66116,60.23646],[24.66032,60.2364],[24.66014,60.23638],[24.65981,60.23634],[24.65946,60.23631],[24.65916,60.23628],[24.65891,60.23624],[24.6586,60.23616],[24.65844,60.23608],[24.65839,60.23597],[24.65836,60.23582],[24.6583,60.23564],[24.65821,60.23553],[24.65804,60.23539],[24.65813,60.23529],[24.65818,60.23519],[24.65825,60.23502],[24.6583,60.23483],[24.65832,60.23465],[24.6583,60.23452],[24.65836,60.23408],[24.65847,60.23392],[24.65861,60.23377],[24.65881,60.23363],[24.65894,60.2335],[24.65901,60.23335],[24.65903,60.2331],[24.65894,60.23296],[24.65896,60.23276],[24.65909,60.23268],[24.65914,60.23267],[24.65933,60.23231],[24.65931,60.23214],[24.65924,60.2317],[24.65938,60.23149],[24.65948,60.23135],[24.65989,60.23105],[24.66014,60.23092],[24.66059,60.23073],[24.66079,60.23059],[24.66087,60.23048],[24.66099,60.23013],[24.66109,60.22994],[24.66143,60.22973],[24.66185,60.22956],[24.66215,60.22948],[24.66247,60.22941],[24.66267,60.2294],[24.6632,60.22944],[24.66371,60.22952],[24.66404,60.22945],[24.66433,60.22933],[24.66448,60.2292],[24.66499,60.2287],[24.66515,60.22856],[24.6657,60.2283],[24.66618,60.22808],[24.66699,60.22759],[24.66726,60.22743],[24.66767,60.22726],[24.6681,60.22703],[24.66842,60.22678],[24.66879,60.2264],[24.66892,60.22621],[24.66912,60.22592],[24.66925,60.22578],[24.66954,60.22544],[24.66969,60.22535],[24.67023,60.22511],[24.67047,60.22497],[24.67103,60.22475],[24.67154,60.22449],[24.67173,60.22441],[24.67202,60.22411],[24.67214,60.224],[24.67299,60.22416],[24.6732,60.22416],[24.67339,60.22421],[24.67389,60.22421],[24.67468,60.22428],[24.67549,60.22448],[24.67636,60.2247],[24.67672,60.22483],[24.67709,60.22486],[24.67823,60.22514],[24.6789,60.22537],[24.67947,60.22552],[24.67992,60.22575],[24.6802,60.22583],[24.68049,60.22597],[24.68088,60.22619],[24.6811,60.22621],[24.68126,60.2264],[24.68148,60.22648],[24.68187,60.2266],[24.68296,60.22714],[24.68367,60.22748],[24.68418,60.22779],[24.68413,60.22783],[24.68448,60.22797],[24.68482,60.22817],[24.68506,60.22837],[24.6853,60.22851],[24.68581,60.22875],[24.68643,60.22919],[24.68665,60.22937],[24.68693,60.22972],[24.68724,60.22998],[24.68757,60.2302],[24.68793,60.23048],[24.68807,60.23067],[24.68853,60.23117],[24.68861,60.23132],[24.68867,60.23153],[24.68899,60.23202],[24.68919,60.23216],[24.6894,60.23251],[24.68954,60.23248],[24.68973,60.2328],[24.68971,60.23307],[24.68976,60.23326],[24.69003,60.23355],[24.69023,60.2337],[24.69039,60.23384],[24.69054,60.23403],[24.6907,60.23417],[24.69135,60.23468],[24.69133,60.2347],[24.69197,60.23511],[24.6926,60.2356],[24.69291,60.23574],[24.69415,60.23692],[24.69429,60.23715],[24.69421,60.23719],[24.69736,60.23978],[24.69764,60.2397],[24.69769,60.23971],[24.69801,60.23986],[24.69821,60.24001],[24.69853,60.24016],[24.69897,60.24033],[24.69931,60.24047],[24.69957,60.24056],[24.6999,60.24065],[24.70003,60.24077],[24.70036,60.24122],[24.7004,60.24138],[24.70042,60.24156],[24.70055,60.24189],[24.70065,60.24207],[24.70078,60.2422],[24.70059,60.24229],[24.70114,60.24261],[24.70142,60.24276],[24.7023,60.24319],[24.70442,60.24416],[24.70503,60.24445],[24.70544,60.24467],[24.70584,60.2449],[24.70622,60.24513],[24.70658,60.24537],[24.70693,60.24562],[24.7072,60.24556],[24.70845,60.24637],[24.70905,60.24683],[24.70921,60.24724],[24.70944,60.24748],[24.70977,60.24757],[24.71021,60.24784],[24.71053,60.24807],[24.71109,60.24856],[24.71227,60.24982],[24.71268,60.2501],[24.71238,60.25024],[24.71247,60.25031],[24.71247,60.25041],[24.7132,60.25108],[24.71377,60.2515],[24.714,60.25152],[24.71442,60.25131],[24.71469,60.25114],[24.71482,60.25112],[24.71527,60.25107],[24.71557,60.25111],[24.71577,60.25119],[24.71608,60.25113],[24.71571,60.25094],[24.71546,60.25083],[24.71571,60.25068],[24.71598,60.25076],[24.71658,60.25103],[24.71745,60.2515],[24.71731,60.25161],[24.71752,60.25209],[24.71753,60.2522],[24.71656,60.25222],[24.7135,60.25227],[24.71286,60.25228],[24.70338,60.25241],[24.70247,60.25243],[24.69109,60.2526],[24.69128,60.25238],[24.68375,60.25273],[24.68291,60.2528],[24.68249,60.25318],[24.68133,60.25301],[24.68009,60.25327],[24.67793,60.25352],[24.67765,60.25323],[24.67153,60.25386],[24.66773,60.25425],[24.66382,60.25465],[24.66208,60.25483],[24.66167,60.24774],[24.66165,60.2474]]]}},{"type":"Feature","properties":{"code":"049712","kunta":"049","kokotun":"0497071712","name":"Puotinen","name_sv":"","named":true,"peruspiiri_code":"049071","peruspiiri":"Vanhakartano-Röylä","source":"HSY Seutukartta 2021 (pienalue)","bb":[60.2522,24.66185,60.28056,24.72271],"c":[60.26474,24.69136]},"geometry":{"type":"Polygon","coordinates":[[[24.66316,60.27357],[24.66185,60.26693],[24.66208,60.25483],[24.66382,60.25465],[24.66773,60.25425],[24.67153,60.25386],[24.67765,60.25323],[24.67793,60.25352],[24.68009,60.25327],[24.68133,60.25301],[24.68249,60.25318],[24.68291,60.2528],[24.68375,60.25273],[24.69128,60.25238],[24.69109,60.2526],[24.70247,60.25243],[24.70338,60.25241],[24.71286,60.25228],[24.7135,60.25227],[24.71656,60.25222],[24.71753,60.2522],[24.71751,60.25242],[24.71733,60.25306],[24.71734,60.25349],[24.71747,60.25387],[24.71751,60.25394],[24.71781,60.25437],[24.71872,60.25543],[24.71916,60.25581],[24.71999,60.25652],[24.72089,60.25717],[24.72118,60.25739],[24.72216,60.25827],[24.72271,60.25867],[24.72176,60.25919],[24.7211,60.2595],[24.71762,60.26059],[24.71803,60.26092],[24.71835,60.26095],[24.71886,60.26134],[24.71974,60.26332],[24.72067,60.2635],[24.72174,60.26367],[24.7217,60.26379],[24.72144,60.26466],[24.7199,60.26536],[24.71743,60.26587],[24.717,60.26677],[24.71658,60.26764],[24.71625,60.26839],[24.71195,60.2725],[24.71192,60.27291],[24.71249,60.27368],[24.7126,60.27385],[24.71252,60.27511],[24.71242,60.27668],[24.71117,60.28056],[24.69983,60.2797],[24.69713,60.2783],[24.69704,60.27829],[24.69246,60.27765],[24.68512,60.27663],[24.68416,60.2765],[24.67919,60.27581],[24.66316,60.27357]]]}},{"type":"Feature","properties":{"code":"049616","kunta":"049","kokotun":"0496061616","name":"Ymmersta","name_sv":"","named":true,"peruspiiri_code":"049061","peruspiiri":"Kanta-Espoo","source":"HSY Seutukartta 2021 (pienalue)","bb":[60.20029,24.69214,60.20992,24.7215],"c":[60.20473,24.70924]},"geometry":{"type":"Polygon","coordinates":[[[24.69214,60.20701],[24.69364,60.20645],[24.69476,60.20602],[24.69479,60.20601],[24.69597,60.20552],[24.69722,60.20493],[24.69938,60.20378],[24.70081,60.20337],[24.70192,60.20306],[24.70217,60.20308],[24.70236,60.203],[24.70236,60.20292],[24.70194,60.20265],[24.70238,60.20248],[24.70275,60.20235],[24.70313,60.20223],[24.7039,60.20199],[24.7047,60.20177],[24.70517,60.20165],[24.70566,60.20153],[24.70656,60.20133],[24.70715,60.20121],[24.70792,60.20107],[24.70876,60.20093],[24.70997,60.20076],[24.7105,60.20069],[24.71138,60.20059],[24.71207,60.20052],[24.71295,60.20045],[24.71366,60.20041],[24.71474,60.20035],[24.71541,60.20033],[24.71611,60.20031],[24.71674,60.2003],[24.71796,60.20029],[24.71867,60.20053],[24.71914,60.20065],[24.71897,60.20065],[24.71861,60.20149],[24.71946,60.20234],[24.72106,60.20272],[24.7215,60.20274],[24.71815,60.20361],[24.71589,60.20412],[24.71951,60.20771],[24.71825,60.20824],[24.71614,60.20902],[24.71371,60.20992],[24.70986,60.20827],[24.70711,60.20671],[24.70716,60.20605],[24.70613,60.20603],[24.70511,60.20611],[24.70329,60.20644],[24.70187,60.20682],[24.69967,60.20739],[24.69766,60.20761],[24.69754,60.20763],[24.69655,60.20759],[24.69533,60.2075],[24.69268,60.20704],[24.69261,60.20711],[24.69214,60.20701]]]}},{"type":"Feature","properties":{"code":"049723","kunta":"049","kokotun":"0497072723","name":"Lahnus","name_sv":"","named":true,"peruspiiri_code":"049072","peruspiiri":"Kalajärvi-Lakisto","source":"HSY Seutukartta 2021 (pienalue)","bb":[60.3116,24.66445,60.3638,24.74922],"c":[60.33519,24.70798]},"geometry":{"type":"Polygon","coordinates":[[[24.66471,60.36277],[24.66824,60.35882],[24.66911,60.35786],[24.67014,60.35673],[24.67111,60.35566],[24.67245,60.35417],[24.67384,60.35264],[24.6754,60.3509],[24.67651,60.34967],[24.67922,60.34663],[24.67813,60.33816],[24.67645,60.33491],[24.6669,60.33065],[24.66611,60.33002],[24.66602,60.32984],[24.66591,60.32935],[24.66593,60.32928],[24.66585,60.32897],[24.66588,60.32877],[24.66593,60.32858],[24.66603,60.32849],[24.66445,60.32568],[24.66506,60.3257],[24.66567,60.32577],[24.66622,60.3258],[24.66642,60.32574],[24.66659,60.32573],[24.66666,60.32567],[24.66751,60.32565],[24.66806,60.32557],[24.66857,60.32557],[24.6695,60.32541],[24.66989,60.32528],[24.67081,60.32507],[24.67255,60.32454],[24.6732,60.32442],[24.67382,60.32419],[24.67501,60.32379],[24.67574,60.32364],[24.6771,60.32333],[24.67733,60.32331],[24.67855,60.32305],[24.68067,60.32274],[24.68127,60.32271],[24.68184,60.3226],[24.68286,60.32241],[24.68378,60.32228],[24.68464,60.32215],[24.68504,60.32217],[24.68557,60.32208],[24.68595,60.32197],[24.68738,60.32168],[24.68869,60.32138],[24.68919,60.32125],[24.69117,60.32077],[24.69204,60.32055],[24.69367,60.3201],[24.69394,60.32006],[24.69414,60.3201],[24.69446,60.32008],[24.69443,60.32],[24.69453,60.31993],[24.69544,60.31967],[24.6974,60.31916],[24.69847,60.31895],[24.69937,60.31877],[24.7005,60.3186],[24.7017,60.31847],[24.70232,60.31847],[24.7031,60.31835],[24.70496,60.31823],[24.70632,60.31815],[24.70825,60.31804],[24.70954,60.31791],[24.71054,60.3178],[24.71157,60.31768],[24.71267,60.3175],[24.71349,60.3173],[24.71438,60.31701],[24.71502,60.31678],[24.71656,60.3161],[24.71734,60.31557],[24.71825,60.31498],[24.71869,60.31465],[24.71928,60.31428],[24.72002,60.3139],[24.72028,60.3137],[24.72102,60.31338],[24.72228,60.31297],[24.72335,60.31267],[24.7242,60.31242],[24.72706,60.3116],[24.7296,60.31303],[24.73726,60.31728],[24.73904,60.31827],[24.74413,60.32112],[24.74542,60.32182],[24.74619,60.32228],[24.74852,60.33703],[24.74922,60.34179],[24.74496,60.34283],[24.74297,60.3433],[24.7323,60.34588],[24.72637,60.34731],[24.72574,60.34746],[24.72488,60.34767],[24.72242,60.34824],[24.72001,60.34886],[24.7114,60.35095],[24.70439,60.3527],[24.70352,60.35285],[24.70327,60.35286],[24.70097,60.35287],[24.7007,60.35294],[24.70039,60.35306],[24.69978,60.35335],[24.69914,60.35361],[24.69851,60.35392],[24.69813,60.35407],[24.69773,60.3543],[24.69719,60.35474],[24.69672,60.35525],[24.6964,60.35573],[24.69628,60.35586],[24.69605,60.35594],[24.69575,60.356],[24.69539,60.35602],[24.69501,60.35606],[24.69471,60.35615],[24.69409,60.35641],[24.69359,60.35666],[24.69328,60.35685],[24.69311,60.35698],[24.69289,60.35715],[24.69265,60.35736],[24.69253,60.35742],[24.69239,60.35746],[24.69218,60.35746],[24.69176,60.35743],[24.69132,60.3574],[24.69081,60.35739],[24.69036,60.35742],[24.68985,60.35749],[24.68917,60.35765],[24.68862,60.35779],[24.68797,60.358],[24.68744,60.35822],[24.68723,60.35829],[24.68701,60.35834],[24.68689,60.35835],[24.68668,60.3583],[24.68645,60.35823],[24.68617,60.3581],[24.68578,60.35804],[24.68531,60.35802],[24.68498,60.35806],[24.68449,60.3582],[24.68418,60.35825],[24.68367,60.3583],[24.68339,60.35839],[24.68304,60.35857],[24.68269,60.35864],[24.68226,60.35868],[24.682,60.35869],[24.68178,60.35868],[24.68148,60.35863],[24.6812,60.35857],[24.68043,60.35839],[24.68,60.35833],[24.67951,60.35835],[24.67886,60.35844],[24.6782,60.35858],[24.6777,60.35873],[24.67756,60.35884],[24.67735,60.35893],[24.67707,60.35899],[24.67685,60.359],[24.67618,60.35898],[24.67584,60.35899],[24.67572,60.35904],[24.67561,60.35914],[24.67557,60.35927],[24.67554,60.35945],[24.67554,60.35955],[24.67546,60.35961],[24.67533,60.35964],[24.6752,60.35964],[24.67502,60.35959],[24.67476,60.35949],[24.67451,60.35946],[24.67419,60.35945],[24.67376,60.35946],[24.67364,60.35951],[24.67354,60.35962],[24.67341,60.36003],[24.6732,60.36027],[24.673,60.36042],[24.67243,60.36063],[24.67212,60.36081],[24.6719,60.36101],[24.67166,60.36111],[24.67155,60.36118],[24.67149,60.36142],[24.67137,60.36156],[24.67086,60.36203],[24.67028,60.36255],[24.66981,60.36287],[24.66946,60.36306],[24.66916,60.36316],[24.6689,60.36321],[24.668,60.36329],[24.6673,60.36333],[24.66689,60.36337],[24.66646,60.36349],[24.66614,60.36366],[24.66596,60.3638],[24.66471,60.36277]]]}},{"type":"Feature","properties":{"code":"049443","kunta":"049","kokotun":"0494044443","name":"Hannusjärvi","name_sv":"","named":true,"peruspiiri_code":"049044","peruspiiri":"Kaitaa","source":"HSY Seutukartta 2021 (pienalue)","bb":[60.13509,24.66474,60.15474,24.68458],"c":[60.14653,24.67608]},"geometry":{"type":"Polygon","coordinates":[[[24.66474,60.15404],[24.6649,60.15364],[24.665,60.15348],[24.66556,60.15217],[24.66558,60.15201],[24.66578,60.15141],[24.66585,60.15128],[24.66613,60.15115],[24.66634,60.15055],[24.66658,60.15008],[24.66681,60.14975],[24.66678,60.14969],[24.66689,60.14947],[24.66722,60.14898],[24.66738,60.14894],[24.66761,60.14864],[24.66793,60.1484],[24.66835,60.14819],[24.66858,60.14808],[24.66891,60.1479],[24.66909,60.14776],[24.66957,60.14754],[24.67152,60.14682],[24.67215,60.14642],[24.67286,60.14603],[24.67313,60.14598],[24.67358,60.14561],[24.67406,60.145],[24.67431,60.14475],[24.67461,60.14454],[24.67509,60.14418],[24.67554,60.14382],[24.67568,60.14385],[24.6763,60.14337],[24.67653,60.14318],[24.67674,60.14298],[24.67694,60.14278],[24.67711,60.14257],[24.67726,60.14236],[24.67739,60.14215],[24.6775,60.14193],[24.67759,60.14171],[24.67767,60.1414],[24.67772,60.14116],[24.67774,60.14091],[24.67773,60.14066],[24.6777,60.14033],[24.67753,60.13944],[24.67749,60.13898],[24.67735,60.13893],[24.6774,60.13863],[24.67741,60.13838],[24.67744,60.13828],[24.67802,60.13745],[24.67819,60.13724],[24.67839,60.13704],[24.6786,60.13684],[24.67883,60.13665],[24.67907,60.13647],[24.67952,60.13617],[24.68005,60.13584],[24.68029,60.13568],[24.68051,60.13552],[24.68071,60.13534],[24.68098,60.13509],[24.68123,60.13528],[24.6821,60.1359],[24.68235,60.13672],[24.68247,60.13715],[24.68252,60.13792],[24.68279,60.13858],[24.68343,60.13946],[24.68353,60.13996],[24.68354,60.14022],[24.68359,60.14089],[24.68357,60.1417],[24.68344,60.14203],[24.68295,60.14234],[24.68256,60.14265],[24.68217,60.14301],[24.68215,60.1433],[24.68245,60.14376],[24.6825,60.14395],[24.68247,60.14426],[24.68234,60.14463],[24.6817,60.14583],[24.68141,60.14611],[24.68118,60.14626],[24.68126,60.14642],[24.68186,60.14697],[24.6831,60.14813],[24.68367,60.14866],[24.68408,60.14903],[24.68458,60.1493],[24.68446,60.14988],[24.68431,60.14988],[24.68423,60.14995],[24.68414,60.14994],[24.6841,60.15002],[24.68412,60.15018],[24.68411,60.15027],[24.68404,60.15036],[24.68395,60.15044],[24.68383,60.15049],[24.68368,60.15053],[24.68339,60.15053],[24.68327,60.15054],[24.6831,60.15047],[24.68316,60.15045],[24.68311,60.15032],[24.68306,60.15028],[24.68267,60.15022],[24.68243,60.15017],[24.68227,60.15013],[24.68215,60.15012],[24.68196,60.15009],[24.68175,60.15008],[24.68112,60.15007],[24.68092,60.15008],[24.68073,60.15013],[24.68044,60.15015],[24.6803,60.15017],[24.68009,60.15016],[24.67925,60.15019],[24.67913,60.15029],[24.67902,60.15034],[24.679,60.15043],[24.67891,60.15053],[24.67877,60.15049],[24.67753,60.15011],[24.67685,60.15066],[24.67552,60.15055],[24.67516,60.15055],[24.67369,60.15081],[24.67321,60.15121],[24.67315,60.15143],[24.67305,60.15203],[24.67311,60.15215],[24.67329,60.15238],[24.6737,60.15289],[24.67311,60.15303],[24.67263,60.15312],[24.67289,60.15348],[24.67375,60.15367],[24.67433,60.15392],[24.67451,60.15416],[24.67413,60.15466],[24.67392,60.15463],[24.67382,60.15474],[24.67177,60.15437],[24.67036,60.15421],[24.66999,60.15418],[24.66906,60.15411],[24.665,60.15393],[24.66474,60.15404]]]}},{"type":"Feature","properties":{"code":"049433","kunta":"049","kokotun":"0494043433","name":"Malminmäki","name_sv":"","named":true,"peruspiiri_code":"049043","peruspiiri":"Nöykkiö-Latokaski","source":"HSY Seutukartta 2021 (pienalue)","bb":[60.17056,24.66641,60.18953,24.70452],"c":[60.18045,24.68324]},"geometry":{"type":"Polygon","coordinates":[[[24.66673,60.188],[24.66796,60.18695],[24.66905,60.18603],[24.66921,60.18581],[24.66937,60.18488],[24.66952,60.18419],[24.66999,60.18291],[24.67037,60.18212],[24.67073,60.18141],[24.67124,60.18092],[24.67198,60.18052],[24.67249,60.1803],[24.67308,60.18012],[24.67374,60.17999],[24.67498,60.17989],[24.67586,60.17988],[24.67429,60.17883],[24.673,60.17806],[24.66965,60.1767],[24.66867,60.17639],[24.66772,60.17599],[24.66641,60.17542],[24.67253,60.17266],[24.67352,60.1722],[24.67642,60.17056],[24.6776,60.17062],[24.678,60.17064],[24.67808,60.17064],[24.6783,60.17081],[24.67858,60.17096],[24.67875,60.17102],[24.67894,60.17108],[24.67913,60.17113],[24.68105,60.17155],[24.68137,60.1716],[24.68189,60.17175],[24.68206,60.17183],[24.68291,60.17209],[24.68326,60.17215],[24.68353,60.17228],[24.68534,60.17284],[24.68555,60.1729],[24.68594,60.17296],[24.68632,60.17298],[24.68652,60.17297],[24.68753,60.1729],[24.68858,60.17283],[24.68869,60.17281],[24.68877,60.17275],[24.68878,60.1727],[24.68914,60.1727],[24.68919,60.17277],[24.68931,60.17281],[24.69063,60.17297],[24.69093,60.17301],[24.69132,60.17307],[24.69171,60.17315],[24.69208,60.17323],[24.69245,60.17333],[24.6928,60.17344],[24.69314,60.17355],[24.69346,60.17366],[24.69305,60.174],[24.69368,60.17415],[24.69436,60.17427],[24.69481,60.17434],[24.69527,60.1744],[24.69573,60.17445],[24.6962,60.17448],[24.69667,60.17451],[24.69655,60.17493],[24.69511,60.17572],[24.69489,60.17591],[24.69465,60.17634],[24.69374,60.17689],[24.69588,60.179],[24.70128,60.18087],[24.70452,60.18192],[24.70258,60.18268],[24.7,60.18368],[24.69809,60.18444],[24.69666,60.185],[24.69539,60.1855],[24.68793,60.18894],[24.68667,60.18953],[24.68666,60.18943],[24.68663,60.18906],[24.68661,60.18902],[24.68652,60.18899],[24.68621,60.18891],[24.68596,60.18887],[24.68459,60.1886],[24.68429,60.18854],[24.68341,60.18837],[24.68304,60.18827],[24.68191,60.18792],[24.68206,60.18774],[24.68219,60.18755],[24.68234,60.1873],[24.68268,60.18667],[24.68183,60.18656],[24.68179,60.18664],[24.6815,60.18706],[24.68126,60.18736],[24.68099,60.18731],[24.681,60.18764],[24.68059,60.18809],[24.6795,60.18792],[24.67897,60.1878],[24.67767,60.18859],[24.67277,60.18881],[24.66774,60.18818],[24.66698,60.18809],[24.66673,60.188]]]}},{"type":"Feature","properties":{"code":"049614","kunta":"049","kokotun":"0496061614","name":"Kuurinniitty","name_sv":"","named":true,"peruspiiri_code":"049061","peruspiiri":"Kanta-Espoo","source":"HSY Seutukartta 2021 (pienalue)","bb":[60.18656,24.66925,60.20265,24.7299],"c":[60.19497,24.70177]},"geometry":{"type":"Polygon","coordinates":[[[24.66925,60.19236],[24.67123,60.19149],[24.67277,60.18881],[24.67767,60.18859],[24.67897,60.1878],[24.6795,60.18792],[24.68059,60.18809],[24.681,60.18764],[24.68099,60.18731],[24.68126,60.18736],[24.6815,60.18706],[24.68179,60.18664],[24.68183,60.18656],[24.68268,60.18667],[24.68234,60.1873],[24.68219,60.18755],[24.68206,60.18774],[24.68191,60.18792],[24.68304,60.18827],[24.68341,60.18837],[24.68429,60.18854],[24.68459,60.1886],[24.68596,60.18887],[24.68621,60.18891],[24.68652,60.18899],[24.68661,60.18902],[24.68663,60.18906],[24.68666,60.18943],[24.68667,60.18953],[24.68666,60.18961],[24.68669,60.18968],[24.68663,60.18971],[24.68673,60.18985],[24.68703,60.1899],[24.68716,60.18998],[24.68732,60.19003],[24.68759,60.19003],[24.68792,60.19001],[24.68822,60.19001],[24.68877,60.19003],[24.68921,60.19005],[24.69021,60.19015],[24.69137,60.19027],[24.69202,60.19034],[24.69225,60.19035],[24.69304,60.19039],[24.69328,60.1904],[24.69358,60.1904],[24.69384,60.19023],[24.69398,60.19016],[24.69413,60.19006],[24.69431,60.1899],[24.69452,60.18978],[24.69465,60.1897],[24.69469,60.18963],[24.69469,60.18956],[24.69473,60.18952],[24.69486,60.18949],[24.69503,60.18948],[24.69527,60.18934],[24.69549,60.18926],[24.69589,60.18926],[24.69623,60.1893],[24.69653,60.18944],[24.69677,60.18964],[24.6975,60.19023],[24.69783,60.1906],[24.69839,60.19122],[24.69877,60.19163],[24.69883,60.19167],[24.69986,60.19213],[24.69991,60.19213],[24.70041,60.19201],[24.70048,60.192],[24.70071,60.19204],[24.7011,60.19203],[24.7016,60.19239],[24.70334,60.19159],[24.70447,60.19107],[24.70521,60.19153],[24.70781,60.19049],[24.71067,60.19231],[24.71285,60.19144],[24.71366,60.19116],[24.71449,60.19083],[24.71494,60.19111],[24.71552,60.19152],[24.71639,60.19219],[24.71851,60.19145],[24.7199,60.19162],[24.72065,60.19171],[24.72287,60.19196],[24.72417,60.19241],[24.72507,60.19274],[24.72323,60.19337],[24.72373,60.19436],[24.72394,60.19476],[24.72477,60.19639],[24.7278,60.19607],[24.72944,60.19589],[24.7297,60.196],[24.72967,60.19605],[24.7299,60.19721],[24.72406,60.19955],[24.72527,60.20023],[24.72526,60.2003],[24.72494,60.20093],[24.72459,60.2009],[24.72239,60.20076],[24.72077,60.20069],[24.71914,60.20065],[24.71867,60.20053],[24.71796,60.20029],[24.71674,60.2003],[24.71611,60.20031],[24.71541,60.20033],[24.71474,60.20035],[24.71366,60.20041],[24.71295,60.20045],[24.71207,60.20052],[24.71138,60.20059],[24.7105,60.20069],[24.70997,60.20076],[24.70876,60.20093],[24.70792,60.20107],[24.70715,60.20121],[24.70656,60.20133],[24.70566,60.20153],[24.70517,60.20165],[24.7047,60.20177],[24.7039,60.20199],[24.70313,60.20223],[24.70275,60.20235],[24.70238,60.20248],[24.70194,60.20265],[24.7014,60.2023],[24.7012,60.20212],[24.70102,60.20197],[24.70044,60.20163],[24.69984,60.20142],[24.69938,60.20139],[24.69719,60.20084],[24.69559,60.20017],[24.69393,60.19948],[24.69295,60.19906],[24.69307,60.19844],[24.69314,60.19804],[24.69323,60.19762],[24.69256,60.19759],[24.69253,60.19755],[24.69205,60.19726],[24.69155,60.19692],[24.68917,60.19668],[24.68868,60.19663],[24.68849,60.19662],[24.68826,60.19637],[24.68751,60.19574],[24.68688,60.19536],[24.68617,60.19437],[24.68621,60.19417],[24.6861,60.19359],[24.68493,60.19289],[24.68447,60.19242],[24.68314,60.19217],[24.68121,60.19297],[24.67856,60.19404],[24.6782,60.19381],[24.67794,60.19394],[24.67719,60.1942],[24.67609,60.1946],[24.6758,60.19428],[24.67549,60.19384],[24.67521,60.19348],[24.66925,60.19236]]]}},{"type":"Feature","properties":{"code":"049632","kunta":"049","kokotun":"0496063632","name":"Järvenperä","name_sv":"","named":true,"peruspiiri_code":"049063","peruspiiri":"Bemböle","source":"HSY Seutukartta 2021 (pienalue)","bb":[60.22235,24.67214,60.25394,24.72975],"c":[60.23792,24.7052]},"geometry":{"type":"Polygon","coordinates":[[[24.67214,60.224],[24.67222,60.22392],[24.67217,60.2239],[24.67239,60.22375],[24.67282,60.22351],[24.67288,60.2235],[24.67293,60.22344],[24.6729,60.22341],[24.67313,60.22302],[24.67318,60.22286],[24.67332,60.22271],[24.67355,60.22264],[24.67373,60.22262],[24.67372,60.22248],[24.67381,60.22238],[24.67455,60.22241],[24.67513,60.22238],[24.67549,60.22235],[24.67604,60.22245],[24.67679,60.22241],[24.67818,60.22247],[24.67927,60.22254],[24.67999,60.22259],[24.68033,60.22264],[24.68127,60.22268],[24.68151,60.22267],[24.68165,60.22274],[24.68171,60.22285],[24.68174,60.22296],[24.68196,60.22317],[24.68214,60.22327],[24.68229,60.22333],[24.6825,60.22348],[24.68264,60.22361],[24.68267,60.22371],[24.68291,60.22365],[24.68304,60.22365],[24.68327,60.22361],[24.68347,60.22365],[24.68357,60.22365],[24.68367,60.22358],[24.6837,60.22349],[24.68397,60.22341],[24.68415,60.22341],[24.6844,60.22346],[24.68467,60.22354],[24.68492,60.22365],[24.68521,60.22374],[24.68534,60.22385],[24.68557,60.22398],[24.68587,60.22404],[24.68629,60.22407],[24.68659,60.22402],[24.68692,60.22399],[24.68714,60.22402],[24.68742,60.22409],[24.68767,60.22407],[24.6878,60.22412],[24.68787,60.22418],[24.68773,60.22444],[24.6876,60.22459],[24.68776,60.22466],[24.68809,60.22462],[24.68816,60.22445],[24.68817,60.22434],[24.68838,60.22432],[24.68856,60.22439],[24.68869,60.22441],[24.68859,60.22446],[24.6887,60.22451],[24.68871,60.22458],[24.68884,60.2247],[24.68911,60.22474],[24.68929,60.22486],[24.68957,60.22496],[24.68986,60.22503],[24.6903,60.22506],[24.69052,60.22516],[24.69044,60.22527],[24.69036,60.22533],[24.69032,60.22552],[24.69027,60.2257],[24.6903,60.22575],[24.69044,60.22581],[24.69053,60.22588],[24.69055,60.22597],[24.69069,60.22603],[24.6907,60.22611],[24.6911,60.2263],[24.69124,60.22642],[24.69123,60.22649],[24.69132,60.22651],[24.69137,60.22662],[24.69137,60.22668],[24.69158,60.22673],[24.69163,60.22681],[24.69175,60.22682],[24.69189,60.22672],[24.69211,60.22673],[24.69228,60.22686],[24.69235,60.22694],[24.69238,60.22708],[24.69242,60.22716],[24.69257,60.22728],[24.69291,60.22741],[24.69326,60.22746],[24.69328,60.22745],[24.69349,60.22748],[24.6937,60.22752],[24.69415,60.22764],[24.69442,60.22765],[24.69479,60.2277],[24.69493,60.22774],[24.69519,60.22784],[24.69554,60.22792],[24.69571,60.22794],[24.69596,60.22788],[24.69617,60.22786],[24.69635,60.22786],[24.69647,60.22782],[24.69663,60.22779],[24.69682,60.22784],[24.69699,60.22793],[24.69708,60.22802],[24.69737,60.22823],[24.69745,60.22829],[24.69755,60.22833],[24.69773,60.22844],[24.69797,60.22865],[24.69802,60.22871],[24.69813,60.22876],[24.69819,60.22875],[24.69844,60.22882],[24.69859,60.22889],[24.69866,60.22895],[24.69883,60.22899],[24.69891,60.22897],[24.69906,60.229],[24.69922,60.22909],[24.69933,60.22926],[24.6995,60.22936],[24.69969,60.22942],[24.69998,60.2296],[24.70013,60.22964],[24.7007,60.22978],[24.70084,60.22986],[24.70127,60.23011],[24.70151,60.23024],[24.7016,60.23038],[24.70154,60.23054],[24.70147,60.2306],[24.7013,60.23079],[24.70125,60.2309],[24.70122,60.23106],[24.70121,60.23117],[24.70125,60.23126],[24.70142,60.23132],[24.70154,60.23133],[24.70183,60.23143],[24.70192,60.23149],[24.70192,60.23158],[24.70185,60.23172],[24.70191,60.23186],[24.70184,60.23188],[24.70184,60.23193],[24.70191,60.23202],[24.70186,60.23213],[24.70189,60.23222],[24.70206,60.23241],[24.70217,60.23255],[24.70225,60.23268],[24.70241,60.23277],[24.7026,60.23276],[24.70277,60.23267],[24.70295,60.23262],[24.70312,60.23261],[24.70323,60.23263],[24.70347,60.2326],[24.70367,60.23254],[24.70391,60.23252],[24.70407,60.23247],[24.70415,60.23243],[24.70426,60.23244],[24.70436,60.2325],[24.70444,60.23263],[24.70456,60.23272],[24.70469,60.23272],[24.70494,60.23279],[24.70509,60.23292],[24.7051,60.23301],[24.70529,60.23313],[24.70547,60.23311],[24.70555,60.23313],[24.70567,60.23323],[24.70572,60.23342],[24.70586,60.23362],[24.70592,60.23368],[24.70603,60.23383],[24.70615,60.23396],[24.70627,60.23401],[24.70645,60.23412],[24.70659,60.23418],[24.70679,60.23429],[24.70707,60.23437],[24.70722,60.23439],[24.70748,60.23431],[24.70758,60.23431],[24.70766,60.23435],[24.70772,60.23442],[24.70781,60.23448],[24.70787,60.23455],[24.70804,60.23471],[24.70819,60.2348],[24.70838,60.235],[24.70864,60.23518],[24.70874,60.23522],[24.70903,60.23527],[24.70938,60.23531],[24.70967,60.23531],[24.70984,60.23529],[24.71001,60.23526],[24.71073,60.23523],[24.71094,60.23521],[24.71122,60.23527],[24.71163,60.23547],[24.71173,60.23555],[24.712,60.23579],[24.71213,60.23588],[24.71229,60.23611],[24.71243,60.23622],[24.71268,60.23631],[24.71306,60.23647],[24.7178,60.23848],[24.72202,60.23913],[24.72975,60.24283],[24.72923,60.24325],[24.72284,60.2482],[24.7207,60.25012],[24.71968,60.25102],[24.71751,60.25394],[24.71747,60.25387],[24.71734,60.25349],[24.71733,60.25306],[24.71751,60.25242],[24.71753,60.2522],[24.71752,60.25209],[24.71731,60.25161],[24.71745,60.2515],[24.71658,60.25103],[24.71598,60.25076],[24.71571,60.25068],[24.71546,60.25083],[24.71571,60.25094],[24.71608,60.25113],[24.71577,60.25119],[24.71557,60.25111],[24.71527,60.25107],[24.71482,60.25112],[24.71469,60.25114],[24.71442,60.25131],[24.714,60.25152],[24.71377,60.2515],[24.7132,60.25108],[24.71247,60.25041],[24.71247,60.25031],[24.71238,60.25024],[24.71268,60.2501],[24.71227,60.24982],[24.71109,60.24856],[24.71053,60.24807],[24.71021,60.24784],[24.70977,60.24757],[24.70944,60.24748],[24.70921,60.24724],[24.70905,60.24683],[24.70845,60.24637],[24.7072,60.24556],[24.70693,60.24562],[24.70658,60.24537],[24.70622,60.24513],[24.70584,60.2449],[24.70544,60.24467],[24.70503,60.24445],[24.70442,60.24416],[24.7023,60.24319],[24.70142,60.24276],[24.70114,60.24261],[24.70059,60.24229],[24.70078,60.2422],[24.70065,60.24207],[24.70055,60.24189],[24.70042,60.24156],[24.7004,60.24138],[24.70036,60.24122],[24.70003,60.24077],[24.6999,60.24065],[24.69957,60.24056],[24.69931,60.24047],[24.69897,60.24033],[24.69853,60.24016],[24.69821,60.24001],[24.69801,60.23986],[24.69769,60.23971],[24.69764,60.2397],[24.69736,60.23978],[24.69421,60.23719],[24.69429,60.23715],[24.69415,60.23692],[24.69291,60.23574],[24.6926,60.2356],[24.69197,60.23511],[24.69133,60.2347],[24.69135,60.23468],[24.6907,60.23417],[24.69054,60.23403],[24.69039,60.23384],[24.69023,60.2337],[24.69003,60.23355],[24.68976,60.23326],[24.68971,60.23307],[24.68973,60.2328],[24.68954,60.23248],[24.6894,60.23251],[24.68919,60.23216],[24.68899,60.23202],[24.68867,60.23153],[24.68861,60.23132],[24.68853,60.23117],[24.68807,60.23067],[24.68793,60.23048],[24.68757,60.2302],[24.68724,60.22998],[24.68693,60.22972],[24.68665,60.22937],[24.68643,60.22919],[24.68581,60.22875],[24.6853,60.22851],[24.68506,60.22837],[24.68482,60.22817],[24.68448,60.22797],[24.68413,60.22783],[24.68418,60.22779],[24.68367,60.22748],[24.68296,60.22714],[24.68187,60.2266],[24.68148,60.22648],[24.68126,60.2264],[24.6811,60.22621],[24.68088,60.22619],[24.68049,60.22597],[24.6802,60.22583],[24.67992,60.22575],[24.67947,60.22552],[24.6789,60.22537],[24.67823,60.22514],[24.67709,60.22486],[24.67672,60.22483],[24.67636,60.2247],[24.67549,60.22448],[24.67468,60.22428],[24.67389,60.22421],[24.67339,60.22421],[24.6732,60.22416],[24.67299,60.22416],[24.67214,60.224]]]}},{"type":"Feature","properties":{"code":"049612","kunta":"049","kokotun":"0496061612","name":"Tuomarila","name_sv":"","named":true,"peruspiiri_code":"049061","peruspiiri":"Kanta-Espoo","source":"HSY Seutukartta 2021 (pienalue)","bb":[60.19663,24.67303,60.20759,24.70236],"c":[60.20282,24.68864]},"geometry":{"type":"Polygon","coordinates":[[[24.67303,60.20759],[24.67355,60.20631],[24.67414,60.20555],[24.67441,60.20539],[24.67773,60.20414],[24.6785,60.20388],[24.67933,60.20381],[24.67953,60.20374],[24.6806,60.20313],[24.68135,60.20262],[24.6819,60.20213],[24.68249,60.20149],[24.6829,60.20088],[24.68319,60.20053],[24.68362,60.20019],[24.6844,60.19984],[24.68491,60.19966],[24.68549,60.19942],[24.68617,60.19862],[24.68678,60.19802],[24.68773,60.19727],[24.68868,60.19663],[24.68917,60.19668],[24.69155,60.19692],[24.69205,60.19726],[24.69253,60.19755],[24.69256,60.19759],[24.69323,60.19762],[24.69314,60.19804],[24.69307,60.19844],[24.69295,60.19906],[24.69393,60.19948],[24.69559,60.20017],[24.69719,60.20084],[24.69938,60.20139],[24.69984,60.20142],[24.70044,60.20163],[24.70102,60.20197],[24.7012,60.20212],[24.7014,60.2023],[24.70194,60.20265],[24.70236,60.20292],[24.70236,60.203],[24.70217,60.20308],[24.70192,60.20306],[24.70081,60.20337],[24.69938,60.20378],[24.69722,60.20493],[24.69597,60.20552],[24.69479,60.20601],[24.69476,60.20602],[24.69364,60.20645],[24.69214,60.20701],[24.69185,60.20694],[24.69023,60.20673],[24.68848,60.20641],[24.68625,60.20611],[24.68379,60.20597],[24.68188,60.20601],[24.67988,60.20624],[24.67841,60.20654],[24.67652,60.20703],[24.67497,60.20737],[24.6733,60.20758],[24.67303,60.20759]]]}},{"type":"Feature","properties":{"code":"049442","kunta":"049","kokotun":"0494044442","name":"Hannus","name_sv":"","named":true,"peruspiiri_code":"049044","peruspiiri":"Kaitaa","source":"HSY Seutukartta 2021 (pienalue)","bb":[60.1493,24.67263,60.16135,24.72129],"c":[60.15546,24.69697]},"geometry":{"type":"Polygon","coordinates":[[[24.67413,60.15466],[24.67451,60.15416],[24.67433,60.15392],[24.67375,60.15367],[24.67289,60.15348],[24.67263,60.15312],[24.67311,60.15303],[24.6737,60.15289],[24.67329,60.15238],[24.67311,60.15215],[24.67305,60.15203],[24.67315,60.15143],[24.67321,60.15121],[24.67369,60.15081],[24.67516,60.15055],[24.67552,60.15055],[24.67685,60.15066],[24.67753,60.15011],[24.67877,60.15049],[24.67891,60.15053],[24.679,60.15043],[24.67902,60.15034],[24.67913,60.15029],[24.67925,60.15019],[24.68009,60.15016],[24.6803,60.15017],[24.68044,60.15015],[24.68073,60.15013],[24.68092,60.15008],[24.68112,60.15007],[24.68175,60.15008],[24.68196,60.15009],[24.68215,60.15012],[24.68227,60.15013],[24.68243,60.15017],[24.68267,60.15022],[24.68306,60.15028],[24.68311,60.15032],[24.68316,60.15045],[24.6831,60.15047],[24.68327,60.15054],[24.68339,60.15053],[24.68368,60.15053],[24.68383,60.15049],[24.68395,60.15044],[24.68404,60.15036],[24.68411,60.15027],[24.68412,60.15018],[24.6841,60.15002],[24.68414,60.14994],[24.68423,60.14995],[24.68431,60.14988],[24.68446,60.14988],[24.68458,60.1493],[24.68559,60.14956],[24.6869,60.14983],[24.68756,60.1499],[24.68838,60.14987],[24.68921,60.14993],[24.69013,60.1501],[24.69101,60.15036],[24.69185,60.15091],[24.69254,60.15128],[24.695,60.15222],[24.69551,60.15246],[24.69562,60.15255],[24.69576,60.15264],[24.69591,60.15273],[24.69607,60.1528],[24.69625,60.15287],[24.69645,60.15293],[24.69665,60.15298],[24.69686,60.15302],[24.69708,60.15304],[24.69731,60.15306],[24.69755,60.15307],[24.69782,60.1531],[24.69806,60.15318],[24.69816,60.15323],[24.6987,60.1533],[24.69908,60.15252],[24.70434,60.15287],[24.70688,60.15306],[24.70829,60.15346],[24.71127,60.15444],[24.71357,60.15491],[24.71703,60.1551],[24.72129,60.15535],[24.72101,60.15563],[24.71983,60.15688],[24.71976,60.15774],[24.71762,60.15883],[24.71677,60.1601],[24.7164,60.16084],[24.71664,60.16135],[24.71439,60.16126],[24.71314,60.1612],[24.71207,60.16112],[24.71082,60.16104],[24.70734,60.1608],[24.7063,60.1607],[24.70556,60.16061],[24.70317,60.1603],[24.70226,60.16016],[24.7016,60.16005],[24.70133,60.16039],[24.70018,60.16006],[24.6988,60.1598],[24.6983,60.15968],[24.69742,60.15949],[24.6969,60.15939],[24.69627,60.15925],[24.694,60.15875],[24.69258,60.15845],[24.6921,60.15839],[24.69189,60.15835],[24.69161,60.15833],[24.69076,60.15815],[24.68583,60.15701],[24.68536,60.1569],[24.68514,60.15685],[24.68424,60.15664],[24.68413,60.15662],[24.68343,60.15653],[24.6831,60.1564],[24.68276,60.15632],[24.68207,60.15618],[24.68201,60.1562],[24.68188,60.15617],[24.68086,60.15593],[24.68034,60.15583],[24.68004,60.15575],[24.67844,60.15542],[24.67802,60.15532],[24.67714,60.15523],[24.67498,60.15478],[24.67495,60.15482],[24.67413,60.15466]]]}},{"type":"Feature","properties":{"code":"049451","kunta":"049","kokotun":"0494045451","name":"Suvisaaret","name_sv":"","named":true,"peruspiiri_code":"049045","peruspiiri":"Suvisaaristo","source":"HSY Seutukartta 2021 (pienalue)","bb":[60.10362,24.67619,60.13695,24.77507],"c":[60.11947,24.72358]},"geometry":{"type":"Polygon","coordinates":[[[24.67627,60.11483],[24.67619,60.11409],[24.67625,60.10834],[24.68599,60.10369],[24.70974,60.10362],[24.71598,60.10572],[24.72485,60.10903],[24.77507,60.10906],[24.76801,60.11723],[24.75825,60.12814],[24.75598,60.13034],[24.75246,60.13162],[24.74842,60.13281],[24.74747,60.13308],[24.74033,60.13695],[24.71665,60.13661],[24.71339,60.13657],[24.71007,60.13612],[24.70311,60.13443],[24.70234,60.13259],[24.70093,60.12919],[24.69761,60.12826],[24.69612,60.1279],[24.69367,60.12755],[24.68847,60.12624],[24.69036,60.118],[24.68165,60.1148],[24.67627,60.11483]]]}},{"type":"Feature","properties":{"code":"092080","kunta":"092","kokotun":"0926080000","name":"Matari","name_sv":"","named":true,"peruspiiri_code":"092080","peruspiiri":"Matari","source":"HSY Seutukartta 2021 (tila-alue)","bb":[60.3317,25.06997,60.34706,25.10499],"c":[60.33912,25.08485]},"geometry":{"type":"Polygon","coordinates":[[[25.09326,60.34533],[25.09328,60.34537],[25.09236,60.34535],[25.09072,60.34534],[25.08996,60.34534],[25.08956,60.34535],[25.08917,60.34537],[25.08877,60.3454],[25.0881,60.34546],[25.08759,60.34552],[25.08729,60.34557],[25.08687,60.34565],[25.08578,60.34587],[25.08442,60.34621],[25.08366,60.34639],[25.08304,60.34651],[25.08166,60.34672],[25.08084,60.34684],[25.08029,60.3469],[25.07976,60.34695],[25.0794,60.34697],[25.0789,60.347],[25.07838,60.34701],[25.07807,60.34701],[25.07733,60.34706],[25.07594,60.347],[25.07567,60.3465],[25.07547,60.34608],[25.07512,60.34553],[25.0745,60.3443],[25.07405,60.34343],[25.07366,60.34283],[25.07325,60.34203],[25.07263,60.34083],[25.07183,60.33926],[25.07149,60.33855],[25.07031,60.33629],[25.06997,60.3357],[25.07114,60.3355],[25.07135,60.33577],[25.0736,60.33534],[25.07472,60.33513],[25.07664,60.33477],[25.07825,60.33446],[25.07981,60.33416],[25.08023,60.33408],[25.08151,60.33385],[25.08206,60.33374],[25.08256,60.33365],[25.08299,60.33356],[25.08459,60.33327],[25.08509,60.33317],[25.08542,60.33355],[25.0865,60.33327],[25.08658,60.33321],[25.0889,60.3329],[25.08938,60.33279],[25.08896,60.33236],[25.08907,60.33224],[25.09043,60.33205],[25.09071,60.33198],[25.09185,60.33184],[25.09184,60.33181],[25.09245,60.33173],[25.0926,60.33172],[25.09283,60.3317],[25.09279,60.33177],[25.09272,60.33183],[25.09175,60.33209],[25.09159,60.33213],[25.09152,60.33223],[25.09153,60.3324],[25.09183,60.33263],[25.0923,60.33282],[25.0926,60.33293],[25.09288,60.33301],[25.09335,60.33311],[25.09408,60.33325],[25.09423,60.33335],[25.09546,60.33335],[25.09598,60.33366],[25.09623,60.33377],[25.09698,60.33387],[25.09751,60.3339],[25.098,60.33386],[25.0986,60.33374],[25.09945,60.33376],[25.09976,60.33371],[25.09993,60.3336],[25.10029,60.33349],[25.10055,60.33344],[25.10083,60.33343],[25.10149,60.33342],[25.10198,60.33332],[25.10254,60.33331],[25.10291,60.33339],[25.10336,60.33356],[25.10375,60.33365],[25.10451,60.33374],[25.10499,60.33377],[25.10477,60.33386],[25.10219,60.33525],[25.09872,60.33709],[25.0976,60.33769],[25.09586,60.33862],[25.09587,60.33873],[25.09466,60.33936],[25.09475,60.33944],[25.0943,60.33954],[25.09291,60.34026],[25.09286,60.34021],[25.0923,60.34051],[25.09167,60.34062],[25.09136,60.34045],[25.09127,60.34034],[25.0911,60.34031],[25.09091,60.34009],[25.09009,60.34026],[25.09056,60.34082],[25.09086,60.34126],[25.09101,60.34173],[25.09115,60.34206],[25.09137,60.34231],[25.09204,60.34304],[25.09227,60.34337],[25.09271,60.34389],[25.09278,60.34401],[25.09302,60.34445],[25.09318,60.34473],[25.09326,60.34533]]]}},{"type":"Feature","properties":{"code":"049432","kunta":"049","kokotun":"0494043432","name":"Eestinmalmi","name_sv":"","named":true,"peruspiiri_code":"049043","peruspiiri":"Nöykkiö-Latokaski","source":"HSY Seutukartta 2021 (pienalue)","bb":[60.15617,24.6776,60.17451,24.71705],"c":[60.16541,24.69376]},"geometry":{"type":"Polygon","coordinates":[[[24.6776,60.17062],[24.67811,60.16795],[24.67833,60.16709],[24.67865,60.16672],[24.67892,60.16652],[24.67866,60.16629],[24.67878,60.16588],[24.67901,60.165],[24.67916,60.16445],[24.67929,60.164],[24.67941,60.16356],[24.6795,60.16318],[24.68005,60.16109],[24.68011,60.16097],[24.67952,60.16071],[24.68045,60.16009],[24.68051,60.15983],[24.68048,60.15944],[24.68042,60.15902],[24.68049,60.15854],[24.68061,60.15812],[24.68077,60.15776],[24.6811,60.15722],[24.68188,60.15617],[24.68201,60.1562],[24.68207,60.15618],[24.68276,60.15632],[24.6831,60.1564],[24.68343,60.15653],[24.68413,60.15662],[24.68424,60.15664],[24.68514,60.15685],[24.68536,60.1569],[24.68583,60.15701],[24.69076,60.15815],[24.69161,60.15833],[24.69189,60.15835],[24.6921,60.15839],[24.69258,60.15845],[24.694,60.15875],[24.69627,60.15925],[24.6969,60.15939],[24.69742,60.15949],[24.6983,60.15968],[24.6988,60.1598],[24.70018,60.16006],[24.70133,60.16039],[24.7016,60.16005],[24.70226,60.16016],[24.70317,60.1603],[24.70556,60.16061],[24.7063,60.1607],[24.70734,60.1608],[24.71082,60.16104],[24.71207,60.16112],[24.71314,60.1612],[24.71439,60.16126],[24.71664,60.16135],[24.71672,60.16153],[24.71677,60.16165],[24.71705,60.16189],[24.71688,60.16216],[24.71643,60.16243],[24.71628,60.16253],[24.71612,60.16261],[24.716,60.16265],[24.71573,60.16269],[24.71555,60.16276],[24.71538,60.16287],[24.71546,60.16299],[24.71546,60.16308],[24.71522,60.16317],[24.71521,60.16319],[24.71548,60.1633],[24.71512,60.16348],[24.71508,60.16349],[24.71484,60.16364],[24.7145,60.1638],[24.71438,60.16379],[24.71419,60.16374],[24.71414,60.16361],[24.71404,60.16355],[24.71391,60.16366],[24.71381,60.16369],[24.71379,60.16381],[24.71372,60.16389],[24.71353,60.16406],[24.71334,60.16437],[24.71328,60.16442],[24.71317,60.16448],[24.71277,60.1646],[24.71265,60.16465],[24.71249,60.16474],[24.71231,60.1649],[24.71219,60.16496],[24.71183,60.16518],[24.7113,60.16557],[24.71121,60.16566],[24.71104,60.16591],[24.71093,60.16612],[24.71081,60.16623],[24.71048,60.1664],[24.71022,60.16654],[24.70931,60.16692],[24.70907,60.16705],[24.70891,60.16717],[24.7087,60.16726],[24.70822,60.16763],[24.7077,60.16795],[24.70754,60.16801],[24.70742,60.16801],[24.70732,60.16798],[24.70725,60.16805],[24.7072,60.16819],[24.70712,60.16825],[24.70692,60.16832],[24.70673,60.16833],[24.70667,60.16838],[24.70625,60.16844],[24.70607,60.16846],[24.70621,60.16852],[24.70625,60.16858],[24.70621,60.1686],[24.706,60.16867],[24.70575,60.16872],[24.70557,60.16879],[24.70531,60.16887],[24.7051,60.1689],[24.70484,60.16898],[24.7047,60.16905],[24.70462,60.16907],[24.70446,60.16907],[24.7044,60.16924],[24.70433,60.16939],[24.7043,60.16941],[24.70416,60.16944],[24.70405,60.16952],[24.70389,60.16954],[24.70374,60.16947],[24.70357,60.16952],[24.7035,60.16959],[24.70334,60.16969],[24.70333,60.16974],[24.70347,60.16985],[24.70344,60.16992],[24.70317,60.17001],[24.7031,60.1701],[24.70281,60.17019],[24.70269,60.17025],[24.70252,60.17032],[24.70221,60.17035],[24.70205,60.17043],[24.70186,60.17046],[24.7016,60.17049],[24.70157,60.17051],[24.70169,60.17067],[24.70171,60.17076],[24.70171,60.17088],[24.70167,60.171],[24.7017,60.17104],[24.70178,60.17106],[24.70202,60.17108],[24.7021,60.17118],[24.70219,60.17122],[24.70238,60.17126],[24.70246,60.17132],[24.70244,60.17138],[24.70251,60.17158],[24.7025,60.17163],[24.70243,60.1717],[24.70223,60.17182],[24.70187,60.172],[24.70129,60.17231],[24.70089,60.17255],[24.70037,60.17277],[24.70004,60.17293],[24.69938,60.17307],[24.6992,60.17319],[24.69904,60.17339],[24.69882,60.17351],[24.69865,60.17355],[24.69835,60.1736],[24.69798,60.17373],[24.69769,60.17389],[24.6974,60.17413],[24.69681,60.17451],[24.69667,60.17451],[24.6962,60.17448],[24.69573,60.17445],[24.69527,60.1744],[24.69481,60.17434],[24.69436,60.17427],[24.69368,60.17415],[24.69305,60.174],[24.69346,60.17366],[24.69314,60.17355],[24.6928,60.17344],[24.69245,60.17333],[24.69208,60.17323],[24.69171,60.17315],[24.69132,60.17307],[24.69093,60.17301],[24.69063,60.17297],[24.68931,60.17281],[24.68919,60.17277],[24.68914,60.1727],[24.68878,60.1727],[24.68877,60.17275],[24.68869,60.17281],[24.68858,60.17283],[24.68753,60.1729],[24.68652,60.17297],[24.68632,60.17298],[24.68594,60.17296],[24.68555,60.1729],[24.68534,60.17284],[24.68353,60.17228],[24.68326,60.17215],[24.68291,60.17209],[24.68206,60.17183],[24.68189,60.17175],[24.68137,60.1716],[24.68105,60.17155],[24.67913,60.17113],[24.67894,60.17108],[24.67875,60.17102],[24.67858,60.17096],[24.6783,60.17081],[24.67808,60.17064],[24.678,60.17064],[24.6776,60.17062]]]}},{"type":"Feature","properties":{"code":"049441","kunta":"049","kokotun":"0494044441","name":"Iivisniemi","name_sv":"","named":true,"peruspiiri_code":"049044","peruspiiri":"Kaitaa","source":"HSY Seutukartta 2021 (pienalue)","bb":[60.1359,24.68118,60.15535,24.74033],"c":[60.14511,24.70794]},"geometry":{"type":"Polygon","coordinates":[[[24.68458,60.1493],[24.68408,60.14903],[24.68367,60.14866],[24.6831,60.14813],[24.68186,60.14697],[24.68126,60.14642],[24.68118,60.14626],[24.68141,60.14611],[24.6817,60.14583],[24.68234,60.14463],[24.68247,60.14426],[24.6825,60.14395],[24.68245,60.14376],[24.68215,60.1433],[24.68217,60.14301],[24.68256,60.14265],[24.68295,60.14234],[24.68344,60.14203],[24.68357,60.1417],[24.68359,60.14089],[24.68354,60.14022],[24.68353,60.13996],[24.68343,60.13946],[24.68279,60.13858],[24.68252,60.13792],[24.68247,60.13715],[24.68235,60.13672],[24.6821,60.1359],[24.68213,60.13592],[24.68832,60.13865],[24.71193,60.14126],[24.71349,60.14143],[24.71339,60.13657],[24.71665,60.13661],[24.74033,60.13695],[24.73959,60.13734],[24.73145,60.14174],[24.7289,60.14312],[24.72751,60.14465],[24.72415,60.14854],[24.72381,60.14854],[24.72276,60.1498],[24.72299,60.15366],[24.72153,60.15511],[24.72129,60.15535],[24.71703,60.1551],[24.71357,60.15491],[24.71127,60.15444],[24.70829,60.15346],[24.70688,60.15306],[24.70434,60.15287],[24.69908,60.15252],[24.6987,60.1533],[24.69816,60.15323],[24.69806,60.15318],[24.69782,60.1531],[24.69755,60.15307],[24.69731,60.15306],[24.69708,60.15304],[24.69686,60.15302],[24.69665,60.15298],[24.69645,60.15293],[24.69625,60.15287],[24.69607,60.1528],[24.69591,60.15273],[24.69576,60.15264],[24.69562,60.15255],[24.69551,60.15246],[24.695,60.15222],[24.69254,60.15128],[24.69185,60.15091],[24.69101,60.15036],[24.69013,60.1501],[24.68921,60.14993],[24.68838,60.14987],[24.68756,60.1499],[24.6869,60.14983],[24.68559,60.14956],[24.68458,60.1493]]]}},{"type":"Feature","properties":{"code":"049331","kunta":"049","kokotun":"0493033331","name":"Henttaa","name_sv":"","named":true,"peruspiiri_code":"049033","peruspiiri":"Henttaa","source":"HSY Seutukartta 2021 (pienalue)","bb":[60.17657,24.68663,60.19274,24.74209],"c":[60.18509,24.71744]},"geometry":{"type":"Polygon","coordinates":[[[24.72507,60.19274],[24.72417,60.19241],[24.72287,60.19196],[24.72065,60.19171],[24.7199,60.19162],[24.71851,60.19145],[24.71639,60.19219],[24.71552,60.19152],[24.71494,60.19111],[24.71449,60.19083],[24.71366,60.19116],[24.71285,60.19144],[24.71067,60.19231],[24.70781,60.19049],[24.70521,60.19153],[24.70447,60.19107],[24.70334,60.19159],[24.7016,60.19239],[24.7011,60.19203],[24.70071,60.19204],[24.70048,60.192],[24.70041,60.19201],[24.69991,60.19213],[24.69986,60.19213],[24.69883,60.19167],[24.69877,60.19163],[24.69839,60.19122],[24.69783,60.1906],[24.6975,60.19023],[24.69677,60.18964],[24.69653,60.18944],[24.69623,60.1893],[24.69589,60.18926],[24.69549,60.18926],[24.69527,60.18934],[24.69503,60.18948],[24.69486,60.18949],[24.69473,60.18952],[24.69469,60.18956],[24.69469,60.18963],[24.69465,60.1897],[24.69452,60.18978],[24.69431,60.1899],[24.69413,60.19006],[24.69398,60.19016],[24.69384,60.19023],[24.69358,60.1904],[24.69328,60.1904],[24.69304,60.19039],[24.69225,60.19035],[24.69202,60.19034],[24.69137,60.19027],[24.69021,60.19015],[24.68921,60.19005],[24.68877,60.19003],[24.68822,60.19001],[24.68792,60.19001],[24.68759,60.19003],[24.68732,60.19003],[24.68716,60.18998],[24.68703,60.1899],[24.68673,60.18985],[24.68663,60.18971],[24.68669,60.18968],[24.68666,60.18961],[24.68667,60.18953],[24.68793,60.18894],[24.69539,60.1855],[24.69666,60.185],[24.69809,60.18444],[24.7,60.18368],[24.70258,60.18268],[24.70452,60.18192],[24.71327,60.18344],[24.71395,60.18261],[24.71385,60.18259],[24.71373,60.18253],[24.7137,60.18248],[24.7136,60.18242],[24.71338,60.18239],[24.71328,60.18232],[24.7133,60.18218],[24.71325,60.18214],[24.7133,60.18206],[24.7133,60.18201],[24.7132,60.18195],[24.71302,60.1818],[24.71302,60.18174],[24.71294,60.18163],[24.71277,60.18159],[24.71276,60.18145],[24.71256,60.18129],[24.71241,60.18096],[24.7122,60.18083],[24.71198,60.18073],[24.71161,60.18054],[24.71236,60.18016],[24.71356,60.17918],[24.71389,60.17911],[24.71495,60.17907],[24.71581,60.17892],[24.71611,60.17861],[24.71619,60.17852],[24.71728,60.17739],[24.71721,60.17737],[24.7175,60.17707],[24.71784,60.17657],[24.7188,60.17684],[24.72004,60.17694],[24.72153,60.17709],[24.72162,60.17672],[24.72929,60.17713],[24.72989,60.17717],[24.73124,60.17724],[24.73293,60.17728],[24.73394,60.17733],[24.73462,60.17741],[24.73603,60.17754],[24.73724,60.17757],[24.73863,60.17751],[24.7401,60.1776],[24.74081,60.17785],[24.74145,60.17836],[24.74209,60.17894],[24.74026,60.17933],[24.74007,60.17938],[24.73973,60.1795],[24.73958,60.17957],[24.73944,60.17965],[24.73926,60.1798],[24.73863,60.18045],[24.73853,60.18054],[24.73828,60.1807],[24.73813,60.18076],[24.73788,60.18084],[24.73871,60.18306],[24.73765,60.1834],[24.73813,60.18417],[24.73536,60.18495],[24.73408,60.18533],[24.73221,60.18601],[24.73223,60.18603],[24.73197,60.18606],[24.73179,60.1861],[24.73143,60.18621],[24.73057,60.18649],[24.7301,60.18665],[24.72845,60.18691],[24.7281,60.18698],[24.72803,60.18711],[24.72806,60.1873],[24.72812,60.18753],[24.72814,60.18768],[24.72866,60.18795],[24.72901,60.18799],[24.72927,60.18801],[24.72937,60.18805],[24.72947,60.18816],[24.72957,60.18836],[24.72966,60.18845],[24.73008,60.18866],[24.73017,60.18868],[24.73094,60.18877],[24.73333,60.18876],[24.73359,60.18904],[24.7337,60.18912],[24.73342,60.18955],[24.7336,60.19025],[24.73328,60.19095],[24.73335,60.19095],[24.73325,60.1912],[24.73316,60.19127],[24.73193,60.19132],[24.73052,60.19187],[24.72896,60.19195],[24.7288,60.19174],[24.72865,60.19159],[24.72846,60.19145],[24.72829,60.19134],[24.7281,60.19125],[24.72776,60.19111],[24.72712,60.19114],[24.72708,60.19116],[24.7258,60.1912],[24.72562,60.19155],[24.72572,60.1916],[24.7255,60.19179],[24.72507,60.19274]]]}},{"type":"Feature","properties":{"code":"092082","kunta":"092","kokotun":"0926082000","name":"Mikkola","name_sv":"","named":true,"peruspiiri_code":"092082","peruspiiri":"Mikkola","source":"HSY Seutukartta 2021 (tila-alue)","bb":[60.33525,25.09009,60.34533,25.1138],"c":[60.34015,25.10218]},"geometry":{"type":"Polygon","coordinates":[[[25.09326,60.34533],[25.09318,60.34473],[25.09302,60.34445],[25.09278,60.34401],[25.09271,60.34389],[25.09227,60.34337],[25.09204,60.34304],[25.09137,60.34231],[25.09115,60.34206],[25.09101,60.34173],[25.09086,60.34126],[25.09056,60.34082],[25.09009,60.34026],[25.09091,60.34009],[25.0911,60.34031],[25.09127,60.34034],[25.09136,60.34045],[25.09167,60.34062],[25.0923,60.34051],[25.09286,60.34021],[25.09291,60.34026],[25.0943,60.33954],[25.09475,60.33944],[25.09466,60.33936],[25.09587,60.33873],[25.09586,60.33862],[25.0976,60.33769],[25.09872,60.33709],[25.10219,60.33525],[25.11244,60.33549],[25.1138,60.33553],[25.11367,60.33573],[25.11351,60.33595],[25.11325,60.33626],[25.11315,60.33647],[25.11238,60.33762],[25.11235,60.33784],[25.11221,60.33815],[25.11211,60.33824],[25.11202,60.33849],[25.11192,60.33862],[25.11174,60.33886],[25.11151,60.33915],[25.1113,60.33951],[25.1111,60.33982],[25.11088,60.34007],[25.11076,60.34026],[25.11066,60.34056],[25.11041,60.34087],[25.10997,60.34129],[25.10967,60.34152],[25.10956,60.34161],[25.10924,60.34184],[25.10912,60.34187],[25.10715,60.34299],[25.10679,60.34314],[25.10616,60.34354],[25.10599,60.34354],[25.10583,60.34356],[25.10568,60.34359],[25.10547,60.34366],[25.10484,60.34394],[25.10479,60.3446],[25.10456,60.34458],[25.10422,60.34457],[25.10413,60.34455],[25.10378,60.34455],[25.10343,60.34457],[25.10318,60.34461],[25.10266,60.34463],[25.10239,60.34465],[25.10229,60.34467],[25.10093,60.34469],[25.10059,60.34468],[25.09932,60.34464],[25.09903,60.34466],[25.0988,60.34466],[25.09833,60.34469],[25.0977,60.34476],[25.09715,60.34484],[25.09667,60.34493],[25.09626,60.34503],[25.09601,60.34508],[25.09577,60.34514],[25.09527,60.34519],[25.09478,60.34523],[25.09441,60.34525],[25.09372,60.34531],[25.09326,60.34533]]]}},{"type":"Feature","properties":{"code":"049152","kunta":"049","kokotun":"0491015152","name":"Lippajärvi","name_sv":"","named":true,"peruspiiri_code":"049015","peruspiiri":"Viherlaakso-Lippajärvi","source":"HSY Seutukartta 2021 (pienalue)","bb":[60.22147,24.69027,60.23913,24.73177],"c":[60.2301,24.71246]},"geometry":{"type":"Polygon","coordinates":[[[24.72202,60.23913],[24.7178,60.23848],[24.71306,60.23647],[24.71268,60.23631],[24.71243,60.23622],[24.71229,60.23611],[24.71213,60.23588],[24.712,60.23579],[24.71173,60.23555],[24.71163,60.23547],[24.71122,60.23527],[24.71094,60.23521],[24.71073,60.23523],[24.71001,60.23526],[24.70984,60.23529],[24.70967,60.23531],[24.70938,60.23531],[24.70903,60.23527],[24.70874,60.23522],[24.70864,60.23518],[24.70838,60.235],[24.70819,60.2348],[24.70804,60.23471],[24.70787,60.23455],[24.70781,60.23448],[24.70772,60.23442],[24.70766,60.23435],[24.70758,60.23431],[24.70748,60.23431],[24.70722,60.23439],[24.70707,60.23437],[24.70679,60.23429],[24.70659,60.23418],[24.70645,60.23412],[24.70627,60.23401],[24.70615,60.23396],[24.70603,60.23383],[24.70592,60.23368],[24.70586,60.23362],[24.70572,60.23342],[24.70567,60.23323],[24.70555,60.23313],[24.70547,60.23311],[24.70529,60.23313],[24.7051,60.23301],[24.70509,60.23292],[24.70494,60.23279],[24.70469,60.23272],[24.70456,60.23272],[24.70444,60.23263],[24.70436,60.2325],[24.70426,60.23244],[24.70415,60.23243],[24.70407,60.23247],[24.70391,60.23252],[24.70367,60.23254],[24.70347,60.2326],[24.70323,60.23263],[24.70312,60.23261],[24.70295,60.23262],[24.70277,60.23267],[24.7026,60.23276],[24.70241,60.23277],[24.70225,60.23268],[24.70217,60.23255],[24.70206,60.23241],[24.70189,60.23222],[24.70186,60.23213],[24.70191,60.23202],[24.70184,60.23193],[24.70184,60.23188],[24.70191,60.23186],[24.70185,60.23172],[24.70192,60.23158],[24.70192,60.23149],[24.70183,60.23143],[24.70154,60.23133],[24.70142,60.23132],[24.70125,60.23126],[24.70121,60.23117],[24.70122,60.23106],[24.70125,60.2309],[24.7013,60.23079],[24.70147,60.2306],[24.70154,60.23054],[24.7016,60.23038],[24.70151,60.23024],[24.70127,60.23011],[24.70084,60.22986],[24.7007,60.22978],[24.70013,60.22964],[24.69998,60.2296],[24.69969,60.22942],[24.6995,60.22936],[24.69933,60.22926],[24.69922,60.22909],[24.69906,60.229],[24.69891,60.22897],[24.69883,60.22899],[24.69866,60.22895],[24.69859,60.22889],[24.69844,60.22882],[24.69819,60.22875],[24.69813,60.22876],[24.69802,60.22871],[24.69797,60.22865],[24.69773,60.22844],[24.69755,60.22833],[24.69745,60.22829],[24.69737,60.22823],[24.69708,60.22802],[24.69699,60.22793],[24.69682,60.22784],[24.69663,60.22779],[24.69647,60.22782],[24.69635,60.22786],[24.69617,60.22786],[24.69596,60.22788],[24.69571,60.22794],[24.69554,60.22792],[24.69519,60.22784],[24.69493,60.22774],[24.69479,60.2277],[24.69442,60.22765],[24.69415,60.22764],[24.6937,60.22752],[24.69349,60.22748],[24.69328,60.22745],[24.69326,60.22746],[24.69291,60.22741],[24.69257,60.22728],[24.69242,60.22716],[24.69238,60.22708],[24.69235,60.22694],[24.69228,60.22686],[24.69211,60.22673],[24.69189,60.22672],[24.69175,60.22682],[24.69163,60.22681],[24.69158,60.22673],[24.69137,60.22668],[24.69137,60.22662],[24.69132,60.22651],[24.69123,60.22649],[24.69124,60.22642],[24.6911,60.2263],[24.6907,60.22611],[24.69069,60.22603],[24.69055,60.22597],[24.69053,60.22588],[24.69044,60.22581],[24.6903,60.22575],[24.69027,60.2257],[24.69032,60.22552],[24.69203,60.22391],[24.69219,60.22379],[24.69115,60.22379],[24.69118,60.22325],[24.69284,60.22327],[24.69293,60.2232],[24.69457,60.22194],[24.69536,60.22219],[24.69683,60.2222],[24.69783,60.22153],[24.69794,60.22147],[24.69983,60.22211],[24.70175,60.22261],[24.70372,60.22284],[24.70562,60.22303],[24.70635,60.22303],[24.70706,60.22295],[24.70796,60.22322],[24.70632,60.22487],[24.70631,60.22501],[24.70861,60.22519],[24.71288,60.2259],[24.71286,60.2255],[24.71305,60.22524],[24.71308,60.22513],[24.71329,60.22499],[24.71351,60.22488],[24.7143,60.22489],[24.71457,60.2249],[24.71544,60.22508],[24.71488,60.22551],[24.71935,60.22695],[24.72612,60.22692],[24.72862,60.22944],[24.72975,60.23058],[24.73177,60.23198],[24.72998,60.234],[24.72969,60.23431],[24.72853,60.23553],[24.72816,60.23596],[24.72783,60.23658],[24.72647,60.23711],[24.72531,60.23756],[24.72321,60.23838],[24.72202,60.23913]]]}},{"type":"Feature","properties":{"code":"049321","kunta":"049","kokotun":"0493032321","name":"Friisilä","name_sv":"","named":true,"peruspiiri_code":"049032","peruspiiri":"Olari","source":"HSY Seutukartta 2021 (pienalue)","bb":[60.16153,24.69374,60.18344,24.73362],"c":[60.17202,24.71274]},"geometry":{"type":"Polygon","coordinates":[[[24.70452,60.18192],[24.70128,60.18087],[24.69588,60.179],[24.69374,60.17689],[24.69465,60.17634],[24.69489,60.17591],[24.69511,60.17572],[24.69655,60.17493],[24.69667,60.17451],[24.69681,60.17451],[24.6974,60.17413],[24.69769,60.17389],[24.69798,60.17373],[24.69835,60.1736],[24.69865,60.17355],[24.69882,60.17351],[24.69904,60.17339],[24.6992,60.17319],[24.69938,60.17307],[24.70004,60.17293],[24.70037,60.17277],[24.70089,60.17255],[24.70129,60.17231],[24.70187,60.172],[24.70223,60.17182],[24.70243,60.1717],[24.7025,60.17163],[24.70251,60.17158],[24.70244,60.17138],[24.70246,60.17132],[24.70238,60.17126],[24.70219,60.17122],[24.7021,60.17118],[24.70202,60.17108],[24.70178,60.17106],[24.7017,60.17104],[24.70167,60.171],[24.70171,60.17088],[24.70171,60.17076],[24.70169,60.17067],[24.70157,60.17051],[24.7016,60.17049],[24.70186,60.17046],[24.70205,60.17043],[24.70221,60.17035],[24.70252,60.17032],[24.70269,60.17025],[24.70281,60.17019],[24.7031,60.1701],[24.70317,60.17001],[24.70344,60.16992],[24.70347,60.16985],[24.70333,60.16974],[24.70334,60.16969],[24.7035,60.16959],[24.70357,60.16952],[24.70374,60.16947],[24.70389,60.16954],[24.70405,60.16952],[24.70416,60.16944],[24.7043,60.16941],[24.70433,60.16939],[24.7044,60.16924],[24.70446,60.16907],[24.70462,60.16907],[24.7047,60.16905],[24.70484,60.16898],[24.7051,60.1689],[24.70531,60.16887],[24.70557,60.16879],[24.70575,60.16872],[24.706,60.16867],[24.70621,60.1686],[24.70625,60.16858],[24.70621,60.16852],[24.70607,60.16846],[24.70625,60.16844],[24.70667,60.16838],[24.70673,60.16833],[24.70692,60.16832],[24.70712,60.16825],[24.7072,60.16819],[24.70725,60.16805],[24.70732,60.16798],[24.70742,60.16801],[24.70754,60.16801],[24.7077,60.16795],[24.70822,60.16763],[24.7087,60.16726],[24.70891,60.16717],[24.70907,60.16705],[24.70931,60.16692],[24.71022,60.16654],[24.71048,60.1664],[24.71081,60.16623],[24.71093,60.16612],[24.71104,60.16591],[24.71121,60.16566],[24.7113,60.16557],[24.71183,60.16518],[24.71219,60.16496],[24.71231,60.1649],[24.71249,60.16474],[24.71265,60.16465],[24.71277,60.1646],[24.71317,60.16448],[24.71328,60.16442],[24.71334,60.16437],[24.71353,60.16406],[24.71372,60.16389],[24.71379,60.16381],[24.71381,60.16369],[24.71391,60.16366],[24.71404,60.16355],[24.71414,60.16361],[24.71419,60.16374],[24.71438,60.16379],[24.7145,60.1638],[24.71484,60.16364],[24.71508,60.16349],[24.71512,60.16348],[24.71548,60.1633],[24.71521,60.16319],[24.71522,60.16317],[24.71546,60.16308],[24.71546,60.16299],[24.71538,60.16287],[24.71555,60.16276],[24.71573,60.16269],[24.716,60.16265],[24.71612,60.16261],[24.71628,60.16253],[24.71643,60.16243],[24.71688,60.16216],[24.71705,60.16189],[24.71677,60.16165],[24.71672,60.16153],[24.71959,60.16163],[24.71999,60.16162],[24.72105,60.16166],[24.72166,60.16168],[24.72263,60.16173],[24.72382,60.16181],[24.72426,60.16183],[24.72559,60.16197],[24.7273,60.16216],[24.72842,60.16226],[24.7293,60.16239],[24.73035,60.16255],[24.73163,60.16275],[24.7318,60.16274],[24.73254,60.16284],[24.73325,60.16305],[24.73362,60.1631],[24.73308,60.16406],[24.73258,60.16504],[24.73235,60.16545],[24.73238,60.16571],[24.73205,60.16575],[24.73058,60.16585],[24.72925,60.1659],[24.72806,60.16574],[24.7277,60.16623],[24.72622,60.16777],[24.72278,60.17046],[24.72229,60.17088],[24.72211,60.1713],[24.72213,60.17164],[24.72249,60.17228],[24.72245,60.17285],[24.72216,60.17364],[24.72195,60.174],[24.72147,60.17442],[24.72103,60.17467],[24.7201,60.17501],[24.71937,60.17534],[24.71899,60.1757],[24.71866,60.17604],[24.71836,60.17625],[24.71794,60.17652],[24.71784,60.17657],[24.7175,60.17707],[24.71721,60.17737],[24.71728,60.17739],[24.71619,60.17852],[24.71611,60.17861],[24.71581,60.17892],[24.71495,60.17907],[24.71389,60.17911],[24.71356,60.17918],[24.71236,60.18016],[24.71161,60.18054],[24.71198,60.18073],[24.7122,60.18083],[24.71241,60.18096],[24.71256,60.18129],[24.71276,60.18145],[24.71277,60.18159],[24.71294,60.18163],[24.71302,60.18174],[24.71302,60.1818],[24.7132,60.18195],[24.7133,60.18201],[24.7133,60.18206],[24.71325,60.18214],[24.7133,60.18218],[24.71328,60.18232],[24.71338,60.18239],[24.7136,60.18242],[24.7137,60.18248],[24.71373,60.18253],[24.71385,60.18259],[24.71395,60.18261],[24.71327,60.18344],[24.70452,60.18192]]]}},{"type":"Feature","properties":{"code":"049312","kunta":"049","kokotun":"0493031312","name":"Tiistilä","name_sv":"","named":true,"peruspiiri_code":"049031","peruspiiri":"Matinkylä","source":"HSY Seutukartta 2021 (pienalue)","bb":[60.14174,24.7164,60.1631,24.74146],"c":[60.15419,24.7293]},"geometry":{"type":"Polygon","coordinates":[[[24.71664,60.16135],[24.7164,60.16084],[24.71677,60.1601],[24.71762,60.15883],[24.71976,60.15774],[24.71983,60.15688],[24.72101,60.15563],[24.72129,60.15535],[24.72153,60.15511],[24.72299,60.15366],[24.72276,60.1498],[24.72381,60.14854],[24.72415,60.14854],[24.72751,60.14465],[24.7289,60.14312],[24.73145,60.14174],[24.73146,60.14189],[24.7316,60.1469],[24.736,60.14836],[24.73624,60.14836],[24.73636,60.14828],[24.73653,60.14829],[24.73686,60.14838],[24.73881,60.14872],[24.73784,60.14964],[24.74023,60.15136],[24.74146,60.15244],[24.73697,60.15759],[24.73587,60.15895],[24.73427,60.15865],[24.73371,60.15968],[24.73284,60.16112],[24.73307,60.16193],[24.73362,60.1631],[24.73325,60.16305],[24.73254,60.16284],[24.7318,60.16274],[24.73163,60.16275],[24.73035,60.16255],[24.7293,60.16239],[24.72842,60.16226],[24.7273,60.16216],[24.72559,60.16197],[24.72426,60.16183],[24.72382,60.16181],[24.72263,60.16173],[24.72166,60.16168],[24.72105,60.16166],[24.71999,60.16162],[24.71959,60.16163],[24.71672,60.16153],[24.71664,60.16135]]]}},{"type":"Feature","properties":{"code":"049714","kunta":"049","kokotun":"0497071714","name":"Perusmäki","name_sv":"","named":true,"peruspiiri_code":"049071","peruspiiri":"Vanhakartano-Röylä","source":"HSY Seutukartta 2021 (pienalue)","bb":[60.25867,24.69983,60.29883,24.74982],"c":[60.28162,24.72589]},"geometry":{"type":"Polygon","coordinates":[[[24.69983,60.2797],[24.71117,60.28056],[24.71242,60.27668],[24.71252,60.27511],[24.7126,60.27385],[24.71249,60.27368],[24.71192,60.27291],[24.71195,60.2725],[24.71625,60.26839],[24.71658,60.26764],[24.717,60.26677],[24.71743,60.26587],[24.7199,60.26536],[24.72144,60.26466],[24.7217,60.26379],[24.72174,60.26367],[24.72067,60.2635],[24.71974,60.26332],[24.71886,60.26134],[24.71835,60.26095],[24.71803,60.26092],[24.71762,60.26059],[24.7211,60.2595],[24.72176,60.25919],[24.72271,60.25867],[24.72386,60.25926],[24.72459,60.25957],[24.72532,60.25983],[24.72576,60.25995],[24.72638,60.26021],[24.72766,60.26037],[24.72793,60.26054],[24.72809,60.26073],[24.72861,60.26087],[24.72968,60.26112],[24.73002,60.26117],[24.7307,60.2613],[24.7311,60.26133],[24.73147,60.26137],[24.73194,60.2614],[24.7324,60.26128],[24.7332,60.26102],[24.73389,60.26092],[24.73401,60.26075],[24.73466,60.26084],[24.73486,60.26096],[24.73503,60.26128],[24.73528,60.26147],[24.73616,60.26207],[24.73647,60.26222],[24.73695,60.26237],[24.73793,60.26255],[24.73836,60.26267],[24.73877,60.2629],[24.73914,60.26303],[24.74003,60.26341],[24.7411,60.26374],[24.74278,60.26418],[24.74161,60.26549],[24.74144,60.26572],[24.74128,60.26584],[24.74131,60.26609],[24.74098,60.26627],[24.74071,60.26634],[24.73999,60.26656],[24.73969,60.26677],[24.73953,60.26684],[24.73934,60.26688],[24.73884,60.26695],[24.73834,60.26706],[24.73757,60.26717],[24.73697,60.26729],[24.73628,60.26774],[24.73602,60.26804],[24.73567,60.26832],[24.73547,60.26849],[24.73535,60.26868],[24.73519,60.26914],[24.7348,60.26952],[24.73457,60.26992],[24.73484,60.27018],[24.73497,60.27061],[24.73499,60.27101],[24.73733,60.27317],[24.73729,60.27344],[24.73838,60.27509],[24.73845,60.27529],[24.7388,60.27645],[24.73891,60.27688],[24.73907,60.27744],[24.73916,60.27777],[24.73919,60.27798],[24.73917,60.27807],[24.73907,60.27988],[24.73752,60.28214],[24.73732,60.28254],[24.73705,60.28339],[24.73666,60.28379],[24.73659,60.28404],[24.73514,60.28525],[24.7366,60.28558],[24.73835,60.28597],[24.73868,60.28604],[24.74018,60.28588],[24.7408,60.28606],[24.74102,60.28594],[24.74126,60.28582],[24.74152,60.28572],[24.74179,60.28562],[24.74224,60.28548],[24.74288,60.28702],[24.74706,60.28795],[24.74703,60.28813],[24.74707,60.28821],[24.7473,60.28829],[24.74741,60.28838],[24.7476,60.28849],[24.74757,60.28862],[24.74749,60.28871],[24.7474,60.28877],[24.74741,60.28883],[24.7475,60.28886],[24.74772,60.28883],[24.74774,60.28892],[24.74772,60.28895],[24.74758,60.289],[24.74756,60.28909],[24.74768,60.28918],[24.74776,60.28919],[24.74787,60.28915],[24.74792,60.2892],[24.74789,60.28925],[24.74792,60.28931],[24.7479,60.28936],[24.74791,60.28943],[24.74782,60.28951],[24.74783,60.28957],[24.74791,60.28961],[24.74787,60.28967],[24.74788,60.28973],[24.74795,60.28977],[24.74797,60.28986],[24.74783,60.28993],[24.74782,60.28998],[24.74787,60.29004],[24.74769,60.2901],[24.74775,60.29015],[24.74785,60.29013],[24.74796,60.29016],[24.74794,60.29025],[24.74801,60.29032],[24.74806,60.29043],[24.74821,60.29048],[24.74827,60.29056],[24.74832,60.2906],[24.74844,60.29062],[24.74847,60.29066],[24.74842,60.2907],[24.74826,60.29071],[24.74825,60.29075],[24.74839,60.2908],[24.74836,60.29089],[24.74835,60.29095],[24.74826,60.29113],[24.74828,60.2912],[24.74834,60.29122],[24.74854,60.29121],[24.74861,60.29127],[24.74856,60.29137],[24.74857,60.29141],[24.74867,60.29142],[24.74872,60.29136],[24.74884,60.29136],[24.74887,60.29143],[24.74882,60.29149],[24.74887,60.29159],[24.74883,60.29164],[24.74889,60.29168],[24.74902,60.29185],[24.74942,60.29187],[24.74968,60.29197],[24.74969,60.29202],[24.74967,60.29212],[24.74977,60.2923],[24.74971,60.29241],[24.74972,60.29262],[24.74982,60.29267],[24.74981,60.29281],[24.74967,60.29297],[24.74965,60.29306],[24.74958,60.29321],[24.74948,60.29327],[24.74928,60.2933],[24.7491,60.29332],[24.74888,60.2934],[24.7488,60.29355],[24.74864,60.29365],[24.74858,60.29371],[24.74841,60.29374],[24.74835,60.29378],[24.74836,60.29391],[24.74823,60.29394],[24.74808,60.29401],[24.74783,60.29401],[24.74772,60.29403],[24.74765,60.29411],[24.74771,60.2943],[24.74771,60.29436],[24.74766,60.29442],[24.74767,60.29448],[24.7478,60.29453],[24.74785,60.29462],[24.74784,60.29467],[24.74769,60.29473],[24.74767,60.29477],[24.74773,60.29482],[24.7477,60.29486],[24.74783,60.29498],[24.74789,60.2951],[24.74783,60.29512],[24.74777,60.29517],[24.74784,60.29527],[24.74772,60.29529],[24.74763,60.29546],[24.74753,60.29553],[24.74755,60.29561],[24.74721,60.29588],[24.74729,60.29595],[24.74726,60.29603],[24.74715,60.29612],[24.74701,60.29625],[24.7468,60.29639],[24.74653,60.29647],[24.74649,60.29654],[24.74629,60.29661],[24.74608,60.29661],[24.74587,60.29656],[24.7458,60.29656],[24.74555,60.29661],[24.74544,60.29666],[24.74511,60.29662],[24.74486,60.29663],[24.74467,60.29668],[24.74454,60.29673],[24.74414,60.29678],[24.74399,60.29683],[24.74377,60.29689],[24.74354,60.29686],[24.74294,60.29695],[24.7427,60.29701],[24.74234,60.29711],[24.74161,60.29724],[24.74094,60.29732],[24.73434,60.29816],[24.73373,60.29883],[24.73342,60.29877],[24.7188,60.29859],[24.71043,60.29209],[24.70497,60.28766],[24.69983,60.2797]]]}},{"type":"Feature","properties":{"code":"049721","kunta":"049","kokotun":"0497072721","name":"Kalajärvi","name_sv":"","named":true,"peruspiiri_code":"049072","peruspiiri":"Kalajärvi-Lakisto","source":"HSY Seutukartta 2021 (pienalue)","bb":[60.28701,24.71414,60.32539,24.77178],"c":[60.30572,24.74848]},"geometry":{"type":"Polygon","coordinates":[[[24.71414,60.30128],[24.7188,60.29859],[24.73342,60.29877],[24.73373,60.29883],[24.73434,60.29816],[24.74094,60.29732],[24.74161,60.29724],[24.74234,60.29711],[24.7427,60.29701],[24.74294,60.29695],[24.74354,60.29686],[24.74377,60.29689],[24.74399,60.29683],[24.74414,60.29678],[24.74454,60.29673],[24.74467,60.29668],[24.74486,60.29663],[24.74511,60.29662],[24.74544,60.29666],[24.74555,60.29661],[24.7458,60.29656],[24.74587,60.29656],[24.74608,60.29661],[24.74629,60.29661],[24.74649,60.29654],[24.74653,60.29647],[24.7468,60.29639],[24.74701,60.29625],[24.74715,60.29612],[24.74726,60.29603],[24.74729,60.29595],[24.74721,60.29588],[24.74755,60.29561],[24.74753,60.29553],[24.74763,60.29546],[24.74772,60.29529],[24.74784,60.29527],[24.74777,60.29517],[24.74783,60.29512],[24.74789,60.2951],[24.74783,60.29498],[24.7477,60.29486],[24.74773,60.29482],[24.74767,60.29477],[24.74769,60.29473],[24.74784,60.29467],[24.74785,60.29462],[24.7478,60.29453],[24.74767,60.29448],[24.74766,60.29442],[24.74771,60.29436],[24.74771,60.2943],[24.74765,60.29411],[24.74772,60.29403],[24.74783,60.29401],[24.74808,60.29401],[24.74823,60.29394],[24.74836,60.29391],[24.74835,60.29378],[24.74841,60.29374],[24.74858,60.29371],[24.74864,60.29365],[24.7488,60.29355],[24.74888,60.2934],[24.7491,60.29332],[24.74928,60.2933],[24.74948,60.29327],[24.74958,60.29321],[24.74965,60.29306],[24.74967,60.29297],[24.74981,60.29281],[24.74982,60.29267],[24.74972,60.29262],[24.74971,60.29241],[24.74977,60.2923],[24.74967,60.29212],[24.74969,60.29202],[24.74968,60.29197],[24.74942,60.29187],[24.74902,60.29185],[24.74889,60.29168],[24.74883,60.29164],[24.74887,60.29159],[24.74882,60.29149],[24.74887,60.29143],[24.74884,60.29136],[24.74872,60.29136],[24.74867,60.29142],[24.74857,60.29141],[24.74856,60.29137],[24.74861,60.29127],[24.74854,60.29121],[24.74834,60.29122],[24.74828,60.2912],[24.74826,60.29113],[24.74835,60.29095],[24.74836,60.29089],[24.74969,60.29083],[24.75402,60.29066],[24.75372,60.28915],[24.75362,60.28866],[24.75352,60.28833],[24.76176,60.28733],[24.76821,60.28704],[24.7688,60.28701],[24.77178,60.29924],[24.77096,60.30105],[24.76345,60.31903],[24.76089,60.32539],[24.74619,60.32228],[24.74542,60.32182],[24.74413,60.32112],[24.73904,60.31827],[24.73726,60.31728],[24.7296,60.31303],[24.72706,60.3116],[24.7255,60.31073],[24.72417,60.31001],[24.723,60.30938],[24.72101,60.30866],[24.7176,60.3065],[24.7159,60.30491],[24.71417,60.30133],[24.71414,60.30128]]]}},{"type":"Feature","properties":{"code":"049151","kunta":"049","kokotun":"0491015151","name":"Viherlaakso","name_sv":"","named":true,"peruspiiri_code":"049015","peruspiiri":"Viherlaakso-Lippajärvi","source":"HSY Seutukartta 2021 (pienalue)","bb":[60.21827,24.71488,60.23788,24.75905],"c":[60.22742,24.73955]},"geometry":{"type":"Polygon","coordinates":[[[24.71935,60.22695],[24.71488,60.22551],[24.71544,60.22508],[24.71847,60.22272],[24.719,60.2223],[24.7206,60.22238],[24.72091,60.22243],[24.72103,60.22246],[24.72143,60.22255],[24.72174,60.22267],[24.72188,60.22309],[24.72188,60.22346],[24.72552,60.22198],[24.72529,60.22237],[24.72537,60.2227],[24.72562,60.22283],[24.72638,60.2231],[24.72741,60.22356],[24.72853,60.22383],[24.72949,60.22397],[24.7323,60.22426],[24.7343,60.22418],[24.73616,60.22251],[24.73546,60.22205],[24.73508,60.22148],[24.73512,60.2213],[24.73525,60.22094],[24.73531,60.22057],[24.73547,60.22058],[24.73548,60.22051],[24.73727,60.22055],[24.73902,60.21884],[24.73968,60.21964],[24.74222,60.21907],[24.74222,60.2189],[24.74265,60.21916],[24.74309,60.21932],[24.74348,60.21943],[24.74421,60.22002],[24.74546,60.22056],[24.74752,60.2211],[24.74893,60.22114],[24.75084,60.21827],[24.75093,60.21861],[24.75097,60.21906],[24.75099,60.21951],[24.75099,60.21996],[24.75095,60.22074],[24.75096,60.22106],[24.75099,60.22137],[24.75104,60.22169],[24.75112,60.22201],[24.7515,60.2234],[24.75159,60.22352],[24.75169,60.22363],[24.75041,60.22368],[24.75079,60.22535],[24.75149,60.22531],[24.75438,60.22545],[24.75586,60.22556],[24.75905,60.22571],[24.75843,60.22634],[24.75552,60.22964],[24.75337,60.23097],[24.75223,60.23226],[24.75194,60.23253],[24.75149,60.23282],[24.75129,60.23293],[24.75048,60.23321],[24.74999,60.2333],[24.74916,60.2334],[24.74876,60.23342],[24.74835,60.23345],[24.74795,60.23346],[24.74728,60.23352],[24.7466,60.23368],[24.74619,60.2338],[24.74572,60.23405],[24.74515,60.2343],[24.74454,60.23468],[24.74391,60.23518],[24.74391,60.2352],[24.74341,60.23608],[24.74323,60.23636],[24.7432,60.23642],[24.74255,60.23743],[24.7425,60.23749],[24.74223,60.23788],[24.73774,60.23599],[24.73177,60.23198],[24.72975,60.23058],[24.72862,60.22944],[24.72612,60.22692],[24.71935,60.22695]]]}},{"type":"Feature","properties":{"code":"049713","kunta":"049","kokotun":"0497071713","name":"Vanhakartano","name_sv":"","named":true,"peruspiiri_code":"049071","peruspiiri":"Vanhakartano-Röylä","source":"HSY Seutukartta 2021 (pienalue)","bb":[60.24283,24.71751,60.2692,24.76997],"c":[60.25657,24.74054]},"geometry":{"type":"Polygon","coordinates":[[[24.71751,60.25394],[24.71968,60.25102],[24.7207,60.25012],[24.72284,60.2482],[24.72923,60.24325],[24.72975,60.24283],[24.73711,60.24644],[24.73884,60.24738],[24.73993,60.24796],[24.74132,60.2487],[24.74337,60.24978],[24.74609,60.25121],[24.74637,60.25135],[24.75539,60.25622],[24.76743,60.26564],[24.76716,60.26628],[24.76852,60.26694],[24.76997,60.26834],[24.76793,60.2692],[24.76711,60.26891],[24.76617,60.26843],[24.76587,60.2681],[24.7656,60.26774],[24.76563,60.26743],[24.76544,60.26713],[24.76511,60.26692],[24.76476,60.2668],[24.76433,60.26671],[24.76381,60.26667],[24.76304,60.26684],[24.76291,60.2669],[24.7624,60.26709],[24.76221,60.2672],[24.76164,60.26728],[24.76153,60.26732],[24.76127,60.26734],[24.76115,60.26736],[24.7603,60.26742],[24.75888,60.26728],[24.75845,60.26729],[24.75518,60.26688],[24.7548,60.26686],[24.75352,60.26666],[24.75155,60.26635],[24.75068,60.26621],[24.75035,60.26614],[24.74945,60.2659],[24.74867,60.26569],[24.74875,60.26566],[24.74823,60.26554],[24.74825,60.26547],[24.7476,60.26529],[24.74709,60.26518],[24.74642,60.265],[24.74579,60.26494],[24.7452,60.26479],[24.74493,60.26469],[24.74447,60.26461],[24.74397,60.26449],[24.74278,60.26418],[24.7411,60.26374],[24.74003,60.26341],[24.73914,60.26303],[24.73877,60.2629],[24.73836,60.26267],[24.73793,60.26255],[24.73695,60.26237],[24.73647,60.26222],[24.73616,60.26207],[24.73528,60.26147],[24.73503,60.26128],[24.73486,60.26096],[24.73466,60.26084],[24.73401,60.26075],[24.73389,60.26092],[24.7332,60.26102],[24.7324,60.26128],[24.73194,60.2614],[24.73147,60.26137],[24.7311,60.26133],[24.7307,60.2613],[24.73002,60.26117],[24.72968,60.26112],[24.72861,60.26087],[24.72809,60.26073],[24.72793,60.26054],[24.72766,60.26037],[24.72638,60.26021],[24.72576,60.25995],[24.72532,60.25983],[24.72459,60.25957],[24.72386,60.25926],[24.72271,60.25867],[24.72216,60.25827],[24.72118,60.25739],[24.72089,60.25717],[24.71999,60.25652],[24.71916,60.25581],[24.71872,60.25543],[24.71781,60.25437],[24.71751,60.25394]]]}},{"type":"Feature","properties":{"code":"049161","kunta":"049","kokotun":"0491016161","name":"Sepänkylä","name_sv":"","named":true,"peruspiiri_code":"049016","peruspiiri":"Sepänkylä","source":"HSY Seutukartta 2021 (pienalue)","bb":[60.20065,24.71861,60.21821,24.75429],"c":[60.20738,24.73921]},"geometry":{"type":"Polygon","coordinates":[[[24.7215,60.20274],[24.72106,60.20272],[24.71946,60.20234],[24.71861,60.20149],[24.71897,60.20065],[24.71914,60.20065],[24.72077,60.20069],[24.72239,60.20076],[24.72459,60.2009],[24.72494,60.20093],[24.72657,60.20105],[24.72715,60.20111],[24.72861,60.20128],[24.73,60.20146],[24.7316,60.2017],[24.73297,60.20195],[24.734,60.20215],[24.73439,60.20223],[24.73541,60.20244],[24.73642,60.20267],[24.73681,60.20276],[24.73781,60.20299],[24.73879,60.20324],[24.73972,60.20349],[24.74038,60.20363],[24.74089,60.2037],[24.74175,60.20401],[24.74275,60.20441],[24.74533,60.20465],[24.74646,60.20491],[24.74821,60.20521],[24.7488,60.20535],[24.75016,60.20559],[24.75213,60.20581],[24.75397,60.20632],[24.75429,60.20656],[24.75305,60.20704],[24.75167,60.20739],[24.7494,60.20784],[24.74913,60.20812],[24.74866,60.20927],[24.7485,60.20945],[24.74837,60.20956],[24.74805,60.20977],[24.74789,60.20989],[24.74776,60.21002],[24.74765,60.21015],[24.74755,60.21028],[24.74746,60.21047],[24.74742,60.21061],[24.7474,60.21075],[24.74741,60.21089],[24.74743,60.21103],[24.74748,60.21117],[24.74755,60.21131],[24.74947,60.2145],[24.74965,60.21486],[24.74974,60.21489],[24.74989,60.21504],[24.75015,60.21557],[24.75034,60.216],[24.75051,60.21643],[24.7506,60.21667],[24.75074,60.21711],[24.75084,60.21748],[24.75101,60.21806],[24.75088,60.21821],[24.75076,60.21818],[24.74266,60.21527],[24.7417,60.21298],[24.73916,60.20712],[24.73759,60.20733],[24.73727,60.20667],[24.73679,60.20638],[24.73656,60.20619],[24.73591,60.20688],[24.73455,60.20662],[24.73415,60.2064],[24.73389,60.20618],[24.73405,60.20604],[24.73451,60.20583],[24.73088,60.2053],[24.72878,60.20589],[24.72771,60.20618],[24.72654,60.20541],[24.7222,60.20256],[24.7215,60.20274]]]}},{"type":"Feature","properties":{"code":"049142","kunta":"049","kokotun":"0491014142","name":"Lähderanta","name_sv":"","named":true,"peruspiiri_code":"049014","peruspiiri":"Laaksolahti","source":"HSY Seutukartta 2021 (pienalue)","bb":[60.23198,24.72202,60.25135,24.75244],"c":[60.24192,24.7376]},"geometry":{"type":"Polygon","coordinates":[[[24.72202,60.23913],[24.72321,60.23838],[24.72531,60.23756],[24.72647,60.23711],[24.72783,60.23658],[24.72816,60.23596],[24.72853,60.23553],[24.72969,60.23431],[24.72998,60.234],[24.73177,60.23198],[24.73774,60.23599],[24.74223,60.23788],[24.74084,60.24036],[24.7423,60.24091],[24.74455,60.2421],[24.7462,60.24283],[24.74738,60.2433],[24.74822,60.24363],[24.7489,60.24398],[24.74924,60.24427],[24.74986,60.24506],[24.75031,60.24563],[24.75103,60.24618],[24.75244,60.2474],[24.75175,60.24789],[24.74637,60.25135],[24.74609,60.25121],[24.74337,60.24978],[24.74132,60.2487],[24.73993,60.24796],[24.73884,60.24738],[24.73711,60.24644],[24.72975,60.24283],[24.72202,60.23913]]]}},{"type":"Feature","properties":{"code":"049332","kunta":"049","kokotun":"0493033332","name":"Suurpelto","name_sv":"","named":true,"peruspiiri_code":"049033","peruspiiri":"Henttaa","source":"HSY Seutukartta 2021 (pienalue)","bb":[60.17867,24.72323,60.20441,24.74802],"c":[60.19224,24.73732]},"geometry":{"type":"Polygon","coordinates":[[[24.72494,60.20093],[24.72526,60.2003],[24.72527,60.20023],[24.72406,60.19955],[24.7299,60.19721],[24.72967,60.19605],[24.7297,60.196],[24.72944,60.19589],[24.7278,60.19607],[24.72477,60.19639],[24.72394,60.19476],[24.72373,60.19436],[24.72323,60.19337],[24.72507,60.19274],[24.7255,60.19179],[24.72572,60.1916],[24.72562,60.19155],[24.7258,60.1912],[24.72708,60.19116],[24.72712,60.19114],[24.72776,60.19111],[24.7281,60.19125],[24.72829,60.19134],[24.72846,60.19145],[24.72865,60.19159],[24.7288,60.19174],[24.72896,60.19195],[24.73052,60.19187],[24.73193,60.19132],[24.73316,60.19127],[24.73325,60.1912],[24.73335,60.19095],[24.73328,60.19095],[24.7336,60.19025],[24.73342,60.18955],[24.7337,60.18912],[24.73359,60.18904],[24.73333,60.18876],[24.73094,60.18877],[24.73017,60.18868],[24.73008,60.18866],[24.72966,60.18845],[24.72957,60.18836],[24.72947,60.18816],[24.72937,60.18805],[24.72927,60.18801],[24.72901,60.18799],[24.72866,60.18795],[24.72814,60.18768],[24.72812,60.18753],[24.72806,60.1873],[24.72803,60.18711],[24.7281,60.18698],[24.72845,60.18691],[24.7301,60.18665],[24.73057,60.18649],[24.73143,60.18621],[24.73179,60.1861],[24.73197,60.18606],[24.73223,60.18603],[24.73221,60.18601],[24.73408,60.18533],[24.73536,60.18495],[24.73813,60.18417],[24.73765,60.1834],[24.73871,60.18306],[24.73788,60.18084],[24.73813,60.18076],[24.73828,60.1807],[24.73853,60.18054],[24.73863,60.18045],[24.73926,60.1798],[24.73944,60.17965],[24.73958,60.17957],[24.73973,60.1795],[24.74007,60.17938],[24.74026,60.17933],[24.74209,60.17894],[24.74333,60.17867],[24.7471,60.18031],[24.74663,60.18197],[24.74661,60.18248],[24.74701,60.18283],[24.74751,60.18307],[24.74759,60.18342],[24.74759,60.18394],[24.74792,60.18464],[24.748,60.1849],[24.74802,60.18509],[24.74777,60.1871],[24.74686,60.18792],[24.74667,60.18828],[24.74612,60.18977],[24.74555,60.19057],[24.74447,60.1917],[24.74447,60.19172],[24.74423,60.19191],[24.74383,60.19233],[24.74337,60.19288],[24.74332,60.19298],[24.74315,60.19324],[24.74304,60.19345],[24.74305,60.19351],[24.74285,60.19398],[24.74283,60.19403],[24.74274,60.19461],[24.7427,60.19544],[24.74262,60.1957],[24.74263,60.19591],[24.74286,60.19624],[24.74296,60.19685],[24.74355,60.19816],[24.74367,60.19833],[24.74422,60.19863],[24.74439,60.19874],[24.74465,60.19896],[24.74477,60.19908],[24.74487,60.19922],[24.74503,60.1994],[24.74535,60.19969],[24.74548,60.19995],[24.74553,60.2001],[24.7455,60.20029],[24.74539,60.20047],[24.74494,60.20098],[24.74511,60.20125],[24.74521,60.20152],[24.74555,60.2015],[24.74526,60.20187],[24.7447,60.20191],[24.74438,60.20194],[24.74405,60.20199],[24.74374,60.20205],[24.74343,60.20212],[24.74313,60.2022],[24.74281,60.20231],[24.74256,60.20242],[24.74177,60.20283],[24.74275,60.20441],[24.74175,60.20401],[24.74089,60.2037],[24.74038,60.20363],[24.73972,60.20349],[24.73879,60.20324],[24.73781,60.20299],[24.73681,60.20276],[24.73642,60.20267],[24.73541,60.20244],[24.73439,60.20223],[24.734,60.20215],[24.73297,60.20195],[24.7316,60.2017],[24.73,60.20146],[24.72861,60.20128],[24.72715,60.20111],[24.72657,60.20105],[24.72494,60.20093]]]}},{"type":"Feature","properties":{"code":"049314","kunta":"049","kokotun":"0493031314","name":"Matinkylän Keskus","name_sv":"","named":true,"peruspiiri_code":"049031","peruspiiri":"Matinkylä","source":"HSY Seutukartta 2021 (pienalue)","bb":[60.15865,24.73284,60.16639,24.7556],"c":[60.16277,24.74357]},"geometry":{"type":"Polygon","coordinates":[[[24.73362,60.1631],[24.73307,60.16193],[24.73284,60.16112],[24.73371,60.15968],[24.73427,60.15865],[24.73587,60.15895],[24.73642,60.15897],[24.74084,60.15988],[24.7411,60.15993],[24.74807,60.16137],[24.74933,60.16153],[24.74967,60.16114],[24.74984,60.16111],[24.75086,60.16216],[24.75178,60.16318],[24.75349,60.16286],[24.75383,60.16281],[24.75384,60.16277],[24.75464,60.16274],[24.75521,60.16273],[24.7556,60.16297],[24.75547,60.16308],[24.75522,60.16336],[24.75511,60.16346],[24.75494,60.16358],[24.75452,60.16382],[24.75443,60.16392],[24.75445,60.1641],[24.75442,60.16418],[24.75431,60.16434],[24.75428,60.1644],[24.75428,60.16455],[24.75423,60.16484],[24.75403,60.16551],[24.75393,60.1658],[24.75377,60.1661],[24.75362,60.16631],[24.7534,60.1663],[24.74929,60.16639],[24.74893,60.16621],[24.74825,60.16601],[24.74679,60.16574],[24.74627,60.1657],[24.74562,60.16561],[24.74517,60.16556],[24.74463,60.16546],[24.74384,60.16525],[24.74264,60.16496],[24.74227,60.16487],[24.74152,60.16471],[24.74093,60.16461],[24.73955,60.16432],[24.73921,60.16426],[24.73871,60.16414],[24.73772,60.16391],[24.73768,60.1639],[24.73763,60.16389],[24.73663,60.16367],[24.73577,60.1635],[24.73386,60.16314],[24.73362,60.1631]]]}},{"type":"Feature","properties":{"code":"049322","kunta":"049","kokotun":"0493032322","name":"Olarinmäki","name_sv":"","named":true,"peruspiiri_code":"049032","peruspiiri":"Olari","source":"HSY Seutukartta 2021 (pienalue)","bb":[60.1639,24.72913,60.18206,24.75584],"c":[60.1727,24.74343]},"geometry":{"type":"Polygon","coordinates":[[[24.72989,60.17717],[24.72951,60.1767],[24.72933,60.17616],[24.72916,60.17558],[24.72913,60.17491],[24.7292,60.17427],[24.72949,60.17363],[24.72977,60.17328],[24.73077,60.1725],[24.73218,60.17113],[24.73455,60.16874],[24.73605,60.16733],[24.73648,60.16688],[24.73676,60.16672],[24.7372,60.16663],[24.73732,60.16663],[24.73688,60.16571],[24.73686,60.16545],[24.73696,60.16504],[24.73768,60.1639],[24.73772,60.16391],[24.73871,60.16414],[24.73921,60.16426],[24.73955,60.16432],[24.74093,60.16461],[24.74152,60.16471],[24.74227,60.16487],[24.74264,60.16496],[24.74384,60.16525],[24.74463,60.16546],[24.74517,60.16556],[24.74562,60.16561],[24.74627,60.1657],[24.74679,60.16574],[24.74825,60.16601],[24.74893,60.16621],[24.74929,60.16639],[24.7534,60.1663],[24.75362,60.16631],[24.75339,60.16652],[24.75336,60.16665],[24.75337,60.16678],[24.75345,60.16721],[24.75354,60.16762],[24.75358,60.16796],[24.75365,60.16834],[24.75368,60.1684],[24.7538,60.16849],[24.75389,60.16852],[24.75504,60.16911],[24.75513,60.16914],[24.75521,60.16921],[24.75516,60.16927],[24.75537,60.16964],[24.75544,60.17005],[24.75572,60.17037],[24.75548,60.17035],[24.75584,60.17074],[24.75539,60.1707],[24.75213,60.17021],[24.75273,60.17097],[24.753,60.17134],[24.75325,60.1717],[24.75348,60.17208],[24.75422,60.17335],[24.75437,60.17361],[24.75458,60.1741],[24.75469,60.17446],[24.75474,60.17471],[24.75478,60.17499],[24.7548,60.17538],[24.75479,60.17566],[24.75475,60.17595],[24.75469,60.17623],[24.75458,60.1766],[24.75448,60.17686],[24.75439,60.17706],[24.75424,60.17734],[24.75407,60.17761],[24.75382,60.17795],[24.75335,60.17854],[24.7531,60.17881],[24.75283,60.17909],[24.75255,60.17935],[24.75224,60.17961],[24.75179,60.17996],[24.75144,60.18025],[24.74996,60.18145],[24.74978,60.18158],[24.74915,60.18201],[24.748,60.18206],[24.74663,60.18197],[24.7471,60.18031],[24.74333,60.17867],[24.74209,60.17894],[24.74145,60.17836],[24.74081,60.17785],[24.7401,60.1776],[24.73863,60.17751],[24.73724,60.17757],[24.73603,60.17754],[24.73462,60.17741],[24.73394,60.17733],[24.73293,60.17728],[24.73124,60.17724],[24.72989,60.17717]]]}},{"type":"Feature","properties":{"code":"049315","kunta":"049","kokotun":"0493031315","name":"Nuottaniemi","name_sv":"","named":true,"peruspiiri_code":"049031","peruspiiri":"Matinkylä","source":"HSY Seutukartta 2021 (pienalue)","bb":[60.13734,24.73145,60.15004,24.76118],"c":[60.14446,24.74303]},"geometry":{"type":"Polygon","coordinates":[[[24.73145,60.14174],[24.73959,60.13734],[24.74785,60.14179],[24.74849,60.14214],[24.74863,60.1422],[24.75145,60.14368],[24.75616,60.14613],[24.76027,60.1483],[24.76118,60.14878],[24.75616,60.14879],[24.75506,60.14867],[24.75324,60.14867],[24.75252,60.1492],[24.75237,60.14927],[24.75219,60.14929],[24.75029,60.14941],[24.74967,60.15004],[24.74922,60.14991],[24.74888,60.14978],[24.7484,60.14938],[24.74769,60.14859],[24.7474,60.14828],[24.74713,60.14813],[24.74544,60.14789],[24.74303,60.14768],[24.74259,60.14769],[24.74185,60.14785],[24.74077,60.14814],[24.74024,60.14822],[24.73969,60.14827],[24.73924,60.14842],[24.73898,60.14863],[24.73881,60.14872],[24.73686,60.14838],[24.73653,60.14829],[24.73636,60.14828],[24.73624,60.14836],[24.736,60.14836],[24.7316,60.1469],[24.73146,60.14189],[24.73145,60.14174]]]}},{"type":"Feature","properties":{"code":"049715","kunta":"049","kokotun":"0497071715","name":"Niipperi","name_sv":"","named":true,"peruspiiri_code":"049071","peruspiiri":"Vanhakartano-Röylä","source":"HSY Seutukartta 2021 (pienalue)","bb":[60.26418,24.73457,60.29089,24.7688],"c":[60.27725,24.75186]},"geometry":{"type":"Polygon","coordinates":[[[24.74836,60.29089],[24.74839,60.2908],[24.74825,60.29075],[24.74826,60.29071],[24.74842,60.2907],[24.74847,60.29066],[24.74844,60.29062],[24.74832,60.2906],[24.74827,60.29056],[24.74821,60.29048],[24.74806,60.29043],[24.74801,60.29032],[24.74794,60.29025],[24.74796,60.29016],[24.74785,60.29013],[24.74775,60.29015],[24.74769,60.2901],[24.74787,60.29004],[24.74782,60.28998],[24.74783,60.28993],[24.74797,60.28986],[24.74795,60.28977],[24.74788,60.28973],[24.74787,60.28967],[24.74791,60.28961],[24.74783,60.28957],[24.74782,60.28951],[24.74791,60.28943],[24.7479,60.28936],[24.74792,60.28931],[24.74789,60.28925],[24.74792,60.2892],[24.74787,60.28915],[24.74776,60.28919],[24.74768,60.28918],[24.74756,60.28909],[24.74758,60.289],[24.74772,60.28895],[24.74774,60.28892],[24.74772,60.28883],[24.7475,60.28886],[24.74741,60.28883],[24.7474,60.28877],[24.74749,60.28871],[24.74757,60.28862],[24.7476,60.28849],[24.74741,60.28838],[24.7473,60.28829],[24.74707,60.28821],[24.74703,60.28813],[24.74706,60.28795],[24.74288,60.28702],[24.74224,60.28548],[24.74179,60.28562],[24.74152,60.28572],[24.74126,60.28582],[24.74102,60.28594],[24.7408,60.28606],[24.74018,60.28588],[24.73868,60.28604],[24.73835,60.28597],[24.7366,60.28558],[24.73514,60.28525],[24.73659,60.28404],[24.73666,60.28379],[24.73705,60.28339],[24.73732,60.28254],[24.73752,60.28214],[24.73907,60.27988],[24.73917,60.27807],[24.73919,60.27798],[24.73916,60.27777],[24.73907,60.27744],[24.73891,60.27688],[24.7388,60.27645],[24.73845,60.27529],[24.73838,60.27509],[24.73729,60.27344],[24.73733,60.27317],[24.73499,60.27101],[24.73497,60.27061],[24.73484,60.27018],[24.73457,60.26992],[24.7348,60.26952],[24.73519,60.26914],[24.73535,60.26868],[24.73547,60.26849],[24.73567,60.26832],[24.73602,60.26804],[24.73628,60.26774],[24.73697,60.26729],[24.73757,60.26717],[24.73834,60.26706],[24.73884,60.26695],[24.73934,60.26688],[24.73953,60.26684],[24.73969,60.26677],[24.73999,60.26656],[24.74071,60.26634],[24.74098,60.26627],[24.74131,60.26609],[24.74128,60.26584],[24.74144,60.26572],[24.74161,60.26549],[24.74278,60.26418],[24.74397,60.26449],[24.74447,60.26461],[24.74493,60.26469],[24.7452,60.26479],[24.74579,60.26494],[24.74642,60.265],[24.74709,60.26518],[24.7476,60.26529],[24.74825,60.26547],[24.74823,60.26554],[24.74875,60.26566],[24.74867,60.26569],[24.74945,60.2659],[24.75035,60.26614],[24.75068,60.26621],[24.75155,60.26635],[24.75352,60.26666],[24.7548,60.26686],[24.75518,60.26688],[24.75845,60.26729],[24.75888,60.26728],[24.7603,60.26742],[24.76115,60.26736],[24.76127,60.26734],[24.76153,60.26732],[24.76164,60.26728],[24.76221,60.2672],[24.7624,60.26709],[24.76291,60.2669],[24.76304,60.26684],[24.76381,60.26667],[24.76433,60.26671],[24.76476,60.2668],[24.76511,60.26692],[24.76544,60.26713],[24.76563,60.26743],[24.7656,60.26774],[24.76587,60.2681],[24.76617,60.26843],[24.76711,60.26891],[24.76793,60.2692],[24.76734,60.26944],[24.7668,60.26967],[24.76563,60.27016],[24.76547,60.27008],[24.76491,60.27116],[24.76784,60.28307],[24.7688,60.28701],[24.76821,60.28704],[24.76176,60.28733],[24.75352,60.28833],[24.75362,60.28866],[24.75372,60.28915],[24.75402,60.29066],[24.74969,60.29083],[24.74836,60.29089]]]}},{"type":"Feature","properties":{"code":"049141","kunta":"049","kokotun":"0491014141","name":"Veininlaakso","name_sv":"","named":true,"peruspiiri_code":"049014","peruspiiri":"Laaksolahti","source":"HSY Seutukartta 2021 (pienalue)","bb":[60.23097,24.74084,60.2474,24.7723],"c":[60.23841,24.75521]},"geometry":{"type":"Polygon","coordinates":[[[24.75244,60.2474],[24.75103,60.24618],[24.75031,60.24563],[24.74986,60.24506],[24.74924,60.24427],[24.7489,60.24398],[24.74822,60.24363],[24.74738,60.2433],[24.7462,60.24283],[24.74455,60.2421],[24.7423,60.24091],[24.74084,60.24036],[24.74223,60.23788],[24.7425,60.23749],[24.74255,60.23743],[24.7432,60.23642],[24.74323,60.23636],[24.74341,60.23608],[24.74391,60.2352],[24.74391,60.23518],[24.74454,60.23468],[24.74515,60.2343],[24.74572,60.23405],[24.74619,60.2338],[24.7466,60.23368],[24.74728,60.23352],[24.74795,60.23346],[24.74835,60.23345],[24.74876,60.23342],[24.74916,60.2334],[24.74999,60.2333],[24.75048,60.23321],[24.75129,60.23293],[24.75149,60.23282],[24.75194,60.23253],[24.75223,60.23226],[24.75337,60.23097],[24.75632,60.23194],[24.75701,60.23217],[24.76781,60.23461],[24.76787,60.23463],[24.77209,60.23633],[24.7723,60.23642],[24.77182,60.23681],[24.77088,60.23744],[24.76444,60.24123],[24.76207,60.24259],[24.76134,60.24275],[24.76028,60.24282],[24.75969,60.24284],[24.75806,60.24294],[24.75797,60.2432],[24.75757,60.24408],[24.75669,60.24484],[24.75427,60.24636],[24.75341,60.24688],[24.75244,60.2474]]]}},{"type":"Feature","properties":{"code":"049316","kunta":"049","kokotun":"0493031316","name":"Miessaari","name_sv":"","named":true,"peruspiiri_code":"049031","peruspiiri":"Matinkylä","source":"HSY Seutukartta 2021 (pienalue)","bb":[60.09997,24.73959,60.14843,24.83731],"c":[60.12978,24.78916]},"geometry":{"type":"Polygon","coordinates":[[[24.73959,60.13734],[24.74033,60.13695],[24.74747,60.13308],[24.74842,60.13281],[24.75246,60.13162],[24.75598,60.13034],[24.75825,60.12814],[24.76801,60.11723],[24.77507,60.10906],[24.77661,60.10728],[24.78278,60.09997],[24.81974,60.12123],[24.83567,60.13041],[24.83731,60.13905],[24.81914,60.13916],[24.8186,60.13945],[24.80261,60.14823],[24.79286,60.1483],[24.77104,60.14843],[24.76027,60.1483],[24.75616,60.14613],[24.75145,60.14368],[24.74863,60.1422],[24.74849,60.14214],[24.74785,60.14179],[24.73959,60.13734]]]}},{"type":"Feature","properties":{"code":"049242","kunta":"049","kokotun":"0492024242","name":"Taavinkylä","name_sv":"","named":true,"peruspiiri_code":"049024","peruspiiri":"Mankkaa","source":"HSY Seutukartta 2021 (pienalue)","bb":[60.19157,24.74177,60.20687,24.77453],"c":[60.20041,24.7574]},"geometry":{"type":"Polygon","coordinates":[[[24.74275,60.20441],[24.74177,60.20283],[24.74256,60.20242],[24.74281,60.20231],[24.74313,60.2022],[24.74343,60.20212],[24.74374,60.20205],[24.74405,60.20199],[24.74438,60.20194],[24.7447,60.20191],[24.74526,60.20187],[24.74555,60.2015],[24.74521,60.20152],[24.74511,60.20125],[24.74494,60.20098],[24.74539,60.20047],[24.7455,60.20029],[24.74553,60.2001],[24.74548,60.19995],[24.74535,60.19969],[24.74503,60.1994],[24.74487,60.19922],[24.74477,60.19908],[24.74465,60.19896],[24.74439,60.19874],[24.74422,60.19863],[24.74367,60.19833],[24.74355,60.19816],[24.74296,60.19685],[24.74286,60.19624],[24.74263,60.19591],[24.74262,60.1957],[24.7427,60.19544],[24.74274,60.19461],[24.74283,60.19403],[24.74285,60.19398],[24.74514,60.19392],[24.74993,60.19386],[24.75043,60.19371],[24.75065,60.19363],[24.75093,60.19345],[24.75142,60.19306],[24.75149,60.19279],[24.75133,60.19232],[24.75154,60.19158],[24.75159,60.19157],[24.75921,60.1944],[24.76202,60.19515],[24.76399,60.19541],[24.76501,60.19558],[24.76508,60.19575],[24.76585,60.1958],[24.76602,60.19583],[24.76606,60.19587],[24.76604,60.196],[24.76599,60.19611],[24.76589,60.19664],[24.76595,60.19676],[24.76603,60.19682],[24.76631,60.19688],[24.76654,60.19694],[24.76659,60.19698],[24.76663,60.19708],[24.76703,60.19781],[24.76682,60.19843],[24.76713,60.19881],[24.76841,60.1986],[24.76874,60.19902],[24.77166,60.19921],[24.77257,60.19927],[24.77253,60.19938],[24.77296,60.19983],[24.77419,60.20119],[24.77453,60.2016],[24.774,60.20305],[24.77388,60.20337],[24.77381,60.20349],[24.77341,60.2045],[24.77339,60.20478],[24.77355,60.20565],[24.7738,60.20579],[24.77374,60.20579],[24.77193,60.2058],[24.77167,60.20635],[24.77029,60.20635],[24.76629,60.20655],[24.76406,60.20664],[24.75911,60.20677],[24.75801,60.20682],[24.75665,60.20687],[24.75456,60.20676],[24.75429,60.20656],[24.75397,60.20632],[24.75213,60.20581],[24.75016,60.20559],[24.7488,60.20535],[24.74821,60.20521],[24.74646,60.20491],[24.74533,60.20465],[24.74275,60.20441]]]}},{"type":"Feature","properties":{"code":"049313","kunta":"049","kokotun":"0493031313","name":"Matinlahti","name_sv":"","named":true,"peruspiiri_code":"049031","peruspiiri":"Matinkylä","source":"HSY Seutukartta 2021 (pienalue)","bb":[60.1483,24.7411,60.16318,24.77159],"c":[60.15508,24.757]},"geometry":{"type":"Polygon","coordinates":[[[24.7411,60.15993],[24.74319,60.15758],[24.74537,60.15505],[24.74626,60.15406],[24.74713,60.15332],[24.74785,60.15278],[24.74931,60.15205],[24.75019,60.15164],[24.75084,60.15132],[24.75132,60.151],[24.75163,60.1507],[24.75183,60.15044],[24.75086,60.15027],[24.74967,60.15004],[24.75029,60.14941],[24.75219,60.14929],[24.75237,60.14927],[24.75252,60.1492],[24.75324,60.14867],[24.75506,60.14867],[24.75616,60.14879],[24.76118,60.14878],[24.76027,60.1483],[24.77104,60.14843],[24.77094,60.14915],[24.77057,60.15093],[24.77027,60.15216],[24.76887,60.15304],[24.76968,60.15384],[24.77159,60.15447],[24.76865,60.15676],[24.76712,60.15712],[24.7643,60.15779],[24.76274,60.15867],[24.76061,60.15989],[24.76057,60.16004],[24.76034,60.16025],[24.75957,60.16054],[24.75913,60.16078],[24.75854,60.16108],[24.75825,60.16116],[24.75822,60.16121],[24.75803,60.16131],[24.75793,60.16134],[24.75752,60.16137],[24.75737,60.16142],[24.75722,60.16158],[24.75678,60.16197],[24.75634,60.1624],[24.75617,60.16254],[24.7556,60.16297],[24.75521,60.16273],[24.75464,60.16274],[24.75384,60.16277],[24.75383,60.16281],[24.75349,60.16286],[24.75178,60.16318],[24.75086,60.16216],[24.74984,60.16111],[24.74967,60.16114],[24.74933,60.16153],[24.74807,60.16137],[24.7411,60.15993]]]}},{"type":"Feature","properties":{"code":"049111","kunta":"049","kokotun":"0491011111","name":"Pohjois-Leppävaara","name_sv":"","named":true,"peruspiiri_code":"049011","peruspiiri":"Kanta-Leppävaara","source":"HSY Seutukartta 2021 (pienalue)","bb":[60.21925,24.793,60.2308,24.82613],"c":[60.22495,24.80919]},"geometry":{"type":"Polygon","coordinates":[[[24.793,60.22342],[24.79337,60.22338],[24.79442,60.22333],[24.7955,60.22329],[24.7971,60.2221],[24.79705,60.22007],[24.79703,60.21925],[24.79852,60.21928],[24.80008,60.21933],[24.80161,60.21938],[24.80373,60.21944],[24.80615,60.21951],[24.80959,60.21961],[24.81055,60.2196],[24.81256,60.21951],[24.81647,60.21925],[24.81653,60.22024],[24.81643,60.22069],[24.8163,60.22113],[24.81629,60.2215],[24.81641,60.22188],[24.81672,60.22224],[24.8171,60.22252],[24.81767,60.22287],[24.8198,60.22377],[24.82375,60.22544],[24.82423,60.22569],[24.82464,60.22603],[24.82491,60.22643],[24.8252,60.22691],[24.82556,60.2273],[24.82613,60.22765],[24.82538,60.22798],[24.82495,60.2282],[24.82485,60.22892],[24.82482,60.22923],[24.82497,60.2294],[24.81684,60.23079],[24.81684,60.2308],[24.81413,60.23078],[24.8114,60.23077],[24.81142,60.23062],[24.81144,60.22982],[24.81148,60.22885],[24.81111,60.22885],[24.80964,60.22862],[24.80909,60.22856],[24.8087,60.22854],[24.80821,60.22854],[24.8078,60.22857],[24.80723,60.2287],[24.80674,60.2289],[24.80678,60.22911],[24.80461,60.22921],[24.8044,60.22859],[24.8034,60.22831],[24.79636,60.22849],[24.79652,60.22815],[24.79603,60.22757],[24.79485,60.2276],[24.79477,60.22619],[24.793,60.22342]]]}},{"type":"Feature","properties":{"code":"049241","kunta":"049","kokotun":"0492024241","name":"Vanha-Mankkaa","name_sv":"","named":true,"peruspiiri_code":"049024","peruspiiri":"Mankkaa","source":"HSY Seutukartta 2021 (pienalue)","bb":[60.18112,24.74285,60.19927,24.78685],"c":[60.18931,24.76312]},"geometry":{"type":"Polygon","coordinates":[[[24.74285,60.19398],[24.74305,60.19351],[24.74304,60.19345],[24.74315,60.19324],[24.74332,60.19298],[24.74337,60.19288],[24.74383,60.19233],[24.74423,60.19191],[24.74447,60.19172],[24.74447,60.1917],[24.74555,60.19057],[24.74612,60.18977],[24.74667,60.18828],[24.74686,60.18792],[24.74777,60.1871],[24.74802,60.18509],[24.748,60.1849],[24.74792,60.18464],[24.74759,60.18394],[24.74759,60.18342],[24.74751,60.18307],[24.74701,60.18283],[24.74661,60.18248],[24.74663,60.18197],[24.748,60.18206],[24.74915,60.18201],[24.74978,60.18158],[24.7518,60.18151],[24.75516,60.18128],[24.75808,60.18112],[24.7584,60.18112],[24.75862,60.18113],[24.75883,60.18115],[24.75904,60.18118],[24.75961,60.18116],[24.76007,60.18116],[24.76075,60.18118],[24.76121,60.1812],[24.76166,60.18124],[24.76234,60.18131],[24.7629,60.1814],[24.76334,60.18147],[24.76376,60.18156],[24.76417,60.18166],[24.76473,60.18181],[24.76522,60.18197],[24.76814,60.18295],[24.77157,60.18489],[24.77182,60.18496],[24.77194,60.18508],[24.7746,60.18661],[24.77492,60.18679],[24.77501,60.18687],[24.77538,60.18709],[24.77574,60.18726],[24.77626,60.18747],[24.77632,60.18751],[24.77637,60.18758],[24.77963,60.18863],[24.78017,60.18921],[24.78026,60.18931],[24.78111,60.18907],[24.78159,60.18869],[24.78344,60.18953],[24.78373,60.18962],[24.7846,60.19001],[24.78581,60.19041],[24.78685,60.19045],[24.78678,60.19089],[24.78674,60.19125],[24.7847,60.1914],[24.78418,60.19156],[24.78241,60.19211],[24.78194,60.19225],[24.78096,60.19257],[24.78098,60.19344],[24.7799,60.19372],[24.77828,60.19384],[24.77824,60.19382],[24.7773,60.19395],[24.77686,60.19372],[24.77695,60.19342],[24.77629,60.193],[24.77593,60.19295],[24.77596,60.19315],[24.77599,60.19342],[24.77598,60.19382],[24.77596,60.19404],[24.77598,60.19431],[24.77513,60.19592],[24.77377,60.19713],[24.77287,60.19794],[24.77272,60.19813],[24.77268,60.19822],[24.77265,60.19833],[24.77257,60.19927],[24.77166,60.19921],[24.76874,60.19902],[24.76841,60.1986],[24.76713,60.19881],[24.76682,60.19843],[24.76703,60.19781],[24.76663,60.19708],[24.76659,60.19698],[24.76654,60.19694],[24.76631,60.19688],[24.76603,60.19682],[24.76595,60.19676],[24.76589,60.19664],[24.76599,60.19611],[24.76604,60.196],[24.76606,60.19587],[24.76602,60.19583],[24.76585,60.1958],[24.76508,60.19575],[24.76501,60.19558],[24.76399,60.19541],[24.76202,60.19515],[24.75921,60.1944],[24.75159,60.19157],[24.75154,60.19158],[24.75133,60.19232],[24.75149,60.19279],[24.75142,60.19306],[24.75093,60.19345],[24.75065,60.19363],[24.75043,60.19371],[24.74993,60.19386],[24.74514,60.19392],[24.74285,60.19398]]]}},{"type":"Feature","properties":{"code":"049143","kunta":"049","kokotun":"0491014143","name":"Jupperi","name_sv":"","named":true,"peruspiiri_code":"049014","peruspiiri":"Laaksolahti","source":"HSY Seutukartta 2021 (pienalue)","bb":[60.23642,24.74637,60.26564,24.78478],"c":[60.2497,24.76689]},"geometry":{"type":"Polygon","coordinates":[[[24.74637,60.25135],[24.75175,60.24789],[24.75244,60.2474],[24.75341,60.24688],[24.75427,60.24636],[24.75669,60.24484],[24.75757,60.24408],[24.75797,60.2432],[24.75806,60.24294],[24.75969,60.24284],[24.76028,60.24282],[24.76134,60.24275],[24.76207,60.24259],[24.76444,60.24123],[24.77088,60.23744],[24.77182,60.23681],[24.7723,60.23642],[24.77488,60.23749],[24.77603,60.23796],[24.78008,60.23956],[24.78033,60.23966],[24.78106,60.23997],[24.78117,60.24001],[24.78311,60.24084],[24.78478,60.24152],[24.78086,60.2473],[24.77407,60.25735],[24.77058,60.26074],[24.77039,60.26079],[24.7699,60.26125],[24.76996,60.26177],[24.76981,60.26196],[24.76951,60.26207],[24.76918,60.26204],[24.76784,60.26373],[24.76795,60.26384],[24.76794,60.26405],[24.7679,60.26415],[24.76801,60.26425],[24.76746,60.26556],[24.76743,60.26564],[24.75539,60.25622],[24.74637,60.25135]]]}},{"type":"Feature","properties":{"code":"049131","kunta":"049","kokotun":"0491013131","name":"Nuijala","name_sv":"","named":true,"peruspiiri_code":"049013","peruspiiri":"Kilo-Karakallio","source":"HSY Seutukartta 2021 (pienalue)","bb":[60.20635,24.7474,60.21925,24.79748],"c":[60.21229,24.77352]},"geometry":{"type":"Polygon","coordinates":[[[24.74974,60.21489],[24.74965,60.21486],[24.74947,60.2145],[24.74755,60.21131],[24.74748,60.21117],[24.74743,60.21103],[24.74741,60.21089],[24.7474,60.21075],[24.74742,60.21061],[24.74746,60.21047],[24.74755,60.21028],[24.74765,60.21015],[24.74776,60.21002],[24.74789,60.20989],[24.74805,60.20977],[24.74837,60.20956],[24.7485,60.20945],[24.74866,60.20927],[24.74913,60.20812],[24.7494,60.20784],[24.75167,60.20739],[24.75305,60.20704],[24.75429,60.20656],[24.75456,60.20676],[24.75665,60.20687],[24.75801,60.20682],[24.75911,60.20677],[24.76406,60.20664],[24.76629,60.20655],[24.77029,60.20635],[24.77167,60.20635],[24.77361,60.20635],[24.77487,60.20636],[24.77667,60.2064],[24.77707,60.20642],[24.77747,60.20644],[24.77787,60.20647],[24.77826,60.20652],[24.77865,60.20657],[24.77903,60.20664],[24.7795,60.20674],[24.78341,60.20759],[24.7839,60.20773],[24.78413,60.20777],[24.78438,60.20779],[24.78462,60.2078],[24.78507,60.20779],[24.78677,60.20774],[24.78726,60.20773],[24.78776,60.20773],[24.78823,60.20774],[24.78873,60.20776],[24.78904,60.20778],[24.79218,60.20801],[24.79229,60.20793],[24.79341,60.20801],[24.7955,60.20816],[24.79748,60.20827],[24.79685,60.209],[24.79672,60.20904],[24.7966,60.20913],[24.79507,60.20942],[24.79489,60.20939],[24.79511,60.20951],[24.79527,60.20961],[24.7957,60.20995],[24.79653,60.21064],[24.79666,60.21085],[24.79682,60.21173],[24.7969,60.21336],[24.79694,60.2156],[24.79699,60.21784],[24.79703,60.21925],[24.7948,60.21916],[24.79264,60.21901],[24.79062,60.21881],[24.78067,60.21772],[24.77876,60.21751],[24.77689,60.21732],[24.77618,60.21726],[24.77397,60.21717],[24.77232,60.21716],[24.77053,60.21716],[24.76866,60.21716],[24.76556,60.21715],[24.76278,60.21715],[24.76135,60.21715],[24.76018,60.2171],[24.75857,60.21697],[24.75743,60.21684],[24.7562,60.21666],[24.75487,60.2164],[24.75393,60.21617],[24.75277,60.21592],[24.75167,60.21555],[24.74974,60.21489]]]}},{"type":"Feature","properties":{"code":"049132","kunta":"049","kokotun":"0491013132","name":"Kuninkainen","name_sv":"","named":true,"peruspiiri_code":"049013","peruspiiri":"Kilo-Karakallio","source":"HSY Seutukartta 2021 (pienalue)","bb":[60.21489,24.74974,60.22636,24.7971],"c":[60.22132,24.77082]},"geometry":{"type":"Polygon","coordinates":[[[24.74974,60.21489],[24.75167,60.21555],[24.75277,60.21592],[24.75393,60.21617],[24.75487,60.2164],[24.7562,60.21666],[24.75743,60.21684],[24.75857,60.21697],[24.76018,60.2171],[24.76135,60.21715],[24.76278,60.21715],[24.76556,60.21715],[24.76866,60.21716],[24.77053,60.21716],[24.77232,60.21716],[24.77397,60.21717],[24.77618,60.21726],[24.77689,60.21732],[24.77876,60.21751],[24.78067,60.21772],[24.79062,60.21881],[24.79264,60.21901],[24.7948,60.21916],[24.79703,60.21925],[24.79705,60.22007],[24.7971,60.2221],[24.7955,60.22329],[24.79442,60.22333],[24.79337,60.22338],[24.793,60.22342],[24.79155,60.22354],[24.79047,60.22361],[24.78824,60.22366],[24.78728,60.22369],[24.78589,60.2238],[24.78423,60.22387],[24.78287,60.22399],[24.78213,60.22417],[24.78132,60.22436],[24.78076,60.22452],[24.7805,60.2246],[24.78023,60.22471],[24.77955,60.22502],[24.77934,60.22513],[24.77945,60.22534],[24.77777,60.22585],[24.77685,60.22595],[24.77643,60.22599],[24.77582,60.22606],[24.77555,60.22609],[24.77259,60.22625],[24.77123,60.22636],[24.76912,60.22612],[24.76841,60.22613],[24.76784,60.22611],[24.76723,60.22603],[24.76661,60.22607],[24.76619,60.22604],[24.76539,60.22593],[24.76506,60.22591],[24.7644,60.22596],[24.76378,60.22598],[24.76336,60.22597],[24.76283,60.22599],[24.75843,60.22634],[24.75905,60.22571],[24.75586,60.22556],[24.75438,60.22545],[24.75149,60.22531],[24.75079,60.22535],[24.75041,60.22368],[24.75169,60.22363],[24.75159,60.22352],[24.7515,60.2234],[24.75112,60.22201],[24.75104,60.22169],[24.75099,60.22137],[24.75096,60.22106],[24.75095,60.22074],[24.75099,60.21996],[24.75099,60.21951],[24.75097,60.21906],[24.75093,60.21861],[24.75084,60.21827],[24.75088,60.21821],[24.75101,60.21806],[24.75084,60.21748],[24.75074,60.21711],[24.7506,60.21667],[24.75051,60.21643],[24.75034,60.216],[24.75015,60.21557],[24.74989,60.21504],[24.74974,60.21489]]]}},{"type":"Feature","properties":{"code":"049214","kunta":"049","kokotun":"0492021214","name":"Niittykumpu","name_sv":"","named":true,"peruspiiri_code":"049021","peruspiiri":"Kanta-Tapiola","source":"HSY Seutukartta 2021 (pienalue)","bb":[60.16682,24.74978,60.18661,24.78524],"c":[60.17526,24.76769]},"geometry":{"type":"Polygon","coordinates":[[[24.74978,60.18158],[24.74996,60.18145],[24.75144,60.18025],[24.75179,60.17996],[24.75224,60.17961],[24.75255,60.17935],[24.75283,60.17909],[24.7531,60.17881],[24.75335,60.17854],[24.75382,60.17795],[24.75407,60.17761],[24.75424,60.17734],[24.75439,60.17706],[24.75448,60.17686],[24.75458,60.1766],[24.75469,60.17623],[24.75475,60.17595],[24.75479,60.17566],[24.7548,60.17538],[24.75478,60.17499],[24.75474,60.17471],[24.75469,60.17446],[24.75458,60.1741],[24.75437,60.17361],[24.75422,60.17335],[24.75348,60.17208],[24.75325,60.1717],[24.753,60.17134],[24.75273,60.17097],[24.75213,60.17021],[24.75539,60.1707],[24.75584,60.17074],[24.75548,60.17035],[24.75572,60.17037],[24.75544,60.17005],[24.75537,60.16964],[24.75516,60.16927],[24.75521,60.16921],[24.75513,60.16914],[24.75504,60.16911],[24.75389,60.16852],[24.7538,60.16849],[24.75368,60.1684],[24.75365,60.16834],[24.75358,60.16796],[24.75354,60.16762],[24.75345,60.16721],[24.75358,60.16711],[24.75372,60.16702],[24.75387,60.16694],[24.75416,60.16682],[24.75477,60.16686],[24.75506,60.16682],[24.75559,60.16682],[24.75734,60.1669],[24.75779,60.16691],[24.75838,60.16689],[24.75937,60.16698],[24.75982,60.16697],[24.76043,60.16701],[24.76082,60.16708],[24.76219,60.1672],[24.7623,60.1672],[24.76331,60.16723],[24.76353,60.16726],[24.76396,60.1673],[24.76436,60.16735],[24.76526,60.16743],[24.76612,60.16751],[24.76723,60.16765],[24.76778,60.16774],[24.76769,60.16778],[24.7699,60.16826],[24.77038,60.16823],[24.77228,60.16835],[24.77349,60.16838],[24.77425,60.16842],[24.77462,60.16845],[24.77622,60.16858],[24.77681,60.16863],[24.77959,60.1688],[24.77969,60.16884],[24.77985,60.16884],[24.78204,60.16892],[24.78219,60.16891],[24.78524,60.16904],[24.78513,60.17151],[24.78307,60.17268],[24.78258,60.17314],[24.781,60.17274],[24.78058,60.17264],[24.77972,60.17288],[24.77902,60.17807],[24.77901,60.17837],[24.77903,60.17856],[24.77907,60.17875],[24.77913,60.17894],[24.77922,60.17913],[24.77933,60.17931],[24.77946,60.17949],[24.7799,60.18005],[24.78003,60.18024],[24.78014,60.18042],[24.78023,60.18062],[24.7803,60.18081],[24.78034,60.181],[24.78036,60.1812],[24.78036,60.18143],[24.78033,60.18163],[24.77986,60.18186],[24.77871,60.18282],[24.7746,60.18661],[24.77194,60.18508],[24.77182,60.18496],[24.77157,60.18489],[24.76814,60.18295],[24.76522,60.18197],[24.76473,60.18181],[24.76417,60.18166],[24.76376,60.18156],[24.76334,60.18147],[24.7629,60.1814],[24.76234,60.18131],[24.76166,60.18124],[24.76121,60.1812],[24.76075,60.18118],[24.76007,60.18116],[24.75961,60.18116],[24.75904,60.18118],[24.75883,60.18115],[24.75862,60.18113],[24.7584,60.18112],[24.75808,60.18112],[24.75516,60.18128],[24.7518,60.18151],[24.74978,60.18158]]]}},{"type":"Feature","properties":{"code":"049133","kunta":"049","kokotun":"0491013133","name":"Karakallio","name_sv":"","named":true,"peruspiiri_code":"049013","peruspiiri":"Kilo-Karakallio","source":"HSY Seutukartta 2021 (pienalue)","bb":[60.22342,24.75337,60.2447,24.79701],"c":[60.23231,24.78017]},"geometry":{"type":"Polygon","coordinates":[[[24.75337,60.23097],[24.75552,60.22964],[24.75843,60.22634],[24.76283,60.22599],[24.76336,60.22597],[24.76378,60.22598],[24.7644,60.22596],[24.76506,60.22591],[24.76539,60.22593],[24.76619,60.22604],[24.76661,60.22607],[24.76723,60.22603],[24.76784,60.22611],[24.76841,60.22613],[24.76912,60.22612],[24.77123,60.22636],[24.77259,60.22625],[24.77555,60.22609],[24.77582,60.22606],[24.77643,60.22599],[24.77685,60.22595],[24.77777,60.22585],[24.77945,60.22534],[24.77934,60.22513],[24.77955,60.22502],[24.78023,60.22471],[24.7805,60.2246],[24.78076,60.22452],[24.78132,60.22436],[24.78213,60.22417],[24.78287,60.22399],[24.78423,60.22387],[24.78589,60.2238],[24.78728,60.22369],[24.78824,60.22366],[24.79047,60.22361],[24.79155,60.22354],[24.793,60.22342],[24.79477,60.22619],[24.79485,60.2276],[24.79603,60.22757],[24.79652,60.22815],[24.79636,60.22849],[24.79626,60.22869],[24.7952,60.23227],[24.79443,60.23282],[24.79437,60.23337],[24.79483,60.23496],[24.79496,60.23574],[24.79515,60.23694],[24.79603,60.23819],[24.79701,60.24066],[24.79674,60.24163],[24.79648,60.24205],[24.79636,60.24222],[24.79618,60.24253],[24.79612,60.24272],[24.79612,60.24277],[24.79659,60.2447],[24.79116,60.24324],[24.78478,60.24152],[24.78311,60.24084],[24.78117,60.24001],[24.78106,60.23997],[24.78033,60.23966],[24.78008,60.23956],[24.77603,60.23796],[24.77488,60.23749],[24.7723,60.23642],[24.77209,60.23633],[24.76787,60.23463],[24.76781,60.23461],[24.75701,60.23217],[24.75632,60.23194],[24.75337,60.23097]]]}},{"type":"Feature","properties":{"code":"049114","kunta":"049","kokotun":"0491011114","name":"Lintukorpi","name_sv":"","named":true,"peruspiiri_code":"049011","peruspiiri":"Kanta-Leppävaara","source":"HSY Seutukartta 2021 (pienalue)","bb":[60.22831,24.79437,60.23819,24.81695],"c":[60.23324,24.80486]},"geometry":{"type":"Polygon","coordinates":[[[24.79603,60.23819],[24.79515,60.23694],[24.79496,60.23574],[24.79483,60.23496],[24.79437,60.23337],[24.79443,60.23282],[24.7952,60.23227],[24.79626,60.22869],[24.79636,60.22849],[24.8034,60.22831],[24.8044,60.22859],[24.80461,60.22921],[24.80678,60.22911],[24.80674,60.2289],[24.80723,60.2287],[24.8078,60.22857],[24.80821,60.22854],[24.8087,60.22854],[24.80909,60.22856],[24.80964,60.22862],[24.81111,60.22885],[24.81148,60.22885],[24.81144,60.22982],[24.81142,60.23062],[24.8114,60.23077],[24.81413,60.23078],[24.81684,60.2308],[24.81682,60.23147],[24.8168,60.23254],[24.81678,60.23292],[24.81677,60.23395],[24.81676,60.23465],[24.81674,60.235],[24.81695,60.2351],[24.81694,60.23565],[24.81673,60.23564],[24.81671,60.23643],[24.81383,60.23642],[24.81333,60.23644],[24.81239,60.23643],[24.81202,60.23644],[24.81113,60.23643],[24.80999,60.23644],[24.80853,60.23643],[24.80738,60.23691],[24.8061,60.2369],[24.80611,60.23737],[24.80431,60.23813],[24.80386,60.23793],[24.80398,60.23785],[24.80335,60.23814],[24.79603,60.23819]]]}},{"type":"Feature","properties":{"code":"049112","kunta":"049","kokotun":"0491011112","name":"Etelä-Leppävaara","name_sv":"","named":true,"peruspiiri_code":"049011","peruspiiri":"Kanta-Leppävaara","source":"HSY Seutukartta 2021 (pienalue)","bb":[60.20827,24.79489,60.21961,24.81647],"c":[60.21403,24.80639]},"geometry":{"type":"Polygon","coordinates":[[[24.79703,60.21925],[24.79699,60.21784],[24.79694,60.2156],[24.7969,60.21336],[24.79682,60.21173],[24.79666,60.21085],[24.79653,60.21064],[24.7957,60.20995],[24.79527,60.20961],[24.79511,60.20951],[24.79489,60.20939],[24.79507,60.20942],[24.7966,60.20913],[24.79672,60.20904],[24.79685,60.209],[24.79748,60.20827],[24.7982,60.2083],[24.79889,60.20837],[24.79965,60.20838],[24.80044,60.20843],[24.80253,60.20853],[24.80339,60.20865],[24.80512,60.20862],[24.8062,60.20873],[24.80755,60.20868],[24.80755,60.20866],[24.80846,60.20867],[24.80981,60.20869],[24.81037,60.2087],[24.81093,60.20872],[24.81168,60.20878],[24.81259,60.20888],[24.81307,60.20895],[24.81415,60.20881],[24.81544,60.20897],[24.81591,60.20903],[24.81596,60.21028],[24.816,60.211],[24.81608,60.2132],[24.81609,60.21334],[24.81628,60.21622],[24.81647,60.21925],[24.81256,60.21951],[24.81055,60.2196],[24.80959,60.21961],[24.80615,60.21951],[24.80373,60.21944],[24.80161,60.21938],[24.80008,60.21933],[24.79852,60.21928],[24.79703,60.21925]]]}},{"type":"Feature","properties":{"code":"049232","kunta":"049","kokotun":"0492023232","name":"Haukilahti","name_sv":"","named":true,"peruspiiri_code":"049023","peruspiiri":"Haukilahti-Westend","source":"HSY Seutukartta 2021 (pienalue)","bb":[60.1483,24.75336,60.16892,24.79291],"c":[60.15885,24.77598]},"geometry":{"type":"Polygon","coordinates":[[[24.75345,60.16721],[24.75337,60.16678],[24.75336,60.16665],[24.75339,60.16652],[24.75362,60.16631],[24.75377,60.1661],[24.75393,60.1658],[24.75403,60.16551],[24.75423,60.16484],[24.75428,60.16455],[24.75428,60.1644],[24.75431,60.16434],[24.75442,60.16418],[24.75445,60.1641],[24.75443,60.16392],[24.75452,60.16382],[24.75494,60.16358],[24.75511,60.16346],[24.75522,60.16336],[24.75547,60.16308],[24.7556,60.16297],[24.75617,60.16254],[24.75634,60.1624],[24.75678,60.16197],[24.75722,60.16158],[24.75737,60.16142],[24.75752,60.16137],[24.75793,60.16134],[24.75803,60.16131],[24.75822,60.16121],[24.75825,60.16116],[24.75854,60.16108],[24.75913,60.16078],[24.75957,60.16054],[24.76034,60.16025],[24.76057,60.16004],[24.76061,60.15989],[24.76274,60.15867],[24.7643,60.15779],[24.76712,60.15712],[24.76865,60.15676],[24.77159,60.15447],[24.76968,60.15384],[24.76887,60.15304],[24.77027,60.15216],[24.77057,60.15093],[24.77094,60.14915],[24.77104,60.14843],[24.79286,60.1483],[24.79291,60.15482],[24.79223,60.15545],[24.79217,60.1555],[24.79167,60.1556],[24.79157,60.15617],[24.79145,60.15621],[24.79144,60.15627],[24.7915,60.1563],[24.79118,60.15673],[24.79107,60.15683],[24.79055,60.15752],[24.79059,60.15757],[24.78988,60.15853],[24.78957,60.15895],[24.78902,60.1597],[24.78858,60.15966],[24.7877,60.16085],[24.78777,60.16096],[24.78753,60.16128],[24.78711,60.16182],[24.78661,60.16252],[24.78688,60.16257],[24.78618,60.16349],[24.78581,60.164],[24.78551,60.16441],[24.78504,60.16504],[24.78449,60.16578],[24.78416,60.16622],[24.7835,60.16712],[24.78318,60.16754],[24.78289,60.16794],[24.78294,60.16833],[24.78259,60.16833],[24.78219,60.16891],[24.78204,60.16892],[24.77985,60.16884],[24.77969,60.16884],[24.77959,60.1688],[24.77681,60.16863],[24.77622,60.16858],[24.77462,60.16845],[24.77425,60.16842],[24.77349,60.16838],[24.77228,60.16835],[24.77038,60.16823],[24.7699,60.16826],[24.76769,60.16778],[24.76778,60.16774],[24.76723,60.16765],[24.76612,60.16751],[24.76526,60.16743],[24.76436,60.16735],[24.76396,60.1673],[24.76353,60.16726],[24.76331,60.16723],[24.7623,60.1672],[24.76219,60.1672],[24.76082,60.16708],[24.76043,60.16701],[24.75982,60.16697],[24.75937,60.16698],[24.75838,60.16689],[24.75779,60.16691],[24.75734,60.1669],[24.75559,60.16682],[24.75506,60.16682],[24.75477,60.16686],[24.75416,60.16682],[24.75387,60.16694],[24.75372,60.16702],[24.75358,60.16711],[24.75345,60.16721]]]}},{"type":"Feature","properties":{"code":"049252","kunta":"049","kokotun":"0492025252","name":"Pohjois-Laajalahti","name_sv":"","named":true,"peruspiiri_code":"049025","peruspiiri":"Laajalahti","source":"HSY Seutukartta 2021 (pienalue)","bb":[60.19125,24.77167,60.20903,24.81591],"c":[60.20192,24.79226]},"geometry":{"type":"Polygon","coordinates":[[[24.77167,60.20635],[24.77193,60.2058],[24.77374,60.20579],[24.7738,60.20579],[24.77355,60.20565],[24.77339,60.20478],[24.77341,60.2045],[24.77381,60.20349],[24.77388,60.20337],[24.774,60.20305],[24.77453,60.2016],[24.77419,60.20119],[24.77296,60.19983],[24.77253,60.19938],[24.77257,60.19927],[24.77265,60.19833],[24.77268,60.19822],[24.77272,60.19813],[24.77287,60.19794],[24.77377,60.19713],[24.77513,60.19592],[24.77598,60.19431],[24.77596,60.19404],[24.77598,60.19382],[24.77599,60.19342],[24.77596,60.19315],[24.77593,60.19295],[24.77629,60.193],[24.77695,60.19342],[24.77686,60.19372],[24.7773,60.19395],[24.77824,60.19382],[24.77828,60.19384],[24.7799,60.19372],[24.78098,60.19344],[24.78096,60.19257],[24.78194,60.19225],[24.78241,60.19211],[24.78418,60.19156],[24.7847,60.1914],[24.78674,60.19125],[24.78752,60.19163],[24.7878,60.19178],[24.78807,60.19195],[24.78831,60.19211],[24.78854,60.19229],[24.78875,60.19247],[24.78902,60.19275],[24.78918,60.19294],[24.78931,60.19314],[24.78943,60.19334],[24.78952,60.19354],[24.78959,60.19375],[24.78965,60.19404],[24.78967,60.19434],[24.78965,60.19455],[24.78961,60.19475],[24.78957,60.19491],[24.78949,60.19511],[24.78939,60.19531],[24.78921,60.1956],[24.78863,60.1964],[24.78851,60.19659],[24.7884,60.19679],[24.78832,60.19698],[24.78826,60.19718],[24.78822,60.19738],[24.78821,60.19758],[24.7882,60.19778],[24.78849,60.19789],[24.7893,60.19802],[24.79017,60.1979],[24.79051,60.19777],[24.79173,60.19755],[24.79188,60.19752],[24.79342,60.19777],[24.79486,60.19745],[24.79623,60.19805],[24.79795,60.19882],[24.79988,60.19888],[24.80188,60.19806],[24.80265,60.19807],[24.80397,60.19809],[24.80433,60.1981],[24.80635,60.19813],[24.80715,60.19841],[24.8077,60.19904],[24.8085,60.19969],[24.80906,60.20006],[24.80988,60.20048],[24.81246,60.20174],[24.81369,60.20255],[24.81442,60.2032],[24.81464,60.20344],[24.81524,60.20433],[24.81563,60.20515],[24.81568,60.20549],[24.81591,60.20903],[24.81544,60.20897],[24.81415,60.20881],[24.81307,60.20895],[24.81259,60.20888],[24.81168,60.20878],[24.81093,60.20872],[24.81037,60.2087],[24.80981,60.20869],[24.80846,60.20867],[24.80755,60.20866],[24.80755,60.20868],[24.8062,60.20873],[24.80512,60.20862],[24.80339,60.20865],[24.80253,60.20853],[24.80044,60.20843],[24.79965,60.20838],[24.79889,60.20837],[24.7982,60.2083],[24.79748,60.20827],[24.7955,60.20816],[24.79341,60.20801],[24.79229,60.20793],[24.79218,60.20801],[24.78904,60.20778],[24.78873,60.20776],[24.78823,60.20774],[24.78776,60.20773],[24.78726,60.20773],[24.78677,60.20774],[24.78507,60.20779],[24.78462,60.2078],[24.78438,60.20779],[24.78413,60.20777],[24.7839,60.20773],[24.78341,60.20759],[24.7795,60.20674],[24.77903,60.20664],[24.77865,60.20657],[24.77826,60.20652],[24.77787,60.20647],[24.77747,60.20644],[24.77707,60.20642],[24.77667,60.2064],[24.77487,60.20636],[24.77361,60.20635],[24.77167,60.20635]]]}},{"type":"Feature","properties":{"code":"049117","kunta":"049","kokotun":"0491011117","name":"Lintumetsä","name_sv":"","named":true,"peruspiiri_code":"049011","peruspiiri":"Kanta-Leppävaara","source":"HSY Seutukartta 2021 (pienalue)","bb":[60.23564,24.79603,60.25159,24.82344],"c":[60.24262,24.81147]},"geometry":{"type":"Polygon","coordinates":[[[24.79659,60.2447],[24.79612,60.24277],[24.79612,60.24272],[24.79618,60.24253],[24.79636,60.24222],[24.79648,60.24205],[24.79674,60.24163],[24.79701,60.24066],[24.79603,60.23819],[24.80335,60.23814],[24.80398,60.23785],[24.80386,60.23793],[24.80431,60.23813],[24.80611,60.23737],[24.8061,60.2369],[24.80738,60.23691],[24.80853,60.23643],[24.80999,60.23644],[24.81113,60.23643],[24.81202,60.23644],[24.81239,60.23643],[24.81333,60.23644],[24.81383,60.23642],[24.81671,60.23643],[24.81673,60.23564],[24.81694,60.23565],[24.81826,60.23574],[24.8184,60.23575],[24.8202,60.23587],[24.82344,60.23609],[24.82337,60.23664],[24.82243,60.24236],[24.82219,60.25159],[24.79766,60.24499],[24.79659,60.2447]]]}},{"type":"Feature","properties":{"code":"049215","kunta":"049","kokotun":"0492021215","name":"Pohjois-Tapiola","name_sv":"","named":true,"peruspiiri_code":"049021","peruspiiri":"Kanta-Tapiola","source":"HSY Seutukartta 2021 (pienalue)","bb":[60.18039,24.7746,60.19888,24.80977],"c":[60.18926,24.79372]},"geometry":{"type":"Polygon","coordinates":[[[24.7746,60.18661],[24.77871,60.18282],[24.77986,60.18186],[24.78033,60.18163],[24.78036,60.18143],[24.78036,60.1812],[24.78312,60.18122],[24.78373,60.1812],[24.78408,60.18113],[24.78518,60.18088],[24.78718,60.18043],[24.78737,60.18039],[24.78786,60.181],[24.78777,60.18194],[24.78778,60.18203],[24.78785,60.18219],[24.78802,60.18235],[24.78838,60.18261],[24.78857,60.18276],[24.78875,60.18291],[24.79032,60.18274],[24.79291,60.18265],[24.79475,60.18259],[24.79502,60.18258],[24.79557,60.18263],[24.79585,60.18266],[24.79612,60.1827],[24.79639,60.18275],[24.79665,60.18281],[24.79689,60.18288],[24.79712,60.18297],[24.79934,60.18381],[24.79967,60.18392],[24.80001,60.18403],[24.80036,60.18413],[24.80073,60.18421],[24.80126,60.18432],[24.80155,60.18437],[24.80194,60.18442],[24.80234,60.18446],[24.80283,60.18451],[24.80351,60.18457],[24.80421,60.18462],[24.8049,60.18465],[24.80569,60.18468],[24.80592,60.18469],[24.8062,60.18473],[24.80644,60.18477],[24.80666,60.18482],[24.80782,60.18514],[24.8086,60.18537],[24.80888,60.18545],[24.80977,60.1857],[24.8096,60.18584],[24.80955,60.18583],[24.80939,60.18588],[24.80879,60.18659],[24.80876,60.18662],[24.80859,60.18657],[24.80778,60.18746],[24.80766,60.18764],[24.80748,60.18791],[24.80727,60.18831],[24.80713,60.18863],[24.807,60.18904],[24.80701,60.1892],[24.807,60.18938],[24.80686,60.18947],[24.80619,60.19177],[24.80614,60.19184],[24.80605,60.19221],[24.80599,60.19251],[24.80593,60.19288],[24.80589,60.1934],[24.80589,60.19379],[24.80594,60.19603],[24.80597,60.19709],[24.80601,60.19731],[24.80607,60.19753],[24.80615,60.19775],[24.80625,60.19797],[24.80635,60.19813],[24.80433,60.1981],[24.80397,60.19809],[24.80265,60.19807],[24.80188,60.19806],[24.79988,60.19888],[24.79795,60.19882],[24.79623,60.19805],[24.79486,60.19745],[24.79342,60.19777],[24.79188,60.19752],[24.79173,60.19755],[24.79051,60.19777],[24.79017,60.1979],[24.7893,60.19802],[24.78849,60.19789],[24.7882,60.19778],[24.78821,60.19758],[24.78822,60.19738],[24.78826,60.19718],[24.78832,60.19698],[24.7884,60.19679],[24.78851,60.19659],[24.78863,60.1964],[24.78921,60.1956],[24.78939,60.19531],[24.78949,60.19511],[24.78957,60.19491],[24.78961,60.19475],[24.78965,60.19455],[24.78967,60.19434],[24.78965,60.19404],[24.78959,60.19375],[24.78952,60.19354],[24.78943,60.19334],[24.78931,60.19314],[24.78918,60.19294],[24.78902,60.19275],[24.78875,60.19247],[24.78854,60.19229],[24.78831,60.19211],[24.78807,60.19195],[24.7878,60.19178],[24.78752,60.19163],[24.78674,60.19125],[24.78678,60.19089],[24.78685,60.19045],[24.78581,60.19041],[24.7846,60.19001],[24.78373,60.18962],[24.78344,60.18953],[24.78159,60.18869],[24.78111,60.18907],[24.78026,60.18931],[24.78017,60.18921],[24.77963,60.18863],[24.77637,60.18758],[24.77632,60.18751],[24.77626,60.18747],[24.77574,60.18726],[24.77538,60.18709],[24.77501,60.18687],[24.77492,60.18679],[24.7746,60.18661]]]}},{"type":"Feature","properties":{"code":"049212","kunta":"049","kokotun":"0492021212","name":"Länsikorkee","name_sv":"","named":true,"peruspiiri_code":"049021","peruspiiri":"Kanta-Tapiola","source":"HSY Seutukartta 2021 (pienalue)","bb":[60.16891,24.77901,60.18291,24.80256],"c":[60.17551,24.79064]},"geometry":{"type":"Polygon","coordinates":[[[24.78036,60.1812],[24.78034,60.181],[24.7803,60.18081],[24.78023,60.18062],[24.78014,60.18042],[24.78003,60.18024],[24.7799,60.18005],[24.77946,60.17949],[24.77933,60.17931],[24.77922,60.17913],[24.77913,60.17894],[24.77907,60.17875],[24.77903,60.17856],[24.77901,60.17837],[24.77902,60.17807],[24.77972,60.17288],[24.78058,60.17264],[24.781,60.17274],[24.78258,60.17314],[24.78307,60.17268],[24.78513,60.17151],[24.78524,60.16904],[24.78525,60.16895],[24.7885,60.16891],[24.79103,60.16894],[24.79227,60.169],[24.79225,60.16911],[24.79278,60.16913],[24.79308,60.16908],[24.79324,60.16908],[24.79419,60.16906],[24.79448,60.16907],[24.79476,60.16909],[24.79539,60.16914],[24.80075,60.16963],[24.80227,60.16992],[24.80256,60.16991],[24.8022,60.17099],[24.80218,60.17227],[24.80208,60.17268],[24.80167,60.17348],[24.80071,60.17523],[24.7992,60.17782],[24.79865,60.17899],[24.79839,60.17938],[24.79789,60.17989],[24.7971,60.18053],[24.79475,60.18259],[24.79291,60.18265],[24.79032,60.18274],[24.78875,60.18291],[24.78857,60.18276],[24.78838,60.18261],[24.78802,60.18235],[24.78785,60.18219],[24.78778,60.18203],[24.78777,60.18194],[24.78786,60.181],[24.78737,60.18039],[24.78718,60.18043],[24.78518,60.18088],[24.78408,60.18113],[24.78373,60.1812],[24.78312,60.18122],[24.78036,60.1812]]]}},{"type":"Feature","properties":{"code":"049231","kunta":"049","kokotun":"0492023231","name":"Westend","name_sv":"","named":true,"peruspiiri_code":"049023","peruspiiri":"Haukilahti-Westend","source":"HSY Seutukartta 2021 (pienalue)","bb":[60.13905,24.78219,60.17156,24.84438],"c":[60.15661,24.81667]},"geometry":{"type":"Polygon","coordinates":[[[24.78219,60.16891],[24.78259,60.16833],[24.78294,60.16833],[24.78289,60.16794],[24.78318,60.16754],[24.7835,60.16712],[24.78416,60.16622],[24.78449,60.16578],[24.78504,60.16504],[24.78551,60.16441],[24.78581,60.164],[24.78618,60.16349],[24.78688,60.16257],[24.78661,60.16252],[24.78711,60.16182],[24.78753,60.16128],[24.78777,60.16096],[24.7877,60.16085],[24.78858,60.15966],[24.78902,60.1597],[24.78957,60.15895],[24.78988,60.15853],[24.79059,60.15757],[24.79055,60.15752],[24.79107,60.15683],[24.79118,60.15673],[24.7915,60.1563],[24.79144,60.15627],[24.79145,60.15621],[24.79157,60.15617],[24.79167,60.1556],[24.79217,60.1555],[24.79223,60.15545],[24.79291,60.15482],[24.79286,60.1483],[24.80261,60.14823],[24.8186,60.13945],[24.81914,60.13916],[24.83731,60.13905],[24.83803,60.14284],[24.83938,60.14996],[24.83944,60.15026],[24.84086,60.15107],[24.84094,60.15703],[24.84318,60.16258],[24.84438,60.16557],[24.84437,60.16598],[24.83947,60.16708],[24.83825,60.16745],[24.83618,60.16792],[24.83539,60.16809],[24.83425,60.16831],[24.83386,60.16861],[24.83073,60.16917],[24.82928,60.16923],[24.8278,60.16944],[24.82679,60.16959],[24.82552,60.16988],[24.82556,60.17044],[24.82598,60.17116],[24.82581,60.17117],[24.8261,60.17141],[24.82531,60.17152],[24.82495,60.17156],[24.82475,60.17142],[24.82452,60.1713],[24.82428,60.17118],[24.82408,60.17109],[24.82228,60.17046],[24.82202,60.17037],[24.82174,60.17029],[24.82146,60.17022],[24.82113,60.17016],[24.81806,60.17008],[24.81806,60.17022],[24.81753,60.17024],[24.8154,60.17015],[24.81473,60.17019],[24.81233,60.17022],[24.81114,60.17058],[24.81005,60.17053],[24.8093,60.17033],[24.80297,60.16982],[24.80279,60.16984],[24.80272,60.1699],[24.80256,60.16991],[24.80227,60.16992],[24.80075,60.16963],[24.79539,60.16914],[24.79476,60.16909],[24.79448,60.16907],[24.79419,60.16906],[24.79324,60.16908],[24.79308,60.16908],[24.79278,60.16913],[24.79225,60.16911],[24.79227,60.169],[24.79103,60.16894],[24.7885,60.16891],[24.78525,60.16895],[24.78524,60.16904],[24.78219,60.16891]]]}},{"type":"Feature","properties":{"code":"049211","kunta":"049","kokotun":"0492021211","name":"Tapiolan Keskus","name_sv":"","named":true,"peruspiiri_code":"049021","peruspiiri":"Kanta-Tapiola","source":"HSY Seutukartta 2021 (pienalue)","bb":[60.16982,24.79475,60.18537,24.81753],"c":[60.17681,24.80645]},"geometry":{"type":"Polygon","coordinates":[[[24.79475,60.18259],[24.7971,60.18053],[24.79789,60.17989],[24.79839,60.17938],[24.79865,60.17899],[24.7992,60.17782],[24.80071,60.17523],[24.80167,60.17348],[24.80208,60.17268],[24.80218,60.17227],[24.8022,60.17099],[24.80256,60.16991],[24.80272,60.1699],[24.80279,60.16984],[24.80297,60.16982],[24.8093,60.17033],[24.81005,60.17053],[24.81114,60.17058],[24.81233,60.17022],[24.81473,60.17019],[24.8154,60.17015],[24.81753,60.17024],[24.81743,60.17466],[24.81631,60.17509],[24.81543,60.17544],[24.81459,60.17542],[24.81458,60.17606],[24.81371,60.17621],[24.81325,60.17625],[24.81295,60.17622],[24.81243,60.17636],[24.8115,60.1775],[24.81082,60.17761],[24.81015,60.17796],[24.80977,60.17831],[24.80944,60.17852],[24.80884,60.17944],[24.80888,60.17956],[24.80886,60.1802],[24.80839,60.18378],[24.8086,60.18537],[24.80782,60.18514],[24.80666,60.18482],[24.80644,60.18477],[24.8062,60.18473],[24.80592,60.18469],[24.80569,60.18468],[24.8049,60.18465],[24.80421,60.18462],[24.80351,60.18457],[24.80283,60.18451],[24.80234,60.18446],[24.80194,60.18442],[24.80155,60.18437],[24.80126,60.18432],[24.80073,60.18421],[24.80036,60.18413],[24.80001,60.18403],[24.79967,60.18392],[24.79934,60.18381],[24.79712,60.18297],[24.79689,60.18288],[24.79665,60.18281],[24.79639,60.18275],[24.79612,60.1827],[24.79585,60.18266],[24.79557,60.18263],[24.79502,60.18258],[24.79475,60.18259]]]}},{"type":"Feature","properties":{"code":"049222","kunta":"049","kokotun":"0492022222","name":"Otaniemi","name_sv":"","named":true,"peruspiiri_code":"049022","peruspiiri":"Otaniemi","source":"HSY Seutukartta 2021 (pienalue)","bb":[60.16598,24.80589,60.1986,24.84437],"c":[60.18538,24.82822]},"geometry":{"type":"Polygon","coordinates":[[[24.80635,60.19813],[24.80625,60.19797],[24.80615,60.19775],[24.80607,60.19753],[24.80601,60.19731],[24.80597,60.19709],[24.80594,60.19603],[24.80589,60.19379],[24.80589,60.1934],[24.80593,60.19288],[24.80599,60.19251],[24.80605,60.19221],[24.80614,60.19184],[24.80619,60.19177],[24.80686,60.18947],[24.807,60.18938],[24.80701,60.1892],[24.807,60.18904],[24.80713,60.18863],[24.80727,60.18831],[24.80748,60.18791],[24.80766,60.18764],[24.80778,60.18746],[24.80859,60.18657],[24.80876,60.18662],[24.80879,60.18659],[24.80939,60.18588],[24.80955,60.18583],[24.8096,60.18584],[24.80977,60.1857],[24.81048,60.1851],[24.81122,60.18455],[24.8118,60.18405],[24.81265,60.18355],[24.81433,60.1826],[24.81533,60.18219],[24.81593,60.18186],[24.81635,60.18167],[24.81712,60.1815],[24.81795,60.18109],[24.81816,60.18096],[24.81845,60.18077],[24.81859,60.18066],[24.81881,60.18058],[24.81935,60.18044],[24.82077,60.17994],[24.82129,60.17969],[24.82157,60.17954],[24.82182,60.17935],[24.82193,60.17919],[24.82154,60.17912],[24.82156,60.17905],[24.82201,60.17908],[24.82215,60.17886],[24.82302,60.17889],[24.82313,60.17891],[24.82358,60.17889],[24.82385,60.17881],[24.82477,60.17835],[24.82541,60.17808],[24.82585,60.17775],[24.82668,60.17743],[24.82722,60.17707],[24.8271,60.17681],[24.82729,60.176],[24.82731,60.17586],[24.82731,60.17571],[24.82729,60.17557],[24.82721,60.17536],[24.82608,60.17307],[24.8254,60.17304],[24.82474,60.17158],[24.82495,60.17156],[24.82531,60.17152],[24.8261,60.17141],[24.82581,60.17117],[24.82598,60.17116],[24.82556,60.17044],[24.82552,60.16988],[24.82679,60.16959],[24.8278,60.16944],[24.82928,60.16923],[24.83073,60.16917],[24.83386,60.16861],[24.83425,60.16831],[24.83539,60.16809],[24.83618,60.16792],[24.83825,60.16745],[24.83947,60.16708],[24.84437,60.16598],[24.84415,60.17313],[24.84412,60.17357],[24.84341,60.18542],[24.8428,60.19576],[24.84293,60.19602],[24.84351,60.19715],[24.83873,60.19734],[24.82617,60.19785],[24.8077,60.1986],[24.80715,60.19841],[24.80635,60.19813]]]}},{"type":"Feature","properties":{"code":"049251","kunta":"049","kokotun":"0492025251","name":"Ruukinranta","name_sv":"","named":true,"peruspiiri_code":"049025","peruspiiri":"Laajalahti","source":"HSY Seutukartta 2021 (pienalue)","bb":[60.19715,24.80715,60.20932,24.84687],"c":[60.20287,24.8289]},"geometry":{"type":"Polygon","coordinates":[[[24.80715,60.19841],[24.8077,60.1986],[24.82617,60.19785],[24.83873,60.19734],[24.84351,60.19715],[24.84687,60.20374],[24.84667,60.20579],[24.84056,60.20709],[24.83793,60.20752],[24.83702,60.20766],[24.83589,60.20791],[24.83408,60.20814],[24.82991,60.20853],[24.82882,60.20868],[24.82772,60.20883],[24.82662,60.20896],[24.82537,60.2091],[24.82468,60.20917],[24.82399,60.20922],[24.8233,60.20926],[24.8226,60.20929],[24.8219,60.20931],[24.82097,60.20932],[24.81933,60.20929],[24.81832,60.20925],[24.8174,60.20918],[24.81677,60.20912],[24.81591,60.20903],[24.81568,60.20549],[24.81563,60.20515],[24.81524,60.20433],[24.81464,60.20344],[24.81442,60.2032],[24.81369,60.20255],[24.81246,60.20174],[24.80988,60.20048],[24.80906,60.20006],[24.8085,60.19969],[24.8077,60.19904],[24.80715,60.19841]]]}},{"type":"Feature","properties":{"code":"049213","kunta":"049","kokotun":"0492021213","name":"Otsolahti","name_sv":"","named":true,"peruspiiri_code":"049021","peruspiiri":"Kanta-Tapiola","source":"HSY Seutukartta 2021 (pienalue)","bb":[60.17008,24.80839,60.1857,24.82731],"c":[60.17731,24.8178]},"geometry":{"type":"Polygon","coordinates":[[[24.8086,60.18537],[24.80839,60.18378],[24.80886,60.1802],[24.80888,60.17956],[24.80884,60.17944],[24.80944,60.17852],[24.80977,60.17831],[24.81015,60.17796],[24.81082,60.17761],[24.8115,60.1775],[24.81243,60.17636],[24.81295,60.17622],[24.81325,60.17625],[24.81371,60.17621],[24.81458,60.17606],[24.81459,60.17542],[24.81543,60.17544],[24.81631,60.17509],[24.81743,60.17466],[24.81753,60.17024],[24.81806,60.17022],[24.81806,60.17008],[24.82113,60.17016],[24.82146,60.17022],[24.82174,60.17029],[24.82202,60.17037],[24.82228,60.17046],[24.82408,60.17109],[24.82428,60.17118],[24.82452,60.1713],[24.82475,60.17142],[24.82495,60.17156],[24.82474,60.17158],[24.8254,60.17304],[24.82608,60.17307],[24.82721,60.17536],[24.82729,60.17557],[24.82731,60.17571],[24.82731,60.17586],[24.82729,60.176],[24.8271,60.17681],[24.82722,60.17707],[24.82668,60.17743],[24.82585,60.17775],[24.82541,60.17808],[24.82477,60.17835],[24.82385,60.17881],[24.82358,60.17889],[24.82313,60.17891],[24.82302,60.17889],[24.82215,60.17886],[24.82201,60.17908],[24.82156,60.17905],[24.82154,60.17912],[24.82193,60.17919],[24.82182,60.17935],[24.82157,60.17954],[24.82129,60.17969],[24.82077,60.17994],[24.81935,60.18044],[24.81881,60.18058],[24.81859,60.18066],[24.81845,60.18077],[24.81816,60.18096],[24.81795,60.18109],[24.81712,60.1815],[24.81635,60.18167],[24.81593,60.18186],[24.81533,60.18219],[24.81433,60.1826],[24.81265,60.18355],[24.8118,60.18405],[24.81122,60.18455],[24.81048,60.1851],[24.80977,60.1857],[24.80888,60.18545],[24.8086,60.18537]]]}},{"type":"Feature","properties":{"code":"049118","kunta":"049","kokotun":"0491011118","name":"Perkkaa","name_sv":"","named":true,"peruspiiri_code":"049011","peruspiiri":"Kanta-Leppävaara","source":"HSY Seutukartta 2021 (pienalue)","bb":[60.20579,24.81591,60.22497,24.85138],"c":[60.21414,24.83331]},"geometry":{"type":"Polygon","coordinates":[[[24.81591,60.20903],[24.81677,60.20912],[24.8174,60.20918],[24.81832,60.20925],[24.81933,60.20929],[24.82097,60.20932],[24.8219,60.20931],[24.8226,60.20929],[24.8233,60.20926],[24.82399,60.20922],[24.82468,60.20917],[24.82537,60.2091],[24.82662,60.20896],[24.82772,60.20883],[24.82882,60.20868],[24.82991,60.20853],[24.83408,60.20814],[24.83589,60.20791],[24.83702,60.20766],[24.83793,60.20752],[24.84056,60.20709],[24.84667,60.20579],[24.84666,60.20582],[24.84656,60.20697],[24.84594,60.21331],[24.84609,60.21537],[24.84683,60.21653],[24.84808,60.21859],[24.84802,60.21939],[24.84781,60.21982],[24.84762,60.22047],[24.84762,60.2205],[24.84781,60.22101],[24.84787,60.2216],[24.84794,60.22168],[24.84914,60.22283],[24.85064,60.22431],[24.85123,60.22485],[24.85138,60.22497],[24.85122,60.22497],[24.85056,60.22494],[24.84973,60.22484],[24.84939,60.22477],[24.84898,60.22462],[24.84835,60.22435],[24.84781,60.22414],[24.84773,60.22411],[24.84721,60.22391],[24.84694,60.22376],[24.84666,60.22358],[24.84631,60.22332],[24.84588,60.22307],[24.84521,60.22277],[24.84459,60.22243],[24.84436,60.22226],[24.84323,60.22166],[24.84272,60.22146],[24.84235,60.22133],[24.84191,60.2212],[24.8423,60.22101],[24.83964,60.21992],[24.83815,60.21942],[24.83687,60.21909],[24.83517,60.21876],[24.83382,60.21858],[24.83274,60.21848],[24.83201,60.21843],[24.83074,60.21839],[24.82964,60.2184],[24.82875,60.21844],[24.82695,60.21855],[24.8223,60.21886],[24.82173,60.2189],[24.81647,60.21925],[24.81628,60.21622],[24.81609,60.21334],[24.81608,60.2132],[24.816,60.211],[24.81596,60.21028],[24.81591,60.20903]]]}},{"type":"Feature","properties":{"code":"049115","kunta":"049","kokotun":"0491011115","name":"Lintulaakso","name_sv":"","named":true,"peruspiiri_code":"049011","peruspiiri":"Kanta-Leppävaara","source":"HSY Seutukartta 2021 (pienalue)","bb":[60.22765,24.81674,60.23615,24.83791],"c":[60.23185,24.82566]},"geometry":{"type":"Polygon","coordinates":[[[24.81694,60.23565],[24.81695,60.2351],[24.81674,60.235],[24.81676,60.23465],[24.81677,60.23395],[24.81678,60.23292],[24.8168,60.23254],[24.81682,60.23147],[24.81684,60.2308],[24.81684,60.23079],[24.82497,60.2294],[24.82482,60.22923],[24.82485,60.22892],[24.82495,60.2282],[24.82538,60.22798],[24.82613,60.22765],[24.82669,60.2279],[24.82764,60.2282],[24.82867,60.22835],[24.83021,60.22845],[24.83089,60.22851],[24.83169,60.2286],[24.83286,60.22874],[24.83338,60.22885],[24.83412,60.22899],[24.83791,60.22977],[24.83788,60.22988],[24.83705,60.23281],[24.83635,60.2325],[24.83429,60.23156],[24.83275,60.23157],[24.83149,60.23158],[24.82915,60.2316],[24.82889,60.23205],[24.82817,60.23329],[24.82802,60.23355],[24.82785,60.23385],[24.82769,60.23395],[24.82632,60.23485],[24.82534,60.23549],[24.82434,60.23615],[24.82344,60.23609],[24.8202,60.23587],[24.8184,60.23575],[24.81826,60.23574],[24.81694,60.23565]]]}},{"type":"Feature","properties":{"code":"049116","kunta":"049","kokotun":"0491011116","name":"Uusmäki","name_sv":"","named":true,"peruspiiri_code":"049011","peruspiiri":"Kanta-Leppävaara","source":"HSY Seutukartta 2021 (pienalue)","bb":[60.23156,24.82219,60.25406,24.83705],"c":[60.24233,24.82919]},"geometry":{"type":"Polygon","coordinates":[[[24.83705,60.23281],[24.83596,60.23669],[24.83694,60.23676],[24.83669,60.23755],[24.83218,60.25161],[24.8314,60.25406],[24.82863,60.25331],[24.82219,60.25159],[24.82243,60.24236],[24.82337,60.23664],[24.82344,60.23609],[24.82434,60.23615],[24.82534,60.23549],[24.82632,60.23485],[24.82769,60.23395],[24.82785,60.23385],[24.82802,60.23355],[24.82817,60.23329],[24.82889,60.23205],[24.82915,60.2316],[24.83149,60.23158],[24.83275,60.23157],[24.83429,60.23156],[24.83635,60.2325],[24.83705,60.23281]]]}},{"type":"Feature","properties":{"code":"092095","kunta":"092","kokotun":"0927095000","name":"Rajakylä","name_sv":"","named":true,"peruspiiri_code":"092095","peruspiiri":"Rajakylä","source":"HSY Seutukartta 2021 (tila-alue)","bb":[60.24255,25.08243,60.25503,25.11185],"c":[60.24972,25.09805]},"geometry":{"type":"Polygon","coordinates":[[[25.106,60.24255],[25.10582,60.24282],[25.10575,60.24291],[25.10552,60.24323],[25.10548,60.24328],[25.1056,60.24333],[25.1053,60.24351],[25.10699,60.2442],[25.1052,60.245],[25.10526,60.24541],[25.10491,60.24542],[25.10506,60.24638],[25.10547,60.24636],[25.10555,60.2469],[25.107,60.24684],[25.10703,60.24699],[25.11098,60.24684],[25.11112,60.24689],[25.1112,60.24699],[25.11129,60.24705],[25.11149,60.24713],[25.11155,60.2472],[25.11175,60.25057],[25.1118,60.25167],[25.11184,60.25189],[25.11185,60.2522],[25.11179,60.25294],[25.11169,60.25337],[25.11174,60.25338],[25.11163,60.2537],[25.11153,60.25398],[25.11146,60.25413],[25.11128,60.25458],[25.11123,60.25485],[25.11121,60.25503],[25.111,60.25501],[25.11064,60.25495],[25.11027,60.25489],[25.10993,60.2548],[25.10972,60.25477],[25.10959,60.25474],[25.10929,60.25464],[25.10874,60.25443],[25.10846,60.25433],[25.10793,60.25422],[25.10734,60.25413],[25.10662,60.25405],[25.10569,60.254],[25.10494,60.25398],[25.10371,60.25396],[25.10275,60.25398],[25.1017,60.25402],[25.10101,60.25402],[25.1003,60.25408],[25.09999,60.25407],[25.0991,60.25414],[25.09901,60.25434],[25.0989,60.25442],[25.09867,60.25447],[25.09773,60.25443],[25.09752,60.25445],[25.09721,60.25439],[25.09691,60.25438],[25.09648,60.25442],[25.09597,60.25454],[25.09574,60.25457],[25.09417,60.2547],[25.09072,60.25471],[25.09074,60.25459],[25.08873,60.2545],[25.08698,60.2544],[25.08476,60.25413],[25.08446,60.25359],[25.08438,60.25344],[25.08428,60.25324],[25.08391,60.25253],[25.08372,60.25217],[25.08348,60.25167],[25.08318,60.25111],[25.08243,60.2497],[25.08428,60.24876],[25.08468,60.24856],[25.0859,60.24794],[25.08642,60.24768],[25.08685,60.24747],[25.08708,60.24735],[25.08723,60.24727],[25.08746,60.24716],[25.08761,60.24709],[25.08851,60.24663],[25.08894,60.24642],[25.089,60.24638],[25.08908,60.24634],[25.08925,60.24626],[25.08969,60.24604],[25.09011,60.24582],[25.09112,60.24531],[25.09138,60.24518],[25.09167,60.24513],[25.09564,60.24442],[25.09772,60.24405],[25.09834,60.24394],[25.09869,60.24388],[25.09882,60.24385],[25.09911,60.2438],[25.09984,60.24367],[25.10138,60.2434],[25.10153,60.24337],[25.10161,60.24335],[25.10256,60.24318],[25.10307,60.24309],[25.10358,60.243],[25.10409,60.24291],[25.1046,60.24282],[25.1051,60.24272],[25.10573,60.24261],[25.106,60.24255]]]}},{"type":"Feature","properties":{"code":"092091","kunta":"092","kokotun":"0927091000","name":"Länsimäki","name_sv":"","named":true,"peruspiiri_code":"092091","peruspiiri":"Länsimäki","source":"HSY Seutukartta 2021 (tila-alue)","bb":[60.23722,25.10491,60.25752,25.14323],"c":[60.24675,25.12432]},"geometry":{"type":"Polygon","coordinates":[[[25.14317,60.24472],[25.14323,60.24507],[25.14288,60.24556],[25.14263,60.24597],[25.14235,60.24629],[25.14173,60.24691],[25.14106,60.24733],[25.14067,60.24761],[25.13945,60.24812],[25.13865,60.24834],[25.13652,60.24932],[25.13522,60.24996],[25.13403,60.25064],[25.13296,60.25137],[25.13201,60.25214],[25.13119,60.25295],[25.13052,60.25369],[25.13024,60.25395],[25.1298,60.25443],[25.12913,60.25484],[25.12836,60.25535],[25.12643,60.25632],[25.12421,60.25752],[25.12014,60.25677],[25.11666,60.2558],[25.11597,60.25563],[25.11442,60.25528],[25.11278,60.25493],[25.11202,60.25476],[25.1119,60.25473],[25.11157,60.25464],[25.11128,60.25458],[25.11146,60.25413],[25.11153,60.25398],[25.11163,60.2537],[25.11174,60.25338],[25.11169,60.25337],[25.11179,60.25294],[25.11185,60.2522],[25.11184,60.25189],[25.1118,60.25167],[25.11175,60.25057],[25.11155,60.2472],[25.11149,60.24713],[25.11129,60.24705],[25.1112,60.24699],[25.11112,60.24689],[25.11098,60.24684],[25.10703,60.24699],[25.107,60.24684],[25.10555,60.2469],[25.10547,60.24636],[25.10506,60.24638],[25.10491,60.24542],[25.10526,60.24541],[25.1052,60.245],[25.10699,60.2442],[25.1053,60.24351],[25.1056,60.24333],[25.10548,60.24328],[25.10552,60.24323],[25.10575,60.24291],[25.10582,60.24282],[25.106,60.24255],[25.1064,60.24248],[25.10907,60.24199],[25.10915,60.24198],[25.10963,60.24189],[25.11024,60.24178],[25.11083,60.24167],[25.11272,60.24133],[25.11609,60.24071],[25.12197,60.23962],[25.12732,60.23863],[25.12961,60.23821],[25.1296,60.23796],[25.13444,60.23731],[25.13466,60.23728],[25.1351,60.23722],[25.13547,60.23725],[25.13584,60.23723],[25.13591,60.23735],[25.1363,60.23766],[25.13673,60.23822],[25.13687,60.23849],[25.13711,60.2388],[25.13734,60.23929],[25.13805,60.24013],[25.13858,60.24061],[25.13899,60.24091],[25.1397,60.24153],[25.14013,60.24202],[25.14073,60.24268],[25.14171,60.24346],[25.14187,60.24358],[25.14171,60.24363],[25.14167,60.24388],[25.14225,60.24415],[25.14317,60.24472]]]}},{"type":"Feature","properties":{"code":"092020","kunta":"092","kokotun":"0921020000","name":"Askisto","name_sv":"","named":true,"peruspiiri_code":"092020","peruspiiri":"Askisto","source":"HSY Seutukartta 2021 (tila-alue)","bb":[60.26972,24.76494,60.29858,24.80324],"c":[60.28171,24.78021]},"geometry":{"type":"Polygon","coordinates":[[[24.77164,60.29858],[24.77142,60.29772],[24.77107,60.29628],[24.77096,60.29566],[24.7705,60.29391],[24.77007,60.29211],[24.76923,60.2886],[24.76911,60.28813],[24.7688,60.28677],[24.76843,60.28521],[24.76796,60.28324],[24.7675,60.28138],[24.76708,60.27966],[24.76558,60.27389],[24.76549,60.27345],[24.76494,60.27123],[24.7653,60.27047],[24.76548,60.27007],[24.76565,60.27015],[24.76672,60.26972],[24.76727,60.26992],[24.76779,60.27013],[24.76831,60.27035],[24.76896,60.27064],[24.77071,60.27144],[24.77208,60.27209],[24.77276,60.27233],[24.77349,60.27265],[24.77439,60.27307],[24.77455,60.27316],[24.7747,60.27325],[24.77483,60.27335],[24.77494,60.27335],[24.7751,60.27346],[24.77536,60.27369],[24.77564,60.27387],[24.77602,60.274],[24.77588,60.27412],[24.7766,60.27437],[24.7767,60.27432],[24.77692,60.27422],[24.77717,60.27414],[24.77731,60.2741],[24.7776,60.27406],[24.77789,60.27403],[24.7782,60.27403],[24.77852,60.27405],[24.77925,60.27409],[24.78021,60.27416],[24.7806,60.27414],[24.78163,60.27422],[24.78247,60.27427],[24.78288,60.27429],[24.78298,60.2743],[24.78409,60.27432],[24.78521,60.27431],[24.78631,60.27427],[24.78723,60.27421],[24.78815,60.27413],[24.78906,60.27404],[24.78973,60.27406],[24.78995,60.27402],[24.79194,60.27376],[24.79331,60.27365],[24.79463,60.27371],[24.79497,60.27368],[24.79528,60.27349],[24.79608,60.27348],[24.79643,60.27348],[24.79678,60.27349],[24.79713,60.27351],[24.79993,60.27375],[24.80023,60.27379],[24.80038,60.27382],[24.80066,60.2739],[24.80078,60.27395],[24.80101,60.27406],[24.8011,60.27412],[24.80126,60.27426],[24.80137,60.27441],[24.80142,60.27456],[24.80143,60.2747],[24.80146,60.27481],[24.80154,60.27493],[24.80166,60.27504],[24.80182,60.27514],[24.80201,60.27522],[24.80223,60.27529],[24.80247,60.27534],[24.80272,60.27536],[24.80303,60.27537],[24.80324,60.27569],[24.80315,60.27597],[24.80316,60.27643],[24.80304,60.27675],[24.80263,60.27734],[24.80241,60.27745],[24.80225,60.27759],[24.80163,60.27795],[24.80105,60.27835],[24.80091,60.27864],[24.79975,60.27918],[24.79826,60.27985],[24.79737,60.28021],[24.79539,60.28111],[24.79515,60.28122],[24.79401,60.28173],[24.79353,60.28194],[24.79299,60.28217],[24.7929,60.28223],[24.79156,60.28286],[24.79122,60.28302],[24.79069,60.28334],[24.79045,60.28351],[24.78929,60.28437],[24.78782,60.28574],[24.78695,60.28647],[24.78676,60.2867],[24.78643,60.2869],[24.78632,60.28731],[24.78597,60.28757],[24.78536,60.28764],[24.7852,60.28794],[24.7848,60.28792],[24.78448,60.28772],[24.78406,60.28773],[24.78411,60.28808],[24.7842,60.28824],[24.7843,60.28834],[24.7845,60.28845],[24.78436,60.28883],[24.78197,60.29093],[24.77972,60.29287],[24.7794,60.29321],[24.77867,60.29387],[24.77839,60.29423],[24.77724,60.2952],[24.77419,60.29739],[24.77164,60.29858]]]}},{"type":"Feature","properties":{"code":"092026","kunta":"092","kokotun":"0921026000","name":"Petikko","name_sv":"","named":true,"peruspiiri_code":"092026","peruspiiri":"Petikko","source":"HSY Seutukartta 2021 (tila-alue)","bb":[60.27452,24.76093,60.32538,24.8275],"c":[60.29862,24.79486]},"geometry":{"type":"Polygon","coordinates":[[[24.76093,60.32538],[24.76112,60.32484],[24.76189,60.32293],[24.76219,60.32222],[24.76266,60.32111],[24.76293,60.32047],[24.76488,60.31559],[24.76535,60.3144],[24.7665,60.31172],[24.76689,60.31081],[24.7677,60.30887],[24.76783,60.30861],[24.76844,60.30713],[24.76921,60.30532],[24.77056,60.30204],[24.77105,60.30088],[24.77118,60.30054],[24.77135,60.30015],[24.77172,60.29939],[24.7718,60.29923],[24.77164,60.29858],[24.77419,60.29739],[24.77724,60.2952],[24.77839,60.29423],[24.77867,60.29387],[24.7794,60.29321],[24.77972,60.29287],[24.78197,60.29093],[24.78436,60.28883],[24.7845,60.28845],[24.7843,60.28834],[24.7842,60.28824],[24.78411,60.28808],[24.78406,60.28773],[24.78448,60.28772],[24.7848,60.28792],[24.7852,60.28794],[24.78536,60.28764],[24.78597,60.28757],[24.78632,60.28731],[24.78643,60.2869],[24.78676,60.2867],[24.78695,60.28647],[24.78782,60.28574],[24.78929,60.28437],[24.79045,60.28351],[24.79069,60.28334],[24.79122,60.28302],[24.79156,60.28286],[24.7929,60.28223],[24.79299,60.28217],[24.79353,60.28194],[24.79401,60.28173],[24.79515,60.28122],[24.79539,60.28111],[24.79737,60.28021],[24.79826,60.27985],[24.79975,60.27918],[24.80091,60.27864],[24.80105,60.27835],[24.80163,60.27795],[24.80225,60.27759],[24.80241,60.27745],[24.80263,60.27734],[24.80304,60.27675],[24.80316,60.27643],[24.80315,60.27597],[24.80324,60.27569],[24.80463,60.27568],[24.80489,60.27452],[24.80538,60.27466],[24.80586,60.27481],[24.80633,60.27496],[24.80678,60.27511],[24.807,60.27519],[24.80778,60.27545],[24.8089,60.27584],[24.80968,60.27612],[24.81109,60.27668],[24.8114,60.27682],[24.81153,60.2769],[24.81171,60.27702],[24.81177,60.27708],[24.81182,60.27719],[24.81181,60.27728],[24.81173,60.27739],[24.81151,60.27754],[24.81186,60.27767],[24.81238,60.27734],[24.81258,60.27731],[24.8128,60.27731],[24.8131,60.27735],[24.81337,60.27743],[24.8139,60.27762],[24.81385,60.27765],[24.81524,60.27819],[24.81721,60.27898],[24.81761,60.27913],[24.81806,60.27928],[24.81851,60.27945],[24.81908,60.27967],[24.81957,60.27988],[24.82007,60.2801],[24.82043,60.28026],[24.82095,60.28059],[24.82132,60.28077],[24.82182,60.28107],[24.82251,60.28144],[24.82285,60.28163],[24.82349,60.28196],[24.82407,60.28231],[24.82435,60.2825],[24.82479,60.28278],[24.82639,60.2839],[24.8275,60.28453],[24.82709,60.2847],[24.82679,60.28484],[24.82651,60.28499],[24.82624,60.28514],[24.82601,60.2853],[24.82584,60.28547],[24.82554,60.28588],[24.82543,60.28622],[24.82529,60.28635],[24.82504,60.28653],[24.82474,60.28667],[24.82459,60.2868],[24.8244,60.28721],[24.82432,60.28752],[24.82433,60.288],[24.82425,60.28814],[24.82404,60.28832],[24.82372,60.28855],[24.82358,60.28863],[24.82333,60.2888],[24.82292,60.289],[24.82314,60.28908],[24.82356,60.28925],[24.82468,60.29021],[24.82286,60.29106],[24.82117,60.29544],[24.81889,60.29756],[24.81668,60.3001],[24.8123,60.30543],[24.81172,60.30614],[24.81236,60.30753],[24.80925,60.30848],[24.80411,60.31011],[24.80122,60.31102],[24.80027,60.31131],[24.79804,60.31213],[24.79511,60.31313],[24.78899,60.31523],[24.78832,60.31544],[24.78328,60.31732],[24.7827,60.31753],[24.78121,60.31808],[24.78006,60.31851],[24.77679,60.31968],[24.77382,60.32074],[24.77194,60.3214],[24.76946,60.32229],[24.76634,60.32342],[24.76421,60.32419],[24.76294,60.32465],[24.76093,60.32538]]]}},{"type":"Feature","properties":{"code":"092025","kunta":"092","kokotun":"0922025000","name":"Myllymäki","name_sv":"","named":true,"peruspiiri_code":"092025","peruspiiri":"Myllymäki","source":"HSY Seutukartta 2021 (tila-alue)","bb":[60.28453,24.8123,60.30831,24.85498],"c":[60.29827,24.83314]},"geometry":{"type":"Polygon","coordinates":[[[24.84225,60.30831],[24.84103,60.30805],[24.84103,60.30802],[24.84051,60.30797],[24.83948,60.30782],[24.83776,60.30776],[24.83684,60.30775],[24.83411,60.30796],[24.8333,60.308],[24.83169,60.30799],[24.83025,60.30791],[24.81769,60.30623],[24.81406,60.30576],[24.8123,60.30543],[24.81668,60.3001],[24.81889,60.29756],[24.82117,60.29544],[24.82286,60.29106],[24.82468,60.29021],[24.82356,60.28925],[24.82314,60.28908],[24.82292,60.289],[24.82333,60.2888],[24.82358,60.28863],[24.82372,60.28855],[24.82404,60.28832],[24.82425,60.28814],[24.82433,60.288],[24.82432,60.28752],[24.8244,60.28721],[24.82459,60.2868],[24.82474,60.28667],[24.82504,60.28653],[24.82529,60.28635],[24.82543,60.28622],[24.82554,60.28588],[24.82584,60.28547],[24.82601,60.2853],[24.82624,60.28514],[24.82651,60.28499],[24.82679,60.28484],[24.82709,60.2847],[24.8275,60.28453],[24.82747,60.28464],[24.82808,60.28495],[24.82786,60.28507],[24.82766,60.2852],[24.82748,60.28533],[24.82698,60.2857],[24.82821,60.28613],[24.82834,60.28617],[24.82863,60.28624],[24.82893,60.28628],[24.82908,60.28629],[24.8294,60.2863],[24.83023,60.28627],[24.83049,60.28628],[24.83074,60.28632],[24.83101,60.28639],[24.83144,60.28654],[24.83186,60.2867],[24.83266,60.28703],[24.83482,60.28812],[24.83682,60.28918],[24.83691,60.28944],[24.8396,60.29087],[24.84032,60.29196],[24.84119,60.29246],[24.84169,60.29259],[24.84304,60.29285],[24.84347,60.29228],[24.84356,60.29222],[24.8437,60.29203],[24.84386,60.2918],[24.84398,60.29172],[24.84414,60.29172],[24.8447,60.29175],[24.84464,60.29186],[24.84543,60.29193],[24.84547,60.29185],[24.84627,60.29205],[24.84683,60.29218],[24.84742,60.29227],[24.84803,60.29234],[24.8502,60.29253],[24.85104,60.29262],[24.85259,60.29252],[24.8536,60.29271],[24.85412,60.2929],[24.85492,60.2942],[24.85498,60.29442],[24.85447,60.29509],[24.85408,60.29529],[24.85401,60.29553],[24.85395,60.29578],[24.85359,60.2963],[24.85182,60.29767],[24.85154,60.2976],[24.8503,60.29852],[24.84903,60.29939],[24.84801,60.30025],[24.84759,60.30065],[24.84676,60.30154],[24.84607,60.30245],[24.8455,60.30339],[24.84542,60.3035],[24.84521,60.30386],[24.84511,60.30408],[24.84488,60.30465],[24.84476,60.305],[24.84465,60.3053],[24.84449,60.30559],[24.84427,60.30587],[24.84401,60.30614],[24.8437,60.3064],[24.84334,60.30664],[24.84291,60.30689],[24.84248,60.30714],[24.84229,60.30727],[24.84212,60.30741],[24.8422,60.30806],[24.84225,60.30831]]]}},{"type":"Feature","properties":{"code":"092084","kunta":"092","kokotun":"0926084000","name":"Leppäkorpi","name_sv":"","named":true,"peruspiiri_code":"092084","peruspiiri":"Leppäkorpi","source":"HSY Seutukartta 2021 (tila-alue)","bb":[60.35249,25.08231,60.3665,25.11575],"c":[60.35995,25.10002]},"geometry":{"type":"Polygon","coordinates":[[[25.08918,60.3665],[25.0872,60.36441],[25.08511,60.36253],[25.08444,60.36176],[25.08396,60.36125],[25.08393,60.36122],[25.0835,60.36071],[25.08261,60.35957],[25.08231,60.35918],[25.08317,60.35905],[25.08342,60.35901],[25.08464,60.35874],[25.08476,60.35857],[25.08528,60.35857],[25.08556,60.35856],[25.08758,60.35805],[25.08794,60.35794],[25.08829,60.35782],[25.08862,60.35769],[25.08965,60.35722],[25.09028,60.3569],[25.09034,60.35683],[25.0903,60.35677],[25.09019,60.35668],[25.09167,60.35601],[25.09171,60.35556],[25.09193,60.35535],[25.09206,60.35392],[25.09217,60.35249],[25.09445,60.35254],[25.09537,60.35256],[25.09632,60.35258],[25.09785,60.35261],[25.09915,60.35264],[25.10102,60.35268],[25.10151,60.35269],[25.10345,60.35273],[25.10434,60.35275],[25.10468,60.35276],[25.10518,60.35277],[25.10536,60.35326],[25.10588,60.35328],[25.10654,60.35308],[25.10755,60.3531],[25.10834,60.35317],[25.11023,60.35318],[25.11026,60.35334],[25.11033,60.35346],[25.11041,60.35365],[25.11051,60.35394],[25.11094,60.3547],[25.11097,60.35486],[25.11105,60.355],[25.11118,60.35523],[25.11115,60.35536],[25.11133,60.35545],[25.11145,60.3557],[25.11147,60.35571],[25.11158,60.35593],[25.11154,60.35604],[25.11169,60.35619],[25.11182,60.35647],[25.11187,60.35665],[25.11196,60.35688],[25.11211,60.35717],[25.11246,60.35768],[25.11272,60.35817],[25.11288,60.35852],[25.11299,60.35871],[25.11309,60.35884],[25.1133,60.35902],[25.11355,60.35931],[25.11364,60.35954],[25.11371,60.35977],[25.11374,60.35998],[25.1137,60.36032],[25.11366,60.36062],[25.11359,60.3607],[25.11354,60.36093],[25.11358,60.36103],[25.11373,60.36117],[25.11376,60.36129],[25.11384,60.36137],[25.11387,60.3615],[25.11392,60.36164],[25.1141,60.36198],[25.11429,60.36213],[25.11439,60.36223],[25.11447,60.36234],[25.11456,60.36254],[25.11484,60.36281],[25.11505,60.36329],[25.11549,60.36382],[25.11565,60.36438],[25.11575,60.3646],[25.11515,60.36453],[25.11483,60.36523],[25.11462,60.36569],[25.1134,60.36572],[25.11246,60.36575],[25.10699,60.36587],[25.10528,60.36592],[25.10149,60.36601],[25.09879,60.36609],[25.09852,60.3661],[25.09748,60.36612],[25.09602,60.36616],[25.09327,60.36623],[25.09038,60.3663],[25.08918,60.3665]]]}},{"type":"Feature","properties":{"code":"092031","kunta":"092","kokotun":"0922031000","name":"Luhtaanmäki","name_sv":"","named":true,"peruspiiri_code":"092031","peruspiiri":"Luhtaanmäki","source":"HSY Seutukartta 2021 (tila-alue)","bb":[60.34197,24.78219,60.38361,24.83191],"c":[60.35851,24.80589]},"geometry":{"type":"Polygon","coordinates":[[[24.8139,60.38361],[24.8134,60.38328],[24.80931,60.38063],[24.80704,60.37918],[24.80623,60.37865],[24.80294,60.37651],[24.80241,60.37617],[24.80179,60.37577],[24.80107,60.37529],[24.80019,60.37472],[24.80012,60.37469],[24.79937,60.37419],[24.79878,60.37384],[24.79829,60.37351],[24.79766,60.37311],[24.79725,60.37286],[24.7965,60.37233],[24.79425,60.37087],[24.7942,60.37084],[24.78989,60.36799],[24.78418,60.36427],[24.78368,60.36395],[24.78316,60.3636],[24.78307,60.36352],[24.78313,60.36091],[24.78316,60.36024],[24.7832,60.3587],[24.78219,60.35884],[24.78227,60.35875],[24.78248,60.35869],[24.78286,60.35862],[24.783,60.35856],[24.78307,60.35846],[24.78287,60.35817],[24.78281,60.35806],[24.78287,60.35797],[24.78301,60.35788],[24.78324,60.35767],[24.78328,60.35751],[24.78341,60.35734],[24.78356,60.35725],[24.78415,60.35697],[24.78472,60.35677],[24.785,60.35672],[24.78519,60.35655],[24.78532,60.35651],[24.78563,60.35644],[24.786,60.35636],[24.78667,60.35612],[24.78703,60.35605],[24.78735,60.35566],[24.78771,60.35558],[24.78774,60.35548],[24.78763,60.3554],[24.7873,60.35534],[24.78689,60.35501],[24.78692,60.35489],[24.78702,60.35486],[24.78785,60.35485],[24.78795,60.35476],[24.788,60.35451],[24.78808,60.35442],[24.78812,60.35416],[24.78806,60.35409],[24.78774,60.35392],[24.78771,60.35388],[24.78787,60.35364],[24.78781,60.35351],[24.78775,60.35346],[24.78742,60.35337],[24.78721,60.35329],[24.78715,60.35323],[24.78719,60.35316],[24.78761,60.35294],[24.78817,60.35271],[24.78832,60.3526],[24.78833,60.35252],[24.78845,60.35226],[24.78844,60.35198],[24.78824,60.35146],[24.78818,60.35137],[24.7879,60.35127],[24.78737,60.35113],[24.78716,60.35106],[24.78695,60.35092],[24.78685,60.35076],[24.7869,60.35058],[24.78708,60.35026],[24.78699,60.35021],[24.78599,60.35005],[24.78581,60.34999],[24.78569,60.34991],[24.78582,60.34961],[24.78577,60.34923],[24.7853,60.34885],[24.78528,60.34875],[24.7855,60.3487],[24.78599,60.34866],[24.78724,60.34851],[24.78737,60.34847],[24.78742,60.34843],[24.7874,60.34834],[24.78714,60.34814],[24.78707,60.34807],[24.78708,60.34801],[24.78736,60.34794],[24.78755,60.34792],[24.78853,60.3479],[24.78903,60.34786],[24.79153,60.34724],[24.79219,60.3471],[24.79278,60.34689],[24.79316,60.34672],[24.79375,60.3464],[24.79451,60.34585],[24.7949,60.3455],[24.79523,60.34527],[24.79612,60.34481],[24.79669,60.34456],[24.79765,60.34417],[24.79832,60.34386],[24.79871,60.34364],[24.79929,60.34326],[24.79966,60.34307],[24.79998,60.3429],[24.80024,60.34279],[24.80066,60.34266],[24.80111,60.34258],[24.80169,60.34256],[24.80249,60.34262],[24.80293,60.34265],[24.80349,60.34267],[24.80453,60.34263],[24.80551,60.34264],[24.80646,60.34269],[24.80729,60.34278],[24.80785,60.34277],[24.80808,60.34278],[24.80843,60.34282],[24.80898,60.34281],[24.81049,60.34268],[24.81103,60.34261],[24.81148,60.34254],[24.81215,60.34241],[24.81261,60.34216],[24.81291,60.34209],[24.81305,60.34205],[24.81399,60.34197],[24.81416,60.342],[24.81468,60.34214],[24.81468,60.34232],[24.81419,60.34291],[24.81391,60.343],[24.81418,60.34329],[24.81531,60.3436],[24.81586,60.34381],[24.81644,60.3441],[24.81677,60.3442],[24.8175,60.34417],[24.81894,60.34378],[24.81978,60.34365],[24.82001,60.34365],[24.82045,60.34376],[24.82113,60.34477],[24.82161,60.34518],[24.82198,60.34558],[24.82206,60.34565],[24.82221,60.34574],[24.82233,60.34583],[24.82241,60.34593],[24.82247,60.34604],[24.82253,60.34632],[24.82251,60.34648],[24.82251,60.34683],[24.82257,60.34692],[24.82269,60.34701],[24.82284,60.34705],[24.82298,60.34706],[24.82299,60.34768],[24.82293,60.34788],[24.82283,60.34798],[24.8226,60.34808],[24.82239,60.34824],[24.82221,60.34842],[24.82215,60.34859],[24.82214,60.34872],[24.82202,60.34883],[24.8219,60.34892],[24.82188,60.34912],[24.82193,60.34928],[24.8221,60.34938],[24.82231,60.34944],[24.82258,60.34944],[24.82442,60.3493],[24.82506,60.34928],[24.8258,60.34933],[24.82609,60.34939],[24.82662,60.34949],[24.82693,60.34959],[24.82717,60.3497],[24.82739,60.34983],[24.82751,60.34993],[24.82746,60.35008],[24.82731,60.35022],[24.82715,60.3504],[24.82711,60.35051],[24.82712,60.3506],[24.82721,60.35071],[24.82738,60.35085],[24.82785,60.35117],[24.82799,60.3513],[24.82817,60.35151],[24.82833,60.35162],[24.82857,60.35171],[24.82877,60.35177],[24.82949,60.35207],[24.82963,60.35215],[24.83002,60.35259],[24.83035,60.35305],[24.83043,60.35328],[24.83056,60.35355],[24.83096,60.35412],[24.83127,60.35452],[24.83131,60.35469],[24.83129,60.35484],[24.83116,60.35503],[24.83112,60.35514],[24.83116,60.35525],[24.83128,60.35542],[24.83148,60.35552],[24.83188,60.35555],[24.83191,60.35555],[24.83017,60.35682],[24.82806,60.35836],[24.82646,60.35954],[24.82416,60.36121],[24.82439,60.36138],[24.82469,60.36157],[24.82503,60.36176],[24.82532,60.36191],[24.82525,60.36195],[24.82191,60.36375],[24.81931,60.36515],[24.81823,60.36576],[24.81813,60.36581],[24.81765,60.36607],[24.81666,60.3666],[24.81557,60.36711],[24.81377,60.36798],[24.81278,60.36845],[24.81172,60.36898],[24.81143,60.36913],[24.81007,60.36981],[24.80982,60.36994],[24.81006,60.37043],[24.81028,60.37085],[24.81094,60.3721],[24.81115,60.37252],[24.81135,60.37294],[24.81222,60.37495],[24.81262,60.37564],[24.81305,60.37701],[24.81329,60.37788],[24.8135,60.37912],[24.81371,60.3804],[24.81395,60.38189],[24.8139,60.38361]]]}},{"type":"Feature","properties":{"code":"092030","kunta":"092","kokotun":"0922030000","name":"Vestra","name_sv":"","named":true,"peruspiiri_code":"092030","peruspiiri":"Vestra","source":"HSY Seutukartta 2021 (tila-alue)","bb":[60.32228,24.74624,60.36186,24.78845],"c":[60.34049,24.76643]},"geometry":{"type":"Polygon","coordinates":[[[24.78219,60.35884],[24.78196,60.35887],[24.78054,60.36186],[24.77676,60.35937],[24.77105,60.35559],[24.76595,60.35211],[24.76271,60.35009],[24.75858,60.34754],[24.75596,60.34592],[24.75484,60.34522],[24.75433,60.3449],[24.75035,60.34244],[24.74929,60.34178],[24.74918,60.34106],[24.74914,60.34081],[24.74886,60.33904],[24.74869,60.33801],[24.74867,60.33784],[24.7483,60.33542],[24.74815,60.33447],[24.74799,60.3335],[24.74784,60.3325],[24.74762,60.33125],[24.74757,60.33077],[24.74751,60.33024],[24.74738,60.32896],[24.7472,60.3277],[24.74704,60.32687],[24.74696,60.32647],[24.74683,60.32552],[24.74647,60.32345],[24.74624,60.32228],[24.74989,60.32303],[24.75263,60.32362],[24.75301,60.3237],[24.756,60.32433],[24.75623,60.32437],[24.75757,60.32465],[24.76093,60.32538],[24.76294,60.32465],[24.76421,60.32419],[24.76634,60.32342],[24.76946,60.32229],[24.77082,60.32608],[24.77179,60.32894],[24.77253,60.33086],[24.77273,60.33141],[24.77332,60.33301],[24.77342,60.33331],[24.77382,60.3347],[24.77236,60.33583],[24.77223,60.33592],[24.7722,60.33638],[24.77216,60.3367],[24.77218,60.33692],[24.77221,60.33706],[24.77229,60.33719],[24.77246,60.33731],[24.77269,60.33741],[24.77309,60.33749],[24.77372,60.33756],[24.77426,60.33764],[24.7746,60.33773],[24.77481,60.33782],[24.77501,60.33794],[24.77525,60.3383],[24.77539,60.33845],[24.77556,60.33855],[24.77586,60.33864],[24.7762,60.3387],[24.77675,60.3388],[24.777,60.33886],[24.77725,60.33896],[24.77747,60.33912],[24.7776,60.33932],[24.77771,60.33952],[24.77788,60.33972],[24.77827,60.34009],[24.77844,60.34034],[24.77869,60.34065],[24.77888,60.34093],[24.77912,60.34119],[24.77922,60.3413],[24.77963,60.34144],[24.77983,60.34154],[24.7801,60.34168],[24.78028,60.3418],[24.78038,60.34189],[24.7806,60.34215],[24.78073,60.34229],[24.78098,60.34259],[24.78131,60.34279],[24.78155,60.34291],[24.78173,60.34299],[24.78196,60.34304],[24.78237,60.34311],[24.78287,60.3432],[24.78316,60.34328],[24.78445,60.34377],[24.78467,60.34387],[24.78474,60.34398],[24.78467,60.34407],[24.7845,60.34425],[24.78433,60.34444],[24.78426,60.34461],[24.78423,60.34471],[24.78403,60.34515],[24.78402,60.34537],[24.78411,60.34578],[24.78454,60.34646],[24.78544,60.34732],[24.78556,60.3474],[24.78631,60.34777],[24.78664,60.3479],[24.78708,60.34801],[24.78707,60.34807],[24.78714,60.34814],[24.7874,60.34834],[24.78742,60.34843],[24.78737,60.34847],[24.78724,60.34851],[24.78599,60.34866],[24.7855,60.3487],[24.78528,60.34875],[24.7853,60.34885],[24.78577,60.34923],[24.78582,60.34961],[24.78569,60.34991],[24.78581,60.34999],[24.78599,60.35005],[24.78699,60.35021],[24.78708,60.35026],[24.7869,60.35058],[24.78685,60.35076],[24.78695,60.35092],[24.78716,60.35106],[24.78737,60.35113],[24.7879,60.35127],[24.78818,60.35137],[24.78824,60.35146],[24.78844,60.35198],[24.78845,60.35226],[24.78833,60.35252],[24.78832,60.3526],[24.78817,60.35271],[24.78761,60.35294],[24.78719,60.35316],[24.78715,60.35323],[24.78721,60.35329],[24.78742,60.35337],[24.78775,60.35346],[24.78781,60.35351],[24.78787,60.35364],[24.78771,60.35388],[24.78774,60.35392],[24.78806,60.35409],[24.78812,60.35416],[24.78808,60.35442],[24.788,60.35451],[24.78795,60.35476],[24.78785,60.35485],[24.78702,60.35486],[24.78692,60.35489],[24.78689,60.35501],[24.7873,60.35534],[24.78763,60.3554],[24.78774,60.35548],[24.78771,60.35558],[24.78735,60.35566],[24.78703,60.35605],[24.78667,60.35612],[24.786,60.35636],[24.78563,60.35644],[24.78532,60.35651],[24.78519,60.35655],[24.785,60.35672],[24.78472,60.35677],[24.78415,60.35697],[24.78356,60.35725],[24.78341,60.35734],[24.78328,60.35751],[24.78324,60.35767],[24.78301,60.35788],[24.78287,60.35797],[24.78281,60.35806],[24.78287,60.35817],[24.78307,60.35846],[24.783,60.35856],[24.78286,60.35862],[24.78248,60.35869],[24.78227,60.35875],[24.78219,60.35884]]]}},{"type":"Feature","properties":{"code":"092033","kunta":"092","kokotun":"0922033000","name":"Seutula","name_sv":"","named":true,"peruspiiri_code":"092033","peruspiiri":"Seutula","source":"HSY Seutukartta 2021 (tila-alue)","bb":[60.34073,24.82188,60.37187,24.89527],"c":[60.35081,24.86186]},"geometry":{"type":"Polygon","coordinates":[[[24.88761,60.34073],[24.88933,60.34184],[24.88968,60.34208],[24.89039,60.34254],[24.89137,60.34316],[24.89189,60.3435],[24.89332,60.34338],[24.89501,60.34322],[24.89489,60.34409],[24.89461,60.34616],[24.89518,60.34778],[24.89481,60.34818],[24.89467,60.34884],[24.89464,60.34921],[24.89463,60.34955],[24.89465,60.34968],[24.89472,60.34973],[24.89517,60.3499],[24.89523,60.34996],[24.89527,60.35014],[24.89513,60.35047],[24.89492,60.35056],[24.89451,60.35075],[24.89361,60.35107],[24.8934,60.3513],[24.89317,60.35163],[24.89308,60.35174],[24.89289,60.35187],[24.89256,60.35191],[24.89219,60.3519],[24.89103,60.3523],[24.88961,60.35279],[24.88906,60.35307],[24.8874,60.35337],[24.88688,60.35339],[24.88574,60.35413],[24.88534,60.35432],[24.88448,60.35489],[24.88435,60.355],[24.88399,60.35545],[24.88365,60.35603],[24.88345,60.35643],[24.88317,60.35701],[24.88279,60.35766],[24.88224,60.35828],[24.87691,60.36177],[24.8758,60.36311],[24.87396,60.36538],[24.87264,60.36694],[24.87145,60.36776],[24.87081,60.3682],[24.86997,60.36879],[24.86825,60.37001],[24.86616,60.37149],[24.8658,60.37175],[24.86564,60.37186],[24.86557,60.37187],[24.86529,60.3718],[24.86522,60.37174],[24.86507,60.37168],[24.86498,60.37153],[24.86497,60.37142],[24.86499,60.37131],[24.86505,60.37115],[24.8653,60.3709],[24.86556,60.37072],[24.86577,60.37057],[24.86617,60.3704],[24.86671,60.37022],[24.86695,60.37007],[24.86713,60.36994],[24.86727,60.36978],[24.8673,60.36955],[24.86719,60.3692],[24.86706,60.36895],[24.86691,60.3687],[24.8667,60.3681],[24.86665,60.3679],[24.86667,60.36773],[24.86667,60.36743],[24.86672,60.36716],[24.86678,60.36687],[24.86699,60.36626],[24.86703,60.3661],[24.86701,60.36595],[24.86696,60.36583],[24.86684,60.3657],[24.86674,60.36563],[24.86647,60.3655],[24.86612,60.36525],[24.86598,60.36512],[24.86594,60.36494],[24.86597,60.36481],[24.86612,60.36464],[24.86633,60.36452],[24.86681,60.36432],[24.86725,60.36407],[24.86741,60.36397],[24.86786,60.36359],[24.86831,60.36314],[24.86839,60.36298],[24.86842,60.36278],[24.86838,60.36263],[24.86815,60.3624],[24.8679,60.36217],[24.86776,60.36194],[24.86763,60.36176],[24.8676,60.36156],[24.86777,60.36135],[24.86807,60.36119],[24.86858,60.361],[24.8689,60.36092],[24.86935,60.36082],[24.86969,60.36074],[24.8701,60.36063],[24.8704,60.36046],[24.8705,60.36037],[24.87056,60.36026],[24.87058,60.36011],[24.8705,60.35999],[24.87039,60.35992],[24.87019,60.35985],[24.86994,60.35977],[24.86976,60.3597],[24.86952,60.35963],[24.86925,60.35958],[24.86901,60.35958],[24.86863,60.35961],[24.86829,60.35966],[24.86798,60.35976],[24.86712,60.36011],[24.86649,60.36029],[24.86598,60.36039],[24.86583,60.36041],[24.86557,60.36042],[24.86517,60.36041],[24.86468,60.36039],[24.86447,60.36035],[24.8643,60.3603],[24.86325,60.35986],[24.86295,60.35975],[24.86279,60.3597],[24.86236,60.35961],[24.86199,60.35957],[24.86108,60.35953],[24.86082,60.35952],[24.86062,60.35948],[24.86042,60.35944],[24.86011,60.35935],[24.85991,60.35928],[24.85897,60.35891],[24.8579,60.35852],[24.8566,60.3581],[24.85545,60.3578],[24.8547,60.35766],[24.85394,60.35753],[24.85193,60.35725],[24.85102,60.35708],[24.85075,60.35701],[24.85056,60.35694],[24.84971,60.35656],[24.84949,60.35648],[24.84922,60.3564],[24.84902,60.35635],[24.84867,60.35628],[24.84803,60.35623],[24.84782,60.35623],[24.84648,60.35629],[24.8463,60.35628],[24.84613,60.35625],[24.84573,60.35616],[24.8428,60.3554],[24.84228,60.3553],[24.84206,60.35528],[24.8415,60.35529],[24.84064,60.35542],[24.84011,60.35546],[24.83993,60.35544],[24.83957,60.35532],[24.83916,60.35515],[24.83888,60.35503],[24.83884,60.35498],[24.83872,60.35492],[24.83861,60.35488],[24.83847,60.35488],[24.83798,60.35494],[24.83749,60.35508],[24.83718,60.35521],[24.83702,60.35525],[24.83683,60.35528],[24.83645,60.35529],[24.83605,60.35528],[24.83593,60.35526],[24.8357,60.3552],[24.835,60.35495],[24.83482,60.3549],[24.83456,60.35491],[24.83436,60.35498],[24.83422,60.35504],[24.83384,60.3553],[24.83365,60.35543],[24.83354,60.35548],[24.83323,60.35552],[24.83191,60.35555],[24.83189,60.35555],[24.83148,60.35552],[24.83128,60.35542],[24.83116,60.35525],[24.83112,60.35514],[24.83116,60.35503],[24.83129,60.35484],[24.83131,60.35469],[24.83127,60.35452],[24.83097,60.35412],[24.83056,60.35355],[24.83044,60.35328],[24.83035,60.35305],[24.83003,60.35259],[24.82963,60.35215],[24.82949,60.35207],[24.82877,60.35177],[24.82857,60.35171],[24.82833,60.35162],[24.82817,60.35151],[24.82799,60.3513],[24.82785,60.35117],[24.82738,60.35085],[24.82721,60.35071],[24.82713,60.3506],[24.82711,60.35051],[24.82715,60.3504],[24.82731,60.35022],[24.82746,60.35008],[24.82751,60.34993],[24.82739,60.34983],[24.82718,60.3497],[24.82693,60.34959],[24.82662,60.3495],[24.82609,60.34939],[24.8258,60.34933],[24.82506,60.34928],[24.82442,60.3493],[24.82258,60.34944],[24.82231,60.34944],[24.8221,60.34938],[24.82193,60.34928],[24.82188,60.34912],[24.8219,60.34892],[24.82202,60.34883],[24.82214,60.34872],[24.82215,60.34859],[24.82221,60.34842],[24.8224,60.34824],[24.8226,60.34808],[24.82283,60.34798],[24.82293,60.34788],[24.82299,60.34768],[24.82298,60.34706],[24.82313,60.34703],[24.82368,60.34679],[24.82394,60.3467],[24.82422,60.34663],[24.82451,60.34658],[24.8248,60.34656],[24.82514,60.34651],[24.82573,60.34646],[24.82613,60.34636],[24.82646,60.34618],[24.82664,60.34604],[24.82687,60.34582],[24.82749,60.3453],[24.82775,60.34505],[24.82793,60.34479],[24.82797,60.34456],[24.82798,60.34429],[24.82785,60.34403],[24.82755,60.34361],[24.82739,60.3434],[24.82727,60.34321],[24.82719,60.34298],[24.82717,60.34274],[24.82729,60.34245],[24.82742,60.34225],[24.8277,60.34198],[24.82802,60.34171],[24.82843,60.34151],[24.82894,60.3413],[24.82979,60.34106],[24.83008,60.34099],[24.83067,60.34087],[24.83124,60.34077],[24.83189,60.34075],[24.83244,60.34079],[24.83296,60.34085],[24.83396,60.34105],[24.8355,60.34149],[24.83646,60.34177],[24.8368,60.34186],[24.8378,60.34209],[24.83828,60.3422],[24.83846,60.34224],[24.83902,60.34234],[24.83914,60.34235],[24.83948,60.3424],[24.8402,60.34251],[24.84093,60.34263],[24.84136,60.34272],[24.84162,60.34279],[24.842,60.34291],[24.84227,60.343],[24.84307,60.34336],[24.84373,60.34364],[24.84399,60.34373],[24.84419,60.34379],[24.84446,60.34386],[24.84464,60.3439],[24.84488,60.34394],[24.84497,60.34395],[24.84519,60.34397],[24.84543,60.34399],[24.84562,60.34399],[24.84603,60.34396],[24.84642,60.3439],[24.84664,60.34386],[24.84696,60.34377],[24.84703,60.34372],[24.84753,60.34351],[24.84794,60.34336],[24.84809,60.34333],[24.84835,60.3433],[24.84868,60.3433],[24.84886,60.34331],[24.84895,60.34332],[24.84905,60.34333],[24.84917,60.34336],[24.84927,60.34339],[24.84948,60.34348],[24.85008,60.34369],[24.85064,60.34386],[24.85073,60.34388],[24.85084,60.3439],[24.85109,60.3439],[24.85133,60.34387],[24.85165,60.34382],[24.85207,60.34372],[24.85236,60.34362],[24.85302,60.34351],[24.85374,60.34344],[24.85466,60.34341],[24.85512,60.34344],[24.85557,60.34348],[24.85601,60.34355],[24.85631,60.34362],[24.8566,60.34374],[24.85675,60.34386],[24.85686,60.34399],[24.8569,60.3441],[24.85702,60.34427],[24.85722,60.3445],[24.85745,60.34469],[24.85774,60.34487],[24.85791,60.34493],[24.85837,60.34508],[24.85869,60.34516],[24.85897,60.34519],[24.85945,60.34522],[24.8599,60.34522],[24.86038,60.34518],[24.86109,60.34508],[24.86218,60.34485],[24.86302,60.34471],[24.86347,60.34466],[24.86394,60.34459],[24.8644,60.34449],[24.86492,60.34428],[24.86599,60.34357],[24.8668,60.34308],[24.86738,60.34272],[24.86762,60.34261],[24.86787,60.34254],[24.86823,60.34248],[24.86854,60.34244],[24.86918,60.3424],[24.86967,60.34233],[24.87003,60.34226],[24.87102,60.34202],[24.87151,60.34188],[24.87164,60.34184],[24.87188,60.34178],[24.87228,60.34172],[24.87286,60.34167],[24.87304,60.34169],[24.87325,60.34166],[24.87346,60.34166],[24.874,60.34157],[24.87561,60.34148],[24.87706,60.34139],[24.87782,60.34134],[24.87841,60.34132],[24.87922,60.3413],[24.87993,60.3413],[24.88055,60.34129],[24.88103,60.34128],[24.88194,60.34125],[24.88254,60.34122],[24.88312,60.34119],[24.88544,60.34105],[24.88598,60.341],[24.88698,60.34087],[24.88761,60.34073]]]}},{"type":"Feature","properties":{"code":"092016","kunta":"092","kokotun":"0921016000","name":"Kaivoksela","name_sv":"","named":true,"peruspiiri_code":"092016","peruspiiri":"Kaivoksela","source":"HSY Seutukartta 2021 (tila-alue)","bb":[60.25238,24.86083,60.27418,24.89282],"c":[60.26496,24.87297]},"geometry":{"type":"Polygon","coordinates":[[[24.88083,60.27305],[24.87961,60.27301],[24.87569,60.27362],[24.87566,60.27362],[24.87548,60.27385],[24.87527,60.27381],[24.8749,60.27418],[24.87476,60.27414],[24.87457,60.27393],[24.87437,60.27378],[24.87443,60.27372],[24.87294,60.27351],[24.8722,60.27352],[24.87162,60.27358],[24.87005,60.27378],[24.86846,60.27397],[24.86394,60.2728],[24.86358,60.27267],[24.86219,60.27219],[24.8616,60.27176],[24.86083,60.27024],[24.86097,60.26959],[24.86116,60.26886],[24.86245,60.26668],[24.86289,60.26578],[24.86315,60.26469],[24.86313,60.26375],[24.86258,60.26121],[24.86257,60.26074],[24.86267,60.2599],[24.86275,60.25917],[24.8629,60.25917],[24.86305,60.25824],[24.86312,60.25781],[24.86318,60.25763],[24.86329,60.25709],[24.86328,60.25707],[24.8629,60.25701],[24.8631,60.25612],[24.86336,60.25533],[24.86349,60.25494],[24.86369,60.25435],[24.86374,60.25421],[24.86389,60.25374],[24.86431,60.25392],[24.86443,60.25382],[24.86451,60.25375],[24.86463,60.25369],[24.86487,60.25361],[24.86508,60.25355],[24.8652,60.2535],[24.86543,60.25337],[24.86553,60.25332],[24.86575,60.25329],[24.86592,60.25328],[24.86609,60.25328],[24.86649,60.25329],[24.86662,60.25328],[24.86706,60.25318],[24.86714,60.25315],[24.86728,60.25301],[24.86745,60.25284],[24.86747,60.25282],[24.86759,60.25267],[24.86761,60.25254],[24.8677,60.25246],[24.86787,60.25238],[24.86876,60.25327],[24.86887,60.25329],[24.86891,60.2533],[24.87007,60.25358],[24.8707,60.25373],[24.87242,60.25414],[24.87289,60.25475],[24.87326,60.25522],[24.87406,60.25624],[24.87415,60.25636],[24.87441,60.25669],[24.87488,60.2573],[24.87507,60.25755],[24.87536,60.25791],[24.87563,60.25828],[24.87608,60.25885],[24.87672,60.25964],[24.87683,60.25979],[24.87691,60.25989],[24.87725,60.26031],[24.88048,60.26169],[24.88457,60.26345],[24.88513,60.26369],[24.88567,60.26391],[24.88578,60.26396],[24.88871,60.26523],[24.88916,60.26542],[24.89141,60.26639],[24.89197,60.2668],[24.89247,60.26715],[24.89253,60.26736],[24.89259,60.26761],[24.89268,60.26797],[24.89279,60.26841],[24.8928,60.26843],[24.89282,60.26853],[24.89204,60.26854],[24.88942,60.26813],[24.88782,60.26772],[24.88765,60.26769],[24.88748,60.26768],[24.88717,60.26768],[24.88681,60.26773],[24.88654,60.26779],[24.88636,60.26786],[24.88604,60.26802],[24.88584,60.26814],[24.88563,60.26831],[24.88548,60.26851],[24.88523,60.26895],[24.88501,60.2694],[24.88455,60.27024],[24.88405,60.27107],[24.88388,60.27136],[24.88379,60.27145],[24.88358,60.27159],[24.88333,60.27167],[24.88314,60.2717],[24.88283,60.27172],[24.88267,60.27172],[24.88221,60.27168],[24.88171,60.27168],[24.8815,60.2717],[24.88125,60.27173],[24.88099,60.2718],[24.8807,60.27192],[24.88054,60.27202],[24.88039,60.27218],[24.88033,60.27228],[24.88033,60.27237],[24.88036,60.27254],[24.88039,60.27259],[24.88083,60.27305]]]}},{"type":"Feature","properties":{"code":"092022","kunta":"092","kokotun":"0922022000","name":"Keimola","name_sv":"","named":true,"peruspiiri_code":"092022","peruspiiri":"Keimola","source":"HSY Seutukartta 2021 (tila-alue)","bb":[60.30543,24.76946,60.34801,24.84374],"c":[60.32533,24.80315]},"geometry":{"type":"Polygon","coordinates":[[[24.78708,60.34801],[24.78664,60.3479],[24.78631,60.34777],[24.78556,60.3474],[24.78544,60.34732],[24.78454,60.34646],[24.78411,60.34578],[24.78402,60.34537],[24.78403,60.34515],[24.78423,60.34471],[24.78426,60.34461],[24.78433,60.34444],[24.7845,60.34425],[24.78467,60.34407],[24.78474,60.34398],[24.78467,60.34387],[24.78445,60.34377],[24.78316,60.34328],[24.78287,60.3432],[24.78237,60.34311],[24.78196,60.34304],[24.78173,60.34299],[24.78155,60.34291],[24.78131,60.34279],[24.78098,60.34259],[24.78073,60.34229],[24.7806,60.34215],[24.78038,60.34189],[24.78028,60.3418],[24.7801,60.34168],[24.77983,60.34154],[24.77963,60.34144],[24.77922,60.3413],[24.77912,60.34119],[24.77888,60.34093],[24.77869,60.34065],[24.77844,60.34034],[24.77827,60.34009],[24.77788,60.33972],[24.77771,60.33952],[24.7776,60.33932],[24.77747,60.33912],[24.77725,60.33896],[24.777,60.33886],[24.77675,60.3388],[24.7762,60.3387],[24.77586,60.33864],[24.77556,60.33855],[24.77539,60.33845],[24.77525,60.3383],[24.77501,60.33794],[24.77481,60.33782],[24.7746,60.33773],[24.77426,60.33764],[24.77372,60.33756],[24.77309,60.33749],[24.77269,60.33741],[24.77246,60.33731],[24.77229,60.33719],[24.77221,60.33706],[24.77218,60.33692],[24.77216,60.3367],[24.7722,60.33638],[24.77223,60.33592],[24.77236,60.33583],[24.77382,60.3347],[24.77342,60.33331],[24.77332,60.33301],[24.77273,60.33141],[24.77253,60.33086],[24.77179,60.32894],[24.77082,60.32608],[24.76946,60.32229],[24.77194,60.3214],[24.77382,60.32074],[24.77679,60.31968],[24.78006,60.31851],[24.78121,60.31808],[24.7827,60.31753],[24.78328,60.31732],[24.78832,60.31544],[24.78899,60.31523],[24.79511,60.31313],[24.79804,60.31213],[24.80027,60.31131],[24.80122,60.31102],[24.80411,60.31011],[24.80925,60.30848],[24.81236,60.30753],[24.81172,60.30614],[24.8123,60.30543],[24.81406,60.30576],[24.81769,60.30623],[24.83025,60.30791],[24.83169,60.30799],[24.8333,60.308],[24.83411,60.30796],[24.83684,60.30775],[24.83776,60.30776],[24.83948,60.30782],[24.84051,60.30797],[24.84103,60.30802],[24.84103,60.30805],[24.84225,60.30831],[24.84254,60.30838],[24.84374,60.30874],[24.84346,60.30936],[24.84313,60.30998],[24.84277,60.31059],[24.84259,60.31084],[24.84233,60.31114],[24.84194,60.31154],[24.8411,60.31246],[24.84099,60.31256],[24.83996,60.31336],[24.839,60.3141],[24.83811,60.31489],[24.83635,60.31667],[24.83613,60.31687],[24.8359,60.31707],[24.83543,60.31746],[24.8352,60.31765],[24.83499,60.31784],[24.83479,60.31809],[24.83415,60.31876],[24.83388,60.31902],[24.83149,60.32088],[24.83164,60.32092],[24.8313,60.32118],[24.83081,60.32148],[24.82947,60.32259],[24.82888,60.32316],[24.82806,60.32375],[24.82587,60.32544],[24.82534,60.32569],[24.82401,60.32704],[24.82329,60.32784],[24.82291,60.32835],[24.82165,60.32983],[24.82148,60.32998],[24.82142,60.33018],[24.8211,60.33053],[24.82057,60.33132],[24.82039,60.33145],[24.81957,60.33166],[24.81894,60.33204],[24.8181,60.3327],[24.81736,60.33344],[24.81746,60.33364],[24.81756,60.33381],[24.8177,60.3355],[24.81759,60.33583],[24.81741,60.33614],[24.8158,60.33827],[24.81504,60.33902],[24.8148,60.3393],[24.81468,60.33957],[24.81439,60.33983],[24.81439,60.34011],[24.814,60.34074],[24.81291,60.34209],[24.81261,60.34216],[24.81215,60.34241],[24.81148,60.34254],[24.81103,60.34261],[24.81049,60.34268],[24.80898,60.34281],[24.80843,60.34282],[24.80808,60.34278],[24.80785,60.34277],[24.80729,60.34278],[24.80646,60.34269],[24.80551,60.34264],[24.80453,60.34263],[24.80349,60.34267],[24.80293,60.34265],[24.80249,60.34262],[24.80169,60.34256],[24.80111,60.34258],[24.80066,60.34266],[24.80024,60.34279],[24.79998,60.3429],[24.79966,60.34307],[24.79929,60.34326],[24.79871,60.34364],[24.79832,60.34386],[24.79765,60.34417],[24.79669,60.34456],[24.79612,60.34481],[24.79523,60.34527],[24.7949,60.3455],[24.79451,60.34585],[24.79375,60.3464],[24.79316,60.34672],[24.79278,60.34689],[24.79219,60.3471],[24.79153,60.34724],[24.78903,60.34786],[24.78853,60.3479],[24.78755,60.34792],[24.78736,60.34794],[24.78708,60.34801]]]}},{"type":"Feature","properties":{"code":"092013","kunta":"092","kokotun":"0921013000","name":"Vapaala","name_sv":"","named":true,"peruspiiri_code":"092013","peruspiiri":"Vapaala","source":"HSY Seutukartta 2021 (tila-alue)","bb":[60.25331,24.81118,60.26875,24.83644],"c":[60.2616,24.82549]},"geometry":{"type":"Polygon","coordinates":[[[24.83552,60.2681],[24.83492,60.26806],[24.83463,60.26803],[24.83443,60.268],[24.83416,60.26794],[24.83405,60.26795],[24.83358,60.26803],[24.83314,60.26813],[24.8327,60.26824],[24.83205,60.26839],[24.83008,60.26875],[24.82981,60.26849],[24.82944,60.26856],[24.82905,60.26861],[24.82866,60.26865],[24.82827,60.26867],[24.82787,60.26868],[24.82748,60.26866],[24.82708,60.26863],[24.8267,60.26858],[24.82632,60.26852],[24.82555,60.26835],[24.81997,60.26713],[24.81877,60.26683],[24.81812,60.26665],[24.81746,60.26646],[24.81682,60.26625],[24.81621,60.26601],[24.81561,60.26577],[24.81522,60.2656],[24.81482,60.26541],[24.8144,60.26523],[24.81371,60.26495],[24.81344,60.26485],[24.81289,60.26465],[24.81174,60.26425],[24.81118,60.26384],[24.8112,60.2638],[24.81147,60.26336],[24.81188,60.26299],[24.81211,60.26279],[24.81272,60.26216],[24.81296,60.26189],[24.81318,60.26161],[24.81376,60.26086],[24.81426,60.26018],[24.8146,60.25993],[24.81449,60.25988],[24.81492,60.2593],[24.81517,60.25896],[24.81546,60.25861],[24.81571,60.25828],[24.81607,60.25796],[24.81622,60.25782],[24.81648,60.25765],[24.81686,60.25738],[24.81731,60.25713],[24.81755,60.257],[24.81833,60.25663],[24.81926,60.25628],[24.82012,60.256],[24.82042,60.25593],[24.82064,60.25593],[24.82125,60.25571],[24.82131,60.25567],[24.82164,60.25556],[24.82391,60.2548],[24.824,60.25479],[24.82401,60.25474],[24.8246,60.25454],[24.82479,60.25462],[24.82512,60.25457],[24.82863,60.25331],[24.8298,60.25363],[24.8314,60.25406],[24.83234,60.25431],[24.83368,60.25467],[24.83473,60.2585],[24.83505,60.25967],[24.83531,60.26057],[24.83539,60.26084],[24.83561,60.26161],[24.83568,60.26185],[24.83577,60.26216],[24.83594,60.26213],[24.8361,60.26269],[24.83644,60.26386],[24.83626,60.26387],[24.83632,60.26417],[24.83588,60.26628],[24.83577,60.26673],[24.83552,60.2681]]]}},{"type":"Feature","properties":{"code":"092034","kunta":"092","kokotun":"0922034000","name":"Kiila","name_sv":"","named":true,"peruspiiri_code":"092034","peruspiiri":"Kiila","source":"HSY Seutukartta 2021 (tila-alue)","bb":[60.32908,24.86564,60.38247,24.9431],"c":[60.35089,24.90415]},"geometry":{"type":"Polygon","coordinates":[[[24.9431,60.33845],[24.94218,60.33893],[24.94182,60.33913],[24.94079,60.33978],[24.93912,60.34089],[24.93787,60.3417],[24.93738,60.342],[24.93644,60.34259],[24.93381,60.34434],[24.93207,60.34544],[24.93076,60.34632],[24.92843,60.34805],[24.92662,60.34946],[24.9236,60.35177],[24.9188,60.35544],[24.91505,60.3583],[24.91025,60.36196],[24.90834,60.36341],[24.90721,60.36428],[24.9065,60.36481],[24.90608,60.36504],[24.90379,60.36633],[24.90347,60.36652],[24.89895,60.36906],[24.89557,60.37096],[24.89444,60.37161],[24.88972,60.37458],[24.88835,60.37543],[24.88263,60.37897],[24.88003,60.3806],[24.87702,60.38247],[24.87672,60.38246],[24.87663,60.38246],[24.8768,60.38224],[24.87687,60.38185],[24.87688,60.38174],[24.87701,60.38112],[24.87707,60.38067],[24.87714,60.38021],[24.87712,60.38009],[24.87703,60.37983],[24.87701,60.37961],[24.87701,60.37922],[24.87703,60.37903],[24.87707,60.3788],[24.87705,60.37847],[24.87701,60.37821],[24.87689,60.37791],[24.87681,60.37774],[24.87671,60.37756],[24.87644,60.37717],[24.87629,60.37699],[24.87592,60.3767],[24.87571,60.37642],[24.87554,60.37611],[24.87498,60.37529],[24.87457,60.37485],[24.87424,60.37448],[24.87406,60.37431],[24.87373,60.3741],[24.87331,60.37394],[24.87316,60.37392],[24.87288,60.37389],[24.87268,60.37391],[24.87252,60.37394],[24.87241,60.37399],[24.87207,60.37421],[24.8716,60.3745],[24.87129,60.37466],[24.87117,60.37469],[24.87099,60.37473],[24.87079,60.37475],[24.87054,60.37476],[24.87028,60.37474],[24.87005,60.37471],[24.86979,60.37465],[24.86922,60.37447],[24.86846,60.37418],[24.86788,60.37388],[24.86778,60.37363],[24.86778,60.37347],[24.8679,60.37332],[24.86819,60.37312],[24.86857,60.37292],[24.86877,60.37285],[24.86932,60.37274],[24.86963,60.37266],[24.86984,60.37258],[24.87002,60.37246],[24.87011,60.37235],[24.87013,60.37227],[24.87007,60.37206],[24.86981,60.37187],[24.86935,60.37151],[24.86914,60.37137],[24.86896,60.37128],[24.8686,60.37112],[24.86828,60.37103],[24.86802,60.37102],[24.86759,60.37109],[24.86752,60.37112],[24.86703,60.37132],[24.86657,60.37154],[24.8663,60.37167],[24.86591,60.37181],[24.86577,60.37184],[24.86564,60.37186],[24.86825,60.37001],[24.86997,60.36879],[24.87081,60.3682],[24.87145,60.36776],[24.87264,60.36694],[24.87395,60.36538],[24.8758,60.36311],[24.87691,60.36176],[24.88224,60.35828],[24.88278,60.35766],[24.88316,60.35701],[24.88345,60.35643],[24.88365,60.35603],[24.88399,60.35545],[24.88435,60.355],[24.88448,60.35489],[24.88533,60.35432],[24.88574,60.35413],[24.88688,60.35339],[24.8874,60.35337],[24.88906,60.35307],[24.88961,60.35278],[24.89103,60.3523],[24.89219,60.3519],[24.89256,60.35191],[24.89289,60.35187],[24.89307,60.35174],[24.89317,60.35163],[24.8934,60.3513],[24.89361,60.35107],[24.89451,60.35075],[24.89492,60.35056],[24.89512,60.35046],[24.89527,60.35014],[24.89522,60.34996],[24.89516,60.3499],[24.89472,60.34973],[24.89465,60.34968],[24.89463,60.34955],[24.89464,60.34921],[24.89467,60.34884],[24.89481,60.34818],[24.89518,60.34778],[24.8946,60.34616],[24.89489,60.34409],[24.89501,60.34322],[24.89332,60.34338],[24.89189,60.3435],[24.89137,60.34316],[24.89039,60.34254],[24.88968,60.34208],[24.88933,60.34184],[24.88761,60.34073],[24.88806,60.34054],[24.88835,60.34042],[24.88876,60.34021],[24.8889,60.34013],[24.88916,60.33993],[24.88948,60.33966],[24.8896,60.33954],[24.88969,60.33939],[24.88972,60.33929],[24.88972,60.33913],[24.88964,60.33887],[24.88959,60.33874],[24.88948,60.33861],[24.88939,60.33852],[24.88917,60.33835],[24.88896,60.33811],[24.88891,60.33803],[24.8889,60.33788],[24.88896,60.33769],[24.88903,60.33757],[24.8892,60.33738],[24.88938,60.33722],[24.88958,60.33707],[24.88982,60.33692],[24.89034,60.33665],[24.89087,60.33637],[24.89129,60.33618],[24.89182,60.33591],[24.89222,60.33567],[24.89264,60.33537],[24.89301,60.33508],[24.89323,60.33484],[24.89332,60.3347],[24.8934,60.33453],[24.89345,60.33438],[24.89349,60.33419],[24.89353,60.33376],[24.89362,60.33339],[24.89381,60.33273],[24.89384,60.33253],[24.89385,60.33219],[24.89382,60.33186],[24.89378,60.33168],[24.89372,60.33122],[24.89374,60.33091],[24.89378,60.3307],[24.89813,60.33061],[24.90205,60.33051],[24.90415,60.33048],[24.90618,60.33041],[24.90873,60.33034],[24.90982,60.33088],[24.91003,60.33089],[24.91008,60.33069],[24.91062,60.3306],[24.91127,60.33022],[24.91263,60.33015],[24.91241,60.3309],[24.91274,60.33119],[24.91504,60.33118],[24.91935,60.33093],[24.91912,60.32989],[24.9206,60.32983],[24.92215,60.32979],[24.92229,60.32981],[24.92237,60.32983],[24.9222,60.3296],[24.92311,60.32955],[24.9261,60.32939],[24.92874,60.32923],[24.93142,60.32908],[24.9352,60.33095],[24.93618,60.33186],[24.93955,60.33342],[24.93749,60.33455],[24.93638,60.33517],[24.93652,60.33562],[24.93782,60.33618],[24.93828,60.33639],[24.93936,60.33684],[24.94067,60.33741],[24.94179,60.3379],[24.94214,60.33804],[24.9431,60.33845]]]}},{"type":"Feature","properties":{"code":"092098","kunta":"092","kokotun":"0927098000","name":"Sotunki","name_sv":"","named":true,"peruspiiri_code":"092098","peruspiiri":"Sotunki","source":"HSY Seutukartta 2021 (tila-alue)","bb":[60.26978,25.12445,60.31937,25.19307],"c":[60.29342,25.15618]},"geometry":{"type":"Polygon","coordinates":[[[25.13988,60.31937],[25.1342,60.31412],[25.13189,60.31199],[25.13169,60.31057],[25.13164,60.31023],[25.13123,60.30743],[25.13058,60.30283],[25.13052,60.30221],[25.13041,60.30153],[25.13025,60.30057],[25.13014,60.29999],[25.13056,60.29997],[25.13283,60.29799],[25.13224,60.29803],[25.13274,60.29746],[25.13085,60.29749],[25.13107,60.29715],[25.12882,60.29699],[25.1286,60.29706],[25.12653,60.29744],[25.12531,60.29764],[25.12457,60.29779],[25.12445,60.2976],[25.12476,60.297],[25.12491,60.29669],[25.12519,60.29613],[25.12561,60.29529],[25.12616,60.29421],[25.12668,60.2932],[25.12811,60.29041],[25.12842,60.28981],[25.12906,60.28856],[25.13026,60.28483],[25.13166,60.28302],[25.13075,60.28048],[25.13052,60.27984],[25.12733,60.27715],[25.12738,60.27713],[25.1274,60.27706],[25.12737,60.27703],[25.12747,60.27698],[25.12775,60.27697],[25.12789,60.27693],[25.12809,60.2769],[25.12817,60.27686],[25.12827,60.27684],[25.12842,60.27675],[25.1284,60.27671],[25.1283,60.27666],[25.12831,60.27663],[25.12842,60.27651],[25.13002,60.27574],[25.13182,60.27546],[25.13488,60.27519],[25.13581,60.27518],[25.13736,60.27516],[25.13751,60.27525],[25.13763,60.27528],[25.13775,60.27519],[25.13813,60.27502],[25.13837,60.27476],[25.13849,60.2744],[25.1384,60.27407],[25.13819,60.27377],[25.13806,60.27354],[25.13808,60.27334],[25.13835,60.27253],[25.13838,60.27232],[25.13832,60.27231],[25.13842,60.27212],[25.13925,60.27162],[25.1395,60.27116],[25.1394,60.27054],[25.13924,60.27003],[25.14253,60.26978],[25.14968,60.27136],[25.15326,60.27216],[25.16933,60.27575],[25.1715,60.27624],[25.17239,60.27643],[25.17378,60.27826],[25.17483,60.27833],[25.17565,60.2782],[25.17684,60.27799],[25.17775,60.2779],[25.17825,60.27782],[25.17876,60.27782],[25.18159,60.27849],[25.18247,60.27869],[25.18766,60.27988],[25.18775,60.28004],[25.18781,60.28025],[25.18944,60.28378],[25.18958,60.2841],[25.19032,60.28574],[25.19072,60.2867],[25.19109,60.28759],[25.19134,60.28818],[25.19307,60.29225],[25.19202,60.29314],[25.19027,60.2946],[25.18924,60.29545],[25.18882,60.29586],[25.18849,60.29604],[25.18732,60.29701],[25.18713,60.29718],[25.18665,60.29758],[25.18539,60.29866],[25.18272,60.30085],[25.17949,60.30346],[25.17667,60.30575],[25.17324,60.30854],[25.17159,60.3099],[25.17093,60.3104],[25.17088,60.31045],[25.17015,60.31104],[25.16961,60.31149],[25.16828,60.31187],[25.16645,60.31235],[25.16462,60.31284],[25.15784,60.31464],[25.15421,60.31556],[25.1481,60.31721],[25.13988,60.31937]]]}},{"type":"Feature","properties":{"code":"092097","kunta":"092","kokotun":"0927097000","name":"Kuninkaanmäki","name_sv":"","named":true,"peruspiiri_code":"092097","peruspiiri":"Kuninkaanmäki","source":"HSY Seutukartta 2021 (tila-alue)","bb":[60.29671,25.09458,60.32868,25.13988],"c":[60.30977,25.11743]},"geometry":{"type":"Polygon","coordinates":[[[25.11646,60.32868],[25.11658,60.32834],[25.11659,60.32795],[25.11662,60.3279],[25.11655,60.3277],[25.11665,60.32742],[25.1166,60.32715],[25.11656,60.3271],[25.1166,60.32675],[25.11657,60.32637],[25.11643,60.32607],[25.11631,60.32577],[25.11619,60.32564],[25.11599,60.3254],[25.11592,60.32512],[25.11583,60.32496],[25.11564,60.32454],[25.11557,60.32402],[25.11538,60.32391],[25.11476,60.32278],[25.1148,60.3227],[25.11454,60.32232],[25.11454,60.3222],[25.11437,60.32192],[25.11433,60.32179],[25.1142,60.32172],[25.11426,60.32169],[25.11409,60.32148],[25.11343,60.32076],[25.1133,60.32061],[25.11308,60.32039],[25.11274,60.31996],[25.11238,60.31964],[25.11153,60.31875],[25.11106,60.31832],[25.11051,60.318],[25.11016,60.31768],[25.10983,60.31731],[25.10968,60.31718],[25.10883,60.31649],[25.10795,60.31567],[25.10759,60.31543],[25.10724,60.31508],[25.10674,60.31474],[25.10662,60.31452],[25.10644,60.31436],[25.10632,60.31428],[25.10611,60.31412],[25.1059,60.31392],[25.10579,60.31374],[25.10521,60.31318],[25.10477,60.31288],[25.10408,60.31226],[25.10386,60.31232],[25.10063,60.30926],[25.09943,60.30821],[25.09847,60.30754],[25.09761,60.30704],[25.09708,60.30639],[25.09701,60.30588],[25.09697,60.30576],[25.09694,60.3055],[25.09696,60.30468],[25.09695,60.30433],[25.09696,60.3043],[25.09692,60.30392],[25.09688,60.30366],[25.09677,60.30324],[25.09668,60.30295],[25.09657,60.30269],[25.09601,60.30137],[25.09569,60.30055],[25.09492,60.29837],[25.09458,60.29723],[25.09473,60.29722],[25.09627,60.2971],[25.097,60.29705],[25.09783,60.29701],[25.09884,60.29699],[25.09952,60.29698],[25.10026,60.29699],[25.1009,60.297],[25.10106,60.29676],[25.10225,60.29671],[25.10278,60.29706],[25.11226,60.29767],[25.1124,60.29768],[25.11266,60.29767],[25.11302,60.29762],[25.11324,60.29755],[25.11343,60.29747],[25.11368,60.29732],[25.1139,60.29721],[25.11403,60.29716],[25.11528,60.2969],[25.11534,60.29684],[25.11549,60.29684],[25.11549,60.29687],[25.11591,60.29701],[25.11696,60.29732],[25.11743,60.29746],[25.11765,60.29751],[25.11793,60.29755],[25.11846,60.29758],[25.11873,60.29757],[25.11892,60.29754],[25.1194,60.29741],[25.11991,60.29728],[25.1202,60.29728],[25.12033,60.29725],[25.1212,60.29746],[25.12189,60.29764],[25.12313,60.29804],[25.12457,60.29779],[25.12531,60.29764],[25.12653,60.29744],[25.1286,60.29706],[25.12882,60.29699],[25.13107,60.29715],[25.13085,60.29749],[25.13274,60.29746],[25.13224,60.29803],[25.13283,60.29799],[25.13056,60.29997],[25.13014,60.29999],[25.13025,60.30057],[25.13041,60.30153],[25.13052,60.30221],[25.13058,60.30283],[25.13123,60.30743],[25.13164,60.31023],[25.13169,60.31057],[25.13189,60.31199],[25.1342,60.31412],[25.13988,60.31937],[25.13708,60.32008],[25.13664,60.32021],[25.13565,60.32048],[25.13022,60.32282],[25.12806,60.32375],[25.12473,60.32516],[25.1231,60.32585],[25.12228,60.3262],[25.12137,60.3266],[25.12101,60.32675],[25.12064,60.32691],[25.12042,60.327],[25.1197,60.32731],[25.11799,60.32804],[25.11754,60.32823],[25.11646,60.32868]]]}},{"type":"Feature","properties":{"code":"092096","kunta":"092","kokotun":"0927096000","name":"Itä-Hakkila","name_sv":"","named":true,"peruspiiri_code":"092096","peruspiiri":"Itä-Hakkila","source":"HSY Seutukartta 2021 (tila-alue)","bb":[60.28361,25.09245,60.29804,25.12906],"c":[60.29171,25.10979]},"geometry":{"type":"Polygon","coordinates":[[[25.12457,60.29779],[25.12313,60.29804],[25.12189,60.29764],[25.1212,60.29746],[25.12033,60.29725],[25.1202,60.29728],[25.11991,60.29728],[25.1194,60.29741],[25.11892,60.29754],[25.11873,60.29757],[25.11846,60.29758],[25.11793,60.29755],[25.11765,60.29751],[25.11743,60.29746],[25.11696,60.29732],[25.11591,60.29701],[25.11549,60.29687],[25.11549,60.29684],[25.11534,60.29684],[25.11528,60.2969],[25.11403,60.29716],[25.1139,60.29721],[25.11368,60.29732],[25.11343,60.29747],[25.11324,60.29755],[25.11302,60.29762],[25.11266,60.29767],[25.1124,60.29768],[25.11226,60.29767],[25.10278,60.29706],[25.10225,60.29671],[25.10106,60.29676],[25.1009,60.297],[25.10026,60.29699],[25.09952,60.29698],[25.09884,60.29699],[25.09783,60.29701],[25.097,60.29705],[25.09627,60.2971],[25.09473,60.29722],[25.09474,60.2971],[25.09444,60.29641],[25.09439,60.29584],[25.09431,60.29533],[25.09419,60.29487],[25.09393,60.29397],[25.09386,60.2938],[25.09394,60.29355],[25.09392,60.29337],[25.09389,60.29329],[25.09363,60.29299],[25.09365,60.29233],[25.09353,60.29169],[25.09326,60.29068],[25.09338,60.29033],[25.09309,60.28766],[25.09299,60.28722],[25.0929,60.28703],[25.093,60.28699],[25.093,60.28679],[25.09288,60.28606],[25.09271,60.28551],[25.09245,60.28469],[25.09398,60.28477],[25.09404,60.28475],[25.0941,60.2848],[25.09424,60.28482],[25.09435,60.28486],[25.0956,60.28588],[25.0957,60.28594],[25.09589,60.28602],[25.09967,60.28722],[25.09976,60.28727],[25.10119,60.28772],[25.10124,60.28777],[25.10127,60.28786],[25.10145,60.28767],[25.10213,60.28691],[25.10222,60.28684],[25.10246,60.28657],[25.10289,60.28589],[25.103,60.28578],[25.10336,60.28529],[25.10345,60.2848],[25.10343,60.28453],[25.1034,60.28448],[25.10328,60.28415],[25.10329,60.28408],[25.10407,60.28407],[25.10495,60.28361],[25.10512,60.28375],[25.10758,60.28548],[25.10764,60.28566],[25.10798,60.28587],[25.10796,60.28588],[25.10997,60.28674],[25.11113,60.28732],[25.11259,60.28711],[25.11841,60.28634],[25.12036,60.28719],[25.12326,60.28769],[25.12553,60.28808],[25.12527,60.28844],[25.12702,60.2885],[25.12874,60.28855],[25.12906,60.28856],[25.12842,60.28981],[25.12811,60.29041],[25.12668,60.2932],[25.12616,60.29421],[25.12561,60.29529],[25.12519,60.29613],[25.12491,60.29669],[25.12476,60.297],[25.12445,60.2976],[25.12457,60.29779]]]}},{"type":"Feature","properties":{"code":"092083","kunta":"092","kokotun":"0926083000","name":"Metsola","name_sv":"","named":true,"peruspiiri_code":"092083","peruspiiri":"Metsola","source":"HSY Seutukartta 2021 (tila-alue)","bb":[60.34455,25.07594,60.35918,25.11023],"c":[60.35042,25.09242]},"geometry":{"type":"Polygon","coordinates":[[[25.08231,60.35918],[25.08206,60.35883],[25.0817,60.35833],[25.08135,60.35781],[25.08109,60.35731],[25.08081,60.35682],[25.07919,60.35349],[25.0793,60.35348],[25.07911,60.3531],[25.07913,60.35297],[25.07889,60.35252],[25.0787,60.35231],[25.07827,60.35152],[25.0783,60.35139],[25.07802,60.35085],[25.07803,60.35085],[25.07781,60.35041],[25.07779,60.35041],[25.07763,60.3501],[25.07745,60.34976],[25.07731,60.34959],[25.07689,60.34879],[25.07641,60.34785],[25.07628,60.34764],[25.07628,60.34753],[25.07598,60.34708],[25.07594,60.347],[25.07733,60.34706],[25.07807,60.34701],[25.07838,60.34701],[25.0789,60.347],[25.0794,60.34697],[25.07976,60.34695],[25.08029,60.3469],[25.08084,60.34684],[25.08166,60.34672],[25.08304,60.34651],[25.08366,60.34639],[25.08442,60.34621],[25.08578,60.34587],[25.08687,60.34565],[25.08729,60.34557],[25.08759,60.34552],[25.0881,60.34546],[25.08877,60.3454],[25.08917,60.34537],[25.08956,60.34535],[25.08996,60.34534],[25.09072,60.34534],[25.09236,60.34535],[25.09328,60.34537],[25.09326,60.34533],[25.09372,60.34531],[25.09441,60.34525],[25.09478,60.34523],[25.09527,60.34519],[25.09577,60.34514],[25.09601,60.34508],[25.09626,60.34503],[25.09667,60.34493],[25.09715,60.34484],[25.0977,60.34476],[25.09833,60.34469],[25.0988,60.34466],[25.09903,60.34466],[25.09932,60.34464],[25.10059,60.34468],[25.10093,60.34469],[25.10229,60.34467],[25.10239,60.34465],[25.10266,60.34463],[25.10318,60.34461],[25.10343,60.34457],[25.10378,60.34455],[25.10413,60.34455],[25.10422,60.34457],[25.10456,60.34458],[25.10479,60.3446],[25.10547,60.34457],[25.10625,60.34474],[25.10669,60.34515],[25.10686,60.34529],[25.10718,60.34552],[25.10745,60.34571],[25.10784,60.34598],[25.10798,60.34617],[25.10815,60.34621],[25.1084,60.34642],[25.10854,60.34661],[25.10865,60.34681],[25.10874,60.34706],[25.10888,60.3479],[25.10906,60.34822],[25.10909,60.34841],[25.10924,60.34887],[25.10943,60.34926],[25.10944,60.34946],[25.10937,60.34952],[25.10948,60.35042],[25.10957,60.35059],[25.10966,60.35084],[25.10984,60.35157],[25.10992,60.35175],[25.11001,60.35203],[25.11015,60.35259],[25.11023,60.35318],[25.10834,60.35317],[25.10755,60.3531],[25.10654,60.35308],[25.10588,60.35328],[25.10536,60.35326],[25.10518,60.35277],[25.10468,60.35276],[25.10434,60.35275],[25.10345,60.35273],[25.10151,60.35269],[25.10102,60.35268],[25.09915,60.35264],[25.09785,60.35261],[25.09632,60.35258],[25.09537,60.35256],[25.09445,60.35254],[25.09217,60.35249],[25.09206,60.35392],[25.09193,60.35535],[25.09171,60.35556],[25.09167,60.35601],[25.09019,60.35668],[25.0903,60.35677],[25.09034,60.35683],[25.09028,60.3569],[25.08965,60.35722],[25.08862,60.35769],[25.08829,60.35782],[25.08794,60.35794],[25.08758,60.35805],[25.08556,60.35856],[25.08528,60.35857],[25.08476,60.35857],[25.08464,60.35874],[25.08342,60.35901],[25.08317,60.35905],[25.08231,60.35918]]]}},{"type":"Feature","properties":{"code":"092061","kunta":"092","kokotun":"0924061000","name":"Tikkurila","name_sv":"","named":true,"peruspiiri_code":"092061","peruspiiri":"Tikkurila","source":"HSY Seutukartta 2021 (tila-alue)","bb":[60.28406,25.03061,60.30001,25.04676],"c":[60.29297,25.03827]},"geometry":{"type":"Polygon","coordinates":[[[25.04676,60.29905],[25.04443,60.29932],[25.04441,60.29926],[25.04043,60.29971],[25.03904,60.29986],[25.03895,60.29984],[25.03781,60.29997],[25.03756,60.3],[25.03732,60.30001],[25.03707,60.30001],[25.03683,60.29999],[25.03265,60.29967],[25.0324,60.29965],[25.03216,60.29965],[25.03191,60.29966],[25.0315,60.29971],[25.03118,60.29977],[25.03153,60.29959],[25.03177,60.29939],[25.03218,60.29937],[25.03258,60.29938],[25.03316,60.29942],[25.03331,60.2994],[25.03336,60.29935],[25.03352,60.29908],[25.03363,60.29894],[25.03414,60.298],[25.0342,60.29781],[25.03463,60.29762],[25.03433,60.29704],[25.03481,60.29698],[25.03066,60.28958],[25.03068,60.28951],[25.03069,60.28912],[25.03061,60.28905],[25.03092,60.2871],[25.03099,60.28703],[25.03107,60.287],[25.03121,60.287],[25.03119,60.28692],[25.03167,60.28679],[25.03141,60.28653],[25.03119,60.28626],[25.03106,60.28606],[25.03092,60.2858],[25.03086,60.28567],[25.03082,60.28551],[25.03081,60.28544],[25.03106,60.28543],[25.03123,60.28542],[25.03136,60.2854],[25.03148,60.28537],[25.03167,60.28529],[25.03192,60.28524],[25.03214,60.28516],[25.03224,60.28511],[25.03246,60.28503],[25.03258,60.285],[25.03284,60.28496],[25.03331,60.28496],[25.03355,60.28498],[25.03381,60.28504],[25.034,60.2851],[25.03429,60.28522],[25.03442,60.2853],[25.03449,60.28536],[25.03454,60.28543],[25.03456,60.28557],[25.03456,60.28571],[25.03445,60.28597],[25.03443,60.28612],[25.03444,60.28628],[25.03448,60.2864],[25.0345,60.28645],[25.03456,60.28651],[25.03474,60.28669],[25.0349,60.28683],[25.03511,60.28705],[25.03526,60.2872],[25.03549,60.28731],[25.03565,60.28735],[25.03574,60.28736],[25.03604,60.28739],[25.03634,60.28739],[25.03669,60.28737],[25.03699,60.2874],[25.03734,60.2875],[25.03759,60.28763],[25.03773,60.28773],[25.03781,60.28783],[25.03786,60.2879],[25.03788,60.28798],[25.03802,60.28783],[25.03855,60.28724],[25.03893,60.28683],[25.04034,60.28531],[25.04047,60.28519],[25.04088,60.28474],[25.04065,60.28414],[25.04073,60.28406],[25.04198,60.28665],[25.04272,60.28817],[25.04276,60.28855],[25.04303,60.28929],[25.0431,60.28942],[25.04247,60.28953],[25.04254,60.28967],[25.04275,60.28965],[25.04349,60.29131],[25.04357,60.29148],[25.04352,60.29149],[25.04417,60.29291],[25.04419,60.29291],[25.04433,60.29322],[25.04431,60.29322],[25.04599,60.29691],[25.04598,60.29691],[25.04662,60.29833],[25.04644,60.29835],[25.04676,60.29905]]]}},{"type":"Feature","properties":{"code":"092063","kunta":"092","kokotun":"0924063000","name":"Viertola","name_sv":"","named":true,"peruspiiri_code":"092063","peruspiiri":"Viertola","source":"HSY Seutukartta 2021 (tila-alue)","bb":[60.28544,25.01101,60.30435,25.03481],"c":[60.29475,25.02336]},"geometry":{"type":"Polygon","coordinates":[[[25.01634,60.30435],[25.01574,60.30402],[25.01569,60.30319],[25.01565,60.30252],[25.01581,60.30252],[25.0163,60.30205],[25.0163,60.30169],[25.01672,60.3017],[25.01669,60.3011],[25.01571,60.30091],[25.01554,60.30093],[25.01541,60.30092],[25.01525,60.30088],[25.01512,60.30082],[25.01515,60.30069],[25.01511,60.30064],[25.01447,60.30038],[25.01486,60.30015],[25.01485,60.30002],[25.01493,60.29995],[25.01511,60.29984],[25.01504,60.29978],[25.01506,60.29973],[25.01527,60.29976],[25.01535,60.29968],[25.01524,60.29959],[25.01528,60.29957],[25.01543,60.29957],[25.01547,60.29951],[25.01534,60.29941],[25.0153,60.29931],[25.01533,60.29922],[25.01526,60.29915],[25.01552,60.29912],[25.01551,60.299],[25.01542,60.29895],[25.01562,60.29896],[25.01591,60.29895],[25.01608,60.29902],[25.0162,60.299],[25.01636,60.29892],[25.01634,60.29888],[25.0162,60.29881],[25.01619,60.29877],[25.01649,60.29867],[25.01649,60.29863],[25.01661,60.29858],[25.0165,60.29844],[25.01622,60.2985],[25.0161,60.29859],[25.01603,60.29859],[25.01613,60.29848],[25.01626,60.29842],[25.01637,60.29833],[25.01638,60.29827],[25.01632,60.29823],[25.01608,60.29819],[25.0161,60.29805],[25.01589,60.29803],[25.01574,60.29802],[25.0156,60.29792],[25.01542,60.29787],[25.01543,60.29775],[25.01548,60.29769],[25.01542,60.29765],[25.01527,60.2976],[25.01537,60.29745],[25.01536,60.29741],[25.01522,60.29732],[25.01536,60.29726],[25.01543,60.2972],[25.01543,60.29717],[25.01498,60.29709],[25.01487,60.29709],[25.01474,60.29715],[25.01467,60.29706],[25.01453,60.29695],[25.01455,60.29693],[25.01473,60.29693],[25.01482,60.29685],[25.01472,60.2968],[25.01459,60.29681],[25.01444,60.2968],[25.01443,60.29676],[25.01451,60.29668],[25.01445,60.29662],[25.01455,60.29659],[25.01467,60.29664],[25.0148,60.29661],[25.01491,60.29653],[25.0149,60.29644],[25.01504,60.29643],[25.01453,60.29633],[25.01451,60.2963],[25.01467,60.29622],[25.01478,60.29618],[25.01481,60.29612],[25.01464,60.296],[25.01448,60.29588],[25.01432,60.29582],[25.01421,60.2957],[25.01424,60.29567],[25.01435,60.29565],[25.01456,60.29554],[25.01483,60.29557],[25.01496,60.29554],[25.01503,60.29546],[25.01492,60.29533],[25.01455,60.29526],[25.01434,60.29529],[25.01431,60.29525],[25.01446,60.29516],[25.01474,60.29516],[25.01484,60.295],[25.01495,60.29496],[25.01493,60.29489],[25.0147,60.29487],[25.01455,60.29479],[25.01467,60.29472],[25.0148,60.29469],[25.01476,60.29457],[25.0149,60.29446],[25.015,60.29442],[25.01488,60.29429],[25.01488,60.29407],[25.01481,60.29408],[25.01477,60.29392],[25.01521,60.29392],[25.01475,60.29377],[25.01461,60.2935],[25.01481,60.2934],[25.01479,60.29328],[25.01441,60.29312],[25.01434,60.29314],[25.01433,60.29304],[25.01437,60.29296],[25.0143,60.29291],[25.01421,60.29291],[25.01399,60.29295],[25.01383,60.29292],[25.01403,60.29276],[25.01397,60.29265],[25.01405,60.29257],[25.01406,60.29249],[25.01366,60.29219],[25.01372,60.29191],[25.01361,60.29182],[25.01363,60.29168],[25.01346,60.29151],[25.01337,60.29147],[25.01342,60.29138],[25.01342,60.29129],[25.01338,60.29122],[25.0134,60.29111],[25.01346,60.29104],[25.01346,60.29098],[25.01339,60.29091],[25.0133,60.29076],[25.01312,60.29069],[25.01307,60.29066],[25.01306,60.2905],[25.01302,60.29043],[25.01291,60.29033],[25.01275,60.29021],[25.01238,60.29014],[25.01226,60.29006],[25.01214,60.29001],[25.01202,60.28993],[25.01184,60.28987],[25.01174,60.28981],[25.01172,60.28971],[25.01179,60.28966],[25.0119,60.28952],[25.01186,60.28948],[25.01174,60.28946],[25.01154,60.28935],[25.01155,60.28932],[25.01165,60.28927],[25.01181,60.28917],[25.01201,60.28914],[25.01208,60.28911],[25.0121,60.28907],[25.01198,60.28896],[25.01193,60.28882],[25.01172,60.28863],[25.01169,60.28858],[25.01156,60.28849],[25.01151,60.28838],[25.01136,60.28823],[25.01128,60.288],[25.0112,60.28787],[25.01101,60.28769],[25.01107,60.28766],[25.01159,60.28738],[25.01165,60.28736],[25.01172,60.28734],[25.01194,60.28733],[25.01208,60.28735],[25.01233,60.2874],[25.01252,60.28746],[25.0136,60.28787],[25.01376,60.28798],[25.01393,60.28813],[25.01404,60.28822],[25.01456,60.28854],[25.01475,60.28862],[25.01512,60.28873],[25.01553,60.28884],[25.01581,60.2889],[25.01625,60.28897],[25.01654,60.28898],[25.01722,60.28896],[25.01754,60.28894],[25.01789,60.2889],[25.01812,60.28887],[25.01834,60.28886],[25.0185,60.28887],[25.01865,60.28889],[25.01879,60.28892],[25.01924,60.28909],[25.01951,60.28917],[25.01973,60.28922],[25.02058,60.28931],[25.0209,60.28932],[25.02122,60.28929],[25.02141,60.28926],[25.02169,60.2892],[25.02197,60.28911],[25.02253,60.28888],[25.02276,60.28877],[25.02303,60.28862],[25.02327,60.28846],[25.02346,60.28831],[25.02365,60.28819],[25.02386,60.28809],[25.02423,60.28796],[25.02441,60.28792],[25.02474,60.28786],[25.02577,60.2877],[25.02614,60.28763],[25.02642,60.28754],[25.02658,60.28748],[25.02671,60.2874],[25.02686,60.28729],[25.02691,60.28719],[25.02696,60.28707],[25.02711,60.2868],[25.02719,60.28658],[25.02732,60.28639],[25.0274,60.28633],[25.02754,60.28631],[25.02765,60.28628],[25.02806,60.2861],[25.02838,60.28598],[25.02859,60.28589],[25.02869,60.28587],[25.02879,60.28583],[25.02889,60.28577],[25.02915,60.28568],[25.02962,60.28557],[25.02984,60.28552],[25.03023,60.28547],[25.03036,60.28545],[25.03081,60.28544],[25.03082,60.28551],[25.03086,60.28567],[25.03092,60.2858],[25.03106,60.28606],[25.03119,60.28626],[25.03141,60.28653],[25.03167,60.28679],[25.03119,60.28692],[25.03121,60.287],[25.03107,60.287],[25.03099,60.28703],[25.03092,60.2871],[25.03061,60.28905],[25.03069,60.28912],[25.03068,60.28951],[25.03066,60.28958],[25.03481,60.29698],[25.03433,60.29704],[25.03463,60.29762],[25.0342,60.29781],[25.03414,60.298],[25.03363,60.29894],[25.03352,60.29908],[25.03336,60.29935],[25.03331,60.2994],[25.03316,60.29942],[25.03258,60.29938],[25.03218,60.29937],[25.03177,60.29939],[25.03153,60.29959],[25.03118,60.29977],[25.03108,60.29982],[25.0306,60.29993],[25.02915,60.30035],[25.02891,60.30042],[25.02777,60.30074],[25.02724,60.30089],[25.02649,60.30111],[25.02513,60.3015],[25.02429,60.30174],[25.02335,60.30201],[25.02235,60.30228],[25.01988,60.30297],[25.01921,60.30317],[25.01851,60.30338],[25.01814,60.30351],[25.01751,60.30374],[25.01696,60.30397],[25.01661,60.30423],[25.01634,60.30435]]]}},{"type":"Feature","properties":{"code":"092068","kunta":"092","kokotun":"0924068000","name":"Koivuhaka","name_sv":"","named":true,"peruspiiri_code":"092068","peruspiiri":"Koivuhaka","source":"HSY Seutukartta 2021 (tila-alue)","bb":[60.28351,24.97523,60.30983,25.01672],"c":[60.29598,24.99867]},"geometry":{"type":"Polygon","coordinates":[[[25.0162,60.3044],[25.01585,60.30457],[25.01532,60.30479],[25.0149,60.30495],[25.01455,60.30508],[25.014,60.30528],[25.01345,60.30546],[25.01321,60.30553],[25.01236,60.30578],[25.01163,60.30596],[25.01081,60.30615],[25.01041,60.30623],[25.00979,60.30635],[25.00869,60.30654],[25.00845,60.30658],[25.00776,60.3068],[25.00504,60.30702],[25.00503,60.30693],[25.00278,60.30712],[25.00039,60.30738],[24.99974,60.30749],[24.99855,60.30766],[24.9975,60.30775],[24.99745,60.30793],[24.99779,60.30865],[24.99791,60.30911],[24.99809,60.30961],[24.99815,60.30981],[24.99655,60.30983],[24.9955,60.30931],[24.99508,60.30912],[24.99446,60.30889],[24.99398,60.30854],[24.99374,60.30827],[24.99324,60.30742],[24.99316,60.30716],[24.9932,60.30589],[24.99325,60.30569],[24.99317,60.30538],[24.99288,60.30498],[24.99254,60.30476],[24.99201,60.30449],[24.9923,60.30397],[24.99241,60.30394],[24.99241,60.3039],[24.99224,60.3037],[24.99135,60.3029],[24.99087,60.30244],[24.9905,60.30214],[24.99009,60.30187],[24.9897,60.30154],[24.98962,60.30149],[24.98941,60.30142],[24.98923,60.3014],[24.98897,60.3014],[24.98885,60.30142],[24.98829,60.30109],[24.98846,60.30104],[24.98858,60.30097],[24.98862,60.30093],[24.98865,60.30083],[24.98862,60.30074],[24.9879,60.2998],[24.9875,60.2994],[24.98655,60.29833],[24.98641,60.29829],[24.98615,60.29817],[24.98581,60.2978],[24.98561,60.29764],[24.98543,60.29761],[24.98492,60.29646],[24.98466,60.29612],[24.98395,60.29534],[24.98307,60.29462],[24.98254,60.29366],[24.98229,60.29371],[24.98201,60.29358],[24.98205,60.29339],[24.98187,60.29297],[24.98184,60.29269],[24.98128,60.29176],[24.98115,60.29157],[24.98133,60.29153],[24.98104,60.29119],[24.98073,60.29088],[24.98057,60.29074],[24.98039,60.29061],[24.98008,60.29059],[24.97949,60.29017],[24.9777,60.28974],[24.97757,60.28971],[24.97729,60.28967],[24.97701,60.28966],[24.97669,60.28967],[24.97636,60.28971],[24.97523,60.28847],[24.97533,60.28837],[24.97629,60.28735],[24.97686,60.28697],[24.97851,60.28547],[24.97862,60.28523],[24.9787,60.28499],[24.97874,60.28474],[24.97874,60.28445],[24.97868,60.28429],[24.97858,60.28414],[24.97839,60.28391],[24.97822,60.28376],[24.97983,60.28374],[24.97999,60.28372],[24.98014,60.28363],[24.98028,60.28351],[24.98053,60.28352],[24.98027,60.28393],[24.98026,60.28416],[24.98044,60.28455],[24.98084,60.28501],[24.98127,60.28533],[24.9815,60.28543],[24.98187,60.2856],[24.98195,60.28562],[24.98285,60.28591],[24.9839,60.28607],[24.98481,60.28627],[24.9842,60.28641],[24.98517,60.28659],[24.98563,60.28661],[24.98692,60.28667],[24.98801,60.28659],[24.98918,60.28665],[24.99059,60.28674],[24.99064,60.28663],[24.99213,60.28673],[24.99397,60.2869],[24.99538,60.28679],[24.99569,60.28677],[24.99668,60.28672],[24.99767,60.28672],[24.99866,60.28677],[24.99964,60.28685],[25.00034,60.28691],[25.00105,60.28693],[25.00176,60.28692],[25.00246,60.28687],[25.00269,60.28685],[25.00655,60.2865],[25.0069,60.28647],[25.00715,60.28657],[25.00728,60.28662],[25.00788,60.28693],[25.00795,60.28696],[25.00799,60.28699],[25.00803,60.28703],[25.00808,60.28708],[25.00829,60.28746],[25.00844,60.28763],[25.00856,60.28771],[25.00866,60.28774],[25.00884,60.28779],[25.00897,60.2878],[25.00953,60.28783],[25.01055,60.2878],[25.01071,60.28777],[25.01084,60.28775],[25.01093,60.28772],[25.01101,60.28769],[25.0112,60.28787],[25.01128,60.288],[25.01136,60.28823],[25.01151,60.28838],[25.01156,60.28849],[25.01169,60.28858],[25.01172,60.28863],[25.01193,60.28882],[25.01198,60.28896],[25.0121,60.28907],[25.01208,60.28911],[25.01201,60.28914],[25.01181,60.28917],[25.01165,60.28927],[25.01155,60.28932],[25.01154,60.28935],[25.01174,60.28946],[25.01186,60.28948],[25.0119,60.28952],[25.01179,60.28966],[25.01172,60.28971],[25.01174,60.28981],[25.01184,60.28987],[25.01202,60.28993],[25.01214,60.29001],[25.01226,60.29006],[25.01238,60.29014],[25.01275,60.29021],[25.01291,60.29033],[25.01302,60.29043],[25.01306,60.2905],[25.01307,60.29066],[25.01312,60.29069],[25.0133,60.29076],[25.01339,60.29091],[25.01346,60.29098],[25.01346,60.29104],[25.0134,60.29111],[25.01338,60.29122],[25.01342,60.29129],[25.01342,60.29138],[25.01337,60.29147],[25.01346,60.29151],[25.01363,60.29168],[25.01361,60.29182],[25.01372,60.29191],[25.01366,60.29219],[25.01406,60.29249],[25.01405,60.29257],[25.01397,60.29265],[25.01403,60.29276],[25.01383,60.29292],[25.01399,60.29295],[25.01421,60.29291],[25.0143,60.29291],[25.01437,60.29296],[25.01433,60.29304],[25.01434,60.29314],[25.01441,60.29312],[25.01479,60.29328],[25.01481,60.2934],[25.01461,60.2935],[25.01475,60.29377],[25.01521,60.29392],[25.01477,60.29392],[25.01481,60.29408],[25.01488,60.29407],[25.01488,60.29429],[25.015,60.29442],[25.0149,60.29446],[25.01476,60.29457],[25.0148,60.29469],[25.01467,60.29472],[25.01455,60.29479],[25.0147,60.29487],[25.01493,60.29489],[25.01495,60.29496],[25.01484,60.295],[25.01474,60.29516],[25.01446,60.29516],[25.01431,60.29525],[25.01434,60.29529],[25.01455,60.29526],[25.01492,60.29533],[25.01503,60.29546],[25.01496,60.29554],[25.01483,60.29557],[25.01456,60.29554],[25.01435,60.29565],[25.01424,60.29567],[25.01421,60.2957],[25.01432,60.29582],[25.01448,60.29588],[25.01464,60.296],[25.01481,60.29612],[25.01478,60.29618],[25.01467,60.29622],[25.01451,60.2963],[25.01453,60.29633],[25.01504,60.29643],[25.0149,60.29644],[25.01491,60.29653],[25.0148,60.29661],[25.01467,60.29664],[25.01455,60.29659],[25.01445,60.29662],[25.01451,60.29668],[25.01443,60.29676],[25.01444,60.2968],[25.01459,60.29681],[25.01472,60.2968],[25.01482,60.29685],[25.01473,60.29693],[25.01455,60.29693],[25.01453,60.29695],[25.01467,60.29706],[25.01474,60.29715],[25.01487,60.29709],[25.01498,60.29709],[25.01543,60.29717],[25.01543,60.2972],[25.01536,60.29726],[25.01522,60.29732],[25.01536,60.29741],[25.01537,60.29745],[25.01527,60.2976],[25.01542,60.29765],[25.01548,60.29769],[25.01543,60.29775],[25.01542,60.29787],[25.0156,60.29792],[25.01574,60.29802],[25.01589,60.29803],[25.0161,60.29805],[25.01608,60.29819],[25.01632,60.29823],[25.01638,60.29827],[25.01637,60.29833],[25.01626,60.29842],[25.01613,60.29848],[25.01603,60.29859],[25.0161,60.29859],[25.01622,60.2985],[25.0165,60.29844],[25.01661,60.29858],[25.01649,60.29863],[25.01649,60.29867],[25.01619,60.29877],[25.0162,60.29881],[25.01634,60.29888],[25.01636,60.29892],[25.0162,60.299],[25.01608,60.29902],[25.01591,60.29895],[25.01562,60.29896],[25.01542,60.29895],[25.01551,60.299],[25.01552,60.29912],[25.01526,60.29915],[25.01533,60.29922],[25.0153,60.29931],[25.01534,60.29941],[25.01547,60.29951],[25.01543,60.29957],[25.01528,60.29957],[25.01524,60.29959],[25.01535,60.29968],[25.01527,60.29976],[25.01506,60.29973],[25.01504,60.29978],[25.01511,60.29984],[25.01493,60.29995],[25.01485,60.30002],[25.01486,60.30015],[25.01447,60.30038],[25.01511,60.30064],[25.01515,60.30069],[25.01512,60.30082],[25.01525,60.30088],[25.01541,60.30092],[25.01554,60.30093],[25.01571,60.30091],[25.01669,60.3011],[25.01672,60.3017],[25.0163,60.30169],[25.0163,60.30205],[25.01581,60.30252],[25.01565,60.30252],[25.01569,60.30319],[25.01574,60.30402],[25.01634,60.30435],[25.0162,60.3044]]]}},{"type":"Feature","properties":{"code":"092050","kunta":"092","kokotun":"0923050000","name":"Tammisto","name_sv":"","named":true,"peruspiiri_code":"092050","peruspiiri":"Tammisto","source":"HSY Seutukartta 2021 (tila-alue)","bb":[60.26444,24.95538,60.2823,24.9824],"c":[60.27341,24.9692]},"geometry":{"type":"Polygon","coordinates":[[[24.97911,60.28179],[24.97764,60.28198],[24.97683,60.2821],[24.97629,60.28217],[24.97557,60.28224],[24.97463,60.2823],[24.97454,60.2822],[24.97395,60.28218],[24.97314,60.28223],[24.97312,60.28213],[24.97277,60.28172],[24.97266,60.28156],[24.9724,60.28128],[24.97227,60.28111],[24.97184,60.28068],[24.97174,60.28065],[24.97157,60.28048],[24.97161,60.2804],[24.97087,60.27962],[24.9709,60.27962],[24.97059,60.27927],[24.97048,60.27913],[24.97039,60.27899],[24.9703,60.27882],[24.96939,60.27875],[24.96699,60.27858],[24.96647,60.27854],[24.96636,60.27835],[24.96585,60.27825],[24.96374,60.27821],[24.96067,60.27813],[24.96044,60.27833],[24.96035,60.27837],[24.96027,60.27837],[24.95905,60.27825],[24.95911,60.27803],[24.95929,60.2769],[24.95795,60.27686],[24.95556,60.27679],[24.95538,60.27666],[24.95544,60.27665],[24.95559,60.27661],[24.95574,60.27657],[24.9561,60.27642],[24.95626,60.27634],[24.95637,60.27628],[24.95652,60.27616],[24.95661,60.27605],[24.95673,60.27583],[24.95677,60.27564],[24.95676,60.27555],[24.95674,60.27547],[24.95668,60.27537],[24.95658,60.27521],[24.95646,60.27496],[24.95631,60.27458],[24.95625,60.27439],[24.95618,60.27413],[24.95607,60.2739],[24.95589,60.27357],[24.95582,60.27339],[24.9558,60.27323],[24.9558,60.27314],[24.95581,60.27304],[24.95582,60.27298],[24.95585,60.27289],[24.9559,60.27279],[24.95596,60.27269],[24.95616,60.27241],[24.9566,60.27189],[24.95681,60.27169],[24.95725,60.2713],[24.95736,60.27121],[24.95746,60.27112],[24.95758,60.27105],[24.95771,60.27096],[24.95785,60.27087],[24.95815,60.27071],[24.95849,60.27053],[24.9594,60.26995],[24.95954,60.26985],[24.9597,60.26973],[24.95982,60.26961],[24.95996,60.26944],[24.96001,60.26929],[24.96003,60.26919],[24.96002,60.26906],[24.95999,60.26887],[24.96,60.26873],[24.96006,60.26861],[24.96013,60.2685],[24.96022,60.26838],[24.9603,60.26833],[24.96047,60.26823],[24.96066,60.26814],[24.96078,60.2681],[24.96102,60.26804],[24.96123,60.26799],[24.96144,60.26794],[24.96156,60.26789],[24.96179,60.2678],[24.96228,60.26757],[24.96277,60.26733],[24.96294,60.26726],[24.9631,60.26719],[24.96347,60.26706],[24.96368,60.26699],[24.96452,60.26675],[24.96515,60.26656],[24.96542,60.26645],[24.96587,60.26631],[24.96619,60.26622],[24.96634,60.26619],[24.96655,60.26615],[24.96711,60.26607],[24.96731,60.26604],[24.9684,60.26575],[24.96863,60.26569],[24.96884,60.26562],[24.96899,60.26556],[24.96924,60.26544],[24.96996,60.26503],[24.9702,60.26491],[24.97068,60.26473],[24.97103,60.26465],[24.97141,60.26458],[24.97162,60.26456],[24.97176,60.26455],[24.97233,60.2645],[24.9726,60.26448],[24.9732,60.26444],[24.97338,60.2645],[24.97377,60.26459],[24.97432,60.26469],[24.97492,60.26477],[24.9753,60.26484],[24.97542,60.26487],[24.9755,60.2649],[24.97563,60.26498],[24.97573,60.26507],[24.9758,60.26516],[24.97581,60.26527],[24.97578,60.26538],[24.97564,60.2656],[24.97554,60.26581],[24.97551,60.26602],[24.97551,60.26612],[24.97555,60.26624],[24.9757,60.26645],[24.9758,60.26656],[24.97591,60.26667],[24.97605,60.26677],[24.97619,60.26686],[24.97636,60.26695],[24.97659,60.26705],[24.97718,60.26724],[24.97738,60.26732],[24.97757,60.26745],[24.97799,60.26767],[24.97808,60.26775],[24.9781,60.2678],[24.9781,60.26785],[24.97808,60.26794],[24.97806,60.26799],[24.97796,60.26811],[24.97782,60.26824],[24.97758,60.2684],[24.97734,60.26856],[24.97722,60.26861],[24.97696,60.26868],[24.97681,60.26874],[24.97662,60.26881],[24.97626,60.26897],[24.97609,60.26908],[24.97592,60.2692],[24.97576,60.26932],[24.97566,60.26943],[24.9756,60.2695],[24.97555,60.26958],[24.97553,60.26964],[24.97551,60.26981],[24.97551,60.26986],[24.97553,60.26992],[24.97557,60.27],[24.97579,60.2702],[24.97587,60.27031],[24.97604,60.27056],[24.97624,60.27082],[24.97637,60.27094],[24.97681,60.27132],[24.97695,60.27145],[24.97707,60.27158],[24.97712,60.27169],[24.9772,60.27197],[24.9772,60.27241],[24.97716,60.27279],[24.97716,60.27302],[24.9772,60.27325],[24.97737,60.27365],[24.97746,60.2739],[24.9775,60.27396],[24.97759,60.27404],[24.97777,60.27416],[24.97797,60.27427],[24.97834,60.27444],[24.97857,60.27454],[24.979,60.27475],[24.97913,60.27483],[24.97925,60.27492],[24.97932,60.275],[24.9794,60.27506],[24.97957,60.27517],[24.97973,60.27524],[24.97999,60.27534],[24.98016,60.27541],[24.98036,60.27553],[24.98044,60.2756],[24.98056,60.27574],[24.98062,60.27582],[24.98074,60.27595],[24.98078,60.27605],[24.98071,60.27619],[24.9808,60.27655],[24.98077,60.27705],[24.98074,60.27722],[24.9808,60.27742],[24.98089,60.27749],[24.98146,60.27774],[24.9818,60.27791],[24.98204,60.27807],[24.9821,60.27817],[24.98211,60.2783],[24.98207,60.27846],[24.98213,60.27868],[24.98222,60.27885],[24.98229,60.27892],[24.9824,60.27901],[24.98226,60.27906],[24.98214,60.2791],[24.98208,60.2792],[24.98172,60.2793],[24.98151,60.2793],[24.98144,60.27928],[24.98132,60.27929],[24.98123,60.27924],[24.98099,60.27925],[24.98083,60.27928],[24.98067,60.27929],[24.9801,60.27937],[24.97968,60.27936],[24.97959,60.27939],[24.97944,60.27955],[24.97934,60.2796],[24.9792,60.27963],[24.97904,60.27964],[24.97892,60.27964],[24.9788,60.27966],[24.97863,60.27974],[24.9785,60.27984],[24.97874,60.28087],[24.97904,60.28159],[24.97911,60.28179]]]}},{"type":"Feature","properties":{"code":"092081","kunta":"092","kokotun":"0926081000","name":"Korso","name_sv":"","named":true,"peruspiiri_code":"092081","peruspiiri":"Korso","source":"HSY Seutukartta 2021 (tila-alue)","bb":[60.34152,25.03827,60.3621,25.08261],"c":[60.3514,25.06367]},"geometry":{"type":"Polygon","coordinates":[[[25.08261,60.35957],[25.08155,60.35972],[25.08044,60.35987],[25.07926,60.36003],[25.07906,60.36005],[25.07865,60.36008],[25.07633,60.36017],[25.07492,60.36043],[25.07443,60.36054],[25.074,60.36062],[25.07356,60.36068],[25.07277,60.36075],[25.07002,60.36085],[25.0696,60.36082],[25.06891,60.36091],[25.06851,60.361],[25.06799,60.3611],[25.06769,60.36117],[25.06642,60.36141],[25.06615,60.36151],[25.06586,60.36162],[25.06483,60.3621],[25.06438,60.36189],[25.06365,60.36163],[25.06278,60.3613],[25.0621,60.36102],[25.06072,60.36039],[25.06018,60.3601],[25.05953,60.35972],[25.05831,60.35895],[25.05797,60.35878],[25.05722,60.35838],[25.05591,60.35777],[25.05547,60.3576],[25.05537,60.35756],[25.05325,60.3566],[25.05314,60.35653],[25.05279,60.35614],[25.05244,60.3557],[25.05216,60.3553],[25.05191,60.35484],[25.05165,60.35416],[25.05124,60.35326],[25.05107,60.35282],[25.05099,60.35259],[25.05087,60.35247],[25.05051,60.3519],[25.05017,60.35149],[25.0502,60.35147],[25.04996,60.35122],[25.04948,60.35075],[25.04909,60.35042],[25.04817,60.34955],[25.04922,60.34884],[25.04893,60.34873],[25.04804,60.34842],[25.04858,60.34806],[25.0489,60.34808],[25.04925,60.34747],[25.04856,60.34716],[25.04646,60.34623],[25.04396,60.34516],[25.04324,60.34482],[25.03867,60.34277],[25.03827,60.34259],[25.04421,60.34152],[25.04987,60.3421],[25.0529,60.34444],[25.06748,60.34326],[25.07117,60.34296],[25.07123,60.34296],[25.07128,60.34288],[25.07135,60.34282],[25.07134,60.34279],[25.07115,60.3427],[25.07084,60.34261],[25.07076,60.34254],[25.07075,60.34247],[25.0708,60.3424],[25.07089,60.34238],[25.07105,60.34237],[25.07116,60.34234],[25.07127,60.34228],[25.0714,60.34225],[25.07163,60.34224],[25.07195,60.34218],[25.07255,60.34212],[25.07325,60.34203],[25.07366,60.34283],[25.07405,60.34343],[25.0745,60.3443],[25.07512,60.34553],[25.07547,60.34608],[25.07567,60.3465],[25.07594,60.347],[25.07598,60.34708],[25.07628,60.34753],[25.07628,60.34764],[25.07641,60.34785],[25.07689,60.34879],[25.07731,60.34959],[25.07745,60.34976],[25.07763,60.3501],[25.07779,60.35041],[25.07781,60.35041],[25.07803,60.35085],[25.07802,60.35085],[25.0783,60.35139],[25.07827,60.35152],[25.0787,60.35231],[25.07889,60.35252],[25.07913,60.35297],[25.07911,60.3531],[25.0793,60.35348],[25.07919,60.35349],[25.08081,60.35682],[25.08109,60.35731],[25.08135,60.35781],[25.0817,60.35833],[25.08206,60.35883],[25.08231,60.35918],[25.08261,60.35957]]]}},{"type":"Feature","properties":{"code":"092073","kunta":"092","kokotun":"0925073000","name":"Rekola","name_sv":"","named":true,"peruspiiri_code":"092073","peruspiiri":"Rekola","source":"HSY Seutukartta 2021 (tila-alue)","bb":[60.32145,25.06197,60.33577,25.09283],"c":[60.32891,25.07795]},"geometry":{"type":"Polygon","coordinates":[[[25.09283,60.3317],[25.0926,60.33172],[25.09245,60.33173],[25.09184,60.33181],[25.09185,60.33184],[25.09071,60.33198],[25.09043,60.33205],[25.08907,60.33224],[25.08896,60.33236],[25.08938,60.33279],[25.0889,60.3329],[25.08658,60.33321],[25.0865,60.33327],[25.08542,60.33355],[25.08509,60.33317],[25.08459,60.33327],[25.08299,60.33356],[25.08256,60.33365],[25.08206,60.33374],[25.08151,60.33385],[25.08023,60.33408],[25.07981,60.33416],[25.07825,60.33446],[25.07664,60.33477],[25.07472,60.33513],[25.0736,60.33534],[25.07135,60.33577],[25.07114,60.3355],[25.06997,60.3357],[25.06957,60.33501],[25.06821,60.3329],[25.06698,60.33138],[25.0667,60.33104],[25.0653,60.32949],[25.06197,60.32601],[25.0627,60.32585],[25.06557,60.32525],[25.06724,60.3249],[25.0681,60.32473],[25.0682,60.32473],[25.06834,60.32478],[25.06862,60.32511],[25.06909,60.32565],[25.06978,60.32549],[25.06992,60.32543],[25.07001,60.32536],[25.0701,60.32536],[25.07006,60.32464],[25.07037,60.32466],[25.07219,60.32483],[25.07251,60.32485],[25.07284,60.32486],[25.07316,60.32486],[25.07348,60.32484],[25.0738,60.32481],[25.07412,60.32477],[25.07467,60.32466],[25.07538,60.32446],[25.07722,60.32391],[25.08319,60.32217],[25.08335,60.32206],[25.08353,60.322],[25.08424,60.32186],[25.08511,60.32159],[25.08545,60.32152],[25.08618,60.32147],[25.08637,60.32145],[25.08658,60.32241],[25.08664,60.32288],[25.08683,60.32325],[25.08723,60.32369],[25.08778,60.32433],[25.08804,60.32461],[25.08872,60.32529],[25.08949,60.32576],[25.08956,60.32595],[25.08941,60.32612],[25.08871,60.32647],[25.08843,60.32671],[25.08824,60.32709],[25.08835,60.32737],[25.08857,60.3276],[25.08929,60.32792],[25.08984,60.32783],[25.09035,60.32784],[25.09079,60.32794],[25.09191,60.32834],[25.092,60.32841],[25.09201,60.3285],[25.09194,60.32861],[25.09183,60.32871],[25.0914,60.32901],[25.09113,60.32924],[25.09089,60.3295],[25.09077,60.32968],[25.09075,60.32977],[25.09082,60.32988],[25.09099,60.33003],[25.09113,60.3301],[25.09147,60.33026],[25.09166,60.3303],[25.09187,60.33038],[25.09204,60.33053],[25.0922,60.33075],[25.09237,60.33091],[25.09268,60.33117],[25.09278,60.33131],[25.0928,60.33151],[25.09283,60.3317]]]}},{"type":"Feature","properties":{"code":"092040","kunta":"092","kokotun":"0923040000","name":"Ylästö","name_sv":"","named":true,"peruspiiri_code":"092040","peruspiiri":"Ylästö","source":"HSY Seutukartta 2021 (tila-alue)","bb":[60.26768,24.88033,60.29899,24.95329],"c":[60.28379,24.91213]},"geometry":{"type":"Polygon","coordinates":[[[24.93635,60.29675],[24.93606,60.29687],[24.93501,60.29703],[24.9341,60.2969],[24.93249,60.2972],[24.93036,60.29747],[24.92711,60.29767],[24.92677,60.29767],[24.92445,60.29765],[24.92188,60.29773],[24.92184,60.29774],[24.92186,60.29744],[24.92191,60.29678],[24.92177,60.29676],[24.92039,60.2965],[24.91732,60.29589],[24.91622,60.29614],[24.9137,60.29668],[24.91299,60.29684],[24.91295,60.29683],[24.91268,60.29689],[24.91283,60.29694],[24.91393,60.29802],[24.91332,60.29795],[24.91076,60.29815],[24.90809,60.29846],[24.90277,60.29864],[24.90123,60.29894],[24.8999,60.29899],[24.89834,60.29879],[24.89685,60.29876],[24.89609,60.29798],[24.89867,60.29801],[24.89989,60.2979],[24.90006,60.29777],[24.90013,60.29717],[24.89812,60.29648],[24.89792,60.29663],[24.89768,60.29648],[24.89681,60.29618],[24.89672,60.29611],[24.89676,60.29603],[24.8973,60.29565],[24.89706,60.29561],[24.89599,60.29541],[24.89576,60.29537],[24.8953,60.29532],[24.89506,60.29531],[24.89521,60.29488],[24.89465,60.29478],[24.89347,60.29463],[24.89287,60.29461],[24.89176,60.29522],[24.8916,60.29516],[24.89118,60.29536],[24.89056,60.29516],[24.89051,60.29505],[24.88943,60.29469],[24.88935,60.29475],[24.88896,60.29471],[24.88558,60.29361],[24.88563,60.29352],[24.88548,60.29347],[24.88551,60.29329],[24.88572,60.29296],[24.88609,60.29259],[24.88639,60.29226],[24.88661,60.29217],[24.88649,60.29212],[24.88613,60.2919],[24.88641,60.29184],[24.88659,60.29179],[24.88688,60.29169],[24.88721,60.29156],[24.8875,60.29143],[24.88771,60.29131],[24.88798,60.29114],[24.88811,60.29101],[24.88818,60.29088],[24.8882,60.29077],[24.88822,60.29055],[24.88828,60.28991],[24.88829,60.28969],[24.88836,60.28911],[24.88836,60.28858],[24.8883,60.2883],[24.88826,60.28821],[24.88816,60.28804],[24.88797,60.28778],[24.8878,60.28757],[24.88742,60.287],[24.88706,60.28643],[24.88669,60.28581],[24.88658,60.2856],[24.88621,60.28471],[24.88621,60.28457],[24.8861,60.28421],[24.88589,60.28368],[24.88575,60.28337],[24.88542,60.28274],[24.88523,60.28235],[24.88496,60.28176],[24.88478,60.2814],[24.88424,60.28021],[24.88415,60.27991],[24.88405,60.27918],[24.88405,60.27895],[24.88404,60.27852],[24.88404,60.27787],[24.88401,60.27768],[24.88398,60.27688],[24.88395,60.27655],[24.88386,60.27628],[24.88378,60.27612],[24.88364,60.27596],[24.88338,60.27571],[24.88324,60.27558],[24.88303,60.27542],[24.88263,60.27496],[24.88245,60.27462],[24.88215,60.27413],[24.88191,60.27378],[24.88173,60.27357],[24.88155,60.2734],[24.88116,60.27311],[24.8809,60.27312],[24.88083,60.27305],[24.88039,60.27259],[24.88036,60.27254],[24.88033,60.27237],[24.88033,60.27228],[24.88039,60.27218],[24.88054,60.27202],[24.8807,60.27192],[24.88099,60.2718],[24.88125,60.27173],[24.8815,60.2717],[24.88171,60.27168],[24.88221,60.27168],[24.88267,60.27172],[24.88283,60.27172],[24.88314,60.2717],[24.88333,60.27167],[24.88358,60.27159],[24.88379,60.27145],[24.88388,60.27136],[24.88405,60.27107],[24.88455,60.27024],[24.88501,60.2694],[24.88523,60.26895],[24.88548,60.26851],[24.88563,60.26831],[24.88584,60.26814],[24.88604,60.26802],[24.88636,60.26786],[24.88654,60.26779],[24.88681,60.26773],[24.88717,60.26768],[24.88748,60.26768],[24.88765,60.26769],[24.88782,60.26772],[24.88942,60.26813],[24.89204,60.26854],[24.89282,60.26853],[24.89432,60.2685],[24.89535,60.26851],[24.89612,60.26855],[24.89701,60.26861],[24.89752,60.26865],[24.89779,60.26868],[24.89815,60.26873],[24.89855,60.2688],[24.89928,60.26894],[24.89945,60.26898],[24.89963,60.26903],[24.89979,60.26907],[24.90001,60.26915],[24.9003,60.26923],[24.90132,60.2694],[24.90165,60.26944],[24.90256,60.2696],[24.90338,60.26975],[24.90403,60.26988],[24.90541,60.27019],[24.90582,60.2703],[24.90609,60.27038],[24.90695,60.27067],[24.90725,60.27077],[24.90736,60.27079],[24.90749,60.27082],[24.90771,60.27084],[24.90813,60.27086],[24.90837,60.27085],[24.9088,60.27082],[24.90924,60.2708],[24.90947,60.2708],[24.90969,60.27081],[24.90987,60.27084],[24.91003,60.27087],[24.91017,60.27091],[24.91029,60.27096],[24.91045,60.27103],[24.91057,60.27112],[24.91066,60.27121],[24.91072,60.2713],[24.91081,60.2714],[24.91089,60.27145],[24.9111,60.27156],[24.91143,60.2717],[24.91159,60.27176],[24.91177,60.27182],[24.91194,60.27187],[24.91212,60.27192],[24.91252,60.27202],[24.91293,60.27209],[24.91352,60.27218],[24.91392,60.27224],[24.91442,60.27234],[24.91502,60.27244],[24.91524,60.27247],[24.91625,60.27257],[24.91691,60.27263],[24.91734,60.27266],[24.91775,60.2727],[24.91797,60.27272],[24.9181,60.27274],[24.91837,60.27279],[24.91865,60.27285],[24.9188,60.27287],[24.91965,60.27301],[24.91998,60.27305],[24.92027,60.27308],[24.92053,60.27311],[24.9207,60.2732],[24.92092,60.2734],[24.92099,60.27345],[24.9213,60.27362],[24.92164,60.27375],[24.92181,60.2738],[24.92198,60.27385],[24.92277,60.27405],[24.92288,60.27408],[24.92313,60.27417],[24.9233,60.27423],[24.9235,60.27432],[24.92363,60.27438],[24.9239,60.27454],[24.92414,60.27467],[24.92428,60.27472],[24.92443,60.27478],[24.92458,60.27481],[24.92471,60.27483],[24.92501,60.27486],[24.92545,60.27486],[24.92685,60.27492],[24.92713,60.27494],[24.92741,60.27497],[24.92793,60.27504],[24.92837,60.27507],[24.92858,60.27507],[24.92907,60.27506],[24.92922,60.27504],[24.92963,60.275],[24.92985,60.27498],[24.93055,60.27496],[24.9308,60.27497],[24.93127,60.27499],[24.93172,60.27503],[24.93196,60.27506],[24.93218,60.2751],[24.9324,60.27515],[24.93297,60.27528],[24.93378,60.27547],[24.93425,60.27554],[24.93493,60.27562],[24.93513,60.27566],[24.93588,60.27585],[24.93646,60.27601],[24.93684,60.27612],[24.93863,60.27646],[24.93889,60.27651],[24.93996,60.27671],[24.94011,60.27674],[24.94037,60.27681],[24.94145,60.27719],[24.94199,60.27739],[24.94232,60.27748],[24.94266,60.27757],[24.94351,60.27777],[24.94376,60.27784],[24.94431,60.27802],[24.94478,60.27818],[24.9451,60.27828],[24.94536,60.27835],[24.94554,60.27839],[24.94565,60.2784],[24.94575,60.27841],[24.94597,60.27841],[24.94618,60.27839],[24.9463,60.27839],[24.94641,60.2784],[24.94662,60.27842],[24.94726,60.27849],[24.94747,60.27851],[24.94765,60.27851],[24.94778,60.2785],[24.94794,60.27848],[24.9481,60.27844],[24.94848,60.27832],[24.94867,60.27827],[24.94894,60.2782],[24.94912,60.27817],[24.9493,60.27814],[24.94958,60.27813],[24.94974,60.27813],[24.94996,60.27814],[24.95018,60.27816],[24.9506,60.27821],[24.95109,60.27827],[24.95124,60.27828],[24.95154,60.2783],[24.95188,60.27829],[24.95207,60.27827],[24.95227,60.27824],[24.95251,60.27819],[24.95264,60.27816],[24.95274,60.27812],[24.95281,60.27807],[24.95312,60.27821],[24.95329,60.27833],[24.95327,60.27836],[24.95293,60.27844],[24.95282,60.27856],[24.95281,60.27861],[24.95255,60.27882],[24.95256,60.27889],[24.95264,60.27895],[24.95262,60.27899],[24.9525,60.27901],[24.95245,60.27906],[24.95239,60.27919],[24.9524,60.27924],[24.95226,60.27925],[24.9522,60.27931],[24.95219,60.27943],[24.95209,60.27942],[24.95203,60.27945],[24.95206,60.2795],[24.95193,60.27957],[24.95156,60.27965],[24.95142,60.27965],[24.95135,60.27971],[24.95116,60.27976],[24.95109,60.27987],[24.95101,60.27993],[24.95106,60.28003],[24.95098,60.28009],[24.95096,60.28021],[24.95088,60.28027],[24.95095,60.2803],[24.95095,60.28036],[24.95089,60.2804],[24.95064,60.28047],[24.95052,60.28047],[24.95042,60.2805],[24.9503,60.2806],[24.95023,60.28062],[24.95011,60.28059],[24.94994,60.28065],[24.94999,60.28072],[24.94994,60.28079],[24.95012,60.28082],[24.95012,60.28089],[24.95008,60.28099],[24.94987,60.28109],[24.94962,60.28116],[24.94932,60.28131],[24.94916,60.28143],[24.94911,60.28143],[24.94894,60.28138],[24.94886,60.28139],[24.94869,60.28145],[24.9485,60.28156],[24.94843,60.28158],[24.94849,60.28165],[24.94841,60.28178],[24.94833,60.28187],[24.94818,60.28188],[24.9481,60.28198],[24.94791,60.28207],[24.94783,60.28209],[24.94769,60.28215],[24.94758,60.28214],[24.94736,60.28204],[24.94726,60.28206],[24.94722,60.28213],[24.94712,60.28224],[24.94688,60.28227],[24.94672,60.28228],[24.94665,60.28235],[24.94649,60.2824],[24.94644,60.28244],[24.94641,60.28252],[24.94631,60.28262],[24.94622,60.28266],[24.94619,60.28274],[24.94602,60.28276],[24.94587,60.28275],[24.94568,60.2828],[24.94557,60.28289],[24.94551,60.2829],[24.94538,60.28287],[24.94523,60.28295],[24.94517,60.28305],[24.94518,60.28312],[24.94523,60.28318],[24.94509,60.28326],[24.94494,60.28328],[24.94461,60.28335],[24.94459,60.28343],[24.94451,60.28349],[24.94438,60.28349],[24.94424,60.28345],[24.94412,60.2835],[24.94406,60.28359],[24.94399,60.28365],[24.94406,60.2837],[24.94407,60.2838],[24.94417,60.28385],[24.94425,60.28393],[24.94418,60.28397],[24.94401,60.284],[24.94389,60.28398],[24.94382,60.28402],[24.94365,60.28402],[24.94346,60.28406],[24.94343,60.2841],[24.94348,60.28418],[24.94337,60.28423],[24.94331,60.28434],[24.94316,60.28434],[24.94286,60.28442],[24.94266,60.28453],[24.94254,60.28457],[24.94252,60.28464],[24.94258,60.28468],[24.94283,60.2846],[24.94289,60.28463],[24.94289,60.2847],[24.94297,60.28474],[24.94316,60.28473],[24.94315,60.28479],[24.943,60.28485],[24.94299,60.2849],[24.94285,60.28497],[24.94275,60.28505],[24.94271,60.28513],[24.94282,60.28523],[24.94285,60.28529],[24.94298,60.2854],[24.94302,60.28558],[24.94287,60.2856],[24.94287,60.28569],[24.94284,60.28574],[24.94263,60.28589],[24.94247,60.28595],[24.94246,60.28603],[24.94219,60.28612],[24.94217,60.28618],[24.94205,60.28621],[24.94184,60.28611],[24.94167,60.28609],[24.94167,60.28602],[24.9416,60.286],[24.94149,60.28603],[24.94135,60.28597],[24.94118,60.28594],[24.941,60.28593],[24.94093,60.28587],[24.94098,60.28578],[24.94093,60.28575],[24.94083,60.28575],[24.94079,60.28581],[24.94069,60.28584],[24.94056,60.28583],[24.94038,60.28579],[24.94034,60.28582],[24.94037,60.28589],[24.94018,60.28599],[24.94019,60.28602],[24.94028,60.2861],[24.94022,60.28626],[24.94001,60.28625],[24.9399,60.28617],[24.93982,60.28617],[24.93972,60.28623],[24.93968,60.28629],[24.93969,60.28637],[24.93965,60.2864],[24.93948,60.2864],[24.93941,60.28648],[24.93927,60.2865],[24.93924,60.28659],[24.93938,60.28669],[24.93938,60.28674],[24.93927,60.28676],[24.93926,60.2868],[24.93936,60.28687],[24.93947,60.28711],[24.93927,60.28709],[24.9393,60.28726],[24.93927,60.28728],[24.93885,60.28728],[24.93878,60.28733],[24.93892,60.28738],[24.93891,60.28743],[24.93879,60.28742],[24.9387,60.2875],[24.93856,60.28755],[24.93852,60.28761],[24.93832,60.28766],[24.93836,60.28772],[24.93834,60.28777],[24.93821,60.28787],[24.93823,60.28791],[24.93835,60.288],[24.93825,60.28809],[24.93816,60.2881],[24.93806,60.28807],[24.93793,60.28808],[24.93776,60.28804],[24.93766,60.28806],[24.93761,60.28818],[24.93757,60.28821],[24.93745,60.28818],[24.93742,60.28822],[24.93733,60.28825],[24.93734,60.28834],[24.93719,60.28837],[24.93711,60.28844],[24.93712,60.28847],[24.93729,60.28851],[24.93733,60.28857],[24.93713,60.28861],[24.93699,60.2886],[24.93694,60.28863],[24.9369,60.28875],[24.93694,60.28881],[24.93706,60.28885],[24.93699,60.28889],[24.93694,60.28899],[24.93601,60.28899],[24.93582,60.28975],[24.93626,60.2902],[24.93692,60.2901],[24.93759,60.29001],[24.93831,60.28995],[24.93845,60.29011],[24.9386,60.29043],[24.93861,60.29059],[24.93865,60.29062],[24.93858,60.2907],[24.9386,60.29081],[24.93861,60.29096],[24.93876,60.29125],[24.93883,60.29134],[24.93888,60.29149],[24.93902,60.29169],[24.93907,60.29183],[24.93916,60.29193],[24.93915,60.29199],[24.93931,60.29221],[24.93933,60.29233],[24.93939,60.29237],[24.93937,60.29245],[24.9394,60.2925],[24.93927,60.29254],[24.93984,60.29264],[24.93942,60.29286],[24.93878,60.29318],[24.93991,60.29338],[24.93759,60.29478],[24.93781,60.29567],[24.93668,60.29588],[24.93599,60.29598],[24.93635,60.29675]]]}},{"type":"Feature","properties":{"code":"092051","kunta":"092","kokotun":"0923051000","name":"Pakkala","name_sv":"","named":true,"peruspiiri_code":"092051","peruspiiri":"Pakkala","source":"HSY Seutukartta 2021 (tila-alue)","bb":[60.27666,24.93582,60.29709,24.97983],"c":[60.28742,24.95737]},"geometry":{"type":"Polygon","coordinates":[[[24.94,60.29675],[24.93892,60.29655],[24.93738,60.29658],[24.93679,60.29658],[24.93635,60.29675],[24.93599,60.29598],[24.93668,60.29588],[24.93781,60.29567],[24.93759,60.29478],[24.93991,60.29338],[24.93878,60.29318],[24.93942,60.29286],[24.93984,60.29264],[24.93927,60.29254],[24.9394,60.2925],[24.93937,60.29245],[24.93939,60.29237],[24.93933,60.29233],[24.93931,60.29221],[24.93915,60.29199],[24.93916,60.29193],[24.93907,60.29183],[24.93902,60.29169],[24.93888,60.29149],[24.93883,60.29134],[24.93876,60.29125],[24.93861,60.29096],[24.9386,60.29081],[24.93858,60.2907],[24.93865,60.29062],[24.93861,60.29059],[24.9386,60.29043],[24.93845,60.29011],[24.93831,60.28995],[24.93759,60.29001],[24.93692,60.2901],[24.93626,60.2902],[24.93582,60.28975],[24.93601,60.28899],[24.93694,60.28899],[24.93699,60.28889],[24.93706,60.28885],[24.93694,60.28881],[24.9369,60.28875],[24.93694,60.28863],[24.93699,60.2886],[24.93713,60.28861],[24.93733,60.28857],[24.93729,60.28851],[24.93712,60.28847],[24.93711,60.28844],[24.93719,60.28837],[24.93734,60.28834],[24.93733,60.28825],[24.93742,60.28822],[24.93745,60.28818],[24.93757,60.28821],[24.93761,60.28818],[24.93766,60.28806],[24.93776,60.28804],[24.93793,60.28808],[24.93806,60.28807],[24.93816,60.2881],[24.93825,60.28809],[24.93835,60.288],[24.93823,60.28791],[24.93821,60.28787],[24.93834,60.28777],[24.93836,60.28772],[24.93832,60.28766],[24.93852,60.28761],[24.93856,60.28755],[24.9387,60.2875],[24.93879,60.28742],[24.93891,60.28743],[24.93892,60.28738],[24.93878,60.28733],[24.93885,60.28728],[24.93927,60.28728],[24.9393,60.28726],[24.93927,60.28709],[24.93947,60.28711],[24.93936,60.28687],[24.93926,60.2868],[24.93927,60.28676],[24.93938,60.28674],[24.93938,60.28669],[24.93924,60.28659],[24.93927,60.2865],[24.93941,60.28648],[24.93948,60.2864],[24.93965,60.2864],[24.93969,60.28637],[24.93968,60.28629],[24.93972,60.28623],[24.93982,60.28617],[24.9399,60.28617],[24.94001,60.28625],[24.94022,60.28626],[24.94028,60.2861],[24.94019,60.28602],[24.94018,60.28599],[24.94037,60.28589],[24.94034,60.28582],[24.94038,60.28579],[24.94056,60.28583],[24.94069,60.28584],[24.94079,60.28581],[24.94083,60.28575],[24.94093,60.28575],[24.94098,60.28578],[24.94093,60.28587],[24.941,60.28593],[24.94118,60.28594],[24.94135,60.28597],[24.94149,60.28603],[24.9416,60.286],[24.94167,60.28602],[24.94167,60.28609],[24.94184,60.28611],[24.94205,60.28621],[24.94217,60.28618],[24.94219,60.28612],[24.94246,60.28603],[24.94247,60.28595],[24.94263,60.28589],[24.94284,60.28574],[24.94287,60.28569],[24.94287,60.2856],[24.94302,60.28558],[24.94298,60.2854],[24.94285,60.28529],[24.94282,60.28523],[24.94271,60.28513],[24.94275,60.28505],[24.94285,60.28497],[24.94299,60.2849],[24.943,60.28485],[24.94315,60.28479],[24.94316,60.28473],[24.94297,60.28474],[24.94289,60.2847],[24.94289,60.28463],[24.94283,60.2846],[24.94258,60.28468],[24.94252,60.28464],[24.94254,60.28457],[24.94266,60.28453],[24.94286,60.28442],[24.94316,60.28434],[24.94331,60.28434],[24.94337,60.28423],[24.94348,60.28418],[24.94343,60.2841],[24.94346,60.28406],[24.94365,60.28402],[24.94382,60.28402],[24.94389,60.28398],[24.94401,60.284],[24.94418,60.28397],[24.94425,60.28393],[24.94417,60.28385],[24.94407,60.2838],[24.94406,60.2837],[24.94399,60.28365],[24.94406,60.28359],[24.94412,60.2835],[24.94424,60.28345],[24.94438,60.28349],[24.94451,60.28349],[24.94459,60.28343],[24.94461,60.28335],[24.94494,60.28328],[24.94509,60.28326],[24.94523,60.28318],[24.94518,60.28312],[24.94517,60.28305],[24.94523,60.28295],[24.94538,60.28287],[24.94551,60.2829],[24.94557,60.28289],[24.94568,60.2828],[24.94587,60.28275],[24.94602,60.28276],[24.94619,60.28274],[24.94622,60.28266],[24.94631,60.28262],[24.94641,60.28252],[24.94644,60.28244],[24.94649,60.2824],[24.94665,60.28235],[24.94672,60.28228],[24.94688,60.28227],[24.94712,60.28224],[24.94722,60.28213],[24.94726,60.28206],[24.94736,60.28204],[24.94758,60.28214],[24.94769,60.28215],[24.94783,60.28209],[24.94791,60.28207],[24.9481,60.28198],[24.94818,60.28188],[24.94833,60.28187],[24.94841,60.28178],[24.94849,60.28165],[24.94843,60.28158],[24.9485,60.28156],[24.94869,60.28145],[24.94886,60.28139],[24.94894,60.28138],[24.94911,60.28143],[24.94916,60.28143],[24.94932,60.28131],[24.94962,60.28116],[24.94987,60.28109],[24.95008,60.28099],[24.95012,60.28089],[24.95012,60.28082],[24.94994,60.28079],[24.94999,60.28072],[24.94994,60.28065],[24.95011,60.28059],[24.95023,60.28062],[24.9503,60.2806],[24.95042,60.2805],[24.95052,60.28047],[24.95064,60.28047],[24.95089,60.2804],[24.95095,60.28036],[24.95095,60.2803],[24.95088,60.28027],[24.95096,60.28021],[24.95098,60.28009],[24.95106,60.28003],[24.95101,60.27993],[24.95109,60.27987],[24.95116,60.27976],[24.95135,60.27971],[24.95142,60.27965],[24.95156,60.27965],[24.95193,60.27957],[24.95206,60.2795],[24.95203,60.27945],[24.95209,60.27942],[24.95219,60.27943],[24.9522,60.27931],[24.95226,60.27925],[24.9524,60.27924],[24.95239,60.27919],[24.95245,60.27906],[24.9525,60.27901],[24.95262,60.27899],[24.95264,60.27895],[24.95256,60.27889],[24.95255,60.27882],[24.95281,60.27861],[24.95282,60.27856],[24.95293,60.27844],[24.95327,60.27836],[24.95329,60.27833],[24.95312,60.27821],[24.95281,60.27807],[24.95283,60.27807],[24.95289,60.27801],[24.95295,60.27793],[24.95298,60.27777],[24.95299,60.27755],[24.95305,60.27734],[24.95312,60.27724],[24.95318,60.27718],[24.95329,60.2771],[24.95355,60.27695],[24.9538,60.27685],[24.95411,60.27678],[24.9543,60.27676],[24.95452,60.27674],[24.95473,60.27672],[24.9551,60.2767],[24.95531,60.27667],[24.95538,60.27666],[24.95556,60.27679],[24.95795,60.27686],[24.95929,60.2769],[24.95911,60.27803],[24.95905,60.27825],[24.96027,60.27837],[24.96035,60.27837],[24.96044,60.27833],[24.96067,60.27813],[24.96374,60.27821],[24.96585,60.27825],[24.96636,60.27835],[24.96647,60.27854],[24.96699,60.27858],[24.96939,60.27875],[24.9703,60.27882],[24.97039,60.27899],[24.97048,60.27913],[24.97059,60.27927],[24.9709,60.27962],[24.97087,60.27962],[24.97161,60.2804],[24.97157,60.28048],[24.97174,60.28065],[24.97184,60.28068],[24.97227,60.28111],[24.9724,60.28128],[24.97266,60.28156],[24.97277,60.28172],[24.97312,60.28213],[24.97314,60.28223],[24.97395,60.28218],[24.97454,60.2822],[24.97463,60.2823],[24.97557,60.28224],[24.97629,60.28217],[24.97683,60.2821],[24.97764,60.28198],[24.97911,60.28179],[24.9792,60.28208],[24.97937,60.28248],[24.97931,60.28263],[24.97949,60.28312],[24.97937,60.28316],[24.97941,60.28324],[24.97983,60.28374],[24.97822,60.28376],[24.97839,60.28391],[24.97858,60.28414],[24.97868,60.28429],[24.97874,60.28445],[24.97874,60.28474],[24.9787,60.28499],[24.97862,60.28523],[24.97851,60.28547],[24.97686,60.28697],[24.97629,60.28735],[24.97533,60.28837],[24.97523,60.28847],[24.97636,60.28971],[24.9761,60.28977],[24.97526,60.29001],[24.97424,60.29047],[24.97111,60.29166],[24.97058,60.29192],[24.96967,60.29232],[24.96924,60.2925],[24.96859,60.29276],[24.96792,60.29301],[24.96714,60.29328],[24.96718,60.29334],[24.9661,60.29366],[24.96493,60.29401],[24.96337,60.2944],[24.96304,60.2945],[24.96268,60.29461],[24.9622,60.29478],[24.96192,60.29489],[24.96164,60.29501],[24.96138,60.29513],[24.96112,60.29526],[24.96084,60.29541],[24.96066,60.29552],[24.96038,60.29572],[24.96017,60.29591],[24.96002,60.2961],[24.95993,60.29622],[24.95978,60.29649],[24.95806,60.2969],[24.9576,60.29709],[24.95756,60.29705],[24.95747,60.29707],[24.9571,60.29676],[24.95693,60.29663],[24.95674,60.29651],[24.95654,60.2964],[24.95631,60.2963],[24.95607,60.2962],[24.95581,60.29612],[24.95554,60.29605],[24.9552,60.29598],[24.95484,60.29593],[24.95448,60.29589],[24.95411,60.29586],[24.95374,60.29585],[24.95337,60.29586],[24.953,60.29588],[24.95241,60.29592],[24.9519,60.29597],[24.9511,60.29602],[24.95043,60.29606],[24.94991,60.29607],[24.94949,60.29608],[24.94835,60.2961],[24.94708,60.29613],[24.94587,60.29614],[24.94428,60.29615],[24.94308,60.2964],[24.94284,60.29661],[24.94231,60.29678],[24.94166,60.29664],[24.9416,60.29704],[24.94,60.29675]]]}},{"type":"Feature","properties":{"code":"092067","kunta":"092","kokotun":"0924067000","name":"Ruskeasanta","name_sv":"","named":true,"peruspiiri_code":"092067","peruspiiri":"Ruskeasanta","source":"HSY Seutukartta 2021 (tila-alue)","bb":[60.3044,24.98929,60.3247,25.02314],"c":[60.31519,25.00741]},"geometry":{"type":"Polygon","coordinates":[[[25.01708,60.3068],[25.01705,60.30687],[25.01708,60.30692],[25.01723,60.30701],[25.01719,60.30711],[25.01722,60.3072],[25.01705,60.30746],[25.01705,60.30749],[25.01723,60.30766],[25.01724,60.30775],[25.01716,60.30777],[25.01698,60.30778],[25.01689,60.30784],[25.01691,60.30792],[25.01687,60.30798],[25.01676,60.30805],[25.01662,60.30811],[25.01653,60.30812],[25.0163,60.3081],[25.01606,60.30812],[25.0159,60.30815],[25.01555,60.3081],[25.01546,60.30812],[25.0154,60.30816],[25.01559,60.30826],[25.01549,60.30831],[25.0155,60.30835],[25.0157,60.30847],[25.01568,60.30852],[25.01559,60.30857],[25.01526,60.30856],[25.01508,60.30863],[25.01509,60.3087],[25.01529,60.30889],[25.0154,60.30888],[25.01542,60.30881],[25.01548,60.30872],[25.01558,60.30871],[25.01578,60.30875],[25.01606,60.30879],[25.01616,60.30884],[25.01607,60.30888],[25.01594,60.30885],[25.01568,60.30888],[25.01562,60.30892],[25.01563,60.30896],[25.0157,60.309],[25.01561,60.30907],[25.01561,60.30912],[25.01582,60.30921],[25.01587,60.30921],[25.01611,60.30916],[25.01623,60.30918],[25.01581,60.30966],[25.01587,60.30973],[25.01584,60.3098],[25.01573,60.30983],[25.01568,60.30992],[25.01571,60.30996],[25.01584,60.31],[25.016,60.30999],[25.01608,60.30996],[25.01626,60.30994],[25.01634,60.30997],[25.01634,60.31005],[25.01621,60.31016],[25.01612,60.3102],[25.01593,60.31024],[25.01601,60.31031],[25.0161,60.3103],[25.01638,60.31019],[25.01652,60.31026],[25.0166,60.31033],[25.01653,60.31042],[25.01616,60.31047],[25.01603,60.31051],[25.01598,60.31065],[25.01615,60.31069],[25.01626,60.31068],[25.01641,60.31063],[25.01645,60.31064],[25.01648,60.31072],[25.01643,60.31081],[25.01651,60.31085],[25.01645,60.31091],[25.01634,60.31094],[25.01613,60.31095],[25.01599,60.31099],[25.016,60.31108],[25.01615,60.31117],[25.01608,60.31122],[25.01612,60.31127],[25.01626,60.31129],[25.01613,60.31141],[25.01601,60.3115],[25.016,60.31154],[25.01608,60.31163],[25.01602,60.31173],[25.01607,60.31178],[25.01619,60.31183],[25.0163,60.31182],[25.01644,60.31175],[25.01651,60.31175],[25.01655,60.31189],[25.01678,60.3119],[25.01682,60.31192],[25.01679,60.31199],[25.01674,60.31202],[25.01673,60.31208],[25.01684,60.31214],[25.01705,60.31217],[25.0171,60.31228],[25.01707,60.31235],[25.0171,60.31238],[25.01741,60.31248],[25.01756,60.3125],[25.01745,60.31261],[25.01749,60.31262],[25.01765,60.31279],[25.01765,60.31318],[25.0178,60.31318],[25.01779,60.31334],[25.01795,60.31354],[25.01796,60.31362],[25.01809,60.31362],[25.01808,60.31403],[25.01798,60.31414],[25.01683,60.31448],[25.01619,60.31463],[25.01619,60.31471],[25.01585,60.31471],[25.01578,60.31473],[25.01844,60.31477],[25.01864,60.31478],[25.01875,60.31479],[25.01872,60.31495],[25.01851,60.31496],[25.01843,60.31499],[25.0184,60.31505],[25.01832,60.31511],[25.0183,60.31517],[25.01833,60.31524],[25.01816,60.31525],[25.01811,60.31529],[25.01813,60.31541],[25.01808,60.3155],[25.01794,60.31556],[25.01794,60.3156],[25.01818,60.31561],[25.01822,60.31566],[25.01818,60.3157],[25.01807,60.31574],[25.01801,60.31579],[25.01801,60.31586],[25.01813,60.31592],[25.0181,60.31601],[25.01781,60.31613],[25.01779,60.3162],[25.01773,60.31624],[25.01747,60.31631],[25.01742,60.31641],[25.01744,60.31646],[25.01757,60.31658],[25.01754,60.31662],[25.01739,60.31667],[25.01733,60.31677],[25.01753,60.31682],[25.01749,60.31688],[25.01739,60.31689],[25.0172,60.31696],[25.01721,60.31702],[25.01732,60.31716],[25.01739,60.31722],[25.01737,60.31724],[25.01716,60.31729],[25.01707,60.31733],[25.01708,60.31736],[25.01723,60.31741],[25.01729,60.31746],[25.01714,60.31755],[25.01711,60.31764],[25.01719,60.31765],[25.01742,60.31758],[25.01756,60.31757],[25.01761,60.31759],[25.0176,60.31769],[25.01773,60.31774],[25.01776,60.31782],[25.01771,60.31786],[25.01759,60.31787],[25.01748,60.31783],[25.01735,60.31787],[25.01721,60.3179],[25.01718,60.31797],[25.01729,60.318],[25.01738,60.31795],[25.0175,60.31795],[25.01749,60.31805],[25.01742,60.31809],[25.01737,60.31819],[25.01739,60.31825],[25.01756,60.3183],[25.01768,60.31842],[25.0189,60.31832],[25.01975,60.31859],[25.0202,60.31875],[25.02066,60.31889],[25.02111,60.31904],[25.02202,60.31934],[25.02314,60.31972],[25.02312,60.32016],[25.0231,60.32041],[25.02306,60.32073],[25.02294,60.32201],[25.0223,60.32254],[25.02135,60.32334],[25.02133,60.32369],[25.02128,60.32392],[25.02118,60.32428],[25.01874,60.3239],[25.01833,60.32384],[25.01776,60.32373],[25.01619,60.32342],[25.01585,60.32336],[25.01549,60.32332],[25.01513,60.32329],[25.01477,60.32327],[25.01344,60.32325],[25.01279,60.32327],[25.01259,60.3233],[25.0103,60.32333],[25.00987,60.32334],[25.00937,60.32335],[25.00883,60.32338],[25.00817,60.32341],[25.0081,60.32347],[25.00701,60.3235],[25.00664,60.32352],[25.0057,60.32351],[25.00459,60.32357],[25.00426,60.32372],[25.00403,60.3238],[25.00385,60.32384],[25.00366,60.32386],[25.00321,60.32387],[25.00299,60.32387],[25.00199,60.32387],[25.00145,60.32419],[25.00141,60.32431],[25.0012,60.32445],[25.0011,60.3247],[25.0006,60.32463],[25.00064,60.32435],[25.00072,60.32394],[25.00085,60.32309],[25.00083,60.32278],[25.00086,60.32262],[25.00088,60.32198],[25.00086,60.32135],[25.00082,60.32097],[25.00074,60.32061],[25.0007,60.32049],[25.0006,60.32027],[25.00047,60.32008],[25.00017,60.3197],[25.00002,60.31955],[24.9997,60.31922],[24.99896,60.31871],[24.99834,60.31837],[24.99821,60.31828],[24.99627,60.31721],[24.99353,60.31784],[24.99106,60.31657],[24.99065,60.31644],[24.98929,60.31593],[24.99134,60.31403],[24.99565,60.30983],[24.99655,60.30983],[24.99815,60.30981],[24.99809,60.30961],[24.99791,60.30911],[24.99779,60.30865],[24.99745,60.30793],[24.9975,60.30775],[24.99855,60.30766],[24.99974,60.30749],[25.00039,60.30738],[25.00278,60.30712],[25.00503,60.30693],[25.00504,60.30702],[25.00776,60.3068],[25.00845,60.30658],[25.00869,60.30654],[25.00979,60.30635],[25.01041,60.30623],[25.01081,60.30615],[25.01163,60.30596],[25.01236,60.30578],[25.01321,60.30553],[25.01345,60.30546],[25.014,60.30528],[25.01455,60.30508],[25.0149,60.30495],[25.01532,60.30479],[25.01585,60.30457],[25.0162,60.3044],[25.01631,60.30456],[25.01641,60.3046],[25.01668,60.30465],[25.01681,60.30464],[25.01689,60.3046],[25.01702,60.3046],[25.01715,60.30463],[25.01725,60.3047],[25.01715,60.30473],[25.01704,60.3048],[25.01704,60.30483],[25.01727,60.30496],[25.01726,60.30502],[25.0172,60.30505],[25.01703,60.30509],[25.01688,60.30517],[25.01692,60.30524],[25.01704,60.30527],[25.01721,60.30527],[25.01728,60.30529],[25.01733,60.30536],[25.0171,60.3055],[25.01694,60.30559],[25.01661,60.30573],[25.01662,60.30579],[25.01669,60.30588],[25.01669,60.30598],[25.01665,60.30604],[25.0167,60.30611],[25.01683,60.30609],[25.01689,60.30604],[25.01702,60.30603],[25.01708,60.30604],[25.01722,60.30615],[25.0172,60.30622],[25.01715,60.30626],[25.01693,60.30629],[25.01689,60.30637],[25.01697,60.30644],[25.01698,60.30656],[25.01702,60.30667],[25.01714,60.30675],[25.01709,60.3068],[25.01708,60.3068]]]}},{"type":"Feature","properties":{"code":"092065","kunta":"092","kokotun":"0924065000","name":"Simonkylä","name_sv":"","named":true,"peruspiiri_code":"092065","peruspiiri":"Simonkylä","source":"HSY Seutukartta 2021 (tila-alue)","bb":[60.29991,25.01508,60.3199,25.04863],"c":[60.31122,25.02821]},"geometry":{"type":"Polygon","coordinates":[[[25.02314,60.31972],[25.02202,60.31934],[25.02111,60.31904],[25.02066,60.31889],[25.0202,60.31875],[25.01975,60.31859],[25.0189,60.31832],[25.01768,60.31842],[25.01756,60.3183],[25.01739,60.31825],[25.01737,60.31819],[25.01742,60.31809],[25.01749,60.31805],[25.0175,60.31795],[25.01738,60.31795],[25.01729,60.318],[25.01718,60.31797],[25.01721,60.3179],[25.01735,60.31787],[25.01748,60.31783],[25.01759,60.31787],[25.01771,60.31786],[25.01776,60.31782],[25.01773,60.31774],[25.0176,60.31769],[25.01761,60.31759],[25.01756,60.31757],[25.01742,60.31758],[25.01719,60.31765],[25.01711,60.31764],[25.01714,60.31755],[25.01729,60.31746],[25.01723,60.31741],[25.01708,60.31736],[25.01707,60.31733],[25.01716,60.31729],[25.01737,60.31724],[25.01739,60.31722],[25.01732,60.31716],[25.01721,60.31702],[25.0172,60.31696],[25.01739,60.31689],[25.01749,60.31688],[25.01753,60.31682],[25.01733,60.31677],[25.01739,60.31667],[25.01754,60.31662],[25.01757,60.31658],[25.01744,60.31646],[25.01742,60.31641],[25.01747,60.31631],[25.01773,60.31624],[25.01779,60.3162],[25.01781,60.31613],[25.0181,60.31601],[25.01813,60.31592],[25.01801,60.31586],[25.01801,60.31579],[25.01807,60.31574],[25.01818,60.3157],[25.01822,60.31566],[25.01818,60.31561],[25.01794,60.3156],[25.01794,60.31556],[25.01808,60.3155],[25.01813,60.31541],[25.01811,60.31529],[25.01816,60.31525],[25.01833,60.31524],[25.0183,60.31517],[25.01832,60.31511],[25.0184,60.31505],[25.01843,60.31499],[25.01851,60.31496],[25.01872,60.31495],[25.01875,60.31479],[25.01864,60.31478],[25.01844,60.31477],[25.01578,60.31473],[25.01585,60.31471],[25.01619,60.31471],[25.01619,60.31463],[25.01683,60.31448],[25.01798,60.31414],[25.01808,60.31403],[25.01809,60.31362],[25.01796,60.31362],[25.01795,60.31354],[25.01779,60.31334],[25.0178,60.31318],[25.01765,60.31318],[25.01765,60.31279],[25.01749,60.31262],[25.01745,60.31261],[25.01756,60.3125],[25.01741,60.31248],[25.0171,60.31238],[25.01707,60.31235],[25.0171,60.31228],[25.01705,60.31217],[25.01684,60.31214],[25.01673,60.31208],[25.01674,60.31202],[25.01679,60.31199],[25.01682,60.31192],[25.01678,60.3119],[25.01655,60.31189],[25.01651,60.31175],[25.01644,60.31175],[25.0163,60.31182],[25.01619,60.31183],[25.01607,60.31178],[25.01602,60.31173],[25.01608,60.31163],[25.016,60.31154],[25.01601,60.3115],[25.01613,60.31141],[25.01626,60.31129],[25.01612,60.31127],[25.01608,60.31122],[25.01615,60.31117],[25.016,60.31108],[25.01599,60.31099],[25.01613,60.31095],[25.01634,60.31094],[25.01645,60.31091],[25.01651,60.31085],[25.01643,60.31081],[25.01648,60.31072],[25.01645,60.31064],[25.01641,60.31063],[25.01626,60.31068],[25.01615,60.31069],[25.01598,60.31065],[25.01603,60.31051],[25.01616,60.31047],[25.01653,60.31042],[25.0166,60.31033],[25.01652,60.31026],[25.01638,60.31019],[25.0161,60.3103],[25.01601,60.31031],[25.01593,60.31024],[25.01612,60.3102],[25.01621,60.31016],[25.01634,60.31005],[25.01634,60.30997],[25.01626,60.30994],[25.01608,60.30996],[25.016,60.30999],[25.01584,60.31],[25.01571,60.30996],[25.01568,60.30992],[25.01573,60.30983],[25.01584,60.3098],[25.01587,60.30973],[25.01581,60.30966],[25.01623,60.30918],[25.01611,60.30916],[25.01587,60.30921],[25.01582,60.30921],[25.01561,60.30912],[25.01561,60.30907],[25.0157,60.309],[25.01563,60.30896],[25.01562,60.30892],[25.01568,60.30888],[25.01594,60.30885],[25.01607,60.30888],[25.01616,60.30884],[25.01606,60.30879],[25.01578,60.30875],[25.01558,60.30871],[25.01548,60.30872],[25.01542,60.30881],[25.0154,60.30888],[25.01529,60.30889],[25.01509,60.3087],[25.01508,60.30863],[25.01526,60.30856],[25.01559,60.30857],[25.01568,60.30852],[25.0157,60.30847],[25.0155,60.30835],[25.01549,60.30831],[25.01559,60.30826],[25.0154,60.30816],[25.01546,60.30812],[25.01555,60.3081],[25.0159,60.30815],[25.01606,60.30812],[25.0163,60.3081],[25.01653,60.30812],[25.01662,60.30811],[25.01676,60.30805],[25.01687,60.30798],[25.01691,60.30792],[25.01689,60.30784],[25.01698,60.30778],[25.01716,60.30777],[25.01724,60.30775],[25.01723,60.30766],[25.01705,60.30749],[25.01705,60.30746],[25.01722,60.3072],[25.01719,60.30711],[25.01723,60.30701],[25.01708,60.30692],[25.01705,60.30687],[25.01708,60.3068],[25.01709,60.3068],[25.01714,60.30675],[25.01702,60.30667],[25.01698,60.30656],[25.01697,60.30644],[25.01689,60.30637],[25.01693,60.30629],[25.01715,60.30626],[25.0172,60.30622],[25.01722,60.30615],[25.01708,60.30604],[25.01702,60.30603],[25.01689,60.30604],[25.01683,60.30609],[25.0167,60.30611],[25.01665,60.30604],[25.01669,60.30598],[25.01669,60.30588],[25.01662,60.30579],[25.01661,60.30573],[25.01694,60.30559],[25.0171,60.3055],[25.01733,60.30536],[25.01728,60.30529],[25.01721,60.30527],[25.01704,60.30527],[25.01692,60.30524],[25.01688,60.30517],[25.01703,60.30509],[25.0172,60.30505],[25.01726,60.30502],[25.01727,60.30496],[25.01704,60.30483],[25.01704,60.3048],[25.01715,60.30473],[25.01725,60.3047],[25.01715,60.30463],[25.01702,60.3046],[25.01689,60.3046],[25.01681,60.30464],[25.01668,60.30465],[25.01641,60.3046],[25.01631,60.30456],[25.0162,60.3044],[25.01634,60.30435],[25.01661,60.30423],[25.01696,60.30397],[25.01751,60.30374],[25.01814,60.30351],[25.01851,60.30338],[25.01921,60.30317],[25.01988,60.30297],[25.02235,60.30228],[25.02335,60.30201],[25.02429,60.30174],[25.02513,60.3015],[25.02649,60.30111],[25.02724,60.30089],[25.02777,60.30074],[25.02891,60.30042],[25.02915,60.30035],[25.0306,60.29993],[25.03066,60.29992],[25.03068,60.29991],[25.0307,60.29991],[25.0308,60.29991],[25.03096,60.29996],[25.03159,60.30039],[25.0319,60.30056],[25.03213,60.30071],[25.03249,60.30157],[25.03247,60.30174],[25.03252,60.30223],[25.03253,60.30243],[25.03257,60.30276],[25.0327,60.30328],[25.03291,60.30392],[25.03305,60.3043],[25.03324,60.30472],[25.03336,60.30503],[25.03331,60.30518],[25.0334,60.30564],[25.03343,60.30587],[25.03341,60.3061],[25.03331,60.30654],[25.03328,60.30676],[25.03327,60.30698],[25.03329,60.30726],[25.03332,60.3074],[25.03349,60.3081],[25.03416,60.30927],[25.0343,60.30944],[25.03442,60.30966],[25.03453,60.30983],[25.03474,60.31005],[25.03493,60.31021],[25.03516,60.31038],[25.03541,60.31053],[25.03563,60.31064],[25.03588,60.31076],[25.03736,60.31136],[25.03846,60.31176],[25.03908,60.31196],[25.03958,60.31218],[25.03977,60.31227],[25.03995,60.31236],[25.0401,60.31247],[25.04024,60.31258],[25.04036,60.31269],[25.0407,60.31308],[25.0411,60.31346],[25.04131,60.31364],[25.04153,60.3138],[25.04176,60.31397],[25.04201,60.31412],[25.04226,60.31428],[25.04254,60.31443],[25.04282,60.31457],[25.04311,60.31471],[25.04341,60.31484],[25.04371,60.31495],[25.04401,60.31507],[25.04432,60.31517],[25.04463,60.31527],[25.04496,60.31537],[25.04529,60.31546],[25.04644,60.31575],[25.04673,60.31583],[25.04702,60.31592],[25.04729,60.31602],[25.04755,60.31613],[25.0478,60.31624],[25.04803,60.31636],[25.04825,60.31648],[25.04845,60.31661],[25.04863,60.31675],[25.04863,60.31685],[25.04854,60.31688],[25.04547,60.31742],[25.04502,60.31746],[25.04391,60.31766],[25.04223,60.31785],[25.04204,60.3179],[25.04179,60.31805],[25.04161,60.31766],[25.03911,60.31795],[25.03915,60.31818],[25.03921,60.31843],[25.03885,60.31845],[25.03887,60.31859],[25.03694,60.31858],[25.03696,60.319],[25.03697,60.31923],[25.03699,60.31967],[25.03755,60.31965],[25.03756,60.3197],[25.03699,60.31973],[25.03699,60.3199],[25.03455,60.31952],[25.02333,60.31778],[25.02314,60.31972]]]}},{"type":"Feature","properties":{"code":"092060","kunta":"092","kokotun":"0924060000","name":"Hiekkaharju","name_sv":"","named":true,"peruspiiri_code":"092060","peruspiiri":"Hiekkaharju","source":"HSY Seutukartta 2021 (tila-alue)","bb":[60.29905,25.03066,60.31693,25.05363],"c":[60.3072,25.04275]},"geometry":{"type":"Polygon","coordinates":[[[25.05363,60.31421],[25.05252,60.31448],[25.05249,60.31454],[25.05239,60.31463],[25.05224,60.31471],[25.05194,60.31478],[25.05179,60.31485],[25.05169,60.31492],[25.05161,60.31507],[25.05168,60.31537],[25.05174,60.31549],[25.05157,60.31559],[25.0511,60.31561],[25.05083,60.31563],[25.05054,60.31567],[25.05014,60.31576],[25.04989,60.31582],[25.04963,60.31591],[25.04928,60.31587],[25.04914,60.31577],[25.04897,60.3155],[25.04882,60.31551],[25.04807,60.3158],[25.04836,60.31594],[25.04864,60.31608],[25.0489,60.31623],[25.04917,60.3164],[25.04941,60.31659],[25.04963,60.31678],[25.04884,60.31693],[25.04863,60.31675],[25.04845,60.31661],[25.04825,60.31648],[25.04803,60.31636],[25.0478,60.31624],[25.04755,60.31613],[25.04729,60.31602],[25.04702,60.31592],[25.04673,60.31583],[25.04644,60.31575],[25.04529,60.31546],[25.04496,60.31537],[25.04463,60.31527],[25.04432,60.31517],[25.04401,60.31507],[25.04371,60.31495],[25.04341,60.31484],[25.04311,60.31471],[25.04282,60.31457],[25.04254,60.31443],[25.04226,60.31428],[25.04201,60.31412],[25.04176,60.31397],[25.04153,60.3138],[25.04131,60.31364],[25.0411,60.31346],[25.0407,60.31308],[25.04036,60.31269],[25.04024,60.31258],[25.0401,60.31247],[25.03995,60.31236],[25.03977,60.31227],[25.03958,60.31218],[25.03908,60.31196],[25.03846,60.31176],[25.03736,60.31136],[25.03588,60.31076],[25.03563,60.31064],[25.03541,60.31053],[25.03516,60.31038],[25.03493,60.31021],[25.03474,60.31005],[25.03453,60.30983],[25.03442,60.30966],[25.0343,60.30944],[25.03416,60.30927],[25.03349,60.3081],[25.03332,60.3074],[25.03329,60.30726],[25.03327,60.30698],[25.03328,60.30676],[25.03331,60.30654],[25.03341,60.3061],[25.03343,60.30587],[25.0334,60.30564],[25.03331,60.30518],[25.03336,60.30503],[25.03324,60.30472],[25.03305,60.3043],[25.03291,60.30392],[25.0327,60.30328],[25.03257,60.30276],[25.03253,60.30243],[25.03252,60.30223],[25.03247,60.30174],[25.03249,60.30157],[25.03213,60.30071],[25.0319,60.30056],[25.03159,60.30039],[25.03096,60.29996],[25.0308,60.29991],[25.0307,60.29991],[25.03068,60.29991],[25.03066,60.29992],[25.03108,60.29982],[25.03118,60.29977],[25.0315,60.29971],[25.03191,60.29966],[25.03216,60.29965],[25.0324,60.29965],[25.03265,60.29967],[25.03683,60.29999],[25.03707,60.30001],[25.03732,60.30001],[25.03756,60.3],[25.03781,60.29997],[25.03895,60.29984],[25.03904,60.29986],[25.04043,60.29971],[25.04441,60.29926],[25.04443,60.29932],[25.04676,60.29905],[25.04692,60.29941],[25.04713,60.29984],[25.0477,60.3011],[25.04801,60.30175],[25.04827,60.30232],[25.04851,60.30287],[25.04857,60.30296],[25.04844,60.30342],[25.04866,60.30344],[25.04863,60.30355],[25.04898,60.3035],[25.04908,60.30371],[25.04894,60.30378],[25.04957,60.30514],[25.04985,60.30573],[25.05026,60.30665],[25.05042,60.30682],[25.05116,60.30843],[25.05209,60.31045],[25.05198,60.31046],[25.05227,60.31105],[25.05241,60.31137],[25.05252,60.31139],[25.05322,60.31292],[25.05332,60.31333],[25.05363,60.31421]]]}},{"type":"Feature","properties":{"code":"092070","kunta":"092","kokotun":"0925070000","name":"Koivukylä","name_sv":"","named":true,"peruspiiri_code":"092070","peruspiiri":"Koivukylä","source":"HSY Seutukartta 2021 (tila-alue)","bb":[60.31421,25.02118,60.32744,25.05906],"c":[60.32161,25.04114]},"geometry":{"type":"Polygon","coordinates":[[[25.03667,60.32744],[25.03628,60.32744],[25.03589,60.32741],[25.03551,60.32736],[25.03493,60.32721],[25.03483,60.32682],[25.03483,60.32666],[25.03485,60.32661],[25.03495,60.32647],[25.03506,60.32638],[25.03521,60.3263],[25.03537,60.32624],[25.03577,60.32615],[25.03549,60.32582],[25.03548,60.32555],[25.03505,60.32506],[25.03483,60.32511],[25.034,60.32485],[25.03439,60.32417],[25.03372,60.32425],[25.03146,60.32449],[25.03109,60.3245],[25.03058,60.32453],[25.03012,60.32458],[25.0298,60.32461],[25.02924,60.32464],[25.02723,60.32467],[25.02678,60.32466],[25.02595,60.32464],[25.02357,60.32455],[25.02309,60.32453],[25.0226,60.32448],[25.02216,60.32443],[25.02118,60.32428],[25.02128,60.32392],[25.02133,60.32369],[25.02135,60.32334],[25.0223,60.32254],[25.02294,60.32201],[25.02306,60.32073],[25.0231,60.32041],[25.02312,60.32016],[25.02314,60.31972],[25.02333,60.31778],[25.03455,60.31952],[25.03699,60.3199],[25.03699,60.31973],[25.03756,60.3197],[25.03755,60.31965],[25.03699,60.31967],[25.03697,60.31923],[25.03696,60.319],[25.03694,60.31858],[25.03887,60.31859],[25.03885,60.31845],[25.03921,60.31843],[25.03915,60.31818],[25.03911,60.31795],[25.04161,60.31766],[25.04179,60.31805],[25.04204,60.3179],[25.04223,60.31785],[25.04391,60.31766],[25.04502,60.31746],[25.04547,60.31742],[25.04854,60.31688],[25.04863,60.31685],[25.04863,60.31675],[25.04884,60.31693],[25.04963,60.31678],[25.04941,60.31659],[25.04917,60.3164],[25.0489,60.31623],[25.04864,60.31608],[25.04836,60.31594],[25.04807,60.3158],[25.04882,60.31551],[25.04897,60.3155],[25.04914,60.31577],[25.04928,60.31587],[25.04963,60.31591],[25.04989,60.31582],[25.05014,60.31576],[25.05054,60.31567],[25.05083,60.31563],[25.0511,60.31561],[25.05157,60.31559],[25.05174,60.31549],[25.05168,60.31537],[25.05161,60.31507],[25.05169,60.31492],[25.05179,60.31485],[25.05194,60.31478],[25.05224,60.31471],[25.05239,60.31463],[25.05249,60.31454],[25.05252,60.31448],[25.05363,60.31421],[25.05365,60.31424],[25.05432,60.31575],[25.05444,60.3161],[25.05449,60.31644],[25.05449,60.31679],[25.05442,60.31714],[25.05547,60.31767],[25.05653,60.31994],[25.05683,60.32029],[25.05699,60.3205],[25.05716,60.32069],[25.05723,60.32126],[25.05742,60.3214],[25.05766,60.3216],[25.05792,60.32187],[25.05864,60.3227],[25.05906,60.32314],[25.05842,60.32326],[25.0586,60.3235],[25.05809,60.3236],[25.05809,60.32359],[25.05634,60.32392],[25.05558,60.32408],[25.05428,60.32433],[25.05427,60.32432],[25.05167,60.32482],[25.05116,60.32493],[25.05111,60.32498],[25.05031,60.32513],[25.05013,60.32514],[25.04907,60.32534],[25.04904,60.32538],[25.04743,60.3257],[25.04735,60.32568],[25.04491,60.32616],[25.04465,60.32624],[25.04367,60.32666],[25.04336,60.32683],[25.04333,60.32689],[25.04294,60.32708],[25.04281,60.32706],[25.04262,60.32698],[25.04253,60.32688],[25.04247,60.32684],[25.04222,60.32677],[25.04202,60.32668],[25.03826,60.32741],[25.0377,60.32734],[25.0375,60.32735],[25.03667,60.32744]]]}},{"type":"Feature","properties":{"code":"092074","kunta":"092","kokotun":"0925074000","name":"Havukoski","name_sv":"","named":true,"peruspiiri_code":"092074","peruspiiri":"Havukoski","source":"HSY Seutukartta 2021 (tila-alue)","bb":[60.30369,25.05227,60.32601,25.08671],"c":[60.31579,25.06877]},"geometry":{"type":"Polygon","coordinates":[[[25.06197,60.32601],[25.05974,60.32367],[25.05962,60.3237],[25.05906,60.32314],[25.05864,60.3227],[25.05792,60.32187],[25.05766,60.3216],[25.05742,60.3214],[25.05723,60.32126],[25.05716,60.32069],[25.05699,60.3205],[25.05683,60.32029],[25.05653,60.31994],[25.05547,60.31767],[25.05442,60.31714],[25.05449,60.31679],[25.05449,60.31644],[25.05444,60.3161],[25.05432,60.31575],[25.05365,60.31424],[25.05363,60.31421],[25.05332,60.31333],[25.05322,60.31292],[25.05252,60.31139],[25.05241,60.31137],[25.05227,60.31105],[25.05325,60.3108],[25.05382,60.31058],[25.05392,60.3105],[25.05392,60.31036],[25.05404,60.31013],[25.05423,60.31],[25.05451,60.30987],[25.05463,60.3099],[25.05464,60.3101],[25.05467,60.31013],[25.05479,60.31012],[25.05485,60.31008],[25.0549,60.30997],[25.05491,60.30989],[25.05484,60.30979],[25.05484,60.30972],[25.05488,60.30961],[25.05489,60.30953],[25.05493,60.3095],[25.05507,60.30949],[25.0553,60.3095],[25.05538,60.30951],[25.05543,60.30957],[25.05555,60.30963],[25.0557,60.30959],[25.05579,60.30953],[25.0557,60.30934],[25.05577,60.30928],[25.05589,60.30921],[25.05623,60.30897],[25.05626,60.30893],[25.05623,60.30887],[25.056,60.3088],[25.05598,60.30875],[25.05611,60.30867],[25.0562,60.30865],[25.05642,60.30869],[25.05673,60.30873],[25.05691,60.30868],[25.05703,60.30855],[25.05698,60.30848],[25.05685,60.30834],[25.05652,60.30818],[25.05648,60.30807],[25.05665,60.30796],[25.05689,60.30798],[25.0574,60.30804],[25.0575,60.30804],[25.05764,60.30798],[25.05766,60.30793],[25.05763,60.30783],[25.0575,60.3077],[25.05748,60.30762],[25.05755,60.30749],[25.05774,60.30732],[25.05789,60.30731],[25.05812,60.30738],[25.05838,60.30738],[25.05847,60.30735],[25.05843,60.30727],[25.05846,60.30704],[25.05858,60.30695],[25.05852,60.30684],[25.05855,60.30675],[25.05869,60.30671],[25.05906,60.30674],[25.0594,60.30672],[25.05962,60.30669],[25.0598,60.3067],[25.06,60.30677],[25.06013,60.30676],[25.06018,60.3067],[25.06006,60.3066],[25.06,60.30652],[25.06002,60.30644],[25.06024,60.3064],[25.06038,60.30641],[25.06055,60.30646],[25.06059,60.30649],[25.06055,60.30654],[25.06054,60.30662],[25.0607,60.30668],[25.06081,60.30668],[25.0609,60.30665],[25.06098,60.30658],[25.06089,60.30649],[25.06085,60.30637],[25.06075,60.30631],[25.0607,60.30625],[25.06076,60.30619],[25.06092,60.30615],[25.0611,60.30612],[25.06138,60.30604],[25.06154,60.30602],[25.06171,60.30604],[25.06196,60.30605],[25.06208,60.30601],[25.0622,60.30591],[25.06222,60.30586],[25.06218,60.30579],[25.06204,60.30563],[25.06193,60.30555],[25.06194,60.30549],[25.06206,60.30531],[25.06213,60.30527],[25.06233,60.30525],[25.06255,60.30529],[25.06267,60.3053],[25.06295,60.30541],[25.06306,60.30541],[25.06307,60.30541],[25.06318,60.30529],[25.06325,60.30519],[25.06322,60.30503],[25.06338,60.30495],[25.06358,60.30493],[25.06363,60.30484],[25.06366,60.30474],[25.06385,60.30466],[25.06403,60.3047],[25.0642,60.30477],[25.06431,60.30483],[25.06439,60.30484],[25.06461,60.30482],[25.06471,60.30476],[25.06482,60.30467],[25.06482,60.30461],[25.06477,60.3045],[25.0648,60.30442],[25.06502,60.30424],[25.06508,60.30422],[25.0653,60.30423],[25.06535,60.30421],[25.06539,60.30413],[25.06538,60.30408],[25.06525,60.30401],[25.06524,60.30397],[25.06534,60.30392],[25.0655,60.30392],[25.06569,60.30386],[25.06585,60.30379],[25.06604,60.30369],[25.06611,60.30379],[25.06627,60.30392],[25.06654,60.30403],[25.06672,60.30408],[25.0669,60.3041],[25.06725,60.30412],[25.06849,60.3042],[25.06867,60.30422],[25.06896,60.3043],[25.06926,60.30442],[25.06943,60.30453],[25.06951,60.30462],[25.06966,60.30482],[25.06973,60.30493],[25.06975,60.30504],[25.06969,60.30522],[25.06958,60.30542],[25.06932,60.30584],[25.06918,60.30612],[25.06909,60.30641],[25.06908,60.30659],[25.06898,60.30713],[25.06895,60.30734],[25.06892,60.30796],[25.06892,60.30826],[25.06903,60.30844],[25.0692,60.30859],[25.06945,60.30877],[25.06997,60.30908],[25.07086,60.3096],[25.07103,60.30969],[25.07147,60.30991],[25.07182,60.31006],[25.07218,60.31015],[25.07252,60.31022],[25.07281,60.31024],[25.07297,60.31022],[25.0733,60.31016],[25.07357,60.31006],[25.074,60.30985],[25.07415,60.30977],[25.07427,60.30972],[25.07457,60.30963],[25.07468,60.30962],[25.07482,60.30964],[25.07553,60.30981],[25.07576,60.3099],[25.07586,60.30995],[25.07621,60.31012],[25.07658,60.31024],[25.07667,60.31029],[25.07691,60.31037],[25.07754,60.31056],[25.07778,60.31058],[25.07805,60.31057],[25.07837,60.31053],[25.07866,60.31053],[25.07907,60.31048],[25.07968,60.31033],[25.07986,60.31032],[25.08011,60.31032],[25.08031,60.31034],[25.08064,60.31043],[25.08088,60.31051],[25.08121,60.31065],[25.08159,60.31077],[25.08184,60.31084],[25.08196,60.31084],[25.08218,60.31082],[25.0825,60.31075],[25.08269,60.31073],[25.08311,60.31074],[25.08354,60.31086],[25.08478,60.31178],[25.08483,60.31181],[25.0852,60.31195],[25.08527,60.31201],[25.08532,60.3123],[25.08546,60.31296],[25.08555,60.31309],[25.08573,60.31325],[25.08613,60.31344],[25.08646,60.31353],[25.08651,60.31358],[25.08671,60.31376],[25.0866,60.31379],[25.08658,60.31399],[25.08663,60.31415],[25.08662,60.31422],[25.08654,60.31432],[25.08644,60.31439],[25.08636,60.31441],[25.08611,60.31453],[25.08577,60.31471],[25.0856,60.31481],[25.08543,60.31495],[25.08532,60.31505],[25.08523,60.31517],[25.08519,60.31538],[25.08521,60.3157],[25.08514,60.31583],[25.08497,60.31597],[25.08491,60.31608],[25.0845,60.31633],[25.08438,60.31645],[25.0841,60.31659],[25.08396,60.3167],[25.08393,60.31691],[25.08386,60.31698],[25.08386,60.31706],[25.08377,60.31714],[25.08357,60.31731],[25.08342,60.3174],[25.08326,60.31744],[25.083,60.31749],[25.08285,60.3176],[25.08279,60.31768],[25.08278,60.31777],[25.08279,60.31796],[25.08282,60.31801],[25.08289,60.31805],[25.08298,60.31817],[25.08297,60.31823],[25.08266,60.31848],[25.08253,60.31868],[25.08245,60.31885],[25.08247,60.31903],[25.08254,60.31911],[25.0827,60.31912],[25.0828,60.31917],[25.08284,60.31921],[25.083,60.31927],[25.08315,60.31928],[25.08356,60.31933],[25.08374,60.31943],[25.08393,60.31951],[25.0841,60.31954],[25.08424,60.31959],[25.08433,60.31974],[25.08462,60.31988],[25.08506,60.32004],[25.08531,60.32023],[25.08569,60.32064],[25.08596,60.32102],[25.08607,60.32121],[25.08618,60.32147],[25.08545,60.32152],[25.08511,60.32159],[25.08424,60.32186],[25.08353,60.322],[25.08335,60.32206],[25.08319,60.32217],[25.07722,60.32391],[25.07538,60.32446],[25.07467,60.32466],[25.07412,60.32477],[25.0738,60.32481],[25.07348,60.32484],[25.07316,60.32486],[25.07284,60.32486],[25.07251,60.32485],[25.07219,60.32483],[25.07037,60.32466],[25.07006,60.32464],[25.0701,60.32536],[25.07001,60.32536],[25.06992,60.32543],[25.06978,60.32549],[25.06909,60.32565],[25.06862,60.32511],[25.06834,60.32478],[25.0682,60.32473],[25.0681,60.32473],[25.06724,60.3249],[25.06557,60.32525],[25.0627,60.32585],[25.06197,60.32601]]]}},{"type":"Feature","properties":{"code":"092075","kunta":"092","kokotun":"0925075000","name":"Päiväkumpu","name_sv":"","named":true,"peruspiiri_code":"092075","peruspiiri":"Päiväkumpu","source":"HSY Seutukartta 2021 (tila-alue)","bb":[60.30704,25.08245,60.3339,25.11665],"c":[60.32193,25.09977]},"geometry":{"type":"Polygon","coordinates":[[[25.10499,60.33377],[25.10451,60.33374],[25.10375,60.33365],[25.10336,60.33356],[25.10291,60.33339],[25.10254,60.33331],[25.10198,60.33332],[25.10149,60.33342],[25.10083,60.33343],[25.10055,60.33344],[25.10029,60.33349],[25.09993,60.3336],[25.09976,60.33371],[25.09945,60.33376],[25.0986,60.33374],[25.098,60.33386],[25.09751,60.3339],[25.09698,60.33387],[25.09623,60.33377],[25.09598,60.33366],[25.09546,60.33335],[25.09423,60.33335],[25.09408,60.33325],[25.09335,60.33311],[25.09288,60.33301],[25.0926,60.33293],[25.0923,60.33282],[25.09183,60.33263],[25.09153,60.3324],[25.09152,60.33223],[25.09159,60.33213],[25.09175,60.33209],[25.09272,60.33183],[25.09279,60.33177],[25.09283,60.3317],[25.0928,60.33151],[25.09278,60.33131],[25.09268,60.33117],[25.09237,60.33091],[25.0922,60.33075],[25.09204,60.33053],[25.09187,60.33038],[25.09166,60.3303],[25.09147,60.33026],[25.09113,60.3301],[25.09099,60.33003],[25.09082,60.32988],[25.09075,60.32977],[25.09077,60.32968],[25.09089,60.3295],[25.09113,60.32924],[25.0914,60.32901],[25.09183,60.32871],[25.09194,60.32861],[25.09201,60.3285],[25.092,60.32841],[25.09191,60.32834],[25.09079,60.32794],[25.09035,60.32784],[25.08984,60.32783],[25.08929,60.32792],[25.08857,60.3276],[25.08835,60.32737],[25.08824,60.32709],[25.08843,60.32671],[25.08871,60.32647],[25.08941,60.32612],[25.08956,60.32595],[25.08949,60.32576],[25.08872,60.32529],[25.08804,60.32461],[25.08778,60.32433],[25.08723,60.32369],[25.08683,60.32325],[25.08664,60.32288],[25.08658,60.32241],[25.08637,60.32145],[25.08618,60.32147],[25.08607,60.32121],[25.08596,60.32102],[25.08569,60.32064],[25.08531,60.32023],[25.08506,60.32004],[25.08462,60.31988],[25.08433,60.31974],[25.08424,60.31959],[25.0841,60.31954],[25.08393,60.31951],[25.08374,60.31943],[25.08356,60.31933],[25.08315,60.31928],[25.083,60.31927],[25.08284,60.31921],[25.0828,60.31917],[25.0827,60.31912],[25.08254,60.31911],[25.08247,60.31903],[25.08245,60.31885],[25.08253,60.31868],[25.08266,60.31848],[25.08297,60.31823],[25.08298,60.31817],[25.08289,60.31805],[25.08282,60.31801],[25.08279,60.31796],[25.08278,60.31777],[25.08279,60.31768],[25.08285,60.3176],[25.083,60.31749],[25.08326,60.31744],[25.08342,60.3174],[25.08357,60.31731],[25.08377,60.31714],[25.08386,60.31706],[25.08386,60.31698],[25.08393,60.31691],[25.08396,60.3167],[25.0841,60.31659],[25.08438,60.31645],[25.0845,60.31633],[25.08491,60.31608],[25.08497,60.31597],[25.08514,60.31583],[25.08521,60.3157],[25.08519,60.31538],[25.08523,60.31517],[25.08532,60.31505],[25.08543,60.31495],[25.0856,60.31481],[25.08577,60.31471],[25.08611,60.31453],[25.08636,60.31441],[25.08644,60.31439],[25.08654,60.31432],[25.08662,60.31422],[25.08663,60.31415],[25.08658,60.31399],[25.0866,60.31379],[25.08671,60.31376],[25.08651,60.31358],[25.08708,60.3135],[25.08829,60.3132],[25.0889,60.31302],[25.0893,60.31292],[25.0896,60.3128],[25.08983,60.31273],[25.09034,60.31252],[25.09094,60.31225],[25.09156,60.31193],[25.09279,60.31108],[25.0934,60.31054],[25.09369,60.31027],[25.09351,60.31019],[25.09366,60.31004],[25.09353,60.30988],[25.09342,60.3097],[25.09333,60.30953],[25.09327,60.30936],[25.09323,60.30919],[25.0932,60.30902],[25.09321,60.30882],[25.09547,60.30843],[25.09582,60.30811],[25.0964,60.30789],[25.09667,60.3077],[25.09712,60.3074],[25.09761,60.30704],[25.09847,60.30754],[25.09943,60.30821],[25.10063,60.30926],[25.10386,60.31232],[25.10408,60.31226],[25.10477,60.31288],[25.10521,60.31318],[25.10579,60.31374],[25.1059,60.31392],[25.10611,60.31412],[25.10632,60.31428],[25.10644,60.31436],[25.10662,60.31452],[25.10674,60.31474],[25.10724,60.31508],[25.10759,60.31543],[25.10795,60.31567],[25.10883,60.31649],[25.10968,60.31718],[25.10983,60.31731],[25.11016,60.31768],[25.11051,60.318],[25.11106,60.31832],[25.11153,60.31875],[25.11238,60.31964],[25.11274,60.31996],[25.11308,60.32039],[25.1133,60.32061],[25.11343,60.32076],[25.11409,60.32148],[25.11426,60.32169],[25.1142,60.32172],[25.11433,60.32179],[25.11437,60.32192],[25.11454,60.3222],[25.11454,60.32232],[25.1148,60.3227],[25.11476,60.32278],[25.11538,60.32391],[25.11557,60.32402],[25.11564,60.32454],[25.11583,60.32496],[25.11592,60.32512],[25.11599,60.3254],[25.11619,60.32564],[25.11631,60.32577],[25.11643,60.32607],[25.11657,60.32637],[25.1166,60.32675],[25.11656,60.3271],[25.1166,60.32715],[25.11665,60.32742],[25.11655,60.3277],[25.11662,60.3279],[25.11659,60.32795],[25.11658,60.32834],[25.11646,60.32868],[25.11468,60.32945],[25.11375,60.32987],[25.1124,60.33047],[25.11146,60.33089],[25.11052,60.33131],[25.11004,60.33152],[25.10866,60.33214],[25.10691,60.33292],[25.10637,60.33316],[25.10499,60.33377]]]}},{"type":"Feature","properties":{"code":"092087","kunta":"092","kokotun":"0926087000","name":"Vierumäki","name_sv":"","named":true,"peruspiiri_code":"092087","peruspiiri":"Vierumäki","source":"HSY Seutukartta 2021 (tila-alue)","bb":[60.34955,25.02116,60.37053,25.05547],"c":[60.36073,25.03953]},"geometry":{"type":"Polygon","coordinates":[[[25.02837,60.37053],[25.02536,60.36941],[25.02526,60.36937],[25.02116,60.36786],[25.02582,60.36483],[25.02884,60.36277],[25.02929,60.36246],[25.02975,60.36213],[25.03109,60.36121],[25.03113,60.36119],[25.03178,60.36074],[25.03236,60.36035],[25.03293,60.35995],[25.03348,60.35959],[25.03435,60.35899],[25.03965,60.35537],[25.04048,60.3548],[25.04056,60.35475],[25.04106,60.3544],[25.04195,60.35379],[25.04323,60.35293],[25.04393,60.35246],[25.04467,60.35195],[25.04504,60.35169],[25.04541,60.35144],[25.04588,60.35112],[25.04656,60.35066],[25.04817,60.34955],[25.04909,60.35042],[25.04948,60.35075],[25.04996,60.35122],[25.0502,60.35147],[25.05017,60.35149],[25.05051,60.3519],[25.05087,60.35247],[25.05099,60.35259],[25.05107,60.35282],[25.05124,60.35326],[25.05165,60.35416],[25.05191,60.35484],[25.05216,60.3553],[25.05244,60.3557],[25.05279,60.35614],[25.05314,60.35653],[25.05325,60.3566],[25.05537,60.35756],[25.05547,60.3576],[25.05071,60.36014],[25.04272,60.3644],[25.03613,60.36797],[25.0329,60.3675],[25.02837,60.37053]]]}},{"type":"Feature","properties":{"code":"092088","kunta":"092","kokotun":"0926088000","name":"Vallinoja","name_sv":"","named":true,"peruspiiri_code":"092088","peruspiiri":"Vallinoja","source":"HSY Seutukartta 2021 (tila-alue)","bb":[60.3576,25.02837,60.37448,25.08918],"c":[60.36627,25.06348]},"geometry":{"type":"Polygon","coordinates":[[[25.08918,60.3665],[25.08898,60.36653],[25.08541,60.36711],[25.08847,60.3692],[25.08856,60.36925],[25.08734,60.36944],[25.08523,60.36976],[25.08517,60.3702],[25.08437,60.37028],[25.0829,60.37044],[25.08314,60.37069],[25.08338,60.37095],[25.08396,60.37156],[25.0846,60.37221],[25.08153,60.37346],[25.07902,60.37448],[25.0789,60.37416],[25.0788,60.37398],[25.07868,60.37381],[25.07815,60.37327],[25.07735,60.3736],[25.07728,60.37356],[25.0768,60.37326],[25.07634,60.373],[25.07623,60.3729],[25.07546,60.37251],[25.07373,60.37163],[25.07279,60.37116],[25.07108,60.37095],[25.0709,60.37092],[25.07154,60.37067],[25.07069,60.37071],[25.07041,60.37074],[25.06972,60.37087],[25.06945,60.37089],[25.06927,60.3709],[25.06827,60.37089],[25.06793,60.37087],[25.0676,60.37082],[25.0674,60.37076],[25.06706,60.37062],[25.06677,60.37046],[25.06665,60.37037],[25.06642,60.37017],[25.06629,60.37007],[25.06613,60.36998],[25.06585,60.36985],[25.06547,60.36971],[25.06518,60.36964],[25.06484,60.3696],[25.06457,60.36959],[25.06427,60.3696],[25.06197,60.37056],[25.05958,60.37155],[25.05435,60.37373],[25.05369,60.37338],[25.05288,60.37345],[25.05208,60.37287],[25.05182,60.37285],[25.05078,60.3722],[25.05028,60.37111],[25.05022,60.37094],[25.04413,60.36841],[25.04298,60.36794],[25.04069,60.36934],[25.0383,60.37081],[25.03461,60.36945],[25.03128,60.37158],[25.02837,60.37053],[25.0329,60.3675],[25.03613,60.36797],[25.04272,60.3644],[25.05071,60.36014],[25.05547,60.3576],[25.05591,60.35777],[25.05722,60.35838],[25.05797,60.35878],[25.05831,60.35895],[25.05953,60.35972],[25.06018,60.3601],[25.06072,60.36039],[25.0621,60.36102],[25.06278,60.3613],[25.06365,60.36163],[25.06438,60.36189],[25.06483,60.3621],[25.06586,60.36162],[25.06615,60.36151],[25.06642,60.36141],[25.06769,60.36117],[25.06799,60.3611],[25.06851,60.361],[25.06891,60.36091],[25.0696,60.36082],[25.07002,60.36085],[25.07277,60.36075],[25.07356,60.36068],[25.074,60.36062],[25.07443,60.36054],[25.07492,60.36043],[25.07633,60.36017],[25.07865,60.36008],[25.07906,60.36005],[25.07926,60.36003],[25.08044,60.35987],[25.08155,60.35972],[25.08261,60.35957],[25.0835,60.36071],[25.08393,60.36122],[25.08396,60.36125],[25.08444,60.36176],[25.08511,60.36253],[25.0872,60.36441],[25.08918,60.3665]]]}},{"type":"Feature","properties":{"code":"092094","kunta":"092","kokotun":"0927094000","name":"Hakunila","name_sv":"","named":true,"peruspiiri_code":"092094","peruspiiri":"Hakunila","source":"HSY Seutukartta 2021 (tila-alue)","bb":[60.26807,25.08686,60.28856,25.13166],"c":[60.27983,25.10938]},"geometry":{"type":"Polygon","coordinates":[[[25.12906,60.28856],[25.12874,60.28855],[25.12702,60.2885],[25.12527,60.28844],[25.12553,60.28808],[25.12326,60.28769],[25.12036,60.28719],[25.11841,60.28634],[25.11259,60.28711],[25.11113,60.28732],[25.10997,60.28674],[25.10796,60.28588],[25.10798,60.28587],[25.10764,60.28566],[25.10758,60.28548],[25.10512,60.28375],[25.10495,60.28361],[25.10407,60.28407],[25.10329,60.28408],[25.10328,60.28415],[25.1034,60.28448],[25.10343,60.28453],[25.10345,60.2848],[25.10336,60.28529],[25.103,60.28578],[25.10289,60.28589],[25.10246,60.28657],[25.10222,60.28684],[25.10213,60.28691],[25.10145,60.28767],[25.10127,60.28786],[25.10124,60.28777],[25.10119,60.28772],[25.09976,60.28727],[25.09967,60.28722],[25.09589,60.28602],[25.0957,60.28594],[25.0956,60.28588],[25.09435,60.28486],[25.09424,60.28482],[25.0941,60.2848],[25.09404,60.28475],[25.09398,60.28477],[25.09245,60.28469],[25.09242,60.2846],[25.09247,60.28419],[25.09242,60.28403],[25.09185,60.28306],[25.09149,60.28293],[25.0912,60.28233],[25.09085,60.28215],[25.09103,60.282],[25.09146,60.28185],[25.09146,60.28167],[25.09124,60.28134],[25.09118,60.28119],[25.091,60.28068],[25.09083,60.28028],[25.09055,60.27973],[25.09011,60.27893],[25.08975,60.27837],[25.08961,60.27816],[25.08941,60.2779],[25.08915,60.27758],[25.08886,60.27726],[25.08857,60.277],[25.08826,60.27677],[25.08799,60.27661],[25.08756,60.27639],[25.08686,60.27593],[25.09156,60.2747],[25.09193,60.2745],[25.09248,60.27432],[25.09282,60.27428],[25.09306,60.27426],[25.09323,60.27427],[25.09353,60.27432],[25.09373,60.27439],[25.09393,60.27449],[25.09462,60.27499],[25.09616,60.27442],[25.09656,60.2743],[25.09675,60.27415],[25.09697,60.27382],[25.09695,60.27372],[25.09669,60.27355],[25.09653,60.27338],[25.09628,60.27299],[25.09653,60.27283],[25.09719,60.27239],[25.09781,60.27195],[25.0995,60.27078],[25.0997,60.27067],[25.10024,60.27058],[25.10046,60.27049],[25.10061,60.2704],[25.10077,60.27024],[25.10192,60.2699],[25.1021,60.26984],[25.10256,60.26971],[25.10214,60.26936],[25.10275,60.26905],[25.10341,60.26932],[25.10374,60.26909],[25.10449,60.26839],[25.10466,60.26831],[25.10518,60.26807],[25.10502,60.26846],[25.10599,60.26849],[25.10614,60.26852],[25.10634,60.26858],[25.10701,60.26877],[25.10731,60.26885],[25.10793,60.26899],[25.10843,60.26912],[25.10853,60.26919],[25.10861,60.26943],[25.10872,60.26958],[25.10879,60.26964],[25.10907,60.26978],[25.10924,60.26994],[25.10939,60.27015],[25.10954,60.27059],[25.10965,60.27091],[25.10998,60.27186],[25.11012,60.27214],[25.11016,60.27224],[25.11039,60.27222],[25.11074,60.27225],[25.11104,60.27231],[25.11117,60.27237],[25.11123,60.27243],[25.11169,60.273],[25.11175,60.27306],[25.11186,60.27313],[25.11202,60.27318],[25.11167,60.27344],[25.11082,60.27357],[25.11085,60.27363],[25.1111,60.27389],[25.11115,60.27393],[25.11141,60.27426],[25.11145,60.27437],[25.11141,60.27446],[25.11144,60.27456],[25.11155,60.27466],[25.11174,60.27477],[25.11204,60.27488],[25.11214,60.275],[25.1123,60.27508],[25.11237,60.27513],[25.11245,60.27523],[25.11253,60.27528],[25.11282,60.27539],[25.11314,60.27546],[25.11329,60.27552],[25.11363,60.2756],[25.11378,60.27557],[25.11395,60.27558],[25.11407,60.27561],[25.1142,60.2756],[25.11439,60.27556],[25.11447,60.27557],[25.11468,60.27566],[25.11479,60.27566],[25.11506,60.27572],[25.11524,60.27572],[25.11545,60.27575],[25.11564,60.27582],[25.1158,60.27586],[25.11575,60.27596],[25.11579,60.27609],[25.11592,60.27621],[25.11602,60.27622],[25.11622,60.27618],[25.11636,60.27618],[25.11642,60.27621],[25.11638,60.27628],[25.11638,60.27632],[25.11648,60.27637],[25.11659,60.27637],[25.11676,60.2763],[25.11687,60.27631],[25.11686,60.27639],[25.11692,60.2764],[25.11711,60.27636],[25.1172,60.2764],[25.11727,60.27647],[25.11743,60.27657],[25.11751,60.2766],[25.11795,60.27666],[25.11803,60.27661],[25.11812,60.2766],[25.11814,60.27665],[25.11824,60.27667],[25.11831,60.27663],[25.11848,60.27666],[25.11856,60.27667],[25.11864,60.27657],[25.11875,60.27661],[25.11879,60.2767],[25.11887,60.2767],[25.11896,60.27667],[25.11909,60.27666],[25.11921,60.27672],[25.11944,60.27677],[25.11953,60.27681],[25.11978,60.27687],[25.1198,60.27694],[25.1197,60.27707],[25.11971,60.27713],[25.1198,60.27714],[25.11996,60.27713],[25.12005,60.27715],[25.1203,60.27713],[25.1204,60.27707],[25.12061,60.27706],[25.12078,60.27707],[25.12102,60.27704],[25.12144,60.27705],[25.12162,60.27704],[25.12167,60.27706],[25.1218,60.27717],[25.12193,60.27721],[25.12208,60.27718],[25.12206,60.27709],[25.12211,60.27707],[25.12223,60.27711],[25.12238,60.27709],[25.12246,60.27704],[25.12258,60.27698],[25.12281,60.27699],[25.12286,60.27708],[25.12302,60.27713],[25.12324,60.27706],[25.12344,60.27711],[25.12358,60.27708],[25.12367,60.27701],[25.12387,60.27699],[25.12405,60.27702],[25.12412,60.27696],[25.12453,60.27692],[25.12466,60.27696],[25.12478,60.27692],[25.12495,60.27693],[25.12513,60.27696],[25.12513,60.27687],[25.12507,60.27681],[25.12547,60.27679],[25.12549,60.27687],[25.12558,60.27693],[25.12548,60.27705],[25.12548,60.2771],[25.12567,60.27711],[25.12575,60.27716],[25.12584,60.27715],[25.12589,60.27708],[25.12598,60.27706],[25.12616,60.27717],[25.12623,60.27717],[25.12637,60.2771],[25.12653,60.2771],[25.12674,60.27716],[25.12686,60.27717],[25.1269,60.27715],[25.1269,60.27706],[25.12698,60.27702],[25.12717,60.27709],[25.12722,60.27715],[25.12733,60.27715],[25.13052,60.27984],[25.13075,60.28048],[25.13166,60.28302],[25.13026,60.28483],[25.12906,60.28856]]]}},{"type":"Feature","properties":{"code":"092092","kunta":"092","kokotun":"0927092000","name":"Ojanko","name_sv":"","named":true,"peruspiiri_code":"092092","peruspiiri":"Ojanko","source":"HSY Seutukartta 2021 (tila-alue)","bb":[60.25878,25.10502,60.27721,25.14414],"c":[60.26819,25.1265]},"geometry":{"type":"Polygon","coordinates":[[[25.12733,60.27715],[25.12722,60.27715],[25.12717,60.27709],[25.12698,60.27702],[25.1269,60.27706],[25.1269,60.27715],[25.12686,60.27717],[25.12674,60.27716],[25.12653,60.2771],[25.12637,60.2771],[25.12623,60.27717],[25.12616,60.27717],[25.12598,60.27706],[25.12589,60.27708],[25.12584,60.27715],[25.12575,60.27716],[25.12567,60.27711],[25.12548,60.2771],[25.12548,60.27705],[25.12558,60.27693],[25.12549,60.27687],[25.12547,60.27679],[25.12507,60.27681],[25.12513,60.27687],[25.12513,60.27696],[25.12495,60.27693],[25.12478,60.27692],[25.12466,60.27696],[25.12453,60.27692],[25.12412,60.27696],[25.12405,60.27702],[25.12387,60.27699],[25.12367,60.27701],[25.12358,60.27708],[25.12344,60.27711],[25.12324,60.27706],[25.12302,60.27713],[25.12286,60.27708],[25.12281,60.27699],[25.12258,60.27698],[25.12246,60.27704],[25.12238,60.27709],[25.12223,60.27711],[25.12211,60.27707],[25.12206,60.27709],[25.12208,60.27718],[25.12193,60.27721],[25.1218,60.27717],[25.12167,60.27706],[25.12162,60.27704],[25.12144,60.27705],[25.12102,60.27704],[25.12078,60.27707],[25.12061,60.27706],[25.1204,60.27707],[25.1203,60.27713],[25.12005,60.27715],[25.11996,60.27713],[25.1198,60.27714],[25.11971,60.27713],[25.1197,60.27707],[25.1198,60.27694],[25.11978,60.27687],[25.11953,60.27681],[25.11944,60.27677],[25.11921,60.27672],[25.11909,60.27666],[25.11896,60.27667],[25.11887,60.2767],[25.11879,60.2767],[25.11875,60.27661],[25.11864,60.27657],[25.11856,60.27667],[25.11848,60.27666],[25.11831,60.27663],[25.11824,60.27667],[25.11814,60.27665],[25.11812,60.2766],[25.11803,60.27661],[25.11795,60.27666],[25.11751,60.2766],[25.11743,60.27657],[25.11727,60.27647],[25.1172,60.2764],[25.11711,60.27636],[25.11692,60.2764],[25.11686,60.27639],[25.11687,60.27631],[25.11676,60.2763],[25.11659,60.27637],[25.11648,60.27637],[25.11638,60.27632],[25.11638,60.27628],[25.11642,60.27621],[25.11636,60.27618],[25.11622,60.27618],[25.11602,60.27622],[25.11592,60.27621],[25.11579,60.27609],[25.11575,60.27596],[25.1158,60.27586],[25.11564,60.27582],[25.11545,60.27575],[25.11524,60.27572],[25.11506,60.27572],[25.11479,60.27566],[25.11468,60.27566],[25.11447,60.27557],[25.11439,60.27556],[25.1142,60.2756],[25.11407,60.27561],[25.11395,60.27558],[25.11378,60.27557],[25.11363,60.2756],[25.11329,60.27552],[25.11314,60.27546],[25.11282,60.27539],[25.11253,60.27528],[25.11245,60.27523],[25.11237,60.27513],[25.1123,60.27508],[25.11214,60.275],[25.11204,60.27488],[25.11174,60.27477],[25.11155,60.27466],[25.11144,60.27456],[25.11141,60.27446],[25.11145,60.27437],[25.11141,60.27426],[25.11115,60.27393],[25.1111,60.27389],[25.11085,60.27363],[25.11082,60.27357],[25.11167,60.27344],[25.11202,60.27318],[25.11186,60.27313],[25.11175,60.27306],[25.11169,60.273],[25.11123,60.27243],[25.11117,60.27237],[25.11104,60.27231],[25.11074,60.27225],[25.11039,60.27222],[25.11016,60.27224],[25.11012,60.27214],[25.10998,60.27186],[25.10965,60.27091],[25.10954,60.27059],[25.10939,60.27015],[25.10924,60.26994],[25.10907,60.26978],[25.10879,60.26964],[25.10872,60.26958],[25.10861,60.26943],[25.10853,60.26919],[25.10843,60.26912],[25.10793,60.26899],[25.10731,60.26885],[25.10701,60.26877],[25.10634,60.26858],[25.10614,60.26852],[25.10599,60.26849],[25.10502,60.26846],[25.10518,60.26807],[25.10566,60.26784],[25.10638,60.26753],[25.10749,60.26708],[25.10849,60.26669],[25.1114,60.26574],[25.11218,60.26579],[25.11261,60.26566],[25.11278,60.26548],[25.11272,60.26531],[25.11564,60.26436],[25.11583,60.2643],[25.11614,60.26426],[25.11635,60.26425],[25.11656,60.26426],[25.11677,60.26429],[25.11752,60.26442],[25.11768,60.26445],[25.118,60.26447],[25.11832,60.26447],[25.11863,60.26444],[25.11893,60.26438],[25.11921,60.2643],[25.11945,60.2642],[25.11965,60.26407],[25.1198,60.26393],[25.11995,60.26368],[25.11997,60.26366],[25.12022,60.26323],[25.11966,60.26313],[25.11928,60.26312],[25.11893,60.26307],[25.1186,60.263],[25.11839,60.26297],[25.11846,60.26292],[25.11875,60.26281],[25.11898,60.26267],[25.11928,60.26256],[25.11973,60.26228],[25.11999,60.26213],[25.12022,60.26199],[25.12046,60.26186],[25.12071,60.26174],[25.12106,60.26156],[25.1217,60.26117],[25.1221,60.26089],[25.12202,60.261],[25.12252,60.26067],[25.12291,60.26044],[25.12332,60.26022],[25.12387,60.25995],[25.12466,60.25965],[25.12498,60.25953],[25.12532,60.25944],[25.12568,60.25936],[25.12847,60.25878],[25.13072,60.2588],[25.13207,60.25897],[25.13411,60.25934],[25.13567,60.25934],[25.13882,60.26005],[25.14099,60.26053],[25.14113,60.2606],[25.14183,60.26081],[25.14318,60.2611],[25.14414,60.26131],[25.14407,60.26143],[25.14392,60.26161],[25.14361,60.26197],[25.14314,60.26244],[25.14308,60.2625],[25.14297,60.2626],[25.14289,60.26268],[25.14267,60.26294],[25.14263,60.26301],[25.14253,60.26308],[25.14251,60.2631],[25.14244,60.2632],[25.14239,60.2633],[25.14177,60.26477],[25.14174,60.26485],[25.14191,60.26558],[25.14313,60.26582],[25.14281,60.26609],[25.14242,60.26686],[25.14238,60.26693],[25.14235,60.26717],[25.14244,60.26743],[25.14226,60.26778],[25.1421,60.26803],[25.14192,60.26829],[25.14201,60.26875],[25.14202,60.2691],[25.14253,60.26978],[25.13924,60.27003],[25.1394,60.27054],[25.1395,60.27116],[25.13925,60.27162],[25.13842,60.27212],[25.13832,60.27231],[25.13838,60.27232],[25.13835,60.27253],[25.13808,60.27334],[25.13806,60.27354],[25.13819,60.27377],[25.1384,60.27407],[25.13849,60.2744],[25.13837,60.27476],[25.13813,60.27502],[25.13775,60.27519],[25.13763,60.27528],[25.13751,60.27525],[25.13736,60.27516],[25.13581,60.27518],[25.13488,60.27519],[25.13182,60.27546],[25.13002,60.27574],[25.12842,60.27651],[25.12831,60.27663],[25.1283,60.27666],[25.1284,60.27671],[25.12842,60.27675],[25.12827,60.27684],[25.12817,60.27686],[25.12809,60.2769],[25.12789,60.27693],[25.12775,60.27697],[25.12747,60.27698],[25.12737,60.27703],[25.1274,60.27706],[25.12738,60.27713],[25.12733,60.27715]]]}},{"type":"Feature","properties":{"code":"092093","kunta":"092","kokotun":"0927093000","name":"Vaarala","name_sv":"","named":true,"peruspiiri_code":"092093","peruspiiri":"Vaarala","source":"HSY Seutukartta 2021 (tila-alue)","bb":[60.25396,25.08446,60.27593,25.12332],"c":[60.26257,25.10097]},"geometry":{"type":"Polygon","coordinates":[[[25.08686,60.27593],[25.08446,60.27346],[25.08489,60.27301],[25.08484,60.27255],[25.08477,60.27247],[25.08526,60.27229],[25.08674,60.27173],[25.08687,60.27168],[25.08799,60.27125],[25.08805,60.2709],[25.08837,60.27002],[25.0887,60.26901],[25.08874,60.26888],[25.0888,60.26874],[25.08911,60.2678],[25.08908,60.26771],[25.08907,60.26768],[25.08894,60.26737],[25.08888,60.26721],[25.08885,60.26712],[25.08828,60.26566],[25.08824,60.26556],[25.08816,60.26536],[25.08792,60.26474],[25.0878,60.26443],[25.08756,60.26382],[25.08753,60.26376],[25.08748,60.26362],[25.08737,60.26334],[25.0873,60.26314],[25.0871,60.26262],[25.08702,60.2624],[25.08684,60.26192],[25.08684,60.2619],[25.08636,60.26062],[25.08695,60.25992],[25.08752,60.2593],[25.08476,60.25414],[25.08476,60.25413],[25.08698,60.2544],[25.08873,60.2545],[25.09074,60.25459],[25.09072,60.25471],[25.09417,60.2547],[25.09574,60.25457],[25.09597,60.25454],[25.09648,60.25442],[25.09691,60.25438],[25.09721,60.25439],[25.09752,60.25445],[25.09773,60.25443],[25.09867,60.25447],[25.0989,60.25442],[25.09901,60.25434],[25.0991,60.25414],[25.09999,60.25407],[25.1003,60.25408],[25.10101,60.25402],[25.1017,60.25402],[25.10275,60.25398],[25.10371,60.25396],[25.10494,60.25398],[25.10569,60.254],[25.10662,60.25405],[25.10734,60.25413],[25.10793,60.25422],[25.10846,60.25433],[25.10874,60.25443],[25.10929,60.25464],[25.10959,60.25474],[25.10972,60.25477],[25.10993,60.2548],[25.11027,60.25489],[25.11064,60.25495],[25.111,60.25501],[25.11121,60.25503],[25.11123,60.25485],[25.11128,60.25458],[25.11157,60.25464],[25.1119,60.25473],[25.11202,60.25476],[25.11278,60.25493],[25.11442,60.25528],[25.11597,60.25563],[25.11666,60.2558],[25.12014,60.25677],[25.12111,60.25739],[25.12146,60.25775],[25.12172,60.25806],[25.1222,60.25921],[25.12213,60.25953],[25.1219,60.25977],[25.1227,60.2601],[25.12332,60.26022],[25.12291,60.26044],[25.12252,60.26067],[25.12202,60.261],[25.1221,60.26089],[25.1217,60.26117],[25.12106,60.26156],[25.12071,60.26174],[25.12046,60.26186],[25.12022,60.26199],[25.11999,60.26213],[25.11973,60.26228],[25.11928,60.26256],[25.11898,60.26267],[25.11875,60.26281],[25.11846,60.26292],[25.11839,60.26297],[25.1186,60.263],[25.11893,60.26307],[25.11928,60.26312],[25.11966,60.26313],[25.12022,60.26323],[25.11997,60.26366],[25.11995,60.26368],[25.1198,60.26393],[25.11965,60.26407],[25.11945,60.2642],[25.11921,60.2643],[25.11893,60.26438],[25.11863,60.26444],[25.11832,60.26447],[25.118,60.26447],[25.11768,60.26445],[25.11752,60.26442],[25.11677,60.26429],[25.11656,60.26426],[25.11635,60.26425],[25.11614,60.26426],[25.11583,60.2643],[25.11564,60.26436],[25.11272,60.26531],[25.11278,60.26548],[25.11261,60.26566],[25.11218,60.26579],[25.1114,60.26574],[25.10849,60.26669],[25.10749,60.26708],[25.10638,60.26753],[25.10566,60.26784],[25.10518,60.26807],[25.10466,60.26831],[25.10449,60.26839],[25.10374,60.26909],[25.10341,60.26932],[25.10275,60.26905],[25.10214,60.26936],[25.10256,60.26971],[25.1021,60.26984],[25.10192,60.2699],[25.10077,60.27024],[25.10061,60.2704],[25.10046,60.27049],[25.10024,60.27058],[25.0997,60.27067],[25.0995,60.27078],[25.09781,60.27195],[25.09719,60.27239],[25.09653,60.27283],[25.09628,60.27299],[25.09653,60.27338],[25.09669,60.27355],[25.09695,60.27372],[25.09697,60.27382],[25.09675,60.27415],[25.09656,60.2743],[25.09616,60.27442],[25.09462,60.27499],[25.09393,60.27449],[25.09373,60.27439],[25.09353,60.27432],[25.09323,60.27427],[25.09306,60.27426],[25.09282,60.27428],[25.09248,60.27432],[25.09193,60.2745],[25.09156,60.2747],[25.08686,60.27593]]]}},{"type":"Feature","properties":{"code":"092090","kunta":"092","kokotun":"0927090000","name":"Länsisalmi","name_sv":"","named":true,"peruspiiri_code":"092090","peruspiiri":"Länsisalmi","source":"HSY Seutukartta 2021 (tila-alue)","bb":[60.24472,25.12014,60.26131,25.15988],"c":[60.2533,25.143]},"geometry":{"type":"Polygon","coordinates":[[[25.14414,60.26131],[25.14318,60.2611],[25.14183,60.26081],[25.14113,60.2606],[25.14099,60.26053],[25.13882,60.26005],[25.13567,60.25934],[25.13411,60.25934],[25.13207,60.25897],[25.13072,60.2588],[25.12847,60.25878],[25.12568,60.25936],[25.12532,60.25944],[25.12498,60.25953],[25.12466,60.25965],[25.12387,60.25995],[25.12332,60.26022],[25.1227,60.2601],[25.1219,60.25977],[25.12213,60.25953],[25.1222,60.25921],[25.12172,60.25806],[25.12146,60.25775],[25.12111,60.25739],[25.12014,60.25677],[25.12421,60.25752],[25.12643,60.25632],[25.12836,60.25535],[25.12913,60.25484],[25.1298,60.25443],[25.13024,60.25395],[25.13052,60.25369],[25.13119,60.25295],[25.13201,60.25214],[25.13296,60.25137],[25.13403,60.25064],[25.13522,60.24996],[25.13652,60.24932],[25.13865,60.24834],[25.13945,60.24812],[25.14067,60.24761],[25.14106,60.24733],[25.14173,60.24691],[25.14235,60.24629],[25.14263,60.24597],[25.14288,60.24556],[25.14323,60.24507],[25.14317,60.24472],[25.14468,60.24509],[25.14518,60.24528],[25.14705,60.24547],[25.14758,60.24546],[25.14835,60.24553],[25.15012,60.24542],[25.15074,60.24552],[25.15196,60.24613],[25.15198,60.24612],[25.15227,60.2459],[25.15228,60.2459],[25.15379,60.24631],[25.1541,60.24643],[25.15529,60.24676],[25.15632,60.2474],[25.15742,60.24806],[25.15832,60.24846],[25.15863,60.24854],[25.15882,60.24859],[25.15988,60.24882],[25.15958,60.24921],[25.15985,60.24974],[25.1594,60.25037],[25.15937,60.2504],[25.15912,60.25075],[25.159,60.25072],[25.15863,60.25095],[25.15833,60.25098],[25.1574,60.25107],[25.15724,60.25225],[25.15719,60.25275],[25.15717,60.25307],[25.15714,60.25333],[25.1571,60.25361],[25.15769,60.25388],[25.1576,60.25394],[25.1575,60.25399],[25.1574,60.25402],[25.1573,60.25405],[25.15714,60.25414],[25.15705,60.25422],[25.15695,60.25432],[25.15688,60.25438],[25.15684,60.25441],[25.15661,60.25448],[25.15604,60.25467],[25.15596,60.25472],[25.15589,60.25482],[25.15579,60.2549],[25.15569,60.25495],[25.15556,60.25496],[25.15539,60.25493],[25.15523,60.25488],[25.1551,60.25487],[25.155,60.25489],[25.15496,60.25491],[25.15486,60.25504],[25.15482,60.25506],[25.15469,60.25507],[25.15463,60.25509],[25.15457,60.25514],[25.15439,60.25535],[25.1544,60.25541],[25.1545,60.25553],[25.15471,60.25567],[25.15471,60.25573],[25.15458,60.25589],[25.15444,60.2561],[25.1543,60.25623],[25.15425,60.25636],[25.15403,60.25655],[25.15398,60.25664],[25.15391,60.25668],[25.15385,60.25667],[25.15358,60.25662],[25.15346,60.25664],[25.1532,60.25679],[25.15309,60.25683],[25.153,60.25683],[25.15281,60.25681],[25.15278,60.25698],[25.15275,60.25699],[25.15258,60.25701],[25.15241,60.25702],[25.15235,60.25704],[25.15229,60.25707],[25.15227,60.25712],[25.15227,60.2572],[25.15226,60.25725],[25.15224,60.25729],[25.15222,60.25734],[25.15219,60.25738],[25.15216,60.25742],[25.15211,60.25747],[25.15198,60.25754],[25.15191,60.25757],[25.15184,60.25759],[25.15176,60.25761],[25.15143,60.25763],[25.15136,60.25765],[25.1513,60.25768],[25.15117,60.25775],[25.15112,60.25777],[25.15109,60.25778],[25.15105,60.25778],[25.15089,60.25775],[25.15073,60.25775],[25.15062,60.25777],[25.15054,60.25779],[25.15051,60.25781],[25.15051,60.25787],[25.15057,60.2579],[25.15077,60.25796],[25.15079,60.25799],[25.15064,60.25809],[25.15054,60.25818],[25.15047,60.2582],[25.15008,60.25821],[25.14986,60.25823],[25.14968,60.25822],[25.14936,60.2582],[25.1491,60.25819],[25.149,60.25832],[25.14889,60.25838],[25.14877,60.25836],[25.14861,60.2583],[25.14854,60.2582],[25.14842,60.25812],[25.14832,60.25801],[25.14821,60.258],[25.14803,60.25804],[25.14792,60.25805],[25.14774,60.25807],[25.14766,60.25809],[25.14753,60.25815],[25.1474,60.2582],[25.14706,60.25825],[25.1468,60.2583],[25.14673,60.25834],[25.14656,60.25847],[25.14642,60.25853],[25.14604,60.25867],[25.14495,60.25909],[25.1447,60.25919],[25.14463,60.25924],[25.14457,60.25931],[25.14409,60.26016],[25.14402,60.2603],[25.14432,60.26075],[25.14414,60.26131]]]}},{"type":"Feature","properties":{"code":"092071","kunta":"092","kokotun":"0925071000","name":"Ilola","name_sv":"","named":true,"peruspiiri_code":"092071","peruspiiri":"Ilola","source":"HSY Seutukartta 2021 (tila-alue)","bb":[60.31593,24.98901,60.34231,25.03765],"c":[60.3295,25.01486]},"geometry":{"type":"Polygon","coordinates":[[[25.03765,60.34231],[25.03358,60.34121],[25.03296,60.34105],[25.02344,60.33849],[25.01925,60.33738],[25.01823,60.3371],[25.01747,60.33689],[25.01527,60.3363],[25.01505,60.33624],[25.01412,60.33599],[25.01325,60.33575],[25.0117,60.33533],[25.0115,60.33528],[25.01071,60.33506],[25.01057,60.33503],[25.00978,60.33482],[25.00866,60.33451],[25.00772,60.33427],[25.00492,60.33351],[25.00411,60.3333],[25.00389,60.33325],[25.00362,60.33323],[25.00175,60.33311],[25.00008,60.33299],[24.99541,60.33298],[24.99424,60.33301],[24.99409,60.32843],[24.98952,60.32638],[24.98901,60.32129],[24.9891,60.32095],[24.98968,60.32011],[24.98929,60.31593],[24.99065,60.31644],[24.99106,60.31657],[24.99353,60.31784],[24.99627,60.31721],[24.99821,60.31828],[24.99834,60.31837],[24.99896,60.31871],[24.9997,60.31922],[25.00002,60.31955],[25.00017,60.3197],[25.00047,60.32008],[25.0006,60.32027],[25.0007,60.32049],[25.00074,60.32061],[25.00082,60.32097],[25.00086,60.32135],[25.00088,60.32198],[25.00086,60.32262],[25.00083,60.32278],[25.00085,60.32309],[25.00072,60.32394],[25.00064,60.32435],[25.0006,60.32463],[25.0011,60.3247],[25.0012,60.32445],[25.00141,60.32431],[25.00145,60.32419],[25.00199,60.32387],[25.00299,60.32387],[25.00321,60.32387],[25.00366,60.32386],[25.00385,60.32384],[25.00403,60.3238],[25.00426,60.32372],[25.00459,60.32357],[25.0057,60.32351],[25.00664,60.32352],[25.00701,60.3235],[25.0081,60.32347],[25.00817,60.32341],[25.00883,60.32338],[25.00937,60.32335],[25.00987,60.32334],[25.0103,60.32333],[25.01259,60.3233],[25.01279,60.32327],[25.01344,60.32325],[25.01477,60.32327],[25.01513,60.32329],[25.01549,60.32332],[25.01585,60.32336],[25.01619,60.32342],[25.01776,60.32373],[25.01833,60.32384],[25.01874,60.3239],[25.02118,60.32428],[25.02216,60.32443],[25.0226,60.32448],[25.02309,60.32453],[25.02357,60.32455],[25.02595,60.32464],[25.02678,60.32466],[25.02723,60.32467],[25.02924,60.32464],[25.0298,60.32461],[25.03012,60.32458],[25.03058,60.32453],[25.03109,60.3245],[25.03146,60.32449],[25.03372,60.32425],[25.03439,60.32417],[25.034,60.32485],[25.03483,60.32511],[25.03505,60.32506],[25.03548,60.32555],[25.03549,60.32582],[25.03577,60.32615],[25.03537,60.32624],[25.03521,60.3263],[25.03506,60.32638],[25.03495,60.32647],[25.03485,60.32661],[25.03483,60.32666],[25.03483,60.32682],[25.03493,60.32721],[25.03551,60.32736],[25.03589,60.32741],[25.03628,60.32744],[25.03667,60.32744],[25.03699,60.3274],[25.03729,60.32759],[25.03736,60.33227],[25.03742,60.33458],[25.0375,60.33709],[25.03751,60.33757],[25.03753,60.33802],[25.03754,60.33907],[25.0376,60.34013],[25.03765,60.34231]]]}},{"type":"Feature","properties":{"code":"092062","kunta":"092","kokotun":"0924062000","name":"Jokiniemi","name_sv":"","named":true,"peruspiiri_code":"092062","peruspiiri":"Jokiniemi","source":"HSY Seutukartta 2021 (tila-alue)","bb":[60.2887,25.04247,60.31105,25.07186],"c":[60.29867,25.0564]},"geometry":{"type":"Polygon","coordinates":[[[25.05227,60.31105],[25.05198,60.31046],[25.05209,60.31045],[25.05116,60.30843],[25.05042,60.30682],[25.05026,60.30665],[25.04985,60.30573],[25.04957,60.30514],[25.04894,60.30378],[25.04908,60.30371],[25.04898,60.3035],[25.04863,60.30355],[25.04866,60.30344],[25.04844,60.30342],[25.04857,60.30296],[25.04851,60.30287],[25.04827,60.30232],[25.04801,60.30175],[25.0477,60.3011],[25.04713,60.29984],[25.04692,60.29941],[25.04676,60.29905],[25.04644,60.29835],[25.04662,60.29833],[25.04598,60.29691],[25.04599,60.29691],[25.04431,60.29322],[25.04433,60.29322],[25.04419,60.29291],[25.04417,60.29291],[25.04352,60.29149],[25.04357,60.29148],[25.04349,60.29131],[25.04275,60.28965],[25.04254,60.28967],[25.04247,60.28953],[25.0431,60.28942],[25.04367,60.28933],[25.04393,60.28931],[25.04418,60.28935],[25.04438,60.2894],[25.04449,60.28945],[25.04544,60.2898],[25.04574,60.28991],[25.04616,60.29011],[25.04633,60.29017],[25.04656,60.2903],[25.04706,60.29053],[25.04742,60.2907],[25.04773,60.29089],[25.04816,60.2913],[25.0483,60.29137],[25.04851,60.29142],[25.04881,60.29144],[25.04913,60.2914],[25.04962,60.29131],[25.05001,60.29122],[25.05072,60.29097],[25.05105,60.29083],[25.0513,60.29065],[25.05157,60.29041],[25.05185,60.2901],[25.05208,60.2899],[25.05244,60.28967],[25.05272,60.28952],[25.05288,60.28945],[25.05353,60.28916],[25.05377,60.28903],[25.05393,60.28892],[25.0541,60.28882],[25.0543,60.28875],[25.05447,60.28872],[25.05476,60.2887],[25.055,60.2887],[25.05535,60.28874],[25.05569,60.28882],[25.05604,60.28894],[25.0564,60.28907],[25.05688,60.28926],[25.05724,60.28942],[25.05739,60.28948],[25.05797,60.28968],[25.05818,60.28976],[25.05845,60.28989],[25.05869,60.29004],[25.05886,60.29019],[25.05939,60.29071],[25.05964,60.29088],[25.05998,60.29102],[25.06037,60.29112],[25.06076,60.29122],[25.06113,60.29133],[25.06146,60.29147],[25.06176,60.29163],[25.06201,60.2918],[25.06241,60.29212],[25.06343,60.29299],[25.06362,60.29316],[25.06396,60.29361],[25.06417,60.29395],[25.06417,60.2941],[25.0646,60.29459],[25.06543,60.29535],[25.06579,60.29556],[25.06613,60.29571],[25.06651,60.29584],[25.0666,60.29589],[25.0667,60.29606],[25.06679,60.29627],[25.06693,60.29639],[25.06767,60.29678],[25.06783,60.29687],[25.068,60.29696],[25.06833,60.29714],[25.06856,60.29724],[25.06902,60.29743],[25.06924,60.29755],[25.06956,60.2978],[25.06971,60.29797],[25.07003,60.29838],[25.07028,60.29862],[25.07052,60.2988],[25.07068,60.2989],[25.07096,60.29902],[25.07141,60.29918],[25.07162,60.29932],[25.07173,60.29946],[25.07179,60.29961],[25.07185,60.29973],[25.07186,60.29981],[25.07183,60.2999],[25.07167,60.3001],[25.07162,60.30018],[25.07163,60.30033],[25.07158,60.30043],[25.07146,60.30048],[25.07134,60.30049],[25.071,60.30045],[25.0708,60.30046],[25.07061,60.30052],[25.07047,60.30064],[25.07036,60.3008],[25.07022,60.30088],[25.07005,60.30094],[25.07,60.30097],[25.06996,60.30107],[25.06993,60.30125],[25.06999,60.30165],[25.06993,60.30196],[25.06983,60.30223],[25.06971,60.3024],[25.06953,60.30254],[25.06941,60.30272],[25.06931,60.30279],[25.06902,60.30286],[25.06876,60.30287],[25.06849,60.30285],[25.06825,60.30282],[25.0678,60.30279],[25.06758,60.30282],[25.06737,60.30286],[25.06715,60.30295],[25.06671,60.30315],[25.06635,60.30336],[25.06604,60.30369],[25.06585,60.30379],[25.06569,60.30386],[25.0655,60.30392],[25.06534,60.30392],[25.06524,60.30397],[25.06525,60.30401],[25.06538,60.30408],[25.06539,60.30413],[25.06535,60.30421],[25.0653,60.30423],[25.06508,60.30422],[25.06502,60.30424],[25.0648,60.30442],[25.06477,60.3045],[25.06482,60.30461],[25.06482,60.30467],[25.06471,60.30476],[25.06461,60.30482],[25.06439,60.30484],[25.06431,60.30483],[25.0642,60.30477],[25.06403,60.3047],[25.06385,60.30466],[25.06366,60.30474],[25.06363,60.30484],[25.06358,60.30493],[25.06338,60.30495],[25.06322,60.30503],[25.06325,60.30519],[25.06318,60.30529],[25.06307,60.30541],[25.06306,60.30541],[25.06295,60.30541],[25.06267,60.3053],[25.06255,60.30529],[25.06233,60.30525],[25.06213,60.30527],[25.06206,60.30531],[25.06194,60.30549],[25.06193,60.30555],[25.06204,60.30563],[25.06218,60.30579],[25.06222,60.30586],[25.0622,60.30591],[25.06208,60.30601],[25.06196,60.30605],[25.06171,60.30604],[25.06154,60.30602],[25.06138,60.30604],[25.0611,60.30612],[25.06092,60.30615],[25.06076,60.30619],[25.0607,60.30625],[25.06075,60.30631],[25.06085,60.30637],[25.06089,60.30649],[25.06098,60.30658],[25.0609,60.30665],[25.06081,60.30668],[25.0607,60.30668],[25.06054,60.30662],[25.06055,60.30654],[25.06059,60.30649],[25.06055,60.30646],[25.06038,60.30641],[25.06024,60.3064],[25.06002,60.30644],[25.06,60.30652],[25.06006,60.3066],[25.06018,60.3067],[25.06013,60.30676],[25.06,60.30677],[25.0598,60.3067],[25.05962,60.30669],[25.0594,60.30672],[25.05906,60.30674],[25.05869,60.30671],[25.05855,60.30675],[25.05852,60.30684],[25.05858,60.30695],[25.05846,60.30704],[25.05843,60.30727],[25.05847,60.30735],[25.05838,60.30738],[25.05812,60.30738],[25.05789,60.30731],[25.05774,60.30732],[25.05755,60.30749],[25.05748,60.30762],[25.0575,60.3077],[25.05763,60.30783],[25.05766,60.30793],[25.05764,60.30798],[25.0575,60.30804],[25.0574,60.30804],[25.05689,60.30798],[25.05665,60.30796],[25.05648,60.30807],[25.05652,60.30818],[25.05685,60.30834],[25.05698,60.30848],[25.05703,60.30855],[25.05691,60.30868],[25.05673,60.30873],[25.05642,60.30869],[25.0562,60.30865],[25.05611,60.30867],[25.05598,60.30875],[25.056,60.3088],[25.05623,60.30887],[25.05626,60.30893],[25.05623,60.30897],[25.05589,60.30921],[25.05577,60.30928],[25.0557,60.30934],[25.05579,60.30953],[25.0557,60.30959],[25.05555,60.30963],[25.05543,60.30957],[25.05538,60.30951],[25.0553,60.3095],[25.05507,60.30949],[25.05493,60.3095],[25.05489,60.30953],[25.05488,60.30961],[25.05484,60.30972],[25.05484,60.30979],[25.05491,60.30989],[25.0549,60.30997],[25.05485,60.31008],[25.05479,60.31012],[25.05467,60.31013],[25.05464,60.3101],[25.05463,60.3099],[25.05451,60.30987],[25.05423,60.31],[25.05404,60.31013],[25.05392,60.31036],[25.05392,60.3105],[25.05382,60.31058],[25.05325,60.3108],[25.05227,60.31105]]]}},{"type":"Feature","properties":{"code":"092032","kunta":"092","kokotun":"0922032000","name":"Riipilä","name_sv":"","named":true,"peruspiiri_code":"092032","peruspiiri":"Riipilä","source":"HSY Seutukartta 2021 (tila-alue)","bb":[60.35488,24.80982,60.40126,24.87728],"c":[60.37754,24.84522]},"geometry":{"type":"Polygon","coordinates":[[[24.87663,60.38246],[24.87659,60.38246],[24.87646,60.38261],[24.87634,60.38272],[24.87613,60.38287],[24.87599,60.38296],[24.87564,60.38316],[24.87546,60.38328],[24.87541,60.38339],[24.87545,60.38353],[24.8756,60.38374],[24.87579,60.38393],[24.87603,60.38413],[24.87619,60.38428],[24.87636,60.3844],[24.87667,60.38467],[24.87676,60.38478],[24.87707,60.38536],[24.87723,60.3858],[24.87728,60.3862],[24.87727,60.38637],[24.87721,60.38657],[24.87709,60.38681],[24.87704,60.38703],[24.87703,60.38727],[24.87707,60.38752],[24.87716,60.388],[24.87717,60.38817],[24.87713,60.38844],[24.87702,60.38879],[24.87699,60.3889],[24.877,60.38918],[24.87698,60.38936],[24.87692,60.3895],[24.87681,60.38963],[24.87654,60.38995],[24.87636,60.39018],[24.87614,60.39035],[24.87584,60.39051],[24.87535,60.3908],[24.87518,60.39089],[24.87496,60.39099],[24.87479,60.39105],[24.87414,60.39128],[24.87403,60.39133],[24.87335,60.39162],[24.87301,60.39175],[24.87288,60.39182],[24.87272,60.39191],[24.87259,60.39204],[24.87247,60.39221],[24.87232,60.39237],[24.8721,60.39256],[24.8719,60.39269],[24.87161,60.39285],[24.87141,60.39294],[24.87098,60.3931],[24.87046,60.39327],[24.87015,60.39338],[24.86996,60.39349],[24.8696,60.39374],[24.86941,60.39385],[24.8692,60.39395],[24.86895,60.39402],[24.86862,60.3941],[24.86835,60.39418],[24.86814,60.39428],[24.868,60.39436],[24.8678,60.39452],[24.8677,60.39464],[24.86764,60.39477],[24.86761,60.39489],[24.86763,60.39503],[24.8677,60.39524],[24.86775,60.39542],[24.8679,60.39577],[24.86795,60.396],[24.86797,60.39627],[24.86791,60.39648],[24.86791,60.39657],[24.86783,60.39684],[24.86768,60.39723],[24.86758,60.3974],[24.86749,60.3975],[24.86735,60.39762],[24.86718,60.39771],[24.86687,60.39786],[24.86653,60.39799],[24.86636,60.39808],[24.86626,60.39815],[24.86619,60.39827],[24.8662,60.39844],[24.86623,60.39853],[24.86629,60.39865],[24.86643,60.39877],[24.86681,60.39901],[24.86709,60.39922],[24.86724,60.3993],[24.8675,60.39943],[24.86794,60.39965],[24.86857,60.39995],[24.86873,60.40006],[24.86881,60.40018],[24.86892,60.40039],[24.86907,60.4006],[24.86914,60.40072],[24.86914,60.40084],[24.869,60.40106],[24.86894,60.40126],[24.86873,60.40122],[24.85915,60.39952],[24.84892,60.39772],[24.83576,60.3954],[24.83091,60.39454],[24.83052,60.39447],[24.82849,60.39315],[24.82619,60.39167],[24.82566,60.39136],[24.82363,60.39001],[24.81974,60.38744],[24.8168,60.38553],[24.8139,60.38361],[24.81395,60.38189],[24.81371,60.3804],[24.8135,60.37912],[24.81329,60.37788],[24.81305,60.37701],[24.81262,60.37564],[24.81222,60.37495],[24.81135,60.37294],[24.81115,60.37252],[24.81094,60.3721],[24.81028,60.37085],[24.81006,60.37043],[24.80982,60.36994],[24.81007,60.36981],[24.81143,60.36913],[24.81172,60.36898],[24.81278,60.36845],[24.81377,60.36798],[24.81557,60.36711],[24.81666,60.3666],[24.81765,60.36607],[24.81813,60.36581],[24.81823,60.36576],[24.81931,60.36515],[24.82191,60.36375],[24.82525,60.36195],[24.82532,60.36191],[24.82503,60.36176],[24.82469,60.36157],[24.82439,60.36138],[24.82416,60.36121],[24.82646,60.35954],[24.82806,60.35836],[24.83017,60.35682],[24.83191,60.35555],[24.83323,60.35552],[24.83354,60.35548],[24.83365,60.35543],[24.83384,60.3553],[24.83422,60.35504],[24.83436,60.35498],[24.83456,60.35491],[24.83482,60.3549],[24.835,60.35495],[24.83549,60.35513],[24.8357,60.3552],[24.83592,60.35526],[24.83605,60.35528],[24.83645,60.35529],[24.83683,60.35528],[24.83702,60.35525],[24.83718,60.35521],[24.83749,60.35508],[24.83798,60.35494],[24.83847,60.35488],[24.83861,60.35488],[24.83872,60.35492],[24.83884,60.35498],[24.83888,60.35503],[24.83916,60.35515],[24.83957,60.35532],[24.83993,60.35544],[24.84011,60.35546],[24.84064,60.35542],[24.8415,60.35529],[24.84206,60.35528],[24.84228,60.3553],[24.8428,60.3554],[24.84573,60.35616],[24.84612,60.35625],[24.8463,60.35628],[24.84648,60.35629],[24.84782,60.35623],[24.84803,60.35623],[24.84867,60.35628],[24.84902,60.35634],[24.84922,60.3564],[24.84949,60.35648],[24.84971,60.35656],[24.85056,60.35694],[24.85075,60.35701],[24.85102,60.35708],[24.85193,60.35725],[24.85394,60.35753],[24.85469,60.35766],[24.85545,60.3578],[24.8566,60.3581],[24.8579,60.35852],[24.85897,60.35891],[24.8599,60.35928],[24.86011,60.35935],[24.86042,60.35944],[24.86062,60.35948],[24.86082,60.35952],[24.86108,60.35953],[24.86199,60.35957],[24.86236,60.35961],[24.86279,60.3597],[24.86295,60.35975],[24.86325,60.35986],[24.8643,60.3603],[24.86447,60.36035],[24.86468,60.36039],[24.86517,60.36041],[24.86557,60.36042],[24.86583,60.36041],[24.86598,60.36039],[24.86649,60.36029],[24.86712,60.36011],[24.86798,60.35976],[24.86829,60.35966],[24.86863,60.35961],[24.86901,60.35958],[24.86925,60.35958],[24.86952,60.35963],[24.86976,60.3597],[24.86994,60.35977],[24.87019,60.35985],[24.87039,60.35992],[24.8705,60.35999],[24.87058,60.36011],[24.87056,60.36026],[24.8705,60.36037],[24.8704,60.36046],[24.8701,60.36063],[24.86969,60.36074],[24.86935,60.36082],[24.8689,60.36092],[24.86858,60.361],[24.86806,60.36119],[24.86777,60.36135],[24.8676,60.36156],[24.86763,60.36176],[24.86776,60.36194],[24.8679,60.36217],[24.86815,60.3624],[24.86838,60.36263],[24.86842,60.36278],[24.86839,60.36298],[24.86831,60.36314],[24.86785,60.36359],[24.8674,60.36397],[24.86725,60.36407],[24.86681,60.36432],[24.86633,60.36452],[24.86612,60.36464],[24.86597,60.36481],[24.86594,60.36494],[24.86598,60.36512],[24.86612,60.36525],[24.86647,60.3655],[24.86673,60.36563],[24.86684,60.3657],[24.86696,60.36583],[24.86701,60.36595],[24.86703,60.3661],[24.86699,60.36626],[24.86678,60.36687],[24.86671,60.36716],[24.86667,60.36743],[24.86667,60.36773],[24.86665,60.3679],[24.8667,60.3681],[24.86691,60.3687],[24.86706,60.36895],[24.86719,60.3692],[24.8673,60.36955],[24.86727,60.36978],[24.86713,60.36994],[24.86695,60.37007],[24.86671,60.37022],[24.86617,60.3704],[24.86577,60.37057],[24.86555,60.37072],[24.8653,60.3709],[24.86505,60.37115],[24.86499,60.37131],[24.86497,60.37142],[24.86498,60.37153],[24.86507,60.37168],[24.86522,60.37174],[24.86529,60.3718],[24.86557,60.37187],[24.86564,60.37186],[24.86577,60.37184],[24.86591,60.37181],[24.8663,60.37167],[24.86657,60.37154],[24.86703,60.37132],[24.86752,60.37112],[24.86759,60.37109],[24.86802,60.37102],[24.86828,60.37103],[24.8686,60.37112],[24.86896,60.37128],[24.86914,60.37137],[24.86935,60.37151],[24.86981,60.37187],[24.87007,60.37206],[24.87013,60.37227],[24.87011,60.37235],[24.87002,60.37246],[24.86984,60.37258],[24.86963,60.37266],[24.86932,60.37274],[24.86877,60.37285],[24.86857,60.37292],[24.86819,60.37312],[24.8679,60.37332],[24.86778,60.37347],[24.86778,60.37363],[24.86788,60.37388],[24.86846,60.37418],[24.86922,60.37447],[24.86979,60.37465],[24.87005,60.37471],[24.87028,60.37474],[24.87054,60.37476],[24.87079,60.37475],[24.87099,60.37473],[24.87117,60.37469],[24.87129,60.37466],[24.8716,60.3745],[24.87207,60.37421],[24.87241,60.37399],[24.87252,60.37394],[24.87268,60.37391],[24.87288,60.37389],[24.87316,60.37392],[24.87331,60.37394],[24.87373,60.3741],[24.87406,60.37431],[24.87424,60.37448],[24.87457,60.37485],[24.87498,60.37529],[24.87554,60.37611],[24.87571,60.37642],[24.87592,60.3767],[24.87629,60.37699],[24.87644,60.37717],[24.87671,60.37756],[24.87681,60.37774],[24.87689,60.37791],[24.87701,60.37821],[24.87705,60.37847],[24.87707,60.3788],[24.87703,60.37903],[24.87701,60.37922],[24.87701,60.37961],[24.87703,60.37983],[24.87712,60.38009],[24.87714,60.38021],[24.87707,60.38067],[24.87701,60.38112],[24.87688,60.38174],[24.87687,60.38185],[24.8768,60.38224],[24.87663,60.38246]]]}},{"type":"Feature","properties":{"code":"092066","kunta":"092","kokotun":"0924066000","name":"Hakkila","name_sv":"","named":true,"peruspiiri_code":"092066","peruspiiri":"Hakkila","source":"HSY Seutukartta 2021 (tila-alue)","bb":[60.2825,25.05535,60.31358,25.09761],"c":[60.2972,25.07997]},"geometry":{"type":"Polygon","coordinates":[[[25.08651,60.31358],[25.08646,60.31353],[25.08613,60.31344],[25.08573,60.31325],[25.08555,60.31309],[25.08546,60.31296],[25.08532,60.3123],[25.08527,60.31201],[25.0852,60.31195],[25.08483,60.31181],[25.08478,60.31178],[25.08354,60.31086],[25.08311,60.31074],[25.08269,60.31073],[25.0825,60.31075],[25.08218,60.31082],[25.08196,60.31084],[25.08184,60.31084],[25.08159,60.31077],[25.08121,60.31065],[25.08088,60.31051],[25.08064,60.31043],[25.08031,60.31034],[25.08011,60.31032],[25.07986,60.31032],[25.07968,60.31033],[25.07907,60.31048],[25.07866,60.31053],[25.07837,60.31053],[25.07805,60.31057],[25.07778,60.31058],[25.07754,60.31056],[25.07691,60.31037],[25.07667,60.31029],[25.07658,60.31024],[25.07621,60.31012],[25.07586,60.30995],[25.07576,60.3099],[25.07553,60.30981],[25.07482,60.30964],[25.07468,60.30962],[25.07457,60.30963],[25.07427,60.30972],[25.07415,60.30977],[25.074,60.30985],[25.07357,60.31006],[25.0733,60.31016],[25.07297,60.31022],[25.07281,60.31024],[25.07252,60.31022],[25.07218,60.31015],[25.07182,60.31006],[25.07147,60.30991],[25.07103,60.30969],[25.07086,60.3096],[25.06997,60.30908],[25.06945,60.30877],[25.0692,60.30859],[25.06903,60.30844],[25.06892,60.30826],[25.06892,60.30796],[25.06895,60.30734],[25.06898,60.30713],[25.06908,60.30659],[25.06909,60.30641],[25.06918,60.30612],[25.06932,60.30584],[25.06958,60.30542],[25.06969,60.30522],[25.06975,60.30504],[25.06973,60.30493],[25.06966,60.30482],[25.06951,60.30462],[25.06943,60.30453],[25.06926,60.30442],[25.06896,60.3043],[25.06867,60.30422],[25.06849,60.3042],[25.06725,60.30412],[25.0669,60.3041],[25.06672,60.30408],[25.06654,60.30403],[25.06627,60.30392],[25.06611,60.30379],[25.06604,60.30369],[25.06635,60.30336],[25.06671,60.30315],[25.06715,60.30295],[25.06737,60.30286],[25.06758,60.30282],[25.0678,60.30279],[25.06825,60.30282],[25.06849,60.30285],[25.06876,60.30287],[25.06902,60.30286],[25.06931,60.30279],[25.06941,60.30272],[25.06953,60.30254],[25.06971,60.3024],[25.06983,60.30223],[25.06993,60.30196],[25.06999,60.30165],[25.06993,60.30125],[25.06996,60.30107],[25.07,60.30097],[25.07005,60.30094],[25.07022,60.30088],[25.07036,60.3008],[25.07047,60.30064],[25.07061,60.30052],[25.0708,60.30046],[25.071,60.30045],[25.07134,60.30049],[25.07146,60.30048],[25.07158,60.30043],[25.07163,60.30033],[25.07162,60.30018],[25.07167,60.3001],[25.07183,60.2999],[25.07186,60.29981],[25.07185,60.29973],[25.07179,60.29961],[25.07173,60.29946],[25.07162,60.29932],[25.07141,60.29918],[25.07096,60.29902],[25.07068,60.2989],[25.07052,60.2988],[25.07028,60.29862],[25.07003,60.29838],[25.06971,60.29797],[25.06956,60.2978],[25.06924,60.29755],[25.06902,60.29743],[25.06856,60.29724],[25.06833,60.29714],[25.068,60.29696],[25.06783,60.29687],[25.06767,60.29678],[25.06693,60.29639],[25.06679,60.29627],[25.0667,60.29606],[25.0666,60.29589],[25.06651,60.29584],[25.06613,60.29571],[25.06579,60.29556],[25.06543,60.29535],[25.0646,60.29459],[25.06417,60.2941],[25.06417,60.29395],[25.06396,60.29361],[25.06362,60.29316],[25.06343,60.29299],[25.06241,60.29212],[25.06201,60.2918],[25.06176,60.29163],[25.06146,60.29147],[25.06113,60.29133],[25.06076,60.29122],[25.06037,60.29112],[25.05998,60.29102],[25.05964,60.29088],[25.05939,60.29071],[25.05886,60.29019],[25.05869,60.29004],[25.05845,60.28989],[25.05818,60.28976],[25.05797,60.28968],[25.05739,60.28948],[25.05724,60.28942],[25.05688,60.28926],[25.0564,60.28907],[25.05604,60.28894],[25.05569,60.28882],[25.05535,60.28874],[25.05549,60.28868],[25.05612,60.28838],[25.05668,60.28814],[25.05766,60.28786],[25.05857,60.28773],[25.05865,60.28751],[25.05867,60.2874],[25.0586,60.28706],[25.05844,60.28644],[25.05846,60.28634],[25.05856,60.28624],[25.05867,60.28618],[25.05968,60.28575],[25.06007,60.28563],[25.0607,60.28544],[25.06091,60.28538],[25.06127,60.28531],[25.06165,60.28528],[25.06341,60.28522],[25.06348,60.28523],[25.06647,60.28511],[25.06708,60.28508],[25.06795,60.28501],[25.06883,60.28489],[25.07023,60.28456],[25.07294,60.28385],[25.07316,60.28382],[25.07413,60.28357],[25.07415,60.28354],[25.07779,60.28259],[25.07848,60.2825],[25.07857,60.28258],[25.07872,60.28267],[25.0789,60.28272],[25.07905,60.28273],[25.07916,60.28278],[25.07922,60.28305],[25.07932,60.28339],[25.07944,60.28365],[25.0797,60.28413],[25.07986,60.28449],[25.07991,60.2846],[25.08003,60.28498],[25.08013,60.28537],[25.08017,60.28562],[25.08024,60.28625],[25.08044,60.28721],[25.08295,60.28664],[25.08377,60.28645],[25.08485,60.2862],[25.08638,60.28586],[25.08761,60.28557],[25.08826,60.28543],[25.08897,60.28526],[25.09165,60.28465],[25.09245,60.28469],[25.09271,60.28551],[25.09288,60.28606],[25.093,60.28679],[25.093,60.28699],[25.0929,60.28703],[25.09299,60.28722],[25.09309,60.28766],[25.09338,60.29033],[25.09326,60.29068],[25.09353,60.29169],[25.09365,60.29233],[25.09363,60.29299],[25.09389,60.29329],[25.09392,60.29337],[25.09394,60.29355],[25.09386,60.2938],[25.09393,60.29397],[25.09419,60.29487],[25.09431,60.29533],[25.09439,60.29584],[25.09444,60.29641],[25.09474,60.2971],[25.09473,60.29722],[25.09458,60.29723],[25.09492,60.29837],[25.09569,60.30055],[25.09601,60.30137],[25.09657,60.30269],[25.09668,60.30295],[25.09677,60.30324],[25.09688,60.30366],[25.09692,60.30392],[25.09696,60.3043],[25.09695,60.30433],[25.09696,60.30468],[25.09694,60.3055],[25.09697,60.30576],[25.09701,60.30588],[25.09708,60.30639],[25.09761,60.30704],[25.09712,60.3074],[25.09667,60.3077],[25.0964,60.30789],[25.09582,60.30811],[25.09547,60.30843],[25.09321,60.30882],[25.0932,60.30902],[25.09323,60.30919],[25.09327,60.30936],[25.09333,60.30953],[25.09342,60.3097],[25.09353,60.30988],[25.09366,60.31004],[25.09351,60.31019],[25.09369,60.31027],[25.0934,60.31054],[25.09279,60.31108],[25.09156,60.31193],[25.09094,60.31225],[25.09034,60.31252],[25.08983,60.31273],[25.0896,60.3128],[25.0893,60.31292],[25.0889,60.31302],[25.08829,60.3132],[25.08708,60.3135],[25.08651,60.31358]]]}},{"type":"Feature","properties":{"code":"092085","kunta":"092","kokotun":"0926085000","name":"Jokivarsi","name_sv":"","named":true,"peruspiiri_code":"092085","peruspiiri":"Jokivarsi","source":"HSY Seutukartta 2021 (tila-alue)","bb":[60.33553,25.10479,60.36382,25.12629],"c":[60.34901,25.11699]},"geometry":{"type":"Polygon","coordinates":[[[25.11549,60.36382],[25.11505,60.36329],[25.11484,60.36281],[25.11456,60.36254],[25.11447,60.36234],[25.11439,60.36223],[25.11429,60.36213],[25.1141,60.36198],[25.11392,60.36164],[25.11387,60.3615],[25.11384,60.36137],[25.11376,60.36129],[25.11373,60.36117],[25.11358,60.36103],[25.11354,60.36093],[25.11359,60.3607],[25.11366,60.36062],[25.1137,60.36032],[25.11374,60.35998],[25.11371,60.35977],[25.11364,60.35954],[25.11355,60.35931],[25.1133,60.35902],[25.11309,60.35884],[25.11299,60.35871],[25.11288,60.35852],[25.11272,60.35817],[25.11246,60.35768],[25.11211,60.35717],[25.11196,60.35688],[25.11187,60.35665],[25.11182,60.35647],[25.11169,60.35619],[25.11154,60.35604],[25.11158,60.35593],[25.11147,60.35571],[25.11145,60.3557],[25.11133,60.35545],[25.11115,60.35536],[25.11118,60.35523],[25.11105,60.355],[25.11097,60.35486],[25.11094,60.3547],[25.11051,60.35394],[25.11041,60.35365],[25.11033,60.35346],[25.11026,60.35334],[25.11023,60.35318],[25.11015,60.35259],[25.11001,60.35203],[25.10992,60.35175],[25.10984,60.35157],[25.10966,60.35084],[25.10957,60.35059],[25.10948,60.35042],[25.10937,60.34952],[25.10944,60.34946],[25.10943,60.34926],[25.10924,60.34887],[25.10909,60.34841],[25.10906,60.34822],[25.10888,60.3479],[25.10874,60.34706],[25.10865,60.34681],[25.10854,60.34661],[25.1084,60.34642],[25.10815,60.34621],[25.10798,60.34617],[25.10784,60.34598],[25.10745,60.34571],[25.10718,60.34552],[25.10686,60.34529],[25.10669,60.34515],[25.10625,60.34474],[25.10547,60.34457],[25.10479,60.3446],[25.10484,60.34394],[25.10547,60.34366],[25.10568,60.34359],[25.10583,60.34356],[25.10599,60.34354],[25.10616,60.34354],[25.10679,60.34314],[25.10715,60.34299],[25.10912,60.34187],[25.10924,60.34184],[25.10956,60.34161],[25.10967,60.34152],[25.10997,60.34129],[25.11041,60.34087],[25.11066,60.34056],[25.11076,60.34026],[25.11088,60.34007],[25.1111,60.33982],[25.1113,60.33951],[25.11151,60.33915],[25.11174,60.33886],[25.11192,60.33862],[25.11202,60.33849],[25.11211,60.33824],[25.11221,60.33815],[25.11235,60.33784],[25.11238,60.33762],[25.11315,60.33647],[25.11325,60.33626],[25.11351,60.33595],[25.11367,60.33573],[25.1138,60.33553],[25.11528,60.33556],[25.11745,60.33561],[25.11731,60.33665],[25.11946,60.3379],[25.11962,60.33799],[25.12014,60.33829],[25.12015,60.33875],[25.12015,60.33899],[25.12016,60.33914],[25.12018,60.33982],[25.12009,60.34065],[25.12006,60.34097],[25.11999,60.34169],[25.11999,60.34177],[25.12141,60.34182],[25.12247,60.34187],[25.12285,60.34188],[25.12381,60.34191],[25.12399,60.34191],[25.12389,60.34206],[25.1237,60.34246],[25.12376,60.34273],[25.1238,60.343],[25.12389,60.34317],[25.12399,60.34352],[25.12418,60.344],[25.12424,60.34419],[25.12424,60.34459],[25.12429,60.34519],[25.12435,60.34566],[25.12436,60.34597],[25.1244,60.34625],[25.12439,60.34634],[25.12452,60.3465],[25.12457,60.34662],[25.12468,60.34682],[25.12497,60.34712],[25.12516,60.34726],[25.12517,60.34728],[25.12562,60.3477],[25.12585,60.34804],[25.12591,60.34816],[25.126,60.34839],[25.12609,60.3487],[25.12617,60.3489],[25.12622,60.34905],[25.12627,60.34948],[25.12629,60.34993],[25.12624,60.35024],[25.12617,60.35048],[25.12603,60.35076],[25.12594,60.35099],[25.12582,60.35136],[25.12577,60.35158],[25.12577,60.35179],[25.12582,60.3521],[25.12589,60.35233],[25.12594,60.35258],[25.12596,60.35282],[25.12593,60.35306],[25.12586,60.3533],[25.12564,60.35374],[25.12557,60.35395],[25.12554,60.35416],[25.12554,60.35437],[25.12557,60.35458],[25.12564,60.3548],[25.12569,60.35502],[25.12571,60.35523],[25.1257,60.35534],[25.12561,60.35556],[25.12546,60.35577],[25.12512,60.3562],[25.12503,60.35635],[25.12495,60.35651],[25.1249,60.35667],[25.12486,60.35697],[25.12481,60.35724],[25.12469,60.35761],[25.12444,60.35827],[25.12434,60.35857],[25.12425,60.35908],[25.12422,60.35938],[25.12417,60.35962],[25.12416,60.35983],[25.12412,60.35999],[25.12407,60.35999],[25.12403,60.36038],[25.12244,60.36034],[25.12113,60.36031],[25.11938,60.36026],[25.11714,60.36021],[25.11698,60.36055],[25.11688,60.36056],[25.1163,60.36056],[25.11592,60.36057],[25.11536,60.36057],[25.11553,60.36086],[25.11568,60.3611],[25.11588,60.3615],[25.11602,60.3616],[25.11598,60.3617],[25.11609,60.36203],[25.11623,60.36219],[25.11549,60.36382]]]}},{"type":"Feature","properties":{"code":"092072","kunta":"092","kokotun":"0925072000","name":"Asola","name_sv":"","named":true,"peruspiiri_code":"092072","peruspiiri":"Asola","source":"HSY Seutukartta 2021 (tila-alue)","bb":[60.32314,25.03699,60.34444,25.07325],"c":[60.33473,25.05379]},"geometry":{"type":"Polygon","coordinates":[[[25.07325,60.34203],[25.07255,60.34212],[25.07195,60.34218],[25.07163,60.34224],[25.0714,60.34225],[25.07127,60.34228],[25.07116,60.34234],[25.07105,60.34237],[25.07089,60.34238],[25.0708,60.3424],[25.07075,60.34247],[25.07076,60.34254],[25.07084,60.34261],[25.07115,60.3427],[25.07134,60.34279],[25.07135,60.34282],[25.07128,60.34288],[25.07123,60.34296],[25.07117,60.34296],[25.06748,60.34326],[25.0529,60.34444],[25.04987,60.3421],[25.04421,60.34152],[25.03827,60.34259],[25.03765,60.34231],[25.0376,60.34013],[25.03754,60.33907],[25.03753,60.33802],[25.03751,60.33757],[25.0375,60.33709],[25.03742,60.33458],[25.03736,60.33227],[25.03729,60.32759],[25.03699,60.3274],[25.0375,60.32735],[25.0377,60.32734],[25.03826,60.32741],[25.04202,60.32668],[25.04222,60.32677],[25.04247,60.32684],[25.04253,60.32688],[25.04262,60.32698],[25.04281,60.32706],[25.04294,60.32708],[25.04333,60.32689],[25.04336,60.32683],[25.04367,60.32666],[25.04465,60.32624],[25.04491,60.32616],[25.04735,60.32568],[25.04743,60.3257],[25.04904,60.32538],[25.04907,60.32534],[25.05013,60.32514],[25.05031,60.32513],[25.05111,60.32498],[25.05116,60.32493],[25.05167,60.32482],[25.05427,60.32432],[25.05428,60.32433],[25.05558,60.32408],[25.05634,60.32392],[25.05809,60.32359],[25.05809,60.3236],[25.0586,60.3235],[25.05842,60.32326],[25.05906,60.32314],[25.05962,60.3237],[25.05974,60.32367],[25.06197,60.32601],[25.0653,60.32949],[25.0667,60.33104],[25.06698,60.33138],[25.06821,60.3329],[25.06957,60.33501],[25.06997,60.3357],[25.07031,60.33629],[25.07149,60.33855],[25.07183,60.33926],[25.07263,60.34083],[25.07325,60.34203]]]}},{"type":"Feature","properties":{"code":"092024","kunta":"092","kokotun":"0922024000","name":"Lapinkylä","name_sv":"","named":true,"peruspiiri_code":"092024","peruspiiri":"Lapinkylä","source":"HSY Seutukartta 2021 (tila-alue)","bb":[60.31351,24.85168,60.34522,24.89871],"c":[60.32977,24.87716]},"geometry":{"type":"Polygon","coordinates":[[[24.88761,60.34073],[24.88698,60.34087],[24.88598,60.341],[24.88543,60.34105],[24.88312,60.34119],[24.88254,60.34122],[24.88194,60.34125],[24.88103,60.34128],[24.88055,60.34129],[24.87992,60.3413],[24.87922,60.3413],[24.87841,60.34132],[24.87782,60.34134],[24.87706,60.34139],[24.87561,60.34148],[24.87399,60.34157],[24.87346,60.34166],[24.87325,60.34166],[24.87304,60.34168],[24.87286,60.34167],[24.87228,60.34172],[24.87188,60.34178],[24.87164,60.34184],[24.87151,60.34188],[24.87102,60.34202],[24.87003,60.34226],[24.86967,60.34233],[24.86917,60.3424],[24.86854,60.34244],[24.86823,60.34248],[24.86787,60.34254],[24.86762,60.34261],[24.86738,60.34272],[24.8668,60.34308],[24.86599,60.34357],[24.86492,60.34428],[24.8644,60.34449],[24.86394,60.34459],[24.86347,60.34466],[24.86302,60.34471],[24.86218,60.34485],[24.86108,60.34508],[24.86038,60.34518],[24.8599,60.34522],[24.85945,60.34522],[24.85897,60.34519],[24.85869,60.34516],[24.85837,60.34508],[24.85791,60.34493],[24.85774,60.34487],[24.85745,60.34469],[24.85722,60.3445],[24.85702,60.34427],[24.8569,60.34409],[24.85686,60.34399],[24.85674,60.34386],[24.8566,60.34374],[24.85631,60.34362],[24.85601,60.34355],[24.85557,60.34348],[24.85512,60.34344],[24.85466,60.34341],[24.85374,60.34344],[24.85302,60.34351],[24.85236,60.34362],[24.85211,60.34344],[24.85168,60.3431],[24.85363,60.34083],[24.85419,60.34019],[24.85469,60.3396],[24.85751,60.33633],[24.85771,60.3361],[24.85819,60.33554],[24.8595,60.33401],[24.86089,60.33385],[24.8609,60.33373],[24.86111,60.33372],[24.86132,60.3337],[24.8616,60.33363],[24.86244,60.33335],[24.86241,60.33334],[24.86247,60.33326],[24.8624,60.33306],[24.86228,60.33287],[24.86234,60.33268],[24.86235,60.33231],[24.86241,60.33224],[24.86244,60.3319],[24.86243,60.3315],[24.86247,60.33139],[24.86249,60.33105],[24.86211,60.33098],[24.86228,60.33079],[24.86217,60.33054],[24.86227,60.33031],[24.86244,60.33024],[24.86252,60.33007],[24.86243,60.32991],[24.86267,60.32978],[24.8627,60.32963],[24.86265,60.32936],[24.86235,60.32762],[24.86213,60.32635],[24.86177,60.32635],[24.8596,60.32534],[24.85997,60.32515],[24.85985,60.32509],[24.86658,60.32189],[24.86821,60.31941],[24.86963,60.31906],[24.86954,60.31885],[24.86918,60.31846],[24.87044,60.3181],[24.87065,60.31813],[24.87075,60.31809],[24.8763,60.31657],[24.88241,60.31491],[24.88312,60.31469],[24.88425,60.3143],[24.88442,60.31398],[24.88487,60.31382],[24.88487,60.31377],[24.88557,60.31351],[24.88585,60.31368],[24.88639,60.314],[24.88693,60.31428],[24.8873,60.31446],[24.88754,60.31456],[24.888,60.31473],[24.88827,60.31484],[24.88875,60.31505],[24.88899,60.31515],[24.88972,60.31541],[24.89081,60.31579],[24.89117,60.31591],[24.89234,60.31632],[24.89276,60.31651],[24.89391,60.31699],[24.89439,60.3172],[24.89469,60.31735],[24.89516,60.31759],[24.89552,60.31782],[24.89604,60.31818],[24.89629,60.31839],[24.89657,60.31863],[24.89672,60.3188],[24.89685,60.31896],[24.8971,60.31927],[24.89723,60.31949],[24.89731,60.31965],[24.89742,60.31991],[24.89761,60.32033],[24.89786,60.32101],[24.898,60.32133],[24.89811,60.32158],[24.89821,60.32181],[24.89843,60.32239],[24.89852,60.3226],[24.89858,60.32268],[24.89868,60.3229],[24.89871,60.32314],[24.89869,60.32328],[24.89865,60.32341],[24.89854,60.32359],[24.89835,60.32377],[24.89776,60.32418],[24.8971,60.32482],[24.89699,60.32495],[24.89663,60.32542],[24.89644,60.32572],[24.89625,60.32602],[24.89601,60.32645],[24.89576,60.32696],[24.89564,60.32716],[24.89526,60.328],[24.89501,60.32861],[24.89469,60.32925],[24.89454,60.32951],[24.89444,60.32966],[24.89417,60.32996],[24.89401,60.33015],[24.89392,60.3303],[24.89385,60.33046],[24.89378,60.3307],[24.89374,60.33091],[24.89372,60.33122],[24.89378,60.33168],[24.89382,60.33186],[24.89385,60.33219],[24.89384,60.33253],[24.89381,60.33273],[24.89362,60.33339],[24.89353,60.33376],[24.89349,60.33419],[24.89345,60.33438],[24.8934,60.33453],[24.89332,60.3347],[24.89323,60.33484],[24.89301,60.33508],[24.89264,60.33537],[24.89222,60.33567],[24.89182,60.33591],[24.89129,60.33618],[24.89087,60.33637],[24.89034,60.33665],[24.88982,60.33692],[24.88958,60.33707],[24.88938,60.33722],[24.8892,60.33738],[24.88903,60.33757],[24.88896,60.33769],[24.8889,60.33788],[24.88891,60.33803],[24.88896,60.33811],[24.88917,60.33835],[24.88939,60.33852],[24.88948,60.33861],[24.88959,60.33874],[24.88964,60.33887],[24.88972,60.33913],[24.88972,60.33929],[24.88969,60.33939],[24.8896,60.33954],[24.88948,60.33966],[24.88916,60.33993],[24.8889,60.34013],[24.88876,60.34021],[24.88835,60.34042],[24.88806,60.34054],[24.88761,60.34073]]]}},{"type":"Feature","properties":{"code":"092041","kunta":"092","kokotun":"0923041000","name":"Viinikkala","name_sv":"","named":true,"peruspiiri_code":"092041","peruspiiri":"Viinikkala","source":"HSY Seutukartta 2021 (tila-alue)","bb":[60.2919,24.86325,60.33119,24.94118],"c":[60.30796,24.89988]},"geometry":{"type":"Polygon","coordinates":[[[24.93635,60.29675],[24.93679,60.29658],[24.93738,60.29658],[24.93892,60.29655],[24.94,60.29675],[24.93994,60.29703],[24.93998,60.29718],[24.93981,60.29719],[24.93977,60.29706],[24.93871,60.29714],[24.93913,60.29859],[24.93908,60.29902],[24.93841,60.299],[24.9384,60.2991],[24.93817,60.3005],[24.9388,60.30108],[24.93819,60.30106],[24.938,60.3023],[24.9384,60.30238],[24.93876,60.30244],[24.93902,60.30247],[24.93929,60.30249],[24.93956,60.3025],[24.94032,60.30251],[24.94049,60.30249],[24.94058,60.30244],[24.94063,60.30236],[24.94118,60.30238],[24.94112,60.30294],[24.94103,60.30309],[24.9404,60.30365],[24.94021,60.30382],[24.93998,60.30397],[24.93973,60.30411],[24.93946,60.30425],[24.93917,60.30437],[24.93886,60.30448],[24.93853,60.30458],[24.93831,60.30435],[24.93813,60.3044],[24.9376,60.30323],[24.93402,60.30388],[24.93345,60.30449],[24.93067,60.305],[24.92849,60.30404],[24.92778,60.30397],[24.9279,60.30368],[24.9239,60.30441],[24.92306,60.30353],[24.92241,60.30301],[24.92137,60.30334],[24.92077,60.3035],[24.92009,60.30366],[24.91938,60.30378],[24.91866,60.30386],[24.91792,60.30391],[24.91631,60.30398],[24.91465,60.30398],[24.91299,60.30394],[24.91134,60.30388],[24.90939,60.30385],[24.90882,60.30388],[24.90826,60.30393],[24.9077,60.304],[24.90716,60.3041],[24.90664,60.30422],[24.90614,60.30436],[24.90567,60.30452],[24.90522,60.3047],[24.90459,60.30499],[24.90427,60.30513],[24.90121,60.3065],[24.90048,60.30673],[24.89971,60.30694],[24.89892,60.30711],[24.89456,60.30812],[24.89293,60.3086],[24.89265,60.30873],[24.89252,60.3088],[24.89214,60.30903],[24.89179,60.30927],[24.89148,60.30952],[24.89117,60.30979],[24.89129,60.31009],[24.89168,60.31055],[24.89183,60.31078],[24.89222,60.31103],[24.89251,60.31133],[24.89284,60.31163],[24.89304,60.31193],[24.89429,60.31288],[24.89466,60.31309],[24.89414,60.31328],[24.89425,60.31335],[24.89512,60.3139],[24.89625,60.31449],[24.89753,60.31508],[24.89848,60.31549],[24.89892,60.31567],[24.89969,60.31593],[24.9004,60.31573],[24.90071,60.31582],[24.90102,60.3159],[24.90157,60.31604],[24.90204,60.31614],[24.90388,60.31651],[24.9062,60.31704],[24.90844,60.31766],[24.91059,60.31836],[24.91106,60.31852],[24.91152,60.3187],[24.91197,60.31887],[24.91264,60.31916],[24.91328,60.31947],[24.91388,60.3198],[24.91522,60.32039],[24.91556,60.3208],[24.91699,60.32182],[24.91563,60.32219],[24.91608,60.32269],[24.91655,60.3232],[24.91717,60.3239],[24.91854,60.32542],[24.91934,60.32629],[24.91987,60.32693],[24.92026,60.3273],[24.92117,60.32843],[24.92203,60.32938],[24.9222,60.3296],[24.92237,60.32983],[24.92229,60.32981],[24.92215,60.32979],[24.9206,60.32983],[24.91912,60.32989],[24.91935,60.33093],[24.91504,60.33118],[24.91274,60.33119],[24.91241,60.3309],[24.91263,60.33015],[24.91127,60.33022],[24.91062,60.3306],[24.91008,60.33069],[24.91003,60.33089],[24.90982,60.33088],[24.90873,60.33034],[24.90618,60.33041],[24.90415,60.33048],[24.90205,60.33051],[24.89813,60.33061],[24.89378,60.3307],[24.89385,60.33046],[24.89392,60.3303],[24.89401,60.33015],[24.89417,60.32996],[24.89444,60.32966],[24.89454,60.32951],[24.89469,60.32925],[24.89501,60.32861],[24.89526,60.328],[24.89564,60.32716],[24.89576,60.32696],[24.89601,60.32645],[24.89625,60.32602],[24.89644,60.32572],[24.89663,60.32542],[24.89699,60.32495],[24.8971,60.32482],[24.89776,60.32418],[24.89835,60.32377],[24.89854,60.32359],[24.89865,60.32341],[24.89869,60.32328],[24.89871,60.32314],[24.89868,60.3229],[24.89858,60.32268],[24.89852,60.3226],[24.89843,60.32239],[24.89821,60.32181],[24.89811,60.32158],[24.898,60.32133],[24.89786,60.32101],[24.89761,60.32033],[24.89742,60.31991],[24.89731,60.31965],[24.89723,60.31949],[24.8971,60.31927],[24.89685,60.31896],[24.89672,60.3188],[24.89657,60.31863],[24.89629,60.31839],[24.89604,60.31818],[24.89552,60.31782],[24.89516,60.31759],[24.89469,60.31735],[24.89439,60.3172],[24.89391,60.31699],[24.89276,60.31651],[24.89234,60.31632],[24.89117,60.31591],[24.89081,60.31579],[24.88972,60.31541],[24.88899,60.31515],[24.88875,60.31505],[24.88827,60.31484],[24.888,60.31473],[24.88754,60.31456],[24.8873,60.31446],[24.88693,60.31428],[24.88639,60.314],[24.88585,60.31368],[24.88557,60.31351],[24.8853,60.31334],[24.88506,60.31314],[24.88484,60.31288],[24.88457,60.31252],[24.88434,60.31212],[24.88422,60.31198],[24.88416,60.31191],[24.88407,60.31182],[24.88385,60.31159],[24.88335,60.31107],[24.88317,60.31079],[24.88303,60.31061],[24.88293,60.3105],[24.88267,60.31031],[24.88225,60.30995],[24.88194,60.30967],[24.88164,60.30938],[24.8797,60.30736],[24.87941,60.30705],[24.87926,60.30683],[24.87863,60.30614],[24.87809,60.3055],[24.87794,60.30535],[24.87739,60.30483],[24.87718,60.30467],[24.87685,60.30448],[24.87664,60.30437],[24.87614,60.30416],[24.87596,60.30409],[24.87555,60.30395],[24.87498,60.30375],[24.87479,60.30367],[24.8746,60.30358],[24.87427,60.3034],[24.87414,60.30332],[24.8737,60.30307],[24.87331,60.30284],[24.87297,60.30265],[24.87194,60.30225],[24.87135,60.30203],[24.87081,60.30177],[24.86983,60.30129],[24.86924,60.30101],[24.86908,60.30092],[24.86894,60.30083],[24.86858,60.30057],[24.86836,60.30041],[24.86821,60.30028],[24.86761,60.29998],[24.86678,60.29954],[24.86613,60.29926],[24.86562,60.29906],[24.86525,60.29894],[24.86488,60.29885],[24.86435,60.29868],[24.86404,60.29853],[24.86381,60.29837],[24.86358,60.2982],[24.86346,60.2981],[24.86337,60.298],[24.8633,60.29788],[24.86325,60.29772],[24.86325,60.29762],[24.86331,60.29741],[24.86344,60.2972],[24.86354,60.29711],[24.86367,60.29702],[24.86392,60.29693],[24.8644,60.29687],[24.86487,60.2968],[24.86503,60.29672],[24.86514,60.29653],[24.86517,60.2964],[24.86516,60.29615],[24.8652,60.296],[24.86572,60.29516],[24.86548,60.29495],[24.8652,60.29439],[24.86536,60.29414],[24.86582,60.29389],[24.86596,60.2936],[24.86597,60.29347],[24.86607,60.29328],[24.86631,60.29304],[24.86643,60.29295],[24.86669,60.29278],[24.86685,60.29271],[24.86721,60.29258],[24.8674,60.29253],[24.86762,60.29254],[24.86781,60.2926],[24.86794,60.29269],[24.86804,60.29285],[24.86806,60.293],[24.86808,60.2931],[24.86816,60.29321],[24.86827,60.2933],[24.86852,60.29347],[24.86881,60.29363],[24.86891,60.29367],[24.8691,60.29372],[24.8694,60.29377],[24.86978,60.29383],[24.87004,60.29385],[24.87036,60.29387],[24.8711,60.29387],[24.87154,60.29388],[24.87176,60.2939],[24.87206,60.29393],[24.87271,60.29408],[24.87293,60.29412],[24.87314,60.29413],[24.87356,60.29413],[24.8742,60.2941],[24.87463,60.29407],[24.87506,60.29402],[24.87547,60.29396],[24.87588,60.29388],[24.87694,60.29362],[24.87769,60.29342],[24.87809,60.29333],[24.87839,60.29328],[24.87934,60.29315],[24.87964,60.29311],[24.87998,60.29309],[24.88126,60.29297],[24.8821,60.29285],[24.8828,60.29271],[24.88386,60.29242],[24.88463,60.29223],[24.88541,60.29204],[24.88613,60.2919],[24.88649,60.29212],[24.88661,60.29217],[24.88639,60.29226],[24.88609,60.29259],[24.88572,60.29296],[24.88551,60.29329],[24.88548,60.29347],[24.88563,60.29352],[24.88558,60.29361],[24.88896,60.29471],[24.88935,60.29475],[24.88943,60.29469],[24.89051,60.29505],[24.89056,60.29516],[24.89118,60.29536],[24.8916,60.29516],[24.89176,60.29522],[24.89287,60.29461],[24.89347,60.29463],[24.89465,60.29478],[24.89521,60.29488],[24.89506,60.29531],[24.8953,60.29532],[24.89576,60.29537],[24.89599,60.29541],[24.89706,60.29561],[24.8973,60.29565],[24.89676,60.29603],[24.89672,60.29611],[24.89681,60.29618],[24.89768,60.29648],[24.89792,60.29663],[24.89812,60.29648],[24.90013,60.29717],[24.90006,60.29777],[24.89989,60.2979],[24.89867,60.29801],[24.89609,60.29798],[24.89685,60.29876],[24.89834,60.29879],[24.8999,60.29899],[24.90123,60.29894],[24.90277,60.29864],[24.90809,60.29846],[24.91076,60.29815],[24.91332,60.29795],[24.91393,60.29802],[24.91283,60.29694],[24.91268,60.29689],[24.91295,60.29683],[24.91299,60.29684],[24.9137,60.29668],[24.91622,60.29614],[24.91732,60.29589],[24.92039,60.2965],[24.92177,60.29676],[24.92191,60.29678],[24.92186,60.29744],[24.92184,60.29774],[24.92188,60.29773],[24.92445,60.29765],[24.92677,60.29767],[24.92711,60.29767],[24.93036,60.29747],[24.93249,60.2972],[24.9341,60.2969],[24.93501,60.29703],[24.93606,60.29687],[24.93635,60.29675]]]}},{"type":"Feature","properties":{"code":"092053","kunta":"092","kokotun":"0923053000","name":"Lentokenttä","name_sv":"","named":true,"peruspiiri_code":"092053","peruspiiri":"Lentokenttä","source":"HSY Seutukartta 2021 (tila-alue)","bb":[60.30257,24.89117,60.33845,24.99655],"c":[60.31791,24.94884]},"geometry":{"type":"Polygon","coordinates":[[[24.94103,60.30309],[24.94114,60.30302],[24.9413,60.30298],[24.94152,60.30296],[24.94214,60.30301],[24.94272,60.30302],[24.9433,60.30301],[24.94388,60.30298],[24.94652,60.30271],[24.94902,60.3026],[24.9503,60.3026],[24.95099,60.30257],[24.95121,60.30262],[24.95124,60.30275],[24.9522,60.30269],[24.95261,60.30259],[24.95498,60.30418],[24.95643,60.30572],[24.95755,60.30546],[24.95763,60.30544],[24.95769,60.30537],[24.95801,60.30573],[24.95826,60.30593],[24.95897,60.3067],[24.95929,60.30707],[24.95948,60.30722],[24.95982,60.30761],[24.96051,60.30824],[24.96115,60.30868],[24.96302,60.30995],[24.96439,60.31131],[24.96485,60.31165],[24.96568,60.31219],[24.96661,60.31268],[24.96703,60.31247],[24.96815,60.31214],[24.96884,60.31182],[24.96912,60.31162],[24.96923,60.3117],[24.97091,60.31124],[24.9706,60.31089],[24.9727,60.3099],[24.97364,60.30942],[24.97534,60.30778],[24.97559,60.30741],[24.9761,60.30659],[24.97579,60.3059],[24.97654,60.3053],[24.97687,60.3051],[24.97719,60.3049],[24.97749,60.3047],[24.9779,60.30436],[24.97807,60.30424],[24.97863,60.30386],[24.97893,60.30368],[24.97914,60.30356],[24.97955,60.30336],[24.97978,60.30326],[24.98024,60.30309],[24.98076,60.30291],[24.9815,60.3027],[24.98253,60.30268],[24.98278,60.30291],[24.98361,60.30339],[24.98405,60.30357],[24.9844,60.30368],[24.98477,60.30376],[24.98515,60.30384],[24.98555,60.30389],[24.98714,60.30409],[24.9876,60.30412],[24.98818,60.30404],[24.98967,60.30407],[24.99066,60.30415],[24.99201,60.30449],[24.99254,60.30476],[24.99288,60.30498],[24.99317,60.30538],[24.99325,60.30569],[24.9932,60.30589],[24.99316,60.30716],[24.99324,60.30742],[24.99374,60.30827],[24.99398,60.30854],[24.99446,60.30889],[24.99508,60.30912],[24.9955,60.30931],[24.99655,60.30983],[24.99565,60.30983],[24.99134,60.31403],[24.98929,60.31593],[24.98968,60.32011],[24.9891,60.32095],[24.98901,60.32129],[24.98952,60.32638],[24.99409,60.32843],[24.99424,60.33301],[24.99096,60.33296],[24.98817,60.33293],[24.98698,60.33292],[24.98541,60.33291],[24.9827,60.3329],[24.97575,60.33286],[24.97394,60.33289],[24.97296,60.33288],[24.96925,60.33281],[24.96503,60.33271],[24.95694,60.33253],[24.9558,60.33246],[24.95459,60.33245],[24.94974,60.33491],[24.94906,60.33527],[24.9431,60.33845],[24.94214,60.33804],[24.94179,60.3379],[24.94067,60.33741],[24.93936,60.33684],[24.93828,60.33639],[24.93782,60.33618],[24.93652,60.33562],[24.93638,60.33517],[24.93749,60.33455],[24.93955,60.33342],[24.93618,60.33186],[24.9352,60.33095],[24.93142,60.32908],[24.92874,60.32923],[24.9261,60.32939],[24.92311,60.32955],[24.9222,60.3296],[24.92203,60.32938],[24.92117,60.32843],[24.92026,60.3273],[24.91987,60.32693],[24.91934,60.32629],[24.91854,60.32542],[24.91717,60.3239],[24.91655,60.3232],[24.91608,60.32269],[24.91563,60.32219],[24.91699,60.32182],[24.91556,60.3208],[24.91522,60.32039],[24.91388,60.3198],[24.91328,60.31947],[24.91264,60.31916],[24.91197,60.31887],[24.91152,60.3187],[24.91106,60.31852],[24.91059,60.31836],[24.90844,60.31766],[24.9062,60.31704],[24.90388,60.31651],[24.90204,60.31614],[24.90157,60.31604],[24.90102,60.3159],[24.90071,60.31582],[24.9004,60.31573],[24.89969,60.31593],[24.89892,60.31567],[24.89848,60.31549],[24.89753,60.31508],[24.89625,60.31449],[24.89512,60.3139],[24.89425,60.31335],[24.89414,60.31328],[24.89466,60.31309],[24.89429,60.31288],[24.89304,60.31193],[24.89284,60.31163],[24.89251,60.31133],[24.89222,60.31103],[24.89183,60.31078],[24.89168,60.31055],[24.89129,60.31009],[24.89117,60.30979],[24.89148,60.30952],[24.89179,60.30927],[24.89214,60.30903],[24.89252,60.3088],[24.89265,60.30873],[24.89293,60.3086],[24.89456,60.30812],[24.89892,60.30711],[24.89971,60.30694],[24.90048,60.30673],[24.90121,60.3065],[24.90427,60.30513],[24.90459,60.30499],[24.90522,60.3047],[24.90567,60.30452],[24.90614,60.30436],[24.90664,60.30422],[24.90716,60.3041],[24.9077,60.304],[24.90826,60.30393],[24.90882,60.30388],[24.90939,60.30385],[24.91134,60.30388],[24.91299,60.30394],[24.91465,60.30398],[24.91631,60.30398],[24.91792,60.30391],[24.91866,60.30386],[24.91938,60.30378],[24.92009,60.30366],[24.92077,60.3035],[24.92137,60.30334],[24.92241,60.30301],[24.92306,60.30353],[24.9239,60.30441],[24.9279,60.30368],[24.92778,60.30397],[24.92849,60.30404],[24.93067,60.305],[24.93345,60.30449],[24.93402,60.30388],[24.9376,60.30323],[24.93813,60.3044],[24.93831,60.30435],[24.93853,60.30458],[24.93886,60.30448],[24.93917,60.30437],[24.93946,60.30425],[24.93973,60.30411],[24.93998,60.30397],[24.94021,60.30382],[24.9404,60.30365],[24.94103,60.30309]]]}},{"type":"Feature","properties":{"code":"092015","kunta":"092","kokotun":"0921015000","name":"Myyrmäki","name_sv":"","named":true,"peruspiiri_code":"092015","peruspiiri":"Myyrmäki","source":"HSY Seutukartta 2021 (tila-alue)","bb":[60.25314,24.83473,60.27414,24.86389],"c":[60.26418,24.85023]},"geometry":{"type":"Polygon","coordinates":[[[24.86358,60.27267],[24.86149,60.27296],[24.8581,60.27342],[24.85826,60.27368],[24.85484,60.27414],[24.85443,60.27388],[24.85428,60.27376],[24.85414,60.27363],[24.85402,60.27349],[24.85391,60.27327],[24.85387,60.27305],[24.8539,60.27286],[24.85394,60.27277],[24.85086,60.27255],[24.84421,60.27206],[24.84413,60.27215],[24.84408,60.27289],[24.84211,60.27285],[24.84193,60.27284],[24.84157,60.27281],[24.84139,60.27278],[24.84106,60.27269],[24.84091,60.27264],[24.84063,60.27252],[24.84023,60.27231],[24.83983,60.27218],[24.83981,60.27213],[24.83965,60.27217],[24.84034,60.27142],[24.84073,60.27097],[24.84096,60.27065],[24.84113,60.27036],[24.84041,60.26984],[24.84033,60.27008],[24.8402,60.2704],[24.84001,60.27071],[24.83978,60.27101],[24.83949,60.2713],[24.83915,60.27157],[24.8377,60.27265],[24.83494,60.27228],[24.83492,60.27139],[24.83508,60.27045],[24.83547,60.26837],[24.83552,60.2681],[24.83577,60.26673],[24.83588,60.26628],[24.83632,60.26417],[24.83626,60.26387],[24.83644,60.26386],[24.8361,60.26269],[24.83594,60.26213],[24.83577,60.26216],[24.83568,60.26185],[24.83561,60.26161],[24.83539,60.26084],[24.83531,60.26057],[24.83505,60.25967],[24.83473,60.2585],[24.83546,60.25877],[24.83598,60.25888],[24.83684,60.25903],[24.83771,60.2591],[24.83864,60.2591],[24.84818,60.25637],[24.85523,60.25435],[24.85781,60.25361],[24.86249,60.25314],[24.86264,60.25321],[24.86298,60.25335],[24.86302,60.25337],[24.86334,60.2535],[24.86389,60.25374],[24.86374,60.25421],[24.86369,60.25435],[24.86349,60.25494],[24.86336,60.25533],[24.8631,60.25612],[24.8629,60.25701],[24.86328,60.25707],[24.86329,60.25709],[24.86318,60.25763],[24.86312,60.25781],[24.86305,60.25824],[24.8629,60.25917],[24.86275,60.25917],[24.86267,60.2599],[24.86257,60.26074],[24.86258,60.26121],[24.86313,60.26375],[24.86315,60.26469],[24.86289,60.26578],[24.86245,60.26668],[24.86116,60.26886],[24.86097,60.26959],[24.86083,60.27024],[24.8616,60.27176],[24.86219,60.27219],[24.86358,60.27267]]]}},{"type":"Feature","properties":{"code":"092052","kunta":"092","kokotun":"0923052000","name":"Veromies","name_sv":"","named":true,"peruspiiri_code":"092052","peruspiiri":"Veromies","source":"HSY Seutukartta 2021 (tila-alue)","bb":[60.28966,24.938,60.31268,24.99241],"c":[60.30044,24.96649]},"geometry":{"type":"Polygon","coordinates":[[[24.96084,60.29541],[24.96112,60.29526],[24.96138,60.29513],[24.96164,60.29501],[24.96192,60.29489],[24.9622,60.29478],[24.96268,60.29461],[24.96304,60.2945],[24.96337,60.2944],[24.96493,60.29401],[24.9661,60.29366],[24.96718,60.29334],[24.96714,60.29328],[24.96792,60.29301],[24.96859,60.29276],[24.96924,60.2925],[24.96967,60.29232],[24.97058,60.29192],[24.97111,60.29166],[24.97424,60.29047],[24.97526,60.29001],[24.9761,60.28977],[24.97636,60.28971],[24.97669,60.28967],[24.97701,60.28966],[24.97729,60.28967],[24.97757,60.28971],[24.9777,60.28974],[24.97949,60.29017],[24.98008,60.29059],[24.98039,60.29061],[24.98057,60.29074],[24.98073,60.29088],[24.98104,60.29119],[24.98133,60.29153],[24.98115,60.29157],[24.98128,60.29176],[24.98184,60.29269],[24.98187,60.29297],[24.98205,60.29339],[24.98201,60.29358],[24.98229,60.29371],[24.98254,60.29366],[24.98307,60.29462],[24.98395,60.29534],[24.98466,60.29612],[24.98492,60.29646],[24.98543,60.29761],[24.98561,60.29764],[24.98581,60.2978],[24.98615,60.29817],[24.98641,60.29829],[24.98655,60.29833],[24.9875,60.2994],[24.9879,60.2998],[24.98862,60.30074],[24.98865,60.30083],[24.98862,60.30093],[24.98858,60.30097],[24.98846,60.30104],[24.98829,60.30109],[24.98885,60.30142],[24.98897,60.3014],[24.98923,60.3014],[24.98941,60.30142],[24.98962,60.30149],[24.9897,60.30154],[24.99009,60.30187],[24.9905,60.30214],[24.99087,60.30244],[24.99135,60.3029],[24.99224,60.3037],[24.99241,60.3039],[24.99241,60.30394],[24.9923,60.30397],[24.99201,60.30449],[24.99066,60.30415],[24.98967,60.30407],[24.98818,60.30404],[24.9876,60.30412],[24.98714,60.30409],[24.98555,60.30389],[24.98515,60.30384],[24.98477,60.30376],[24.9844,60.30368],[24.98405,60.30357],[24.98361,60.30339],[24.98278,60.30291],[24.98253,60.30268],[24.9815,60.3027],[24.98076,60.30291],[24.98024,60.30309],[24.97978,60.30326],[24.97955,60.30336],[24.97914,60.30356],[24.97893,60.30368],[24.97863,60.30386],[24.97807,60.30424],[24.9779,60.30436],[24.97749,60.3047],[24.97719,60.3049],[24.97687,60.3051],[24.97654,60.3053],[24.97579,60.3059],[24.9761,60.30659],[24.97559,60.30741],[24.97534,60.30778],[24.97364,60.30942],[24.9727,60.3099],[24.9706,60.31089],[24.97091,60.31124],[24.96923,60.3117],[24.96912,60.31162],[24.96884,60.31182],[24.96815,60.31214],[24.96703,60.31247],[24.96661,60.31268],[24.96568,60.31219],[24.96485,60.31165],[24.96439,60.31131],[24.96302,60.30995],[24.96115,60.30868],[24.96051,60.30824],[24.95982,60.30761],[24.95948,60.30722],[24.95929,60.30707],[24.95897,60.3067],[24.95826,60.30593],[24.95801,60.30573],[24.95769,60.30537],[24.95763,60.30544],[24.95755,60.30546],[24.95643,60.30572],[24.95498,60.30418],[24.95261,60.30259],[24.9522,60.30269],[24.95124,60.30275],[24.95121,60.30262],[24.95099,60.30257],[24.9503,60.3026],[24.94902,60.3026],[24.94652,60.30271],[24.94388,60.30298],[24.9433,60.30301],[24.94272,60.30302],[24.94214,60.30301],[24.94152,60.30296],[24.9413,60.30298],[24.94114,60.30302],[24.94103,60.30309],[24.94112,60.30294],[24.94118,60.30238],[24.94063,60.30236],[24.94058,60.30244],[24.94049,60.30249],[24.94032,60.30251],[24.93956,60.3025],[24.93929,60.30249],[24.93902,60.30247],[24.93876,60.30244],[24.9384,60.30238],[24.938,60.3023],[24.93819,60.30106],[24.9388,60.30108],[24.93817,60.3005],[24.9384,60.2991],[24.93841,60.299],[24.93908,60.29902],[24.93913,60.29859],[24.93871,60.29714],[24.93977,60.29706],[24.93981,60.29719],[24.93998,60.29718],[24.93994,60.29703],[24.94,60.29675],[24.9416,60.29704],[24.94166,60.29664],[24.94231,60.29678],[24.94284,60.29661],[24.94308,60.2964],[24.94428,60.29615],[24.94587,60.29614],[24.94708,60.29613],[24.94835,60.2961],[24.94949,60.29608],[24.94991,60.29607],[24.95043,60.29606],[24.9511,60.29602],[24.9519,60.29597],[24.95241,60.29592],[24.953,60.29588],[24.95337,60.29586],[24.95374,60.29585],[24.95411,60.29586],[24.95448,60.29589],[24.95484,60.29593],[24.9552,60.29598],[24.95554,60.29605],[24.95581,60.29612],[24.95607,60.2962],[24.95631,60.2963],[24.95654,60.2964],[24.95674,60.29651],[24.95693,60.29663],[24.9571,60.29676],[24.95747,60.29707],[24.95756,60.29705],[24.9576,60.29709],[24.95806,60.2969],[24.95978,60.29649],[24.95993,60.29622],[24.96002,60.2961],[24.96017,60.29591],[24.96038,60.29572],[24.96066,60.29552],[24.96084,60.29541]]]}},{"type":"Feature","properties":{"code":"092012","kunta":"092","kokotun":"0921012000","name":"Hämeenkylä","name_sv":"","named":true,"peruspiiri_code":"092012","peruspiiri":"Hämeenkylä","source":"HSY Seutukartta 2021 (tila-alue)","bb":[60.25398,24.76672,60.27569,24.82255],"c":[60.26519,24.79552]},"geometry":{"type":"Polygon","coordinates":[[[24.7953,60.25451],[24.79572,60.25465],[24.79652,60.25449],[24.79667,60.25447],[24.79689,60.25449],[24.79828,60.25482],[24.79859,60.2549],[24.79973,60.25516],[24.80026,60.25529],[24.80077,60.25541],[24.80135,60.25552],[24.80183,60.2556],[24.80219,60.25565],[24.80291,60.25573],[24.8034,60.25578],[24.80378,60.2558],[24.80438,60.25583],[24.80734,60.25591],[24.80818,60.25563],[24.8086,60.25556],[24.80874,60.25555],[24.80923,60.25545],[24.80935,60.25548],[24.81018,60.25535],[24.81167,60.2551],[24.81268,60.25494],[24.81367,60.25479],[24.81466,60.25465],[24.81585,60.2545],[24.817,60.25437],[24.81815,60.25425],[24.81872,60.25419],[24.8198,60.2541],[24.82025,60.25413],[24.82068,60.2541],[24.82067,60.25403],[24.82126,60.25398],[24.82173,60.25403],[24.82207,60.25409],[24.82228,60.25415],[24.82255,60.25428],[24.82135,60.25495],[24.82099,60.25512],[24.82164,60.25556],[24.82131,60.25567],[24.82125,60.25571],[24.82064,60.25593],[24.82042,60.25593],[24.82012,60.256],[24.81926,60.25628],[24.81833,60.25663],[24.81755,60.257],[24.81731,60.25713],[24.81686,60.25738],[24.81648,60.25765],[24.81622,60.25782],[24.81607,60.25796],[24.81571,60.25828],[24.81546,60.25861],[24.81517,60.25896],[24.81492,60.2593],[24.81449,60.25988],[24.8146,60.25993],[24.81426,60.26018],[24.81376,60.26086],[24.81318,60.26161],[24.81296,60.26189],[24.81272,60.26216],[24.81211,60.26279],[24.81188,60.26299],[24.81147,60.26336],[24.8112,60.2638],[24.8094,60.26333],[24.80901,60.26368],[24.80923,60.26388],[24.80951,60.26398],[24.80955,60.26405],[24.80947,60.26421],[24.8091,60.26467],[24.80862,60.26512],[24.80795,60.26579],[24.80731,60.26633],[24.80725,60.26651],[24.80687,60.26707],[24.80677,60.26716],[24.8062,60.26776],[24.8059,60.26814],[24.80587,60.2684],[24.80563,60.26883],[24.80549,60.26916],[24.80518,60.26952],[24.805,60.26983],[24.80491,60.27002],[24.8048,60.27018],[24.80462,60.27048],[24.80443,60.27077],[24.80454,60.27115],[24.80474,60.27125],[24.80468,60.27153],[24.80444,60.27241],[24.80563,60.27249],[24.80559,60.2731],[24.80559,60.27335],[24.80561,60.27358],[24.80603,60.2736],[24.80633,60.27387],[24.80752,60.27432],[24.80783,60.27441],[24.80798,60.27449],[24.807,60.27519],[24.80678,60.27511],[24.80633,60.27496],[24.80586,60.27481],[24.80538,60.27466],[24.80489,60.27452],[24.80463,60.27568],[24.80324,60.27569],[24.80303,60.27537],[24.80272,60.27536],[24.80247,60.27534],[24.80223,60.27529],[24.80201,60.27522],[24.80182,60.27514],[24.80166,60.27504],[24.80154,60.27493],[24.80146,60.27481],[24.80143,60.2747],[24.80142,60.27456],[24.80137,60.27441],[24.80126,60.27426],[24.8011,60.27412],[24.80101,60.27406],[24.80078,60.27395],[24.80066,60.2739],[24.80038,60.27382],[24.80023,60.27379],[24.79993,60.27375],[24.79713,60.27351],[24.79678,60.27349],[24.79643,60.27348],[24.79608,60.27348],[24.79528,60.27349],[24.79497,60.27368],[24.79463,60.27371],[24.79331,60.27365],[24.79194,60.27376],[24.78995,60.27402],[24.78973,60.27406],[24.78906,60.27404],[24.78815,60.27413],[24.78723,60.27421],[24.78631,60.27427],[24.78521,60.27431],[24.78409,60.27432],[24.78298,60.2743],[24.78288,60.27429],[24.78247,60.27427],[24.78163,60.27422],[24.7806,60.27414],[24.78021,60.27416],[24.77925,60.27409],[24.77852,60.27405],[24.7782,60.27403],[24.77789,60.27403],[24.7776,60.27406],[24.77731,60.2741],[24.77717,60.27414],[24.77692,60.27422],[24.7767,60.27432],[24.7766,60.27437],[24.77588,60.27412],[24.77602,60.274],[24.77564,60.27387],[24.77536,60.27369],[24.7751,60.27346],[24.77494,60.27335],[24.77483,60.27335],[24.7747,60.27325],[24.77455,60.27316],[24.77439,60.27307],[24.77349,60.27265],[24.77276,60.27233],[24.77208,60.27209],[24.77071,60.27144],[24.76896,60.27064],[24.76831,60.27035],[24.76779,60.27013],[24.76727,60.26992],[24.76672,60.26971],[24.76926,60.2687],[24.76986,60.26839],[24.76998,60.26833],[24.77065,60.26799],[24.77102,60.26772],[24.77218,60.26685],[24.77238,60.26671],[24.77311,60.2667],[24.7738,60.26624],[24.77662,60.2671],[24.77702,60.2674],[24.78097,60.26852],[24.78369,60.26721],[24.7851,60.26782],[24.78652,60.26611],[24.78517,60.26598],[24.78414,60.26587],[24.78355,60.26583],[24.78294,60.26582],[24.78242,60.26571],[24.78173,60.26552],[24.78339,60.26441],[24.78365,60.26442],[24.78491,60.26358],[24.78546,60.26314],[24.78619,60.26267],[24.78693,60.26218],[24.78773,60.26158],[24.7882,60.26128],[24.78903,60.26095],[24.78897,60.26001],[24.78889,60.25913],[24.79086,60.25832],[24.7919,60.25731],[24.7917,60.25725],[24.79183,60.25714],[24.79344,60.25596],[24.79395,60.25552],[24.79434,60.25521],[24.79475,60.2549],[24.79529,60.25452],[24.7953,60.25451]]]}},{"type":"Feature","properties":{"code":"092011","kunta":"092","kokotun":"0921011000","name":"Hämevaara","name_sv":"","named":true,"peruspiiri_code":"092011","peruspiiri":"Hämevaara","source":"HSY Seutukartta 2021 (tila-alue)","bb":[60.24499,24.7953,60.25591,24.82863],"c":[60.25171,24.80915]},"geometry":{"type":"Polygon","coordinates":[[[24.82164,60.25556],[24.82099,60.25512],[24.82135,60.25495],[24.82255,60.25428],[24.82228,60.25415],[24.82207,60.25409],[24.82173,60.25403],[24.82126,60.25398],[24.82067,60.25403],[24.82068,60.2541],[24.82025,60.25413],[24.8198,60.2541],[24.81872,60.25419],[24.81815,60.25425],[24.817,60.25437],[24.81585,60.2545],[24.81466,60.25465],[24.81367,60.25479],[24.81268,60.25494],[24.81167,60.2551],[24.81018,60.25535],[24.80935,60.25548],[24.80923,60.25545],[24.80874,60.25555],[24.8086,60.25556],[24.80818,60.25563],[24.80734,60.25591],[24.80438,60.25583],[24.80378,60.2558],[24.8034,60.25578],[24.80291,60.25573],[24.80219,60.25565],[24.80183,60.2556],[24.80135,60.25552],[24.80077,60.25541],[24.80026,60.25529],[24.79973,60.25516],[24.79859,60.2549],[24.79828,60.25482],[24.79689,60.25449],[24.79667,60.25447],[24.79652,60.25449],[24.79572,60.25465],[24.7953,60.25451],[24.79531,60.25449],[24.79556,60.25385],[24.7959,60.25382],[24.79632,60.25375],[24.7975,60.25341],[24.79771,60.25337],[24.79814,60.25334],[24.79836,60.25322],[24.79851,60.25307],[24.79861,60.25286],[24.79896,60.25196],[24.79901,60.25197],[24.79906,60.25184],[24.79917,60.25164],[24.7993,60.25147],[24.79942,60.25133],[24.79956,60.25119],[24.79972,60.25106],[24.7999,60.25094],[24.8001,60.25082],[24.8003,60.25071],[24.80053,60.2506],[24.80076,60.25051],[24.80101,60.25042],[24.79706,60.24561],[24.79765,60.24499],[24.79829,60.24516],[24.79964,60.24554],[24.80042,60.24575],[24.80205,60.24619],[24.80301,60.24645],[24.80495,60.24698],[24.80611,60.2473],[24.80762,60.24771],[24.80958,60.24824],[24.80982,60.2483],[24.8108,60.24857],[24.81641,60.25006],[24.81681,60.25017],[24.81807,60.2505],[24.81846,60.25061],[24.82025,60.25108],[24.82263,60.25172],[24.82755,60.25302],[24.82792,60.25312],[24.82853,60.25328],[24.82863,60.25331],[24.82512,60.25457],[24.82479,60.25462],[24.8246,60.25454],[24.82401,60.25474],[24.824,60.25479],[24.82391,60.2548],[24.82164,60.25556]]]}},{"type":"Feature","properties":{"code":"092010","kunta":"092","kokotun":"0921010000","name":"Linnainen","name_sv":"","named":true,"peruspiiri_code":"092010","peruspiiri":"Linnainen","source":"HSY Seutukartta 2021 (tila-alue)","bb":[60.24151,24.76715,60.26852,24.80101],"c":[60.25525,24.78416]},"geometry":{"type":"Polygon","coordinates":[[[24.79529,60.25452],[24.79475,60.2549],[24.79434,60.25521],[24.79395,60.25552],[24.79344,60.25596],[24.79183,60.25714],[24.7917,60.25725],[24.7919,60.25731],[24.79086,60.25832],[24.78889,60.25913],[24.78897,60.26001],[24.78903,60.26095],[24.7882,60.26128],[24.78773,60.26158],[24.78693,60.26218],[24.78619,60.26267],[24.78546,60.26314],[24.78491,60.26358],[24.78365,60.26442],[24.78339,60.26441],[24.78173,60.26552],[24.78242,60.26571],[24.78294,60.26582],[24.78355,60.26583],[24.78414,60.26587],[24.78517,60.26598],[24.78652,60.26611],[24.7851,60.26782],[24.78369,60.26721],[24.78097,60.26852],[24.77702,60.2674],[24.77662,60.2671],[24.7738,60.26624],[24.77311,60.2667],[24.77238,60.26671],[24.77218,60.26685],[24.77102,60.26772],[24.77065,60.26799],[24.76998,60.26833],[24.7687,60.26705],[24.7685,60.2669],[24.76831,60.2668],[24.76817,60.26674],[24.76715,60.2663],[24.76798,60.26437],[24.76802,60.26428],[24.76802,60.26424],[24.76793,60.26415],[24.76798,60.26388],[24.76796,60.26381],[24.76777,60.26369],[24.76796,60.26348],[24.76909,60.2622],[24.76922,60.26205],[24.76951,60.26208],[24.76981,60.26197],[24.77,60.26175],[24.76995,60.26157],[24.76991,60.26126],[24.77008,60.26109],[24.77013,60.26104],[24.7704,60.26078],[24.77054,60.26077],[24.77096,60.26037],[24.77229,60.2591],[24.77246,60.25893],[24.7731,60.25829],[24.77404,60.25742],[24.77407,60.25736],[24.77472,60.2564],[24.77474,60.25634],[24.77482,60.25623],[24.77492,60.25608],[24.77499,60.25597],[24.77525,60.2556],[24.77527,60.25557],[24.77532,60.25551],[24.77555,60.25516],[24.77557,60.25512],[24.77583,60.25473],[24.77635,60.25397],[24.77637,60.25395],[24.77663,60.25356],[24.77686,60.25322],[24.7774,60.25241],[24.77744,60.25234],[24.77752,60.25223],[24.77771,60.25194],[24.778,60.25154],[24.77801,60.2515],[24.77845,60.25086],[24.77886,60.25025],[24.77943,60.24941],[24.78026,60.24817],[24.78057,60.24772],[24.78087,60.24727],[24.78101,60.24707],[24.78145,60.24642],[24.78199,60.24559],[24.78242,60.24499],[24.7828,60.2444],[24.78335,60.2436],[24.7839,60.24278],[24.78475,60.24151],[24.78813,60.24241],[24.79367,60.24396],[24.79765,60.24499],[24.79706,60.24561],[24.80101,60.25042],[24.80076,60.25051],[24.80053,60.2506],[24.8003,60.25071],[24.8001,60.25082],[24.7999,60.25094],[24.79972,60.25106],[24.79956,60.25119],[24.79942,60.25133],[24.7993,60.25147],[24.79917,60.25164],[24.79906,60.25184],[24.79901,60.25197],[24.79896,60.25196],[24.79861,60.25286],[24.79851,60.25307],[24.79836,60.25322],[24.79814,60.25334],[24.79771,60.25337],[24.7975,60.25341],[24.79632,60.25375],[24.7959,60.25382],[24.79556,60.25385],[24.79531,60.25449],[24.79529,60.25452]]]}},{"type":"Feature","properties":{"code":"092014","kunta":"092","kokotun":"0921014000","name":"Varisto","name_sv":"","named":true,"peruspiiri_code":"092014","peruspiiri":"Varisto","source":"HSY Seutukartta 2021 (tila-alue)","bb":[60.26333,24.80443,60.28453,24.83552],"c":[60.27383,24.82146]},"geometry":{"type":"Polygon","coordinates":[[[24.8275,60.28453],[24.82639,60.2839],[24.82479,60.28278],[24.82435,60.2825],[24.82407,60.28231],[24.82349,60.28196],[24.82285,60.28163],[24.82251,60.28144],[24.82182,60.28107],[24.82132,60.28077],[24.82095,60.28059],[24.82043,60.28026],[24.82007,60.2801],[24.81957,60.27988],[24.81908,60.27967],[24.81851,60.27945],[24.81806,60.27928],[24.81761,60.27913],[24.81721,60.27898],[24.81524,60.27819],[24.81385,60.27765],[24.8139,60.27762],[24.81337,60.27743],[24.8131,60.27735],[24.8128,60.27731],[24.81258,60.27731],[24.81238,60.27734],[24.81186,60.27767],[24.81151,60.27754],[24.81173,60.27739],[24.81181,60.27728],[24.81182,60.27719],[24.81177,60.27708],[24.81171,60.27702],[24.81153,60.2769],[24.8114,60.27682],[24.81109,60.27668],[24.80968,60.27612],[24.8089,60.27584],[24.80778,60.27545],[24.807,60.27519],[24.80798,60.27449],[24.80783,60.27441],[24.80752,60.27432],[24.80633,60.27387],[24.80603,60.2736],[24.80561,60.27358],[24.80559,60.27335],[24.80559,60.2731],[24.80563,60.27249],[24.80444,60.27241],[24.80468,60.27153],[24.80474,60.27125],[24.80454,60.27115],[24.80443,60.27077],[24.80462,60.27048],[24.8048,60.27018],[24.80491,60.27002],[24.805,60.26983],[24.80518,60.26952],[24.80549,60.26916],[24.80563,60.26883],[24.80587,60.2684],[24.8059,60.26814],[24.8062,60.26776],[24.80677,60.26716],[24.80687,60.26707],[24.80725,60.26651],[24.80731,60.26633],[24.80795,60.26579],[24.80862,60.26512],[24.8091,60.26467],[24.80947,60.26421],[24.80955,60.26405],[24.80951,60.26398],[24.80923,60.26388],[24.80901,60.26368],[24.8094,60.26333],[24.8112,60.2638],[24.81118,60.26384],[24.81174,60.26425],[24.81289,60.26465],[24.81344,60.26485],[24.81371,60.26495],[24.8144,60.26523],[24.81482,60.26541],[24.81522,60.2656],[24.81561,60.26577],[24.81621,60.26601],[24.81682,60.26625],[24.81746,60.26646],[24.81812,60.26665],[24.81877,60.26683],[24.81997,60.26713],[24.82555,60.26835],[24.82632,60.26852],[24.8267,60.26858],[24.82708,60.26863],[24.82748,60.26866],[24.82787,60.26868],[24.82827,60.26867],[24.82866,60.26865],[24.82905,60.26861],[24.82944,60.26856],[24.82981,60.26849],[24.83008,60.26875],[24.83205,60.26839],[24.8327,60.26824],[24.83314,60.26813],[24.83358,60.26803],[24.83405,60.26795],[24.83416,60.26794],[24.83443,60.268],[24.83463,60.26803],[24.83492,60.26806],[24.83552,60.2681],[24.83547,60.26837],[24.83508,60.27045],[24.83492,60.27139],[24.83494,60.27228],[24.83495,60.27317],[24.83495,60.27335],[24.83496,60.27397],[24.83499,60.27504],[24.83499,60.27734],[24.83498,60.27769],[24.83498,60.27846],[24.83505,60.28122],[24.835,60.28141],[24.83523,60.28145],[24.83509,60.2819],[24.83515,60.28207],[24.83479,60.2826],[24.8345,60.28297],[24.83405,60.28323],[24.83359,60.28367],[24.83304,60.28383],[24.83022,60.2841],[24.83,60.28409],[24.82954,60.28415],[24.82939,60.28416],[24.829,60.28402],[24.82854,60.28416],[24.82814,60.28429],[24.82774,60.28444],[24.8275,60.28453]]]}},{"type":"Feature","properties":{"code":"092017","kunta":"092","kokotun":"0921017000","name":"Martinlaakso","name_sv":"","named":true,"peruspiiri_code":"092017","peruspiiri":"Martinlaakso","source":"HSY Seutukartta 2021 (tila-alue)","bb":[60.26984,24.82698,60.2929,24.87162],"c":[60.28166,24.84935]},"geometry":{"type":"Polygon","coordinates":[[[24.85412,60.2929],[24.8536,60.29271],[24.85259,60.29252],[24.85104,60.29262],[24.8502,60.29253],[24.84803,60.29234],[24.84742,60.29227],[24.84683,60.29218],[24.84627,60.29205],[24.84547,60.29185],[24.84543,60.29193],[24.84464,60.29186],[24.8447,60.29175],[24.84414,60.29172],[24.84398,60.29172],[24.84386,60.2918],[24.8437,60.29203],[24.84356,60.29222],[24.84347,60.29228],[24.84304,60.29285],[24.84169,60.29259],[24.84119,60.29246],[24.84032,60.29196],[24.8396,60.29087],[24.83691,60.28944],[24.83682,60.28918],[24.83482,60.28812],[24.83266,60.28703],[24.83186,60.2867],[24.83144,60.28654],[24.83101,60.28639],[24.83074,60.28632],[24.83049,60.28628],[24.83023,60.28627],[24.8294,60.2863],[24.82908,60.28629],[24.82893,60.28628],[24.82863,60.28624],[24.82834,60.28617],[24.82821,60.28613],[24.82698,60.2857],[24.82748,60.28533],[24.82766,60.2852],[24.82786,60.28507],[24.82808,60.28495],[24.82747,60.28464],[24.8275,60.28453],[24.82774,60.28444],[24.82814,60.28429],[24.82854,60.28416],[24.829,60.28402],[24.82939,60.28416],[24.82954,60.28415],[24.83,60.28409],[24.83022,60.2841],[24.83304,60.28383],[24.83359,60.28367],[24.83405,60.28323],[24.8345,60.28297],[24.83479,60.2826],[24.83515,60.28207],[24.83509,60.2819],[24.83523,60.28145],[24.835,60.28141],[24.83505,60.28122],[24.83498,60.27846],[24.83498,60.27769],[24.83499,60.27734],[24.83499,60.27504],[24.83496,60.27397],[24.83495,60.27335],[24.83495,60.27317],[24.83494,60.27228],[24.8377,60.27265],[24.83915,60.27157],[24.83949,60.2713],[24.83978,60.27101],[24.84001,60.27071],[24.8402,60.2704],[24.84033,60.27008],[24.84041,60.26984],[24.84113,60.27036],[24.84096,60.27065],[24.84073,60.27097],[24.84034,60.27142],[24.83965,60.27217],[24.83981,60.27213],[24.83983,60.27218],[24.84023,60.27231],[24.84063,60.27252],[24.84091,60.27264],[24.84106,60.27269],[24.84139,60.27278],[24.84157,60.27281],[24.84193,60.27284],[24.84211,60.27285],[24.84408,60.27289],[24.84413,60.27215],[24.84421,60.27206],[24.85086,60.27255],[24.85394,60.27277],[24.8539,60.27286],[24.85387,60.27305],[24.85391,60.27327],[24.85402,60.27349],[24.85414,60.27363],[24.85428,60.27376],[24.85443,60.27388],[24.85484,60.27414],[24.85826,60.27368],[24.8581,60.27342],[24.86149,60.27296],[24.86358,60.27267],[24.86394,60.2728],[24.86846,60.27397],[24.87005,60.27378],[24.87162,60.27358],[24.87045,60.27465],[24.87021,60.27491],[24.86998,60.27518],[24.86969,60.27555],[24.86952,60.27572],[24.86899,60.2762],[24.8687,60.27665],[24.86854,60.27691],[24.86823,60.2774],[24.86788,60.27739],[24.86774,60.27751],[24.86751,60.2779],[24.86731,60.27854],[24.86724,60.2787],[24.86715,60.27894],[24.86708,60.27919],[24.86703,60.27952],[24.86702,60.27969],[24.86507,60.28269],[24.86496,60.28288],[24.86468,60.28332],[24.86416,60.28405],[24.86411,60.28413],[24.86381,60.28458],[24.86362,60.28466],[24.86211,60.28632],[24.86178,60.28636],[24.86045,60.2866],[24.85999,60.28681],[24.85958,60.28685],[24.85935,60.28709],[24.85913,60.28739],[24.85957,60.28744],[24.85994,60.28753],[24.86053,60.2877],[24.86092,60.28818],[24.85998,60.289],[24.85879,60.29016],[24.85868,60.29022],[24.85783,60.29092],[24.8566,60.29105],[24.85625,60.29109],[24.8544,60.29155],[24.85412,60.2929]]]}},{"type":"Feature","properties":{"code":"092018","kunta":"092","kokotun":"0921018000","name":"Vantaanlaakso","name_sv":"","named":true,"peruspiiri_code":"092018","peruspiiri":"Vantaanlaakso","source":"HSY Seutukartta 2021 (tila-alue)","bb":[60.27301,24.85412,60.29615,24.88836],"c":[60.2855,24.87346]},"geometry":{"type":"Polygon","coordinates":[[[24.88613,60.2919],[24.88541,60.29204],[24.88463,60.29223],[24.88386,60.29242],[24.8828,60.29271],[24.8821,60.29285],[24.88126,60.29297],[24.87998,60.29309],[24.87964,60.29311],[24.87934,60.29315],[24.87839,60.29328],[24.87809,60.29333],[24.87769,60.29342],[24.87694,60.29362],[24.87588,60.29388],[24.87547,60.29396],[24.87506,60.29402],[24.87463,60.29407],[24.8742,60.2941],[24.87356,60.29413],[24.87314,60.29413],[24.87293,60.29412],[24.87271,60.29408],[24.87206,60.29393],[24.87176,60.2939],[24.87154,60.29388],[24.8711,60.29387],[24.87036,60.29387],[24.87004,60.29385],[24.86978,60.29383],[24.8694,60.29377],[24.8691,60.29372],[24.86891,60.29367],[24.86881,60.29363],[24.86852,60.29347],[24.86827,60.2933],[24.86816,60.29321],[24.86808,60.2931],[24.86806,60.293],[24.86804,60.29285],[24.86794,60.29269],[24.86781,60.2926],[24.86762,60.29254],[24.8674,60.29253],[24.86721,60.29258],[24.86685,60.29271],[24.86669,60.29278],[24.86643,60.29295],[24.86631,60.29304],[24.86607,60.29328],[24.86597,60.29347],[24.86596,60.2936],[24.86582,60.29389],[24.86536,60.29414],[24.8652,60.29439],[24.86548,60.29495],[24.86572,60.29516],[24.8652,60.296],[24.86516,60.29615],[24.86363,60.29564],[24.86366,60.29556],[24.8628,60.29521],[24.86252,60.29517],[24.86225,60.29522],[24.86168,60.29538],[24.86035,60.29559],[24.85979,60.29559],[24.85915,60.29507],[24.8588,60.29512],[24.85862,60.29526],[24.85793,60.29501],[24.85769,60.29495],[24.85744,60.29502],[24.85498,60.29442],[24.85492,60.2942],[24.85412,60.2929],[24.8544,60.29155],[24.85625,60.29109],[24.8566,60.29105],[24.85783,60.29092],[24.85868,60.29022],[24.85879,60.29016],[24.85998,60.289],[24.86092,60.28818],[24.86053,60.2877],[24.85994,60.28753],[24.85957,60.28744],[24.85913,60.28739],[24.85935,60.28709],[24.85958,60.28685],[24.85999,60.28681],[24.86045,60.2866],[24.86178,60.28636],[24.86211,60.28632],[24.86362,60.28466],[24.86381,60.28458],[24.86411,60.28413],[24.86416,60.28405],[24.86468,60.28332],[24.86496,60.28288],[24.86507,60.28269],[24.86702,60.27969],[24.86703,60.27952],[24.86708,60.27919],[24.86715,60.27894],[24.86724,60.2787],[24.86731,60.27854],[24.86751,60.2779],[24.86774,60.27751],[24.86788,60.27739],[24.86823,60.2774],[24.86854,60.27691],[24.8687,60.27665],[24.86899,60.2762],[24.86952,60.27572],[24.86969,60.27555],[24.86998,60.27518],[24.87021,60.27491],[24.87045,60.27465],[24.87162,60.27358],[24.8722,60.27352],[24.87294,60.27351],[24.87443,60.27372],[24.87437,60.27378],[24.87457,60.27393],[24.87476,60.27414],[24.8749,60.27418],[24.87527,60.27381],[24.87548,60.27385],[24.87566,60.27362],[24.87569,60.27362],[24.87961,60.27301],[24.88083,60.27305],[24.8809,60.27312],[24.88116,60.27311],[24.88155,60.2734],[24.88173,60.27357],[24.88191,60.27378],[24.88215,60.27413],[24.88245,60.27462],[24.88263,60.27496],[24.88303,60.27542],[24.88324,60.27558],[24.88338,60.27571],[24.88364,60.27596],[24.88378,60.27612],[24.88386,60.27628],[24.88395,60.27655],[24.88398,60.27688],[24.88401,60.27768],[24.88404,60.27787],[24.88404,60.27852],[24.88405,60.27895],[24.88405,60.27918],[24.88415,60.27991],[24.88424,60.28021],[24.88478,60.2814],[24.88496,60.28176],[24.88523,60.28235],[24.88542,60.28274],[24.88575,60.28337],[24.88589,60.28368],[24.8861,60.28421],[24.88621,60.28457],[24.88621,60.28471],[24.88658,60.2856],[24.88669,60.28581],[24.88706,60.28643],[24.88742,60.287],[24.8878,60.28757],[24.88797,60.28778],[24.88816,60.28804],[24.88826,60.28821],[24.8883,60.2883],[24.88836,60.28858],[24.88836,60.28911],[24.88829,60.28969],[24.88828,60.28991],[24.88822,60.29055],[24.8882,60.29077],[24.88818,60.29088],[24.88811,60.29101],[24.88798,60.29114],[24.88771,60.29131],[24.8875,60.29143],[24.88721,60.29156],[24.88688,60.29169],[24.88659,60.29179],[24.88641,60.29184],[24.88613,60.2919]]]}},{"type":"Feature","properties":{"code":"092023","kunta":"092","kokotun":"0922023000","name":"Kivistö","name_sv":"","named":true,"peruspiiri_code":"092023","peruspiiri":"Kivistö","source":"HSY Seutukartta 2021 (tila-alue)","bb":[60.30874,24.81291,60.34706,24.86963],"c":[60.32892,24.84199]},"geometry":{"type":"Polygon","coordinates":[[[24.82298,60.34706],[24.82284,60.34705],[24.82269,60.34701],[24.82257,60.34692],[24.82251,60.34683],[24.82251,60.34648],[24.82253,60.34632],[24.82247,60.34604],[24.82241,60.34593],[24.82233,60.34583],[24.82221,60.34574],[24.82206,60.34565],[24.82198,60.34558],[24.82161,60.34518],[24.82113,60.34477],[24.82045,60.34376],[24.82001,60.34365],[24.81978,60.34365],[24.81894,60.34378],[24.8175,60.34417],[24.81677,60.3442],[24.81644,60.3441],[24.81586,60.34381],[24.81531,60.3436],[24.81418,60.34329],[24.81391,60.343],[24.81419,60.34291],[24.81468,60.34232],[24.81468,60.34214],[24.81416,60.342],[24.81399,60.34197],[24.81305,60.34205],[24.81291,60.34209],[24.814,60.34074],[24.81439,60.34011],[24.81439,60.33983],[24.81468,60.33957],[24.8148,60.3393],[24.81504,60.33902],[24.8158,60.33827],[24.81741,60.33614],[24.81759,60.33583],[24.8177,60.3355],[24.81756,60.33381],[24.81746,60.33364],[24.81736,60.33344],[24.8181,60.3327],[24.81894,60.33204],[24.81957,60.33166],[24.82039,60.33145],[24.82057,60.33132],[24.8211,60.33053],[24.82142,60.33018],[24.82148,60.32998],[24.82165,60.32983],[24.82291,60.32835],[24.82329,60.32784],[24.82401,60.32704],[24.82534,60.32569],[24.82587,60.32544],[24.82806,60.32375],[24.82888,60.32316],[24.82947,60.32259],[24.83081,60.32148],[24.8313,60.32118],[24.83164,60.32092],[24.83149,60.32088],[24.83388,60.31902],[24.83415,60.31876],[24.83479,60.31809],[24.83499,60.31784],[24.8352,60.31765],[24.83543,60.31746],[24.8359,60.31707],[24.83613,60.31687],[24.83635,60.31667],[24.83811,60.31489],[24.839,60.3141],[24.83996,60.31336],[24.84099,60.31256],[24.8411,60.31246],[24.84194,60.31154],[24.84233,60.31114],[24.84259,60.31084],[24.84277,60.31059],[24.84313,60.30998],[24.84346,60.30936],[24.84374,60.30874],[24.84539,60.30911],[24.84692,60.30949],[24.84976,60.31025],[24.84999,60.31031],[24.85017,60.31036],[24.85057,60.31049],[24.85101,60.31065],[24.85111,60.31069],[24.85123,60.31074],[24.85139,60.31081],[24.85153,60.31083],[24.85193,60.31103],[24.85215,60.31115],[24.8525,60.31135],[24.85267,60.31146],[24.85296,60.31167],[24.85314,60.31181],[24.85407,60.31276],[24.85408,60.31282],[24.85444,60.31315],[24.85465,60.31333],[24.85487,60.31349],[24.85513,60.31368],[24.8554,60.31386],[24.85569,60.31403],[24.85603,60.31421],[24.85624,60.3143],[24.85645,60.31438],[24.85735,60.31468],[24.85789,60.31483],[24.85934,60.31522],[24.8629,60.31616],[24.86676,60.31719],[24.86735,60.31735],[24.86781,60.31751],[24.86826,60.31771],[24.86858,60.31789],[24.8689,60.31814],[24.86918,60.31846],[24.86954,60.31885],[24.86963,60.31906],[24.86821,60.31941],[24.86658,60.32189],[24.85985,60.32509],[24.85997,60.32515],[24.8596,60.32534],[24.86177,60.32635],[24.86213,60.32635],[24.86235,60.32762],[24.86265,60.32936],[24.8627,60.32963],[24.86267,60.32978],[24.86243,60.32991],[24.86252,60.33007],[24.86244,60.33024],[24.86227,60.33031],[24.86217,60.33054],[24.86228,60.33079],[24.86211,60.33098],[24.86249,60.33105],[24.86247,60.33139],[24.86243,60.3315],[24.86244,60.3319],[24.86241,60.33224],[24.86235,60.33231],[24.86234,60.33268],[24.86228,60.33287],[24.8624,60.33306],[24.86247,60.33326],[24.86241,60.33334],[24.86244,60.33335],[24.8616,60.33363],[24.86132,60.3337],[24.86111,60.33372],[24.8609,60.33373],[24.86089,60.33385],[24.8595,60.33401],[24.85819,60.33554],[24.85771,60.3361],[24.85751,60.33633],[24.85469,60.3396],[24.85419,60.34019],[24.85363,60.34083],[24.85168,60.3431],[24.85211,60.34344],[24.85236,60.34362],[24.85207,60.34372],[24.85164,60.34382],[24.85133,60.34387],[24.85109,60.3439],[24.85084,60.3439],[24.85073,60.34388],[24.85064,60.34386],[24.85008,60.34369],[24.84948,60.34348],[24.84927,60.34339],[24.84917,60.34336],[24.84904,60.34333],[24.84895,60.34332],[24.84886,60.34331],[24.84867,60.3433],[24.84835,60.3433],[24.84809,60.34333],[24.84794,60.34336],[24.84753,60.3435],[24.84703,60.34372],[24.84696,60.34377],[24.84664,60.34386],[24.84642,60.3439],[24.84603,60.34396],[24.84562,60.34399],[24.84543,60.34399],[24.84519,60.34397],[24.84496,60.34395],[24.84488,60.34394],[24.84464,60.3439],[24.84446,60.34386],[24.84419,60.34379],[24.84398,60.34373],[24.84373,60.34364],[24.84307,60.34336],[24.84227,60.343],[24.842,60.34291],[24.84162,60.34279],[24.84136,60.34272],[24.84093,60.34263],[24.84019,60.34251],[24.83947,60.3424],[24.83913,60.34235],[24.83902,60.34233],[24.83846,60.34224],[24.8378,60.34209],[24.83679,60.34186],[24.83645,60.34177],[24.83549,60.34149],[24.83396,60.34105],[24.83295,60.34085],[24.83244,60.34079],[24.83189,60.34075],[24.83124,60.34077],[24.83067,60.34087],[24.83008,60.34099],[24.82979,60.34106],[24.82894,60.3413],[24.82843,60.34151],[24.82802,60.34171],[24.8277,60.34198],[24.82742,60.34225],[24.82729,60.34245],[24.82717,60.34274],[24.82719,60.34298],[24.82727,60.34321],[24.82739,60.3434],[24.82785,60.34403],[24.82798,60.34429],[24.82797,60.34456],[24.82793,60.34479],[24.82775,60.34505],[24.82749,60.3453],[24.82687,60.34582],[24.82664,60.34604],[24.82646,60.34618],[24.82612,60.34636],[24.82573,60.34646],[24.82514,60.34651],[24.8248,60.34656],[24.82451,60.34658],[24.82422,60.34662],[24.82394,60.3467],[24.82368,60.34679],[24.82313,60.34703],[24.82298,60.34706]]]}},{"type":"Feature","properties":{"code":"092021","kunta":"092","kokotun":"0922021000","name":"Piispankylä","name_sv":"","named":true,"peruspiiri_code":"092021","peruspiiri":"Piispankylä","source":"HSY Seutukartta 2021 (tila-alue)","bb":[60.29442,24.84212,60.31846,24.88557],"c":[60.3072,24.86333]},"geometry":{"type":"Polygon","coordinates":[[[24.86918,60.31846],[24.8689,60.31814],[24.86858,60.31789],[24.86826,60.31771],[24.86781,60.31751],[24.86735,60.31735],[24.86676,60.31719],[24.8629,60.31616],[24.85934,60.31522],[24.85789,60.31483],[24.85735,60.31468],[24.85645,60.31438],[24.85624,60.3143],[24.85603,60.31421],[24.85569,60.31403],[24.8554,60.31386],[24.85513,60.31368],[24.85487,60.31349],[24.85465,60.31333],[24.85444,60.31315],[24.85408,60.31282],[24.85407,60.31276],[24.85314,60.31181],[24.85296,60.31167],[24.85267,60.31146],[24.8525,60.31135],[24.85215,60.31115],[24.85193,60.31103],[24.85153,60.31083],[24.85139,60.31081],[24.85123,60.31074],[24.85111,60.31069],[24.85101,60.31065],[24.85057,60.31049],[24.85017,60.31036],[24.84999,60.31031],[24.84976,60.31025],[24.84692,60.30949],[24.84539,60.30911],[24.84374,60.30874],[24.84254,60.30838],[24.84225,60.30831],[24.8422,60.30806],[24.84212,60.30741],[24.84229,60.30727],[24.84248,60.30714],[24.84291,60.30689],[24.84334,60.30664],[24.8437,60.3064],[24.84401,60.30614],[24.84427,60.30587],[24.84449,60.30559],[24.84465,60.3053],[24.84476,60.305],[24.84488,60.30465],[24.84511,60.30408],[24.84521,60.30386],[24.84542,60.3035],[24.8455,60.30339],[24.84607,60.30245],[24.84676,60.30154],[24.84759,60.30065],[24.84801,60.30025],[24.84903,60.29939],[24.8503,60.29852],[24.85154,60.2976],[24.85182,60.29767],[24.85359,60.2963],[24.85395,60.29578],[24.85401,60.29553],[24.85408,60.29529],[24.85447,60.29509],[24.85498,60.29442],[24.85744,60.29502],[24.85769,60.29495],[24.85793,60.29501],[24.85862,60.29526],[24.8588,60.29512],[24.85915,60.29507],[24.85979,60.29559],[24.86035,60.29559],[24.86168,60.29538],[24.86225,60.29522],[24.86252,60.29517],[24.8628,60.29521],[24.86366,60.29556],[24.86363,60.29564],[24.86516,60.29615],[24.86517,60.2964],[24.86514,60.29653],[24.86503,60.29672],[24.86487,60.2968],[24.8644,60.29687],[24.86392,60.29693],[24.86367,60.29702],[24.86354,60.29711],[24.86344,60.2972],[24.86331,60.29741],[24.86325,60.29762],[24.86325,60.29772],[24.8633,60.29788],[24.86337,60.298],[24.86346,60.2981],[24.86358,60.2982],[24.86381,60.29837],[24.86404,60.29853],[24.86435,60.29868],[24.86488,60.29885],[24.86525,60.29894],[24.86562,60.29906],[24.86613,60.29926],[24.86678,60.29954],[24.86761,60.29998],[24.86821,60.30028],[24.86836,60.30041],[24.86858,60.30057],[24.86894,60.30083],[24.86908,60.30092],[24.86924,60.30101],[24.86983,60.30129],[24.87081,60.30177],[24.87135,60.30203],[24.87194,60.30225],[24.87297,60.30265],[24.87331,60.30284],[24.8737,60.30307],[24.87414,60.30332],[24.87427,60.3034],[24.8746,60.30358],[24.87479,60.30367],[24.87498,60.30375],[24.87555,60.30395],[24.87596,60.30409],[24.87614,60.30416],[24.87664,60.30437],[24.87685,60.30448],[24.87718,60.30467],[24.87739,60.30483],[24.87794,60.30535],[24.87809,60.3055],[24.87863,60.30614],[24.87926,60.30683],[24.87941,60.30705],[24.8797,60.30736],[24.88164,60.30938],[24.88194,60.30967],[24.88225,60.30995],[24.88267,60.31031],[24.88293,60.3105],[24.88303,60.31061],[24.88317,60.31079],[24.88335,60.31107],[24.88385,60.31159],[24.88407,60.31182],[24.88416,60.31191],[24.88422,60.31198],[24.88434,60.31212],[24.88457,60.31252],[24.88484,60.31288],[24.88506,60.31314],[24.8853,60.31334],[24.88557,60.31351],[24.88487,60.31377],[24.88487,60.31382],[24.88442,60.31398],[24.88425,60.3143],[24.88312,60.31469],[24.88241,60.31491],[24.8763,60.31657],[24.87075,60.31809],[24.87065,60.31813],[24.87044,60.3181],[24.86918,60.31846]]]}},{"type":"Feature","properties":{"code":"092064","kunta":"092","kokotun":"0924064000","name":"Kuninkaala","name_sv":"","named":true,"peruspiiri_code":"092064","peruspiiri":"Kuninkaala","source":"HSY Seutukartta 2021 (tila-alue)","bb":[60.27247,25.04073,60.29144,25.09247],"c":[60.28149,25.06563]},"geometry":{"type":"Polygon","coordinates":[[[25.05535,60.28874],[25.055,60.2887],[25.05476,60.2887],[25.05447,60.28872],[25.0543,60.28875],[25.0541,60.28882],[25.05393,60.28892],[25.05377,60.28903],[25.05353,60.28916],[25.05288,60.28945],[25.05272,60.28952],[25.05244,60.28967],[25.05208,60.2899],[25.05185,60.2901],[25.05157,60.29041],[25.0513,60.29065],[25.05105,60.29083],[25.05072,60.29097],[25.05001,60.29122],[25.04962,60.29131],[25.04913,60.2914],[25.04881,60.29144],[25.04851,60.29142],[25.0483,60.29137],[25.04816,60.2913],[25.04773,60.29089],[25.04742,60.2907],[25.04706,60.29053],[25.04656,60.2903],[25.04633,60.29017],[25.04616,60.29011],[25.04574,60.28991],[25.04544,60.2898],[25.04449,60.28945],[25.04438,60.2894],[25.04418,60.28935],[25.04393,60.28931],[25.04367,60.28933],[25.0431,60.28942],[25.04303,60.28929],[25.04276,60.28855],[25.04272,60.28817],[25.04198,60.28665],[25.04073,60.28406],[25.04156,60.28329],[25.04226,60.28316],[25.04222,60.28307],[25.04252,60.28281],[25.04272,60.28264],[25.04306,60.28235],[25.04318,60.28218],[25.04341,60.28191],[25.04226,60.28151],[25.04249,60.2811],[25.04266,60.28115],[25.04307,60.28066],[25.04311,60.28062],[25.0435,60.28018],[25.04373,60.27988],[25.04418,60.28001],[25.04431,60.27992],[25.04435,60.27989],[25.04487,60.27946],[25.04505,60.27934],[25.04514,60.27923],[25.04515,60.27886],[25.04515,60.27864],[25.04516,60.27854],[25.04574,60.27842],[25.04604,60.27887],[25.04639,60.27848],[25.04669,60.27814],[25.04705,60.27773],[25.04708,60.2777],[25.04752,60.27779],[25.04811,60.27791],[25.04863,60.27801],[25.04916,60.27811],[25.04969,60.2782],[25.05021,60.27827],[25.05065,60.27832],[25.05109,60.27795],[25.05215,60.27707],[25.05339,60.27602],[25.05409,60.27597],[25.05594,60.27586],[25.05662,60.27581],[25.05947,60.27613],[25.06156,60.27638],[25.06181,60.27609],[25.06239,60.27544],[25.0636,60.27536],[25.06474,60.27528],[25.06706,60.27513],[25.06849,60.27503],[25.07173,60.27523],[25.07352,60.27534],[25.07583,60.27548],[25.07639,60.27552],[25.07664,60.27555],[25.0773,60.2753],[25.07754,60.27521],[25.07816,60.27497],[25.07831,60.27492],[25.08367,60.27289],[25.084,60.27279],[25.08477,60.27247],[25.08484,60.27255],[25.08489,60.27301],[25.08446,60.27346],[25.08686,60.27593],[25.08756,60.27639],[25.08799,60.27661],[25.08826,60.27677],[25.08857,60.277],[25.08886,60.27726],[25.08915,60.27758],[25.08941,60.2779],[25.08961,60.27816],[25.08975,60.27837],[25.09011,60.27893],[25.09055,60.27973],[25.09083,60.28028],[25.091,60.28068],[25.09118,60.28119],[25.09124,60.28134],[25.09146,60.28167],[25.09146,60.28185],[25.09103,60.282],[25.09085,60.28215],[25.0912,60.28233],[25.09149,60.28293],[25.09185,60.28306],[25.09242,60.28403],[25.09247,60.28419],[25.09242,60.2846],[25.09245,60.28469],[25.09165,60.28465],[25.08897,60.28526],[25.08826,60.28543],[25.08761,60.28557],[25.08638,60.28586],[25.08485,60.2862],[25.08377,60.28645],[25.08295,60.28664],[25.08044,60.28721],[25.08024,60.28625],[25.08017,60.28562],[25.08013,60.28537],[25.08003,60.28498],[25.07991,60.2846],[25.07986,60.28449],[25.0797,60.28413],[25.07944,60.28365],[25.07932,60.28339],[25.07922,60.28305],[25.07916,60.28278],[25.07905,60.28273],[25.0789,60.28272],[25.07872,60.28267],[25.07857,60.28258],[25.07848,60.2825],[25.07779,60.28259],[25.07415,60.28354],[25.07413,60.28357],[25.07316,60.28382],[25.07294,60.28385],[25.07023,60.28456],[25.06883,60.28489],[25.06795,60.28501],[25.06708,60.28508],[25.06647,60.28511],[25.06348,60.28523],[25.06341,60.28522],[25.06165,60.28528],[25.06127,60.28531],[25.06091,60.28538],[25.0607,60.28544],[25.06007,60.28563],[25.05968,60.28575],[25.05867,60.28618],[25.05856,60.28624],[25.05846,60.28634],[25.05844,60.28644],[25.0586,60.28706],[25.05867,60.2874],[25.05865,60.28751],[25.05857,60.28773],[25.05766,60.28786],[25.05668,60.28814],[25.05612,60.28838],[25.05549,60.28868],[25.05535,60.28874]]]}},{"type":"Feature","properties":{"code":"092069","kunta":"092","kokotun":"0924069000","name":"Helsingin pitäjän kirkonkylä","name_sv":"","named":true,"peruspiiri_code":"092069","peruspiiri":"Helsingin Pitäjän Kirkonkylä","source":"HSY Seutukartta 2021 (tila-alue)","bb":[60.27901,24.9785,60.28693,25.0069],"c":[60.28339,24.98902]},"geometry":{"type":"Polygon","coordinates":[[[25.00269,60.28685],[25.00246,60.28687],[25.00176,60.28692],[25.00105,60.28693],[25.00034,60.28691],[24.99964,60.28685],[24.99866,60.28677],[24.99767,60.28672],[24.99668,60.28672],[24.99569,60.28677],[24.99538,60.28679],[24.99397,60.2869],[24.99213,60.28673],[24.99064,60.28663],[24.99059,60.28674],[24.98918,60.28665],[24.98801,60.28659],[24.98692,60.28667],[24.98563,60.28661],[24.98517,60.28659],[24.9842,60.28641],[24.98481,60.28627],[24.9839,60.28607],[24.98285,60.28591],[24.98195,60.28562],[24.98187,60.2856],[24.9815,60.28543],[24.98127,60.28533],[24.98084,60.28501],[24.98044,60.28455],[24.98026,60.28416],[24.98027,60.28393],[24.98053,60.28352],[24.98028,60.28351],[24.98014,60.28363],[24.97999,60.28372],[24.97983,60.28374],[24.97941,60.28324],[24.97937,60.28316],[24.97949,60.28312],[24.97931,60.28263],[24.97937,60.28248],[24.9792,60.28208],[24.97911,60.28179],[24.97904,60.28159],[24.97874,60.28087],[24.9785,60.27984],[24.97863,60.27974],[24.9788,60.27966],[24.97892,60.27964],[24.97904,60.27964],[24.9792,60.27963],[24.97934,60.2796],[24.97944,60.27955],[24.97959,60.27939],[24.97968,60.27936],[24.9801,60.27937],[24.98067,60.27929],[24.98083,60.27928],[24.98099,60.27925],[24.98123,60.27924],[24.98132,60.27929],[24.98144,60.27928],[24.98151,60.2793],[24.98172,60.2793],[24.98208,60.2792],[24.98214,60.2791],[24.98226,60.27906],[24.9824,60.27901],[24.98261,60.27913],[24.98282,60.27922],[24.9831,60.27934],[24.98325,60.27939],[24.98343,60.27943],[24.98357,60.27965],[24.9839,60.27972],[24.98455,60.27967],[24.98491,60.27969],[24.9853,60.27978],[24.98565,60.27983],[24.98595,60.27983],[24.98614,60.27983],[24.98665,60.2798],[24.98702,60.27976],[24.98749,60.27971],[24.9883,60.2797],[24.98881,60.2797],[24.98925,60.27972],[24.98957,60.27974],[24.98991,60.2798],[24.99024,60.27988],[24.99062,60.28001],[24.99111,60.2802],[24.99153,60.28037],[24.99246,60.28079],[24.99317,60.28114],[24.99339,60.28121],[24.99369,60.28128],[24.994,60.28132],[24.99418,60.28132],[24.99461,60.28129],[24.9949,60.28128],[24.99517,60.28129],[24.99533,60.28131],[24.99542,60.28132],[24.99564,60.2814],[24.99585,60.2815],[24.99755,60.28279],[24.99772,60.283],[24.99788,60.28316],[24.99875,60.28394],[24.99888,60.28406],[24.99945,60.2845],[24.99961,60.28467],[24.9997,60.2848],[24.99979,60.28525],[24.99982,60.28549],[24.99992,60.28587],[24.99994,60.28601],[24.99999,60.28614],[25.00015,60.28632],[25.00034,60.28642],[25.00066,60.28655],[25.00081,60.28658],[25.00105,60.28661],[25.00126,60.28662],[25.0013,60.28662],[25.00165,60.28662],[25.00282,60.28653],[25.00361,60.28648],[25.00396,60.28645],[25.00429,60.28641],[25.00464,60.28634],[25.0048,60.2863],[25.00529,60.28615],[25.00547,60.2861],[25.00563,60.28608],[25.00572,60.28608],[25.0058,60.28609],[25.00605,60.28617],[25.00678,60.28643],[25.0069,60.28647],[25.00655,60.2865],[25.00269,60.28685]]]}},{"type":"Feature","properties":{"code":"092086","kunta":"092","kokotun":"0926086000","name":"Nikinmäki","name_sv":"","named":true,"peruspiiri_code":"092086","peruspiiri":"Nikinmäki","source":"HSY Seutukartta 2021 (tila-alue)","bb":[60.33479,25.12304,60.36014,25.15274],"c":[60.34681,25.13615]},"geometry":{"type":"Polygon","coordinates":[[[25.12381,60.34191],[25.1244,60.34097],[25.12456,60.34067],[25.12467,60.34036],[25.1247,60.34009],[25.1247,60.33996],[25.12583,60.33999],[25.12694,60.34002],[25.12699,60.3396],[25.12706,60.33898],[25.1271,60.33848],[25.12721,60.33738],[25.12558,60.3367],[25.12431,60.33618],[25.12304,60.33564],[25.12388,60.33479],[25.12541,60.33483],[25.12648,60.33486],[25.12856,60.33492],[25.13041,60.33497],[25.13237,60.33503],[25.13267,60.33504],[25.13565,60.33513],[25.13637,60.33515],[25.13722,60.33518],[25.13874,60.33522],[25.13995,60.33526],[25.14142,60.3353],[25.14324,60.33535],[25.14325,60.33573],[25.14327,60.33587],[25.14331,60.33601],[25.14337,60.33615],[25.14346,60.33628],[25.1436,60.33634],[25.14384,60.33648],[25.14411,60.3366],[25.14474,60.33683],[25.14528,60.33701],[25.14578,60.33719],[25.14602,60.33725],[25.14656,60.33742],[25.14722,60.33763],[25.14823,60.3379],[25.14882,60.33807],[25.14905,60.33815],[25.14925,60.33825],[25.14987,60.33861],[25.15031,60.33886],[25.15106,60.33944],[25.15148,60.33971],[25.15162,60.33981],[25.1518,60.33996],[25.15195,60.34015],[25.15202,60.34027],[25.15205,60.34036],[25.15207,60.34056],[25.15202,60.34092],[25.15199,60.34128],[25.15191,60.3416],[25.15175,60.34188],[25.15172,60.34212],[25.15176,60.34229],[25.15183,60.34244],[25.15197,60.34264],[25.15236,60.34322],[25.15252,60.3435],[25.15262,60.34377],[25.15267,60.34405],[25.15267,60.34456],[25.15274,60.34523],[25.15271,60.34539],[25.15249,60.34583],[25.15241,60.34613],[25.15234,60.34613],[25.14869,60.34606],[25.14573,60.34601],[25.14425,60.34598],[25.14398,60.34598],[25.14209,60.34595],[25.14194,60.3472],[25.14039,60.3472],[25.13843,60.3472],[25.13821,60.3472],[25.13715,60.34719],[25.13645,60.34719],[25.13495,60.34719],[25.13486,60.34742],[25.13444,60.34849],[25.13688,60.35001],[25.13742,60.35034],[25.14341,60.35407],[25.14392,60.35439],[25.14602,60.3557],[25.14721,60.35644],[25.14794,60.35615],[25.14896,60.35679],[25.14826,60.35701],[25.14787,60.35677],[25.14778,60.3568],[25.14893,60.35751],[25.14995,60.35815],[25.15025,60.35835],[25.15173,60.35928],[25.14973,60.35926],[25.14951,60.35926],[25.14914,60.35925],[25.14817,60.35924],[25.14765,60.35923],[25.14659,60.35922],[25.14364,60.35919],[25.14188,60.35916],[25.13968,60.35915],[25.13869,60.35914],[25.13761,60.35912],[25.13396,60.3591],[25.13255,60.35909],[25.13162,60.35907],[25.13161,60.35919],[25.13152,60.36014],[25.12895,60.36009],[25.12825,60.36007],[25.12412,60.35999],[25.12416,60.35983],[25.12417,60.35962],[25.12422,60.35938],[25.12425,60.35908],[25.12434,60.35857],[25.12444,60.35827],[25.12469,60.35761],[25.12481,60.35724],[25.12486,60.35697],[25.1249,60.35667],[25.12495,60.35651],[25.12503,60.35635],[25.12512,60.3562],[25.12546,60.35577],[25.12561,60.35556],[25.1257,60.35534],[25.12571,60.35523],[25.12569,60.35502],[25.12564,60.3548],[25.12557,60.35458],[25.12554,60.35437],[25.12554,60.35416],[25.12557,60.35395],[25.12564,60.35374],[25.12586,60.3533],[25.12593,60.35306],[25.12596,60.35282],[25.12594,60.35258],[25.12589,60.35233],[25.12582,60.3521],[25.12577,60.35179],[25.12577,60.35158],[25.12582,60.35136],[25.12594,60.35099],[25.12603,60.35076],[25.12617,60.35048],[25.12624,60.35024],[25.12629,60.34993],[25.12627,60.34948],[25.12622,60.34905],[25.12617,60.3489],[25.12609,60.3487],[25.126,60.34839],[25.12591,60.34816],[25.12585,60.34804],[25.12562,60.3477],[25.12517,60.34728],[25.12516,60.34726],[25.12497,60.34712],[25.12468,60.34682],[25.12457,60.34662],[25.12452,60.3465],[25.12439,60.34634],[25.1244,60.34625],[25.12436,60.34597],[25.12435,60.34566],[25.12429,60.34519],[25.12424,60.34459],[25.12424,60.34419],[25.12418,60.344],[25.12399,60.34352],[25.12389,60.34317],[25.1238,60.343],[25.12376,60.34273],[25.1237,60.34246],[25.12389,60.34206],[25.12399,60.34191],[25.12381,60.34191]]]}}]}