{"type":"FeatureCollection","meta":{"layer":"postialue:pno_tilasto_2026","crs":"EPSG:4326","publisher":"Tilastokeskus","licence":"CC BY 4.0 — Lähde: Tilastokeskus","simplified":"0.80% (mapshaper)","lod":"coarse","note":"Drawn at national zoom only. Opening a kunta fetches the detailed rings from dist/area/<kunta>.json."},"features":[{"type":"Feature","properties":{"nr":"00100"},"geometry":{"type":"Polygon","coordinates":[[[24.93331,60.1651],[24.94348,60.1664],[24.95129,60.16791],[24.94187,60.1773],[24.93504,60.17895],[24.91256,60.1758],[24.91282,60.1703],[24.93331,60.1651]]]}},{"type":"Feature","properties":{"nr":"00120"},"geometry":{"type":"Polygon","coordinates":[[[24.92854,60.16101],[24.94649,60.16102],[24.94348,60.1664],[24.93331,60.1651],[24.92854,60.16101]]]}},{"type":"Feature","properties":{"nr":"00130"},"geometry":{"type":"Polygon","coordinates":[[[24.94667,60.16095],[24.95764,60.16241],[24.9544,60.16672],[24.95129,60.16791],[24.94348,60.1664],[24.94649,60.16102],[24.94667,60.16095]]]}},{"type":"Feature","properties":{"nr":"00300"},"geometry":{"type":"Polygon","coordinates":[[[24.90152,60.19744],[24.89753,60.20806],[24.88982,60.20862],[24.88883,60.20107],[24.8904,60.19788],[24.90152,60.19744]]]}},{"type":"Feature","properties":{"nr":"00140"},"geometry":{"type":"Polygon","coordinates":[[[24.94577,60.15447],[24.95764,60.16241],[24.94667,60.16095],[24.94577,60.15447]]]}},{"type":"Feature","properties":{"nr":"00170"},"geometry":{"type":"Polygon","coordinates":[[[24.9544,60.16672],[24.96116,60.1774],[24.94187,60.1773],[24.95129,60.16791],[24.9544,60.16672]]]}},{"type":"Feature","properties":{"nr":"00150"},"geometry":{"type":"Polygon","coordinates":[[[24.94649,60.16102],[24.92854,60.16101],[24.92439,60.15969],[24.92284,60.15409],[24.94577,60.15447],[24.94667,60.16095],[24.94649,60.16102]]]}},{"type":"Feature","properties":{"nr":"00160"},"geometry":{"type":"Polygon","coordinates":[[[24.96975,60.16335],[24.97778,60.16889],[24.96267,60.1692],[24.96975,60.16335]]]}},{"type":"Feature","properties":{"nr":"10570"},"geometry":{"type":"Polygon","coordinates":[[[23.10835,60.00756],[23.10192,60.0369],[23.02222,60.04832],[22.98598,60.03323],[23.02316,60.0024],[22.9486,59.99219],[22.85679,59.96098],[22.88456,59.91769],[22.93906,59.9087],[23.05769,59.95048],[23.10794,60.00508],[23.10835,60.00756]]]}},{"type":"Feature","properties":{"nr":"00180"},"geometry":{"type":"Polygon","coordinates":[[[24.93331,60.1651],[24.91282,60.1703],[24.91287,60.15102],[24.92439,60.15969],[24.92854,60.16101],[24.93331,60.1651]]]}},{"type":"Feature","properties":{"nr":"00230"},"geometry":{"type":"Polygon","coordinates":[[[24.91581,60.21252],[24.92114,60.21714],[24.91453,60.21719],[24.91489,60.21488],[24.91581,60.21252]]]}},{"type":"Feature","properties":{"nr":"00240"},"geometry":{"type":"Polygon","coordinates":[[[24.9378,60.21634],[24.92114,60.21714],[24.91581,60.21252],[24.91155,60.20832],[24.91529,60.19725],[24.9158,60.19545],[24.93181,60.19284],[24.93404,60.20567],[24.9378,60.21634]]]}},{"type":"Feature","properties":{"nr":"00310"},"geometry":{"type":"Polygon","coordinates":[[[24.89753,60.20806],[24.91155,60.20832],[24.91581,60.21252],[24.91489,60.21488],[24.89753,60.20806]]]}},{"type":"Feature","properties":{"nr":"00190"},"geometry":{"type":"Polygon","coordinates":[[[24.98857,60.13781],[24.98592,60.14535],[24.97841,60.14513],[24.98857,60.13781]]]}},{"type":"Feature","properties":{"nr":"00270"},"geometry":{"type":"Polygon","coordinates":[[[24.91058,60.19091],[24.9158,60.19545],[24.91529,60.19725],[24.90152,60.19744],[24.8904,60.19788],[24.88772,60.19564],[24.89903,60.19111],[24.91058,60.19091]]]}},{"type":"Feature","properties":{"nr":"00280"},"geometry":{"type":"Polygon","coordinates":[[[24.91155,60.20832],[24.89753,60.20806],[24.90152,60.19744],[24.91529,60.19725],[24.91155,60.20832]]]}},{"type":"Feature","properties":{"nr":"00200"},"geometry":{"type":"Polygon","coordinates":[[[24.88741,60.15728],[24.88086,60.16548],[24.85385,60.16242],[24.87301,60.15407],[24.88741,60.15728]]]}},{"type":"Feature","properties":{"nr":"00290"},"geometry":{"type":"Polygon","coordinates":[[[24.89903,60.19111],[24.90814,60.18538],[24.91058,60.19091],[24.89903,60.19111]]]}},{"type":"Feature","properties":{"nr":"00210"},"geometry":{"type":"Polygon","coordinates":[[[24.87301,60.15407],[24.87328,60.14485],[24.88978,60.14641],[24.88741,60.15728],[24.87301,60.15407]]]}},{"type":"Feature","properties":{"nr":"00220"},"geometry":{"type":"Polygon","coordinates":[[[24.92284,60.15409],[24.92439,60.15969],[24.91287,60.15102],[24.92284,60.15409]]]}},{"type":"Feature","properties":{"nr":"00250"},"geometry":{"type":"Polygon","coordinates":[[[24.91058,60.19091],[24.90814,60.18538],[24.89903,60.19111],[24.88772,60.19564],[24.88081,60.19099],[24.91172,60.1817],[24.93511,60.18475],[24.93515,60.187],[24.936,60.18891],[24.93181,60.19284],[24.9158,60.19545],[24.91058,60.19091]]]}},{"type":"Feature","properties":{"nr":"00260"},"geometry":{"type":"Polygon","coordinates":[[[24.91256,60.1758],[24.93504,60.17895],[24.93511,60.18475],[24.91172,60.1817],[24.91256,60.1758]]]}},{"type":"Feature","properties":{"nr":"00320"},"geometry":{"type":"Polygon","coordinates":[[[24.91489,60.21488],[24.91453,60.21719],[24.91141,60.22006],[24.90941,60.22012],[24.88303,60.2253],[24.88142,60.22485],[24.88126,60.22251],[24.88397,60.21426],[24.88982,60.20862],[24.89753,60.20806],[24.91489,60.21488]]]}},{"type":"Feature","properties":{"nr":"00330"},"geometry":{"type":"Polygon","coordinates":[[[24.88883,60.20107],[24.84953,60.2053],[24.88081,60.19099],[24.88772,60.19564],[24.8904,60.19788],[24.88883,60.20107]]]}},{"type":"Feature","properties":{"nr":"00360"},"geometry":{"type":"Polygon","coordinates":[[[24.85306,60.2126],[24.86102,60.22035],[24.85129,60.21257],[24.85306,60.2126]]]}},{"type":"Feature","properties":{"nr":"00370"},"geometry":{"type":"Polygon","coordinates":[[[24.86758,60.23196],[24.83624,60.22901],[24.83521,60.21887],[24.84485,60.2107],[24.85129,60.21257],[24.86102,60.22035],[24.88126,60.22251],[24.88142,60.22485],[24.86758,60.23196]]]}},{"type":"Feature","properties":{"nr":"00340"},"geometry":{"type":"Polygon","coordinates":[[[24.85624,60.17394],[24.85882,60.17996],[24.85261,60.18301],[24.84493,60.17981],[24.85624,60.17394]]]}},{"type":"Feature","properties":{"nr":"00350"},"geometry":{"type":"Polygon","coordinates":[[[24.88982,60.20862],[24.88397,60.21426],[24.85306,60.2126],[24.85129,60.21257],[24.84485,60.2107],[24.84575,60.20951],[24.84953,60.2053],[24.88883,60.20107],[24.88982,60.20862]]]}},{"type":"Feature","properties":{"nr":"00380"},"geometry":{"type":"Polygon","coordinates":[[[24.88126,60.22251],[24.86102,60.22035],[24.85306,60.2126],[24.88397,60.21426],[24.88126,60.22251]]]}},{"type":"Feature","properties":{"nr":"00390"},"geometry":{"type":"Polygon","coordinates":[[[24.86183,60.24051],[24.83889,60.2555],[24.82766,60.25325],[24.82684,60.24971],[24.83707,60.23283],[24.83624,60.22901],[24.86758,60.23196],[24.86775,60.23391],[24.86183,60.24051]]]}},{"type":"Feature","properties":{"nr":"00400"},"geometry":{"type":"Polygon","coordinates":[[[24.90941,60.22012],[24.90089,60.23467],[24.89743,60.23509],[24.89722,60.23447],[24.88303,60.2253],[24.90941,60.22012]]]}},{"type":"Feature","properties":{"nr":"00410"},"geometry":{"type":"Polygon","coordinates":[[[24.86183,60.24051],[24.86699,60.25337],[24.86087,60.25504],[24.83881,60.25905],[24.83889,60.2555],[24.86183,60.24051]]]}},{"type":"Feature","properties":{"nr":"00420"},"geometry":{"type":"Polygon","coordinates":[[[24.87895,60.25896],[24.86699,60.25337],[24.86183,60.24051],[24.86775,60.23391],[24.89722,60.23447],[24.89743,60.23509],[24.87895,60.25896]]]}},{"type":"Feature","properties":{"nr":"00430"},"geometry":{"type":"Polygon","coordinates":[[[24.90089,60.23467],[24.90773,60.23684],[24.91166,60.24692],[24.90319,60.26921],[24.89991,60.27113],[24.87895,60.25896],[24.89743,60.23509],[24.90089,60.23467]]]}},{"type":"Feature","properties":{"nr":"00440"},"geometry":{"type":"Polygon","coordinates":[[[24.88142,60.22485],[24.88303,60.2253],[24.89722,60.23447],[24.86775,60.23391],[24.86758,60.23196],[24.88142,60.22485]]]}},{"type":"Feature","properties":{"nr":"00500"},"geometry":{"type":"Polygon","coordinates":[[[24.96231,60.1907],[24.9532,60.187],[24.96923,60.18182],[24.9712,60.18756],[24.9639,60.18973],[24.96231,60.1907]]]}},{"type":"Feature","properties":{"nr":"00510"},"geometry":{"type":"Polygon","coordinates":[[[24.96231,60.1907],[24.94872,60.19788],[24.936,60.18891],[24.93515,60.187],[24.9532,60.187],[24.96231,60.1907]]]}},{"type":"Feature","properties":{"nr":"00600"},"geometry":{"type":"Polygon","coordinates":[[[24.95151,60.2202],[24.97362,60.21537],[24.97516,60.2185],[24.95813,60.22302],[24.95364,60.22221],[24.95151,60.2202]]]}},{"type":"Feature","properties":{"nr":"00520"},"geometry":{"type":"Polygon","coordinates":[[[24.95229,60.20391],[24.93404,60.20567],[24.93181,60.19284],[24.936,60.18891],[24.94872,60.19788],[24.95464,60.20284],[24.95229,60.20391]]]}},{"type":"Feature","properties":{"nr":"00530"},"geometry":{"type":"Polygon","coordinates":[[[24.94187,60.1773],[24.96116,60.1774],[24.96949,60.17907],[24.96923,60.18182],[24.9532,60.187],[24.93515,60.187],[24.93511,60.18475],[24.93504,60.17895],[24.94187,60.1773]]]}},{"type":"Feature","properties":{"nr":"00540"},"geometry":{"type":"Polygon","coordinates":[[[24.9712,60.18756],[24.96923,60.18182],[24.96949,60.17907],[24.98438,60.18673],[24.9712,60.18756]]]}},{"type":"Feature","properties":{"nr":"00550"},"geometry":{"type":"Polygon","coordinates":[[[24.97083,60.20013],[24.95464,60.20284],[24.94872,60.19788],[24.96231,60.1907],[24.9639,60.18973],[24.97083,60.20013]]]}},{"type":"Feature","properties":{"nr":"00560"},"geometry":{"type":"Polygon","coordinates":[[[25.00814,60.21575],[25.00541,60.22727],[24.98089,60.22141],[24.97516,60.2185],[24.97362,60.21537],[24.95229,60.20391],[24.95464,60.20284],[24.97083,60.20013],[24.97978,60.20091],[25.00814,60.21575]]]}},{"type":"Feature","properties":{"nr":"00590"},"geometry":{"type":"Polygon","coordinates":[[[25.03839,60.17461],[25.02282,60.17808],[25.0346,60.16398],[25.03839,60.17461]]]}},{"type":"Feature","properties":{"nr":"00570"},"geometry":{"type":"Polygon","coordinates":[[[25.01522,60.17926],[25.00809,60.1908],[24.99412,60.18503],[25.01522,60.17926]]]}},{"type":"Feature","properties":{"nr":"00580"},"geometry":{"type":"Polygon","coordinates":[[[24.98438,60.18673],[24.97978,60.20091],[24.97083,60.20013],[24.9639,60.18973],[24.9712,60.18756],[24.98438,60.18673]]]}},{"type":"Feature","properties":{"nr":"00610"},"geometry":{"type":"Polygon","coordinates":[[[24.97362,60.21537],[24.95151,60.2202],[24.9378,60.21634],[24.93404,60.20567],[24.95229,60.20391],[24.97362,60.21537]]]}},{"type":"Feature","properties":{"nr":"00620"},"geometry":{"type":"Polygon","coordinates":[[[24.95364,60.22221],[24.94467,60.22964],[24.91141,60.22006],[24.91453,60.21719],[24.92114,60.21714],[24.9378,60.21634],[24.95151,60.2202],[24.95364,60.22221]]]}},{"type":"Feature","properties":{"nr":"00630"},"geometry":{"type":"Polygon","coordinates":[[[24.94843,60.23735],[24.90773,60.23684],[24.90089,60.23467],[24.90941,60.22012],[24.91141,60.22006],[24.94467,60.22964],[24.94893,60.2362],[24.94843,60.23735]]]}},{"type":"Feature","properties":{"nr":"00640"},"geometry":{"type":"Polygon","coordinates":[[[24.98265,60.23852],[24.97017,60.24336],[24.94893,60.2362],[24.94467,60.22964],[24.95364,60.22221],[24.95813,60.22302],[24.98265,60.23852]]]}},{"type":"Feature","properties":{"nr":"05860"},"geometry":{"type":"Polygon","coordinates":[[[24.80778,60.62086],[24.83088,60.62719],[24.82711,60.63789],[24.80778,60.62086]]]}},{"type":"Feature","properties":{"nr":"00650"},"geometry":{"type":"Polygon","coordinates":[[[24.98089,60.22141],[24.98837,60.2355],[24.98265,60.23852],[24.95813,60.22302],[24.97516,60.2185],[24.98089,60.22141]]]}},{"type":"Feature","properties":{"nr":"00660"},"geometry":{"type":"Polygon","coordinates":[[[24.90773,60.23684],[24.94843,60.23735],[24.94735,60.24843],[24.91166,60.24692],[24.90773,60.23684]]]}},{"type":"Feature","properties":{"nr":"00670"},"geometry":{"type":"Polygon","coordinates":[[[24.95115,60.25449],[24.93324,60.27433],[24.90319,60.26921],[24.91166,60.24692],[24.94735,60.24843],[24.95115,60.25449]]]}},{"type":"Feature","properties":{"nr":"00680"},"geometry":{"type":"Polygon","coordinates":[[[24.9772,60.25268],[24.95115,60.25449],[24.94735,60.24843],[24.94843,60.23735],[24.94893,60.2362],[24.97017,60.24336],[24.97407,60.24943],[24.9772,60.25268]]]}},{"type":"Feature","properties":{"nr":"00690"},"geometry":{"type":"Polygon","coordinates":[[[24.97142,60.26557],[24.94656,60.27942],[24.93324,60.27433],[24.95115,60.25449],[24.9772,60.25268],[24.97142,60.26557]]]}},{"type":"Feature","properties":{"nr":"00700"},"geometry":{"type":"Polygon","coordinates":[[[25.0048,60.26192],[24.99363,60.25077],[25.00634,60.24239],[25.01828,60.2305],[25.04372,60.23761],[25.06572,60.24843],[25.04299,60.25824],[25.0048,60.26192]]]}},{"type":"Feature","properties":{"nr":"00710"},"geometry":{"type":"Polygon","coordinates":[[[25.01828,60.2305],[25.00634,60.24239],[24.98837,60.2355],[24.98089,60.22141],[25.00541,60.22727],[25.01828,60.2305]]]}},{"type":"Feature","properties":{"nr":"00720"},"geometry":{"type":"Polygon","coordinates":[[[24.99363,60.25077],[24.97407,60.24943],[24.97017,60.24336],[24.98265,60.23852],[24.98837,60.2355],[25.00634,60.24239],[24.99363,60.25077]]]}},{"type":"Feature","properties":{"nr":"00730"},"geometry":{"type":"Polygon","coordinates":[[[25.04252,60.26936],[25.01547,60.27469],[24.99837,60.26516],[25.0048,60.26192],[25.04299,60.25824],[25.04617,60.26244],[25.04252,60.26936]]]}},{"type":"Feature","properties":{"nr":"00740"},"geometry":{"type":"Polygon","coordinates":[[[25.01411,60.28711],[24.99887,60.28708],[24.97307,60.26916],[24.97221,60.26598],[24.99837,60.26516],[25.01547,60.27469],[25.01411,60.28711]]]}},{"type":"Feature","properties":{"nr":"00750"},"geometry":{"type":"Polygon","coordinates":[[[25.05696,60.28355],[25.01411,60.28711],[25.01547,60.27469],[25.04252,60.26936],[25.05473,60.27891],[25.05696,60.28355]]]}},{"type":"Feature","properties":{"nr":"00760"},"geometry":{"type":"Polygon","coordinates":[[[25.05473,60.27891],[25.04252,60.26936],[25.04617,60.26244],[25.08401,60.26973],[25.08646,60.27452],[25.08175,60.27614],[25.05473,60.27891]]]}},{"type":"Feature","properties":{"nr":"10600"},"geometry":{"type":"MultiPolygon","coordinates":[[[[23.48284,59.99745],[23.45951,59.96936],[23.47898,59.98559],[23.48284,59.99745]]],[[[23.35267,59.99981],[23.30523,59.998],[23.29022,59.97131],[23.31669,59.95477],[23.3575,59.98786],[23.35267,59.99981]]],[[[23.49373,60.06076],[23.46447,60.06231],[23.4129,60.03459],[23.36341,60.03695],[23.36137,60.0222],[23.40335,60.02421],[23.45558,60.00265],[23.46595,60.04179],[23.49373,60.06076]]],[[[23.19577,59.9988],[23.11984,60.00121],[23.13745,59.96431],[23.20534,59.95091],[23.21309,59.94299],[23.23977,59.94502],[23.30083,59.99641],[23.24683,60.01052],[23.19577,59.9988]]],[[[23.61402,60.01138],[23.5353,60.05951],[23.49431,60.03347],[23.48921,60.00426],[23.53732,59.98435],[23.48869,59.96969],[23.4754,59.96181],[23.45438,59.96096],[23.4909,59.92751],[23.6169,59.94125],[23.67257,59.93625],[23.65882,59.97238],[23.61402,60.01138]]]]}},{"type":"Feature","properties":{"nr":"00770"},"geometry":{"type":"Polygon","coordinates":[[[25.08993,60.25653],[25.08401,60.26973],[25.04617,60.26244],[25.04299,60.25824],[25.06572,60.24843],[25.08172,60.25011],[25.08993,60.25653]]]}},{"type":"Feature","properties":{"nr":"00780"},"geometry":{"type":"Polygon","coordinates":[[[24.99837,60.26516],[24.97221,60.26598],[24.97142,60.26557],[24.9772,60.25268],[24.97407,60.24943],[24.99363,60.25077],[25.0048,60.26192],[24.99837,60.26516]]]}},{"type":"Feature","properties":{"nr":"00790"},"geometry":{"type":"Polygon","coordinates":[[[25.01995,60.21303],[25.03807,60.22188],[25.05283,60.23128],[25.04372,60.23761],[25.01828,60.2305],[25.00541,60.22727],[25.00814,60.21575],[25.01995,60.21303]]]}},{"type":"Feature","properties":{"nr":"00800"},"geometry":{"type":"Polygon","coordinates":[[[25.03557,60.19819],[25.0589,60.21476],[25.03807,60.22188],[25.01995,60.21303],[25.01959,60.20347],[25.03557,60.19819]]]}},{"type":"Feature","properties":{"nr":"00810"},"geometry":{"type":"Polygon","coordinates":[[[25.03557,60.19819],[25.01959,60.20347],[25.02862,60.1863],[25.05246,60.19298],[25.04826,60.19485],[25.03557,60.19819]]]}},{"type":"Feature","properties":{"nr":"00820"},"geometry":{"type":"Polygon","coordinates":[[[25.05246,60.19298],[25.06921,60.19864],[25.06698,60.20811],[25.04826,60.19485],[25.05246,60.19298]]]}},{"type":"Feature","properties":{"nr":"00910"},"geometry":{"type":"Polygon","coordinates":[[[25.11505,60.21277],[25.09792,60.21652],[25.08777,60.21352],[25.10042,60.2066],[25.11505,60.21277]]]}},{"type":"Feature","properties":{"nr":"00830"},"geometry":{"type":"Polygon","coordinates":[[[25.08641,60.18568],[25.07427,60.18895],[25.06674,60.18395],[25.07635,60.17942],[25.08641,60.18568]]]}},{"type":"Feature","properties":{"nr":"00920"},"geometry":{"type":"Polygon","coordinates":[[[25.05283,60.23128],[25.03807,60.22188],[25.0589,60.21476],[25.06531,60.20974],[25.08191,60.22059],[25.09588,60.22804],[25.05283,60.23128]]]}},{"type":"Feature","properties":{"nr":"10900"},"geometry":{"type":"MultiPolygon","coordinates":[[[[22.97578,59.84689],[22.95591,59.84393],[22.94681,59.82461],[22.98085,59.82105],[22.97578,59.84689]]],[[[23.22562,59.87326],[23.14707,59.8866],[23.10583,59.88731],[23.03133,59.86528],[23.0138,59.85695],[23.01349,59.85673],[23.01209,59.82523],[23.13849,59.82922],[23.21455,59.84058],[23.22562,59.87326]]]]}},{"type":"Feature","properties":{"nr":"00840"},"geometry":{"type":"Polygon","coordinates":[[[25.05495,60.16542],[25.06566,60.16773],[25.05692,60.18756],[25.02282,60.17808],[25.03839,60.17461],[25.05495,60.16542]]]}},{"type":"Feature","properties":{"nr":"00850"},"geometry":{"type":"Polygon","coordinates":[[[25.06112,60.15899],[25.06566,60.16773],[25.05495,60.16542],[25.06112,60.15899]]]}},{"type":"Feature","properties":{"nr":"00860"},"geometry":{"type":"Polygon","coordinates":[[[25.06181,60.15249],[25.02667,60.14496],[25.04809,60.1373],[25.06181,60.15249]]]}},{"type":"Feature","properties":{"nr":"00960"},"geometry":{"type":"Polygon","coordinates":[[[25.12173,60.21718],[25.15821,60.22912],[25.15107,60.23195],[25.12709,60.22487],[25.12173,60.21718]]]}},{"type":"Feature","properties":{"nr":"00870"},"geometry":{"type":"Polygon","coordinates":[[[25.06112,60.15899],[25.05495,60.16542],[25.03839,60.17461],[25.0346,60.16398],[25.06112,60.15899]]]}},{"type":"Feature","properties":{"nr":"00880"},"geometry":{"type":"Polygon","coordinates":[[[25.06531,60.20974],[25.0589,60.21476],[25.03557,60.19819],[25.04826,60.19485],[25.06698,60.20811],[25.06531,60.20974]]]}},{"type":"Feature","properties":{"nr":"00890"},"geometry":{"type":"Polygon","coordinates":[[[25.186,60.22573],[25.23143,60.25837],[25.24442,60.27477],[25.23249,60.30298],[25.19711,60.29077],[25.14236,60.26954],[25.13864,60.24502],[25.13824,60.24399],[25.15107,60.23195],[25.15821,60.22912],[25.186,60.22573]]]}},{"type":"Feature","properties":{"nr":"00900"},"geometry":{"type":"Polygon","coordinates":[[[25.09792,60.21652],[25.08191,60.22059],[25.06531,60.20974],[25.06698,60.20811],[25.08777,60.21352],[25.09792,60.21652]]]}},{"type":"Feature","properties":{"nr":"01180"},"geometry":{"type":"Polygon","coordinates":[[[25.44474,60.25646],[25.38384,60.26939],[25.37799,60.25551],[25.44474,60.25646]]]}},{"type":"Feature","properties":{"nr":"00930"},"geometry":{"type":"Polygon","coordinates":[[[25.06921,60.19864],[25.10042,60.2066],[25.08777,60.21352],[25.06698,60.20811],[25.06921,60.19864]]]}},{"type":"Feature","properties":{"nr":"00940"},"geometry":{"type":"Polygon","coordinates":[[[25.09588,60.22804],[25.10094,60.23107],[25.10661,60.24246],[25.08172,60.25011],[25.06572,60.24843],[25.04372,60.23761],[25.05283,60.23128],[25.09588,60.22804]]]}},{"type":"Feature","properties":{"nr":"00950"},"geometry":{"type":"Polygon","coordinates":[[[25.12709,60.22487],[25.10094,60.23107],[25.09588,60.22804],[25.08191,60.22059],[25.09792,60.21652],[25.11505,60.21277],[25.11877,60.21448],[25.12173,60.21718],[25.12709,60.22487]]]}},{"type":"Feature","properties":{"nr":"00970"},"geometry":{"type":"Polygon","coordinates":[[[25.13824,60.24399],[25.10661,60.24246],[25.10094,60.23107],[25.12709,60.22487],[25.15107,60.23195],[25.13824,60.24399]]]}},{"type":"Feature","properties":{"nr":"00980"},"geometry":{"type":"Polygon","coordinates":[[[25.15821,60.22912],[25.12173,60.21718],[25.11877,60.21448],[25.14823,60.20011],[25.18017,60.20873],[25.186,60.22573],[25.15821,60.22912]]]}},{"type":"Feature","properties":{"nr":"00990"},"geometry":{"type":"Polygon","coordinates":[[[25.14823,60.20011],[25.17466,60.19367],[25.18017,60.20873],[25.14823,60.20011]]]}},{"type":"Feature","properties":{"nr":"01120"},"geometry":{"type":"Polygon","coordinates":[[[25.28999,60.25586],[25.24442,60.27477],[25.23143,60.25837],[25.28999,60.25586]]]}},{"type":"Feature","properties":{"nr":"01150"},"geometry":{"type":"Polygon","coordinates":[[[25.45302,60.27134],[25.37265,60.29745],[25.32022,60.32797],[25.23249,60.30298],[25.24442,60.27477],[25.28999,60.25586],[25.38384,60.26939],[25.44474,60.25646],[25.44841,60.25775],[25.45302,60.27134]]]}},{"type":"Feature","properties":{"nr":"01190"},"geometry":{"type":"Polygon","coordinates":[[[25.45302,60.27134],[25.46645,60.29865],[25.46089,60.31514],[25.39057,60.34549],[25.32022,60.32797],[25.37265,60.29745],[25.45302,60.27134]]]}},{"type":"Feature","properties":{"nr":"01200"},"geometry":{"type":"Polygon","coordinates":[[[25.19711,60.29077],[25.1594,60.31064],[25.09133,60.28945],[25.08175,60.27614],[25.08646,60.27452],[25.12221,60.25505],[25.13864,60.24502],[25.14236,60.26954],[25.19711,60.29077]]]}},{"type":"Feature","properties":{"nr":"01230"},"geometry":{"type":"Polygon","coordinates":[[[25.08993,60.25653],[25.12221,60.25505],[25.08646,60.27452],[25.08401,60.26973],[25.08993,60.25653]]]}},{"type":"Feature","properties":{"nr":"01260"},"geometry":{"type":"Polygon","coordinates":[[[25.12976,60.31516],[25.10672,60.31392],[25.09917,60.30697],[25.09133,60.28945],[25.1594,60.31064],[25.13859,60.3147],[25.12976,60.31516]]]}},{"type":"Feature","properties":{"nr":"01600"},"geometry":{"type":"Polygon","coordinates":[[[24.86563,60.27252],[24.83643,60.27206],[24.83881,60.25905],[24.86087,60.25504],[24.86563,60.27252]]]}},{"type":"Feature","properties":{"nr":"01280"},"geometry":{"type":"Polygon","coordinates":[[[25.12221,60.25505],[25.08993,60.25653],[25.08172,60.25011],[25.10661,60.24246],[25.13824,60.24399],[25.13864,60.24502],[25.12221,60.25505]]]}},{"type":"Feature","properties":{"nr":"01300"},"geometry":{"type":"Polygon","coordinates":[[[25.04872,60.30248],[25.01594,60.30898],[25.01063,60.30643],[24.99887,60.28708],[25.01411,60.28711],[25.05696,60.28355],[25.05829,60.28793],[25.04872,60.30248]]]}},{"type":"Feature","properties":{"nr":"01340"},"geometry":{"type":"Polygon","coordinates":[[[25.03449,60.32565],[25.03666,60.32299],[25.04424,60.32158],[25.04337,60.32524],[25.03909,60.32699],[25.03449,60.32565]]]}},{"type":"Feature","properties":{"nr":"01610"},"geometry":{"type":"Polygon","coordinates":[[[24.86699,60.25337],[24.87895,60.25896],[24.89991,60.27113],[24.89311,60.27384],[24.8898,60.2738],[24.87003,60.27355],[24.86563,60.27252],[24.86087,60.25504],[24.86699,60.25337]]]}},{"type":"Feature","properties":{"nr":"01350"},"geometry":{"type":"Polygon","coordinates":[[[25.01594,60.30898],[25.04872,60.30248],[25.05678,60.30631],[25.02875,60.31905],[25.01594,60.30898]]]}},{"type":"Feature","properties":{"nr":"01360"},"geometry":{"type":"Polygon","coordinates":[[[25.08511,60.32193],[25.04086,60.32832],[25.03909,60.32699],[25.04337,60.32524],[25.04424,60.32158],[25.03666,60.32299],[25.03449,60.32565],[25.02875,60.31905],[25.05678,60.30631],[25.08665,60.30924],[25.09917,60.30697],[25.10672,60.31392],[25.08511,60.32193]]]}},{"type":"Feature","properties":{"nr":"01370"},"geometry":{"type":"Polygon","coordinates":[[[25.05829,60.28793],[25.08665,60.30924],[25.05678,60.30631],[25.04872,60.30248],[25.05829,60.28793]]]}},{"type":"Feature","properties":{"nr":"01380"},"geometry":{"type":"Polygon","coordinates":[[[25.08175,60.27614],[25.09133,60.28945],[25.09917,60.30697],[25.08665,60.30924],[25.05829,60.28793],[25.05696,60.28355],[25.05473,60.27891],[25.08175,60.27614]]]}},{"type":"Feature","properties":{"nr":"20960"},"geometry":{"type":"Polygon","coordinates":[[[22.29462,60.37707],[22.17768,60.36492],[22.17779,60.34073],[22.30484,60.35887],[22.29462,60.37707]]]}},{"type":"Feature","properties":{"nr":"01390"},"geometry":{"type":"Polygon","coordinates":[[[24.99097,60.30684],[25.01063,60.30643],[25.01594,60.30898],[25.02875,60.31905],[25.03449,60.32565],[25.03909,60.32699],[25.04086,60.32832],[25.04081,60.3402],[25.03227,60.34211],[24.98775,60.331],[24.99097,60.30684]]]}},{"type":"Feature","properties":{"nr":"01400"},"geometry":{"type":"Polygon","coordinates":[[[25.088,60.34225],[25.04081,60.3402],[25.04086,60.32832],[25.08511,60.32193],[25.12298,60.33301],[25.11223,60.33754],[25.088,60.34225]]]}},{"type":"Feature","properties":{"nr":"01420"},"geometry":{"type":"Polygon","coordinates":[[[25.12298,60.33301],[25.08511,60.32193],[25.10672,60.31392],[25.12976,60.31516],[25.12298,60.33301]]]}},{"type":"Feature","properties":{"nr":"01670"},"geometry":{"type":"Polygon","coordinates":[[[24.87003,60.27355],[24.8898,60.2738],[24.86497,60.29461],[24.8589,60.29122],[24.85568,60.28637],[24.87003,60.27355]]]}},{"type":"Feature","properties":{"nr":"01450"},"geometry":{"type":"Polygon","coordinates":[[[25.11387,60.36668],[25.06123,60.3778],[25.04705,60.37583],[25.02351,60.35369],[25.03227,60.34211],[25.04081,60.3402],[25.088,60.34225],[25.12185,60.35332],[25.12495,60.35863],[25.11387,60.36668]]]}},{"type":"Feature","properties":{"nr":"01480"},"geometry":{"type":"Polygon","coordinates":[[[25.11223,60.33754],[25.12185,60.35332],[25.088,60.34225],[25.11223,60.33754]]]}},{"type":"Feature","properties":{"nr":"01490"},"geometry":{"type":"Polygon","coordinates":[[[25.13859,60.3147],[25.13181,60.36156],[25.12495,60.35863],[25.12185,60.35332],[25.11223,60.33754],[25.12298,60.33301],[25.12976,60.31516],[25.13859,60.3147]]]}},{"type":"Feature","properties":{"nr":"01510"},"geometry":{"type":"Polygon","coordinates":[[[25.01063,60.30643],[24.99097,60.30684],[24.93411,60.29654],[24.93248,60.2908],[24.94643,60.27967],[24.97307,60.26916],[24.99887,60.28708],[25.01063,60.30643]]]}},{"type":"Feature","properties":{"nr":"01520"},"geometry":{"type":"Polygon","coordinates":[[[24.97307,60.26916],[24.94643,60.27967],[24.94656,60.27942],[24.97142,60.26557],[24.97221,60.26598],[24.97307,60.26916]]]}},{"type":"Feature","properties":{"nr":"01530"},"geometry":{"type":"Polygon","coordinates":[[[24.98775,60.331],[24.93933,60.33572],[24.90142,60.32743],[24.90439,60.31371],[24.93411,60.29654],[24.99097,60.30684],[24.98775,60.331]]]}},{"type":"Feature","properties":{"nr":"01620"},"geometry":{"type":"Polygon","coordinates":[[[24.84844,60.28796],[24.83142,60.28869],[24.83013,60.27526],[24.83187,60.27389],[24.83643,60.27206],[24.86563,60.27252],[24.87003,60.27355],[24.85568,60.28637],[24.84844,60.28796]]]}},{"type":"Feature","properties":{"nr":"01630"},"geometry":{"type":"Polygon","coordinates":[[[24.78219,60.26004],[24.80701,60.26656],[24.80628,60.27063],[24.79565,60.27678],[24.77189,60.26938],[24.76575,60.26435],[24.77449,60.26132],[24.78219,60.26004]]]}},{"type":"Feature","properties":{"nr":"01640"},"geometry":{"type":"Polygon","coordinates":[[[24.81123,60.26154],[24.78219,60.26004],[24.77449,60.26132],[24.78505,60.24532],[24.79205,60.24285],[24.82339,60.24843],[24.82684,60.24971],[24.82766,60.25325],[24.81123,60.26154]]]}},{"type":"Feature","properties":{"nr":"01650"},"geometry":{"type":"Polygon","coordinates":[[[24.82766,60.25325],[24.83889,60.2555],[24.83881,60.25905],[24.83643,60.27206],[24.83187,60.27389],[24.81075,60.2631],[24.81123,60.26154],[24.82766,60.25325]]]}},{"type":"Feature","properties":{"nr":"01660"},"geometry":{"type":"Polygon","coordinates":[[[24.83187,60.27389],[24.83013,60.27526],[24.80628,60.27063],[24.80701,60.26656],[24.81075,60.2631],[24.83187,60.27389]]]}},{"type":"Feature","properties":{"nr":"01680"},"geometry":{"type":"Polygon","coordinates":[[[24.79565,60.27678],[24.80871,60.29536],[24.79452,60.30887],[24.78108,60.30749],[24.76793,60.29141],[24.77189,60.26938],[24.79565,60.27678]]]}},{"type":"Feature","properties":{"nr":"01690"},"geometry":{"type":"Polygon","coordinates":[[[24.93248,60.2908],[24.89311,60.27384],[24.89991,60.27113],[24.90319,60.26921],[24.93324,60.27433],[24.94656,60.27942],[24.94643,60.27967],[24.93248,60.2908]]]}},{"type":"Feature","properties":{"nr":"01700"},"geometry":{"type":"Polygon","coordinates":[[[24.81561,60.31636],[24.84817,60.31204],[24.85302,60.33626],[24.81561,60.31636]]]}},{"type":"Feature","properties":{"nr":"01710"},"geometry":{"type":"Polygon","coordinates":[[[24.78219,60.26004],[24.81123,60.26154],[24.81075,60.2631],[24.80701,60.26656],[24.78219,60.26004]]]}},{"type":"Feature","properties":{"nr":"01720"},"geometry":{"type":"Polygon","coordinates":[[[24.80628,60.27063],[24.83013,60.27526],[24.83142,60.28869],[24.80871,60.29536],[24.79565,60.27678],[24.80628,60.27063]]]}},{"type":"Feature","properties":{"nr":"01730"},"geometry":{"type":"Polygon","coordinates":[[[24.85584,60.33726],[24.85302,60.33626],[24.84817,60.31204],[24.81561,60.31636],[24.79452,60.30887],[24.80871,60.29536],[24.83142,60.28869],[24.84844,60.28796],[24.8589,60.29122],[24.86497,60.29461],[24.90439,60.31371],[24.90142,60.32743],[24.85584,60.33726]]]}},{"type":"Feature","properties":{"nr":"01740"},"geometry":{"type":"Polygon","coordinates":[[[24.93411,60.29654],[24.90439,60.31371],[24.86497,60.29461],[24.8898,60.2738],[24.89311,60.27384],[24.93248,60.2908],[24.93411,60.29654]]]}},{"type":"Feature","properties":{"nr":"01750"},"geometry":{"type":"Polygon","coordinates":[[[24.85584,60.33726],[24.81541,60.37274],[24.7806,60.36199],[24.74587,60.33902],[24.78108,60.30749],[24.79452,60.30887],[24.81561,60.31636],[24.85302,60.33626],[24.85584,60.33726]]]}},{"type":"Feature","properties":{"nr":"02120"},"geometry":{"type":"Polygon","coordinates":[[[24.7974,60.16903],[24.78673,60.1785],[24.7848,60.16902],[24.78489,60.16894],[24.7974,60.16903]]]}},{"type":"Feature","properties":{"nr":"01760"},"geometry":{"type":"Polygon","coordinates":[[[24.93933,60.33572],[24.89227,60.37392],[24.8697,60.40318],[24.83294,60.39477],[24.81029,60.37971],[24.81541,60.37274],[24.85584,60.33726],[24.90142,60.32743],[24.93933,60.33572]]]}},{"type":"Feature","properties":{"nr":"01770"},"geometry":{"type":"Polygon","coordinates":[[[24.84844,60.28796],[24.85568,60.28637],[24.8589,60.29122],[24.84844,60.28796]]]}},{"type":"Feature","properties":{"nr":"01800"},"geometry":{"type":"Polygon","coordinates":[[[24.77019,60.39052],[24.7427,60.41189],[24.67451,60.40066],[24.70791,60.3556],[24.71907,60.34865],[24.7806,60.36199],[24.81541,60.37274],[24.81029,60.37971],[24.77019,60.39052]]]}},{"type":"Feature","properties":{"nr":"21100"},"geometry":{"type":"MultiPolygon","coordinates":[[[[22.07023,60.47412],[22.02757,60.47806],[22.02083,60.46233],[22.10445,60.44813],[22.07023,60.47412]]],[[[21.95795,60.47848],[21.94198,60.44713],[21.99214,60.42274],[22.07284,60.4419],[21.95795,60.47848]]]]}},{"type":"Feature","properties":{"nr":"01810"},"geometry":{"type":"Polygon","coordinates":[[[24.83294,60.39477],[24.81237,60.43508],[24.78964,60.42135],[24.77019,60.39052],[24.81029,60.37971],[24.83294,60.39477]]]}},{"type":"Feature","properties":{"nr":"01820"},"geometry":{"type":"Polygon","coordinates":[[[24.77019,60.39052],[24.78964,60.42135],[24.77005,60.42239],[24.7427,60.41189],[24.77019,60.39052]]]}},{"type":"Feature","properties":{"nr":"01830"},"geometry":{"type":"Polygon","coordinates":[[[24.67451,60.40066],[24.63521,60.43044],[24.57802,60.42582],[24.57616,60.40349],[24.61981,60.36041],[24.66225,60.3604],[24.70791,60.3556],[24.67451,60.40066]]]}},{"type":"Feature","properties":{"nr":"12210"},"geometry":{"type":"Polygon","coordinates":[[[24.88275,60.79192],[24.90942,60.76341],[24.97421,60.76825],[24.90532,60.80167],[24.88275,60.79192]]]}},{"type":"Feature","properties":{"nr":"01840"},"geometry":{"type":"Polygon","coordinates":[[[24.7806,60.36199],[24.71907,60.34865],[24.74587,60.33902],[24.7806,60.36199]]]}},{"type":"Feature","properties":{"nr":"01860"},"geometry":{"type":"Polygon","coordinates":[[[24.69482,60.48303],[24.66331,60.4692],[24.57176,60.46862],[24.57802,60.42582],[24.63521,60.43044],[24.67451,60.40066],[24.7427,60.41189],[24.77005,60.42239],[24.72766,60.48243],[24.69482,60.48303]]]}},{"type":"Feature","properties":{"nr":"01900"},"geometry":{"type":"Polygon","coordinates":[[[24.93609,60.47383],[24.90135,60.50315],[24.84655,60.51238],[24.7341,60.4978],[24.72766,60.48243],[24.77005,60.42239],[24.78964,60.42135],[24.81237,60.43508],[24.91725,60.44268],[24.93609,60.47383]]]}},{"type":"Feature","properties":{"nr":"01940"},"geometry":{"type":"Polygon","coordinates":[[[24.91725,60.44268],[24.81237,60.43508],[24.83294,60.39477],[24.8697,60.40318],[24.89584,60.42023],[24.91725,60.44268]]]}},{"type":"Feature","properties":{"nr":"02100"},"geometry":{"type":"MultiPolygon","coordinates":[[[[24.83072,60.16952],[24.82422,60.16982],[24.82042,60.1702],[24.82178,60.1685],[24.83297,60.16581],[24.83072,60.16952]]],[[[24.81044,60.1852],[24.78673,60.1785],[24.7974,60.16903],[24.81283,60.16887],[24.81676,60.17471],[24.81044,60.1852]]]]}},{"type":"Feature","properties":{"nr":"02110"},"geometry":{"type":"Polygon","coordinates":[[[24.82422,60.16982],[24.82922,60.17698],[24.81078,60.18534],[24.81044,60.1852],[24.81676,60.17471],[24.82042,60.1702],[24.82422,60.16982]]]}},{"type":"Feature","properties":{"nr":"02130"},"geometry":{"type":"Polygon","coordinates":[[[24.81537,60.1923],[24.78836,60.20131],[24.77408,60.18443],[24.78673,60.1785],[24.81044,60.1852],[24.81078,60.18534],[24.8181,60.19033],[24.81537,60.1923]]]}},{"type":"Feature","properties":{"nr":"02140"},"geometry":{"type":"Polygon","coordinates":[[[24.81815,60.19756],[24.78318,60.20719],[24.78836,60.20131],[24.81537,60.1923],[24.81815,60.19756]]]}},{"type":"Feature","properties":{"nr":"02170"},"geometry":{"type":"Polygon","coordinates":[[[24.78871,60.15636],[24.78489,60.16894],[24.7848,60.16902],[24.75541,60.16517],[24.77149,60.15589],[24.78871,60.15636]]]}},{"type":"Feature","properties":{"nr":"21140"},"geometry":{"type":"Polygon","coordinates":[[[21.98869,60.35797],[22.01217,60.38187],[21.90079,60.40502],[21.81686,60.38806],[21.92498,60.36114],[21.92364,60.34669],[21.98869,60.35797]]]}},{"type":"Feature","properties":{"nr":"02150"},"geometry":{"type":"Polygon","coordinates":[[[24.82422,60.16982],[24.83072,60.16952],[24.84063,60.18991],[24.8181,60.19033],[24.81078,60.18534],[24.82922,60.17698],[24.82422,60.16982]]]}},{"type":"Feature","properties":{"nr":"02180"},"geometry":{"type":"Polygon","coordinates":[[[24.78836,60.20131],[24.74791,60.2055],[24.74502,60.19223],[24.74908,60.18438],[24.77408,60.18443],[24.78836,60.20131]]]}},{"type":"Feature","properties":{"nr":"02200"},"geometry":{"type":"Polygon","coordinates":[[[24.77408,60.18443],[24.74908,60.18438],[24.74549,60.18187],[24.73414,60.16555],[24.73321,60.16327],[24.75541,60.16517],[24.7848,60.16902],[24.78673,60.1785],[24.77408,60.18443]]]}},{"type":"Feature","properties":{"nr":"02160"},"geometry":{"type":"Polygon","coordinates":[[[24.81283,60.16887],[24.7974,60.16903],[24.78489,60.16894],[24.78871,60.15636],[24.81283,60.16887]]]}},{"type":"Feature","properties":{"nr":"02210"},"geometry":{"type":"Polygon","coordinates":[[[24.71023,60.18331],[24.70368,60.18642],[24.69987,60.17192],[24.73414,60.16555],[24.74549,60.18187],[24.71023,60.18331]]]}},{"type":"Feature","properties":{"nr":"02230"},"geometry":{"type":"Polygon","coordinates":[[[24.77149,60.15589],[24.75541,60.16517],[24.73321,60.16327],[24.71528,60.16128],[24.7236,60.14897],[24.77149,60.15589]]]}},{"type":"Feature","properties":{"nr":"02240"},"geometry":{"type":"Polygon","coordinates":[[[24.73414,60.16555],[24.69987,60.17192],[24.70072,60.16999],[24.71528,60.16128],[24.73321,60.16327],[24.73414,60.16555]]]}},{"type":"Feature","properties":{"nr":"02250"},"geometry":{"type":"Polygon","coordinates":[[[24.74908,60.18438],[24.74502,60.19223],[24.71023,60.18331],[24.74549,60.18187],[24.74908,60.18438]]]}},{"type":"Feature","properties":{"nr":"02260"},"geometry":{"type":"Polygon","coordinates":[[[24.68723,60.13746],[24.71448,60.14471],[24.68461,60.15464],[24.68005,60.15283],[24.68723,60.13746]]]}},{"type":"Feature","properties":{"nr":"02270"},"geometry":{"type":"Polygon","coordinates":[[[24.70072,60.16999],[24.68277,60.1649],[24.68461,60.15464],[24.71448,60.14471],[24.7236,60.14897],[24.71528,60.16128],[24.70072,60.16999]]]}},{"type":"Feature","properties":{"nr":"02280"},"geometry":{"type":"Polygon","coordinates":[[[24.68277,60.1649],[24.70072,60.16999],[24.69987,60.17192],[24.70368,60.18642],[24.69644,60.19014],[24.68574,60.18973],[24.67927,60.18652],[24.66822,60.17339],[24.67619,60.16636],[24.68277,60.1649]]]}},{"type":"Feature","properties":{"nr":"02300"},"geometry":{"type":"Polygon","coordinates":[[[24.68277,60.1649],[24.67619,60.16636],[24.65505,60.15591],[24.66567,60.15323],[24.68005,60.15283],[24.68461,60.15464],[24.68277,60.1649]]]}},{"type":"Feature","properties":{"nr":"02410"},"geometry":{"type":"Polygon","coordinates":[[[24.452,60.1311],[24.45992,60.13442],[24.45053,60.14177],[24.44083,60.13502],[24.452,60.1311]]]}},{"type":"Feature","properties":{"nr":"02420"},"geometry":{"type":"Polygon","coordinates":[[[24.54281,60.14707],[24.49019,60.15062],[24.5029,60.12799],[24.56512,60.05466],[24.61724,60.08075],[24.59372,60.1149],[24.559,60.14329],[24.54281,60.14707]]]}},{"type":"Feature","properties":{"nr":"02320"},"geometry":{"type":"Polygon","coordinates":[[[24.65505,60.15591],[24.61574,60.15741],[24.65391,60.13981],[24.66567,60.15323],[24.65505,60.15591]]]}},{"type":"Feature","properties":{"nr":"02330"},"geometry":{"type":"Polygon","coordinates":[[[24.66822,60.17339],[24.63165,60.1774],[24.60118,60.16375],[24.61574,60.15741],[24.65505,60.15591],[24.67619,60.16636],[24.66822,60.17339]]]}},{"type":"Feature","properties":{"nr":"02340"},"geometry":{"type":"Polygon","coordinates":[[[24.67927,60.18652],[24.6405,60.18736],[24.63165,60.1774],[24.66822,60.17339],[24.67927,60.18652]]]}},{"type":"Feature","properties":{"nr":"13530"},"geometry":{"type":"Polygon","coordinates":[[[24.41178,60.99336],[24.41195,60.98573],[24.41824,60.9896],[24.41178,60.99336]]]}},{"type":"Feature","properties":{"nr":"02360"},"geometry":{"type":"Polygon","coordinates":[[[24.68005,60.15283],[24.66567,60.15323],[24.65391,60.13981],[24.69014,60.12799],[24.69523,60.13676],[24.68723,60.13746],[24.68005,60.15283]]]}},{"type":"Feature","properties":{"nr":"02380"},"geometry":{"type":"Polygon","coordinates":[[[24.72574,60.12162],[24.68675,60.11132],[24.7064,60.1064],[24.72574,60.12162]]]}},{"type":"Feature","properties":{"nr":"13600"},"geometry":{"type":"Polygon","coordinates":[[[24.43128,61.03472],[24.40417,61.02241],[24.4478,61.00373],[24.45679,61.00891],[24.43128,61.03472]]]}},{"type":"Feature","properties":{"nr":"02390"},"geometry":{"type":"Polygon","coordinates":[[[24.59372,60.1149],[24.62741,60.13658],[24.5918,60.15839],[24.559,60.14329],[24.59372,60.1149]]]}},{"type":"Feature","properties":{"nr":"02400"},"geometry":{"type":"Polygon","coordinates":[[[24.47883,60.18422],[24.45058,60.20487],[24.41821,60.1857],[24.3452,60.16285],[24.30417,60.14205],[24.30479,60.10492],[24.36171,60.10689],[24.46516,60.11613],[24.5029,60.12799],[24.49019,60.15062],[24.47883,60.18422]],[[24.452,60.1311],[24.44083,60.13502],[24.45053,60.14177],[24.45992,60.13442],[24.452,60.1311]]]}},{"type":"Feature","properties":{"nr":"02430"},"geometry":{"type":"Polygon","coordinates":[[[24.55479,60.16595],[24.49124,60.18308],[24.47883,60.18422],[24.49019,60.15062],[24.54281,60.14707],[24.55122,60.16144],[24.55479,60.16595]]]}},{"type":"Feature","properties":{"nr":"02440"},"geometry":{"type":"Polygon","coordinates":[[[24.55479,60.16595],[24.56587,60.17418],[24.54541,60.19221],[24.49124,60.18308],[24.55479,60.16595]]]}},{"type":"Feature","properties":{"nr":"02450"},"geometry":{"type":"Polygon","coordinates":[[[24.5918,60.15839],[24.55122,60.16144],[24.54281,60.14707],[24.559,60.14329],[24.5918,60.15839]]]}},{"type":"Feature","properties":{"nr":"02460"},"geometry":{"type":"Polygon","coordinates":[[[24.37856,60.08204],[24.3666,60.10494],[24.3692,60.08439],[24.37856,60.08204]]]}},{"type":"Feature","properties":{"nr":"02470"},"geometry":{"type":"Polygon","coordinates":[[[24.38073,60.02505],[24.35822,60.04416],[24.34789,60.02382],[24.38073,60.02505]]]}},{"type":"Feature","properties":{"nr":"02480"},"geometry":{"type":"Polygon","coordinates":[[[24.56512,60.05466],[24.5029,60.12799],[24.46516,60.11613],[24.36171,60.10689],[24.3666,60.10494],[24.37856,60.08204],[24.35822,60.04416],[24.38073,60.02505],[24.45894,59.98582],[24.51597,60.00684],[24.56512,60.05466]]]}},{"type":"Feature","properties":{"nr":"02520"},"geometry":{"type":"Polygon","coordinates":[[[24.48704,60.24719],[24.43511,60.22878],[24.39829,60.21281],[24.41821,60.1857],[24.45058,60.20487],[24.48821,60.22102],[24.48704,60.24719]]]}},{"type":"Feature","properties":{"nr":"21150"},"geometry":{"type":"Polygon","coordinates":[[[21.94838,60.31226],[21.89191,60.28839],[21.94956,60.27658],[21.94838,60.31226]]]}},{"type":"Feature","properties":{"nr":"02490"},"geometry":{"type":"Polygon","coordinates":[[[24.36171,60.10689],[24.30479,60.10492],[24.31086,60.08497],[24.3692,60.08439],[24.3666,60.10494],[24.36171,60.10689]]]}},{"type":"Feature","properties":{"nr":"02510"},"geometry":{"type":"Polygon","coordinates":[[[24.52743,60.22453],[24.48759,60.24732],[24.48704,60.24719],[24.48821,60.22102],[24.45058,60.20487],[24.47883,60.18422],[24.49124,60.18308],[24.54541,60.19221],[24.52743,60.22453]]]}},{"type":"Feature","properties":{"nr":"02540"},"geometry":{"type":"Polygon","coordinates":[[[24.43511,60.22878],[24.39325,60.26546],[24.34347,60.24679],[24.33914,60.24127],[24.39829,60.21281],[24.43511,60.22878]]]}},{"type":"Feature","properties":{"nr":"02550"},"geometry":{"type":"Polygon","coordinates":[[[24.41821,60.1857],[24.39829,60.21281],[24.33914,60.24127],[24.27401,60.19904],[24.3452,60.16285],[24.41821,60.1857]]]}},{"type":"Feature","properties":{"nr":"02570"},"geometry":{"type":"Polygon","coordinates":[[[24.29884,60.27565],[24.26767,60.27879],[24.22773,60.25661],[24.1539,60.2238],[24.13368,60.19731],[24.13856,60.16275],[24.15853,60.15292],[24.26809,60.15659],[24.27401,60.19904],[24.33914,60.24127],[24.34347,60.24679],[24.34212,60.25721],[24.29884,60.27565]]]}},{"type":"Feature","properties":{"nr":"02580"},"geometry":{"type":"Polygon","coordinates":[[[24.3452,60.16285],[24.27401,60.19904],[24.26809,60.15659],[24.15853,60.15292],[24.13856,60.16275],[24.09054,60.16217],[24.07105,60.14407],[24.13957,60.11588],[24.2119,60.1198],[24.27924,60.05784],[24.31086,60.08497],[24.30479,60.10492],[24.30417,60.14205],[24.3452,60.16285]]]}},{"type":"Feature","properties":{"nr":"02590"},"geometry":{"type":"Polygon","coordinates":[[[24.13856,60.16275],[24.13368,60.19731],[24.06245,60.18926],[24.09054,60.16217],[24.13856,60.16275]]]}},{"type":"Feature","properties":{"nr":"02600"},"geometry":{"type":"Polygon","coordinates":[[[24.83521,60.21887],[24.79675,60.2201],[24.78182,60.2116],[24.78318,60.20719],[24.81815,60.19756],[24.84575,60.20951],[24.84485,60.2107],[24.83521,60.21887]]]}},{"type":"Feature","properties":{"nr":"02610"},"geometry":{"type":"Polygon","coordinates":[[[24.79279,60.22767],[24.75344,60.22695],[24.74863,60.21512],[24.78182,60.2116],[24.79675,60.2201],[24.79279,60.22767]]]}},{"type":"Feature","properties":{"nr":"02620"},"geometry":{"type":"Polygon","coordinates":[[[24.79388,60.22849],[24.79205,60.24285],[24.78505,60.24532],[24.76153,60.24051],[24.75344,60.22695],[24.79279,60.22767],[24.79388,60.22849]]]}},{"type":"Feature","properties":{"nr":"02630"},"geometry":{"type":"Polygon","coordinates":[[[24.78182,60.2116],[24.74863,60.21512],[24.74782,60.2147],[24.74791,60.2055],[24.78836,60.20131],[24.78318,60.20719],[24.78182,60.2116]]]}},{"type":"Feature","properties":{"nr":"02650"},"geometry":{"type":"Polygon","coordinates":[[[24.83624,60.22901],[24.83707,60.23283],[24.82931,60.23203],[24.79388,60.22849],[24.79279,60.22767],[24.79675,60.2201],[24.83521,60.21887],[24.83624,60.22901]]]}},{"type":"Feature","properties":{"nr":"02660"},"geometry":{"type":"Polygon","coordinates":[[[24.82339,60.24843],[24.79205,60.24285],[24.79388,60.22849],[24.82931,60.23203],[24.82339,60.24843]]]}},{"type":"Feature","properties":{"nr":"02680"},"geometry":{"type":"Polygon","coordinates":[[[24.83707,60.23283],[24.82684,60.24971],[24.82339,60.24843],[24.82931,60.23203],[24.83707,60.23283]]]}},{"type":"Feature","properties":{"nr":"16310"},"geometry":{"type":"Polygon","coordinates":[[[25.65026,60.86079],[25.6482,60.8344],[25.7643,60.84561],[25.7721,60.88959],[25.77139,60.89003],[25.66314,60.87585],[25.65026,60.86079]]]}},{"type":"Feature","properties":{"nr":"02700"},"geometry":{"type":"Polygon","coordinates":[[[24.74414,60.21404],[24.71532,60.22562],[24.69395,60.2201],[24.6826,60.2142],[24.69575,60.20645],[24.74414,60.21404]]]}},{"type":"Feature","properties":{"nr":"02710"},"geometry":{"type":"Polygon","coordinates":[[[24.75344,60.22695],[24.76153,60.24051],[24.75846,60.24179],[24.73161,60.23343],[24.71532,60.22562],[24.74414,60.21404],[24.74782,60.2147],[24.74863,60.21512],[24.75344,60.22695]]]}},{"type":"Feature","properties":{"nr":"21160"},"geometry":{"type":"Polygon","coordinates":[[[21.92668,60.44668],[21.89732,60.47715],[21.81814,60.4842],[21.82167,60.44171],[21.85971,60.42293],[21.92668,60.44668]]]}},{"type":"Feature","properties":{"nr":"02720"},"geometry":{"type":"Polygon","coordinates":[[[24.75846,60.24179],[24.7425,60.24892],[24.7341,60.24817],[24.73161,60.23343],[24.75846,60.24179]]]}},{"type":"Feature","properties":{"nr":"02730"},"geometry":{"type":"Polygon","coordinates":[[[24.77449,60.26132],[24.76575,60.26435],[24.7425,60.24892],[24.75846,60.24179],[24.76153,60.24051],[24.78505,60.24532],[24.77449,60.26132]]]}},{"type":"Feature","properties":{"nr":"02740"},"geometry":{"type":"Polygon","coordinates":[[[24.69395,60.2201],[24.67382,60.23632],[24.67739,60.27876],[24.65811,60.30902],[24.65441,60.31154],[24.62708,60.30779],[24.61133,60.27504],[24.62732,60.23985],[24.64819,60.21977],[24.6782,60.21421],[24.6826,60.2142],[24.69395,60.2201]]]}},{"type":"Feature","properties":{"nr":"02750"},"geometry":{"type":"Polygon","coordinates":[[[24.74791,60.2055],[24.74782,60.2147],[24.74414,60.21404],[24.69575,60.20645],[24.69644,60.19014],[24.70368,60.18642],[24.71023,60.18331],[24.74502,60.19223],[24.74791,60.2055]]]}},{"type":"Feature","properties":{"nr":"02760"},"geometry":{"type":"Polygon","coordinates":[[[24.6782,60.21421],[24.68574,60.18973],[24.69644,60.19014],[24.69575,60.20645],[24.6826,60.2142],[24.6782,60.21421]]]}},{"type":"Feature","properties":{"nr":"02770"},"geometry":{"type":"Polygon","coordinates":[[[24.64819,60.21977],[24.61384,60.21115],[24.6405,60.18736],[24.67927,60.18652],[24.68574,60.18973],[24.6782,60.21421],[24.64819,60.21977]]]}},{"type":"Feature","properties":{"nr":"02780"},"geometry":{"type":"Polygon","coordinates":[[[24.61384,60.21115],[24.59773,60.2137],[24.52743,60.22453],[24.54541,60.19221],[24.56587,60.17418],[24.60118,60.16375],[24.63165,60.1774],[24.6405,60.18736],[24.61384,60.21115]]]}},{"type":"Feature","properties":{"nr":"21180"},"geometry":{"type":"Polygon","coordinates":[[[21.73803,60.4761],[21.80277,60.53997],[21.71008,60.51963],[21.70611,60.48209],[21.73803,60.4761]]]}},{"type":"Feature","properties":{"nr":"02810"},"geometry":{"type":"Polygon","coordinates":[[[24.64819,60.21977],[24.62732,60.23985],[24.59773,60.2137],[24.61384,60.21115],[24.64819,60.21977]]]}},{"type":"Feature","properties":{"nr":"02820"},"geometry":{"type":"Polygon","coordinates":[[[24.57401,60.32224],[24.49183,60.34701],[24.47802,60.30693],[24.49194,60.30079],[24.54031,60.29855],[24.55152,60.26364],[24.48839,60.26542],[24.48759,60.24732],[24.52743,60.22453],[24.59773,60.2137],[24.62732,60.23985],[24.61133,60.27504],[24.62708,60.30779],[24.57401,60.32224]]]}},{"type":"Feature","properties":{"nr":"02860"},"geometry":{"type":"Polygon","coordinates":[[[24.48839,60.26542],[24.55152,60.26364],[24.54031,60.29855],[24.49194,60.30079],[24.48839,60.26542]]]}},{"type":"Feature","properties":{"nr":"03790"},"geometry":{"type":"Polygon","coordinates":[[[24.4096,60.56479],[24.476,60.49882],[24.52994,60.48789],[24.61477,60.527],[24.61363,60.5433],[24.60542,60.55388],[24.56483,60.55914],[24.43604,60.55654],[24.4096,60.56479]]]}},{"type":"Feature","properties":{"nr":"02880"},"geometry":{"type":"Polygon","coordinates":[[[24.47802,60.30693],[24.43079,60.29863],[24.37573,60.28618],[24.34212,60.25721],[24.34347,60.24679],[24.39325,60.26546],[24.43511,60.22878],[24.48704,60.24719],[24.48759,60.24732],[24.48839,60.26542],[24.49194,60.30079],[24.47802,60.30693]]]}},{"type":"Feature","properties":{"nr":"02920"},"geometry":{"type":"Polygon","coordinates":[[[24.76793,60.29141],[24.71403,60.2998],[24.7341,60.24817],[24.7425,60.24892],[24.76575,60.26435],[24.77189,60.26938],[24.76793,60.29141]]]}},{"type":"Feature","properties":{"nr":"03810"},"geometry":{"type":"Polygon","coordinates":[[[24.08604,60.42773],[24.12521,60.41885],[24.16027,60.47714],[24.13517,60.52405],[24.03826,60.51372],[24.09765,60.46455],[24.08604,60.42773]]]}},{"type":"Feature","properties":{"nr":"02940"},"geometry":{"type":"Polygon","coordinates":[[[24.71403,60.2998],[24.65811,60.30902],[24.67739,60.27876],[24.67382,60.23632],[24.69395,60.2201],[24.71532,60.22562],[24.73161,60.23343],[24.7341,60.24817],[24.71403,60.2998]]]}},{"type":"Feature","properties":{"nr":"02970"},"geometry":{"type":"Polygon","coordinates":[[[24.78108,60.30749],[24.74587,60.33902],[24.71907,60.34865],[24.70791,60.3556],[24.66225,60.3604],[24.68153,60.34595],[24.65441,60.31154],[24.65811,60.30902],[24.71403,60.2998],[24.76793,60.29141],[24.78108,60.30749]]]}},{"type":"Feature","properties":{"nr":"02980"},"geometry":{"type":"Polygon","coordinates":[[[24.66225,60.3604],[24.61981,60.36041],[24.57714,60.3519],[24.57401,60.32224],[24.62708,60.30779],[24.65441,60.31154],[24.68153,60.34595],[24.66225,60.3604]]]}},{"type":"Feature","properties":{"nr":"03100"},"geometry":{"type":"Polygon","coordinates":[[[24.33439,60.38727],[24.20848,60.37037],[24.20051,60.32259],[24.26767,60.27879],[24.29884,60.27565],[24.31241,60.30551],[24.3717,60.32521],[24.40963,60.34315],[24.36217,60.35281],[24.33439,60.38727]]]}},{"type":"Feature","properties":{"nr":"03150"},"geometry":{"type":"Polygon","coordinates":[[[24.43079,60.29863],[24.3717,60.32521],[24.31241,60.30551],[24.29884,60.27565],[24.34212,60.25721],[24.37573,60.28618],[24.43079,60.29863]]]}},{"type":"Feature","properties":{"nr":"04390"},"geometry":{"type":"Polygon","coordinates":[[[24.99817,60.47153],[25.02013,60.49791],[24.97907,60.51759],[24.93977,60.47396],[24.95905,60.46845],[24.99817,60.47153]]]}},{"type":"Feature","properties":{"nr":"03220"},"geometry":{"type":"Polygon","coordinates":[[[24.3717,60.32521],[24.43079,60.29863],[24.47802,60.30693],[24.49183,60.34701],[24.4863,60.3607],[24.40963,60.34315],[24.3717,60.32521]]]}},{"type":"Feature","properties":{"nr":"03250"},"geometry":{"type":"Polygon","coordinates":[[[24.4863,60.3607],[24.44979,60.3978],[24.41038,60.40219],[24.33439,60.38727],[24.36217,60.35281],[24.40963,60.34315],[24.4863,60.3607]]]}},{"type":"Feature","properties":{"nr":"05470"},"geometry":{"type":"Polygon","coordinates":[[[24.91014,60.57213],[24.99346,60.58753],[24.98775,60.60675],[24.9211,60.60855],[24.9003,60.60706],[24.89603,60.58767],[24.91014,60.57213]]]}},{"type":"Feature","properties":{"nr":"03300"},"geometry":{"type":"Polygon","coordinates":[[[24.49903,60.4333],[24.42548,60.43371],[24.41038,60.40219],[24.44979,60.3978],[24.4863,60.3607],[24.49183,60.34701],[24.57401,60.32224],[24.57714,60.3519],[24.61981,60.36041],[24.57616,60.40349],[24.49903,60.4333]]]}},{"type":"Feature","properties":{"nr":"03320"},"geometry":{"type":"Polygon","coordinates":[[[24.49903,60.4333],[24.57616,60.40349],[24.57802,60.42582],[24.57176,60.46862],[24.54749,60.47029],[24.49903,60.4333]]]}},{"type":"Feature","properties":{"nr":"04150"},"geometry":{"type":"Polygon","coordinates":[[[25.17567,60.37904],[25.25914,60.38667],[25.26515,60.40312],[25.22411,60.4142],[25.17451,60.38285],[25.17567,60.37904]]]}},{"type":"Feature","properties":{"nr":"03400"},"geometry":{"type":"Polygon","coordinates":[[[24.20848,60.37037],[24.33439,60.38727],[24.41038,60.40219],[24.42548,60.43371],[24.49903,60.4333],[24.54749,60.47029],[24.52994,60.48789],[24.476,60.49882],[24.3469,60.48393],[24.33364,60.49489],[24.30558,60.47756],[24.25209,60.49855],[24.17892,60.47812],[24.21045,60.44775],[24.25458,60.43854],[24.19768,60.37417],[24.20848,60.37037]]]}},{"type":"Feature","properties":{"nr":"03430"},"geometry":{"type":"Polygon","coordinates":[[[24.19768,60.37417],[24.25458,60.43854],[24.21045,60.44775],[24.17892,60.47812],[24.16027,60.47714],[24.12521,60.41885],[24.12418,60.39973],[24.18281,60.37561],[24.19768,60.37417]]]}},{"type":"Feature","properties":{"nr":"21195"},"geometry":{"type":"Polygon","coordinates":[[[21.64115,60.43878],[21.60406,60.43626],[21.61545,60.40875],[21.6437,60.42942],[21.64115,60.43878]]]}},{"type":"Feature","properties":{"nr":"03600"},"geometry":{"type":"Polygon","coordinates":[[[24.28949,60.57237],[24.2374,60.61855],[24.08387,60.62913],[24.036,60.65432],[23.92573,60.64628],[23.98346,60.58999],[24.03732,60.58881],[24.06553,60.55815],[24.13517,60.52405],[24.16027,60.47714],[24.17892,60.47812],[24.25209,60.49855],[24.23991,60.54248],[24.29465,60.54786],[24.28949,60.57237]]]}},{"type":"Feature","properties":{"nr":"03620"},"geometry":{"type":"Polygon","coordinates":[[[24.37243,60.61375],[24.28949,60.57237],[24.29465,60.54786],[24.23991,60.54248],[24.25209,60.49855],[24.30558,60.47756],[24.33364,60.49489],[24.31864,60.5483],[24.39943,60.5673],[24.37243,60.61375]]]}},{"type":"Feature","properties":{"nr":"03710"},"geometry":{"type":"Polygon","coordinates":[[[24.33364,60.49489],[24.3469,60.48393],[24.476,60.49882],[24.4096,60.56479],[24.39943,60.5673],[24.31864,60.5483],[24.33364,60.49489]]]}},{"type":"Feature","properties":{"nr":"05510"},"geometry":{"type":"Polygon","coordinates":[[[25.07468,60.57388],[25.05994,60.62629],[24.98936,60.60713],[24.98775,60.60675],[24.99346,60.58753],[25.03501,60.57573],[25.07468,60.57388]]]}},{"type":"Feature","properties":{"nr":"03850"},"geometry":{"type":"Polygon","coordinates":[[[23.92573,60.64628],[23.88155,60.63616],[23.90011,60.56499],[23.85096,60.55289],[23.87176,60.50128],[23.88088,60.49309],[23.96462,60.47487],[23.97608,60.45221],[23.99598,60.43284],[24.03871,60.41472],[24.08604,60.42773],[24.09765,60.46455],[24.03826,60.51372],[24.13517,60.52405],[24.06553,60.55815],[24.03732,60.58881],[23.98346,60.58999],[23.92573,60.64628]]]}},{"type":"Feature","properties":{"nr":"03870"},"geometry":{"type":"Polygon","coordinates":[[[23.89679,60.44416],[23.97608,60.45221],[23.96462,60.47487],[23.88088,60.49309],[23.89679,60.44416]]]}},{"type":"Feature","properties":{"nr":"04130"},"geometry":{"type":"Polygon","coordinates":[[[25.40525,60.35423],[25.36678,60.37118],[25.36414,60.4065],[25.30734,60.43831],[25.26515,60.40312],[25.25914,60.38667],[25.17567,60.37904],[25.15493,60.37232],[25.13181,60.36156],[25.13859,60.3147],[25.1594,60.31064],[25.19711,60.29077],[25.23249,60.30298],[25.32022,60.32797],[25.39057,60.34549],[25.40525,60.35423]]]}},{"type":"Feature","properties":{"nr":"04170"},"geometry":{"type":"Polygon","coordinates":[[[25.23389,60.49469],[25.17064,60.49076],[25.17305,60.44835],[25.22411,60.4142],[25.26515,60.40312],[25.30734,60.43831],[25.29879,60.45181],[25.26731,60.47844],[25.23389,60.49469]]]}},{"type":"Feature","properties":{"nr":"04200"},"geometry":{"type":"Polygon","coordinates":[[[25.14892,60.4357],[25.11525,60.43142],[25.07672,60.41867],[25.07443,60.4167],[25.08456,60.39406],[25.10208,60.39096],[25.12537,60.40316],[25.15441,60.42952],[25.14892,60.4357]]]}},{"type":"Feature","properties":{"nr":"07590"},"geometry":{"type":"Polygon","coordinates":[[[25.71222,60.47907],[25.77453,60.52212],[25.7224,60.54534],[25.65407,60.53817],[25.6467,60.50788],[25.64995,60.49345],[25.67711,60.48569],[25.71222,60.47907]]]}},{"type":"Feature","properties":{"nr":"04220"},"geometry":{"type":"Polygon","coordinates":[[[25.15493,60.37232],[25.17567,60.37904],[25.17451,60.38285],[25.15441,60.42952],[25.12537,60.40316],[25.15493,60.37232]]]}},{"type":"Feature","properties":{"nr":"04230"},"geometry":{"type":"Polygon","coordinates":[[[25.07672,60.41867],[25.11525,60.43142],[25.11032,60.43356],[25.07461,60.4287],[25.07672,60.41867]]]}},{"type":"Feature","properties":{"nr":"04320"},"geometry":{"type":"Polygon","coordinates":[[[25.004,60.38854],[24.99246,60.381],[25.02351,60.35369],[25.04705,60.37583],[25.004,60.38854]]]}},{"type":"Feature","properties":{"nr":"04240"},"geometry":{"type":"Polygon","coordinates":[[[25.22411,60.4142],[25.17305,60.44835],[25.14892,60.4357],[25.15441,60.42952],[25.17451,60.38285],[25.22411,60.4142]]]}},{"type":"Feature","properties":{"nr":"04250"},"geometry":{"type":"Polygon","coordinates":[[[25.12537,60.40316],[25.10208,60.39096],[25.11387,60.36668],[25.12495,60.35863],[25.13181,60.36156],[25.15493,60.37232],[25.12537,60.40316]]]}},{"type":"Feature","properties":{"nr":"04260"},"geometry":{"type":"Polygon","coordinates":[[[25.10208,60.39096],[25.08456,60.39406],[25.06786,60.38953],[25.06123,60.3778],[25.11387,60.36668],[25.10208,60.39096]]]}},{"type":"Feature","properties":{"nr":"04300"},"geometry":{"type":"Polygon","coordinates":[[[24.99817,60.47153],[24.95905,60.46845],[24.96058,60.41345],[24.95701,60.39994],[25.004,60.38854],[25.04705,60.37583],[25.06123,60.3778],[25.06786,60.38953],[25.04971,60.39974],[25.05029,60.44261],[24.99817,60.47153]]]}},{"type":"Feature","properties":{"nr":"04310"},"geometry":{"type":"Polygon","coordinates":[[[25.04971,60.39974],[25.07443,60.4167],[25.07672,60.41867],[25.07461,60.4287],[25.05029,60.44261],[25.04971,60.39974]]]}},{"type":"Feature","properties":{"nr":"04330"},"geometry":{"type":"Polygon","coordinates":[[[25.004,60.38854],[24.95701,60.39994],[24.94769,60.38785],[24.99246,60.381],[25.004,60.38854]]]}},{"type":"Feature","properties":{"nr":"04340"},"geometry":{"type":"Polygon","coordinates":[[[25.07443,60.4167],[25.04971,60.39974],[25.06786,60.38953],[25.08456,60.39406],[25.07443,60.4167]]]}},{"type":"Feature","properties":{"nr":"04350"},"geometry":{"type":"Polygon","coordinates":[[[24.96058,60.41345],[24.89584,60.42023],[24.8697,60.40318],[24.89227,60.37392],[24.94769,60.38785],[24.95701,60.39994],[24.96058,60.41345]]]}},{"type":"Feature","properties":{"nr":"04360"},"geometry":{"type":"Polygon","coordinates":[[[24.99246,60.381],[24.94769,60.38785],[24.89227,60.37392],[24.93933,60.33572],[24.98775,60.331],[25.03227,60.34211],[25.02351,60.35369],[24.99246,60.381]]]}},{"type":"Feature","properties":{"nr":"04370"},"geometry":{"type":"Polygon","coordinates":[[[24.96058,60.41345],[24.95905,60.46845],[24.93977,60.47396],[24.93609,60.47383],[24.91725,60.44268],[24.89584,60.42023],[24.96058,60.41345]]]}},{"type":"Feature","properties":{"nr":"04380"},"geometry":{"type":"Polygon","coordinates":[[[25.08544,60.44585],[25.0504,60.48503],[25.039,60.512],[25.02013,60.49791],[24.99817,60.47153],[25.05029,60.44261],[25.07461,60.4287],[25.11032,60.43356],[25.11585,60.4441],[25.08544,60.44585]]]}},{"type":"Feature","properties":{"nr":"04400"},"geometry":{"type":"Polygon","coordinates":[[[25.06708,60.48615],[25.0504,60.48503],[25.08544,60.44585],[25.09909,60.4654],[25.09228,60.47357],[25.06708,60.48615]]]}},{"type":"Feature","properties":{"nr":"04410"},"geometry":{"type":"Polygon","coordinates":[[[25.13367,60.49648],[25.11927,60.50582],[25.09657,60.50022],[25.06708,60.48615],[25.09228,60.47357],[25.13367,60.49648]]]}},{"type":"Feature","properties":{"nr":"04420"},"geometry":{"type":"Polygon","coordinates":[[[25.08544,60.44585],[25.11585,60.4441],[25.09909,60.4654],[25.08544,60.44585]]]}},{"type":"Feature","properties":{"nr":"07750"},"geometry":{"type":"Polygon","coordinates":[[[25.93601,60.36363],[26.01104,60.34401],[26.02354,60.30413],[26.0796,60.30546],[26.11008,60.32425],[26.04287,60.37941],[26.00957,60.4264],[25.96042,60.41196],[25.93601,60.36363]]]}},{"type":"Feature","properties":{"nr":"04430"},"geometry":{"type":"Polygon","coordinates":[[[25.13367,60.49648],[25.09228,60.47357],[25.09909,60.4654],[25.11585,60.4441],[25.11032,60.43356],[25.11525,60.43142],[25.14892,60.4357],[25.17305,60.44835],[25.17064,60.49076],[25.13367,60.49648]]]}},{"type":"Feature","properties":{"nr":"04440"},"geometry":{"type":"Polygon","coordinates":[[[25.09657,60.50022],[25.05967,60.51266],[25.0492,60.52202],[25.039,60.512],[25.0504,60.48503],[25.06708,60.48615],[25.09657,60.50022]]]}},{"type":"Feature","properties":{"nr":"04460"},"geometry":{"type":"Polygon","coordinates":[[[25.10945,60.50769],[25.05967,60.51266],[25.09657,60.50022],[25.11927,60.50582],[25.10945,60.50769]]]}},{"type":"Feature","properties":{"nr":"04480"},"geometry":{"type":"Polygon","coordinates":[[[25.19642,60.5257],[25.20035,60.57107],[25.18589,60.55382],[25.15706,60.51251],[25.10945,60.50769],[25.11927,60.50582],[25.13367,60.49648],[25.17064,60.49076],[25.23389,60.49469],[25.19642,60.5257]]]}},{"type":"Feature","properties":{"nr":"04500"},"geometry":{"type":"Polygon","coordinates":[[[25.03501,60.57573],[25.03615,60.5599],[25.0492,60.52202],[25.05967,60.51266],[25.10945,60.50769],[25.15706,60.51251],[25.18589,60.55382],[25.12961,60.55056],[25.07468,60.57388],[25.03501,60.57573]]]}},{"type":"Feature","properties":{"nr":"04530"},"geometry":{"type":"Polygon","coordinates":[[[25.18589,60.55382],[25.20035,60.57107],[25.19038,60.58873],[25.15697,60.62079],[25.10791,60.63651],[25.05994,60.62629],[25.07468,60.57388],[25.12961,60.55056],[25.18589,60.55382]]]}},{"type":"Feature","properties":{"nr":"07780"},"geometry":{"type":"Polygon","coordinates":[[[25.9447,60.35275],[25.95487,60.30322],[25.9363,60.27157],[26.02599,60.27881],[25.99759,60.33594],[25.9447,60.35275]]]}},{"type":"Feature","properties":{"nr":"04600"},"geometry":{"type":"Polygon","coordinates":[[[25.34811,60.68079],[25.26354,60.62712],[25.24051,60.60147],[25.33455,60.61375],[25.41514,60.65537],[25.42061,60.67179],[25.41517,60.67503],[25.34811,60.68079]]]}},{"type":"Feature","properties":{"nr":"04620"},"geometry":{"type":"Polygon","coordinates":[[[25.26354,60.62712],[25.34811,60.68079],[25.33973,60.68475],[25.23053,60.65944],[25.26354,60.62712]]]}},{"type":"Feature","properties":{"nr":"04630"},"geometry":{"type":"Polygon","coordinates":[[[25.43567,60.64919],[25.42452,60.671],[25.42061,60.67179],[25.41514,60.65537],[25.33455,60.61375],[25.35437,60.57928],[25.43156,60.55493],[25.46667,60.54914],[25.50376,60.56028],[25.51299,60.57971],[25.49509,60.61043],[25.43567,60.64919]]]}},{"type":"Feature","properties":{"nr":"05810"},"geometry":{"type":"Polygon","coordinates":[[[24.9003,60.60706],[24.9211,60.60855],[24.88551,60.63275],[24.87122,60.6227],[24.88787,60.61277],[24.9003,60.60706]]]}},{"type":"Feature","properties":{"nr":"04660"},"geometry":{"type":"Polygon","coordinates":[[[25.33455,60.61375],[25.24051,60.60147],[25.19038,60.58873],[25.20035,60.57107],[25.19642,60.5257],[25.29285,60.54782],[25.40765,60.54233],[25.43156,60.55493],[25.35437,60.57928],[25.33455,60.61375]]]}},{"type":"Feature","properties":{"nr":"04680"},"geometry":{"type":"Polygon","coordinates":[[[25.23053,60.65944],[25.10814,60.6618],[25.10791,60.63651],[25.15697,60.62079],[25.19038,60.58873],[25.24051,60.60147],[25.26354,60.62712],[25.23053,60.65944]]]}},{"type":"Feature","properties":{"nr":"04740"},"geometry":{"type":"Polygon","coordinates":[[[25.32277,60.73051],[25.31741,60.75001],[25.29385,60.75987],[25.23472,60.7343],[25.14218,60.73318],[25.08304,60.70146],[25.07365,60.69559],[25.10814,60.6618],[25.23053,60.65944],[25.33973,60.68475],[25.32277,60.73051]]]}},{"type":"Feature","properties":{"nr":"04770"},"geometry":{"type":"Polygon","coordinates":[[[25.29385,60.75987],[25.2453,60.79365],[25.15367,60.78081],[25.14218,60.73318],[25.23472,60.7343],[25.29385,60.75987]]]}},{"type":"Feature","properties":{"nr":"04820"},"geometry":{"type":"Polygon","coordinates":[[[25.43019,60.71685],[25.32277,60.73051],[25.33973,60.68475],[25.34811,60.68079],[25.41517,60.67503],[25.43019,60.71685]]]}},{"type":"Feature","properties":{"nr":"04840"},"geometry":{"type":"Polygon","coordinates":[[[25.5347,60.73746],[25.48102,60.76574],[25.43958,60.74202],[25.43019,60.71685],[25.41517,60.67503],[25.42061,60.67179],[25.42452,60.671],[25.52048,60.7118],[25.5347,60.73746]]]}},{"type":"Feature","properties":{"nr":"04920"},"geometry":{"type":"Polygon","coordinates":[[[25.39747,60.76111],[25.33524,60.76082],[25.31741,60.75001],[25.32277,60.73051],[25.43019,60.71685],[25.43958,60.74202],[25.39747,60.76111]]]}},{"type":"Feature","properties":{"nr":"04940"},"geometry":{"type":"Polygon","coordinates":[[[25.43958,60.74202],[25.48102,60.76574],[25.48381,60.77526],[25.44156,60.79442],[25.39747,60.76111],[25.43958,60.74202]]]}},{"type":"Feature","properties":{"nr":"05850"},"geometry":{"type":"Polygon","coordinates":[[[24.82464,60.60884],[24.83216,60.6103],[24.82884,60.61177],[24.82464,60.60884]]]}},{"type":"Feature","properties":{"nr":"05100"},"geometry":{"type":"Polygon","coordinates":[[[24.66377,60.50904],[24.61363,60.5433],[24.61477,60.527],[24.52994,60.48789],[24.54749,60.47029],[24.57176,60.46862],[24.66331,60.4692],[24.69482,60.48303],[24.66377,60.50904]]]}},{"type":"Feature","properties":{"nr":"05200"},"geometry":{"type":"Polygon","coordinates":[[[24.8417,60.5467],[24.81584,60.53573],[24.74327,60.56336],[24.69143,60.56821],[24.60542,60.55388],[24.61363,60.5433],[24.66377,60.50904],[24.7341,60.4978],[24.84655,60.51238],[24.8417,60.5467]]]}},{"type":"Feature","properties":{"nr":"05250"},"geometry":{"type":"Polygon","coordinates":[[[24.69482,60.48303],[24.72766,60.48243],[24.7341,60.4978],[24.66377,60.50904],[24.69482,60.48303]]]}},{"type":"Feature","properties":{"nr":"05400"},"geometry":{"type":"Polygon","coordinates":[[[25.03501,60.57573],[24.99346,60.58753],[24.91014,60.57213],[24.91903,60.54025],[24.9743,60.52242],[25.03615,60.5599],[25.03501,60.57573]]]}},{"type":"Feature","properties":{"nr":"05430"},"geometry":{"type":"Polygon","coordinates":[[[25.02013,60.49791],[25.039,60.512],[25.0492,60.52202],[25.03615,60.5599],[24.9743,60.52242],[24.97907,60.51759],[25.02013,60.49791]]]}},{"type":"Feature","properties":{"nr":"05440"},"geometry":{"type":"Polygon","coordinates":[[[24.88478,60.58098],[24.89603,60.58767],[24.9003,60.60706],[24.88787,60.61277],[24.862,60.60163],[24.88478,60.58098]]]}},{"type":"Feature","properties":{"nr":"05450"},"geometry":{"type":"Polygon","coordinates":[[[24.91014,60.57213],[24.89603,60.58767],[24.88478,60.58098],[24.86843,60.56915],[24.8417,60.5467],[24.84655,60.51238],[24.90135,60.50315],[24.93609,60.47383],[24.93977,60.47396],[24.97907,60.51759],[24.9743,60.52242],[24.91903,60.54025],[24.91014,60.57213]]]}},{"type":"Feature","properties":{"nr":"05460"},"geometry":{"type":"Polygon","coordinates":[[[24.862,60.60163],[24.88787,60.61277],[24.87122,60.6227],[24.86872,60.62188],[24.85191,60.60223],[24.862,60.60163]]]}},{"type":"Feature","properties":{"nr":"21240"},"geometry":{"type":"Polygon","coordinates":[[[21.89885,60.54769],[21.9044,60.58697],[21.82476,60.58935],[21.82201,60.54425],[21.78212,60.50147],[21.78035,60.49689],[21.82305,60.49989],[21.87456,60.51499],[21.89885,60.54769]]]}},{"type":"Feature","properties":{"nr":"05620"},"geometry":{"type":"Polygon","coordinates":[[[24.74842,60.58887],[24.69143,60.56821],[24.74327,60.56336],[24.81584,60.53573],[24.8417,60.5467],[24.86843,60.56915],[24.74842,60.58887]]]}},{"type":"Feature","properties":{"nr":"05720"},"geometry":{"type":"Polygon","coordinates":[[[24.60542,60.55388],[24.69143,60.56821],[24.74842,60.58887],[24.7227,60.59973],[24.71494,60.64729],[24.65208,60.63721],[24.5812,60.64378],[24.56281,60.62892],[24.57954,60.58254],[24.56483,60.55914],[24.60542,60.55388]]]}},{"type":"Feature","properties":{"nr":"05800"},"geometry":{"type":"MultiPolygon","coordinates":[[[[24.80408,60.61728],[24.80778,60.62086],[24.82711,60.63789],[24.82672,60.63926],[24.78274,60.65741],[24.71494,60.64729],[24.7227,60.59973],[24.80408,60.61728]]],[[[24.88551,60.63275],[24.86929,60.64805],[24.90562,60.70025],[24.88298,60.71073],[24.88113,60.71016],[24.82315,60.69093],[24.82337,60.66244],[24.84466,60.64145],[24.8444,60.62614],[24.86872,60.62188],[24.87122,60.6227],[24.88551,60.63275]]]]}},{"type":"Feature","properties":{"nr":"05820"},"geometry":{"type":"Polygon","coordinates":[[[24.98218,60.68516],[24.96417,60.69962],[24.88298,60.71073],[24.90562,60.70025],[24.86929,60.64805],[24.88551,60.63275],[24.9211,60.60855],[24.98775,60.60675],[24.98936,60.60713],[24.95576,60.65905],[24.98218,60.68516]]]}},{"type":"Feature","properties":{"nr":"05830"},"geometry":{"type":"Polygon","coordinates":[[[24.83216,60.6103],[24.85191,60.60223],[24.86872,60.62188],[24.8444,60.62614],[24.83088,60.62719],[24.80778,60.62086],[24.80408,60.61728],[24.82464,60.60884],[24.82884,60.61177],[24.83216,60.6103]]]}},{"type":"Feature","properties":{"nr":"05840"},"geometry":{"type":"Polygon","coordinates":[[[24.86843,60.56915],[24.88478,60.58098],[24.862,60.60163],[24.85191,60.60223],[24.83216,60.6103],[24.82464,60.60884],[24.80408,60.61728],[24.7227,60.59973],[24.74842,60.58887],[24.86843,60.56915]]]}},{"type":"Feature","properties":{"nr":"05880"},"geometry":{"type":"Polygon","coordinates":[[[24.82672,60.63926],[24.84466,60.64145],[24.82337,60.66244],[24.80837,60.67464],[24.78274,60.65741],[24.82672,60.63926]]]}},{"type":"Feature","properties":{"nr":"05900"},"geometry":{"type":"Polygon","coordinates":[[[24.8444,60.62614],[24.84466,60.64145],[24.82672,60.63926],[24.82711,60.63789],[24.83088,60.62719],[24.8444,60.62614]]]}},{"type":"Feature","properties":{"nr":"05950"},"geometry":{"type":"Polygon","coordinates":[[[25.10814,60.6618],[25.07365,60.69559],[24.98218,60.68516],[24.95576,60.65905],[24.98936,60.60713],[25.05994,60.62629],[25.10791,60.63651],[25.10814,60.6618]]]}},{"type":"Feature","properties":{"nr":"06500"},"geometry":{"type":"Polygon","coordinates":[[[25.7075,60.44085],[25.71222,60.47907],[25.67711,60.48569],[25.64438,60.43784],[25.60987,60.43826],[25.59658,60.48461],[25.59524,60.48469],[25.55907,60.46314],[25.49679,60.4603],[25.4791,60.4382],[25.55921,60.37177],[25.5747,60.3673],[25.60906,60.38749],[25.68079,60.4201],[25.68655,60.42174],[25.7075,60.44085]]]}},{"type":"Feature","properties":{"nr":"06100"},"geometry":{"type":"Polygon","coordinates":[[[25.69237,60.37701],[25.68079,60.4201],[25.60906,60.38749],[25.6326,60.3864],[25.64938,60.36858],[25.65077,60.36804],[25.69237,60.37701]]]}},{"type":"Feature","properties":{"nr":"06150"},"geometry":{"type":"Polygon","coordinates":[[[25.69068,60.35977],[25.72758,60.37993],[25.68655,60.42174],[25.68079,60.4201],[25.69237,60.37701],[25.69068,60.35977]]]}},{"type":"Feature","properties":{"nr":"06200"},"geometry":{"type":"MultiPolygon","coordinates":[[[[25.91397,60.26764],[25.88932,60.28317],[25.87335,60.28213],[25.85774,60.27997],[25.86785,60.25344],[25.91397,60.26764]]],[[[25.85285,60.41228],[25.86379,60.4513],[25.86067,60.45241],[25.83521,60.44055],[25.82691,60.41122],[25.77004,60.39009],[25.73516,60.412],[25.7075,60.44085],[25.68655,60.42174],[25.72758,60.37993],[25.69068,60.35977],[25.72111,60.34117],[25.63544,60.33018],[25.67132,60.27644],[25.75993,60.2554],[25.78769,60.30013],[25.86439,60.30406],[25.88138,60.30951],[25.8737,60.33927],[25.91215,60.36626],[25.85285,60.41228]]]]}},{"type":"Feature","properties":{"nr":"06530"},"geometry":{"type":"Polygon","coordinates":[[[25.59658,60.48461],[25.60987,60.43826],[25.64438,60.43784],[25.67711,60.48569],[25.64995,60.49345],[25.59658,60.48461]]]}},{"type":"Feature","properties":{"nr":"07110"},"geometry":{"type":"Polygon","coordinates":[[[25.4791,60.4382],[25.44113,60.40842],[25.47982,60.37349],[25.55296,60.36703],[25.55921,60.37177],[25.4791,60.4382]]]}},{"type":"Feature","properties":{"nr":"06400"},"geometry":{"type":"Polygon","coordinates":[[[25.64938,60.36858],[25.6326,60.3864],[25.60485,60.35821],[25.60562,60.34284],[25.63615,60.35545],[25.64938,60.36858]]]}},{"type":"Feature","properties":{"nr":"06450"},"geometry":{"type":"Polygon","coordinates":[[[25.60485,60.35821],[25.6326,60.3864],[25.60906,60.38749],[25.5747,60.3673],[25.60485,60.35821]]]}},{"type":"Feature","properties":{"nr":"07870"},"geometry":{"type":"Polygon","coordinates":[[[26.19227,60.58559],[26.1601,60.58643],[26.12471,60.57296],[26.13029,60.54573],[26.17447,60.52109],[26.24165,60.51447],[26.31843,60.5273],[26.31946,60.53402],[26.19227,60.58559]]]}},{"type":"Feature","properties":{"nr":"06650"},"geometry":{"type":"Polygon","coordinates":[[[25.64938,60.36858],[25.63615,60.35545],[25.65077,60.36804],[25.64938,60.36858]]]}},{"type":"Feature","properties":{"nr":"06830"},"geometry":{"type":"Polygon","coordinates":[[[25.46089,60.31514],[25.51759,60.3268],[25.54549,60.33456],[25.55296,60.36703],[25.47982,60.37349],[25.40525,60.35423],[25.39057,60.34549],[25.46089,60.31514]]]}},{"type":"Feature","properties":{"nr":"07130"},"geometry":{"type":"Polygon","coordinates":[[[25.44113,60.40842],[25.36414,60.4065],[25.36678,60.37118],[25.40525,60.35423],[25.47982,60.37349],[25.44113,60.40842]]]}},{"type":"Feature","properties":{"nr":"06750"},"geometry":{"type":"Polygon","coordinates":[[[25.54549,60.33456],[25.60562,60.34284],[25.60485,60.35821],[25.5747,60.3673],[25.55921,60.37177],[25.55296,60.36703],[25.54549,60.33456]]]}},{"type":"Feature","properties":{"nr":"06850"},"geometry":{"type":"Polygon","coordinates":[[[25.54191,60.28944],[25.51759,60.3268],[25.46089,60.31514],[25.46645,60.29865],[25.54191,60.28944]]]}},{"type":"Feature","properties":{"nr":"06880"},"geometry":{"type":"Polygon","coordinates":[[[25.54191,60.28944],[25.46645,60.29865],[25.45302,60.27134],[25.44841,60.25775],[25.49225,60.24895],[25.54191,60.28944]]]}},{"type":"Feature","properties":{"nr":"06950"},"geometry":{"type":"Polygon","coordinates":[[[25.60525,60.30207],[25.57134,60.26452],[25.63582,60.22649],[25.67058,60.24842],[25.60525,60.30207]]]}},{"type":"Feature","properties":{"nr":"07800"},"geometry":{"type":"Polygon","coordinates":[[[26.19227,60.58559],[26.23658,60.61413],[26.2423,60.65182],[26.17953,60.66208],[26.15588,60.64598],[26.1601,60.58643],[26.19227,60.58559]]]}},{"type":"Feature","properties":{"nr":"07150"},"geometry":{"type":"Polygon","coordinates":[[[25.43407,60.47166],[25.36839,60.45556],[25.29879,60.45181],[25.30734,60.43831],[25.36414,60.4065],[25.44113,60.40842],[25.4791,60.4382],[25.49679,60.4603],[25.43407,60.47166]]]}},{"type":"Feature","properties":{"nr":"07170"},"geometry":{"type":"Polygon","coordinates":[[[25.29879,60.45181],[25.36839,60.45556],[25.43407,60.47166],[25.43251,60.49575],[25.41605,60.52994],[25.26731,60.47844],[25.29879,60.45181]]]}},{"type":"Feature","properties":{"nr":"07190"},"geometry":{"type":"Polygon","coordinates":[[[25.40765,60.54233],[25.29285,60.54782],[25.19642,60.5257],[25.23389,60.49469],[25.26731,60.47844],[25.41605,60.52994],[25.40765,60.54233]]]}},{"type":"Feature","properties":{"nr":"07810"},"geometry":{"type":"Polygon","coordinates":[[[26.12471,60.57296],[26.1601,60.58643],[26.15588,60.64598],[26.17953,60.66208],[26.16508,60.66725],[26.11434,60.66912],[26.06144,60.63582],[26.07759,60.62367],[26.09246,60.58657],[26.12471,60.57296]]]}},{"type":"Feature","properties":{"nr":"07220"},"geometry":{"type":"Polygon","coordinates":[[[25.49679,60.4603],[25.55907,60.46314],[25.59524,60.48469],[25.58673,60.48872],[25.48399,60.48479],[25.43251,60.49575],[25.43407,60.47166],[25.49679,60.4603]]]}},{"type":"Feature","properties":{"nr":"07230"},"geometry":{"type":"Polygon","coordinates":[[[25.46667,60.54914],[25.43156,60.55493],[25.40765,60.54233],[25.41605,60.52994],[25.43251,60.49575],[25.48399,60.48479],[25.58673,60.48872],[25.56484,60.52051],[25.52345,60.51293],[25.46667,60.54914]]]}},{"type":"Feature","properties":{"nr":"07280"},"geometry":{"type":"Polygon","coordinates":[[[25.73516,60.412],[25.83521,60.44055],[25.86067,60.45241],[25.80285,60.4855],[25.84888,60.52424],[25.84939,60.55266],[25.78544,60.54407],[25.77453,60.52212],[25.71222,60.47907],[25.7075,60.44085],[25.73516,60.412]]]}},{"type":"Feature","properties":{"nr":"07310"},"geometry":{"type":"Polygon","coordinates":[[[25.73516,60.412],[25.77004,60.39009],[25.82691,60.41122],[25.83521,60.44055],[25.73516,60.412]]]}},{"type":"Feature","properties":{"nr":"07320"},"geometry":{"type":"Polygon","coordinates":[[[25.96042,60.41196],[25.86379,60.4513],[25.85285,60.41228],[25.93601,60.36363],[25.96042,60.41196]]]}},{"type":"Feature","properties":{"nr":"07510"},"geometry":{"type":"Polygon","coordinates":[[[25.59658,60.48461],[25.64995,60.49345],[25.6467,60.50788],[25.58037,60.53246],[25.50376,60.56028],[25.46667,60.54914],[25.52345,60.51293],[25.56484,60.52051],[25.58673,60.48872],[25.59524,60.48469],[25.59658,60.48461]]]}},{"type":"Feature","properties":{"nr":"07350"},"geometry":{"type":"Polygon","coordinates":[[[25.88932,60.28317],[25.88138,60.30951],[25.86439,60.30406],[25.87335,60.28213],[25.88932,60.28317]]]}},{"type":"Feature","properties":{"nr":"07360"},"geometry":{"type":"Polygon","coordinates":[[[25.86785,60.25344],[25.92508,60.25319],[25.91397,60.26764],[25.86785,60.25344]]]}},{"type":"Feature","properties":{"nr":"07370"},"geometry":{"type":"Polygon","coordinates":[[[25.93014,60.23163],[25.90011,60.23231],[25.91553,60.2207],[25.93014,60.23163]]]}},{"type":"Feature","properties":{"nr":"07390"},"geometry":{"type":"Polygon","coordinates":[[[25.85719,60.2265],[25.8209,60.22767],[25.83406,60.19865],[25.87126,60.21684],[25.85719,60.2265]]]}},{"type":"Feature","properties":{"nr":"07820"},"geometry":{"type":"Polygon","coordinates":[[[26.06144,60.63582],[26.11434,60.66912],[26.06952,60.70269],[26.02832,60.71151],[25.94328,60.70863],[25.93019,60.64936],[26.06144,60.63582]]]}},{"type":"Feature","properties":{"nr":"07410"},"geometry":{"type":"Polygon","coordinates":[[[25.65686,60.33382],[25.69978,60.33901],[25.6694,60.35497],[25.65686,60.33382]]]}},{"type":"Feature","properties":{"nr":"07530"},"geometry":{"type":"Polygon","coordinates":[[[25.56278,60.61268],[25.51299,60.57971],[25.50376,60.56028],[25.58037,60.53246],[25.57588,60.54835],[25.63046,60.58615],[25.64273,60.59548],[25.56278,60.61268]]]}},{"type":"Feature","properties":{"nr":"07830"},"geometry":{"type":"Polygon","coordinates":[[[26.32894,60.64867],[26.3638,60.66385],[26.3124,60.68359],[26.21936,60.71476],[26.1774,60.70231],[26.16508,60.66725],[26.17953,60.66208],[26.2423,60.65182],[26.32894,60.64867]]]}},{"type":"Feature","properties":{"nr":"07450"},"geometry":{"type":"Polygon","coordinates":[[[25.86439,60.30406],[25.78769,60.30013],[25.85774,60.27997],[25.87335,60.28213],[25.86439,60.30406]]]}},{"type":"Feature","properties":{"nr":"07500"},"geometry":{"type":"Polygon","coordinates":[[[25.6467,60.50788],[25.65407,60.53817],[25.62238,60.55179],[25.63046,60.58615],[25.57588,60.54835],[25.58037,60.53246],[25.6467,60.50788]]]}},{"type":"Feature","properties":{"nr":"07550"},"geometry":{"type":"Polygon","coordinates":[[[25.56278,60.61268],[25.5565,60.62287],[25.43567,60.64919],[25.49509,60.61043],[25.51299,60.57971],[25.56278,60.61268]]]}},{"type":"Feature","properties":{"nr":"07560"},"geometry":{"type":"Polygon","coordinates":[[[25.52048,60.7118],[25.42452,60.671],[25.43567,60.64919],[25.5565,60.62287],[25.56278,60.61268],[25.64273,60.59548],[25.66414,60.61529],[25.68363,60.63623],[25.61114,60.6728],[25.52048,60.7118]]]}},{"type":"Feature","properties":{"nr":"07565"},"geometry":{"type":"Polygon","coordinates":[[[25.74451,60.6901],[25.71418,60.71512],[25.68411,60.69084],[25.61114,60.6728],[25.68363,60.63623],[25.7615,60.65147],[25.74451,60.6901]]]}},{"type":"Feature","properties":{"nr":"07580"},"geometry":{"type":"Polygon","coordinates":[[[25.62238,60.55179],[25.65407,60.53817],[25.7224,60.54534],[25.66192,60.56262],[25.62238,60.55179]]]}},{"type":"Feature","properties":{"nr":"21250"},"geometry":{"type":"Polygon","coordinates":[[[22.21766,60.59801],[22.15011,60.59778],[22.03369,60.56417],[21.96248,60.53407],[21.96254,60.50737],[22.01339,60.49005],[22.08236,60.51643],[22.12951,60.52822],[22.14584,60.53344],[22.16344,60.56118],[22.20638,60.57026],[22.21766,60.59801]]]}},{"type":"Feature","properties":{"nr":"07600"},"geometry":{"type":"Polygon","coordinates":[[[25.88467,60.73801],[25.82818,60.71238],[25.75703,60.71181],[25.74451,60.6901],[25.7615,60.65147],[25.80204,60.61663],[25.76696,60.5945],[25.8498,60.55309],[25.86898,60.55943],[25.93477,60.57604],[25.96498,60.59872],[25.93019,60.64936],[25.94328,60.70863],[25.90865,60.7357],[25.88467,60.73801]]]}},{"type":"Feature","properties":{"nr":"07680"},"geometry":{"type":"Polygon","coordinates":[[[25.77453,60.52212],[25.78544,60.54407],[25.84939,60.55266],[25.8498,60.55309],[25.76696,60.5945],[25.66414,60.61529],[25.64273,60.59548],[25.63046,60.58615],[25.62238,60.55179],[25.66192,60.56262],[25.7224,60.54534],[25.77453,60.52212]]]}},{"type":"Feature","properties":{"nr":"07690"},"geometry":{"type":"Polygon","coordinates":[[[25.76696,60.5945],[25.80204,60.61663],[25.7615,60.65147],[25.68363,60.63623],[25.66414,60.61529],[25.76696,60.5945]]]}},{"type":"Feature","properties":{"nr":"07840"},"geometry":{"type":"Polygon","coordinates":[[[26.32186,60.58745],[26.36849,60.60298],[26.32894,60.64867],[26.2423,60.65182],[26.23658,60.61413],[26.28238,60.61277],[26.32186,60.58745]]]}},{"type":"Feature","properties":{"nr":"07850"},"geometry":{"type":"Polygon","coordinates":[[[26.31946,60.53402],[26.35034,60.55369],[26.32186,60.58745],[26.28238,60.61277],[26.23658,60.61413],[26.19227,60.58559],[26.31946,60.53402]]]}},{"type":"Feature","properties":{"nr":"07700"},"geometry":{"type":"Polygon","coordinates":[[[25.97635,60.47905],[26.0043,60.50157],[25.99386,60.52092],[25.92636,60.52912],[25.86898,60.55943],[25.8498,60.55309],[25.84939,60.55266],[25.84888,60.52424],[25.91667,60.48701],[25.97635,60.47905]]]}},{"type":"Feature","properties":{"nr":"07720"},"geometry":{"type":"Polygon","coordinates":[[[25.99386,60.52092],[25.97704,60.55698],[25.93477,60.57604],[25.86898,60.55943],[25.92636,60.52912],[25.99386,60.52092]]]}},{"type":"Feature","properties":{"nr":"07740"},"geometry":{"type":"Polygon","coordinates":[[[26.00957,60.4264],[25.9699,60.47643],[25.91667,60.48701],[25.84888,60.52424],[25.80285,60.4855],[25.86067,60.45241],[25.86379,60.4513],[25.96042,60.41196],[26.00957,60.4264]]]}},{"type":"Feature","properties":{"nr":"07880"},"geometry":{"type":"Polygon","coordinates":[[[26.12471,60.57296],[26.09246,60.58657],[26.07759,60.62367],[26.0385,60.5984],[25.96498,60.59872],[25.93477,60.57604],[25.97704,60.55698],[25.99386,60.52092],[26.0043,60.50157],[26.06185,60.49033],[26.0874,60.49833],[26.13702,60.52414],[26.13029,60.54573],[26.12471,60.57296]]]}},{"type":"Feature","properties":{"nr":"07890"},"geometry":{"type":"Polygon","coordinates":[[[25.96498,60.59872],[26.0385,60.5984],[26.07759,60.62367],[26.06144,60.63582],[25.93019,60.64936],[25.96498,60.59872]]]}},{"type":"Feature","properties":{"nr":"07900"},"geometry":{"type":"MultiPolygon","coordinates":[[[[26.4028,60.42264],[26.3636,60.44972],[26.28972,60.44583],[26.26894,60.43378],[26.33485,60.3968],[26.4028,60.42264]]],[[[26.24472,60.48145],[26.16677,60.46585],[26.13156,60.49236],[26.0874,60.49833],[26.06185,60.49033],[26.10552,60.40915],[26.15713,60.37697],[26.20724,60.37157],[26.22611,60.3957],[26.2487,60.42388],[26.23774,60.43438],[26.21695,60.43894],[26.23714,60.44827],[26.23785,60.45966],[26.24472,60.48145]]]]}},{"type":"Feature","properties":{"nr":"07910"},"geometry":{"type":"Polygon","coordinates":[[[26.18346,60.34922],[26.19485,60.31873],[26.23723,60.33314],[26.18346,60.34922]]]}},{"type":"Feature","properties":{"nr":"07945"},"geometry":{"type":"Polygon","coordinates":[[[26.26179,60.49237],[26.24165,60.51447],[26.17447,60.52109],[26.13029,60.54573],[26.13702,60.52414],[26.0874,60.49833],[26.13156,60.49236],[26.16677,60.46585],[26.24472,60.48145],[26.26179,60.49237]]]}},{"type":"Feature","properties":{"nr":"21500"},"geometry":{"type":"Polygon","coordinates":[[[22.56659,60.48567],[22.49094,60.46699],[22.43247,60.42823],[22.44663,60.40973],[22.50353,60.41491],[22.47265,60.39194],[22.49668,60.3824],[22.60544,60.38459],[22.60189,60.43443],[22.56659,60.48567]]]}},{"type":"Feature","properties":{"nr":"07920"},"geometry":{"type":"Polygon","coordinates":[[[26.23714,60.44827],[26.21695,60.43894],[26.23774,60.43438],[26.23714,60.44827]]]}},{"type":"Feature","properties":{"nr":"07930"},"geometry":{"type":"Polygon","coordinates":[[[26.10552,60.40915],[26.06185,60.49033],[26.0043,60.50157],[25.97635,60.47905],[26.03532,60.43286],[26.10552,60.40915]]]}},{"type":"Feature","properties":{"nr":"07940"},"geometry":{"type":"Polygon","coordinates":[[[26.26894,60.43378],[26.28972,60.44583],[26.26179,60.49237],[26.24472,60.48145],[26.23785,60.45966],[26.26894,60.43378]]]}},{"type":"Feature","properties":{"nr":"07955"},"geometry":{"type":"Polygon","coordinates":[[[26.38473,60.50671],[26.31843,60.5273],[26.24165,60.51447],[26.26179,60.49237],[26.28972,60.44583],[26.3636,60.44972],[26.4028,60.42264],[26.45434,60.41878],[26.45287,60.45197],[26.41792,60.46114],[26.38473,60.50671]]]}},{"type":"Feature","properties":{"nr":"07960"},"geometry":{"type":"Polygon","coordinates":[[[26.46247,60.4877],[26.46661,60.51014],[26.38473,60.50671],[26.41792,60.46114],[26.45287,60.45197],[26.46247,60.4877]]]}},{"type":"Feature","properties":{"nr":"07970"},"geometry":{"type":"Polygon","coordinates":[[[26.49706,60.54257],[26.45124,60.55641],[26.35034,60.55369],[26.31946,60.53402],[26.31843,60.5273],[26.38473,60.50671],[26.46661,60.51014],[26.49706,60.54257]]]}},{"type":"Feature","properties":{"nr":"07980"},"geometry":{"type":"Polygon","coordinates":[[[26.49706,60.54257],[26.544,60.57309],[26.55248,60.58643],[26.50168,60.59963],[26.36849,60.60298],[26.32186,60.58745],[26.35034,60.55369],[26.45124,60.55641],[26.49706,60.54257]]]}},{"type":"Feature","properties":{"nr":"21570"},"geometry":{"type":"Polygon","coordinates":[[[22.81836,60.37169],[22.78666,60.36893],[22.73123,60.39741],[22.69863,60.36657],[22.60418,60.3716],[22.53938,60.3214],[22.61802,60.2916],[22.62146,60.28874],[22.67607,60.24343],[22.79363,60.25712],[22.87924,60.30747],[22.85161,60.3329],[22.81836,60.37169]]]}},{"type":"Feature","properties":{"nr":"07990"},"geometry":{"type":"Polygon","coordinates":[[[26.55248,60.58643],[26.53355,60.636],[26.51568,60.63724],[26.4625,60.63389],[26.41494,60.65488],[26.3638,60.66385],[26.32894,60.64867],[26.36849,60.60298],[26.50168,60.59963],[26.55248,60.58643]]]}},{"type":"Feature","properties":{"nr":"08100"},"geometry":{"type":"MultiPolygon","coordinates":[[[[24.07594,60.27071],[24.04419,60.26369],[23.98531,60.2514],[24.00329,60.23701],[24.04621,60.23307],[24.09975,60.25834],[24.07594,60.27071]]],[[[24.1539,60.2238],[24.11944,60.24643],[24.0553,60.21971],[24.06245,60.18926],[24.13368,60.19731],[24.1539,60.2238]]],[[[24.00116,60.28574],[23.98707,60.30124],[23.88388,60.2852],[23.82489,60.27023],[23.799,60.24374],[23.93996,60.24996],[23.93246,60.26592],[24.00116,60.28574]]]]}},{"type":"Feature","properties":{"nr":"08150"},"geometry":{"type":"Polygon","coordinates":[[[24.11944,60.24643],[24.09975,60.25834],[24.04621,60.23307],[24.0553,60.21971],[24.11944,60.24643]]]}},{"type":"Feature","properties":{"nr":"08200"},"geometry":{"type":"Polygon","coordinates":[[[24.04621,60.23307],[24.00329,60.23701],[24.0553,60.21971],[24.04621,60.23307]]]}},{"type":"Feature","properties":{"nr":"08350"},"geometry":{"type":"Polygon","coordinates":[[[24.04419,60.26369],[24.07594,60.27071],[24.05478,60.32345],[24.04272,60.31818],[24.03827,60.32506],[24.03733,60.32602],[24.01044,60.317],[23.98707,60.30124],[24.00116,60.28574],[24.04419,60.26369]]]}},{"type":"Feature","properties":{"nr":"08360"},"geometry":{"type":"Polygon","coordinates":[[[24.03827,60.32506],[24.04272,60.31818],[24.05478,60.32345],[24.03827,60.32506]]]}},{"type":"Feature","properties":{"nr":"08450"},"geometry":{"type":"Polygon","coordinates":[[[23.95525,60.24222],[23.98531,60.2514],[24.04419,60.26369],[24.00116,60.28574],[23.93246,60.26592],[23.93996,60.24996],[23.95525,60.24222]]]}},{"type":"Feature","properties":{"nr":"08480"},"geometry":{"type":"Polygon","coordinates":[[[23.88388,60.2852],[23.98707,60.30124],[24.01044,60.317],[23.96992,60.31982],[23.9343,60.32464],[23.88388,60.2852]]]}},{"type":"Feature","properties":{"nr":"08500"},"geometry":{"type":"Polygon","coordinates":[[[24.20051,60.32259],[24.20848,60.37037],[24.19768,60.37417],[24.18281,60.37561],[24.08043,60.3567],[24.03733,60.32602],[24.03827,60.32506],[24.05478,60.32345],[24.07594,60.27071],[24.09975,60.25834],[24.11944,60.24643],[24.1539,60.2238],[24.22773,60.25661],[24.16076,60.29137],[24.20051,60.32259]]]}},{"type":"Feature","properties":{"nr":"08680"},"geometry":{"type":"Polygon","coordinates":[[[24.20051,60.32259],[24.16076,60.29137],[24.22773,60.25661],[24.26767,60.27879],[24.20051,60.32259]]]}},{"type":"Feature","properties":{"nr":"09520"},"geometry":{"type":"Polygon","coordinates":[[[24.08043,60.3567],[24.06365,60.37522],[24.02509,60.36536],[23.96992,60.31982],[24.01044,60.317],[24.03733,60.32602],[24.08043,60.3567]]]}},{"type":"Feature","properties":{"nr":"08700"},"geometry":{"type":"Polygon","coordinates":[[[24.0553,60.21971],[24.00329,60.23701],[23.98531,60.2514],[23.95525,60.24222],[23.98442,60.18446],[23.95721,60.13358],[24.06625,60.14284],[24.07105,60.14407],[24.09054,60.16217],[24.06245,60.18926],[24.0553,60.21971]]]}},{"type":"Feature","properties":{"nr":"08800"},"geometry":{"type":"Polygon","coordinates":[[[23.93996,60.24996],[23.799,60.24374],[23.77547,60.23791],[23.7729,60.1894],[23.85373,60.20934],[23.8998,60.19617],[23.9151,60.12976],[23.95721,60.13358],[23.98442,60.18446],[23.95525,60.24222],[23.93996,60.24996]]]}},{"type":"Feature","properties":{"nr":"10250"},"geometry":{"type":"Polygon","coordinates":[[[23.86139,60.04197],[23.79558,60.03477],[23.77464,60.02353],[23.7621,60.00452],[23.83386,59.99237],[23.87715,60.02034],[23.86139,60.04197]]]}},{"type":"Feature","properties":{"nr":"10270"},"geometry":{"type":"Polygon","coordinates":[[[23.8671,59.99125],[23.85385,59.99346],[23.83387,59.95679],[23.87811,59.97788],[23.8671,59.99125]]]}},{"type":"Feature","properties":{"nr":"09120"},"geometry":{"type":"Polygon","coordinates":[[[23.82489,60.27023],[23.77903,60.28801],[23.77363,60.3213],[23.73565,60.3241],[23.68678,60.29323],[23.62665,60.28591],[23.64056,60.20577],[23.61378,60.18965],[23.62653,60.16177],[23.68277,60.17097],[23.71621,60.20786],[23.7729,60.1894],[23.77547,60.23791],[23.799,60.24374],[23.82489,60.27023]]]}},{"type":"Feature","properties":{"nr":"09220"},"geometry":{"type":"Polygon","coordinates":[[[23.9343,60.32464],[23.8904,60.35827],[23.79855,60.38604],[23.73215,60.35465],[23.73565,60.3241],[23.77363,60.3213],[23.77903,60.28801],[23.82489,60.27023],[23.88388,60.2852],[23.9343,60.32464]]]}},{"type":"Feature","properties":{"nr":"09430"},"geometry":{"type":"Polygon","coordinates":[[[24.03871,60.41472],[23.99598,60.43284],[23.93839,60.41261],[23.8904,60.35827],[23.9343,60.32464],[23.96992,60.31982],[24.02509,60.36536],[24.06365,60.37522],[24.03871,60.41472]]]}},{"type":"Feature","properties":{"nr":"09630"},"geometry":{"type":"Polygon","coordinates":[[[24.12521,60.41885],[24.08604,60.42773],[24.03871,60.41472],[24.06365,60.37522],[24.08043,60.3567],[24.18281,60.37561],[24.12418,60.39973],[24.12521,60.41885]]]}},{"type":"Feature","properties":{"nr":"09810"},"geometry":{"type":"Polygon","coordinates":[[[23.8904,60.35827],[23.93839,60.41261],[23.99598,60.43284],[23.97608,60.45221],[23.89679,60.44416],[23.8002,60.42312],[23.78245,60.39875],[23.79855,60.38604],[23.8904,60.35827]]]}},{"type":"Feature","properties":{"nr":"09930"},"geometry":{"type":"Polygon","coordinates":[[[23.87176,60.50128],[23.71604,60.49145],[23.70986,60.44389],[23.77109,60.44237],[23.8002,60.42312],[23.89679,60.44416],[23.88088,60.49309],[23.87176,60.50128]]]}},{"type":"Feature","properties":{"nr":"21590"},"geometry":{"type":"MultiPolygon","coordinates":[[[[22.61802,60.2916],[22.53938,60.3214],[22.47036,60.28142],[22.49839,60.25389],[22.61802,60.2916]]],[[[22.62146,60.28874],[22.56359,60.26941],[22.58432,60.24123],[22.67607,60.24343],[22.62146,60.28874]]]]}},{"type":"Feature","properties":{"nr":"10120"},"geometry":{"type":"Polygon","coordinates":[[[24.12513,60.08894],[24.05575,60.10825],[24.06625,60.14284],[23.95721,60.13358],[23.9151,60.12976],[23.94389,60.11468],[23.98574,60.07693],[24.11676,60.06077],[24.12513,60.08894]]]}},{"type":"Feature","properties":{"nr":"10140"},"geometry":{"type":"Polygon","coordinates":[[[24.12513,60.08894],[24.13957,60.11588],[24.07105,60.14407],[24.06625,60.14284],[24.05575,60.10825],[24.12513,60.08894]]]}},{"type":"Feature","properties":{"nr":"10160"},"geometry":{"type":"Polygon","coordinates":[[[24.27924,60.05784],[24.2119,60.1198],[24.13957,60.11588],[24.12513,60.08894],[24.11676,60.06077],[24.12321,60.04208],[24.16243,60.04966],[24.25985,60.04428],[24.27924,60.05784]]]}},{"type":"Feature","properties":{"nr":"10210"},"geometry":{"type":"Polygon","coordinates":[[[24.11676,60.06077],[23.98574,60.07693],[23.95232,60.05121],[23.86893,60.05011],[23.86139,60.04197],[23.87715,60.02034],[23.96303,60.01203],[24.02014,60.03668],[24.11584,60.02755],[24.12321,60.04208],[24.11676,60.06077]]]}},{"type":"Feature","properties":{"nr":"10230"},"geometry":{"type":"Polygon","coordinates":[[[23.98574,60.07693],[23.94389,60.11468],[23.89004,60.09512],[23.8192,60.10107],[23.83486,60.08909],[23.86893,60.05011],[23.95232,60.05121],[23.98574,60.07693]]]}},{"type":"Feature","properties":{"nr":"10300"},"geometry":{"type":"Polygon","coordinates":[[[23.68277,60.17097],[23.62653,60.16177],[23.62984,60.15424],[23.6273,60.12765],[23.64239,60.10963],[23.6102,60.07315],[23.55722,60.07598],[23.53802,60.07864],[23.5353,60.05951],[23.61402,60.01138],[23.77464,60.02353],[23.79558,60.03477],[23.77517,60.07684],[23.83486,60.08909],[23.8192,60.10107],[23.81428,60.10934],[23.78975,60.10766],[23.80413,60.1199],[23.77302,60.16705],[23.68277,60.17097]],[[23.66259,60.06574],[23.64806,60.04537],[23.62097,60.05982],[23.66259,60.06574]]]}},{"type":"Feature","properties":{"nr":"10320"},"geometry":{"type":"Polygon","coordinates":[[[23.66259,60.06574],[23.62097,60.05982],[23.64806,60.04537],[23.66259,60.06574]]]}},{"type":"Feature","properties":{"nr":"10330"},"geometry":{"type":"Polygon","coordinates":[[[23.55722,60.07598],[23.6102,60.07315],[23.64239,60.10963],[23.61278,60.10757],[23.55722,60.07598]]]}},{"type":"Feature","properties":{"nr":"10350"},"geometry":{"type":"Polygon","coordinates":[[[23.80413,60.1199],[23.78975,60.10766],[23.81428,60.10934],[23.80413,60.1199]]]}},{"type":"Feature","properties":{"nr":"10360"},"geometry":{"type":"Polygon","coordinates":[[[23.7729,60.1894],[23.71621,60.20786],[23.68277,60.17097],[23.77302,60.16705],[23.80413,60.1199],[23.81428,60.10934],[23.8192,60.10107],[23.89004,60.09512],[23.94389,60.11468],[23.9151,60.12976],[23.8998,60.19617],[23.85373,60.20934],[23.7729,60.1894]]]}},{"type":"Feature","properties":{"nr":"10380"},"geometry":{"type":"Polygon","coordinates":[[[23.79558,60.03477],[23.86139,60.04197],[23.86893,60.05011],[23.83486,60.08909],[23.77517,60.07684],[23.79558,60.03477]]]}},{"type":"Feature","properties":{"nr":"22150"},"geometry":{"type":"Polygon","coordinates":[[[19.96509,60.19904],[19.93794,60.20993],[19.88736,60.19046],[19.89879,60.15139],[19.92498,60.12449],[19.96198,60.12903],[20.02272,60.13024],[20.04407,60.18725],[19.96509,60.19904]]]}},{"type":"Feature","properties":{"nr":"10410"},"geometry":{"type":"Polygon","coordinates":[[[23.55722,60.07598],[23.61278,60.10757],[23.55533,60.09397],[23.53802,60.07864],[23.55722,60.07598]]]}},{"type":"Feature","properties":{"nr":"10440"},"geometry":{"type":"Polygon","coordinates":[[[23.48794,60.15218],[23.48064,60.1158],[23.55005,60.11348],[23.49892,60.15475],[23.48794,60.15218]]]}},{"type":"Feature","properties":{"nr":"10470"},"geometry":{"type":"Polygon","coordinates":[[[23.55005,60.11348],[23.6273,60.12765],[23.62984,60.15424],[23.51551,60.16216],[23.49892,60.15475],[23.55005,60.11348]]]}},{"type":"Feature","properties":{"nr":"10480"},"geometry":{"type":"Polygon","coordinates":[[[23.51551,60.16216],[23.62984,60.15424],[23.62653,60.16177],[23.61378,60.18965],[23.55397,60.2023],[23.51551,60.16216]]]}},{"type":"Feature","properties":{"nr":"10520"},"geometry":{"type":"Polygon","coordinates":[[[23.24423,60.13521],[23.14857,60.0938],[23.06078,60.09581],[23.02712,60.06866],[23.05903,60.0448],[23.11667,60.04473],[23.10835,60.00756],[23.10794,60.00508],[23.17774,60.01658],[23.19577,59.9988],[23.24683,60.01052],[23.30083,59.99641],[23.30523,59.998],[23.35267,59.99981],[23.36137,60.0222],[23.36341,60.03695],[23.38158,60.06151],[23.39913,60.08421],[23.32455,60.13395],[23.24423,60.13521]]]}},{"type":"Feature","properties":{"nr":"10420"},"geometry":{"type":"Polygon","coordinates":[[[23.55005,60.11348],[23.48064,60.1158],[23.48794,60.15218],[23.47092,60.17746],[23.41117,60.16801],[23.35993,60.16469],[23.32455,60.13395],[23.39913,60.08421],[23.38158,60.06151],[23.46447,60.06231],[23.49373,60.06076],[23.55533,60.09397],[23.61278,60.10757],[23.64239,60.10963],[23.6273,60.12765],[23.55005,60.11348]]]}},{"type":"Feature","properties":{"nr":"10620"},"geometry":{"type":"MultiPolygon","coordinates":[[[[23.36341,60.03695],[23.4129,60.03459],[23.46447,60.06231],[23.38158,60.06151],[23.36341,60.03695]]],[[[23.45558,60.00265],[23.40335,60.02421],[23.36137,60.0222],[23.35267,59.99981],[23.3575,59.98786],[23.41718,59.98197],[23.45558,60.00265]]]]}},{"type":"Feature","properties":{"nr":"10640"},"geometry":{"type":"Polygon","coordinates":[[[23.53732,59.98435],[23.48921,60.00426],[23.48284,59.99745],[23.47898,59.98559],[23.4855,59.98248],[23.53732,59.98435]]]}},{"type":"Feature","properties":{"nr":"19610"},"geometry":{"type":"Polygon","coordinates":[[[26.1121,61.49981],[26.16148,61.52818],[26.14732,61.54991],[26.06306,61.56362],[26.02309,61.5334],[26.1121,61.49981]]]}},{"type":"Feature","properties":{"nr":"10650"},"geometry":{"type":"MultiPolygon","coordinates":[[[[23.45438,59.96096],[23.4754,59.96181],[23.48869,59.96969],[23.45438,59.96096]]],[[[23.47898,59.98559],[23.45951,59.96936],[23.4855,59.98248],[23.47898,59.98559]]]]}},{"type":"Feature","properties":{"nr":"11120"},"geometry":{"type":"Polygon","coordinates":[[[24.865,60.78556],[24.79471,60.80276],[24.71457,60.78275],[24.748,60.73969],[24.78226,60.74316],[24.827,60.76087],[24.78239,60.75083],[24.78446,60.77234],[24.83337,60.76205],[24.83793,60.7608],[24.865,60.78556]]]}},{"type":"Feature","properties":{"nr":"11310"},"geometry":{"type":"Polygon","coordinates":[[[24.83337,60.76205],[24.78446,60.77234],[24.78239,60.75083],[24.827,60.76087],[24.83337,60.76205]]]}},{"type":"Feature","properties":{"nr":"10660"},"geometry":{"type":"Polygon","coordinates":[[[23.33436,59.92624],[23.3713,59.93668],[23.41718,59.98197],[23.3575,59.98786],[23.31669,59.95477],[23.33436,59.92624]]]}},{"type":"Feature","properties":{"nr":"12130"},"geometry":{"type":"Polygon","coordinates":[[[25.15256,60.78219],[25.16084,60.80865],[25.08286,60.85281],[25.0414,60.8759],[24.9772,60.87924],[24.9735,60.87797],[24.98279,60.84399],[25.05715,60.8108],[25.15256,60.78219]]]}},{"type":"Feature","properties":{"nr":"10680"},"geometry":{"type":"Polygon","coordinates":[[[23.33436,59.92624],[23.31669,59.95477],[23.29022,59.97131],[23.2293,59.93494],[23.28583,59.9066],[23.33436,59.92624]]]}},{"type":"Feature","properties":{"nr":"10710"},"geometry":{"type":"Polygon","coordinates":[[[23.77464,60.02353],[23.61402,60.01138],[23.65882,59.97238],[23.81634,59.97124],[23.83386,59.99237],[23.7621,60.00452],[23.77464,60.02353]]]}},{"type":"Feature","properties":{"nr":"10820"},"geometry":{"type":"Polygon","coordinates":[[[23.28583,59.9066],[23.2293,59.93494],[23.14707,59.8866],[23.22562,59.87326],[23.23463,59.89608],[23.28583,59.9066]]]}},{"type":"Feature","properties":{"nr":"10940"},"geometry":{"type":"Polygon","coordinates":[[[22.93055,59.82426],[22.94681,59.82461],[22.95591,59.84393],[22.92431,59.82747],[22.93055,59.82426]]]}},{"type":"Feature","properties":{"nr":"11130"},"geometry":{"type":"Polygon","coordinates":[[[24.88113,60.71016],[24.83793,60.7608],[24.83337,60.76205],[24.827,60.76087],[24.78226,60.74316],[24.76861,60.72056],[24.80837,60.67464],[24.82337,60.66244],[24.82315,60.69093],[24.88113,60.71016]]]}},{"type":"Feature","properties":{"nr":"22160"},"geometry":{"type":"Polygon","coordinates":[[[19.98124,60.03089],[19.99661,60.01134],[20.02046,60.01469],[20.0085,60.02615],[19.98124,60.03089]]]}},{"type":"Feature","properties":{"nr":"10960"},"geometry":{"type":"Polygon","coordinates":[[[23.01209,59.82523],[23.01349,59.85673],[22.97578,59.84689],[22.98085,59.82105],[23.01209,59.82523]]]}},{"type":"Feature","properties":{"nr":"11100"},"geometry":{"type":"Polygon","coordinates":[[[24.76861,60.72056],[24.78226,60.74316],[24.748,60.73969],[24.74723,60.73042],[24.76861,60.72056]]]}},{"type":"Feature","properties":{"nr":"11710"},"geometry":{"type":"Polygon","coordinates":[[[24.74723,60.73042],[24.68505,60.7246],[24.61666,60.7101],[24.54895,60.68292],[24.55682,60.65179],[24.5812,60.64378],[24.65208,60.63721],[24.71494,60.64729],[24.78274,60.65741],[24.80837,60.67464],[24.76861,60.72056],[24.74723,60.73042]]]}},{"type":"Feature","properties":{"nr":"11910"},"geometry":{"type":"Polygon","coordinates":[[[24.7099,60.7839],[24.6474,60.77434],[24.64769,60.77148],[24.69591,60.74303],[24.68505,60.7246],[24.74723,60.73042],[24.748,60.73969],[24.71457,60.78275],[24.7099,60.7839]]]}},{"type":"Feature","properties":{"nr":"12100"},"geometry":{"type":"Polygon","coordinates":[[[25.08304,60.70146],[25.14218,60.73318],[25.15367,60.78081],[25.15256,60.78219],[25.05715,60.8108],[24.98279,60.84399],[24.9735,60.87797],[24.94356,60.88148],[24.94032,60.83885],[24.90532,60.80167],[24.97421,60.76825],[25.01217,60.75794],[25.08304,60.70146]]]}},{"type":"Feature","properties":{"nr":"12170"},"geometry":{"type":"Polygon","coordinates":[[[25.08286,60.85281],[25.09472,60.90218],[25.0946,60.9171],[25.02219,60.94225],[24.97032,60.94634],[24.9772,60.87924],[25.0414,60.8759],[25.08286,60.85281]]]}},{"type":"Feature","properties":{"nr":"12240"},"geometry":{"type":"Polygon","coordinates":[[[24.98218,60.68516],[25.07365,60.69559],[25.08304,60.70146],[25.01217,60.75794],[24.97421,60.76825],[24.90942,60.76341],[24.88275,60.79192],[24.865,60.78556],[24.83793,60.7608],[24.88113,60.71016],[24.88298,60.71073],[24.96417,60.69962],[24.98218,60.68516]]]}},{"type":"Feature","properties":{"nr":"12310"},"geometry":{"type":"Polygon","coordinates":[[[24.71457,60.78275],[24.79471,60.80276],[24.78376,60.83495],[24.69484,60.8285],[24.7099,60.7839],[24.71457,60.78275]]]}},{"type":"Feature","properties":{"nr":"12350"},"geometry":{"type":"Polygon","coordinates":[[[24.94032,60.83885],[24.88947,60.83864],[24.84445,60.85775],[24.79269,60.84936],[24.78376,60.83495],[24.79471,60.80276],[24.865,60.78556],[24.88275,60.79192],[24.90532,60.80167],[24.94032,60.83885]]]}},{"type":"Feature","properties":{"nr":"12380"},"geometry":{"type":"Polygon","coordinates":[[[24.78376,60.83495],[24.79269,60.84936],[24.70763,60.88565],[24.65611,60.87828],[24.6251,60.86284],[24.69484,60.8285],[24.78376,60.83495]]]}},{"type":"Feature","properties":{"nr":"14430"},"geometry":{"type":"Polygon","coordinates":[[[24.19593,60.94187],[24.22896,60.96711],[24.12434,60.98398],[24.00671,60.93084],[24.03223,60.92626],[24.1898,60.9151],[24.19593,60.94187]]]}},{"type":"Feature","properties":{"nr":"12400"},"geometry":{"type":"Polygon","coordinates":[[[24.69484,60.8285],[24.6251,60.86284],[24.57159,60.85344],[24.46114,60.85432],[24.49266,60.82403],[24.57225,60.78317],[24.6474,60.77434],[24.7099,60.7839],[24.69484,60.8285]]]}},{"type":"Feature","properties":{"nr":"12450"},"geometry":{"type":"Polygon","coordinates":[[[24.51284,60.74911],[24.57225,60.78317],[24.49266,60.82403],[24.42922,60.77659],[24.45451,60.75044],[24.51284,60.74911]]]}},{"type":"Feature","properties":{"nr":"12520"},"geometry":{"type":"Polygon","coordinates":[[[24.64769,60.77148],[24.61666,60.7101],[24.68505,60.7246],[24.69591,60.74303],[24.64769,60.77148]]]}},{"type":"Feature","properties":{"nr":"12540"},"geometry":{"type":"Polygon","coordinates":[[[24.57225,60.78317],[24.51284,60.74911],[24.50771,60.73968],[24.55814,60.71214],[24.52532,60.69573],[24.54895,60.68292],[24.61666,60.7101],[24.64769,60.77148],[24.6474,60.77434],[24.57225,60.78317]]]}},{"type":"Feature","properties":{"nr":"21600"},"geometry":{"type":"MultiPolygon","coordinates":[[[[22.38739,60.20325],[22.29566,60.18264],[22.33866,60.14904],[22.38739,60.20325]]],[[[22.3076,60.27138],[22.22533,60.24096],[22.1975,60.1952],[22.27471,60.19934],[22.32679,60.2358],[22.30651,60.25562],[22.3076,60.27138]]],[[[22.19216,60.33272],[22.11785,60.32659],[22.08801,60.28576],[22.18834,60.25408],[22.23626,60.25194],[22.30241,60.28845],[22.28785,60.32355],[22.19216,60.33272]]]]}},{"type":"Feature","properties":{"nr":"12600"},"geometry":{"type":"Polygon","coordinates":[[[24.55682,60.65179],[24.49397,60.66006],[24.41304,60.68673],[24.33796,60.66131],[24.38293,60.63918],[24.37243,60.61375],[24.39943,60.5673],[24.4096,60.56479],[24.43604,60.55654],[24.56483,60.55914],[24.57954,60.58254],[24.56281,60.62892],[24.5812,60.64378],[24.55682,60.65179]]]}},{"type":"Feature","properties":{"nr":"12630"},"geometry":{"type":"Polygon","coordinates":[[[24.52532,60.69573],[24.46999,60.70493],[24.41304,60.68673],[24.49397,60.66006],[24.55682,60.65179],[24.54895,60.68292],[24.52532,60.69573]]]}},{"type":"Feature","properties":{"nr":"12640"},"geometry":{"type":"Polygon","coordinates":[[[24.52532,60.69573],[24.55814,60.71214],[24.50771,60.73968],[24.46999,60.70493],[24.52532,60.69573]]]}},{"type":"Feature","properties":{"nr":"21610"},"geometry":{"type":"Polygon","coordinates":[[[22.44979,60.34788],[22.39232,60.37076],[22.32272,60.35065],[22.30667,60.32785],[22.38637,60.32218],[22.44979,60.34788]]]}},{"type":"Feature","properties":{"nr":"12700"},"geometry":{"type":"Polygon","coordinates":[[[24.51284,60.74911],[24.45451,60.75044],[24.42922,60.77659],[24.39832,60.77209],[24.36286,60.75085],[24.30179,60.68529],[24.33796,60.66131],[24.41304,60.68673],[24.46999,60.70493],[24.50771,60.73968],[24.51284,60.74911]]]}},{"type":"Feature","properties":{"nr":"12750"},"geometry":{"type":"Polygon","coordinates":[[[24.30179,60.68529],[24.242,60.71993],[24.18381,60.72835],[24.11367,60.71813],[24.05679,60.68814],[24.036,60.65432],[24.08387,60.62913],[24.2374,60.61855],[24.28949,60.57237],[24.37243,60.61375],[24.38293,60.63918],[24.33796,60.66131],[24.30179,60.68529]]]}},{"type":"Feature","properties":{"nr":"12820"},"geometry":{"type":"Polygon","coordinates":[[[24.18381,60.72835],[24.14703,60.7624],[24.05426,60.74497],[24.03627,60.7318],[24.05679,60.68814],[24.11367,60.71813],[24.18381,60.72835]]]}},{"type":"Feature","properties":{"nr":"12920"},"geometry":{"type":"Polygon","coordinates":[[[24.23433,60.7964],[24.14703,60.7624],[24.18381,60.72835],[24.242,60.71993],[24.30179,60.68529],[24.36286,60.75085],[24.39832,60.77209],[24.33656,60.7919],[24.23433,60.7964]]]}},{"type":"Feature","properties":{"nr":"12950"},"geometry":{"type":"Polygon","coordinates":[[[24.23433,60.7964],[24.17042,60.82079],[24.0867,60.79045],[24.03177,60.80099],[24.00178,60.78974],[24.05426,60.74497],[24.14703,60.7624],[24.23433,60.7964]]]}},{"type":"Feature","properties":{"nr":"13100"},"geometry":{"type":"Polygon","coordinates":[[[24.48463,60.99507],[24.47006,61.00252],[24.46363,61.00407],[24.45679,61.00891],[24.4478,61.00373],[24.43289,60.98185],[24.44507,60.97843],[24.48561,60.97462],[24.48463,60.99507]]]}},{"type":"Feature","properties":{"nr":"13110"},"geometry":{"type":"Polygon","coordinates":[[[24.48561,60.97462],[24.51215,60.97126],[24.51032,60.98001],[24.49923,60.99194],[24.48794,60.99746],[24.48463,60.99507],[24.48561,60.97462]]]}},{"type":"Feature","properties":{"nr":"13130"},"geometry":{"type":"Polygon","coordinates":[[[24.4478,61.00373],[24.40417,61.02241],[24.37733,61.02139],[24.3547,61.0086],[24.41178,60.99336],[24.41824,60.9896],[24.43289,60.98185],[24.4478,61.00373]]]}},{"type":"Feature","properties":{"nr":"13200"},"geometry":{"type":"Polygon","coordinates":[[[24.47006,61.00252],[24.48463,60.99507],[24.48794,60.99746],[24.47006,61.00252]]]}},{"type":"Feature","properties":{"nr":"13210"},"geometry":{"type":"Polygon","coordinates":[[[24.51391,60.99153],[24.54936,61.02733],[24.668,61.03075],[24.68529,61.04234],[24.64029,61.05777],[24.58584,61.05253],[24.48329,61.03428],[24.47826,61.0209],[24.46363,61.00407],[24.47006,61.00252],[24.48794,60.99746],[24.49923,60.99194],[24.51391,60.99153]]]}},{"type":"Feature","properties":{"nr":"13220"},"geometry":{"type":"Polygon","coordinates":[[[24.46363,61.00407],[24.47826,61.0209],[24.43128,61.03472],[24.45679,61.00891],[24.46363,61.00407]]]}},{"type":"Feature","properties":{"nr":"13250"},"geometry":{"type":"Polygon","coordinates":[[[24.51032,60.98001],[24.53082,60.98275],[24.51391,60.99153],[24.49923,60.99194],[24.51032,60.98001]]]}},{"type":"Feature","properties":{"nr":"13270"},"geometry":{"type":"Polygon","coordinates":[[[24.54304,60.97926],[24.6651,61.0059],[24.72439,61.01792],[24.68529,61.04234],[24.668,61.03075],[24.54936,61.02733],[24.51391,60.99153],[24.53082,60.98275],[24.54304,60.97926]]]}},{"type":"Feature","properties":{"nr":"13300"},"geometry":{"type":"Polygon","coordinates":[[[24.54709,60.95067],[24.54304,60.97926],[24.53082,60.98275],[24.51032,60.98001],[24.51215,60.97126],[24.54709,60.95067]]]}},{"type":"Feature","properties":{"nr":"13330"},"geometry":{"type":"Polygon","coordinates":[[[24.55081,60.94369],[24.59692,60.94298],[24.70059,60.97782],[24.6651,61.0059],[24.54304,60.97926],[24.54709,60.95067],[24.55081,60.94369]]]}},{"type":"Feature","properties":{"nr":"13430"},"geometry":{"type":"Polygon","coordinates":[[[24.47005,60.92375],[24.55243,60.93193],[24.55081,60.94369],[24.54709,60.95067],[24.51215,60.97126],[24.48561,60.97462],[24.44507,60.97843],[24.432,60.95698],[24.47005,60.92375]]]}},{"type":"Feature","properties":{"nr":"13500"},"geometry":{"type":"Polygon","coordinates":[[[24.30445,61.01651],[24.22871,61.01922],[24.17266,61.00775],[24.12434,60.98398],[24.22896,60.96711],[24.19593,60.94187],[24.30439,60.94693],[24.4028,60.91753],[24.47005,60.92375],[24.432,60.95698],[24.44507,60.97843],[24.43289,60.98185],[24.41824,60.9896],[24.41195,60.98573],[24.41178,60.99336],[24.3547,61.0086],[24.30445,61.01651]]]}},{"type":"Feature","properties":{"nr":"13700"},"geometry":{"type":"Polygon","coordinates":[[[24.3767,61.03607],[24.32116,61.04544],[24.30445,61.01651],[24.3547,61.0086],[24.37733,61.02139],[24.3767,61.03607]]]}},{"type":"Feature","properties":{"nr":"13720"},"geometry":{"type":"Polygon","coordinates":[[[24.34617,61.0989],[24.27619,61.14729],[24.26083,61.15319],[24.25409,61.15412],[24.22016,61.13441],[24.24299,61.10512],[24.27948,61.05929],[24.22871,61.01922],[24.30445,61.01651],[24.32116,61.04544],[24.3767,61.03607],[24.40628,61.05135],[24.40841,61.05952],[24.34617,61.0989]]]}},{"type":"Feature","properties":{"nr":"13800"},"geometry":{"type":"MultiPolygon","coordinates":[[[[24.33824,61.20587],[24.2884,61.19801],[24.35182,61.20081],[24.33824,61.20587]]],[[[24.43128,61.03472],[24.40628,61.05135],[24.3767,61.03607],[24.37733,61.02139],[24.40417,61.02241],[24.43128,61.03472]]]]}},{"type":"Feature","properties":{"nr":"14450"},"geometry":{"type":"Polygon","coordinates":[[[24.17266,61.00775],[24.19359,61.04027],[24.15132,61.01486],[24.03597,61.0246],[23.93273,60.99069],[23.92946,60.95983],[23.96581,60.93813],[24.00671,60.93084],[24.12434,60.98398],[24.17266,61.00775]]]}},{"type":"Feature","properties":{"nr":"13880"},"geometry":{"type":"Polygon","coordinates":[[[24.45953,61.13561],[24.35182,61.20081],[24.2884,61.19801],[24.26272,61.17852],[24.25409,61.15412],[24.26083,61.15319],[24.31469,61.16943],[24.36283,61.16479],[24.38787,61.12858],[24.34617,61.0989],[24.40841,61.05952],[24.50775,61.0817],[24.50654,61.0845],[24.45953,61.13561]]]}},{"type":"Feature","properties":{"nr":"13900"},"geometry":{"type":"Polygon","coordinates":[[[24.47826,61.0209],[24.48329,61.03428],[24.58584,61.05253],[24.50775,61.0817],[24.40841,61.05952],[24.40628,61.05135],[24.43128,61.03472],[24.47826,61.0209]]]}},{"type":"Feature","properties":{"nr":"14140"},"geometry":{"type":"Polygon","coordinates":[[[24.94356,60.88148],[24.89229,60.90412],[24.83733,60.89223],[24.84445,60.85775],[24.88947,60.83864],[24.94032,60.83885],[24.94356,60.88148]]]}},{"type":"Feature","properties":{"nr":"14620"},"geometry":{"type":"Polygon","coordinates":[[[24.27619,61.14729],[24.34534,61.12357],[24.38787,61.12858],[24.36283,61.16479],[24.31469,61.16943],[24.26083,61.15319],[24.27619,61.14729]]]}},{"type":"Feature","properties":{"nr":"14200"},"geometry":{"type":"Polygon","coordinates":[[[24.97032,60.94634],[24.86372,60.97928],[24.76928,61.02402],[24.72439,61.01792],[24.6651,61.0059],[24.70059,60.97782],[24.59692,60.94298],[24.55081,60.94369],[24.55243,60.93193],[24.65611,60.87828],[24.70763,60.88565],[24.79269,60.84936],[24.84445,60.85775],[24.83733,60.89223],[24.89229,60.90412],[24.94356,60.88148],[24.9735,60.87797],[24.9772,60.87924],[24.97032,60.94634]]]}},{"type":"Feature","properties":{"nr":"14240"},"geometry":{"type":"Polygon","coordinates":[[[24.46114,60.85432],[24.57159,60.85344],[24.6251,60.86284],[24.65611,60.87828],[24.55243,60.93193],[24.47005,60.92375],[24.4028,60.91753],[24.43283,60.86948],[24.46114,60.85432]]]}},{"type":"Feature","properties":{"nr":"14300"},"geometry":{"type":"Polygon","coordinates":[[[24.4028,60.91753],[24.30439,60.94693],[24.19593,60.94187],[24.1898,60.9151],[24.03223,60.92626],[24.00217,60.88292],[24.04344,60.84565],[24.03177,60.80099],[24.0867,60.79045],[24.17042,60.82079],[24.23433,60.7964],[24.33656,60.7919],[24.39832,60.77209],[24.42922,60.77659],[24.49266,60.82403],[24.46114,60.85432],[24.43283,60.86948],[24.4028,60.91753]]]}},{"type":"Feature","properties":{"nr":"21620"},"geometry":{"type":"Polygon","coordinates":[[[22.4698,60.40797],[22.32434,60.38508],[22.34936,60.36525],[22.44851,60.38208],[22.4698,60.40797]]]}},{"type":"Feature","properties":{"nr":"14500"},"geometry":{"type":"Polygon","coordinates":[[[24.22016,61.13441],[24.18542,61.14423],[24.11647,61.13903],[24.06248,61.11824],[23.96211,61.11954],[23.94446,61.07098],[23.90609,61.08222],[23.85099,61.03561],[23.83459,61.00648],[23.86887,60.96832],[23.92946,60.95983],[23.93273,60.99069],[24.03597,61.0246],[24.15132,61.01486],[24.19359,61.04027],[24.24299,61.10512],[24.22016,61.13441]]]}},{"type":"Feature","properties":{"nr":"14530"},"geometry":{"type":"Polygon","coordinates":[[[24.22871,61.01922],[24.27948,61.05929],[24.24299,61.10512],[24.19359,61.04027],[24.17266,61.00775],[24.22871,61.01922]]]}},{"type":"Feature","properties":{"nr":"14610"},"geometry":{"type":"Polygon","coordinates":[[[24.38787,61.12858],[24.34534,61.12357],[24.27619,61.14729],[24.34617,61.0989],[24.38787,61.12858]]]}},{"type":"Feature","properties":{"nr":"14810"},"geometry":{"type":"Polygon","coordinates":[[[24.8602,61.06377],[24.9166,61.11424],[24.88281,61.15284],[24.82772,61.12805],[24.85506,61.10765],[24.8602,61.06377]]]}},{"type":"Feature","properties":{"nr":"14680"},"geometry":{"type":"Polygon","coordinates":[[[24.5036,61.22765],[24.44687,61.26618],[24.42918,61.26356],[24.39594,61.24671],[24.31248,61.23311],[24.33824,61.20587],[24.35182,61.20081],[24.45953,61.13561],[24.49641,61.15914],[24.5036,61.22765]]]}},{"type":"Feature","properties":{"nr":"14690"},"geometry":{"type":"Polygon","coordinates":[[[24.62169,61.27627],[24.54003,61.30614],[24.4963,61.2847],[24.44687,61.26618],[24.5036,61.22765],[24.5839,61.22126],[24.63571,61.25147],[24.62169,61.27627]]]}},{"type":"Feature","properties":{"nr":"14700"},"geometry":{"type":"Polygon","coordinates":[[[24.73221,61.16742],[24.77001,61.23916],[24.63571,61.25147],[24.5839,61.22126],[24.5036,61.22765],[24.49641,61.15914],[24.45953,61.13561],[24.50654,61.0845],[24.59995,61.11435],[24.74702,61.108],[24.75234,61.117],[24.73221,61.16742]]]}},{"type":"Feature","properties":{"nr":"14770"},"geometry":{"type":"Polygon","coordinates":[[[24.74702,61.108],[24.59995,61.11435],[24.50654,61.0845],[24.50775,61.0817],[24.58584,61.05253],[24.64029,61.05777],[24.68529,61.04234],[24.72439,61.01792],[24.76928,61.02402],[24.72943,61.04837],[24.74702,61.108]]]}},{"type":"Feature","properties":{"nr":"14820"},"geometry":{"type":"Polygon","coordinates":[[[24.76928,61.02402],[24.87047,61.04585],[24.8602,61.06377],[24.85506,61.10765],[24.82772,61.12805],[24.75234,61.117],[24.74702,61.108],[24.72943,61.04837],[24.76928,61.02402]]]}},{"type":"Feature","properties":{"nr":"14840"},"geometry":{"type":"Polygon","coordinates":[[[24.75234,61.117],[24.82772,61.12805],[24.88281,61.15284],[24.85112,61.16609],[24.77846,61.15388],[24.73221,61.16742],[24.75234,61.117]]]}},{"type":"Feature","properties":{"nr":"14870"},"geometry":{"type":"Polygon","coordinates":[[[24.73221,61.16742],[24.77846,61.15388],[24.85112,61.16609],[24.78305,61.24802],[24.77001,61.23916],[24.73221,61.16742]]]}},{"type":"Feature","properties":{"nr":"14930"},"geometry":{"type":"Polygon","coordinates":[[[24.7697,61.29417],[24.75045,61.32769],[24.71998,61.32067],[24.71065,61.27382],[24.63039,61.29122],[24.62169,61.27627],[24.63571,61.25147],[24.77001,61.23916],[24.78305,61.24802],[24.7697,61.29417]]]}},{"type":"Feature","properties":{"nr":"21630"},"geometry":{"type":"MultiPolygon","coordinates":[[[[22.38637,60.32218],[22.44403,60.3057],[22.51467,60.33842],[22.44979,60.34788],[22.38637,60.32218]]],[[[22.4668,60.30349],[22.38227,60.29871],[22.36066,60.28087],[22.3102,60.26181],[22.33094,60.23725],[22.41929,60.24979],[22.41845,60.27094],[22.4668,60.30349]]]]}},{"type":"Feature","properties":{"nr":"14960"},"geometry":{"type":"Polygon","coordinates":[[[24.63039,61.29122],[24.71065,61.27382],[24.71998,61.32067],[24.66144,61.33234],[24.63039,61.29122]]]}},{"type":"Feature","properties":{"nr":"14980"},"geometry":{"type":"Polygon","coordinates":[[[24.79303,61.3421],[24.76223,61.33762],[24.75045,61.32769],[24.7697,61.29417],[24.8737,61.29593],[24.79303,61.3421]]]}},{"type":"Feature","properties":{"nr":"15100"},"geometry":{"type":"Polygon","coordinates":[[[25.67376,60.97991],[25.66095,60.98166],[25.64142,60.97915],[25.63893,60.97679],[25.64559,60.96877],[25.65607,60.96627],[25.67146,60.97091],[25.69223,60.97331],[25.67376,60.97991]]]}},{"type":"Feature","properties":{"nr":"15110"},"geometry":{"type":"Polygon","coordinates":[[[25.63996,60.99114],[25.62517,60.98481],[25.64142,60.97915],[25.66095,60.98166],[25.63996,60.99114]]]}},{"type":"Feature","properties":{"nr":"15540"},"geometry":{"type":"Polygon","coordinates":[[[25.7721,60.88959],[25.90104,60.89661],[25.89773,60.95748],[25.87653,60.989],[25.80866,60.96971],[25.77309,60.94895],[25.73866,60.93398],[25.73392,60.92208],[25.77139,60.89003],[25.7721,60.88959]]]}},{"type":"Feature","properties":{"nr":"15140"},"geometry":{"type":"Polygon","coordinates":[[[25.66697,60.99401],[25.63526,61.01228],[25.62037,61.01474],[25.62091,61.00411],[25.63996,60.99114],[25.66095,60.98166],[25.67376,60.97991],[25.6799,60.98652],[25.66697,60.99401]]]}},{"type":"Feature","properties":{"nr":"15150"},"geometry":{"type":"Polygon","coordinates":[[[25.6799,60.98652],[25.67376,60.97991],[25.69223,60.97331],[25.69428,60.95491],[25.70088,60.94143],[25.73866,60.93398],[25.77309,60.94895],[25.72906,60.97492],[25.69971,60.98657],[25.6799,60.98652]]]}},{"type":"Feature","properties":{"nr":"15160"},"geometry":{"type":"Polygon","coordinates":[[[25.80407,60.97272],[25.73459,60.98711],[25.72906,60.97492],[25.77309,60.94895],[25.80866,60.96971],[25.80407,60.97272]]]}},{"type":"Feature","properties":{"nr":"15170"},"geometry":{"type":"Polygon","coordinates":[[[25.72906,60.97492],[25.73459,60.98711],[25.72366,60.99579],[25.7094,60.99384],[25.69971,60.98657],[25.72906,60.97492]]]}},{"type":"Feature","properties":{"nr":"15980"},"geometry":{"type":"Polygon","coordinates":[[[25.56261,61.00314],[25.56426,61.0033],[25.56931,61.0249],[25.53523,61.01359],[25.56261,61.00314]]]}},{"type":"Feature","properties":{"nr":"15200"},"geometry":{"type":"Polygon","coordinates":[[[25.6799,60.98652],[25.69971,60.98657],[25.7094,60.99384],[25.70063,60.99876],[25.66697,60.99401],[25.6799,60.98652]]]}},{"type":"Feature","properties":{"nr":"15210"},"geometry":{"type":"Polygon","coordinates":[[[25.63526,61.01228],[25.66697,60.99401],[25.70063,60.99876],[25.68105,61.00531],[25.63526,61.01228]]]}},{"type":"Feature","properties":{"nr":"15230"},"geometry":{"type":"Polygon","coordinates":[[[25.80306,61.03888],[25.76735,61.07403],[25.74147,61.08056],[25.70221,61.03912],[25.69711,61.03117],[25.68105,61.00531],[25.70063,60.99876],[25.7094,60.99384],[25.72366,60.99579],[25.73164,61.00913],[25.77943,61.02797],[25.80306,61.03888]]]}},{"type":"Feature","properties":{"nr":"15240"},"geometry":{"type":"Polygon","coordinates":[[[25.69711,61.03117],[25.61003,61.02094],[25.62037,61.01474],[25.63526,61.01228],[25.68105,61.00531],[25.69711,61.03117]]]}},{"type":"Feature","properties":{"nr":"15270"},"geometry":{"type":"Polygon","coordinates":[[[25.61003,61.02094],[25.69711,61.03117],[25.70221,61.03912],[25.61953,61.07026],[25.58939,61.04905],[25.59156,61.02441],[25.61003,61.02094]]]}},{"type":"Feature","properties":{"nr":"15300"},"geometry":{"type":"Polygon","coordinates":[[[25.80407,60.97272],[25.73164,61.00913],[25.72366,60.99579],[25.73459,60.98711],[25.80407,60.97272]]]}},{"type":"Feature","properties":{"nr":"15320"},"geometry":{"type":"Polygon","coordinates":[[[25.87343,60.99364],[25.79388,61.00155],[25.77943,61.02797],[25.73164,61.00913],[25.80407,60.97272],[25.80866,60.96971],[25.87653,60.989],[25.87343,60.99364]]]}},{"type":"Feature","properties":{"nr":"15340"},"geometry":{"type":"Polygon","coordinates":[[[25.80306,61.03888],[25.77943,61.02797],[25.79388,61.00155],[25.87343,60.99364],[25.88297,61.01924],[25.80306,61.03888]]]}},{"type":"Feature","properties":{"nr":"15460"},"geometry":{"type":"Polygon","coordinates":[[[25.85729,61.10211],[25.78365,61.09447],[25.76735,61.07403],[25.80306,61.03888],[25.88297,61.01924],[25.92917,61.04653],[25.9597,61.0725],[25.86407,61.08804],[25.85729,61.10211]]]}},{"type":"Feature","properties":{"nr":"15500"},"geometry":{"type":"Polygon","coordinates":[[[25.65607,60.96627],[25.68672,60.95596],[25.67146,60.97091],[25.65607,60.96627]]]}},{"type":"Feature","properties":{"nr":"15520"},"geometry":{"type":"Polygon","coordinates":[[[25.69428,60.95491],[25.69223,60.97331],[25.67146,60.97091],[25.68672,60.95596],[25.69428,60.95491]]]}},{"type":"Feature","properties":{"nr":"21650"},"geometry":{"type":"Polygon","coordinates":[[[22.08475,60.22153],[21.95824,60.19406],[21.93884,60.16717],[22.02574,60.14947],[22.10489,60.19854],[22.08475,60.22153]]]}},{"type":"Feature","properties":{"nr":"15550"},"geometry":{"type":"Polygon","coordinates":[[[25.97076,60.92893],[25.99942,60.93195],[25.9935,60.94736],[25.97076,60.92893]]]}},{"type":"Feature","properties":{"nr":"15560"},"geometry":{"type":"Polygon","coordinates":[[[26.01917,61.02912],[25.94769,61.01213],[25.92917,61.04653],[25.88297,61.01924],[25.87343,60.99364],[25.87653,60.989],[25.89773,60.95748],[25.90104,60.89661],[25.92477,60.88936],[25.97417,60.91765],[25.97076,60.92893],[25.9935,60.94736],[26.03176,60.99435],[26.01917,61.02912]]]}},{"type":"Feature","properties":{"nr":"15580"},"geometry":{"type":"Polygon","coordinates":[[[26.03318,61.08297],[25.9597,61.0725],[25.92917,61.04653],[25.94769,61.01213],[26.01917,61.02912],[26.05504,61.04373],[26.03318,61.08297]]]}},{"type":"Feature","properties":{"nr":"15610"},"geometry":{"type":"Polygon","coordinates":[[[25.63497,60.94105],[25.70088,60.94143],[25.69428,60.95491],[25.68672,60.95596],[25.65607,60.96627],[25.64559,60.96877],[25.63497,60.94105]]]}},{"type":"Feature","properties":{"nr":"15680"},"geometry":{"type":"Polygon","coordinates":[[[25.65344,60.90558],[25.73392,60.92208],[25.73866,60.93398],[25.70088,60.94143],[25.63497,60.94105],[25.65344,60.90558]]]}},{"type":"Feature","properties":{"nr":"15700"},"geometry":{"type":"Polygon","coordinates":[[[25.63497,60.94105],[25.64559,60.96877],[25.63893,60.97679],[25.59736,60.96164],[25.51967,60.91291],[25.52636,60.89745],[25.53069,60.87381],[25.60804,60.86979],[25.65344,60.90558],[25.63497,60.94105]]]}},{"type":"Feature","properties":{"nr":"15800"},"geometry":{"type":"Polygon","coordinates":[[[25.59736,60.96164],[25.63893,60.97679],[25.64142,60.97915],[25.62517,60.98481],[25.59535,60.98224],[25.59712,60.97481],[25.58406,60.96473],[25.59736,60.96164]]]}},{"type":"Feature","properties":{"nr":"15810"},"geometry":{"type":"Polygon","coordinates":[[[25.56457,60.97441],[25.58406,60.96473],[25.59712,60.97481],[25.57411,60.97825],[25.56457,60.97441]]]}},{"type":"Feature","properties":{"nr":"21660"},"geometry":{"type":"Polygon","coordinates":[[[21.85775,60.16365],[21.92629,60.18096],[21.86998,60.22151],[21.78214,60.21509],[21.72501,60.19794],[21.74699,60.16849],[21.85775,60.16365]]]}},{"type":"Feature","properties":{"nr":"15820"},"geometry":{"type":"Polygon","coordinates":[[[25.51967,60.91291],[25.59736,60.96164],[25.58406,60.96473],[25.56457,60.97441],[25.55444,60.97678],[25.5038,60.96296],[25.49652,60.92741],[25.51967,60.91291]]]}},{"type":"Feature","properties":{"nr":"15830"},"geometry":{"type":"Polygon","coordinates":[[[25.59712,60.97481],[25.59535,60.98224],[25.58511,60.98934],[25.57609,60.98487],[25.57411,60.97825],[25.59712,60.97481]]]}},{"type":"Feature","properties":{"nr":"15840"},"geometry":{"type":"Polygon","coordinates":[[[25.56457,60.97441],[25.57411,60.97825],[25.57609,60.98487],[25.55091,60.98681],[25.55444,60.97678],[25.56457,60.97441]]]}},{"type":"Feature","properties":{"nr":"15850"},"geometry":{"type":"Polygon","coordinates":[[[25.57609,60.98487],[25.58511,60.98934],[25.56426,61.0033],[25.56261,61.00314],[25.55091,60.98681],[25.57609,60.98487]]]}},{"type":"Feature","properties":{"nr":"15860"},"geometry":{"type":"Polygon","coordinates":[[[25.53523,61.01359],[25.51411,61.0126],[25.51681,61.00184],[25.52327,60.98128],[25.49965,60.96788],[25.5038,60.96296],[25.55444,60.97678],[25.55091,60.98681],[25.56261,61.00314],[25.53523,61.01359]]]}},{"type":"Feature","properties":{"nr":"15870"},"geometry":{"type":"Polygon","coordinates":[[[25.49965,60.96788],[25.52327,60.98128],[25.51681,61.00184],[25.49965,60.96788]]]}},{"type":"Feature","properties":{"nr":"15880"},"geometry":{"type":"Polygon","coordinates":[[[25.31752,61.0627],[25.30909,61.06412],[25.23363,61.00227],[25.27115,60.97884],[25.3079,60.9762],[25.38316,60.98007],[25.39401,60.91221],[25.41005,60.94653],[25.45003,60.9564],[25.49652,60.92741],[25.5038,60.96296],[25.49965,60.96788],[25.51681,61.00184],[25.51411,61.0126],[25.47982,61.028],[25.37126,61.02766],[25.31752,61.0627]]]}},{"type":"Feature","properties":{"nr":"15900"},"geometry":{"type":"Polygon","coordinates":[[[25.62091,61.00411],[25.58511,60.98934],[25.59535,60.98224],[25.62517,60.98481],[25.63996,60.99114],[25.62091,61.00411]]]}},{"type":"Feature","properties":{"nr":"15950"},"geometry":{"type":"Polygon","coordinates":[[[25.62091,61.00411],[25.62037,61.01474],[25.61003,61.02094],[25.59156,61.02441],[25.56931,61.0249],[25.56426,61.0033],[25.58511,60.98934],[25.62091,61.00411]]]}},{"type":"Feature","properties":{"nr":"16100"},"geometry":{"type":"Polygon","coordinates":[[[25.97417,60.91765],[26.11773,60.89264],[26.13247,60.90518],[26.12899,60.91348],[26.11211,60.9389],[26.1619,60.99153],[26.15592,61.0291],[26.13322,61.0276],[26.11874,60.99529],[26.03176,60.99435],[25.9935,60.94736],[25.99942,60.93195],[25.97076,60.92893],[25.97417,60.91765]]]}},{"type":"Feature","properties":{"nr":"16160"},"geometry":{"type":"Polygon","coordinates":[[[26.03176,60.99435],[26.11874,60.99529],[26.13322,61.0276],[26.05504,61.04373],[26.01917,61.02912],[26.03176,60.99435]]]}},{"type":"Feature","properties":{"nr":"16200"},"geometry":{"type":"Polygon","coordinates":[[[25.94328,60.70863],[26.02832,60.71151],[26.08689,60.7309],[26.10735,60.76704],[26.16449,60.76855],[26.1094,60.79243],[26.05149,60.78697],[26.0516,60.82675],[25.9908,60.81395],[26.03101,60.78804],[25.9688,60.76862],[25.90865,60.7357],[25.94328,60.70863]]]}},{"type":"Feature","properties":{"nr":"16230"},"geometry":{"type":"Polygon","coordinates":[[[26.16508,60.66725],[26.1774,60.70231],[26.21936,60.71476],[26.23654,60.73444],[26.20266,60.75754],[26.16449,60.76855],[26.10735,60.76704],[26.08689,60.7309],[26.02832,60.71151],[26.06952,60.70269],[26.11434,60.66912],[26.16508,60.66725]]]}},{"type":"Feature","properties":{"nr":"16260"},"geometry":{"type":"Polygon","coordinates":[[[26.20266,60.75754],[26.21908,60.79172],[26.18258,60.81782],[26.06407,60.83465],[26.0516,60.82675],[26.05149,60.78697],[26.1094,60.79243],[26.16449,60.76855],[26.20266,60.75754]]]}},{"type":"Feature","properties":{"nr":"16270"},"geometry":{"type":"Polygon","coordinates":[[[25.9688,60.76862],[26.03101,60.78804],[25.9908,60.81395],[25.97348,60.81621],[25.95324,60.80774],[25.9688,60.76862]]]}},{"type":"Feature","properties":{"nr":"16280"},"geometry":{"type":"Polygon","coordinates":[[[25.9908,60.81395],[26.0516,60.82675],[26.06407,60.83465],[26.13196,60.87591],[26.11773,60.89264],[25.97417,60.91765],[25.92477,60.88936],[25.93577,60.86159],[25.97348,60.81621],[25.9908,60.81395]]]}},{"type":"Feature","properties":{"nr":"16300"},"geometry":{"type":"Polygon","coordinates":[[[25.65026,60.86079],[25.60804,60.86979],[25.53069,60.87381],[25.54577,60.84395],[25.48381,60.77526],[25.48102,60.76574],[25.5347,60.73746],[25.64177,60.74146],[25.71441,60.73043],[25.78392,60.75962],[25.8378,60.76279],[25.84396,60.79521],[25.89405,60.81797],[25.95324,60.80774],[25.97348,60.81621],[25.93577,60.86159],[25.8877,60.8677],[25.85814,60.84348],[25.7643,60.84561],[25.6482,60.8344],[25.65026,60.86079]]]}},{"type":"Feature","properties":{"nr":"16320"},"geometry":{"type":"Polygon","coordinates":[[[25.60804,60.86979],[25.65026,60.86079],[25.66314,60.87585],[25.77139,60.89003],[25.73392,60.92208],[25.65344,60.90558],[25.60804,60.86979]]]}},{"type":"Feature","properties":{"nr":"16330"},"geometry":{"type":"Polygon","coordinates":[[[25.7643,60.84561],[25.85814,60.84348],[25.8877,60.8677],[25.93577,60.86159],[25.92477,60.88936],[25.90104,60.89661],[25.7721,60.88959],[25.7643,60.84561]]]}},{"type":"Feature","properties":{"nr":"16350"},"geometry":{"type":"Polygon","coordinates":[[[25.95324,60.80774],[25.89405,60.81797],[25.84396,60.79521],[25.8378,60.76279],[25.88467,60.73801],[25.90865,60.7357],[25.9688,60.76862],[25.95324,60.80774]]]}},{"type":"Feature","properties":{"nr":"16390"},"geometry":{"type":"Polygon","coordinates":[[[25.8378,60.76279],[25.78392,60.75962],[25.71441,60.73043],[25.71418,60.71512],[25.74451,60.6901],[25.75703,60.71181],[25.82818,60.71238],[25.88467,60.73801],[25.8378,60.76279]]]}},{"type":"Feature","properties":{"nr":"16450"},"geometry":{"type":"Polygon","coordinates":[[[25.71441,60.73043],[25.64177,60.74146],[25.5347,60.73746],[25.52048,60.7118],[25.61114,60.6728],[25.68411,60.69084],[25.71418,60.71512],[25.71441,60.73043]]]}},{"type":"Feature","properties":{"nr":"16500"},"geometry":{"type":"Polygon","coordinates":[[[25.49652,60.92741],[25.45003,60.9564],[25.41005,60.94653],[25.39401,60.91221],[25.32946,60.90537],[25.37933,60.85588],[25.3856,60.85481],[25.49065,60.87735],[25.52636,60.89745],[25.51967,60.91291],[25.49652,60.92741]]]}},{"type":"Feature","properties":{"nr":"16510"},"geometry":{"type":"Polygon","coordinates":[[[25.48381,60.77526],[25.54577,60.84395],[25.53069,60.87381],[25.52636,60.89745],[25.49065,60.87735],[25.3856,60.85481],[25.43531,60.82767],[25.44156,60.79442],[25.48381,60.77526]]]}},{"type":"Feature","properties":{"nr":"16540"},"geometry":{"type":"Polygon","coordinates":[[[25.44156,60.79442],[25.43531,60.82767],[25.3856,60.85481],[25.37933,60.85588],[25.33651,60.80905],[25.33524,60.76082],[25.39747,60.76111],[25.44156,60.79442]]]}},{"type":"Feature","properties":{"nr":"16600"},"geometry":{"type":"Polygon","coordinates":[[[25.32946,60.90537],[25.3281,60.90763],[25.25826,60.9043],[25.21719,60.88455],[25.21018,60.85049],[25.2453,60.79365],[25.29385,60.75987],[25.31741,60.75001],[25.33524,60.76082],[25.33651,60.80905],[25.37933,60.85588],[25.32946,60.90537]]]}},{"type":"Feature","properties":{"nr":"16610"},"geometry":{"type":"Polygon","coordinates":[[[25.16007,60.93056],[25.13457,60.9035],[25.17753,60.87691],[25.21719,60.88455],[25.25826,60.9043],[25.3281,60.90763],[25.29809,60.96187],[25.3079,60.9762],[25.27115,60.97884],[25.20139,60.96178],[25.16007,60.93056]]]}},{"type":"Feature","properties":{"nr":"16630"},"geometry":{"type":"Polygon","coordinates":[[[25.39401,60.91221],[25.38316,60.98007],[25.3079,60.9762],[25.29809,60.96187],[25.3281,60.90763],[25.32946,60.90537],[25.39401,60.91221]]]}},{"type":"Feature","properties":{"nr":"16670"},"geometry":{"type":"Polygon","coordinates":[[[25.15367,60.78081],[25.2453,60.79365],[25.21018,60.85049],[25.21719,60.88455],[25.17753,60.87691],[25.13457,60.9035],[25.16007,60.93056],[25.09472,60.90218],[25.08286,60.85281],[25.16084,60.80865],[25.15256,60.78219],[25.15367,60.78081]]]}},{"type":"Feature","properties":{"nr":"16710"},"geometry":{"type":"Polygon","coordinates":[[[25.31752,61.0627],[25.37126,61.02766],[25.47982,61.028],[25.42329,61.08457],[25.31752,61.0627]]]}},{"type":"Feature","properties":{"nr":"21670"},"geometry":{"type":"Polygon","coordinates":[[[21.85775,60.16365],[21.74699,60.16849],[21.71669,60.14567],[21.75126,60.127],[21.80999,60.13669],[21.85775,60.16365]]]}},{"type":"Feature","properties":{"nr":"16730"},"geometry":{"type":"Polygon","coordinates":[[[25.59156,61.02441],[25.58939,61.04905],[25.48768,61.12398],[25.43391,61.11986],[25.42329,61.08457],[25.47982,61.028],[25.51411,61.0126],[25.53523,61.01359],[25.56931,61.0249],[25.59156,61.02441]]]}},{"type":"Feature","properties":{"nr":"16790"},"geometry":{"type":"Polygon","coordinates":[[[25.31752,61.0627],[25.42329,61.08457],[25.43391,61.11986],[25.35139,61.11718],[25.27959,61.09734],[25.30909,61.06412],[25.31752,61.0627]]]}},{"type":"Feature","properties":{"nr":"16800"},"geometry":{"type":"Polygon","coordinates":[[[25.27115,60.97884],[25.23363,61.00227],[25.30909,61.06412],[25.27959,61.09734],[25.24434,61.11205],[25.19848,61.07701],[25.05474,61.04976],[25.04393,60.97071],[25.02219,60.94225],[25.0946,60.9171],[25.09472,60.90218],[25.16007,60.93056],[25.20139,60.96178],[25.27115,60.97884]]]}},{"type":"Feature","properties":{"nr":"17110"},"geometry":{"type":"Polygon","coordinates":[[[25.70221,61.03912],[25.74147,61.08056],[25.62698,61.08627],[25.61953,61.07026],[25.70221,61.03912]]]}},{"type":"Feature","properties":{"nr":"16900"},"geometry":{"type":"Polygon","coordinates":[[[24.8737,61.29593],[24.7697,61.29417],[24.78305,61.24802],[24.85112,61.16609],[24.88281,61.15284],[24.9166,61.11424],[24.8602,61.06377],[24.87047,61.04585],[24.76928,61.02402],[24.86372,60.97928],[24.97032,60.94634],[25.02219,60.94225],[25.04393,60.97071],[25.05474,61.04976],[25.19848,61.07701],[25.24434,61.11205],[25.26132,61.17165],[25.09062,61.16198],[25.04271,61.14205],[24.99668,61.18033],[25.0706,61.20302],[25.02563,61.23996],[25.05198,61.26407],[25.04385,61.27225],[24.90353,61.28173],[24.88235,61.29738],[24.8737,61.29593]]]}},{"type":"Feature","properties":{"nr":"16960"},"geometry":{"type":"Polygon","coordinates":[[[25.0706,61.20302],[24.99668,61.18033],[25.04271,61.14205],[25.09062,61.16198],[25.0706,61.20302]]]}},{"type":"Feature","properties":{"nr":"16970"},"geometry":{"type":"Polygon","coordinates":[[[25.05198,61.26407],[25.02563,61.23996],[25.0706,61.20302],[25.09062,61.16198],[25.26132,61.17165],[25.26461,61.17311],[25.24308,61.20046],[25.19616,61.21612],[25.19422,61.24893],[25.17717,61.25582],[25.09947,61.25321],[25.05198,61.26407]]]}},{"type":"Feature","properties":{"nr":"21680"},"geometry":{"type":"Polygon","coordinates":[[[21.77898,59.96776],[21.74547,59.96469],[21.74393,59.95644],[21.77804,59.95372],[21.77898,59.96776]]]}},{"type":"Feature","properties":{"nr":"17120"},"geometry":{"type":"Polygon","coordinates":[[[25.55409,61.1405],[25.48084,61.14547],[25.48768,61.12398],[25.58939,61.04905],[25.61953,61.07026],[25.62698,61.08627],[25.74147,61.08056],[25.76735,61.07403],[25.78365,61.09447],[25.7402,61.12034],[25.70378,61.10349],[25.56462,61.11482],[25.55409,61.1405]]]}},{"type":"Feature","properties":{"nr":"17130"},"geometry":{"type":"Polygon","coordinates":[[[25.7402,61.12034],[25.70231,61.14987],[25.72507,61.18085],[25.70243,61.20166],[25.67984,61.17458],[25.62067,61.1506],[25.55409,61.1405],[25.56462,61.11482],[25.70378,61.10349],[25.7402,61.12034]]]}},{"type":"Feature","properties":{"nr":"17150"},"geometry":{"type":"Polygon","coordinates":[[[25.92847,61.23853],[25.88013,61.24576],[25.82237,61.24468],[25.84292,61.19709],[25.77912,61.17632],[25.72507,61.18085],[25.70231,61.14987],[25.7402,61.12034],[25.78365,61.09447],[25.85729,61.10211],[25.8517,61.13144],[25.91079,61.15012],[25.88154,61.18596],[25.92081,61.21991],[25.92847,61.23853]]]}},{"type":"Feature","properties":{"nr":"17450"},"geometry":{"type":"Polygon","coordinates":[[[25.40208,61.22299],[25.40599,61.26812],[25.36021,61.24895],[25.19422,61.24893],[25.19616,61.21612],[25.24308,61.20046],[25.33797,61.20224],[25.40208,61.22299]]]}},{"type":"Feature","properties":{"nr":"17200"},"geometry":{"type":"Polygon","coordinates":[[[25.63429,61.2207],[25.5569,61.22305],[25.47672,61.19591],[25.41076,61.22018],[25.39554,61.20488],[25.45682,61.15592],[25.48084,61.14547],[25.55409,61.1405],[25.62067,61.1506],[25.67984,61.17458],[25.70243,61.20166],[25.63429,61.2207]]]}},{"type":"Feature","properties":{"nr":"17220"},"geometry":{"type":"Polygon","coordinates":[[[25.72507,61.18085],[25.77912,61.17632],[25.84292,61.19709],[25.82237,61.24468],[25.73637,61.26555],[25.616,61.2447],[25.63429,61.2207],[25.70243,61.20166],[25.72507,61.18085]]]}},{"type":"Feature","properties":{"nr":"17240"},"geometry":{"type":"MultiPolygon","coordinates":[[[[25.45156,61.31725],[25.49098,61.31083],[25.54703,61.33552],[25.47316,61.36951],[25.43919,61.35252],[25.45156,61.31725]]],[[[25.82802,61.32268],[25.72726,61.37526],[25.67581,61.36034],[25.64265,61.34248],[25.57137,61.33405],[25.55513,61.28016],[25.616,61.2447],[25.73637,61.26555],[25.82237,61.24468],[25.88013,61.24576],[25.87378,61.26585],[25.80863,61.27916],[25.82802,61.32268]]]]}},{"type":"Feature","properties":{"nr":"21710"},"geometry":{"type":"Polygon","coordinates":[[[21.60717,60.11251],[21.66667,60.11823],[21.68742,60.17897],[21.57932,60.18642],[21.51324,60.15546],[21.50001,60.12895],[21.58386,60.11027],[21.57995,60.11812],[21.60244,60.11912],[21.60717,60.11251]]]}},{"type":"Feature","properties":{"nr":"17320"},"geometry":{"type":"Polygon","coordinates":[[[25.616,61.2447],[25.55513,61.28016],[25.57137,61.33405],[25.54703,61.33552],[25.49098,61.31083],[25.45156,61.31725],[25.41467,61.31202],[25.40599,61.26812],[25.40208,61.22299],[25.41076,61.22018],[25.47672,61.19591],[25.5569,61.22305],[25.63429,61.2207],[25.616,61.2447]]]}},{"type":"Feature","properties":{"nr":"17410"},"geometry":{"type":"Polygon","coordinates":[[[25.26461,61.17311],[25.26132,61.17165],[25.24434,61.11205],[25.27959,61.09734],[25.35139,61.11718],[25.43391,61.11986],[25.48768,61.12398],[25.48084,61.14547],[25.45682,61.15592],[25.3942,61.15351],[25.26461,61.17311]]]}},{"type":"Feature","properties":{"nr":"17430"},"geometry":{"type":"Polygon","coordinates":[[[25.39554,61.20488],[25.33797,61.20224],[25.24308,61.20046],[25.26461,61.17311],[25.3942,61.15351],[25.45682,61.15592],[25.39554,61.20488]]]}},{"type":"Feature","properties":{"nr":"17440"},"geometry":{"type":"Polygon","coordinates":[[[25.33797,61.20224],[25.39554,61.20488],[25.41076,61.22018],[25.40208,61.22299],[25.33797,61.20224]]]}},{"type":"Feature","properties":{"nr":"17870"},"geometry":{"type":"Polygon","coordinates":[[[25.38602,61.62717],[25.35637,61.62373],[25.33701,61.56638],[25.41679,61.52754],[25.46296,61.54658],[25.46602,61.62078],[25.38602,61.62717]]]}},{"type":"Feature","properties":{"nr":"17470"},"geometry":{"type":"Polygon","coordinates":[[[25.19422,61.24893],[25.36021,61.24895],[25.40599,61.26812],[25.41467,61.31202],[25.45156,61.31725],[25.43919,61.35252],[25.42041,61.35414],[25.42495,61.33304],[25.37596,61.30577],[25.29698,61.29777],[25.26493,61.26959],[25.19422,61.24893]]]}},{"type":"Feature","properties":{"nr":"17500"},"geometry":{"type":"MultiPolygon","coordinates":[[[[25.01254,61.47601],[24.95378,61.47],[24.94832,61.46576],[24.98634,61.41413],[24.99109,61.3999],[25.02438,61.41208],[25.00064,61.44809],[25.01254,61.47601]]],[[[25.49638,61.39582],[25.49516,61.43659],[25.41587,61.49461],[25.26776,61.47752],[25.16772,61.46277],[25.21399,61.43541],[25.21655,61.3677],[25.11833,61.36355],[25.21382,61.30933],[25.30393,61.34518],[25.42041,61.35414],[25.43919,61.35252],[25.47316,61.36951],[25.49638,61.39582]]]]}},{"type":"Feature","properties":{"nr":"17510"},"geometry":{"type":"Polygon","coordinates":[[[25.19422,61.24893],[25.26493,61.26959],[25.29698,61.29777],[25.37596,61.30577],[25.42495,61.33304],[25.42041,61.35414],[25.30393,61.34518],[25.21382,61.30933],[25.17717,61.25582],[25.19422,61.24893]]]}},{"type":"Feature","properties":{"nr":"17530"},"geometry":{"type":"Polygon","coordinates":[[[25.14625,61.46188],[25.14532,61.41827],[25.11271,61.40634],[25.02438,61.41208],[24.99109,61.3999],[25.00965,61.3735],[25.11544,61.36241],[25.11833,61.36355],[25.21655,61.3677],[25.21399,61.43541],[25.16772,61.46277],[25.14625,61.46188]]]}},{"type":"Feature","properties":{"nr":"17610"},"geometry":{"type":"Polygon","coordinates":[[[25.21382,61.30933],[25.11833,61.36355],[25.11544,61.36241],[25.08458,61.32954],[24.96226,61.3211],[24.89233,61.34524],[24.88235,61.29738],[24.90353,61.28173],[25.04385,61.27225],[25.05198,61.26407],[25.09947,61.25321],[25.17717,61.25582],[25.21382,61.30933]]]}},{"type":"Feature","properties":{"nr":"17630"},"geometry":{"type":"Polygon","coordinates":[[[25.11544,61.36241],[25.00965,61.3735],[24.99109,61.3999],[24.98634,61.41413],[24.90874,61.38855],[24.89233,61.34524],[24.96226,61.3211],[25.08458,61.32954],[25.11544,61.36241]]]}},{"type":"Feature","properties":{"nr":"17710"},"geometry":{"type":"Polygon","coordinates":[[[25.14625,61.46188],[25.07843,61.48013],[25.01254,61.47601],[25.00064,61.44809],[25.02438,61.41208],[25.11271,61.40634],[25.14532,61.41827],[25.14625,61.46188]]]}},{"type":"Feature","properties":{"nr":"17740"},"geometry":{"type":"Polygon","coordinates":[[[24.94832,61.46576],[24.88693,61.47089],[24.85068,61.44952],[24.90874,61.38855],[24.98634,61.41413],[24.94832,61.46576]]]}},{"type":"Feature","properties":{"nr":"21770"},"geometry":{"type":"Polygon","coordinates":[[[21.43393,60.28781],[21.39402,60.28651],[21.38847,60.26817],[21.44451,60.27049],[21.43393,60.28781]]]}},{"type":"Feature","properties":{"nr":"17780"},"geometry":{"type":"Polygon","coordinates":[[[25.26776,61.47752],[25.20012,61.49132],[25.13378,61.52401],[25.07843,61.48013],[25.14625,61.46188],[25.16772,61.46277],[25.26776,61.47752]]]}},{"type":"Feature","properties":{"nr":"17800"},"geometry":{"type":"MultiPolygon","coordinates":[[[[24.97881,61.71668],[24.91474,61.70408],[24.9608,61.66832],[24.96299,61.66343],[25.0018,61.69852],[24.97881,61.71668]]],[[[25.20145,61.6763],[25.14755,61.66681],[25.04525,61.6295],[24.9551,61.6417],[24.98545,61.62215],[24.95016,61.58777],[24.98852,61.57486],[24.9287,61.54314],[24.92868,61.48859],[24.95378,61.47],[25.01254,61.47601],[25.07843,61.48013],[25.13378,61.52401],[25.20012,61.49132],[25.26776,61.47752],[25.41587,61.49461],[25.41679,61.52754],[25.33701,61.56638],[25.35637,61.62373],[25.38602,61.62717],[25.30385,61.67347],[25.24644,61.66085],[25.20145,61.6763]]]]}},{"type":"Feature","properties":{"nr":"17840"},"geometry":{"type":"Polygon","coordinates":[[[25.32137,61.70485],[25.28793,61.72685],[25.19891,61.70757],[25.20145,61.6763],[25.24644,61.66085],[25.30385,61.67347],[25.32137,61.70485]]]}},{"type":"Feature","properties":{"nr":"17850"},"geometry":{"type":"Polygon","coordinates":[[[25.46602,61.62078],[25.50469,61.67785],[25.47902,61.73737],[25.43073,61.74227],[25.32137,61.70485],[25.30385,61.67347],[25.38602,61.62717],[25.46602,61.62078]]]}},{"type":"Feature","properties":{"nr":"17930"},"geometry":{"type":"Polygon","coordinates":[[[24.9551,61.6417],[24.96299,61.66343],[24.9608,61.66832],[24.7917,61.64259],[24.83724,61.5994],[24.83287,61.56309],[24.9287,61.54314],[24.98852,61.57486],[24.95016,61.58777],[24.98545,61.62215],[24.9551,61.6417]]]}},{"type":"Feature","properties":{"nr":"17950"},"geometry":{"type":"Polygon","coordinates":[[[25.14755,61.66681],[25.02781,61.71321],[24.97881,61.71668],[25.0018,61.69852],[24.96299,61.66343],[24.9551,61.6417],[25.04525,61.6295],[25.14755,61.66681]]]}},{"type":"Feature","properties":{"nr":"17970"},"geometry":{"type":"Polygon","coordinates":[[[25.19891,61.70757],[25.15576,61.72344],[25.05044,61.72255],[25.0416,61.74392],[25.02781,61.71321],[25.14755,61.66681],[25.20145,61.6763],[25.19891,61.70757]]]}},{"type":"Feature","properties":{"nr":"18150"},"geometry":{"type":"Polygon","coordinates":[[[26.01041,61.17808],[26.08433,61.15962],[26.05239,61.17828],[26.04053,61.19519],[26.01041,61.17808]]]}},{"type":"Feature","properties":{"nr":"22220"},"geometry":{"type":"Polygon","coordinates":[[[19.85981,60.24007],[19.82402,60.20818],[19.85841,60.19122],[19.88736,60.19046],[19.93794,60.20993],[19.91224,60.23152],[19.85981,60.24007]]]}},{"type":"Feature","properties":{"nr":"18100"},"geometry":{"type":"Polygon","coordinates":[[[26.12368,61.14834],[26.13686,61.16521],[26.17269,61.21059],[26.14459,61.22748],[26.07477,61.23301],[26.04421,61.21025],[26.01805,61.22542],[26.02746,61.24425],[25.92847,61.23853],[25.92081,61.21991],[26.01041,61.17808],[26.04053,61.19519],[26.06324,61.20477],[26.06914,61.22078],[26.09912,61.21648],[26.08623,61.19709],[26.05239,61.17828],[26.08433,61.15962],[26.12368,61.14834]]]}},{"type":"Feature","properties":{"nr":"18120"},"geometry":{"type":"Polygon","coordinates":[[[26.08623,61.19709],[26.09912,61.21648],[26.06914,61.22078],[26.06324,61.20477],[26.08623,61.19709]]]}},{"type":"Feature","properties":{"nr":"18130"},"geometry":{"type":"Polygon","coordinates":[[[26.05239,61.17828],[26.08623,61.19709],[26.06324,61.20477],[26.04053,61.19519],[26.05239,61.17828]]]}},{"type":"Feature","properties":{"nr":"18200"},"geometry":{"type":"Polygon","coordinates":[[[26.02746,61.24425],[26.01805,61.22542],[26.04421,61.21025],[26.07477,61.23301],[26.02746,61.24425]]]}},{"type":"Feature","properties":{"nr":"18300"},"geometry":{"type":"Polygon","coordinates":[[[26.22101,61.33928],[26.12519,61.27517],[26.04866,61.26919],[25.96722,61.32076],[25.87916,61.33652],[25.82802,61.32268],[25.80863,61.27916],[25.87378,61.26585],[25.88013,61.24576],[25.92847,61.23853],[26.02746,61.24425],[26.07477,61.23301],[26.14459,61.22748],[26.17269,61.21059],[26.13686,61.16521],[26.18974,61.12584],[26.23216,61.12972],[26.27339,61.15225],[26.31662,61.19984],[26.36007,61.19919],[26.42961,61.22911],[26.43494,61.25664],[26.43904,61.30428],[26.41232,61.32185],[26.33866,61.3323],[26.22101,61.33928]]]}},{"type":"Feature","properties":{"nr":"19310"},"geometry":{"type":"Polygon","coordinates":[[[25.57137,61.33405],[25.64265,61.34248],[25.67581,61.36034],[25.54416,61.39075],[25.49638,61.39582],[25.47316,61.36951],[25.54703,61.33552],[25.57137,61.33405]]]}},{"type":"Feature","properties":{"nr":"18600"},"geometry":{"type":"Polygon","coordinates":[[[26.01041,61.17808],[25.92081,61.21991],[25.88154,61.18596],[25.91079,61.15012],[25.91895,61.12795],[25.97975,61.12161],[26.06193,61.11773],[26.12368,61.14834],[26.08433,61.15962],[26.01041,61.17808]]]}},{"type":"Feature","properties":{"nr":"19110"},"geometry":{"type":"Polygon","coordinates":[[[25.9597,61.0725],[26.03318,61.08297],[26.05533,61.10983],[25.99708,61.09501],[25.97975,61.12161],[25.91895,61.12795],[25.91079,61.15012],[25.8517,61.13144],[25.85729,61.10211],[25.86407,61.08804],[25.9597,61.0725]]]}},{"type":"Feature","properties":{"nr":"19120"},"geometry":{"type":"Polygon","coordinates":[[[25.97975,61.12161],[25.99708,61.09501],[26.05533,61.10983],[26.06193,61.11773],[25.97975,61.12161]]]}},{"type":"Feature","properties":{"nr":"19160"},"geometry":{"type":"Polygon","coordinates":[[[26.13686,61.16521],[26.12368,61.14834],[26.06193,61.11773],[26.05533,61.10983],[26.03318,61.08297],[26.05504,61.04373],[26.13322,61.0276],[26.15592,61.0291],[26.25106,61.03556],[26.25957,61.06285],[26.32139,61.08141],[26.23216,61.12972],[26.18974,61.12584],[26.13686,61.16521]]]}},{"type":"Feature","properties":{"nr":"19210"},"geometry":{"type":"Polygon","coordinates":[[[26.10407,61.34846],[26.0636,61.34642],[25.96692,61.39103],[25.90642,61.3736],[25.87916,61.33652],[25.96722,61.32076],[26.04866,61.26919],[26.12519,61.27517],[26.22101,61.33928],[26.21397,61.3705],[26.14848,61.33574],[26.10407,61.34846]]]}},{"type":"Feature","properties":{"nr":"19230"},"geometry":{"type":"Polygon","coordinates":[[[26.14634,61.43071],[26.10304,61.43143],[26.07525,61.46964],[25.9993,61.45981],[25.94584,61.43283],[25.96692,61.39103],[26.0636,61.34642],[26.10407,61.34846],[26.15381,61.39552],[26.14634,61.43071]]]}},{"type":"Feature","properties":{"nr":"19250"},"geometry":{"type":"Polygon","coordinates":[[[26.10407,61.34846],[26.14848,61.33574],[26.21397,61.3705],[26.23428,61.407],[26.15381,61.39552],[26.10407,61.34846]]]}},{"type":"Feature","properties":{"nr":"19260"},"geometry":{"type":"Polygon","coordinates":[[[26.22101,61.33928],[26.33866,61.3323],[26.3627,61.35732],[26.30576,61.36923],[26.33827,61.44718],[26.2716,61.43647],[26.23428,61.407],[26.21397,61.3705],[26.22101,61.33928]]]}},{"type":"Feature","properties":{"nr":"19320"},"geometry":{"type":"Polygon","coordinates":[[[25.71943,61.40856],[25.68207,61.42261],[25.58013,61.43524],[25.54416,61.39075],[25.67581,61.36034],[25.72726,61.37526],[25.71943,61.40856]]]}},{"type":"Feature","properties":{"nr":"19370"},"geometry":{"type":"Polygon","coordinates":[[[25.94584,61.43283],[25.87732,61.47087],[25.89004,61.49009],[25.86785,61.50126],[25.83386,61.46417],[25.79556,61.45975],[25.75971,61.41371],[25.71943,61.40856],[25.72726,61.37526],[25.82802,61.32268],[25.87916,61.33652],[25.90642,61.3736],[25.96692,61.39103],[25.94584,61.43283]]]}},{"type":"Feature","properties":{"nr":"19410"},"geometry":{"type":"Polygon","coordinates":[[[26.3627,61.35732],[26.38972,61.37037],[26.50721,61.3855],[26.49244,61.43534],[26.40492,61.46363],[26.33827,61.44718],[26.30576,61.36923],[26.3627,61.35732]]]}},{"type":"Feature","properties":{"nr":"19420"},"geometry":{"type":"Polygon","coordinates":[[[26.2716,61.43647],[26.33827,61.44718],[26.40492,61.46363],[26.4071,61.51357],[26.38132,61.54302],[26.32914,61.5611],[26.27563,61.50558],[26.29313,61.46676],[26.26916,61.43743],[26.2716,61.43647]]]}},{"type":"Feature","properties":{"nr":"19430"},"geometry":{"type":"Polygon","coordinates":[[[26.55992,61.47266],[26.52095,61.54259],[26.48898,61.55935],[26.51896,61.61426],[26.50602,61.6238],[26.47681,61.6088],[26.48683,61.57672],[26.40931,61.56543],[26.38132,61.54302],[26.4071,61.51357],[26.40492,61.46363],[26.49244,61.43534],[26.56381,61.45164],[26.55992,61.47266]]]}},{"type":"Feature","properties":{"nr":"19460"},"geometry":{"type":"Polygon","coordinates":[[[26.50602,61.6238],[26.41535,61.66023],[26.38166,61.6542],[26.31619,61.60874],[26.32914,61.5611],[26.38132,61.54302],[26.40931,61.56543],[26.48683,61.57672],[26.47681,61.6088],[26.50602,61.6238]]]}},{"type":"Feature","properties":{"nr":"19470"},"geometry":{"type":"Polygon","coordinates":[[[26.60854,61.57032],[26.5763,61.56902],[26.51896,61.61426],[26.48898,61.55935],[26.52095,61.54259],[26.55992,61.47266],[26.59173,61.48041],[26.58512,61.51839],[26.60854,61.57032]]]}},{"type":"Feature","properties":{"nr":"19480"},"geometry":{"type":"Polygon","coordinates":[[[26.6234,61.56665],[26.60854,61.57032],[26.58512,61.51839],[26.59173,61.48041],[26.66449,61.48642],[26.65804,61.52357],[26.6234,61.56665]]]}},{"type":"Feature","properties":{"nr":"19510"},"geometry":{"type":"Polygon","coordinates":[[[26.15381,61.39552],[26.23428,61.407],[26.2716,61.43647],[26.26916,61.43743],[26.19482,61.45394],[26.14634,61.43071],[26.15381,61.39552]]]}},{"type":"Feature","properties":{"nr":"19540"},"geometry":{"type":"Polygon","coordinates":[[[26.31619,61.60874],[26.29809,61.65297],[26.21292,61.64351],[26.15797,61.62116],[26.14732,61.54991],[26.16148,61.52818],[26.1121,61.49981],[26.07525,61.46964],[26.10304,61.43143],[26.14634,61.43071],[26.19482,61.45394],[26.26916,61.43743],[26.29313,61.46676],[26.27563,61.50558],[26.32914,61.5611],[26.31619,61.60874]]]}},{"type":"Feature","properties":{"nr":"19600"},"geometry":{"type":"Polygon","coordinates":[[[25.95874,61.74384],[25.93707,61.68101],[25.77146,61.68554],[25.78738,61.65198],[25.85546,61.59365],[25.85254,61.57051],[25.87208,61.57837],[25.96495,61.53678],[26.02309,61.5334],[26.06306,61.56362],[26.14732,61.54991],[26.15797,61.62116],[26.09554,61.64703],[26.03699,61.68856],[25.98632,61.70397],[25.99868,61.72926],[25.95874,61.74384]]]}},{"type":"Feature","properties":{"nr":"22240"},"geometry":{"type":"Polygon","coordinates":[[[19.82402,60.20818],[19.76627,60.26473],[19.80164,60.32144],[19.75458,60.33701],[19.73422,60.28504],[19.67651,60.29885],[19.6598,60.2464],[19.69007,60.22739],[19.70449,60.16268],[19.72584,60.13416],[19.77842,60.13932],[19.85841,60.19122],[19.82402,60.20818]]]}},{"type":"Feature","properties":{"nr":"19620"},"geometry":{"type":"Polygon","coordinates":[[[26.02309,61.5334],[25.96495,61.53678],[25.93315,61.51376],[25.86854,61.50614],[25.86785,61.50126],[25.89004,61.49009],[25.95854,61.49299],[25.9993,61.45981],[26.07525,61.46964],[26.1121,61.49981],[26.02309,61.5334]]]}},{"type":"Feature","properties":{"nr":"19630"},"geometry":{"type":"Polygon","coordinates":[[[25.94584,61.43283],[25.9993,61.45981],[25.95854,61.49299],[25.89004,61.49009],[25.87732,61.47087],[25.94584,61.43283]]]}},{"type":"Feature","properties":{"nr":"19650"},"geometry":{"type":"Polygon","coordinates":[[[26.36767,61.80867],[26.28271,61.80936],[26.2499,61.82971],[26.27111,61.86179],[26.18205,61.89177],[26.21021,61.8595],[26.14781,61.82897],[26.0332,61.83496],[26.01651,61.78698],[25.96667,61.77361],[25.95874,61.74384],[25.99868,61.72926],[25.98632,61.70397],[26.03699,61.68856],[26.09554,61.64703],[26.15797,61.62116],[26.21292,61.64351],[26.29809,61.65297],[26.31619,61.60874],[26.38166,61.6542],[26.41535,61.66023],[26.50602,61.6238],[26.53598,61.68073],[26.51923,61.71291],[26.42578,61.79629],[26.36767,61.80867]]]}},{"type":"Feature","properties":{"nr":"22270"},"geometry":{"type":"Polygon","coordinates":[[[19.67395,60.22559],[19.64157,60.2403],[19.6216,60.28358],[19.53408,60.25565],[19.53768,60.21303],[19.51458,60.17822],[19.5741,60.14359],[19.60732,60.18747],[19.66611,60.17115],[19.67586,60.21508],[19.67395,60.22559]]]}},{"type":"Feature","properties":{"nr":"19670"},"geometry":{"type":"Polygon","coordinates":[[[26.36767,61.80867],[26.41981,61.84444],[26.3774,61.88236],[26.34572,61.89539],[26.32022,61.93959],[26.28182,61.94119],[26.18205,61.89177],[26.27111,61.86179],[26.2499,61.82971],[26.28271,61.80936],[26.36767,61.80867]]]}},{"type":"Feature","properties":{"nr":"19700"},"geometry":{"type":"Polygon","coordinates":[[[25.83867,61.56992],[25.75973,61.56351],[25.69566,61.58541],[25.70853,61.603],[25.65306,61.64404],[25.64043,61.68992],[25.50469,61.67785],[25.46602,61.62078],[25.46296,61.54658],[25.41679,61.52754],[25.41587,61.49461],[25.49516,61.43659],[25.49638,61.39582],[25.54416,61.39075],[25.58013,61.43524],[25.68207,61.42261],[25.71943,61.40856],[25.75971,61.41371],[25.79556,61.45975],[25.83386,61.46417],[25.86785,61.50126],[25.86854,61.50614],[25.80907,61.52611],[25.83867,61.56992]],[[25.65206,61.5771],[25.62884,61.592],[25.67563,61.59621],[25.67674,61.58298],[25.65206,61.5771]]]}},{"type":"Feature","properties":{"nr":"19730"},"geometry":{"type":"Polygon","coordinates":[[[25.65206,61.5771],[25.67674,61.58298],[25.67563,61.59621],[25.62884,61.592],[25.65206,61.5771]]]}},{"type":"Feature","properties":{"nr":"19740"},"geometry":{"type":"Polygon","coordinates":[[[25.68666,61.71956],[25.64043,61.68992],[25.65306,61.64404],[25.70853,61.603],[25.69566,61.58541],[25.75973,61.56351],[25.83867,61.56992],[25.85254,61.57051],[25.85546,61.59365],[25.78738,61.65198],[25.77146,61.68554],[25.72055,61.70392],[25.68666,61.71956]]]}},{"type":"Feature","properties":{"nr":"19770"},"geometry":{"type":"Polygon","coordinates":[[[25.86854,61.50614],[25.93315,61.51376],[25.96495,61.53678],[25.87208,61.57837],[25.85254,61.57051],[25.83867,61.56992],[25.80907,61.52611],[25.86854,61.50614]]]}},{"type":"Feature","properties":{"nr":"19850"},"geometry":{"type":"Polygon","coordinates":[[[25.96667,61.77361],[25.84656,61.79661],[25.80614,61.73453],[25.72055,61.70392],[25.77146,61.68554],[25.93707,61.68101],[25.95874,61.74384],[25.96667,61.77361]]]}},{"type":"Feature","properties":{"nr":"19910"},"geometry":{"type":"Polygon","coordinates":[[[25.83489,61.91038],[25.8147,61.91374],[25.7914,61.87969],[25.70047,61.84598],[25.748,61.82342],[25.68666,61.71956],[25.72055,61.70392],[25.80614,61.73453],[25.84656,61.79661],[25.9192,61.85164],[25.83489,61.91038]]]}},{"type":"Feature","properties":{"nr":"19920"},"geometry":{"type":"Polygon","coordinates":[[[25.84656,61.79661],[25.96667,61.77361],[26.01651,61.78698],[26.0332,61.83496],[26.02938,61.8756],[25.9192,61.85164],[25.84656,61.79661]]]}},{"type":"Feature","properties":{"nr":"22310"},"geometry":{"type":"Polygon","coordinates":[[[19.89846,60.32072],[19.89646,60.28229],[19.85981,60.24007],[19.91224,60.23152],[19.97379,60.27424],[19.96748,60.28838],[19.92635,60.30539],[19.89846,60.32072]]]}},{"type":"Feature","properties":{"nr":"19950"},"geometry":{"type":"Polygon","coordinates":[[[25.68666,61.71956],[25.748,61.82342],[25.70047,61.84598],[25.63624,61.86144],[25.5665,61.83999],[25.5528,61.78618],[25.47902,61.73737],[25.50469,61.67785],[25.64043,61.68992],[25.68666,61.71956]]]}},{"type":"Feature","properties":{"nr":"20100"},"geometry":{"type":"MultiPolygon","coordinates":[[[[22.28099,60.46262],[22.24259,60.45492],[22.24366,60.45249],[22.21897,60.43692],[22.2262,60.43307],[22.26145,60.44583],[22.26714,60.44659],[22.27339,60.45124],[22.27974,60.46091],[22.28099,60.46262]]],[[[22.20271,60.44072],[22.1272,60.43403],[22.10823,60.42551],[22.11921,60.40937],[22.15249,60.42559],[22.17451,60.42323],[22.20271,60.44072]]]]}},{"type":"Feature","properties":{"nr":"20200"},"geometry":{"type":"Polygon","coordinates":[[[22.21897,60.43692],[22.24366,60.45249],[22.21282,60.45495],[22.20176,60.44596],[22.21897,60.43692]]]}},{"type":"Feature","properties":{"nr":"20210"},"geometry":{"type":"Polygon","coordinates":[[[22.20176,60.44596],[22.21282,60.45495],[22.21133,60.46164],[22.19847,60.46985],[22.18842,60.46026],[22.18164,60.4432],[22.20176,60.44596]]]}},{"type":"Feature","properties":{"nr":"20240"},"geometry":{"type":"Polygon","coordinates":[[[22.12607,60.46167],[22.18164,60.4432],[22.18842,60.46026],[22.14839,60.46439],[22.12607,60.46167]]]}},{"type":"Feature","properties":{"nr":"20250"},"geometry":{"type":"Polygon","coordinates":[[[22.24259,60.45492],[22.22895,60.46386],[22.21133,60.46164],[22.21282,60.45495],[22.24366,60.45249],[22.24259,60.45492]]]}},{"type":"Feature","properties":{"nr":"20300"},"geometry":{"type":"Polygon","coordinates":[[[22.2644,60.4733],[22.22895,60.46386],[22.24259,60.45492],[22.28099,60.46262],[22.2876,60.4659],[22.28901,60.47676],[22.2644,60.4733]]]}},{"type":"Feature","properties":{"nr":"20320"},"geometry":{"type":"Polygon","coordinates":[[[22.2644,60.4733],[22.24939,60.49826],[22.19626,60.47255],[22.19847,60.46985],[22.21133,60.46164],[22.22895,60.46386],[22.2644,60.4733]]]}},{"type":"Feature","properties":{"nr":"20360"},"geometry":{"type":"Polygon","coordinates":[[[22.28901,60.47676],[22.318,60.51969],[22.26254,60.51373],[22.25527,60.50715],[22.24939,60.49826],[22.2644,60.4733],[22.28901,60.47676]]]}},{"type":"Feature","properties":{"nr":"20380"},"geometry":{"type":"Polygon","coordinates":[[[22.37546,60.52239],[22.33208,60.52927],[22.318,60.51969],[22.28901,60.47676],[22.2876,60.4659],[22.34543,60.47042],[22.35683,60.47333],[22.37237,60.48847],[22.37546,60.52239]]]}},{"type":"Feature","properties":{"nr":"20400"},"geometry":{"type":"Polygon","coordinates":[[[22.26254,60.51373],[22.318,60.51969],[22.33208,60.52927],[22.32392,60.56094],[22.30768,60.56956],[22.30759,60.56952],[22.26254,60.51373]]]}},{"type":"Feature","properties":{"nr":"20460"},"geometry":{"type":"Polygon","coordinates":[[[22.408,60.54734],[22.39621,60.57104],[22.32392,60.56094],[22.33208,60.52927],[22.37546,60.52239],[22.41012,60.52807],[22.408,60.54734]]]}},{"type":"Feature","properties":{"nr":"20500"},"geometry":{"type":"Polygon","coordinates":[[[22.28515,60.44635],[22.2923,60.45436],[22.27974,60.46091],[22.27339,60.45124],[22.28515,60.44635]]]}},{"type":"Feature","properties":{"nr":"20520"},"geometry":{"type":"Polygon","coordinates":[[[22.32845,60.44592],[22.2923,60.45436],[22.28515,60.44635],[22.28979,60.44456],[22.31807,60.43908],[22.32184,60.44019],[22.32845,60.44592]]]}},{"type":"Feature","properties":{"nr":"20540"},"geometry":{"type":"Polygon","coordinates":[[[22.34543,60.47042],[22.2876,60.4659],[22.28099,60.46262],[22.27974,60.46091],[22.2923,60.45436],[22.32845,60.44592],[22.36123,60.453],[22.34543,60.47042]]]}},{"type":"Feature","properties":{"nr":"20610"},"geometry":{"type":"Polygon","coordinates":[[[22.36262,60.43924],[22.36123,60.453],[22.32845,60.44592],[22.32184,60.44019],[22.36262,60.43924]]]}},{"type":"Feature","properties":{"nr":"20660"},"geometry":{"type":"Polygon","coordinates":[[[22.49094,60.46699],[22.40329,60.45974],[22.37634,60.47095],[22.35683,60.47333],[22.34543,60.47042],[22.36123,60.453],[22.36262,60.43924],[22.37123,60.42839],[22.43247,60.42823],[22.49094,60.46699]]]}},{"type":"Feature","properties":{"nr":"20700"},"geometry":{"type":"Polygon","coordinates":[[[22.28515,60.44635],[22.27339,60.45124],[22.26714,60.44659],[22.26608,60.44399],[22.27897,60.43833],[22.28979,60.44456],[22.28515,60.44635]]]}},{"type":"Feature","properties":{"nr":"22320"},"geometry":{"type":"Polygon","coordinates":[[[20.07326,60.36554],[20.01603,60.36384],[20.01165,60.34145],[19.92635,60.30539],[19.96748,60.28838],[20.01435,60.26443],[20.04821,60.31568],[20.07326,60.36554]]]}},{"type":"Feature","properties":{"nr":"20720"},"geometry":{"type":"Polygon","coordinates":[[[22.31807,60.43908],[22.28979,60.44456],[22.27897,60.43833],[22.28451,60.43098],[22.31382,60.42649],[22.32032,60.43388],[22.31807,60.43908]]]}},{"type":"Feature","properties":{"nr":"20730"},"geometry":{"type":"Polygon","coordinates":[[[22.32124,60.42265],[22.33454,60.42385],[22.32032,60.43388],[22.31382,60.42649],[22.32124,60.42265]]]}},{"type":"Feature","properties":{"nr":"20740"},"geometry":{"type":"Polygon","coordinates":[[[22.31382,60.42649],[22.28451,60.43098],[22.27808,60.42661],[22.26559,60.4105],[22.2852,60.40791],[22.32124,60.42265],[22.31382,60.42649]]]}},{"type":"Feature","properties":{"nr":"20750"},"geometry":{"type":"Polygon","coordinates":[[[22.32184,60.44019],[22.31807,60.43908],[22.32032,60.43388],[22.33454,60.42385],[22.34403,60.42324],[22.37123,60.42839],[22.36262,60.43924],[22.32184,60.44019]]]}},{"type":"Feature","properties":{"nr":"20760"},"geometry":{"type":"Polygon","coordinates":[[[22.34403,60.42324],[22.33454,60.42385],[22.32124,60.42265],[22.2852,60.40791],[22.29511,60.38442],[22.35734,60.3932],[22.34403,60.42324]]]}},{"type":"Feature","properties":{"nr":"20810"},"geometry":{"type":"Polygon","coordinates":[[[22.26145,60.44583],[22.2262,60.43307],[22.24821,60.42188],[22.27808,60.42661],[22.28451,60.43098],[22.27897,60.43833],[22.26608,60.44399],[22.26145,60.44583]]]}},{"type":"Feature","properties":{"nr":"20780"},"geometry":{"type":"Polygon","coordinates":[[[22.43247,60.42823],[22.37123,60.42839],[22.34403,60.42324],[22.35734,60.3932],[22.44663,60.40973],[22.43247,60.42823]]]}},{"type":"Feature","properties":{"nr":"20800"},"geometry":{"type":"Polygon","coordinates":[[[22.26608,60.44399],[22.26714,60.44659],[22.26145,60.44583],[22.26608,60.44399]]]}},{"type":"Feature","properties":{"nr":"20880"},"geometry":{"type":"Polygon","coordinates":[[[22.26559,60.4105],[22.27808,60.42661],[22.24821,60.42188],[22.26559,60.4105]]]}},{"type":"Feature","properties":{"nr":"20900"},"geometry":{"type":"Polygon","coordinates":[[[22.22841,60.42521],[22.14705,60.40579],[22.17269,60.38567],[22.24888,60.39078],[22.22841,60.42521]]]}},{"type":"Feature","properties":{"nr":"21110"},"geometry":{"type":"Polygon","coordinates":[[[22.08185,60.47944],[22.08604,60.50184],[22.08236,60.51643],[22.01339,60.49005],[22.02757,60.47806],[22.07023,60.47412],[22.08185,60.47944]]]}},{"type":"Feature","properties":{"nr":"21120"},"geometry":{"type":"Polygon","coordinates":[[[22.11617,60.48526],[22.08185,60.47944],[22.07023,60.47412],[22.10445,60.44813],[22.11892,60.47336],[22.11617,60.48526]]]}},{"type":"Feature","properties":{"nr":"21130"},"geometry":{"type":"Polygon","coordinates":[[[21.85971,60.42293],[21.79968,60.41548],[21.81686,60.38806],[21.90079,60.40502],[21.97141,60.41572],[21.92668,60.44668],[21.85971,60.42293]]]}},{"type":"Feature","properties":{"nr":"21200"},"geometry":{"type":"Polygon","coordinates":[[[22.20983,60.50291],[22.14584,60.53344],[22.12951,60.52822],[22.111,60.50172],[22.11617,60.48526],[22.11892,60.47336],[22.12607,60.46167],[22.14839,60.46439],[22.18906,60.47648],[22.20983,60.50291]]]}},{"type":"Feature","properties":{"nr":"21210"},"geometry":{"type":"Polygon","coordinates":[[[22.11617,60.48526],[22.111,60.50172],[22.08604,60.50184],[22.08185,60.47944],[22.11617,60.48526]]]}},{"type":"Feature","properties":{"nr":"21220"},"geometry":{"type":"Polygon","coordinates":[[[22.111,60.50172],[22.12951,60.52822],[22.08236,60.51643],[22.08604,60.50184],[22.111,60.50172]]]}},{"type":"Feature","properties":{"nr":"21230"},"geometry":{"type":"Polygon","coordinates":[[[21.9477,60.60985],[21.9044,60.58697],[21.89885,60.54769],[21.96248,60.53407],[22.03369,60.56417],[21.99896,60.60139],[21.9477,60.60985]]]}},{"type":"Feature","properties":{"nr":"21260"},"geometry":{"type":"Polygon","coordinates":[[[22.18842,60.46026],[22.19847,60.46985],[22.19626,60.47255],[22.18906,60.47648],[22.14839,60.46439],[22.18842,60.46026]]]}},{"type":"Feature","properties":{"nr":"21270"},"geometry":{"type":"Polygon","coordinates":[[[22.41608,60.72838],[22.38532,60.76781],[22.33026,60.7622],[22.28283,60.726],[22.19667,60.71676],[22.09465,60.68719],[22.02694,60.64749],[21.97349,60.63687],[21.9477,60.60985],[21.99896,60.60139],[22.03369,60.56417],[22.15011,60.59778],[22.21766,60.59801],[22.25317,60.60261],[22.25205,60.64441],[22.31907,60.67953],[22.35402,60.70931],[22.41608,60.72838]]]}},{"type":"Feature","properties":{"nr":"21280"},"geometry":{"type":"Polygon","coordinates":[[[22.24939,60.49826],[22.25527,60.50715],[22.20983,60.50291],[22.18906,60.47648],[22.19626,60.47255],[22.24939,60.49826]]]}},{"type":"Feature","properties":{"nr":"21290"},"geometry":{"type":"Polygon","coordinates":[[[22.25317,60.60261],[22.21766,60.59801],[22.20638,60.57026],[22.16344,60.56118],[22.14584,60.53344],[22.20983,60.50291],[22.25527,60.50715],[22.26254,60.51373],[22.30759,60.56952],[22.25646,60.58038],[22.25317,60.60261]]]}},{"type":"Feature","properties":{"nr":"21310"},"geometry":{"type":"Polygon","coordinates":[[[22.30768,60.56956],[22.37239,60.61464],[22.38647,60.64912],[22.31907,60.67953],[22.25205,60.64441],[22.25317,60.60261],[22.25646,60.58038],[22.30759,60.56952],[22.30768,60.56956]]]}},{"type":"Feature","properties":{"nr":"21330"},"geometry":{"type":"Polygon","coordinates":[[[22.32392,60.56094],[22.39621,60.57104],[22.45299,60.61704],[22.4629,60.64082],[22.45966,60.64495],[22.38647,60.64912],[22.37239,60.61464],[22.30768,60.56956],[22.32392,60.56094]]]}},{"type":"Feature","properties":{"nr":"22330"},"geometry":{"type":"Polygon","coordinates":[[[20.01603,60.36384],[19.93577,60.36375],[19.88818,60.34244],[19.89846,60.32072],[19.92635,60.30539],[20.01165,60.34145],[20.01603,60.36384]]]}},{"type":"Feature","properties":{"nr":"21340"},"geometry":{"type":"Polygon","coordinates":[[[22.45966,60.64495],[22.45212,60.69814],[22.46841,60.71981],[22.45378,60.73655],[22.41608,60.72838],[22.35402,60.70931],[22.31907,60.67953],[22.38647,60.64912],[22.45966,60.64495]]]}},{"type":"Feature","properties":{"nr":"21350"},"geometry":{"type":"Polygon","coordinates":[[[22.37237,60.48847],[22.41098,60.49468],[22.41012,60.52807],[22.37546,60.52239],[22.37237,60.48847]]]}},{"type":"Feature","properties":{"nr":"21360"},"geometry":{"type":"Polygon","coordinates":[[[22.408,60.54734],[22.4393,60.53729],[22.52017,60.55528],[22.54037,60.5785],[22.50521,60.58862],[22.4899,60.63306],[22.4629,60.64082],[22.45299,60.61704],[22.39621,60.57104],[22.408,60.54734]]]}},{"type":"Feature","properties":{"nr":"21370"},"geometry":{"type":"Polygon","coordinates":[[[22.54037,60.5785],[22.60071,60.58705],[22.62841,60.61424],[22.4899,60.63306],[22.50521,60.58862],[22.54037,60.5785]]]}},{"type":"Feature","properties":{"nr":"21380"},"geometry":{"type":"Polygon","coordinates":[[[22.62841,60.61424],[22.73881,60.63145],[22.6748,60.6579],[22.63122,60.67416],[22.52929,60.66371],[22.48699,60.69401],[22.48823,60.71644],[22.46841,60.71981],[22.45212,60.69814],[22.45966,60.64495],[22.4629,60.64082],[22.4899,60.63306],[22.62841,60.61424]]]}},{"type":"Feature","properties":{"nr":"21410"},"geometry":{"type":"Polygon","coordinates":[[[22.37634,60.47095],[22.41098,60.49468],[22.37237,60.48847],[22.35683,60.47333],[22.37634,60.47095]]]}},{"type":"Feature","properties":{"nr":"21420"},"geometry":{"type":"Polygon","coordinates":[[[22.60023,60.50531],[22.56831,60.50855],[22.52017,60.55528],[22.4393,60.53729],[22.408,60.54734],[22.41012,60.52807],[22.41098,60.49468],[22.37634,60.47095],[22.40329,60.45974],[22.49094,60.46699],[22.56659,60.48567],[22.60023,60.50531]]]}},{"type":"Feature","properties":{"nr":"21430"},"geometry":{"type":"Polygon","coordinates":[[[22.70444,60.54623],[22.60071,60.58705],[22.54037,60.5785],[22.52017,60.55528],[22.56831,60.50855],[22.60023,60.50531],[22.70444,60.54623]]]}},{"type":"Feature","properties":{"nr":"21450"},"geometry":{"type":"Polygon","coordinates":[[[22.83537,60.63242],[22.73881,60.63145],[22.62841,60.61424],[22.60071,60.58705],[22.70444,60.54623],[22.75609,60.52312],[22.80383,60.52508],[22.81023,60.59519],[22.83537,60.63242]]]}},{"type":"Feature","properties":{"nr":"21480"},"geometry":{"type":"Polygon","coordinates":[[[22.86446,60.51568],[22.9315,60.53916],[22.85527,60.5873],[22.81023,60.59519],[22.80383,60.52508],[22.86446,60.51568]]]}},{"type":"Feature","properties":{"nr":"21490"},"geometry":{"type":"Polygon","coordinates":[[[23.01188,60.56456],[22.99256,60.58565],[22.91197,60.60832],[22.85911,60.6411],[22.83851,60.63898],[22.83537,60.63242],[22.81023,60.59519],[22.85527,60.5873],[22.9315,60.53916],[23.01188,60.56456]]]}},{"type":"Feature","properties":{"nr":"21510"},"geometry":{"type":"Polygon","coordinates":[[[22.60418,60.3716],[22.69863,60.36657],[22.73123,60.39741],[22.65287,60.43463],[22.60189,60.43443],[22.60544,60.38459],[22.60418,60.3716]]]}},{"type":"Feature","properties":{"nr":"21800"},"geometry":{"type":"Polygon","coordinates":[[[22.83851,60.63898],[22.85911,60.6411],[22.86732,60.67298],[22.91194,60.69404],[22.89635,60.70926],[22.76492,60.72147],[22.74981,60.75194],[22.70757,60.76286],[22.64378,60.73042],[22.64131,60.68374],[22.63122,60.67416],[22.6748,60.6579],[22.71366,60.66898],[22.83851,60.63898]]]}},{"type":"Feature","properties":{"nr":"21530"},"geometry":{"type":"Polygon","coordinates":[[[22.70444,60.54623],[22.60023,60.50531],[22.56659,60.48567],[22.60189,60.43443],[22.65287,60.43463],[22.73123,60.39741],[22.78666,60.36893],[22.81836,60.37169],[22.84562,60.42641],[22.83004,60.44439],[22.74788,60.44351],[22.70091,60.45388],[22.73368,60.48531],[22.75609,60.52312],[22.70444,60.54623]]]}},{"type":"Feature","properties":{"nr":"21540"},"geometry":{"type":"Polygon","coordinates":[[[22.83004,60.44439],[22.83621,60.48074],[22.8384,60.48449],[22.73368,60.48531],[22.70091,60.45388],[22.74788,60.44351],[22.83004,60.44439]]]}},{"type":"Feature","properties":{"nr":"21555"},"geometry":{"type":"Polygon","coordinates":[[[22.86446,60.51568],[22.80383,60.52508],[22.75609,60.52312],[22.73368,60.48531],[22.8384,60.48449],[22.86446,60.51568]]]}},{"type":"Feature","properties":{"nr":"21560"},"geometry":{"type":"Polygon","coordinates":[[[23.05126,60.57267],[23.06892,60.59668],[23.01242,60.63545],[23.02356,60.64986],[22.97729,60.68759],[22.91194,60.69404],[22.86732,60.67298],[22.85911,60.6411],[22.91197,60.60832],[22.99256,60.58565],[23.01188,60.56456],[23.05126,60.57267]]]}},{"type":"Feature","properties":{"nr":"21720"},"geometry":{"type":"Polygon","coordinates":[[[21.60717,60.11251],[21.60244,60.11912],[21.57995,60.11812],[21.58386,60.11027],[21.60717,60.11251]]]}},{"type":"Feature","properties":{"nr":"21740"},"geometry":{"type":"Polygon","coordinates":[[[21.62303,59.82968],[21.60708,59.8329],[21.58564,59.82715],[21.59196,59.82005],[21.62303,59.82968]]]}},{"type":"Feature","properties":{"nr":"21750"},"geometry":{"type":"Polygon","coordinates":[[[21.60021,60.27342],[21.55467,60.22385],[21.60605,60.2233],[21.6313,60.25514],[21.60021,60.27342]]]}},{"type":"Feature","properties":{"nr":"21760"},"geometry":{"type":"Polygon","coordinates":[[[21.33548,60.23258],[21.28262,60.21287],[21.40399,60.17818],[21.38116,60.23412],[21.33548,60.23258]]]}},{"type":"Feature","properties":{"nr":"21820"},"geometry":{"type":"Polygon","coordinates":[[[22.89635,60.70926],[22.87382,60.74819],[22.77498,60.78785],[22.74932,60.79557],[22.71172,60.77632],[22.70757,60.76286],[22.74981,60.75194],[22.76492,60.72147],[22.89635,60.70926]]]}},{"type":"Feature","properties":{"nr":"21840"},"geometry":{"type":"Polygon","coordinates":[[[22.73881,60.63145],[22.83537,60.63242],[22.83851,60.63898],[22.71366,60.66898],[22.6748,60.6579],[22.73881,60.63145]]]}},{"type":"Feature","properties":{"nr":"21860"},"geometry":{"type":"Polygon","coordinates":[[[22.64131,60.68374],[22.58924,60.68758],[22.48823,60.71644],[22.48699,60.69401],[22.52929,60.66371],[22.63122,60.67416],[22.64131,60.68374]]]}},{"type":"Feature","properties":{"nr":"21870"},"geometry":{"type":"Polygon","coordinates":[[[22.51743,60.77754],[22.45965,60.7567],[22.45378,60.73655],[22.46841,60.71981],[22.48823,60.71644],[22.58924,60.68758],[22.64131,60.68374],[22.64378,60.73042],[22.62415,60.74877],[22.51743,60.77754]]]}},{"type":"Feature","properties":{"nr":"22130"},"geometry":{"type":"Polygon","coordinates":[[[19.86792,60.10537],[19.89879,60.15139],[19.88736,60.19046],[19.85841,60.19122],[19.77842,60.13932],[19.72584,60.13416],[19.76662,60.09091],[19.86792,60.10537]]]}},{"type":"Feature","properties":{"nr":"21880"},"geometry":{"type":"Polygon","coordinates":[[[22.71172,60.77632],[22.66183,60.77646],[22.59662,60.80541],[22.51743,60.77754],[22.62415,60.74877],[22.64378,60.73042],[22.70757,60.76286],[22.71172,60.77632]]]}},{"type":"Feature","properties":{"nr":"21890"},"geometry":{"type":"Polygon","coordinates":[[[22.74932,60.79557],[22.7328,60.82415],[22.5692,60.84451],[22.59662,60.80541],[22.66183,60.77646],[22.71172,60.77632],[22.74932,60.79557]]]}},{"type":"Feature","properties":{"nr":"21900"},"geometry":{"type":"Polygon","coordinates":[[[22.35786,60.93726],[22.33558,60.9572],[22.26588,60.94147],[22.26318,60.92284],[22.1679,60.88511],[22.23058,60.80077],[22.30696,60.78411],[22.33026,60.7622],[22.35197,60.80596],[22.43454,60.84824],[22.48373,60.88555],[22.53098,60.89383],[22.59344,60.91802],[22.57653,60.94295],[22.51321,60.95098],[22.35786,60.93726]]]}},{"type":"Feature","properties":{"nr":"21930"},"geometry":{"type":"Polygon","coordinates":[[[22.5692,60.84451],[22.53214,60.8848],[22.53098,60.89383],[22.48373,60.88555],[22.43454,60.84824],[22.35197,60.80596],[22.33026,60.7622],[22.38532,60.76781],[22.41608,60.72838],[22.45378,60.73655],[22.45965,60.7567],[22.51743,60.77754],[22.59662,60.80541],[22.5692,60.84451]]]}},{"type":"Feature","properties":{"nr":"22100"},"geometry":{"type":"Polygon","coordinates":[[[19.96198,60.12903],[19.92498,60.12449],[19.92141,60.11813],[19.95572,60.11414],[19.96198,60.12903]]]}},{"type":"Feature","properties":{"nr":"22140"},"geometry":{"type":"Polygon","coordinates":[[[20.02272,60.13024],[19.96198,60.12903],[19.95572,60.11414],[20.02272,60.13024]]]}},{"type":"Feature","properties":{"nr":"22120"},"geometry":{"type":"Polygon","coordinates":[[[19.92141,60.11813],[19.92498,60.12449],[19.89879,60.15139],[19.86792,60.10537],[19.92141,60.11813]]]}},{"type":"Feature","properties":{"nr":"22340"},"geometry":{"type":"Polygon","coordinates":[[[19.93577,60.36375],[19.95831,60.38874],[19.91798,60.42103],[19.84792,60.42412],[19.80058,60.40218],[19.83267,60.32777],[19.88818,60.34244],[19.93577,60.36375]]]}},{"type":"Feature","properties":{"nr":"22410"},"geometry":{"type":"MultiPolygon","coordinates":[[[[20.05558,60.25279],[20.02324,60.2596],[20.03784,60.23304],[20.05558,60.25279]]],[[[19.96509,60.19904],[20.0184,60.23536],[19.97379,60.27424],[19.91224,60.23152],[19.93794,60.20993],[19.96509,60.19904]]]]}},{"type":"Feature","properties":{"nr":"22430"},"geometry":{"type":"Polygon","coordinates":[[[20.17778,60.28658],[20.20881,60.32223],[20.19354,60.34308],[20.07326,60.36554],[20.04821,60.31568],[20.02324,60.2596],[20.05558,60.25279],[20.10973,60.26041],[20.17778,60.28658]]]}},{"type":"Feature","properties":{"nr":"22520"},"geometry":{"type":"Polygon","coordinates":[[[20.10433,60.18923],[20.14176,60.2436],[20.20699,60.25366],[20.21785,60.29797],[20.17778,60.28658],[20.10973,60.26041],[20.05558,60.25279],[20.03784,60.23304],[20.03249,60.21231],[20.10433,60.18923]]]}},{"type":"Feature","properties":{"nr":"22530"},"geometry":{"type":"Polygon","coordinates":[[[20.10433,60.18923],[20.16917,60.17546],[20.19142,60.20111],[20.23952,60.21096],[20.26049,60.2797],[20.21785,60.29797],[20.20699,60.25366],[20.14176,60.2436],[20.10433,60.18923]]]}},{"type":"Feature","properties":{"nr":"22550"},"geometry":{"type":"Polygon","coordinates":[[[20.35061,60.28305],[20.33071,60.23664],[20.39329,60.20298],[20.42661,60.25299],[20.35061,60.28305]]]}},{"type":"Feature","properties":{"nr":"22610"},"geometry":{"type":"Polygon","coordinates":[[[19.99905,60.08731],[20.03215,60.04848],[20.08245,60.0504],[20.11094,60.00397],[20.20285,59.98208],[20.23429,60.01022],[20.20633,60.02628],[20.22141,60.06293],[20.19123,60.07996],[20.08264,60.10794],[20.03422,60.08505],[19.99905,60.08731]]]}},{"type":"Feature","properties":{"nr":"22630"},"geometry":{"type":"Polygon","coordinates":[[[20.24917,60.15687],[20.2008,60.09452],[20.2503,60.07966],[20.29593,60.14807],[20.24917,60.15687]]]}},{"type":"Feature","properties":{"nr":"22710"},"geometry":{"type":"Polygon","coordinates":[[[20.55469,60.05903],[20.49685,60.02277],[20.54412,60.00659],[20.60584,60.03919],[20.55469,60.05903]]]}},{"type":"Feature","properties":{"nr":"22720"},"geometry":{"type":"Polygon","coordinates":[[[20.65852,60.15091],[20.6343,60.14378],[20.65477,60.11698],[20.68977,60.12522],[20.65852,60.15091]]]}},{"type":"Feature","properties":{"nr":"22730"},"geometry":{"type":"Polygon","coordinates":[[[20.95092,59.9557],[20.93652,59.93399],[20.98905,59.93739],[20.95092,59.9557]]]}},{"type":"Feature","properties":{"nr":"22810"},"geometry":{"type":"Polygon","coordinates":[[[20.68251,60.22906],[20.65815,60.20783],[20.67901,60.18941],[20.71679,60.20003],[20.68251,60.22906]]]}},{"type":"Feature","properties":{"nr":"22820"},"geometry":{"type":"Polygon","coordinates":[[[20.78297,60.28963],[20.75317,60.25359],[20.77946,60.22671],[20.83644,60.24736],[20.83111,60.27109],[20.78297,60.28963]]]}},{"type":"Feature","properties":{"nr":"22830"},"geometry":{"type":"Polygon","coordinates":[[[20.76832,60.36663],[20.73354,60.33662],[20.78108,60.32849],[20.76832,60.36663]]]}},{"type":"Feature","properties":{"nr":"22840"},"geometry":{"type":"Polygon","coordinates":[[[20.92719,60.34232],[20.9044,60.34323],[20.92459,60.31175],[20.94273,60.3113],[20.92719,60.34232]]]}},{"type":"Feature","properties":{"nr":"22910"},"geometry":{"type":"Polygon","coordinates":[[[21.0538,60.3654],[21.05795,60.34748],[21.084,60.35151],[21.0538,60.3654]]]}},{"type":"Feature","properties":{"nr":"22920"},"geometry":{"type":"Polygon","coordinates":[[[20.96363,60.42767],[20.97355,60.41599],[20.99513,60.42467],[20.96363,60.42767]]]}},{"type":"Feature","properties":{"nr":"22930"},"geometry":{"type":"Polygon","coordinates":[[[20.93803,60.46885],[20.924,60.4582],[20.93817,60.43835],[20.95346,60.44592],[20.95208,60.46083],[20.93803,60.46885]]]}},{"type":"Feature","properties":{"nr":"22940"},"geometry":{"type":"Polygon","coordinates":[[[21.06913,60.49688],[21.05327,60.46593],[21.10666,60.47431],[21.06913,60.49688]]]}},{"type":"Feature","properties":{"nr":"22950"},"geometry":{"type":"Polygon","coordinates":[[[21.0805,60.53547],[21.06301,60.51802],[21.10037,60.5154],[21.0805,60.53547]]]}},{"type":"Feature","properties":{"nr":"23100"},"geometry":{"type":"Polygon","coordinates":[[[22.1679,60.88511],[22.11833,60.90157],[22.07892,60.89129],[21.96756,60.82976],[21.90181,60.81437],[21.90455,60.79373],[21.86197,60.75767],[21.8097,60.75042],[21.78585,60.73261],[21.8145,60.66877],[21.8927,60.67056],[21.9127,60.64637],[21.97349,60.63687],[22.02694,60.64749],[22.09465,60.68719],[22.19667,60.71676],[22.28283,60.726],[22.33026,60.7622],[22.30696,60.78411],[22.23058,60.80077],[22.1679,60.88511]]]}},{"type":"Feature","properties":{"nr":"23390"},"geometry":{"type":"Polygon","coordinates":[[[21.32211,60.3908],[21.28983,60.37497],[21.35441,60.35096],[21.35903,60.36791],[21.32211,60.3908]]]}},{"type":"Feature","properties":{"nr":"23120"},"geometry":{"type":"Polygon","coordinates":[[[21.97349,60.63687],[21.9127,60.64637],[21.84289,60.60005],[21.82476,60.58935],[21.9044,60.58697],[21.9477,60.60985],[21.97349,60.63687]]]}},{"type":"Feature","properties":{"nr":"23200"},"geometry":{"type":"MultiPolygon","coordinates":[[[[21.58262,60.64024],[21.62334,60.67766],[21.5524,60.72428],[21.5317,60.71878],[21.56996,60.71082],[21.5134,60.66993],[21.58262,60.64024]]],[[[21.8097,60.75042],[21.73365,60.75052],[21.6558,60.73608],[21.6871,60.67759],[21.75762,60.64245],[21.76261,60.62558],[21.78132,60.62762],[21.8145,60.66877],[21.78585,60.73261],[21.8097,60.75042]]]]}},{"type":"Feature","properties":{"nr":"23210"},"geometry":{"type":"Polygon","coordinates":[[[21.76261,60.62558],[21.75762,60.64245],[21.6871,60.67759],[21.6558,60.73608],[21.61432,60.74933],[21.5524,60.72428],[21.62334,60.67766],[21.58262,60.64024],[21.58832,60.62432],[21.61906,60.60691],[21.67041,60.62688],[21.69867,60.63941],[21.76261,60.62558]]]}},{"type":"Feature","properties":{"nr":"23140"},"geometry":{"type":"Polygon","coordinates":[[[21.84289,60.60005],[21.9127,60.64637],[21.8927,60.67056],[21.8145,60.66877],[21.78132,60.62762],[21.78368,60.61185],[21.84289,60.60005]]]}},{"type":"Feature","properties":{"nr":"23360"},"geometry":{"type":"MultiPolygon","coordinates":[[[[21.26953,60.66849],[21.23296,60.62905],[21.27945,60.60478],[21.32079,60.63361],[21.32208,60.65892],[21.26953,60.66849]]],[[[21.47993,60.54548],[21.43069,60.55906],[21.38312,60.59672],[21.33466,60.54316],[21.38196,60.52934],[21.43366,60.48598],[21.49831,60.49346],[21.48091,60.53667],[21.47993,60.54548]]]]}},{"type":"Feature","properties":{"nr":"23260"},"geometry":{"type":"Polygon","coordinates":[[[21.76261,60.62558],[21.69867,60.63941],[21.67041,60.62688],[21.71886,60.59436],[21.78368,60.61185],[21.78132,60.62762],[21.76261,60.62558]]]}},{"type":"Feature","properties":{"nr":"23310"},"geometry":{"type":"Polygon","coordinates":[[[21.44536,60.62978],[21.41879,60.63372],[21.41129,60.6254],[21.43108,60.6012],[21.56303,60.56389],[21.60462,60.52886],[21.65845,60.51873],[21.67622,60.58],[21.71886,60.59436],[21.67041,60.62688],[21.61906,60.60691],[21.58832,60.62432],[21.44536,60.62978]]]}},{"type":"Feature","properties":{"nr":"23450"},"geometry":{"type":"Polygon","coordinates":[[[21.45035,60.74332],[21.46071,60.70319],[21.36484,60.72665],[21.33971,60.68577],[21.44536,60.62978],[21.58832,60.62432],[21.58262,60.64024],[21.5134,60.66993],[21.56996,60.71082],[21.5317,60.71878],[21.48481,60.732],[21.45035,60.74332]]]}},{"type":"Feature","properties":{"nr":"23500"},"geometry":{"type":"Polygon","coordinates":[[[21.43414,60.91272],[21.38473,60.92572],[21.38964,60.89924],[21.31239,60.86776],[21.36362,60.82563],[21.38673,60.77842],[21.45035,60.74332],[21.48481,60.732],[21.50525,60.79287],[21.45633,60.81952],[21.47213,60.88325],[21.43414,60.91272]]]}},{"type":"Feature","properties":{"nr":"23600"},"geometry":{"type":"Polygon","coordinates":[[[21.73365,60.75052],[21.71436,60.81294],[21.61729,60.84448],[21.55946,60.84199],[21.50696,60.88363],[21.47213,60.88325],[21.45633,60.81952],[21.50525,60.79287],[21.61624,60.77852],[21.61432,60.74933],[21.6558,60.73608],[21.73365,60.75052]]]}},{"type":"Feature","properties":{"nr":"23660"},"geometry":{"type":"Polygon","coordinates":[[[21.61432,60.74933],[21.61624,60.77852],[21.50525,60.79287],[21.48481,60.732],[21.5317,60.71878],[21.5524,60.72428],[21.61432,60.74933]]]}},{"type":"Feature","properties":{"nr":"25260"},"geometry":{"type":"Polygon","coordinates":[[[23.12628,60.49917],[23.07791,60.53032],[23.07598,60.56343],[23.05126,60.57267],[23.01188,60.56456],[22.9315,60.53916],[22.86446,60.51568],[22.8384,60.48449],[22.83621,60.48074],[22.8829,60.48112],[22.9856,60.44821],[22.99475,60.44987],[23.05372,60.47342],[23.08192,60.46397],[23.11595,60.4698],[23.13092,60.49691],[23.12628,60.49917]]]}},{"type":"Feature","properties":{"nr":"23800"},"geometry":{"type":"Polygon","coordinates":[[[21.85297,61.01334],[21.76014,61.0355],[21.72737,60.99369],[21.66572,60.99094],[21.61981,60.95093],[21.53269,60.93314],[21.50696,60.88363],[21.55946,60.84199],[21.61729,60.84448],[21.71436,60.81294],[21.73365,60.75052],[21.8097,60.75042],[21.86197,60.75767],[21.90455,60.79373],[21.90181,60.81437],[21.96756,60.82976],[22.07892,60.89129],[21.98733,60.90025],[21.9283,60.92658],[21.92549,60.96641],[21.87055,60.98387],[21.85297,61.01334]]]}},{"type":"Feature","properties":{"nr":"23930"},"geometry":{"type":"Polygon","coordinates":[[[21.38473,60.92572],[21.29854,61.0052],[21.25137,60.97675],[21.32098,60.95772],[21.31862,60.92939],[21.22819,60.91847],[21.17515,60.87195],[21.20647,60.84182],[21.27909,60.88996],[21.38964,60.89924],[21.38473,60.92572]]]}},{"type":"Feature","properties":{"nr":"24240"},"geometry":{"type":"Polygon","coordinates":[[[23.13242,60.39249],[23.13914,60.44968],[23.11595,60.4698],[23.08192,60.46397],[23.07021,60.44918],[23.09935,60.39115],[23.13242,60.39249]]]}},{"type":"Feature","properties":{"nr":"25320"},"geometry":{"type":"Polygon","coordinates":[[[23.12628,60.49917],[23.18082,60.51243],[23.20995,60.54915],[23.18176,60.57164],[23.11444,60.57744],[23.07598,60.56343],[23.07791,60.53032],[23.12628,60.49917]]]}},{"type":"Feature","properties":{"nr":"23950"},"geometry":{"type":"Polygon","coordinates":[[[21.53269,60.93314],[21.54158,60.96461],[21.49721,60.99256],[21.418,60.96278],[21.43414,60.91272],[21.47213,60.88325],[21.50696,60.88363],[21.53269,60.93314]]]}},{"type":"Feature","properties":{"nr":"25330"},"geometry":{"type":"Polygon","coordinates":[[[23.22756,60.49046],[23.30182,60.51704],[23.25939,60.53845],[23.21705,60.58268],[23.20925,60.58563],[23.18176,60.57164],[23.20995,60.54915],[23.18082,60.51243],[23.12628,60.49917],[23.13092,60.49691],[23.20943,60.49024],[23.22756,60.49046]]]}},{"type":"Feature","properties":{"nr":"23960"},"geometry":{"type":"Polygon","coordinates":[[[21.46628,61.00511],[21.36723,60.99639],[21.418,60.96278],[21.49721,60.99256],[21.48943,60.99891],[21.46628,61.00511]]]}},{"type":"Feature","properties":{"nr":"24100"},"geometry":{"type":"Polygon","coordinates":[[[23.24119,60.39315],[23.15716,60.39842],[23.13242,60.39249],[23.09935,60.39115],[23.07833,60.3758],[23.08496,60.36782],[23.13107,60.37753],[23.22347,60.36596],[23.24295,60.39249],[23.24119,60.39315]]]}},{"type":"Feature","properties":{"nr":"24260"},"geometry":{"type":"Polygon","coordinates":[[[23.20943,60.49024],[23.13092,60.49691],[23.11595,60.4698],[23.13914,60.44968],[23.13242,60.39249],[23.15716,60.39842],[23.20667,60.43656],[23.20943,60.49024]]]}},{"type":"Feature","properties":{"nr":"24130"},"geometry":{"type":"Polygon","coordinates":[[[23.22347,60.36596],[23.13107,60.37753],[23.08496,60.36782],[23.01648,60.29893],[23.05464,60.30397],[23.11583,60.3283],[23.19066,60.30592],[23.22347,60.36596]]]}},{"type":"Feature","properties":{"nr":"25170"},"geometry":{"type":"Polygon","coordinates":[[[23.05179,60.27006],[23.09399,60.29289],[23.21879,60.29093],[23.21134,60.30113],[23.19066,60.30592],[23.11583,60.3283],[23.05464,60.30397],[23.05179,60.27006]]]}},{"type":"Feature","properties":{"nr":"24280"},"geometry":{"type":"Polygon","coordinates":[[[23.15716,60.39842],[23.24119,60.39315],[23.21663,60.43757],[23.20667,60.43656],[23.15716,60.39842]]]}},{"type":"Feature","properties":{"nr":"24800"},"geometry":{"type":"MultiPolygon","coordinates":[[[[22.98477,60.38867],[22.9286,60.38162],[22.9372,60.35458],[22.98797,60.35668],[23.03033,60.36811],[22.98477,60.38867]]],[[[23.09935,60.39115],[23.07021,60.44918],[23.02769,60.42553],[23.06613,60.37585],[23.07833,60.3758],[23.09935,60.39115]]]]}},{"type":"Feature","properties":{"nr":"25180"},"geometry":{"type":"Polygon","coordinates":[[[23.36459,60.37056],[23.4088,60.42624],[23.33495,60.43552],[23.30011,60.39981],[23.36459,60.37056]]]}},{"type":"Feature","properties":{"nr":"24910"},"geometry":{"type":"Polygon","coordinates":[[[23.05688,60.35885],[23.06613,60.37585],[23.02769,60.42553],[22.99475,60.44987],[22.9856,60.44821],[22.98477,60.38867],[23.03033,60.36811],[23.05688,60.35885]]]}},{"type":"Feature","properties":{"nr":"25110"},"geometry":{"type":"Polygon","coordinates":[[[23.50553,60.39605],[23.46211,60.42862],[23.4088,60.42624],[23.36459,60.37056],[23.3881,60.32645],[23.47927,60.32808],[23.50553,60.39605]]]}},{"type":"Feature","properties":{"nr":"25130"},"geometry":{"type":"Polygon","coordinates":[[[23.3881,60.32645],[23.36459,60.37056],[23.30011,60.39981],[23.24295,60.39249],[23.22347,60.36596],[23.19066,60.30592],[23.21134,60.30113],[23.31719,60.3015],[23.3881,60.32645]]]}},{"type":"Feature","properties":{"nr":"25160"},"geometry":{"type":"Polygon","coordinates":[[[23.2433,60.27492],[23.30701,60.268],[23.31719,60.3015],[23.21134,60.30113],[23.21879,60.29093],[23.2433,60.27492]]]}},{"type":"Feature","properties":{"nr":"25190"},"geometry":{"type":"Polygon","coordinates":[[[23.24295,60.39249],[23.30011,60.39981],[23.33495,60.43552],[23.2896,60.45236],[23.21663,60.43757],[23.24119,60.39315],[23.24295,60.39249]]]}},{"type":"Feature","properties":{"nr":"25210"},"geometry":{"type":"Polygon","coordinates":[[[23.05688,60.35885],[23.03033,60.36811],[22.98797,60.35668],[22.97225,60.32818],[23.05688,60.35885]]]}},{"type":"Feature","properties":{"nr":"25230"},"geometry":{"type":"Polygon","coordinates":[[[22.97225,60.32818],[22.98797,60.35668],[22.9372,60.35458],[22.92617,60.33807],[22.85161,60.3329],[22.87924,60.30747],[22.97225,60.32818]]]}},{"type":"Feature","properties":{"nr":"25240"},"geometry":{"type":"Polygon","coordinates":[[[22.98477,60.38867],[22.9856,60.44821],[22.8829,60.48112],[22.83621,60.48074],[22.83004,60.44439],[22.84562,60.42641],[22.81836,60.37169],[22.85161,60.3329],[22.92617,60.33807],[22.9372,60.35458],[22.9286,60.38162],[22.98477,60.38867]]]}},{"type":"Feature","properties":{"nr":"25250"},"geometry":{"type":"Polygon","coordinates":[[[23.07021,60.44918],[23.08192,60.46397],[23.05372,60.47342],[22.99475,60.44987],[23.02769,60.42553],[23.07021,60.44918]]]}},{"type":"Feature","properties":{"nr":"25630"},"geometry":{"type":"Polygon","coordinates":[[[22.92271,60.09132],[22.96821,60.10376],[22.94746,60.12273],[22.87964,60.11023],[22.92271,60.09132]]]}},{"type":"Feature","properties":{"nr":"25340"},"geometry":{"type":"Polygon","coordinates":[[[23.30182,60.51704],[23.37293,60.53452],[23.39424,60.55113],[23.29274,60.59248],[23.21705,60.58268],[23.25939,60.53845],[23.30182,60.51704]]]}},{"type":"Feature","properties":{"nr":"25360"},"geometry":{"type":"Polygon","coordinates":[[[23.21663,60.43757],[23.2896,60.45236],[23.2962,60.47537],[23.22756,60.49046],[23.20943,60.49024],[23.20667,60.43656],[23.21663,60.43757]]]}},{"type":"Feature","properties":{"nr":"25370"},"geometry":{"type":"Polygon","coordinates":[[[23.4088,60.42624],[23.46211,60.42862],[23.4445,60.4614],[23.37293,60.53452],[23.30182,60.51704],[23.22756,60.49046],[23.2962,60.47537],[23.2896,60.45236],[23.33495,60.43552],[23.4088,60.42624]]]}},{"type":"Feature","properties":{"nr":"25380"},"geometry":{"type":"Polygon","coordinates":[[[23.4445,60.4614],[23.50937,60.47918],[23.51508,60.51627],[23.50542,60.56396],[23.43707,60.53117],[23.40935,60.55896],[23.39424,60.55113],[23.37293,60.53452],[23.4445,60.4614]]]}},{"type":"Feature","properties":{"nr":"25390"},"geometry":{"type":"Polygon","coordinates":[[[23.59882,60.49183],[23.51508,60.51627],[23.50937,60.47918],[23.4445,60.4614],[23.46211,60.42862],[23.50553,60.39605],[23.55071,60.41578],[23.5985,60.39756],[23.66839,60.41104],[23.70986,60.44389],[23.71604,60.49145],[23.63717,60.47007],[23.59882,60.49183]]]}},{"type":"Feature","properties":{"nr":"25410"},"geometry":{"type":"Polygon","coordinates":[[[23.66839,60.41104],[23.5985,60.39756],[23.55071,60.41578],[23.50553,60.39605],[23.47927,60.32808],[23.59569,60.30775],[23.62246,60.28972],[23.62665,60.28591],[23.68678,60.29323],[23.73565,60.3241],[23.73215,60.35465],[23.65489,60.37671],[23.68546,60.3983],[23.66839,60.41104]]]}},{"type":"Feature","properties":{"nr":"25420"},"geometry":{"type":"Polygon","coordinates":[[[23.78245,60.39875],[23.68546,60.3983],[23.65489,60.37671],[23.73215,60.35465],[23.79855,60.38604],[23.78245,60.39875]]]}},{"type":"Feature","properties":{"nr":"25430"},"geometry":{"type":"Polygon","coordinates":[[[23.78245,60.39875],[23.8002,60.42312],[23.77109,60.44237],[23.70986,60.44389],[23.66839,60.41104],[23.68546,60.3983],[23.78245,60.39875]]]}},{"type":"Feature","properties":{"nr":"25460"},"geometry":{"type":"Polygon","coordinates":[[[23.3881,60.32645],[23.31719,60.3015],[23.30701,60.268],[23.33606,60.21445],[23.39603,60.20705],[23.47833,60.26334],[23.62246,60.28972],[23.59569,60.30775],[23.47927,60.32808],[23.3881,60.32645]]]}},{"type":"Feature","properties":{"nr":"25470"},"geometry":{"type":"Polygon","coordinates":[[[23.48794,60.15218],[23.49892,60.15475],[23.51551,60.16216],[23.55397,60.2023],[23.61378,60.18965],[23.64056,60.20577],[23.62665,60.28591],[23.62246,60.28972],[23.47833,60.26334],[23.39603,60.20705],[23.41117,60.16801],[23.47092,60.17746],[23.48794,60.15218]]]}},{"type":"Feature","properties":{"nr":"25500"},"geometry":{"type":"Polygon","coordinates":[[[23.03643,60.14011],[23.02712,60.06866],[23.06078,60.09581],[23.14857,60.0938],[23.24423,60.13521],[23.25862,60.17352],[23.2428,60.20988],[23.22156,60.25171],[23.13323,60.21747],[23.10081,60.23541],[23.02803,60.23107],[22.95447,60.20586],[22.95341,60.20299],[23.02914,60.19346],[23.06631,60.1657],[23.03643,60.14011]]]}},{"type":"Feature","properties":{"nr":"25520"},"geometry":{"type":"Polygon","coordinates":[[[23.02803,60.23107],[23.10081,60.23541],[23.13323,60.21747],[23.22156,60.25171],[23.2433,60.27492],[23.21879,60.29093],[23.09399,60.29289],[23.05179,60.27006],[23.02803,60.23107]]]}},{"type":"Feature","properties":{"nr":"25540"},"geometry":{"type":"Polygon","coordinates":[[[23.32315,60.20872],[23.33606,60.21445],[23.30701,60.268],[23.2433,60.27492],[23.22156,60.25171],[23.2428,60.20988],[23.32315,60.20872]]]}},{"type":"Feature","properties":{"nr":"25550"},"geometry":{"type":"Polygon","coordinates":[[[23.35993,60.16469],[23.41117,60.16801],[23.39603,60.20705],[23.33606,60.21445],[23.32315,60.20872],[23.35993,60.16469]]]}},{"type":"Feature","properties":{"nr":"25560"},"geometry":{"type":"Polygon","coordinates":[[[23.24423,60.13521],[23.32455,60.13395],[23.35993,60.16469],[23.32315,60.20872],[23.2428,60.20988],[23.25862,60.17352],[23.24423,60.13521]]]}},{"type":"Feature","properties":{"nr":"25640"},"geometry":{"type":"Polygon","coordinates":[[[22.9243,60.0685],[22.88363,60.06789],[22.88335,60.05168],[22.91305,60.04027],[22.9243,60.0685]]]}},{"type":"Feature","properties":{"nr":"25570"},"geometry":{"type":"Polygon","coordinates":[[[22.95447,60.20586],[23.02803,60.23107],[23.05179,60.27006],[23.05464,60.30397],[23.01648,60.29893],[22.9477,60.26434],[22.92468,60.2369],[22.95447,60.20586]]]}},{"type":"Feature","properties":{"nr":"25610"},"geometry":{"type":"Polygon","coordinates":[[[23.03643,60.14011],[23.06631,60.1657],[23.02914,60.19346],[22.95341,60.20299],[22.92278,60.19241],[22.88985,60.18251],[22.90532,60.14243],[22.98749,60.12846],[23.00502,60.13028],[23.03643,60.14011]]]}},{"type":"Feature","properties":{"nr":"25650"},"geometry":{"type":"MultiPolygon","coordinates":[[[[22.92278,60.19241],[22.87167,60.19474],[22.88985,60.18251],[22.92278,60.19241]]],[[[22.83369,60.17181],[22.84139,60.21171],[22.83394,60.20758],[22.83369,60.17181]]]]}},{"type":"Feature","properties":{"nr":"25870"},"geometry":{"type":"Polygon","coordinates":[[[22.47594,60.10129],[22.40556,60.10461],[22.36546,60.08931],[22.3634,60.06184],[22.39303,60.00148],[22.44782,60.00075],[22.4848,60.05526],[22.53645,60.0556],[22.54246,60.07614],[22.53991,60.09752],[22.47594,60.10129]]]}},{"type":"Feature","properties":{"nr":"25660"},"geometry":{"type":"Polygon","coordinates":[[[22.92278,60.19241],[22.95341,60.20299],[22.95447,60.20586],[22.92468,60.2369],[22.87167,60.19474],[22.92278,60.19241]]]}},{"type":"Feature","properties":{"nr":"25700"},"geometry":{"type":"Polygon","coordinates":[[[22.79972,60.23568],[22.60815,60.22827],[22.59177,60.21148],[22.52253,60.20895],[22.52228,60.16373],[22.60182,60.1549],[22.60391,60.15109],[22.63116,60.16481],[22.67011,60.157],[22.60667,60.13579],[22.57188,60.15172],[22.49167,60.14566],[22.54595,60.14053],[22.58925,60.09937],[22.67803,60.0997],[22.75057,60.12263],[22.7931,60.09928],[22.81843,60.0887],[22.84302,60.0981],[22.86686,60.15063],[22.83369,60.17181],[22.83394,60.20758],[22.79972,60.23568]]]}},{"type":"Feature","properties":{"nr":"25840"},"geometry":{"type":"Polygon","coordinates":[[[22.53645,60.0556],[22.60366,60.05508],[22.62789,60.06906],[22.72325,60.07082],[22.72506,60.08226],[22.67803,60.0997],[22.58925,60.09937],[22.54246,60.07614],[22.53645,60.0556]]]}},{"type":"Feature","properties":{"nr":"25860"},"geometry":{"type":"Polygon","coordinates":[[[22.49167,60.14566],[22.43027,60.1232],[22.47594,60.10129],[22.53991,60.09752],[22.54246,60.07614],[22.58925,60.09937],[22.54595,60.14053],[22.49167,60.14566]]]}},{"type":"Feature","properties":{"nr":"25710"},"geometry":{"type":"MultiPolygon","coordinates":[[[[22.60182,60.1549],[22.52228,60.16373],[22.52218,60.16233],[22.60182,60.1549]]],[[[22.57188,60.15172],[22.60667,60.13579],[22.67011,60.157],[22.63116,60.16481],[22.60391,60.15109],[22.57188,60.15172]]]]}},{"type":"Feature","properties":{"nr":"25730"},"geometry":{"type":"Polygon","coordinates":[[[22.52253,60.20895],[22.46026,60.20287],[22.41424,60.1803],[22.48426,60.15878],[22.52218,60.16233],[22.52228,60.16373],[22.52253,60.20895]]]}},{"type":"Feature","properties":{"nr":"25760"},"geometry":{"type":"Polygon","coordinates":[[[22.90603,60.28569],[22.86106,60.2425],[22.79972,60.23568],[22.83394,60.20758],[22.84139,60.21171],[22.89595,60.22425],[22.94479,60.26694],[22.90603,60.28569]]]}},{"type":"Feature","properties":{"nr":"25810"},"geometry":{"type":"Polygon","coordinates":[[[22.72506,60.08226],[22.7931,60.09928],[22.75057,60.12263],[22.67803,60.0997],[22.72506,60.08226]]]}},{"type":"Feature","properties":{"nr":"25820"},"geometry":{"type":"Polygon","coordinates":[[[22.77092,60.06717],[22.81843,60.0887],[22.7931,60.09928],[22.72506,60.08226],[22.72325,60.07082],[22.77092,60.06717]]]}},{"type":"Feature","properties":{"nr":"25830"},"geometry":{"type":"Polygon","coordinates":[[[22.72325,60.07082],[22.62789,60.06906],[22.60366,60.05508],[22.61018,60.04844],[22.58669,60.02124],[22.68686,60.01877],[22.75165,60.00699],[22.7834,60.02008],[22.77092,60.06717],[22.72325,60.07082]]]}},{"type":"Feature","properties":{"nr":"25900"},"geometry":{"type":"Polygon","coordinates":[[[22.53645,60.0556],[22.4848,60.05526],[22.44782,60.00075],[22.61018,60.04844],[22.60366,60.05508],[22.53645,60.0556]]]}},{"type":"Feature","properties":{"nr":"25910"},"geometry":{"type":"Polygon","coordinates":[[[22.64835,59.95357],[22.61448,59.96546],[22.59737,59.95234],[22.63606,59.93693],[22.64835,59.95357]]]}},{"type":"Feature","properties":{"nr":"25930"},"geometry":{"type":"Polygon","coordinates":[[[22.40414,59.95434],[22.39389,59.94683],[22.40493,59.92198],[22.42287,59.9257],[22.4254,59.95033],[22.40414,59.95434]]]}},{"type":"Feature","properties":{"nr":"25940"},"geometry":{"type":"Polygon","coordinates":[[[22.53036,59.8986],[22.50218,59.89708],[22.5196,59.88633],[22.53036,59.8986]]]}},{"type":"Feature","properties":{"nr":"25950"},"geometry":{"type":"Polygon","coordinates":[[[22.48039,59.86117],[22.48301,59.8742],[22.45113,59.87298],[22.44156,59.86447],[22.48039,59.86117]]]}},{"type":"Feature","properties":{"nr":"25960"},"geometry":{"type":"Polygon","coordinates":[[[22.35366,59.96135],[22.33072,59.94802],[22.34143,59.93296],[22.37136,59.94867],[22.35366,59.96135]]]}},{"type":"Feature","properties":{"nr":"26100"},"geometry":{"type":"MultiPolygon","coordinates":[[[[21.36639,61.20517],[21.35815,61.20575],[21.35507,61.20596],[21.40249,61.18135],[21.39542,61.19232],[21.38703,61.2037],[21.36639,61.20517]]],[[[21.55403,61.15745],[21.50803,61.16157],[21.47786,61.14146],[21.44585,61.11238],[21.51028,61.11206],[21.54465,61.12456],[21.55403,61.15745]]]]}},{"type":"Feature","properties":{"nr":"26200"},"geometry":{"type":"Polygon","coordinates":[[[21.52367,61.18762],[21.44363,61.1929],[21.47786,61.14146],[21.50803,61.16157],[21.52367,61.18762]]]}},{"type":"Feature","properties":{"nr":"26410"},"geometry":{"type":"Polygon","coordinates":[[[21.58956,61.17315],[21.51163,61.2092],[21.52367,61.18762],[21.50803,61.16157],[21.55403,61.15745],[21.58956,61.17315]]]}},{"type":"Feature","properties":{"nr":"26510"},"geometry":{"type":"Polygon","coordinates":[[[21.64548,61.14063],[21.58956,61.17315],[21.55403,61.15745],[21.54465,61.12456],[21.59988,61.11806],[21.6449,61.14028],[21.64548,61.14063]]]}},{"type":"Feature","properties":{"nr":"26560"},"geometry":{"type":"Polygon","coordinates":[[[21.73029,61.0554],[21.69203,61.11653],[21.6449,61.14028],[21.59988,61.11806],[21.6052,61.10107],[21.65484,61.06691],[21.73029,61.0554]]]}},{"type":"Feature","properties":{"nr":"26660"},"geometry":{"type":"Polygon","coordinates":[[[21.54465,61.12456],[21.51028,61.11206],[21.52063,61.10242],[21.53138,61.10002],[21.56948,61.103],[21.6052,61.10107],[21.59988,61.11806],[21.54465,61.12456]]]}},{"type":"Feature","properties":{"nr":"27340"},"geometry":{"type":"Polygon","coordinates":[[[21.42039,61.04739],[21.31559,61.08745],[21.36723,60.99639],[21.46628,61.00511],[21.43251,61.02533],[21.42039,61.04739]]]}},{"type":"Feature","properties":{"nr":"26720"},"geometry":{"type":"Polygon","coordinates":[[[21.54945,61.08743],[21.56948,61.103],[21.53138,61.10002],[21.52788,61.08823],[21.54945,61.08743]]]}},{"type":"Feature","properties":{"nr":"26740"},"geometry":{"type":"Polygon","coordinates":[[[21.63058,61.04585],[21.65484,61.06691],[21.6052,61.10107],[21.56948,61.103],[21.54945,61.08743],[21.55647,61.04643],[21.63058,61.04585]]]}},{"type":"Feature","properties":{"nr":"26820"},"geometry":{"type":"Polygon","coordinates":[[[21.51028,61.11206],[21.44585,61.11238],[21.45301,61.09673],[21.52063,61.10242],[21.51028,61.11206]]]}},{"type":"Feature","properties":{"nr":"43390"},"geometry":{"type":"Polygon","coordinates":[[[25.17999,63.08883],[25.32283,63.07937],[25.37463,63.10269],[25.35882,63.13477],[25.2879,63.14909],[25.17934,63.15041],[25.17999,63.08883]]]}},{"type":"Feature","properties":{"nr":"26840"},"geometry":{"type":"Polygon","coordinates":[[[21.52063,61.10242],[21.45301,61.09673],[21.48981,61.07992],[21.52788,61.08823],[21.53138,61.10002],[21.52063,61.10242]]]}},{"type":"Feature","properties":{"nr":"26910"},"geometry":{"type":"Polygon","coordinates":[[[21.54945,61.08743],[21.52788,61.08823],[21.48981,61.07992],[21.48078,61.07405],[21.50292,61.05131],[21.55647,61.04643],[21.54945,61.08743]]]}},{"type":"Feature","properties":{"nr":"26930"},"geometry":{"type":"Polygon","coordinates":[[[21.55647,61.04643],[21.50292,61.05131],[21.43251,61.02533],[21.46628,61.00511],[21.48943,60.99891],[21.63583,61.01422],[21.63058,61.04585],[21.55647,61.04643]]]}},{"type":"Feature","properties":{"nr":"26950"},"geometry":{"type":"Polygon","coordinates":[[[21.48078,61.07405],[21.42039,61.04739],[21.43251,61.02533],[21.50292,61.05131],[21.48078,61.07405]]]}},{"type":"Feature","properties":{"nr":"27130"},"geometry":{"type":"Polygon","coordinates":[[[21.86296,61.23948],[21.8166,61.2232],[21.8027,61.19134],[21.82371,61.15558],[21.86895,61.14695],[21.94662,61.19162],[21.90289,61.20543],[21.86296,61.23948]]]}},{"type":"Feature","properties":{"nr":"27150"},"geometry":{"type":"Polygon","coordinates":[[[21.59231,61.21476],[21.54206,61.23306],[21.51163,61.2092],[21.58956,61.17315],[21.64548,61.14063],[21.7483,61.1481],[21.66704,61.18907],[21.59231,61.21476]]]}},{"type":"Feature","properties":{"nr":"27220"},"geometry":{"type":"Polygon","coordinates":[[[21.85297,61.01334],[21.84829,61.06752],[21.82417,61.07193],[21.76731,61.12347],[21.69203,61.11653],[21.73029,61.0554],[21.76014,61.0355],[21.85297,61.01334]]]}},{"type":"Feature","properties":{"nr":"56730"},"geometry":{"type":"Polygon","coordinates":[[[29.37127,61.37897],[29.25427,61.40123],[29.22214,61.44187],[29.2115,61.49107],[29.15418,61.48484],[29.07819,61.46971],[29.13131,61.43437],[29.12926,61.40155],[29.20509,61.32269],[29.29024,61.31486],[29.26468,61.29109],[29.37127,61.37897]]]}},{"type":"Feature","properties":{"nr":"27100"},"geometry":{"type":"Polygon","coordinates":[[[21.68383,61.25159],[21.54257,61.24963],[21.59231,61.21476],[21.66704,61.18907],[21.7483,61.1481],[21.82371,61.15558],[21.8027,61.19134],[21.8166,61.2232],[21.72436,61.23136],[21.68383,61.25159]]]}},{"type":"Feature","properties":{"nr":"27110"},"geometry":{"type":"Polygon","coordinates":[[[21.86296,61.23948],[21.87277,61.28187],[21.84086,61.29428],[21.79969,61.30235],[21.69896,61.2794],[21.68383,61.25159],[21.72436,61.23136],[21.8166,61.2232],[21.86296,61.23948]]]}},{"type":"Feature","properties":{"nr":"27160"},"geometry":{"type":"Polygon","coordinates":[[[21.49816,61.24602],[21.43948,61.24954],[21.48359,61.22731],[21.49816,61.24602]]]}},{"type":"Feature","properties":{"nr":"27170"},"geometry":{"type":"Polygon","coordinates":[[[21.56019,61.30933],[21.51271,61.29516],[21.49332,61.2635],[21.54257,61.24963],[21.68383,61.25159],[21.69896,61.2794],[21.6512,61.29491],[21.56019,61.30933]]]}},{"type":"Feature","properties":{"nr":"27320"},"geometry":{"type":"Polygon","coordinates":[[[21.63583,61.01422],[21.48943,60.99891],[21.49721,60.99256],[21.54158,60.96461],[21.53269,60.93314],[21.61981,60.95093],[21.66572,60.99094],[21.63583,61.01422]]]}},{"type":"Feature","properties":{"nr":"27230"},"geometry":{"type":"Polygon","coordinates":[[[21.84829,61.06752],[21.89652,61.04549],[21.93578,61.05436],[21.99711,61.07405],[22.0055,61.07888],[21.9196,61.10529],[21.86895,61.14695],[21.82371,61.15558],[21.7483,61.1481],[21.64548,61.14063],[21.6449,61.14028],[21.69203,61.11653],[21.76731,61.12347],[21.82417,61.07193],[21.84829,61.06752]]]}},{"type":"Feature","properties":{"nr":"27250"},"geometry":{"type":"Polygon","coordinates":[[[21.93578,61.05436],[22.01167,61.04155],[21.99711,61.07405],[21.93578,61.05436]]]}},{"type":"Feature","properties":{"nr":"27260"},"geometry":{"type":"Polygon","coordinates":[[[22.05672,61.03938],[22.0461,61.0855],[22.0055,61.07888],[21.99711,61.07405],[22.01167,61.04155],[21.93578,61.05436],[21.89652,61.04549],[21.84829,61.06752],[21.85297,61.01334],[21.98219,61.02123],[22.05672,61.03938]]]}},{"type":"Feature","properties":{"nr":"27310"},"geometry":{"type":"Polygon","coordinates":[[[21.73029,61.0554],[21.65484,61.06691],[21.63058,61.04585],[21.63583,61.01422],[21.66572,60.99094],[21.72737,60.99369],[21.76014,61.0355],[21.73029,61.0554]]]}},{"type":"Feature","properties":{"nr":"27400"},"geometry":{"type":"Polygon","coordinates":[[[22.12296,61.26326],[22.0397,61.27545],[22.01075,61.26393],[22.01859,61.21631],[22.02953,61.19582],[22.07364,61.18267],[22.17399,61.18788],[22.14993,61.21338],[22.08251,61.23957],[22.12296,61.26326]]]}},{"type":"Feature","properties":{"nr":"27420"},"geometry":{"type":"Polygon","coordinates":[[[21.94662,61.19162],[22.02953,61.19582],[22.01859,61.21631],[21.90289,61.20543],[21.94662,61.19162]]]}},{"type":"Feature","properties":{"nr":"27430"},"geometry":{"type":"Polygon","coordinates":[[[22.00366,61.2897],[21.897,61.30723],[21.84086,61.29428],[21.87277,61.28187],[21.86296,61.23948],[21.90289,61.20543],[22.01859,61.21631],[22.01075,61.26393],[22.0397,61.27545],[22.00366,61.2897]]]}},{"type":"Feature","properties":{"nr":"27450"},"geometry":{"type":"Polygon","coordinates":[[[22.15205,61.27604],[22.12296,61.26326],[22.08251,61.23957],[22.14993,61.21338],[22.17778,61.25043],[22.15205,61.27604]]]}},{"type":"Feature","properties":{"nr":"27640"},"geometry":{"type":"Polygon","coordinates":[[[22.11636,60.92163],[22.1419,60.9879],[22.1062,61.02013],[22.08436,61.02491],[22.04359,60.98678],[22.06555,60.94365],[22.11636,60.92163]]]}},{"type":"Feature","properties":{"nr":"27500"},"geometry":{"type":"Polygon","coordinates":[[[22.23173,61.12874],[22.1785,61.13013],[22.0461,61.0855],[22.05672,61.03938],[22.08436,61.02491],[22.1062,61.02013],[22.21097,61.05243],[22.19613,61.09432],[22.24512,61.11315],[22.23173,61.12874]]]}},{"type":"Feature","properties":{"nr":"27510"},"geometry":{"type":"Polygon","coordinates":[[[22.17399,61.18788],[22.07364,61.18267],[22.02953,61.19582],[21.94662,61.19162],[21.86895,61.14695],[21.9196,61.10529],[22.0055,61.07888],[22.0461,61.0855],[22.1785,61.13013],[22.23173,61.12874],[22.23544,61.15277],[22.17604,61.1861],[22.17399,61.18788]]]}},{"type":"Feature","properties":{"nr":"27600"},"geometry":{"type":"Polygon","coordinates":[[[22.08436,61.02491],[22.05672,61.03938],[21.98219,61.02123],[21.85297,61.01334],[21.87055,60.98387],[21.92549,60.96641],[21.9283,60.92658],[21.98733,60.90025],[22.07892,60.89129],[22.11833,60.90157],[22.11636,60.92163],[22.06555,60.94365],[22.04359,60.98678],[22.08436,61.02491]]]}},{"type":"Feature","properties":{"nr":"27650"},"geometry":{"type":"Polygon","coordinates":[[[22.29909,61.00807],[22.26625,61.02329],[22.1419,60.9879],[22.11636,60.92163],[22.11833,60.90157],[22.1679,60.88511],[22.26318,60.92284],[22.26588,60.94147],[22.33558,60.9572],[22.29909,61.00807]]]}},{"type":"Feature","properties":{"nr":"27670"},"geometry":{"type":"Polygon","coordinates":[[[22.1419,60.9879],[22.26625,61.02329],[22.24107,61.03897],[22.21097,61.05243],[22.1062,61.02013],[22.1419,60.9879]]]}},{"type":"Feature","properties":{"nr":"27710"},"geometry":{"type":"Polygon","coordinates":[[[22.34788,61.0828],[22.35964,61.11894],[22.31263,61.15227],[22.36062,61.18303],[22.35462,61.18831],[22.26747,61.17673],[22.23544,61.15277],[22.23173,61.12874],[22.24512,61.11315],[22.30232,61.08523],[22.34714,61.07756],[22.34788,61.0828]]]}},{"type":"Feature","properties":{"nr":"27730"},"geometry":{"type":"Polygon","coordinates":[[[22.25227,61.18668],[22.17604,61.1861],[22.23544,61.15277],[22.26747,61.17673],[22.25227,61.18668]]]}},{"type":"Feature","properties":{"nr":"27740"},"geometry":{"type":"Polygon","coordinates":[[[22.25227,61.18668],[22.21076,61.23806],[22.17778,61.25043],[22.14993,61.21338],[22.17399,61.18788],[22.17604,61.1861],[22.25227,61.18668]]]}},{"type":"Feature","properties":{"nr":"27750"},"geometry":{"type":"Polygon","coordinates":[[[22.44102,61.08177],[22.5054,61.09455],[22.52122,61.12209],[22.46427,61.15071],[22.36062,61.18303],[22.31263,61.15227],[22.35964,61.11894],[22.34788,61.0828],[22.38979,61.10124],[22.44102,61.08177]]]}},{"type":"Feature","properties":{"nr":"27800"},"geometry":{"type":"Polygon","coordinates":[[[22.34714,61.07756],[22.30232,61.08523],[22.24107,61.03897],[22.26625,61.02329],[22.29909,61.00807],[22.40104,61.02559],[22.42936,60.99555],[22.35786,60.93726],[22.51321,60.95098],[22.57653,60.94295],[22.54859,60.98589],[22.5684,60.99714],[22.55338,61.01536],[22.46737,61.0296],[22.41507,61.03343],[22.42571,61.04515],[22.42064,61.06148],[22.34714,61.07756]]]}},{"type":"Feature","properties":{"nr":"27820"},"geometry":{"type":"Polygon","coordinates":[[[22.24512,61.11315],[22.19613,61.09432],[22.21097,61.05243],[22.24107,61.03897],[22.30232,61.08523],[22.24512,61.11315]]]}},{"type":"Feature","properties":{"nr":"27840"},"geometry":{"type":"Polygon","coordinates":[[[22.42064,61.06148],[22.44102,61.08177],[22.38979,61.10124],[22.34788,61.0828],[22.34714,61.07756],[22.42064,61.06148]]]}},{"type":"Feature","properties":{"nr":"27860"},"geometry":{"type":"Polygon","coordinates":[[[22.55338,61.01536],[22.6117,61.07763],[22.61303,61.09638],[22.52122,61.12209],[22.5054,61.09455],[22.44102,61.08177],[22.42064,61.06148],[22.42571,61.04515],[22.46737,61.0296],[22.55338,61.01536]]]}},{"type":"Feature","properties":{"nr":"27910"},"geometry":{"type":"Polygon","coordinates":[[[22.42571,61.04515],[22.41507,61.03343],[22.46737,61.0296],[22.42571,61.04515]]]}},{"type":"Feature","properties":{"nr":"27920"},"geometry":{"type":"Polygon","coordinates":[[[22.35786,60.93726],[22.42936,60.99555],[22.40104,61.02559],[22.29909,61.00807],[22.33558,60.9572],[22.35786,60.93726]]]}},{"type":"Feature","properties":{"nr":"28100"},"geometry":{"type":"Polygon","coordinates":[[[21.79084,61.50001],[21.72775,61.53687],[21.72866,61.52943],[21.75044,61.48674],[21.75185,61.48672],[21.78329,61.47847],[21.78554,61.47718],[21.81539,61.47945],[21.83191,61.48611],[21.8401,61.49095],[21.8236,61.49306],[21.79084,61.50001]]]}},{"type":"Feature","properties":{"nr":"28120"},"geometry":{"type":"Polygon","coordinates":[[[21.78329,61.47847],[21.75185,61.48672],[21.75913,61.4771],[21.78329,61.47847]]]}},{"type":"Feature","properties":{"nr":"28130"},"geometry":{"type":"Polygon","coordinates":[[[21.81539,61.47945],[21.78554,61.47718],[21.81576,61.45663],[21.84765,61.45457],[21.83808,61.45868],[21.82609,61.46592],[21.81539,61.47945]]]}},{"type":"Feature","properties":{"nr":"28190"},"geometry":{"type":"Polygon","coordinates":[[[21.63654,61.61715],[21.63705,61.58966],[21.69724,61.55665],[21.72775,61.53687],[21.79084,61.50001],[21.79952,61.53623],[21.74166,61.5585],[21.71996,61.58847],[21.63654,61.61715]]]}},{"type":"Feature","properties":{"nr":"28200"},"geometry":{"type":"Polygon","coordinates":[[[21.82627,61.49525],[21.84043,61.52872],[21.79952,61.53623],[21.79084,61.50001],[21.8236,61.49306],[21.82627,61.49525]]]}},{"type":"Feature","properties":{"nr":"28220"},"geometry":{"type":"Polygon","coordinates":[[[21.92828,61.52658],[21.87495,61.55995],[21.84043,61.52872],[21.82627,61.49525],[21.88975,61.49721],[21.92828,61.52658]]]}},{"type":"Feature","properties":{"nr":"28240"},"geometry":{"type":"Polygon","coordinates":[[[21.88975,61.49721],[21.82627,61.49525],[21.8236,61.49306],[21.8401,61.49095],[21.87479,61.47504],[21.87633,61.47508],[21.88975,61.49721]]]}},{"type":"Feature","properties":{"nr":"28260"},"geometry":{"type":"Polygon","coordinates":[[[22.00582,61.48721],[21.97145,61.52803],[21.92828,61.52658],[21.88975,61.49721],[21.87633,61.47508],[21.88001,61.47457],[21.92862,61.46379],[22.00582,61.48721]]]}},{"type":"Feature","properties":{"nr":"28300"},"geometry":{"type":"Polygon","coordinates":[[[21.87479,61.47504],[21.8401,61.49095],[21.83191,61.48611],[21.85615,61.47455],[21.87479,61.47504]]]}},{"type":"Feature","properties":{"nr":"29100"},"geometry":{"type":"Polygon","coordinates":[[[21.52119,61.43256],[21.53866,61.37835],[21.56856,61.34589],[21.56019,61.30933],[21.6512,61.29491],[21.6501,61.32698],[21.76132,61.36029],[21.716,61.39401],[21.67949,61.41749],[21.56286,61.4179],[21.52119,61.43256]]]}},{"type":"Feature","properties":{"nr":"28330"},"geometry":{"type":"Polygon","coordinates":[[[21.87479,61.47504],[21.85615,61.47455],[21.85252,61.46547],[21.83808,61.45868],[21.84765,61.45457],[21.8701,61.45636],[21.88001,61.47457],[21.87633,61.47508],[21.87479,61.47504]]]}},{"type":"Feature","properties":{"nr":"28360"},"geometry":{"type":"Polygon","coordinates":[[[21.83191,61.48611],[21.81539,61.47945],[21.82609,61.46592],[21.85252,61.46547],[21.85615,61.47455],[21.83191,61.48611]]]}},{"type":"Feature","properties":{"nr":"28370"},"geometry":{"type":"Polygon","coordinates":[[[21.85252,61.46547],[21.82609,61.46592],[21.83808,61.45868],[21.85252,61.46547]]]}},{"type":"Feature","properties":{"nr":"29720"},"geometry":{"type":"Polygon","coordinates":[[[21.78715,61.69711],[21.69708,61.66982],[21.67419,61.63668],[21.74974,61.62784],[21.81326,61.6632],[21.78715,61.69711]]]}},{"type":"Feature","properties":{"nr":"28400"},"geometry":{"type":"Polygon","coordinates":[[[21.95159,61.40406],[21.86832,61.44329],[21.81884,61.43612],[21.80311,61.42858],[21.82104,61.39002],[21.91202,61.39105],[21.95159,61.40406]]]}},{"type":"Feature","properties":{"nr":"28430"},"geometry":{"type":"Polygon","coordinates":[[[21.81884,61.43612],[21.86832,61.44329],[21.8701,61.45636],[21.84765,61.45457],[21.81576,61.45663],[21.81097,61.45411],[21.81884,61.43612]]]}},{"type":"Feature","properties":{"nr":"28450"},"geometry":{"type":"Polygon","coordinates":[[[21.95159,61.40406],[21.98645,61.41483],[21.92862,61.46379],[21.88001,61.47457],[21.8701,61.45636],[21.86832,61.44329],[21.95159,61.40406]]]}},{"type":"Feature","properties":{"nr":"28500"},"geometry":{"type":"Polygon","coordinates":[[[21.78329,61.47847],[21.75913,61.4771],[21.76092,61.47335],[21.81097,61.45411],[21.81576,61.45663],[21.78554,61.47718],[21.78329,61.47847]]]}},{"type":"Feature","properties":{"nr":"28540"},"geometry":{"type":"Polygon","coordinates":[[[21.81097,61.45411],[21.76092,61.47335],[21.73787,61.46653],[21.74105,61.45104],[21.76304,61.43968],[21.80311,61.42858],[21.81884,61.43612],[21.81097,61.45411]]]}},{"type":"Feature","properties":{"nr":"28560"},"geometry":{"type":"Polygon","coordinates":[[[21.80311,61.42858],[21.76304,61.43968],[21.716,61.39401],[21.76132,61.36029],[21.7797,61.35657],[21.82104,61.39002],[21.80311,61.42858]]]}},{"type":"Feature","properties":{"nr":"28580"},"geometry":{"type":"Polygon","coordinates":[[[21.76304,61.43968],[21.74105,61.45104],[21.68501,61.43948],[21.67949,61.41749],[21.716,61.39401],[21.76304,61.43968]]]}},{"type":"Feature","properties":{"nr":"29180"},"geometry":{"type":"Polygon","coordinates":[[[21.79969,61.30235],[21.83022,61.3454],[21.7797,61.35657],[21.76132,61.36029],[21.6501,61.32698],[21.6512,61.29491],[21.69896,61.2794],[21.79969,61.30235]]]}},{"type":"Feature","properties":{"nr":"28600"},"geometry":{"type":"Polygon","coordinates":[[[21.75044,61.48674],[21.72866,61.52943],[21.67587,61.50955],[21.71045,61.48325],[21.68501,61.43948],[21.74105,61.45104],[21.73787,61.46653],[21.75044,61.48674]]]}},{"type":"Feature","properties":{"nr":"28610"},"geometry":{"type":"Polygon","coordinates":[[[21.75185,61.48672],[21.75044,61.48674],[21.73787,61.46653],[21.76092,61.47335],[21.75913,61.4771],[21.75185,61.48672]]]}},{"type":"Feature","properties":{"nr":"28660"},"geometry":{"type":"Polygon","coordinates":[[[21.62774,61.50902],[21.57783,61.49465],[21.56233,61.4703],[21.58639,61.42915],[21.52119,61.43256],[21.56286,61.4179],[21.67949,61.41749],[21.68501,61.43948],[21.71045,61.48325],[21.67587,61.50955],[21.62774,61.50902]]]}},{"type":"Feature","properties":{"nr":"29740"},"geometry":{"type":"Polygon","coordinates":[[[21.73541,61.77489],[21.7158,61.80033],[21.66854,61.78888],[21.57783,61.79117],[21.57393,61.78723],[21.59162,61.76886],[21.67499,61.75947],[21.73541,61.77489]]]}},{"type":"Feature","properties":{"nr":"28760"},"geometry":{"type":"Polygon","coordinates":[[[21.69724,61.55665],[21.65706,61.55639],[21.59001,61.53239],[21.62774,61.50902],[21.67587,61.50955],[21.72866,61.52943],[21.72775,61.53687],[21.69724,61.55665]]]}},{"type":"Feature","properties":{"nr":"28800"},"geometry":{"type":"Polygon","coordinates":[[[21.65706,61.55639],[21.57327,61.58171],[21.52306,61.56195],[21.53763,61.53388],[21.59001,61.53239],[21.65706,61.55639]]]}},{"type":"Feature","properties":{"nr":"29200"},"geometry":{"type":"Polygon","coordinates":[[[22.24812,61.37361],[22.1989,61.39275],[22.12075,61.39908],[22.06865,61.34214],[22.08324,61.32248],[22.00855,61.31318],[22.00366,61.2897],[22.0397,61.27545],[22.12296,61.26326],[22.15205,61.27604],[22.22947,61.28937],[22.25331,61.34137],[22.24812,61.37361]]]}},{"type":"Feature","properties":{"nr":"28840"},"geometry":{"type":"Polygon","coordinates":[[[21.52306,61.56195],[21.57327,61.58171],[21.53473,61.59131],[21.49043,61.57702],[21.52306,61.56195]]]}},{"type":"Feature","properties":{"nr":"29250"},"geometry":{"type":"Polygon","coordinates":[[[22.12075,61.39908],[22.07124,61.42293],[21.98645,61.41483],[21.95159,61.40406],[21.91202,61.39105],[21.91266,61.35299],[22.00855,61.31318],[22.08324,61.32248],[22.06865,61.34214],[22.12075,61.39908]]]}},{"type":"Feature","properties":{"nr":"64100"},"geometry":{"type":"Polygon","coordinates":[[[21.40648,62.34315],[21.35537,62.34092],[21.35492,62.33857],[21.33239,62.31942],[21.32606,62.31843],[21.32408,62.30316],[21.31918,62.26038],[21.37917,62.23986],[21.44659,62.27686],[21.42333,62.28622],[21.40648,62.34315]]]}},{"type":"Feature","properties":{"nr":"28880"},"geometry":{"type":"Polygon","coordinates":[[[21.49043,61.57702],[21.53473,61.59131],[21.48843,61.59562],[21.49043,61.57702]]]}},{"type":"Feature","properties":{"nr":"28900"},"geometry":{"type":"Polygon","coordinates":[[[21.43281,61.63211],[21.41445,61.62245],[21.44051,61.60682],[21.44684,61.61406],[21.42583,61.62119],[21.43281,61.63211]]]}},{"type":"Feature","properties":{"nr":"29270"},"geometry":{"type":"Polygon","coordinates":[[[21.91266,61.35299],[21.83022,61.3454],[21.79969,61.30235],[21.84086,61.29428],[21.897,61.30723],[22.00366,61.2897],[22.00855,61.31318],[21.91266,61.35299]]]}},{"type":"Feature","properties":{"nr":"29280"},"geometry":{"type":"Polygon","coordinates":[[[21.91202,61.39105],[21.82104,61.39002],[21.7797,61.35657],[21.83022,61.3454],[21.91266,61.35299],[21.91202,61.39105]]]}},{"type":"Feature","properties":{"nr":"29310"},"geometry":{"type":"Polygon","coordinates":[[[22.07124,61.42293],[22.05475,61.46828],[22.00582,61.48721],[21.92862,61.46379],[21.98645,61.41483],[22.07124,61.42293]]]}},{"type":"Feature","properties":{"nr":"29320"},"geometry":{"type":"Polygon","coordinates":[[[22.21425,61.41033],[22.13376,61.44329],[22.08465,61.48654],[22.05475,61.46828],[22.07124,61.42293],[22.12075,61.39908],[22.1989,61.39275],[22.21425,61.41033]]]}},{"type":"Feature","properties":{"nr":"29340"},"geometry":{"type":"Polygon","coordinates":[[[22.24248,61.5726],[22.20054,61.58267],[22.19178,61.57023],[22.07789,61.56934],[22.04965,61.54047],[22.10587,61.51054],[22.08465,61.48654],[22.13376,61.44329],[22.21425,61.41033],[22.28832,61.43088],[22.30866,61.44358],[22.41729,61.46332],[22.39882,61.48797],[22.36154,61.52028],[22.24248,61.5726]]]}},{"type":"Feature","properties":{"nr":"29350"},"geometry":{"type":"Polygon","coordinates":[[[22.04965,61.54047],[21.97145,61.52803],[22.00582,61.48721],[22.05475,61.46828],[22.08465,61.48654],[22.10587,61.51054],[22.04965,61.54047]]]}},{"type":"Feature","properties":{"nr":"29570"},"geometry":{"type":"Polygon","coordinates":[[[21.67419,61.63668],[21.63126,61.61992],[21.63654,61.61715],[21.71996,61.58847],[21.74166,61.5585],[21.79952,61.53623],[21.84043,61.52872],[21.87495,61.55995],[21.83843,61.59493],[21.74974,61.62784],[21.67419,61.63668]]]}},{"type":"Feature","properties":{"nr":"29700"},"geometry":{"type":"Polygon","coordinates":[[[21.7534,61.74879],[21.73541,61.77489],[21.67499,61.75947],[21.58305,61.73013],[21.53389,61.70469],[21.55682,61.66189],[21.63126,61.61992],[21.67419,61.63668],[21.69708,61.66982],[21.78715,61.69711],[21.7534,61.74879]]]}},{"type":"Feature","properties":{"nr":"31370"},"geometry":{"type":"Polygon","coordinates":[[[23.79094,60.72046],[23.79302,60.72485],[23.78735,60.728],[23.78239,60.7249],[23.79094,60.72046]]]}},{"type":"Feature","properties":{"nr":"29600"},"geometry":{"type":"Polygon","coordinates":[[[22.08387,61.62865],[21.97006,61.61951],[21.81326,61.6632],[21.74974,61.62784],[21.83843,61.59493],[21.87495,61.55995],[21.92828,61.52658],[21.97145,61.52803],[22.04965,61.54047],[22.07789,61.56934],[22.19178,61.57023],[22.20054,61.58267],[22.08387,61.62865]]]}},{"type":"Feature","properties":{"nr":"29630"},"geometry":{"type":"Polygon","coordinates":[[[21.99849,61.76163],[21.95429,61.77642],[21.7534,61.74879],[21.78715,61.69711],[21.81326,61.6632],[21.97006,61.61951],[22.08387,61.62865],[22.13854,61.6467],[22.22446,61.69787],[22.19665,61.70932],[22.0591,61.72385],[21.99849,61.76163]]]}},{"type":"Feature","properties":{"nr":"29640"},"geometry":{"type":"Polygon","coordinates":[[[22.19665,61.70932],[22.20095,61.72309],[22.16094,61.74025],[22.12848,61.79422],[22.03944,61.81666],[22.01422,61.81584],[21.97676,61.77676],[21.99849,61.76163],[22.0591,61.72385],[22.19665,61.70932]]]}},{"type":"Feature","properties":{"nr":"29680"},"geometry":{"type":"Polygon","coordinates":[[[22.32554,61.69609],[22.22446,61.69787],[22.13854,61.6467],[22.08387,61.62865],[22.20054,61.58267],[22.24248,61.5726],[22.30354,61.60687],[22.3738,61.6363],[22.39032,61.65958],[22.32554,61.69609]]]}},{"type":"Feature","properties":{"nr":"29750"},"geometry":{"type":"Polygon","coordinates":[[[21.58305,61.73013],[21.67499,61.75947],[21.59162,61.76886],[21.55396,61.75112],[21.58305,61.73013]]]}},{"type":"Feature","properties":{"nr":"29760"},"geometry":{"type":"Polygon","coordinates":[[[21.51703,61.79857],[21.44724,61.7906],[21.55396,61.75112],[21.59162,61.76886],[21.57393,61.78723],[21.51703,61.79857]]]}},{"type":"Feature","properties":{"nr":"29790"},"geometry":{"type":"Polygon","coordinates":[[[21.70249,61.84927],[21.6896,61.87435],[21.75074,61.90285],[21.72388,61.91603],[21.60398,61.90514],[21.5874,61.85671],[21.62813,61.82675],[21.57783,61.79117],[21.66854,61.78888],[21.7158,61.80033],[21.71577,61.80055],[21.70249,61.84927]]]}},{"type":"Feature","properties":{"nr":"29810"},"geometry":{"type":"Polygon","coordinates":[[[21.78679,62.01684],[21.74682,61.99595],[21.72388,61.91603],[21.75074,61.90285],[21.6896,61.87435],[21.70249,61.84927],[21.81088,61.85544],[21.87115,61.82466],[21.99191,61.82596],[22.01422,61.81584],[22.03944,61.81666],[22.06966,61.83862],[21.98161,61.89739],[22.01419,61.92115],[21.95625,61.96438],[21.99425,62.01339],[21.9879,62.01508],[21.8861,62.00475],[21.78679,62.01684]]]}},{"type":"Feature","properties":{"nr":"29830"},"geometry":{"type":"Polygon","coordinates":[[[22.06966,61.83862],[22.17169,61.8595],[22.13858,61.90424],[22.1352,61.92839],[22.01419,61.92115],[21.98161,61.89739],[22.06966,61.83862]]]}},{"type":"Feature","properties":{"nr":"29860"},"geometry":{"type":"Polygon","coordinates":[[[21.87115,61.82466],[21.81088,61.85544],[21.70249,61.84927],[21.71577,61.80055],[21.87115,61.82466]]]}},{"type":"Feature","properties":{"nr":"29880"},"geometry":{"type":"Polygon","coordinates":[[[21.87115,61.82466],[21.71577,61.80055],[21.7158,61.80033],[21.73541,61.77489],[21.7534,61.74879],[21.95429,61.77642],[21.99849,61.76163],[21.97676,61.77676],[22.01422,61.81584],[21.99191,61.82596],[21.87115,61.82466]]]}},{"type":"Feature","properties":{"nr":"29900"},"geometry":{"type":"Polygon","coordinates":[[[21.48271,62.00474],[21.4801,62.00632],[21.46912,62.00886],[21.4106,62.00049],[21.33779,61.951],[21.43854,61.92611],[21.51703,61.79857],[21.57393,61.78723],[21.57783,61.79117],[21.62813,61.82675],[21.5874,61.85671],[21.60398,61.90514],[21.57731,61.93984],[21.53508,61.9542],[21.48271,62.00474]]]}},{"type":"Feature","properties":{"nr":"29940"},"geometry":{"type":"Polygon","coordinates":[[[21.60398,61.90514],[21.72388,61.91603],[21.74682,61.99595],[21.78679,62.01684],[21.70581,62.02181],[21.6048,62.01346],[21.48271,62.00474],[21.53508,61.9542],[21.57731,61.93984],[21.60398,61.90514]]]}},{"type":"Feature","properties":{"nr":"30100"},"geometry":{"type":"Polygon","coordinates":[[[23.76607,60.91016],[23.67194,60.89755],[23.60552,60.93102],[23.53674,60.9254],[23.55541,60.88894],[23.52031,60.85328],[23.51504,60.8442],[23.55136,60.80981],[23.62513,60.80716],[23.63558,60.79302],[23.60087,60.78481],[23.56786,60.78541],[23.47394,60.74224],[23.55897,60.70078],[23.63566,60.69725],[23.51466,60.74696],[23.63102,60.76356],[23.6607,60.73898],[23.76676,60.73171],[23.77307,60.7633],[23.72256,60.78294],[23.7048,60.81893],[23.75226,60.8236],[23.73912,60.82977],[23.69445,60.86153],[23.77703,60.87267],[23.76607,60.91016]]]}},{"type":"Feature","properties":{"nr":"30300"},"geometry":{"type":"Polygon","coordinates":[[[23.60087,60.78481],[23.63558,60.79302],[23.62513,60.80716],[23.60087,60.78481]]]}},{"type":"Feature","properties":{"nr":"30420"},"geometry":{"type":"Polygon","coordinates":[[[23.62513,60.80716],[23.55136,60.80981],[23.56786,60.78541],[23.60087,60.78481],[23.62513,60.80716]]]}},{"type":"Feature","properties":{"nr":"31110"},"geometry":{"type":"Polygon","coordinates":[[[23.5616,61.01198],[23.4424,60.97125],[23.48249,60.93179],[23.53674,60.9254],[23.60552,60.93102],[23.60067,60.95843],[23.6559,60.97258],[23.61332,60.99962],[23.5616,61.01198]]]}},{"type":"Feature","properties":{"nr":"31130"},"geometry":{"type":"Polygon","coordinates":[[[23.75348,60.91736],[23.7451,60.93716],[23.6559,60.97258],[23.60067,60.95843],[23.60552,60.93102],[23.67194,60.89755],[23.76607,60.91016],[23.75348,60.91736]]]}},{"type":"Feature","properties":{"nr":"31140"},"geometry":{"type":"Polygon","coordinates":[[[23.55963,61.04168],[23.4835,61.04319],[23.41919,61.03156],[23.3878,60.99599],[23.4424,60.97125],[23.5616,61.01198],[23.55963,61.04168]]]}},{"type":"Feature","properties":{"nr":"31160"},"geometry":{"type":"Polygon","coordinates":[[[23.46257,61.05905],[23.4064,61.05681],[23.31972,61.04504],[23.31093,61.01937],[23.3878,60.99599],[23.41919,61.03156],[23.4835,61.04319],[23.46257,61.05905]]]}},{"type":"Feature","properties":{"nr":"64250"},"geometry":{"type":"Polygon","coordinates":[[[21.49827,62.40198],[21.38757,62.41488],[21.3461,62.40024],[21.30331,62.36162],[21.35537,62.34092],[21.40648,62.34315],[21.48788,62.3643],[21.49827,62.40198]]]}},{"type":"Feature","properties":{"nr":"31170"},"geometry":{"type":"Polygon","coordinates":[[[23.75348,60.91736],[23.83416,60.94235],[23.80053,60.98003],[23.71854,61.00709],[23.61332,60.99962],[23.6559,60.97258],[23.7451,60.93716],[23.75348,60.91736]]]}},{"type":"Feature","properties":{"nr":"31230"},"geometry":{"type":"Polygon","coordinates":[[[23.86653,60.85651],[23.89421,60.90363],[23.95713,60.9156],[23.96581,60.93813],[23.92946,60.95983],[23.86887,60.96832],[23.83416,60.94235],[23.75348,60.91736],[23.76607,60.91016],[23.77703,60.87267],[23.86653,60.85651]]]}},{"type":"Feature","properties":{"nr":"31250"},"geometry":{"type":"Polygon","coordinates":[[[24.04344,60.84565],[24.00217,60.88292],[24.03223,60.92626],[24.00671,60.93084],[23.96581,60.93813],[23.95713,60.9156],[23.89421,60.90363],[23.86653,60.85651],[23.91553,60.83351],[24.04344,60.84565]]]}},{"type":"Feature","properties":{"nr":"31380"},"geometry":{"type":"Polygon","coordinates":[[[23.76676,60.73171],[23.6607,60.73898],[23.63102,60.76356],[23.51466,60.74696],[23.63566,60.69725],[23.7236,60.65172],[23.82087,60.65722],[23.83319,60.71707],[23.80812,60.72852],[23.76676,60.73171]],[[23.79094,60.72046],[23.78239,60.7249],[23.78735,60.728],[23.79302,60.72485],[23.79094,60.72046]]]}},{"type":"Feature","properties":{"nr":"31300"},"geometry":{"type":"Polygon","coordinates":[[[23.77703,60.87267],[23.69445,60.86153],[23.73912,60.82977],[23.77065,60.84462],[23.80171,60.81608],[23.75226,60.8236],[23.7048,60.81893],[23.72256,60.78294],[23.81726,60.78737],[23.90268,60.76566],[24.00178,60.78974],[24.03177,60.80099],[24.04344,60.84565],[23.91553,60.83351],[23.86653,60.85651],[23.77703,60.87267]]]}},{"type":"Feature","properties":{"nr":"31310"},"geometry":{"type":"Polygon","coordinates":[[[23.75226,60.8236],[23.80171,60.81608],[23.77065,60.84462],[23.73912,60.82977],[23.75226,60.8236]]]}},{"type":"Feature","properties":{"nr":"31340"},"geometry":{"type":"Polygon","coordinates":[[[24.00178,60.78974],[23.90268,60.76566],[23.81726,60.78737],[23.72256,60.78294],[23.77307,60.7633],[23.76676,60.73171],[23.80812,60.72852],[23.83319,60.71707],[23.93662,60.71827],[24.03627,60.7318],[24.05426,60.74497],[24.00178,60.78974]]]}},{"type":"Feature","properties":{"nr":"31350"},"geometry":{"type":"Polygon","coordinates":[[[24.05679,60.68814],[24.03627,60.7318],[23.93662,60.71827],[23.83319,60.71707],[23.82087,60.65722],[23.88155,60.63616],[23.92573,60.64628],[24.036,60.65432],[24.05679,60.68814]]]}},{"type":"Feature","properties":{"nr":"31400"},"geometry":{"type":"Polygon","coordinates":[[[23.63566,60.69725],[23.55897,60.70078],[23.48449,60.6614],[23.43658,60.67082],[23.4119,60.6106],[23.43018,60.58488],[23.40935,60.55896],[23.43707,60.53117],[23.50542,60.56396],[23.56203,60.57867],[23.60963,60.5734],[23.60817,60.61526],[23.71331,60.64758],[23.7236,60.65172],[23.63566,60.69725]]]}},{"type":"Feature","properties":{"nr":"31410"},"geometry":{"type":"Polygon","coordinates":[[[23.43658,60.67082],[23.48449,60.6614],[23.55897,60.70078],[23.47394,60.74224],[23.45226,60.74548],[23.39815,60.724],[23.43658,60.67082]]]}},{"type":"Feature","properties":{"nr":"31450"},"geometry":{"type":"Polygon","coordinates":[[[23.21705,60.58268],[23.29274,60.59248],[23.39424,60.55113],[23.40935,60.55896],[23.43018,60.58488],[23.4119,60.6106],[23.33266,60.62191],[23.2636,60.63365],[23.20925,60.58563],[23.21705,60.58268]]]}},{"type":"Feature","properties":{"nr":"31460"},"geometry":{"type":"Polygon","coordinates":[[[23.63623,60.55877],[23.6868,60.5386],[23.73518,60.56083],[23.69931,60.60782],[23.71331,60.64758],[23.60817,60.61526],[23.60963,60.5734],[23.63623,60.55877]]]}},{"type":"Feature","properties":{"nr":"31470"},"geometry":{"type":"Polygon","coordinates":[[[23.88155,60.63616],[23.82087,60.65722],[23.7236,60.65172],[23.71331,60.64758],[23.69931,60.60782],[23.73518,60.56083],[23.6868,60.5386],[23.63623,60.55877],[23.63756,60.52442],[23.59882,60.49183],[23.63717,60.47007],[23.71604,60.49145],[23.87176,60.50128],[23.85096,60.55289],[23.90011,60.56499],[23.88155,60.63616]]]}},{"type":"Feature","properties":{"nr":"31490"},"geometry":{"type":"Polygon","coordinates":[[[23.60963,60.5734],[23.56203,60.57867],[23.50542,60.56396],[23.51508,60.51627],[23.59882,60.49183],[23.63756,60.52442],[23.63623,60.55877],[23.60963,60.5734]]]}},{"type":"Feature","properties":{"nr":"31500"},"geometry":{"type":"Polygon","coordinates":[[[23.23884,60.73318],[23.14009,60.76018],[23.11546,60.75112],[23.10592,60.72999],[22.97729,60.68759],[23.02356,60.64986],[23.01242,60.63545],[23.06892,60.59668],[23.05126,60.57267],[23.07598,60.56343],[23.11444,60.57744],[23.18176,60.57164],[23.20925,60.58563],[23.2636,60.63365],[23.20731,60.73238],[23.23884,60.73318]]]}},{"type":"Feature","properties":{"nr":"31520"},"geometry":{"type":"Polygon","coordinates":[[[23.33266,60.62191],[23.36033,60.66255],[23.35639,60.70272],[23.38831,60.7307],[23.37853,60.73734],[23.3396,60.71816],[23.23884,60.73318],[23.20731,60.73238],[23.2636,60.63365],[23.33266,60.62191]]]}},{"type":"Feature","properties":{"nr":"31530"},"geometry":{"type":"Polygon","coordinates":[[[23.33266,60.62191],[23.4119,60.6106],[23.43658,60.67082],[23.39815,60.724],[23.38831,60.7307],[23.35639,60.70272],[23.36033,60.66255],[23.33266,60.62191]]]}},{"type":"Feature","properties":{"nr":"64260"},"geometry":{"type":"Polygon","coordinates":[[[21.28761,62.41554],[21.25135,62.4239],[21.23467,62.42756],[21.29409,62.40742],[21.28761,62.41554]]]}},{"type":"Feature","properties":{"nr":"31600"},"geometry":{"type":"Polygon","coordinates":[[[23.55136,60.80981],[23.51504,60.8442],[23.41109,60.83095],[23.40997,60.81758],[23.46764,60.78696],[23.45226,60.74548],[23.47394,60.74224],[23.56786,60.78541],[23.55136,60.80981]]]}},{"type":"Feature","properties":{"nr":"31610"},"geometry":{"type":"Polygon","coordinates":[[[23.39815,60.724],[23.45226,60.74548],[23.46764,60.78696],[23.40997,60.81758],[23.36524,60.81668],[23.39694,60.75339],[23.37853,60.73734],[23.38831,60.7307],[23.39815,60.724]]]}},{"type":"Feature","properties":{"nr":"31620"},"geometry":{"type":"Polygon","coordinates":[[[23.52031,60.85328],[23.55541,60.88894],[23.53674,60.9254],[23.48249,60.93179],[23.46334,60.89724],[23.52031,60.85328]]]}},{"type":"Feature","properties":{"nr":"31630"},"geometry":{"type":"Polygon","coordinates":[[[23.52031,60.85328],[23.46334,60.89724],[23.42814,60.88105],[23.30818,60.86336],[23.30614,60.86006],[23.36524,60.81668],[23.40997,60.81758],[23.41109,60.83095],[23.51504,60.8442],[23.52031,60.85328]]]}},{"type":"Feature","properties":{"nr":"64300"},"geometry":{"type":"Polygon","coordinates":[[[21.64969,62.28106],[21.62515,62.30883],[21.49024,62.29134],[21.44659,62.27686],[21.37917,62.23986],[21.40548,62.21078],[21.40963,62.2053],[21.41246,62.20141],[21.47856,62.19253],[21.54282,62.1531],[21.57834,62.1684],[21.64969,62.28106]]]}},{"type":"Feature","properties":{"nr":"31640"},"geometry":{"type":"Polygon","coordinates":[[[23.3006,61.03051],[23.25152,61.00882],[23.17841,61.00815],[23.15797,60.99485],[23.23109,60.97796],[23.24828,60.95558],[23.25966,60.95747],[23.31252,60.98487],[23.36519,60.96076],[23.29736,60.93937],[23.25411,60.89956],[23.30818,60.86336],[23.42814,60.88105],[23.46334,60.89724],[23.48249,60.93179],[23.4424,60.97125],[23.3878,60.99599],[23.31093,61.01937],[23.3006,61.03051]]]}},{"type":"Feature","properties":{"nr":"31650"},"geometry":{"type":"Polygon","coordinates":[[[23.29736,60.93937],[23.36519,60.96076],[23.31252,60.98487],[23.25966,60.95747],[23.29736,60.93937]]]}},{"type":"Feature","properties":{"nr":"31700"},"geometry":{"type":"Polygon","coordinates":[[[23.71268,61.09474],[23.64089,61.10491],[23.60534,61.08957],[23.55963,61.04168],[23.5616,61.01198],[23.61332,60.99962],[23.71854,61.00709],[23.80053,60.98003],[23.83416,60.94235],[23.86887,60.96832],[23.83459,61.00648],[23.85099,61.03561],[23.76223,61.05654],[23.71268,61.09474]]]}},{"type":"Feature","properties":{"nr":"64490"},"geometry":{"type":"Polygon","coordinates":[[[21.42193,62.06898],[21.32373,62.08564],[21.29613,62.0263],[21.32404,62.00038],[21.33779,61.951],[21.4106,62.00049],[21.46912,62.00886],[21.42193,62.06898]]]}},{"type":"Feature","properties":{"nr":"31720"},"geometry":{"type":"Polygon","coordinates":[[[23.4064,61.05681],[23.46257,61.05905],[23.50678,61.08698],[23.46503,61.11011],[23.36947,61.12247],[23.34427,61.08072],[23.4064,61.05681]]]}},{"type":"Feature","properties":{"nr":"31730"},"geometry":{"type":"Polygon","coordinates":[[[23.46503,61.11011],[23.49969,61.11694],[23.4767,61.16328],[23.46546,61.18841],[23.40824,61.19882],[23.34597,61.14935],[23.36947,61.12247],[23.46503,61.11011]]]}},{"type":"Feature","properties":{"nr":"31750"},"geometry":{"type":"Polygon","coordinates":[[[23.53416,61.20902],[23.43136,61.21405],[23.39948,61.21042],[23.40824,61.19882],[23.46546,61.18841],[23.4767,61.16328],[23.47894,61.16373],[23.53917,61.18589],[23.53416,61.20902]]]}},{"type":"Feature","properties":{"nr":"31760"},"geometry":{"type":"Polygon","coordinates":[[[23.4835,61.04319],[23.55963,61.04168],[23.60534,61.08957],[23.64089,61.10491],[23.63537,61.12796],[23.53545,61.1343],[23.47894,61.16373],[23.4767,61.16328],[23.49969,61.11694],[23.46503,61.11011],[23.50678,61.08698],[23.46257,61.05905],[23.4835,61.04319]]]}},{"type":"Feature","properties":{"nr":"64510"},"geometry":{"type":"Polygon","coordinates":[[[21.26436,62.54234],[21.17653,62.53781],[21.17602,62.53866],[21.16289,62.5392],[21.11248,62.48846],[21.19574,62.47098],[21.25033,62.49666],[21.26436,62.54234]]]}},{"type":"Feature","properties":{"nr":"31810"},"geometry":{"type":"Polygon","coordinates":[[[23.22886,61.12106],[23.33342,61.14857],[23.26621,61.16725],[23.22524,61.21503],[23.10657,61.18966],[23.12888,61.14528],[23.19306,61.13017],[23.22886,61.12106]]]}},{"type":"Feature","properties":{"nr":"31830"},"geometry":{"type":"Polygon","coordinates":[[[23.39948,61.21042],[23.29078,61.24901],[23.22524,61.21503],[23.26621,61.16725],[23.33342,61.14857],[23.34597,61.14935],[23.40824,61.19882],[23.39948,61.21042]]]}},{"type":"Feature","properties":{"nr":"31850"},"geometry":{"type":"Polygon","coordinates":[[[23.26102,61.05362],[23.22886,61.12106],[23.19306,61.13017],[23.17159,61.09999],[23.1946,61.05623],[23.26102,61.05362]]]}},{"type":"Feature","properties":{"nr":"31860"},"geometry":{"type":"Polygon","coordinates":[[[23.36947,61.12247],[23.34597,61.14935],[23.33342,61.14857],[23.22886,61.12106],[23.26102,61.05362],[23.3006,61.03051],[23.31093,61.01937],[23.31972,61.04504],[23.4064,61.05681],[23.34427,61.08072],[23.36947,61.12247]]]}},{"type":"Feature","properties":{"nr":"64530"},"geometry":{"type":"Polygon","coordinates":[[[21.3064,62.58617],[21.24753,62.58863],[21.2218,62.60916],[21.15462,62.57282],[21.15548,62.55723],[21.18251,62.54384],[21.17653,62.53781],[21.26436,62.54234],[21.2839,62.54329],[21.32873,62.5634],[21.3064,62.58617]]]}},{"type":"Feature","properties":{"nr":"31900"},"geometry":{"type":"Polygon","coordinates":[[[23.19306,61.13017],[23.12888,61.14528],[23.10657,61.18966],[23.07639,61.19429],[23.0169,61.16992],[23.01788,61.13655],[22.93529,61.10628],[22.93341,61.0958],[22.94653,61.09026],[23.01289,61.08574],[23.06488,61.04259],[23.12822,61.03119],[23.1946,61.05623],[23.17159,61.09999],[23.19306,61.13017]]]}},{"type":"Feature","properties":{"nr":"31930"},"geometry":{"type":"Polygon","coordinates":[[[22.93529,61.10628],[23.01788,61.13655],[23.0169,61.16992],[22.93442,61.18055],[22.91793,61.16708],[22.91679,61.11948],[22.93529,61.10628]]]}},{"type":"Feature","properties":{"nr":"31950"},"geometry":{"type":"Polygon","coordinates":[[[23.26102,61.05362],[23.1946,61.05623],[23.12822,61.03119],[23.17841,61.00815],[23.25152,61.00882],[23.3006,61.03051],[23.26102,61.05362]]]}},{"type":"Feature","properties":{"nr":"31960"},"geometry":{"type":"Polygon","coordinates":[[[23.10805,60.99142],[23.15797,60.99485],[23.17841,61.00815],[23.12822,61.03119],[23.06488,61.04259],[23.03934,61.01765],[23.10805,60.99142]]]}},{"type":"Feature","properties":{"nr":"31970"},"geometry":{"type":"Polygon","coordinates":[[[23.03934,61.01765],[23.06488,61.04259],[23.01289,61.08574],[22.94653,61.09026],[22.97206,61.0391],[23.01288,61.02045],[23.03934,61.01765]]]}},{"type":"Feature","properties":{"nr":"32100"},"geometry":{"type":"Polygon","coordinates":[[[23.36524,60.81668],[23.30614,60.86006],[23.22202,60.82752],[23.14009,60.76018],[23.23884,60.73318],[23.3396,60.71816],[23.37853,60.73734],[23.39694,60.75339],[23.36524,60.81668]]]}},{"type":"Feature","properties":{"nr":"32140"},"geometry":{"type":"Polygon","coordinates":[[[23.30818,60.86336],[23.25411,60.89956],[23.19912,60.89809],[23.17509,60.88836],[23.14671,60.84173],[23.22202,60.82752],[23.30614,60.86006],[23.30818,60.86336]]]}},{"type":"Feature","properties":{"nr":"32200"},"geometry":{"type":"Polygon","coordinates":[[[23.17509,60.88836],[23.12292,60.91703],[23.09623,60.95348],[23.05971,60.95096],[23.03973,60.91581],[22.96981,60.90386],[23.06086,60.89734],[22.9355,60.83523],[22.93644,60.81874],[22.96341,60.7887],[23.06854,60.77922],[23.11546,60.75112],[23.14009,60.76018],[23.22202,60.82752],[23.14671,60.84173],[23.17509,60.88836]]]}},{"type":"Feature","properties":{"nr":"32280"},"geometry":{"type":"Polygon","coordinates":[[[23.25411,60.89956],[23.29736,60.93937],[23.25966,60.95747],[23.24828,60.95558],[23.19912,60.89809],[23.25411,60.89956]]]}},{"type":"Feature","properties":{"nr":"32210"},"geometry":{"type":"Polygon","coordinates":[[[22.9355,60.83523],[23.06086,60.89734],[22.96981,60.90386],[22.92206,60.93705],[22.87808,60.91401],[22.91468,60.88354],[22.9355,60.83523]]]}},{"type":"Feature","properties":{"nr":"32250"},"geometry":{"type":"Polygon","coordinates":[[[22.96981,60.90386],[23.03973,60.91581],[23.05971,60.95096],[22.96256,60.97627],[22.96657,60.94773],[22.92206,60.93705],[22.96981,60.90386]]]}},{"type":"Feature","properties":{"nr":"32260"},"geometry":{"type":"Polygon","coordinates":[[[23.05971,60.95096],[23.09623,60.95348],[23.10805,60.99142],[23.03934,61.01765],[23.01288,61.02045],[22.97436,61.00942],[22.96256,60.97627],[23.05971,60.95096]]]}},{"type":"Feature","properties":{"nr":"32270"},"geometry":{"type":"Polygon","coordinates":[[[23.17509,60.88836],[23.19912,60.89809],[23.24828,60.95558],[23.23109,60.97796],[23.15797,60.99485],[23.10805,60.99142],[23.09623,60.95348],[23.12292,60.91703],[23.17509,60.88836]]]}},{"type":"Feature","properties":{"nr":"64550"},"geometry":{"type":"Polygon","coordinates":[[[21.33071,62.61231],[21.35197,62.65141],[21.30511,62.65956],[21.24514,62.63506],[21.14548,62.62729],[21.2218,62.60916],[21.24753,62.58863],[21.3064,62.58617],[21.33071,62.61231]]]}},{"type":"Feature","properties":{"nr":"32300"},"geometry":{"type":"Polygon","coordinates":[[[22.93644,60.81874],[22.78547,60.81941],[22.77498,60.78785],[22.87382,60.74819],[22.89635,60.70926],[22.91194,60.69404],[22.97729,60.68759],[23.10592,60.72999],[23.11546,60.75112],[23.06854,60.77922],[22.96341,60.7887],[22.93644,60.81874]]]}},{"type":"Feature","properties":{"nr":"32410"},"geometry":{"type":"Polygon","coordinates":[[[22.93644,60.81874],[22.9355,60.83523],[22.91468,60.88354],[22.76513,60.90508],[22.75235,60.89484],[22.78547,60.81941],[22.93644,60.81874]]]}},{"type":"Feature","properties":{"nr":"32430"},"geometry":{"type":"Polygon","coordinates":[[[22.91468,60.88354],[22.87808,60.91401],[22.77577,60.91921],[22.76513,60.90508],[22.91468,60.88354]]]}},{"type":"Feature","properties":{"nr":"32440"},"geometry":{"type":"Polygon","coordinates":[[[22.97206,61.0391],[22.89671,61.05401],[22.88808,60.99003],[22.85115,60.97409],[22.76328,60.96432],[22.7084,60.97675],[22.69478,60.97155],[22.70191,60.93986],[22.74273,60.93033],[22.77577,60.91921],[22.87808,60.91401],[22.92206,60.93705],[22.96657,60.94773],[22.96256,60.97627],[22.97436,61.00942],[23.01288,61.02045],[22.97206,61.0391]]]}},{"type":"Feature","properties":{"nr":"32450"},"geometry":{"type":"Polygon","coordinates":[[[22.7084,60.97675],[22.76328,60.96432],[22.85115,60.97409],[22.88808,60.99003],[22.89671,61.05401],[22.84144,61.06589],[22.81638,61.05253],[22.7851,61.00933],[22.74832,61.00808],[22.7084,60.97675]]]}},{"type":"Feature","properties":{"nr":"32500"},"geometry":{"type":"Polygon","coordinates":[[[22.77577,60.91921],[22.74273,60.93033],[22.69696,60.90549],[22.63794,60.91153],[22.64044,60.8831],[22.53214,60.8848],[22.5692,60.84451],[22.7328,60.82415],[22.74932,60.79557],[22.77498,60.78785],[22.78547,60.81941],[22.75235,60.89484],[22.76513,60.90508],[22.77577,60.91921]]]}},{"type":"Feature","properties":{"nr":"32520"},"geometry":{"type":"Polygon","coordinates":[[[22.53214,60.8848],[22.64044,60.8831],[22.63794,60.91153],[22.59344,60.91802],[22.53098,60.89383],[22.53214,60.8848]]]}},{"type":"Feature","properties":{"nr":"32560"},"geometry":{"type":"Polygon","coordinates":[[[22.63794,60.91153],[22.69696,60.90549],[22.74273,60.93033],[22.70191,60.93986],[22.69478,60.97155],[22.5684,60.99714],[22.54859,60.98589],[22.57653,60.94295],[22.59344,60.91802],[22.63794,60.91153]]]}},{"type":"Feature","properties":{"nr":"65280"},"geometry":{"type":"Polygon","coordinates":[[[21.59708,63.16089],[21.51848,63.16755],[21.58726,63.12455],[21.63547,63.12773],[21.65126,63.1481],[21.59708,63.16089]]]}},{"type":"Feature","properties":{"nr":"32610"},"geometry":{"type":"Polygon","coordinates":[[[22.69478,60.97155],[22.7084,60.97675],[22.74832,61.00808],[22.7851,61.00933],[22.81638,61.05253],[22.71059,61.04164],[22.6117,61.07763],[22.55338,61.01536],[22.5684,60.99714],[22.69478,60.97155]]]}},{"type":"Feature","properties":{"nr":"32620"},"geometry":{"type":"Polygon","coordinates":[[[22.6117,61.07763],[22.71059,61.04164],[22.81638,61.05253],[22.84144,61.06589],[22.82087,61.09765],[22.78028,61.07438],[22.71481,61.09291],[22.61303,61.09638],[22.6117,61.07763]]]}},{"type":"Feature","properties":{"nr":"32700"},"geometry":{"type":"Polygon","coordinates":[[[22.61303,61.09638],[22.71481,61.09291],[22.78028,61.07438],[22.82087,61.09765],[22.84347,61.11602],[22.93341,61.0958],[22.93529,61.10628],[22.91679,61.11948],[22.82983,61.13049],[22.81815,61.16583],[22.91793,61.16708],[22.93442,61.18055],[22.8999,61.2142],[22.82587,61.22644],[22.74606,61.19633],[22.67732,61.19996],[22.64067,61.21827],[22.54268,61.23682],[22.51761,61.20927],[22.46427,61.15071],[22.52122,61.12209],[22.61303,61.09638]]]}},{"type":"Feature","properties":{"nr":"32710"},"geometry":{"type":"Polygon","coordinates":[[[22.65159,61.24802],[22.59181,61.29638],[22.606,61.26889],[22.55068,61.26004],[22.54863,61.25846],[22.54268,61.23682],[22.64067,61.21827],[22.67732,61.19996],[22.74606,61.19633],[22.82587,61.22644],[22.77816,61.23967],[22.65159,61.24802]]]}},{"type":"Feature","properties":{"nr":"32730"},"geometry":{"type":"Polygon","coordinates":[[[22.72954,61.28668],[22.65159,61.24802],[22.77816,61.23967],[22.82587,61.22644],[22.8999,61.2142],[22.9624,61.23398],[22.86047,61.26162],[22.72954,61.28668]]]}},{"type":"Feature","properties":{"nr":"32740"},"geometry":{"type":"Polygon","coordinates":[[[22.72954,61.28668],[22.71348,61.32496],[22.63463,61.32923],[22.59604,61.34933],[22.57383,61.32012],[22.59181,61.29638],[22.65159,61.24802],[22.72954,61.28668]]]}},{"type":"Feature","properties":{"nr":"32760"},"geometry":{"type":"Polygon","coordinates":[[[22.91679,61.11948],[22.91793,61.16708],[22.81815,61.16583],[22.82983,61.13049],[22.91679,61.11948]]]}},{"type":"Feature","properties":{"nr":"32770"},"geometry":{"type":"Polygon","coordinates":[[[22.97206,61.0391],[22.94653,61.09026],[22.93341,61.0958],[22.84347,61.11602],[22.82087,61.09765],[22.84144,61.06589],[22.89671,61.05401],[22.97206,61.0391]]]}},{"type":"Feature","properties":{"nr":"32800"},"geometry":{"type":"Polygon","coordinates":[[[22.35002,61.36425],[22.28831,61.35249],[22.24812,61.37361],[22.25331,61.34137],[22.22947,61.28937],[22.32111,61.26801],[22.32298,61.20744],[22.35462,61.18831],[22.36062,61.18303],[22.46427,61.15071],[22.51761,61.20927],[22.45494,61.22499],[22.39872,61.25721],[22.41977,61.27773],[22.54863,61.25846],[22.55068,61.26004],[22.53944,61.28483],[22.47122,61.31697],[22.40059,61.32487],[22.41071,61.35159],[22.35002,61.36425]]]}},{"type":"Feature","properties":{"nr":"33200"},"geometry":{"type":"Polygon","coordinates":[[[23.74288,61.48651],[23.75518,61.48888],[23.76057,61.49817],[23.74635,61.49705],[23.74288,61.48651]]]}},{"type":"Feature","properties":{"nr":"32810"},"geometry":{"type":"Polygon","coordinates":[[[22.26747,61.17673],[22.35462,61.18831],[22.32298,61.20744],[22.32111,61.26801],[22.22947,61.28937],[22.15205,61.27604],[22.17778,61.25043],[22.21076,61.23806],[22.25227,61.18668],[22.26747,61.17673]]]}},{"type":"Feature","properties":{"nr":"32830"},"geometry":{"type":"Polygon","coordinates":[[[22.54863,61.25846],[22.41977,61.27773],[22.39872,61.25721],[22.45494,61.22499],[22.51761,61.20927],[22.54268,61.23682],[22.54863,61.25846]]]}},{"type":"Feature","properties":{"nr":"32860"},"geometry":{"type":"Polygon","coordinates":[[[22.35002,61.36425],[22.33781,61.40001],[22.28832,61.43088],[22.21425,61.41033],[22.1989,61.39275],[22.24812,61.37361],[22.28831,61.35249],[22.35002,61.36425]]]}},{"type":"Feature","properties":{"nr":"49340"},"geometry":{"type":"Polygon","coordinates":[[[26.91675,60.58824],[26.98216,60.61771],[26.9341,60.65182],[26.87207,60.6239],[26.86648,60.6135],[26.91675,60.58824]]]}},{"type":"Feature","properties":{"nr":"32910"},"geometry":{"type":"Polygon","coordinates":[[[22.57383,61.32012],[22.49874,61.33195],[22.47122,61.31697],[22.53944,61.28483],[22.55068,61.26004],[22.606,61.26889],[22.59181,61.29638],[22.57383,61.32012]]]}},{"type":"Feature","properties":{"nr":"32920"},"geometry":{"type":"Polygon","coordinates":[[[22.35002,61.36425],[22.41071,61.35159],[22.40059,61.32487],[22.47122,61.31697],[22.49874,61.33195],[22.57383,61.32012],[22.59604,61.34933],[22.60114,61.38184],[22.56357,61.42026],[22.51367,61.42744],[22.41729,61.46332],[22.30866,61.44358],[22.28832,61.43088],[22.33781,61.40001],[22.35002,61.36425]]]}},{"type":"Feature","properties":{"nr":"33100"},"geometry":{"type":"Polygon","coordinates":[[[23.77389,61.50746],[23.75706,61.5106],[23.76057,61.49817],[23.75518,61.48888],[23.77272,61.48221],[23.81365,61.48495],[23.81912,61.48971],[23.78546,61.49625],[23.77389,61.50746]]]}},{"type":"Feature","properties":{"nr":"33180"},"geometry":{"type":"Polygon","coordinates":[[[23.77389,61.50746],[23.79811,61.5283],[23.76852,61.535],[23.74568,61.51846],[23.74608,61.51805],[23.75706,61.5106],[23.77389,61.50746]]]}},{"type":"Feature","properties":{"nr":"33210"},"geometry":{"type":"Polygon","coordinates":[[[23.76057,61.49817],[23.75706,61.5106],[23.74608,61.51805],[23.74635,61.49705],[23.76057,61.49817]]]}},{"type":"Feature","properties":{"nr":"33230"},"geometry":{"type":"Polygon","coordinates":[[[23.74635,61.49705],[23.74608,61.51805],[23.74568,61.51846],[23.74253,61.51804],[23.72217,61.49951],[23.71428,61.48658],[23.7229,61.48394],[23.74288,61.48651],[23.74635,61.49705]]]}},{"type":"Feature","properties":{"nr":"33240"},"geometry":{"type":"Polygon","coordinates":[[[23.71428,61.48658],[23.72217,61.49951],[23.69989,61.49777],[23.69494,61.49233],[23.71428,61.48658]]]}},{"type":"Feature","properties":{"nr":"33250"},"geometry":{"type":"Polygon","coordinates":[[[23.72217,61.49951],[23.74253,61.51804],[23.70324,61.51822],[23.7013,61.51575],[23.69989,61.49777],[23.72217,61.49951]]]}},{"type":"Feature","properties":{"nr":"33270"},"geometry":{"type":"Polygon","coordinates":[[[23.7013,61.51575],[23.65589,61.51571],[23.64368,61.51371],[23.64865,61.50463],[23.65847,61.48554],[23.65903,61.48542],[23.69494,61.49233],[23.69989,61.49777],[23.7013,61.51575]]]}},{"type":"Feature","properties":{"nr":"33300"},"geometry":{"type":"Polygon","coordinates":[[[23.65847,61.48554],[23.64865,61.50463],[23.61057,61.50259],[23.59778,61.48188],[23.60076,61.47889],[23.65847,61.48554]]]}},{"type":"Feature","properties":{"nr":"33310"},"geometry":{"type":"Polygon","coordinates":[[[23.64368,61.51371],[23.62792,61.5168],[23.59089,61.50339],[23.61057,61.50259],[23.64865,61.50463],[23.64368,61.51371]]]}},{"type":"Feature","properties":{"nr":"33330"},"geometry":{"type":"Polygon","coordinates":[[[23.59089,61.50339],[23.58752,61.52344],[23.54968,61.52034],[23.53734,61.51636],[23.57431,61.48821],[23.59778,61.48188],[23.61057,61.50259],[23.59089,61.50339]]]}},{"type":"Feature","properties":{"nr":"33340"},"geometry":{"type":"Polygon","coordinates":[[[23.61463,61.52205],[23.58752,61.52344],[23.59089,61.50339],[23.62792,61.5168],[23.61463,61.52205]]]}},{"type":"Feature","properties":{"nr":"33400"},"geometry":{"type":"Polygon","coordinates":[[[23.69056,61.5354],[23.64455,61.55275],[23.62905,61.53317],[23.65589,61.51571],[23.7013,61.51575],[23.70324,61.51822],[23.69056,61.5354]]]}},{"type":"Feature","properties":{"nr":"33410"},"geometry":{"type":"Polygon","coordinates":[[[23.74568,61.51846],[23.76852,61.535],[23.75883,61.54379],[23.69056,61.5354],[23.70324,61.51822],[23.74253,61.51804],[23.74568,61.51846]]]}},{"type":"Feature","properties":{"nr":"33420"},"geometry":{"type":"Polygon","coordinates":[[[23.62905,61.53317],[23.61978,61.53336],[23.61463,61.52205],[23.62792,61.5168],[23.64368,61.51371],[23.65589,61.51571],[23.62905,61.53317]]]}},{"type":"Feature","properties":{"nr":"33540"},"geometry":{"type":"Polygon","coordinates":[[[23.81912,61.48971],[23.82347,61.49039],[23.81045,61.50031],[23.80314,61.50317],[23.78546,61.49625],[23.81912,61.48971]]]}},{"type":"Feature","properties":{"nr":"33430"},"geometry":{"type":"Polygon","coordinates":[[[23.61978,61.53336],[23.54968,61.52034],[23.58752,61.52344],[23.61463,61.52205],[23.61978,61.53336]]]}},{"type":"Feature","properties":{"nr":"33450"},"geometry":{"type":"Polygon","coordinates":[[[23.75883,61.54379],[23.72392,61.5689],[23.67895,61.58013],[23.63607,61.56395],[23.64455,61.55275],[23.69056,61.5354],[23.75883,61.54379]]]}},{"type":"Feature","properties":{"nr":"33470"},"geometry":{"type":"Polygon","coordinates":[[[23.63607,61.56395],[23.56697,61.58176],[23.55098,61.58283],[23.48862,61.56159],[23.52266,61.5446],[23.51966,61.525],[23.53734,61.51636],[23.54968,61.52034],[23.61978,61.53336],[23.62905,61.53317],[23.64455,61.55275],[23.63607,61.56395]]]}},{"type":"Feature","properties":{"nr":"33730"},"geometry":{"type":"Polygon","coordinates":[[[23.92796,61.46887],[23.93196,61.47927],[23.89434,61.48477],[23.8929,61.4829],[23.9268,61.469],[23.92796,61.46887]]]}},{"type":"Feature","properties":{"nr":"33480"},"geometry":{"type":"Polygon","coordinates":[[[23.72738,61.60531],[23.59551,61.60468],[23.56697,61.58176],[23.63607,61.56395],[23.67895,61.58013],[23.72392,61.5689],[23.74,61.58726],[23.72738,61.60531]]]}},{"type":"Feature","properties":{"nr":"33500"},"geometry":{"type":"Polygon","coordinates":[[[23.80314,61.50317],[23.82426,61.51759],[23.81718,61.52402],[23.79811,61.5283],[23.77389,61.50746],[23.78546,61.49625],[23.80314,61.50317]]]}},{"type":"Feature","properties":{"nr":"33520"},"geometry":{"type":"Polygon","coordinates":[[[23.81045,61.50031],[23.82959,61.50468],[23.82426,61.51759],[23.80314,61.50317],[23.81045,61.50031]]]}},{"type":"Feature","properties":{"nr":"33530"},"geometry":{"type":"Polygon","coordinates":[[[23.83756,61.4888],[23.82959,61.50468],[23.81045,61.50031],[23.82347,61.49039],[23.83756,61.4888]]]}},{"type":"Feature","properties":{"nr":"33560"},"geometry":{"type":"Polygon","coordinates":[[[23.8929,61.4829],[23.89434,61.48477],[23.8981,61.51335],[23.9002,61.52894],[23.81718,61.52402],[23.82426,61.51759],[23.82959,61.50468],[23.83756,61.4888],[23.87273,61.4838],[23.8929,61.4829]]]}},{"type":"Feature","properties":{"nr":"33580"},"geometry":{"type":"Polygon","coordinates":[[[23.93196,61.47927],[23.95649,61.49729],[23.95979,61.50302],[23.8981,61.51335],[23.89434,61.48477],[23.93196,61.47927]]]}},{"type":"Feature","properties":{"nr":"33610"},"geometry":{"type":"Polygon","coordinates":[[[23.95979,61.50302],[23.97438,61.51109],[23.97541,61.52315],[23.9002,61.52894],[23.8981,61.51335],[23.95979,61.50302]]]}},{"type":"Feature","properties":{"nr":"33800"},"geometry":{"type":"Polygon","coordinates":[[[23.81365,61.48495],[23.77272,61.48221],[23.77211,61.48009],[23.83636,61.4745],[23.8335,61.48072],[23.81365,61.48495]]]}},{"type":"Feature","properties":{"nr":"33680"},"geometry":{"type":"Polygon","coordinates":[[[24.1267,61.62635],[24.19537,61.67042],[24.05974,61.70476],[24.04699,61.70684],[24.01563,61.69912],[23.95729,61.6522],[23.9992,61.61582],[23.90864,61.58402],[23.80381,61.59192],[23.74,61.58726],[23.72392,61.5689],[23.75883,61.54379],[23.76852,61.535],[23.79811,61.5283],[23.81718,61.52402],[23.9002,61.52894],[23.97541,61.52315],[24.00869,61.5504],[24.06364,61.61211],[24.1267,61.62635]]]}},{"type":"Feature","properties":{"nr":"33700"},"geometry":{"type":"Polygon","coordinates":[[[23.8335,61.48072],[23.87273,61.4838],[23.83756,61.4888],[23.82347,61.49039],[23.81912,61.48971],[23.81365,61.48495],[23.8335,61.48072]]]}},{"type":"Feature","properties":{"nr":"33710"},"geometry":{"type":"Polygon","coordinates":[[[23.8929,61.4829],[23.87273,61.4838],[23.8335,61.48072],[23.83636,61.4745],[23.84148,61.46371],[23.90456,61.44236],[23.9268,61.469],[23.8929,61.4829]]]}},{"type":"Feature","properties":{"nr":"33720"},"geometry":{"type":"Polygon","coordinates":[[[23.90456,61.44236],[23.84148,61.46371],[23.8123,61.44757],[23.88961,61.42756],[23.90456,61.44236]]]}},{"type":"Feature","properties":{"nr":"33820"},"geometry":{"type":"Polygon","coordinates":[[[23.83636,61.4745],[23.77211,61.48009],[23.75849,61.46204],[23.78831,61.44567],[23.8123,61.44757],[23.84148,61.46371],[23.83636,61.4745]]]}},{"type":"Feature","properties":{"nr":"33840"},"geometry":{"type":"Polygon","coordinates":[[[23.79611,61.43392],[23.78831,61.44567],[23.75849,61.46204],[23.73796,61.44831],[23.73705,61.44684],[23.77541,61.43159],[23.79611,61.43392]]]}},{"type":"Feature","properties":{"nr":"33850"},"geometry":{"type":"Polygon","coordinates":[[[23.77541,61.43159],[23.73705,61.44684],[23.7082,61.44343],[23.72136,61.43075],[23.77541,61.43159]]]}},{"type":"Feature","properties":{"nr":"33870"},"geometry":{"type":"Polygon","coordinates":[[[23.8123,61.44757],[23.78831,61.44567],[23.79611,61.43392],[23.79981,61.43092],[23.88626,61.40747],[23.88132,61.41768],[23.88961,61.42756],[23.8123,61.44757]]]}},{"type":"Feature","properties":{"nr":"33880"},"geometry":{"type":"Polygon","coordinates":[[[23.79611,61.43392],[23.77541,61.43159],[23.72136,61.43075],[23.70834,61.40762],[23.71214,61.4066],[23.76456,61.40004],[23.79981,61.43092],[23.79611,61.43392]]]}},{"type":"Feature","properties":{"nr":"33900"},"geometry":{"type":"Polygon","coordinates":[[[23.73796,61.44831],[23.75849,61.46204],[23.77211,61.48009],[23.77272,61.48221],[23.75518,61.48888],[23.74288,61.48651],[23.7229,61.48394],[23.72356,61.46312],[23.73796,61.44831]]]}},{"type":"Feature","properties":{"nr":"33920"},"geometry":{"type":"Polygon","coordinates":[[[23.73796,61.44831],[23.72356,61.46312],[23.69658,61.4569],[23.7082,61.44343],[23.73705,61.44684],[23.73796,61.44831]]]}},{"type":"Feature","properties":{"nr":"33950"},"geometry":{"type":"Polygon","coordinates":[[[23.72356,61.46312],[23.7229,61.48394],[23.71428,61.48658],[23.69494,61.49233],[23.65903,61.48542],[23.69658,61.4569],[23.72356,61.46312]]]}},{"type":"Feature","properties":{"nr":"33960"},"geometry":{"type":"Polygon","coordinates":[[[23.65903,61.48542],[23.65847,61.48554],[23.60076,61.47889],[23.59235,61.47342],[23.62048,61.45848],[23.60274,61.40777],[23.70834,61.40762],[23.72136,61.43075],[23.7082,61.44343],[23.69658,61.4569],[23.65903,61.48542]]]}},{"type":"Feature","properties":{"nr":"34150"},"geometry":{"type":"Polygon","coordinates":[[[23.63657,61.70784],[23.61186,61.74833],[23.53747,61.77844],[23.52854,61.80717],[23.41883,61.81265],[23.43527,61.78424],[23.47282,61.7761],[23.51844,61.70958],[23.63657,61.70784]]]}},{"type":"Feature","properties":{"nr":"33980"},"geometry":{"type":"Polygon","coordinates":[[[23.60274,61.40777],[23.62048,61.45848],[23.59235,61.47342],[23.54821,61.47155],[23.48489,61.40708],[23.48297,61.39912],[23.53065,61.35886],[23.60274,61.40777]]]}},{"type":"Feature","properties":{"nr":"34110"},"geometry":{"type":"Polygon","coordinates":[[[23.56697,61.58176],[23.59551,61.60468],[23.53729,61.64488],[23.49995,61.67047],[23.48163,61.66611],[23.48399,61.63458],[23.48702,61.59323],[23.55098,61.58283],[23.56697,61.58176]]]}},{"type":"Feature","properties":{"nr":"34130"},"geometry":{"type":"Polygon","coordinates":[[[23.71842,61.631],[23.599,61.65067],[23.53729,61.64488],[23.59551,61.60468],[23.72738,61.60531],[23.71842,61.631]]]}},{"type":"Feature","properties":{"nr":"34140"},"geometry":{"type":"Polygon","coordinates":[[[23.63657,61.70784],[23.51844,61.70958],[23.48242,61.69228],[23.49995,61.67047],[23.53729,61.64488],[23.599,61.65067],[23.71842,61.631],[23.73423,61.63734],[23.73371,61.6876],[23.63657,61.70784]]]}},{"type":"Feature","properties":{"nr":"49400"},"geometry":{"type":"MultiPolygon","coordinates":[[[[27.1692,60.56033],[27.16435,60.56681],[27.16598,60.56391],[27.1692,60.56033]]],[[[27.22099,60.64109],[27.21174,60.65294],[27.15095,60.64308],[27.15217,60.636],[27.19038,60.61479],[27.13994,60.59829],[27.12998,60.58296],[27.16174,60.56996],[27.22947,60.52581],[27.31635,60.51031],[27.33932,60.55321],[27.36763,60.55739],[27.37635,60.60386],[27.2791,60.63629],[27.22219,60.64034],[27.2899,60.61875],[27.28896,60.60926],[27.21989,60.62696],[27.22099,60.64109]],[[27.21313,60.59322],[27.22969,60.59835],[27.26006,60.58534],[27.21507,60.58942],[27.21313,60.59322]]]]}},{"type":"Feature","properties":{"nr":"34180"},"geometry":{"type":"Polygon","coordinates":[[[23.73371,61.6876],[23.7795,61.72546],[23.7682,61.76479],[23.69199,61.77542],[23.61186,61.74833],[23.63657,61.70784],[23.73371,61.6876]]]}},{"type":"Feature","properties":{"nr":"34240"},"geometry":{"type":"Polygon","coordinates":[[[23.95729,61.6522],[23.9078,61.64069],[23.82669,61.65186],[23.73423,61.63734],[23.71842,61.631],[23.72738,61.60531],[23.74,61.58726],[23.80381,61.59192],[23.90864,61.58402],[23.9992,61.61582],[23.95729,61.6522]]]}},{"type":"Feature","properties":{"nr":"34260"},"geometry":{"type":"Polygon","coordinates":[[[24.04699,61.70684],[23.9902,61.74119],[23.90156,61.73087],[23.84858,61.75688],[23.86003,61.77711],[23.94026,61.79437],[23.86828,61.83326],[23.79663,61.81598],[23.7682,61.76479],[23.7795,61.72546],[23.73371,61.6876],[23.73423,61.63734],[23.82669,61.65186],[23.9078,61.64069],[23.95729,61.6522],[24.01563,61.69912],[24.04699,61.70684]]]}},{"type":"Feature","properties":{"nr":"34270"},"geometry":{"type":"Polygon","coordinates":[[[24.15486,61.74839],[24.21839,61.79369],[24.1715,61.82613],[24.14032,61.81795],[24.07821,61.80597],[24.05671,61.79207],[23.94026,61.79437],[23.86003,61.77711],[23.84858,61.75688],[23.90156,61.73087],[23.9902,61.74119],[24.04699,61.70684],[24.05974,61.70476],[24.09527,61.74127],[24.15486,61.74839]]]}},{"type":"Feature","properties":{"nr":"34300"},"geometry":{"type":"Polygon","coordinates":[[[23.68981,62.08088],[23.59147,62.08239],[23.59699,62.04578],[23.64148,61.97706],[23.61768,61.97129],[23.60744,61.9364],[23.47346,61.9161],[23.54351,61.83942],[23.57805,61.83983],[23.58511,61.85762],[23.70688,61.85316],[23.7307,61.82992],[23.79663,61.81598],[23.86828,61.83326],[23.86831,61.83814],[23.85793,61.89455],[23.82166,61.9589],[23.83554,61.9932],[23.79323,62.03089],[23.74822,62.04184],[23.68981,62.08088]]]}},{"type":"Feature","properties":{"nr":"34320"},"geometry":{"type":"Polygon","coordinates":[[[23.7682,61.76479],[23.79663,61.81598],[23.7307,61.82992],[23.70688,61.85316],[23.58511,61.85762],[23.57805,61.83983],[23.64097,61.81571],[23.69199,61.77542],[23.7682,61.76479]]]}},{"type":"Feature","properties":{"nr":"34330"},"geometry":{"type":"Polygon","coordinates":[[[23.61186,61.74833],[23.69199,61.77542],[23.64097,61.81571],[23.57805,61.83983],[23.54351,61.83942],[23.52854,61.80717],[23.53747,61.77844],[23.61186,61.74833]]]}},{"type":"Feature","properties":{"nr":"34410"},"geometry":{"type":"Polygon","coordinates":[[[23.94097,61.84183],[23.86831,61.83814],[23.86828,61.83326],[23.94026,61.79437],[24.05671,61.79207],[24.07821,61.80597],[24.01565,61.83126],[23.94097,61.84183]]]}},{"type":"Feature","properties":{"nr":"49840"},"geometry":{"type":"Polygon","coordinates":[[[27.4094,60.48349],[27.36763,60.55739],[27.33932,60.55321],[27.31635,60.51031],[27.38682,60.50039],[27.4094,60.48349]]]}},{"type":"Feature","properties":{"nr":"34420"},"geometry":{"type":"Polygon","coordinates":[[[23.86831,61.83814],[23.94097,61.84183],[23.95845,61.87389],[23.95666,61.89442],[23.85793,61.89455],[23.86831,61.83814]]]}},{"type":"Feature","properties":{"nr":"34430"},"geometry":{"type":"Polygon","coordinates":[[[23.94097,61.84183],[24.01565,61.83126],[24.07821,61.80597],[24.14032,61.81795],[24.10314,61.84593],[24.04257,61.86312],[24.03034,61.88682],[23.95845,61.87389],[23.94097,61.84183]]]}},{"type":"Feature","properties":{"nr":"34450"},"geometry":{"type":"Polygon","coordinates":[[[24.14032,61.81795],[24.1715,61.82613],[24.20542,61.83568],[24.24557,61.87142],[24.20374,61.91925],[24.16501,61.93369],[24.13264,61.92378],[24.05998,61.94265],[24.01572,61.91041],[23.95666,61.89442],[23.95845,61.87389],[24.03034,61.88682],[24.04257,61.86312],[24.10314,61.84593],[24.14032,61.81795]]]}},{"type":"Feature","properties":{"nr":"34510"},"geometry":{"type":"Polygon","coordinates":[[[23.61768,61.97129],[23.57827,61.97335],[23.49671,62.01179],[23.42714,61.98165],[23.42637,61.9185],[23.47346,61.9161],[23.60744,61.9364],[23.61768,61.97129]]]}},{"type":"Feature","properties":{"nr":"34530"},"geometry":{"type":"Polygon","coordinates":[[[23.42637,61.9185],[23.42714,61.98165],[23.36253,62.01432],[23.32127,61.97546],[23.35717,61.91917],[23.42637,61.9185]]]}},{"type":"Feature","properties":{"nr":"34550"},"geometry":{"type":"Polygon","coordinates":[[[23.41034,62.15664],[23.3388,62.13905],[23.32521,62.1087],[23.2825,62.09567],[23.28587,62.09015],[23.34488,62.08343],[23.36626,62.05192],[23.36253,62.01432],[23.42714,61.98165],[23.49671,62.01179],[23.57827,61.97335],[23.61768,61.97129],[23.64148,61.97706],[23.59699,62.04578],[23.59147,62.08239],[23.57116,62.12231],[23.51837,62.12506],[23.41034,62.15664]]]}},{"type":"Feature","properties":{"nr":"34600"},"geometry":{"type":"Polygon","coordinates":[[[23.95666,61.89442],[24.01572,61.91041],[24.05998,61.94265],[24.13264,61.92378],[24.16501,61.93369],[24.18192,61.96242],[24.11224,61.98921],[24.10151,62.04751],[24.03962,62.01444],[23.91155,62.0287],[23.82907,62.04785],[23.79323,62.03089],[23.83554,61.9932],[23.82166,61.9589],[23.85793,61.89455],[23.95666,61.89442]]]}},{"type":"Feature","properties":{"nr":"34640"},"geometry":{"type":"Polygon","coordinates":[[[23.82907,62.04785],[23.91155,62.0287],[24.03962,62.01444],[24.10151,62.04751],[24.13267,62.04735],[24.16184,62.07202],[24.10816,62.08359],[24.02406,62.07057],[23.95041,62.08466],[23.82907,62.04785]]]}},{"type":"Feature","properties":{"nr":"34710"},"geometry":{"type":"Polygon","coordinates":[[[23.70311,62.17479],[23.63078,62.18328],[23.61523,62.20025],[23.5684,62.15787],[23.57116,62.12231],[23.59147,62.08239],[23.68981,62.08088],[23.78664,62.08947],[23.80378,62.11675],[23.70311,62.17479]]]}},{"type":"Feature","properties":{"nr":"34730"},"geometry":{"type":"Polygon","coordinates":[[[23.47989,62.25088],[23.47074,62.23154],[23.38902,62.20809],[23.39824,62.16374],[23.41034,62.15664],[23.51837,62.12506],[23.57116,62.12231],[23.5684,62.15787],[23.61523,62.20025],[23.58664,62.23431],[23.47989,62.25088]]]}},{"type":"Feature","properties":{"nr":"34740"},"geometry":{"type":"Polygon","coordinates":[[[23.70311,62.17479],[23.70609,62.18989],[23.64427,62.23488],[23.58664,62.23431],[23.61523,62.20025],[23.63078,62.18328],[23.70311,62.17479]]]}},{"type":"Feature","properties":{"nr":"34770"},"geometry":{"type":"Polygon","coordinates":[[[23.38902,62.20809],[23.47074,62.23154],[23.47989,62.25088],[23.46858,62.29789],[23.37027,62.36605],[23.31693,62.37241],[23.21353,62.34744],[23.28891,62.26098],[23.38902,62.20809]]]}},{"type":"Feature","properties":{"nr":"34800"},"geometry":{"type":"Polygon","coordinates":[[[23.67697,62.33233],[23.63582,62.31609],[23.51871,62.29413],[23.46858,62.29789],[23.47989,62.25088],[23.58664,62.23431],[23.64427,62.23488],[23.70609,62.18989],[23.70311,62.17479],[23.80378,62.11675],[23.86203,62.12476],[23.83908,62.16299],[23.96988,62.13948],[23.99966,62.19853],[23.87291,62.2373],[23.88172,62.2796],[23.83106,62.30611],[23.70728,62.31012],[23.67697,62.33233]]]}},{"type":"Feature","properties":{"nr":"34870"},"geometry":{"type":"Polygon","coordinates":[[[24.10425,62.11148],[23.96988,62.13948],[23.83908,62.16299],[23.86203,62.12476],[23.80378,62.11675],[23.78664,62.08947],[23.68981,62.08088],[23.74822,62.04184],[23.79323,62.03089],[23.82907,62.04785],[23.95041,62.08466],[24.02406,62.07057],[24.10816,62.08359],[24.10425,62.11148]]]}},{"type":"Feature","properties":{"nr":"34910"},"geometry":{"type":"Polygon","coordinates":[[[23.46858,62.29789],[23.51871,62.29413],[23.63582,62.31609],[23.59256,62.35005],[23.50019,62.37498],[23.37027,62.36605],[23.46858,62.29789]]]}},{"type":"Feature","properties":{"nr":"34930"},"geometry":{"type":"Polygon","coordinates":[[[23.75312,62.41038],[23.72125,62.43321],[23.6674,62.41051],[23.59441,62.41341],[23.50476,62.40321],[23.50019,62.37498],[23.59256,62.35005],[23.63582,62.31609],[23.67697,62.33233],[23.76736,62.39739],[23.75312,62.41038]]]}},{"type":"Feature","properties":{"nr":"34950"},"geometry":{"type":"Polygon","coordinates":[[[23.88172,62.2796],[23.9446,62.31269],[23.95048,62.33579],[23.86609,62.35956],[23.81382,62.36799],[23.76736,62.39739],[23.67697,62.33233],[23.70728,62.31012],[23.83106,62.30611],[23.88172,62.2796]]]}},{"type":"Feature","properties":{"nr":"34970"},"geometry":{"type":"Polygon","coordinates":[[[23.86609,62.35956],[23.87719,62.38651],[23.81672,62.41421],[23.76309,62.41567],[23.75312,62.41038],[23.76736,62.39739],[23.81382,62.36799],[23.86609,62.35956]]]}},{"type":"Feature","properties":{"nr":"34980"},"geometry":{"type":"Polygon","coordinates":[[[23.95048,62.33579],[24.01645,62.3654],[23.95417,62.38935],[23.91433,62.46334],[23.82079,62.46489],[23.74542,62.45713],[23.73808,62.44669],[23.76309,62.41567],[23.81672,62.41421],[23.87719,62.38651],[23.86609,62.35956],[23.95048,62.33579]]]}},{"type":"Feature","properties":{"nr":"35100"},"geometry":{"type":"Polygon","coordinates":[[[24.5882,61.6632],[24.53317,61.69858],[24.48212,61.69386],[24.43718,61.65518],[24.37288,61.67018],[24.26896,61.64648],[24.43746,61.59631],[24.54745,61.6277],[24.57382,61.64625],[24.5882,61.6632]]]}},{"type":"Feature","properties":{"nr":"35220"},"geometry":{"type":"Polygon","coordinates":[[[24.64367,61.60571],[24.60445,61.63412],[24.54745,61.6277],[24.43746,61.59631],[24.44087,61.55291],[24.56161,61.53025],[24.60144,61.56348],[24.65598,61.56615],[24.64367,61.60571]]]}},{"type":"Feature","properties":{"nr":"49860"},"geometry":{"type":"Polygon","coordinates":[[[27.54059,60.49605],[27.5094,60.54618],[27.47387,60.55483],[27.37635,60.60386],[27.36763,60.55739],[27.4094,60.48349],[27.4907,60.51056],[27.54059,60.49605]]]}},{"type":"Feature","properties":{"nr":"35240"},"geometry":{"type":"Polygon","coordinates":[[[24.77723,61.56237],[24.76747,61.57781],[24.64367,61.60571],[24.65598,61.56615],[24.60144,61.56348],[24.56161,61.53025],[24.61527,61.51519],[24.7429,61.52735],[24.77723,61.56237]]]}},{"type":"Feature","properties":{"nr":"35260"},"geometry":{"type":"Polygon","coordinates":[[[24.54745,61.6277],[24.60445,61.63412],[24.57382,61.64625],[24.54745,61.6277]]]}},{"type":"Feature","properties":{"nr":"35270"},"geometry":{"type":"Polygon","coordinates":[[[24.74001,61.66028],[24.65006,61.67965],[24.5882,61.6632],[24.57382,61.64625],[24.60445,61.63412],[24.64367,61.60571],[24.76747,61.57781],[24.77723,61.56237],[24.83287,61.56309],[24.83724,61.5994],[24.7917,61.64259],[24.74001,61.66028]]]}},{"type":"Feature","properties":{"nr":"35400"},"geometry":{"type":"Polygon","coordinates":[[[24.89077,61.81658],[24.79545,61.82495],[24.73655,61.81457],[24.6989,61.76759],[24.71081,61.71233],[24.78011,61.71556],[24.74001,61.66028],[24.7917,61.64259],[24.9608,61.66832],[24.91474,61.70408],[24.97881,61.71668],[25.02781,61.71321],[25.0416,61.74392],[25.02689,61.76593],[24.89077,61.81658]]]}},{"type":"Feature","properties":{"nr":"35300"},"geometry":{"type":"Polygon","coordinates":[[[24.40775,61.72605],[24.34443,61.71424],[24.15486,61.74839],[24.09527,61.74127],[24.05974,61.70476],[24.19537,61.67042],[24.1267,61.62635],[24.24962,61.57307],[24.31722,61.57792],[24.35716,61.53885],[24.43168,61.55007],[24.44087,61.55291],[24.43746,61.59631],[24.26896,61.64648],[24.37288,61.67018],[24.43718,61.65518],[24.48212,61.69386],[24.53317,61.69858],[24.5882,61.6632],[24.65006,61.67965],[24.67481,61.69821],[24.57716,61.71929],[24.53465,61.74341],[24.40775,61.72605]]]}},{"type":"Feature","properties":{"nr":"35320"},"geometry":{"type":"Polygon","coordinates":[[[24.15486,61.74839],[24.34443,61.71424],[24.40775,61.72605],[24.38494,61.75974],[24.34394,61.76888],[24.20542,61.83568],[24.1715,61.82613],[24.21839,61.79369],[24.15486,61.74839]]]}},{"type":"Feature","properties":{"nr":"35610"},"geometry":{"type":"Polygon","coordinates":[[[24.68834,61.85203],[24.764,61.86995],[24.76767,61.88701],[24.65508,61.91848],[24.6411,61.8798],[24.68834,61.85203]]]}},{"type":"Feature","properties":{"nr":"35420"},"geometry":{"type":"Polygon","coordinates":[[[24.70543,61.8387],[24.61844,61.80776],[24.58065,61.75757],[24.5406,61.7501],[24.53465,61.74341],[24.57716,61.71929],[24.67481,61.69821],[24.71081,61.71233],[24.6989,61.76759],[24.73655,61.81457],[24.70543,61.8387]]]}},{"type":"Feature","properties":{"nr":"35480"},"geometry":{"type":"Polygon","coordinates":[[[24.65006,61.67965],[24.74001,61.66028],[24.78011,61.71556],[24.71081,61.71233],[24.67481,61.69821],[24.65006,61.67965]]]}},{"type":"Feature","properties":{"nr":"35500"},"geometry":{"type":"Polygon","coordinates":[[[24.38494,61.75974],[24.41397,61.77393],[24.43276,61.82167],[24.38904,61.88083],[24.38271,61.88408],[24.32331,61.89295],[24.24557,61.87142],[24.20542,61.83568],[24.34394,61.76888],[24.38494,61.75974]]]}},{"type":"Feature","properties":{"nr":"35520"},"geometry":{"type":"Polygon","coordinates":[[[24.43276,61.82167],[24.50207,61.83313],[24.47366,61.86583],[24.38904,61.88083],[24.43276,61.82167]]]}},{"type":"Feature","properties":{"nr":"35630"},"geometry":{"type":"Polygon","coordinates":[[[24.88534,61.92891],[24.79158,61.95226],[24.71064,61.95348],[24.73027,61.92286],[24.7835,61.8892],[24.85609,61.8886],[24.88534,61.92891]]]}},{"type":"Feature","properties":{"nr":"35530"},"geometry":{"type":"Polygon","coordinates":[[[24.65508,61.91848],[24.63786,61.95365],[24.57986,61.93851],[24.44453,61.92727],[24.39226,61.93639],[24.38271,61.88408],[24.38904,61.88083],[24.47366,61.86583],[24.50207,61.83313],[24.55957,61.84593],[24.6411,61.8798],[24.65508,61.91848]]]}},{"type":"Feature","properties":{"nr":"35540"},"geometry":{"type":"Polygon","coordinates":[[[24.5406,61.7501],[24.58065,61.75757],[24.61844,61.80776],[24.70543,61.8387],[24.68834,61.85203],[24.6411,61.8798],[24.55957,61.84593],[24.50207,61.83313],[24.43276,61.82167],[24.41397,61.77393],[24.50876,61.76481],[24.5406,61.7501]]]}},{"type":"Feature","properties":{"nr":"35550"},"geometry":{"type":"Polygon","coordinates":[[[24.40775,61.72605],[24.53465,61.74341],[24.5406,61.7501],[24.50876,61.76481],[24.41397,61.77393],[24.38494,61.75974],[24.40775,61.72605]]]}},{"type":"Feature","properties":{"nr":"35600"},"geometry":{"type":"Polygon","coordinates":[[[24.71064,61.95348],[24.60444,61.9716],[24.63786,61.95365],[24.65508,61.91848],[24.76767,61.88701],[24.764,61.86995],[24.68834,61.85203],[24.70543,61.8387],[24.73655,61.81457],[24.79545,61.82495],[24.89077,61.81658],[24.93689,61.82806],[24.93842,61.91812],[24.88534,61.92891],[24.85609,61.8886],[24.7835,61.8892],[24.73027,61.92286],[24.71064,61.95348]]]}},{"type":"Feature","properties":{"nr":"49900"},"geometry":{"type":"Polygon","coordinates":[[[27.65833,60.63856],[27.55603,60.66211],[27.51032,60.61495],[27.51735,60.60885],[27.57961,60.60877],[27.63991,60.55536],[27.63554,60.52353],[27.58986,60.4928],[27.68111,60.48449],[27.74447,60.50294],[27.71691,60.5648],[27.76525,60.58149],[27.8101,60.55218],[27.78611,60.60901],[27.81399,60.64183],[27.76134,60.62944],[27.65833,60.63856]]]}},{"type":"Feature","properties":{"nr":"35700"},"geometry":{"type":"Polygon","coordinates":[[[24.54577,62.07573],[24.43955,62.09009],[24.39707,62.16188],[24.33134,62.15993],[24.27976,62.14994],[24.28668,62.11968],[24.24598,62.077],[24.16184,62.07202],[24.13267,62.04735],[24.22639,62.0187],[24.31188,62.02967],[24.36767,62.00097],[24.34046,61.9818],[24.39226,61.93639],[24.44453,61.92727],[24.57986,61.93851],[24.63786,61.95365],[24.60444,61.9716],[24.62057,62.0179],[24.55671,62.02752],[24.54577,62.07573]]]}},{"type":"Feature","properties":{"nr":"35740"},"geometry":{"type":"Polygon","coordinates":[[[24.39226,61.93639],[24.34046,61.9818],[24.36767,62.00097],[24.31188,62.02967],[24.22639,62.0187],[24.33488,61.91398],[24.32331,61.89295],[24.38271,61.88408],[24.39226,61.93639]]]}},{"type":"Feature","properties":{"nr":"35750"},"geometry":{"type":"Polygon","coordinates":[[[24.24557,61.87142],[24.32331,61.89295],[24.33488,61.91398],[24.22639,62.0187],[24.13267,62.04735],[24.10151,62.04751],[24.11224,61.98921],[24.18192,61.96242],[24.16501,61.93369],[24.20374,61.91925],[24.24557,61.87142]]]}},{"type":"Feature","properties":{"nr":"36110"},"geometry":{"type":"Polygon","coordinates":[[[24.0207,61.49991],[24.0651,61.52274],[24.00869,61.5504],[23.97541,61.52315],[23.97438,61.51109],[24.0207,61.49991]]]}},{"type":"Feature","properties":{"nr":"35800"},"geometry":{"type":"Polygon","coordinates":[[[24.62057,62.0179],[24.6722,62.04041],[24.64374,62.06371],[24.59607,62.09499],[24.54577,62.07573],[24.55671,62.02752],[24.62057,62.0179]]]}},{"type":"Feature","properties":{"nr":"35820"},"geometry":{"type":"Polygon","coordinates":[[[24.86915,62.05831],[24.70076,62.10604],[24.66523,62.0779],[24.64374,62.06371],[24.6722,62.04041],[24.62057,62.0179],[24.60444,61.9716],[24.71064,61.95348],[24.79158,61.95226],[24.88534,61.92891],[24.93842,61.91812],[24.86915,62.05831]]]}},{"type":"Feature","properties":{"nr":"35990"},"geometry":{"type":"Polygon","coordinates":[[[24.66523,62.0779],[24.66364,62.15314],[24.56873,62.1696],[24.52533,62.19662],[24.44925,62.17871],[24.39707,62.16188],[24.43955,62.09009],[24.54577,62.07573],[24.59607,62.09499],[24.64374,62.06371],[24.66523,62.0779]]]}},{"type":"Feature","properties":{"nr":"36100"},"geometry":{"type":"Polygon","coordinates":[[[23.97055,61.48816],[24.01956,61.47966],[24.0207,61.49991],[23.97438,61.51109],[23.95979,61.50302],[23.95649,61.49729],[23.97055,61.48816]]]}},{"type":"Feature","properties":{"nr":"36120"},"geometry":{"type":"Polygon","coordinates":[[[24.0651,61.52274],[24.12609,61.52356],[24.19397,61.55795],[24.24962,61.57307],[24.1267,61.62635],[24.06364,61.61211],[24.00869,61.5504],[24.0651,61.52274]]]}},{"type":"Feature","properties":{"nr":"36200"},"geometry":{"type":"Polygon","coordinates":[[[24.25244,61.502],[24.19397,61.55795],[24.12609,61.52356],[24.0651,61.52274],[24.0207,61.49991],[24.01956,61.47966],[23.96715,61.46471],[23.92796,61.46887],[23.9268,61.469],[23.90456,61.44236],[23.88961,61.42756],[23.88132,61.41768],[23.9223,61.41797],[23.92218,61.37496],[23.9514,61.33946],[23.99556,61.35287],[24.08608,61.36601],[24.05745,61.40137],[24.04197,61.42751],[24.18808,61.4766],[24.22047,61.47861],[24.25244,61.502]],[[24.08716,61.48907],[24.07819,61.49106],[24.07845,61.49578],[24.08857,61.4964],[24.08716,61.48907]]]}},{"type":"Feature","properties":{"nr":"36220"},"geometry":{"type":"Polygon","coordinates":[[[24.01956,61.47966],[23.97055,61.48816],[23.96715,61.46471],[24.01956,61.47966]]]}},{"type":"Feature","properties":{"nr":"36240"},"geometry":{"type":"Polygon","coordinates":[[[23.95649,61.49729],[23.93196,61.47927],[23.92796,61.46887],[23.96715,61.46471],[23.97055,61.48816],[23.95649,61.49729]]]}},{"type":"Feature","properties":{"nr":"36270"},"geometry":{"type":"Polygon","coordinates":[[[24.27542,61.44738],[24.26706,61.47898],[24.22047,61.47861],[24.18808,61.4766],[24.04197,61.42751],[24.05745,61.40137],[24.15462,61.42287],[24.27542,61.44738]]]}},{"type":"Feature","properties":{"nr":"36280"},"geometry":{"type":"Polygon","coordinates":[[[24.08716,61.48907],[24.08857,61.4964],[24.07845,61.49578],[24.07819,61.49106],[24.08716,61.48907]]]}},{"type":"Feature","properties":{"nr":"36340"},"geometry":{"type":"Polygon","coordinates":[[[24.35716,61.53885],[24.31722,61.57792],[24.24962,61.57307],[24.19397,61.55795],[24.25244,61.502],[24.29096,61.52779],[24.35716,61.53885]]]}},{"type":"Feature","properties":{"nr":"36420"},"geometry":{"type":"Polygon","coordinates":[[[24.56424,61.45928],[24.3917,61.52606],[24.43168,61.55007],[24.35716,61.53885],[24.29096,61.52779],[24.25244,61.502],[24.22047,61.47861],[24.26706,61.47898],[24.27542,61.44738],[24.33234,61.43484],[24.37247,61.46588],[24.42826,61.47837],[24.55683,61.44921],[24.56424,61.45928]]]}},{"type":"Feature","properties":{"nr":"36430"},"geometry":{"type":"Polygon","coordinates":[[[24.55683,61.44921],[24.42826,61.47837],[24.37247,61.46588],[24.33234,61.43484],[24.34605,61.4251],[24.45548,61.40833],[24.54767,61.41699],[24.57641,61.44031],[24.55683,61.44921]]]}},{"type":"Feature","properties":{"nr":"36450"},"geometry":{"type":"Polygon","coordinates":[[[24.54767,61.41699],[24.45548,61.40833],[24.34605,61.4251],[24.31202,61.39319],[24.3423,61.37461],[24.46245,61.37105],[24.50268,61.36818],[24.56295,61.40494],[24.54767,61.41699]]]}},{"type":"Feature","properties":{"nr":"36520"},"geometry":{"type":"Polygon","coordinates":[[[24.27542,61.44738],[24.15462,61.42287],[24.16066,61.40569],[24.24088,61.39713],[24.31202,61.39319],[24.34605,61.4251],[24.33234,61.43484],[24.27542,61.44738]]]}},{"type":"Feature","properties":{"nr":"36570"},"geometry":{"type":"Polygon","coordinates":[[[24.15462,61.42287],[24.05745,61.40137],[24.08608,61.36601],[24.11229,61.34431],[24.22046,61.37582],[24.24088,61.39713],[24.16066,61.40569],[24.15462,61.42287]]]}},{"type":"Feature","properties":{"nr":"36600"},"geometry":{"type":"Polygon","coordinates":[[[24.31202,61.39319],[24.24088,61.39713],[24.22046,61.37582],[24.11229,61.34431],[24.08717,61.29387],[24.18665,61.31223],[24.26288,61.30355],[24.31949,61.31327],[24.37465,61.28788],[24.42918,61.26356],[24.44687,61.26618],[24.4963,61.2847],[24.43994,61.31626],[24.46245,61.37105],[24.3423,61.37461],[24.31202,61.39319]]]}},{"type":"Feature","properties":{"nr":"36640"},"geometry":{"type":"Polygon","coordinates":[[[24.28265,61.26475],[24.37465,61.28788],[24.31949,61.31327],[24.26288,61.30355],[24.18665,61.31223],[24.22212,61.28229],[24.28265,61.26475]]]}},{"type":"Feature","properties":{"nr":"36660"},"geometry":{"type":"Polygon","coordinates":[[[24.31248,61.23311],[24.39594,61.24671],[24.42918,61.26356],[24.37465,61.28788],[24.28265,61.26475],[24.25303,61.24921],[24.31248,61.23311]]]}},{"type":"Feature","properties":{"nr":"36720"},"geometry":{"type":"Polygon","coordinates":[[[24.54003,61.30614],[24.58909,61.32718],[24.58967,61.37218],[24.56295,61.40494],[24.50268,61.36818],[24.46245,61.37105],[24.43994,61.31626],[24.4963,61.2847],[24.54003,61.30614]]]}},{"type":"Feature","properties":{"nr":"36760"},"geometry":{"type":"Polygon","coordinates":[[[24.76223,61.33762],[24.70761,61.38099],[24.66136,61.38208],[24.62258,61.42058],[24.57641,61.44031],[24.54767,61.41699],[24.56295,61.40494],[24.58967,61.37218],[24.58909,61.32718],[24.54003,61.30614],[24.62169,61.27627],[24.63039,61.29122],[24.66144,61.33234],[24.71998,61.32067],[24.75045,61.32769],[24.76223,61.33762]]]}},{"type":"Feature","properties":{"nr":"36810"},"geometry":{"type":"Polygon","coordinates":[[[24.56161,61.53025],[24.44087,61.55291],[24.43168,61.55007],[24.3917,61.52606],[24.56424,61.45928],[24.61827,61.45595],[24.64714,61.4982],[24.61527,61.51519],[24.56161,61.53025]]]}},{"type":"Feature","properties":{"nr":"36840"},"geometry":{"type":"Polygon","coordinates":[[[24.7429,61.52735],[24.61527,61.51519],[24.64714,61.4982],[24.61827,61.45595],[24.56424,61.45928],[24.55683,61.44921],[24.57641,61.44031],[24.62258,61.42058],[24.68896,61.44599],[24.79755,61.44093],[24.81469,61.46359],[24.75375,61.49959],[24.7429,61.52735]]]}},{"type":"Feature","properties":{"nr":"36880"},"geometry":{"type":"Polygon","coordinates":[[[24.77723,61.56237],[24.7429,61.52735],[24.75375,61.49959],[24.81469,61.46359],[24.85068,61.44952],[24.88693,61.47089],[24.94832,61.46576],[24.95378,61.47],[24.92868,61.48859],[24.9287,61.54314],[24.83287,61.56309],[24.77723,61.56237]]]}},{"type":"Feature","properties":{"nr":"36910"},"geometry":{"type":"Polygon","coordinates":[[[24.76223,61.33762],[24.79303,61.3421],[24.77019,61.41208],[24.79755,61.44093],[24.68896,61.44599],[24.62258,61.42058],[24.66136,61.38208],[24.70761,61.38099],[24.76223,61.33762]]]}},{"type":"Feature","properties":{"nr":"36930"},"geometry":{"type":"Polygon","coordinates":[[[24.88235,61.29738],[24.89233,61.34524],[24.90874,61.38855],[24.85068,61.44952],[24.81469,61.46359],[24.79755,61.44093],[24.77019,61.41208],[24.79303,61.3421],[24.8737,61.29593],[24.88235,61.29738]]]}},{"type":"Feature","properties":{"nr":"37140"},"geometry":{"type":"Polygon","coordinates":[[[23.48373,61.47825],[23.40091,61.49074],[23.39135,61.48583],[23.38769,61.4665],[23.47987,61.4711],[23.48373,61.47825]]]}},{"type":"Feature","properties":{"nr":"49930"},"geometry":{"type":"Polygon","coordinates":[[[27.8101,60.55218],[27.87966,60.60797],[27.82496,60.64473],[27.81399,60.64183],[27.78611,60.60901],[27.8101,60.55218]]]}},{"type":"Feature","properties":{"nr":"37100"},"geometry":{"type":"Polygon","coordinates":[[[23.57431,61.48821],[23.51592,61.48733],[23.51966,61.525],[23.52266,61.5446],[23.47778,61.51867],[23.47539,61.51602],[23.48373,61.47825],[23.47987,61.4711],[23.54821,61.47155],[23.59235,61.47342],[23.60076,61.47889],[23.59778,61.48188],[23.57431,61.48821]]]}},{"type":"Feature","properties":{"nr":"37120"},"geometry":{"type":"Polygon","coordinates":[[[23.54821,61.47155],[23.47987,61.4711],[23.38769,61.4665],[23.31312,61.46503],[23.30662,61.42902],[23.38547,61.42465],[23.48489,61.40708],[23.54821,61.47155]]]}},{"type":"Feature","properties":{"nr":"37130"},"geometry":{"type":"Polygon","coordinates":[[[23.48373,61.47825],[23.47539,61.51602],[23.39829,61.49621],[23.40091,61.49074],[23.48373,61.47825]]]}},{"type":"Feature","properties":{"nr":"37720"},"geometry":{"type":"Polygon","coordinates":[[[24.22016,61.13441],[24.25409,61.15412],[24.26272,61.17852],[24.19917,61.22414],[24.12326,61.21667],[24.11121,61.16452],[24.18542,61.14423],[24.22016,61.13441]]]}},{"type":"Feature","properties":{"nr":"37150"},"geometry":{"type":"Polygon","coordinates":[[[23.57431,61.48821],[23.53734,61.51636],[23.51966,61.525],[23.51592,61.48733],[23.57431,61.48821]]]}},{"type":"Feature","properties":{"nr":"37180"},"geometry":{"type":"Polygon","coordinates":[[[23.25897,61.37049],[23.30662,61.42902],[23.31312,61.46503],[23.24859,61.46716],[23.18119,61.44369],[23.17698,61.44029],[23.2218,61.38642],[23.2116,61.37412],[23.25897,61.37049]]]}},{"type":"Feature","properties":{"nr":"37200"},"geometry":{"type":"Polygon","coordinates":[[[23.38001,61.55511],[23.3024,61.54538],[23.27811,61.51871],[23.18459,61.53984],[23.17918,61.5376],[23.21169,61.51995],[23.193,61.47143],[23.16274,61.47048],[23.18119,61.44369],[23.24859,61.46716],[23.31312,61.46503],[23.38769,61.4665],[23.39135,61.48583],[23.39829,61.49621],[23.47539,61.51602],[23.47778,61.51867],[23.4169,61.52478],[23.38001,61.55511]],[[23.24563,61.49034],[23.23728,61.49565],[23.24781,61.50193],[23.25416,61.49083],[23.24563,61.49034]]]}},{"type":"Feature","properties":{"nr":"37210"},"geometry":{"type":"Polygon","coordinates":[[[23.24563,61.49034],[23.25416,61.49083],[23.24781,61.50193],[23.23728,61.49565],[23.24563,61.49034]]]}},{"type":"Feature","properties":{"nr":"37240"},"geometry":{"type":"Polygon","coordinates":[[[23.39829,61.49621],[23.39135,61.48583],[23.40091,61.49074],[23.39829,61.49621]]]}},{"type":"Feature","properties":{"nr":"37310"},"geometry":{"type":"Polygon","coordinates":[[[23.36711,61.33299],[23.4294,61.40155],[23.48297,61.39912],[23.48489,61.40708],[23.38547,61.42465],[23.30662,61.42902],[23.25897,61.37049],[23.25684,61.36597],[23.36711,61.33299]]]}},{"type":"Feature","properties":{"nr":"37350"},"geometry":{"type":"Polygon","coordinates":[[[23.28095,61.2979],[23.36711,61.33299],[23.25684,61.36597],[23.2244,61.34539],[23.22398,61.3196],[23.28095,61.2979]]]}},{"type":"Feature","properties":{"nr":"37740"},"geometry":{"type":"Polygon","coordinates":[[[24.25303,61.24921],[24.19917,61.22414],[24.26272,61.17852],[24.2884,61.19801],[24.33824,61.20587],[24.31248,61.23311],[24.25303,61.24921]]]}},{"type":"Feature","properties":{"nr":"37370"},"geometry":{"type":"Polygon","coordinates":[[[23.48297,61.39912],[23.4294,61.40155],[23.36711,61.33299],[23.28095,61.2979],[23.30112,61.25693],[23.40035,61.26726],[23.46254,61.25274],[23.57417,61.27233],[23.52711,61.30543],[23.52912,61.32454],[23.60829,61.32767],[23.53065,61.35886],[23.48297,61.39912]]]}},{"type":"Feature","properties":{"nr":"37380"},"geometry":{"type":"Polygon","coordinates":[[[23.46254,61.25274],[23.40035,61.26726],[23.30112,61.25693],[23.29136,61.24968],[23.29078,61.24901],[23.39948,61.21042],[23.43136,61.21405],[23.48303,61.23358],[23.46254,61.25274]]]}},{"type":"Feature","properties":{"nr":"37550"},"geometry":{"type":"Polygon","coordinates":[[[23.92218,61.37496],[23.9223,61.41797],[23.88132,61.41768],[23.88626,61.40747],[23.82642,61.37725],[23.72152,61.35816],[23.7881,61.34753],[23.8754,61.38736],[23.90555,61.37343],[23.92218,61.37496]]]}},{"type":"Feature","properties":{"nr":"37420"},"geometry":{"type":"Polygon","coordinates":[[[23.67136,61.27782],[23.57417,61.27233],[23.46254,61.25274],[23.48303,61.23358],[23.43136,61.21405],[23.53416,61.20902],[23.56591,61.20022],[23.71224,61.24557],[23.67136,61.27782]]]}},{"type":"Feature","properties":{"nr":"37470"},"geometry":{"type":"Polygon","coordinates":[[[23.57417,61.27233],[23.67136,61.27782],[23.68458,61.31215],[23.63243,61.33538],[23.60829,61.32767],[23.52912,61.32454],[23.52711,61.30543],[23.57417,61.27233]]]}},{"type":"Feature","properties":{"nr":"37630"},"geometry":{"type":"Polygon","coordinates":[[[23.96651,61.25758],[24.03602,61.28507],[23.99556,61.35287],[23.9514,61.33946],[23.91091,61.28866],[23.96651,61.25758]]]}},{"type":"Feature","properties":{"nr":"37500"},"geometry":{"type":"Polygon","coordinates":[[[23.7881,61.34753],[23.72152,61.35816],[23.70653,61.37238],[23.63243,61.33538],[23.68458,61.31215],[23.67136,61.27782],[23.71224,61.24557],[23.73801,61.25735],[23.8155,61.2356],[23.88867,61.26662],[23.91091,61.28866],[23.9514,61.33946],[23.92218,61.37496],[23.90555,61.37343],[23.86083,61.33563],[23.7881,61.34753]]]}},{"type":"Feature","properties":{"nr":"37530"},"geometry":{"type":"Polygon","coordinates":[[[23.70834,61.40762],[23.60274,61.40777],[23.53065,61.35886],[23.60829,61.32767],[23.63243,61.33538],[23.70653,61.37238],[23.71214,61.4066],[23.70834,61.40762]]]}},{"type":"Feature","properties":{"nr":"37700"},"geometry":{"type":"Polygon","coordinates":[[[24.12326,61.21667],[24.0615,61.22277],[24.02568,61.19907],[24.01641,61.1875],[24.11121,61.16452],[24.12326,61.21667]]]}},{"type":"Feature","properties":{"nr":"37560"},"geometry":{"type":"Polygon","coordinates":[[[23.88626,61.40747],[23.79981,61.43092],[23.76456,61.40004],[23.71214,61.4066],[23.70653,61.37238],[23.72152,61.35816],[23.82642,61.37725],[23.88626,61.40747]]]}},{"type":"Feature","properties":{"nr":"37570"},"geometry":{"type":"Polygon","coordinates":[[[23.90555,61.37343],[23.8754,61.38736],[23.7881,61.34753],[23.86083,61.33563],[23.90555,61.37343]]]}},{"type":"Feature","properties":{"nr":"37600"},"geometry":{"type":"Polygon","coordinates":[[[24.08608,61.36601],[23.99556,61.35287],[24.03602,61.28507],[23.96651,61.25758],[23.9852,61.2157],[24.02568,61.19907],[24.0615,61.22277],[24.12326,61.21667],[24.19917,61.22414],[24.25303,61.24921],[24.28265,61.26475],[24.22212,61.28229],[24.18665,61.31223],[24.08717,61.29387],[24.11229,61.34431],[24.08608,61.36601]]]}},{"type":"Feature","properties":{"nr":"37770"},"geometry":{"type":"Polygon","coordinates":[[[24.01641,61.1875],[24.00546,61.18642],[23.95381,61.15527],[23.96211,61.11954],[24.06248,61.11824],[24.11647,61.13903],[24.18542,61.14423],[24.11121,61.16452],[24.01641,61.1875]]]}},{"type":"Feature","properties":{"nr":"37800"},"geometry":{"type":"Polygon","coordinates":[[[23.90778,61.20051],[23.81269,61.20964],[23.79364,61.18297],[23.68569,61.19129],[23.73354,61.17077],[23.74475,61.12627],[23.71268,61.09474],[23.76223,61.05654],[23.85099,61.03561],[23.90609,61.08222],[23.94446,61.07098],[23.96211,61.11954],[23.95381,61.15527],[24.00546,61.18642],[23.90778,61.20051]],[[23.80047,61.1563],[23.81372,61.12761],[23.76406,61.138],[23.80047,61.1563]]]}},{"type":"Feature","properties":{"nr":"37830"},"geometry":{"type":"Polygon","coordinates":[[[23.8155,61.2356],[23.73801,61.25735],[23.71224,61.24557],[23.56591,61.20022],[23.64002,61.18094],[23.68569,61.19129],[23.79364,61.18297],[23.81269,61.20964],[23.8155,61.2356]]]}},{"type":"Feature","properties":{"nr":"37850"},"geometry":{"type":"Polygon","coordinates":[[[23.81269,61.20964],[23.90778,61.20051],[23.91079,61.25605],[23.88867,61.26662],[23.8155,61.2356],[23.81269,61.20964]]]}},{"type":"Feature","properties":{"nr":"37860"},"geometry":{"type":"Polygon","coordinates":[[[24.00546,61.18642],[24.01641,61.1875],[24.02568,61.19907],[23.9852,61.2157],[23.96651,61.25758],[23.91091,61.28866],[23.88867,61.26662],[23.91079,61.25605],[23.90778,61.20051],[24.00546,61.18642]]]}},{"type":"Feature","properties":{"nr":"37900"},"geometry":{"type":"Polygon","coordinates":[[[23.64089,61.10491],[23.71268,61.09474],[23.74475,61.12627],[23.68983,61.13853],[23.63537,61.12796],[23.64089,61.10491]]]}},{"type":"Feature","properties":{"nr":"38130"},"geometry":{"type":"Polygon","coordinates":[[[23.02625,61.40437],[23.04707,61.41022],[23.03394,61.41009],[23.02625,61.40437]]]}},{"type":"Feature","properties":{"nr":"65920"},"geometry":{"type":"Polygon","coordinates":[[[21.31969,63.25861],[21.2539,63.23552],[21.20694,63.25125],[21.1982,63.23457],[21.31635,63.18069],[21.37356,63.21266],[21.31969,63.25861]]]}},{"type":"Feature","properties":{"nr":"37910"},"geometry":{"type":"Polygon","coordinates":[[[23.56591,61.20022],[23.53416,61.20902],[23.53917,61.18589],[23.47894,61.16373],[23.53545,61.1343],[23.63537,61.12796],[23.68983,61.13853],[23.74475,61.12627],[23.73354,61.17077],[23.68569,61.19129],[23.64002,61.18094],[23.56591,61.20022]]]}},{"type":"Feature","properties":{"nr":"37960"},"geometry":{"type":"Polygon","coordinates":[[[23.80047,61.1563],[23.76406,61.138],[23.81372,61.12761],[23.80047,61.1563]]]}},{"type":"Feature","properties":{"nr":"38100"},"geometry":{"type":"Polygon","coordinates":[[[23.16274,61.47048],[23.03697,61.46896],[23.02813,61.48351],[22.96939,61.48369],[22.92262,61.45472],[22.97132,61.44679],[22.99535,61.41102],[23.03394,61.41009],[23.04707,61.41022],[23.05874,61.41184],[23.17698,61.44029],[23.18119,61.44369],[23.16274,61.47048]]]}},{"type":"Feature","properties":{"nr":"38120"},"geometry":{"type":"Polygon","coordinates":[[[23.2116,61.37412],[23.2218,61.38642],[23.17698,61.44029],[23.05874,61.41184],[23.15748,61.39461],[23.2116,61.37412]]]}},{"type":"Feature","properties":{"nr":"38140"},"geometry":{"type":"Polygon","coordinates":[[[23.01349,61.37305],[23.07549,61.36805],[23.1671,61.33175],[23.2244,61.34539],[23.25684,61.36597],[23.25897,61.37049],[23.2116,61.37412],[23.15748,61.39461],[23.05874,61.41184],[23.04707,61.41022],[23.02625,61.40437],[23.01349,61.37305]]]}},{"type":"Feature","properties":{"nr":"38200"},"geometry":{"type":"Polygon","coordinates":[[[22.85084,61.30412],[22.94194,61.31677],[22.98387,61.35205],[22.8563,61.34266],[22.82613,61.32863],[22.85084,61.30412]]]}},{"type":"Feature","properties":{"nr":"38210"},"geometry":{"type":"Polygon","coordinates":[[[22.92262,61.45472],[22.85543,61.43185],[22.75864,61.47048],[22.73367,61.45456],[22.71825,61.41739],[22.77389,61.38934],[22.7819,61.35507],[22.82613,61.32863],[22.8563,61.34266],[22.98387,61.35205],[23.01349,61.37305],[23.02625,61.40437],[23.03394,61.41009],[22.99535,61.41102],[22.97132,61.44679],[22.92262,61.45472]]]}},{"type":"Feature","properties":{"nr":"38220"},"geometry":{"type":"Polygon","coordinates":[[[23.29136,61.24968],[23.30112,61.25693],[23.28095,61.2979],[23.22398,61.3196],[23.2244,61.34539],[23.1671,61.33175],[23.07549,61.36805],[23.01349,61.37305],[22.98387,61.35205],[22.94194,61.31677],[23.08628,61.27733],[23.19011,61.26906],[23.27768,61.27426],[23.29136,61.24968]]]}},{"type":"Feature","properties":{"nr":"38250"},"geometry":{"type":"Polygon","coordinates":[[[22.9624,61.23398],[23.04126,61.25222],[23.06968,61.23998],[23.08628,61.27733],[22.94194,61.31677],[22.85084,61.30412],[22.86047,61.26162],[22.9624,61.23398]]]}},{"type":"Feature","properties":{"nr":"38270"},"geometry":{"type":"Polygon","coordinates":[[[23.10657,61.18966],[23.22524,61.21503],[23.29078,61.24901],[23.29136,61.24968],[23.27768,61.27426],[23.19011,61.26906],[23.08628,61.27733],[23.06968,61.23998],[23.07639,61.19429],[23.10657,61.18966]]]}},{"type":"Feature","properties":{"nr":"40820"},"geometry":{"type":"Polygon","coordinates":[[[25.80604,62.17298],[25.85309,62.18044],[25.83968,62.22735],[25.82682,62.22086],[25.78307,62.19113],[25.80604,62.17298]]]}},{"type":"Feature","properties":{"nr":"38280"},"geometry":{"type":"Polygon","coordinates":[[[23.0169,61.16992],[23.07639,61.19429],[23.06968,61.23998],[23.04126,61.25222],[22.9624,61.23398],[22.8999,61.2142],[22.93442,61.18055],[23.0169,61.16992]]]}},{"type":"Feature","properties":{"nr":"38300"},"geometry":{"type":"Polygon","coordinates":[[[22.82613,61.32863],[22.7819,61.35507],[22.77389,61.38934],[22.71825,61.41739],[22.60114,61.38184],[22.59604,61.34933],[22.63463,61.32923],[22.71348,61.32496],[22.72954,61.28668],[22.86047,61.26162],[22.85084,61.30412],[22.82613,61.32863]]]}},{"type":"Feature","properties":{"nr":"38360"},"geometry":{"type":"Polygon","coordinates":[[[22.73367,61.45456],[22.71967,61.47343],[22.65588,61.47772],[22.59371,61.54636],[22.44103,61.48967],[22.39882,61.48797],[22.41729,61.46332],[22.51367,61.42744],[22.56357,61.42026],[22.60114,61.38184],[22.71825,61.41739],[22.73367,61.45456]]]}},{"type":"Feature","properties":{"nr":"38420"},"geometry":{"type":"Polygon","coordinates":[[[23.1289,61.5498],[23.07091,61.54431],[23.07747,61.51658],[23.02813,61.48351],[23.03697,61.46896],[23.16274,61.47048],[23.193,61.47143],[23.21169,61.51995],[23.17918,61.5376],[23.1289,61.5498]]]}},{"type":"Feature","properties":{"nr":"38460"},"geometry":{"type":"Polygon","coordinates":[[[23.07091,61.54431],[23.03534,61.59475],[22.97447,61.58279],[23.0128,61.55565],[22.98275,61.52745],[22.82143,61.54564],[22.83541,61.52964],[22.77118,61.50861],[22.75864,61.47048],[22.85543,61.43185],[22.92262,61.45472],[22.96939,61.48369],[23.02813,61.48351],[23.07747,61.51658],[23.07091,61.54431]]]}},{"type":"Feature","properties":{"nr":"38470"},"geometry":{"type":"Polygon","coordinates":[[[22.82143,61.54564],[22.98275,61.52745],[23.0128,61.55565],[22.97447,61.58279],[22.92905,61.59317],[22.92567,61.59349],[22.87951,61.5827],[22.86804,61.55383],[22.82143,61.54564]]]}},{"type":"Feature","properties":{"nr":"38490"},"geometry":{"type":"Polygon","coordinates":[[[23.08307,61.59],[23.04539,61.59792],[23.03534,61.59475],[23.07091,61.54431],[23.1289,61.5498],[23.08307,61.59]]]}},{"type":"Feature","properties":{"nr":"38680"},"geometry":{"type":"Polygon","coordinates":[[[22.3184,61.74297],[22.24324,61.75028],[22.20095,61.72309],[22.19665,61.70932],[22.22446,61.69787],[22.32554,61.69609],[22.37322,61.71348],[22.3184,61.74297]]]}},{"type":"Feature","properties":{"nr":"38510"},"geometry":{"type":"Polygon","coordinates":[[[22.72596,61.71223],[22.64136,61.69414],[22.71845,61.65669],[22.67736,61.58436],[22.59371,61.54636],[22.65588,61.47772],[22.71967,61.47343],[22.73367,61.45456],[22.75864,61.47048],[22.77118,61.50861],[22.83541,61.52964],[22.82143,61.54564],[22.86804,61.55383],[22.87951,61.5827],[22.92567,61.59349],[22.89545,61.61669],[22.84032,61.63131],[22.83139,61.67268],[22.72596,61.71223]]]}},{"type":"Feature","properties":{"nr":"38600"},"geometry":{"type":"Polygon","coordinates":[[[22.59371,61.54636],[22.67736,61.58436],[22.71845,61.65669],[22.64136,61.69414],[22.4905,61.68163],[22.54293,61.63484],[22.50598,61.61783],[22.48215,61.58096],[22.39815,61.58379],[22.30354,61.60687],[22.24248,61.5726],[22.36154,61.52028],[22.39882,61.48797],[22.44103,61.48967],[22.59371,61.54636]]]}},{"type":"Feature","properties":{"nr":"38650"},"geometry":{"type":"Polygon","coordinates":[[[22.45178,61.7052],[22.37322,61.71348],[22.32554,61.69609],[22.39032,61.65958],[22.45665,61.62655],[22.50598,61.61783],[22.54293,61.63484],[22.4905,61.68163],[22.45178,61.7052]]]}},{"type":"Feature","properties":{"nr":"38670"},"geometry":{"type":"Polygon","coordinates":[[[22.50598,61.61783],[22.45665,61.62655],[22.39032,61.65958],[22.3738,61.6363],[22.30354,61.60687],[22.39815,61.58379],[22.48215,61.58096],[22.50598,61.61783]]]}},{"type":"Feature","properties":{"nr":"38700"},"geometry":{"type":"Polygon","coordinates":[[[22.52798,61.79772],[22.42701,61.83896],[22.43184,61.88137],[22.38549,61.87194],[22.34353,61.818],[22.34473,61.80785],[22.37304,61.81225],[22.37043,61.79859],[22.33879,61.80231],[22.32874,61.76548],[22.3184,61.74297],[22.37322,61.71348],[22.45178,61.7052],[22.46628,61.74233],[22.52858,61.77828],[22.56967,61.77333],[22.52798,61.79772]]]}},{"type":"Feature","properties":{"nr":"38710"},"geometry":{"type":"Polygon","coordinates":[[[22.33879,61.80231],[22.37043,61.79859],[22.37304,61.81225],[22.34473,61.80785],[22.33879,61.80231]]]}},{"type":"Feature","properties":{"nr":"38720"},"geometry":{"type":"Polygon","coordinates":[[[22.56967,61.77333],[22.52858,61.77828],[22.46628,61.74233],[22.45178,61.7052],[22.4905,61.68163],[22.64136,61.69414],[22.72596,61.71223],[22.66849,61.73611],[22.64742,61.76447],[22.56967,61.77333]]]}},{"type":"Feature","properties":{"nr":"38740"},"geometry":{"type":"Polygon","coordinates":[[[22.34353,61.818],[22.26674,61.83446],[22.22568,61.79907],[22.28594,61.76904],[22.32874,61.76548],[22.33879,61.80231],[22.34473,61.80785],[22.34353,61.818]]]}},{"type":"Feature","properties":{"nr":"38750"},"geometry":{"type":"Polygon","coordinates":[[[22.22568,61.79907],[22.12848,61.79422],[22.16094,61.74025],[22.20095,61.72309],[22.24324,61.75028],[22.3184,61.74297],[22.32874,61.76548],[22.28594,61.76904],[22.22568,61.79907]]]}},{"type":"Feature","properties":{"nr":"41540"},"geometry":{"type":"Polygon","coordinates":[[[26.25744,62.40373],[26.27131,62.40758],[26.31463,62.44068],[26.35773,62.44247],[26.41184,62.47306],[26.41251,62.51331],[26.37715,62.52914],[26.33651,62.52094],[26.30681,62.49845],[26.222,62.49518],[26.22164,62.49359],[26.25744,62.40373]]]}},{"type":"Feature","properties":{"nr":"38760"},"geometry":{"type":"Polygon","coordinates":[[[22.24372,61.85819],[22.17169,61.8595],[22.06966,61.83862],[22.03944,61.81666],[22.12848,61.79422],[22.22568,61.79907],[22.26674,61.83446],[22.24372,61.85819]]]}},{"type":"Feature","properties":{"nr":"38770"},"geometry":{"type":"Polygon","coordinates":[[[22.34353,61.818],[22.38549,61.87194],[22.24372,61.85819],[22.26674,61.83446],[22.34353,61.818]]]}},{"type":"Feature","properties":{"nr":"38800"},"geometry":{"type":"Polygon","coordinates":[[[22.73598,61.91608],[22.66775,61.90116],[22.58527,61.86678],[22.57257,61.83238],[22.52798,61.79772],[22.56967,61.77333],[22.64742,61.76447],[22.66849,61.73611],[22.74374,61.73837],[22.79033,61.75694],[22.83303,61.80738],[22.81459,61.85377],[22.75396,61.87578],[22.73598,61.91608]]]}},{"type":"Feature","properties":{"nr":"41880"},"geometry":{"type":"Polygon","coordinates":[[[25.86645,61.91564],[25.86562,61.96801],[25.79923,62.01355],[25.71644,61.99736],[25.69854,61.97179],[25.74686,61.92167],[25.8147,61.91374],[25.83489,61.91038],[25.86645,61.91564]]]}},{"type":"Feature","properties":{"nr":"38840"},"geometry":{"type":"Polygon","coordinates":[[[22.52798,61.79772],[22.57257,61.83238],[22.58527,61.86678],[22.54419,61.88665],[22.60655,61.9695],[22.54756,61.98322],[22.54784,62.02118],[22.50879,62.02262],[22.50208,62.00012],[22.44509,61.99472],[22.45324,61.92992],[22.43184,61.88137],[22.42701,61.83896],[22.52798,61.79772]]]}},{"type":"Feature","properties":{"nr":"38860"},"geometry":{"type":"Polygon","coordinates":[[[22.58527,61.86678],[22.66775,61.90116],[22.65907,61.96448],[22.60655,61.9695],[22.54419,61.88665],[22.58527,61.86678]]]}},{"type":"Feature","properties":{"nr":"38910"},"geometry":{"type":"Polygon","coordinates":[[[22.43184,61.88137],[22.45324,61.92992],[22.44509,61.99472],[22.3526,61.9951],[22.31651,61.95446],[22.29409,61.91959],[22.21849,61.90094],[22.13858,61.90424],[22.17169,61.8595],[22.24372,61.85819],[22.38549,61.87194],[22.43184,61.88137]]]}},{"type":"Feature","properties":{"nr":"38920"},"geometry":{"type":"Polygon","coordinates":[[[22.31651,61.95446],[22.2243,61.95635],[22.1352,61.92839],[22.13858,61.90424],[22.21849,61.90094],[22.29409,61.91959],[22.31651,61.95446]]]}},{"type":"Feature","properties":{"nr":"38950"},"geometry":{"type":"Polygon","coordinates":[[[22.37092,62.06718],[22.26008,62.0735],[22.25974,62.04657],[22.17755,62.05085],[22.06221,62.01406],[21.99425,62.01339],[21.95625,61.96438],[22.01419,61.92115],[22.1352,61.92839],[22.2243,61.95635],[22.31651,61.95446],[22.3526,61.9951],[22.44509,61.99472],[22.50208,62.00012],[22.50879,62.02262],[22.38804,62.05081],[22.37092,62.06718]]]}},{"type":"Feature","properties":{"nr":"38970"},"geometry":{"type":"Polygon","coordinates":[[[22.41072,62.12959],[22.31946,62.12355],[22.25746,62.10299],[22.16457,62.10396],[22.19601,62.07235],[22.17755,62.05085],[22.25974,62.04657],[22.26008,62.0735],[22.37092,62.06718],[22.41163,62.10215],[22.41072,62.12959]]]}},{"type":"Feature","properties":{"nr":"39130"},"geometry":{"type":"Polygon","coordinates":[[[23.40014,61.59409],[23.34631,61.6182],[23.30372,61.60994],[23.25742,61.58013],[23.25916,61.55969],[23.26871,61.55435],[23.3024,61.54538],[23.38001,61.55511],[23.40014,61.59409]]]}},{"type":"Feature","properties":{"nr":"39150"},"geometry":{"type":"Polygon","coordinates":[[[23.47778,61.51867],[23.52266,61.5446],[23.48862,61.56159],[23.48702,61.59323],[23.48399,61.63458],[23.40819,61.63844],[23.40014,61.59409],[23.38001,61.55511],[23.4169,61.52478],[23.47778,61.51867]]]}},{"type":"Feature","properties":{"nr":"39100"},"geometry":{"type":"Polygon","coordinates":[[[23.35502,61.6462],[23.29852,61.6255],[23.24481,61.64724],[23.16599,61.65563],[23.02161,61.64031],[23.00255,61.60267],[22.92905,61.59317],[22.97447,61.58279],[23.03534,61.59475],[23.04539,61.59792],[23.06821,61.60735],[23.13105,61.60241],[23.15857,61.58801],[23.08307,61.59],[23.1289,61.5498],[23.17918,61.5376],[23.18459,61.53984],[23.26871,61.55435],[23.25916,61.55969],[23.19554,61.59731],[23.22295,61.61886],[23.30372,61.60994],[23.34631,61.6182],[23.40014,61.59409],[23.40819,61.63844],[23.38682,61.6551],[23.35502,61.6462]]]}},{"type":"Feature","properties":{"nr":"39110"},"geometry":{"type":"Polygon","coordinates":[[[23.30372,61.60994],[23.22295,61.61886],[23.19554,61.59731],[23.25916,61.55969],[23.25742,61.58013],[23.30372,61.60994]]]}},{"type":"Feature","properties":{"nr":"39160"},"geometry":{"type":"Polygon","coordinates":[[[23.48862,61.56159],[23.55098,61.58283],[23.48702,61.59323],[23.48862,61.56159]]]}},{"type":"Feature","properties":{"nr":"39170"},"geometry":{"type":"Polygon","coordinates":[[[23.26871,61.55435],[23.18459,61.53984],[23.27811,61.51871],[23.3024,61.54538],[23.26871,61.55435]]]}},{"type":"Feature","properties":{"nr":"39180"},"geometry":{"type":"Polygon","coordinates":[[[23.08307,61.59],[23.15857,61.58801],[23.13105,61.60241],[23.06821,61.60735],[23.04539,61.59792],[23.08307,61.59]]]}},{"type":"Feature","properties":{"nr":"39195"},"geometry":{"type":"Polygon","coordinates":[[[22.92905,61.59317],[23.00255,61.60267],[23.02161,61.64031],[23.00789,61.65018],[22.9486,61.65147],[22.89545,61.61669],[22.92567,61.59349],[22.92905,61.59317]]]}},{"type":"Feature","properties":{"nr":"39200"},"geometry":{"type":"Polygon","coordinates":[[[23.21435,61.68367],[23.12231,61.69674],[23.09933,61.72413],[23.06578,61.71916],[23.021,61.68967],[23.00789,61.65018],[23.02161,61.64031],[23.16599,61.65563],[23.24481,61.64724],[23.29852,61.6255],[23.35502,61.6462],[23.30424,61.66758],[23.21435,61.68367]]]}},{"type":"Feature","properties":{"nr":"39230"},"geometry":{"type":"Polygon","coordinates":[[[23.19438,61.71513],[23.09933,61.72413],[23.12231,61.69674],[23.21435,61.68367],[23.19438,61.71513]]]}},{"type":"Feature","properties":{"nr":"39290"},"geometry":{"type":"Polygon","coordinates":[[[23.00789,61.65018],[23.021,61.68967],[22.91216,61.70193],[22.82976,61.68951],[22.83139,61.67268],[22.84032,61.63131],[22.89545,61.61669],[22.9486,61.65147],[23.00789,61.65018]]]}},{"type":"Feature","properties":{"nr":"39310"},"geometry":{"type":"Polygon","coordinates":[[[23.42551,61.78273],[23.34665,61.77848],[23.31111,61.74535],[23.24537,61.75213],[23.19771,61.74098],[23.19438,61.71513],[23.21435,61.68367],[23.30424,61.66758],[23.37324,61.68053],[23.41292,61.71114],[23.39443,61.73975],[23.42551,61.78273]]]}},{"type":"Feature","properties":{"nr":"39340"},"geometry":{"type":"Polygon","coordinates":[[[23.48242,61.69228],[23.51844,61.70958],[23.47282,61.7761],[23.43527,61.78424],[23.42551,61.78273],[23.39443,61.73975],[23.41292,61.71114],[23.48242,61.69228]]]}},{"type":"Feature","properties":{"nr":"39360"},"geometry":{"type":"Polygon","coordinates":[[[23.49995,61.67047],[23.48242,61.69228],[23.41292,61.71114],[23.37324,61.68053],[23.30424,61.66758],[23.35502,61.6462],[23.38682,61.6551],[23.48163,61.66611],[23.49995,61.67047]]]}},{"type":"Feature","properties":{"nr":"39380"},"geometry":{"type":"Polygon","coordinates":[[[23.48163,61.66611],[23.38682,61.6551],[23.40819,61.63844],[23.48399,61.63458],[23.48163,61.66611]]]}},{"type":"Feature","properties":{"nr":"39410"},"geometry":{"type":"Polygon","coordinates":[[[23.41883,61.81265],[23.3126,61.81422],[23.24667,61.85841],[23.22346,61.815],[23.11783,61.78002],[23.19771,61.74098],[23.24537,61.75213],[23.31111,61.74535],[23.34665,61.77848],[23.42551,61.78273],[23.43527,61.78424],[23.41883,61.81265]]]}},{"type":"Feature","properties":{"nr":"39430"},"geometry":{"type":"Polygon","coordinates":[[[23.11783,61.78002],[23.22346,61.815],[23.24667,61.85841],[23.23454,61.88179],[23.21762,61.88337],[23.10407,61.85298],[23.12786,61.83706],[23.08257,61.80645],[23.11783,61.78002]]]}},{"type":"Feature","properties":{"nr":"39660"},"geometry":{"type":"Polygon","coordinates":[[[22.91936,61.93124],[22.9322,61.93344],[22.98377,61.97601],[22.99123,61.98921],[22.90331,62.02538],[22.83391,62.01037],[22.82104,61.93774],[22.91936,61.93124]]]}},{"type":"Feature","properties":{"nr":"39450"},"geometry":{"type":"Polygon","coordinates":[[[23.52854,61.80717],[23.54351,61.83942],[23.47346,61.9161],[23.42637,61.9185],[23.35717,61.91917],[23.23454,61.88179],[23.24667,61.85841],[23.3126,61.81422],[23.41883,61.81265],[23.52854,61.80717]]]}},{"type":"Feature","properties":{"nr":"39500"},"geometry":{"type":"Polygon","coordinates":[[[23.0194,61.82297],[22.87306,61.87127],[22.81459,61.85377],[22.83303,61.80738],[22.92405,61.78768],[22.99347,61.79002],[23.06578,61.71916],[23.09933,61.72413],[23.19438,61.71513],[23.19771,61.74098],[23.11783,61.78002],[23.08257,61.80645],[23.0194,61.82297]]]}},{"type":"Feature","properties":{"nr":"39530"},"geometry":{"type":"Polygon","coordinates":[[[23.06578,61.71916],[22.99347,61.79002],[22.92405,61.78768],[22.83303,61.80738],[22.79033,61.75694],[22.74374,61.73837],[22.66849,61.73611],[22.72596,61.71223],[22.83139,61.67268],[22.82976,61.68951],[22.91216,61.70193],[23.021,61.68967],[23.06578,61.71916]]]}},{"type":"Feature","properties":{"nr":"39920"},"geometry":{"type":"Polygon","coordinates":[[[22.77841,62.0521],[22.78028,62.12472],[22.74192,62.1599],[22.62885,62.13458],[22.57934,62.08424],[22.60326,62.04505],[22.77841,62.0521]]]}},{"type":"Feature","properties":{"nr":"39580"},"geometry":{"type":"Polygon","coordinates":[[[23.15912,61.90878],[23.08668,61.94341],[23.01186,61.90924],[22.98584,61.91375],[22.9322,61.93344],[22.91936,61.93124],[22.91216,61.88572],[22.87306,61.87127],[23.0194,61.82297],[23.02637,61.8829],[23.13246,61.87881],[23.15912,61.90878]]]}},{"type":"Feature","properties":{"nr":"39590"},"geometry":{"type":"Polygon","coordinates":[[[23.0194,61.82297],[23.08257,61.80645],[23.12786,61.83706],[23.10407,61.85298],[23.21762,61.88337],[23.15912,61.90878],[23.13246,61.87881],[23.02637,61.8829],[23.0194,61.82297]]]}},{"type":"Feature","properties":{"nr":"39610"},"geometry":{"type":"Polygon","coordinates":[[[22.87306,61.87127],[22.91216,61.88572],[22.91936,61.93124],[22.82104,61.93774],[22.73598,61.91608],[22.75396,61.87578],[22.81459,61.85377],[22.87306,61.87127]]]}},{"type":"Feature","properties":{"nr":"39620"},"geometry":{"type":"Polygon","coordinates":[[[22.77841,62.0521],[22.60326,62.04505],[22.54784,62.02118],[22.54756,61.98322],[22.60655,61.9695],[22.65907,61.96448],[22.66775,61.90116],[22.73598,61.91608],[22.82104,61.93774],[22.83391,62.01037],[22.77841,62.0521]]]}},{"type":"Feature","properties":{"nr":"39700"},"geometry":{"type":"Polygon","coordinates":[[[23.04921,62.15855],[22.98129,62.11556],[22.92345,62.11913],[22.85235,62.15412],[22.78028,62.12472],[22.77841,62.0521],[22.83391,62.01037],[22.90331,62.02538],[22.99123,61.98921],[22.98377,61.97601],[23.02371,61.97482],[22.98584,61.91375],[23.01186,61.90924],[23.08668,61.94341],[23.15912,61.90878],[23.21762,61.88337],[23.23454,61.88179],[23.35717,61.91917],[23.32127,61.97546],[23.27076,62.00498],[23.27414,62.02978],[23.22067,62.07621],[23.11289,62.08652],[23.04921,62.15855]]]}},{"type":"Feature","properties":{"nr":"39750"},"geometry":{"type":"Polygon","coordinates":[[[23.02481,62.28597],[23.01649,62.28851],[22.89346,62.26439],[22.85508,62.27572],[22.79501,62.2599],[22.78265,62.24431],[22.86485,62.22739],[22.83126,62.19773],[22.85235,62.15412],[22.92345,62.11913],[22.98129,62.11556],[23.04921,62.15855],[23.05069,62.16054],[23.01039,62.26361],[23.02481,62.28597]]]}},{"type":"Feature","properties":{"nr":"39770"},"geometry":{"type":"Polygon","coordinates":[[[23.32127,61.97546],[23.36253,62.01432],[23.36626,62.05192],[23.34488,62.08343],[23.28587,62.09015],[23.22067,62.07621],[23.27414,62.02978],[23.27076,62.00498],[23.32127,61.97546]]]}},{"type":"Feature","properties":{"nr":"42830"},"geometry":{"type":"Polygon","coordinates":[[[24.22493,62.16515],[24.29706,62.18594],[24.26669,62.23678],[24.25135,62.26456],[24.20183,62.25926],[24.21715,62.24109],[24.17425,62.21429],[24.16762,62.17733],[24.22493,62.16515]]]}},{"type":"Feature","properties":{"nr":"39780"},"geometry":{"type":"Polygon","coordinates":[[[22.98584,61.91375],[23.02371,61.97482],[22.98377,61.97601],[22.9322,61.93344],[22.98584,61.91375]]]}},{"type":"Feature","properties":{"nr":"39810"},"geometry":{"type":"Polygon","coordinates":[[[23.21052,62.14993],[23.15246,62.17858],[23.10646,62.15519],[23.05069,62.16054],[23.04921,62.15855],[23.11289,62.08652],[23.22067,62.07621],[23.28587,62.09015],[23.2825,62.09567],[23.21052,62.14993]]]}},{"type":"Feature","properties":{"nr":"39820"},"geometry":{"type":"Polygon","coordinates":[[[23.38902,62.20809],[23.28891,62.26098],[23.21353,62.34744],[23.18019,62.35311],[23.16405,62.32316],[23.02481,62.28597],[23.01039,62.26361],[23.05069,62.16054],[23.10646,62.15519],[23.15246,62.17858],[23.21052,62.14993],[23.39824,62.16374],[23.38902,62.20809]]]}},{"type":"Feature","properties":{"nr":"39880"},"geometry":{"type":"Polygon","coordinates":[[[23.39824,62.16374],[23.21052,62.14993],[23.2825,62.09567],[23.32521,62.1087],[23.3388,62.13905],[23.41034,62.15664],[23.39824,62.16374]]]}},{"type":"Feature","properties":{"nr":"39930"},"geometry":{"type":"Polygon","coordinates":[[[22.57934,62.08424],[22.62885,62.13458],[22.62286,62.15632],[22.55125,62.16374],[22.50828,62.18231],[22.54058,62.20998],[22.39787,62.19871],[22.4492,62.14452],[22.50113,62.10717],[22.55347,62.11119],[22.57934,62.08424]]]}},{"type":"Feature","properties":{"nr":"39940"},"geometry":{"type":"Polygon","coordinates":[[[22.57934,62.08424],[22.55347,62.11119],[22.50113,62.10717],[22.4492,62.14452],[22.41072,62.12959],[22.41163,62.10215],[22.37092,62.06718],[22.38804,62.05081],[22.50879,62.02262],[22.54784,62.02118],[22.60326,62.04505],[22.57934,62.08424]]]}},{"type":"Feature","properties":{"nr":"39960"},"geometry":{"type":"Polygon","coordinates":[[[22.62885,62.13458],[22.74192,62.1599],[22.69299,62.20209],[22.6277,62.21232],[22.56129,62.22581],[22.54058,62.20998],[22.50828,62.18231],[22.55125,62.16374],[22.62286,62.15632],[22.62885,62.13458]]]}},{"type":"Feature","properties":{"nr":"65930"},"geometry":{"type":"Polygon","coordinates":[[[21.1982,63.23457],[21.12311,63.24897],[21.14304,63.20446],[21.27166,63.15763],[21.31635,63.18069],[21.1982,63.23457]]]}},{"type":"Feature","properties":{"nr":"39965"},"geometry":{"type":"Polygon","coordinates":[[[22.6277,62.21232],[22.69299,62.20209],[22.78265,62.24431],[22.79501,62.2599],[22.7027,62.28403],[22.64792,62.27939],[22.6718,62.24344],[22.6277,62.21232]]]}},{"type":"Feature","properties":{"nr":"39980"},"geometry":{"type":"Polygon","coordinates":[[[22.6277,62.21232],[22.6718,62.24344],[22.64792,62.27939],[22.61961,62.31056],[22.55838,62.26178],[22.56129,62.22581],[22.6277,62.21232]]]}},{"type":"Feature","properties":{"nr":"39990"},"geometry":{"type":"Polygon","coordinates":[[[22.78028,62.12472],[22.85235,62.15412],[22.83126,62.19773],[22.86485,62.22739],[22.78265,62.24431],[22.69299,62.20209],[22.74192,62.1599],[22.78028,62.12472]]]}},{"type":"Feature","properties":{"nr":"40100"},"geometry":{"type":"Polygon","coordinates":[[[25.77153,62.24579],[25.75825,62.25383],[25.74154,62.24935],[25.73825,62.24336],[25.7293,62.23615],[25.73243,62.22904],[25.74782,62.23254],[25.77645,62.23972],[25.77153,62.24579]]]}},{"type":"Feature","properties":{"nr":"40200"},"geometry":{"type":"Polygon","coordinates":[[[25.73553,62.27989],[25.70403,62.27603],[25.72087,62.25906],[25.74154,62.24935],[25.75825,62.25383],[25.75553,62.25794],[25.73553,62.27989]]]}},{"type":"Feature","properties":{"nr":"40250"},"geometry":{"type":"Polygon","coordinates":[[[25.75553,62.25794],[25.7857,62.31671],[25.73553,62.27989],[25.75553,62.25794]]]}},{"type":"Feature","properties":{"nr":"40340"},"geometry":{"type":"Polygon","coordinates":[[[25.82189,62.26012],[25.84006,62.28363],[25.80342,62.27934],[25.82189,62.26012]]]}},{"type":"Feature","properties":{"nr":"40270"},"geometry":{"type":"Polygon","coordinates":[[[25.59127,62.35577],[25.50025,62.35264],[25.58392,62.29697],[25.63222,62.28914],[25.6633,62.25811],[25.67562,62.25814],[25.70403,62.27603],[25.73553,62.27989],[25.7857,62.31671],[25.79933,62.32113],[25.83278,62.34743],[25.82137,62.35889],[25.77199,62.35183],[25.71204,62.32278],[25.61165,62.32405],[25.59127,62.35577]]]}},{"type":"Feature","properties":{"nr":"40320"},"geometry":{"type":"Polygon","coordinates":[[[25.84564,62.28876],[25.79933,62.32113],[25.7857,62.31671],[25.75553,62.25794],[25.75825,62.25383],[25.77153,62.24579],[25.81373,62.25643],[25.82083,62.2592],[25.82189,62.26012],[25.80342,62.27934],[25.84006,62.28363],[25.84564,62.28876]]]}},{"type":"Feature","properties":{"nr":"65970"},"geometry":{"type":"Polygon","coordinates":[[[21.20694,63.25125],[21.27435,63.2974],[21.21247,63.32098],[21.18343,63.28938],[21.12279,63.27165],[21.12311,63.24897],[21.1982,63.23457],[21.20694,63.25125]]]}},{"type":"Feature","properties":{"nr":"40400"},"geometry":{"type":"Polygon","coordinates":[[[25.81134,62.24009],[25.81373,62.25643],[25.77153,62.24579],[25.77645,62.23972],[25.81134,62.24009]]]}},{"type":"Feature","properties":{"nr":"40420"},"geometry":{"type":"Polygon","coordinates":[[[25.83968,62.22735],[25.82083,62.2592],[25.81373,62.25643],[25.81134,62.24009],[25.82682,62.22086],[25.83968,62.22735]]]}},{"type":"Feature","properties":{"nr":"40500"},"geometry":{"type":"Polygon","coordinates":[[[25.76103,62.19996],[25.74782,62.23254],[25.73243,62.22904],[25.70708,62.22264],[25.64401,62.21782],[25.60004,62.22581],[25.59216,62.22594],[25.56616,62.18933],[25.61921,62.17741],[25.61991,62.19241],[25.72456,62.21024],[25.7555,62.19236],[25.76103,62.19996]]]}},{"type":"Feature","properties":{"nr":"66100"},"geometry":{"type":"Polygon","coordinates":[[[21.63392,62.97085],[21.5484,62.9819],[21.49239,63.00502],[21.42913,62.94961],[21.4131,62.90835],[21.50436,62.88234],[21.58463,62.91001],[21.63392,62.97085]]]}},{"type":"Feature","properties":{"nr":"40520"},"geometry":{"type":"Polygon","coordinates":[[[25.82682,62.22086],[25.81134,62.24009],[25.77645,62.23972],[25.74782,62.23254],[25.76103,62.19996],[25.78307,62.19113],[25.82682,62.22086]]]}},{"type":"Feature","properties":{"nr":"40530"},"geometry":{"type":"Polygon","coordinates":[[[25.7555,62.19236],[25.72456,62.21024],[25.61991,62.19241],[25.61921,62.17741],[25.70946,62.16248],[25.7555,62.19236]]]}},{"type":"Feature","properties":{"nr":"40600"},"geometry":{"type":"Polygon","coordinates":[[[25.7293,62.23615],[25.70678,62.23643],[25.70559,62.23509],[25.7149,62.22858],[25.70073,62.23005],[25.69625,62.22977],[25.70708,62.22264],[25.73243,62.22904],[25.7293,62.23615]]]}},{"type":"Feature","properties":{"nr":"40620"},"geometry":{"type":"Polygon","coordinates":[[[25.70073,62.23005],[25.7149,62.22858],[25.70559,62.23509],[25.70073,62.23005]]]}},{"type":"Feature","properties":{"nr":"68555"},"geometry":{"type":"Polygon","coordinates":[[[22.86591,63.83807],[22.80324,63.83921],[22.84114,63.80015],[22.87876,63.80368],[22.86591,63.83807]]]}},{"type":"Feature","properties":{"nr":"40630"},"geometry":{"type":"Polygon","coordinates":[[[25.70678,62.23643],[25.70446,62.24388],[25.67562,62.25814],[25.6633,62.25811],[25.60004,62.22581],[25.64401,62.21782],[25.69625,62.22977],[25.70073,62.23005],[25.70559,62.23509],[25.70678,62.23643]]]}},{"type":"Feature","properties":{"nr":"40640"},"geometry":{"type":"Polygon","coordinates":[[[25.70708,62.22264],[25.69625,62.22977],[25.64401,62.21782],[25.70708,62.22264]]]}},{"type":"Feature","properties":{"nr":"40660"},"geometry":{"type":"Polygon","coordinates":[[[25.6633,62.25811],[25.63222,62.28914],[25.58392,62.29697],[25.56412,62.23066],[25.59216,62.22594],[25.60004,62.22581],[25.6633,62.25811]]]}},{"type":"Feature","properties":{"nr":"40700"},"geometry":{"type":"Polygon","coordinates":[[[25.71616,62.24615],[25.70446,62.24388],[25.70678,62.23643],[25.7293,62.23615],[25.73825,62.24336],[25.71616,62.24615]]]}},{"type":"Feature","properties":{"nr":"68560"},"geometry":{"type":"Polygon","coordinates":[[[22.80324,63.83921],[22.72666,63.84657],[22.68126,63.79977],[22.84114,63.80015],[22.80324,63.83921]]]}},{"type":"Feature","properties":{"nr":"40720"},"geometry":{"type":"Polygon","coordinates":[[[25.73825,62.24336],[25.74154,62.24935],[25.72087,62.25906],[25.71616,62.24615],[25.73825,62.24336]]]}},{"type":"Feature","properties":{"nr":"40740"},"geometry":{"type":"Polygon","coordinates":[[[25.71616,62.24615],[25.72087,62.25906],[25.70403,62.27603],[25.67562,62.25814],[25.70446,62.24388],[25.71616,62.24615]]]}},{"type":"Feature","properties":{"nr":"40800"},"geometry":{"type":"Polygon","coordinates":[[[25.96862,62.29131],[25.93238,62.30476],[25.84564,62.28876],[25.84006,62.28363],[25.82189,62.26012],[25.82083,62.2592],[25.83968,62.22735],[25.85309,62.18044],[25.93662,62.1761],[25.91554,62.20398],[25.94624,62.2315],[25.94022,62.2745],[25.96862,62.29131]]]}},{"type":"Feature","properties":{"nr":"40900"},"geometry":{"type":"Polygon","coordinates":[[[25.7618,62.06947],[25.78991,62.0838],[25.80419,62.15275],[25.7342,62.15062],[25.72013,62.09121],[25.7618,62.06947]]]}},{"type":"Feature","properties":{"nr":"40930"},"geometry":{"type":"Polygon","coordinates":[[[25.78307,62.19113],[25.76103,62.19996],[25.7555,62.19236],[25.70946,62.16248],[25.7342,62.15062],[25.80419,62.15275],[25.80604,62.17298],[25.78307,62.19113]]]}},{"type":"Feature","properties":{"nr":"40950"},"geometry":{"type":"Polygon","coordinates":[[[25.61921,62.17741],[25.56616,62.18933],[25.59216,62.22594],[25.56412,62.23066],[25.50795,62.21882],[25.48941,62.17781],[25.53816,62.14538],[25.51045,62.12291],[25.57622,62.10502],[25.539,62.07275],[25.61134,62.06979],[25.67176,62.05226],[25.75676,62.04538],[25.76845,62.05183],[25.7618,62.06947],[25.72013,62.09121],[25.7342,62.15062],[25.70946,62.16248],[25.61921,62.17741]]]}},{"type":"Feature","properties":{"nr":"43240"},"geometry":{"type":"Polygon","coordinates":[[[25.07204,62.68084],[25.09106,62.74368],[25.02864,62.76849],[24.93775,62.7431],[24.98919,62.69689],[25.07204,62.68084]]]}},{"type":"Feature","properties":{"nr":"41120"},"geometry":{"type":"Polygon","coordinates":[[[25.82137,62.35889],[25.80093,62.38347],[25.76749,62.38758],[25.70143,62.36179],[25.64074,62.37161],[25.59127,62.35577],[25.61165,62.32405],[25.71204,62.32278],[25.77199,62.35183],[25.82137,62.35889]]]}},{"type":"Feature","properties":{"nr":"41140"},"geometry":{"type":"Polygon","coordinates":[[[25.5574,62.41048],[25.46516,62.41841],[25.43785,62.39519],[25.50025,62.35264],[25.59127,62.35577],[25.64074,62.37161],[25.5574,62.41048]]]}},{"type":"Feature","properties":{"nr":"41160"},"geometry":{"type":"Polygon","coordinates":[[[25.73498,62.41916],[25.68555,62.40244],[25.59969,62.44118],[25.5574,62.41048],[25.64074,62.37161],[25.70143,62.36179],[25.76749,62.38758],[25.80093,62.38347],[25.83105,62.39973],[25.73498,62.41916]]]}},{"type":"Feature","properties":{"nr":"41180"},"geometry":{"type":"Polygon","coordinates":[[[25.59969,62.44118],[25.68555,62.40244],[25.73498,62.41916],[25.73471,62.45024],[25.73159,62.48772],[25.69293,62.48803],[25.60736,62.47012],[25.59969,62.44118]]]}},{"type":"Feature","properties":{"nr":"41210"},"geometry":{"type":"Polygon","coordinates":[[[25.60736,62.47012],[25.5662,62.47053],[25.46277,62.46911],[25.44706,62.43776],[25.46516,62.41841],[25.5574,62.41048],[25.59969,62.44118],[25.60736,62.47012]]]}},{"type":"Feature","properties":{"nr":"41220"},"geometry":{"type":"Polygon","coordinates":[[[25.44706,62.43776],[25.39858,62.43884],[25.34865,62.46428],[25.29928,62.4545],[25.26349,62.40924],[25.27948,62.38798],[25.36312,62.38053],[25.43785,62.39519],[25.46516,62.41841],[25.44706,62.43776]]]}},{"type":"Feature","properties":{"nr":"41230"},"geometry":{"type":"Polygon","coordinates":[[[25.50962,62.54711],[25.39518,62.53057],[25.35461,62.53548],[25.30632,62.54901],[25.2451,62.53719],[25.30528,62.49979],[25.36077,62.48882],[25.34865,62.46428],[25.39858,62.43884],[25.44706,62.43776],[25.46277,62.46911],[25.5662,62.47053],[25.49729,62.524],[25.52246,62.54551],[25.50962,62.54711]]]}},{"type":"Feature","properties":{"nr":"41240"},"geometry":{"type":"Polygon","coordinates":[[[25.34865,62.46428],[25.36077,62.48882],[25.30528,62.49979],[25.2451,62.53719],[25.2175,62.54431],[25.1922,62.53474],[25.18189,62.4692],[25.11668,62.43682],[25.17438,62.42166],[25.26349,62.40924],[25.29928,62.4545],[25.34865,62.46428]]]}},{"type":"Feature","properties":{"nr":"41260"},"geometry":{"type":"Polygon","coordinates":[[[25.35461,62.53548],[25.36883,62.55663],[25.30857,62.60008],[25.32024,62.61443],[25.26571,62.62477],[25.24401,62.58836],[25.30632,62.54901],[25.35461,62.53548]]]}},{"type":"Feature","properties":{"nr":"41270"},"geometry":{"type":"Polygon","coordinates":[[[25.47201,62.64713],[25.35825,62.64933],[25.32024,62.61443],[25.30857,62.60008],[25.36883,62.55663],[25.35461,62.53548],[25.39518,62.53057],[25.50962,62.54711],[25.46096,62.59201],[25.49221,62.62681],[25.47201,62.64713]]]}},{"type":"Feature","properties":{"nr":"41290"},"geometry":{"type":"Polygon","coordinates":[[[25.60736,62.47012],[25.69293,62.48803],[25.68962,62.53094],[25.56398,62.55013],[25.52246,62.54551],[25.49729,62.524],[25.5662,62.47053],[25.60736,62.47012]]]}},{"type":"Feature","properties":{"nr":"41310"},"geometry":{"type":"Polygon","coordinates":[[[25.93238,62.30476],[25.93401,62.32065],[25.85172,62.36058],[25.83278,62.34743],[25.79933,62.32113],[25.84564,62.28876],[25.93238,62.30476]]]}},{"type":"Feature","properties":{"nr":"41325"},"geometry":{"type":"Polygon","coordinates":[[[26.03197,62.32662],[26.11012,62.33047],[26.09705,62.36781],[26.15558,62.38808],[26.1053,62.41234],[26.01699,62.40312],[26.01963,62.36227],[25.98963,62.35105],[26.03197,62.32662]]]}},{"type":"Feature","properties":{"nr":"41330"},"geometry":{"type":"Polygon","coordinates":[[[25.90553,62.39579],[25.83105,62.39973],[25.80093,62.38347],[25.82137,62.35889],[25.83278,62.34743],[25.85172,62.36058],[25.93401,62.32065],[25.93238,62.30476],[25.96862,62.29131],[25.98441,62.29241],[26.03197,62.32662],[25.98963,62.35105],[25.94418,62.35421],[25.90553,62.39579]]]}},{"type":"Feature","properties":{"nr":"41340"},"geometry":{"type":"Polygon","coordinates":[[[26.01699,62.40312],[25.94874,62.44351],[25.90553,62.39579],[25.94418,62.35421],[25.98963,62.35105],[26.01963,62.36227],[26.01699,62.40312]]]}},{"type":"Feature","properties":{"nr":"41350"},"geometry":{"type":"Polygon","coordinates":[[[25.94874,62.44351],[25.88333,62.45846],[25.84999,62.433],[25.73471,62.45024],[25.73498,62.41916],[25.83105,62.39973],[25.90553,62.39579],[25.94874,62.44351]]]}},{"type":"Feature","properties":{"nr":"41360"},"geometry":{"type":"Polygon","coordinates":[[[25.88333,62.45846],[25.89638,62.47864],[25.83644,62.51742],[25.73159,62.48772],[25.73471,62.45024],[25.84999,62.433],[25.88333,62.45846]]]}},{"type":"Feature","properties":{"nr":"41370"},"geometry":{"type":"Polygon","coordinates":[[[25.97152,62.53083],[25.83503,62.54112],[25.83644,62.51742],[25.89638,62.47864],[25.88333,62.45846],[25.94874,62.44351],[26.01699,62.40312],[26.1053,62.41234],[26.15558,62.38808],[26.23555,62.36542],[26.26442,62.35795],[26.25744,62.40373],[26.22164,62.49359],[26.1332,62.47851],[26.10036,62.46434],[26.01557,62.48987],[25.97152,62.53083]]]}},{"type":"Feature","properties":{"nr":"41390"},"geometry":{"type":"Polygon","coordinates":[[[26.02482,62.57025],[25.98217,62.56381],[25.97152,62.53083],[26.01557,62.48987],[26.10036,62.46434],[26.1332,62.47851],[26.11205,62.53175],[26.02482,62.57025]]]}},{"type":"Feature","properties":{"nr":"41400"},"geometry":{"type":"Polygon","coordinates":[[[26.23555,62.36542],[26.15558,62.38808],[26.09705,62.36781],[26.11012,62.33047],[26.03197,62.32662],[25.98441,62.29241],[26.04897,62.26781],[26.07198,62.23184],[26.02723,62.21331],[26.03536,62.1861],[26.08124,62.19179],[26.11367,62.22291],[26.172,62.22846],[26.22644,62.21325],[26.31386,62.19064],[26.33202,62.19798],[26.28726,62.28679],[26.20315,62.35476],[26.23555,62.36542]]]}},{"type":"Feature","properties":{"nr":"41410"},"geometry":{"type":"Polygon","coordinates":[[[26.23677,62.10161],[26.2845,62.12661],[26.28293,62.17649],[26.31386,62.19064],[26.22644,62.21325],[26.22719,62.18726],[26.17465,62.16825],[26.19006,62.13495],[26.23677,62.10161]]]}},{"type":"Feature","properties":{"nr":"41440"},"geometry":{"type":"Polygon","coordinates":[[[26.22644,62.21325],[26.172,62.22846],[26.11367,62.22291],[26.08124,62.19179],[26.13462,62.19035],[26.17465,62.16825],[26.22719,62.18726],[26.22644,62.21325]]]}},{"type":"Feature","properties":{"nr":"41450"},"geometry":{"type":"Polygon","coordinates":[[[25.93662,62.1761],[26.03536,62.1861],[26.02723,62.21331],[26.07198,62.23184],[26.04897,62.26781],[25.98441,62.29241],[25.96862,62.29131],[25.94022,62.2745],[25.94624,62.2315],[25.91554,62.20398],[25.93662,62.1761]]]}},{"type":"Feature","properties":{"nr":"41490"},"geometry":{"type":"Polygon","coordinates":[[[26.33202,62.19798],[26.4416,62.20422],[26.45378,62.24999],[26.38037,62.29408],[26.36595,62.33596],[26.33514,62.34242],[26.28857,62.34364],[26.26442,62.35795],[26.23555,62.36542],[26.20315,62.35476],[26.28726,62.28679],[26.33202,62.19798]]]}},{"type":"Feature","properties":{"nr":"68570"},"geometry":{"type":"Polygon","coordinates":[[[22.7819,63.78914],[22.74606,63.78982],[22.68345,63.76934],[22.70059,63.73291],[22.74917,63.71767],[22.77402,63.71882],[22.83189,63.77655],[22.7819,63.78914]]]}},{"type":"Feature","properties":{"nr":"41500"},"geometry":{"type":"Polygon","coordinates":[[[26.46908,62.20142],[26.51914,62.21147],[26.52635,62.22933],[26.63245,62.23695],[26.63159,62.28142],[26.50032,62.34758],[26.43087,62.3267],[26.37846,62.35318],[26.33514,62.34242],[26.36595,62.33596],[26.38037,62.29408],[26.45378,62.24999],[26.4416,62.20422],[26.46908,62.20142]]]}},{"type":"Feature","properties":{"nr":"41520"},"geometry":{"type":"Polygon","coordinates":[[[26.33514,62.34242],[26.37846,62.35318],[26.43087,62.3267],[26.50032,62.34758],[26.64303,62.3738],[26.69605,62.37939],[26.71416,62.44924],[26.68393,62.46172],[26.59979,62.45009],[26.47101,62.44402],[26.41184,62.47306],[26.35773,62.44247],[26.31463,62.44068],[26.27131,62.40758],[26.40204,62.38574],[26.40789,62.36294],[26.30009,62.35585],[26.28857,62.34364],[26.33514,62.34242]]]}},{"type":"Feature","properties":{"nr":"41530"},"geometry":{"type":"Polygon","coordinates":[[[26.26442,62.35795],[26.28857,62.34364],[26.30009,62.35585],[26.40789,62.36294],[26.40204,62.38574],[26.27131,62.40758],[26.25744,62.40373],[26.26442,62.35795]]]}},{"type":"Feature","properties":{"nr":"98995"},"geometry":{"type":"Polygon","coordinates":[[[29.41284,66.58734],[29.13739,66.59388],[29.06814,66.60241],[28.99948,66.62902],[28.94319,66.61682],[28.97247,66.58712],[28.94894,66.56155],[28.81485,66.54073],[28.84971,66.48385],[28.8763,66.46333],[28.96352,66.44473],[29.22049,66.41685],[29.41861,66.47196],[29.52218,66.49308],[29.57293,66.43285],[29.51957,66.49627],[29.47206,66.5439],[29.41284,66.58734]]]}},{"type":"Feature","properties":{"nr":"41550"},"geometry":{"type":"Polygon","coordinates":[[[26.222,62.49518],[26.30681,62.49845],[26.33651,62.52094],[26.31334,62.53938],[26.22341,62.56457],[26.222,62.49518]]]}},{"type":"Feature","properties":{"nr":"41560"},"geometry":{"type":"Polygon","coordinates":[[[26.59979,62.45009],[26.53808,62.52313],[26.45727,62.52597],[26.41251,62.51331],[26.41184,62.47306],[26.47101,62.44402],[26.59979,62.45009]]]}},{"type":"Feature","properties":{"nr":"41580"},"geometry":{"type":"Polygon","coordinates":[[[26.63245,62.23695],[26.71696,62.24217],[26.70494,62.28565],[26.64303,62.3738],[26.50032,62.34758],[26.63159,62.28142],[26.63245,62.23695]]]}},{"type":"Feature","properties":{"nr":"41630"},"geometry":{"type":"Polygon","coordinates":[[[25.93662,62.1761],[25.85309,62.18044],[25.80604,62.17298],[25.80419,62.15275],[25.78991,62.0838],[25.7618,62.06947],[25.76845,62.05183],[25.82566,62.0536],[25.96856,62.12189],[25.93374,62.14588],[25.93662,62.1761]]]}},{"type":"Feature","properties":{"nr":"41660"},"geometry":{"type":"Polygon","coordinates":[[[26.17465,62.16825],[26.13462,62.19035],[26.08124,62.19179],[26.03536,62.1861],[25.93662,62.1761],[25.93374,62.14588],[25.96856,62.12189],[25.82566,62.0536],[25.88031,62.02728],[25.9647,62.02669],[26.05325,62.00563],[26.10236,62.00708],[26.1697,62.0108],[26.26925,62.04979],[26.32727,62.04549],[26.28158,62.09139],[26.23677,62.10161],[26.19006,62.13495],[26.17465,62.16825]]]}},{"type":"Feature","properties":{"nr":"41710"},"geometry":{"type":"Polygon","coordinates":[[[26.10236,62.00708],[26.05325,62.00563],[25.9647,62.02669],[25.88031,62.02728],[25.82566,62.0536],[25.76845,62.05183],[25.75676,62.04538],[25.79923,62.01355],[25.86562,61.96801],[25.86645,61.91564],[25.99459,61.91925],[26.04653,61.93984],[26.10236,62.00708]]]}},{"type":"Feature","properties":{"nr":"41730"},"geometry":{"type":"Polygon","coordinates":[[[26.02938,61.8756],[26.06845,61.90339],[25.99459,61.91925],[25.86645,61.91564],[25.83489,61.91038],[25.9192,61.85164],[26.02938,61.8756]]]}},{"type":"Feature","properties":{"nr":"41750"},"geometry":{"type":"Polygon","coordinates":[[[26.32727,62.04549],[26.26925,62.04979],[26.1697,62.0108],[26.21692,61.9826],[26.22612,61.95435],[26.28182,61.94119],[26.32022,61.93959],[26.39132,61.98178],[26.32727,62.04549]]]}},{"type":"Feature","properties":{"nr":"66810"},"geometry":{"type":"Polygon","coordinates":[[[22.4304,63.2017],[22.4537,63.21986],[22.55559,63.25412],[22.56564,63.28028],[22.43443,63.28275],[22.37454,63.24629],[22.35747,63.22053],[22.4304,63.2017]]]}},{"type":"Feature","properties":{"nr":"41770"},"geometry":{"type":"Polygon","coordinates":[[[26.0332,61.83496],[26.14781,61.82897],[26.21021,61.8595],[26.18205,61.89177],[26.28182,61.94119],[26.22612,61.95435],[26.21692,61.9826],[26.1697,62.0108],[26.10236,62.00708],[26.04653,61.93984],[25.99459,61.91925],[26.06845,61.90339],[26.02938,61.8756],[26.0332,61.83496]]]}},{"type":"Feature","properties":{"nr":"41800"},"geometry":{"type":"Polygon","coordinates":[[[25.51045,62.12291],[25.42282,62.14843],[25.399,62.1719],[25.3928,62.19404],[25.3856,62.19463],[25.34725,62.1908],[25.28719,62.15345],[25.3148,62.11956],[25.26051,62.0814],[25.27746,62.04141],[25.33849,62.01994],[25.39662,62.02406],[25.47115,61.97738],[25.4436,61.92939],[25.45972,61.91184],[25.54632,61.89081],[25.61505,61.95168],[25.74686,61.92167],[25.69854,61.97179],[25.71644,61.99736],[25.79923,62.01355],[25.75676,62.04538],[25.67176,62.05226],[25.61134,62.06979],[25.539,62.07275],[25.57622,62.10502],[25.51045,62.12291]],[[25.38835,62.13122],[25.45314,62.09455],[25.37481,62.06701],[25.34044,62.1294],[25.38835,62.13122]]]}},{"type":"Feature","properties":{"nr":"42930"},"geometry":{"type":"Polygon","coordinates":[[[24.25135,62.26456],[24.29946,62.2532],[24.33208,62.28532],[24.29766,62.29105],[24.23996,62.3448],[24.13263,62.42329],[24.05686,62.41582],[24.03674,62.36517],[24.07852,62.32195],[24.08613,62.28375],[24.20183,62.25926],[24.25135,62.26456]]]}},{"type":"Feature","properties":{"nr":"41820"},"geometry":{"type":"Polygon","coordinates":[[[25.4436,61.92939],[25.47115,61.97738],[25.39662,62.02406],[25.33849,62.01994],[25.32398,61.98961],[25.34018,61.94707],[25.40752,61.93087],[25.4436,61.92939]]]}},{"type":"Feature","properties":{"nr":"41840"},"geometry":{"type":"Polygon","coordinates":[[[25.38835,62.13122],[25.34044,62.1294],[25.37481,62.06701],[25.45314,62.09455],[25.38835,62.13122]]]}},{"type":"Feature","properties":{"nr":"41860"},"geometry":{"type":"Polygon","coordinates":[[[25.51045,62.12291],[25.53816,62.14538],[25.48941,62.17781],[25.399,62.1719],[25.42282,62.14843],[25.51045,62.12291]]]}},{"type":"Feature","properties":{"nr":"41870"},"geometry":{"type":"Polygon","coordinates":[[[25.70047,61.84598],[25.7914,61.87969],[25.8147,61.91374],[25.74686,61.92167],[25.61505,61.95168],[25.54632,61.89081],[25.5665,61.83999],[25.63624,61.86144],[25.70047,61.84598]]]}},{"type":"Feature","properties":{"nr":"41900"},"geometry":{"type":"Polygon","coordinates":[[[25.25171,62.31459],[25.16368,62.30909],[25.10772,62.32246],[25.11692,62.39423],[25.17438,62.42166],[25.11668,62.43682],[25.09739,62.43723],[25.06309,62.40589],[25.01224,62.3901],[25.0447,62.34904],[24.98903,62.33288],[25.01784,62.31247],[25.08417,62.29024],[25.06804,62.22804],[24.98537,62.22313],[24.94435,62.19617],[25.05877,62.18961],[25.15184,62.2145],[25.20434,62.15807],[25.28719,62.15345],[25.34725,62.1908],[25.3856,62.19463],[25.34222,62.19998],[25.29201,62.19767],[25.25171,62.31459]]]}},{"type":"Feature","properties":{"nr":"41920"},"geometry":{"type":"Polygon","coordinates":[[[25.37115,62.32342],[25.26555,62.34201],[25.25171,62.31459],[25.29201,62.19767],[25.34222,62.19998],[25.33948,62.22736],[25.38316,62.25048],[25.38753,62.28817],[25.41684,62.31607],[25.37115,62.32342]]]}},{"type":"Feature","properties":{"nr":"41925"},"geometry":{"type":"Polygon","coordinates":[[[25.36312,62.38053],[25.27948,62.38798],[25.26555,62.34201],[25.37115,62.32342],[25.39655,62.36298],[25.36312,62.38053]]]}},{"type":"Feature","properties":{"nr":"43250"},"geometry":{"type":"Polygon","coordinates":[[[25.07774,62.67429],[25.13542,62.71397],[25.24584,62.75133],[25.1615,62.78556],[25.13048,62.7851],[25.09106,62.74368],[25.07204,62.68084],[25.07774,62.67429]]]}},{"type":"Feature","properties":{"nr":"41930"},"geometry":{"type":"Polygon","coordinates":[[[25.3928,62.19404],[25.49109,62.27663],[25.44298,62.2881],[25.41684,62.31607],[25.38753,62.28817],[25.38316,62.25048],[25.33948,62.22736],[25.34222,62.19998],[25.3856,62.19463],[25.3928,62.19404]]]}},{"type":"Feature","properties":{"nr":"41940"},"geometry":{"type":"Polygon","coordinates":[[[25.58392,62.29697],[25.50025,62.35264],[25.43785,62.39519],[25.36312,62.38053],[25.39655,62.36298],[25.37115,62.32342],[25.41684,62.31607],[25.44298,62.2881],[25.49109,62.27663],[25.3928,62.19404],[25.399,62.1719],[25.48941,62.17781],[25.50795,62.21882],[25.56412,62.23066],[25.58392,62.29697]]]}},{"type":"Feature","properties":{"nr":"41970"},"geometry":{"type":"Polygon","coordinates":[[[24.98537,62.22313],[25.06804,62.22804],[25.08417,62.29024],[25.01784,62.31247],[24.96088,62.25324],[24.98537,62.22313]]]}},{"type":"Feature","properties":{"nr":"41980"},"geometry":{"type":"Polygon","coordinates":[[[25.27948,62.38798],[25.26349,62.40924],[25.17438,62.42166],[25.11692,62.39423],[25.10772,62.32246],[25.16368,62.30909],[25.25171,62.31459],[25.26555,62.34201],[25.27948,62.38798]]]}},{"type":"Feature","properties":{"nr":"42100"},"geometry":{"type":"Polygon","coordinates":[[[25.12606,61.99384],[25.00355,62.03907],[24.8868,62.06995],[24.86915,62.05831],[24.93842,61.91812],[24.93689,61.82806],[24.89077,61.81658],[25.02689,61.76593],[25.0416,61.74392],[25.05044,61.72255],[25.15576,61.72344],[25.19891,61.70757],[25.28793,61.72685],[25.32137,61.70485],[25.43073,61.74227],[25.47902,61.73737],[25.5528,61.78618],[25.5665,61.83999],[25.54632,61.89081],[25.45972,61.91184],[25.4436,61.92939],[25.40752,61.93087],[25.2843,61.93596],[25.22212,61.93119],[25.13991,61.89793],[25.07574,61.972],[25.12606,61.99384]],[[25.24444,61.79704],[25.18725,61.81341],[25.23527,61.83415],[25.24444,61.79704]]]}},{"type":"Feature","properties":{"nr":"42140"},"geometry":{"type":"Polygon","coordinates":[[[25.2843,61.93596],[25.40752,61.93087],[25.34018,61.94707],[25.32398,61.98961],[25.33849,62.01994],[25.27746,62.04141],[25.21097,62.01527],[25.25577,61.96826],[25.2843,61.93596]]]}},{"type":"Feature","properties":{"nr":"42220"},"geometry":{"type":"Polygon","coordinates":[[[25.24444,61.79704],[25.23527,61.83415],[25.18725,61.81341],[25.24444,61.79704]]]}},{"type":"Feature","properties":{"nr":"42300"},"geometry":{"type":"Polygon","coordinates":[[[25.12606,61.99384],[25.07574,61.972],[25.13991,61.89793],[25.22212,61.93119],[25.2843,61.93596],[25.25577,61.96826],[25.17313,61.96211],[25.12606,61.99384]]]}},{"type":"Feature","properties":{"nr":"42330"},"geometry":{"type":"Polygon","coordinates":[[[25.21097,62.01527],[25.1311,62.02025],[24.98084,62.07921],[24.90451,62.07573],[24.8868,62.06995],[25.00355,62.03907],[25.12606,61.99384],[25.17313,61.96211],[25.25577,61.96826],[25.21097,62.01527]]]}},{"type":"Feature","properties":{"nr":"42440"},"geometry":{"type":"Polygon","coordinates":[[[25.28719,62.15345],[25.20434,62.15807],[25.15184,62.2145],[25.05877,62.18961],[24.94435,62.19617],[24.92412,62.1963],[24.85292,62.09971],[24.90451,62.07573],[24.98084,62.07921],[25.1311,62.02025],[25.21097,62.01527],[25.27746,62.04141],[25.26051,62.0814],[25.3148,62.11956],[25.28719,62.15345]]]}},{"type":"Feature","properties":{"nr":"42520"},"geometry":{"type":"Polygon","coordinates":[[[24.98903,62.33288],[24.90201,62.33847],[24.87313,62.30461],[24.91078,62.27767],[24.82,62.25443],[24.89524,62.21079],[24.92412,62.1963],[24.94435,62.19617],[24.98537,62.22313],[24.96088,62.25324],[25.01784,62.31247],[24.98903,62.33288]]]}},{"type":"Feature","properties":{"nr":"42560"},"geometry":{"type":"Polygon","coordinates":[[[24.92412,62.1963],[24.89524,62.21079],[24.9009,62.1661],[24.78314,62.14918],[24.78687,62.10152],[24.85292,62.09971],[24.92412,62.1963]]]}},{"type":"Feature","properties":{"nr":"42600"},"geometry":{"type":"Polygon","coordinates":[[[25.01025,62.52646],[24.9616,62.53293],[24.90849,62.59602],[24.85228,62.59368],[24.70337,62.55722],[24.64863,62.52292],[24.58479,62.52546],[24.56796,62.51868],[24.57496,62.43882],[24.7327,62.35942],[24.90201,62.33847],[24.98903,62.33288],[25.0447,62.34904],[25.01224,62.3901],[25.06309,62.40589],[25.09739,62.43723],[25.05494,62.47826],[25.05192,62.51572],[25.01025,62.52646]]]}},{"type":"Feature","properties":{"nr":"42660"},"geometry":{"type":"Polygon","coordinates":[[[25.1482,62.5837],[25.0315,62.55957],[25.01025,62.52646],[25.05192,62.51572],[25.05494,62.47826],[25.09739,62.43723],[25.11668,62.43682],[25.18189,62.4692],[25.1922,62.53474],[25.2175,62.54431],[25.1482,62.5837]]]}},{"type":"Feature","properties":{"nr":"43220"},"geometry":{"type":"Polygon","coordinates":[[[25.07204,62.68084],[24.98919,62.69689],[24.89473,62.69584],[24.85065,62.65459],[24.86395,62.6163],[24.85228,62.59368],[24.90849,62.59602],[24.9616,62.53293],[25.01025,62.52646],[25.0315,62.55957],[25.1482,62.5837],[25.15955,62.60394],[25.05561,62.65112],[25.07774,62.67429],[25.07204,62.68084]]]}},{"type":"Feature","properties":{"nr":"42700"},"geometry":{"type":"Polygon","coordinates":[[[24.90201,62.33847],[24.7327,62.35942],[24.57496,62.43882],[24.56796,62.51868],[24.58479,62.52546],[24.57029,62.53039],[24.50437,62.5207],[24.42078,62.48192],[24.35507,62.49437],[24.3313,62.47323],[24.38615,62.42863],[24.49958,62.41624],[24.52643,62.40305],[24.53687,62.32779],[24.51321,62.30392],[24.56718,62.23594],[24.52533,62.19662],[24.56873,62.1696],[24.66364,62.15314],[24.66523,62.0779],[24.70076,62.10604],[24.86915,62.05831],[24.8868,62.06995],[24.90451,62.07573],[24.85292,62.09971],[24.78687,62.10152],[24.78314,62.14918],[24.9009,62.1661],[24.89524,62.21079],[24.82,62.25443],[24.91078,62.27767],[24.87313,62.30461],[24.90201,62.33847]]]}},{"type":"Feature","properties":{"nr":"42800"},"geometry":{"type":"Polygon","coordinates":[[[24.51321,62.30392],[24.45196,62.30762],[24.33208,62.28532],[24.29946,62.2532],[24.25135,62.26456],[24.26669,62.23678],[24.4146,62.21727],[24.44925,62.17871],[24.52533,62.19662],[24.56718,62.23594],[24.51321,62.30392]]]}},{"type":"Feature","properties":{"nr":"42820"},"geometry":{"type":"Polygon","coordinates":[[[24.44925,62.17871],[24.4146,62.21727],[24.26669,62.23678],[24.29706,62.18594],[24.33134,62.15993],[24.39707,62.16188],[24.44925,62.17871]]]}},{"type":"Feature","properties":{"nr":"42840"},"geometry":{"type":"Polygon","coordinates":[[[24.16184,62.07202],[24.24598,62.077],[24.28668,62.11968],[24.27976,62.14994],[24.33134,62.15993],[24.29706,62.18594],[24.22493,62.16515],[24.16935,62.15581],[24.14398,62.12082],[24.10425,62.11148],[24.10816,62.08359],[24.16184,62.07202]]]}},{"type":"Feature","properties":{"nr":"42850"},"geometry":{"type":"Polygon","coordinates":[[[24.10425,62.11148],[24.14398,62.12082],[24.16935,62.15581],[24.22493,62.16515],[24.16762,62.17733],[24.17425,62.21429],[24.14779,62.22857],[24.07638,62.19917],[23.99966,62.19853],[23.96988,62.13948],[24.10425,62.11148]]]}},{"type":"Feature","properties":{"nr":"42870"},"geometry":{"type":"Polygon","coordinates":[[[23.99966,62.19853],[24.07638,62.19917],[24.14779,62.22857],[24.17425,62.21429],[24.21715,62.24109],[24.20183,62.25926],[24.08613,62.28375],[24.07852,62.32195],[24.03674,62.36517],[24.01645,62.3654],[23.95048,62.33579],[23.9446,62.31269],[23.88172,62.2796],[23.87291,62.2373],[23.99966,62.19853]]]}},{"type":"Feature","properties":{"nr":"42910"},"geometry":{"type":"Polygon","coordinates":[[[24.33208,62.28532],[24.45196,62.30762],[24.51321,62.30392],[24.53687,62.32779],[24.52643,62.40305],[24.49958,62.41624],[24.38615,62.42863],[24.3313,62.47323],[24.25906,62.47877],[24.19927,62.48039],[24.15675,62.44928],[24.13263,62.42329],[24.23996,62.3448],[24.29766,62.29105],[24.33208,62.28532]]]}},{"type":"Feature","properties":{"nr":"43100"},"geometry":{"type":"Polygon","coordinates":[[[25.29479,62.8233],[25.237,62.80638],[25.15958,62.81737],[25.1615,62.78556],[25.24584,62.75133],[25.13542,62.71397],[25.07774,62.67429],[25.05561,62.65112],[25.15955,62.60394],[25.1482,62.5837],[25.2175,62.54431],[25.2451,62.53719],[25.30632,62.54901],[25.24401,62.58836],[25.26571,62.62477],[25.26826,62.67803],[25.34678,62.67225],[25.35825,62.64933],[25.47201,62.64713],[25.51872,62.69248],[25.46811,62.73799],[25.43846,62.78676],[25.36899,62.79176],[25.29479,62.8233]]]}},{"type":"Feature","properties":{"nr":"43130"},"geometry":{"type":"Polygon","coordinates":[[[25.35825,62.64933],[25.34678,62.67225],[25.26826,62.67803],[25.26571,62.62477],[25.32024,62.61443],[25.35825,62.64933]]]}},{"type":"Feature","properties":{"nr":"43170"},"geometry":{"type":"Polygon","coordinates":[[[25.61301,62.88996],[25.60295,62.90689],[25.59397,62.90987],[25.52064,62.89473],[25.41399,62.90092],[25.37289,62.88425],[25.29479,62.8233],[25.36899,62.79176],[25.43846,62.78676],[25.46811,62.73799],[25.50409,62.74938],[25.66253,62.73276],[25.68998,62.78447],[25.683,62.82536],[25.59791,62.86477],[25.61301,62.88996]]]}},{"type":"Feature","properties":{"nr":"43270"},"geometry":{"type":"Polygon","coordinates":[[[25.09106,62.74368],[25.13048,62.7851],[25.1615,62.78556],[25.15958,62.81737],[25.13792,62.85899],[25.01549,62.86588],[24.93181,62.84209],[24.87958,62.78941],[24.90044,62.75061],[24.91599,62.742],[24.93775,62.7431],[25.02864,62.76849],[25.09106,62.74368]]]}},{"type":"Feature","properties":{"nr":"43300"},"geometry":{"type":"Polygon","coordinates":[[[25.37463,63.10269],[25.32283,63.07937],[25.17999,63.08883],[25.16264,63.07697],[25.17876,63.04147],[25.07179,63.01595],[25.05882,62.98321],[25.10098,62.95996],[25.09593,62.93005],[25.16369,62.9224],[25.21228,62.91656],[25.30961,62.92743],[25.37289,62.88425],[25.41399,62.90092],[25.52064,62.89473],[25.59397,62.90987],[25.50163,62.95777],[25.52511,63.02506],[25.37463,63.10269]]]}},{"type":"Feature","properties":{"nr":"43340"},"geometry":{"type":"Polygon","coordinates":[[[25.37289,62.88425],[25.30961,62.92743],[25.21228,62.91656],[25.16369,62.9224],[25.18649,62.87443],[25.13792,62.85899],[25.15958,62.81737],[25.237,62.80638],[25.29479,62.8233],[25.37289,62.88425]]]}},{"type":"Feature","properties":{"nr":"95350"},"geometry":{"type":"Polygon","coordinates":[[[25.11249,66.14816],[25.12303,66.14866],[25.12553,66.15895],[25.11467,66.15196],[25.11249,66.14816]]]}},{"type":"Feature","properties":{"nr":"43420"},"geometry":{"type":"Polygon","coordinates":[[[24.86395,62.6163],[24.78913,62.64291],[24.70625,62.65716],[24.64215,62.65414],[24.63961,62.63208],[24.63625,62.61579],[24.70337,62.55722],[24.85228,62.59368],[24.86395,62.6163]]]}},{"type":"Feature","properties":{"nr":"43430"},"geometry":{"type":"Polygon","coordinates":[[[24.63961,62.63208],[24.5474,62.66912],[24.46979,62.62698],[24.57029,62.53039],[24.58479,62.52546],[24.64863,62.52292],[24.70337,62.55722],[24.63625,62.61579],[24.63961,62.63208]]]}},{"type":"Feature","properties":{"nr":"43440"},"geometry":{"type":"Polygon","coordinates":[[[24.91599,62.742],[24.79176,62.73361],[24.75817,62.72328],[24.603,62.72982],[24.51967,62.70017],[24.5474,62.66912],[24.63961,62.63208],[24.64215,62.65414],[24.70625,62.65716],[24.78913,62.64291],[24.86395,62.6163],[24.85065,62.65459],[24.89473,62.69584],[24.98919,62.69689],[24.93775,62.7431],[24.91599,62.742]]]}},{"type":"Feature","properties":{"nr":"43480"},"geometry":{"type":"Polygon","coordinates":[[[24.79176,62.73361],[24.91599,62.742],[24.90044,62.75061],[24.8655,62.7496],[24.83125,62.82179],[24.77364,62.80899],[24.75541,62.75883],[24.79176,62.73361]]]}},{"type":"Feature","properties":{"nr":"95470"},"geometry":{"type":"Polygon","coordinates":[[[24.2432,65.83528],[24.20928,65.83949],[24.20272,65.82833],[24.18898,65.77961],[24.2114,65.76998],[24.28577,65.79422],[24.2432,65.83528]]]}},{"type":"Feature","properties":{"nr":"43490"},"geometry":{"type":"Polygon","coordinates":[[[24.51967,62.70017],[24.603,62.72982],[24.75817,62.72328],[24.79176,62.73361],[24.75541,62.75883],[24.77364,62.80899],[24.74701,62.83468],[24.65149,62.82299],[24.60431,62.83532],[24.4683,62.80371],[24.44605,62.77949],[24.48435,62.71624],[24.51967,62.70017]]]}},{"type":"Feature","properties":{"nr":"43500"},"geometry":{"type":"Polygon","coordinates":[[[24.77364,62.80899],[24.83125,62.82179],[24.8655,62.7496],[24.90044,62.75061],[24.87958,62.78941],[24.93181,62.84209],[25.01549,62.86588],[24.98973,62.89855],[24.98924,62.89859],[24.92315,62.88516],[24.79739,62.93588],[24.56211,62.92813],[24.6215,62.88541],[24.66558,62.89697],[24.71447,62.87714],[24.74701,62.83468],[24.77364,62.80899]]]}},{"type":"Feature","properties":{"nr":"43520"},"geometry":{"type":"Polygon","coordinates":[[[24.76405,63.00257],[24.68971,62.99233],[24.63371,63.00142],[24.52038,62.9628],[24.56211,62.92813],[24.79739,62.93588],[24.87094,62.95878],[24.8239,62.99989],[24.76405,63.00257]]]}},{"type":"Feature","properties":{"nr":"44320"},"geometry":{"type":"Polygon","coordinates":[[[26.60099,62.60387],[26.55317,62.59946],[26.4463,62.61724],[26.38394,62.59974],[26.36086,62.53953],[26.37715,62.52914],[26.41251,62.51331],[26.45727,62.52597],[26.53808,62.52313],[26.55872,62.56342],[26.60099,62.60387]]]}},{"type":"Feature","properties":{"nr":"43540"},"geometry":{"type":"Polygon","coordinates":[[[24.60431,62.83532],[24.65149,62.82299],[24.74701,62.83468],[24.71447,62.87714],[24.66558,62.89697],[24.6215,62.88541],[24.60431,62.83532]]]}},{"type":"Feature","properties":{"nr":"43560"},"geometry":{"type":"Polygon","coordinates":[[[24.4683,62.80371],[24.60431,62.83532],[24.6215,62.88541],[24.56211,62.92813],[24.52038,62.9628],[24.41343,62.99613],[24.34101,62.9618],[24.34175,62.95798],[24.43165,62.90334],[24.42333,62.82827],[24.4683,62.80371]]]}},{"type":"Feature","properties":{"nr":"43610"},"geometry":{"type":"Polygon","coordinates":[[[25.13792,62.85899],[25.18649,62.87443],[25.16369,62.9224],[25.09593,62.93005],[24.98973,62.89855],[25.01549,62.86588],[25.13792,62.85899]]]}},{"type":"Feature","properties":{"nr":"43640"},"geometry":{"type":"Polygon","coordinates":[[[24.79739,62.93588],[24.92315,62.88516],[24.98924,62.89859],[24.87094,62.95878],[24.79739,62.93588]]]}},{"type":"Feature","properties":{"nr":"43660"},"geometry":{"type":"Polygon","coordinates":[[[25.07179,63.01595],[25.02417,63.03522],[24.87145,63.02534],[24.76521,63.02403],[24.76405,63.00257],[24.8239,62.99989],[24.87094,62.95878],[24.98924,62.89859],[24.98973,62.89855],[25.09593,62.93005],[25.10098,62.95996],[25.05882,62.98321],[25.07179,63.01595]]]}},{"type":"Feature","properties":{"nr":"43700"},"geometry":{"type":"Polygon","coordinates":[[[24.65024,63.1311],[24.54529,63.15006],[24.41096,63.12901],[24.37816,63.13407],[24.32719,63.12246],[24.28535,63.04406],[24.28732,63.00358],[24.34101,62.9618],[24.41343,62.99613],[24.52038,62.9628],[24.63371,63.00142],[24.68971,62.99233],[24.76405,63.00257],[24.76521,63.02403],[24.6949,63.05161],[24.70373,63.09888],[24.65024,63.1311]]]}},{"type":"Feature","properties":{"nr":"43720"},"geometry":{"type":"Polygon","coordinates":[[[24.87145,63.02534],[24.8967,63.04193],[24.83437,63.1199],[24.73693,63.15754],[24.65024,63.1311],[24.70373,63.09888],[24.6949,63.05161],[24.76521,63.02403],[24.87145,63.02534]]]}},{"type":"Feature","properties":{"nr":"43800"},"geometry":{"type":"Polygon","coordinates":[[[24.87145,63.02534],[25.02417,63.03522],[25.05017,63.06452],[25.16264,63.07697],[25.17999,63.08883],[25.17934,63.15041],[25.15299,63.22634],[25.12852,63.23129],[25.04249,63.23446],[24.93474,63.25152],[24.87122,63.27621],[24.78186,63.27753],[24.72382,63.27205],[24.75669,63.19431],[24.73693,63.15754],[24.83437,63.1199],[24.8967,63.04193],[24.87145,63.02534]]]}},{"type":"Feature","properties":{"nr":"43840"},"geometry":{"type":"Polygon","coordinates":[[[25.07179,63.01595],[25.17876,63.04147],[25.16264,63.07697],[25.05017,63.06452],[25.02417,63.03522],[25.07179,63.01595]]]}},{"type":"Feature","properties":{"nr":"43900"},"geometry":{"type":"Polygon","coordinates":[[[24.93474,63.25152],[25.0126,63.27841],[25.04954,63.33118],[25.11766,63.34689],[25.20572,63.33826],[25.23897,63.35671],[25.2453,63.37945],[25.16826,63.4635],[25.10645,63.48547],[25.01969,63.48698],[24.96366,63.46828],[24.88046,63.41736],[24.74453,63.39826],[24.80184,63.35285],[24.78186,63.27753],[24.87122,63.27621],[24.93474,63.25152]]]}},{"type":"Feature","properties":{"nr":"43940"},"geometry":{"type":"Polygon","coordinates":[[[25.12852,63.23129],[25.10097,63.26467],[25.1283,63.30425],[25.20572,63.33826],[25.11766,63.34689],[25.04954,63.33118],[25.0126,63.27841],[24.93474,63.25152],[25.04249,63.23446],[25.12852,63.23129]]]}},{"type":"Feature","properties":{"nr":"43960"},"geometry":{"type":"Polygon","coordinates":[[[25.15299,63.22634],[25.2284,63.24681],[25.3297,63.24278],[25.37947,63.25253],[25.38249,63.2735],[25.23897,63.35671],[25.20572,63.33826],[25.1283,63.30425],[25.10097,63.26467],[25.12852,63.23129],[25.15299,63.22634]]]}},{"type":"Feature","properties":{"nr":"44100"},"geometry":{"type":"Polygon","coordinates":[[[25.75641,62.56174],[25.79961,62.60952],[25.76348,62.63192],[25.71581,62.61021],[25.63745,62.62417],[25.63753,62.58991],[25.67485,62.58916],[25.70173,62.55216],[25.75641,62.56174]]]}},{"type":"Feature","properties":{"nr":"44120"},"geometry":{"type":"Polygon","coordinates":[[[25.71581,62.61021],[25.76348,62.63192],[25.77,62.63922],[25.71581,62.61021]]]}},{"type":"Feature","properties":{"nr":"44150"},"geometry":{"type":"Polygon","coordinates":[[[25.66253,62.73276],[25.50409,62.74938],[25.46811,62.73799],[25.51872,62.69248],[25.58739,62.63506],[25.63745,62.62417],[25.71581,62.61021],[25.77,62.63922],[25.81251,62.663],[25.83855,62.67342],[25.66253,62.73276]]]}},{"type":"Feature","properties":{"nr":"44160"},"geometry":{"type":"Polygon","coordinates":[[[25.68962,62.53094],[25.70173,62.55216],[25.67485,62.58916],[25.63753,62.58991],[25.56398,62.55013],[25.68962,62.53094]]]}},{"type":"Feature","properties":{"nr":"44170"},"geometry":{"type":"Polygon","coordinates":[[[25.63745,62.62417],[25.58739,62.63506],[25.52165,62.61562],[25.49221,62.62681],[25.46096,62.59201],[25.50962,62.54711],[25.52246,62.54551],[25.56398,62.55013],[25.63753,62.58991],[25.63745,62.62417]]]}},{"type":"Feature","properties":{"nr":"44190"},"geometry":{"type":"Polygon","coordinates":[[[25.49221,62.62681],[25.52165,62.61562],[25.58739,62.63506],[25.51872,62.69248],[25.47201,62.64713],[25.49221,62.62681]]]}},{"type":"Feature","properties":{"nr":"44200"},"geometry":{"type":"Polygon","coordinates":[[[25.84479,62.62956],[25.80027,62.63182],[25.81251,62.663],[25.77,62.63922],[25.76348,62.63192],[25.79961,62.60952],[25.75641,62.56174],[25.83503,62.54112],[25.97152,62.53083],[25.98217,62.56381],[25.94389,62.58067],[25.92716,62.62797],[25.84479,62.62956]]]}},{"type":"Feature","properties":{"nr":"44220"},"geometry":{"type":"Polygon","coordinates":[[[25.81251,62.663],[25.80027,62.63182],[25.84479,62.62956],[25.81251,62.663]]]}},{"type":"Feature","properties":{"nr":"44250"},"geometry":{"type":"Polygon","coordinates":[[[25.73159,62.48772],[25.83644,62.51742],[25.83503,62.54112],[25.75641,62.56174],[25.70173,62.55216],[25.68962,62.53094],[25.69293,62.48803],[25.73159,62.48772]]]}},{"type":"Feature","properties":{"nr":"44260"},"geometry":{"type":"Polygon","coordinates":[[[26.03326,62.57665],[25.98541,62.67335],[25.93947,62.69899],[25.88484,62.69985],[25.83855,62.67342],[25.81251,62.663],[25.84479,62.62956],[25.92716,62.62797],[25.94389,62.58067],[25.98217,62.56381],[26.02482,62.57025],[26.03326,62.57665]]]}},{"type":"Feature","properties":{"nr":"44280"},"geometry":{"type":"Polygon","coordinates":[[[26.16249,62.73312],[26.12301,62.76608],[26.06064,62.78447],[25.9908,62.82499],[25.97208,62.82411],[25.96278,62.76887],[25.85572,62.7479],[25.88484,62.69985],[25.93947,62.69899],[25.98541,62.67335],[26.03326,62.57665],[26.08506,62.59387],[26.15067,62.64685],[26.19065,62.68421],[26.16249,62.73312]]]}},{"type":"Feature","properties":{"nr":"44300"},"geometry":{"type":"MultiPolygon","coordinates":[[[[26.11205,62.53175],[26.14567,62.55243],[26.08506,62.59387],[26.03326,62.57665],[26.02482,62.57025],[26.11205,62.53175]]],[[[26.4463,62.61724],[26.41563,62.63232],[26.42681,62.66645],[26.33829,62.72252],[26.3477,62.75839],[26.25043,62.73857],[26.16249,62.73312],[26.19065,62.68421],[26.15067,62.64685],[26.20132,62.62938],[26.22341,62.56457],[26.31334,62.53938],[26.33651,62.52094],[26.37715,62.52914],[26.36086,62.53953],[26.38394,62.59974],[26.4463,62.61724]]]]}},{"type":"Feature","properties":{"nr":"44330"},"geometry":{"type":"Polygon","coordinates":[[[26.1332,62.47851],[26.22164,62.49359],[26.222,62.49518],[26.22341,62.56457],[26.20132,62.62938],[26.15067,62.64685],[26.08506,62.59387],[26.14567,62.55243],[26.11205,62.53175],[26.1332,62.47851]]]}},{"type":"Feature","properties":{"nr":"44350"},"geometry":{"type":"Polygon","coordinates":[[[26.4463,62.61724],[26.55317,62.59946],[26.60099,62.60387],[26.55989,62.68342],[26.5068,62.75119],[26.44534,62.78596],[26.3246,62.77806],[26.3477,62.75839],[26.33829,62.72252],[26.42681,62.66645],[26.41563,62.63232],[26.4463,62.61724]]]}},{"type":"Feature","properties":{"nr":"44370"},"geometry":{"type":"Polygon","coordinates":[[[26.16249,62.73312],[26.25043,62.73857],[26.3477,62.75839],[26.3246,62.77806],[26.21406,62.81842],[26.15724,62.84366],[26.17789,62.86235],[26.11791,62.88384],[25.99973,62.8783],[25.9908,62.82499],[26.06064,62.78447],[26.12301,62.76608],[26.16249,62.73312]]]}},{"type":"Feature","properties":{"nr":"44400"},"geometry":{"type":"Polygon","coordinates":[[[25.88484,62.69985],[25.85572,62.7479],[25.96278,62.76887],[25.97208,62.82411],[25.93879,62.82339],[25.87902,62.80083],[25.7833,62.8027],[25.683,62.82536],[25.68998,62.78447],[25.80221,62.75769],[25.81755,62.72574],[25.88484,62.69985]]]}},{"type":"Feature","properties":{"nr":"44420"},"geometry":{"type":"Polygon","coordinates":[[[25.83855,62.67342],[25.88484,62.69985],[25.81755,62.72574],[25.80221,62.75769],[25.68998,62.78447],[25.66253,62.73276],[25.83855,62.67342]]]}},{"type":"Feature","properties":{"nr":"44440"},"geometry":{"type":"Polygon","coordinates":[[[25.683,62.82536],[25.7833,62.8027],[25.87902,62.80083],[25.93879,62.82339],[25.85464,62.85163],[25.74717,62.85268],[25.72989,62.8841],[25.61301,62.88996],[25.59791,62.86477],[25.683,62.82536]]]}},{"type":"Feature","properties":{"nr":"44460"},"geometry":{"type":"Polygon","coordinates":[[[25.93879,62.82339],[25.97208,62.82411],[25.9908,62.82499],[25.99973,62.8783],[25.99726,62.88069],[25.97739,62.89181],[25.90249,62.88931],[25.82372,62.89946],[25.67565,62.93173],[25.60295,62.90689],[25.61301,62.88996],[25.72989,62.8841],[25.74717,62.85268],[25.85464,62.85163],[25.93879,62.82339]]]}},{"type":"Feature","properties":{"nr":"44480"},"geometry":{"type":"Polygon","coordinates":[[[25.67565,62.93173],[25.82372,62.89946],[25.90249,62.88931],[25.97739,62.89181],[25.96892,62.91547],[25.79771,62.9645],[25.79815,62.98629],[25.72834,62.99062],[25.6653,62.96356],[25.67565,62.93173]]]}},{"type":"Feature","properties":{"nr":"44500"},"geometry":{"type":"Polygon","coordinates":[[[25.91443,63.03596],[25.89442,63.06447],[25.90605,63.10121],[25.83241,63.13322],[25.92101,63.16186],[25.8436,63.19405],[25.81646,63.22207],[25.76498,63.21783],[25.67702,63.19448],[25.68673,63.15852],[25.64251,63.13438],[25.72824,63.09372],[25.6378,63.08174],[25.61724,63.06072],[25.64999,63.01857],[25.6235,63.00347],[25.6653,62.96356],[25.72834,62.99062],[25.79815,62.98629],[25.79609,63.02002],[25.86497,63.00947],[25.95769,63.01135],[25.91443,63.03596]]]}},{"type":"Feature","properties":{"nr":"44530"},"geometry":{"type":"Polygon","coordinates":[[[25.99726,62.88069],[26.05634,62.90814],[26.0475,62.93155],[25.95054,62.99019],[25.95769,63.01135],[25.86497,63.00947],[25.79609,63.02002],[25.79815,62.98629],[25.79771,62.9645],[25.96892,62.91547],[25.97739,62.89181],[25.99726,62.88069]]]}},{"type":"Feature","properties":{"nr":"44580"},"geometry":{"type":"Polygon","coordinates":[[[25.6378,63.08174],[25.49392,63.09927],[25.44014,63.12644],[25.35882,63.13477],[25.37463,63.10269],[25.52511,63.02506],[25.6235,63.00347],[25.64999,63.01857],[25.61724,63.06072],[25.6378,63.08174]]]}},{"type":"Feature","properties":{"nr":"44590"},"geometry":{"type":"Polygon","coordinates":[[[25.60295,62.90689],[25.67565,62.93173],[25.6653,62.96356],[25.6235,63.00347],[25.52511,63.02506],[25.50163,62.95777],[25.59397,62.90987],[25.60295,62.90689]]]}},{"type":"Feature","properties":{"nr":"44610"},"geometry":{"type":"Polygon","coordinates":[[[26.04152,63.16356],[25.92019,63.23583],[25.86184,63.27809],[25.80644,63.29175],[25.74854,63.28349],[25.7409,63.26958],[25.76498,63.21783],[25.81646,63.22207],[25.8436,63.19405],[25.92101,63.16186],[26.01024,63.15437],[26.04152,63.16356]]]}},{"type":"Feature","properties":{"nr":"44630"},"geometry":{"type":"Polygon","coordinates":[[[26.15737,63.13325],[26.15835,63.18382],[26.13789,63.24021],[26.08313,63.28278],[25.92004,63.29435],[25.86184,63.27809],[25.92019,63.23583],[26.04152,63.16356],[26.09011,63.16629],[26.15737,63.13325]]]}},{"type":"Feature","properties":{"nr":"44640"},"geometry":{"type":"Polygon","coordinates":[[[25.91443,63.03596],[26.04221,63.03472],[26.04396,63.07394],[26.11483,63.09834],[26.19332,63.08599],[26.15737,63.13325],[26.09011,63.16629],[26.04152,63.16356],[26.01024,63.15437],[25.92101,63.16186],[25.83241,63.13322],[25.90605,63.10121],[25.89442,63.06447],[25.91443,63.03596]]]}},{"type":"Feature","properties":{"nr":"44670"},"geometry":{"type":"Polygon","coordinates":[[[26.0475,62.93155],[26.16893,62.9532],[26.2561,62.95895],[26.26792,63.00131],[26.21031,63.03779],[26.19044,63.0182],[26.10776,63.04247],[26.04221,63.03472],[25.91443,63.03596],[25.95769,63.01135],[25.95054,62.99019],[26.0475,62.93155]]]}},{"type":"Feature","properties":{"nr":"44680"},"geometry":{"type":"Polygon","coordinates":[[[26.04221,63.03472],[26.10776,63.04247],[26.19044,63.0182],[26.21031,63.03779],[26.27118,63.04499],[26.19332,63.08599],[26.11483,63.09834],[26.04396,63.07394],[26.04221,63.03472]]]}},{"type":"Feature","properties":{"nr":"44730"},"geometry":{"type":"Polygon","coordinates":[[[25.7409,63.26958],[25.65892,63.27344],[25.58066,63.2654],[25.46075,63.27578],[25.5498,63.24774],[25.63139,63.25125],[25.67702,63.19448],[25.76498,63.21783],[25.7409,63.26958]]]}},{"type":"Feature","properties":{"nr":"44740"},"geometry":{"type":"Polygon","coordinates":[[[25.64251,63.13438],[25.68673,63.15852],[25.67702,63.19448],[25.63139,63.25125],[25.5498,63.24774],[25.46075,63.27578],[25.38249,63.2735],[25.37947,63.25253],[25.48677,63.20167],[25.59898,63.1465],[25.64251,63.13438]]]}},{"type":"Feature","properties":{"nr":"44760"},"geometry":{"type":"Polygon","coordinates":[[[25.41082,63.19304],[25.36248,63.16019],[25.34405,63.1723],[25.37621,63.18269],[25.38488,63.1995],[25.32262,63.22749],[25.3297,63.24278],[25.2284,63.24681],[25.15299,63.22634],[25.17934,63.15041],[25.2879,63.14909],[25.35882,63.13477],[25.44014,63.12644],[25.49392,63.09927],[25.6378,63.08174],[25.72824,63.09372],[25.64251,63.13438],[25.59898,63.1465],[25.48677,63.20167],[25.41082,63.19304]]]}},{"type":"Feature","properties":{"nr":"44770"},"geometry":{"type":"Polygon","coordinates":[[[25.38488,63.1995],[25.37621,63.18269],[25.34405,63.1723],[25.36248,63.16019],[25.41082,63.19304],[25.38488,63.1995]]]}},{"type":"Feature","properties":{"nr":"44790"},"geometry":{"type":"Polygon","coordinates":[[[25.41082,63.19304],[25.48677,63.20167],[25.37947,63.25253],[25.3297,63.24278],[25.32262,63.22749],[25.38488,63.1995],[25.41082,63.19304]]]}},{"type":"Feature","properties":{"nr":"44800"},"geometry":{"type":"Polygon","coordinates":[[[25.70697,63.40078],[25.66248,63.43362],[25.49044,63.47379],[25.46917,63.40982],[25.48706,63.38687],[25.43703,63.3599],[25.31955,63.36678],[25.2453,63.37945],[25.23897,63.35671],[25.38249,63.2735],[25.46075,63.27578],[25.58066,63.2654],[25.65892,63.27344],[25.7409,63.26958],[25.74854,63.28349],[25.73453,63.3416],[25.692,63.37324],[25.70697,63.40078]]]}},{"type":"Feature","properties":{"nr":"44860"},"geometry":{"type":"Polygon","coordinates":[[[25.2453,63.37945],[25.31955,63.36678],[25.43703,63.3599],[25.48706,63.38687],[25.46917,63.40982],[25.49044,63.47379],[25.46563,63.49822],[25.39045,63.51368],[25.16826,63.4635],[25.2453,63.37945]]]}},{"type":"Feature","properties":{"nr":"44880"},"geometry":{"type":"Polygon","coordinates":[[[25.39373,63.59631],[25.27276,63.62505],[25.21159,63.61078],[25.09216,63.55135],[25.10645,63.48547],[25.16826,63.4635],[25.39045,63.51368],[25.46563,63.49822],[25.46377,63.53832],[25.44027,63.58322],[25.39373,63.59631]]]}},{"type":"Feature","properties":{"nr":"44910"},"geometry":{"type":"Polygon","coordinates":[[[25.66248,63.43362],[25.69502,63.46504],[25.78269,63.4953],[25.72056,63.51712],[25.46377,63.53832],[25.46563,63.49822],[25.49044,63.47379],[25.66248,63.43362]]]}},{"type":"Feature","properties":{"nr":"44920"},"geometry":{"type":"Polygon","coordinates":[[[25.78269,63.4953],[25.69502,63.46504],[25.66248,63.43362],[25.70697,63.40078],[25.79941,63.39494],[25.86902,63.39878],[25.87942,63.4523],[25.78269,63.4953]]]}},{"type":"Feature","properties":{"nr":"44950"},"geometry":{"type":"Polygon","coordinates":[[[25.92004,63.29435],[25.83287,63.34755],[25.85264,63.36753],[25.79941,63.39494],[25.70697,63.40078],[25.692,63.37324],[25.73453,63.3416],[25.74854,63.28349],[25.80644,63.29175],[25.86184,63.27809],[25.92004,63.29435]]]}},{"type":"Feature","properties":{"nr":"45810"},"geometry":{"type":"Polygon","coordinates":[[[26.60138,60.9176],[26.60499,60.9277],[26.59565,60.95524],[26.55029,60.99814],[26.50375,60.99841],[26.51913,60.91116],[26.60138,60.9176]]]}},{"type":"Feature","properties":{"nr":"44970"},"geometry":{"type":"Polygon","coordinates":[[[25.92004,63.29435],[26.08313,63.28278],[26.10232,63.31579],[26.15586,63.36896],[26.1104,63.38301],[26.13208,63.42309],[26.08062,63.45458],[26.0268,63.45815],[25.94505,63.44546],[25.87942,63.4523],[25.86902,63.39878],[25.79941,63.39494],[25.85264,63.36753],[25.83287,63.34755],[25.92004,63.29435]]]}},{"type":"Feature","properties":{"nr":"45100"},"geometry":{"type":"Polygon","coordinates":[[[26.85825,60.91389],[26.81583,60.92013],[26.77091,60.89345],[26.76672,60.86008],[26.75748,60.85578],[26.71385,60.84279],[26.69895,60.85858],[26.73633,60.86522],[26.71937,60.88042],[26.69054,60.88598],[26.67875,60.87821],[26.64377,60.84749],[26.73462,60.82796],[26.73537,60.81453],[26.74552,60.80774],[26.79348,60.82747],[26.90608,60.84531],[26.84821,60.87995],[26.85825,60.91389]]]}},{"type":"Feature","properties":{"nr":"64820"},"geometry":{"type":"Polygon","coordinates":[[[21.64038,62.06404],[21.73754,62.05559],[21.82523,62.09263],[21.84028,62.11718],[21.78045,62.13789],[21.69922,62.17084],[21.62485,62.13988],[21.64929,62.11468],[21.62447,62.07997],[21.64038,62.06404]]]}},{"type":"Feature","properties":{"nr":"45120"},"geometry":{"type":"Polygon","coordinates":[[[26.73633,60.86522],[26.69895,60.85858],[26.75748,60.85578],[26.76672,60.86008],[26.73633,60.86522]]]}},{"type":"Feature","properties":{"nr":"45130"},"geometry":{"type":"Polygon","coordinates":[[[26.63126,60.86676],[26.64377,60.84749],[26.67875,60.87821],[26.63844,60.8741],[26.63126,60.86676]]]}},{"type":"Feature","properties":{"nr":"45150"},"geometry":{"type":"Polygon","coordinates":[[[26.69895,60.85858],[26.71385,60.84279],[26.75748,60.85578],[26.69895,60.85858]]]}},{"type":"Feature","properties":{"nr":"45160"},"geometry":{"type":"Polygon","coordinates":[[[26.71937,60.88042],[26.74552,60.89538],[26.71659,60.91442],[26.69277,60.9027],[26.69054,60.88598],[26.71937,60.88042]]]}},{"type":"Feature","properties":{"nr":"45200"},"geometry":{"type":"Polygon","coordinates":[[[26.77091,60.89345],[26.74552,60.89538],[26.71937,60.88042],[26.73633,60.86522],[26.76672,60.86008],[26.77091,60.89345]]]}},{"type":"Feature","properties":{"nr":"45330"},"geometry":{"type":"Polygon","coordinates":[[[26.69277,60.9027],[26.71659,60.91442],[26.73589,60.94065],[26.71898,60.94752],[26.66361,60.92837],[26.69277,60.9027]]]}},{"type":"Feature","properties":{"nr":"45360"},"geometry":{"type":"Polygon","coordinates":[[[26.77091,60.89345],[26.81583,60.92013],[26.73589,60.94065],[26.71659,60.91442],[26.74552,60.89538],[26.77091,60.89345]]]}},{"type":"Feature","properties":{"nr":"45370"},"geometry":{"type":"Polygon","coordinates":[[[26.75951,61.02794],[26.69054,60.9882],[26.73124,60.97221],[26.71898,60.94752],[26.73589,60.94065],[26.81583,60.92013],[26.85825,60.91389],[26.97748,60.95155],[26.94503,60.9989],[26.82329,60.99073],[26.75951,61.02794]]]}},{"type":"Feature","properties":{"nr":"45410"},"geometry":{"type":"Polygon","coordinates":[[[26.91343,60.844],[27.03358,60.86232],[27.03721,60.91183],[27.00289,60.91443],[26.97748,60.95155],[26.85825,60.91389],[26.84821,60.87995],[26.90608,60.84531],[26.91343,60.844]]]}},{"type":"Feature","properties":{"nr":"45460"},"geometry":{"type":"Polygon","coordinates":[[[26.90341,60.80981],[26.99012,60.80235],[27.05225,60.83774],[27.04224,60.85569],[27.03358,60.86232],[26.91343,60.844],[26.90341,60.80981]]]}},{"type":"Feature","properties":{"nr":"45610"},"geometry":{"type":"Polygon","coordinates":[[[26.6146,60.87011],[26.5432,60.87385],[26.48123,60.8742],[26.4789,60.83081],[26.37652,60.80012],[26.39177,60.77121],[26.5138,60.78629],[26.57125,60.76254],[26.62904,60.77462],[26.73537,60.81453],[26.73462,60.82796],[26.64377,60.84749],[26.63126,60.86676],[26.6146,60.87011]]]}},{"type":"Feature","properties":{"nr":"45910"},"geometry":{"type":"MultiPolygon","coordinates":[[[[26.55029,60.99814],[26.60443,61.02346],[26.56594,61.04547],[26.49283,61.00554],[26.50375,60.99841],[26.55029,60.99814]]],[[[26.71898,60.94752],[26.73124,60.97221],[26.69054,60.9882],[26.66809,60.99247],[26.59565,60.95524],[26.60499,60.9277],[26.66361,60.92837],[26.71898,60.94752]]]]}},{"type":"Feature","properties":{"nr":"45700"},"geometry":{"type":"Polygon","coordinates":[[[26.66361,60.92837],[26.60499,60.9277],[26.60138,60.9176],[26.6146,60.87011],[26.63126,60.86676],[26.63844,60.8741],[26.69277,60.9027],[26.66361,60.92837]],[[26.62689,60.91145],[26.62147,60.91457],[26.6292,60.91734],[26.62689,60.91145]]]}},{"type":"Feature","properties":{"nr":"45720"},"geometry":{"type":"Polygon","coordinates":[[[26.69277,60.9027],[26.63844,60.8741],[26.67875,60.87821],[26.69054,60.88598],[26.69277,60.9027]]]}},{"type":"Feature","properties":{"nr":"45740"},"geometry":{"type":"Polygon","coordinates":[[[26.51913,60.91116],[26.43501,60.91902],[26.50961,60.91101],[26.5432,60.87385],[26.6146,60.87011],[26.60138,60.9176],[26.51913,60.91116]]]}},{"type":"Feature","properties":{"nr":"45750"},"geometry":{"type":"Polygon","coordinates":[[[26.62689,60.91145],[26.6292,60.91734],[26.62147,60.91457],[26.62689,60.91145]]]}},{"type":"Feature","properties":{"nr":"45940"},"geometry":{"type":"Polygon","coordinates":[[[26.59565,60.95524],[26.66809,60.99247],[26.63723,61.01054],[26.61869,61.02187],[26.60443,61.02346],[26.55029,60.99814],[26.59565,60.95524]]]}},{"type":"Feature","properties":{"nr":"46110"},"geometry":{"type":"Polygon","coordinates":[[[26.98669,61.01854],[27.14262,61.02422],[27.17284,61.07865],[27.21394,61.07407],[27.22442,61.09091],[27.17891,61.10494],[27.20323,61.15753],[27.08477,61.1556],[27.00466,61.16834],[27.00167,61.07074],[26.98669,61.01854]]]}},{"type":"Feature","properties":{"nr":"46140"},"geometry":{"type":"Polygon","coordinates":[[[27.00167,61.07074],[27.00466,61.16834],[26.94697,61.17787],[26.9282,61.09972],[26.94795,61.07503],[27.00167,61.07074]]]}},{"type":"Feature","properties":{"nr":"46230"},"geometry":{"type":"Polygon","coordinates":[[[27.00167,61.07074],[26.94795,61.07503],[26.9282,61.09972],[26.94697,61.17787],[26.9427,61.17987],[26.89353,61.17702],[26.86306,61.16651],[26.87405,61.12652],[26.79227,61.07156],[26.75951,61.02794],[26.82329,60.99073],[26.94503,60.9989],[26.98669,61.01854],[27.00167,61.07074]]]}},{"type":"Feature","properties":{"nr":"46400"},"geometry":{"type":"Polygon","coordinates":[[[27.25548,60.80875],[27.2685,60.8157],[27.2719,60.84878],[27.31056,60.88874],[27.26166,60.91905],[27.19516,60.92],[27.13189,60.95516],[27.0814,60.94907],[27.03721,60.91183],[27.03358,60.86232],[27.04224,60.85569],[27.07854,60.86771],[27.19894,60.86381],[27.21975,60.81215],[27.25548,60.80875]]]}},{"type":"Feature","properties":{"nr":"46430"},"geometry":{"type":"Polygon","coordinates":[[[27.03721,60.91183],[27.0814,60.94907],[27.13189,60.95516],[27.17127,60.95452],[27.17404,60.99718],[27.14262,61.02422],[26.98669,61.01854],[26.94503,60.9989],[26.97748,60.95155],[27.00289,60.91443],[27.03721,60.91183]]]}},{"type":"Feature","properties":{"nr":"46450"},"geometry":{"type":"Polygon","coordinates":[[[27.05225,60.83774],[27.08414,60.81081],[27.21975,60.81215],[27.19894,60.86381],[27.07854,60.86771],[27.04224,60.85569],[27.05225,60.83774]]]}},{"type":"Feature","properties":{"nr":"46530"},"geometry":{"type":"Polygon","coordinates":[[[27.13189,60.95516],[27.19516,60.92],[27.26166,60.91905],[27.29059,60.94395],[27.27933,60.98467],[27.31874,61.00262],[27.27063,61.02475],[27.21394,61.07407],[27.17284,61.07865],[27.14262,61.02422],[27.17404,60.99718],[27.17127,60.95452],[27.13189,60.95516]]]}},{"type":"Feature","properties":{"nr":"46570"},"geometry":{"type":"Polygon","coordinates":[[[27.2685,60.8157],[27.42215,60.83958],[27.37055,60.88648],[27.31056,60.88874],[27.2719,60.84878],[27.2685,60.8157]]]}},{"type":"Feature","properties":{"nr":"46710"},"geometry":{"type":"Polygon","coordinates":[[[27.04701,60.71112],[27.10191,60.73818],[27.17542,60.75309],[27.22562,60.74712],[27.27475,60.78523],[27.25548,60.80875],[27.21975,60.81215],[27.08414,60.81081],[27.05225,60.83774],[26.99012,60.80235],[26.90341,60.80981],[26.86197,60.76477],[26.85916,60.73466],[26.95886,60.72645],[27.04701,60.71112]]]}},{"type":"Feature","properties":{"nr":"46730"},"geometry":{"type":"Polygon","coordinates":[[[27.0593,60.67192],[27.1042,60.69035],[27.12863,60.72276],[27.10191,60.73818],[27.04701,60.71112],[27.0593,60.67192]]]}},{"type":"Feature","properties":{"nr":"46750"},"geometry":{"type":"Polygon","coordinates":[[[26.93674,60.65724],[27.0593,60.67192],[27.04701,60.71112],[26.95886,60.72645],[26.9784,60.70658],[26.92379,60.68097],[26.93674,60.65724]]]}},{"type":"Feature","properties":{"nr":"46800"},"geometry":{"type":"Polygon","coordinates":[[[26.79849,60.74112],[26.86197,60.76477],[26.90341,60.80981],[26.91343,60.844],[26.90608,60.84531],[26.79348,60.82747],[26.74552,60.80774],[26.79849,60.74112]]]}},{"type":"Feature","properties":{"nr":"46810"},"geometry":{"type":"Polygon","coordinates":[[[26.74552,60.80774],[26.73537,60.81453],[26.62904,60.77462],[26.62089,60.75548],[26.65775,60.75441],[26.70955,60.7249],[26.81607,60.71307],[26.81927,60.73178],[26.79849,60.74112],[26.74552,60.80774]]]}},{"type":"Feature","properties":{"nr":"46860"},"geometry":{"type":"Polygon","coordinates":[[[26.81927,60.73178],[26.85916,60.73466],[26.86197,60.76477],[26.79849,60.74112],[26.81927,60.73178]]]}},{"type":"Feature","properties":{"nr":"46900"},"geometry":{"type":"Polygon","coordinates":[[[26.87207,60.6239],[26.9341,60.65182],[26.93674,60.65724],[26.92379,60.68097],[26.9784,60.70658],[26.95886,60.72645],[26.85916,60.73466],[26.81927,60.73178],[26.81607,60.71307],[26.83749,60.68756],[26.83061,60.64236],[26.87207,60.6239]]]}},{"type":"Feature","properties":{"nr":"46910"},"geometry":{"type":"Polygon","coordinates":[[[26.81607,60.71307],[26.70955,60.7249],[26.75074,60.67668],[26.83061,60.64236],[26.83749,60.68756],[26.81607,60.71307]]]}},{"type":"Feature","properties":{"nr":"46930"},"geometry":{"type":"Polygon","coordinates":[[[26.75074,60.67668],[26.7315,60.65697],[26.76335,60.60279],[26.7667,60.58016],[26.80148,60.57886],[26.86648,60.6135],[26.87207,60.6239],[26.83061,60.64236],[26.75074,60.67668]]]}},{"type":"Feature","properties":{"nr":"46950"},"geometry":{"type":"Polygon","coordinates":[[[26.69737,60.63884],[26.76335,60.60279],[26.7315,60.65697],[26.69737,60.63884]]]}},{"type":"Feature","properties":{"nr":"46960"},"geometry":{"type":"Polygon","coordinates":[[[26.69737,60.63884],[26.7315,60.65697],[26.75074,60.67668],[26.70955,60.7249],[26.65775,60.75441],[26.62089,60.75548],[26.57913,60.73245],[26.62289,60.71144],[26.61679,60.68683],[26.64801,60.65385],[26.69737,60.63884]]]}},{"type":"Feature","properties":{"nr":"47110"},"geometry":{"type":"Polygon","coordinates":[[[26.57913,60.73245],[26.62089,60.75548],[26.62904,60.77462],[26.57125,60.76254],[26.57913,60.73245]]]}},{"type":"Feature","properties":{"nr":"47150"},"geometry":{"type":"Polygon","coordinates":[[[26.53355,60.636],[26.64801,60.65385],[26.61679,60.68683],[26.52638,60.67393],[26.51568,60.63724],[26.53355,60.636]]]}},{"type":"Feature","properties":{"nr":"47200"},"geometry":{"type":"Polygon","coordinates":[[[26.41494,60.65488],[26.43564,60.67343],[26.52638,60.67393],[26.61679,60.68683],[26.62289,60.71144],[26.57913,60.73245],[26.57125,60.76254],[26.5138,60.78629],[26.39177,60.77121],[26.29611,60.75224],[26.3348,60.71268],[26.3124,60.68359],[26.3638,60.66385],[26.41494,60.65488]]]}},{"type":"Feature","properties":{"nr":"47260"},"geometry":{"type":"Polygon","coordinates":[[[26.41494,60.65488],[26.4625,60.63389],[26.51568,60.63724],[26.52638,60.67393],[26.43564,60.67343],[26.41494,60.65488]]]}},{"type":"Feature","properties":{"nr":"47310"},"geometry":{"type":"Polygon","coordinates":[[[26.23654,60.73444],[26.29611,60.75224],[26.39177,60.77121],[26.37652,60.80012],[26.30512,60.82425],[26.21908,60.79172],[26.20266,60.75754],[26.23654,60.73444]]]}},{"type":"Feature","properties":{"nr":"47350"},"geometry":{"type":"Polygon","coordinates":[[[26.3124,60.68359],[26.3348,60.71268],[26.29611,60.75224],[26.23654,60.73444],[26.21936,60.71476],[26.3124,60.68359]]]}},{"type":"Feature","properties":{"nr":"47650"},"geometry":{"type":"Polygon","coordinates":[[[26.2643,60.99704],[26.35334,61.00789],[26.38424,61.02709],[26.40264,61.06199],[26.32139,61.08141],[26.25957,61.06285],[26.25106,61.03556],[26.2643,60.99704]]]}},{"type":"Feature","properties":{"nr":"47400"},"geometry":{"type":"Polygon","coordinates":[[[26.42686,60.9242],[26.32143,60.93851],[26.25891,60.95267],[26.23967,60.89017],[26.19592,60.87778],[26.24707,60.85096],[26.30512,60.82425],[26.37652,60.80012],[26.4789,60.83081],[26.48123,60.8742],[26.5432,60.87385],[26.50961,60.91101],[26.43501,60.91902],[26.42686,60.9242]]]}},{"type":"Feature","properties":{"nr":"47440"},"geometry":{"type":"Polygon","coordinates":[[[26.21908,60.79172],[26.30512,60.82425],[26.24707,60.85096],[26.18258,60.81782],[26.21908,60.79172]]]}},{"type":"Feature","properties":{"nr":"47450"},"geometry":{"type":"Polygon","coordinates":[[[26.18258,60.81782],[26.24707,60.85096],[26.19592,60.87778],[26.13196,60.87591],[26.06407,60.83465],[26.18258,60.81782]]]}},{"type":"Feature","properties":{"nr":"47460"},"geometry":{"type":"Polygon","coordinates":[[[26.13247,60.90518],[26.17164,60.90412],[26.15578,60.91912],[26.12899,60.91348],[26.13247,60.90518]]]}},{"type":"Feature","properties":{"nr":"48700"},"geometry":{"type":"Polygon","coordinates":[[[26.90673,60.50486],[26.90668,60.52126],[26.89661,60.52167],[26.87357,60.51326],[26.87621,60.51031],[26.89115,60.50586],[26.90673,60.50486]]]}},{"type":"Feature","properties":{"nr":"47490"},"geometry":{"type":"Polygon","coordinates":[[[26.25106,61.03556],[26.15592,61.0291],[26.1619,60.99153],[26.11211,60.9389],[26.12899,60.91348],[26.15578,60.91912],[26.17164,60.90412],[26.13247,60.90518],[26.11773,60.89264],[26.13196,60.87591],[26.19592,60.87778],[26.23967,60.89017],[26.25891,60.95267],[26.2643,60.99704],[26.25106,61.03556]]]}},{"type":"Feature","properties":{"nr":"47520"},"geometry":{"type":"Polygon","coordinates":[[[26.42686,60.9242],[26.41137,60.96086],[26.34216,60.95528],[26.32143,60.93851],[26.42686,60.9242]]]}},{"type":"Feature","properties":{"nr":"47540"},"geometry":{"type":"Polygon","coordinates":[[[26.49283,61.00554],[26.46347,61.013],[26.40807,60.99279],[26.41137,60.96086],[26.42686,60.9242],[26.43501,60.91902],[26.51913,60.91116],[26.50375,60.99841],[26.49283,61.00554]]]}},{"type":"Feature","properties":{"nr":"47610"},"geometry":{"type":"Polygon","coordinates":[[[26.32143,60.93851],[26.34216,60.95528],[26.41137,60.96086],[26.40807,60.99279],[26.46347,61.013],[26.38424,61.02709],[26.35334,61.00789],[26.2643,60.99704],[26.25891,60.95267],[26.32143,60.93851]]]}},{"type":"Feature","properties":{"nr":"47710"},"geometry":{"type":"Polygon","coordinates":[[[26.57053,61.13028],[26.5313,61.15216],[26.53447,61.18534],[26.47965,61.22468],[26.42961,61.22911],[26.36007,61.19919],[26.31662,61.19984],[26.27339,61.15225],[26.23216,61.12972],[26.32139,61.08141],[26.40264,61.06199],[26.38424,61.02709],[26.46347,61.013],[26.49283,61.00554],[26.56594,61.04547],[26.5467,61.09228],[26.58821,61.10466],[26.57053,61.13028]]]}},{"type":"Feature","properties":{"nr":"47760"},"geometry":{"type":"Polygon","coordinates":[[[26.66849,61.25598],[26.61617,61.28287],[26.54718,61.2728],[26.43494,61.25664],[26.42961,61.22911],[26.47965,61.22468],[26.53447,61.18534],[26.5313,61.15216],[26.57053,61.13028],[26.64044,61.1198],[26.66915,61.16861],[26.73456,61.15677],[26.74218,61.16036],[26.67653,61.21523],[26.66849,61.25598]]]}},{"type":"Feature","properties":{"nr":"47810"},"geometry":{"type":"Polygon","coordinates":[[[26.79227,61.07156],[26.70964,61.09301],[26.73654,61.11673],[26.73456,61.15677],[26.66915,61.16861],[26.64044,61.1198],[26.68919,61.07453],[26.70468,61.05586],[26.63723,61.01054],[26.66809,60.99247],[26.69054,60.9882],[26.75951,61.02794],[26.79227,61.07156]]]}},{"type":"Feature","properties":{"nr":"49220"},"geometry":{"type":"Polygon","coordinates":[[[26.73969,60.48264],[26.75188,60.49527],[26.74291,60.5422],[26.73184,60.55397],[26.58305,60.56733],[26.59376,60.51695],[26.62403,60.48973],[26.67638,60.48527],[26.71169,60.43732],[26.74543,60.45536],[26.73969,60.48264]]]}},{"type":"Feature","properties":{"nr":"47830"},"geometry":{"type":"Polygon","coordinates":[[[26.63723,61.01054],[26.70468,61.05586],[26.68919,61.07453],[26.62389,61.04685],[26.61869,61.02187],[26.63723,61.01054]]]}},{"type":"Feature","properties":{"nr":"47850"},"geometry":{"type":"Polygon","coordinates":[[[26.61869,61.02187],[26.62389,61.04685],[26.68919,61.07453],[26.64044,61.1198],[26.57053,61.13028],[26.58821,61.10466],[26.5467,61.09228],[26.56594,61.04547],[26.60443,61.02346],[26.61869,61.02187]]]}},{"type":"Feature","properties":{"nr":"47900"},"geometry":{"type":"Polygon","coordinates":[[[26.86306,61.16651],[26.74218,61.16036],[26.73456,61.15677],[26.73654,61.11673],[26.70964,61.09301],[26.79227,61.07156],[26.87405,61.12652],[26.86306,61.16651]]]}},{"type":"Feature","properties":{"nr":"47910"},"geometry":{"type":"Polygon","coordinates":[[[26.74218,61.16036],[26.86306,61.16651],[26.89353,61.17702],[26.82228,61.18917],[26.83003,61.22072],[26.75548,61.23625],[26.67653,61.21523],[26.74218,61.16036]]]}},{"type":"Feature","properties":{"nr":"48100"},"geometry":{"type":"Polygon","coordinates":[[[27.03236,60.44433],[26.98973,60.43186],[27.00634,60.41595],[27.03453,60.42567],[27.03236,60.44433]]]}},{"type":"Feature","properties":{"nr":"48130"},"geometry":{"type":"Polygon","coordinates":[[[26.92897,60.45308],[26.94363,60.44711],[26.95008,60.45866],[26.92897,60.45308]]]}},{"type":"Feature","properties":{"nr":"48200"},"geometry":{"type":"Polygon","coordinates":[[[26.91932,60.46733],[26.91797,60.49084],[26.91403,60.48991],[26.91585,60.47671],[26.91932,60.46733]]]}},{"type":"Feature","properties":{"nr":"48210"},"geometry":{"type":"Polygon","coordinates":[[[26.91932,60.46733],[26.91585,60.47671],[26.90829,60.47642],[26.91932,60.46733]]]}},{"type":"Feature","properties":{"nr":"48220"},"geometry":{"type":"Polygon","coordinates":[[[26.90829,60.47642],[26.91585,60.47671],[26.91403,60.48991],[26.8869,60.48745],[26.89063,60.48444],[26.90829,60.47642]]]}},{"type":"Feature","properties":{"nr":"48230"},"geometry":{"type":"Polygon","coordinates":[[[26.8869,60.48745],[26.91403,60.48991],[26.91797,60.49084],[26.91401,60.49911],[26.90673,60.50486],[26.89115,60.50586],[26.88449,60.48809],[26.8869,60.48745]]]}},{"type":"Feature","properties":{"nr":"48300"},"geometry":{"type":"Polygon","coordinates":[[[26.89063,60.48444],[26.8869,60.48745],[26.88449,60.48809],[26.87287,60.48486],[26.83654,60.48101],[26.82553,60.46464],[26.89063,60.48444]]]}},{"type":"Feature","properties":{"nr":"48310"},"geometry":{"type":"Polygon","coordinates":[[[26.88544,60.46245],[26.84584,60.44802],[26.90455,60.41797],[26.92757,60.4314],[26.88544,60.46245]]]}},{"type":"Feature","properties":{"nr":"48350"},"geometry":{"type":"Polygon","coordinates":[[[26.83654,60.48101],[26.87287,60.48486],[26.83741,60.48639],[26.83654,60.48101]]]}},{"type":"Feature","properties":{"nr":"48400"},"geometry":{"type":"Polygon","coordinates":[[[26.88449,60.48809],[26.89115,60.50586],[26.87621,60.51031],[26.82434,60.49623],[26.83741,60.48639],[26.87287,60.48486],[26.88449,60.48809]]]}},{"type":"Feature","properties":{"nr":"48410"},"geometry":{"type":"Polygon","coordinates":[[[26.82434,60.49623],[26.87621,60.51031],[26.87357,60.51326],[26.87828,60.53188],[26.85431,60.55485],[26.80492,60.57703],[26.80148,60.57886],[26.7667,60.58016],[26.73184,60.55397],[26.74291,60.5422],[26.82434,60.49623]]]}},{"type":"Feature","properties":{"nr":"48600"},"geometry":{"type":"Polygon","coordinates":[[[26.95065,60.52665],[26.92899,60.53807],[26.90668,60.52126],[26.90673,60.50486],[26.91401,60.49911],[26.94066,60.49976],[26.9651,60.5068],[26.97936,60.51648],[26.97911,60.51914],[26.95065,60.52665]]]}},{"type":"Feature","properties":{"nr":"49240"},"geometry":{"type":"Polygon","coordinates":[[[26.71169,60.43732],[26.67638,60.48527],[26.62403,60.48973],[26.58143,60.46051],[26.71169,60.43732]]]}},{"type":"Feature","properties":{"nr":"48710"},"geometry":{"type":"Polygon","coordinates":[[[26.87357,60.51326],[26.89661,60.52167],[26.87828,60.53188],[26.87357,60.51326]]]}},{"type":"Feature","properties":{"nr":"48720"},"geometry":{"type":"Polygon","coordinates":[[[26.91675,60.58824],[26.86648,60.6135],[26.80148,60.57886],[26.80492,60.57703],[26.8682,60.56772],[26.85431,60.55485],[26.87828,60.53188],[26.89661,60.52167],[26.90668,60.52126],[26.92899,60.53807],[26.94874,60.55178],[26.94165,60.55715],[26.91675,60.58824]]]}},{"type":"Feature","properties":{"nr":"48750"},"geometry":{"type":"Polygon","coordinates":[[[26.85431,60.55485],[26.8682,60.56772],[26.80492,60.57703],[26.85431,60.55485]]]}},{"type":"Feature","properties":{"nr":"48770"},"geometry":{"type":"Polygon","coordinates":[[[26.95065,60.52665],[26.97452,60.54186],[26.94874,60.55178],[26.92899,60.53807],[26.95065,60.52665]]]}},{"type":"Feature","properties":{"nr":"48800"},"geometry":{"type":"Polygon","coordinates":[[[26.97911,60.51914],[26.97452,60.54186],[26.95065,60.52665],[26.97911,60.51914]]]}},{"type":"Feature","properties":{"nr":"48810"},"geometry":{"type":"Polygon","coordinates":[[[26.98129,60.51253],[27.02234,60.5189],[27.00692,60.55187],[27.01984,60.58006],[26.94165,60.55715],[26.94874,60.55178],[26.97452,60.54186],[26.97911,60.51914],[26.97936,60.51648],[26.98129,60.51253]]]}},{"type":"Feature","properties":{"nr":"49270"},"geometry":{"type":"Polygon","coordinates":[[[26.46247,60.4877],[26.51893,60.44818],[26.58143,60.46051],[26.62403,60.48973],[26.59376,60.51695],[26.58305,60.56733],[26.544,60.57309],[26.49706,60.54257],[26.46661,60.51014],[26.46247,60.4877]]]}},{"type":"Feature","properties":{"nr":"83915"},"geometry":{"type":"Polygon","coordinates":[[[29.24104,63.30805],[29.23678,63.31985],[29.2266,63.32005],[29.22558,63.31012],[29.24104,63.30805]]]}},{"type":"Feature","properties":{"nr":"48900"},"geometry":{"type":"Polygon","coordinates":[[[26.97102,60.49512],[26.9651,60.5068],[26.94066,60.49976],[26.97102,60.49512]]]}},{"type":"Feature","properties":{"nr":"49290"},"geometry":{"type":"Polygon","coordinates":[[[26.73184,60.55397],[26.7667,60.58016],[26.76335,60.60279],[26.69737,60.63884],[26.64801,60.65385],[26.53355,60.636],[26.55248,60.58643],[26.544,60.57309],[26.58305,60.56733],[26.73184,60.55397]]]}},{"type":"Feature","properties":{"nr":"48910"},"geometry":{"type":"Polygon","coordinates":[[[26.97102,60.49512],[26.98129,60.51253],[26.97936,60.51648],[26.9651,60.5068],[26.97102,60.49512]]]}},{"type":"Feature","properties":{"nr":"49300"},"geometry":{"type":"Polygon","coordinates":[[[26.94165,60.55715],[27.01984,60.58006],[27.02197,60.5825],[27.0177,60.60924],[26.98216,60.61771],[26.91675,60.58824],[26.94165,60.55715]]]}},{"type":"Feature","properties":{"nr":"48930"},"geometry":{"type":"Polygon","coordinates":[[[26.97394,60.47332],[26.97719,60.46613],[26.98814,60.46749],[26.97801,60.47442],[26.97394,60.47332]]]}},{"type":"Feature","properties":{"nr":"49200"},"geometry":{"type":"Polygon","coordinates":[[[26.83741,60.48639],[26.82434,60.49623],[26.74291,60.5422],[26.75188,60.49527],[26.75553,60.47801],[26.82553,60.46464],[26.83654,60.48101],[26.83741,60.48639]]]}},{"type":"Feature","properties":{"nr":"49210"},"geometry":{"type":"Polygon","coordinates":[[[26.75553,60.47801],[26.75188,60.49527],[26.73969,60.48264],[26.75553,60.47801]]]}},{"type":"Feature","properties":{"nr":"49410"},"geometry":{"type":"Polygon","coordinates":[[[27.13983,60.5621],[27.16598,60.56391],[27.16435,60.56681],[27.16174,60.56996],[27.12998,60.58296],[27.12834,60.58209],[27.13463,60.57378],[27.13983,60.5621]]]}},{"type":"Feature","properties":{"nr":"49420"},"geometry":{"type":"Polygon","coordinates":[[[27.10657,60.5431],[27.14041,60.53253],[27.13983,60.5621],[27.13463,60.57378],[27.10657,60.5431]]]}},{"type":"Feature","properties":{"nr":"49460"},"geometry":{"type":"Polygon","coordinates":[[[27.16598,60.56391],[27.13983,60.5621],[27.14041,60.53253],[27.1692,60.56033],[27.16598,60.56391]]]}},{"type":"Feature","properties":{"nr":"49480"},"geometry":{"type":"Polygon","coordinates":[[[27.10657,60.5431],[27.13463,60.57378],[27.12834,60.58209],[27.06375,60.58118],[27.09105,60.54075],[27.10657,60.5431]]]}},{"type":"Feature","properties":{"nr":"49490"},"geometry":{"type":"Polygon","coordinates":[[[27.09105,60.54075],[27.06375,60.58118],[27.02197,60.5825],[27.01984,60.58006],[27.00692,60.55187],[27.04061,60.52112],[27.09105,60.54075]]]}},{"type":"Feature","properties":{"nr":"49510"},"geometry":{"type":"Polygon","coordinates":[[[27.13994,60.59829],[27.19038,60.61479],[27.15217,60.636],[27.13757,60.62817],[27.13994,60.59829]]]}},{"type":"Feature","properties":{"nr":"49520"},"geometry":{"type":"Polygon","coordinates":[[[27.12998,60.58296],[27.13994,60.59829],[27.13757,60.62817],[27.05027,60.62708],[27.0177,60.60924],[27.02197,60.5825],[27.06375,60.58118],[27.12834,60.58209],[27.12998,60.58296]]]}},{"type":"Feature","properties":{"nr":"49540"},"geometry":{"type":"Polygon","coordinates":[[[27.1042,60.69035],[27.0593,60.67192],[26.93674,60.65724],[26.9341,60.65182],[26.98216,60.61771],[27.0177,60.60924],[27.05027,60.62708],[27.13757,60.62817],[27.15217,60.636],[27.15095,60.64308],[27.1042,60.69035]]]}},{"type":"Feature","properties":{"nr":"49570"},"geometry":{"type":"Polygon","coordinates":[[[27.23273,60.68697],[27.27761,60.72794],[27.22562,60.74712],[27.17542,60.75309],[27.10191,60.73818],[27.12863,60.72276],[27.1042,60.69035],[27.15095,60.64308],[27.21174,60.65294],[27.23273,60.68697]]]}},{"type":"Feature","properties":{"nr":"49610"},"geometry":{"type":"Polygon","coordinates":[[[27.21313,60.59322],[27.21507,60.58942],[27.26006,60.58534],[27.22969,60.59835],[27.21313,60.59322]]]}},{"type":"Feature","properties":{"nr":"49630"},"geometry":{"type":"Polygon","coordinates":[[[27.22099,60.64109],[27.21989,60.62696],[27.28896,60.60926],[27.2899,60.61875],[27.22219,60.64034],[27.22099,60.64109]]]}},{"type":"Feature","properties":{"nr":"49640"},"geometry":{"type":"Polygon","coordinates":[[[27.29333,60.68209],[27.23273,60.68697],[27.21174,60.65294],[27.22099,60.64109],[27.22219,60.64034],[27.2791,60.63629],[27.37635,60.60386],[27.38545,60.60502],[27.37065,60.62758],[27.29333,60.68209]]]}},{"type":"Feature","properties":{"nr":"49660"},"geometry":{"type":"Polygon","coordinates":[[[27.5517,60.78789],[27.50323,60.7903],[27.42215,60.83958],[27.2685,60.8157],[27.25548,60.80875],[27.27475,60.78523],[27.22562,60.74712],[27.27761,60.72794],[27.23273,60.68697],[27.29333,60.68209],[27.39791,60.70319],[27.4796,60.72248],[27.50322,60.763],[27.55568,60.76005],[27.5517,60.78789]]]}},{"type":"Feature","properties":{"nr":"49700"},"geometry":{"type":"Polygon","coordinates":[[[27.65833,60.63856],[27.76134,60.62944],[27.81399,60.64183],[27.82496,60.64473],[27.80938,60.70479],[27.88033,60.71003],[27.87105,60.73325],[27.80479,60.75621],[27.81882,60.7428],[27.78345,60.67917],[27.73326,60.6881],[27.74313,60.71888],[27.69701,60.73277],[27.6476,60.72295],[27.62219,60.70529],[27.65833,60.63856]]]}},{"type":"Feature","properties":{"nr":"49720"},"geometry":{"type":"Polygon","coordinates":[[[27.69701,60.73277],[27.74313,60.71888],[27.73326,60.6881],[27.78345,60.67917],[27.81882,60.7428],[27.80479,60.75621],[27.70613,60.7548],[27.69701,60.73277]]]}},{"type":"Feature","properties":{"nr":"49730"},"geometry":{"type":"Polygon","coordinates":[[[27.87966,60.60797],[27.97823,60.66187],[27.95309,60.68792],[27.88033,60.71003],[27.80938,60.70479],[27.82496,60.64473],[27.87966,60.60797]]]}},{"type":"Feature","properties":{"nr":"49750"},"geometry":{"type":"Polygon","coordinates":[[[27.65833,60.63856],[27.62219,60.70529],[27.51398,60.69229],[27.55603,60.66211],[27.65833,60.63856]]]}},{"type":"Feature","properties":{"nr":"49760"},"geometry":{"type":"Polygon","coordinates":[[[27.51398,60.69229],[27.62219,60.70529],[27.6476,60.72295],[27.55568,60.76005],[27.50322,60.763],[27.4796,60.72248],[27.51398,60.69229]]]}},{"type":"Feature","properties":{"nr":"49770"},"geometry":{"type":"Polygon","coordinates":[[[27.51398,60.69229],[27.4796,60.72248],[27.39791,60.70319],[27.43585,60.69079],[27.47031,60.63769],[27.51032,60.61495],[27.55603,60.66211],[27.51398,60.69229]]]}},{"type":"Feature","properties":{"nr":"49780"},"geometry":{"type":"Polygon","coordinates":[[[27.47031,60.63769],[27.43585,60.69079],[27.39791,60.70319],[27.29333,60.68209],[27.37065,60.62758],[27.38545,60.60502],[27.47031,60.63769]]]}},{"type":"Feature","properties":{"nr":"49960"},"geometry":{"type":"Polygon","coordinates":[[[27.63554,60.52353],[27.63991,60.55536],[27.57961,60.60877],[27.51735,60.60885],[27.52062,60.56836],[27.59312,60.51212],[27.63554,60.52353]]]}},{"type":"Feature","properties":{"nr":"49980"},"geometry":{"type":"Polygon","coordinates":[[[27.59312,60.51212],[27.52062,60.56836],[27.51735,60.60885],[27.51032,60.61495],[27.47031,60.63769],[27.38545,60.60502],[27.37635,60.60386],[27.47387,60.55483],[27.5094,60.54618],[27.54059,60.49605],[27.59312,60.51212]]]}},{"type":"Feature","properties":{"nr":"50100"},"geometry":{"type":"Polygon","coordinates":[[[27.28992,61.70731],[27.26088,61.71433],[27.22719,61.7077],[27.23067,61.70517],[27.24941,61.68975],[27.25941,61.6747],[27.27756,61.66573],[27.28671,61.66581],[27.29791,61.66634],[27.29609,61.67561],[27.29009,61.68549],[27.28992,61.70731]]]}},{"type":"Feature","properties":{"nr":"50120"},"geometry":{"type":"Polygon","coordinates":[[[27.24941,61.68975],[27.23067,61.70517],[27.2231,61.68625],[27.24941,61.68975]]]}},{"type":"Feature","properties":{"nr":"50130"},"geometry":{"type":"Polygon","coordinates":[[[27.24941,61.68975],[27.2231,61.68625],[27.2216,61.68533],[27.21055,61.64764],[27.2253,61.64759],[27.26337,61.66139],[27.25941,61.6747],[27.24941,61.68975]]]}},{"type":"Feature","properties":{"nr":"50150"},"geometry":{"type":"Polygon","coordinates":[[[27.2231,61.68625],[27.23067,61.70517],[27.22719,61.7077],[27.13538,61.70125],[27.2216,61.68533],[27.2231,61.68625]]]}},{"type":"Feature","properties":{"nr":"50160"},"geometry":{"type":"Polygon","coordinates":[[[27.27756,61.66573],[27.25941,61.6747],[27.26337,61.66139],[27.27756,61.66573]]]}},{"type":"Feature","properties":{"nr":"50170"},"geometry":{"type":"Polygon","coordinates":[[[27.32718,61.70338],[27.33448,61.71951],[27.30195,61.74351],[27.28992,61.70731],[27.29009,61.68549],[27.32718,61.70338]]]}},{"type":"Feature","properties":{"nr":"50180"},"geometry":{"type":"Polygon","coordinates":[[[27.37762,61.67295],[27.36213,61.72408],[27.33448,61.71951],[27.32718,61.70338],[27.34343,61.67515],[27.37762,61.67295]]]}},{"type":"Feature","properties":{"nr":"50190"},"geometry":{"type":"Polygon","coordinates":[[[27.34343,61.67515],[27.32718,61.70338],[27.29009,61.68549],[27.29609,61.67561],[27.34343,61.67515]]]}},{"type":"Feature","properties":{"nr":"50200"},"geometry":{"type":"Polygon","coordinates":[[[27.26088,61.71433],[27.24353,61.74421],[27.13793,61.8116],[27.04591,61.78363],[27.0542,61.74513],[27.08604,61.73381],[27.13538,61.70125],[27.22719,61.7077],[27.26088,61.71433]]]}},{"type":"Feature","properties":{"nr":"50300"},"geometry":{"type":"Polygon","coordinates":[[[27.46887,61.77737],[27.49558,61.81189],[27.46201,61.85404],[27.37421,61.84073],[27.37545,61.79457],[27.30611,61.74622],[27.30195,61.74351],[27.33448,61.71951],[27.36213,61.72408],[27.37933,61.74029],[27.39402,61.76981],[27.46887,61.77737]]]}},{"type":"Feature","properties":{"nr":"50350"},"geometry":{"type":"Polygon","coordinates":[[[27.37762,61.67295],[27.39527,61.65788],[27.47886,61.65999],[27.37933,61.74029],[27.36213,61.72408],[27.37762,61.67295]]]}},{"type":"Feature","properties":{"nr":"50500"},"geometry":{"type":"Polygon","coordinates":[[[27.27214,61.64997],[27.27756,61.66573],[27.26337,61.66139],[27.2253,61.64759],[27.27214,61.64997]]]}},{"type":"Feature","properties":{"nr":"50520"},"geometry":{"type":"Polygon","coordinates":[[[27.27214,61.64997],[27.28671,61.66581],[27.27756,61.66573],[27.27214,61.64997]]]}},{"type":"Feature","properties":{"nr":"50770"},"geometry":{"type":"Polygon","coordinates":[[[26.94513,61.69301],[27.06106,61.70644],[27.08604,61.73381],[27.0542,61.74513],[27.04591,61.78363],[26.99533,61.81092],[26.97011,61.78446],[26.88955,61.77715],[26.89027,61.73981],[26.94513,61.69301]]]}},{"type":"Feature","properties":{"nr":"50600"},"geometry":{"type":"Polygon","coordinates":[[[27.2216,61.68533],[27.13538,61.70125],[27.08604,61.73381],[27.06106,61.70644],[27.11695,61.67257],[27.10294,61.6541],[27.1357,61.6017],[27.21055,61.64764],[27.2216,61.68533]]]}},{"type":"Feature","properties":{"nr":"50670"},"geometry":{"type":"Polygon","coordinates":[[[27.06106,61.70644],[26.94513,61.69301],[26.93072,61.68252],[26.98863,61.66617],[26.97865,61.62439],[27.07692,61.58902],[27.06324,61.57057],[27.11466,61.54333],[27.17836,61.55007],[27.1649,61.57978],[27.1357,61.6017],[27.10294,61.6541],[27.11695,61.67257],[27.06106,61.70644]]]}},{"type":"Feature","properties":{"nr":"50700"},"geometry":{"type":"Polygon","coordinates":[[[27.29791,61.66634],[27.28671,61.66581],[27.27214,61.64997],[27.2253,61.64759],[27.21055,61.64764],[27.1357,61.6017],[27.1649,61.57978],[27.21032,61.60319],[27.25979,61.59167],[27.29406,61.59992],[27.29791,61.66634]]]}},{"type":"Feature","properties":{"nr":"51380"},"geometry":{"type":"Polygon","coordinates":[[[26.49897,62.07413],[26.49997,62.1019],[26.48172,62.08088],[26.49897,62.07413]]]}},{"type":"Feature","properties":{"nr":"50800"},"geometry":{"type":"Polygon","coordinates":[[[27.34343,61.67515],[27.29609,61.67561],[27.29791,61.66634],[27.29406,61.59992],[27.30957,61.57315],[27.31216,61.56815],[27.38602,61.58423],[27.39527,61.65788],[27.37762,61.67295],[27.34343,61.67515]]]}},{"type":"Feature","properties":{"nr":"50970"},"geometry":{"type":"Polygon","coordinates":[[[27.2246,61.87195],[27.19701,61.912],[27.12046,61.96146],[27.09319,61.97169],[27.03378,61.93635],[27.0825,61.88955],[27.13612,61.83691],[27.13793,61.8116],[27.24353,61.74421],[27.26088,61.71433],[27.28992,61.70731],[27.30195,61.74351],[27.30611,61.74622],[27.23402,61.79949],[27.24747,61.83984],[27.2246,61.87195]]]}},{"type":"Feature","properties":{"nr":"51130"},"geometry":{"type":"Polygon","coordinates":[[[26.93771,61.89313],[26.86514,61.90176],[26.8331,61.84986],[26.85204,61.79909],[26.88955,61.77715],[26.97011,61.78446],[26.99533,61.81092],[26.93771,61.89313]]]}},{"type":"Feature","properties":{"nr":"51420"},"geometry":{"type":"Polygon","coordinates":[[[26.98501,61.89995],[26.93771,61.89313],[26.99533,61.81092],[27.04591,61.78363],[27.13793,61.8116],[27.13612,61.83691],[27.0825,61.88955],[27.04043,61.87136],[26.98501,61.89995]]]}},{"type":"Feature","properties":{"nr":"51200"},"geometry":{"type":"Polygon","coordinates":[[[26.51914,62.21147],[26.46908,62.20142],[26.51363,62.18762],[26.52231,62.15852],[26.49997,62.1019],[26.49897,62.07413],[26.49015,62.02823],[26.53287,61.98659],[26.52111,61.96944],[26.54089,61.94162],[26.60721,61.94021],[26.53161,61.87044],[26.53043,61.8529],[26.60603,61.85854],[26.65382,61.83266],[26.64383,61.79489],[26.71136,61.82925],[26.8331,61.84986],[26.86514,61.90176],[26.82792,61.92443],[26.78264,61.94174],[26.7676,61.98831],[26.69877,62.06583],[26.6491,62.15434],[26.58044,62.14653],[26.577,62.17382],[26.51914,62.21147]]]}},{"type":"Feature","properties":{"nr":"51260"},"geometry":{"type":"Polygon","coordinates":[[[26.72966,62.2003],[26.71696,62.24217],[26.63245,62.23695],[26.52635,62.22933],[26.51914,62.21147],[26.577,62.17382],[26.58044,62.14653],[26.6491,62.15434],[26.71067,62.1724],[26.72966,62.2003]]]}},{"type":"Feature","properties":{"nr":"51270"},"geometry":{"type":"Polygon","coordinates":[[[26.80575,62.18298],[26.72966,62.2003],[26.71067,62.1724],[26.6491,62.15434],[26.69877,62.06583],[26.80075,62.05944],[26.83884,62.03218],[26.88234,62.05099],[26.86597,62.07857],[26.85553,62.11476],[26.80575,62.18298]]]}},{"type":"Feature","properties":{"nr":"51310"},"geometry":{"type":"Polygon","coordinates":[[[26.52111,61.96944],[26.39603,61.94037],[26.3774,61.88236],[26.41981,61.84444],[26.45632,61.83154],[26.53043,61.8529],[26.53161,61.87044],[26.60721,61.94021],[26.54089,61.94162],[26.52111,61.96944]]]}},{"type":"Feature","properties":{"nr":"51335"},"geometry":{"type":"Polygon","coordinates":[[[26.53287,61.98659],[26.49015,62.02823],[26.4958,62.00636],[26.53287,61.98659]]]}},{"type":"Feature","properties":{"nr":"51340"},"geometry":{"type":"Polygon","coordinates":[[[26.28158,62.09139],[26.32727,62.04549],[26.39132,61.98178],[26.32022,61.93959],[26.34572,61.89539],[26.3774,61.88236],[26.39603,61.94037],[26.52111,61.96944],[26.53287,61.98659],[26.4958,62.00636],[26.49015,62.02823],[26.49897,62.07413],[26.48172,62.08088],[26.37861,62.07906],[26.28158,62.09139]]]}},{"type":"Feature","properties":{"nr":"51360"},"geometry":{"type":"Polygon","coordinates":[[[26.49997,62.1019],[26.52231,62.15852],[26.51363,62.18762],[26.46908,62.20142],[26.4416,62.20422],[26.33202,62.19798],[26.31386,62.19064],[26.28293,62.17649],[26.2845,62.12661],[26.23677,62.10161],[26.28158,62.09139],[26.37861,62.07906],[26.48172,62.08088],[26.49997,62.1019]]]}},{"type":"Feature","properties":{"nr":"51430"},"geometry":{"type":"Polygon","coordinates":[[[26.86514,61.90176],[26.93771,61.89313],[26.98501,61.89995],[26.98094,61.92323],[26.94366,61.95608],[26.82792,61.92443],[26.86514,61.90176]]]}},{"type":"Feature","properties":{"nr":"51440"},"geometry":{"type":"Polygon","coordinates":[[[26.88234,62.05099],[26.83884,62.03218],[26.80075,62.05944],[26.69877,62.06583],[26.7676,61.98831],[26.78264,61.94174],[26.82792,61.92443],[26.94366,61.95608],[26.93122,62.00401],[26.88234,62.05099]]]}},{"type":"Feature","properties":{"nr":"51450"},"geometry":{"type":"Polygon","coordinates":[[[26.98501,61.89995],[27.04043,61.87136],[27.0825,61.88955],[27.03378,61.93635],[26.98094,61.92323],[26.98501,61.89995]]]}},{"type":"Feature","properties":{"nr":"51460"},"geometry":{"type":"Polygon","coordinates":[[[26.98094,61.92323],[27.03378,61.93635],[27.09319,61.97169],[27.04215,62.0079],[27.00192,62.0675],[26.9621,62.08029],[26.86597,62.07857],[26.88234,62.05099],[26.93122,62.00401],[26.94366,61.95608],[26.98094,61.92323]]]}},{"type":"Feature","properties":{"nr":"51520"},"geometry":{"type":"Polygon","coordinates":[[[27.30611,61.74622],[27.37545,61.79457],[27.37421,61.84073],[27.32408,61.8841],[27.25537,61.89302],[27.2246,61.87195],[27.24747,61.83984],[27.23402,61.79949],[27.30611,61.74622]]]}},{"type":"Feature","properties":{"nr":"51540"},"geometry":{"type":"Polygon","coordinates":[[[27.46064,61.92912],[27.37257,62.00219],[27.31598,61.97754],[27.32496,61.9368],[27.28095,61.9373],[27.22371,61.95881],[27.12046,61.96146],[27.19701,61.912],[27.2246,61.87195],[27.25537,61.89302],[27.32408,61.8841],[27.37421,61.84073],[27.46201,61.85404],[27.46484,61.88314],[27.54596,61.87463],[27.53615,61.91163],[27.46064,61.92912]]]}},{"type":"Feature","properties":{"nr":"51600"},"geometry":{"type":"Polygon","coordinates":[[[27.12046,61.96146],[27.22371,61.95881],[27.28095,61.9373],[27.31598,61.97754],[27.37257,62.00219],[27.38302,62.05107],[27.34806,62.06313],[27.28771,62.08876],[27.17391,62.09013],[27.10006,62.13848],[27.05338,62.13256],[27.08315,62.09789],[27.03189,62.0936],[27.00192,62.0675],[27.04215,62.0079],[27.09319,61.97169],[27.12046,61.96146]]]}},{"type":"Feature","properties":{"nr":"51620"},"geometry":{"type":"Polygon","coordinates":[[[27.28095,61.9373],[27.32496,61.9368],[27.31598,61.97754],[27.28095,61.9373]]]}},{"type":"Feature","properties":{"nr":"51670"},"geometry":{"type":"Polygon","coordinates":[[[27.00192,62.0675],[27.03189,62.0936],[27.08315,62.09789],[27.05338,62.13256],[27.10006,62.13848],[27.08021,62.16927],[27.03577,62.17315],[26.98888,62.13923],[26.92135,62.15349],[26.91244,62.10972],[26.85553,62.11476],[26.86597,62.07857],[26.9621,62.08029],[27.00192,62.0675]]]}},{"type":"Feature","properties":{"nr":"51720"},"geometry":{"type":"Polygon","coordinates":[[[27.53576,61.6512],[27.59375,61.68381],[27.55148,61.68045],[27.50288,61.71068],[27.50534,61.73673],[27.46887,61.77737],[27.39402,61.76981],[27.37933,61.74029],[27.47886,61.65999],[27.53576,61.6512]]]}},{"type":"Feature","properties":{"nr":"51740"},"geometry":{"type":"Polygon","coordinates":[[[27.46887,61.77737],[27.50534,61.73673],[27.50288,61.71068],[27.55148,61.68045],[27.59375,61.68381],[27.607,61.72736],[27.49558,61.81189],[27.46887,61.77737]]]}},{"type":"Feature","properties":{"nr":"51760"},"geometry":{"type":"Polygon","coordinates":[[[27.63231,61.70865],[27.69152,61.78093],[27.64442,61.79022],[27.64711,61.83486],[27.59501,61.86603],[27.54596,61.87463],[27.46484,61.88314],[27.46201,61.85404],[27.49558,61.81189],[27.607,61.72736],[27.63231,61.70865]]]}},{"type":"Feature","properties":{"nr":"51780"},"geometry":{"type":"Polygon","coordinates":[[[27.82178,61.72236],[27.74784,61.78273],[27.69152,61.78093],[27.63231,61.70865],[27.77208,61.68244],[27.81646,61.6867],[27.82178,61.72236]]]}},{"type":"Feature","properties":{"nr":"51810"},"geometry":{"type":"Polygon","coordinates":[[[27.69152,61.78093],[27.74784,61.78273],[27.75045,61.8513],[27.64711,61.83486],[27.64442,61.79022],[27.69152,61.78093]]]}},{"type":"Feature","properties":{"nr":"51820"},"geometry":{"type":"Polygon","coordinates":[[[27.82178,61.72236],[27.87057,61.74504],[27.89278,61.79214],[27.86726,61.83901],[27.81452,61.86916],[27.75045,61.8513],[27.74784,61.78273],[27.82178,61.72236]]]}},{"type":"Feature","properties":{"nr":"51850"},"geometry":{"type":"Polygon","coordinates":[[[27.46064,61.92912],[27.52127,61.9522],[27.62369,61.95935],[27.59865,61.98702],[27.54039,62.01909],[27.54849,62.03415],[27.47265,62.03539],[27.38302,62.05107],[27.37257,62.00219],[27.46064,61.92912]]]}},{"type":"Feature","properties":{"nr":"51860"},"geometry":{"type":"Polygon","coordinates":[[[27.59865,61.98702],[27.65967,62.01733],[27.61714,62.04913],[27.54849,62.03415],[27.54039,62.01909],[27.59865,61.98702]]]}},{"type":"Feature","properties":{"nr":"51880"},"geometry":{"type":"Polygon","coordinates":[[[27.94213,61.77593],[27.89278,61.79214],[27.87057,61.74504],[27.82178,61.72236],[27.81646,61.6867],[27.77959,61.65742],[27.85751,61.63667],[27.88336,61.65955],[28.00328,61.68632],[28.00936,61.72904],[27.96303,61.74038],[27.94213,61.77593]]]}},{"type":"Feature","properties":{"nr":"51890"},"geometry":{"type":"Polygon","coordinates":[[[28.09592,61.67162],[28.00328,61.68632],[27.88336,61.65955],[27.85751,61.63667],[27.86701,61.58406],[27.89656,61.54712],[27.94517,61.5531],[27.94218,61.59208],[27.99939,61.62],[28.08081,61.63288],[28.10188,61.651],[28.09592,61.67162]]]}},{"type":"Feature","properties":{"nr":"51900"},"geometry":{"type":"Polygon","coordinates":[[[27.89358,62.01778],[27.82183,61.99434],[27.65967,62.01733],[27.59865,61.98702],[27.62369,61.95935],[27.52127,61.9522],[27.46064,61.92912],[27.53615,61.91163],[27.54596,61.87463],[27.59501,61.86603],[27.64711,61.83486],[27.75045,61.8513],[27.81452,61.86916],[27.86726,61.83901],[27.89278,61.79214],[27.94213,61.77593],[28.02421,61.81523],[28.10199,61.83064],[28.14875,61.86822],[28.08446,61.8911],[27.95065,61.92925],[27.94103,61.95526],[27.98649,61.97498],[27.89358,62.01778]]]}},{"type":"Feature","properties":{"nr":"51930"},"geometry":{"type":"Polygon","coordinates":[[[27.98649,61.97498],[27.94103,61.95526],[27.95065,61.92925],[28.08446,61.8911],[28.13039,61.90685],[28.13811,61.92599],[28.07668,61.94764],[27.98649,61.97498]]]}},{"type":"Feature","properties":{"nr":"51940"},"geometry":{"type":"Polygon","coordinates":[[[28.13039,61.90685],[28.26838,61.94655],[28.178,61.99225],[28.07668,61.94764],[28.13811,61.92599],[28.13039,61.90685]]]}},{"type":"Feature","properties":{"nr":"51980"},"geometry":{"type":"Polygon","coordinates":[[[28.15731,61.70608],[28.11527,61.74257],[28.15936,61.75376],[28.1601,61.78294],[28.0985,61.81289],[28.10199,61.83064],[28.02421,61.81523],[27.94213,61.77593],[27.96303,61.74038],[28.00936,61.72904],[28.00328,61.68632],[28.09592,61.67162],[28.15731,61.70608]]]}},{"type":"Feature","properties":{"nr":"52150"},"geometry":{"type":"Polygon","coordinates":[[[27.84261,61.53277],[27.76698,61.55481],[27.64124,61.53356],[27.67626,61.50004],[27.69503,61.4926],[27.81087,61.49981],[27.84261,61.53277]]]}},{"type":"Feature","properties":{"nr":"86480"},"geometry":{"type":"Polygon","coordinates":[[[25.45165,64.28849],[25.51329,64.33317],[25.45311,64.34386],[25.4264,64.37828],[25.37216,64.35515],[25.32256,64.31391],[25.45165,64.28849]]]}},{"type":"Feature","properties":{"nr":"52100"},"geometry":{"type":"Polygon","coordinates":[[[27.81646,61.6867],[27.77208,61.68244],[27.63231,61.70865],[27.607,61.72736],[27.59375,61.68381],[27.53576,61.6512],[27.552,61.63171],[27.50382,61.59682],[27.51401,61.56199],[27.5338,61.52753],[27.5869,61.50464],[27.67626,61.50004],[27.64124,61.53356],[27.76698,61.55481],[27.84261,61.53277],[27.89656,61.54712],[27.86701,61.58406],[27.85751,61.63667],[27.77959,61.65742],[27.81646,61.6867]]]}},{"type":"Feature","properties":{"nr":"52110"},"geometry":{"type":"Polygon","coordinates":[[[27.47886,61.65999],[27.39527,61.65788],[27.38602,61.58423],[27.44148,61.58827],[27.4644,61.54554],[27.51401,61.56199],[27.50382,61.59682],[27.552,61.63171],[27.53576,61.6512],[27.47886,61.65999]]]}},{"type":"Feature","properties":{"nr":"52610"},"geometry":{"type":"Polygon","coordinates":[[[26.63977,61.76408],[26.57477,61.75775],[26.51923,61.71291],[26.53598,61.68073],[26.61513,61.67785],[26.6472,61.70623],[26.63977,61.76408]]]}},{"type":"Feature","properties":{"nr":"52200"},"geometry":{"type":"Polygon","coordinates":[[[28.25977,61.64657],[28.1457,61.65872],[28.10188,61.651],[28.08081,61.63288],[27.99939,61.62],[27.94218,61.59208],[27.94517,61.5531],[27.9724,61.49259],[27.95292,61.43647],[27.95735,61.35786],[27.98573,61.34793],[28.03366,61.33598],[28.09541,61.35582],[28.26198,61.37617],[28.29698,61.4125],[28.34098,61.41563],[28.42376,61.4574],[28.41931,61.48353],[28.51958,61.51036],[28.52022,61.53452],[28.59433,61.53852],[28.60121,61.59172],[28.53916,61.60287],[28.49373,61.61497],[28.34643,61.60359],[28.27157,61.6164],[28.25977,61.64657]]]}},{"type":"Feature","properties":{"nr":"52230"},"geometry":{"type":"Polygon","coordinates":[[[27.95735,61.35786],[27.95292,61.43647],[27.9724,61.49259],[27.94517,61.5531],[27.89656,61.54712],[27.84261,61.53277],[27.81087,61.49981],[27.69503,61.4926],[27.75382,61.45094],[27.70859,61.43061],[27.66586,61.39662],[27.79581,61.3551],[27.92036,61.34781],[27.95735,61.35786]]]}},{"type":"Feature","properties":{"nr":"52270"},"geometry":{"type":"Polygon","coordinates":[[[28.15731,61.70608],[28.09592,61.67162],[28.10188,61.651],[28.1457,61.65872],[28.25977,61.64657],[28.25216,61.68349],[28.15731,61.70608]]]}},{"type":"Feature","properties":{"nr":"52300"},"geometry":{"type":"Polygon","coordinates":[[[27.54688,61.49865],[27.43185,61.50067],[27.36549,61.51808],[27.31118,61.56681],[27.2613,61.53784],[27.17836,61.55007],[27.11466,61.54333],[27.10673,61.50372],[27.04817,61.47718],[27.07614,61.46687],[27.14858,61.45394],[27.16418,61.40434],[27.17513,61.40157],[27.20502,61.4146],[27.23529,61.47656],[27.31155,61.47693],[27.3887,61.45121],[27.58965,61.43312],[27.66586,61.39662],[27.70859,61.43061],[27.63372,61.42033],[27.61726,61.44643],[27.55598,61.44072],[27.48106,61.46474],[27.50153,61.49375],[27.54688,61.49865]]]}},{"type":"Feature","properties":{"nr":"52320"},"geometry":{"type":"Polygon","coordinates":[[[27.17836,61.55007],[27.2613,61.53784],[27.31118,61.56681],[27.31216,61.56815],[27.30957,61.57315],[27.25979,61.59167],[27.21032,61.60319],[27.1649,61.57978],[27.17836,61.55007]]]}},{"type":"Feature","properties":{"nr":"52330"},"geometry":{"type":"Polygon","coordinates":[[[27.25979,61.59167],[27.30957,61.57315],[27.29406,61.59992],[27.25979,61.59167]]]}},{"type":"Feature","properties":{"nr":"52340"},"geometry":{"type":"Polygon","coordinates":[[[27.51401,61.56199],[27.4644,61.54554],[27.44148,61.58827],[27.38602,61.58423],[27.31216,61.56815],[27.31118,61.56681],[27.36549,61.51808],[27.43185,61.50067],[27.54688,61.49865],[27.5869,61.50464],[27.5338,61.52753],[27.51401,61.56199]]]}},{"type":"Feature","properties":{"nr":"52360"},"geometry":{"type":"Polygon","coordinates":[[[27.5869,61.50464],[27.54688,61.49865],[27.50153,61.49375],[27.48106,61.46474],[27.55598,61.44072],[27.61726,61.44643],[27.63372,61.42033],[27.70859,61.43061],[27.75382,61.45094],[27.69503,61.4926],[27.67626,61.50004],[27.5869,61.50464]]]}},{"type":"Feature","properties":{"nr":"52420"},"geometry":{"type":"Polygon","coordinates":[[[27.66586,61.39662],[27.58965,61.43312],[27.3887,61.45121],[27.31155,61.47693],[27.23529,61.47656],[27.20502,61.4146],[27.17513,61.40157],[27.25094,61.4061],[27.28799,61.39013],[27.45336,61.38342],[27.62623,61.35499],[27.68667,61.33235],[27.70301,61.32464],[27.79581,61.3551],[27.66586,61.39662]]]}},{"type":"Feature","properties":{"nr":"95830"},"geometry":{"type":"Polygon","coordinates":[[[24.33396,67.14773],[24.32786,67.21503],[24.17868,67.25897],[24.09404,67.26485],[24.0453,67.24334],[24.05392,67.22529],[23.9866,67.19614],[24.16895,67.16203],[24.33396,67.14773]]]}},{"type":"Feature","properties":{"nr":"52510"},"geometry":{"type":"Polygon","coordinates":[[[27.04817,61.47718],[27.10673,61.50372],[27.11466,61.54333],[27.06324,61.57057],[27.07692,61.58902],[26.97865,61.62439],[26.88184,61.6244],[26.8407,61.60472],[26.85694,61.55897],[26.82331,61.55141],[26.82808,61.53902],[26.85526,61.51886],[26.94984,61.51394],[26.97696,61.48202],[27.04817,61.47718]]]}},{"type":"Feature","properties":{"nr":"52520"},"geometry":{"type":"Polygon","coordinates":[[[26.88184,61.6244],[26.97865,61.62439],[26.98863,61.66617],[26.93072,61.68252],[26.86351,61.6531],[26.88184,61.6244]]]}},{"type":"Feature","properties":{"nr":"52550"},"geometry":{"type":"Polygon","coordinates":[[[26.88955,61.77715],[26.85204,61.79909],[26.8331,61.84986],[26.71136,61.82925],[26.64383,61.79489],[26.63977,61.76408],[26.6472,61.70623],[26.61513,61.67785],[26.53598,61.68073],[26.50602,61.6238],[26.51896,61.61426],[26.5763,61.56902],[26.60854,61.57032],[26.6234,61.56665],[26.68733,61.58708],[26.72595,61.57006],[26.82331,61.55141],[26.85694,61.55897],[26.8407,61.60472],[26.88184,61.6244],[26.86351,61.6531],[26.93072,61.68252],[26.94513,61.69301],[26.89027,61.73981],[26.88955,61.77715]]]}},{"type":"Feature","properties":{"nr":"52620"},"geometry":{"type":"Polygon","coordinates":[[[26.64383,61.79489],[26.65382,61.83266],[26.60603,61.85854],[26.53043,61.8529],[26.45632,61.83154],[26.41981,61.84444],[26.36767,61.80867],[26.42578,61.79629],[26.51923,61.71291],[26.57477,61.75775],[26.63977,61.76408],[26.64383,61.79489]]]}},{"type":"Feature","properties":{"nr":"52700"},"geometry":{"type":"Polygon","coordinates":[[[26.97696,61.48202],[26.9342,61.46028],[26.88039,61.47074],[26.85526,61.51886],[26.82808,61.53902],[26.81103,61.4698],[26.675,61.46995],[26.68213,61.42696],[26.64369,61.42485],[26.64221,61.40151],[26.72152,61.35272],[26.71918,61.29458],[26.77638,61.31544],[26.88257,61.28453],[26.90275,61.22638],[26.93919,61.21367],[27.01919,61.22043],[27.05398,61.2435],[27.11388,61.23949],[27.12933,61.26836],[27.17492,61.269],[27.1925,61.32705],[27.14134,61.35019],[27.1421,61.38445],[27.11281,61.39981],[27.06113,61.4272],[27.07614,61.46687],[27.04817,61.47718],[26.97696,61.48202]]]}},{"type":"Feature","properties":{"nr":"92610"},"geometry":{"type":"Polygon","coordinates":[[[25.98882,64.29338],[25.98294,64.33228],[26.00801,64.37139],[25.9891,64.4064],[25.84647,64.3775],[25.85845,64.36599],[25.98882,64.29338]]]}},{"type":"Feature","properties":{"nr":"52720"},"geometry":{"type":"Polygon","coordinates":[[[26.64369,61.42485],[26.68213,61.42696],[26.675,61.46995],[26.66449,61.48642],[26.59173,61.48041],[26.55992,61.47266],[26.56381,61.45164],[26.64369,61.42485]]]}},{"type":"Feature","properties":{"nr":"52730"},"geometry":{"type":"Polygon","coordinates":[[[26.51257,61.38188],[26.57969,61.3827],[26.64221,61.40151],[26.64369,61.42485],[26.56381,61.45164],[26.49244,61.43534],[26.50721,61.3855],[26.51257,61.38188]]]}},{"type":"Feature","properties":{"nr":"52740"},"geometry":{"type":"Polygon","coordinates":[[[26.82331,61.55141],[26.72595,61.57006],[26.68733,61.58708],[26.6234,61.56665],[26.65804,61.52357],[26.66449,61.48642],[26.675,61.46995],[26.81103,61.4698],[26.82808,61.53902],[26.82331,61.55141]]]}},{"type":"Feature","properties":{"nr":"52760"},"geometry":{"type":"Polygon","coordinates":[[[26.85526,61.51886],[26.88039,61.47074],[26.9342,61.46028],[26.97696,61.48202],[26.94984,61.51394],[26.85526,61.51886]]]}},{"type":"Feature","properties":{"nr":"52780"},"geometry":{"type":"Polygon","coordinates":[[[27.11281,61.39981],[27.16418,61.40434],[27.14858,61.45394],[27.07614,61.46687],[27.06113,61.4272],[27.11281,61.39981]]]}},{"type":"Feature","properties":{"nr":"52830"},"geometry":{"type":"Polygon","coordinates":[[[27.68667,61.33235],[27.62623,61.35499],[27.45336,61.38342],[27.28799,61.39013],[27.25094,61.4061],[27.17513,61.40157],[27.16418,61.40434],[27.11281,61.39981],[27.1421,61.38445],[27.14134,61.35019],[27.1925,61.32705],[27.2532,61.32603],[27.31586,61.26674],[27.3174,61.22734],[27.37329,61.21024],[27.3641,61.2438],[27.42663,61.24692],[27.43715,61.2679],[27.51126,61.2686],[27.57287,61.24373],[27.63946,61.26261],[27.61189,61.30962],[27.64985,61.33801],[27.68667,61.33235]]]}},{"type":"Feature","properties":{"nr":"52850"},"geometry":{"type":"Polygon","coordinates":[[[27.37329,61.21024],[27.3174,61.22734],[27.31586,61.26674],[27.2532,61.32603],[27.1925,61.32705],[27.17492,61.269],[27.21504,61.24346],[27.20542,61.16578],[27.35714,61.17323],[27.37808,61.20085],[27.37329,61.21024]]]}},{"type":"Feature","properties":{"nr":"52890"},"geometry":{"type":"Polygon","coordinates":[[[27.17492,61.269],[27.12933,61.26836],[27.11388,61.23949],[27.05398,61.2435],[27.01919,61.22043],[26.93919,61.21367],[26.9427,61.17987],[26.94697,61.17787],[27.00466,61.16834],[27.08477,61.1556],[27.20323,61.15753],[27.20542,61.16578],[27.21504,61.24346],[27.17492,61.269]]]}},{"type":"Feature","properties":{"nr":"52920"},"geometry":{"type":"Polygon","coordinates":[[[26.89353,61.17702],[26.9427,61.17987],[26.93919,61.21367],[26.90275,61.22638],[26.88257,61.28453],[26.77638,61.31544],[26.71918,61.29458],[26.66849,61.25598],[26.67653,61.21523],[26.75548,61.23625],[26.83003,61.22072],[26.82228,61.18917],[26.89353,61.17702]]]}},{"type":"Feature","properties":{"nr":"52960"},"geometry":{"type":"Polygon","coordinates":[[[26.66849,61.25598],[26.71918,61.29458],[26.72152,61.35272],[26.64221,61.40151],[26.57969,61.3827],[26.63496,61.32183],[26.61617,61.28287],[26.66849,61.25598]]]}},{"type":"Feature","properties":{"nr":"52970"},"geometry":{"type":"Polygon","coordinates":[[[26.54718,61.2728],[26.61617,61.28287],[26.63496,61.32183],[26.57969,61.3827],[26.51257,61.38188],[26.51036,61.3533],[26.54718,61.2728]]]}},{"type":"Feature","properties":{"nr":"52980"},"geometry":{"type":"Polygon","coordinates":[[[26.43494,61.25664],[26.54718,61.2728],[26.51036,61.3533],[26.51257,61.38188],[26.50721,61.3855],[26.38972,61.37037],[26.3627,61.35732],[26.33866,61.3323],[26.41232,61.32185],[26.43904,61.30428],[26.43494,61.25664]]]}},{"type":"Feature","properties":{"nr":"53100"},"geometry":{"type":"Polygon","coordinates":[[[28.17969,61.04147],[28.22219,61.05518],[28.21849,61.06183],[28.20559,61.0743],[28.16926,61.09039],[28.18666,61.07662],[28.18176,61.06001],[28.17969,61.04147]]]}},{"type":"Feature","properties":{"nr":"53130"},"geometry":{"type":"Polygon","coordinates":[[[28.20559,61.0743],[28.21849,61.06183],[28.21876,61.07564],[28.20559,61.0743]]]}},{"type":"Feature","properties":{"nr":"53200"},"geometry":{"type":"Polygon","coordinates":[[[28.22219,61.05518],[28.25622,61.06339],[28.24109,61.07656],[28.21876,61.07564],[28.21849,61.06183],[28.22219,61.05518]]]}},{"type":"Feature","properties":{"nr":"53300"},"geometry":{"type":"Polygon","coordinates":[[[28.35227,61.04557],[28.31846,61.07286],[28.29003,61.09081],[28.24109,61.07656],[28.25622,61.06339],[28.27454,61.04285],[28.34559,61.01024],[28.35227,61.04557]]]}},{"type":"Feature","properties":{"nr":"53400"},"geometry":{"type":"Polygon","coordinates":[[[28.41329,61.10483],[28.33994,61.13492],[28.28961,61.12757],[28.29003,61.09081],[28.31846,61.07286],[28.36,61.05673],[28.4046,61.03813],[28.43215,61.05196],[28.43284,61.09663],[28.41329,61.10483]]]}},{"type":"Feature","properties":{"nr":"53420"},"geometry":{"type":"Polygon","coordinates":[[[28.35227,61.04557],[28.36,61.05673],[28.31846,61.07286],[28.35227,61.04557]]]}},{"type":"Feature","properties":{"nr":"53500"},"geometry":{"type":"Polygon","coordinates":[[[28.27454,61.04285],[28.25622,61.06339],[28.22219,61.05518],[28.17969,61.04147],[28.18791,61.04142],[28.24881,61.03507],[28.27454,61.04285]]]}},{"type":"Feature","properties":{"nr":"53550"},"geometry":{"type":"Polygon","coordinates":[[[28.24881,61.03507],[28.18791,61.04142],[28.19792,61.02405],[28.24881,61.03507]]]}},{"type":"Feature","properties":{"nr":"53600"},"geometry":{"type":"Polygon","coordinates":[[[28.15916,61.06007],[28.15374,61.06047],[28.11338,61.039],[28.11979,61.03591],[28.1627,61.04107],[28.17969,61.04147],[28.18176,61.06001],[28.15916,61.06007]]]}},{"type":"Feature","properties":{"nr":"53650"},"geometry":{"type":"Polygon","coordinates":[[[28.12243,60.98563],[28.17521,60.99428],[28.19792,61.02405],[28.18791,61.04142],[28.17969,61.04147],[28.1627,61.04107],[28.11323,61.0066],[28.12243,60.98563]]]}},{"type":"Feature","properties":{"nr":"53810"},"geometry":{"type":"Polygon","coordinates":[[[28.12829,61.0688],[28.11338,61.039],[28.15374,61.06047],[28.12829,61.0688]]]}},{"type":"Feature","properties":{"nr":"53830"},"geometry":{"type":"Polygon","coordinates":[[[28.06291,61.02847],[28.03581,61.05867],[28.01913,61.04148],[28.06291,61.02847]]]}},{"type":"Feature","properties":{"nr":"53850"},"geometry":{"type":"Polygon","coordinates":[[[28.11338,61.039],[28.12829,61.0688],[28.11477,61.08522],[28.06898,61.11137],[27.9699,61.14305],[27.92531,61.14302],[27.98671,61.08301],[28.03581,61.05867],[28.06291,61.02847],[28.11979,61.03591],[28.11338,61.039]]]}},{"type":"Feature","properties":{"nr":"95840"},"geometry":{"type":"Polygon","coordinates":[[[24.32786,67.21503],[24.48425,67.26904],[24.3901,67.31051],[24.33908,67.34754],[24.13134,67.32246],[24.04955,67.30008],[24.0453,67.24334],[24.09404,67.26485],[24.17868,67.25897],[24.32786,67.21503]]]}},{"type":"Feature","properties":{"nr":"53900"},"geometry":{"type":"Polygon","coordinates":[[[28.18666,61.07662],[28.15916,61.06007],[28.18176,61.06001],[28.18666,61.07662]]]}},{"type":"Feature","properties":{"nr":"53920"},"geometry":{"type":"Polygon","coordinates":[[[28.16926,61.09039],[28.11477,61.08522],[28.12829,61.0688],[28.15374,61.06047],[28.15916,61.06007],[28.18666,61.07662],[28.16926,61.09039]]]}},{"type":"Feature","properties":{"nr":"53950"},"geometry":{"type":"MultiPolygon","coordinates":[[[[28.16076,61.10834],[28.13103,61.1282],[28.13083,61.12769],[28.16076,61.10834]]],[[[28.16722,61.09259],[28.10938,61.12502],[28.06898,61.11137],[28.11477,61.08522],[28.16926,61.09039],[28.16722,61.09259]]]]}},{"type":"Feature","properties":{"nr":"54190"},"geometry":{"type":"Polygon","coordinates":[[[28.4046,61.03813],[28.44693,61.01677],[28.58881,61.02474],[28.56447,61.04218],[28.48248,61.04051],[28.43215,61.05196],[28.4046,61.03813]]]}},{"type":"Feature","properties":{"nr":"54100"},"geometry":{"type":"Polygon","coordinates":[[[28.7141,61.0446],[28.64191,61.11471],[28.66182,61.14353],[28.61028,61.1663],[28.59684,61.19385],[28.47456,61.23006],[28.4447,61.26593],[28.32848,61.24723],[28.29859,61.23371],[28.29945,61.21717],[28.41415,61.17389],[28.45542,61.1535],[28.47444,61.11534],[28.43284,61.09663],[28.43215,61.05196],[28.48248,61.04051],[28.56447,61.04218],[28.58881,61.02474],[28.67478,61.01009],[28.70594,61.01914],[28.7141,61.0446]]]}},{"type":"Feature","properties":{"nr":"54110"},"geometry":{"type":"Polygon","coordinates":[[[28.43284,61.09663],[28.47444,61.11534],[28.41329,61.10483],[28.43284,61.09663]]]}},{"type":"Feature","properties":{"nr":"54120"},"geometry":{"type":"Polygon","coordinates":[[[28.41329,61.10483],[28.47444,61.11534],[28.45542,61.1535],[28.41415,61.17389],[28.33994,61.13492],[28.41329,61.10483]]]}},{"type":"Feature","properties":{"nr":"54230"},"geometry":{"type":"Polygon","coordinates":[[[28.58881,61.02474],[28.44693,61.01677],[28.4046,61.03813],[28.36,61.05673],[28.35227,61.04557],[28.34559,61.01024],[28.38014,60.99226],[28.42745,60.99243],[28.47021,60.92358],[28.52461,60.95712],[28.6578,60.95115],[28.70594,61.01914],[28.67478,61.01009],[28.58881,61.02474]]]}},{"type":"Feature","properties":{"nr":"54250"},"geometry":{"type":"Polygon","coordinates":[[[28.42571,60.90222],[28.47021,60.92358],[28.42745,60.99243],[28.38014,60.99226],[28.32547,60.94483],[28.42571,60.90222]]]}},{"type":"Feature","properties":{"nr":"54260"},"geometry":{"type":"Polygon","coordinates":[[[28.32547,60.94483],[28.38014,60.99226],[28.34559,61.01024],[28.27454,61.04285],[28.24881,61.03507],[28.19792,61.02405],[28.17521,60.99428],[28.29083,60.94835],[28.32547,60.94483]]]}},{"type":"Feature","properties":{"nr":"54300"},"geometry":{"type":"Polygon","coordinates":[[[28.12243,60.98563],[28.11323,61.0066],[28.1627,61.04107],[28.11979,61.03591],[28.06291,61.02847],[28.01913,61.04148],[27.95006,61.01904],[27.9181,61.03101],[27.9144,60.99286],[27.90777,60.93846],[28.07186,60.92932],[28.1157,60.94333],[28.12243,60.98563]]]}},{"type":"Feature","properties":{"nr":"54310"},"geometry":{"type":"Polygon","coordinates":[[[28.1157,60.94333],[28.2134,60.92008],[28.27795,60.92224],[28.29083,60.94835],[28.17521,60.99428],[28.12243,60.98563],[28.1157,60.94333]]]}},{"type":"Feature","properties":{"nr":"54330"},"geometry":{"type":"Polygon","coordinates":[[[28.07793,60.88458],[28.14329,60.86585],[28.22121,60.86632],[28.27795,60.92224],[28.2134,60.92008],[28.1157,60.94333],[28.07186,60.92932],[28.07793,60.88458]]]}},{"type":"Feature","properties":{"nr":"54270"},"geometry":{"type":"Polygon","coordinates":[[[28.25017,60.80559],[28.42571,60.90222],[28.32547,60.94483],[28.29083,60.94835],[28.27795,60.92224],[28.22121,60.86632],[28.25017,60.80559]]]}},{"type":"Feature","properties":{"nr":"54390"},"geometry":{"type":"Polygon","coordinates":[[[27.89126,60.8907],[28.01506,60.8816],[28.07793,60.88458],[28.07186,60.92932],[27.90777,60.93846],[27.89126,60.8907]]]}},{"type":"Feature","properties":{"nr":"54410"},"geometry":{"type":"Polygon","coordinates":[[[27.96278,60.75873],[28.05726,60.73749],[28.08494,60.71849],[28.13547,60.74087],[28.17428,60.77862],[28.25017,60.80559],[28.22121,60.86632],[28.14329,60.86585],[28.07793,60.88458],[28.01506,60.8816],[27.89126,60.8907],[27.88702,60.87581],[27.90972,60.86066],[27.829,60.81978],[27.8505,60.80838],[27.89414,60.81247],[27.96773,60.7795],[27.96278,60.75873]]]}},{"type":"Feature","properties":{"nr":"54430"},"geometry":{"type":"Polygon","coordinates":[[[27.97823,60.66187],[28.08494,60.71849],[28.05726,60.73749],[27.96278,60.75873],[27.87105,60.73325],[27.88033,60.71003],[27.95309,60.68792],[27.97823,60.66187]]]}},{"type":"Feature","properties":{"nr":"54460"},"geometry":{"type":"Polygon","coordinates":[[[27.87105,60.73325],[27.96278,60.75873],[27.96773,60.7795],[27.89414,60.81247],[27.8505,60.80838],[27.80479,60.75621],[27.87105,60.73325]]]}},{"type":"Feature","properties":{"nr":"54490"},"geometry":{"type":"Polygon","coordinates":[[[27.6476,60.72295],[27.69701,60.73277],[27.70613,60.7548],[27.80479,60.75621],[27.8505,60.80838],[27.829,60.81978],[27.76968,60.83379],[27.75136,60.813],[27.63358,60.8209],[27.58729,60.81601],[27.5517,60.78789],[27.55568,60.76005],[27.6476,60.72295]]]}},{"type":"Feature","properties":{"nr":"54500"},"geometry":{"type":"Polygon","coordinates":[[[27.41543,61.05638],[27.36553,61.07687],[27.2604,61.09481],[27.22442,61.09091],[27.21394,61.07407],[27.27063,61.02475],[27.31874,61.00262],[27.35664,61.02442],[27.39911,61.01277],[27.40955,60.96082],[27.47182,60.92373],[27.42576,60.89607],[27.37055,60.88648],[27.42215,60.83958],[27.50323,60.7903],[27.5517,60.78789],[27.58729,60.81601],[27.63358,60.8209],[27.64569,60.88969],[27.62116,60.90972],[27.61406,60.96341],[27.60997,61.0129],[27.51041,61.02918],[27.43477,61.02496],[27.41543,61.05638]]]}},{"type":"Feature","properties":{"nr":"54510"},"geometry":{"type":"Polygon","coordinates":[[[27.63358,60.8209],[27.75136,60.813],[27.76968,60.83379],[27.74566,60.85809],[27.7748,60.89606],[27.71494,60.92404],[27.72352,60.96082],[27.66615,60.97419],[27.61406,60.96341],[27.62116,60.90972],[27.64569,60.88969],[27.63358,60.8209]]]}},{"type":"Feature","properties":{"nr":"92830"},"geometry":{"type":"Polygon","coordinates":[[[26.68898,64.31424],[26.7259,64.3511],[26.66382,64.42277],[26.66385,64.46849],[26.52099,64.48933],[26.34722,64.4564],[26.42242,64.4375],[26.4564,64.34854],[26.52707,64.32679],[26.68898,64.31424]]]}},{"type":"Feature","properties":{"nr":"54530"},"geometry":{"type":"Polygon","coordinates":[[[27.9144,60.99286],[27.80652,61.00089],[27.7715,60.98593],[27.68484,61.01443],[27.63359,61.01406],[27.60997,61.0129],[27.61406,60.96341],[27.66615,60.97419],[27.72352,60.96082],[27.71494,60.92404],[27.7748,60.89606],[27.88702,60.87581],[27.89126,60.8907],[27.90777,60.93846],[27.9144,60.99286]]]}},{"type":"Feature","properties":{"nr":"54550"},"geometry":{"type":"Polygon","coordinates":[[[27.829,60.81978],[27.90972,60.86066],[27.88702,60.87581],[27.7748,60.89606],[27.74566,60.85809],[27.76968,60.83379],[27.829,60.81978]]]}},{"type":"Feature","properties":{"nr":"54580"},"geometry":{"type":"Polygon","coordinates":[[[27.42576,60.89607],[27.47182,60.92373],[27.40955,60.96082],[27.36853,60.93886],[27.42576,60.89607]]]}},{"type":"Feature","properties":{"nr":"54590"},"geometry":{"type":"Polygon","coordinates":[[[27.37055,60.88648],[27.42576,60.89607],[27.36853,60.93886],[27.40955,60.96082],[27.39911,61.01277],[27.35664,61.02442],[27.31874,61.00262],[27.27933,60.98467],[27.29059,60.94395],[27.26166,60.91905],[27.31056,60.88874],[27.37055,60.88648]]]}},{"type":"Feature","properties":{"nr":"54710"},"geometry":{"type":"Polygon","coordinates":[[[27.88119,61.10708],[27.81837,61.10712],[27.73761,61.14683],[27.69391,61.12314],[27.7392,61.07927],[27.66438,61.06185],[27.63359,61.01406],[27.68484,61.01443],[27.7715,60.98593],[27.80652,61.00089],[27.9144,60.99286],[27.9181,61.03101],[27.92183,61.07126],[27.88119,61.10708]]]}},{"type":"Feature","properties":{"nr":"54720"},"geometry":{"type":"Polygon","coordinates":[[[27.66438,61.06185],[27.7392,61.07927],[27.69391,61.12314],[27.62807,61.1001],[27.66438,61.06185]]]}},{"type":"Feature","properties":{"nr":"54750"},"geometry":{"type":"Polygon","coordinates":[[[27.41543,61.05638],[27.43477,61.02496],[27.51041,61.02918],[27.60997,61.0129],[27.63359,61.01406],[27.66438,61.06185],[27.62807,61.1001],[27.58604,61.12114],[27.51868,61.07327],[27.41543,61.05638]]]}},{"type":"Feature","properties":{"nr":"56410"},"geometry":{"type":"Polygon","coordinates":[[[28.99475,61.31236],[29.05561,61.32472],[29.06142,61.37092],[28.96769,61.40288],[28.90268,61.37511],[28.90912,61.33715],[28.97666,61.31629],[28.99475,61.31236]]]}},{"type":"Feature","properties":{"nr":"54770"},"geometry":{"type":"Polygon","coordinates":[[[27.58604,61.12114],[27.58067,61.16022],[27.51802,61.15691],[27.49025,61.17864],[27.43875,61.17781],[27.37808,61.20085],[27.35714,61.17323],[27.20542,61.16578],[27.20323,61.15753],[27.17891,61.10494],[27.22442,61.09091],[27.2604,61.09481],[27.36553,61.07687],[27.41543,61.05638],[27.51868,61.07327],[27.58604,61.12114]]]}},{"type":"Feature","properties":{"nr":"54800"},"geometry":{"type":"Polygon","coordinates":[[[27.68667,61.33235],[27.64985,61.33801],[27.61189,61.30962],[27.63946,61.26261],[27.57287,61.24373],[27.51126,61.2686],[27.43715,61.2679],[27.42663,61.24692],[27.3641,61.2438],[27.37329,61.21024],[27.37808,61.20085],[27.43875,61.17781],[27.49025,61.17864],[27.51802,61.15691],[27.58067,61.16022],[27.58604,61.12114],[27.62807,61.1001],[27.69391,61.12314],[27.73761,61.14683],[27.80603,61.18405],[27.81724,61.20642],[27.81269,61.23099],[27.75467,61.26478],[27.70019,61.29236],[27.70301,61.32464],[27.68667,61.33235]]]}},{"type":"Feature","properties":{"nr":"54820"},"geometry":{"type":"Polygon","coordinates":[[[27.90304,61.1394],[27.81677,61.17587],[27.80603,61.18405],[27.73761,61.14683],[27.81837,61.10712],[27.88119,61.10708],[27.90304,61.1394]]]}},{"type":"Feature","properties":{"nr":"54850"},"geometry":{"type":"Polygon","coordinates":[[[28.01913,61.04148],[28.03581,61.05867],[27.98671,61.08301],[27.92531,61.14302],[27.90304,61.1394],[27.88119,61.10708],[27.92183,61.07126],[27.9181,61.03101],[27.95006,61.01904],[28.01913,61.04148]]]}},{"type":"Feature","properties":{"nr":"54915"},"geometry":{"type":"Polygon","coordinates":[[[28.12679,61.13994],[28.13083,61.12769],[28.13103,61.1282],[28.12679,61.13994]]]}},{"type":"Feature","properties":{"nr":"54920"},"geometry":{"type":"Polygon","coordinates":[[[28.29859,61.23371],[28.14861,61.27203],[28.09398,61.29258],[28.03366,61.33598],[27.98573,61.34793],[27.95229,61.3256],[27.98117,61.25569],[28.05267,61.20689],[27.97759,61.18392],[27.9061,61.19055],[27.87399,61.16747],[27.81677,61.17587],[27.90304,61.1394],[27.92531,61.14302],[27.9699,61.14305],[28.06898,61.11137],[28.10938,61.12502],[28.16722,61.09259],[28.16076,61.10834],[28.13083,61.12769],[28.12679,61.13994],[28.11627,61.16541],[28.17757,61.21726],[28.29945,61.21717],[28.29859,61.23371]]]}},{"type":"Feature","properties":{"nr":"54930"},"geometry":{"type":"Polygon","coordinates":[[[27.81677,61.17587],[27.87399,61.16747],[27.9061,61.19055],[27.97759,61.18392],[28.05267,61.20689],[27.98117,61.25569],[27.87513,61.22923],[27.81724,61.20642],[27.80603,61.18405],[27.81677,61.17587]]]}},{"type":"Feature","properties":{"nr":"54940"},"geometry":{"type":"Polygon","coordinates":[[[27.81724,61.20642],[27.87513,61.22923],[27.98117,61.25569],[27.95229,61.3256],[27.98573,61.34793],[27.95735,61.35786],[27.92036,61.34781],[27.83591,61.30147],[27.84068,61.28516],[27.75467,61.26478],[27.81269,61.23099],[27.81724,61.20642]]]}},{"type":"Feature","properties":{"nr":"54950"},"geometry":{"type":"Polygon","coordinates":[[[27.75467,61.26478],[27.84068,61.28516],[27.83591,61.30147],[27.92036,61.34781],[27.79581,61.3551],[27.70301,61.32464],[27.70019,61.29236],[27.75467,61.26478]]]}},{"type":"Feature","properties":{"nr":"54960"},"geometry":{"type":"Polygon","coordinates":[[[28.29945,61.21717],[28.17757,61.21726],[28.11627,61.16541],[28.12679,61.13994],[28.13103,61.1282],[28.16076,61.10834],[28.16722,61.09259],[28.16926,61.09039],[28.20559,61.0743],[28.21876,61.07564],[28.24109,61.07656],[28.29003,61.09081],[28.28961,61.12757],[28.33994,61.13492],[28.41415,61.17389],[28.29945,61.21717]]]}},{"type":"Feature","properties":{"nr":"55100"},"geometry":{"type":"Polygon","coordinates":[[[28.86094,61.18892],[28.81221,61.20102],[28.80136,61.19876],[28.73912,61.18386],[28.73068,61.18223],[28.70549,61.14237],[28.66182,61.14353],[28.64191,61.11471],[28.7141,61.0446],[28.80801,61.09653],[28.82208,61.12236],[28.79431,61.1714],[28.89092,61.16492],[28.86094,61.18892]]]}},{"type":"Feature","properties":{"nr":"55120"},"geometry":{"type":"Polygon","coordinates":[[[28.73912,61.18386],[28.80136,61.19876],[28.7827,61.20347],[28.7659,61.2059],[28.73912,61.18386]]]}},{"type":"Feature","properties":{"nr":"65480"},"geometry":{"type":"Polygon","coordinates":[[[21.76485,62.99809],[21.77192,63.02479],[21.72707,63.04023],[21.68982,63.04162],[21.76485,62.99809]]]}},{"type":"Feature","properties":{"nr":"55300"},"geometry":{"type":"Polygon","coordinates":[[[28.67345,61.18909],[28.62527,61.19876],[28.59684,61.19385],[28.61028,61.1663],[28.66182,61.14353],[28.70549,61.14237],[28.73068,61.18223],[28.71347,61.19062],[28.67345,61.18909]]]}},{"type":"Feature","properties":{"nr":"55320"},"geometry":{"type":"Polygon","coordinates":[[[28.67345,61.18909],[28.71347,61.19062],[28.68287,61.21027],[28.67345,61.18909]]]}},{"type":"Feature","properties":{"nr":"55330"},"geometry":{"type":"Polygon","coordinates":[[[28.62527,61.19876],[28.67345,61.18909],[28.68287,61.21027],[28.67997,61.21243],[28.62527,61.19876]]]}},{"type":"Feature","properties":{"nr":"55400"},"geometry":{"type":"Polygon","coordinates":[[[28.79831,61.20938],[28.78641,61.24144],[28.76224,61.23834],[28.7659,61.2059],[28.7827,61.20347],[28.79831,61.20938]]]}},{"type":"Feature","properties":{"nr":"55420"},"geometry":{"type":"Polygon","coordinates":[[[28.7659,61.2059],[28.76224,61.23834],[28.71783,61.24345],[28.67997,61.21243],[28.68287,61.21027],[28.71347,61.19062],[28.73068,61.18223],[28.73912,61.18386],[28.7659,61.2059]]]}},{"type":"Feature","properties":{"nr":"55510"},"geometry":{"type":"Polygon","coordinates":[[[28.7827,61.20347],[28.80136,61.19876],[28.81221,61.20102],[28.80549,61.2082],[28.79831,61.20938],[28.7827,61.20347]]]}},{"type":"Feature","properties":{"nr":"55610"},"geometry":{"type":"Polygon","coordinates":[[[28.89092,61.16492],[28.79431,61.1714],[28.82208,61.12236],[28.94816,61.15001],[28.89092,61.16492]]]}},{"type":"Feature","properties":{"nr":"57600"},"geometry":{"type":"Polygon","coordinates":[[[28.84119,61.86924],[28.81015,61.87374],[28.8068,61.87323],[28.85575,61.86108],[28.8452,61.86819],[28.84119,61.86924]]]}},{"type":"Feature","properties":{"nr":"55700"},"geometry":{"type":"Polygon","coordinates":[[[28.86094,61.18892],[28.80549,61.2082],[28.81221,61.20102],[28.86094,61.18892]]]}},{"type":"Feature","properties":{"nr":"55800"},"geometry":{"type":"Polygon","coordinates":[[[29.03237,61.19259],[29.00651,61.21688],[29.04381,61.24707],[29.06469,61.26699],[29.01376,61.29425],[28.97238,61.24482],[28.94478,61.22149],[28.87355,61.22297],[28.91283,61.26009],[28.87566,61.2805],[28.8328,61.27476],[28.84186,61.24843],[28.78641,61.24144],[28.79831,61.20938],[28.80549,61.2082],[28.86094,61.18892],[28.89092,61.16492],[28.94816,61.15001],[29.03237,61.19259]]]}},{"type":"Feature","properties":{"nr":"74770"},"geometry":{"type":"Polygon","coordinates":[[[26.39852,63.55868],[26.42982,63.56998],[26.41789,63.62436],[26.30145,63.60678],[26.30047,63.60557],[26.39852,63.55868]]]}},{"type":"Feature","properties":{"nr":"55910"},"geometry":{"type":"Polygon","coordinates":[[[28.91283,61.26009],[28.87355,61.22297],[28.94478,61.22149],[28.97238,61.24482],[28.91283,61.26009]]]}},{"type":"Feature","properties":{"nr":"56100"},"geometry":{"type":"Polygon","coordinates":[[[28.8328,61.27476],[28.87566,61.2805],[28.91832,61.28643],[28.97666,61.31629],[28.90912,61.33715],[28.85568,61.34423],[28.76622,61.31114],[28.8328,61.27476]]]}},{"type":"Feature","properties":{"nr":"56120"},"geometry":{"type":"Polygon","coordinates":[[[28.76224,61.23834],[28.78641,61.24144],[28.84186,61.24843],[28.8328,61.27476],[28.76622,61.31114],[28.70905,61.32666],[28.71783,61.24345],[28.76224,61.23834]]]}},{"type":"Feature","properties":{"nr":"56140"},"geometry":{"type":"Polygon","coordinates":[[[28.59684,61.19385],[28.62527,61.19876],[28.67997,61.21243],[28.71783,61.24345],[28.70905,61.32666],[28.68405,61.34703],[28.59261,61.35905],[28.49186,61.34568],[28.41229,61.2989],[28.4447,61.26593],[28.47456,61.23006],[28.59684,61.19385]]]}},{"type":"Feature","properties":{"nr":"56210"},"geometry":{"type":"Polygon","coordinates":[[[28.96769,61.40288],[28.86643,61.45042],[28.87625,61.47997],[28.8194,61.51179],[28.78536,61.50931],[28.67819,61.50469],[28.71655,61.47276],[28.73731,61.42902],[28.68405,61.34703],[28.70905,61.32666],[28.76622,61.31114],[28.85568,61.34423],[28.90912,61.33715],[28.90268,61.37511],[28.96769,61.40288]]]}},{"type":"Feature","properties":{"nr":"56310"},"geometry":{"type":"Polygon","coordinates":[[[28.37631,61.323],[28.41321,61.37076],[28.49236,61.36437],[28.49186,61.34568],[28.59261,61.35905],[28.68405,61.34703],[28.73731,61.42902],[28.71655,61.47276],[28.67819,61.50469],[28.61688,61.50532],[28.59433,61.53852],[28.52022,61.53452],[28.51958,61.51036],[28.41931,61.48353],[28.42376,61.4574],[28.34098,61.41563],[28.29698,61.4125],[28.26198,61.37617],[28.30273,61.3409],[28.37631,61.323]]]}},{"type":"Feature","properties":{"nr":"56330"},"geometry":{"type":"Polygon","coordinates":[[[28.41229,61.2989],[28.49186,61.34568],[28.49236,61.36437],[28.41321,61.37076],[28.37631,61.323],[28.41229,61.2989]]]}},{"type":"Feature","properties":{"nr":"56350"},"geometry":{"type":"Polygon","coordinates":[[[28.29859,61.23371],[28.32848,61.24723],[28.4447,61.26593],[28.41229,61.2989],[28.37631,61.323],[28.30273,61.3409],[28.26198,61.37617],[28.09541,61.35582],[28.03366,61.33598],[28.09398,61.29258],[28.14861,61.27203],[28.29859,61.23371]]]}},{"type":"Feature","properties":{"nr":"56440"},"geometry":{"type":"Polygon","coordinates":[[[29.05746,61.54258],[28.96692,61.53627],[28.9576,61.55628],[28.89001,61.57119],[28.80763,61.5367],[28.78536,61.50931],[28.8194,61.51179],[28.87625,61.47997],[28.86643,61.45042],[28.96769,61.40288],[29.06142,61.37092],[29.12926,61.40155],[29.13131,61.43437],[29.07819,61.46971],[29.15418,61.48484],[29.10166,61.5245],[29.05746,61.54258]]]}},{"type":"Feature","properties":{"nr":"56510"},"geometry":{"type":"Polygon","coordinates":[[[28.97238,61.24482],[29.01376,61.29425],[28.99475,61.31236],[28.97666,61.31629],[28.91832,61.28643],[28.87566,61.2805],[28.91283,61.26009],[28.97238,61.24482]]]}},{"type":"Feature","properties":{"nr":"56550"},"geometry":{"type":"Polygon","coordinates":[[[29.03237,61.19259],[29.16227,61.23686],[29.12456,61.24852],[29.04381,61.24707],[29.00651,61.21688],[29.03237,61.19259]]]}},{"type":"Feature","properties":{"nr":"57170"},"geometry":{"type":"Polygon","coordinates":[[[28.8452,61.86819],[28.84624,61.86849],[28.85148,61.87231],[28.85637,61.87043],[28.86405,61.89403],[28.86081,61.89453],[28.84549,61.88177],[28.84119,61.86924],[28.8452,61.86819]]]}},{"type":"Feature","properties":{"nr":"56610"},"geometry":{"type":"Polygon","coordinates":[[[29.12926,61.40155],[29.06142,61.37092],[29.05561,61.32472],[28.99475,61.31236],[29.01376,61.29425],[29.06469,61.26699],[29.14763,61.28023],[29.17338,61.32113],[29.20509,61.32269],[29.12926,61.40155]]]}},{"type":"Feature","properties":{"nr":"56710"},"geometry":{"type":"Polygon","coordinates":[[[29.21704,61.26209],[29.26468,61.29109],[29.29024,61.31486],[29.20509,61.32269],[29.17338,61.32113],[29.14763,61.28023],[29.21704,61.26209]]]}},{"type":"Feature","properties":{"nr":"56640"},"geometry":{"type":"Polygon","coordinates":[[[29.04381,61.24707],[29.12456,61.24852],[29.16227,61.23686],[29.21704,61.26209],[29.14763,61.28023],[29.06469,61.26699],[29.04381,61.24707]]]}},{"type":"Feature","properties":{"nr":"56800"},"geometry":{"type":"Polygon","coordinates":[[[29.37327,61.50537],[29.26906,61.52075],[29.24698,61.54689],[29.18343,61.56048],[29.10166,61.5245],[29.15418,61.48484],[29.2115,61.49107],[29.22214,61.44187],[29.25427,61.40123],[29.37127,61.37897],[29.45524,61.43141],[29.38433,61.4559],[29.39132,61.48196],[29.37327,61.50537]]]}},{"type":"Feature","properties":{"nr":"57100"},"geometry":{"type":"Polygon","coordinates":[[[28.89064,61.85669],[28.89155,61.87874],[28.89496,61.88212],[28.90866,61.88666],[28.86405,61.89403],[28.85637,61.87043],[28.84624,61.86849],[28.8452,61.86819],[28.85575,61.86108],[28.91215,61.809],[28.93579,61.84076],[28.92316,61.85073],[28.89064,61.85669]]]}},{"type":"Feature","properties":{"nr":"57120"},"geometry":{"type":"Polygon","coordinates":[[[28.84624,61.86849],[28.85637,61.87043],[28.85148,61.87231],[28.84624,61.86849]]]}},{"type":"Feature","properties":{"nr":"57130"},"geometry":{"type":"Polygon","coordinates":[[[28.89064,61.85669],[28.90954,61.87187],[28.89155,61.87874],[28.89064,61.85669]]]}},{"type":"Feature","properties":{"nr":"57200"},"geometry":{"type":"Polygon","coordinates":[[[28.89064,61.85669],[28.92316,61.85073],[28.94017,61.86753],[28.89496,61.88212],[28.89155,61.87874],[28.90954,61.87187],[28.89064,61.85669]]]}},{"type":"Feature","properties":{"nr":"57210"},"geometry":{"type":"Polygon","coordinates":[[[28.95972,61.88573],[28.90866,61.88666],[28.89496,61.88212],[28.94017,61.86753],[28.96219,61.87055],[28.95972,61.88573]]]}},{"type":"Feature","properties":{"nr":"57220"},"geometry":{"type":"Polygon","coordinates":[[[29.00704,61.8648],[28.96219,61.87055],[28.94017,61.86753],[28.92316,61.85073],[28.93579,61.84076],[29.00704,61.8648]]]}},{"type":"Feature","properties":{"nr":"57230"},"geometry":{"type":"Polygon","coordinates":[[[29.04254,61.86138],[29.00704,61.8648],[28.93579,61.84076],[28.91215,61.809],[28.90688,61.76649],[28.95829,61.74085],[28.90906,61.71682],[28.9897,61.69173],[29.08477,61.64927],[29.14749,61.64246],[29.21372,61.66357],[29.24543,61.68162],[29.25424,61.71801],[29.28674,61.72789],[29.23331,61.77711],[29.15264,61.78347],[29.1217,61.81224],[29.07025,61.81614],[29.04254,61.86138]]]}},{"type":"Feature","properties":{"nr":"57310"},"geometry":{"type":"Polygon","coordinates":[[[28.77973,62.03846],[28.77252,62.10955],[28.70475,62.12537],[28.6957,62.08583],[28.58403,62.08421],[28.56743,62.06511],[28.63282,62.01642],[28.74194,61.96666],[28.73601,61.92796],[28.76216,61.91301],[28.86081,61.89453],[28.86405,61.89403],[28.90866,61.88666],[28.95972,61.88573],[29.04576,61.91081],[28.95073,61.95477],[28.88375,61.96757],[28.81594,61.99789],[28.87219,62.01849],[28.77973,62.03846]]]}},{"type":"Feature","properties":{"nr":"57510"},"geometry":{"type":"Polygon","coordinates":[[[28.81015,61.87374],[28.84119,61.86924],[28.84549,61.88177],[28.81015,61.87374]]]}},{"type":"Feature","properties":{"nr":"86870"},"geometry":{"type":"Polygon","coordinates":[[[25.78457,63.82546],[25.87617,63.78804],[25.90944,63.73103],[25.94067,63.72747],[26.04203,63.77114],[26.103,63.83784],[26.0405,63.85654],[25.9094,63.86414],[25.82895,63.85981],[25.81499,63.8574],[25.78457,63.82546]]]}},{"type":"Feature","properties":{"nr":"57710"},"geometry":{"type":"Polygon","coordinates":[[[28.8068,61.87323],[28.81015,61.87374],[28.84549,61.88177],[28.86081,61.89453],[28.76216,61.91301],[28.75071,61.89971],[28.8068,61.87323]]]}},{"type":"Feature","properties":{"nr":"57810"},"geometry":{"type":"Polygon","coordinates":[[[28.8068,61.87323],[28.75071,61.89971],[28.70875,61.90085],[28.6263,61.85211],[28.66864,61.76421],[28.68189,61.74859],[28.80466,61.74446],[28.77674,61.70677],[28.8269,61.69914],[28.89588,61.70762],[28.90906,61.71682],[28.95829,61.74085],[28.90688,61.76649],[28.91215,61.809],[28.85575,61.86108],[28.8068,61.87323]]]}},{"type":"Feature","properties":{"nr":"58130"},"geometry":{"type":"Polygon","coordinates":[[[28.44975,62.10998],[28.50869,62.06345],[28.56743,62.06511],[28.58403,62.08421],[28.6957,62.08583],[28.70475,62.12537],[28.63719,62.14243],[28.60526,62.13691],[28.52201,62.14247],[28.52282,62.1104],[28.44975,62.10998]]]}},{"type":"Feature","properties":{"nr":"58140"},"geometry":{"type":"Polygon","coordinates":[[[28.44975,62.10998],[28.52282,62.1104],[28.52201,62.14247],[28.60526,62.13691],[28.59807,62.1598],[28.53854,62.19203],[28.4254,62.21075],[28.40235,62.20526],[28.38537,62.16418],[28.44975,62.10998]]]}},{"type":"Feature","properties":{"nr":"58150"},"geometry":{"type":"Polygon","coordinates":[[[28.95073,61.95477],[29.02801,61.97481],[29.00344,62.00825],[28.91567,62.01887],[28.87219,62.01849],[28.81594,61.99789],[28.88375,61.96757],[28.95073,61.95477]]]}},{"type":"Feature","properties":{"nr":"58160"},"geometry":{"type":"Polygon","coordinates":[[[28.94259,62.04802],[28.88594,62.04992],[28.84682,62.076],[28.77973,62.03846],[28.87219,62.01849],[28.91567,62.01887],[28.94259,62.04802]]]}},{"type":"Feature","properties":{"nr":"58170"},"geometry":{"type":"Polygon","coordinates":[[[29.0961,62.05378],[29.03101,62.0698],[28.94259,62.04802],[28.91567,62.01887],[29.00344,62.00825],[29.02801,61.97481],[29.10243,61.96746],[29.11313,62.0095],[29.0961,62.05378]]]}},{"type":"Feature","properties":{"nr":"58175"},"geometry":{"type":"Polygon","coordinates":[[[29.0072,62.14894],[28.97183,62.15321],[28.81027,62.10692],[28.77252,62.10955],[28.77973,62.03846],[28.84682,62.076],[28.88594,62.04992],[28.94259,62.04802],[29.03101,62.0698],[29.0961,62.05378],[29.12538,62.10012],[29.08924,62.12398],[29.0072,62.14894]]]}},{"type":"Feature","properties":{"nr":"58180"},"geometry":{"type":"Polygon","coordinates":[[[29.0072,62.14894],[28.96754,62.18782],[28.88121,62.23282],[28.821,62.25512],[28.75735,62.2091],[28.73002,62.22532],[28.65166,62.23475],[28.63719,62.14243],[28.70475,62.12537],[28.77252,62.10955],[28.81027,62.10692],[28.97183,62.15321],[29.0072,62.14894]]]}},{"type":"Feature","properties":{"nr":"58200"},"geometry":{"type":"Polygon","coordinates":[[[29.32344,62.09826],[29.23646,62.08793],[29.18585,62.11122],[29.12538,62.10012],[29.0961,62.05378],[29.11313,62.0095],[29.10243,61.96746],[29.14602,61.93723],[29.1397,61.90317],[29.14062,61.88047],[29.14779,61.87888],[29.29027,61.8516],[29.35243,61.81987],[29.38396,61.81303],[29.40981,61.81991],[29.49001,61.87624],[29.53324,61.88775],[29.54382,61.92107],[29.40061,61.94503],[29.30485,62.0009],[29.29377,62.03957],[29.34045,62.04103],[29.32344,62.09826]]]}},{"type":"Feature","properties":{"nr":"58220"},"geometry":{"type":"Polygon","coordinates":[[[29.10243,61.96746],[29.02801,61.97481],[28.95073,61.95477],[29.04576,61.91081],[29.1397,61.90317],[29.14602,61.93723],[29.10243,61.96746]]]}},{"type":"Feature","properties":{"nr":"58260"},"geometry":{"type":"Polygon","coordinates":[[[29.34045,62.04103],[29.29377,62.03957],[29.30485,62.0009],[29.40061,61.94503],[29.54382,61.92107],[29.58494,61.92351],[29.60615,61.94867],[29.4255,62.01739],[29.34045,62.04103]]]}},{"type":"Feature","properties":{"nr":"58300"},"geometry":{"type":"Polygon","coordinates":[[[29.00823,62.26383],[28.9683,62.27637],[28.88121,62.23282],[28.96754,62.18782],[29.0072,62.14894],[29.08924,62.12398],[29.12538,62.10012],[29.18585,62.11122],[29.23646,62.08793],[29.32344,62.09826],[29.37071,62.1114],[29.41317,62.14904],[29.40051,62.19651],[29.43804,62.23652],[29.37754,62.25851],[29.29434,62.24638],[29.27045,62.23092],[29.10035,62.24357],[29.00823,62.26383]]]}},{"type":"Feature","properties":{"nr":"58320"},"geometry":{"type":"Polygon","coordinates":[[[29.65453,61.98722],[29.50605,62.03076],[29.46228,62.0785],[29.42896,62.14326],[29.41317,62.14904],[29.37071,62.1114],[29.32344,62.09826],[29.34045,62.04103],[29.4255,62.01739],[29.60615,61.94867],[29.67407,61.94435],[29.65453,61.98722]]]}},{"type":"Feature","properties":{"nr":"58350"},"geometry":{"type":"Polygon","coordinates":[[[29.59653,62.11522],[29.52117,62.11794],[29.42896,62.14326],[29.46228,62.0785],[29.50605,62.03076],[29.65453,61.98722],[29.67599,62.01995],[29.75354,62.01834],[29.73124,62.04782],[29.6353,62.06285],[29.60811,62.11126],[29.59653,62.11522]]]}},{"type":"Feature","properties":{"nr":"58360"},"geometry":{"type":"Polygon","coordinates":[[[29.312,62.31819],[29.23159,62.29661],[29.18171,62.30062],[29.14696,62.33114],[28.98686,62.33014],[28.95227,62.30825],[29.00823,62.26383],[29.10035,62.24357],[29.27045,62.23092],[29.29434,62.24638],[29.37754,62.25851],[29.312,62.31819]]]}},{"type":"Feature","properties":{"nr":"58390"},"geometry":{"type":"Polygon","coordinates":[[[29.30164,62.38617],[29.23609,62.41785],[29.17938,62.37587],[29.14696,62.33114],[29.18171,62.30062],[29.23159,62.29661],[29.312,62.31819],[29.32797,62.34354],[29.30164,62.38617]]]}},{"type":"Feature","properties":{"nr":"58410"},"geometry":{"type":"Polygon","coordinates":[[[29.14062,61.88047],[29.1397,61.90317],[29.04576,61.91081],[28.95972,61.88573],[28.96219,61.87055],[29.00704,61.8648],[29.04254,61.86138],[29.06931,61.87699],[29.14062,61.88047]]]}},{"type":"Feature","properties":{"nr":"58420"},"geometry":{"type":"Polygon","coordinates":[[[29.1217,61.81224],[29.16085,61.82902],[29.14779,61.87888],[29.14062,61.88047],[29.06931,61.87699],[29.04254,61.86138],[29.07025,61.81614],[29.1217,61.81224]]]}},{"type":"Feature","properties":{"nr":"99240"},"geometry":{"type":"Polygon","coordinates":[[[25.32159,67.73982],[25.43735,67.79244],[25.34342,67.80089],[25.20849,67.86236],[25.10456,67.83992],[25.05982,67.81796],[25.08799,67.78507],[25.14205,67.7597],[25.27109,67.73809],[25.32159,67.73982]]]}},{"type":"Feature","properties":{"nr":"58430"},"geometry":{"type":"Polygon","coordinates":[[[29.35243,61.81987],[29.29027,61.8516],[29.14779,61.87888],[29.16085,61.82902],[29.1217,61.81224],[29.15264,61.78347],[29.23331,61.77711],[29.24795,61.81271],[29.35243,61.81987]]]}},{"type":"Feature","properties":{"nr":"58450"},"geometry":{"type":"Polygon","coordinates":[[[29.35243,61.81987],[29.24795,61.81271],[29.23331,61.77711],[29.28674,61.72789],[29.30075,61.72689],[29.31291,61.73912],[29.34497,61.74766],[29.38396,61.81303],[29.35243,61.81987]]]}},{"type":"Feature","properties":{"nr":"58500"},"geometry":{"type":"Polygon","coordinates":[[[29.40981,61.81991],[29.38396,61.81303],[29.34497,61.74766],[29.31291,61.73912],[29.41161,61.73356],[29.4609,61.75208],[29.50774,61.70917],[29.54021,61.71101],[29.56235,61.72844],[29.49905,61.75721],[29.40981,61.81991]]]}},{"type":"Feature","properties":{"nr":"58610"},"geometry":{"type":"Polygon","coordinates":[[[28.60121,61.59172],[28.66036,61.64416],[28.62493,61.66039],[28.62719,61.72382],[28.5773,61.74729],[28.52901,61.74274],[28.50536,61.70128],[28.5468,61.64795],[28.53916,61.60287],[28.60121,61.59172]]]}},{"type":"Feature","properties":{"nr":"58520"},"geometry":{"type":"Polygon","coordinates":[[[29.63401,61.90799],[29.58494,61.92351],[29.54382,61.92107],[29.53324,61.88775],[29.49001,61.87624],[29.40981,61.81991],[29.49905,61.75721],[29.56235,61.72844],[29.58577,61.73129],[29.60574,61.74085],[29.67194,61.78218],[29.71076,61.84346],[29.63401,61.90799]]]}},{"type":"Feature","properties":{"nr":"58550"},"geometry":{"type":"Polygon","coordinates":[[[29.54021,61.71101],[29.50774,61.70917],[29.4609,61.75208],[29.41161,61.73356],[29.31291,61.73912],[29.30075,61.72689],[29.36931,61.63851],[29.46742,61.67461],[29.53139,61.67736],[29.54021,61.71101]]]}},{"type":"Feature","properties":{"nr":"58570"},"geometry":{"type":"Polygon","coordinates":[[[29.28674,61.72789],[29.25424,61.71801],[29.24543,61.68162],[29.21372,61.66357],[29.32433,61.62086],[29.36931,61.63851],[29.30075,61.72689],[29.28674,61.72789]]]}},{"type":"Feature","properties":{"nr":"58580"},"geometry":{"type":"Polygon","coordinates":[[[29.32433,61.62086],[29.21372,61.66357],[29.14749,61.64246],[29.08477,61.64927],[29.09253,61.61357],[29.1577,61.58869],[29.18343,61.56048],[29.24698,61.54689],[29.28376,61.58652],[29.3222,61.59991],[29.32433,61.62086]]]}},{"type":"Feature","properties":{"nr":"58620"},"geometry":{"type":"Polygon","coordinates":[[[28.86475,61.60047],[28.79376,61.62508],[28.72169,61.63498],[28.65784,61.6889],[28.68189,61.74859],[28.66864,61.76421],[28.61004,61.77072],[28.5773,61.74729],[28.62719,61.72382],[28.62493,61.66039],[28.66036,61.64416],[28.60121,61.59172],[28.59433,61.53852],[28.61688,61.50532],[28.67819,61.50469],[28.78536,61.50931],[28.80763,61.5367],[28.89001,61.57119],[28.86475,61.60047]]]}},{"type":"Feature","properties":{"nr":"58650"},"geometry":{"type":"Polygon","coordinates":[[[28.89588,61.70762],[28.8269,61.69914],[28.77674,61.70677],[28.80466,61.74446],[28.68189,61.74859],[28.65784,61.6889],[28.72169,61.63498],[28.79376,61.62508],[28.86475,61.60047],[28.86628,61.63709],[28.93757,61.63748],[28.87415,61.68135],[28.89588,61.70762]]]}},{"type":"Feature","properties":{"nr":"58680"},"geometry":{"type":"Polygon","coordinates":[[[28.93757,61.63748],[28.86628,61.63709],[28.86475,61.60047],[28.89001,61.57119],[28.9576,61.55628],[28.96692,61.53627],[29.05746,61.54258],[29.02985,61.58005],[29.0507,61.59208],[28.93757,61.63748]]]}},{"type":"Feature","properties":{"nr":"58690"},"geometry":{"type":"Polygon","coordinates":[[[29.08477,61.64927],[28.9897,61.69173],[28.90906,61.71682],[28.89588,61.70762],[28.87415,61.68135],[28.93757,61.63748],[29.0507,61.59208],[29.02985,61.58005],[29.05746,61.54258],[29.10166,61.5245],[29.18343,61.56048],[29.1577,61.58869],[29.09253,61.61357],[29.08477,61.64927]]]}},{"type":"Feature","properties":{"nr":"58700"},"geometry":{"type":"Polygon","coordinates":[[[28.33061,61.94198],[28.26838,61.94655],[28.13039,61.90685],[28.08446,61.8911],[28.14875,61.86822],[28.10199,61.83064],[28.0985,61.81289],[28.1601,61.78294],[28.15936,61.75376],[28.11527,61.74257],[28.15731,61.70608],[28.25216,61.68349],[28.31172,61.7503],[28.42043,61.72959],[28.47652,61.74055],[28.50536,61.70128],[28.52901,61.74274],[28.5773,61.74729],[28.61004,61.77072],[28.51777,61.82595],[28.43326,61.88601],[28.36385,61.9064],[28.35082,61.93189],[28.33061,61.94198]]]}},{"type":"Feature","properties":{"nr":"58720"},"geometry":{"type":"Polygon","coordinates":[[[28.50536,61.70128],[28.47652,61.74055],[28.42043,61.72959],[28.31172,61.7503],[28.25216,61.68349],[28.25977,61.64657],[28.27157,61.6164],[28.34643,61.60359],[28.49373,61.61497],[28.53916,61.60287],[28.5468,61.64795],[28.50536,61.70128]]]}},{"type":"Feature","properties":{"nr":"59100"},"geometry":{"type":"Polygon","coordinates":[[[29.49681,61.48939],[29.59145,61.49562],[29.74046,61.57573],[29.75352,61.60055],[29.68732,61.60717],[29.63581,61.59467],[29.57012,61.59057],[29.52031,61.59478],[29.44657,61.56473],[29.40709,61.56421],[29.39964,61.52238],[29.37327,61.50537],[29.39132,61.48196],[29.44055,61.50001],[29.49681,61.48939]]]}},{"type":"Feature","properties":{"nr":"58770"},"geometry":{"type":"Polygon","coordinates":[[[28.44253,61.92262],[28.35082,61.93189],[28.36385,61.9064],[28.43326,61.88601],[28.51777,61.82595],[28.61004,61.77072],[28.66864,61.76421],[28.6263,61.85211],[28.5006,61.90787],[28.48519,61.92568],[28.44253,61.92262]]]}},{"type":"Feature","properties":{"nr":"58810"},"geometry":{"type":"Polygon","coordinates":[[[28.76216,61.91301],[28.73601,61.92796],[28.74194,61.96666],[28.65906,61.94829],[28.56856,61.95388],[28.48519,61.92568],[28.5006,61.90787],[28.6263,61.85211],[28.70875,61.90085],[28.75071,61.89971],[28.76216,61.91301]]]}},{"type":"Feature","properties":{"nr":"58830"},"geometry":{"type":"Polygon","coordinates":[[[28.74194,61.96666],[28.63282,62.01642],[28.5877,62.00389],[28.4467,62.0003],[28.43218,61.98239],[28.44253,61.92262],[28.48519,61.92568],[28.56856,61.95388],[28.65906,61.94829],[28.74194,61.96666]]]}},{"type":"Feature","properties":{"nr":"58850"},"geometry":{"type":"Polygon","coordinates":[[[28.44253,61.92262],[28.43218,61.98239],[28.33409,61.98629],[28.31362,61.97115],[28.3284,61.94449],[28.33061,61.94198],[28.35082,61.93189],[28.44253,61.92262]]]}},{"type":"Feature","properties":{"nr":"58900"},"geometry":{"type":"Polygon","coordinates":[[[28.36538,62.21891],[28.26584,62.23162],[28.22748,62.21053],[28.09189,62.23119],[28.02807,62.23216],[28.02647,62.22083],[28.02933,62.16899],[28.09726,62.12095],[28.169,62.08022],[28.22732,62.01174],[28.26842,62.02782],[28.35361,62.01639],[28.29233,61.99013],[28.31362,61.97115],[28.33409,61.98629],[28.43218,61.98239],[28.4467,62.0003],[28.5877,62.00389],[28.63282,62.01642],[28.56743,62.06511],[28.50869,62.06345],[28.44975,62.10998],[28.38537,62.16418],[28.40235,62.20526],[28.36538,62.21891]]]}},{"type":"Feature","properties":{"nr":"58910"},"geometry":{"type":"Polygon","coordinates":[[[28.31362,61.97115],[28.29233,61.99013],[28.35361,62.01639],[28.26842,62.02782],[28.22732,62.01174],[28.28411,61.96283],[28.3284,61.94449],[28.31362,61.97115]]]}},{"type":"Feature","properties":{"nr":"58920"},"geometry":{"type":"Polygon","coordinates":[[[28.22732,62.01174],[28.169,62.08022],[28.09726,62.12095],[28.02338,62.10618],[27.99213,62.06902],[27.92929,62.08169],[27.91984,62.04855],[27.97802,62.05028],[28.178,61.99225],[28.26838,61.94655],[28.33061,61.94198],[28.3284,61.94449],[28.28411,61.96283],[28.22732,62.01174]]]}},{"type":"Feature","properties":{"nr":"58940"},"geometry":{"type":"Polygon","coordinates":[[[28.07668,61.94764],[28.178,61.99225],[27.97802,62.05028],[27.91984,62.04855],[27.8659,62.03253],[27.89358,62.01778],[27.98649,61.97498],[28.07668,61.94764]]]}},{"type":"Feature","properties":{"nr":"59130"},"geometry":{"type":"Polygon","coordinates":[[[29.49681,61.48939],[29.44055,61.50001],[29.39132,61.48196],[29.38433,61.4559],[29.45524,61.43141],[29.5031,61.46128],[29.49681,61.48939]]]}},{"type":"Feature","properties":{"nr":"59210"},"geometry":{"type":"Polygon","coordinates":[[[29.40709,61.56421],[29.3222,61.59991],[29.28376,61.58652],[29.24698,61.54689],[29.26906,61.52075],[29.37327,61.50537],[29.39964,61.52238],[29.40709,61.56421]]]}},{"type":"Feature","properties":{"nr":"59310"},"geometry":{"type":"Polygon","coordinates":[[[29.53139,61.67736],[29.46742,61.67461],[29.36931,61.63851],[29.32433,61.62086],[29.3222,61.59991],[29.40709,61.56421],[29.44657,61.56473],[29.52031,61.59478],[29.57012,61.59057],[29.52255,61.64267],[29.58496,61.64435],[29.53139,61.67736]]]}},{"type":"Feature","properties":{"nr":"62640"},"geometry":{"type":"Polygon","coordinates":[[[23.55058,63.02891],[23.64472,63.04304],[23.64645,63.05528],[23.65694,63.08899],[23.64959,63.09597],[23.53777,63.07643],[23.51189,63.05293],[23.55058,63.02891]]]}},{"type":"Feature","properties":{"nr":"59320"},"geometry":{"type":"Polygon","coordinates":[[[29.58496,61.64435],[29.52255,61.64267],[29.57012,61.59057],[29.63581,61.59467],[29.64615,61.61848],[29.58496,61.64435]]]}},{"type":"Feature","properties":{"nr":"59410"},"geometry":{"type":"Polygon","coordinates":[[[29.76608,61.61003],[29.69888,61.67188],[29.64562,61.7121],[29.58577,61.73129],[29.56235,61.72844],[29.54021,61.71101],[29.53139,61.67736],[29.58496,61.64435],[29.64615,61.61848],[29.63581,61.59467],[29.68732,61.60717],[29.75352,61.60055],[29.76608,61.61003]]]}},{"type":"Feature","properties":{"nr":"59510"},"geometry":{"type":"Polygon","coordinates":[[[29.75036,61.70004],[29.67801,61.74821],[29.60574,61.74085],[29.58577,61.73129],[29.64562,61.7121],[29.69888,61.67188],[29.74981,61.67707],[29.75036,61.70004]]]}},{"type":"Feature","properties":{"nr":"59520"},"geometry":{"type":"Polygon","coordinates":[[[29.76608,61.61003],[29.84156,61.66828],[29.74981,61.67707],[29.69888,61.67188],[29.76608,61.61003]]]}},{"type":"Feature","properties":{"nr":"59530"},"geometry":{"type":"Polygon","coordinates":[[[29.86745,61.68127],[29.83457,61.71603],[29.75036,61.70004],[29.74981,61.67707],[29.84156,61.66828],[29.86745,61.68127]]]}},{"type":"Feature","properties":{"nr":"59610"},"geometry":{"type":"Polygon","coordinates":[[[29.83529,61.75113],[29.74298,61.75887],[29.7232,61.78206],[29.67801,61.74821],[29.75036,61.70004],[29.83457,61.71603],[29.83529,61.75113]]]}},{"type":"Feature","properties":{"nr":"59710"},"geometry":{"type":"Polygon","coordinates":[[[29.90088,61.78164],[29.90023,61.7886],[29.82025,61.78526],[29.7824,61.79861],[29.7232,61.78206],[29.74298,61.75887],[29.83529,61.75113],[29.90088,61.78164]]]}},{"type":"Feature","properties":{"nr":"59720"},"geometry":{"type":"Polygon","coordinates":[[[29.96675,61.73071],[29.96937,61.76733],[29.90088,61.78164],[29.83529,61.75113],[29.83457,61.71603],[29.86745,61.68127],[29.96675,61.73071]]]}},{"type":"Feature","properties":{"nr":"59730"},"geometry":{"type":"Polygon","coordinates":[[[30.14396,61.85224],[30.06848,61.85906],[30.01074,61.83049],[29.93607,61.81919],[29.90023,61.7886],[29.90088,61.78164],[29.96937,61.76733],[29.96675,61.73071],[30.04725,61.77327],[30.07098,61.81847],[30.14396,61.85224]]]}},{"type":"Feature","properties":{"nr":"59800"},"geometry":{"type":"Polygon","coordinates":[[[29.99424,61.95315],[29.92995,61.95325],[29.85253,61.9748],[29.75354,62.01834],[29.67599,62.01995],[29.65453,61.98722],[29.67407,61.94435],[29.60615,61.94867],[29.58494,61.92351],[29.63401,61.90799],[29.70636,61.9101],[29.77507,61.85932],[29.7824,61.79861],[29.82025,61.78526],[29.90023,61.7886],[29.93607,61.81919],[30.01074,61.83049],[30.06848,61.85906],[30.03581,61.91328],[29.99424,61.95315]]]}},{"type":"Feature","properties":{"nr":"59810"},"geometry":{"type":"Polygon","coordinates":[[[29.71076,61.84346],[29.77507,61.85932],[29.70636,61.9101],[29.63401,61.90799],[29.71076,61.84346]]]}},{"type":"Feature","properties":{"nr":"59820"},"geometry":{"type":"Polygon","coordinates":[[[29.7824,61.79861],[29.77507,61.85932],[29.71076,61.84346],[29.67194,61.78218],[29.60574,61.74085],[29.67801,61.74821],[29.7232,61.78206],[29.7824,61.79861]]]}},{"type":"Feature","properties":{"nr":"62185"},"geometry":{"type":"Polygon","coordinates":[[[23.25266,62.88176],[23.187,62.91711],[23.1109,62.90532],[23.15587,62.82419],[23.23181,62.81328],[23.21406,62.84539],[23.25266,62.88176]]]}},{"type":"Feature","properties":{"nr":"60100"},"geometry":{"type":"Polygon","coordinates":[[[22.87718,62.79291],[22.83804,62.81209],[22.80196,62.80434],[22.82498,62.78494],[22.84083,62.77464],[22.86071,62.77129],[22.90888,62.77375],[22.87718,62.79291]]]}},{"type":"Feature","properties":{"nr":"60120"},"geometry":{"type":"Polygon","coordinates":[[[22.87718,62.79291],[22.84213,62.8147],[22.83804,62.81209],[22.87718,62.79291]]]}},{"type":"Feature","properties":{"nr":"60150"},"geometry":{"type":"Polygon","coordinates":[[[22.90888,62.77375],[22.86071,62.77129],[22.93171,62.77037],[22.92886,62.77203],[22.90888,62.77375]]]}},{"type":"Feature","properties":{"nr":"61150"},"geometry":{"type":"Polygon","coordinates":[[[23.2143,62.65045],[23.25802,62.67814],[23.28181,62.71765],[23.29541,62.74151],[23.23656,62.77294],[23.15481,62.73715],[23.16397,62.64887],[23.2143,62.65045]]]}},{"type":"Feature","properties":{"nr":"60200"},"geometry":{"type":"Polygon","coordinates":[[[22.86071,62.77129],[22.84083,62.77464],[22.79562,62.76457],[22.7627,62.75251],[22.76345,62.75042],[22.84944,62.72195],[22.85667,62.73593],[22.88389,62.72786],[22.87036,62.71031],[22.8907,62.6915],[23.02493,62.65244],[23.04929,62.68673],[22.94834,62.71002],[22.96305,62.72956],[22.99334,62.75932],[22.94341,62.76864],[22.93171,62.77037],[22.86071,62.77129]]]}},{"type":"Feature","properties":{"nr":"60220"},"geometry":{"type":"Polygon","coordinates":[[[22.82498,62.78494],[22.79562,62.76457],[22.84083,62.77464],[22.82498,62.78494]]]}},{"type":"Feature","properties":{"nr":"60280"},"geometry":{"type":"Polygon","coordinates":[[[22.87036,62.71031],[22.88389,62.72786],[22.85667,62.73593],[22.84944,62.72195],[22.87036,62.71031]]]}},{"type":"Feature","properties":{"nr":"60320"},"geometry":{"type":"Polygon","coordinates":[[[22.82498,62.78494],[22.80196,62.80434],[22.71203,62.79973],[22.66732,62.79898],[22.66273,62.79551],[22.7627,62.75251],[22.79562,62.76457],[22.82498,62.78494]]]}},{"type":"Feature","properties":{"nr":"60420"},"geometry":{"type":"Polygon","coordinates":[[[22.71203,62.79973],[22.80196,62.80434],[22.83804,62.81209],[22.84213,62.8147],[22.85123,62.83059],[22.81593,62.86757],[22.79454,62.86542],[22.765,62.85267],[22.71385,62.82536],[22.71203,62.79973]]]}},{"type":"Feature","properties":{"nr":"60450"},"geometry":{"type":"Polygon","coordinates":[[[22.71203,62.79973],[22.71385,62.82536],[22.765,62.85267],[22.67819,62.86797],[22.5969,62.84572],[22.66732,62.79898],[22.71203,62.79973]]]}},{"type":"Feature","properties":{"nr":"60510"},"geometry":{"type":"Polygon","coordinates":[[[22.92886,62.77203],[22.93413,62.80022],[22.85123,62.83059],[22.84213,62.8147],[22.87718,62.79291],[22.90888,62.77375],[22.92886,62.77203]]]}},{"type":"Feature","properties":{"nr":"60550"},"geometry":{"type":"Polygon","coordinates":[[[23.07093,62.86869],[22.98414,62.88135],[22.87534,62.88188],[22.83368,62.87858],[22.81593,62.86757],[22.85123,62.83059],[22.93413,62.80022],[22.92886,62.77203],[22.93171,62.77037],[22.94341,62.76864],[23.01609,62.77848],[23.04518,62.82048],[23.07093,62.86869]]]}},{"type":"Feature","properties":{"nr":"60560"},"geometry":{"type":"Polygon","coordinates":[[[22.731,62.89062],[22.67819,62.86797],[22.765,62.85267],[22.79454,62.86542],[22.731,62.89062]]]}},{"type":"Feature","properties":{"nr":"60640"},"geometry":{"type":"Polygon","coordinates":[[[23.23181,62.81328],[23.15587,62.82419],[23.04518,62.82048],[23.01609,62.77848],[22.94341,62.76864],[22.99334,62.75932],[22.96305,62.72956],[23.10058,62.74424],[23.15481,62.73715],[23.23656,62.77294],[23.26418,62.80277],[23.23181,62.81328]]]}},{"type":"Feature","properties":{"nr":"60720"},"geometry":{"type":"Polygon","coordinates":[[[22.7627,62.75251],[22.66273,62.79551],[22.64023,62.76273],[22.68993,62.71112],[22.78715,62.71137],[22.76345,62.75042],[22.7627,62.75251]]]}},{"type":"Feature","properties":{"nr":"60760"},"geometry":{"type":"Polygon","coordinates":[[[22.87036,62.71031],[22.84944,62.72195],[22.76345,62.75042],[22.78715,62.71137],[22.68993,62.71112],[22.66476,62.67083],[22.69519,62.63708],[22.79829,62.63516],[22.8907,62.6915],[22.87036,62.71031]]]}},{"type":"Feature","properties":{"nr":"60800"},"geometry":{"type":"Polygon","coordinates":[[[22.66732,62.79898],[22.5969,62.84572],[22.51729,62.83437],[22.44821,62.81386],[22.43542,62.73532],[22.47109,62.73143],[22.54892,62.65734],[22.64628,62.6209],[22.69519,62.63708],[22.66476,62.67083],[22.68993,62.71112],[22.64023,62.76273],[22.66273,62.79551],[22.66732,62.79898]]]}},{"type":"Feature","properties":{"nr":"61100"},"geometry":{"type":"Polygon","coordinates":[[[23.15795,62.5984],[23.11114,62.61413],[23.06761,62.60841],[22.95796,62.58961],[22.93235,62.6031],[22.90871,62.59937],[22.95124,62.5646],[22.92082,62.54518],[22.96274,62.54962],[23.00992,62.50529],[23.03184,62.50183],[23.10446,62.51487],[23.15023,62.48475],[23.30358,62.43272],[23.3128,62.4096],[23.34902,62.42794],[23.34602,62.45867],[23.27978,62.48878],[23.25385,62.49212],[23.18384,62.54913],[23.15795,62.5984]]]}},{"type":"Feature","properties":{"nr":"61110"},"geometry":{"type":"Polygon","coordinates":[[[22.93235,62.6031],[22.95796,62.58961],[23.06761,62.60841],[23.0365,62.63238],[22.93235,62.6031]]]}},{"type":"Feature","properties":{"nr":"61120"},"geometry":{"type":"Polygon","coordinates":[[[23.02493,62.65244],[22.8907,62.6915],[22.79829,62.63516],[22.87717,62.59634],[22.90871,62.59937],[22.93235,62.6031],[23.0365,62.63238],[23.02493,62.65244]]]}},{"type":"Feature","properties":{"nr":"61140"},"geometry":{"type":"Polygon","coordinates":[[[23.2143,62.65045],[23.16397,62.64887],[23.11114,62.61413],[23.15795,62.5984],[23.23353,62.61758],[23.2143,62.65045]]]}},{"type":"Feature","properties":{"nr":"61160"},"geometry":{"type":"Polygon","coordinates":[[[23.15481,62.73715],[23.10058,62.74424],[22.96305,62.72956],[22.94834,62.71002],[23.04929,62.68673],[23.02493,62.65244],[23.0365,62.63238],[23.06761,62.60841],[23.11114,62.61413],[23.16397,62.64887],[23.15481,62.73715]]]}},{"type":"Feature","properties":{"nr":"61170"},"geometry":{"type":"Polygon","coordinates":[[[23.27918,62.59475],[23.3707,62.60374],[23.3828,62.6374],[23.33493,62.70613],[23.28181,62.71765],[23.25802,62.67814],[23.2143,62.65045],[23.23353,62.61758],[23.27918,62.59475]]]}},{"type":"Feature","properties":{"nr":"61180"},"geometry":{"type":"Polygon","coordinates":[[[23.27918,62.59475],[23.23353,62.61758],[23.15795,62.5984],[23.18384,62.54913],[23.25385,62.49212],[23.27978,62.48878],[23.25885,62.56237],[23.27918,62.59475]]]}},{"type":"Feature","properties":{"nr":"61220"},"geometry":{"type":"Polygon","coordinates":[[[22.49228,62.53993],[22.51434,62.57364],[22.49817,62.62815],[22.42892,62.57501],[22.44956,62.54622],[22.49228,62.53993]]]}},{"type":"Feature","properties":{"nr":"61230"},"geometry":{"type":"Polygon","coordinates":[[[22.64674,62.61993],[22.64628,62.6209],[22.54892,62.65734],[22.5024,62.63922],[22.49817,62.62815],[22.51434,62.57364],[22.49228,62.53993],[22.52308,62.52877],[22.59928,62.56624],[22.64655,62.56965],[22.64674,62.61993]]]}},{"type":"Feature","properties":{"nr":"61250"},"geometry":{"type":"Polygon","coordinates":[[[22.69024,62.54928],[22.67254,62.60889],[22.64674,62.61993],[22.64655,62.56965],[22.59928,62.56624],[22.52308,62.52877],[22.53298,62.51028],[22.60069,62.51362],[22.69024,62.54928]]]}},{"type":"Feature","properties":{"nr":"61270"},"geometry":{"type":"Polygon","coordinates":[[[22.79829,62.63516],[22.69519,62.63708],[22.64628,62.6209],[22.64674,62.61993],[22.67254,62.60889],[22.69024,62.54928],[22.71181,62.53362],[22.80166,62.56251],[22.86698,62.56978],[22.87717,62.59634],[22.79829,62.63516]]]}},{"type":"Feature","properties":{"nr":"61340"},"geometry":{"type":"Polygon","coordinates":[[[22.26937,62.75726],[22.19439,62.74469],[22.15395,62.71779],[22.17156,62.69795],[22.19163,62.67935],[22.30603,62.68826],[22.36285,62.69716],[22.3197,62.74538],[22.26937,62.75726]]]}},{"type":"Feature","properties":{"nr":"61280"},"geometry":{"type":"Polygon","coordinates":[[[22.71181,62.53362],[22.69024,62.54928],[22.60069,62.51362],[22.53298,62.51028],[22.51834,62.48599],[22.54736,62.45839],[22.61566,62.45207],[22.67953,62.47284],[22.72619,62.52433],[22.71181,62.53362]]]}},{"type":"Feature","properties":{"nr":"61290"},"geometry":{"type":"Polygon","coordinates":[[[22.92082,62.54518],[22.95124,62.5646],[22.90871,62.59937],[22.87717,62.59634],[22.86698,62.56978],[22.80166,62.56251],[22.86047,62.53335],[22.92082,62.54518]]]}},{"type":"Feature","properties":{"nr":"61330"},"geometry":{"type":"Polygon","coordinates":[[[22.43542,62.73532],[22.39144,62.72361],[22.3197,62.74538],[22.36285,62.69716],[22.43156,62.66506],[22.5024,62.63922],[22.54892,62.65734],[22.47109,62.73143],[22.43542,62.73532]]]}},{"type":"Feature","properties":{"nr":"61300"},"geometry":{"type":"Polygon","coordinates":[[[22.43156,62.66506],[22.4194,62.64439],[22.35099,62.64716],[22.30603,62.68826],[22.19163,62.67935],[22.19098,62.6776],[22.2346,62.64189],[22.29068,62.60185],[22.37785,62.59239],[22.44956,62.54622],[22.42892,62.57501],[22.49817,62.62815],[22.5024,62.63922],[22.43156,62.66506]]]}},{"type":"Feature","properties":{"nr":"61310"},"geometry":{"type":"Polygon","coordinates":[[[22.43156,62.66506],[22.36285,62.69716],[22.30603,62.68826],[22.35099,62.64716],[22.4194,62.64439],[22.43156,62.66506]]]}},{"type":"Feature","properties":{"nr":"61350"},"geometry":{"type":"Polygon","coordinates":[[[22.43542,62.73532],[22.44821,62.81386],[22.39543,62.81595],[22.33505,62.80446],[22.28323,62.79067],[22.26937,62.75726],[22.3197,62.74538],[22.39144,62.72361],[22.43542,62.73532]]]}},{"type":"Feature","properties":{"nr":"61360"},"geometry":{"type":"Polygon","coordinates":[[[22.44956,62.54622],[22.37785,62.59239],[22.29068,62.60185],[22.2346,62.64189],[22.1993,62.63588],[22.19066,62.57023],[22.34411,62.55134],[22.41676,62.51889],[22.43084,62.49305],[22.51834,62.48599],[22.53298,62.51028],[22.52308,62.52877],[22.49228,62.53993],[22.44956,62.54622]]]}},{"type":"Feature","properties":{"nr":"61460"},"geometry":{"type":"Polygon","coordinates":[[[22.72438,62.90992],[22.82236,62.94426],[22.80744,62.97468],[22.79234,62.97741],[22.69747,62.97307],[22.70105,62.91854],[22.72438,62.90992]]]}},{"type":"Feature","properties":{"nr":"61370"},"geometry":{"type":"Polygon","coordinates":[[[22.43084,62.49305],[22.41676,62.51889],[22.34411,62.55134],[22.19066,62.57023],[22.14014,62.53591],[22.21671,62.52811],[22.25723,62.53498],[22.38418,62.49618],[22.43084,62.49305]]]}},{"type":"Feature","properties":{"nr":"61380"},"geometry":{"type":"Polygon","coordinates":[[[22.19066,62.57023],[22.1993,62.63588],[22.2346,62.64189],[22.19098,62.6776],[22.09918,62.653],[22.07887,62.62821],[22.0836,62.61397],[22.12299,62.59474],[22.09248,62.55928],[22.04612,62.54486],[22.13062,62.53268],[22.14014,62.53591],[22.19066,62.57023]]]}},{"type":"Feature","properties":{"nr":"61470"},"geometry":{"type":"Polygon","coordinates":[[[22.83368,62.87858],[22.82236,62.94426],[22.72438,62.90992],[22.731,62.89062],[22.79454,62.86542],[22.81593,62.86757],[22.83368,62.87858]]]}},{"type":"Feature","properties":{"nr":"62810"},"geometry":{"type":"Polygon","coordinates":[[[24.19968,63.15973],[24.20967,63.18933],[24.16279,63.19991],[24.09773,63.18886],[23.95014,63.11749],[24.0687,63.10843],[24.13108,63.16376],[24.19968,63.15973]]]}},{"type":"Feature","properties":{"nr":"61400"},"geometry":{"type":"Polygon","coordinates":[[[22.53655,63.03973],[22.47921,63.03742],[22.47436,63.02167],[22.46113,62.98986],[22.50485,62.97568],[22.45917,62.92183],[22.51696,62.92856],[22.58955,62.91736],[22.61033,62.94118],[22.56059,62.96256],[22.6014,63.02468],[22.53655,63.03973]]]}},{"type":"Feature","properties":{"nr":"61410"},"geometry":{"type":"Polygon","coordinates":[[[22.70105,62.91854],[22.61033,62.94118],[22.58955,62.91736],[22.51696,62.92856],[22.45917,62.92183],[22.46528,62.88254],[22.51729,62.83437],[22.5969,62.84572],[22.67819,62.86797],[22.731,62.89062],[22.72438,62.90992],[22.70105,62.91854]]]}},{"type":"Feature","properties":{"nr":"61960"},"geometry":{"type":"Polygon","coordinates":[[[22.39522,62.2092],[22.31666,62.23662],[22.19689,62.24427],[22.15212,62.18869],[22.16457,62.10396],[22.25746,62.10299],[22.31946,62.12355],[22.41072,62.12959],[22.4492,62.14452],[22.39787,62.19871],[22.39522,62.2092]]]}},{"type":"Feature","properties":{"nr":"61430"},"geometry":{"type":"Polygon","coordinates":[[[22.45917,62.92183],[22.50485,62.97568],[22.46113,62.98986],[22.40942,62.93077],[22.40876,62.90312],[22.4233,62.84795],[22.39543,62.81595],[22.44821,62.81386],[22.51729,62.83437],[22.46528,62.88254],[22.45917,62.92183]]]}},{"type":"Feature","properties":{"nr":"61440"},"geometry":{"type":"Polygon","coordinates":[[[22.6014,63.02468],[22.69402,63.04291],[22.68455,63.06176],[22.62933,63.09618],[22.59524,63.09261],[22.53472,63.06589],[22.53655,63.03973],[22.6014,63.02468]]]}},{"type":"Feature","properties":{"nr":"61450"},"geometry":{"type":"Polygon","coordinates":[[[22.71716,63.06116],[22.68455,63.06176],[22.69402,63.04291],[22.6014,63.02468],[22.56059,62.96256],[22.61033,62.94118],[22.70105,62.91854],[22.69747,62.97307],[22.79234,62.97741],[22.80924,62.99812],[22.77495,63.04347],[22.71716,63.06116]]]}},{"type":"Feature","properties":{"nr":"61500"},"geometry":{"type":"Polygon","coordinates":[[[22.47921,63.03742],[22.43157,63.04569],[22.38362,63.07528],[22.26605,63.05648],[22.22559,63.01828],[22.27194,63.00304],[22.207,62.95395],[22.17484,62.94856],[22.18061,62.90523],[22.25504,62.90078],[22.30325,62.94471],[22.35358,62.95144],[22.42751,63.01222],[22.47436,63.02167],[22.47921,63.03742]]]}},{"type":"Feature","properties":{"nr":"61520"},"geometry":{"type":"Polygon","coordinates":[[[22.54768,63.12335],[22.52871,63.10927],[22.4257,63.12449],[22.38362,63.07528],[22.43157,63.04569],[22.47921,63.03742],[22.53655,63.03973],[22.53472,63.06589],[22.59524,63.09261],[22.54768,63.12335]]]}},{"type":"Feature","properties":{"nr":"61630"},"geometry":{"type":"Polygon","coordinates":[[[23.00992,62.50529],[22.96274,62.54962],[22.92082,62.54518],[22.86047,62.53335],[22.84634,62.47191],[22.89572,62.45869],[22.90625,62.43064],[22.93399,62.47141],[23.00992,62.50529]]]}},{"type":"Feature","properties":{"nr":"61550"},"geometry":{"type":"Polygon","coordinates":[[[22.40876,62.90312],[22.40942,62.93077],[22.46113,62.98986],[22.47436,63.02167],[22.42751,63.01222],[22.35358,62.95144],[22.30325,62.94471],[22.25504,62.90078],[22.30374,62.88517],[22.32475,62.89988],[22.40876,62.90312]]]}},{"type":"Feature","properties":{"nr":"61560"},"geometry":{"type":"Polygon","coordinates":[[[22.40876,62.90312],[22.32475,62.89988],[22.30374,62.88517],[22.30171,62.83669],[22.33505,62.80446],[22.39543,62.81595],[22.4233,62.84795],[22.40876,62.90312]]]}},{"type":"Feature","properties":{"nr":"61600"},"geometry":{"type":"Polygon","coordinates":[[[22.80166,62.56251],[22.71181,62.53362],[22.72619,62.52433],[22.67953,62.47284],[22.61566,62.45207],[22.63961,62.437],[22.75359,62.46746],[22.83572,62.45844],[22.82902,62.43926],[22.85517,62.40971],[22.86649,62.41142],[22.90603,62.42521],[22.90625,62.43064],[22.89572,62.45869],[22.84634,62.47191],[22.86047,62.53335],[22.80166,62.56251]]]}},{"type":"Feature","properties":{"nr":"61640"},"geometry":{"type":"Polygon","coordinates":[[[22.90603,62.42521],[22.99977,62.43106],[23.04438,62.41389],[23.07839,62.35225],[23.16229,62.36621],[23.10211,62.3887],[23.13884,62.41311],[23.07664,62.45336],[23.03184,62.50183],[23.00992,62.50529],[22.93399,62.47141],[22.90625,62.43064],[22.90603,62.42521]]]}},{"type":"Feature","properties":{"nr":"61650"},"geometry":{"type":"Polygon","coordinates":[[[23.3128,62.4096],[23.30358,62.43272],[23.15023,62.48475],[23.10446,62.51487],[23.03184,62.50183],[23.07664,62.45336],[23.13884,62.41311],[23.10211,62.3887],[23.16229,62.36621],[23.18019,62.35311],[23.21353,62.34744],[23.31693,62.37241],[23.3128,62.4096]]]}},{"type":"Feature","properties":{"nr":"61680"},"geometry":{"type":"Polygon","coordinates":[[[22.65224,62.3854],[22.72573,62.40413],[22.76744,62.43682],[22.82902,62.43926],[22.83572,62.45844],[22.75359,62.46746],[22.63961,62.437],[22.65224,62.3854]]]}},{"type":"Feature","properties":{"nr":"61710"},"geometry":{"type":"Polygon","coordinates":[[[22.772,62.36624],[22.79649,62.39346],[22.85517,62.40971],[22.82902,62.43926],[22.76744,62.43682],[22.72573,62.40413],[22.772,62.36624]]]}},{"type":"Feature","properties":{"nr":"61720"},"geometry":{"type":"Polygon","coordinates":[[[22.85508,62.27572],[22.89346,62.26439],[23.01649,62.28851],[22.9587,62.35213],[22.87841,62.3734],[22.86649,62.41142],[22.85517,62.40971],[22.79649,62.39346],[22.772,62.36624],[22.76231,62.33256],[22.79033,62.29646],[22.85508,62.27572]]]}},{"type":"Feature","properties":{"nr":"61730"},"geometry":{"type":"Polygon","coordinates":[[[23.02481,62.28597],[23.16405,62.32316],[23.18019,62.35311],[23.16229,62.36621],[23.07839,62.35225],[23.04438,62.41389],[22.99977,62.43106],[22.90603,62.42521],[22.86649,62.41142],[22.87841,62.3734],[22.9587,62.35213],[23.01649,62.28851],[23.02481,62.28597]]]}},{"type":"Feature","properties":{"nr":"61760"},"geometry":{"type":"Polygon","coordinates":[[[22.79501,62.2599],[22.85508,62.27572],[22.79033,62.29646],[22.76231,62.33256],[22.772,62.36624],[22.72573,62.40413],[22.65224,62.3854],[22.61322,62.33842],[22.61961,62.31056],[22.64792,62.27939],[22.7027,62.28403],[22.79501,62.2599]]]}},{"type":"Feature","properties":{"nr":"61800"},"geometry":{"type":"Polygon","coordinates":[[[22.19563,62.33163],[22.36245,62.37683],[22.31272,62.40571],[22.15782,62.45097],[22.07383,62.43706],[22.0015,62.40681],[22.11965,62.39933],[22.19563,62.33163]]]}},{"type":"Feature","properties":{"nr":"62175"},"geometry":{"type":"Polygon","coordinates":[[[23.33831,62.88523],[23.32501,62.8889],[23.25266,62.88176],[23.21406,62.84539],[23.23181,62.81328],[23.26418,62.80277],[23.34249,62.80946],[23.37187,62.83573],[23.33831,62.88523]]]}},{"type":"Feature","properties":{"nr":"61810"},"geometry":{"type":"Polygon","coordinates":[[[22.07383,62.43706],[22.15782,62.45097],[22.16064,62.48118],[22.22988,62.50873],[22.21671,62.52811],[22.14014,62.53591],[22.13062,62.53268],[22.13146,62.51421],[22.05107,62.45026],[22.07383,62.43706]]]}},{"type":"Feature","properties":{"nr":"61820"},"geometry":{"type":"Polygon","coordinates":[[[22.13062,62.53268],[22.04612,62.54486],[22.01182,62.53384],[21.9802,62.50057],[21.99341,62.44208],[21.9338,62.42357],[21.9319,62.40375],[22.0015,62.40681],[22.07383,62.43706],[22.05107,62.45026],[22.13146,62.51421],[22.13062,62.53268]]]}},{"type":"Feature","properties":{"nr":"61840"},"geometry":{"type":"Polygon","coordinates":[[[22.0836,62.61397],[22.01041,62.59932],[21.95596,62.61247],[21.91529,62.59714],[21.86684,62.55417],[21.88288,62.53756],[21.92875,62.52501],[22.01182,62.53384],[22.04612,62.54486],[22.09248,62.55928],[22.12299,62.59474],[22.0836,62.61397]]]}},{"type":"Feature","properties":{"nr":"61850"},"geometry":{"type":"Polygon","coordinates":[[[22.39402,62.35229],[22.48005,62.35351],[22.52624,62.32517],[22.58493,62.33968],[22.50546,62.36532],[22.4837,62.40386],[22.54736,62.45839],[22.51834,62.48599],[22.43084,62.49305],[22.38418,62.49618],[22.35052,62.48342],[22.26291,62.49355],[22.22988,62.50873],[22.16064,62.48118],[22.15782,62.45097],[22.31272,62.40571],[22.36245,62.37683],[22.39402,62.35229]]]}},{"type":"Feature","properties":{"nr":"61860"},"geometry":{"type":"Polygon","coordinates":[[[22.22988,62.50873],[22.26291,62.49355],[22.35052,62.48342],[22.38418,62.49618],[22.25723,62.53498],[22.21671,62.52811],[22.22988,62.50873]]]}},{"type":"Feature","properties":{"nr":"61880"},"geometry":{"type":"Polygon","coordinates":[[[22.61322,62.33842],[22.65224,62.3854],[22.63961,62.437],[22.61566,62.45207],[22.54736,62.45839],[22.4837,62.40386],[22.50546,62.36532],[22.58493,62.33968],[22.61322,62.33842]]]}},{"type":"Feature","properties":{"nr":"61910"},"geometry":{"type":"Polygon","coordinates":[[[22.46173,62.24584],[22.4685,62.26424],[22.55838,62.26178],[22.61961,62.31056],[22.61322,62.33842],[22.58493,62.33968],[22.52624,62.32517],[22.48005,62.35351],[22.39402,62.35229],[22.33991,62.29569],[22.37263,62.25612],[22.46173,62.24584]]]}},{"type":"Feature","properties":{"nr":"61920"},"geometry":{"type":"Polygon","coordinates":[[[22.39787,62.19871],[22.54058,62.20998],[22.56129,62.22581],[22.55838,62.26178],[22.4685,62.26424],[22.46173,62.24584],[22.39522,62.2092],[22.39787,62.19871]]]}},{"type":"Feature","properties":{"nr":"61940"},"geometry":{"type":"Polygon","coordinates":[[[22.19706,62.2531],[22.21957,62.28722],[22.33991,62.29569],[22.39402,62.35229],[22.36245,62.37683],[22.19563,62.33163],[22.21389,62.31322],[22.15546,62.29119],[22.19706,62.2531]]]}},{"type":"Feature","properties":{"nr":"61950"},"geometry":{"type":"Polygon","coordinates":[[[22.39522,62.2092],[22.46173,62.24584],[22.37263,62.25612],[22.33991,62.29569],[22.21957,62.28722],[22.19706,62.2531],[22.19689,62.24427],[22.31666,62.23662],[22.39522,62.2092]]]}},{"type":"Feature","properties":{"nr":"61980"},"geometry":{"type":"Polygon","coordinates":[[[22.0015,62.40681],[21.9319,62.40375],[21.90108,62.35179],[21.91382,62.29104],[21.98691,62.28877],[21.99351,62.26009],[21.94355,62.22701],[22.00771,62.22023],[22.12404,62.19362],[22.15212,62.18869],[22.19689,62.24427],[22.19706,62.2531],[22.15546,62.29119],[22.21389,62.31322],[22.19563,62.33163],[22.11965,62.39933],[22.0015,62.40681]]]}},{"type":"Feature","properties":{"nr":"62100"},"geometry":{"type":"Polygon","coordinates":[[[23.15458,63.04429],[23.09485,63.04904],[23.05895,63.03098],[22.96242,63.02346],[22.94585,63.04864],[22.92786,63.05023],[22.88736,63.00665],[22.91432,62.97025],[22.80744,62.97468],[22.82236,62.94426],[22.83368,62.87858],[22.87534,62.88188],[22.89592,62.92223],[22.97521,62.9219],[23.03143,62.93532],[23.07671,62.89186],[23.07093,62.86869],[23.04518,62.82048],[23.15587,62.82419],[23.1109,62.90532],[23.09258,62.94777],[23.15515,62.98267],[23.15458,63.04429]]]}},{"type":"Feature","properties":{"nr":"62130"},"geometry":{"type":"Polygon","coordinates":[[[22.89753,63.06876],[22.80984,63.07475],[22.77495,63.04347],[22.80924,62.99812],[22.79234,62.97741],[22.80744,62.97468],[22.91432,62.97025],[22.88736,63.00665],[22.92786,63.05023],[22.89753,63.06876]]]}},{"type":"Feature","properties":{"nr":"62150"},"geometry":{"type":"Polygon","coordinates":[[[22.80984,63.07475],[22.89753,63.06876],[22.8806,63.09134],[22.80966,63.0813],[22.80984,63.07475]]]}},{"type":"Feature","properties":{"nr":"62160"},"geometry":{"type":"Polygon","coordinates":[[[23.25708,62.94771],[23.15515,62.98267],[23.09258,62.94777],[23.1109,62.90532],[23.187,62.91711],[23.25778,62.93976],[23.25708,62.94771]]]}},{"type":"Feature","properties":{"nr":"62165"},"geometry":{"type":"Polygon","coordinates":[[[23.25266,62.88176],[23.32501,62.8889],[23.25778,62.93976],[23.187,62.91711],[23.25266,62.88176]]]}},{"type":"Feature","properties":{"nr":"62170"},"geometry":{"type":"Polygon","coordinates":[[[23.43942,62.88601],[23.46637,62.93124],[23.45859,62.93613],[23.27776,62.95568],[23.25708,62.94771],[23.25778,62.93976],[23.32501,62.8889],[23.33831,62.88523],[23.43942,62.88601]]]}},{"type":"Feature","properties":{"nr":"62950"},"geometry":{"type":"Polygon","coordinates":[[[23.88737,63.11742],[23.86619,63.06663],[23.89303,63.04177],[23.9761,63.03877],[24.01227,63.07792],[24.0687,63.10843],[23.95014,63.11749],[23.88737,63.11742]]]}},{"type":"Feature","properties":{"nr":"62190"},"geometry":{"type":"Polygon","coordinates":[[[23.07093,62.86869],[23.07671,62.89186],[23.03143,62.93532],[22.97521,62.9219],[22.89592,62.92223],[22.87534,62.88188],[22.98414,62.88135],[23.07093,62.86869]]]}},{"type":"Feature","properties":{"nr":"62200"},"geometry":{"type":"Polygon","coordinates":[[[22.94585,63.04864],[22.96242,63.02346],[23.05895,63.03098],[23.09485,63.04904],[23.15458,63.04429],[23.18035,63.05283],[23.17325,63.07823],[23.10685,63.11536],[23.12756,63.13915],[23.0574,63.17844],[23.09023,63.20637],[23.04397,63.20419],[22.99505,63.23298],[22.97648,63.23314],[22.91724,63.19194],[22.93015,63.16371],[22.92575,63.12107],[22.99568,63.09011],[22.94585,63.04864]]]}},{"type":"Feature","properties":{"nr":"62290"},"geometry":{"type":"Polygon","coordinates":[[[23.27776,62.95568],[23.45859,62.93613],[23.47962,62.95372],[23.36785,63.01167],[23.25647,63.02819],[23.23473,62.99195],[23.27776,62.95568]]]}},{"type":"Feature","properties":{"nr":"62220"},"geometry":{"type":"Polygon","coordinates":[[[22.94585,63.04864],[22.99568,63.09011],[22.92575,63.12107],[22.93015,63.16371],[22.91511,63.16141],[22.85537,63.11747],[22.8806,63.09134],[22.89753,63.06876],[22.92786,63.05023],[22.94585,63.04864]]]}},{"type":"Feature","properties":{"nr":"62230"},"geometry":{"type":"Polygon","coordinates":[[[23.17325,63.07823],[23.19954,63.1014],[23.15471,63.10987],[23.17646,63.16737],[23.09023,63.20637],[23.0574,63.17844],[23.12756,63.13915],[23.10685,63.11536],[23.17325,63.07823]]]}},{"type":"Feature","properties":{"nr":"62295"},"geometry":{"type":"Polygon","coordinates":[[[23.47962,62.95372],[23.47186,62.98034],[23.5317,62.99852],[23.55058,63.02891],[23.51189,63.05293],[23.46938,63.05768],[23.44804,63.1108],[23.4169,63.11205],[23.42698,63.07968],[23.37727,63.02369],[23.36785,63.01167],[23.47962,62.95372]]]}},{"type":"Feature","properties":{"nr":"62240"},"geometry":{"type":"Polygon","coordinates":[[[23.37727,63.02369],[23.42698,63.07968],[23.4169,63.11205],[23.4568,63.15306],[23.43507,63.17195],[23.39222,63.17071],[23.35908,63.19839],[23.26151,63.20755],[23.23961,63.19664],[23.17646,63.16737],[23.15471,63.10987],[23.19954,63.1014],[23.26762,63.09701],[23.37727,63.02369]]]}},{"type":"Feature","properties":{"nr":"62260"},"geometry":{"type":"Polygon","coordinates":[[[23.25647,63.02819],[23.36785,63.01167],[23.37727,63.02369],[23.26762,63.09701],[23.19954,63.1014],[23.17325,63.07823],[23.18035,63.05283],[23.25647,63.02819]]]}},{"type":"Feature","properties":{"nr":"62280"},"geometry":{"type":"Polygon","coordinates":[[[23.27776,62.95568],[23.23473,62.99195],[23.25647,63.02819],[23.18035,63.05283],[23.15458,63.04429],[23.15515,62.98267],[23.25708,62.94771],[23.27776,62.95568]]]}},{"type":"Feature","properties":{"nr":"62350"},"geometry":{"type":"Polygon","coordinates":[[[22.68019,63.34318],[22.7868,63.32477],[22.76263,63.3606],[22.68019,63.34318]]]}},{"type":"Feature","properties":{"nr":"62300"},"geometry":{"type":"Polygon","coordinates":[[[22.84174,63.16801],[22.91511,63.16141],[22.93015,63.16371],[22.91724,63.19194],[22.97648,63.23314],[22.9695,63.27268],[22.83317,63.27134],[22.7818,63.22465],[22.73324,63.20962],[22.7402,63.16925],[22.84174,63.16801]]]}},{"type":"Feature","properties":{"nr":"62310"},"geometry":{"type":"Polygon","coordinates":[[[22.95342,63.34217],[22.83694,63.3671],[22.76263,63.3606],[22.7868,63.32477],[22.68019,63.34318],[22.65447,63.33881],[22.60902,63.30476],[22.56564,63.28028],[22.55559,63.25412],[22.61605,63.2294],[22.64709,63.2383],[22.70807,63.2107],[22.73324,63.20962],[22.7818,63.22465],[22.83317,63.27134],[22.9695,63.27268],[22.97591,63.29317],[22.88992,63.3189],[22.95342,63.34217]]]}},{"type":"Feature","properties":{"nr":"62340"},"geometry":{"type":"Polygon","coordinates":[[[22.60983,63.20546],[22.67016,63.18948],[22.70807,63.2107],[22.64709,63.2383],[22.61605,63.2294],[22.60983,63.20546]]]}},{"type":"Feature","properties":{"nr":"62370"},"geometry":{"type":"Polygon","coordinates":[[[22.84174,63.16801],[22.8213,63.16007],[22.83589,63.15614],[22.83571,63.16231],[22.84174,63.16801]]]}},{"type":"Feature","properties":{"nr":"62375"},"geometry":{"type":"Polygon","coordinates":[[[22.84174,63.16801],[22.7402,63.16925],[22.73324,63.20962],[22.70807,63.2107],[22.67016,63.18948],[22.60983,63.20546],[22.56606,63.16204],[22.57898,63.15601],[22.62752,63.15687],[22.66271,63.12138],[22.62933,63.09618],[22.68455,63.06176],[22.71716,63.06116],[22.73518,63.09997],[22.80966,63.0813],[22.8806,63.09134],[22.85537,63.11747],[22.91511,63.16141],[22.84174,63.16801],[22.83571,63.16231],[22.83589,63.15614],[22.8213,63.16007],[22.84174,63.16801]]]}},{"type":"Feature","properties":{"nr":"62380"},"geometry":{"type":"Polygon","coordinates":[[[22.80966,63.0813],[22.73518,63.09997],[22.71716,63.06116],[22.77495,63.04347],[22.80984,63.07475],[22.80966,63.0813]]]}},{"type":"Feature","properties":{"nr":"62395"},"geometry":{"type":"Polygon","coordinates":[[[22.62933,63.09618],[22.66271,63.12138],[22.62752,63.15687],[22.57898,63.15601],[22.54768,63.12335],[22.59524,63.09261],[22.62933,63.09618]]]}},{"type":"Feature","properties":{"nr":"62410"},"geometry":{"type":"Polygon","coordinates":[[[23.23961,63.19664],[23.19426,63.21837],[23.11847,63.24517],[23.03629,63.24783],[22.99505,63.23298],[23.04397,63.20419],[23.09023,63.20637],[23.17646,63.16737],[23.23961,63.19664]]]}},{"type":"Feature","properties":{"nr":"62420"},"geometry":{"type":"Polygon","coordinates":[[[23.28563,63.31105],[23.21944,63.3604],[23.26004,63.39209],[23.20784,63.40852],[23.16407,63.3785],[23.06579,63.36365],[23.06764,63.33639],[23.1186,63.31355],[23.08505,63.29438],[23.03629,63.24783],[23.11847,63.24517],[23.19426,63.21837],[23.23847,63.24286],[23.22277,63.2948],[23.28563,63.31105]]]}},{"type":"Feature","properties":{"nr":"62430"},"geometry":{"type":"Polygon","coordinates":[[[23.08505,63.29438],[23.1186,63.31355],[23.06764,63.33639],[23.06579,63.36365],[22.97933,63.34271],[22.97787,63.34173],[22.99689,63.32113],[23.08505,63.29438]]]}},{"type":"Feature","properties":{"nr":"62435"},"geometry":{"type":"Polygon","coordinates":[[[22.99505,63.23298],[23.03629,63.24783],[23.08505,63.29438],[22.99689,63.32113],[22.97591,63.29317],[22.9695,63.27268],[22.97648,63.23314],[22.99505,63.23298]]]}},{"type":"Feature","properties":{"nr":"62440"},"geometry":{"type":"Polygon","coordinates":[[[22.97591,63.29317],[22.99689,63.32113],[22.97787,63.34173],[22.95342,63.34217],[22.88992,63.3189],[22.97591,63.29317]]]}},{"type":"Feature","properties":{"nr":"62470"},"geometry":{"type":"Polygon","coordinates":[[[23.45166,63.25763],[23.4537,63.29284],[23.35369,63.31347],[23.28563,63.31105],[23.22277,63.2948],[23.23847,63.24286],[23.19426,63.21837],[23.23961,63.19664],[23.26151,63.20755],[23.35908,63.19839],[23.36523,63.23997],[23.45166,63.25763]]]}},{"type":"Feature","properties":{"nr":"62540"},"geometry":{"type":"Polygon","coordinates":[[[23.26004,63.39209],[23.31447,63.39],[23.34844,63.42093],[23.41762,63.4153],[23.3594,63.46807],[23.27142,63.47757],[23.22733,63.45255],[23.19585,63.42739],[23.20784,63.40852],[23.26004,63.39209]]]}},{"type":"Feature","properties":{"nr":"62500"},"geometry":{"type":"Polygon","coordinates":[[[23.60409,63.40505],[23.55865,63.4603],[23.4292,63.48501],[23.3594,63.46807],[23.41762,63.4153],[23.34844,63.42093],[23.31447,63.39],[23.26004,63.39209],[23.21944,63.3604],[23.28563,63.31105],[23.35369,63.31347],[23.40814,63.34152],[23.45037,63.34374],[23.46212,63.36515],[23.49017,63.33245],[23.52382,63.31327],[23.64165,63.3136],[23.59231,63.35832],[23.60409,63.40505]]]}},{"type":"Feature","properties":{"nr":"62510"},"geometry":{"type":"Polygon","coordinates":[[[23.49017,63.33245],[23.46212,63.36515],[23.45037,63.34374],[23.49017,63.33245]]]}},{"type":"Feature","properties":{"nr":"62520"},"geometry":{"type":"Polygon","coordinates":[[[23.45037,63.34374],[23.40814,63.34152],[23.35369,63.31347],[23.4537,63.29284],[23.52382,63.31327],[23.49017,63.33245],[23.45037,63.34374]]]}},{"type":"Feature","properties":{"nr":"62570"},"geometry":{"type":"Polygon","coordinates":[[[23.70353,63.28999],[23.73741,63.29774],[23.71417,63.36295],[23.67907,63.39825],[23.60409,63.40505],[23.59231,63.35832],[23.64165,63.3136],[23.70353,63.28999]]]}},{"type":"Feature","properties":{"nr":"62600"},"geometry":{"type":"Polygon","coordinates":[[[23.65923,63.11488],[23.7031,63.12301],[23.71588,63.15017],[23.71845,63.16221],[23.73515,63.19711],[23.66856,63.23415],[23.70223,63.25801],[23.70353,63.28999],[23.64165,63.3136],[23.52382,63.31327],[23.4537,63.29284],[23.45166,63.25763],[23.5997,63.20156],[23.56405,63.1892],[23.57926,63.16554],[23.61482,63.12854],[23.65923,63.11488]]]}},{"type":"Feature","properties":{"nr":"62610"},"geometry":{"type":"Polygon","coordinates":[[[23.35908,63.19839],[23.39222,63.17071],[23.43507,63.17195],[23.44666,63.21482],[23.54445,63.21253],[23.56405,63.1892],[23.5997,63.20156],[23.45166,63.25763],[23.36523,63.23997],[23.35908,63.19839]]]}},{"type":"Feature","properties":{"nr":"62620"},"geometry":{"type":"Polygon","coordinates":[[[23.4568,63.15306],[23.57926,63.16554],[23.56405,63.1892],[23.54445,63.21253],[23.44666,63.21482],[23.43507,63.17195],[23.4568,63.15306]]]}},{"type":"Feature","properties":{"nr":"62630"},"geometry":{"type":"Polygon","coordinates":[[[23.51189,63.05293],[23.53777,63.07643],[23.64959,63.09597],[23.65923,63.11488],[23.61482,63.12854],[23.57926,63.16554],[23.4568,63.15306],[23.4169,63.11205],[23.44804,63.1108],[23.46938,63.05768],[23.51189,63.05293]]]}},{"type":"Feature","properties":{"nr":"62660"},"geometry":{"type":"Polygon","coordinates":[[[23.83502,63.19716],[23.85278,63.20517],[23.88264,63.23351],[23.94018,63.26397],[23.83453,63.28417],[23.78316,63.27821],[23.73741,63.29774],[23.70353,63.28999],[23.70223,63.25801],[23.66856,63.23415],[23.73515,63.19711],[23.83502,63.19716]]]}},{"type":"Feature","properties":{"nr":"62710"},"geometry":{"type":"Polygon","coordinates":[[[23.73392,62.98441],[23.76523,63.04914],[23.72584,63.06836],[23.65694,63.08899],[23.64645,63.05528],[23.67053,63.02515],[23.63486,62.99349],[23.6641,62.96801],[23.72762,62.97656],[23.73392,62.98441]]]}},{"type":"Feature","properties":{"nr":"62720"},"geometry":{"type":"Polygon","coordinates":[[[23.63486,62.99349],[23.67053,63.02515],[23.64472,63.04304],[23.55058,63.02891],[23.5317,62.99852],[23.63486,62.99349]]]}},{"type":"Feature","properties":{"nr":"62730"},"geometry":{"type":"Polygon","coordinates":[[[23.67053,63.02515],[23.64645,63.05528],[23.64472,63.04304],[23.67053,63.02515]]]}},{"type":"Feature","properties":{"nr":"62990"},"geometry":{"type":"Polygon","coordinates":[[[24.28732,63.00358],[24.28535,63.04406],[24.32719,63.12246],[24.21047,63.12939],[24.18728,63.09165],[24.18916,63.02649],[24.14757,63.00158],[24.28732,63.00358]]]}},{"type":"Feature","properties":{"nr":"62740"},"geometry":{"type":"Polygon","coordinates":[[[23.74387,62.96087],[23.73392,62.98441],[23.72762,62.97656],[23.74387,62.96087]]]}},{"type":"Feature","properties":{"nr":"62750"},"geometry":{"type":"Polygon","coordinates":[[[23.74387,62.96087],[23.72762,62.97656],[23.6641,62.96801],[23.68375,62.93566],[23.64808,62.91035],[23.71234,62.88833],[23.8104,62.89202],[23.82636,62.93314],[23.74387,62.96087]]]}},{"type":"Feature","properties":{"nr":"62760"},"geometry":{"type":"Polygon","coordinates":[[[23.46637,62.93124],[23.54397,62.92183],[23.59473,62.89678],[23.64808,62.91035],[23.68375,62.93566],[23.6641,62.96801],[23.63486,62.99349],[23.5317,62.99852],[23.47186,62.98034],[23.47962,62.95372],[23.45859,62.93613],[23.46637,62.93124]]]}},{"type":"Feature","properties":{"nr":"62800"},"geometry":{"type":"Polygon","coordinates":[[[23.95014,63.11749],[24.09773,63.18886],[24.16279,63.19991],[24.13485,63.21874],[23.95653,63.16269],[23.93868,63.18255],[23.85278,63.20517],[23.83502,63.19716],[23.76397,63.16619],[23.71845,63.16221],[23.71588,63.15017],[23.76781,63.14158],[23.79071,63.11186],[23.7031,63.12301],[23.65923,63.11488],[23.64959,63.09597],[23.65694,63.08899],[23.72584,63.06836],[23.8041,63.0894],[23.88737,63.11742],[23.95014,63.11749]]]}},{"type":"Feature","properties":{"nr":"62830"},"geometry":{"type":"Polygon","coordinates":[[[23.83914,63.04345],[23.86619,63.06663],[23.88737,63.11742],[23.8041,63.0894],[23.79444,63.0554],[23.83914,63.04345]]]}},{"type":"Feature","properties":{"nr":"62840"},"geometry":{"type":"Polygon","coordinates":[[[23.7031,63.12301],[23.79071,63.11186],[23.76781,63.14158],[23.71588,63.15017],[23.7031,63.12301]]]}},{"type":"Feature","properties":{"nr":"62860"},"geometry":{"type":"Polygon","coordinates":[[[23.83502,63.19716],[23.73515,63.19711],[23.71845,63.16221],[23.76397,63.16619],[23.83502,63.19716]]]}},{"type":"Feature","properties":{"nr":"62870"},"geometry":{"type":"Polygon","coordinates":[[[23.93868,63.18255],[23.94612,63.21127],[23.88264,63.23351],[23.85278,63.20517],[23.93868,63.18255]]]}},{"type":"Feature","properties":{"nr":"62880"},"geometry":{"type":"Polygon","coordinates":[[[23.93868,63.18255],[23.95653,63.16269],[24.13485,63.21874],[24.04768,63.26],[24.02842,63.2626],[23.94018,63.26397],[23.88264,63.23351],[23.94612,63.21127],[23.93868,63.18255]]]}},{"type":"Feature","properties":{"nr":"62900"},"geometry":{"type":"Polygon","coordinates":[[[24.21047,63.12939],[24.19968,63.15973],[24.13108,63.16376],[24.0687,63.10843],[24.01227,63.07792],[23.9761,63.03877],[23.95769,62.99754],[23.89543,62.99479],[23.84298,63.02008],[23.83914,63.04345],[23.79444,63.0554],[23.8041,63.0894],[23.72584,63.06836],[23.76523,63.04914],[23.73392,62.98441],[23.74387,62.96087],[23.82636,62.93314],[23.88173,62.93523],[23.94031,62.9783],[23.98404,62.97375],[24.0183,62.94055],[24.02692,62.97167],[24.08739,62.96613],[24.15555,62.99377],[24.14757,63.00158],[24.18916,63.02649],[24.18728,63.09165],[24.21047,63.12939]]]}},{"type":"Feature","properties":{"nr":"62920"},"geometry":{"type":"Polygon","coordinates":[[[24.0183,62.94055],[23.98404,62.97375],[23.94031,62.9783],[23.88173,62.93523],[23.9065,62.9213],[24.02043,62.93901],[24.0183,62.94055]]]}},{"type":"Feature","properties":{"nr":"62940"},"geometry":{"type":"Polygon","coordinates":[[[23.9761,63.03877],[23.89303,63.04177],[23.86619,63.06663],[23.83914,63.04345],[23.84298,63.02008],[23.89543,62.99479],[23.95769,62.99754],[23.9761,63.03877]]]}},{"type":"Feature","properties":{"nr":"63100"},"geometry":{"type":"Polygon","coordinates":[[[23.56099,62.77985],[23.60017,62.82864],[23.49564,62.83959],[23.47409,62.81787],[23.49846,62.7855],[23.56099,62.77985]]]}},{"type":"Feature","properties":{"nr":"63120"},"geometry":{"type":"Polygon","coordinates":[[[23.71635,62.73471],[23.74614,62.75913],[23.72507,62.78549],[23.65039,62.85293],[23.60017,62.82864],[23.56099,62.77985],[23.58159,62.74541],[23.63038,62.73954],[23.71635,62.73471]]]}},{"type":"Feature","properties":{"nr":"63130"},"geometry":{"type":"Polygon","coordinates":[[[23.456,62.70672],[23.51562,62.73011],[23.58159,62.74541],[23.56099,62.77985],[23.49846,62.7855],[23.47409,62.81787],[23.4175,62.84516],[23.37187,62.83573],[23.34249,62.80946],[23.26418,62.80277],[23.23656,62.77294],[23.29541,62.74151],[23.456,62.70672]]]}},{"type":"Feature","properties":{"nr":"63150"},"geometry":{"type":"Polygon","coordinates":[[[23.64808,62.91035],[23.59473,62.89678],[23.54397,62.92183],[23.46637,62.93124],[23.43942,62.88601],[23.4175,62.84516],[23.47409,62.81787],[23.49564,62.83959],[23.60017,62.82864],[23.65039,62.85293],[23.71234,62.88833],[23.64808,62.91035]]]}},{"type":"Feature","properties":{"nr":"63160"},"geometry":{"type":"Polygon","coordinates":[[[23.37187,62.83573],[23.4175,62.84516],[23.43942,62.88601],[23.33831,62.88523],[23.37187,62.83573]]]}},{"type":"Feature","properties":{"nr":"63210"},"geometry":{"type":"Polygon","coordinates":[[[23.46806,62.62322],[23.48711,62.6777],[23.46916,62.70039],[23.456,62.70672],[23.29541,62.74151],[23.28181,62.71765],[23.33493,62.70613],[23.3828,62.6374],[23.40458,62.61144],[23.46806,62.62322]]]}},{"type":"Feature","properties":{"nr":"63230"},"geometry":{"type":"Polygon","coordinates":[[[23.63038,62.73954],[23.58159,62.74541],[23.51562,62.73011],[23.46916,62.70039],[23.48711,62.6777],[23.55259,62.65091],[23.58617,62.65863],[23.60594,62.67928],[23.63038,62.73954]]]}},{"type":"Feature","properties":{"nr":"63250"},"geometry":{"type":"Polygon","coordinates":[[[23.51562,62.73011],[23.456,62.70672],[23.46916,62.70039],[23.51562,62.73011]]]}},{"type":"Feature","properties":{"nr":"88380"},"geometry":{"type":"Polygon","coordinates":[[[27.90757,64.3807],[28.02798,64.34916],[28.10158,64.36681],[28.09338,64.40886],[28.13219,64.4617],[28.04311,64.46662],[27.96662,64.45783],[27.90955,64.41631],[27.90757,64.3807]]]}},{"type":"Feature","properties":{"nr":"63300"},"geometry":{"type":"Polygon","coordinates":[[[23.75177,62.50739],[23.69244,62.62586],[23.67622,62.60615],[23.50431,62.60978],[23.52854,62.5363],[23.51568,62.49312],[23.56077,62.49123],[23.56312,62.51575],[23.65179,62.53078],[23.65361,62.49616],[23.68314,62.46331],[23.73808,62.44669],[23.74542,62.45713],[23.72509,62.48066],[23.75177,62.50739]]]}},{"type":"Feature","properties":{"nr":"63320"},"geometry":{"type":"Polygon","coordinates":[[[23.74542,62.45713],[23.82079,62.46489],[23.84196,62.49921],[23.75177,62.50739],[23.72509,62.48066],[23.74542,62.45713]]]}},{"type":"Feature","properties":{"nr":"63330"},"geometry":{"type":"Polygon","coordinates":[[[23.61065,62.4704],[23.68314,62.46331],[23.65361,62.49616],[23.65179,62.53078],[23.56312,62.51575],[23.56077,62.49123],[23.61065,62.4704]]]}},{"type":"Feature","properties":{"nr":"63340"},"geometry":{"type":"Polygon","coordinates":[[[23.68314,62.46331],[23.61065,62.4704],[23.58557,62.44861],[23.59441,62.41341],[23.6674,62.41051],[23.72125,62.43321],[23.75312,62.41038],[23.76309,62.41567],[23.73808,62.44669],[23.68314,62.46331]]]}},{"type":"Feature","properties":{"nr":"63350"},"geometry":{"type":"Polygon","coordinates":[[[23.50476,62.40321],[23.59441,62.41341],[23.58557,62.44861],[23.61065,62.4704],[23.56077,62.49123],[23.51568,62.49312],[23.49992,62.49157],[23.48219,62.47167],[23.50476,62.40321]]]}},{"type":"Feature","properties":{"nr":"63355"},"geometry":{"type":"Polygon","coordinates":[[[23.37027,62.36605],[23.50019,62.37498],[23.50476,62.40321],[23.48219,62.47167],[23.40099,62.47997],[23.34602,62.45867],[23.34902,62.42794],[23.3128,62.4096],[23.31693,62.37241],[23.37027,62.36605]]]}},{"type":"Feature","properties":{"nr":"63360"},"geometry":{"type":"Polygon","coordinates":[[[23.51568,62.49312],[23.52854,62.5363],[23.50431,62.60978],[23.46806,62.62322],[23.40458,62.61144],[23.42685,62.59107],[23.43026,62.51184],[23.49992,62.49157],[23.51568,62.49312]]]}},{"type":"Feature","properties":{"nr":"63530"},"geometry":{"type":"Polygon","coordinates":[[[23.79595,62.77684],[23.78505,62.80359],[23.86104,62.81614],[23.85677,62.87331],[23.8104,62.89202],[23.71234,62.88833],[23.65039,62.85293],[23.72507,62.78549],[23.79595,62.77684]]]}},{"type":"Feature","properties":{"nr":"63370"},"geometry":{"type":"Polygon","coordinates":[[[23.40458,62.61144],[23.3828,62.6374],[23.3707,62.60374],[23.27918,62.59475],[23.25885,62.56237],[23.27978,62.48878],[23.34602,62.45867],[23.40099,62.47997],[23.48219,62.47167],[23.49992,62.49157],[23.43026,62.51184],[23.42685,62.59107],[23.40458,62.61144]]]}},{"type":"Feature","properties":{"nr":"63400"},"geometry":{"type":"Polygon","coordinates":[[[23.58617,62.65863],[23.55259,62.65091],[23.48711,62.6777],[23.46806,62.62322],[23.50431,62.60978],[23.67622,62.60615],[23.69244,62.62586],[23.6927,62.6365],[23.59678,62.63444],[23.58617,62.65863]]]}},{"type":"Feature","properties":{"nr":"63410"},"geometry":{"type":"Polygon","coordinates":[[[23.58617,62.65863],[23.59678,62.63444],[23.6927,62.6365],[23.70986,62.64724],[23.69941,62.67916],[23.60594,62.67928],[23.58617,62.65863]]]}},{"type":"Feature","properties":{"nr":"63540"},"geometry":{"type":"Polygon","coordinates":[[[23.94911,62.82569],[24.04085,62.84869],[23.96683,62.8663],[23.94911,62.82569]]]}},{"type":"Feature","properties":{"nr":"63430"},"geometry":{"type":"Polygon","coordinates":[[[23.69941,62.67916],[23.75292,62.69479],[23.78054,62.72265],[23.77917,62.72543],[23.71635,62.73471],[23.63038,62.73954],[23.60594,62.67928],[23.69941,62.67916]]]}},{"type":"Feature","properties":{"nr":"63450"},"geometry":{"type":"Polygon","coordinates":[[[23.77917,62.72543],[23.81569,62.77126],[23.79595,62.77684],[23.72507,62.78549],[23.74614,62.75913],[23.71635,62.73471],[23.77917,62.72543]]]}},{"type":"Feature","properties":{"nr":"63500"},"geometry":{"type":"Polygon","coordinates":[[[24.03192,62.75722],[24.0397,62.76575],[24.07642,62.79139],[24.07952,62.82088],[24.13575,62.82135],[24.09451,62.85014],[24.0139,62.87263],[24.02043,62.93901],[23.9065,62.9213],[23.88173,62.93523],[23.82636,62.93314],[23.8104,62.89202],[23.85677,62.87331],[23.86104,62.81614],[23.94655,62.79999],[24.03192,62.75722]],[[23.94911,62.82569],[23.96683,62.8663],[24.04085,62.84869],[23.94911,62.82569]]]}},{"type":"Feature","properties":{"nr":"63510"},"geometry":{"type":"Polygon","coordinates":[[[23.93779,62.75249],[24.04202,62.73935],[24.03192,62.75722],[23.94655,62.79999],[23.86104,62.81614],[23.78505,62.80359],[23.79595,62.77684],[23.81569,62.77126],[23.86683,62.74472],[23.93779,62.75249]]]}},{"type":"Feature","properties":{"nr":"63600"},"geometry":{"type":"Polygon","coordinates":[[[23.70986,62.64724],[23.78888,62.63193],[23.83692,62.60053],[23.87059,62.6322],[23.93653,62.63107],[23.95724,62.64671],[23.85528,62.67372],[23.78054,62.72265],[23.75292,62.69479],[23.69941,62.67916],[23.70986,62.64724]]]}},{"type":"Feature","properties":{"nr":"63610"},"geometry":{"type":"Polygon","coordinates":[[[23.84196,62.49921],[23.87937,62.51958],[23.91319,62.55462],[23.87209,62.55901],[23.83692,62.60053],[23.78888,62.63193],[23.70986,62.64724],[23.6927,62.6365],[23.69244,62.62586],[23.75177,62.50739],[23.84196,62.49921]]]}},{"type":"Feature","properties":{"nr":"63640"},"geometry":{"type":"Polygon","coordinates":[[[23.95724,62.64671],[24.00696,62.66132],[23.93779,62.75249],[23.86683,62.74472],[23.81569,62.77126],[23.77917,62.72543],[23.78054,62.72265],[23.85528,62.67372],[23.95724,62.64671]]]}},{"type":"Feature","properties":{"nr":"63660"},"geometry":{"type":"Polygon","coordinates":[[[24.00696,62.66132],[24.04752,62.66188],[24.06107,62.70979],[24.04202,62.73935],[23.93779,62.75249],[24.00696,62.66132]]]}},{"type":"Feature","properties":{"nr":"63680"},"geometry":{"type":"Polygon","coordinates":[[[23.91319,62.55462],[23.97737,62.54949],[23.99318,62.58919],[23.93653,62.63107],[23.87059,62.6322],[23.83692,62.60053],[23.87209,62.55901],[23.91319,62.55462]]]}},{"type":"Feature","properties":{"nr":"63700"},"geometry":{"type":"Polygon","coordinates":[[[24.05686,62.41582],[24.13263,62.42329],[24.15675,62.44928],[24.11973,62.47145],[24.13157,62.52643],[24.10876,62.54856],[24.16701,62.57001],[24.22241,62.64345],[24.24054,62.68417],[24.19422,62.68648],[24.12438,62.68936],[24.10381,62.70937],[24.0397,62.76575],[24.03192,62.75722],[24.04202,62.73935],[24.06107,62.70979],[24.04752,62.66188],[24.00696,62.66132],[23.95724,62.64671],[23.93653,62.63107],[23.99318,62.58919],[23.97737,62.54949],[23.91319,62.55462],[23.87937,62.51958],[23.99243,62.51029],[24.00465,62.47097],[24.0451,62.45089],[24.05686,62.41582]]]}},{"type":"Feature","properties":{"nr":"63770"},"geometry":{"type":"Polygon","coordinates":[[[23.91433,62.46334],[24.00465,62.47097],[23.99243,62.51029],[23.87937,62.51958],[23.84196,62.49921],[23.82079,62.46489],[23.91433,62.46334]]]}},{"type":"Feature","properties":{"nr":"63780"},"geometry":{"type":"Polygon","coordinates":[[[24.03674,62.36517],[24.05686,62.41582],[24.0451,62.45089],[24.00465,62.47097],[23.91433,62.46334],[23.95417,62.38935],[24.01645,62.3654],[24.03674,62.36517]]]}},{"type":"Feature","properties":{"nr":"63800"},"geometry":{"type":"Polygon","coordinates":[[[24.34175,62.95798],[24.25669,62.95395],[24.19457,62.96258],[24.15555,62.99377],[24.08739,62.96613],[24.02692,62.97167],[24.0183,62.94055],[24.02043,62.93901],[24.0139,62.87263],[24.09451,62.85014],[24.13575,62.82135],[24.19054,62.78212],[24.24348,62.74581],[24.19004,62.71806],[24.19422,62.68648],[24.24054,62.68417],[24.31813,62.70949],[24.3741,62.67777],[24.39722,62.70644],[24.48435,62.71624],[24.44605,62.77949],[24.4683,62.80371],[24.42333,62.82827],[24.43165,62.90334],[24.34175,62.95798]]]}},{"type":"Feature","properties":{"nr":"63830"},"geometry":{"type":"Polygon","coordinates":[[[24.34101,62.9618],[24.28732,63.00358],[24.14757,63.00158],[24.15555,62.99377],[24.19457,62.96258],[24.25669,62.95395],[24.34175,62.95798],[24.34101,62.9618]]]}},{"type":"Feature","properties":{"nr":"63880"},"geometry":{"type":"Polygon","coordinates":[[[24.0397,62.76575],[24.10381,62.70937],[24.10742,62.73816],[24.19054,62.78212],[24.13575,62.82135],[24.07952,62.82088],[24.07642,62.79139],[24.0397,62.76575]]]}},{"type":"Feature","properties":{"nr":"63890"},"geometry":{"type":"Polygon","coordinates":[[[24.10381,62.70937],[24.12438,62.68936],[24.19422,62.68648],[24.19004,62.71806],[24.24348,62.74581],[24.19054,62.78212],[24.10742,62.73816],[24.10381,62.70937]]]}},{"type":"Feature","properties":{"nr":"63900"},"geometry":{"type":"Polygon","coordinates":[[[24.46979,62.62698],[24.37465,62.67514],[24.33351,62.61168],[24.26937,62.60523],[24.27376,62.5748],[24.19752,62.51709],[24.25906,62.47877],[24.3313,62.47323],[24.35507,62.49437],[24.42078,62.48192],[24.50437,62.5207],[24.57029,62.53039],[24.46979,62.62698]]]}},{"type":"Feature","properties":{"nr":"63910"},"geometry":{"type":"Polygon","coordinates":[[[24.15675,62.44928],[24.19927,62.48039],[24.25906,62.47877],[24.19752,62.51709],[24.13157,62.52643],[24.11973,62.47145],[24.15675,62.44928]]]}},{"type":"Feature","properties":{"nr":"63920"},"geometry":{"type":"Polygon","coordinates":[[[24.13157,62.52643],[24.19752,62.51709],[24.27376,62.5748],[24.26937,62.60523],[24.33351,62.61168],[24.37465,62.67514],[24.3741,62.67777],[24.31813,62.70949],[24.24054,62.68417],[24.22241,62.64345],[24.16701,62.57001],[24.10876,62.54856],[24.13157,62.52643]]]}},{"type":"Feature","properties":{"nr":"63950"},"geometry":{"type":"Polygon","coordinates":[[[24.46979,62.62698],[24.5474,62.66912],[24.51967,62.70017],[24.48435,62.71624],[24.39722,62.70644],[24.3741,62.67777],[24.37465,62.67514],[24.46979,62.62698]]]}},{"type":"Feature","properties":{"nr":"64140"},"geometry":{"type":"Polygon","coordinates":[[[21.64277,62.33976],[21.48788,62.3643],[21.40648,62.34315],[21.42333,62.28622],[21.44659,62.27686],[21.49024,62.29134],[21.62515,62.30883],[21.64277,62.33976]]]}},{"type":"Feature","properties":{"nr":"64200"},"geometry":{"type":"Polygon","coordinates":[[[21.37262,62.5117],[21.32873,62.5634],[21.2839,62.54329],[21.35206,62.52434],[21.27853,62.46164],[21.25135,62.4239],[21.28761,62.41554],[21.32668,62.43848],[21.414,62.42026],[21.52044,62.4194],[21.50471,62.45811],[21.56062,62.47547],[21.5401,62.50701],[21.47143,62.51199],[21.37828,62.50473],[21.40881,62.49043],[21.38008,62.45436],[21.34011,62.4506],[21.37262,62.5117]]]}},{"type":"Feature","properties":{"nr":"64210"},"geometry":{"type":"Polygon","coordinates":[[[21.25135,62.4239],[21.27853,62.46164],[21.35206,62.52434],[21.2839,62.54329],[21.26436,62.54234],[21.25033,62.49666],[21.19574,62.47098],[21.16782,62.42813],[21.23467,62.42756],[21.25135,62.4239]]]}},{"type":"Feature","properties":{"nr":"64930"},"geometry":{"type":"Polygon","coordinates":[[[22.19601,62.07235],[22.15008,62.07763],[22.10381,62.11234],[22.01305,62.08261],[21.9879,62.01508],[21.99425,62.01339],[22.06221,62.01406],[22.17755,62.05085],[22.19601,62.07235]]]}},{"type":"Feature","properties":{"nr":"64220"},"geometry":{"type":"Polygon","coordinates":[[[21.57227,62.5627],[21.52259,62.57829],[21.44357,62.58138],[21.41185,62.6011],[21.33071,62.61231],[21.3064,62.58617],[21.32873,62.5634],[21.37262,62.5117],[21.37828,62.50473],[21.47143,62.51199],[21.5401,62.50701],[21.60994,62.53528],[21.57227,62.5627]]]}},{"type":"Feature","properties":{"nr":"64230"},"geometry":{"type":"Polygon","coordinates":[[[21.37262,62.5117],[21.34011,62.4506],[21.38008,62.45436],[21.40881,62.49043],[21.37828,62.50473],[21.37262,62.5117]]]}},{"type":"Feature","properties":{"nr":"64320"},"geometry":{"type":"Polygon","coordinates":[[[21.71947,62.21196],[21.71175,62.26012],[21.64969,62.28106],[21.57834,62.1684],[21.62485,62.13988],[21.69922,62.17084],[21.71947,62.21196]]]}},{"type":"Feature","properties":{"nr":"66820"},"geometry":{"type":"Polygon","coordinates":[[[22.44435,63.14877],[22.53789,63.14832],[22.56606,63.16204],[22.60983,63.20546],[22.61605,63.2294],[22.55559,63.25412],[22.4537,63.21986],[22.4304,63.2017],[22.44435,63.14877]]]}},{"type":"Feature","properties":{"nr":"64240"},"geometry":{"type":"Polygon","coordinates":[[[21.52044,62.4194],[21.414,62.42026],[21.32668,62.43848],[21.28761,62.41554],[21.29409,62.40742],[21.29773,62.40286],[21.29249,62.38348],[21.30331,62.36162],[21.3461,62.40024],[21.38757,62.41488],[21.49827,62.40198],[21.52044,62.4194]]]}},{"type":"Feature","properties":{"nr":"64350"},"geometry":{"type":"Polygon","coordinates":[[[21.94355,62.22701],[21.99351,62.26009],[21.98691,62.28877],[21.91382,62.29104],[21.90108,62.35179],[21.83209,62.35741],[21.75761,62.39607],[21.655,62.39832],[21.67731,62.36176],[21.64277,62.33976],[21.62515,62.30883],[21.64969,62.28106],[21.71175,62.26012],[21.71947,62.21196],[21.81495,62.22858],[21.88891,62.22632],[21.93085,62.22504],[21.94355,62.22701]]]}},{"type":"Feature","properties":{"nr":"64370"},"geometry":{"type":"Polygon","coordinates":[[[21.64669,62.40916],[21.52044,62.4194],[21.49827,62.40198],[21.48788,62.3643],[21.64277,62.33976],[21.67731,62.36176],[21.655,62.39832],[21.64669,62.40916]]]}},{"type":"Feature","properties":{"nr":"64440"},"geometry":{"type":"Polygon","coordinates":[[[21.62447,62.07997],[21.59409,62.07531],[21.53122,62.12984],[21.43955,62.07817],[21.42193,62.06898],[21.46912,62.00886],[21.4801,62.00632],[21.50958,62.04213],[21.60106,62.03791],[21.64038,62.06404],[21.62447,62.07997]]]}},{"type":"Feature","properties":{"nr":"64450"},"geometry":{"type":"Polygon","coordinates":[[[21.60106,62.03791],[21.50958,62.04213],[21.4801,62.00632],[21.48271,62.00474],[21.6048,62.01346],[21.60106,62.03791]]]}},{"type":"Feature","properties":{"nr":"64460"},"geometry":{"type":"Polygon","coordinates":[[[21.41246,62.20141],[21.35841,62.18124],[21.35932,62.15849],[21.43955,62.07817],[21.53122,62.12984],[21.59409,62.07531],[21.62447,62.07997],[21.64929,62.11468],[21.62485,62.13988],[21.57834,62.1684],[21.54282,62.1531],[21.47856,62.19253],[21.41246,62.20141]]]}},{"type":"Feature","properties":{"nr":"64480"},"geometry":{"type":"Polygon","coordinates":[[[21.35932,62.15849],[21.31156,62.15185],[21.32373,62.08564],[21.42193,62.06898],[21.43955,62.07817],[21.35932,62.15849]]]}},{"type":"Feature","properties":{"nr":"64610"},"geometry":{"type":"Polygon","coordinates":[[[21.66882,62.64556],[21.49791,62.69892],[21.37793,62.75243],[21.34483,62.73758],[21.29739,62.66801],[21.30511,62.65956],[21.35197,62.65141],[21.33071,62.61231],[21.41185,62.6011],[21.44357,62.58138],[21.52259,62.57829],[21.57227,62.5627],[21.58785,62.60643],[21.64696,62.61436],[21.6724,62.64111],[21.66882,62.64556]]]}},{"type":"Feature","properties":{"nr":"64700"},"geometry":{"type":"Polygon","coordinates":[[[21.81064,62.47372],[21.8395,62.52548],[21.88288,62.53756],[21.86684,62.55417],[21.91529,62.59714],[21.77441,62.63146],[21.72725,62.60756],[21.6972,62.55561],[21.62416,62.53313],[21.60677,62.50436],[21.66056,62.46442],[21.64669,62.40916],[21.655,62.39832],[21.75761,62.39607],[21.83209,62.35741],[21.90108,62.35179],[21.9319,62.40375],[21.9338,62.42357],[21.87548,62.41455],[21.81064,62.47372]]]}},{"type":"Feature","properties":{"nr":"64720"},"geometry":{"type":"Polygon","coordinates":[[[21.64669,62.40916],[21.66056,62.46442],[21.60677,62.50436],[21.62416,62.53313],[21.60994,62.53528],[21.5401,62.50701],[21.56062,62.47547],[21.50471,62.45811],[21.52044,62.4194],[21.64669,62.40916]]]}},{"type":"Feature","properties":{"nr":"64740"},"geometry":{"type":"Polygon","coordinates":[[[21.62416,62.53313],[21.6972,62.55561],[21.72725,62.60756],[21.6724,62.64111],[21.64696,62.61436],[21.58785,62.60643],[21.57227,62.5627],[21.60994,62.53528],[21.62416,62.53313]]]}},{"type":"Feature","properties":{"nr":"64760"},"geometry":{"type":"Polygon","coordinates":[[[21.81064,62.47372],[21.88102,62.48081],[21.94695,62.50204],[21.92875,62.52501],[21.88288,62.53756],[21.8395,62.52548],[21.81064,62.47372]]]}},{"type":"Feature","properties":{"nr":"64770"},"geometry":{"type":"Polygon","coordinates":[[[21.9338,62.42357],[21.99341,62.44208],[21.9802,62.50057],[22.01182,62.53384],[21.92875,62.52501],[21.94695,62.50204],[21.88102,62.48081],[21.81064,62.47372],[21.87548,62.41455],[21.9338,62.42357]]]}},{"type":"Feature","properties":{"nr":"64810"},"geometry":{"type":"Polygon","coordinates":[[[21.78045,62.13789],[21.87201,62.21235],[21.88891,62.22632],[21.81495,62.22858],[21.71947,62.21196],[21.69922,62.17084],[21.78045,62.13789]]]}},{"type":"Feature","properties":{"nr":"64830"},"geometry":{"type":"Polygon","coordinates":[[[21.84028,62.11718],[21.89778,62.12768],[21.96448,62.16969],[21.93787,62.19507],[21.87201,62.21235],[21.78045,62.13789],[21.84028,62.11718]]]}},{"type":"Feature","properties":{"nr":"64840"},"geometry":{"type":"Polygon","coordinates":[[[21.87201,62.21235],[21.93787,62.19507],[21.93085,62.22504],[21.88891,62.22632],[21.87201,62.21235]]]}},{"type":"Feature","properties":{"nr":"64850"},"geometry":{"type":"Polygon","coordinates":[[[21.96448,62.16969],[22.06869,62.15257],[22.12404,62.19362],[22.00771,62.22023],[21.94355,62.22701],[21.93085,62.22504],[21.93787,62.19507],[21.96448,62.16969]]]}},{"type":"Feature","properties":{"nr":"64900"},"geometry":{"type":"Polygon","coordinates":[[[22.16457,62.10396],[22.15212,62.18869],[22.12404,62.19362],[22.06869,62.15257],[21.96448,62.16969],[21.89778,62.12768],[21.84028,62.11718],[21.82523,62.09263],[21.73754,62.05559],[21.64038,62.06404],[21.60106,62.03791],[21.6048,62.01346],[21.70581,62.02181],[21.78679,62.01684],[21.8861,62.00475],[21.9879,62.01508],[22.01305,62.08261],[22.10381,62.11234],[22.15008,62.07763],[22.19601,62.07235],[22.16457,62.10396]]]}},{"type":"Feature","properties":{"nr":"65100"},"geometry":{"type":"Polygon","coordinates":[[[21.65846,63.0958],[21.62271,63.1089],[21.61512,63.10979],[21.6135,63.08299],[21.61904,63.08604],[21.62537,63.08173],[21.62553,63.08172],[21.65206,63.08648],[21.65846,63.0958]]]}},{"type":"Feature","properties":{"nr":"65130"},"geometry":{"type":"Polygon","coordinates":[[[21.62537,63.08173],[21.61904,63.08604],[21.6135,63.08299],[21.62537,63.08173]]]}},{"type":"Feature","properties":{"nr":"65230"},"geometry":{"type":"Polygon","coordinates":[[[21.63547,63.12773],[21.58726,63.12455],[21.60137,63.11971],[21.61494,63.11345],[21.61512,63.10979],[21.62271,63.1089],[21.63881,63.12534],[21.63547,63.12773]]]}},{"type":"Feature","properties":{"nr":"65170"},"geometry":{"type":"Polygon","coordinates":[[[21.57427,63.081],[21.59096,63.0902],[21.57528,63.10183],[21.54908,63.0886],[21.57427,63.081]]]}},{"type":"Feature","properties":{"nr":"65200"},"geometry":{"type":"Polygon","coordinates":[[[21.61494,63.11345],[21.60137,63.11971],[21.58332,63.10821],[21.60207,63.10437],[21.61494,63.11345]]]}},{"type":"Feature","properties":{"nr":"65300"},"geometry":{"type":"Polygon","coordinates":[[[21.688,63.10211],[21.63881,63.12534],[21.62271,63.1089],[21.65846,63.0958],[21.688,63.10211]]]}},{"type":"Feature","properties":{"nr":"65320"},"geometry":{"type":"Polygon","coordinates":[[[21.68851,63.07616],[21.71004,63.08348],[21.70272,63.10042],[21.688,63.10211],[21.65846,63.0958],[21.65206,63.08648],[21.68851,63.07616]]]}},{"type":"Feature","properties":{"nr":"65350"},"geometry":{"type":"Polygon","coordinates":[[[21.68851,63.07616],[21.65206,63.08648],[21.62553,63.08172],[21.67761,63.05869],[21.68851,63.07616]]]}},{"type":"Feature","properties":{"nr":"66910"},"geometry":{"type":"Polygon","coordinates":[[[22.56097,63.59789],[22.51776,63.62131],[22.44276,63.5914],[22.49375,63.57179],[22.55954,63.54802],[22.63149,63.5433],[22.6413,63.56115],[22.56097,63.59789]]]}},{"type":"Feature","properties":{"nr":"65370"},"geometry":{"type":"Polygon","coordinates":[[[21.71004,63.08348],[21.74424,63.07888],[21.80225,63.10976],[21.80181,63.11013],[21.77205,63.11573],[21.70272,63.10042],[21.71004,63.08348]]]}},{"type":"Feature","properties":{"nr":"65380"},"geometry":{"type":"Polygon","coordinates":[[[21.72707,63.04023],[21.79446,63.04219],[21.84201,63.066],[21.80225,63.10976],[21.74424,63.07888],[21.71004,63.08348],[21.68851,63.07616],[21.67761,63.05869],[21.67687,63.04901],[21.68047,63.04455],[21.68982,63.04162],[21.72707,63.04023]]]}},{"type":"Feature","properties":{"nr":"65410"},"geometry":{"type":"MultiPolygon","coordinates":[[[[21.41902,63.08376],[21.41266,63.05134],[21.3529,63.02952],[21.42481,63.01014],[21.4523,63.06525],[21.41902,63.08376]]],[[[21.63062,63.05521],[21.561,63.07978],[21.47155,63.05799],[21.49239,63.00502],[21.5484,62.9819],[21.63062,63.05521]]]]}},{"type":"Feature","properties":{"nr":"65520"},"geometry":{"type":"Polygon","coordinates":[[[21.8084,62.95323],[21.8684,62.97991],[21.87732,63.02068],[21.90631,63.04527],[21.90138,63.05479],[21.84201,63.066],[21.79446,63.04219],[21.72707,63.04023],[21.77192,63.02479],[21.76485,62.99809],[21.79502,62.97725],[21.80474,62.95925],[21.8084,62.95323]]]}},{"type":"Feature","properties":{"nr":"65450"},"geometry":{"type":"Polygon","coordinates":[[[21.63392,62.97085],[21.71612,62.94166],[21.74959,62.96358],[21.80474,62.95925],[21.79502,62.97725],[21.68006,63.0062],[21.68047,63.04455],[21.67687,63.04901],[21.63062,63.05521],[21.5484,62.9819],[21.63392,62.97085]]]}},{"type":"Feature","properties":{"nr":"65460"},"geometry":{"type":"Polygon","coordinates":[[[21.79502,62.97725],[21.76485,62.99809],[21.68982,63.04162],[21.68047,63.04455],[21.68006,63.0062],[21.79502,62.97725]]]}},{"type":"Feature","properties":{"nr":"65470"},"geometry":{"type":"Polygon","coordinates":[[[21.80334,62.92789],[21.8084,62.95323],[21.80474,62.95925],[21.74959,62.96358],[21.71612,62.94166],[21.72892,62.93471],[21.80334,62.92789]]]}},{"type":"Feature","properties":{"nr":"65870"},"geometry":{"type":"Polygon","coordinates":[[[21.35648,63.36931],[21.31096,63.36931],[21.24443,63.34098],[21.32463,63.31911],[21.35112,63.28906],[21.41695,63.34794],[21.35648,63.36931]]]}},{"type":"Feature","properties":{"nr":"65610"},"geometry":{"type":"Polygon","coordinates":[[[21.77205,63.11573],[21.75146,63.1552],[21.73191,63.16951],[21.66502,63.15162],[21.65126,63.1481],[21.63547,63.12773],[21.63881,63.12534],[21.688,63.10211],[21.70272,63.10042],[21.77205,63.11573]]]}},{"type":"Feature","properties":{"nr":"65630"},"geometry":{"type":"Polygon","coordinates":[[[21.66502,63.15162],[21.73191,63.16951],[21.67033,63.20553],[21.65923,63.17618],[21.66502,63.15162]]]}},{"type":"Feature","properties":{"nr":"65650"},"geometry":{"type":"Polygon","coordinates":[[[21.75146,63.1552],[21.78563,63.18934],[21.6957,63.23506],[21.67073,63.21246],[21.67033,63.20553],[21.73191,63.16951],[21.75146,63.1552]]]}},{"type":"Feature","properties":{"nr":"65710"},"geometry":{"type":"Polygon","coordinates":[[[21.66502,63.15162],[21.65923,63.17618],[21.59708,63.16089],[21.65126,63.1481],[21.66502,63.15162]]]}},{"type":"Feature","properties":{"nr":"65730"},"geometry":{"type":"Polygon","coordinates":[[[21.67073,63.21246],[21.64974,63.22126],[21.55902,63.18745],[21.51848,63.16755],[21.59708,63.16089],[21.65923,63.17618],[21.67033,63.20553],[21.67073,63.21246]]]}},{"type":"Feature","properties":{"nr":"65760"},"geometry":{"type":"Polygon","coordinates":[[[21.64974,63.22126],[21.58139,63.24691],[21.52658,63.23754],[21.51839,63.20515],[21.55902,63.18745],[21.64974,63.22126]]]}},{"type":"Feature","properties":{"nr":"65800"},"geometry":{"type":"Polygon","coordinates":[[[21.37356,63.21266],[21.4438,63.21962],[21.41987,63.27222],[21.31969,63.25861],[21.37356,63.21266]]]}},{"type":"Feature","properties":{"nr":"66140"},"geometry":{"type":"Polygon","coordinates":[[[21.71612,62.94166],[21.63392,62.97085],[21.58463,62.91001],[21.50436,62.88234],[21.52147,62.83624],[21.50763,62.76561],[21.57141,62.75526],[21.61261,62.77562],[21.64091,62.82948],[21.6729,62.85058],[21.65419,62.87611],[21.72892,62.93471],[21.71612,62.94166]]]}},{"type":"Feature","properties":{"nr":"66160"},"geometry":{"type":"Polygon","coordinates":[[[21.69637,62.83842],[21.81799,62.86439],[21.86568,62.90119],[21.80334,62.92789],[21.72892,62.93471],[21.65419,62.87611],[21.6729,62.85058],[21.69637,62.83842]]]}},{"type":"Feature","properties":{"nr":"66200"},"geometry":{"type":"Polygon","coordinates":[[[21.3207,62.81625],[21.2856,62.83695],[21.23611,62.82917],[21.12202,62.79702],[21.1451,62.75059],[21.17652,62.75058],[21.20709,62.74608],[21.25956,62.76562],[21.22509,62.7898],[21.3207,62.81625]]]}},{"type":"Feature","properties":{"nr":"66210"},"geometry":{"type":"Polygon","coordinates":[[[21.36235,62.87381],[21.26782,62.89228],[21.23611,62.82917],[21.2856,62.83695],[21.3207,62.81625],[21.32851,62.81508],[21.36235,62.87381]]]}},{"type":"Feature","properties":{"nr":"66220"},"geometry":{"type":"Polygon","coordinates":[[[21.15542,63.00494],[21.12025,62.99902],[21.14077,62.95351],[21.22125,62.94835],[21.21091,62.98932],[21.15542,63.00494]]]}},{"type":"Feature","properties":{"nr":"66930"},"geometry":{"type":"Polygon","coordinates":[[[22.63149,63.5433],[22.68364,63.51134],[22.79561,63.50475],[22.75486,63.56364],[22.7209,63.5726],[22.6413,63.56115],[22.63149,63.5433]]]}},{"type":"Feature","properties":{"nr":"66230"},"geometry":{"type":"Polygon","coordinates":[[[21.25956,62.76562],[21.3432,62.7822],[21.32851,62.81508],[21.3207,62.81625],[21.22509,62.7898],[21.25956,62.76562]]]}},{"type":"Feature","properties":{"nr":"66240"},"geometry":{"type":"Polygon","coordinates":[[[21.50436,62.88234],[21.4131,62.90835],[21.36235,62.87381],[21.32851,62.81508],[21.3432,62.7822],[21.37298,62.76788],[21.4186,62.77423],[21.472,62.75287],[21.50763,62.76561],[21.52147,62.83624],[21.50436,62.88234]]]}},{"type":"Feature","properties":{"nr":"66260"},"geometry":{"type":"Polygon","coordinates":[[[21.61261,62.77562],[21.73307,62.76287],[21.73506,62.76421],[21.69637,62.83842],[21.6729,62.85058],[21.64091,62.82948],[21.61261,62.77562]]]}},{"type":"Feature","properties":{"nr":"66270"},"geometry":{"type":"Polygon","coordinates":[[[21.50763,62.76561],[21.472,62.75287],[21.4186,62.77423],[21.37298,62.76788],[21.37793,62.75243],[21.49791,62.69892],[21.66882,62.64556],[21.73437,62.68643],[21.77783,62.68623],[21.79406,62.70125],[21.73307,62.76287],[21.61261,62.77562],[21.57141,62.75526],[21.50763,62.76561]]]}},{"type":"Feature","properties":{"nr":"66950"},"geometry":{"type":"Polygon","coordinates":[[[22.44711,63.48937],[22.39089,63.51253],[22.33935,63.57147],[22.29058,63.52339],[22.30227,63.50004],[22.40396,63.44095],[22.43118,63.37756],[22.42246,63.34262],[22.47279,63.33857],[22.52142,63.37361],[22.57131,63.38691],[22.53336,63.42996],[22.4983,63.44812],[22.49315,63.4822],[22.44711,63.48937]]]}},{"type":"Feature","properties":{"nr":"66280"},"geometry":{"type":"Polygon","coordinates":[[[21.37298,62.76788],[21.3432,62.7822],[21.25956,62.76562],[21.20709,62.74608],[21.23484,62.68827],[21.29739,62.66801],[21.34483,62.73758],[21.37793,62.75243],[21.37298,62.76788]]]}},{"type":"Feature","properties":{"nr":"66290"},"geometry":{"type":"Polygon","coordinates":[[[21.23484,62.68827],[21.20709,62.74608],[21.17652,62.75058],[21.14825,62.70585],[21.1064,62.69233],[21.23484,62.68827]]]}},{"type":"Feature","properties":{"nr":"66295"},"geometry":{"type":"Polygon","coordinates":[[[21.23484,62.68827],[21.1064,62.69233],[21.084,62.65021],[21.14548,62.62729],[21.24514,62.63506],[21.30511,62.65956],[21.29739,62.66801],[21.23484,62.68827]]]}},{"type":"Feature","properties":{"nr":"66300"},"geometry":{"type":"Polygon","coordinates":[[[22.17156,62.69795],[22.05989,62.69389],[22.04156,62.74585],[22.0816,62.79156],[22.03563,62.8146],[21.93998,62.81169],[21.92183,62.75806],[21.94898,62.71732],[21.88512,62.67931],[22.07887,62.62821],[22.09918,62.653],[22.19098,62.6776],[22.19163,62.67935],[22.17156,62.69795]]]}},{"type":"Feature","properties":{"nr":"66320"},"geometry":{"type":"Polygon","coordinates":[[[21.88512,62.67931],[21.94898,62.71732],[21.92183,62.75806],[21.88726,62.73631],[21.85247,62.68547],[21.88512,62.67931]]]}},{"type":"Feature","properties":{"nr":"66330"},"geometry":{"type":"Polygon","coordinates":[[[21.92183,62.75806],[21.93998,62.81169],[21.89737,62.81733],[21.87581,62.78249],[21.73506,62.76421],[21.73307,62.76287],[21.79406,62.70125],[21.77783,62.68623],[21.82917,62.67372],[21.85247,62.68547],[21.88726,62.73631],[21.92183,62.75806]]]}},{"type":"Feature","properties":{"nr":"66340"},"geometry":{"type":"Polygon","coordinates":[[[21.73506,62.76421],[21.87581,62.78249],[21.89737,62.81733],[21.81799,62.86439],[21.69637,62.83842],[21.73506,62.76421]]]}},{"type":"Feature","properties":{"nr":"66350"},"geometry":{"type":"Polygon","coordinates":[[[22.19439,62.74469],[22.14433,62.79625],[22.0816,62.79156],[22.04156,62.74585],[22.05989,62.69389],[22.17156,62.69795],[22.15395,62.71779],[22.19439,62.74469]]]}},{"type":"Feature","properties":{"nr":"66360"},"geometry":{"type":"Polygon","coordinates":[[[22.07887,62.62821],[21.88512,62.67931],[21.85247,62.68547],[21.82917,62.67372],[21.77441,62.63146],[21.91529,62.59714],[21.95596,62.61247],[22.01041,62.59932],[22.0836,62.61397],[22.07887,62.62821]]]}},{"type":"Feature","properties":{"nr":"66370"},"geometry":{"type":"Polygon","coordinates":[[[21.72725,62.60756],[21.77441,62.63146],[21.82917,62.67372],[21.77783,62.68623],[21.73437,62.68643],[21.66882,62.64556],[21.6724,62.64111],[21.72725,62.60756]]]}},{"type":"Feature","properties":{"nr":"66400"},"geometry":{"type":"Polygon","coordinates":[[[21.90725,62.90369],[22.04133,62.93748],[22.1133,62.96648],[22.08289,62.97774],[22.04728,63.01056],[21.9488,63.02871],[21.89743,62.97233],[21.90725,62.90369]]]}},{"type":"Feature","properties":{"nr":"66420"},"geometry":{"type":"Polygon","coordinates":[[[21.86568,62.90119],[21.90725,62.90369],[21.89743,62.97233],[21.9488,63.02871],[21.94728,63.03461],[21.90631,63.04527],[21.87732,63.02068],[21.8684,62.97991],[21.8084,62.95323],[21.80334,62.92789],[21.86568,62.90119]]]}},{"type":"Feature","properties":{"nr":"66430"},"geometry":{"type":"Polygon","coordinates":[[[22.04728,63.01056],[22.08289,62.97774],[22.06105,63.01244],[22.04728,63.01056]]]}},{"type":"Feature","properties":{"nr":"66440"},"geometry":{"type":"Polygon","coordinates":[[[22.17484,62.94856],[22.207,62.95395],[22.27194,63.00304],[22.22559,63.01828],[22.26605,63.05648],[22.22199,63.06668],[22.1527,63.02561],[22.06105,63.01244],[22.08289,62.97774],[22.1133,62.96648],[22.17484,62.94856]]]}},{"type":"Feature","properties":{"nr":"66970"},"geometry":{"type":"Polygon","coordinates":[[[22.40396,63.44095],[22.30164,63.48684],[22.21717,63.48096],[22.20459,63.45352],[22.30152,63.40547],[22.31238,63.38646],[22.35484,63.39984],[22.43118,63.37756],[22.40396,63.44095]]]}},{"type":"Feature","properties":{"nr":"66450"},"geometry":{"type":"Polygon","coordinates":[[[22.17484,62.94856],[22.1133,62.96648],[22.04133,62.93748],[21.90725,62.90369],[21.86568,62.90119],[21.81799,62.86439],[21.89737,62.81733],[21.93998,62.81169],[22.03563,62.8146],[22.03358,62.82103],[21.99016,62.85724],[22.02998,62.91377],[22.148,62.90572],[22.18061,62.90523],[22.17484,62.94856]]]}},{"type":"Feature","properties":{"nr":"66460"},"geometry":{"type":"Polygon","coordinates":[[[22.03358,62.82103],[22.07953,62.87755],[22.148,62.90572],[22.02998,62.91377],[21.99016,62.85724],[22.03358,62.82103]]]}},{"type":"Feature","properties":{"nr":"66470"},"geometry":{"type":"Polygon","coordinates":[[[22.18061,62.90523],[22.148,62.90572],[22.07953,62.87755],[22.03358,62.82103],[22.03563,62.8146],[22.0816,62.79156],[22.14433,62.79625],[22.19439,62.74469],[22.26937,62.75726],[22.28323,62.79067],[22.33505,62.80446],[22.30171,62.83669],[22.30374,62.88517],[22.25504,62.90078],[22.18061,62.90523]]]}},{"type":"Feature","properties":{"nr":"70400"},"geometry":{"type":"Polygon","coordinates":[[[27.68809,62.92049],[27.71708,62.93547],[27.69038,62.94566],[27.66699,62.9249],[27.68809,62.92049]]]}},{"type":"Feature","properties":{"nr":"66500"},"geometry":{"type":"Polygon","coordinates":[[[22.22199,63.06668],[22.21086,63.07967],[22.06399,63.13791],[22.01793,63.12231],[21.99577,63.06042],[21.94728,63.03461],[21.9488,63.02871],[22.04728,63.01056],[22.06105,63.01244],[22.1527,63.02561],[22.22199,63.06668]]]}},{"type":"Feature","properties":{"nr":"66510"},"geometry":{"type":"Polygon","coordinates":[[[21.94728,63.03461],[21.99577,63.06042],[22.01793,63.12231],[21.95489,63.12301],[21.97518,63.10611],[21.91367,63.08226],[21.90138,63.05479],[21.90631,63.04527],[21.94728,63.03461]]]}},{"type":"Feature","properties":{"nr":"67500"},"geometry":{"type":"Polygon","coordinates":[[[23.3961,63.8096],[23.34014,63.81954],[23.30244,63.84625],[23.26881,63.82602],[23.2606,63.80058],[23.16863,63.80062],[23.09988,63.77771],[23.11893,63.75722],[23.24041,63.72568],[23.33707,63.76027],[23.40041,63.75376],[23.3961,63.8096]]]}},{"type":"Feature","properties":{"nr":"66520"},"geometry":{"type":"Polygon","coordinates":[[[21.84201,63.066],[21.90138,63.05479],[21.91367,63.08226],[21.97518,63.10611],[21.95489,63.12301],[21.9123,63.13825],[21.83792,63.13523],[21.80181,63.11013],[21.80225,63.10976],[21.84201,63.066]]]}},{"type":"Feature","properties":{"nr":"66530"},"geometry":{"type":"Polygon","coordinates":[[[21.80181,63.11013],[21.83792,63.13523],[21.9123,63.13825],[21.89225,63.18542],[21.88786,63.18573],[21.83986,63.20353],[21.78563,63.18934],[21.75146,63.1552],[21.77205,63.11573],[21.80181,63.11013]]]}},{"type":"Feature","properties":{"nr":"66540"},"geometry":{"type":"Polygon","coordinates":[[[21.86635,63.26001],[21.79148,63.2656],[21.73869,63.22443],[21.6957,63.23506],[21.78563,63.18934],[21.83986,63.20353],[21.86635,63.26001]]]}},{"type":"Feature","properties":{"nr":"67600"},"geometry":{"type":"Polygon","coordinates":[[[23.21009,63.83876],[23.16838,63.83638],[23.15688,63.83189],[23.16863,63.80062],[23.2606,63.80058],[23.26881,63.82602],[23.21009,63.83876]]]}},{"type":"Feature","properties":{"nr":"66550"},"geometry":{"type":"Polygon","coordinates":[[[21.88786,63.18573],[21.88763,63.25402],[21.91246,63.2788],[21.86635,63.26001],[21.83986,63.20353],[21.88786,63.18573]]]}},{"type":"Feature","properties":{"nr":"66600"},"geometry":{"type":"Polygon","coordinates":[[[22.25706,63.22609],[22.23888,63.20335],[22.14823,63.20272],[22.1402,63.18079],[22.073,63.16141],[22.06399,63.13791],[22.21086,63.07967],[22.22199,63.06668],[22.26605,63.05648],[22.38362,63.07528],[22.4257,63.12449],[22.44435,63.14877],[22.4304,63.2017],[22.35747,63.22053],[22.25706,63.22609]]]}},{"type":"Feature","properties":{"nr":"66640"},"geometry":{"type":"MultiPolygon","coordinates":[[[[22.02003,63.39214],[21.98831,63.38275],[22.02912,63.33924],[22.09282,63.36451],[22.0856,63.38745],[22.02003,63.39214]]],[[[22.14078,63.32191],[22.09357,63.33299],[22.05715,63.28848],[22.07373,63.26661],[22.16112,63.25818],[22.15662,63.28892],[22.14078,63.32191]]],[[[22.12646,63.23755],[22.04654,63.24925],[22.02265,63.20303],[22.06183,63.16458],[22.073,63.16141],[22.1402,63.18079],[22.14823,63.20272],[22.12646,63.23755]]]]}},{"type":"Feature","properties":{"nr":"66560"},"geometry":{"type":"Polygon","coordinates":[[[21.96589,63.25147],[21.91246,63.2788],[21.88763,63.25402],[21.88786,63.18573],[21.89225,63.18542],[21.94615,63.19654],[21.95158,63.21214],[21.95945,63.21643],[21.96589,63.25147]]]}},{"type":"Feature","properties":{"nr":"66680"},"geometry":{"type":"Polygon","coordinates":[[[22.4257,63.12449],[22.52871,63.10927],[22.54768,63.12335],[22.57898,63.15601],[22.56606,63.16204],[22.53789,63.14832],[22.44435,63.14877],[22.4257,63.12449]]]}},{"type":"Feature","properties":{"nr":"66710"},"geometry":{"type":"Polygon","coordinates":[[[22.37454,63.24629],[22.2732,63.26864],[22.27258,63.29754],[22.22305,63.25686],[22.25706,63.22609],[22.35747,63.22053],[22.37454,63.24629]]]}},{"type":"Feature","properties":{"nr":"66580"},"geometry":{"type":"Polygon","coordinates":[[[22.01793,63.12231],[22.06399,63.13791],[22.073,63.16141],[22.06183,63.16458],[22.00833,63.15921],[21.96596,63.18594],[21.94615,63.19654],[21.89225,63.18542],[21.9123,63.13825],[21.95489,63.12301],[22.01793,63.12231]]]}},{"type":"Feature","properties":{"nr":"66590"},"geometry":{"type":"MultiPolygon","coordinates":[[[[21.96596,63.18594],[21.95158,63.21214],[21.94615,63.19654],[21.96596,63.18594]]],[[[22.02265,63.20303],[21.98243,63.18353],[22.00833,63.15921],[22.06183,63.16458],[22.02265,63.20303]]]]}},{"type":"Feature","properties":{"nr":"66730"},"geometry":{"type":"Polygon","coordinates":[[[22.22741,63.29084],[22.20981,63.31895],[22.14078,63.32191],[22.15662,63.28892],[22.19197,63.27605],[22.2062,63.27675],[22.20941,63.27829],[22.218,63.27823],[22.22337,63.28183],[22.22741,63.29084]]]}},{"type":"Feature","properties":{"nr":"66800"},"geometry":{"type":"Polygon","coordinates":[[[22.48518,63.3223],[22.40246,63.30434],[22.38527,63.32864],[22.27258,63.29754],[22.2732,63.26864],[22.37454,63.24629],[22.43443,63.28275],[22.56564,63.28028],[22.60902,63.30476],[22.48518,63.3223]]]}},{"type":"Feature","properties":{"nr":"66660"},"geometry":{"type":"Polygon","coordinates":[[[22.14823,63.20272],[22.23888,63.20335],[22.25706,63.22609],[22.22305,63.25686],[22.12646,63.23755],[22.14823,63.20272]]]}},{"type":"Feature","properties":{"nr":"66830"},"geometry":{"type":"Polygon","coordinates":[[[22.38527,63.32864],[22.40246,63.30434],[22.48518,63.3223],[22.47279,63.33857],[22.42246,63.34262],[22.37886,63.35053],[22.38527,63.32864]]]}},{"type":"Feature","properties":{"nr":"66840"},"geometry":{"type":"Polygon","coordinates":[[[22.60902,63.30476],[22.65447,63.33881],[22.57131,63.38691],[22.52142,63.37361],[22.47279,63.33857],[22.48518,63.3223],[22.60902,63.30476]]]}},{"type":"Feature","properties":{"nr":"66850"},"geometry":{"type":"Polygon","coordinates":[[[22.97787,63.34173],[22.97933,63.34271],[22.97711,63.36584],[22.83117,63.39613],[22.75398,63.446],[22.69487,63.46519],[22.57652,63.44869],[22.53336,63.42996],[22.57131,63.38691],[22.65447,63.33881],[22.68019,63.34318],[22.76263,63.3606],[22.83694,63.3671],[22.95342,63.34217],[22.97787,63.34173]]]}},{"type":"Feature","properties":{"nr":"66900"},"geometry":{"type":"Polygon","coordinates":[[[22.49375,63.57179],[22.44711,63.48937],[22.49315,63.4822],[22.4983,63.44812],[22.53336,63.42996],[22.57652,63.44869],[22.69487,63.46519],[22.75398,63.446],[22.83117,63.39613],[22.93487,63.43536],[22.93744,63.48279],[22.90206,63.49958],[22.8209,63.49825],[22.79561,63.50475],[22.68364,63.51134],[22.63149,63.5433],[22.55954,63.54802],[22.49375,63.57179]]]}},{"type":"Feature","properties":{"nr":"66980"},"geometry":{"type":"Polygon","coordinates":[[[22.42246,63.34262],[22.43118,63.37756],[22.35484,63.39984],[22.31238,63.38646],[22.37886,63.35053],[22.42246,63.34262]]]}},{"type":"Feature","properties":{"nr":"66999"},"geometry":{"type":"Polygon","coordinates":[[[21.70816,63.31393],[21.72472,63.28303],[21.78431,63.284],[21.75419,63.3114],[21.70816,63.31393]]]}},{"type":"Feature","properties":{"nr":"67100"},"geometry":{"type":"Polygon","coordinates":[[[23.08711,63.85344],[23.07345,63.85518],[23.07626,63.83902],[23.09581,63.8072],[23.04892,63.78324],[23.06747,63.77871],[23.15688,63.83189],[23.16838,63.83638],[23.15773,63.84917],[23.12545,63.84835],[23.08711,63.85344]]]}},{"type":"Feature","properties":{"nr":"67200"},"geometry":{"type":"Polygon","coordinates":[[[23.11644,63.85824],[23.10205,63.86859],[23.08711,63.85344],[23.12545,63.84835],[23.11644,63.85824]]]}},{"type":"Feature","properties":{"nr":"67300"},"geometry":{"type":"MultiPolygon","coordinates":[[[[23.08711,63.85344],[23.10205,63.86859],[23.07131,63.87643],[23.07345,63.85518],[23.08711,63.85344]]],[[[23.13101,63.88792],[23.11644,63.85824],[23.12545,63.84835],[23.15773,63.84917],[23.13101,63.88792]]]]}},{"type":"Feature","properties":{"nr":"67400"},"geometry":{"type":"Polygon","coordinates":[[[23.21847,63.90939],[23.14879,63.90749],[23.13101,63.88792],[23.15773,63.84917],[23.16838,63.83638],[23.21009,63.83876],[23.23001,63.89707],[23.21847,63.90939]]]}},{"type":"Feature","properties":{"nr":"67410"},"geometry":{"type":"Polygon","coordinates":[[[23.30244,63.84625],[23.30095,63.8659],[23.23001,63.89707],[23.21009,63.83876],[23.26881,63.82602],[23.30244,63.84625]]]}},{"type":"Feature","properties":{"nr":"68840"},"geometry":{"type":"Polygon","coordinates":[[[23.4292,63.48501],[23.37589,63.52215],[23.2687,63.56689],[23.14056,63.53956],[23.15394,63.4972],[23.22733,63.45255],[23.27142,63.47757],[23.3594,63.46807],[23.4292,63.48501]]]}},{"type":"Feature","properties":{"nr":"67700"},"geometry":{"type":"Polygon","coordinates":[[[23.15688,63.83189],[23.06747,63.77871],[23.09988,63.77771],[23.16863,63.80062],[23.15688,63.83189]]]}},{"type":"Feature","properties":{"nr":"67800"},"geometry":{"type":"Polygon","coordinates":[[[23.04892,63.78324],[23.09581,63.8072],[23.07626,63.83902],[23.03096,63.82583],[23.01283,63.79124],[23.04892,63.78324]]]}},{"type":"Feature","properties":{"nr":"68150"},"geometry":{"type":"Polygon","coordinates":[[[23.79836,64.04415],[23.74404,64.06657],[23.67036,64.04546],[23.72987,64.01778],[23.70326,63.99459],[23.72035,63.98344],[23.79052,64.00495],[23.79836,64.04415]]]}},{"type":"Feature","properties":{"nr":"68300"},"geometry":{"type":"Polygon","coordinates":[[[23.6118,63.91504],[23.44968,63.90685],[23.39086,63.89179],[23.36593,63.85267],[23.30095,63.8659],[23.30244,63.84625],[23.34014,63.81954],[23.3961,63.8096],[23.51386,63.77885],[23.55818,63.75541],[23.62276,63.72988],[23.69906,63.75597],[23.77767,63.75886],[23.8096,63.77887],[23.77898,63.84008],[23.65659,63.90295],[23.6118,63.91504]]]}},{"type":"Feature","properties":{"nr":"67900"},"geometry":{"type":"Polygon","coordinates":[[[23.07131,63.87643],[23.01771,63.849],[23.03096,63.82583],[23.07626,63.83902],[23.07345,63.85518],[23.07131,63.87643]]]}},{"type":"Feature","properties":{"nr":"68100"},"geometry":{"type":"Polygon","coordinates":[[[23.93929,64.16465],[23.8743,64.17484],[23.74026,64.14794],[23.69657,64.16812],[23.62219,64.11716],[23.61587,64.04688],[23.70326,63.99459],[23.72987,64.01778],[23.67036,64.04546],[23.74404,64.06657],[23.79836,64.04415],[23.85508,64.08385],[23.91996,64.07091],[23.96294,64.08236],[23.92416,64.11262],[23.9577,64.12919],[23.93929,64.16465]]]}},{"type":"Feature","properties":{"nr":"68320"},"geometry":{"type":"Polygon","coordinates":[[[23.36885,63.92975],[23.29405,63.91392],[23.21297,63.91778],[23.21681,63.91251],[23.21847,63.90939],[23.23001,63.89707],[23.30095,63.8659],[23.36593,63.85267],[23.39086,63.89179],[23.44968,63.90685],[23.36885,63.92975]]]}},{"type":"Feature","properties":{"nr":"68210"},"geometry":{"type":"Polygon","coordinates":[[[23.6118,63.91504],[23.52901,63.94637],[23.46077,63.99442],[23.3889,63.97325],[23.40557,63.94168],[23.36885,63.92975],[23.44968,63.90685],[23.6118,63.91504]]]}},{"type":"Feature","properties":{"nr":"68370"},"geometry":{"type":"Polygon","coordinates":[[[23.9163,63.65309],[24.09374,63.73047],[24.06714,63.74807],[23.85385,63.76445],[23.8096,63.77887],[23.77767,63.75886],[23.69906,63.75597],[23.62276,63.72988],[23.64663,63.71234],[23.79298,63.67699],[23.9163,63.65309]]]}},{"type":"Feature","properties":{"nr":"68220"},"geometry":{"type":"Polygon","coordinates":[[[23.3889,63.97325],[23.46077,63.99442],[23.39014,64.01102],[23.3889,63.97325]]]}},{"type":"Feature","properties":{"nr":"68230"},"geometry":{"type":"Polygon","coordinates":[[[23.56321,64.04226],[23.47787,64.05637],[23.41497,64.08435],[23.38015,64.05693],[23.39014,64.01102],[23.46077,63.99442],[23.52901,63.94637],[23.6118,63.91504],[23.65659,63.90295],[23.67471,63.94859],[23.55293,64.02583],[23.56321,64.04226]]]}},{"type":"Feature","properties":{"nr":"68240"},"geometry":{"type":"Polygon","coordinates":[[[23.61587,64.04688],[23.56321,64.04226],[23.55293,64.02583],[23.67471,63.94859],[23.75167,63.96234],[23.72035,63.98344],[23.70326,63.99459],[23.61587,64.04688]]]}},{"type":"Feature","properties":{"nr":"68550"},"geometry":{"type":"Polygon","coordinates":[[[22.93339,63.77492],[22.91456,63.82595],[22.96502,63.82953],[22.96787,63.86414],[22.9396,63.8896],[22.84054,63.90468],[22.82588,63.87932],[22.83315,63.87075],[22.86591,63.83807],[22.87876,63.80368],[22.92066,63.77531],[22.93339,63.77492]]]}},{"type":"Feature","properties":{"nr":"68380"},"geometry":{"type":"Polygon","coordinates":[[[24.25527,63.55217],[24.24714,63.59061],[24.19622,63.63041],[24.23051,63.66704],[24.13596,63.72663],[24.09374,63.73047],[23.9163,63.65309],[23.91562,63.61551],[24.07839,63.55257],[24.15413,63.5592],[24.25527,63.55217]],[[24.01998,63.59571],[23.99646,63.62338],[24.05158,63.62859],[24.05492,63.60056],[24.01998,63.59571]]]}},{"type":"Feature","properties":{"nr":"68390"},"geometry":{"type":"Polygon","coordinates":[[[24.01998,63.59571],[24.05492,63.60056],[24.05158,63.62859],[23.99646,63.62338],[24.01998,63.59571]]]}},{"type":"Feature","properties":{"nr":"68410"},"geometry":{"type":"Polygon","coordinates":[[[23.55818,63.75541],[23.45678,63.74331],[23.40041,63.75376],[23.33707,63.76027],[23.24041,63.72568],[23.26323,63.69175],[23.32063,63.67562],[23.38798,63.63565],[23.44509,63.63754],[23.50212,63.64718],[23.5595,63.63586],[23.65404,63.66998],[23.79298,63.67699],[23.64663,63.71234],[23.62276,63.72988],[23.55818,63.75541]]]}},{"type":"Feature","properties":{"nr":"68500"},"geometry":{"type":"Polygon","coordinates":[[[23.04892,63.78324],[23.01283,63.79124],[22.9891,63.78825],[22.95446,63.78157],[22.93339,63.77492],[22.92066,63.77531],[22.87034,63.73572],[22.92533,63.72223],[22.90085,63.69667],[22.98682,63.66036],[23.03937,63.66152],[23.15885,63.63927],[23.17022,63.59691],[23.2161,63.58382],[23.28989,63.61425],[23.38798,63.63565],[23.32063,63.67562],[23.26323,63.69175],[23.24041,63.72568],[23.11893,63.75722],[23.09988,63.77771],[23.06747,63.77871],[23.04892,63.78324]]]}},{"type":"Feature","properties":{"nr":"68530"},"geometry":{"type":"Polygon","coordinates":[[[22.90085,63.69667],[22.82759,63.7015],[22.82708,63.65793],[22.85916,63.64778],[22.95378,63.65207],[22.98682,63.66036],[22.90085,63.69667]]]}},{"type":"Feature","properties":{"nr":"68580"},"geometry":{"type":"Polygon","coordinates":[[[22.76924,63.69521],[22.77402,63.71882],[22.74917,63.71767],[22.73173,63.70949],[22.72097,63.70401],[22.76924,63.69521]]]}},{"type":"Feature","properties":{"nr":"68600"},"geometry":{"type":"Polygon","coordinates":[[[22.73173,63.70949],[22.68866,63.7095],[22.68423,63.68426],[22.69601,63.66557],[22.62695,63.64784],[22.61653,63.62839],[22.65841,63.62089],[22.81094,63.65393],[22.82708,63.65793],[22.77265,63.68947],[22.72097,63.70401],[22.73173,63.70949]]]}},{"type":"Feature","properties":{"nr":"68620"},"geometry":{"type":"Polygon","coordinates":[[[22.68423,63.68426],[22.6283,63.72228],[22.59302,63.66685],[22.51789,63.65246],[22.51776,63.62131],[22.56097,63.59789],[22.61653,63.62839],[22.62695,63.64784],[22.64926,63.66446],[22.69601,63.66557],[22.68423,63.68426]]]}},{"type":"Feature","properties":{"nr":"68630"},"geometry":{"type":"Polygon","coordinates":[[[22.62695,63.64784],[22.69601,63.66557],[22.64926,63.66446],[22.62695,63.64784]]]}},{"type":"Feature","properties":{"nr":"68660"},"geometry":{"type":"Polygon","coordinates":[[[22.72097,63.70401],[22.77265,63.68947],[22.76924,63.69521],[22.72097,63.70401]]]}},{"type":"Feature","properties":{"nr":"68690"},"geometry":{"type":"Polygon","coordinates":[[[22.6413,63.56115],[22.7209,63.5726],[22.70325,63.61135],[22.65841,63.62089],[22.61653,63.62839],[22.56097,63.59789],[22.6413,63.56115]]]}},{"type":"Feature","properties":{"nr":"68700"},"geometry":{"type":"Polygon","coordinates":[[[23.44509,63.63754],[23.38798,63.63565],[23.28989,63.61425],[23.2161,63.58382],[23.2687,63.56689],[23.37589,63.52215],[23.4292,63.48501],[23.55865,63.4603],[23.64516,63.47164],[23.67923,63.50489],[23.64486,63.54559],[23.59786,63.54257],[23.55948,63.57253],[23.45435,63.5843],[23.42559,63.6114],[23.44509,63.63754]]]}},{"type":"Feature","properties":{"nr":"68750"},"geometry":{"type":"Polygon","coordinates":[[[23.67907,63.39825],[23.68229,63.41325],[23.64516,63.47164],[23.55865,63.4603],[23.60409,63.40505],[23.67907,63.39825]]]}},{"type":"Feature","properties":{"nr":"68800"},"geometry":{"type":"Polygon","coordinates":[[[22.95947,63.57216],[22.9618,63.59854],[22.94238,63.64314],[22.83005,63.62637],[22.83794,63.59635],[22.88735,63.59744],[22.95947,63.57216]]]}},{"type":"Feature","properties":{"nr":"68810"},"geometry":{"type":"Polygon","coordinates":[[[23.03937,63.66152],[22.98682,63.66036],[22.95378,63.65207],[22.94238,63.64314],[22.9618,63.59854],[23.05719,63.62328],[23.10125,63.61849],[23.03937,63.66152]]]}},{"type":"Feature","properties":{"nr":"68820"},"geometry":{"type":"Polygon","coordinates":[[[23.10125,63.61849],[23.05719,63.62328],[22.9618,63.59854],[22.95947,63.57216],[22.96542,63.56895],[23.08036,63.56898],[23.03093,63.53457],[23.11597,63.50551],[23.09735,63.47377],[23.15394,63.4972],[23.14056,63.53956],[23.2687,63.56689],[23.2161,63.58382],[23.17022,63.59691],[23.10125,63.61849]]]}},{"type":"Feature","properties":{"nr":"68830"},"geometry":{"type":"Polygon","coordinates":[[[23.17022,63.59691],[23.15885,63.63927],[23.03937,63.66152],[23.10125,63.61849],[23.17022,63.59691]]]}},{"type":"Feature","properties":{"nr":"68870"},"geometry":{"type":"Polygon","coordinates":[[[22.83005,63.62637],[22.94238,63.64314],[22.95378,63.65207],[22.85916,63.64778],[22.82708,63.65793],[22.81094,63.65393],[22.83005,63.62637]]]}},{"type":"Feature","properties":{"nr":"68910"},"geometry":{"type":"Polygon","coordinates":[[[22.83005,63.62637],[22.81094,63.65393],[22.65841,63.62089],[22.70325,63.61135],[22.7209,63.5726],[22.75486,63.56364],[22.83794,63.59635],[22.83005,63.62637]]]}},{"type":"Feature","properties":{"nr":"68920"},"geometry":{"type":"Polygon","coordinates":[[[22.8209,63.49825],[22.86839,63.51704],[22.88278,63.54883],[22.96542,63.56895],[22.95947,63.57216],[22.88735,63.59744],[22.83794,63.59635],[22.75486,63.56364],[22.79561,63.50475],[22.8209,63.49825]]]}},{"type":"Feature","properties":{"nr":"69340"},"geometry":{"type":"Polygon","coordinates":[[[24.2337,63.66703],[24.32548,63.64147],[24.40059,63.65704],[24.42082,63.67667],[24.54141,63.68757],[24.54509,63.70267],[24.42324,63.71047],[24.36142,63.69405],[24.32243,63.71137],[24.28467,63.70419],[24.2337,63.66703]]]}},{"type":"Feature","properties":{"nr":"68930"},"geometry":{"type":"Polygon","coordinates":[[[23.09735,63.47377],[23.11597,63.50551],[23.03093,63.53457],[23.08036,63.56898],[22.96542,63.56895],[22.88278,63.54883],[22.86839,63.51704],[22.8209,63.49825],[22.90206,63.49958],[22.93744,63.48279],[23.00318,63.50568],[23.09735,63.47377]]]}},{"type":"Feature","properties":{"nr":"68940"},"geometry":{"type":"Polygon","coordinates":[[[22.93487,63.43536],[22.96947,63.41827],[23.19585,63.42739],[23.22733,63.45255],[23.15394,63.4972],[23.09735,63.47377],[23.00318,63.50568],[22.93744,63.48279],[22.93487,63.43536]]]}},{"type":"Feature","properties":{"nr":"68970"},"geometry":{"type":"Polygon","coordinates":[[[22.97933,63.34271],[23.06579,63.36365],[23.16407,63.3785],[23.20784,63.40852],[23.19585,63.42739],[22.96947,63.41827],[22.93487,63.43536],[22.83117,63.39613],[22.97711,63.36584],[22.97933,63.34271]]]}},{"type":"Feature","properties":{"nr":"68999"},"geometry":{"type":"Polygon","coordinates":[[[23.40041,63.75376],[23.45678,63.74331],[23.55818,63.75541],[23.51386,63.77885],[23.3961,63.8096],[23.40041,63.75376]]]}},{"type":"Feature","properties":{"nr":"69100"},"geometry":{"type":"Polygon","coordinates":[[[23.96294,64.08236],[23.91996,64.07091],[23.85508,64.08385],[23.79836,64.04415],[23.79052,64.00495],[23.72035,63.98344],[23.75167,63.96234],[23.67471,63.94859],[23.65659,63.90295],[23.77898,63.84008],[23.8096,63.77887],[23.85385,63.76445],[24.06714,63.74807],[24.00653,63.81076],[23.93704,63.85293],[24.01945,63.881],[24.10763,63.88583],[24.03295,63.94956],[24.16021,63.95494],[24.15803,63.98621],[24.09275,64.02575],[24.07514,64.06173],[23.96294,64.08236]]]}},{"type":"Feature","properties":{"nr":"69150"},"geometry":{"type":"Polygon","coordinates":[[[24.34061,63.88504],[24.25211,63.93782],[24.16021,63.95494],[24.03295,63.94956],[24.10763,63.88583],[24.1604,63.87274],[24.28324,63.852],[24.28644,63.85297],[24.34061,63.88504]]]}},{"type":"Feature","properties":{"nr":"69170"},"geometry":{"type":"Polygon","coordinates":[[[24.00653,63.81076],[24.1604,63.87274],[24.10763,63.88583],[24.01945,63.881],[23.93704,63.85293],[24.00653,63.81076]]]}},{"type":"Feature","properties":{"nr":"99280"},"geometry":{"type":"Polygon","coordinates":[[[25.70825,67.51671],[25.74399,67.55851],[25.84045,67.60802],[25.8673,67.64853],[25.81308,67.66328],[25.79242,67.71959],[25.64454,67.69098],[25.63328,67.67335],[25.52506,67.64273],[25.5791,67.58514],[25.70825,67.51671]]]}},{"type":"Feature","properties":{"nr":"69300"},"geometry":{"type":"Polygon","coordinates":[[[24.48089,63.80042],[24.42524,63.8418],[24.28644,63.85297],[24.28324,63.852],[24.28266,63.83201],[24.18697,63.80952],[24.19102,63.78434],[24.13771,63.72711],[24.30102,63.73968],[24.32243,63.71137],[24.36142,63.69405],[24.42324,63.71047],[24.54509,63.70267],[24.56113,63.72097],[24.49821,63.76603],[24.48089,63.80042]]]}},{"type":"Feature","properties":{"nr":"69310"},"geometry":{"type":"Polygon","coordinates":[[[24.13596,63.72663],[24.13771,63.72711],[24.19102,63.78434],[24.18697,63.80952],[24.28266,63.83201],[24.28324,63.852],[24.1604,63.87274],[24.00653,63.81076],[24.06714,63.74807],[24.09374,63.73047],[24.13596,63.72663]]]}},{"type":"Feature","properties":{"nr":"69330"},"geometry":{"type":"Polygon","coordinates":[[[24.2337,63.66703],[24.28467,63.70419],[24.32243,63.71137],[24.30102,63.73968],[24.13771,63.72711],[24.13596,63.72663],[24.23051,63.66704],[24.2337,63.66703]]]}},{"type":"Feature","properties":{"nr":"71720"},"geometry":{"type":"Polygon","coordinates":[[[27.35864,63.04877],[27.38264,63.05754],[27.48455,63.07565],[27.45649,63.11502],[27.35225,63.1108],[27.32366,63.08163],[27.35864,63.04877]]]}},{"type":"Feature","properties":{"nr":"69410"},"geometry":{"type":"Polygon","coordinates":[[[24.33199,63.54526],[24.41112,63.57381],[24.4899,63.58471],[24.48425,63.60263],[24.60344,63.60373],[24.63016,63.62146],[24.54141,63.68757],[24.42082,63.67667],[24.40059,63.65704],[24.32548,63.64147],[24.2337,63.66703],[24.23051,63.66704],[24.19622,63.63041],[24.24714,63.59061],[24.25527,63.55217],[24.33199,63.54526]]]}},{"type":"Feature","properties":{"nr":"69420"},"geometry":{"type":"Polygon","coordinates":[[[24.46784,63.51808],[24.52928,63.53629],[24.56599,63.58345],[24.60344,63.60373],[24.48425,63.60263],[24.4899,63.58471],[24.41112,63.57381],[24.33199,63.54526],[24.34259,63.54164],[24.46784,63.51808]]]}},{"type":"Feature","properties":{"nr":"69440"},"geometry":{"type":"Polygon","coordinates":[[[24.59569,63.45042],[24.71682,63.48643],[24.80353,63.50288],[24.90559,63.534],[24.75036,63.61095],[24.63016,63.62146],[24.60344,63.60373],[24.56599,63.58345],[24.52928,63.53629],[24.46784,63.51808],[24.533,63.47197],[24.59569,63.45042]]]}},{"type":"Feature","properties":{"nr":"69450"},"geometry":{"type":"Polygon","coordinates":[[[24.74453,63.39826],[24.88046,63.41736],[24.96366,63.46828],[25.01969,63.48698],[24.96431,63.52241],[24.90559,63.534],[24.80353,63.50288],[24.71682,63.48643],[24.59569,63.45042],[24.61594,63.40811],[24.74453,63.39826]]]}},{"type":"Feature","properties":{"nr":"69510"},"geometry":{"type":"Polygon","coordinates":[[[23.99374,63.4842],[24.0644,63.45259],[24.06272,63.40788],[24.09573,63.40076],[24.1363,63.43734],[24.22141,63.43171],[24.25819,63.40349],[24.3529,63.42706],[24.40081,63.42366],[24.39481,63.44396],[24.33371,63.48417],[24.34259,63.54164],[24.33199,63.54526],[24.25527,63.55217],[24.15413,63.5592],[24.07839,63.55257],[23.99374,63.4842]]]}},{"type":"Feature","properties":{"nr":"69550"},"geometry":{"type":"Polygon","coordinates":[[[24.5398,63.37951],[24.61594,63.40811],[24.59569,63.45042],[24.533,63.47197],[24.46784,63.51808],[24.34259,63.54164],[24.33371,63.48417],[24.39481,63.44396],[24.40081,63.42366],[24.46248,63.38277],[24.5398,63.37951]]]}},{"type":"Feature","properties":{"nr":"69570"},"geometry":{"type":"Polygon","coordinates":[[[24.32071,63.3198],[24.35241,63.35094],[24.46248,63.38277],[24.40081,63.42366],[24.3529,63.42706],[24.25819,63.40349],[24.22141,63.43171],[24.1363,63.43734],[24.09573,63.40076],[24.12324,63.37589],[24.15942,63.35188],[24.25656,63.32549],[24.32071,63.3198]]]}},{"type":"Feature","properties":{"nr":"69750"},"geometry":{"type":"Polygon","coordinates":[[[24.12324,63.37589],[24.09573,63.40076],[24.06272,63.40788],[24.0644,63.45259],[23.99374,63.4842],[23.97613,63.48366],[23.90619,63.42296],[23.85699,63.42331],[23.96361,63.3962],[24.12324,63.37589]]]}},{"type":"Feature","properties":{"nr":"69600"},"geometry":{"type":"Polygon","coordinates":[[[23.91562,63.61551],[23.9163,63.65309],[23.79298,63.67699],[23.65404,63.66998],[23.5595,63.63586],[23.50212,63.64718],[23.44509,63.63754],[23.42559,63.6114],[23.45435,63.5843],[23.55948,63.57253],[23.59786,63.54257],[23.64486,63.54559],[23.67923,63.50489],[23.70714,63.50653],[23.76955,63.5105],[23.86321,63.53645],[23.92478,63.50921],[23.94044,63.55332],[23.89677,63.58107],[23.91562,63.61551]]]}},{"type":"Feature","properties":{"nr":"69660"},"geometry":{"type":"Polygon","coordinates":[[[24.07839,63.55257],[23.91562,63.61551],[23.89677,63.58107],[23.94044,63.55332],[23.92478,63.50921],[23.97613,63.48366],[23.99374,63.4842],[24.07839,63.55257]]]}},{"type":"Feature","properties":{"nr":"69700"},"geometry":{"type":"Polygon","coordinates":[[[23.97613,63.48366],[23.92478,63.50921],[23.86321,63.53645],[23.76955,63.5105],[23.75387,63.49195],[23.70714,63.50653],[23.67923,63.50489],[23.64516,63.47164],[23.68229,63.41325],[23.68807,63.43782],[23.81081,63.43302],[23.85699,63.42331],[23.90619,63.42296],[23.97613,63.48366]]]}},{"type":"Feature","properties":{"nr":"69730"},"geometry":{"type":"Polygon","coordinates":[[[23.70714,63.50653],[23.75387,63.49195],[23.76955,63.5105],[23.70714,63.50653]]]}},{"type":"Feature","properties":{"nr":"69820"},"geometry":{"type":"Polygon","coordinates":[[[23.73741,63.29774],[23.78316,63.27821],[23.83453,63.28417],[23.89271,63.35366],[23.96361,63.3962],[23.85699,63.42331],[23.81081,63.43302],[23.68807,63.43782],[23.68229,63.41325],[23.67907,63.39825],[23.71417,63.36295],[23.73741,63.29774]]]}},{"type":"Feature","properties":{"nr":"69830"},"geometry":{"type":"Polygon","coordinates":[[[24.04768,63.26],[24.09567,63.28034],[24.10352,63.32969],[24.15942,63.35188],[24.12324,63.37589],[23.96361,63.3962],[23.89271,63.35366],[23.95056,63.34102],[24.02447,63.29266],[24.02842,63.2626],[24.04768,63.26]]]}},{"type":"Feature","properties":{"nr":"69850"},"geometry":{"type":"Polygon","coordinates":[[[23.94018,63.26397],[24.02842,63.2626],[24.02447,63.29266],[23.95056,63.34102],[23.89271,63.35366],[23.83453,63.28417],[23.94018,63.26397]]]}},{"type":"Feature","properties":{"nr":"69910"},"geometry":{"type":"Polygon","coordinates":[[[24.09567,63.28034],[24.23531,63.30545],[24.25656,63.32549],[24.15942,63.35188],[24.10352,63.32969],[24.09567,63.28034]]]}},{"type":"Feature","properties":{"nr":"69920"},"geometry":{"type":"Polygon","coordinates":[[[24.20967,63.18933],[24.28477,63.21409],[24.34599,63.21881],[24.37915,63.24388],[24.32071,63.3198],[24.25656,63.32549],[24.23531,63.30545],[24.09567,63.28034],[24.04768,63.26],[24.13485,63.21874],[24.16279,63.19991],[24.20967,63.18933]]]}},{"type":"Feature","properties":{"nr":"69950"},"geometry":{"type":"Polygon","coordinates":[[[24.37816,63.13407],[24.47392,63.2211],[24.67876,63.27718],[24.53596,63.32906],[24.5398,63.37951],[24.46248,63.38277],[24.35241,63.35094],[24.32071,63.3198],[24.37915,63.24388],[24.34599,63.21881],[24.28477,63.21409],[24.20967,63.18933],[24.19968,63.15973],[24.21047,63.12939],[24.32719,63.12246],[24.37816,63.13407]]]}},{"type":"Feature","properties":{"nr":"69970"},"geometry":{"type":"Polygon","coordinates":[[[24.72382,63.27205],[24.78186,63.27753],[24.80184,63.35285],[24.74453,63.39826],[24.61594,63.40811],[24.5398,63.37951],[24.53596,63.32906],[24.67876,63.27718],[24.72382,63.27205]]]}},{"type":"Feature","properties":{"nr":"69980"},"geometry":{"type":"Polygon","coordinates":[[[24.65024,63.1311],[24.73693,63.15754],[24.75669,63.19431],[24.72382,63.27205],[24.67876,63.27718],[24.47392,63.2211],[24.37816,63.13407],[24.41096,63.12901],[24.54529,63.15006],[24.65024,63.1311]]]}},{"type":"Feature","properties":{"nr":"70100"},"geometry":{"type":"Polygon","coordinates":[[[27.85913,62.8253],[27.83577,62.86278],[27.75036,62.89505],[27.69233,62.89722],[27.67597,62.89789],[27.66305,62.88939],[27.66257,62.88767],[27.66419,62.86599],[27.66412,62.86567],[27.666,62.86418],[27.70655,62.86629],[27.71527,62.82183],[27.7053,62.81125],[27.81504,62.81512],[27.85913,62.8253]]]}},{"type":"Feature","properties":{"nr":"70110"},"geometry":{"type":"Polygon","coordinates":[[[27.66305,62.88939],[27.67597,62.89789],[27.66977,62.9025],[27.66222,62.89663],[27.66305,62.88939]]]}},{"type":"Feature","properties":{"nr":"70150"},"geometry":{"type":"Polygon","coordinates":[[[27.62886,62.88561],[27.55177,62.88732],[27.5597,62.88108],[27.62886,62.88561]]]}},{"type":"Feature","properties":{"nr":"70200"},"geometry":{"type":"Polygon","coordinates":[[[27.65016,62.91125],[27.62949,62.91273],[27.61682,62.90888],[27.60132,62.90425],[27.64862,62.89589],[27.66222,62.89663],[27.66977,62.9025],[27.65016,62.91125]]]}},{"type":"Feature","properties":{"nr":"70210"},"geometry":{"type":"Polygon","coordinates":[[[27.60132,62.90425],[27.5091,62.94468],[27.48716,62.93367],[27.55177,62.88732],[27.62886,62.88561],[27.63808,62.88539],[27.64862,62.89589],[27.60132,62.90425]]]}},{"type":"Feature","properties":{"nr":"70240"},"geometry":{"type":"Polygon","coordinates":[[[27.61682,62.90888],[27.62949,62.91273],[27.62976,62.91856],[27.61682,62.90888]]]}},{"type":"Feature","properties":{"nr":"70260"},"geometry":{"type":"Polygon","coordinates":[[[27.62976,62.91856],[27.64789,62.92746],[27.60547,62.95692],[27.51724,62.96831],[27.50878,62.94697],[27.5091,62.94468],[27.60132,62.90425],[27.61682,62.90888],[27.62976,62.91856]]]}},{"type":"Feature","properties":{"nr":"70280"},"geometry":{"type":"Polygon","coordinates":[[[27.65765,62.92188],[27.64789,62.92746],[27.62976,62.91856],[27.62949,62.91273],[27.65016,62.91125],[27.65765,62.92188]]]}},{"type":"Feature","properties":{"nr":"70300"},"geometry":{"type":"Polygon","coordinates":[[[27.6833,62.90328],[27.66122,62.92132],[27.65765,62.92188],[27.65016,62.91125],[27.66977,62.9025],[27.67597,62.89789],[27.69233,62.89722],[27.6833,62.90328]]]}},{"type":"Feature","properties":{"nr":"70340"},"geometry":{"type":"Polygon","coordinates":[[[27.68809,62.92049],[27.66699,62.9249],[27.66122,62.92132],[27.6833,62.90328],[27.68671,62.90461],[27.68809,62.92049]]]}},{"type":"Feature","properties":{"nr":"70420"},"geometry":{"type":"Polygon","coordinates":[[[27.69038,62.94566],[27.63795,62.96952],[27.60547,62.95692],[27.64789,62.92746],[27.65765,62.92188],[27.66122,62.92132],[27.66699,62.9249],[27.69038,62.94566]]]}},{"type":"Feature","properties":{"nr":"70460"},"geometry":{"type":"Polygon","coordinates":[[[27.73217,62.90321],[27.74123,62.93133],[27.72363,62.93631],[27.71708,62.93547],[27.68809,62.92049],[27.68671,62.90461],[27.73217,62.90321]]]}},{"type":"Feature","properties":{"nr":"70500"},"geometry":{"type":"Polygon","coordinates":[[[27.73217,62.90321],[27.68671,62.90461],[27.6833,62.90328],[27.69233,62.89722],[27.75036,62.89505],[27.73217,62.90321]]]}},{"type":"Feature","properties":{"nr":"70600"},"geometry":{"type":"Polygon","coordinates":[[[27.64145,62.88422],[27.66257,62.88767],[27.66305,62.88939],[27.66222,62.89663],[27.64862,62.89589],[27.63808,62.88539],[27.64145,62.88422]]]}},{"type":"Feature","properties":{"nr":"70620"},"geometry":{"type":"Polygon","coordinates":[[[27.66419,62.86599],[27.66257,62.88767],[27.64145,62.88422],[27.66419,62.86599]]]}},{"type":"Feature","properties":{"nr":"70700"},"geometry":{"type":"Polygon","coordinates":[[[27.63808,62.88539],[27.62886,62.88561],[27.5597,62.88108],[27.57196,62.87335],[27.58779,62.8647],[27.66412,62.86567],[27.66419,62.86599],[27.64145,62.88422],[27.63808,62.88539]]]}},{"type":"Feature","properties":{"nr":"70780"},"geometry":{"type":"MultiPolygon","coordinates":[[[[27.81504,62.81512],[27.8863,62.8053],[27.88946,62.81382],[27.85913,62.8253],[27.81504,62.81512]]],[[[27.66412,62.86567],[27.58779,62.8647],[27.6194,62.84251],[27.68181,62.85056],[27.666,62.86418],[27.66412,62.86567]]]]}},{"type":"Feature","properties":{"nr":"71480"},"geometry":{"type":"Polygon","coordinates":[[[27.48751,62.8106],[27.46634,62.82236],[27.30858,62.83526],[27.3006,62.81626],[27.44856,62.73884],[27.50262,62.7308],[27.54537,62.76615],[27.54081,62.79669],[27.48751,62.8106]]]}},{"type":"Feature","properties":{"nr":"70800"},"geometry":{"type":"Polygon","coordinates":[[[27.6596,62.81751],[27.6194,62.84251],[27.58779,62.8647],[27.57196,62.87335],[27.55515,62.82403],[27.60431,62.79857],[27.6596,62.81751]]]}},{"type":"Feature","properties":{"nr":"70820"},"geometry":{"type":"Polygon","coordinates":[[[27.71527,62.82183],[27.68181,62.85056],[27.6194,62.84251],[27.6596,62.81751],[27.70261,62.80939],[27.7053,62.81125],[27.71527,62.82183]]]}},{"type":"Feature","properties":{"nr":"70840"},"geometry":{"type":"Polygon","coordinates":[[[27.71527,62.82183],[27.70655,62.86629],[27.666,62.86418],[27.68181,62.85056],[27.71527,62.82183]]]}},{"type":"Feature","properties":{"nr":"70870"},"geometry":{"type":"Polygon","coordinates":[[[27.6596,62.81751],[27.60431,62.79857],[27.55515,62.82403],[27.48751,62.8106],[27.54081,62.79669],[27.54537,62.76615],[27.50262,62.7308],[27.52426,62.68944],[27.7111,62.6804],[27.74078,62.69363],[27.78172,62.75133],[27.70261,62.80939],[27.6596,62.81751]]]}},{"type":"Feature","properties":{"nr":"70900"},"geometry":{"type":"Polygon","coordinates":[[[27.80107,63.02436],[27.71977,63.02525],[27.67293,63.00407],[27.72574,62.97445],[27.72363,62.93631],[27.74123,62.93133],[27.81333,62.95149],[27.79709,62.98425],[27.84524,63.00537],[27.80107,63.02436]]]}},{"type":"Feature","properties":{"nr":"70910"},"geometry":{"type":"Polygon","coordinates":[[[27.72363,62.93631],[27.72574,62.97445],[27.67293,63.00407],[27.63795,62.96952],[27.69038,62.94566],[27.71708,62.93547],[27.72363,62.93631]]]}},{"type":"Feature","properties":{"nr":"70940"},"geometry":{"type":"Polygon","coordinates":[[[27.81333,62.95149],[27.87893,62.93846],[27.93468,62.94494],[27.97285,62.96563],[27.90264,62.99457],[27.84524,63.00537],[27.79709,62.98425],[27.81333,62.95149]]]}},{"type":"Feature","properties":{"nr":"71130"},"geometry":{"type":"Polygon","coordinates":[[[27.88946,62.81382],[27.96192,62.85396],[27.90926,62.87789],[27.94148,62.91334],[27.93468,62.94494],[27.87893,62.93846],[27.81333,62.95149],[27.74123,62.93133],[27.73217,62.90321],[27.75036,62.89505],[27.83577,62.86278],[27.85913,62.8253],[27.88946,62.81382]]]}},{"type":"Feature","properties":{"nr":"71150"},"geometry":{"type":"Polygon","coordinates":[[[27.96192,62.85396],[28.04759,62.85879],[28.04115,62.89432],[28.08031,62.90915],[28.08613,62.9519],[28.12983,62.96844],[28.12914,62.97404],[28.04786,63.02447],[27.90264,62.99457],[27.97285,62.96563],[27.93468,62.94494],[27.94148,62.91334],[27.90926,62.87789],[27.96192,62.85396]]]}},{"type":"Feature","properties":{"nr":"71160"},"geometry":{"type":"Polygon","coordinates":[[[28.15552,62.82572],[28.18241,62.81071],[28.25045,62.82015],[28.25292,62.87155],[28.29896,62.90679],[28.31069,62.9361],[28.12983,62.96844],[28.08613,62.9519],[28.08031,62.90915],[28.04115,62.89432],[28.04759,62.85879],[28.13035,62.85078],[28.15552,62.82572]]]}},{"type":"Feature","properties":{"nr":"71170"},"geometry":{"type":"Polygon","coordinates":[[[28.29896,62.90679],[28.37611,62.90142],[28.46134,62.93778],[28.36944,62.94578],[28.31069,62.9361],[28.29896,62.90679]]]}},{"type":"Feature","properties":{"nr":"71200"},"geometry":{"type":"Polygon","coordinates":[[[28.59557,62.89516],[28.53567,62.92411],[28.46134,62.93778],[28.37611,62.90142],[28.40237,62.86072],[28.36844,62.83451],[28.30167,62.81781],[28.32895,62.80391],[28.4162,62.79266],[28.49456,62.79564],[28.49076,62.76411],[28.55015,62.75093],[28.5984,62.81891],[28.67303,62.84014],[28.66063,62.86567],[28.59557,62.89516]]]}},{"type":"Feature","properties":{"nr":"71210"},"geometry":{"type":"Polygon","coordinates":[[[28.25045,62.82015],[28.30167,62.81781],[28.36844,62.83451],[28.40237,62.86072],[28.37611,62.90142],[28.29896,62.90679],[28.25292,62.87155],[28.25045,62.82015]]]}},{"type":"Feature","properties":{"nr":"71240"},"geometry":{"type":"Polygon","coordinates":[[[28.59039,62.74405],[28.62674,62.76266],[28.72104,62.77566],[28.75908,62.80978],[28.70583,62.8275],[28.66063,62.86567],[28.67303,62.84014],[28.5984,62.81891],[28.55015,62.75093],[28.59039,62.74405]]]}},{"type":"Feature","properties":{"nr":"71260"},"geometry":{"type":"Polygon","coordinates":[[[28.49076,62.76411],[28.49456,62.79564],[28.4162,62.79266],[28.32895,62.80391],[28.32636,62.74203],[28.38243,62.71922],[28.44174,62.71554],[28.49076,62.76411]]]}},{"type":"Feature","properties":{"nr":"71280"},"geometry":{"type":"Polygon","coordinates":[[[28.59039,62.74405],[28.55015,62.75093],[28.49076,62.76411],[28.44174,62.71554],[28.38243,62.71922],[28.39379,62.68387],[28.34749,62.64459],[28.34884,62.609],[28.4147,62.60589],[28.48375,62.57468],[28.52906,62.57039],[28.55388,62.57249],[28.57057,62.60579],[28.67786,62.63562],[28.72936,62.6321],[28.66997,62.65219],[28.68783,62.6883],[28.59039,62.74405]]]}},{"type":"Feature","properties":{"nr":"71310"},"geometry":{"type":"Polygon","coordinates":[[[28.04759,62.85879],[27.96192,62.85396],[27.88946,62.81382],[27.8863,62.8053],[27.87743,62.75838],[27.95464,62.76116],[28.00799,62.68361],[28.09372,62.67367],[28.13983,62.65053],[28.1808,62.64991],[28.19045,62.68289],[28.10304,62.75622],[28.1592,62.78642],[28.15552,62.82572],[28.13035,62.85078],[28.04759,62.85879]]]}},{"type":"Feature","properties":{"nr":"71330"},"geometry":{"type":"Polygon","coordinates":[[[27.8863,62.8053],[27.81504,62.81512],[27.7053,62.81125],[27.70261,62.80939],[27.78172,62.75133],[27.74078,62.69363],[27.77617,62.67133],[27.85803,62.66093],[27.93952,62.66282],[27.97351,62.65577],[28.00799,62.68361],[27.95464,62.76116],[27.87743,62.75838],[27.8863,62.8053]]]}},{"type":"Feature","properties":{"nr":"71490"},"geometry":{"type":"Polygon","coordinates":[[[27.51321,62.67992],[27.52426,62.68944],[27.50262,62.7308],[27.44856,62.73884],[27.3006,62.81626],[27.25713,62.75166],[27.32496,62.743],[27.34589,62.7164],[27.37856,62.70939],[27.51321,62.67992]]]}},{"type":"Feature","properties":{"nr":"71360"},"geometry":{"type":"Polygon","coordinates":[[[28.25045,62.82015],[28.18241,62.81071],[28.15552,62.82572],[28.1592,62.78642],[28.10304,62.75622],[28.19045,62.68289],[28.23895,62.6935],[28.2627,62.72168],[28.32636,62.74203],[28.32895,62.80391],[28.30167,62.81781],[28.25045,62.82015]]]}},{"type":"Feature","properties":{"nr":"71380"},"geometry":{"type":"Polygon","coordinates":[[[28.38243,62.71922],[28.32636,62.74203],[28.2627,62.72168],[28.23895,62.6935],[28.19045,62.68289],[28.1808,62.64991],[28.20681,62.60881],[28.2209,62.60118],[28.34884,62.609],[28.34749,62.64459],[28.39379,62.68387],[28.38243,62.71922]]]}},{"type":"Feature","properties":{"nr":"71460"},"geometry":{"type":"Polygon","coordinates":[[[27.7111,62.6804],[27.52426,62.68944],[27.51321,62.67992],[27.5415,62.61731],[27.68755,62.60781],[27.67669,62.65032],[27.72505,62.66285],[27.7111,62.6804]]]}},{"type":"Feature","properties":{"nr":"71470"},"geometry":{"type":"Polygon","coordinates":[[[27.68755,62.60781],[27.5415,62.61731],[27.52637,62.60966],[27.57645,62.56804],[27.67151,62.56119],[27.73808,62.57232],[27.68755,62.60781]]]}},{"type":"Feature","properties":{"nr":"71520"},"geometry":{"type":"Polygon","coordinates":[[[27.50878,62.94697],[27.45631,62.95699],[27.37323,62.94599],[27.33056,62.91562],[27.29227,62.92607],[27.29325,62.89635],[27.34459,62.87028],[27.30858,62.83526],[27.46634,62.82236],[27.48751,62.8106],[27.55515,62.82403],[27.57196,62.87335],[27.5597,62.88108],[27.55177,62.88732],[27.48716,62.93367],[27.5091,62.94468],[27.50878,62.94697]]]}},{"type":"Feature","properties":{"nr":"71570"},"geometry":{"type":"Polygon","coordinates":[[[27.29325,62.89635],[27.21519,62.87816],[27.18926,62.90447],[27.09635,62.89529],[27.07734,62.87209],[27.20075,62.77942],[27.25713,62.75166],[27.3006,62.81626],[27.30858,62.83526],[27.34459,62.87028],[27.29325,62.89635]]]}},{"type":"Feature","properties":{"nr":"71610"},"geometry":{"type":"Polygon","coordinates":[[[27.31749,62.96349],[27.32865,62.97047],[27.32052,62.9704],[27.31349,62.96559],[27.31749,62.96349]]]}},{"type":"Feature","properties":{"nr":"71640"},"geometry":{"type":"Polygon","coordinates":[[[26.9094,62.98394],[27.02545,62.99761],[27.14321,63.02052],[27.08452,63.03373],[27.03244,63.07465],[26.98981,63.09148],[26.82907,63.08221],[26.81855,63.05888],[26.91191,63.00979],[26.9094,62.98394]]]}},{"type":"Feature","properties":{"nr":"88530"},"geometry":{"type":"Polygon","coordinates":[[[28.18582,64.26124],[28.24459,64.25915],[28.38886,64.32907],[28.38602,64.33409],[28.18791,64.36577],[28.15953,64.323],[28.12257,64.30605],[28.16037,64.26741],[28.18582,64.26124]]]}},{"type":"Feature","properties":{"nr":"71650"},"geometry":{"type":"Polygon","coordinates":[[[27.51724,62.96831],[27.42316,62.99469],[27.3584,63.04854],[27.29894,63.05029],[27.29161,63.02045],[27.17176,63.00088],[27.16658,62.98778],[27.29227,62.92607],[27.33056,62.91562],[27.37323,62.94599],[27.45631,62.95699],[27.50878,62.94697],[27.51724,62.96831]],[[27.31749,62.96349],[27.31349,62.96559],[27.32052,62.9704],[27.32865,62.97047],[27.31749,62.96349]]]}},{"type":"Feature","properties":{"nr":"71660"},"geometry":{"type":"Polygon","coordinates":[[[27.35864,63.04877],[27.32366,63.08163],[27.25203,63.09559],[27.24233,63.08843],[27.14781,63.02],[27.17176,63.00088],[27.29161,63.02045],[27.29894,63.05029],[27.3584,63.04854],[27.35864,63.04877]]]}},{"type":"Feature","properties":{"nr":"71670"},"geometry":{"type":"Polygon","coordinates":[[[27.24233,63.08843],[27.18088,63.09922],[27.03244,63.07465],[27.08452,63.03373],[27.14321,63.02052],[27.14781,63.02],[27.24233,63.08843]]]}},{"type":"Feature","properties":{"nr":"71680"},"geometry":{"type":"Polygon","coordinates":[[[27.25609,63.13657],[27.16815,63.16447],[27.10943,63.16514],[27.07708,63.13255],[26.97985,63.10284],[26.98981,63.09148],[27.03244,63.07465],[27.18088,63.09922],[27.24233,63.08843],[27.25203,63.09559],[27.25609,63.13657]]]}},{"type":"Feature","properties":{"nr":"71690"},"geometry":{"type":"Polygon","coordinates":[[[27.07708,63.13255],[27.10943,63.16514],[27.07147,63.14727],[27.07708,63.13255]]]}},{"type":"Feature","properties":{"nr":"71730"},"geometry":{"type":"Polygon","coordinates":[[[27.35225,63.1108],[27.45649,63.11502],[27.47281,63.14935],[27.47714,63.1588],[27.44369,63.18142],[27.35649,63.18013],[27.37025,63.16396],[27.32285,63.13578],[27.24215,63.16762],[27.18752,63.18734],[27.16815,63.16447],[27.25609,63.13657],[27.35225,63.1108]]]}},{"type":"Feature","properties":{"nr":"71740"},"geometry":{"type":"Polygon","coordinates":[[[27.32366,63.08163],[27.35225,63.1108],[27.25609,63.13657],[27.25203,63.09559],[27.32366,63.08163]]]}},{"type":"Feature","properties":{"nr":"71745"},"geometry":{"type":"Polygon","coordinates":[[[27.18752,63.18734],[27.24215,63.16762],[27.21916,63.18999],[27.21474,63.19266],[27.18752,63.18734]]]}},{"type":"Feature","properties":{"nr":"71750"},"geometry":{"type":"Polygon","coordinates":[[[27.24215,63.16762],[27.32285,63.13578],[27.37025,63.16396],[27.35649,63.18013],[27.33482,63.19748],[27.27394,63.21389],[27.21916,63.18999],[27.24215,63.16762]]]}},{"type":"Feature","properties":{"nr":"99520"},"geometry":{"type":"Polygon","coordinates":[[[26.13873,67.14342],[26.22123,67.14439],[26.25743,67.12865],[26.39142,67.15197],[26.32427,67.21925],[26.07759,67.19801],[26.13873,67.14342]]]}},{"type":"Feature","properties":{"nr":"71760"},"geometry":{"type":"Polygon","coordinates":[[[27.31432,63.27231],[27.20934,63.32999],[27.16201,63.34651],[27.14439,63.31691],[27.13941,63.29683],[27.21474,63.19266],[27.21916,63.18999],[27.27394,63.21389],[27.33482,63.19748],[27.34535,63.22136],[27.31016,63.24398],[27.31432,63.27231]]]}},{"type":"Feature","properties":{"nr":"71775"},"geometry":{"type":"Polygon","coordinates":[[[27.07147,63.14727],[27.10943,63.16514],[27.16815,63.16447],[27.18752,63.18734],[27.21474,63.19266],[27.13941,63.29683],[27.10009,63.27227],[26.96494,63.24472],[26.97727,63.20087],[27.00961,63.17594],[27.07147,63.14727]]]}},{"type":"Feature","properties":{"nr":"71800"},"geometry":{"type":"Polygon","coordinates":[[[27.71472,63.23252],[27.65459,63.23404],[27.62795,63.19384],[27.65699,63.16667],[27.6555,63.13326],[27.59152,63.10599],[27.61321,63.08699],[27.60563,63.07105],[27.5716,63.06558],[27.51958,63.02954],[27.42263,63.02823],[27.38264,63.05754],[27.35864,63.04877],[27.3584,63.04854],[27.42316,62.99469],[27.51724,62.96831],[27.60547,62.95692],[27.63795,62.96952],[27.67293,63.00407],[27.71977,63.02525],[27.80107,63.02436],[27.80198,63.05293],[27.78435,63.06709],[27.74042,63.1455],[27.74372,63.20346],[27.77404,63.21463],[27.71472,63.23252]],[[27.69188,63.08089],[27.72852,63.06431],[27.68222,63.06583],[27.69188,63.08089]]]}},{"type":"Feature","properties":{"nr":"71820"},"geometry":{"type":"Polygon","coordinates":[[[27.59152,63.10599],[27.6555,63.13326],[27.65699,63.16667],[27.62795,63.19384],[27.53843,63.1559],[27.47714,63.1588],[27.47281,63.14935],[27.59152,63.10599]]]}},{"type":"Feature","properties":{"nr":"71840"},"geometry":{"type":"Polygon","coordinates":[[[27.78435,63.06709],[27.82174,63.10104],[27.81408,63.20307],[27.77404,63.21463],[27.74372,63.20346],[27.74042,63.1455],[27.78435,63.06709]]]}},{"type":"Feature","properties":{"nr":"71850"},"geometry":{"type":"Polygon","coordinates":[[[27.69188,63.08089],[27.68222,63.06583],[27.72852,63.06431],[27.69188,63.08089]]]}},{"type":"Feature","properties":{"nr":"71870"},"geometry":{"type":"Polygon","coordinates":[[[27.5716,63.06558],[27.60563,63.07105],[27.61321,63.08699],[27.5716,63.06558]]]}},{"type":"Feature","properties":{"nr":"99530"},"geometry":{"type":"Polygon","coordinates":[[[26.80512,66.98972],[26.81924,67.08601],[26.74159,67.12321],[26.58782,67.12779],[26.50285,67.14294],[26.44883,67.1309],[26.47229,67.06795],[26.58389,67.02515],[26.59257,67.00689],[26.80512,66.98972]]]}},{"type":"Feature","properties":{"nr":"71890"},"geometry":{"type":"Polygon","coordinates":[[[27.38264,63.05754],[27.42263,63.02823],[27.51958,63.02954],[27.5716,63.06558],[27.61321,63.08699],[27.59152,63.10599],[27.47281,63.14935],[27.45649,63.11502],[27.48455,63.07565],[27.38264,63.05754]]]}},{"type":"Feature","properties":{"nr":"71910"},"geometry":{"type":"Polygon","coordinates":[[[27.62795,63.19384],[27.65459,63.23404],[27.61733,63.2486],[27.53975,63.23546],[27.34535,63.22136],[27.33482,63.19748],[27.35649,63.18013],[27.44369,63.18142],[27.47714,63.1588],[27.53843,63.1559],[27.62795,63.19384]]]}},{"type":"Feature","properties":{"nr":"71920"},"geometry":{"type":"Polygon","coordinates":[[[27.61733,63.2486],[27.61686,63.30357],[27.56615,63.29235],[27.48539,63.29729],[27.40898,63.27629],[27.31432,63.27231],[27.31016,63.24398],[27.34535,63.22136],[27.53975,63.23546],[27.61733,63.2486]]]}},{"type":"Feature","properties":{"nr":"71950"},"geometry":{"type":"Polygon","coordinates":[[[27.95558,63.21903],[27.8417,63.27311],[27.74855,63.25948],[27.71472,63.23252],[27.77404,63.21463],[27.81408,63.20307],[27.89227,63.21191],[27.95558,63.21903]]]}},{"type":"Feature","properties":{"nr":"71960"},"geometry":{"type":"Polygon","coordinates":[[[27.84014,63.27756],[27.82882,63.31375],[27.68747,63.31793],[27.61686,63.30357],[27.61733,63.2486],[27.65459,63.23404],[27.71472,63.23252],[27.74855,63.25948],[27.8417,63.27311],[27.84014,63.27756]]]}},{"type":"Feature","properties":{"nr":"72100"},"geometry":{"type":"Polygon","coordinates":[[[27.29227,62.92607],[27.16658,62.98778],[27.17176,63.00088],[27.14781,63.02],[27.14321,63.02052],[27.02545,62.99761],[26.9094,62.98394],[26.94219,62.92135],[26.90985,62.90743],[26.89937,62.87047],[26.95454,62.82215],[27.07749,62.79066],[27.11919,62.76326],[27.24031,62.70833],[27.34589,62.7164],[27.32496,62.743],[27.25713,62.75166],[27.20075,62.77942],[27.07734,62.87209],[27.09635,62.89529],[27.18926,62.90447],[27.21519,62.87816],[27.29325,62.89635],[27.29227,62.92607]],[[27.12406,62.9212],[27.15312,62.94816],[27.18488,62.93388],[27.12406,62.9212]]]}},{"type":"Feature","properties":{"nr":"72140"},"geometry":{"type":"Polygon","coordinates":[[[27.12406,62.9212],[27.18488,62.93388],[27.15312,62.94816],[27.12406,62.9212]]]}},{"type":"Feature","properties":{"nr":"72210"},"geometry":{"type":"Polygon","coordinates":[[[26.81855,63.05888],[26.75092,63.06226],[26.62176,63.04778],[26.58073,63.03157],[26.55328,62.97781],[26.68924,62.8889],[26.78598,62.86177],[26.84024,62.90114],[26.89937,62.87047],[26.90985,62.90743],[26.94219,62.92135],[26.9094,62.98394],[26.91191,63.00979],[26.81855,63.05888]]]}},{"type":"Feature","properties":{"nr":"72220"},"geometry":{"type":"Polygon","coordinates":[[[26.72201,62.83901],[26.78598,62.86177],[26.68924,62.8889],[26.64812,62.8813],[26.65303,62.85588],[26.72201,62.83901]]]}},{"type":"Feature","properties":{"nr":"72300"},"geometry":{"type":"Polygon","coordinates":[[[26.44535,62.78833],[26.58238,62.82796],[26.54936,62.85132],[26.53123,62.89712],[26.56952,62.91114],[26.48042,62.9627],[26.41252,62.98962],[26.34364,63.00116],[26.34743,63.02764],[26.27118,63.04499],[26.21031,63.03779],[26.26792,63.00131],[26.2561,62.95895],[26.3469,62.90282],[26.37785,62.84511],[26.44535,62.78833]]]}},{"type":"Feature","properties":{"nr":"72310"},"geometry":{"type":"Polygon","coordinates":[[[26.64812,62.8813],[26.68924,62.8889],[26.55328,62.97781],[26.58073,63.03157],[26.57274,63.03504],[26.425,63.01704],[26.37307,63.02824],[26.34743,63.02764],[26.34364,63.00116],[26.41252,62.98962],[26.48042,62.9627],[26.56952,62.91114],[26.64812,62.8813]]]}},{"type":"Feature","properties":{"nr":"72330"},"geometry":{"type":"Polygon","coordinates":[[[26.58238,62.82796],[26.65303,62.85588],[26.64812,62.8813],[26.56952,62.91114],[26.53123,62.89712],[26.54936,62.85132],[26.58238,62.82796]]]}},{"type":"Feature","properties":{"nr":"72350"},"geometry":{"type":"Polygon","coordinates":[[[26.21406,62.81842],[26.32001,62.85533],[26.37785,62.84511],[26.3469,62.90282],[26.2561,62.95895],[26.16893,62.9532],[26.19457,62.90598],[26.17789,62.86235],[26.15724,62.84366],[26.21406,62.81842]]]}},{"type":"Feature","properties":{"nr":"72360"},"geometry":{"type":"Polygon","coordinates":[[[26.3246,62.77806],[26.44534,62.78596],[26.44535,62.78833],[26.37785,62.84511],[26.32001,62.85533],[26.21406,62.81842],[26.3246,62.77806]]]}},{"type":"Feature","properties":{"nr":"72380"},"geometry":{"type":"Polygon","coordinates":[[[26.17789,62.86235],[26.19457,62.90598],[26.16893,62.9532],[26.0475,62.93155],[26.05634,62.90814],[25.99726,62.88069],[25.99973,62.8783],[26.11791,62.88384],[26.17789,62.86235]]]}},{"type":"Feature","properties":{"nr":"72530"},"geometry":{"type":"Polygon","coordinates":[[[26.91572,63.14431],[26.79513,63.14431],[26.71334,63.17273],[26.68545,63.15097],[26.55832,63.14963],[26.55507,63.14462],[26.5518,63.13858],[26.66738,63.09593],[26.74005,63.12568],[26.82907,63.08221],[26.98981,63.09148],[26.97985,63.10284],[26.91572,63.14431]]]}},{"type":"Feature","properties":{"nr":"72400"},"geometry":{"type":"Polygon","coordinates":[[[27.14439,63.31691],[27.05588,63.33401],[26.95162,63.3922],[26.90729,63.35031],[26.92141,63.31583],[26.89015,63.29807],[26.82091,63.2972],[26.73452,63.33634],[26.64356,63.33042],[26.56634,63.30238],[26.60816,63.29324],[26.6299,63.24136],[26.69782,63.21459],[26.71334,63.17273],[26.79513,63.14431],[26.91572,63.14431],[27.00961,63.17594],[26.97727,63.20087],[26.96494,63.24472],[27.10009,63.27227],[27.13941,63.29683],[27.14439,63.31691]]]}},{"type":"Feature","properties":{"nr":"72430"},"geometry":{"type":"Polygon","coordinates":[[[26.97254,63.42641],[26.89345,63.45278],[26.82756,63.4423],[26.78378,63.36624],[26.73452,63.33634],[26.82091,63.2972],[26.89015,63.29807],[26.92141,63.31583],[26.90729,63.35031],[26.95162,63.3922],[26.97254,63.42641]]]}},{"type":"Feature","properties":{"nr":"72490"},"geometry":{"type":"Polygon","coordinates":[[[26.97985,63.10284],[27.07708,63.13255],[27.07147,63.14727],[27.00961,63.17594],[26.91572,63.14431],[26.97985,63.10284]]]}},{"type":"Feature","properties":{"nr":"72510"},"geometry":{"type":"Polygon","coordinates":[[[26.58073,63.03157],[26.62176,63.04778],[26.75092,63.06226],[26.81855,63.05888],[26.82907,63.08221],[26.74005,63.12568],[26.66738,63.09593],[26.5518,63.13858],[26.52155,63.08251],[26.55619,63.06093],[26.57274,63.03504],[26.58073,63.03157]]]}},{"type":"Feature","properties":{"nr":"72550"},"geometry":{"type":"Polygon","coordinates":[[[26.6299,63.24136],[26.57057,63.22615],[26.54729,63.19985],[26.55832,63.14963],[26.68545,63.15097],[26.71334,63.17273],[26.69782,63.21459],[26.6299,63.24136]]]}},{"type":"Feature","properties":{"nr":"72570"},"geometry":{"type":"Polygon","coordinates":[[[26.55507,63.14462],[26.55832,63.14963],[26.54729,63.19985],[26.57057,63.22615],[26.41695,63.25559],[26.43239,63.2002],[26.46226,63.16046],[26.55507,63.14462]]]}},{"type":"Feature","properties":{"nr":"72600"},"geometry":{"type":"Polygon","coordinates":[[[26.34743,63.02764],[26.37307,63.02824],[26.40425,63.04916],[26.35106,63.07091],[26.38116,63.08883],[26.43481,63.05167],[26.49684,63.07146],[26.55619,63.06093],[26.52155,63.08251],[26.5518,63.13858],[26.55507,63.14462],[26.46226,63.16046],[26.43239,63.2002],[26.41695,63.25559],[26.37931,63.29515],[26.28652,63.26019],[26.13789,63.24021],[26.15835,63.18382],[26.15737,63.13325],[26.19332,63.08599],[26.27118,63.04499],[26.34743,63.02764]]]}},{"type":"Feature","properties":{"nr":"72630"},"geometry":{"type":"Polygon","coordinates":[[[26.37307,63.02824],[26.425,63.01704],[26.57274,63.03504],[26.55619,63.06093],[26.49684,63.07146],[26.43481,63.05167],[26.38116,63.08883],[26.35106,63.07091],[26.40425,63.04916],[26.37307,63.02824]]]}},{"type":"Feature","properties":{"nr":"72710"},"geometry":{"type":"Polygon","coordinates":[[[26.67284,63.45523],[26.58621,63.45553],[26.61393,63.43985],[26.56548,63.36667],[26.47997,63.34824],[26.49877,63.32474],[26.56634,63.30238],[26.64356,63.33042],[26.73452,63.33634],[26.78378,63.36624],[26.82756,63.4423],[26.70919,63.46119],[26.67284,63.45523]]]}},{"type":"Feature","properties":{"nr":"72740"},"geometry":{"type":"Polygon","coordinates":[[[26.47997,63.34824],[26.56548,63.36667],[26.61393,63.43985],[26.58621,63.45553],[26.49445,63.4558],[26.43672,63.47219],[26.3304,63.45751],[26.27535,63.4687],[26.29288,63.44333],[26.43979,63.3779],[26.47997,63.34824]]]}},{"type":"Feature","properties":{"nr":"72810"},"geometry":{"type":"Polygon","coordinates":[[[26.56634,63.30238],[26.49877,63.32474],[26.37312,63.3046],[26.37931,63.29515],[26.41695,63.25559],[26.57057,63.22615],[26.6299,63.24136],[26.60816,63.29324],[26.56634,63.30238]]]}},{"type":"Feature","properties":{"nr":"72840"},"geometry":{"type":"Polygon","coordinates":[[[26.37312,63.3046],[26.49877,63.32474],[26.47997,63.34824],[26.43979,63.3779],[26.29288,63.44333],[26.21013,63.37621],[26.27604,63.37116],[26.31026,63.34729],[26.3036,63.3165],[26.37312,63.3046]]]}},{"type":"Feature","properties":{"nr":"72930"},"geometry":{"type":"Polygon","coordinates":[[[26.13789,63.24021],[26.28652,63.26019],[26.37931,63.29515],[26.37312,63.3046],[26.3036,63.3165],[26.27446,63.30598],[26.10232,63.31579],[26.08313,63.28278],[26.13789,63.24021]]]}},{"type":"Feature","properties":{"nr":"72950"},"geometry":{"type":"Polygon","coordinates":[[[26.10232,63.31579],[26.27446,63.30598],[26.3036,63.3165],[26.31026,63.34729],[26.27604,63.37116],[26.21013,63.37621],[26.15586,63.36896],[26.10232,63.31579]]]}},{"type":"Feature","properties":{"nr":"72980"},"geometry":{"type":"Polygon","coordinates":[[[26.08062,63.45458],[26.13208,63.42309],[26.1104,63.38301],[26.15586,63.36896],[26.21013,63.37621],[26.29288,63.44333],[26.27535,63.4687],[26.18312,63.4823],[26.08062,63.45458]]]}},{"type":"Feature","properties":{"nr":"73200"},"geometry":{"type":"Polygon","coordinates":[[[27.71182,63.44021],[27.62922,63.43826],[27.62066,63.35544],[27.68747,63.31793],[27.82882,63.31375],[27.84014,63.27756],[27.87449,63.30002],[27.93201,63.30516],[27.94012,63.33214],[27.98948,63.3381],[27.99185,63.34555],[27.90091,63.3993],[27.79585,63.43086],[27.75864,63.40694],[27.71182,63.44021]]]}},{"type":"Feature","properties":{"nr":"73100"},"geometry":{"type":"Polygon","coordinates":[[[27.70481,63.48306],[27.54305,63.49344],[27.46922,63.47855],[27.47568,63.43452],[27.44829,63.40649],[27.30916,63.40311],[27.30288,63.42986],[27.22408,63.42803],[27.15608,63.41283],[27.16201,63.34651],[27.20934,63.32999],[27.31432,63.27231],[27.40898,63.27629],[27.42929,63.33661],[27.55028,63.33201],[27.56615,63.29235],[27.61686,63.30357],[27.68747,63.31793],[27.62066,63.35544],[27.62922,63.43826],[27.71182,63.44021],[27.70481,63.48306]]]}},{"type":"Feature","properties":{"nr":"73110"},"geometry":{"type":"Polygon","coordinates":[[[27.56615,63.29235],[27.55028,63.33201],[27.42929,63.33661],[27.40898,63.27629],[27.48539,63.29729],[27.56615,63.29235]]]}},{"type":"Feature","properties":{"nr":"73120"},"geometry":{"type":"Polygon","coordinates":[[[27.30288,63.42986],[27.30916,63.40311],[27.44829,63.40649],[27.47568,63.43452],[27.46922,63.47855],[27.45115,63.47954],[27.38543,63.45384],[27.28615,63.45659],[27.30288,63.42986]]]}},{"type":"Feature","properties":{"nr":"73230"},"geometry":{"type":"Polygon","coordinates":[[[27.8964,63.46673],[27.82,63.45857],[27.76987,63.50462],[27.70239,63.497],[27.70481,63.48306],[27.71182,63.44021],[27.75864,63.40694],[27.79585,63.43086],[27.90091,63.3993],[27.99185,63.34555],[28.0337,63.36715],[27.94322,63.39534],[27.89642,63.42565],[27.9311,63.44873],[27.8964,63.46673]]]}},{"type":"Feature","properties":{"nr":"73250"},"geometry":{"type":"Polygon","coordinates":[[[28.10338,63.43512],[28.08347,63.52667],[28.03209,63.53455],[27.99897,63.47539],[27.92503,63.492],[27.8964,63.46673],[27.9311,63.44873],[27.89642,63.42565],[27.94322,63.39534],[28.0337,63.36715],[28.08733,63.37966],[28.05597,63.41523],[28.10338,63.43512]]]}},{"type":"Feature","properties":{"nr":"73300"},"geometry":{"type":"Polygon","coordinates":[[[28.25308,63.25216],[28.20832,63.24475],[28.10788,63.27391],[28.10139,63.297],[28.07237,63.30151],[28.01734,63.26254],[28.06053,63.20249],[28.09428,63.19412],[28.19868,63.2066],[28.21918,63.24476],[28.25308,63.25216]]]}},{"type":"Feature","properties":{"nr":"73310"},"geometry":{"type":"Polygon","coordinates":[[[28.10139,63.297],[28.0235,63.30985],[27.98096,63.28962],[28.01734,63.26254],[28.07237,63.30151],[28.10139,63.297]]]}},{"type":"Feature","properties":{"nr":"73320"},"geometry":{"type":"Polygon","coordinates":[[[28.01734,63.26254],[27.98096,63.28962],[28.0235,63.30985],[27.98948,63.3381],[27.94012,63.33214],[27.93201,63.30516],[27.87449,63.30002],[27.84014,63.27756],[27.8417,63.27311],[27.95558,63.21903],[28.08131,63.14594],[28.04627,63.12927],[28.1055,63.07132],[28.19433,63.0693],[28.19948,63.1096],[28.32305,63.10254],[28.3773,63.13618],[28.37522,63.14572],[28.32481,63.16204],[28.32032,63.25162],[28.28195,63.25972],[28.25308,63.25216],[28.21918,63.24476],[28.19868,63.2066],[28.09428,63.19412],[28.06053,63.20249],[28.01734,63.26254]]]}},{"type":"Feature","properties":{"nr":"73350"},"geometry":{"type":"Polygon","coordinates":[[[28.1055,63.07132],[28.04627,63.12927],[28.08131,63.14594],[27.95558,63.21903],[27.89227,63.21191],[27.88107,63.18287],[27.97139,63.10751],[27.93919,63.10107],[27.95816,63.08207],[28.08757,63.05756],[28.1055,63.07132]]]}},{"type":"Feature","properties":{"nr":"73360"},"geometry":{"type":"Polygon","coordinates":[[[27.93919,63.10107],[27.97139,63.10751],[27.88107,63.18287],[27.89227,63.21191],[27.81408,63.20307],[27.82174,63.10104],[27.78435,63.06709],[27.80198,63.05293],[27.863,63.10699],[27.93919,63.10107]]]}},{"type":"Feature","properties":{"nr":"73410"},"geometry":{"type":"Polygon","coordinates":[[[27.90264,62.99457],[28.04786,63.02447],[28.08757,63.05756],[27.95816,63.08207],[27.93919,63.10107],[27.863,63.10699],[27.80198,63.05293],[27.80107,63.02436],[27.84524,63.00537],[27.90264,62.99457]]]}},{"type":"Feature","properties":{"nr":"73460"},"geometry":{"type":"Polygon","coordinates":[[[28.12914,62.97404],[28.19377,62.99681],[28.33529,62.99011],[28.35642,62.97806],[28.38231,63.00049],[28.27814,63.0161],[28.22935,63.03483],[28.19433,63.0693],[28.1055,63.07132],[28.08757,63.05756],[28.04786,63.02447],[28.12914,62.97404]]]}},{"type":"Feature","properties":{"nr":"73470"},"geometry":{"type":"Polygon","coordinates":[[[28.31069,62.9361],[28.36944,62.94578],[28.3687,62.97122],[28.35642,62.97806],[28.33529,62.99011],[28.19377,62.99681],[28.12914,62.97404],[28.12983,62.96844],[28.31069,62.9361]]]}},{"type":"Feature","properties":{"nr":"73500"},"geometry":{"type":"Polygon","coordinates":[[[28.56292,63.09571],[28.42431,63.11691],[28.3773,63.13618],[28.32305,63.10254],[28.19948,63.1096],[28.19433,63.0693],[28.22935,63.03483],[28.27814,63.0161],[28.38231,63.00049],[28.35642,62.97806],[28.3687,62.97122],[28.41496,63.00496],[28.48158,63.02406],[28.48853,63.0765],[28.56292,63.09571]]]}},{"type":"Feature","properties":{"nr":"73600"},"geometry":{"type":"Polygon","coordinates":[[[28.62139,62.98997],[28.59921,63.02713],[28.64085,63.05219],[28.61098,63.10183],[28.5817,63.10524],[28.56292,63.09571],[28.48853,63.0765],[28.48158,63.02406],[28.41496,63.00496],[28.3687,62.97122],[28.36944,62.94578],[28.46134,62.93778],[28.53567,62.92411],[28.59557,62.89516],[28.65773,62.93512],[28.62139,62.98997]]]}},{"type":"Feature","properties":{"nr":"73620"},"geometry":{"type":"Polygon","coordinates":[[[28.79473,63.00822],[28.78692,63.05094],[28.82812,63.08711],[28.80181,63.1191],[28.72873,63.13286],[28.61098,63.10183],[28.64085,63.05219],[28.59921,63.02713],[28.62139,62.98997],[28.70457,62.98171],[28.79473,63.00822]]]}},{"type":"Feature","properties":{"nr":"73640"},"geometry":{"type":"Polygon","coordinates":[[[28.70457,62.98171],[28.73081,62.9553],[28.78979,62.94086],[28.83293,62.95523],[28.92448,62.89485],[28.99109,62.90167],[29.01989,62.91884],[28.98773,62.9698],[28.88376,62.97795],[28.83021,63.00917],[28.79473,63.00822],[28.70457,62.98171]]]}},{"type":"Feature","properties":{"nr":"73645"},"geometry":{"type":"Polygon","coordinates":[[[28.98773,62.9698],[28.98833,62.97046],[28.97832,63.01489],[28.91492,63.03151],[28.82812,63.08711],[28.78692,63.05094],[28.79473,63.00822],[28.83021,63.00917],[28.88376,62.97795],[28.98773,62.9698]]]}},{"type":"Feature","properties":{"nr":"73670"},"geometry":{"type":"Polygon","coordinates":[[[28.99109,62.90167],[28.92448,62.89485],[28.83293,62.95523],[28.78979,62.94086],[28.73081,62.9553],[28.70457,62.98171],[28.62139,62.98997],[28.65773,62.93512],[28.59557,62.89516],[28.66063,62.86567],[28.70583,62.8275],[28.75908,62.80978],[28.77439,62.82468],[28.80833,62.83059],[28.90959,62.78383],[28.94537,62.79076],[29.04582,62.84374],[28.99109,62.90167]]]}},{"type":"Feature","properties":{"nr":"73710"},"geometry":{"type":"Polygon","coordinates":[[[28.57372,63.15096],[28.45779,63.161],[28.37522,63.14572],[28.3773,63.13618],[28.42431,63.11691],[28.56292,63.09571],[28.5817,63.10524],[28.57372,63.15096]]]}},{"type":"Feature","properties":{"nr":"73730"},"geometry":{"type":"Polygon","coordinates":[[[28.8084,63.13309],[28.75121,63.14285],[28.65745,63.20044],[28.59644,63.18245],[28.57372,63.15096],[28.5817,63.10524],[28.61098,63.10183],[28.72873,63.13286],[28.80181,63.1191],[28.8084,63.13309]]]}},{"type":"Feature","properties":{"nr":"79830"},"geometry":{"type":"Polygon","coordinates":[[[28.5901,62.5497],[28.62313,62.58279],[28.74871,62.61512],[28.75404,62.62645],[28.72936,62.6321],[28.67786,62.63562],[28.57057,62.60579],[28.55388,62.57249],[28.5901,62.5497]]]}},{"type":"Feature","properties":{"nr":"73770"},"geometry":{"type":"Polygon","coordinates":[[[28.63347,63.22136],[28.54902,63.22935],[28.46484,63.25363],[28.43495,63.27458],[28.32032,63.25162],[28.32481,63.16204],[28.37522,63.14572],[28.45779,63.161],[28.57372,63.15096],[28.59644,63.18245],[28.65745,63.20044],[28.63347,63.22136]]]}},{"type":"Feature","properties":{"nr":"73810"},"geometry":{"type":"Polygon","coordinates":[[[28.29604,63.35731],[28.11544,63.38741],[28.08733,63.37966],[28.0337,63.36715],[27.99185,63.34555],[27.98948,63.3381],[28.0235,63.30985],[28.10139,63.297],[28.10788,63.27391],[28.20832,63.24475],[28.25308,63.25216],[28.28195,63.25972],[28.26492,63.26895],[28.27749,63.33277],[28.29604,63.35731]]]}},{"type":"Feature","properties":{"nr":"73830"},"geometry":{"type":"Polygon","coordinates":[[[28.32032,63.25162],[28.43495,63.27458],[28.43535,63.30755],[28.47349,63.32153],[28.37957,63.34725],[28.35433,63.33113],[28.27749,63.33277],[28.26492,63.26895],[28.28195,63.25972],[28.32032,63.25162]]]}},{"type":"Feature","properties":{"nr":"73850"},"geometry":{"type":"Polygon","coordinates":[[[28.66357,63.30506],[28.56361,63.29579],[28.51421,63.327],[28.47349,63.32153],[28.43535,63.30755],[28.43495,63.27458],[28.46484,63.25363],[28.54902,63.22935],[28.63347,63.22136],[28.70353,63.2719],[28.66357,63.30506]]]}},{"type":"Feature","properties":{"nr":"73900"},"geometry":{"type":"Polygon","coordinates":[[[28.57878,63.67597],[28.41744,63.68513],[28.39365,63.71215],[28.33957,63.70264],[28.22457,63.6611],[28.15007,63.67392],[28.07618,63.65808],[28.02681,63.54213],[28.03209,63.53455],[28.08347,63.52667],[28.10338,63.43512],[28.14828,63.41804],[28.24962,63.4064],[28.3139,63.38113],[28.30018,63.3584],[28.37957,63.34725],[28.47349,63.32153],[28.51421,63.327],[28.48036,63.35112],[28.48824,63.43196],[28.57203,63.47765],[28.61036,63.51266],[28.6717,63.52742],[28.67597,63.55501],[28.61375,63.57034],[28.61172,63.60005],[28.56936,63.65853],[28.57878,63.67597]]]}},{"type":"Feature","properties":{"nr":"73970"},"geometry":{"type":"Polygon","coordinates":[[[28.27749,63.33277],[28.35433,63.33113],[28.37957,63.34725],[28.30018,63.3584],[28.29604,63.35731],[28.27749,63.33277]]]}},{"type":"Feature","properties":{"nr":"73990"},"geometry":{"type":"Polygon","coordinates":[[[28.29604,63.35731],[28.30018,63.3584],[28.3139,63.38113],[28.24962,63.4064],[28.14828,63.41804],[28.10338,63.43512],[28.05597,63.41523],[28.08733,63.37966],[28.11544,63.38741],[28.29604,63.35731]]]}},{"type":"Feature","properties":{"nr":"74100"},"geometry":{"type":"Polygon","coordinates":[[[27.21755,63.55889],[27.16832,63.56273],[27.12733,63.5416],[27.19176,63.53749],[27.21755,63.55889]]]}},{"type":"Feature","properties":{"nr":"74120"},"geometry":{"type":"Polygon","coordinates":[[[27.21679,63.59957],[27.16605,63.59945],[27.16832,63.56273],[27.21755,63.55889],[27.2613,63.57311],[27.21679,63.59957]]]}},{"type":"Feature","properties":{"nr":"74130"},"geometry":{"type":"Polygon","coordinates":[[[27.20176,63.53074],[27.24888,63.5325],[27.25783,63.53229],[27.2613,63.57311],[27.21755,63.55889],[27.19176,63.53749],[27.20176,63.53074]]]}},{"type":"Feature","properties":{"nr":"74140"},"geometry":{"type":"Polygon","coordinates":[[[27.46922,63.47855],[27.54305,63.49344],[27.70481,63.48306],[27.70239,63.497],[27.61761,63.50438],[27.47748,63.54593],[27.47774,63.58196],[27.43576,63.59786],[27.38604,63.64311],[27.31182,63.63666],[27.21679,63.59957],[27.2613,63.57311],[27.25783,63.53229],[27.30045,63.5165],[27.41319,63.50723],[27.45115,63.47954],[27.46922,63.47855]]]}},{"type":"Feature","properties":{"nr":"74150"},"geometry":{"type":"Polygon","coordinates":[[[27.03284,63.56764],[26.99377,63.56657],[26.9962,63.52806],[26.86093,63.51045],[26.89345,63.45278],[26.97254,63.42641],[27.01837,63.45704],[27.11369,63.45341],[27.19442,63.46406],[27.22408,63.42803],[27.30288,63.42986],[27.28615,63.45659],[27.22164,63.47929],[27.22333,63.51628],[27.20176,63.53074],[27.19176,63.53749],[27.12733,63.5416],[27.03284,63.56764]]]}},{"type":"Feature","properties":{"nr":"74160"},"geometry":{"type":"Polygon","coordinates":[[[27.12733,63.5416],[27.16832,63.56273],[27.16605,63.59945],[27.13714,63.67819],[27.09979,63.69123],[26.98115,63.66985],[26.9977,63.62931],[27.04191,63.59527],[27.03284,63.56764],[27.12733,63.5416]]]}},{"type":"Feature","properties":{"nr":"74170"},"geometry":{"type":"Polygon","coordinates":[[[27.286,63.68336],[27.1931,63.67671],[27.10206,63.70462],[27.09979,63.69123],[27.13714,63.67819],[27.16605,63.59945],[27.21679,63.59957],[27.31182,63.63666],[27.33201,63.65304],[27.286,63.68336]]]}},{"type":"Feature","properties":{"nr":"74200"},"geometry":{"type":"Polygon","coordinates":[[[27.15059,63.99926],[27.10529,63.9891],[26.99916,63.99031],[26.97782,63.95796],[27.06558,63.9023],[27.01869,63.88103],[27.04175,63.83147],[26.9853,63.79308],[26.88936,63.76155],[26.83941,63.76591],[26.86474,63.72164],[26.89677,63.70559],[26.98115,63.66985],[27.09979,63.69123],[27.10206,63.70462],[27.15246,63.73203],[27.22756,63.85177],[27.22846,63.87461],[27.15059,63.99926]]]}},{"type":"Feature","properties":{"nr":"74230"},"geometry":{"type":"Polygon","coordinates":[[[26.83941,63.76591],[26.88936,63.76155],[26.9853,63.79308],[27.04175,63.83147],[27.01869,63.88103],[26.9094,63.86722],[26.77705,63.88665],[26.75605,63.87583],[26.75867,63.84766],[26.83564,63.83452],[26.85262,63.80715],[26.83941,63.76591]]]}},{"type":"Feature","properties":{"nr":"74240"},"geometry":{"type":"Polygon","coordinates":[[[26.77705,63.88665],[26.9094,63.86722],[27.01869,63.88103],[27.06558,63.9023],[26.97782,63.95796],[26.92323,63.92558],[26.80565,63.9156],[26.77705,63.88665]]]}},{"type":"Feature","properties":{"nr":"74250"},"geometry":{"type":"Polygon","coordinates":[[[26.77705,63.88665],[26.80565,63.9156],[26.92323,63.92558],[26.97782,63.95796],[26.99916,63.99031],[26.9107,64.02591],[26.76998,64.05124],[26.68407,63.99305],[26.6302,63.98118],[26.60328,63.95277],[26.72091,63.90676],[26.75605,63.87583],[26.77705,63.88665]]]}},{"type":"Feature","properties":{"nr":"74270"},"geometry":{"type":"Polygon","coordinates":[[[27.10206,63.70462],[27.1931,63.67671],[27.286,63.68336],[27.29936,63.72327],[27.38215,63.75343],[27.37893,63.77552],[27.29832,63.85313],[27.22846,63.87461],[27.22756,63.85177],[27.15246,63.73203],[27.10206,63.70462]]]}},{"type":"Feature","properties":{"nr":"74300"},"geometry":{"type":"Polygon","coordinates":[[[27.79987,63.54072],[27.6868,63.56777],[27.71201,63.59701],[27.79171,63.61997],[27.80749,63.64184],[27.73023,63.73817],[27.65059,63.78957],[27.6701,63.80676],[27.56451,63.79286],[27.5837,63.76731],[27.4805,63.73529],[27.42339,63.75669],[27.37893,63.77552],[27.38215,63.75343],[27.29936,63.72327],[27.286,63.68336],[27.33201,63.65304],[27.31182,63.63666],[27.38604,63.64311],[27.43576,63.59786],[27.46137,63.60085],[27.58246,63.55963],[27.70349,63.54443],[27.79987,63.54072]]]}},{"type":"Feature","properties":{"nr":"74390"},"geometry":{"type":"Polygon","coordinates":[[[28.07116,63.90958],[28.01827,63.89322],[27.91624,63.89344],[27.91026,63.8521],[28.07282,63.77947],[28.16795,63.70283],[28.15007,63.67392],[28.22457,63.6611],[28.33957,63.70264],[28.39365,63.71215],[28.42113,63.75664],[28.37794,63.79353],[28.1995,63.82535],[28.20293,63.84989],[28.07116,63.90958]]]}},{"type":"Feature","properties":{"nr":"74340"},"geometry":{"type":"Polygon","coordinates":[[[27.42339,63.75669],[27.42386,63.80541],[27.46013,63.83044],[27.56451,63.79286],[27.6701,63.80676],[27.77511,63.85724],[27.66839,63.89683],[27.59173,63.90115],[27.46867,63.88891],[27.38931,63.9299],[27.42729,63.95479],[27.3816,63.97032],[27.28873,63.9905],[27.22981,64.01428],[27.15059,63.99926],[27.22846,63.87461],[27.29832,63.85313],[27.37893,63.77552],[27.42339,63.75669]]]}},{"type":"Feature","properties":{"nr":"74345"},"geometry":{"type":"Polygon","coordinates":[[[27.42729,63.95479],[27.38931,63.9299],[27.46867,63.88891],[27.59173,63.90115],[27.66839,63.89683],[27.6739,63.90973],[27.54907,63.95347],[27.42729,63.95479]]]}},{"type":"Feature","properties":{"nr":"74360"},"geometry":{"type":"Polygon","coordinates":[[[27.56451,63.79286],[27.46013,63.83044],[27.42386,63.80541],[27.42339,63.75669],[27.4805,63.73529],[27.5837,63.76731],[27.56451,63.79286]]]}},{"type":"Feature","properties":{"nr":"74380"},"geometry":{"type":"Polygon","coordinates":[[[27.77511,63.85724],[27.6701,63.80676],[27.65059,63.78957],[27.73023,63.73817],[27.96908,63.69473],[28.07618,63.65808],[28.15007,63.67392],[28.16795,63.70283],[28.07282,63.77947],[27.91026,63.8521],[27.77511,63.85724]]]}},{"type":"Feature","properties":{"nr":"74420"},"geometry":{"type":"Polygon","coordinates":[[[27.79987,63.54072],[27.70349,63.54443],[27.58246,63.55963],[27.46137,63.60085],[27.43576,63.59786],[27.47774,63.58196],[27.47748,63.54593],[27.61761,63.50438],[27.70239,63.497],[27.76987,63.50462],[27.79942,63.5304],[27.79987,63.54072]]]}},{"type":"Feature","properties":{"nr":"74470"},"geometry":{"type":"Polygon","coordinates":[[[27.8964,63.46673],[27.92503,63.492],[27.99897,63.47539],[28.03209,63.53455],[28.02681,63.54213],[27.96054,63.54916],[27.88947,63.53457],[27.79942,63.5304],[27.76987,63.50462],[27.82,63.45857],[27.8964,63.46673]]]}},{"type":"Feature","properties":{"nr":"74490"},"geometry":{"type":"Polygon","coordinates":[[[28.07618,63.65808],[27.96908,63.69473],[27.73023,63.73817],[27.80749,63.64184],[27.79171,63.61997],[27.71201,63.59701],[27.6868,63.56777],[27.79987,63.54072],[27.79942,63.5304],[27.88947,63.53457],[27.96054,63.54916],[28.02681,63.54213],[28.07618,63.65808]]]}},{"type":"Feature","properties":{"nr":"79850"},"geometry":{"type":"Polygon","coordinates":[[[28.77227,62.53134],[28.78345,62.54028],[28.75968,62.53884],[28.77227,62.53134]]]}},{"type":"Feature","properties":{"nr":"74510"},"geometry":{"type":"Polygon","coordinates":[[[27.22333,63.51628],[27.24888,63.5325],[27.20176,63.53074],[27.22333,63.51628]]]}},{"type":"Feature","properties":{"nr":"74520"},"geometry":{"type":"Polygon","coordinates":[[[27.45115,63.47954],[27.41319,63.50723],[27.30045,63.5165],[27.25783,63.53229],[27.24888,63.5325],[27.22333,63.51628],[27.22164,63.47929],[27.28615,63.45659],[27.38543,63.45384],[27.45115,63.47954]]]}},{"type":"Feature","properties":{"nr":"74540"},"geometry":{"type":"Polygon","coordinates":[[[27.22408,63.42803],[27.19442,63.46406],[27.11369,63.45341],[27.01837,63.45704],[27.04735,63.43084],[27.15608,63.41283],[27.22408,63.42803]]]}},{"type":"Feature","properties":{"nr":"74550"},"geometry":{"type":"Polygon","coordinates":[[[27.15608,63.41283],[27.04735,63.43084],[27.01837,63.45704],[26.97254,63.42641],[26.95162,63.3922],[27.05588,63.33401],[27.14439,63.31691],[27.16201,63.34651],[27.15608,63.41283]]]}},{"type":"Feature","properties":{"nr":"74590"},"geometry":{"type":"Polygon","coordinates":[[[26.99377,63.56657],[27.03284,63.56764],[27.04191,63.59527],[26.9977,63.62931],[26.98115,63.66985],[26.89677,63.70559],[26.86945,63.67019],[26.89671,63.62439],[26.94967,63.58247],[26.99377,63.56657]]]}},{"type":"Feature","properties":{"nr":"74595"},"geometry":{"type":"Polygon","coordinates":[[[26.86093,63.51045],[26.9962,63.52806],[26.99377,63.56657],[26.94967,63.58247],[26.89671,63.62439],[26.86945,63.67019],[26.81814,63.65576],[26.77906,63.59058],[26.81733,63.51833],[26.86093,63.51045]]]}},{"type":"Feature","properties":{"nr":"74610"},"geometry":{"type":"Polygon","coordinates":[[[26.77229,63.59487],[26.77906,63.59058],[26.81814,63.65576],[26.86945,63.67019],[26.89677,63.70559],[26.86474,63.72164],[26.78791,63.67755],[26.75709,63.68018],[26.69705,63.64454],[26.77229,63.59487]]]}},{"type":"Feature","properties":{"nr":"74630"},"geometry":{"type":"Polygon","coordinates":[[[26.64583,63.51844],[26.73811,63.53235],[26.75563,63.50784],[26.81733,63.51833],[26.77906,63.59058],[26.77229,63.59487],[26.70781,63.59897],[26.65304,63.58474],[26.67139,63.56075],[26.64583,63.51844]]]}},{"type":"Feature","properties":{"nr":"74640"},"geometry":{"type":"Polygon","coordinates":[[[26.81733,63.51833],[26.75563,63.50784],[26.73811,63.53235],[26.64583,63.51844],[26.67284,63.45523],[26.70919,63.46119],[26.82756,63.4423],[26.89345,63.45278],[26.86093,63.51045],[26.81733,63.51833]]]}},{"type":"Feature","properties":{"nr":"74670"},"geometry":{"type":"Polygon","coordinates":[[[26.53931,63.60209],[26.5077,63.60744],[26.43803,63.57544],[26.46353,63.55288],[26.56919,63.56431],[26.5954,63.5888],[26.53931,63.60209]]]}},{"type":"Feature","properties":{"nr":"74680"},"geometry":{"type":"Polygon","coordinates":[[[26.64583,63.51844],[26.67139,63.56075],[26.65304,63.58474],[26.5954,63.5888],[26.56919,63.56431],[26.46353,63.55288],[26.43803,63.57544],[26.42982,63.56998],[26.39852,63.55868],[26.38332,63.50662],[26.44511,63.49847],[26.43672,63.47219],[26.49445,63.4558],[26.58621,63.45553],[26.67284,63.45523],[26.64583,63.51844]]]}},{"type":"Feature","properties":{"nr":"74740"},"geometry":{"type":"Polygon","coordinates":[[[26.41789,63.62436],[26.46014,63.7019],[26.42825,63.7352],[26.35067,63.74961],[26.28012,63.77726],[26.24485,63.76123],[26.2757,63.71246],[26.24021,63.67054],[26.30145,63.60678],[26.41789,63.62436]]]}},{"type":"Feature","properties":{"nr":"74700"},"geometry":{"type":"MultiPolygon","coordinates":[[[[26.43672,63.47219],[26.44511,63.49847],[26.38332,63.50662],[26.39852,63.55868],[26.30047,63.60557],[26.19499,63.57013],[26.18158,63.53159],[26.18312,63.4823],[26.27535,63.4687],[26.3304,63.45751],[26.43672,63.47219]]],[[[26.4914,63.95486],[26.47726,63.91343],[26.48324,63.87544],[26.41314,63.86432],[26.33746,63.86337],[26.27317,63.83461],[26.16109,63.81889],[26.28012,63.77726],[26.35067,63.74961],[26.42825,63.7352],[26.46014,63.7019],[26.41789,63.62436],[26.42982,63.56998],[26.43803,63.57544],[26.5077,63.60744],[26.44995,63.66751],[26.53914,63.67274],[26.55522,63.61138],[26.53931,63.60209],[26.5954,63.5888],[26.65304,63.58474],[26.70781,63.59897],[26.77229,63.59487],[26.69705,63.64454],[26.75709,63.68018],[26.67885,63.70594],[26.63532,63.74008],[26.6955,63.8022],[26.75867,63.84766],[26.75605,63.87583],[26.72091,63.90676],[26.60328,63.95277],[26.4914,63.95486]],[[26.39638,63.76554],[26.37001,63.82185],[26.44525,63.83349],[26.43955,63.7927],[26.39638,63.76554]]]]}},{"type":"Feature","properties":{"nr":"74720"},"geometry":{"type":"Polygon","coordinates":[[[26.53931,63.60209],[26.55522,63.61138],[26.53914,63.67274],[26.44995,63.66751],[26.5077,63.60744],[26.53931,63.60209]]]}},{"type":"Feature","properties":{"nr":"74840"},"geometry":{"type":"Polygon","coordinates":[[[26.75709,63.68018],[26.78791,63.67755],[26.86474,63.72164],[26.83941,63.76591],[26.85262,63.80715],[26.83564,63.83452],[26.75867,63.84766],[26.6955,63.8022],[26.63532,63.74008],[26.67885,63.70594],[26.75709,63.68018]]]}},{"type":"Feature","properties":{"nr":"74940"},"geometry":{"type":"Polygon","coordinates":[[[26.39638,63.76554],[26.43955,63.7927],[26.44525,63.83349],[26.37001,63.82185],[26.39638,63.76554]]]}},{"type":"Feature","properties":{"nr":"74980"},"geometry":{"type":"Polygon","coordinates":[[[26.41314,63.86432],[26.48324,63.87544],[26.47726,63.91343],[26.39427,63.91084],[26.41314,63.86432]]]}},{"type":"Feature","properties":{"nr":"75530"},"geometry":{"type":"Polygon","coordinates":[[[29.19428,63.43293],[29.21425,63.47912],[29.16178,63.49839],[29.13695,63.5606],[29.00634,63.59267],[29.01022,63.55809],[28.95085,63.54617],[28.9862,63.49507],[29.1178,63.47181],[29.12784,63.44389],[29.19428,63.43293]]]}},{"type":"Feature","properties":{"nr":"75500"},"geometry":{"type":"MultiPolygon","coordinates":[[[[28.9862,63.49507],[28.95716,63.45178],[28.89668,63.4505],[28.84891,63.48618],[28.76348,63.4917],[28.6717,63.52742],[28.61036,63.51266],[28.63247,63.48654],[28.75002,63.4015],[28.79398,63.39694],[28.88832,63.42271],[28.9923,63.43939],[29.12784,63.44389],[29.1178,63.47181],[28.9862,63.49507]]],[[[29.2927,63.70757],[29.21131,63.68191],[29.16236,63.68904],[29.11116,63.7389],[29.02914,63.73968],[28.94745,63.71617],[28.93295,63.68827],[28.94026,63.65163],[28.98704,63.61969],[28.9757,63.59138],[28.9219,63.58785],[28.86423,63.56153],[28.95085,63.54617],[29.01022,63.55809],[29.00634,63.59267],[29.13695,63.5606],[29.16178,63.49839],[29.21425,63.47912],[29.19428,63.43293],[29.28497,63.38745],[29.34285,63.3794],[29.3667,63.38704],[29.40175,63.4256],[29.36376,63.45988],[29.26457,63.50339],[29.38722,63.51452],[29.46368,63.53542],[29.51226,63.5584],[29.58031,63.65952],[29.49862,63.69603],[29.32336,63.66821],[29.2927,63.70757]]]]}},{"type":"Feature","properties":{"nr":"75710"},"geometry":{"type":"Polygon","coordinates":[[[28.86423,63.56153],[28.9219,63.58785],[28.9757,63.59138],[28.98704,63.61969],[28.94026,63.65163],[28.87223,63.62768],[28.81187,63.64933],[28.78234,63.62155],[28.78069,63.58425],[28.86423,63.56153]]]}},{"type":"Feature","properties":{"nr":"75650"},"geometry":{"type":"Polygon","coordinates":[[[28.95085,63.54617],[28.86423,63.56153],[28.78069,63.58425],[28.67597,63.55501],[28.6717,63.52742],[28.76348,63.4917],[28.84891,63.48618],[28.89668,63.4505],[28.95716,63.45178],[28.9862,63.49507],[28.95085,63.54617]]]}},{"type":"Feature","properties":{"nr":"75680"},"geometry":{"type":"Polygon","coordinates":[[[28.88832,63.42271],[28.79398,63.39694],[28.75002,63.4015],[28.63247,63.48654],[28.61036,63.51266],[28.57203,63.47765],[28.48824,63.43196],[28.48036,63.35112],[28.51421,63.327],[28.56361,63.29579],[28.66357,63.30506],[28.73301,63.30971],[28.87398,63.36057],[28.88832,63.42271]]]}},{"type":"Feature","properties":{"nr":"75700"},"geometry":{"type":"Polygon","coordinates":[[[29.12431,63.80347],[29.08092,63.84551],[29.06025,63.87329],[28.85383,63.83264],[28.72247,63.78901],[28.72576,63.72889],[28.63052,63.70801],[28.65175,63.67451],[28.77629,63.6413],[28.78234,63.62155],[28.81187,63.64933],[28.87223,63.62768],[28.94026,63.65163],[28.93295,63.68827],[28.8907,63.68113],[28.82967,63.69898],[28.81573,63.73323],[28.94745,63.71617],[29.02914,63.73968],[29.11116,63.7389],[29.13755,63.76714],[29.12431,63.80347]]]}},{"type":"Feature","properties":{"nr":"75740"},"geometry":{"type":"Polygon","coordinates":[[[28.78069,63.58425],[28.78234,63.62155],[28.77629,63.6413],[28.65175,63.67451],[28.57878,63.67597],[28.56936,63.65853],[28.61172,63.60005],[28.61375,63.57034],[28.67597,63.55501],[28.78069,63.58425]]]}},{"type":"Feature","properties":{"nr":"75770"},"geometry":{"type":"Polygon","coordinates":[[[28.39365,63.71215],[28.41744,63.68513],[28.57878,63.67597],[28.65175,63.67451],[28.63052,63.70801],[28.72576,63.72889],[28.72247,63.78901],[28.85383,63.83264],[28.74307,63.87506],[28.65778,63.86563],[28.63758,63.7939],[28.5684,63.7711],[28.42113,63.75664],[28.39365,63.71215]]]}},{"type":"Feature","properties":{"nr":"75790"},"geometry":{"type":"Polygon","coordinates":[[[28.42113,63.75664],[28.5684,63.7711],[28.63758,63.7939],[28.65778,63.86563],[28.55877,63.8646],[28.40646,63.81789],[28.37794,63.79353],[28.42113,63.75664]]]}},{"type":"Feature","properties":{"nr":"75840"},"geometry":{"type":"Polygon","coordinates":[[[28.93295,63.68827],[28.94745,63.71617],[28.81573,63.73323],[28.82967,63.69898],[28.8907,63.68113],[28.93295,63.68827]]]}},{"type":"Feature","properties":{"nr":"75890"},"geometry":{"type":"Polygon","coordinates":[[[29.11116,63.7389],[29.16236,63.68904],[29.21131,63.68191],[29.2927,63.70757],[29.30775,63.76604],[29.12431,63.80347],[29.13755,63.76714],[29.11116,63.7389]]]}},{"type":"Feature","properties":{"nr":"95970"},"geometry":{"type":"Polygon","coordinates":[[[24.30149,67.62566],[24.2156,67.64806],[24.06558,67.63553],[23.9986,67.61017],[24.11037,67.57052],[24.11083,67.55207],[24.21193,67.54841],[24.23537,67.56659],[24.26834,67.58098],[24.34274,67.59363],[24.36457,67.63891],[24.30149,67.62566]]]}},{"type":"Feature","properties":{"nr":"75930"},"geometry":{"type":"Polygon","coordinates":[[[29.78809,63.7015],[29.72196,63.75042],[29.67603,63.87289],[29.41314,63.85745],[29.46887,63.83281],[29.41401,63.82595],[29.38236,63.85461],[29.26612,63.8464],[29.08092,63.84551],[29.12431,63.80347],[29.30775,63.76604],[29.2927,63.70757],[29.32336,63.66821],[29.49862,63.69603],[29.58031,63.65952],[29.78809,63.7015]]]}},{"type":"Feature","properties":{"nr":"75940"},"geometry":{"type":"Polygon","coordinates":[[[29.38236,63.85461],[29.41401,63.82595],[29.46887,63.83281],[29.41314,63.85745],[29.38236,63.85461]]]}},{"type":"Feature","properties":{"nr":"75970"},"geometry":{"type":"Polygon","coordinates":[[[29.36376,63.45988],[29.38722,63.51452],[29.26457,63.50339],[29.36376,63.45988]]]}},{"type":"Feature","properties":{"nr":"75990"},"geometry":{"type":"Polygon","coordinates":[[[29.39312,63.37983],[29.53503,63.43024],[29.53129,63.46153],[29.53171,63.49779],[29.46368,63.53542],[29.38722,63.51452],[29.36376,63.45988],[29.40175,63.4256],[29.3667,63.38704],[29.39312,63.37983]]]}},{"type":"Feature","properties":{"nr":"76130"},"geometry":{"type":"Polygon","coordinates":[[[27.09615,62.30553],[27.13753,62.30463],[27.13138,62.32387],[27.0939,62.31921],[27.09615,62.30553]]]}},{"type":"Feature","properties":{"nr":"76100"},"geometry":{"type":"Polygon","coordinates":[[[27.16814,62.36139],[27.08921,62.37018],[27.08474,62.39064],[26.97207,62.42308],[26.94952,62.4478],[26.89029,62.48772],[26.80608,62.4512],[26.85354,62.41108],[26.92851,62.39283],[26.94664,62.37228],[27.01902,62.35768],[27.07569,62.30678],[27.09615,62.30553],[27.0939,62.31921],[27.13138,62.32387],[27.13753,62.30463],[27.18146,62.27712],[27.21126,62.2917],[27.17714,62.29618],[27.17021,62.30917],[27.20481,62.30725],[27.21323,62.29213],[27.23269,62.28982],[27.33647,62.31837],[27.37212,62.35008],[27.31763,62.37129],[27.3241,62.41162],[27.26663,62.42252],[27.3155,62.40049],[27.28204,62.3721],[27.16814,62.36139]]]}},{"type":"Feature","properties":{"nr":"76120"},"geometry":{"type":"Polygon","coordinates":[[[27.21323,62.29213],[27.20481,62.30725],[27.17021,62.30917],[27.17714,62.29618],[27.21126,62.2917],[27.21323,62.29213]]]}},{"type":"Feature","properties":{"nr":"76150"},"geometry":{"type":"Polygon","coordinates":[[[27.13753,62.30463],[27.09615,62.30553],[27.07569,62.30678],[27.09565,62.24821],[27.13241,62.23392],[27.16812,62.23865],[27.18146,62.27712],[27.13753,62.30463]]]}},{"type":"Feature","properties":{"nr":"76280"},"geometry":{"type":"Polygon","coordinates":[[[27.16814,62.36139],[27.28204,62.3721],[27.3155,62.40049],[27.26663,62.42252],[27.24699,62.4241],[27.18758,62.39987],[27.16814,62.36139]]]}},{"type":"Feature","properties":{"nr":"76620"},"geometry":{"type":"Polygon","coordinates":[[[27.23269,62.28982],[27.21323,62.29213],[27.21126,62.2917],[27.18146,62.27712],[27.16812,62.23865],[27.23142,62.23445],[27.28838,62.18671],[27.34081,62.18211],[27.32383,62.24193],[27.23269,62.28982]]]}},{"type":"Feature","properties":{"nr":"76780"},"geometry":{"type":"Polygon","coordinates":[[[27.16171,62.18265],[27.21194,62.16886],[27.28838,62.18671],[27.23142,62.23445],[27.16812,62.23865],[27.13241,62.23392],[27.16171,62.18265]]]}},{"type":"Feature","properties":{"nr":"76850"},"geometry":{"type":"Polygon","coordinates":[[[27.07569,62.30678],[27.01902,62.35768],[26.94664,62.37228],[26.98026,62.34472],[26.96998,62.30744],[26.91498,62.27201],[26.95627,62.22782],[26.99757,62.21166],[26.99046,62.18401],[27.03577,62.17315],[27.08021,62.16927],[27.14947,62.1781],[27.16171,62.18265],[27.13241,62.23392],[27.09565,62.24821],[27.07569,62.30678]]]}},{"type":"Feature","properties":{"nr":"76940"},"geometry":{"type":"Polygon","coordinates":[[[27.16814,62.36139],[27.18758,62.39987],[27.08474,62.39064],[27.08921,62.37018],[27.16814,62.36139]]]}},{"type":"Feature","properties":{"nr":"77110"},"geometry":{"type":"Polygon","coordinates":[[[26.91498,62.27201],[26.96998,62.30744],[26.98026,62.34472],[26.94664,62.37228],[26.92851,62.39283],[26.85354,62.41108],[26.85063,62.36505],[26.7998,62.34125],[26.85767,62.28512],[26.91498,62.27201]]]}},{"type":"Feature","properties":{"nr":"77320"},"geometry":{"type":"Polygon","coordinates":[[[27.37872,62.1551],[27.43064,62.19245],[27.36971,62.23228],[27.32383,62.24193],[27.34081,62.18211],[27.37872,62.1551]]]}},{"type":"Feature","properties":{"nr":"77120"},"geometry":{"type":"Polygon","coordinates":[[[26.72966,62.2003],[26.80575,62.18298],[26.86224,62.20127],[26.78682,62.24039],[26.79938,62.28042],[26.85767,62.28512],[26.7998,62.34125],[26.69605,62.37939],[26.64303,62.3738],[26.70494,62.28565],[26.71696,62.24217],[26.72966,62.2003]]]}},{"type":"Feature","properties":{"nr":"77140"},"geometry":{"type":"Polygon","coordinates":[[[26.85354,62.41108],[26.80608,62.4512],[26.7812,62.45654],[26.71416,62.44924],[26.69605,62.37939],[26.7998,62.34125],[26.85063,62.36505],[26.85354,62.41108]]]}},{"type":"Feature","properties":{"nr":"77220"},"geometry":{"type":"Polygon","coordinates":[[[26.91498,62.27201],[26.85767,62.28512],[26.79938,62.28042],[26.78682,62.24039],[26.86224,62.20127],[26.92135,62.15349],[26.98888,62.13923],[27.03577,62.17315],[26.99046,62.18401],[26.99757,62.21166],[26.95627,62.22782],[26.91498,62.27201]]]}},{"type":"Feature","properties":{"nr":"77240"},"geometry":{"type":"Polygon","coordinates":[[[26.85553,62.11476],[26.91244,62.10972],[26.92135,62.15349],[26.86224,62.20127],[26.80575,62.18298],[26.85553,62.11476]]]}},{"type":"Feature","properties":{"nr":"77330"},"geometry":{"type":"Polygon","coordinates":[[[27.64083,62.12077],[27.55872,62.16997],[27.52106,62.1983],[27.43064,62.19245],[27.37872,62.1551],[27.29348,62.13935],[27.35854,62.07054],[27.34806,62.06313],[27.38302,62.05107],[27.47265,62.03539],[27.54849,62.03415],[27.61714,62.04913],[27.6404,62.09162],[27.64083,62.12077]]]}},{"type":"Feature","properties":{"nr":"77350"},"geometry":{"type":"Polygon","coordinates":[[[27.14947,62.1781],[27.15716,62.1469],[27.20256,62.13734],[27.29348,62.13935],[27.37872,62.1551],[27.34081,62.18211],[27.28838,62.18671],[27.21194,62.16886],[27.16171,62.18265],[27.14947,62.1781]]]}},{"type":"Feature","properties":{"nr":"77380"},"geometry":{"type":"Polygon","coordinates":[[[27.34806,62.06313],[27.35854,62.07054],[27.29348,62.13935],[27.20256,62.13734],[27.15716,62.1469],[27.14947,62.1781],[27.08021,62.16927],[27.10006,62.13848],[27.17391,62.09013],[27.28771,62.08876],[27.34806,62.06313]]]}},{"type":"Feature","properties":{"nr":"77430"},"geometry":{"type":"Polygon","coordinates":[[[27.52106,62.1983],[27.55882,62.23856],[27.46719,62.2861],[27.4905,62.32272],[27.41696,62.35523],[27.37212,62.35008],[27.33647,62.31837],[27.23269,62.28982],[27.32383,62.24193],[27.36971,62.23228],[27.43064,62.19245],[27.52106,62.1983]]]}},{"type":"Feature","properties":{"nr":"77460"},"geometry":{"type":"Polygon","coordinates":[[[27.6617,62.30059],[27.54307,62.33586],[27.4905,62.32272],[27.46719,62.2861],[27.55882,62.23856],[27.52106,62.1983],[27.55872,62.16997],[27.62027,62.15555],[27.62456,62.20766],[27.60656,62.25032],[27.63603,62.26173],[27.65551,62.28843],[27.6617,62.30059]]]}},{"type":"Feature","properties":{"nr":"77480"},"geometry":{"type":"Polygon","coordinates":[[[27.64083,62.12077],[27.65118,62.15675],[27.70582,62.14296],[27.70804,62.16953],[27.68397,62.19226],[27.62456,62.20766],[27.62027,62.15555],[27.55872,62.16997],[27.64083,62.12077]]]}},{"type":"Feature","properties":{"nr":"77520"},"geometry":{"type":"Polygon","coordinates":[[[27.24235,62.4513],[27.11957,62.50187],[27.10355,62.48408],[26.97155,62.47711],[26.94952,62.4478],[26.97207,62.42308],[27.08474,62.39064],[27.18758,62.39987],[27.24699,62.4241],[27.24235,62.4513]]]}},{"type":"Feature","properties":{"nr":"77570"},"geometry":{"type":"Polygon","coordinates":[[[27.4225,62.49174],[27.38221,62.50824],[27.3045,62.49617],[27.24235,62.4513],[27.24699,62.4241],[27.26663,62.42252],[27.3241,62.41162],[27.31763,62.37129],[27.37212,62.35008],[27.41696,62.35523],[27.4905,62.32272],[27.54307,62.33586],[27.59546,62.42241],[27.53162,62.48344],[27.4225,62.49174]]]}},{"type":"Feature","properties":{"nr":"77580"},"geometry":{"type":"Polygon","coordinates":[[[27.74617,62.38339],[27.66413,62.39685],[27.59546,62.42241],[27.54307,62.33586],[27.6617,62.30059],[27.70331,62.31488],[27.73419,62.3548],[27.74617,62.38339]]]}},{"type":"Feature","properties":{"nr":"77600"},"geometry":{"type":"Polygon","coordinates":[[[27.24031,62.70833],[27.11919,62.76326],[27.07749,62.79066],[26.95454,62.82215],[26.89937,62.87047],[26.84024,62.90114],[26.78598,62.86177],[26.72201,62.83901],[26.75173,62.78029],[26.84559,62.73158],[26.87782,62.72333],[26.9265,62.67666],[26.94442,62.64642],[26.89152,62.52848],[26.89029,62.48772],[26.94952,62.4478],[26.97155,62.47711],[27.10355,62.48408],[27.11957,62.50187],[27.25068,62.53031],[27.3045,62.49617],[27.38221,62.50824],[27.4225,62.49174],[27.44628,62.5078],[27.45627,62.57797],[27.52637,62.60966],[27.5415,62.61731],[27.51321,62.67992],[27.37856,62.70939],[27.36784,62.64003],[27.24176,62.67656],[27.24031,62.70833]]]}},{"type":"Feature","properties":{"nr":"77630"},"geometry":{"type":"Polygon","coordinates":[[[27.24031,62.70833],[27.24176,62.67656],[27.36784,62.64003],[27.37856,62.70939],[27.34589,62.7164],[27.24031,62.70833]]]}},{"type":"Feature","properties":{"nr":"77690"},"geometry":{"type":"Polygon","coordinates":[[[27.24235,62.4513],[27.3045,62.49617],[27.25068,62.53031],[27.11957,62.50187],[27.24235,62.4513]]]}},{"type":"Feature","properties":{"nr":"77700"},"geometry":{"type":"Polygon","coordinates":[[[26.75394,62.71713],[26.71384,62.72586],[26.61179,62.71013],[26.5068,62.75119],[26.55989,62.68342],[26.60099,62.60387],[26.55872,62.56342],[26.60434,62.53463],[26.74664,62.51717],[26.79201,62.48335],[26.7812,62.45654],[26.80608,62.4512],[26.89029,62.48772],[26.89152,62.52848],[26.94442,62.64642],[26.91623,62.65787],[26.81892,62.70308],[26.75394,62.71713]],[[26.60892,62.67142],[26.62271,62.66874],[26.61804,62.6641],[26.60539,62.66867],[26.60892,62.67142]]]}},{"type":"Feature","properties":{"nr":"77770"},"geometry":{"type":"Polygon","coordinates":[[[26.7812,62.45654],[26.79201,62.48335],[26.74664,62.51717],[26.60434,62.53463],[26.55872,62.56342],[26.53808,62.52313],[26.59979,62.45009],[26.68393,62.46172],[26.71416,62.44924],[26.7812,62.45654]]]}},{"type":"Feature","properties":{"nr":"77800"},"geometry":{"type":"Polygon","coordinates":[[[26.94442,62.64642],[26.9265,62.67666],[26.91623,62.65787],[26.94442,62.64642]]]}},{"type":"Feature","properties":{"nr":"77910"},"geometry":{"type":"Polygon","coordinates":[[[26.91623,62.65787],[26.9265,62.67666],[26.87782,62.72333],[26.84559,62.73158],[26.8075,62.71237],[26.75394,62.71713],[26.81892,62.70308],[26.91623,62.65787]]]}},{"type":"Feature","properties":{"nr":"77930"},"geometry":{"type":"Polygon","coordinates":[[[26.5068,62.75119],[26.61179,62.71013],[26.71384,62.72586],[26.75394,62.71713],[26.8075,62.71237],[26.84559,62.73158],[26.75173,62.78029],[26.72201,62.83901],[26.65303,62.85588],[26.58238,62.82796],[26.44535,62.78833],[26.44534,62.78596],[26.5068,62.75119]]]}},{"type":"Feature","properties":{"nr":"77960"},"geometry":{"type":"Polygon","coordinates":[[[26.60892,62.67142],[26.60539,62.66867],[26.61804,62.6641],[26.62271,62.66874],[26.60892,62.67142]]]}},{"type":"Feature","properties":{"nr":"79230"},"geometry":{"type":"Polygon","coordinates":[[[28.12099,62.43343],[28.06681,62.46468],[27.96857,62.4656],[28.01635,62.43173],[28.10951,62.41014],[28.12099,62.43343]]]}},{"type":"Feature","properties":{"nr":"78200"},"geometry":{"type":"Polygon","coordinates":[[[27.8828,62.32167],[27.87558,62.32541],[27.8472,62.318],[27.85525,62.31189],[27.89269,62.29124],[27.8828,62.32167]]]}},{"type":"Feature","properties":{"nr":"78210"},"geometry":{"type":"Polygon","coordinates":[[[27.8472,62.318],[27.87558,62.32541],[27.85739,62.3343],[27.82745,62.35372],[27.78744,62.3934],[27.74617,62.38339],[27.73419,62.3548],[27.78639,62.33826],[27.8472,62.318]]]}},{"type":"Feature","properties":{"nr":"78250"},"geometry":{"type":"Polygon","coordinates":[[[27.92267,62.31631],[27.8828,62.32167],[27.89269,62.29124],[27.89324,62.29087],[27.93903,62.28958],[27.92267,62.31631]]]}},{"type":"Feature","properties":{"nr":"78300"},"geometry":{"type":"Polygon","coordinates":[[[27.92197,62.32359],[27.88286,62.34279],[27.85739,62.3343],[27.87558,62.32541],[27.8828,62.32167],[27.92267,62.31631],[27.92197,62.32359]]]}},{"type":"Feature","properties":{"nr":"78310"},"geometry":{"type":"Polygon","coordinates":[[[28.01849,62.38156],[27.96704,62.40237],[27.91336,62.38551],[27.89299,62.3692],[27.88286,62.34279],[27.92197,62.32359],[27.96203,62.31571],[27.98074,62.33484],[28.01849,62.38156]]]}},{"type":"Feature","properties":{"nr":"78400"},"geometry":{"type":"Polygon","coordinates":[[[27.85739,62.3343],[27.88286,62.34279],[27.89299,62.3692],[27.82745,62.35372],[27.85739,62.3343]]]}},{"type":"Feature","properties":{"nr":"78480"},"geometry":{"type":"Polygon","coordinates":[[[27.91336,62.38551],[27.90924,62.40962],[27.82169,62.42161],[27.77521,62.40308],[27.78744,62.3934],[27.82745,62.35372],[27.89299,62.3692],[27.91336,62.38551]]]}},{"type":"Feature","properties":{"nr":"98840"},"geometry":{"type":"Polygon","coordinates":[[[28.23161,67.64302],[28.62654,67.5554],[28.75255,67.59577],[28.53282,67.67628],[28.2379,67.72276],[28.20213,67.69776],[28.23161,67.64302]]]}},{"type":"Feature","properties":{"nr":"78500"},"geometry":{"type":"Polygon","coordinates":[[[27.96203,62.31571],[27.92197,62.32359],[27.92267,62.31631],[27.93903,62.28958],[28.0244,62.28615],[27.96203,62.31571]]]}},{"type":"Feature","properties":{"nr":"78610"},"geometry":{"type":"Polygon","coordinates":[[[28.0244,62.28615],[28.08438,62.29047],[28.07297,62.30628],[27.98074,62.33484],[27.96203,62.31571],[28.0244,62.28615]]]}},{"type":"Feature","properties":{"nr":"78710"},"geometry":{"type":"Polygon","coordinates":[[[27.93903,62.28958],[27.89324,62.29087],[28.02807,62.23216],[28.09189,62.23119],[28.22748,62.21053],[28.26584,62.23162],[28.20661,62.26873],[28.08438,62.29047],[28.0244,62.28615],[27.93903,62.28958]]]}},{"type":"Feature","properties":{"nr":"78850"},"geometry":{"type":"Polygon","coordinates":[[[27.82292,62.3139],[27.78972,62.29869],[27.73812,62.3302],[27.70331,62.31488],[27.6617,62.30059],[27.65551,62.28843],[27.74486,62.28507],[27.81765,62.27193],[27.89324,62.29087],[27.89269,62.29124],[27.85525,62.31189],[27.82292,62.3139]]]}},{"type":"Feature","properties":{"nr":"78870"},"geometry":{"type":"Polygon","coordinates":[[[27.85525,62.31189],[27.8472,62.318],[27.78639,62.33826],[27.82292,62.3139],[27.85525,62.31189]]]}},{"type":"Feature","properties":{"nr":"78880"},"geometry":{"type":"Polygon","coordinates":[[[28.02807,62.23216],[27.89324,62.29087],[27.81765,62.27193],[27.82382,62.23859],[27.92368,62.24195],[28.02647,62.22083],[28.02807,62.23216]]]}},{"type":"Feature","properties":{"nr":"78900"},"geometry":{"type":"Polygon","coordinates":[[[27.78639,62.33826],[27.73419,62.3548],[27.70331,62.31488],[27.73812,62.3302],[27.78972,62.29869],[27.82292,62.3139],[27.78639,62.33826]]]}},{"type":"Feature","properties":{"nr":"79140"},"geometry":{"type":"Polygon","coordinates":[[[27.67151,62.56119],[27.57645,62.56804],[27.52637,62.60966],[27.45627,62.57797],[27.44628,62.5078],[27.4225,62.49174],[27.53162,62.48344],[27.58968,62.48609],[27.63526,62.51203],[27.68939,62.54757],[27.67151,62.56119]]]}},{"type":"Feature","properties":{"nr":"79100"},"geometry":{"type":"Polygon","coordinates":[[[28.01065,62.63745],[27.98908,62.59339],[27.9355,62.64387],[27.88421,62.59303],[27.93939,62.53131],[27.86391,62.51345],[27.73808,62.57232],[27.67151,62.56119],[27.68939,62.54757],[27.63526,62.51203],[27.73681,62.45685],[27.7303,62.42382],[27.77521,62.40308],[27.82169,62.42161],[27.90924,62.40962],[27.91336,62.38551],[27.96704,62.40237],[28.01849,62.38156],[28.11843,62.38305],[28.10951,62.41014],[28.01635,62.43173],[27.96857,62.4656],[28.06681,62.46468],[28.12099,62.43343],[28.21292,62.43448],[28.22343,62.44169],[28.17765,62.49074],[28.09185,62.5143],[28.04868,62.5689],[28.1211,62.57867],[28.07147,62.57309],[28.047,62.60548],[28.06492,62.63364],[28.01065,62.63745]]]}},{"type":"Feature","properties":{"nr":"79130"},"geometry":{"type":"Polygon","coordinates":[[[27.77521,62.40308],[27.7303,62.42382],[27.73681,62.45685],[27.63526,62.51203],[27.58968,62.48609],[27.53162,62.48344],[27.59546,62.42241],[27.66413,62.39685],[27.74617,62.38339],[27.78744,62.3934],[27.77521,62.40308]]]}},{"type":"Feature","properties":{"nr":"79150"},"geometry":{"type":"Polygon","coordinates":[[[27.73808,62.57232],[27.86391,62.51345],[27.93939,62.53131],[27.88421,62.59303],[27.9355,62.64387],[27.93952,62.66282],[27.85803,62.66093],[27.79383,62.62658],[27.72505,62.66285],[27.67669,62.65032],[27.68755,62.60781],[27.73808,62.57232]]]}},{"type":"Feature","properties":{"nr":"79160"},"geometry":{"type":"Polygon","coordinates":[[[27.74078,62.69363],[27.7111,62.6804],[27.72505,62.66285],[27.79383,62.62658],[27.85803,62.66093],[27.77617,62.67133],[27.74078,62.69363]]]}},{"type":"Feature","properties":{"nr":"79180"},"geometry":{"type":"Polygon","coordinates":[[[27.9355,62.64387],[27.98908,62.59339],[28.01065,62.63745],[27.97351,62.65577],[27.93952,62.66282],[27.9355,62.64387]]]}},{"type":"Feature","properties":{"nr":"79190"},"geometry":{"type":"Polygon","coordinates":[[[28.06492,62.63364],[28.13983,62.65053],[28.09372,62.67367],[28.00799,62.68361],[27.97351,62.65577],[28.01065,62.63745],[28.06492,62.63364]]]}},{"type":"Feature","properties":{"nr":"85470"},"geometry":{"type":"Polygon","coordinates":[[[24.864,63.71097],[24.92408,63.76937],[24.88846,63.80005],[24.73939,63.8477],[24.63749,63.87354],[24.53771,63.84719],[24.48089,63.80042],[24.49821,63.76603],[24.56113,63.72097],[24.73043,63.72151],[24.78186,63.7041],[24.864,63.71097]]]}},{"type":"Feature","properties":{"nr":"79255"},"geometry":{"type":"Polygon","coordinates":[[[28.23143,62.55383],[28.2209,62.60118],[28.20681,62.60881],[28.1211,62.57867],[28.04868,62.5689],[28.09185,62.5143],[28.17765,62.49074],[28.23143,62.55383]]]}},{"type":"Feature","properties":{"nr":"79265"},"geometry":{"type":"Polygon","coordinates":[[[28.20681,62.60881],[28.1808,62.64991],[28.13983,62.65053],[28.06492,62.63364],[28.047,62.60548],[28.07147,62.57309],[28.1211,62.57867],[28.20681,62.60881]]]}},{"type":"Feature","properties":{"nr":"79330"},"geometry":{"type":"Polygon","coordinates":[[[28.36382,62.50005],[28.30361,62.50452],[28.23143,62.55383],[28.17765,62.49074],[28.22343,62.44169],[28.25711,62.43951],[28.3065,62.48552],[28.36382,62.50005]]]}},{"type":"Feature","properties":{"nr":"79350"},"geometry":{"type":"Polygon","coordinates":[[[28.23143,62.55383],[28.30361,62.50452],[28.36382,62.50005],[28.41374,62.55755],[28.45575,62.55253],[28.52906,62.57039],[28.48375,62.57468],[28.4147,62.60589],[28.34884,62.609],[28.2209,62.60118],[28.23143,62.55383]]]}},{"type":"Feature","properties":{"nr":"85730"},"geometry":{"type":"Polygon","coordinates":[[[25.66108,63.83902],[25.70422,63.85193],[25.6917,63.89072],[25.60449,63.91805],[25.53303,63.92249],[25.5397,63.87369],[25.62291,63.84075],[25.66108,63.83902]]]}},{"type":"Feature","properties":{"nr":"79410"},"geometry":{"type":"Polygon","coordinates":[[[28.21292,62.43448],[28.12099,62.43343],[28.10951,62.41014],[28.11843,62.38305],[28.01849,62.38156],[27.98074,62.33484],[28.07297,62.30628],[28.11009,62.32567],[28.23011,62.35347],[28.30837,62.34815],[28.32584,62.36573],[28.21292,62.43448]]]}},{"type":"Feature","properties":{"nr":"79480"},"geometry":{"type":"Polygon","coordinates":[[[28.36538,62.21891],[28.39992,62.22907],[28.4967,62.29485],[28.42197,62.33729],[28.30837,62.34815],[28.23011,62.35347],[28.11009,62.32567],[28.07297,62.30628],[28.08438,62.29047],[28.20661,62.26873],[28.26584,62.23162],[28.36538,62.21891]]]}},{"type":"Feature","properties":{"nr":"79520"},"geometry":{"type":"Polygon","coordinates":[[[28.60526,62.13691],[28.63719,62.14243],[28.65166,62.23475],[28.59567,62.25524],[28.56865,62.28912],[28.4967,62.29485],[28.39992,62.22907],[28.36538,62.21891],[28.40235,62.20526],[28.4254,62.21075],[28.53854,62.19203],[28.59807,62.1598],[28.60526,62.13691]]]}},{"type":"Feature","properties":{"nr":"79680"},"geometry":{"type":"Polygon","coordinates":[[[27.85056,62.05189],[27.85029,62.09527],[27.7616,62.11463],[27.70582,62.14296],[27.65118,62.15675],[27.64083,62.12077],[27.6404,62.09162],[27.69051,62.07739],[27.85056,62.05189]]]}},{"type":"Feature","properties":{"nr":"79600"},"geometry":{"type":"Polygon","coordinates":[[[27.8659,62.03253],[27.91984,62.04855],[27.92929,62.08169],[27.88525,62.11698],[27.9651,62.13796],[28.02338,62.10618],[28.09726,62.12095],[28.02933,62.16899],[28.02647,62.22083],[27.92368,62.24195],[27.82382,62.23859],[27.76154,62.22148],[27.76773,62.20365],[27.70804,62.16953],[27.70582,62.14296],[27.7616,62.11463],[27.85029,62.09527],[27.85056,62.05189],[27.8659,62.03253]]]}},{"type":"Feature","properties":{"nr":"79620"},"geometry":{"type":"Polygon","coordinates":[[[27.70804,62.16953],[27.76773,62.20365],[27.76154,62.22148],[27.63603,62.26173],[27.60656,62.25032],[27.62456,62.20766],[27.68397,62.19226],[27.70804,62.16953]]]}},{"type":"Feature","properties":{"nr":"79630"},"geometry":{"type":"Polygon","coordinates":[[[27.76154,62.22148],[27.82382,62.23859],[27.81765,62.27193],[27.74486,62.28507],[27.65551,62.28843],[27.63603,62.26173],[27.76154,62.22148]]]}},{"type":"Feature","properties":{"nr":"79660"},"geometry":{"type":"Polygon","coordinates":[[[27.92929,62.08169],[27.99213,62.06902],[28.02338,62.10618],[27.9651,62.13796],[27.88525,62.11698],[27.92929,62.08169]]]}},{"type":"Feature","properties":{"nr":"79820"},"geometry":{"type":"Polygon","coordinates":[[[28.72185,62.53809],[28.75252,62.55833],[28.74871,62.61512],[28.62313,62.58279],[28.5901,62.5497],[28.69915,62.52437],[28.72185,62.53809]]]}},{"type":"Feature","properties":{"nr":"79690"},"geometry":{"type":"Polygon","coordinates":[[[27.65967,62.01733],[27.82183,61.99434],[27.89358,62.01778],[27.8659,62.03253],[27.85056,62.05189],[27.69051,62.07739],[27.6404,62.09162],[27.61714,62.04913],[27.65967,62.01733]]]}},{"type":"Feature","properties":{"nr":"79700"},"geometry":{"type":"Polygon","coordinates":[[[28.71823,62.45225],[28.60998,62.48148],[28.52237,62.52],[28.47714,62.52139],[28.45575,62.55253],[28.41374,62.55755],[28.36382,62.50005],[28.3065,62.48552],[28.25711,62.43951],[28.22343,62.44169],[28.21292,62.43448],[28.32584,62.36573],[28.30837,62.34815],[28.42197,62.33729],[28.4967,62.29485],[28.56865,62.28912],[28.59567,62.25524],[28.65166,62.23475],[28.73002,62.22532],[28.75735,62.2091],[28.821,62.25512],[28.78459,62.27492],[28.8062,62.30431],[28.70961,62.37282],[28.7006,62.40352],[28.76878,62.43752],[28.71823,62.45225]]]}},{"type":"Feature","properties":{"nr":"79810"},"geometry":{"type":"Polygon","coordinates":[[[28.55388,62.57249],[28.52906,62.57039],[28.45575,62.55253],[28.47714,62.52139],[28.52237,62.52],[28.60998,62.48148],[28.71823,62.45225],[28.76043,62.48887],[28.81013,62.49887],[28.72185,62.53809],[28.69915,62.52437],[28.5901,62.5497],[28.55388,62.57249]]]}},{"type":"Feature","properties":{"nr":"79860"},"geometry":{"type":"Polygon","coordinates":[[[29.00453,62.51228],[29.00914,62.53336],[28.91883,62.57988],[28.79328,62.62959],[28.75404,62.62645],[28.74871,62.61512],[28.75252,62.55833],[28.72185,62.53809],[28.81013,62.49887],[28.9137,62.50322],[29.00453,62.51228]],[[28.77227,62.53134],[28.75968,62.53884],[28.78345,62.54028],[28.77227,62.53134]]]}},{"type":"Feature","properties":{"nr":"79885"},"geometry":{"type":"Polygon","coordinates":[[[28.90106,62.4155],[28.93109,62.45678],[28.88841,62.48429],[28.9137,62.50322],[28.81013,62.49887],[28.76043,62.48887],[28.71823,62.45225],[28.76878,62.43752],[28.83179,62.42073],[28.90106,62.4155]]]}},{"type":"Feature","properties":{"nr":"79895"},"geometry":{"type":"Polygon","coordinates":[[[29.09144,62.42484],[29.09752,62.4971],[29.00453,62.51228],[28.9137,62.50322],[28.88841,62.48429],[28.93109,62.45678],[28.90106,62.4155],[28.97183,62.40771],[29.04258,62.42604],[29.09144,62.42484]]]}},{"type":"Feature","properties":{"nr":"79910"},"geometry":{"type":"Polygon","coordinates":[[[29.00823,62.26383],[28.95227,62.30825],[28.98686,62.33014],[28.827,62.39831],[28.83179,62.42073],[28.76878,62.43752],[28.7006,62.40352],[28.70961,62.37282],[28.8062,62.30431],[28.78459,62.27492],[28.821,62.25512],[28.88121,62.23282],[28.9683,62.27637],[29.00823,62.26383]]]}},{"type":"Feature","properties":{"nr":"79940"},"geometry":{"type":"Polygon","coordinates":[[[29.09144,62.42484],[29.04258,62.42604],[28.97183,62.40771],[28.90106,62.4155],[28.83179,62.42073],[28.827,62.39831],[28.98686,62.33014],[29.14696,62.33114],[29.17938,62.37587],[29.12044,62.37918],[29.08225,62.40249],[29.09144,62.42484]]]}},{"type":"Feature","properties":{"nr":"80100"},"geometry":{"type":"Polygon","coordinates":[[[29.81125,62.62967],[29.75492,62.63496],[29.74108,62.60375],[29.76031,62.59428],[29.77305,62.59829],[29.77916,62.60187],[29.79322,62.60862],[29.81125,62.62967]]]}},{"type":"Feature","properties":{"nr":"80110"},"geometry":{"type":"Polygon","coordinates":[[[29.74108,62.60375],[29.72359,62.61221],[29.67576,62.58476],[29.76031,62.59428],[29.74108,62.60375]]]}},{"type":"Feature","properties":{"nr":"81235"},"geometry":{"type":"Polygon","coordinates":[[[30.20176,62.675],[30.05967,62.68131],[30.029,62.67677],[30.00565,62.64392],[30.04464,62.58295],[30.05667,62.60253],[30.12066,62.62151],[30.20199,62.59107],[30.20401,62.61797],[30.26889,62.65369],[30.20176,62.675]]]}},{"type":"Feature","properties":{"nr":"80130"},"geometry":{"type":"Polygon","coordinates":[[[29.74108,62.60375],[29.75492,62.63496],[29.7186,62.65332],[29.71164,62.63495],[29.72359,62.61221],[29.74108,62.60375]]]}},{"type":"Feature","properties":{"nr":"80140"},"geometry":{"type":"Polygon","coordinates":[[[29.71164,62.63495],[29.6473,62.63856],[29.60777,62.66548],[29.59288,62.65764],[29.62687,62.64378],[29.67393,62.58409],[29.67576,62.58476],[29.72359,62.61221],[29.71164,62.63495]]]}},{"type":"Feature","properties":{"nr":"80160"},"geometry":{"type":"Polygon","coordinates":[[[29.83991,62.60878],[29.86834,62.63126],[29.81125,62.62967],[29.79322,62.60862],[29.83991,62.60878]]]}},{"type":"Feature","properties":{"nr":"81360"},"geometry":{"type":"Polygon","coordinates":[[[30.3868,62.62153],[30.45785,62.67659],[30.42578,62.69586],[30.36502,62.709],[30.34219,62.74346],[30.21446,62.69296],[30.20176,62.675],[30.26889,62.65369],[30.33922,62.62614],[30.3868,62.62153]]]}},{"type":"Feature","properties":{"nr":"80170"},"geometry":{"type":"Polygon","coordinates":[[[29.83991,62.60878],[29.89405,62.62835],[29.89168,62.64161],[29.86834,62.63126],[29.83991,62.60878]]]}},{"type":"Feature","properties":{"nr":"80200"},"geometry":{"type":"Polygon","coordinates":[[[29.80665,62.59266],[29.77916,62.60187],[29.77305,62.59829],[29.77404,62.58754],[29.80665,62.59266]],[[29.77925,62.58978],[29.7748,62.59115],[29.77807,62.5931],[29.78254,62.59117],[29.77925,62.58978]]]}},{"type":"Feature","properties":{"nr":"80210"},"geometry":{"type":"Polygon","coordinates":[[[29.77925,62.58978],[29.78254,62.59117],[29.77807,62.5931],[29.7748,62.59115],[29.77925,62.58978]]]}},{"type":"Feature","properties":{"nr":"80220"},"geometry":{"type":"Polygon","coordinates":[[[29.77404,62.58754],[29.77305,62.59829],[29.76031,62.59428],[29.67576,62.58476],[29.67393,62.58409],[29.71645,62.55055],[29.75141,62.55542],[29.77404,62.58754]]]}},{"type":"Feature","properties":{"nr":"80230"},"geometry":{"type":"Polygon","coordinates":[[[29.91303,62.56639],[29.80665,62.59266],[29.77404,62.58754],[29.75141,62.55542],[29.926,62.55655],[29.91303,62.56639]]]}},{"type":"Feature","properties":{"nr":"80260"},"geometry":{"type":"Polygon","coordinates":[[[29.91303,62.56639],[29.92501,62.59302],[29.89405,62.62835],[29.83991,62.60878],[29.79322,62.60862],[29.77916,62.60187],[29.80665,62.59266],[29.91303,62.56639]]]}},{"type":"Feature","properties":{"nr":"80330"},"geometry":{"type":"Polygon","coordinates":[[[29.92629,62.55637],[29.926,62.55655],[29.75141,62.55542],[29.71645,62.55055],[29.6959,62.51666],[29.70552,62.50814],[29.84779,62.521],[29.92629,62.55637]]]}},{"type":"Feature","properties":{"nr":"81460"},"geometry":{"type":"Polygon","coordinates":[[[30.87081,62.86984],[30.93882,62.87023],[31.04287,62.88646],[31.10252,62.92261],[31.10166,62.93132],[30.95286,62.94575],[30.90648,62.96165],[30.91996,63.0146],[30.79765,63.03342],[30.75317,62.94274],[30.75515,62.94052],[30.84063,62.91723],[30.87081,62.86984]]]}},{"type":"Feature","properties":{"nr":"80400"},"geometry":{"type":"Polygon","coordinates":[[[29.67393,62.58409],[29.62687,62.64378],[29.59288,62.65764],[29.54153,62.66141],[29.49505,62.63079],[29.45803,62.63938],[29.41608,62.6096],[29.47723,62.59838],[29.53053,62.55463],[29.61129,62.53152],[29.64724,62.51979],[29.6959,62.51666],[29.71645,62.55055],[29.67393,62.58409]]]}},{"type":"Feature","properties":{"nr":"80510"},"geometry":{"type":"Polygon","coordinates":[[[29.71017,62.75882],[29.6169,62.76967],[29.63194,62.79159],[29.55936,62.7925],[29.55816,62.74883],[29.56984,62.72597],[29.60777,62.66548],[29.6473,62.63856],[29.71164,62.63495],[29.7186,62.65332],[29.69875,62.69507],[29.73517,62.73901],[29.71017,62.75882]]]}},{"type":"Feature","properties":{"nr":"80710"},"geometry":{"type":"Polygon","coordinates":[[[29.82443,62.7165],[29.75766,62.73436],[29.73517,62.73901],[29.69875,62.69507],[29.7186,62.65332],[29.75492,62.63496],[29.81125,62.62967],[29.86834,62.63126],[29.89168,62.64161],[29.84072,62.67118],[29.8561,62.7095],[29.82443,62.7165]]]}},{"type":"Feature","properties":{"nr":"81470"},"geometry":{"type":"Polygon","coordinates":[[[31.36162,63.07189],[31.26538,63.11518],[31.23986,63.21766],[31.15268,63.25691],[31.05709,63.18123],[30.97155,63.15685],[30.78267,63.13675],[30.72034,63.11726],[30.84608,63.07705],[30.79765,63.03342],[30.91996,63.0146],[30.90648,62.96165],[30.95286,62.94575],[31.10166,62.93132],[31.13833,62.99421],[31.24447,63.02529],[31.28322,63.0594],[31.36162,63.07189]]]}},{"type":"Feature","properties":{"nr":"80770"},"geometry":{"type":"Polygon","coordinates":[[[29.87726,62.71825],[29.93835,62.73819],[29.91425,62.77509],[29.83989,62.73979],[29.798,62.75834],[29.82182,62.73898],[29.82443,62.7165],[29.8561,62.7095],[29.87726,62.71825]]]}},{"type":"Feature","properties":{"nr":"80780"},"geometry":{"type":"Polygon","coordinates":[[[29.82182,62.73898],[29.798,62.75834],[29.71017,62.75882],[29.73517,62.73901],[29.75766,62.73436],[29.82182,62.73898]]]}},{"type":"Feature","properties":{"nr":"80790"},"geometry":{"type":"Polygon","coordinates":[[[29.75766,62.73436],[29.82443,62.7165],[29.82182,62.73898],[29.75766,62.73436]]]}},{"type":"Feature","properties":{"nr":"80850"},"geometry":{"type":"Polygon","coordinates":[[[30.01039,62.68343],[29.97817,62.71773],[29.87726,62.71825],[29.8561,62.7095],[29.84072,62.67118],[30.01039,62.68343]]]}},{"type":"Feature","properties":{"nr":"81560"},"geometry":{"type":"Polygon","coordinates":[[[30.27814,63.09869],[30.17809,63.13495],[30.13617,63.19788],[30.05744,63.17121],[30.0095,63.1539],[30.0517,63.11553],[30.12992,63.08935],[30.27814,63.09869]]]}},{"type":"Feature","properties":{"nr":"80910"},"geometry":{"type":"Polygon","coordinates":[[[30.01039,62.68343],[29.84072,62.67118],[29.89168,62.64161],[29.89405,62.62835],[29.92501,62.59302],[29.91303,62.56639],[29.926,62.55655],[29.92629,62.55637],[30.07119,62.53296],[30.04464,62.58295],[30.00565,62.64392],[30.029,62.67677],[30.01039,62.68343]]]}},{"type":"Feature","properties":{"nr":"81100"},"geometry":{"type":"Polygon","coordinates":[[[30.00672,62.80635],[30.00081,62.8388],[29.9396,62.90334],[29.86425,62.89895],[29.84509,62.87279],[29.8653,62.82145],[29.76983,62.82605],[29.74055,62.86238],[29.66031,62.89155],[29.67869,62.84711],[29.63194,62.79159],[29.6169,62.76967],[29.71017,62.75882],[29.798,62.75834],[29.83989,62.73979],[29.91425,62.77509],[30.00672,62.80635]]]}},{"type":"Feature","properties":{"nr":"81120"},"geometry":{"type":"Polygon","coordinates":[[[29.86425,62.89895],[29.68434,62.90532],[29.66031,62.89155],[29.74055,62.86238],[29.76983,62.82605],[29.8653,62.82145],[29.84509,62.87279],[29.86425,62.89895]]]}},{"type":"Feature","properties":{"nr":"81160"},"geometry":{"type":"Polygon","coordinates":[[[29.92128,63.02686],[29.7904,63.04426],[29.6937,62.9914],[29.62163,62.98602],[29.60012,62.96889],[29.65794,62.91341],[29.68434,62.90532],[29.86425,62.89895],[29.9396,62.90334],[29.97374,62.92018],[29.93412,62.97991],[29.92128,63.02686]]]}},{"type":"Feature","properties":{"nr":"81200"},"geometry":{"type":"Polygon","coordinates":[[[30.14844,62.90008],[30.10922,62.89818],[30.02412,62.92668],[29.97374,62.92018],[29.9396,62.90334],[30.00081,62.8388],[30.00672,62.80635],[30.0891,62.75101],[30.21446,62.69296],[30.34219,62.74346],[30.36502,62.709],[30.42578,62.69586],[30.43524,62.74645],[30.46305,62.76359],[30.39374,62.7771],[30.35203,62.82384],[30.22752,62.85369],[30.15773,62.85042],[30.1539,62.8736],[30.14844,62.90008]],[[30.07947,62.79386],[30.07063,62.81381],[30.12329,62.81024],[30.11652,62.78803],[30.07947,62.79386]]]}},{"type":"Feature","properties":{"nr":"81210"},"geometry":{"type":"Polygon","coordinates":[[[30.07947,62.79386],[30.11652,62.78803],[30.12329,62.81024],[30.07063,62.81381],[30.07947,62.79386]]]}},{"type":"Feature","properties":{"nr":"81220"},"geometry":{"type":"Polygon","coordinates":[[[30.05967,62.68131],[30.03407,62.73859],[30.0891,62.75101],[30.00672,62.80635],[29.91425,62.77509],[29.93835,62.73819],[29.87726,62.71825],[29.97817,62.71773],[30.01039,62.68343],[30.029,62.67677],[30.05967,62.68131]]]}},{"type":"Feature","properties":{"nr":"81230"},"geometry":{"type":"Polygon","coordinates":[[[30.21446,62.69296],[30.0891,62.75101],[30.03407,62.73859],[30.05967,62.68131],[30.20176,62.675],[30.21446,62.69296]]]}},{"type":"Feature","properties":{"nr":"81260"},"geometry":{"type":"Polygon","coordinates":[[[30.02369,63.02961],[29.97878,63.04908],[29.94703,63.03602],[29.92128,63.02686],[29.93412,62.97991],[29.97374,62.92018],[30.02412,62.92668],[30.10922,62.89818],[30.14844,62.90008],[30.1878,62.9317],[30.16299,62.94073],[30.04655,62.97481],[30.02369,63.02961]]]}},{"type":"Feature","properties":{"nr":"81270"},"geometry":{"type":"Polygon","coordinates":[[[30.22752,62.85369],[30.26245,62.88344],[30.1792,62.88619],[30.1539,62.8736],[30.15773,62.85042],[30.22752,62.85369]]]}},{"type":"Feature","properties":{"nr":"81280"},"geometry":{"type":"Polygon","coordinates":[[[30.36306,62.99258],[30.29109,62.99309],[30.28041,62.9594],[30.21632,62.95192],[30.1878,62.9317],[30.14844,62.90008],[30.1539,62.8736],[30.1792,62.88619],[30.26245,62.88344],[30.22752,62.85369],[30.35203,62.82384],[30.39892,62.82955],[30.42999,62.85898],[30.47875,62.84456],[30.5609,62.8497],[30.54476,62.88237],[30.48085,62.88106],[30.47936,62.91538],[30.36306,62.99258]]]}},{"type":"Feature","properties":{"nr":"81290"},"geometry":{"type":"Polygon","coordinates":[[[30.1878,62.9317],[30.21632,62.95192],[30.28041,62.9594],[30.29109,62.99309],[30.19831,63.00583],[30.14519,62.97168],[30.16299,62.94073],[30.1878,62.9317]]]}},{"type":"Feature","properties":{"nr":"81295"},"geometry":{"type":"Polygon","coordinates":[[[30.26483,63.03655],[30.20155,63.0437],[30.02369,63.02961],[30.04655,62.97481],[30.16299,62.94073],[30.14519,62.97168],[30.19831,63.00583],[30.29109,62.99309],[30.36306,62.99258],[30.26483,63.03655]]]}},{"type":"Feature","properties":{"nr":"81320"},"geometry":{"type":"Polygon","coordinates":[[[30.45785,62.67659],[30.51535,62.69382],[30.51796,62.72366],[30.46305,62.76359],[30.43524,62.74645],[30.42578,62.69586],[30.45785,62.67659]]]}},{"type":"Feature","properties":{"nr":"81330"},"geometry":{"type":"Polygon","coordinates":[[[30.51796,62.72366],[30.55674,62.73949],[30.53714,62.80476],[30.47875,62.84456],[30.42999,62.85898],[30.39892,62.82955],[30.35203,62.82384],[30.39374,62.7771],[30.46305,62.76359],[30.51796,62.72366]]]}},{"type":"Feature","properties":{"nr":"81350"},"geometry":{"type":"Polygon","coordinates":[[[30.72143,62.65515],[30.72275,62.67672],[30.68407,62.73447],[30.71296,62.77864],[30.62663,62.80007],[30.61741,62.83141],[30.5609,62.8497],[30.47875,62.84456],[30.53714,62.80476],[30.55674,62.73949],[30.51796,62.72366],[30.51535,62.69382],[30.54255,62.67264],[30.63968,62.64225],[30.72143,62.65515]]]}},{"type":"Feature","properties":{"nr":"81390"},"geometry":{"type":"Polygon","coordinates":[[[30.63968,62.64225],[30.54255,62.67264],[30.51535,62.69382],[30.45785,62.67659],[30.3868,62.62153],[30.45055,62.59133],[30.63039,62.63932],[30.63968,62.64225]]]}},{"type":"Feature","properties":{"nr":"81420"},"geometry":{"type":"Polygon","coordinates":[[[30.61741,62.83141],[30.67992,62.87665],[30.75095,62.91146],[30.75515,62.94052],[30.75317,62.94274],[30.64096,62.95364],[30.51282,62.91242],[30.47936,62.91538],[30.48085,62.88106],[30.54476,62.88237],[30.5609,62.8497],[30.61741,62.83141]]]}},{"type":"Feature","properties":{"nr":"81430"},"geometry":{"type":"Polygon","coordinates":[[[30.75317,62.94274],[30.79765,63.03342],[30.84608,63.07705],[30.72034,63.11726],[30.59219,63.08273],[30.48453,63.02325],[30.38151,63.00575],[30.36306,62.99258],[30.47936,62.91538],[30.51282,62.91242],[30.64096,62.95364],[30.75317,62.94274]]]}},{"type":"Feature","properties":{"nr":"81450"},"geometry":{"type":"Polygon","coordinates":[[[30.71296,62.77864],[30.75881,62.77898],[30.83615,62.80586],[30.86231,62.81666],[30.87081,62.86984],[30.84063,62.91723],[30.75515,62.94052],[30.75095,62.91146],[30.67992,62.87665],[30.61741,62.83141],[30.62663,62.80007],[30.71296,62.77864]]]}},{"type":"Feature","properties":{"nr":"81570"},"geometry":{"type":"Polygon","coordinates":[[[30.27814,63.09869],[30.12992,63.08935],[30.0517,63.11553],[29.98908,63.09717],[29.95563,63.06058],[29.97878,63.04908],[30.02369,63.02961],[30.20155,63.0437],[30.26483,63.03655],[30.31636,63.07009],[30.27814,63.09869]]]}},{"type":"Feature","properties":{"nr":"81590"},"geometry":{"type":"Polygon","coordinates":[[[29.88864,63.19884],[29.86412,63.10944],[29.88787,63.07016],[29.94703,63.03602],[29.97878,63.04908],[29.95563,63.06058],[29.98908,63.09717],[30.0517,63.11553],[30.0095,63.1539],[30.05744,63.17121],[30.02917,63.1899],[29.88864,63.19884]]]}},{"type":"Feature","properties":{"nr":"81650"},"geometry":{"type":"Polygon","coordinates":[[[30.3169,63.30675],[30.30775,63.23563],[30.33377,63.20729],[30.54565,63.14656],[30.61265,63.14001],[30.64989,63.16397],[30.71386,63.17417],[30.78267,63.13675],[30.97155,63.15685],[31.05709,63.18123],[31.15268,63.25691],[31.02067,63.30323],[30.97908,63.30785],[30.93444,63.35545],[30.85692,63.36689],[30.78769,63.40528],[30.6427,63.43254],[30.54423,63.38863],[30.47345,63.33067],[30.40306,63.32586],[30.36812,63.30373],[30.3169,63.30675]],[[30.5898,63.27962],[30.59116,63.30153],[30.65654,63.358],[30.65331,63.31902],[30.5898,63.27962]]]}},{"type":"Feature","properties":{"nr":"81660"},"geometry":{"type":"Polygon","coordinates":[[[30.5898,63.27962],[30.65331,63.31902],[30.65654,63.358],[30.59116,63.30153],[30.5898,63.27962]]]}},{"type":"Feature","properties":{"nr":"81750"},"geometry":{"type":"Polygon","coordinates":[[[30.3169,63.30675],[30.36812,63.30373],[30.40306,63.32586],[30.47345,63.33067],[30.54423,63.38863],[30.6427,63.43254],[30.48401,63.4667],[30.404,63.52972],[30.16198,63.44674],[30.12226,63.38623],[30.09015,63.37816],[30.08344,63.35489],[30.09977,63.32542],[30.19073,63.28336],[30.3169,63.30675]]]}},{"type":"Feature","properties":{"nr":"81700"},"geometry":{"type":"MultiPolygon","coordinates":[[[[30.01007,63.45254],[29.80926,63.49062],[29.77788,63.48812],[29.75442,63.43436],[29.825,63.41053],[29.85568,63.37694],[29.91595,63.37147],[29.90468,63.33615],[29.94121,63.31008],[29.92033,63.28553],[30.04049,63.31367],[30.03827,63.34366],[30.08344,63.35489],[30.09015,63.37816],[30.0417,63.40506],[30.01007,63.45254]]],[[[30.78267,63.13675],[30.71386,63.17417],[30.64989,63.16397],[30.61265,63.14001],[30.54565,63.14656],[30.33377,63.20729],[30.30775,63.23563],[30.3169,63.30675],[30.19073,63.28336],[30.10805,63.23986],[30.13617,63.19788],[30.17809,63.13495],[30.27814,63.09869],[30.31636,63.07009],[30.26483,63.03655],[30.36306,62.99258],[30.38151,63.00575],[30.48453,63.02325],[30.59219,63.08273],[30.72034,63.11726],[30.78267,63.13675]]]]}},{"type":"Feature","properties":{"nr":"81720"},"geometry":{"type":"Polygon","coordinates":[[[30.19073,63.28336],[30.09977,63.32542],[30.08344,63.35489],[30.03827,63.34366],[30.04049,63.31367],[29.92033,63.28553],[29.89583,63.27692],[29.86191,63.22022],[29.88864,63.19884],[30.02917,63.1899],[30.05744,63.17121],[30.13617,63.19788],[30.10805,63.23986],[30.19073,63.28336]]]}},{"type":"Feature","properties":{"nr":"98850"},"geometry":{"type":"Polygon","coordinates":[[[28.37703,67.10873],[28.4814,67.19002],[28.54264,67.21442],[28.66374,67.24316],[28.62974,67.28945],[28.37705,67.26885],[28.27993,67.23681],[28.20746,67.17905],[28.20405,67.16057],[28.2146,67.12645],[28.22099,67.12508],[28.37703,67.10873]]]}},{"type":"Feature","properties":{"nr":"81810"},"geometry":{"type":"Polygon","coordinates":[[[29.92033,63.28553],[29.94121,63.31008],[29.90468,63.33615],[29.91595,63.37147],[29.85568,63.37694],[29.825,63.41053],[29.75442,63.43436],[29.71941,63.42004],[29.71468,63.40267],[29.78176,63.38217],[29.82739,63.35207],[29.85274,63.30293],[29.89583,63.27692],[29.92033,63.28553]]]}},{"type":"Feature","properties":{"nr":"81820"},"geometry":{"type":"Polygon","coordinates":[[[29.89583,63.27692],[29.85274,63.30293],[29.82739,63.35207],[29.78176,63.38217],[29.71468,63.40267],[29.62116,63.39722],[29.58181,63.35858],[29.51722,63.37293],[29.47931,63.35169],[29.55031,63.32528],[29.57523,63.24955],[29.60217,63.24625],[29.69424,63.25151],[29.86191,63.22022],[29.89583,63.27692]]]}},{"type":"Feature","properties":{"nr":"81850"},"geometry":{"type":"Polygon","coordinates":[[[29.71941,63.42004],[29.67141,63.45116],[29.61719,63.43113],[29.53129,63.46153],[29.53503,63.43024],[29.39312,63.37983],[29.47931,63.35169],[29.51722,63.37293],[29.58181,63.35858],[29.62116,63.39722],[29.71468,63.40267],[29.71941,63.42004]]]}},{"type":"Feature","properties":{"nr":"82290"},"geometry":{"type":"Polygon","coordinates":[[[29.97488,62.37025],[29.87891,62.3749],[29.79418,62.41207],[29.75196,62.38753],[29.65655,62.35955],[29.72009,62.32589],[29.83029,62.29449],[29.90077,62.2833],[29.96055,62.26005],[30.02205,62.31288],[29.98859,62.34495],[29.97488,62.37025]]]}},{"type":"Feature","properties":{"nr":"81860"},"geometry":{"type":"Polygon","coordinates":[[[29.80926,63.49062],[29.81904,63.57412],[29.76887,63.60296],[29.76002,63.64244],[29.78809,63.7015],[29.58031,63.65952],[29.51226,63.5584],[29.46368,63.53542],[29.53171,63.49779],[29.53129,63.46153],[29.61719,63.43113],[29.67141,63.45116],[29.71941,63.42004],[29.75442,63.43436],[29.77788,63.48812],[29.80926,63.49062]]]}},{"type":"Feature","properties":{"nr":"81950"},"geometry":{"type":"Polygon","coordinates":[[[30.16198,63.44674],[30.11212,63.47295],[30.01007,63.45254],[30.0417,63.40506],[30.09015,63.37816],[30.12226,63.38623],[30.16198,63.44674]]]}},{"type":"Feature","properties":{"nr":"81970"},"geometry":{"type":"Polygon","coordinates":[[[29.9759,63.75506],[29.87851,63.7509],[29.82046,63.73222],[29.78809,63.7015],[29.76002,63.64244],[29.76887,63.60296],[29.81904,63.57412],[29.80926,63.49062],[30.01007,63.45254],[30.11212,63.47295],[30.16198,63.44674],[30.404,63.52972],[30.38454,63.54551],[30.255,63.58674],[30.24415,63.60727],[30.07634,63.69385],[29.9759,63.75506]]]}},{"type":"Feature","properties":{"nr":"82110"},"geometry":{"type":"Polygon","coordinates":[[[30.12976,62.49863],[30.23907,62.53482],[30.20199,62.59107],[30.12066,62.62151],[30.05667,62.60253],[30.04464,62.58295],[30.07119,62.53296],[30.08083,62.52392],[30.12976,62.49863]]]}},{"type":"Feature","properties":{"nr":"82120"},"geometry":{"type":"Polygon","coordinates":[[[30.39236,62.53884],[30.45055,62.59133],[30.3868,62.62153],[30.33922,62.62614],[30.26889,62.65369],[30.20401,62.61797],[30.20199,62.59107],[30.23907,62.53482],[30.32112,62.52489],[30.39236,62.53884]]]}},{"type":"Feature","properties":{"nr":"82140"},"geometry":{"type":"Polygon","coordinates":[[[30.27918,62.34273],[30.32977,62.36238],[30.41221,62.3511],[30.40423,62.39378],[30.36318,62.39997],[30.30514,62.4381],[30.30326,62.45609],[30.38402,62.46522],[30.42419,62.48528],[30.39236,62.53884],[30.32112,62.52489],[30.23907,62.53482],[30.12976,62.49863],[30.17873,62.40256],[30.2144,62.39893],[30.26583,62.3538],[30.27918,62.34273]]]}},{"type":"Feature","properties":{"nr":"82160"},"geometry":{"type":"Polygon","coordinates":[[[30.64929,62.40883],[30.56563,62.45054],[30.45215,62.48174],[30.42419,62.48528],[30.38402,62.46522],[30.44234,62.44353],[30.44163,62.40575],[30.59798,62.37447],[30.63255,62.37488],[30.64929,62.40883]]]}},{"type":"Feature","properties":{"nr":"82170"},"geometry":{"type":"Polygon","coordinates":[[[30.41221,62.3511],[30.45418,62.34415],[30.57383,62.35794],[30.59798,62.37447],[30.44163,62.40575],[30.40423,62.39378],[30.41221,62.3511]]]}},{"type":"Feature","properties":{"nr":"82180"},"geometry":{"type":"Polygon","coordinates":[[[30.38402,62.46522],[30.30326,62.45609],[30.30514,62.4381],[30.36318,62.39997],[30.40423,62.39378],[30.44163,62.40575],[30.44234,62.44353],[30.38402,62.46522]]]}},{"type":"Feature","properties":{"nr":"82460"},"geometry":{"type":"Polygon","coordinates":[[[29.73124,62.04782],[29.75524,62.08284],[29.67711,62.10642],[29.60811,62.11126],[29.6353,62.06285],[29.73124,62.04782]]]}},{"type":"Feature","properties":{"nr":"82200"},"geometry":{"type":"Polygon","coordinates":[[[30.17873,62.40256],[30.12976,62.49863],[30.08083,62.52392],[30.06181,62.49561],[29.99476,62.48818],[29.91636,62.4956],[29.94926,62.46297],[29.89175,62.43433],[29.79501,62.45957],[29.77691,62.45873],[29.79418,62.41207],[29.87891,62.3749],[29.97488,62.37025],[29.99791,62.38331],[30.17873,62.40256]]]}},{"type":"Feature","properties":{"nr":"82210"},"geometry":{"type":"Polygon","coordinates":[[[29.79501,62.45957],[29.89175,62.43433],[29.94926,62.46297],[29.91636,62.4956],[29.79501,62.45957]]]}},{"type":"Feature","properties":{"nr":"82220"},"geometry":{"type":"Polygon","coordinates":[[[30.07119,62.53296],[29.92629,62.55637],[29.84779,62.521],[29.70552,62.50814],[29.77691,62.45873],[29.79501,62.45957],[29.91636,62.4956],[29.99476,62.48818],[30.06181,62.49561],[30.08083,62.52392],[30.07119,62.53296]]]}},{"type":"Feature","properties":{"nr":"82300"},"geometry":{"type":"Polygon","coordinates":[[[29.57694,62.1959],[29.63244,62.20443],[29.63353,62.2287],[29.69209,62.25577],[29.70823,62.28399],[29.68007,62.31419],[29.72009,62.32589],[29.65655,62.35955],[29.60822,62.36895],[29.5786,62.33433],[29.51687,62.31322],[29.45642,62.23779],[29.51373,62.20956],[29.57694,62.1959]]]}},{"type":"Feature","properties":{"nr":"82310"},"geometry":{"type":"Polygon","coordinates":[[[29.60822,62.36895],[29.54016,62.41573],[29.52963,62.39938],[29.42535,62.4023],[29.30164,62.38617],[29.32797,62.34354],[29.312,62.31819],[29.37754,62.25851],[29.43804,62.23652],[29.45642,62.23779],[29.51687,62.31322],[29.5786,62.33433],[29.60822,62.36895]]]}},{"type":"Feature","properties":{"nr":"82335"},"geometry":{"type":"Polygon","coordinates":[[[29.9933,62.23274],[29.96055,62.26005],[29.90077,62.2833],[29.83029,62.29449],[29.72009,62.32589],[29.68007,62.31419],[29.70823,62.28399],[29.69209,62.25577],[29.63353,62.2287],[29.63244,62.20443],[29.57694,62.1959],[29.60077,62.17554],[29.69128,62.17742],[29.8134,62.16724],[29.87084,62.17682],[29.89581,62.21944],[29.9933,62.23274]]]}},{"type":"Feature","properties":{"nr":"82350"},"geometry":{"type":"Polygon","coordinates":[[[29.98859,62.34495],[30.07261,62.34294],[30.11112,62.32506],[30.26583,62.3538],[30.2144,62.39893],[30.17873,62.40256],[29.99791,62.38331],[29.97488,62.37025],[29.98859,62.34495]]]}},{"type":"Feature","properties":{"nr":"82360"},"geometry":{"type":"Polygon","coordinates":[[[30.12878,62.22732],[30.16692,62.25311],[30.21831,62.28753],[30.23444,62.3229],[30.27918,62.34273],[30.26583,62.3538],[30.11112,62.32506],[30.07261,62.34294],[29.98859,62.34495],[30.02205,62.31288],[29.96055,62.26005],[29.9933,62.23274],[30.12878,62.22732]]]}},{"type":"Feature","properties":{"nr":"82380"},"geometry":{"type":"Polygon","coordinates":[[[29.94183,62.1064],[30.01452,62.10185],[30.08054,62.16065],[30.11603,62.18983],[30.12878,62.22732],[29.9933,62.23274],[29.89581,62.21944],[29.87084,62.17682],[29.8134,62.16724],[29.88253,62.1102],[29.94183,62.1064]]]}},{"type":"Feature","properties":{"nr":"82395"},"geometry":{"type":"Polygon","coordinates":[[[30.22492,62.15395],[30.21793,62.19435],[30.16692,62.25311],[30.12878,62.22732],[30.11603,62.18983],[30.08054,62.16065],[30.11647,62.16595],[30.22492,62.15395]]]}},{"type":"Feature","properties":{"nr":"82430"},"geometry":{"type":"Polygon","coordinates":[[[29.8134,62.16724],[29.69128,62.17742],[29.60077,62.17554],[29.62154,62.15678],[29.59653,62.11522],[29.60811,62.11126],[29.67711,62.10642],[29.75524,62.08284],[29.73124,62.04782],[29.75354,62.01834],[29.85253,61.9748],[29.92995,61.95325],[29.99424,61.95315],[30.01225,62.00177],[30.0011,62.02593],[29.94183,62.1064],[29.88253,62.1102],[29.8134,62.16724]]]}},{"type":"Feature","properties":{"nr":"82490"},"geometry":{"type":"Polygon","coordinates":[[[29.59653,62.11522],[29.62154,62.15678],[29.60077,62.17554],[29.57694,62.1959],[29.51373,62.20956],[29.45642,62.23779],[29.43804,62.23652],[29.40051,62.19651],[29.41317,62.14904],[29.42896,62.14326],[29.52117,62.11794],[29.59653,62.11522]]]}},{"type":"Feature","properties":{"nr":"82500"},"geometry":{"type":"Polygon","coordinates":[[[30.24516,61.95425],[30.30932,61.94102],[30.30548,61.96392],[30.35166,61.98001],[30.49033,62.06856],[30.37637,62.10552],[30.31334,62.09913],[30.31425,62.13133],[30.22492,62.15395],[30.11647,62.16595],[30.08054,62.16065],[30.01452,62.10185],[29.94183,62.1064],[30.0011,62.02593],[30.04406,62.03544],[30.17042,62.01555],[30.21599,61.99828],[30.24516,61.95425]],[[30.25759,62.01392],[30.23476,62.01573],[30.19936,62.06945],[30.20221,62.0932],[30.26946,62.09266],[30.3188,62.06949],[30.32099,62.02781],[30.25759,62.01392]]]}},{"type":"Feature","properties":{"nr":"82510"},"geometry":{"type":"Polygon","coordinates":[[[30.25759,62.01392],[30.32099,62.02781],[30.3188,62.06949],[30.26946,62.09266],[30.20221,62.0932],[30.19936,62.06945],[30.23476,62.01573],[30.25759,62.01392]]]}},{"type":"Feature","properties":{"nr":"82580"},"geometry":{"type":"Polygon","coordinates":[[[30.24516,61.95425],[30.21599,61.99828],[30.17042,62.01555],[30.04406,62.03544],[30.0011,62.02593],[30.01225,62.00177],[29.99424,61.95315],[30.03581,61.91328],[30.12917,61.95451],[30.17155,61.94047],[30.24516,61.95425]]]}},{"type":"Feature","properties":{"nr":"99250"},"geometry":{"type":"Polygon","coordinates":[[[25.64454,67.69098],[25.79242,67.71959],[26.16616,67.82979],[26.18265,67.83872],[26.05814,67.94923],[25.90046,68.05752],[25.5935,68.03689],[25.27271,67.97385],[25.20442,67.90515],[25.20849,67.86236],[25.34342,67.80089],[25.43735,67.79244],[25.46818,67.79094],[25.64454,67.69098]]]}},{"type":"Feature","properties":{"nr":"82590"},"geometry":{"type":"Polygon","coordinates":[[[30.30932,61.94102],[30.24516,61.95425],[30.17155,61.94047],[30.12917,61.95451],[30.03581,61.91328],[30.06848,61.85906],[30.14396,61.85224],[30.27417,61.93364],[30.30932,61.94102]]]}},{"type":"Feature","properties":{"nr":"82600"},"geometry":{"type":"Polygon","coordinates":[[[30.69836,62.32379],[30.6611,62.32982],[30.63255,62.37488],[30.59798,62.37447],[30.57383,62.35794],[30.45418,62.34415],[30.41221,62.3511],[30.32977,62.36238],[30.27918,62.34273],[30.23444,62.3229],[30.21831,62.28753],[30.16692,62.25311],[30.21793,62.19435],[30.22492,62.15395],[30.31425,62.13133],[30.33315,62.16098],[30.38725,62.17976],[30.45244,62.2261],[30.51776,62.21706],[30.56133,62.23314],[30.54868,62.27883],[30.6786,62.27375],[30.69836,62.32379]]]}},{"type":"Feature","properties":{"nr":"82850"},"geometry":{"type":"Polygon","coordinates":[[[30.71648,62.52522],[30.71162,62.48828],[30.75306,62.48104],[30.81951,62.4839],[30.78897,62.51415],[30.71648,62.52522]]]}},{"type":"Feature","properties":{"nr":"82655"},"geometry":{"type":"Polygon","coordinates":[[[30.6786,62.27375],[30.54868,62.27883],[30.56133,62.23314],[30.51776,62.21706],[30.5193,62.20447],[30.56981,62.18607],[30.6333,62.17928],[30.65705,62.2089],[30.71733,62.20902],[30.6786,62.27375]]]}},{"type":"Feature","properties":{"nr":"82660"},"geometry":{"type":"Polygon","coordinates":[[[30.38725,62.17976],[30.46514,62.17032],[30.5193,62.20447],[30.51776,62.21706],[30.45244,62.2261],[30.38725,62.17976]]]}},{"type":"Feature","properties":{"nr":"82670"},"geometry":{"type":"Polygon","coordinates":[[[30.5403,62.10283],[30.59366,62.1362],[30.56981,62.18607],[30.5193,62.20447],[30.46514,62.17032],[30.49841,62.12077],[30.5403,62.10283]]]}},{"type":"Feature","properties":{"nr":"82675"},"geometry":{"type":"Polygon","coordinates":[[[30.59366,62.1362],[30.6333,62.17928],[30.56981,62.18607],[30.59366,62.1362]]]}},{"type":"Feature","properties":{"nr":"82685"},"geometry":{"type":"Polygon","coordinates":[[[30.49033,62.06856],[30.5403,62.10283],[30.49841,62.12077],[30.46514,62.17032],[30.38725,62.17976],[30.33315,62.16098],[30.31425,62.13133],[30.31334,62.09913],[30.37637,62.10552],[30.49033,62.06856]]]}},{"type":"Feature","properties":{"nr":"82710"},"geometry":{"type":"Polygon","coordinates":[[[30.6567,62.55632],[30.61645,62.59955],[30.63039,62.63932],[30.45055,62.59133],[30.39236,62.53884],[30.42419,62.48528],[30.45215,62.48174],[30.46422,62.49784],[30.55766,62.48806],[30.58403,62.52746],[30.6567,62.55632]]]}},{"type":"Feature","properties":{"nr":"82730"},"geometry":{"type":"Polygon","coordinates":[[[30.74952,62.55559],[30.6567,62.55632],[30.58403,62.52746],[30.55766,62.48806],[30.46422,62.49784],[30.45215,62.48174],[30.56563,62.45054],[30.64929,62.40883],[30.74549,62.42385],[30.75306,62.48104],[30.71162,62.48828],[30.71648,62.52522],[30.75726,62.54561],[30.74952,62.55559]]]}},{"type":"Feature","properties":{"nr":"82750"},"geometry":{"type":"Polygon","coordinates":[[[30.83799,62.41902],[30.78478,62.40602],[30.74549,62.42385],[30.64929,62.40883],[30.63255,62.37488],[30.6611,62.32982],[30.69836,62.32379],[30.76318,62.31721],[30.85647,62.36089],[30.82371,62.38707],[30.83799,62.41902]]]}},{"type":"Feature","properties":{"nr":"82760"},"geometry":{"type":"Polygon","coordinates":[[[30.95897,62.3423],[30.86318,62.35789],[30.85647,62.36089],[30.76318,62.31721],[30.75201,62.27499],[30.79803,62.25551],[30.95897,62.3423]]]}},{"type":"Feature","properties":{"nr":"82770"},"geometry":{"type":"Polygon","coordinates":[[[30.71733,62.20902],[30.79803,62.25551],[30.75201,62.27499],[30.76318,62.31721],[30.69836,62.32379],[30.6786,62.27375],[30.71733,62.20902]]]}},{"type":"Feature","properties":{"nr":"82815"},"geometry":{"type":"Polygon","coordinates":[[[30.74952,62.55559],[30.79226,62.61615],[30.72143,62.65515],[30.63968,62.64225],[30.63039,62.63932],[30.61645,62.59955],[30.6567,62.55632],[30.74952,62.55559]]]}},{"type":"Feature","properties":{"nr":"82820"},"geometry":{"type":"Polygon","coordinates":[[[30.8315,62.66863],[30.72275,62.67672],[30.72143,62.65515],[30.79226,62.61615],[30.74952,62.55559],[30.75726,62.54561],[30.8501,62.53983],[30.92075,62.47675],[30.98967,62.49821],[30.88024,62.54679],[30.88493,62.57304],[30.87658,62.6466],[30.8315,62.66863]]]}},{"type":"Feature","properties":{"nr":"82830"},"geometry":{"type":"Polygon","coordinates":[[[30.98967,62.49821],[31.03564,62.51872],[31.02784,62.55813],[30.88493,62.57304],[30.88024,62.54679],[30.98967,62.49821]]]}},{"type":"Feature","properties":{"nr":"82840"},"geometry":{"type":"Polygon","coordinates":[[[30.92075,62.47675],[30.8501,62.53983],[30.75726,62.54561],[30.71648,62.52522],[30.78897,62.51415],[30.81951,62.4839],[30.82608,62.45698],[30.92142,62.46078],[30.92075,62.47675]]]}},{"type":"Feature","properties":{"nr":"82865"},"geometry":{"type":"Polygon","coordinates":[[[30.92142,62.46078],[30.82608,62.45698],[30.81951,62.4839],[30.75306,62.48104],[30.74549,62.42385],[30.78478,62.40602],[30.83799,62.41902],[30.94798,62.45116],[30.92142,62.46078]]]}},{"type":"Feature","properties":{"nr":"82870"},"geometry":{"type":"Polygon","coordinates":[[[30.86318,62.35789],[30.93676,62.39512],[30.94798,62.45116],[30.83799,62.41902],[30.82371,62.38707],[30.85647,62.36089],[30.86318,62.35789]]]}},{"type":"Feature","properties":{"nr":"82880"},"geometry":{"type":"Polygon","coordinates":[[[30.95897,62.3423],[31.07407,62.40601],[30.93676,62.39512],[30.86318,62.35789],[30.95897,62.3423]]]}},{"type":"Feature","properties":{"nr":"83100"},"geometry":{"type":"Polygon","coordinates":[[[29.47479,62.54975],[29.3956,62.59439],[29.3231,62.59547],[29.2922,62.5594],[29.3071,62.53142],[29.16261,62.49354],[29.09752,62.4971],[29.09144,62.42484],[29.08225,62.40249],[29.12044,62.37918],[29.17938,62.37587],[29.23609,62.41785],[29.30164,62.38617],[29.42535,62.4023],[29.52963,62.39938],[29.54016,62.41573],[29.51739,62.43721],[29.46948,62.4783],[29.5166,62.50763],[29.4583,62.52784],[29.47479,62.54975]]]}},{"type":"Feature","properties":{"nr":"82900"},"geometry":{"type":"Polygon","coordinates":[[[31.17627,62.66988],[31.08645,62.74135],[31.10178,62.76855],[31.07458,62.81983],[31.17734,62.87436],[31.10252,62.92261],[31.04287,62.88646],[30.93882,62.87023],[30.87081,62.86984],[30.86231,62.81666],[30.83615,62.80586],[30.85429,62.78114],[30.81307,62.74716],[30.85718,62.7339],[30.81891,62.69929],[30.8315,62.66863],[30.87658,62.6466],[30.88493,62.57304],[31.02784,62.55813],[31.03564,62.51872],[30.98967,62.49821],[30.92075,62.47675],[30.92142,62.46078],[30.94798,62.45116],[30.93676,62.39512],[31.07407,62.40601],[31.16253,62.44606],[31.18483,62.4937],[31.22162,62.49857],[31.27034,62.55298],[31.16881,62.57139],[31.17627,62.66988]]]}},{"type":"Feature","properties":{"nr":"82915"},"geometry":{"type":"Polygon","coordinates":[[[30.8315,62.66863],[30.81891,62.69929],[30.85718,62.7339],[30.81307,62.74716],[30.85429,62.78114],[30.83615,62.80586],[30.75881,62.77898],[30.71296,62.77864],[30.68407,62.73447],[30.72275,62.67672],[30.8315,62.66863]]]}},{"type":"Feature","properties":{"nr":"83130"},"geometry":{"type":"Polygon","coordinates":[[[29.53053,62.55463],[29.47723,62.59838],[29.41608,62.6096],[29.3956,62.59439],[29.47479,62.54975],[29.53053,62.55463]]]}},{"type":"Feature","properties":{"nr":"82960"},"geometry":{"type":"Polygon","coordinates":[[[31.43366,62.77671],[31.5867,62.90871],[31.57185,62.91868],[31.55003,62.90171],[31.31419,62.86134],[31.22862,62.85876],[31.17734,62.87436],[31.07458,62.81983],[31.10178,62.76855],[31.08645,62.74135],[31.17627,62.66988],[31.2126,62.66938],[31.23592,62.70663],[31.22825,62.73522],[31.31108,62.7603],[31.43366,62.77671]]]}},{"type":"Feature","properties":{"nr":"82967"},"geometry":{"type":"Polygon","coordinates":[[[31.17734,62.87436],[31.22862,62.85876],[31.31419,62.86134],[31.55003,62.90171],[31.57185,62.91868],[31.50214,62.99625],[31.46298,63.02425],[31.3874,63.04927],[31.36162,63.07189],[31.28322,63.0594],[31.24447,63.02529],[31.13833,62.99421],[31.10166,62.93132],[31.10252,62.92261],[31.17734,62.87436]]]}},{"type":"Feature","properties":{"nr":"82980"},"geometry":{"type":"Polygon","coordinates":[[[31.27034,62.55298],[31.34812,62.64389],[31.43366,62.77671],[31.31108,62.7603],[31.22825,62.73522],[31.23592,62.70663],[31.2126,62.66938],[31.17627,62.66988],[31.16881,62.57139],[31.27034,62.55298]]]}},{"type":"Feature","properties":{"nr":"83140"},"geometry":{"type":"Polygon","coordinates":[[[29.53053,62.55463],[29.47479,62.54975],[29.4583,62.52784],[29.5166,62.50763],[29.61129,62.53152],[29.53053,62.55463]]]}},{"type":"Feature","properties":{"nr":"83150"},"geometry":{"type":"Polygon","coordinates":[[[29.64724,62.51979],[29.61129,62.53152],[29.5166,62.50763],[29.46948,62.4783],[29.51739,62.43721],[29.57171,62.44226],[29.58548,62.47281],[29.64724,62.51979]]]}},{"type":"Feature","properties":{"nr":"83160"},"geometry":{"type":"Polygon","coordinates":[[[29.79418,62.41207],[29.77691,62.45873],[29.70552,62.50814],[29.6959,62.51666],[29.64724,62.51979],[29.58548,62.47281],[29.57171,62.44226],[29.51739,62.43721],[29.54016,62.41573],[29.60822,62.36895],[29.65655,62.35955],[29.75196,62.38753],[29.79418,62.41207]]]}},{"type":"Feature","properties":{"nr":"83320"},"geometry":{"type":"Polygon","coordinates":[[[29.16299,62.56873],[29.216,62.56167],[29.18128,62.59385],[29.1606,62.58667],[29.16299,62.56873]]]}},{"type":"Feature","properties":{"nr":"83330"},"geometry":{"type":"Polygon","coordinates":[[[29.16299,62.56873],[29.07158,62.57459],[29.00302,62.59929],[28.91883,62.57988],[29.00914,62.53336],[29.00453,62.51228],[29.09752,62.4971],[29.16261,62.49354],[29.3071,62.53142],[29.2922,62.5594],[29.216,62.56167],[29.16299,62.56873]]]}},{"type":"Feature","properties":{"nr":"83550"},"geometry":{"type":"Polygon","coordinates":[[[29.17343,62.82614],[29.12561,62.81309],[29.15254,62.76097],[29.22326,62.79988],[29.17343,62.82614]]]}},{"type":"Feature","properties":{"nr":"83340"},"geometry":{"type":"Polygon","coordinates":[[[29.18128,62.59385],[29.20037,62.61735],[29.1348,62.61836],[29.1606,62.58667],[29.18128,62.59385]]]}},{"type":"Feature","properties":{"nr":"83400"},"geometry":{"type":"Polygon","coordinates":[[[29.3231,62.59547],[29.32105,62.65188],[29.27612,62.68053],[29.22864,62.6796],[29.11923,62.63755],[29.00883,62.62492],[29.00302,62.59929],[29.07158,62.57459],[29.16299,62.56873],[29.1606,62.58667],[29.1348,62.61836],[29.20037,62.61735],[29.18128,62.59385],[29.216,62.56167],[29.2922,62.5594],[29.3231,62.59547]]]}},{"type":"Feature","properties":{"nr":"83430"},"geometry":{"type":"Polygon","coordinates":[[[29.39559,62.67708],[29.28644,62.72492],[29.27612,62.68053],[29.32105,62.65188],[29.3231,62.59547],[29.3956,62.59439],[29.41608,62.6096],[29.45803,62.63938],[29.39559,62.67708]]]}},{"type":"Feature","properties":{"nr":"83450"},"geometry":{"type":"Polygon","coordinates":[[[29.45803,62.63938],[29.49505,62.63079],[29.54153,62.66141],[29.49843,62.7077],[29.45174,62.72112],[29.39559,62.67708],[29.45803,62.63938]]]}},{"type":"Feature","properties":{"nr":"83460"},"geometry":{"type":"Polygon","coordinates":[[[29.59288,62.65764],[29.60777,62.66548],[29.56984,62.72597],[29.49843,62.7077],[29.54153,62.66141],[29.59288,62.65764]]]}},{"type":"Feature","properties":{"nr":"83480"},"geometry":{"type":"Polygon","coordinates":[[[29.00883,62.62492],[29.11923,62.63755],[29.22864,62.6796],[29.16593,62.69955],[28.99851,62.64613],[29.00883,62.62492]]]}},{"type":"Feature","properties":{"nr":"83500"},"geometry":{"type":"Polygon","coordinates":[[[29.12409,62.84019],[29.04582,62.84374],[28.94537,62.79076],[28.90959,62.78383],[28.80833,62.83059],[28.77439,62.82468],[28.82572,62.80283],[28.81194,62.7784],[28.80964,62.70627],[28.89285,62.715],[28.94418,62.69177],[28.77074,62.64622],[28.72728,62.68769],[28.68783,62.6883],[28.66997,62.65219],[28.72936,62.6321],[28.75404,62.62645],[28.79328,62.62959],[28.91883,62.57988],[29.00302,62.59929],[29.00883,62.62492],[28.99851,62.64613],[29.16593,62.69955],[29.22864,62.6796],[29.27612,62.68053],[29.28644,62.72492],[29.24622,62.767],[29.26597,62.77892],[29.22326,62.79988],[29.15254,62.76097],[29.12561,62.81309],[29.17343,62.82614],[29.12409,62.84019]]]}},{"type":"Feature","properties":{"nr":"83630"},"geometry":{"type":"Polygon","coordinates":[[[28.72728,62.68769],[28.77074,62.64622],[28.94418,62.69177],[28.89285,62.715],[28.80964,62.70627],[28.72728,62.68769]]]}},{"type":"Feature","properties":{"nr":"83660"},"geometry":{"type":"Polygon","coordinates":[[[28.80964,62.70627],[28.81194,62.7784],[28.82572,62.80283],[28.77439,62.82468],[28.75908,62.80978],[28.72104,62.77566],[28.62674,62.76266],[28.59039,62.74405],[28.68783,62.6883],[28.72728,62.68769],[28.80964,62.70627]]]}},{"type":"Feature","properties":{"nr":"83700"},"geometry":{"type":"Polygon","coordinates":[[[29.39471,62.98723],[29.28344,63.03659],[29.2982,63.05489],[29.19128,63.02998],[29.15561,63.04174],[29.11549,63.03394],[29.08231,62.99104],[29.1117,62.95428],[29.22092,62.89796],[29.20863,62.86495],[29.28891,62.85284],[29.29443,62.80292],[29.35602,62.79459],[29.32574,62.75891],[29.37998,62.74612],[29.42338,62.77641],[29.41422,62.81332],[29.47123,62.82206],[29.52631,62.81262],[29.44304,62.87293],[29.50954,62.91641],[29.59173,62.90775],[29.56171,62.93234],[29.44498,62.95148],[29.39471,62.98723]]]}},{"type":"Feature","properties":{"nr":"83720"},"geometry":{"type":"Polygon","coordinates":[[[29.52631,62.81262],[29.47123,62.82206],[29.41422,62.81332],[29.42338,62.77641],[29.48961,62.74879],[29.55816,62.74883],[29.55936,62.7925],[29.52631,62.81262]]]}},{"type":"Feature","properties":{"nr":"83750"},"geometry":{"type":"Polygon","coordinates":[[[29.42338,62.77641],[29.37998,62.74612],[29.32574,62.75891],[29.26861,62.78391],[29.26597,62.77892],[29.24622,62.767],[29.28644,62.72492],[29.39559,62.67708],[29.45174,62.72112],[29.49843,62.7077],[29.56984,62.72597],[29.55816,62.74883],[29.48961,62.74879],[29.42338,62.77641]]]}},{"type":"Feature","properties":{"nr":"83760"},"geometry":{"type":"Polygon","coordinates":[[[29.32574,62.75891],[29.35602,62.79459],[29.29443,62.80292],[29.26861,62.78391],[29.32574,62.75891]]]}},{"type":"Feature","properties":{"nr":"83780"},"geometry":{"type":"Polygon","coordinates":[[[29.29443,62.80292],[29.28891,62.85284],[29.20863,62.86495],[29.12856,62.87101],[29.12409,62.84019],[29.17343,62.82614],[29.22326,62.79988],[29.26597,62.77892],[29.26861,62.78391],[29.29443,62.80292]]]}},{"type":"Feature","properties":{"nr":"83825"},"geometry":{"type":"Polygon","coordinates":[[[29.59173,62.90775],[29.50954,62.91641],[29.44304,62.87293],[29.52631,62.81262],[29.55936,62.7925],[29.63194,62.79159],[29.67869,62.84711],[29.66031,62.89155],[29.59173,62.90775]]]}},{"type":"Feature","properties":{"nr":"83830"},"geometry":{"type":"Polygon","coordinates":[[[29.20863,62.86495],[29.22092,62.89796],[29.1117,62.95428],[29.08231,62.99104],[28.98833,62.97046],[28.98773,62.9698],[29.01989,62.91884],[29.12856,62.87101],[29.20863,62.86495]]]}},{"type":"Feature","properties":{"nr":"83835"},"geometry":{"type":"Polygon","coordinates":[[[29.66031,62.89155],[29.68434,62.90532],[29.65794,62.91341],[29.60012,62.96889],[29.52472,63.01416],[29.50085,63.00149],[29.39471,62.98723],[29.44498,62.95148],[29.56171,62.93234],[29.59173,62.90775],[29.66031,62.89155]]]}},{"type":"Feature","properties":{"nr":"83840"},"geometry":{"type":"Polygon","coordinates":[[[29.12856,62.87101],[29.01989,62.91884],[28.99109,62.90167],[29.04582,62.84374],[29.12409,62.84019],[29.12856,62.87101]]]}},{"type":"Feature","properties":{"nr":"83855"},"geometry":{"type":"Polygon","coordinates":[[[29.39471,62.98723],[29.50085,63.00149],[29.52472,63.01416],[29.48794,63.06683],[29.42198,63.09886],[29.35339,63.09852],[29.36864,63.0752],[29.2982,63.05489],[29.28344,63.03659],[29.39471,62.98723]]]}},{"type":"Feature","properties":{"nr":"83870"},"geometry":{"type":"Polygon","coordinates":[[[29.15561,63.04174],[29.19128,63.02998],[29.2982,63.05489],[29.36864,63.0752],[29.35339,63.09852],[29.24881,63.15042],[29.18159,63.20657],[29.10231,63.22463],[29.06686,63.20893],[29.065,63.16679],[29.15545,63.07975],[29.15561,63.04174]]]}},{"type":"Feature","properties":{"nr":"83880"},"geometry":{"type":"Polygon","coordinates":[[[29.11549,63.03394],[29.08575,63.0758],[28.94603,63.13491],[28.90739,63.19763],[28.8354,63.20915],[28.85021,63.15209],[28.8084,63.13309],[28.80181,63.1191],[28.82812,63.08711],[28.91492,63.03151],[28.97832,63.01489],[28.98833,62.97046],[29.08231,62.99104],[29.11549,63.03394]]]}},{"type":"Feature","properties":{"nr":"83900"},"geometry":{"type":"Polygon","coordinates":[[[29.12784,63.44389],[28.9923,63.43939],[28.88832,63.42271],[28.87398,63.36057],[28.73301,63.30971],[28.66357,63.30506],[28.70353,63.2719],[28.63347,63.22136],[28.65745,63.20044],[28.75121,63.14285],[28.8084,63.13309],[28.85021,63.15209],[28.8354,63.20915],[28.90739,63.19763],[28.94603,63.13491],[29.08575,63.0758],[29.11549,63.03394],[29.15561,63.04174],[29.15545,63.07975],[29.065,63.16679],[29.06686,63.20893],[29.10231,63.22463],[29.18159,63.20657],[29.24881,63.15042],[29.35339,63.09852],[29.42198,63.09886],[29.48794,63.06683],[29.51607,63.08874],[29.45299,63.13637],[29.38894,63.13594],[29.3434,63.20785],[29.42247,63.25421],[29.39575,63.29711],[29.33738,63.35267],[29.34285,63.3794],[29.28497,63.38745],[29.19428,63.43293],[29.12784,63.44389]],[[29.24104,63.30805],[29.22558,63.31012],[29.2266,63.32005],[29.23678,63.31985],[29.24104,63.30805]]]}},{"type":"Feature","properties":{"nr":"83910"},"geometry":{"type":"Polygon","coordinates":[[[29.57523,63.24955],[29.55031,63.32528],[29.47931,63.35169],[29.39312,63.37983],[29.3667,63.38704],[29.34285,63.3794],[29.33738,63.35267],[29.39575,63.29711],[29.42247,63.25421],[29.57523,63.24955]]]}},{"type":"Feature","properties":{"nr":"83940"},"geometry":{"type":"Polygon","coordinates":[[[29.64346,63.15192],[29.65079,63.2083],[29.60217,63.24625],[29.57523,63.24955],[29.42247,63.25421],[29.3434,63.20785],[29.38894,63.13594],[29.45299,63.13637],[29.51607,63.08874],[29.53945,63.10555],[29.47648,63.15474],[29.55573,63.15969],[29.64346,63.15192]]]}},{"type":"Feature","properties":{"nr":"83950"},"geometry":{"type":"Polygon","coordinates":[[[29.64346,63.15192],[29.55573,63.15969],[29.47648,63.15474],[29.53945,63.10555],[29.51607,63.08874],[29.48794,63.06683],[29.52472,63.01416],[29.60012,62.96889],[29.62163,62.98602],[29.6937,62.9914],[29.7904,63.04426],[29.7206,63.08016],[29.67961,63.13798],[29.64346,63.15192]],[[29.56387,63.03374],[29.57351,63.03634],[29.57302,63.03341],[29.56387,63.03374]]]}},{"type":"Feature","properties":{"nr":"83960"},"geometry":{"type":"Polygon","coordinates":[[[29.94703,63.03602],[29.88787,63.07016],[29.86412,63.10944],[29.88864,63.19884],[29.86191,63.22022],[29.69424,63.25151],[29.60217,63.24625],[29.65079,63.2083],[29.64346,63.15192],[29.67961,63.13798],[29.7206,63.08016],[29.7904,63.04426],[29.92128,63.02686],[29.94703,63.03602]]]}},{"type":"Feature","properties":{"nr":"83985"},"geometry":{"type":"Polygon","coordinates":[[[29.56387,63.03374],[29.57302,63.03341],[29.57351,63.03634],[29.56387,63.03374]]]}},{"type":"Feature","properties":{"nr":"84100"},"geometry":{"type":"Polygon","coordinates":[[[24.64418,63.96342],[24.72437,64.02243],[24.6289,64.0613],[24.59588,64.10712],[24.5468,64.12925],[24.55473,64.16103],[24.47179,64.14538],[24.37586,64.14805],[24.39248,64.11672],[24.35389,64.07726],[24.36368,64.05338],[24.3075,64.03097],[24.4345,63.99395],[24.44414,63.98172],[24.55286,63.98031],[24.64418,63.96342]]]}},{"type":"Feature","properties":{"nr":"84460"},"geometry":{"type":"Polygon","coordinates":[[[24.59588,64.10712],[24.65615,64.09123],[24.70653,64.1163],[24.74718,64.1073],[24.80298,64.10608],[24.8114,64.13378],[24.79555,64.18323],[24.72301,64.16137],[24.64808,64.18577],[24.63074,64.20875],[24.57458,64.20405],[24.55473,64.16103],[24.5468,64.12925],[24.59588,64.10712]]]}},{"type":"Feature","properties":{"nr":"85310"},"geometry":{"type":"Polygon","coordinates":[[[24.4345,63.99395],[24.3075,64.03097],[24.28512,64.00234],[24.15803,63.98621],[24.16021,63.95494],[24.25211,63.93782],[24.363,63.96356],[24.4345,63.99395]]]}},{"type":"Feature","properties":{"nr":"84540"},"geometry":{"type":"Polygon","coordinates":[[[24.74718,64.1073],[24.70653,64.1163],[24.65615,64.09123],[24.59588,64.10712],[24.6289,64.0613],[24.72437,64.02243],[24.73899,64.02298],[24.76405,64.03105],[24.79047,64.04606],[24.6985,64.07755],[24.74718,64.1073]]]}},{"type":"Feature","properties":{"nr":"84650"},"geometry":{"type":"Polygon","coordinates":[[[24.9482,64.13825],[24.90198,64.14488],[24.8114,64.13378],[24.80298,64.10608],[24.74718,64.1073],[24.6985,64.07755],[24.79047,64.04606],[24.96533,64.06302],[24.93607,64.10051],[24.9482,64.13825]]]}},{"type":"Feature","properties":{"nr":"84770"},"geometry":{"type":"Polygon","coordinates":[[[24.73899,64.02298],[24.7815,64.0031],[24.79887,64.01502],[24.76405,64.03105],[24.73899,64.02298]]]}},{"type":"Feature","properties":{"nr":"85320"},"geometry":{"type":"Polygon","coordinates":[[[24.38667,63.90398],[24.39607,63.95516],[24.44414,63.98172],[24.4345,63.99395],[24.363,63.96356],[24.25211,63.93782],[24.34061,63.88504],[24.38667,63.90398]]]}},{"type":"Feature","properties":{"nr":"84880"},"geometry":{"type":"Polygon","coordinates":[[[24.69551,63.91894],[24.74848,63.97373],[24.82012,63.97885],[24.93167,63.99673],[24.97818,64.05169],[24.96533,64.06302],[24.79047,64.04606],[24.76405,64.03105],[24.79887,64.01502],[24.7815,64.0031],[24.73899,64.02298],[24.72437,64.02243],[24.64418,63.96342],[24.64397,63.93291],[24.69551,63.91894]]]}},{"type":"Feature","properties":{"nr":"85100"},"geometry":{"type":"Polygon","coordinates":[[[24.11368,64.34244],[24.05154,64.35145],[23.99352,64.37735],[23.93042,64.33887],[23.9148,64.28873],[23.85444,64.28806],[23.81416,64.23882],[23.74906,64.22196],[23.84957,64.20254],[23.8743,64.17484],[23.93929,64.16465],[23.96734,64.2074],[24.0412,64.22158],[24.09687,64.25896],[24.05373,64.29502],[24.11556,64.31553],[24.11368,64.34244]]]}},{"type":"Feature","properties":{"nr":"85120"},"geometry":{"type":"Polygon","coordinates":[[[24.15237,64.2433],[24.22463,64.25411],[24.26407,64.28598],[24.23484,64.31128],[24.24255,64.34322],[24.11368,64.34244],[24.11556,64.31553],[24.05373,64.29502],[24.09687,64.25896],[24.15237,64.2433]]]}},{"type":"Feature","properties":{"nr":"85140"},"geometry":{"type":"Polygon","coordinates":[[[23.9577,64.12919],[24.00913,64.15834],[24.09519,64.13866],[24.18638,64.15167],[24.20011,64.18975],[24.23571,64.21138],[24.15237,64.2433],[24.09687,64.25896],[24.0412,64.22158],[23.96734,64.2074],[23.93929,64.16465],[23.9577,64.12919]]]}},{"type":"Feature","properties":{"nr":"85150"},"geometry":{"type":"Polygon","coordinates":[[[24.07514,64.06173],[24.11233,64.09947],[24.16803,64.10843],[24.21253,64.14061],[24.18638,64.15167],[24.09519,64.13866],[24.00913,64.15834],[23.9577,64.12919],[23.92416,64.11262],[23.96294,64.08236],[24.07514,64.06173]]]}},{"type":"Feature","properties":{"nr":"85160"},"geometry":{"type":"Polygon","coordinates":[[[24.15803,63.98621],[24.28512,64.00234],[24.3075,64.03097],[24.36368,64.05338],[24.35389,64.07726],[24.25584,64.09685],[24.23236,64.13036],[24.21253,64.14061],[24.16803,64.10843],[24.11233,64.09947],[24.07514,64.06173],[24.09275,64.02575],[24.15803,63.98621]]]}},{"type":"Feature","properties":{"nr":"85180"},"geometry":{"type":"MultiPolygon","coordinates":[[[[23.66882,64.18501],[23.61302,64.19525],[23.64136,64.18905],[23.661,64.18386],[23.66882,64.18501]]],[[[23.74906,64.22196],[23.69657,64.16812],[23.74026,64.14794],[23.8743,64.17484],[23.84957,64.20254],[23.74906,64.22196]]]]}},{"type":"Feature","properties":{"nr":"85200"},"geometry":{"type":"Polygon","coordinates":[[[24.23236,64.13036],[24.28871,64.14787],[24.37586,64.14805],[24.47179,64.14538],[24.55473,64.16103],[24.57458,64.20405],[24.51469,64.24153],[24.43111,64.241],[24.28129,64.19948],[24.23571,64.21138],[24.20011,64.18975],[24.18638,64.15167],[24.21253,64.14061],[24.23236,64.13036]]]}},{"type":"Feature","properties":{"nr":"85210"},"geometry":{"type":"Polygon","coordinates":[[[24.35389,64.07726],[24.39248,64.11672],[24.37586,64.14805],[24.28871,64.14787],[24.23236,64.13036],[24.25584,64.09685],[24.35389,64.07726]]]}},{"type":"Feature","properties":{"nr":"85230"},"geometry":{"type":"Polygon","coordinates":[[[24.23571,64.21138],[24.28129,64.19948],[24.43111,64.241],[24.35872,64.26957],[24.26407,64.28598],[24.22463,64.25411],[24.15237,64.2433],[24.23571,64.21138]]]}},{"type":"Feature","properties":{"nr":"85340"},"geometry":{"type":"Polygon","coordinates":[[[24.55286,63.98031],[24.44414,63.98172],[24.39607,63.95516],[24.38667,63.90398],[24.52862,63.92834],[24.55286,63.98031]]]}},{"type":"Feature","properties":{"nr":"85410"},"geometry":{"type":"Polygon","coordinates":[[[24.63628,63.88198],[24.5482,63.90116],[24.52862,63.92834],[24.38667,63.90398],[24.34061,63.88504],[24.28644,63.85297],[24.42524,63.8418],[24.48089,63.80042],[24.53771,63.84719],[24.63749,63.87354],[24.63628,63.88198]]]}},{"type":"Feature","properties":{"nr":"85430"},"geometry":{"type":"Polygon","coordinates":[[[24.7124,63.90793],[24.69551,63.91894],[24.64397,63.93291],[24.64418,63.96342],[24.55286,63.98031],[24.52862,63.92834],[24.5482,63.90116],[24.63628,63.88198],[24.7124,63.90793]]]}},{"type":"Feature","properties":{"nr":"85450"},"geometry":{"type":"Polygon","coordinates":[[[24.76823,63.89616],[24.7124,63.90793],[24.63628,63.88198],[24.63749,63.87354],[24.73939,63.8477],[24.88846,63.80005],[24.87669,63.85455],[24.76823,63.89616]]]}},{"type":"Feature","properties":{"nr":"85500"},"geometry":{"type":"Polygon","coordinates":[[[25.09481,63.95188],[25.16853,63.97319],[25.16642,63.99886],[25.12029,64.00494],[25.05673,63.97801],[24.93167,63.99673],[24.82012,63.97885],[24.76823,63.89616],[24.87669,63.85455],[25.01565,63.88068],[25.05292,63.85913],[25.09213,63.89357],[25.01605,63.92184],[24.99897,63.94677],[25.09481,63.95188]]]}},{"type":"Feature","properties":{"nr":"85540"},"geometry":{"type":"Polygon","coordinates":[[[24.7124,63.90793],[24.76823,63.89616],[24.82012,63.97885],[24.74848,63.97373],[24.69551,63.91894],[24.7124,63.90793]]]}},{"type":"Feature","properties":{"nr":"85560"},"geometry":{"type":"Polygon","coordinates":[[[24.92408,63.76937],[24.99736,63.76937],[25.08019,63.84086],[25.05292,63.85913],[25.01565,63.88068],[24.87669,63.85455],[24.88846,63.80005],[24.92408,63.76937]]]}},{"type":"Feature","properties":{"nr":"85580"},"geometry":{"type":"Polygon","coordinates":[[[25.29959,63.90419],[25.20108,63.93309],[25.14481,63.90813],[25.09213,63.89357],[25.05292,63.85913],[25.08019,63.84086],[24.99736,63.76937],[25.04947,63.75973],[25.14296,63.80707],[25.17119,63.83682],[25.23577,63.84974],[25.29959,63.90419]]]}},{"type":"Feature","properties":{"nr":"85620"},"geometry":{"type":"Polygon","coordinates":[[[24.93167,63.99673],[25.05673,63.97801],[25.12029,64.00494],[25.16642,63.99886],[25.20922,64.02385],[25.265,64.0355],[25.23107,64.06008],[25.09961,64.03744],[24.97818,64.05169],[24.93167,63.99673]]]}},{"type":"Feature","properties":{"nr":"85930"},"geometry":{"type":"Polygon","coordinates":[[[24.864,63.71097],[24.78186,63.7041],[24.73043,63.72151],[24.56113,63.72097],[24.54509,63.70267],[24.54141,63.68757],[24.63016,63.62146],[24.75036,63.61095],[24.77663,63.62639],[24.88845,63.6431],[24.94039,63.66197],[24.864,63.71097]]]}},{"type":"Feature","properties":{"nr":"85630"},"geometry":{"type":"Polygon","coordinates":[[[25.09213,63.89357],[25.14481,63.90813],[25.0753,63.93781],[25.09481,63.95188],[24.99897,63.94677],[25.01605,63.92184],[25.09213,63.89357]]]}},{"type":"Feature","properties":{"nr":"85640"},"geometry":{"type":"Polygon","coordinates":[[[25.14481,63.90813],[25.20108,63.93309],[25.23489,63.97134],[25.28044,63.97563],[25.20922,64.02385],[25.16642,63.99886],[25.16853,63.97319],[25.09481,63.95188],[25.0753,63.93781],[25.14481,63.90813]]]}},{"type":"Feature","properties":{"nr":"85660"},"geometry":{"type":"Polygon","coordinates":[[[25.32556,63.90295],[25.36587,63.91751],[25.28044,63.97563],[25.23489,63.97134],[25.20108,63.93309],[25.29959,63.90419],[25.32556,63.90295]]]}},{"type":"Feature","properties":{"nr":"85710"},"geometry":{"type":"Polygon","coordinates":[[[25.44205,63.81367],[25.55371,63.78491],[25.62291,63.84075],[25.5397,63.87369],[25.53303,63.92249],[25.48465,63.94107],[25.42818,63.92061],[25.36587,63.91751],[25.32556,63.90295],[25.35445,63.87848],[25.35995,63.82533],[25.44205,63.81367]]]}},{"type":"Feature","properties":{"nr":"85800"},"geometry":{"type":"Polygon","coordinates":[[[25.61345,63.65128],[25.59232,63.67465],[25.50054,63.69026],[25.41339,63.73581],[25.42535,63.8047],[25.44205,63.81367],[25.35995,63.82533],[25.23894,63.76818],[25.07935,63.73812],[25.16768,63.68533],[25.27276,63.62505],[25.39373,63.59631],[25.42331,63.64179],[25.46404,63.64815],[25.54229,63.6249],[25.61345,63.65128]]]}},{"type":"Feature","properties":{"nr":"85820"},"geometry":{"type":"Polygon","coordinates":[[[25.35995,63.82533],[25.35445,63.87848],[25.32556,63.90295],[25.29959,63.90419],[25.23577,63.84974],[25.17119,63.83682],[25.14296,63.80707],[25.04947,63.75973],[25.07935,63.73812],[25.23894,63.76818],[25.35995,63.82533]]]}},{"type":"Feature","properties":{"nr":"85840"},"geometry":{"type":"Polygon","coordinates":[[[25.59232,63.67465],[25.71016,63.71633],[25.73347,63.74575],[25.65895,63.80909],[25.66108,63.83902],[25.62291,63.84075],[25.55371,63.78491],[25.44205,63.81367],[25.42535,63.8047],[25.41339,63.73581],[25.50054,63.69026],[25.59232,63.67465]]]}},{"type":"Feature","properties":{"nr":"85900"},"geometry":{"type":"Polygon","coordinates":[[[25.03006,63.61896],[25.02184,63.66111],[24.94039,63.66197],[24.88845,63.6431],[24.77663,63.62639],[24.75036,63.61095],[24.90559,63.534],[24.96431,63.52241],[25.01969,63.48698],[25.10645,63.48547],[25.09216,63.55135],[25.03226,63.59239],[25.03006,63.61896]]]}},{"type":"Feature","properties":{"nr":"99270"},"geometry":{"type":"Polygon","coordinates":[[[25.24207,67.48525],[25.31283,67.54001],[25.25364,67.58451],[25.22709,67.62731],[25.26171,67.70493],[25.15964,67.71229],[25.14197,67.67894],[25.14588,67.61112],[25.06702,67.57039],[25.0926,67.53364],[25.24207,67.48525]]]}},{"type":"Feature","properties":{"nr":"85940"},"geometry":{"type":"Polygon","coordinates":[[[24.99736,63.76937],[24.92408,63.76937],[24.864,63.71097],[24.94039,63.66197],[25.02184,63.66111],[25.03006,63.61896],[25.09728,63.64988],[25.10387,63.6799],[25.16768,63.68533],[25.07935,63.73812],[25.04947,63.75973],[24.99736,63.76937]]]}},{"type":"Feature","properties":{"nr":"85980"},"geometry":{"type":"Polygon","coordinates":[[[25.09216,63.55135],[25.21159,63.61078],[25.27276,63.62505],[25.16768,63.68533],[25.10387,63.6799],[25.09728,63.64988],[25.03006,63.61896],[25.03226,63.59239],[25.09216,63.55135]]]}},{"type":"Feature","properties":{"nr":"86160"},"geometry":{"type":"Polygon","coordinates":[[[24.40099,64.37416],[24.46276,64.40198],[24.40444,64.42533],[24.2564,64.43105],[24.24481,64.39903],[24.26346,64.35851],[24.40099,64.37416]]]}},{"type":"Feature","properties":{"nr":"86170"},"geometry":{"type":"Polygon","coordinates":[[[24.24481,64.39903],[24.13133,64.45115],[24.09598,64.41714],[24.03628,64.4142],[23.99352,64.37735],[24.05154,64.35145],[24.11368,64.34244],[24.24255,64.34322],[24.25986,64.35324],[24.26346,64.35851],[24.24481,64.39903]]]}},{"type":"Feature","properties":{"nr":"86210"},"geometry":{"type":"Polygon","coordinates":[[[24.57458,64.20405],[24.63074,64.20875],[24.64329,64.24895],[24.55705,64.2822],[24.54496,64.28106],[24.51469,64.24153],[24.57458,64.20405]]]}},{"type":"Feature","properties":{"nr":"86100"},"geometry":{"type":"Polygon","coordinates":[[[24.47102,64.50099],[24.43012,64.48104],[24.3471,64.47143],[24.22631,64.49601],[24.16771,64.45667],[24.13133,64.45115],[24.24481,64.39903],[24.2564,64.43105],[24.40444,64.42533],[24.46276,64.40198],[24.40099,64.37416],[24.50278,64.37846],[24.58381,64.39713],[24.65055,64.38317],[24.81248,64.39219],[24.69444,64.46063],[24.59117,64.46536],[24.55171,64.49453],[24.47102,64.50099]]]}},{"type":"Feature","properties":{"nr":"86470"},"geometry":{"type":"Polygon","coordinates":[[[25.17245,64.27971],[25.32256,64.31391],[25.37216,64.35515],[25.30279,64.37294],[25.1664,64.38625],[25.13298,64.37986],[25.16691,64.33093],[25.15109,64.29527],[25.17245,64.27971]]]}},{"type":"Feature","properties":{"nr":"86110"},"geometry":{"type":"Polygon","coordinates":[[[24.28841,64.52715],[24.22631,64.49601],[24.3471,64.47143],[24.43012,64.48104],[24.47102,64.50099],[24.34767,64.51148],[24.28841,64.52715]]]}},{"type":"Feature","properties":{"nr":"86220"},"geometry":{"type":"Polygon","coordinates":[[[24.51469,64.24153],[24.54496,64.28106],[24.48522,64.32623],[24.4476,64.31654],[24.32731,64.31533],[24.25986,64.35324],[24.24255,64.34322],[24.23484,64.31128],[24.26407,64.28598],[24.35872,64.26957],[24.43111,64.241],[24.51469,64.24153]]]}},{"type":"Feature","properties":{"nr":"86230"},"geometry":{"type":"Polygon","coordinates":[[[24.54496,64.28106],[24.55705,64.2822],[24.66115,64.29385],[24.70658,64.34846],[24.65055,64.38317],[24.58381,64.39713],[24.50278,64.37846],[24.48522,64.32623],[24.54496,64.28106]]]}},{"type":"Feature","properties":{"nr":"86240"},"geometry":{"type":"Polygon","coordinates":[[[24.48522,64.32623],[24.50278,64.37846],[24.40099,64.37416],[24.26346,64.35851],[24.25986,64.35324],[24.32731,64.31533],[24.4476,64.31654],[24.48522,64.32623]]]}},{"type":"Feature","properties":{"nr":"86300"},"geometry":{"type":"Polygon","coordinates":[[[24.8114,64.13378],[24.90198,64.14488],[24.91207,64.20252],[25.01795,64.31094],[24.91507,64.33838],[24.9306,64.36348],[24.87865,64.38557],[24.81248,64.39219],[24.65055,64.38317],[24.70658,64.34846],[24.66115,64.29385],[24.55705,64.2822],[24.64329,64.24895],[24.63074,64.20875],[24.64808,64.18577],[24.72301,64.16137],[24.79555,64.18323],[24.8114,64.13378]]]}},{"type":"Feature","properties":{"nr":"86350"},"geometry":{"type":"Polygon","coordinates":[[[25.15109,64.29527],[25.16691,64.33093],[25.07359,64.33855],[24.96489,64.37079],[24.9306,64.36348],[24.91507,64.33838],[25.01795,64.31094],[25.15109,64.29527]]]}},{"type":"Feature","properties":{"nr":"86360"},"geometry":{"type":"Polygon","coordinates":[[[25.16691,64.33093],[25.13298,64.37986],[25.07352,64.42298],[24.98279,64.39751],[24.96489,64.37079],[25.07359,64.33855],[25.16691,64.33093]]]}},{"type":"Feature","properties":{"nr":"86400"},"geometry":{"type":"Polygon","coordinates":[[[24.9306,64.36348],[24.96489,64.37079],[24.98279,64.39751],[25.07352,64.42298],[25.13514,64.43965],[25.19952,64.4755],[25.16475,64.50278],[25.11924,64.53048],[25.02956,64.54565],[24.81649,64.57974],[24.7699,64.5556],[24.74011,64.49908],[24.69444,64.46063],[24.81248,64.39219],[24.87865,64.38557],[24.9306,64.36348]]]}},{"type":"Feature","properties":{"nr":"86440"},"geometry":{"type":"Polygon","coordinates":[[[25.13298,64.37986],[25.1664,64.38625],[25.13514,64.43965],[25.07352,64.42298],[25.13298,64.37986]]]}},{"type":"Feature","properties":{"nr":"86460"},"geometry":{"type":"Polygon","coordinates":[[[25.37216,64.35515],[25.4264,64.37828],[25.42757,64.4282],[25.33247,64.44365],[25.19952,64.4755],[25.13514,64.43965],[25.1664,64.38625],[25.30279,64.37294],[25.37216,64.35515]]]}},{"type":"Feature","properties":{"nr":"86510"},"geometry":{"type":"Polygon","coordinates":[[[24.9482,64.13825],[24.95537,64.13933],[25.00904,64.20407],[24.9952,64.21458],[25.1646,64.25475],[25.17245,64.27971],[25.15109,64.29527],[25.01795,64.31094],[24.91207,64.20252],[24.90198,64.14488],[24.9482,64.13825]]]}},{"type":"Feature","properties":{"nr":"86530"},"geometry":{"type":"Polygon","coordinates":[[[25.09212,64.11619],[25.06948,64.1884],[25.11316,64.21008],[25.2232,64.20994],[25.1646,64.25475],[24.9952,64.21458],[25.00904,64.20407],[24.95537,64.13933],[25.09212,64.11619]]]}},{"type":"Feature","properties":{"nr":"86550"},"geometry":{"type":"Polygon","coordinates":[[[25.09212,64.11619],[25.2429,64.15516],[25.2232,64.20994],[25.11316,64.21008],[25.06948,64.1884],[25.09212,64.11619]]]}},{"type":"Feature","properties":{"nr":"86600"},"geometry":{"type":"Polygon","coordinates":[[[25.49105,63.96366],[25.59623,63.98717],[25.56538,64.00477],[25.49904,64.0519],[25.49821,64.09189],[25.45529,64.1234],[25.46109,64.14452],[25.60302,64.15659],[25.6576,64.14551],[25.65919,64.18588],[25.61553,64.21835],[25.54005,64.23655],[25.45165,64.28849],[25.32256,64.31391],[25.17245,64.27971],[25.1646,64.25475],[25.2232,64.20994],[25.2429,64.15516],[25.09212,64.11619],[24.95537,64.13933],[24.9482,64.13825],[24.93607,64.10051],[24.96533,64.06302],[24.97818,64.05169],[25.09961,64.03744],[25.23107,64.06008],[25.23208,64.07557],[25.30731,64.11357],[25.34099,64.09461],[25.41702,64.08579],[25.42055,64.02846],[25.47133,64.00474],[25.49105,63.96366]]]}},{"type":"Feature","properties":{"nr":"86650"},"geometry":{"type":"Polygon","coordinates":[[[25.56538,64.00477],[25.63917,64.06237],[25.64107,64.08217],[25.79085,64.10509],[25.78095,64.11054],[25.6576,64.14551],[25.60302,64.15659],[25.46109,64.14452],[25.45529,64.1234],[25.49821,64.09189],[25.49904,64.0519],[25.56538,64.00477]]]}},{"type":"Feature","properties":{"nr":"86680"},"geometry":{"type":"Polygon","coordinates":[[[25.42055,64.02846],[25.41702,64.08579],[25.34099,64.09461],[25.30731,64.11357],[25.23208,64.07557],[25.23107,64.06008],[25.265,64.0355],[25.42055,64.02846]]]}},{"type":"Feature","properties":{"nr":"86690"},"geometry":{"type":"Polygon","coordinates":[[[25.36587,63.91751],[25.42818,63.92061],[25.48465,63.94107],[25.49105,63.96366],[25.47133,64.00474],[25.42055,64.02846],[25.265,64.0355],[25.20922,64.02385],[25.28044,63.97563],[25.36587,63.91751]]]}},{"type":"Feature","properties":{"nr":"86710"},"geometry":{"type":"Polygon","coordinates":[[[26.41314,63.86432],[26.39427,63.91084],[26.29294,63.93158],[26.1586,64.02514],[26.00012,64.06873],[25.79085,64.10509],[25.64107,64.08217],[25.63917,64.06237],[25.56538,64.00477],[25.59623,63.98717],[25.49105,63.96366],[25.48465,63.94107],[25.53303,63.92249],[25.60449,63.91805],[25.6917,63.89072],[25.70422,63.85193],[25.78457,63.82546],[25.81499,63.8574],[25.78766,63.8754],[25.79609,63.88291],[25.84084,63.86915],[25.82895,63.85981],[25.9094,63.86414],[26.0405,63.85654],[26.103,63.83784],[26.16109,63.81889],[26.27317,63.83461],[26.33746,63.86337],[26.41314,63.86432]]]}},{"type":"Feature","properties":{"nr":"86790"},"geometry":{"type":"Polygon","coordinates":[[[25.82895,63.85981],[25.84084,63.86915],[25.79609,63.88291],[25.78766,63.8754],[25.81499,63.8574],[25.82895,63.85981]]]}},{"type":"Feature","properties":{"nr":"86800"},"geometry":{"type":"Polygon","coordinates":[[[26.103,63.83784],[26.04203,63.77114],[25.94067,63.72747],[25.90944,63.73103],[25.87617,63.78804],[25.78457,63.82546],[25.70422,63.85193],[25.66108,63.83902],[25.65895,63.80909],[25.73347,63.74575],[25.71016,63.71633],[25.59232,63.67465],[25.61345,63.65128],[25.63385,63.62425],[25.7286,63.60696],[25.78502,63.57087],[25.86219,63.54838],[25.95727,63.54525],[26.06313,63.51904],[26.18158,63.53159],[26.19499,63.57013],[26.30047,63.60557],[26.30145,63.60678],[26.24021,63.67054],[26.2757,63.71246],[26.24485,63.76123],[26.28012,63.77726],[26.16109,63.81889],[26.103,63.83784]],[[25.98461,63.65666],[26.00962,63.63547],[25.96984,63.62813],[25.93707,63.65924],[25.98461,63.65666]],[[26.01182,63.66762],[26.06716,63.69609],[26.10234,63.66521],[26.01182,63.66762]]]}},{"type":"Feature","properties":{"nr":"86810"},"geometry":{"type":"Polygon","coordinates":[[[25.98461,63.65666],[25.93707,63.65924],[25.96984,63.62813],[26.00962,63.63547],[25.98461,63.65666]]]}},{"type":"Feature","properties":{"nr":"86850"},"geometry":{"type":"Polygon","coordinates":[[[25.95727,63.54525],[25.86219,63.54838],[25.78502,63.57087],[25.7286,63.60696],[25.63385,63.62425],[25.61345,63.65128],[25.54229,63.6249],[25.46404,63.64815],[25.42331,63.64179],[25.39373,63.59631],[25.44027,63.58322],[25.46377,63.53832],[25.72056,63.51712],[25.78269,63.4953],[25.87942,63.4523],[25.94505,63.44546],[26.0268,63.45815],[25.912,63.5066],[25.90842,63.53421],[25.95727,63.54525]]]}},{"type":"Feature","properties":{"nr":"86900"},"geometry":{"type":"Polygon","coordinates":[[[26.01182,63.66762],[26.10234,63.66521],[26.06716,63.69609],[26.01182,63.66762]]]}},{"type":"Feature","properties":{"nr":"86980"},"geometry":{"type":"Polygon","coordinates":[[[26.18158,63.53159],[26.06313,63.51904],[25.95727,63.54525],[25.90842,63.53421],[25.912,63.5066],[26.0268,63.45815],[26.08062,63.45458],[26.18312,63.4823],[26.18158,63.53159]]]}},{"type":"Feature","properties":{"nr":"87100"},"geometry":{"type":"Polygon","coordinates":[[[27.70318,64.23773],[27.63211,64.2668],[27.6086,64.27196],[27.66172,64.23031],[27.68561,64.23034],[27.71012,64.22943],[27.69882,64.21654],[27.70525,64.20655],[27.70747,64.20692],[27.73863,64.21345],[27.7536,64.21667],[27.77169,64.22483],[27.76861,64.22666],[27.70318,64.23773]]]}},{"type":"Feature","properties":{"nr":"89110"},"geometry":{"type":"Polygon","coordinates":[[[27.69859,64.50669],[27.88388,64.55715],[27.88478,64.63136],[27.78295,64.63956],[27.64072,64.61654],[27.5889,64.59627],[27.58116,64.54959],[27.60113,64.51591],[27.69859,64.50669]]]}},{"type":"Feature","properties":{"nr":"87150"},"geometry":{"type":"Polygon","coordinates":[[[27.69882,64.21654],[27.71012,64.22943],[27.68561,64.23034],[27.69882,64.21654]]]}},{"type":"Feature","properties":{"nr":"87200"},"geometry":{"type":"Polygon","coordinates":[[[27.76861,64.22666],[27.73463,64.24779],[27.72231,64.24997],[27.70318,64.23773],[27.76861,64.22666]]]}},{"type":"Feature","properties":{"nr":"87250"},"geometry":{"type":"Polygon","coordinates":[[[27.80849,64.27307],[27.73463,64.24779],[27.76861,64.22666],[27.77169,64.22483],[27.79622,64.22166],[27.85822,64.21181],[27.87286,64.24878],[27.80849,64.27307]]]}},{"type":"Feature","properties":{"nr":"87300"},"geometry":{"type":"Polygon","coordinates":[[[27.73863,64.21345],[27.70747,64.20692],[27.72596,64.20324],[27.73863,64.21345]]]}},{"type":"Feature","properties":{"nr":"87400"},"geometry":{"type":"Polygon","coordinates":[[[27.79622,64.22166],[27.77169,64.22483],[27.7536,64.21667],[27.79622,64.22166]]]}},{"type":"Feature","properties":{"nr":"87500"},"geometry":{"type":"Polygon","coordinates":[[[27.85822,64.21181],[27.79622,64.22166],[27.7536,64.21667],[27.73863,64.21345],[27.72596,64.20324],[27.70747,64.20692],[27.70525,64.20655],[27.69285,64.19278],[27.84344,64.18192],[27.87716,64.20239],[27.85822,64.21181]]]}},{"type":"Feature","properties":{"nr":"99140"},"geometry":{"type":"Polygon","coordinates":[[[24.90396,67.85657],[24.97106,67.90325],[24.96022,67.91896],[25.02214,67.97302],[25.11313,68.01049],[25.03402,68.07754],[24.94113,68.0393],[24.78336,67.95238],[24.68441,67.93281],[24.70475,67.90427],[24.78345,67.85529],[24.90396,67.85657]]]}},{"type":"Feature","properties":{"nr":"87700"},"geometry":{"type":"Polygon","coordinates":[[[27.62856,64.19426],[27.69285,64.19278],[27.70525,64.20655],[27.69882,64.21654],[27.68561,64.23034],[27.66172,64.23031],[27.62856,64.19426]]]}},{"type":"Feature","properties":{"nr":"87800"},"geometry":{"type":"Polygon","coordinates":[[[27.3816,63.97032],[27.41855,63.98746],[27.45818,64.04982],[27.45123,64.11887],[27.51551,64.13894],[27.5305,64.1667],[27.62856,64.19426],[27.66172,64.23031],[27.6086,64.27196],[27.60026,64.29364],[27.724,64.31556],[27.79749,64.3412],[27.7361,64.35916],[27.68698,64.35302],[27.42634,64.29296],[27.29717,64.29835],[27.2282,64.28638],[27.21155,64.27096],[27.22523,64.23331],[27.19403,64.17471],[27.21373,64.15249],[27.28996,64.10193],[27.28898,64.08351],[27.22981,64.01428],[27.28873,63.9905],[27.3816,63.97032]]]}},{"type":"Feature","properties":{"nr":"87830"},"geometry":{"type":"Polygon","coordinates":[[[27.70318,64.23773],[27.72231,64.24997],[27.70006,64.27143],[27.63211,64.2668],[27.70318,64.23773]]]}},{"type":"Feature","properties":{"nr":"87850"},"geometry":{"type":"Polygon","coordinates":[[[27.63211,64.2668],[27.70006,64.27143],[27.74554,64.29921],[27.724,64.31556],[27.60026,64.29364],[27.6086,64.27196],[27.63211,64.2668]]]}},{"type":"Feature","properties":{"nr":"87900"},"geometry":{"type":"Polygon","coordinates":[[[27.69285,64.19278],[27.62856,64.19426],[27.5305,64.1667],[27.51551,64.13894],[27.45123,64.11887],[27.45818,64.04982],[27.41855,63.98746],[27.3816,63.97032],[27.42729,63.95479],[27.54907,63.95347],[27.6739,63.90973],[27.66839,63.89683],[27.77511,63.85724],[27.91026,63.8521],[27.91624,63.89344],[28.01827,63.89322],[28.07116,63.90958],[27.99446,63.93599],[27.97236,63.99324],[28.01664,64.05132],[27.86774,64.05655],[27.81528,64.07502],[27.85029,64.15207],[27.84344,64.18192],[27.69285,64.19278]]]}},{"type":"Feature","properties":{"nr":"87910"},"geometry":{"type":"Polygon","coordinates":[[[27.73463,64.24779],[27.80849,64.27307],[27.79507,64.29037],[27.74554,64.29921],[27.70006,64.27143],[27.72231,64.24997],[27.73463,64.24779]]]}},{"type":"Feature","properties":{"nr":"87930"},"geometry":{"type":"Polygon","coordinates":[[[27.79507,64.29037],[27.87397,64.28981],[27.89051,64.31249],[27.86171,64.33863],[27.79749,64.3412],[27.724,64.31556],[27.74554,64.29921],[27.79507,64.29037]]]}},{"type":"Feature","properties":{"nr":"87950"},"geometry":{"type":"Polygon","coordinates":[[[27.93862,64.20013],[27.94529,64.2434],[27.99576,64.27136],[27.97966,64.29708],[27.89051,64.31249],[27.87397,64.28981],[27.79507,64.29037],[27.80849,64.27307],[27.87286,64.24878],[27.85822,64.21181],[27.87716,64.20239],[27.93862,64.20013]]]}},{"type":"Feature","properties":{"nr":"87970"},"geometry":{"type":"Polygon","coordinates":[[[27.99576,64.27136],[28.03028,64.27809],[28.16037,64.26741],[28.12257,64.30605],[28.03698,64.31905],[27.99227,64.33966],[27.75551,64.37009],[27.7361,64.35916],[27.79749,64.3412],[27.86171,64.33863],[27.89051,64.31249],[27.97966,64.29708],[27.99576,64.27136]]]}},{"type":"Feature","properties":{"nr":"88120"},"geometry":{"type":"Polygon","coordinates":[[[28.20293,63.84989],[28.26145,63.85314],[28.28644,63.90338],[28.32838,63.93341],[28.3148,63.94539],[28.24955,63.95054],[28.19338,63.98933],[28.18519,64.0466],[28.15701,64.06139],[28.14305,64.07818],[28.01664,64.05132],[27.97236,63.99324],[27.99446,63.93599],[28.07116,63.90958],[28.20293,63.84989]]]}},{"type":"Feature","properties":{"nr":"88200"},"geometry":{"type":"Polygon","coordinates":[[[27.21373,64.15249],[27.10978,64.1515],[26.89314,64.1102],[26.75641,64.14006],[26.72859,64.09721],[26.76998,64.05124],[26.9107,64.02591],[26.99916,63.99031],[27.10529,63.9891],[27.15059,63.99926],[27.22981,64.01428],[27.28898,64.08351],[27.28996,64.10193],[27.21373,64.15249]]]}},{"type":"Feature","properties":{"nr":"88270"},"geometry":{"type":"Polygon","coordinates":[[[27.21373,64.15249],[27.19403,64.17471],[27.22523,64.23331],[27.21155,64.27096],[27.01487,64.28836],[26.9536,64.30201],[26.94079,64.32576],[26.91466,64.31188],[26.75307,64.28584],[26.67255,64.21485],[26.63431,64.20501],[26.75641,64.14006],[26.89314,64.1102],[27.10978,64.1515],[27.21373,64.15249]]]}},{"type":"Feature","properties":{"nr":"88740"},"geometry":{"type":"Polygon","coordinates":[[[29.28271,64.48836],[29.15717,64.45423],[29.0552,64.45135],[28.85501,64.50589],[28.82174,64.49788],[28.85313,64.4102],[28.90711,64.37598],[29.20061,64.38356],[29.24484,64.41402],[29.31465,64.38381],[29.32955,64.43602],[29.28271,64.48836]]]}},{"type":"Feature","properties":{"nr":"88300"},"geometry":{"type":"Polygon","coordinates":[[[27.90757,64.3807],[27.90955,64.41631],[27.96662,64.45783],[28.04311,64.46662],[28.02262,64.53992],[27.9817,64.55939],[27.88388,64.55715],[27.69859,64.50669],[27.65424,64.45847],[27.73915,64.43538],[27.70672,64.384],[27.63387,64.37347],[27.57468,64.38929],[27.58331,64.41029],[27.53735,64.43236],[27.31395,64.44104],[27.24069,64.42914],[27.25293,64.39044],[27.21418,64.35082],[27.20589,64.31129],[27.2282,64.28638],[27.29717,64.29835],[27.42634,64.29296],[27.68698,64.35302],[27.7361,64.35916],[27.75551,64.37009],[27.79591,64.38099],[27.90757,64.3807]]]}},{"type":"Feature","properties":{"nr":"88310"},"geometry":{"type":"Polygon","coordinates":[[[27.53735,64.43236],[27.58331,64.41029],[27.57468,64.38929],[27.63387,64.37347],[27.70672,64.384],[27.73915,64.43538],[27.65424,64.45847],[27.69859,64.50669],[27.60113,64.51591],[27.51795,64.51757],[27.54354,64.49342],[27.53735,64.43236]]]}},{"type":"Feature","properties":{"nr":"88340"},"geometry":{"type":"Polygon","coordinates":[[[27.21155,64.27096],[27.2282,64.28638],[27.20589,64.31129],[27.21418,64.35082],[27.25293,64.39044],[27.24069,64.42914],[27.19061,64.46698],[27.08521,64.47334],[27.0041,64.46092],[26.88932,64.35572],[26.94079,64.32576],[26.9536,64.30201],[27.01487,64.28836],[27.21155,64.27096]]]}},{"type":"Feature","properties":{"nr":"88350"},"geometry":{"type":"Polygon","coordinates":[[[27.24069,64.42914],[27.31395,64.44104],[27.53735,64.43236],[27.54354,64.49342],[27.51795,64.51757],[27.32759,64.51269],[27.19061,64.46698],[27.24069,64.42914]]]}},{"type":"Feature","properties":{"nr":"88400"},"geometry":{"type":"Polygon","coordinates":[[[28.31448,64.57701],[28.27881,64.61944],[28.21897,64.65006],[28.11552,64.6672],[27.98032,64.63799],[27.88478,64.63136],[27.88388,64.55715],[27.9817,64.55939],[28.02262,64.53992],[28.04311,64.46662],[28.13219,64.4617],[28.09338,64.40886],[28.10158,64.36681],[28.15219,64.3894],[28.18791,64.36577],[28.38602,64.33409],[28.48265,64.35922],[28.66949,64.4196],[28.78362,64.42128],[28.85313,64.4102],[28.82174,64.49788],[28.60417,64.52023],[28.42245,64.55697],[28.36361,64.5745],[28.37484,64.54031],[28.32821,64.5218],[28.28355,64.53793],[28.31448,64.57701]]]}},{"type":"Feature","properties":{"nr":"88440"},"geometry":{"type":"Polygon","coordinates":[[[28.31448,64.57701],[28.28355,64.53793],[28.32821,64.5218],[28.37484,64.54031],[28.36361,64.5745],[28.31448,64.57701]]]}},{"type":"Feature","properties":{"nr":"88460"},"geometry":{"type":"Polygon","coordinates":[[[28.90711,64.37598],[28.85313,64.4102],[28.78362,64.42128],[28.66949,64.4196],[28.48265,64.35922],[28.60278,64.33333],[28.85966,64.32798],[28.90711,64.37598]]]}},{"type":"Feature","properties":{"nr":"88470"},"geometry":{"type":"Polygon","coordinates":[[[28.12257,64.30605],[28.15953,64.323],[28.18791,64.36577],[28.15219,64.3894],[28.10158,64.36681],[28.02798,64.34916],[27.90757,64.3807],[27.79591,64.38099],[27.75551,64.37009],[27.99227,64.33966],[28.03698,64.31905],[28.12257,64.30605]]]}},{"type":"Feature","properties":{"nr":"88490"},"geometry":{"type":"Polygon","coordinates":[[[27.93862,64.20013],[28.00214,64.17851],[28.08804,64.16917],[28.12796,64.18901],[28.12359,64.21894],[28.18582,64.26124],[28.16037,64.26741],[28.03028,64.27809],[27.99576,64.27136],[27.94529,64.2434],[27.93862,64.20013]]]}},{"type":"Feature","properties":{"nr":"88600"},"geometry":{"type":"Polygon","coordinates":[[[28.85966,64.32798],[28.60278,64.33333],[28.48265,64.35922],[28.38602,64.33409],[28.38886,64.32907],[28.39714,64.28406],[28.42574,64.26776],[28.39381,64.21465],[28.37464,64.14246],[28.32822,64.15058],[28.28237,64.12381],[28.17807,64.12431],[28.14305,64.07818],[28.15701,64.06139],[28.2113,64.07058],[28.35703,64.07071],[28.39223,64.03122],[28.35552,64.01044],[28.40611,63.96979],[28.3148,63.94539],[28.32838,63.93341],[28.43044,63.94341],[28.43399,63.92335],[28.55877,63.8646],[28.65778,63.86563],[28.74307,63.87506],[28.85383,63.83264],[29.06025,63.87329],[29.14275,63.9017],[29.14444,63.93319],[29.09705,63.95487],[29.14131,63.99319],[29.06183,64.01463],[28.96585,64.05267],[28.76673,64.07938],[28.77357,64.09819],[28.90333,64.09913],[28.92323,64.1374],[28.88905,64.14612],[28.85357,64.20139],[28.86103,64.27989],[28.85966,64.32798]]]}},{"type":"Feature","properties":{"nr":"88610"},"geometry":{"type":"Polygon","coordinates":[[[28.17807,64.12431],[28.28237,64.12381],[28.32822,64.15058],[28.37464,64.14246],[28.39381,64.21465],[28.42574,64.26776],[28.39714,64.28406],[28.38886,64.32907],[28.24459,64.25915],[28.18582,64.26124],[28.12359,64.21894],[28.12796,64.18901],[28.08804,64.16917],[28.19209,64.14651],[28.17807,64.12431]],[[28.28199,64.13788],[28.28194,64.14184],[28.28929,64.13787],[28.28199,64.13788]]]}},{"type":"Feature","properties":{"nr":"88615"},"geometry":{"type":"Polygon","coordinates":[[[28.28199,64.13788],[28.28929,64.13787],[28.28194,64.14184],[28.28199,64.13788]]]}},{"type":"Feature","properties":{"nr":"88760"},"geometry":{"type":"Polygon","coordinates":[[[29.61791,64.33332],[29.64809,64.36849],[29.62889,64.41023],[29.55917,64.48695],[29.41479,64.54861],[29.40192,64.51612],[29.27972,64.49279],[29.28271,64.48836],[29.32955,64.43602],[29.31465,64.38381],[29.38663,64.35482],[29.53903,64.34672],[29.61791,64.33332]]]}},{"type":"Feature","properties":{"nr":"88620"},"geometry":{"type":"Polygon","coordinates":[[[28.01664,64.05132],[28.14305,64.07818],[28.17807,64.12431],[28.19209,64.14651],[28.08804,64.16917],[28.00214,64.17851],[27.93862,64.20013],[27.87716,64.20239],[27.84344,64.18192],[27.85029,64.15207],[27.81528,64.07502],[27.86774,64.05655],[28.01664,64.05132]]]}},{"type":"Feature","properties":{"nr":"88640"},"geometry":{"type":"Polygon","coordinates":[[[28.96585,64.05267],[28.90333,64.09913],[28.77357,64.09819],[28.76673,64.07938],[28.96585,64.05267]]]}},{"type":"Feature","properties":{"nr":"88670"},"geometry":{"type":"Polygon","coordinates":[[[28.3148,63.94539],[28.40611,63.96979],[28.35552,64.01044],[28.39223,64.03122],[28.35703,64.07071],[28.2113,64.07058],[28.15701,64.06139],[28.18519,64.0466],[28.19338,63.98933],[28.24955,63.95054],[28.3148,63.94539]]]}},{"type":"Feature","properties":{"nr":"88690"},"geometry":{"type":"Polygon","coordinates":[[[28.55877,63.8646],[28.43399,63.92335],[28.43044,63.94341],[28.32838,63.93341],[28.28644,63.90338],[28.26145,63.85314],[28.20293,63.84989],[28.1995,63.82535],[28.37794,63.79353],[28.40646,63.81789],[28.55877,63.8646]]]}},{"type":"Feature","properties":{"nr":"88730"},"geometry":{"type":"Polygon","coordinates":[[[28.86103,64.27989],[28.99034,64.234],[29.08408,64.28962],[29.12308,64.27951],[29.26057,64.31854],[29.32042,64.32013],[29.38663,64.35482],[29.31465,64.38381],[29.24484,64.41402],[29.20061,64.38356],[28.90711,64.37598],[28.85966,64.32798],[28.86103,64.27989]]]}},{"type":"Feature","properties":{"nr":"88900"},"geometry":{"type":"Polygon","coordinates":[[[29.9759,63.75506],[30.1503,63.80104],[30.26041,63.82201],[30.32002,63.90819],[30.44703,63.98277],[30.52802,64.04888],[30.5534,64.13225],[30.46637,64.20443],[30.5096,64.22169],[30.48244,64.26233],[30.38827,64.26907],[30.36693,64.29969],[30.21761,64.34843],[30.12933,64.32079],[29.93329,64.30464],[29.74126,64.32278],[29.65962,64.34081],[29.61791,64.33332],[29.53903,64.34672],[29.38663,64.35482],[29.32042,64.32013],[29.26057,64.31854],[29.12308,64.27951],[29.08408,64.28962],[28.99034,64.234],[28.86103,64.27989],[28.85357,64.20139],[28.88905,64.14612],[28.92323,64.1374],[28.90333,64.09913],[28.96585,64.05267],[29.06183,64.01463],[29.14131,63.99319],[29.09705,63.95487],[29.14444,63.93319],[29.14275,63.9017],[29.06025,63.87329],[29.08092,63.84551],[29.26612,63.8464],[29.38236,63.85461],[29.41314,63.85745],[29.67603,63.87289],[29.72196,63.75042],[29.78809,63.7015],[29.82046,63.73222],[29.87851,63.7509],[29.9759,63.75506]]]}},{"type":"Feature","properties":{"nr":"88930"},"geometry":{"type":"Polygon","coordinates":[[[30.21761,64.34843],[30.10992,64.36503],[30.04487,64.40203],[30.05834,64.45089],[29.98696,64.5339],[29.99465,64.58088],[29.73338,64.63955],[29.62816,64.63888],[29.62015,64.62983],[29.73536,64.58216],[29.70342,64.56049],[29.69643,64.52277],[29.61796,64.5388],[29.49281,64.59612],[29.39671,64.5721],[29.41479,64.54861],[29.55917,64.48695],[29.62889,64.41023],[29.64809,64.36849],[29.61791,64.33332],[29.65962,64.34081],[29.74126,64.32278],[29.93329,64.30464],[30.12933,64.32079],[30.21761,64.34843]]]}},{"type":"Feature","properties":{"nr":"88940"},"geometry":{"type":"Polygon","coordinates":[[[29.49281,64.59612],[29.61796,64.5388],[29.69643,64.52277],[29.70342,64.56049],[29.73536,64.58216],[29.62015,64.62983],[29.5308,64.61474],[29.49281,64.59612]]]}},{"type":"Feature","properties":{"nr":"89140"},"geometry":{"type":"Polygon","coordinates":[[[27.78295,64.63956],[27.88478,64.63136],[27.98032,64.63799],[28.11552,64.6672],[28.05861,64.68828],[28.02029,64.72684],[27.92511,64.7182],[27.86746,64.68542],[27.85951,64.66185],[27.78295,64.63956]]]}},{"type":"Feature","properties":{"nr":"89200"},"geometry":{"type":"Polygon","coordinates":[[[27.92955,65.10052],[27.91077,65.12021],[27.79039,65.10512],[27.64751,65.11109],[27.59234,65.09529],[27.41712,65.11443],[27.27535,65.10704],[27.21321,65.01857],[27.37426,64.95696],[27.40336,64.92307],[27.37371,64.88456],[27.40782,64.83762],[27.46615,64.67806],[27.4668,64.58896],[27.51795,64.51757],[27.60113,64.51591],[27.58116,64.54959],[27.5889,64.59627],[27.64072,64.61654],[27.78295,64.63956],[27.85951,64.66185],[27.86746,64.68542],[27.92511,64.7182],[28.02029,64.72684],[28.01766,64.76027],[28.08646,64.80848],[28.17404,64.81501],[28.24063,64.86969],[28.28992,64.88129],[28.27868,64.94981],[28.22241,65.01836],[28.16815,64.99639],[28.05726,64.99055],[27.90216,65.01306],[27.86279,65.04932],[27.92955,65.10052]]]}},{"type":"Feature","properties":{"nr":"89210"},"geometry":{"type":"Polygon","coordinates":[[[27.34451,64.58529],[27.4668,64.58896],[27.46615,64.67806],[27.40782,64.83762],[27.36415,64.82134],[27.16499,64.82805],[27.09713,64.78777],[27.20394,64.74101],[27.30195,64.71048],[27.23756,64.63932],[27.34451,64.58529]]]}},{"type":"Feature","properties":{"nr":"89320"},"geometry":{"type":"Polygon","coordinates":[[[27.92955,65.10052],[27.86279,65.04932],[27.90216,65.01306],[28.05726,64.99055],[28.16815,64.99639],[28.22241,65.01836],[28.23218,65.03732],[28.14346,65.09537],[28.02222,65.08638],[27.92955,65.10052]]]}},{"type":"Feature","properties":{"nr":"89330"},"geometry":{"type":"Polygon","coordinates":[[[27.92955,65.10052],[28.02222,65.08638],[28.14346,65.09537],[28.2228,65.19255],[28.15103,65.21279],[27.99858,65.23581],[27.92719,65.21127],[27.91077,65.12021],[27.92955,65.10052]]]}},{"type":"Feature","properties":{"nr":"89400"},"geometry":{"type":"Polygon","coordinates":[[[28.78332,64.71385],[28.69193,64.71388],[28.64626,64.70139],[28.59256,64.73053],[28.63367,64.76328],[28.60254,64.79868],[28.53674,64.8243],[28.46454,64.83583],[28.28992,64.88129],[28.24063,64.86969],[28.17404,64.81501],[28.08646,64.80848],[28.01766,64.76027],[28.02029,64.72684],[28.05861,64.68828],[28.11552,64.6672],[28.21897,64.65006],[28.27881,64.61944],[28.31448,64.57701],[28.36361,64.5745],[28.42245,64.55697],[28.60417,64.52023],[28.82174,64.49788],[28.85501,64.50589],[28.90763,64.54759],[28.9726,64.5709],[28.97842,64.59932],[29.03576,64.67413],[28.88286,64.7091],[28.78332,64.71385]]]}},{"type":"Feature","properties":{"nr":"89430"},"geometry":{"type":"Polygon","coordinates":[[[28.63367,64.76328],[28.59256,64.73053],[28.64626,64.70139],[28.69193,64.71388],[28.78332,64.71385],[28.70185,64.74177],[28.63367,64.76328]]]}},{"type":"Feature","properties":{"nr":"89440"},"geometry":{"type":"Polygon","coordinates":[[[28.70185,64.74177],[28.77636,64.75805],[28.78135,64.78047],[28.87143,64.79934],[28.83063,64.83006],[28.60254,64.79868],[28.63367,64.76328],[28.70185,64.74177]]]}},{"type":"Feature","properties":{"nr":"89540"},"geometry":{"type":"Polygon","coordinates":[[[29.27972,64.49279],[29.40192,64.51612],[29.41479,64.54861],[29.39671,64.5721],[29.2797,64.62013],[29.1275,64.66999],[29.03576,64.67413],[28.97842,64.59932],[28.9726,64.5709],[29.08206,64.55745],[29.19378,64.49899],[29.27972,64.49279]]]}},{"type":"Feature","properties":{"nr":"89560"},"geometry":{"type":"Polygon","coordinates":[[[28.85501,64.50589],[29.0552,64.45135],[29.15717,64.45423],[29.28271,64.48836],[29.27972,64.49279],[29.19378,64.49899],[29.08206,64.55745],[28.9726,64.5709],[28.90763,64.54759],[28.85501,64.50589]]]}},{"type":"Feature","properties":{"nr":"89600"},"geometry":{"type":"Polygon","coordinates":[[[29.51556,64.78835],[29.36737,64.81049],[29.32856,64.85142],[29.26847,64.8575],[29.30795,64.9359],[29.16419,64.89764],[29.1649,64.86936],[29.12337,64.85415],[28.94994,64.88682],[28.87661,64.90725],[28.85631,64.94776],[28.87005,64.9935],[28.92675,65.03764],[28.89887,65.06122],[28.92791,65.08491],[28.99039,65.09854],[28.96827,65.14554],[28.91928,65.15394],[28.84968,65.12954],[28.65382,65.0494],[28.73931,65.01383],[28.6604,64.99251],[28.71742,64.9705],[28.65438,64.93859],[28.5661,64.92139],[28.51546,64.95796],[28.49986,64.9922],[28.53627,65.01152],[28.45537,65.04243],[28.33487,65.03149],[28.33915,65.05039],[28.23218,65.03732],[28.22241,65.01836],[28.27868,64.94981],[28.28992,64.88129],[28.46454,64.83583],[28.53674,64.8243],[28.60254,64.79868],[28.83063,64.83006],[28.87143,64.79934],[28.78135,64.78047],[28.77636,64.75805],[28.70185,64.74177],[28.78332,64.71385],[28.88286,64.7091],[29.03576,64.67413],[29.1275,64.66999],[29.2797,64.62013],[29.39671,64.5721],[29.49281,64.59612],[29.5308,64.61474],[29.62015,64.62983],[29.62816,64.63888],[29.61056,64.70006],[29.50708,64.70471],[29.49543,64.72635],[29.38464,64.76251],[29.51556,64.78835]],[[29.17974,64.71259],[29.20575,64.73271],[29.33469,64.71764],[29.32982,64.695],[29.19964,64.70015],[29.17974,64.71259]]]}},{"type":"Feature","properties":{"nr":"89610"},"geometry":{"type":"Polygon","coordinates":[[[29.17974,64.71259],[29.19964,64.70015],[29.32982,64.695],[29.33469,64.71764],[29.20575,64.73271],[29.17974,64.71259]]]}},{"type":"Feature","properties":{"nr":"89640"},"geometry":{"type":"Polygon","coordinates":[[[28.6604,64.99251],[28.53627,65.01152],[28.49986,64.9922],[28.51546,64.95796],[28.5661,64.92139],[28.65438,64.93859],[28.71742,64.9705],[28.6604,64.99251]]]}},{"type":"Feature","properties":{"nr":"89660"},"geometry":{"type":"Polygon","coordinates":[[[28.84968,65.12954],[28.71107,65.15519],[28.59907,65.16393],[28.59055,65.11795],[28.51624,65.10893],[28.4316,65.11744],[28.38603,65.0588],[28.33915,65.05039],[28.33487,65.03149],[28.45537,65.04243],[28.53627,65.01152],[28.6604,64.99251],[28.73931,65.01383],[28.65382,65.0494],[28.84968,65.12954]]]}},{"type":"Feature","properties":{"nr":"89670"},"geometry":{"type":"Polygon","coordinates":[[[28.77625,65.27775],[28.60445,65.31821],[28.5,65.28635],[28.41117,65.27158],[28.35728,65.27684],[28.24176,65.25774],[28.0739,65.27365],[27.99858,65.23581],[28.15103,65.21279],[28.2228,65.19255],[28.40048,65.17329],[28.43676,65.14981],[28.4316,65.11744],[28.51624,65.10893],[28.59055,65.11795],[28.59907,65.16393],[28.71107,65.15519],[28.76248,65.16922],[28.75153,65.21907],[28.78228,65.26058],[28.77625,65.27775]]]}},{"type":"Feature","properties":{"nr":"89680"},"geometry":{"type":"Polygon","coordinates":[[[28.33915,65.05039],[28.38603,65.0588],[28.4316,65.11744],[28.43676,65.14981],[28.40048,65.17329],[28.2228,65.19255],[28.14346,65.09537],[28.23218,65.03732],[28.33915,65.05039]]]}},{"type":"Feature","properties":{"nr":"89730"},"geometry":{"type":"Polygon","coordinates":[[[28.84968,65.12954],[28.91928,65.15394],[28.98828,65.19715],[28.78228,65.26058],[28.75153,65.21907],[28.76248,65.16922],[28.71107,65.15519],[28.84968,65.12954]]]}},{"type":"Feature","properties":{"nr":"89740"},"geometry":{"type":"Polygon","coordinates":[[[28.99039,65.09854],[29.1074,65.10656],[29.13475,65.16327],[29.1912,65.21534],[29.16754,65.23501],[29.01231,65.22736],[28.98828,65.19715],[28.91928,65.15394],[28.96827,65.14554],[28.99039,65.09854]]]}},{"type":"Feature","properties":{"nr":"99230"},"geometry":{"type":"Polygon","coordinates":[[[25.52506,67.64273],[25.63328,67.67335],[25.64454,67.69098],[25.46818,67.79094],[25.43735,67.79244],[25.32159,67.73982],[25.36918,67.69232],[25.5036,67.64485],[25.52506,67.64273]]]}},{"type":"Feature","properties":{"nr":"89760"},"geometry":{"type":"Polygon","coordinates":[[[29.10176,65.36976],[28.8416,65.36678],[28.78534,65.31866],[28.77625,65.27775],[28.78228,65.26058],[28.98828,65.19715],[29.01231,65.22736],[29.16754,65.23501],[29.1912,65.21534],[29.26527,65.23712],[29.2597,65.26593],[29.2016,65.32508],[29.10176,65.36976]]]}},{"type":"Feature","properties":{"nr":"89770"},"geometry":{"type":"Polygon","coordinates":[[[29.10176,65.36976],[29.11563,65.39844],[29.16611,65.42186],[29.23527,65.42332],[29.39028,65.47612],[29.40203,65.49809],[29.2786,65.50509],[29.14892,65.45667],[29.02456,65.43312],[28.92572,65.44183],[28.81097,65.41303],[28.78434,65.37353],[28.8416,65.36678],[29.10176,65.36976]]]}},{"type":"Feature","properties":{"nr":"89780"},"geometry":{"type":"Polygon","coordinates":[[[28.8416,65.36678],[28.78434,65.37353],[28.81097,65.41303],[28.74016,65.43248],[28.648,65.41707],[28.65322,65.3568],[28.60445,65.31821],[28.77625,65.27775],[28.78534,65.31866],[28.8416,65.36678]]]}},{"type":"Feature","properties":{"nr":"89800"},"geometry":{"type":"Polygon","coordinates":[[[29.72873,65.08994],[29.50744,65.11331],[29.43918,65.12838],[29.42086,65.15441],[29.45372,65.2282],[29.32275,65.21155],[29.26527,65.23712],[29.1912,65.21534],[29.13475,65.16327],[29.1074,65.10656],[28.99039,65.09854],[28.92791,65.08491],[28.89887,65.06122],[28.92675,65.03764],[28.87005,64.9935],[28.85631,64.94776],[28.87661,64.90725],[28.94994,64.88682],[29.12337,64.85415],[29.1649,64.86936],[29.16419,64.89764],[29.30795,64.9359],[29.26847,64.8575],[29.32856,64.85142],[29.36737,64.81049],[29.51556,64.78835],[29.62052,64.76411],[29.77937,64.7898],[29.6875,64.81881],[29.6997,64.83722],[29.64491,64.86649],[29.61099,64.92731],[29.59933,64.99506],[29.62698,65.0606],[29.72873,65.08994]]]}},{"type":"Feature","properties":{"nr":"89830"},"geometry":{"type":"Polygon","coordinates":[[[29.61056,64.70006],[29.64912,64.72576],[29.52932,64.73628],[29.62052,64.76411],[29.51556,64.78835],[29.38464,64.76251],[29.49543,64.72635],[29.50708,64.70471],[29.61056,64.70006]]]}},{"type":"Feature","properties":{"nr":"89840"},"geometry":{"type":"Polygon","coordinates":[[[29.99465,64.58088],[30.05433,64.61527],[30.11899,64.62591],[30.13584,64.649],[30.05366,64.71303],[30.0414,64.74119],[30.08651,64.77399],[30.04293,64.79288],[29.77937,64.7898],[29.62052,64.76411],[29.52932,64.73628],[29.64912,64.72576],[29.61056,64.70006],[29.62816,64.63888],[29.73338,64.63955],[29.99465,64.58088]]]}},{"type":"Feature","properties":{"nr":"89920"},"geometry":{"type":"Polygon","coordinates":[[[29.72873,65.08994],[29.83094,65.09192],[29.89686,65.10514],[29.81933,65.14428],[29.89359,65.19297],[29.85946,65.21516],[29.7641,65.22889],[29.634,65.23159],[29.60179,65.25993],[29.74658,65.3474],[29.72739,65.40033],[29.73305,65.4725],[29.75301,65.493],[29.54445,65.49902],[29.40203,65.49809],[29.39028,65.47612],[29.23527,65.42332],[29.16611,65.42186],[29.11563,65.39844],[29.10176,65.36976],[29.2016,65.32508],[29.2597,65.26593],[29.26527,65.23712],[29.32275,65.21155],[29.45372,65.2282],[29.42086,65.15441],[29.43918,65.12838],[29.50744,65.11331],[29.72873,65.08994]]]}},{"type":"Feature","properties":{"nr":"90100"},"geometry":{"type":"Polygon","coordinates":[[[25.47513,65.01892],[25.45288,65.00957],[25.47502,65.00494],[25.4799,65.00699],[25.47513,65.01892]]]}},{"type":"Feature","properties":{"nr":"90120"},"geometry":{"type":"Polygon","coordinates":[[[25.45288,65.00957],[25.44309,65.0083],[25.47194,65.00264],[25.47502,65.00494],[25.45288,65.00957]]]}},{"type":"Feature","properties":{"nr":"90130"},"geometry":{"type":"Polygon","coordinates":[[[25.50848,65.02253],[25.47743,65.02055],[25.47513,65.01892],[25.4799,65.00699],[25.50483,65.00598],[25.50747,65.012],[25.50848,65.02253]]]}},{"type":"Feature","properties":{"nr":"90140"},"geometry":{"type":"Polygon","coordinates":[[[25.47268,64.99598],[25.50669,64.99757],[25.50849,65.00447],[25.50483,65.00598],[25.4799,65.00699],[25.47502,65.00494],[25.47194,65.00264],[25.47268,64.99598]]]}},{"type":"Feature","properties":{"nr":"90150"},"geometry":{"type":"Polygon","coordinates":[[[25.50669,64.99757],[25.47268,64.99598],[25.48033,64.98269],[25.51212,64.97675],[25.50669,64.99757]]]}},{"type":"Feature","properties":{"nr":"90220"},"geometry":{"type":"Polygon","coordinates":[[[25.50747,65.012],[25.50483,65.00598],[25.50849,65.00447],[25.52143,64.9996],[25.50747,65.012]]]}},{"type":"Feature","properties":{"nr":"90230"},"geometry":{"type":"Polygon","coordinates":[[[25.56378,64.99978],[25.50848,65.02253],[25.50747,65.012],[25.52143,64.9996],[25.53866,64.99161],[25.56378,64.99978]]]}},{"type":"Feature","properties":{"nr":"90240"},"geometry":{"type":"Polygon","coordinates":[[[25.60101,64.98565],[25.56378,64.99978],[25.53866,64.99161],[25.52717,64.97569],[25.55112,64.96866],[25.59515,64.96426],[25.6162,64.97592],[25.60101,64.98565]]]}},{"type":"Feature","properties":{"nr":"90250"},"geometry":{"type":"Polygon","coordinates":[[[25.51212,64.97675],[25.52717,64.97569],[25.53866,64.99161],[25.52143,64.9996],[25.50849,65.00447],[25.50669,64.99757],[25.51212,64.97675]]]}},{"type":"Feature","properties":{"nr":"90310"},"geometry":{"type":"Polygon","coordinates":[[[25.82058,64.89994],[25.78678,64.92785],[25.6162,64.97592],[25.59515,64.96426],[25.59221,64.9327],[25.65152,64.87409],[25.72177,64.8553],[25.77177,64.85184],[25.76024,64.8819],[25.82058,64.89994]]]}},{"type":"Feature","properties":{"nr":"90420"},"geometry":{"type":"Polygon","coordinates":[[[25.59221,64.9327],[25.59515,64.96426],[25.55112,64.96866],[25.53944,64.94162],[25.59221,64.9327]]]}},{"type":"Feature","properties":{"nr":"90400"},"geometry":{"type":"Polygon","coordinates":[[[25.47194,65.00264],[25.44309,65.0083],[25.46704,64.9796],[25.48033,64.98269],[25.47268,64.99598],[25.47194,65.00264]]]}},{"type":"Feature","properties":{"nr":"90410"},"geometry":{"type":"Polygon","coordinates":[[[25.51212,64.97675],[25.48033,64.98269],[25.46704,64.9796],[25.47216,64.95068],[25.52351,64.93962],[25.53944,64.94162],[25.55112,64.96866],[25.52717,64.97569],[25.51212,64.97675]]]}},{"type":"Feature","properties":{"nr":"90440"},"geometry":{"type":"Polygon","coordinates":[[[25.47216,64.95068],[25.43748,64.94763],[25.44704,64.88838],[25.55828,64.84842],[25.52351,64.93962],[25.47216,64.95068]]]}},{"type":"Feature","properties":{"nr":"90450"},"geometry":{"type":"Polygon","coordinates":[[[25.72177,64.8553],[25.65152,64.87409],[25.59221,64.9327],[25.53944,64.94162],[25.52351,64.93962],[25.55828,64.84842],[25.57315,64.84556],[25.6348,64.84141],[25.72177,64.8553]]]}},{"type":"Feature","properties":{"nr":"90460"},"geometry":{"type":"Polygon","coordinates":[[[25.3733,64.96612],[25.29672,64.95096],[25.20748,64.96442],[25.22411,64.94545],[25.38667,64.8868],[25.44704,64.88838],[25.43748,64.94763],[25.3733,64.96612]]]}},{"type":"Feature","properties":{"nr":"90470"},"geometry":{"type":"Polygon","coordinates":[[[25.3733,64.96612],[25.33568,64.98655],[25.21785,65.00386],[25.20748,64.96442],[25.29672,64.95096],[25.3733,64.96612]]]}},{"type":"Feature","properties":{"nr":"90480"},"geometry":{"type":"Polygon","coordinates":[[[24.7912,64.94187],[24.87663,64.96659],[24.88051,64.99924],[24.83196,65.05487],[24.92418,65.03358],[25.01776,65.03127],[25.02601,65.05781],[24.90187,65.06349],[24.82425,65.09453],[24.76402,65.08365],[24.64433,65.0815],[24.55677,65.03926],[24.57653,65.004],[24.65759,64.95917],[24.73762,64.96016],[24.7912,64.94187]]]}},{"type":"Feature","properties":{"nr":"90500"},"geometry":{"type":"Polygon","coordinates":[[[25.5017,65.02905],[25.46235,65.02968],[25.44507,65.03027],[25.47743,65.02055],[25.50848,65.02253],[25.50832,65.02695],[25.5017,65.02905]]]}},{"type":"Feature","properties":{"nr":"90520"},"geometry":{"type":"Polygon","coordinates":[[[25.46235,65.02968],[25.45078,65.03942],[25.44171,65.05749],[25.4374,65.05903],[25.40085,65.05556],[25.44507,65.03027],[25.46235,65.02968]]]}},{"type":"Feature","properties":{"nr":"90530"},"geometry":{"type":"Polygon","coordinates":[[[25.47204,65.04091],[25.46541,65.04405],[25.45078,65.03942],[25.46235,65.02968],[25.5017,65.02905],[25.49926,65.03054],[25.47204,65.04091]]]}},{"type":"Feature","properties":{"nr":"90510"},"geometry":{"type":"Polygon","coordinates":[[[25.44169,65.0303],[25.41537,65.04045],[25.41559,65.0242],[25.44311,65.02651],[25.44169,65.0303]]]}},{"type":"Feature","properties":{"nr":"90540"},"geometry":{"type":"Polygon","coordinates":[[[25.6086,65.10387],[25.54416,65.11132],[25.5217,65.0946],[25.43686,65.09766],[25.43894,65.07325],[25.44251,65.06607],[25.45642,65.06472],[25.5168,65.05679],[25.59694,65.08255],[25.6086,65.10387]]]}},{"type":"Feature","properties":{"nr":"90550"},"geometry":{"type":"Polygon","coordinates":[[[25.49926,65.03054],[25.51104,65.04637],[25.47204,65.04091],[25.49926,65.03054]]]}},{"type":"Feature","properties":{"nr":"90560"},"geometry":{"type":"Polygon","coordinates":[[[25.44171,65.05749],[25.45078,65.03942],[25.46541,65.04405],[25.4527,65.05508],[25.44171,65.05749]]]}},{"type":"Feature","properties":{"nr":"90570"},"geometry":{"type":"Polygon","coordinates":[[[25.5168,65.05679],[25.45642,65.06472],[25.4527,65.05508],[25.46541,65.04405],[25.47204,65.04091],[25.51104,65.04637],[25.5168,65.05679]]]}},{"type":"Feature","properties":{"nr":"90580"},"geometry":{"type":"Polygon","coordinates":[[[25.43894,65.07325],[25.39565,65.06628],[25.40085,65.05556],[25.4374,65.05903],[25.44251,65.06607],[25.43894,65.07325]]]}},{"type":"Feature","properties":{"nr":"90590"},"geometry":{"type":"Polygon","coordinates":[[[25.45642,65.06472],[25.44251,65.06607],[25.4374,65.05903],[25.44171,65.05749],[25.4527,65.05508],[25.45642,65.06472]]]}},{"type":"Feature","properties":{"nr":"90600"},"geometry":{"type":"Polygon","coordinates":[[[25.55017,65.03713],[25.54017,65.04137],[25.5377,65.04429],[25.53264,65.04298],[25.54854,65.03664],[25.55017,65.03713]]]}},{"type":"Feature","properties":{"nr":"90620"},"geometry":{"type":"Polygon","coordinates":[[[25.62171,65.05933],[25.59694,65.08255],[25.5168,65.05679],[25.51104,65.04637],[25.49926,65.03054],[25.5017,65.02905],[25.50832,65.02695],[25.54854,65.03664],[25.53264,65.04298],[25.5377,65.04429],[25.54017,65.04137],[25.55017,65.03713],[25.55126,65.03742],[25.62171,65.05933]]]}},{"type":"Feature","properties":{"nr":"90630"},"geometry":{"type":"Polygon","coordinates":[[[25.74652,65.06103],[25.62171,65.05933],[25.55126,65.03742],[25.56869,65.02688],[25.69761,65.03322],[25.73034,65.02066],[25.76451,65.02471],[25.74652,65.06103]]]}},{"type":"Feature","properties":{"nr":"90650"},"geometry":{"type":"Polygon","coordinates":[[[25.56869,65.02688],[25.55126,65.03742],[25.55017,65.03713],[25.54854,65.03664],[25.50832,65.02695],[25.50848,65.02253],[25.56378,64.99978],[25.60101,64.98565],[25.60539,64.98983],[25.56869,65.02688]]]}},{"type":"Feature","properties":{"nr":"90660"},"geometry":{"type":"Polygon","coordinates":[[[25.91603,64.92874],[25.95834,64.98159],[25.99698,64.99568],[25.87677,65.01975],[25.76451,65.02471],[25.73034,65.02066],[25.65601,64.99335],[25.60539,64.98983],[25.60101,64.98565],[25.6162,64.97592],[25.78678,64.92785],[25.82058,64.89994],[25.84383,64.8884],[25.91603,64.92874]]]}},{"type":"Feature","properties":{"nr":"90670"},"geometry":{"type":"Polygon","coordinates":[[[25.73034,65.02066],[25.69761,65.03322],[25.56869,65.02688],[25.60539,64.98983],[25.65601,64.99335],[25.73034,65.02066]]]}},{"type":"Feature","properties":{"nr":"90800"},"geometry":{"type":"Polygon","coordinates":[[[25.43686,65.09766],[25.3696,65.10339],[25.39565,65.06628],[25.43894,65.07325],[25.43686,65.09766]]]}},{"type":"Feature","properties":{"nr":"90810"},"geometry":{"type":"Polygon","coordinates":[[[25.35652,65.105],[25.34988,65.12418],[25.23134,65.14995],[25.22987,65.1275],[25.35652,65.105]]]}},{"type":"Feature","properties":{"nr":"90820"},"geometry":{"type":"Polygon","coordinates":[[[25.45739,65.15727],[25.28358,65.15844],[25.23355,65.17213],[25.23134,65.14995],[25.34988,65.12418],[25.35652,65.105],[25.3696,65.10339],[25.43686,65.09766],[25.5217,65.0946],[25.54416,65.11132],[25.48855,65.13833],[25.45739,65.15727]]]}},{"type":"Feature","properties":{"nr":"90830"},"geometry":{"type":"Polygon","coordinates":[[[25.45739,65.15727],[25.39088,65.20547],[25.46566,65.22357],[25.39418,65.21531],[25.30035,65.19634],[25.23355,65.17213],[25.28358,65.15844],[25.45739,65.15727]]]}},{"type":"Feature","properties":{"nr":"90840"},"geometry":{"type":"Polygon","coordinates":[[[25.70543,65.19515],[25.77098,65.22773],[25.68129,65.24723],[25.50627,65.26938],[25.48399,65.26116],[25.46566,65.22357],[25.39088,65.20547],[25.45739,65.15727],[25.48855,65.13833],[25.5603,65.15677],[25.59411,65.19247],[25.70543,65.19515]]]}},{"type":"Feature","properties":{"nr":"90850"},"geometry":{"type":"Polygon","coordinates":[[[25.39418,65.21531],[25.32406,65.23199],[25.30035,65.19634],[25.39418,65.21531]]]}},{"type":"Feature","properties":{"nr":"90860"},"geometry":{"type":"Polygon","coordinates":[[[25.48399,65.26116],[25.33003,65.25847],[25.32406,65.23199],[25.39418,65.21531],[25.46566,65.22357],[25.48399,65.26116]]]}},{"type":"Feature","properties":{"nr":"90900"},"geometry":{"type":"Polygon","coordinates":[[[25.92179,65.29772],[25.90534,65.29987],[25.85256,65.29667],[25.75505,65.26307],[25.68129,65.24723],[25.77098,65.22773],[25.70543,65.19515],[25.72129,65.13874],[25.68831,65.12509],[25.75805,65.11081],[25.74652,65.06103],[25.76451,65.02471],[25.87677,65.01975],[25.88756,65.04872],[25.98024,65.06174],[26.0451,65.13662],[26.01435,65.15856],[25.97044,65.2559],[25.92179,65.29772]]]}},{"type":"Feature","properties":{"nr":"90910"},"geometry":{"type":"Polygon","coordinates":[[[25.70543,65.19515],[25.59411,65.19247],[25.5603,65.15677],[25.48855,65.13833],[25.54416,65.11132],[25.6086,65.10387],[25.68831,65.12509],[25.72129,65.13874],[25.70543,65.19515]]]}},{"type":"Feature","properties":{"nr":"90940"},"geometry":{"type":"Polygon","coordinates":[[[25.74652,65.06103],[25.75805,65.11081],[25.68831,65.12509],[25.6086,65.10387],[25.59694,65.08255],[25.62171,65.05933],[25.74652,65.06103]]]}},{"type":"Feature","properties":{"nr":"91100"},"geometry":{"type":"Polygon","coordinates":[[[25.48958,65.3761],[25.32879,65.41013],[25.26148,65.40851],[25.2827,65.33925],[25.24498,65.31811],[25.30229,65.29454],[25.27093,65.26631],[25.33003,65.25847],[25.48399,65.26116],[25.50627,65.26938],[25.50283,65.27323],[25.44695,65.2944],[25.41302,65.33324],[25.48958,65.3761]]]}},{"type":"Feature","properties":{"nr":"91110"},"geometry":{"type":"Polygon","coordinates":[[[25.50283,65.27323],[25.5624,65.31993],[25.60975,65.33313],[25.53667,65.38587],[25.48958,65.3761],[25.41302,65.33324],[25.44695,65.2944],[25.50283,65.27323]]]}},{"type":"Feature","properties":{"nr":"91140"},"geometry":{"type":"Polygon","coordinates":[[[25.7072,65.49393],[25.60834,65.48982],[25.50533,65.49779],[25.44698,65.57777],[25.44038,65.57852],[25.35113,65.56747],[25.30318,65.51286],[25.26589,65.51423],[25.3258,65.4853],[25.32879,65.41013],[25.48958,65.3761],[25.53667,65.38587],[25.66852,65.42094],[25.71965,65.47588],[25.7072,65.49393]]]}},{"type":"Feature","properties":{"nr":"91150"},"geometry":{"type":"Polygon","coordinates":[[[25.44698,65.57777],[25.50533,65.49779],[25.60834,65.48982],[25.7072,65.49393],[25.8421,65.55628],[25.77216,65.61868],[25.71903,65.63752],[25.66586,65.62118],[25.44698,65.57777]]]}},{"type":"Feature","properties":{"nr":"91200"},"geometry":{"type":"Polygon","coordinates":[[[25.75505,65.26307],[25.85256,65.29667],[25.90534,65.29987],[25.94507,65.35435],[26.03879,65.36284],[26.07825,65.41189],[25.91264,65.43888],[25.95433,65.45102],[25.88986,65.51269],[25.87096,65.55498],[25.8421,65.55628],[25.7072,65.49393],[25.71965,65.47588],[25.66852,65.42094],[25.53667,65.38587],[25.60975,65.33313],[25.67695,65.33266],[25.68294,65.30597],[25.75505,65.26307]]]}},{"type":"Feature","properties":{"nr":"91210"},"geometry":{"type":"Polygon","coordinates":[[[25.68129,65.24723],[25.75505,65.26307],[25.68294,65.30597],[25.67695,65.33266],[25.60975,65.33313],[25.5624,65.31993],[25.50283,65.27323],[25.50627,65.26938],[25.68129,65.24723]]]}},{"type":"Feature","properties":{"nr":"91240"},"geometry":{"type":"Polygon","coordinates":[[[26.22594,65.39477],[26.25769,65.46008],[26.158,65.51963],[26.2862,65.60757],[26.2629,65.61832],[26.21464,65.61363],[26.05965,65.55991],[26.00006,65.56414],[25.87096,65.55498],[25.88986,65.51269],[25.95433,65.45102],[25.91264,65.43888],[26.07825,65.41189],[26.22594,65.39477]]]}},{"type":"Feature","properties":{"nr":"91260"},"geometry":{"type":"Polygon","coordinates":[[[26.25693,65.27566],[26.3261,65.29899],[26.31266,65.36925],[26.22594,65.39477],[26.07825,65.41189],[26.03879,65.36284],[25.94507,65.35435],[25.90534,65.29987],[25.92179,65.29772],[26.02475,65.31002],[26.12601,65.30901],[26.25693,65.27566]]]}},{"type":"Feature","properties":{"nr":"91670"},"geometry":{"type":"Polygon","coordinates":[[[26.40062,64.55587],[26.55722,64.56707],[26.56526,64.59006],[26.4865,64.60828],[26.41077,64.60157],[26.40134,64.57845],[26.40062,64.55587]]]}},{"type":"Feature","properties":{"nr":"91300"},"geometry":{"type":"Polygon","coordinates":[[[26.7435,64.95773],[26.61325,65.09509],[26.51188,65.13255],[26.4008,65.15522],[26.31612,65.20013],[26.25685,65.18249],[26.08781,65.1551],[26.0451,65.13662],[25.98024,65.06174],[25.88756,65.04872],[25.87677,65.01975],[25.99698,64.99568],[26.07385,64.94613],[26.17705,64.94868],[26.19434,64.92268],[26.30003,64.84718],[26.33907,64.85634],[26.54892,64.84157],[26.59931,64.89425],[26.68711,64.91345],[26.7435,64.95773]]]}},{"type":"Feature","properties":{"nr":"91310"},"geometry":{"type":"Polygon","coordinates":[[[26.0451,65.13662],[26.08781,65.1551],[26.25685,65.18249],[26.31612,65.20013],[26.25693,65.27566],[26.12601,65.30901],[26.02475,65.31002],[25.92179,65.29772],[25.97044,65.2559],[26.01435,65.15856],[26.0451,65.13662]]]}},{"type":"Feature","properties":{"nr":"91410"},"geometry":{"type":"Polygon","coordinates":[[[25.88097,64.86887],[25.97469,64.90264],[25.91603,64.92874],[25.84383,64.8884],[25.88097,64.86887]]]}},{"type":"Feature","properties":{"nr":"91430"},"geometry":{"type":"Polygon","coordinates":[[[26.0569,64.83096],[26.07003,64.85277],[26.02617,64.84472],[26.0569,64.83096]]]}},{"type":"Feature","properties":{"nr":"91980"},"geometry":{"type":"Polygon","coordinates":[[[25.29313,64.8309],[25.29846,64.85763],[25.22097,64.87194],[25.20499,64.8948],[25.12685,64.91792],[25.02261,64.90949],[25.07176,64.85462],[24.99694,64.82214],[25.02758,64.7798],[25.13927,64.76539],[25.12908,64.72838],[25.15922,64.72157],[25.29313,64.8309]]]}},{"type":"Feature","properties":{"nr":"91500"},"geometry":{"type":"Polygon","coordinates":[[[26.30003,64.84718],[26.19434,64.92268],[26.17705,64.94868],[26.07385,64.94613],[25.99698,64.99568],[25.95834,64.98159],[25.91603,64.92874],[25.97469,64.90264],[25.88097,64.86887],[25.90827,64.85002],[25.85231,64.82843],[25.86599,64.78429],[25.94197,64.75006],[25.98922,64.65865],[26.17914,64.58056],[26.21926,64.60672],[26.30182,64.63145],[26.36107,64.67546],[26.28271,64.7151],[26.24427,64.78613],[26.17941,64.82197],[26.30003,64.84718]],[[26.0569,64.83096],[26.02617,64.84472],[26.07003,64.85277],[26.0569,64.83096]]]}},{"type":"Feature","properties":{"nr":"91510"},"geometry":{"type":"Polygon","coordinates":[[[25.84383,64.8884],[25.82058,64.89994],[25.76024,64.8819],[25.77177,64.85184],[25.85231,64.82843],[25.90827,64.85002],[25.88097,64.86887],[25.84383,64.8884]]]}},{"type":"Feature","properties":{"nr":"91560"},"geometry":{"type":"Polygon","coordinates":[[[26.40134,64.57845],[26.29779,64.5968],[26.30182,64.63145],[26.21926,64.60672],[26.17914,64.58056],[26.19474,64.55701],[26.17012,64.50742],[26.17535,64.50433],[26.19148,64.49636],[26.33535,64.52368],[26.40062,64.55587],[26.40134,64.57845]]]}},{"type":"Feature","properties":{"nr":"91600"},"geometry":{"type":"Polygon","coordinates":[[[26.54892,64.84157],[26.33907,64.85634],[26.30003,64.84718],[26.17941,64.82197],[26.24427,64.78613],[26.28271,64.7151],[26.36107,64.67546],[26.54443,64.66666],[26.60265,64.61294],[26.61413,64.61003],[26.7034,64.64089],[26.88129,64.67012],[26.94954,64.75963],[26.79372,64.76761],[26.67889,64.7909],[26.54892,64.84157]]]}},{"type":"Feature","properties":{"nr":"91620"},"geometry":{"type":"Polygon","coordinates":[[[26.94954,64.75963],[27.09713,64.78777],[27.16499,64.82805],[27.07774,64.87467],[26.95076,64.89146],[26.84367,64.94318],[26.7435,64.95773],[26.68711,64.91345],[26.59931,64.89425],[26.54892,64.84157],[26.67889,64.7909],[26.79372,64.76761],[26.94954,64.75963]]]}},{"type":"Feature","properties":{"nr":"91630"},"geometry":{"type":"Polygon","coordinates":[[[27.22987,65.12906],[27.09429,65.11141],[27.01411,65.11452],[26.92023,65.0902],[26.61325,65.09509],[26.7435,64.95773],[26.84367,64.94318],[26.95076,64.89146],[27.07774,64.87467],[27.0941,64.89708],[27.11665,64.99867],[27.21321,65.01857],[27.27535,65.10704],[27.22987,65.12906]]]}},{"type":"Feature","properties":{"nr":"91640"},"geometry":{"type":"Polygon","coordinates":[[[27.16499,64.82805],[27.36415,64.82134],[27.40782,64.83762],[27.37371,64.88456],[27.40336,64.92307],[27.37426,64.95696],[27.21321,65.01857],[27.11665,64.99867],[27.0941,64.89708],[27.07774,64.87467],[27.16499,64.82805]]]}},{"type":"Feature","properties":{"nr":"91660"},"geometry":{"type":"Polygon","coordinates":[[[26.60265,64.61294],[26.54443,64.66666],[26.36107,64.67546],[26.30182,64.63145],[26.29779,64.5968],[26.40134,64.57845],[26.41077,64.60157],[26.4865,64.60828],[26.56526,64.59006],[26.60265,64.61294]]]}},{"type":"Feature","properties":{"nr":"91700"},"geometry":{"type":"Polygon","coordinates":[[[26.94666,64.47921],[26.9006,64.55337],[26.95197,64.60954],[26.88129,64.67012],[26.7034,64.64089],[26.61413,64.61003],[26.71758,64.5731],[26.71439,64.54201],[26.70973,64.4856],[26.94666,64.47921]],[[26.75067,64.56464],[26.74502,64.58753],[26.78747,64.58504],[26.80046,64.56615],[26.75067,64.56464]]]}},{"type":"Feature","properties":{"nr":"91710"},"geometry":{"type":"Polygon","coordinates":[[[26.75067,64.56464],[26.80046,64.56615],[26.78747,64.58504],[26.74502,64.58753],[26.75067,64.56464]]]}},{"type":"Feature","properties":{"nr":"91720"},"geometry":{"type":"Polygon","coordinates":[[[26.95197,64.60954],[27.03568,64.61585],[27.23756,64.63932],[27.30195,64.71048],[27.20394,64.74101],[27.09713,64.78777],[26.94954,64.75963],[26.88129,64.67012],[26.95197,64.60954]]]}},{"type":"Feature","properties":{"nr":"91730"},"geometry":{"type":"Polygon","coordinates":[[[26.97189,64.47315],[27.06056,64.51607],[27.06336,64.59729],[27.03568,64.61585],[26.95197,64.60954],[26.9006,64.55337],[26.94666,64.47921],[26.97189,64.47315]]]}},{"type":"Feature","properties":{"nr":"91740"},"geometry":{"type":"Polygon","coordinates":[[[27.0041,64.46092],[27.08521,64.47334],[27.22296,64.54458],[27.34451,64.58529],[27.23756,64.63932],[27.03568,64.61585],[27.06336,64.59729],[27.06056,64.51607],[26.97189,64.47315],[27.0041,64.46092]]]}},{"type":"Feature","properties":{"nr":"92100"},"geometry":{"type":"Polygon","coordinates":[[[24.49996,64.68383],[24.50617,64.70286],[24.50598,64.70612],[24.41849,64.67046],[24.42471,64.66035],[24.4465,64.66119],[24.48416,64.68042],[24.49996,64.68383]]]}},{"type":"Feature","properties":{"nr":"91750"},"geometry":{"type":"Polygon","coordinates":[[[27.19061,64.46698],[27.32759,64.51269],[27.51795,64.51757],[27.4668,64.58896],[27.34451,64.58529],[27.22296,64.54458],[27.08521,64.47334],[27.19061,64.46698]]]}},{"type":"Feature","properties":{"nr":"91760"},"geometry":{"type":"Polygon","coordinates":[[[26.75307,64.28584],[26.91466,64.31188],[26.94079,64.32576],[26.88932,64.35572],[27.0041,64.46092],[26.97189,64.47315],[26.94666,64.47921],[26.70973,64.4856],[26.66385,64.46849],[26.66382,64.42277],[26.7259,64.3511],[26.68898,64.31424],[26.75307,64.28584]]]}},{"type":"Feature","properties":{"nr":"91780"},"geometry":{"type":"Polygon","coordinates":[[[26.66385,64.46849],[26.70973,64.4856],[26.71439,64.54201],[26.63565,64.55068],[26.55924,64.54069],[26.52099,64.48933],[26.66385,64.46849]]]}},{"type":"Feature","properties":{"nr":"91790"},"geometry":{"type":"Polygon","coordinates":[[[26.71439,64.54201],[26.71758,64.5731],[26.61413,64.61003],[26.60265,64.61294],[26.56526,64.59006],[26.55722,64.56707],[26.63565,64.55068],[26.71439,64.54201]]]}},{"type":"Feature","properties":{"nr":"91800"},"geometry":{"type":"Polygon","coordinates":[[[25.77177,64.85184],[25.72177,64.8553],[25.6348,64.84141],[25.57315,64.84556],[25.53184,64.83077],[25.51521,64.80705],[25.56172,64.79532],[25.58738,64.7263],[25.63607,64.69354],[25.83487,64.58449],[25.99916,64.52872],[26.17012,64.50742],[26.19474,64.55701],[26.17914,64.58056],[25.98922,64.65865],[25.94197,64.75006],[25.86599,64.78429],[25.85231,64.82843],[25.77177,64.85184]]]}},{"type":"Feature","properties":{"nr":"91900"},"geometry":{"type":"Polygon","coordinates":[[[25.53184,64.83077],[25.3497,64.84414],[25.29313,64.8309],[25.15922,64.72157],[25.16562,64.71856],[25.36045,64.6703],[25.45967,64.67342],[25.47532,64.72946],[25.48401,64.78679],[25.51521,64.80705],[25.53184,64.83077]]]}},{"type":"Feature","properties":{"nr":"92120"},"geometry":{"type":"Polygon","coordinates":[[[24.54233,64.64369],[24.53032,64.68456],[24.49996,64.68383],[24.48416,64.68042],[24.48966,64.6612],[24.54233,64.64369]]]}},{"type":"Feature","properties":{"nr":"92130"},"geometry":{"type":"Polygon","coordinates":[[[24.53032,64.68456],[24.50617,64.70286],[24.49996,64.68383],[24.53032,64.68456]]]}},{"type":"Feature","properties":{"nr":"91910"},"geometry":{"type":"Polygon","coordinates":[[[25.55828,64.84842],[25.44704,64.88838],[25.38667,64.8868],[25.3497,64.84414],[25.53184,64.83077],[25.57315,64.84556],[25.55828,64.84842]]]}},{"type":"Feature","properties":{"nr":"91930"},"geometry":{"type":"Polygon","coordinates":[[[25.58738,64.7263],[25.56172,64.79532],[25.51521,64.80705],[25.48401,64.78679],[25.47532,64.72946],[25.58738,64.7263]]]}},{"type":"Feature","properties":{"nr":"91950"},"geometry":{"type":"Polygon","coordinates":[[[25.58738,64.7263],[25.47532,64.72946],[25.45967,64.67342],[25.51244,64.62636],[25.49417,64.6241],[25.63679,64.60283],[25.58827,64.58832],[25.70057,64.57738],[25.83487,64.58449],[25.63607,64.69354],[25.58738,64.7263]]]}},{"type":"Feature","properties":{"nr":"92140"},"geometry":{"type":"Polygon","coordinates":[[[24.58046,64.78241],[24.55348,64.72164],[24.50598,64.70612],[24.50617,64.70286],[24.53032,64.68456],[24.54233,64.64369],[24.54164,64.62775],[24.58994,64.63024],[24.69429,64.66296],[24.75691,64.62726],[24.76567,64.62505],[24.83152,64.64143],[24.8733,64.66729],[24.81336,64.73039],[24.76935,64.75045],[24.58046,64.78241]]]}},{"type":"Feature","properties":{"nr":"92150"},"geometry":{"type":"Polygon","coordinates":[[[24.48966,64.6612],[24.48416,64.68042],[24.4465,64.66119],[24.48966,64.6612]]]}},{"type":"Feature","properties":{"nr":"92160"},"geometry":{"type":"Polygon","coordinates":[[[24.48966,64.6612],[24.4465,64.66119],[24.42471,64.66035],[24.40674,64.65542],[24.39354,64.63038],[24.55685,64.59823],[24.54164,64.62775],[24.54233,64.64369],[24.48966,64.6612]]]}},{"type":"Feature","properties":{"nr":"92230"},"geometry":{"type":"Polygon","coordinates":[[[24.64045,64.61079],[24.58994,64.63024],[24.54164,64.62775],[24.55685,64.59823],[24.55672,64.58263],[24.59324,64.54774],[24.66231,64.58323],[24.64045,64.61079]]]}},{"type":"Feature","properties":{"nr":"92180"},"geometry":{"type":"Polygon","coordinates":[[[24.40674,64.65542],[24.42471,64.66035],[24.41849,64.67046],[24.40674,64.65542]]]}},{"type":"Feature","properties":{"nr":"92210"},"geometry":{"type":"Polygon","coordinates":[[[24.55685,64.59823],[24.39354,64.63038],[24.37968,64.58277],[24.47015,64.5893],[24.55672,64.58263],[24.55685,64.59823]]]}},{"type":"Feature","properties":{"nr":"92220"},"geometry":{"type":"Polygon","coordinates":[[[24.55672,64.58263],[24.47015,64.5893],[24.37968,64.58277],[24.37091,64.54657],[24.28841,64.52715],[24.34767,64.51148],[24.47102,64.50099],[24.55171,64.49453],[24.64899,64.52786],[24.59324,64.54774],[24.55672,64.58263]]]}},{"type":"Feature","properties":{"nr":"92470"},"geometry":{"type":"Polygon","coordinates":[[[25.02956,64.54565],[25.13792,64.57119],[25.11806,64.6086],[24.95192,64.64408],[24.83152,64.64143],[24.76567,64.62505],[24.81649,64.57974],[25.02956,64.54565]]]}},{"type":"Feature","properties":{"nr":"92240"},"geometry":{"type":"Polygon","coordinates":[[[24.75691,64.62726],[24.69429,64.66296],[24.58994,64.63024],[24.64045,64.61079],[24.72153,64.6087],[24.75691,64.62726]]]}},{"type":"Feature","properties":{"nr":"92260"},"geometry":{"type":"Polygon","coordinates":[[[24.76567,64.62505],[24.75691,64.62726],[24.72153,64.6087],[24.64045,64.61079],[24.66231,64.58323],[24.59324,64.54774],[24.64899,64.52786],[24.55171,64.49453],[24.59117,64.46536],[24.69444,64.46063],[24.74011,64.49908],[24.7699,64.5556],[24.81649,64.57974],[24.76567,64.62505]]]}},{"type":"Feature","properties":{"nr":"92320"},"geometry":{"type":"Polygon","coordinates":[[[24.78471,64.8744],[24.69762,64.86907],[24.67435,64.83958],[24.54184,64.81382],[24.58046,64.78241],[24.76935,64.75045],[24.81336,64.73039],[24.86898,64.76365],[24.92538,64.77237],[24.93786,64.82511],[24.81479,64.83271],[24.78471,64.8744]]]}},{"type":"Feature","properties":{"nr":"92330"},"geometry":{"type":"Polygon","coordinates":[[[24.99694,64.82214],[25.07176,64.85462],[25.02261,64.90949],[24.95468,64.90572],[24.93538,64.88228],[24.82046,64.88764],[24.78471,64.8744],[24.81479,64.83271],[24.93786,64.82511],[24.99694,64.82214]]]}},{"type":"Feature","properties":{"nr":"92350"},"geometry":{"type":"Polygon","coordinates":[[[24.95192,64.64408],[25.00206,64.69002],[25.06945,64.72533],[25.12908,64.72838],[25.13927,64.76539],[25.02758,64.7798],[24.99694,64.82214],[24.93786,64.82511],[24.92538,64.77237],[24.86898,64.76365],[24.81336,64.73039],[24.8733,64.66729],[24.83152,64.64143],[24.95192,64.64408]]]}},{"type":"Feature","properties":{"nr":"92400"},"geometry":{"type":"Polygon","coordinates":[[[25.12908,64.72838],[25.06945,64.72533],[25.00206,64.69002],[24.95192,64.64408],[25.11806,64.6086],[25.26309,64.65216],[25.205,64.67933],[25.16562,64.71856],[25.15922,64.72157],[25.12908,64.72838]]]}},{"type":"Feature","properties":{"nr":"92430"},"geometry":{"type":"Polygon","coordinates":[[[25.42128,64.48881],[25.47924,64.5348],[25.41606,64.58138],[25.4212,64.60055],[25.38424,64.61513],[25.44597,64.63984],[25.51244,64.62636],[25.45967,64.67342],[25.36045,64.6703],[25.16562,64.71856],[25.205,64.67933],[25.26309,64.65216],[25.11806,64.6086],[25.13792,64.57119],[25.02956,64.54565],[25.11924,64.53048],[25.16475,64.50278],[25.18863,64.54756],[25.2588,64.57328],[25.3247,64.55984],[25.41359,64.51059],[25.42128,64.48881]]]}},{"type":"Feature","properties":{"nr":"92440"},"geometry":{"type":"Polygon","coordinates":[[[25.4212,64.60055],[25.49417,64.6241],[25.51244,64.62636],[25.44597,64.63984],[25.38424,64.61513],[25.4212,64.60055]]]}},{"type":"Feature","properties":{"nr":"92450"},"geometry":{"type":"Polygon","coordinates":[[[25.42757,64.4282],[25.42128,64.48881],[25.41359,64.51059],[25.3247,64.55984],[25.2588,64.57328],[25.18863,64.54756],[25.16475,64.50278],[25.19952,64.4755],[25.33247,64.44365],[25.42757,64.4282]]]}},{"type":"Feature","properties":{"nr":"92500"},"geometry":{"type":"Polygon","coordinates":[[[25.51329,64.33317],[25.81857,64.35516],[25.85845,64.36599],[25.84647,64.3775],[25.77268,64.43644],[25.85541,64.46077],[25.97189,64.42567],[26.07414,64.45452],[26.17535,64.50433],[26.17012,64.50742],[25.99916,64.52872],[25.83487,64.58449],[25.70057,64.57738],[25.58827,64.58832],[25.52107,64.59333],[25.5343,64.54872],[25.47924,64.5348],[25.42128,64.48881],[25.42757,64.4282],[25.4264,64.37828],[25.45311,64.34386],[25.51329,64.33317]]]}},{"type":"Feature","properties":{"nr":"92520"},"geometry":{"type":"Polygon","coordinates":[[[25.84647,64.3775],[25.9891,64.4064],[25.97189,64.42567],[25.85541,64.46077],[25.77268,64.43644],[25.84647,64.3775]]]}},{"type":"Feature","properties":{"nr":"92530"},"geometry":{"type":"Polygon","coordinates":[[[25.58827,64.58832],[25.63679,64.60283],[25.49417,64.6241],[25.4212,64.60055],[25.41606,64.58138],[25.47924,64.5348],[25.5343,64.54872],[25.52107,64.59333],[25.58827,64.58832]]]}},{"type":"Feature","properties":{"nr":"92600"},"geometry":{"type":"Polygon","coordinates":[[[25.8684,64.21042],[25.97404,64.24646],[26.0932,64.24745],[26.09194,64.26364],[25.98882,64.29338],[25.85845,64.36599],[25.81857,64.35516],[25.51329,64.33317],[25.45165,64.28849],[25.54005,64.23655],[25.71676,64.26315],[25.77771,64.24774],[25.80541,64.21865],[25.8684,64.21042]]]}},{"type":"Feature","properties":{"nr":"92620"},"geometry":{"type":"Polygon","coordinates":[[[26.0932,64.24745],[25.97404,64.24646],[25.8684,64.21042],[25.8484,64.14537],[25.78095,64.11054],[25.79085,64.10509],[26.00012,64.06873],[26.1586,64.02514],[26.19747,64.07051],[26.15805,64.13043],[26.25463,64.17596],[26.23376,64.19515],[26.0932,64.24745]]]}},{"type":"Feature","properties":{"nr":"92640"},"geometry":{"type":"Polygon","coordinates":[[[25.78095,64.11054],[25.8484,64.14537],[25.8684,64.21042],[25.80541,64.21865],[25.69893,64.18191],[25.65919,64.18588],[25.6576,64.14551],[25.78095,64.11054]]]}},{"type":"Feature","properties":{"nr":"92650"},"geometry":{"type":"Polygon","coordinates":[[[25.65919,64.18588],[25.69893,64.18191],[25.80541,64.21865],[25.77771,64.24774],[25.71676,64.26315],[25.54005,64.23655],[25.61553,64.21835],[25.65919,64.18588]]]}},{"type":"Feature","properties":{"nr":"92700"},"geometry":{"type":"Polygon","coordinates":[[[26.63431,64.20501],[26.67255,64.21485],[26.75307,64.28584],[26.68898,64.31424],[26.52707,64.32679],[26.4564,64.34854],[26.42242,64.4375],[26.34722,64.4564],[26.19148,64.49636],[26.17535,64.50433],[26.07414,64.45452],[25.97189,64.42567],[25.9891,64.4064],[26.00801,64.37139],[25.98294,64.33228],[25.98882,64.29338],[26.09194,64.26364],[26.0932,64.24745],[26.23376,64.19515],[26.32671,64.20526],[26.37646,64.19005],[26.43321,64.22976],[26.4784,64.23788],[26.63431,64.20501]]]}},{"type":"Feature","properties":{"nr":"92810"},"geometry":{"type":"Polygon","coordinates":[[[26.34722,64.4564],[26.52099,64.48933],[26.55924,64.54069],[26.63565,64.55068],[26.55722,64.56707],[26.40062,64.55587],[26.33535,64.52368],[26.19148,64.49636],[26.34722,64.4564]]]}},{"type":"Feature","properties":{"nr":"92910"},"geometry":{"type":"Polygon","coordinates":[[[26.63431,64.20501],[26.4784,64.23788],[26.43321,64.22976],[26.37646,64.19005],[26.32671,64.20526],[26.23376,64.19515],[26.25463,64.17596],[26.32743,64.16718],[26.45288,64.11221],[26.47962,64.06308],[26.72859,64.09721],[26.75641,64.14006],[26.63431,64.20501]]]}},{"type":"Feature","properties":{"nr":"92920"},"geometry":{"type":"Polygon","coordinates":[[[26.60328,63.95277],[26.6302,63.98118],[26.68407,63.99305],[26.76998,64.05124],[26.72859,64.09721],[26.47962,64.06308],[26.41715,64.05076],[26.38774,64.01718],[26.40025,63.98088],[26.4914,63.95486],[26.60328,63.95277]]]}},{"type":"Feature","properties":{"nr":"92930"},"geometry":{"type":"Polygon","coordinates":[[[26.39427,63.91084],[26.47726,63.91343],[26.4914,63.95486],[26.40025,63.98088],[26.38774,64.01718],[26.41715,64.05076],[26.47962,64.06308],[26.45288,64.11221],[26.32743,64.16718],[26.25463,64.17596],[26.15805,64.13043],[26.19747,64.07051],[26.1586,64.02514],[26.29294,63.93158],[26.39427,63.91084]]]}},{"type":"Feature","properties":{"nr":"93100"},"geometry":{"type":"Polygon","coordinates":[[[27.07955,65.47406],[26.99774,65.46159],[26.92616,65.46769],[26.85062,65.50705],[26.8334,65.55554],[26.77334,65.57331],[26.73483,65.553],[26.65867,65.5075],[26.63507,65.47263],[26.56083,65.4366],[26.73319,65.47015],[26.78558,65.43594],[26.76673,65.40788],[26.80344,65.38283],[26.82511,65.3804],[26.9233,65.30121],[26.91659,65.26527],[27.01879,65.20952],[27.20849,65.15457],[27.22987,65.12906],[27.27535,65.10704],[27.41712,65.11443],[27.5077,65.17197],[27.5246,65.25395],[27.54722,65.27467],[27.39748,65.29283],[27.37799,65.32654],[27.32676,65.33541],[27.31558,65.36601],[27.22276,65.37578],[27.20277,65.3999],[27.20384,65.45905],[27.07955,65.47406]]]}},{"type":"Feature","properties":{"nr":"93140"},"geometry":{"type":"Polygon","coordinates":[[[26.80344,65.38283],[26.7197,65.37029],[26.62842,65.3889],[26.46458,65.38811],[26.31266,65.36925],[26.3261,65.29899],[26.25693,65.27566],[26.31612,65.20013],[26.4008,65.15522],[26.5385,65.23779],[26.67793,65.26119],[26.85489,65.25734],[26.91659,65.26527],[26.9233,65.30121],[26.82511,65.3804],[26.80344,65.38283]]]}},{"type":"Feature","properties":{"nr":"93160"},"geometry":{"type":"Polygon","coordinates":[[[26.91659,65.26527],[26.85489,65.25734],[26.67793,65.26119],[26.5385,65.23779],[26.4008,65.15522],[26.51188,65.13255],[26.61325,65.09509],[26.92023,65.0902],[27.01411,65.11452],[27.09429,65.11141],[27.22987,65.12906],[27.20849,65.15457],[27.01879,65.20952],[26.91659,65.26527]]]}},{"type":"Feature","properties":{"nr":"93170"},"geometry":{"type":"Polygon","coordinates":[[[26.80344,65.38283],[26.76673,65.40788],[26.78558,65.43594],[26.73319,65.47015],[26.56083,65.4366],[26.55933,65.43631],[26.37708,65.46426],[26.25769,65.46008],[26.22594,65.39477],[26.31266,65.36925],[26.46458,65.38811],[26.62842,65.3889],[26.7197,65.37029],[26.80344,65.38283]]]}},{"type":"Feature","properties":{"nr":"93180"},"geometry":{"type":"Polygon","coordinates":[[[26.55933,65.43631],[26.56083,65.4366],[26.63507,65.47263],[26.65867,65.5075],[26.73483,65.553],[26.62963,65.56027],[26.56264,65.55008],[26.46966,65.56581],[26.50369,65.52703],[26.56175,65.51832],[26.5417,65.47864],[26.55933,65.43631]]]}},{"type":"Feature","properties":{"nr":"93187"},"geometry":{"type":"Polygon","coordinates":[[[26.25769,65.46008],[26.37708,65.46426],[26.55933,65.43631],[26.5417,65.47864],[26.56175,65.51832],[26.50369,65.52703],[26.46966,65.56581],[26.42216,65.58707],[26.2862,65.60757],[26.158,65.51963],[26.25769,65.46008]]]}},{"type":"Feature","properties":{"nr":"93190"},"geometry":{"type":"Polygon","coordinates":[[[26.46966,65.56581],[26.56264,65.55008],[26.62963,65.56027],[26.73483,65.553],[26.77334,65.57331],[26.86875,65.642],[26.77173,65.68446],[26.65289,65.67619],[26.4788,65.69544],[26.3433,65.74088],[26.26785,65.69768],[26.2629,65.61832],[26.2862,65.60757],[26.42216,65.58707],[26.46966,65.56581]]]}},{"type":"Feature","properties":{"nr":"93195"},"geometry":{"type":"Polygon","coordinates":[[[26.4788,65.69544],[26.65289,65.67619],[26.77173,65.68446],[26.72041,65.71214],[26.55182,65.70879],[26.4788,65.69544]]]}},{"type":"Feature","properties":{"nr":"93220"},"geometry":{"type":"Polygon","coordinates":[[[26.77334,65.57331],[26.8334,65.55554],[26.85062,65.50705],[26.92616,65.46769],[26.99774,65.46159],[27.07955,65.47406],[27.05759,65.55321],[27.07049,65.5977],[27.01979,65.67251],[26.96568,65.66702],[26.86875,65.642],[26.77334,65.57331]]]}},{"type":"Feature","properties":{"nr":"93225"},"geometry":{"type":"Polygon","coordinates":[[[27.20384,65.45905],[27.30901,65.48833],[27.30486,65.5251],[27.35994,65.56452],[27.32572,65.57696],[27.30801,65.66171],[27.21127,65.68833],[27.02859,65.67379],[27.01979,65.67251],[27.07049,65.5977],[27.05759,65.55321],[27.07955,65.47406],[27.20384,65.45905]]]}},{"type":"Feature","properties":{"nr":"93240"},"geometry":{"type":"Polygon","coordinates":[[[27.50158,65.68251],[27.41273,65.70793],[27.28442,65.76504],[27.17134,65.77553],[27.04484,65.7051],[27.02859,65.67379],[27.21127,65.68833],[27.30801,65.66171],[27.43647,65.66706],[27.50158,65.68251]]]}},{"type":"Feature","properties":{"nr":"93250"},"geometry":{"type":"Polygon","coordinates":[[[27.86107,65.84079],[27.81771,65.86902],[27.75126,65.94893],[27.52993,65.91615],[27.47328,65.94562],[27.37963,65.92136],[27.2091,65.86368],[27.15804,65.83639],[27.17134,65.77553],[27.28442,65.76504],[27.41273,65.70793],[27.50158,65.68251],[27.69405,65.72973],[27.74886,65.78668],[27.86107,65.84079]]]}},{"type":"Feature","properties":{"nr":"93270"},"geometry":{"type":"Polygon","coordinates":[[[27.63292,65.39918],[27.59566,65.35264],[27.53684,65.34084],[27.46172,65.36296],[27.46195,65.39933],[27.38567,65.46682],[27.30901,65.48833],[27.20384,65.45905],[27.20277,65.3999],[27.22276,65.37578],[27.31558,65.36601],[27.32676,65.33541],[27.37799,65.32654],[27.39748,65.29283],[27.54722,65.27467],[27.64721,65.28476],[27.70883,65.32816],[27.78923,65.34108],[27.88201,65.37411],[27.79673,65.39733],[27.63292,65.39918]]]}},{"type":"Feature","properties":{"nr":"93277"},"geometry":{"type":"Polygon","coordinates":[[[27.63292,65.39918],[27.54469,65.44204],[27.64032,65.52294],[27.35994,65.56452],[27.30486,65.5251],[27.30901,65.48833],[27.38567,65.46682],[27.46195,65.39933],[27.46172,65.36296],[27.53684,65.34084],[27.59566,65.35264],[27.63292,65.39918]]]}},{"type":"Feature","properties":{"nr":"93600"},"geometry":{"type":"Polygon","coordinates":[[[29.29107,65.90565],[29.26338,65.95839],[29.27644,66.00105],[29.16298,66.00996],[29.1118,65.98919],[29.03541,65.98263],[29.0315,65.94992],[29.17598,65.9395],[29.29107,65.90565]]]}},{"type":"Feature","properties":{"nr":"93280"},"geometry":{"type":"Polygon","coordinates":[[[27.86923,65.59824],[27.77121,65.71202],[27.69405,65.72973],[27.50158,65.68251],[27.43647,65.66706],[27.30801,65.66171],[27.32572,65.57696],[27.35994,65.56452],[27.64032,65.52294],[27.79257,65.5441],[27.86923,65.59824]]]}},{"type":"Feature","properties":{"nr":"93290"},"geometry":{"type":"Polygon","coordinates":[[[27.79673,65.39733],[27.77087,65.4435],[27.80647,65.52015],[27.79257,65.5441],[27.64032,65.52294],[27.54469,65.44204],[27.63292,65.39918],[27.79673,65.39733]]]}},{"type":"Feature","properties":{"nr":"93350"},"geometry":{"type":"Polygon","coordinates":[[[27.64721,65.28476],[27.54722,65.27467],[27.5246,65.25395],[27.5077,65.17197],[27.41712,65.11443],[27.59234,65.09529],[27.64751,65.11109],[27.79039,65.10512],[27.91077,65.12021],[27.92719,65.21127],[27.80826,65.20978],[27.67386,65.19671],[27.64721,65.28476]]]}},{"type":"Feature","properties":{"nr":"93390"},"geometry":{"type":"Polygon","coordinates":[[[28.0184,65.43805],[27.93983,65.41578],[27.88201,65.37411],[27.78923,65.34108],[27.70883,65.32816],[27.64721,65.28476],[27.67386,65.19671],[27.80826,65.20978],[27.92719,65.21127],[27.99858,65.23581],[28.0739,65.27365],[28.1137,65.31579],[28.10713,65.35126],[28.0184,65.43805]]]}},{"type":"Feature","properties":{"nr":"93400"},"geometry":{"type":"Polygon","coordinates":[[[28.63443,65.69576],[28.55246,65.70552],[28.38915,65.70725],[28.28993,65.79381],[28.07302,65.83698],[27.91225,65.82684],[28.03849,65.77149],[28.06153,65.72324],[28.04176,65.7112],[27.91901,65.70754],[27.77121,65.71202],[27.86923,65.59824],[27.98639,65.59457],[28.03325,65.57639],[28.08857,65.5008],[28.0184,65.43805],[28.10713,65.35126],[28.32388,65.3471],[28.34954,65.35706],[28.43383,65.43718],[28.57897,65.4565],[28.66687,65.45712],[28.72211,65.4754],[28.7217,65.5026],[28.65981,65.60384],[28.64254,65.64052],[28.66167,65.68685],[28.63443,65.69576]]]}},{"type":"Feature","properties":{"nr":"93420"},"geometry":{"type":"Polygon","coordinates":[[[27.88201,65.37411],[27.93983,65.41578],[28.0184,65.43805],[28.08857,65.5008],[28.03325,65.57639],[27.98639,65.59457],[27.86923,65.59824],[27.79257,65.5441],[27.80647,65.52015],[27.77087,65.4435],[27.79673,65.39733],[27.88201,65.37411]]]}},{"type":"Feature","properties":{"nr":"93440"},"geometry":{"type":"Polygon","coordinates":[[[27.77121,65.71202],[27.91901,65.70754],[28.04176,65.7112],[28.06153,65.72324],[28.03849,65.77149],[27.91225,65.82684],[27.86107,65.84079],[27.74886,65.78668],[27.69405,65.72973],[27.77121,65.71202]]]}},{"type":"Feature","properties":{"nr":"93470"},"geometry":{"type":"Polygon","coordinates":[[[28.63443,65.69576],[28.6427,65.74233],[28.61802,65.75581],[28.57752,65.82593],[28.56828,65.87331],[28.51456,65.84592],[28.31022,65.82583],[28.28993,65.79381],[28.38915,65.70725],[28.55246,65.70552],[28.63443,65.69576]]]}},{"type":"Feature","properties":{"nr":"93540"},"geometry":{"type":"Polygon","coordinates":[[[28.81097,65.41303],[28.92572,65.44183],[29.02456,65.43312],[29.14892,65.45667],[29.2786,65.50509],[29.13859,65.53489],[29.04961,65.58711],[28.95315,65.61995],[28.83876,65.60574],[28.65981,65.60384],[28.7217,65.5026],[28.72211,65.4754],[28.66687,65.45712],[28.74016,65.43248],[28.81097,65.41303]]]}},{"type":"Feature","properties":{"nr":"93590"},"geometry":{"type":"Polygon","coordinates":[[[28.66687,65.45712],[28.57897,65.4565],[28.43383,65.43718],[28.34954,65.35706],[28.32388,65.3471],[28.10713,65.35126],[28.1137,65.31579],[28.0739,65.27365],[28.24176,65.25774],[28.35728,65.27684],[28.41117,65.27158],[28.5,65.28635],[28.60445,65.31821],[28.65322,65.3568],[28.648,65.41707],[28.74016,65.43248],[28.66687,65.45712]]]}},{"type":"Feature","properties":{"nr":"93700"},"geometry":{"type":"Polygon","coordinates":[[[28.72697,66.00886],[28.53882,65.99877],[28.48377,65.98253],[28.44394,65.96409],[28.51329,65.89795],[28.56828,65.87331],[28.57752,65.82593],[28.61802,65.75581],[28.6427,65.74233],[28.63443,65.69576],[28.66167,65.68685],[28.64254,65.64052],[28.65981,65.60384],[28.83876,65.60574],[28.95315,65.61995],[29.04961,65.58711],[29.13859,65.53489],[29.2786,65.50509],[29.40203,65.49809],[29.54445,65.49902],[29.75301,65.493],[29.8639,65.56044],[29.75397,65.60935],[29.72187,65.63708],[30.01711,65.69648],[30.13846,65.66868],[30.11937,65.75221],[30.08009,65.86737],[30.03671,65.87711],[29.94388,65.86586],[29.82562,65.86607],[29.79026,65.89659],[29.70944,65.92281],[29.66646,65.88761],[29.55527,65.90572],[29.51803,65.89783],[29.37455,65.89639],[29.29107,65.90565],[29.17598,65.9395],[29.0315,65.94992],[28.84316,65.97307],[28.72697,66.00886]]]}},{"type":"Feature","properties":{"nr":"93830"},"geometry":{"type":"Polygon","coordinates":[[[29.39921,66.21656],[29.37186,66.21365],[29.22994,66.24242],[29.06893,66.25218],[28.96494,66.23433],[29.04171,66.22701],[29.10823,66.19989],[28.98833,66.1441],[29.10493,66.07785],[29.22948,66.07724],[29.31766,66.09645],[29.43105,66.16602],[29.39921,66.21656]]]}},{"type":"Feature","properties":{"nr":"94450"},"geometry":{"type":"Polygon","coordinates":[[[24.44598,65.76603],[24.53,65.78603],[24.5477,65.79373],[24.49587,65.81655],[24.45213,65.80293],[24.44598,65.76603]]]}},{"type":"Feature","properties":{"nr":"93800"},"geometry":{"type":"Polygon","coordinates":[[[30.08009,65.86737],[29.92329,66.12714],[29.69046,66.28526],[29.39921,66.21656],[29.43105,66.16602],[29.31766,66.09645],[29.22948,66.07724],[29.10493,66.07785],[28.98833,66.1441],[29.10823,66.19989],[29.04171,66.22701],[28.96494,66.23433],[28.87076,66.1967],[28.75352,66.17387],[28.69347,66.14417],[28.61552,66.11851],[28.65295,66.07472],[28.74725,66.03062],[28.72697,66.00886],[28.84316,65.97307],[29.0315,65.94992],[29.03541,65.98263],[29.1118,65.98919],[29.16298,66.00996],[29.27644,66.00105],[29.26338,65.95839],[29.29107,65.90565],[29.37455,65.89639],[29.51803,65.89783],[29.55527,65.90572],[29.66646,65.88761],[29.70944,65.92281],[29.79026,65.89659],[29.82562,65.86607],[29.94388,65.86586],[30.03671,65.87711],[30.08009,65.86737]]]}},{"type":"Feature","properties":{"nr":"93900"},"geometry":{"type":"Polygon","coordinates":[[[29.57293,66.43285],[29.52218,66.49308],[29.41861,66.47196],[29.22049,66.41685],[28.96352,66.44473],[28.8763,66.46333],[28.84971,66.48385],[28.6971,66.46943],[28.68833,66.4332],[28.54858,66.39375],[28.59499,66.337],[28.55797,66.2668],[28.55321,66.24033],[28.70147,66.2451],[28.74761,66.21053],[28.87076,66.1967],[28.96494,66.23433],[29.06893,66.25218],[29.22994,66.24242],[29.37186,66.21365],[29.39921,66.21656],[29.69046,66.28526],[29.57293,66.43285]]]}},{"type":"Feature","properties":{"nr":"93999"},"geometry":{"type":"Polygon","coordinates":[[[28.69347,66.14417],[28.75352,66.17387],[28.87076,66.1967],[28.74761,66.21053],[28.69885,66.15832],[28.69347,66.14417]]]}},{"type":"Feature","properties":{"nr":"94100"},"geometry":{"type":"MultiPolygon","coordinates":[[[[24.59185,65.69506],[24.59939,65.70186],[24.59734,65.70279],[24.58868,65.69478],[24.59185,65.69506]]],[[[24.56645,65.75269],[24.52869,65.74275],[24.57838,65.72799],[24.58975,65.7289],[24.58629,65.73209],[24.56645,65.75269]]]]}},{"type":"Feature","properties":{"nr":"94200"},"geometry":{"type":"Polygon","coordinates":[[[24.56645,65.75269],[24.59044,65.77581],[24.53577,65.78418],[24.49,65.74565],[24.52869,65.74275],[24.56645,65.75269]]]}},{"type":"Feature","properties":{"nr":"94300"},"geometry":{"type":"Polygon","coordinates":[[[24.49,65.74565],[24.53577,65.78418],[24.53,65.78603],[24.44598,65.76603],[24.43113,65.76538],[24.49,65.74565]]]}},{"type":"Feature","properties":{"nr":"94400"},"geometry":{"type":"Polygon","coordinates":[[[24.5477,65.79373],[24.58067,65.83974],[24.48987,65.82788],[24.49587,65.81655],[24.5477,65.79373]]]}},{"type":"Feature","properties":{"nr":"94460"},"geometry":{"type":"Polygon","coordinates":[[[24.47248,65.8385],[24.51621,65.84426],[24.52005,65.91108],[24.48927,65.92846],[24.46662,65.92757],[24.43045,65.92406],[24.41956,65.87486],[24.43234,65.86422],[24.47248,65.8385]]]}},{"type":"Feature","properties":{"nr":"94430"},"geometry":{"type":"Polygon","coordinates":[[[24.44598,65.76603],[24.45213,65.80293],[24.49587,65.81655],[24.48987,65.82788],[24.47248,65.8385],[24.43234,65.86422],[24.35512,65.78523],[24.43113,65.76538],[24.44598,65.76603]]]}},{"type":"Feature","properties":{"nr":"95220"},"geometry":{"type":"Polygon","coordinates":[[[24.96058,65.67603],[24.87727,65.67083],[24.86692,65.66692],[24.91944,65.63687],[24.96058,65.67603]]]}},{"type":"Feature","properties":{"nr":"94500"},"geometry":{"type":"Polygon","coordinates":[[[25.17778,65.83325],[25.30817,65.878],[25.38448,65.94601],[25.37708,65.99698],[25.16153,66.03347],[25.01589,66.04078],[24.91123,65.97652],[24.9171,65.93985],[24.87649,65.91802],[24.93587,65.89333],[24.82858,65.86097],[24.61474,65.87609],[24.58067,65.83974],[24.5477,65.79373],[24.53,65.78603],[24.53577,65.78418],[24.59044,65.77581],[24.67198,65.7778],[24.74168,65.74555],[24.74854,65.74491],[24.83103,65.78214],[24.99022,65.82248],[25.17778,65.83325]]]}},{"type":"Feature","properties":{"nr":"94600"},"geometry":{"type":"Polygon","coordinates":[[[24.74168,65.74555],[24.67198,65.7778],[24.59044,65.77581],[24.56645,65.75269],[24.58629,65.73209],[24.62646,65.74933],[24.74168,65.74555]]]}},{"type":"Feature","properties":{"nr":"94700"},"geometry":{"type":"Polygon","coordinates":[[[24.74168,65.74555],[24.62646,65.74933],[24.58629,65.73209],[24.58975,65.7289],[24.61158,65.7147],[24.63769,65.70085],[24.6489,65.69657],[24.73184,65.71768],[24.74854,65.74491],[24.74168,65.74555]]]}},{"type":"Feature","properties":{"nr":"94720"},"geometry":{"type":"MultiPolygon","coordinates":[[[[24.60567,65.70302],[24.59734,65.70279],[24.59939,65.70186],[24.60567,65.70302]]],[[[24.57838,65.72799],[24.61158,65.7147],[24.58975,65.7289],[24.57838,65.72799]]]]}},{"type":"Feature","properties":{"nr":"94800"},"geometry":{"type":"MultiPolygon","coordinates":[[[[24.5983,65.68927],[24.60567,65.70302],[24.59939,65.70186],[24.59185,65.69506],[24.5983,65.68927]]],[[[24.63769,65.70085],[24.62862,65.68226],[24.6489,65.69657],[24.63769,65.70085]]]]}},{"type":"Feature","properties":{"nr":"94830"},"geometry":{"type":"Polygon","coordinates":[[[24.62862,65.68226],[24.67141,65.63815],[24.73184,65.71768],[24.6489,65.69657],[24.62862,65.68226]]]}},{"type":"Feature","properties":{"nr":"94900"},"geometry":{"type":"Polygon","coordinates":[[[24.58868,65.69478],[24.5983,65.68927],[24.59185,65.69506],[24.58868,65.69478]]]}},{"type":"Feature","properties":{"nr":"95100"},"geometry":{"type":"Polygon","coordinates":[[[25.7536,65.74374],[25.62538,65.76805],[25.46013,65.76963],[25.35346,65.73534],[25.16525,65.64315],[25.0844,65.58669],[25.11743,65.55848],[25.1712,65.56631],[25.19374,65.59485],[25.35113,65.56747],[25.44038,65.57852],[25.42016,65.61666],[25.61563,65.68266],[25.68352,65.69077],[25.76755,65.68735],[25.7536,65.74374]]]}},{"type":"Feature","properties":{"nr":"95110"},"geometry":{"type":"Polygon","coordinates":[[[25.35113,65.56747],[25.19374,65.59485],[25.1712,65.56631],[25.26589,65.51423],[25.30318,65.51286],[25.35113,65.56747]]]}},{"type":"Feature","properties":{"nr":"95130"},"geometry":{"type":"Polygon","coordinates":[[[25.44698,65.57777],[25.66586,65.62118],[25.71903,65.63752],[25.68352,65.69077],[25.61563,65.68266],[25.42016,65.61666],[25.44038,65.57852],[25.44698,65.57777]]]}},{"type":"Feature","properties":{"nr":"95160"},"geometry":{"type":"Polygon","coordinates":[[[25.87096,65.55498],[26.00006,65.56414],[26.05965,65.55991],[26.21464,65.61363],[26.2629,65.61832],[26.26785,65.69768],[26.3433,65.74088],[26.33396,65.79371],[26.03824,65.83652],[26.03002,65.83416],[25.95013,65.77642],[25.7536,65.74374],[25.76755,65.68735],[25.68352,65.69077],[25.71903,65.63752],[25.77216,65.61868],[25.8421,65.55628],[25.87096,65.55498]]]}},{"type":"Feature","properties":{"nr":"95200"},"geometry":{"type":"Polygon","coordinates":[[[25.17952,65.8317],[25.04698,65.75636],[24.94358,65.74182],[24.94324,65.70387],[24.99052,65.69098],[25.05568,65.63862],[25.04784,65.62173],[25.0844,65.58669],[25.16525,65.64315],[25.35346,65.73534],[25.46013,65.76963],[25.45127,65.79111],[25.31892,65.81061],[25.31716,65.83287],[25.17952,65.8317]]]}},{"type":"Feature","properties":{"nr":"95210"},"geometry":{"type":"Polygon","coordinates":[[[25.04784,65.62173],[25.05568,65.63862],[24.99052,65.69098],[24.96058,65.67603],[24.91944,65.63687],[25.04784,65.62173]]]}},{"type":"Feature","properties":{"nr":"95225"},"geometry":{"type":"Polygon","coordinates":[[[24.87727,65.67083],[24.96058,65.67603],[24.99052,65.69098],[24.94324,65.70387],[24.94358,65.74182],[25.04698,65.75636],[25.17952,65.8317],[25.17778,65.83325],[24.99022,65.82248],[24.83103,65.78214],[24.87203,65.75734],[24.87727,65.67083]]]}},{"type":"Feature","properties":{"nr":"95230"},"geometry":{"type":"Polygon","coordinates":[[[24.87727,65.67083],[24.87203,65.75734],[24.83103,65.78214],[24.74854,65.74491],[24.73184,65.71768],[24.67141,65.63815],[24.7531,65.6663],[24.86692,65.66692],[24.87727,65.67083]]]}},{"type":"Feature","properties":{"nr":"95255"},"geometry":{"type":"Polygon","coordinates":[[[25.45127,65.79111],[25.49655,65.82803],[25.49963,65.86012],[25.44512,65.88208],[25.4343,65.92467],[25.38448,65.94601],[25.30817,65.878],[25.17778,65.83325],[25.17952,65.8317],[25.31716,65.83287],[25.31892,65.81061],[25.45127,65.79111]]]}},{"type":"Feature","properties":{"nr":"95260"},"geometry":{"type":"Polygon","coordinates":[[[25.62538,65.76805],[25.60832,65.83622],[25.68343,65.87138],[25.70704,65.94107],[25.78751,65.99997],[25.75907,66.0688],[25.61514,66.07296],[25.52851,66.04964],[25.37708,65.99698],[25.38448,65.94601],[25.4343,65.92467],[25.44512,65.88208],[25.49963,65.86012],[25.49655,65.82803],[25.45127,65.79111],[25.46013,65.76963],[25.62538,65.76805]]]}},{"type":"Feature","properties":{"nr":"95270"},"geometry":{"type":"Polygon","coordinates":[[[25.7536,65.74374],[25.95013,65.77642],[26.03002,65.83416],[25.81505,65.84415],[25.68343,65.87138],[25.60832,65.83622],[25.62538,65.76805],[25.7536,65.74374]]]}},{"type":"Feature","properties":{"nr":"95300"},"geometry":{"type":"Polygon","coordinates":[[[25.52851,66.04964],[25.37724,66.06542],[25.26721,66.06725],[25.22416,66.1146],[25.3542,66.17782],[25.31194,66.20574],[25.23349,66.16596],[25.14766,66.17156],[25.21654,66.20999],[25.14731,66.22584],[25.07553,66.20203],[25.08232,66.13966],[25.02437,66.14267],[24.88365,66.11717],[24.79798,66.09481],[24.76534,66.03815],[24.7403,66.0256],[24.84721,65.99462],[24.91123,65.97652],[25.01589,66.04078],[25.16153,66.03347],[25.37708,65.99698],[25.52851,66.04964]],[[25.11249,66.14816],[25.11467,66.15196],[25.12553,66.15895],[25.12303,66.14866],[25.11249,66.14816]]]}},{"type":"Feature","properties":{"nr":"95310"},"geometry":{"type":"Polygon","coordinates":[[[24.61679,65.88653],[24.52005,65.91108],[24.51621,65.84426],[24.47248,65.8385],[24.48987,65.82788],[24.58067,65.83974],[24.61474,65.87609],[24.61679,65.88653]]]}},{"type":"Feature","properties":{"nr":"95315"},"geometry":{"type":"Polygon","coordinates":[[[24.52005,65.91108],[24.61679,65.88653],[24.7066,65.91581],[24.63349,65.93657],[24.61243,65.97463],[24.52232,65.97094],[24.48927,65.92846],[24.52005,65.91108]]]}},{"type":"Feature","properties":{"nr":"95325"},"geometry":{"type":"Polygon","coordinates":[[[24.71409,65.97045],[24.7403,66.0256],[24.76534,66.03815],[24.70069,66.05533],[24.53937,66.0612],[24.59771,66.0398],[24.60394,66.00862],[24.52232,65.97094],[24.61243,65.97463],[24.71409,65.97045]]]}},{"type":"Feature","properties":{"nr":"95330"},"geometry":{"type":"Polygon","coordinates":[[[24.88086,66.20606],[24.89721,66.24371],[24.7798,66.32584],[24.77675,66.34173],[24.51102,66.28364],[24.46351,66.26391],[24.41152,66.27147],[24.39038,66.22555],[24.48897,66.1778],[24.53937,66.0612],[24.70069,66.05533],[24.76534,66.03815],[24.79798,66.09481],[24.88365,66.11717],[24.84295,66.12409],[24.84217,66.16325],[24.88086,66.20606]]]}},{"type":"Feature","properties":{"nr":"95340"},"geometry":{"type":"Polygon","coordinates":[[[24.88365,66.11717],[25.02437,66.14267],[25.08232,66.13966],[25.07553,66.20203],[24.921,66.21311],[24.88086,66.20606],[24.84217,66.16325],[24.84295,66.12409],[24.88365,66.11717]]]}},{"type":"Feature","properties":{"nr":"95355"},"geometry":{"type":"Polygon","coordinates":[[[25.86813,66.10976],[25.60777,66.18777],[25.57091,66.23381],[25.57318,66.29344],[25.50652,66.30817],[25.35837,66.22086],[25.24835,66.21475],[25.21654,66.20999],[25.14766,66.17156],[25.23349,66.16596],[25.31194,66.20574],[25.3542,66.17782],[25.22416,66.1146],[25.26721,66.06725],[25.37724,66.06542],[25.52851,66.04964],[25.61514,66.07296],[25.75907,66.0688],[25.86813,66.10976]]]}},{"type":"Feature","properties":{"nr":"95365"},"geometry":{"type":"Polygon","coordinates":[[[24.61474,65.87609],[24.82858,65.86097],[24.93587,65.89333],[24.87649,65.91802],[24.7066,65.91581],[24.61679,65.88653],[24.61474,65.87609]]]}},{"type":"Feature","properties":{"nr":"95370"},"geometry":{"type":"Polygon","coordinates":[[[24.7066,65.91581],[24.87649,65.91802],[24.9171,65.93985],[24.91123,65.97652],[24.84721,65.99462],[24.80009,65.96928],[24.71409,65.97045],[24.61243,65.97463],[24.63349,65.93657],[24.7066,65.91581]]]}},{"type":"Feature","properties":{"nr":"95375"},"geometry":{"type":"Polygon","coordinates":[[[24.71409,65.97045],[24.80009,65.96928],[24.84721,65.99462],[24.7403,66.0256],[24.71409,65.97045]]]}},{"type":"Feature","properties":{"nr":"95400"},"geometry":{"type":"Polygon","coordinates":[[[24.13615,65.86297],[24.15532,65.8155],[24.14909,65.8323],[24.16132,65.8513],[24.15592,65.8548],[24.13615,65.86297]]]}},{"type":"Feature","properties":{"nr":"95410"},"geometry":{"type":"Polygon","coordinates":[[[24.20314,65.8519],[24.19319,65.89709],[24.13372,65.8866],[24.15055,65.865],[24.15592,65.8548],[24.16132,65.8513],[24.20314,65.8519]]]}},{"type":"Feature","properties":{"nr":"95420"},"geometry":{"type":"Polygon","coordinates":[[[24.20314,65.8519],[24.16132,65.8513],[24.14909,65.8323],[24.20272,65.82833],[24.20928,65.83949],[24.20314,65.8519]]]}},{"type":"Feature","properties":{"nr":"95430"},"geometry":{"type":"Polygon","coordinates":[[[24.15592,65.8548],[24.15055,65.865],[24.13615,65.86297],[24.15592,65.8548]]]}},{"type":"Feature","properties":{"nr":"95440"},"geometry":{"type":"Polygon","coordinates":[[[24.35512,65.78523],[24.43234,65.86422],[24.41956,65.87486],[24.35678,65.88419],[24.28541,65.83823],[24.2432,65.83528],[24.28577,65.79422],[24.35512,65.78523]]]}},{"type":"Feature","properties":{"nr":"95450"},"geometry":{"type":"Polygon","coordinates":[[[24.20272,65.82833],[24.14909,65.8323],[24.15532,65.8155],[24.1373,65.79884],[24.18898,65.77961],[24.20272,65.82833]]]}},{"type":"Feature","properties":{"nr":"95460"},"geometry":{"type":"Polygon","coordinates":[[[24.41956,65.87486],[24.43045,65.92406],[24.46662,65.92757],[24.4351,65.94892],[24.35573,65.96649],[24.31914,65.9526],[24.31472,65.93993],[24.19319,65.89709],[24.20314,65.8519],[24.20928,65.83949],[24.2432,65.83528],[24.28541,65.83823],[24.35678,65.88419],[24.41956,65.87486]]]}},{"type":"Feature","properties":{"nr":"95490"},"geometry":{"type":"Polygon","coordinates":[[[24.18898,65.77961],[24.1373,65.79884],[24.15651,65.75303],[24.2114,65.76998],[24.18898,65.77961]]]}},{"type":"Feature","properties":{"nr":"95590"},"geometry":{"type":"Polygon","coordinates":[[[24.53937,66.0612],[24.48897,66.1778],[24.39038,66.22555],[24.28809,66.17902],[24.29941,66.13354],[24.26748,66.09019],[24.19627,66.05781],[24.24385,66.03841],[24.26251,65.98873],[24.31914,65.9526],[24.35573,65.96649],[24.4351,65.94892],[24.46662,65.92757],[24.48927,65.92846],[24.52232,65.97094],[24.60394,66.00862],[24.59771,66.0398],[24.53937,66.0612]]]}},{"type":"Feature","properties":{"nr":"95750"},"geometry":{"type":"Polygon","coordinates":[[[23.99595,66.90435],[24.02444,66.8661],[24.12604,66.84711],[24.24192,66.86664],[24.29828,66.92849],[24.32894,66.98231],[24.26263,67.03586],[24.1453,67.01835],[24.05257,67.01379],[23.92922,66.99187],[23.93017,66.97915],[24.03792,66.95687],[24.0387,66.92969],[23.99595,66.90435]]]}},{"type":"Feature","properties":{"nr":"95500"},"geometry":{"type":"Polygon","coordinates":[[[24.31914,65.9526],[24.26251,65.98873],[24.17145,65.9858],[24.07427,65.94443],[24.13372,65.8866],[24.19319,65.89709],[24.31472,65.93993],[24.31914,65.9526]]]}},{"type":"Feature","properties":{"nr":"95660"},"geometry":{"type":"Polygon","coordinates":[[[24.30771,66.47647],[24.12011,66.50078],[24.10295,66.48207],[23.95217,66.47333],[23.86253,66.44833],[23.85132,66.44307],[23.86999,66.38264],[23.99546,66.38028],[24.02525,66.36881],[24.08174,66.40679],[24.24642,66.42623],[24.30353,66.44257],[24.30771,66.47647]]]}},{"type":"Feature","properties":{"nr":"98710"},"geometry":{"type":"Polygon","coordinates":[[[28.13186,66.66661],[28.09716,66.70923],[28.04984,66.71611],[27.95269,66.76067],[27.7905,66.78519],[27.81101,66.70191],[27.85861,66.65858],[27.95634,66.66063],[28.0055,66.63467],[28.07695,66.63653],[28.13186,66.66661]]]}},{"type":"Feature","properties":{"nr":"95520"},"geometry":{"type":"Polygon","coordinates":[[[24.17145,65.9858],[24.06139,66.01314],[24.03912,66.00748],[24.0431,65.96224],[24.07427,65.94443],[24.17145,65.9858]]]}},{"type":"Feature","properties":{"nr":"95670"},"geometry":{"type":"Polygon","coordinates":[[[24.60117,66.4663],[24.53577,66.51316],[24.51055,66.58916],[24.31987,66.5974],[24.26602,66.61878],[24.16755,66.59056],[24.25813,66.5514],[24.18633,66.53688],[24.12011,66.50078],[24.30771,66.47647],[24.34214,66.48959],[24.45474,66.46706],[24.46602,66.44488],[24.55029,66.43978],[24.60117,66.4663]]]}},{"type":"Feature","properties":{"nr":"95675"},"geometry":{"type":"Polygon","coordinates":[[[24.60117,66.4663],[24.7124,66.46019],[24.80131,66.47938],[24.95808,66.50043],[24.97222,66.50723],[24.94788,66.5242],[24.78174,66.57527],[24.65534,66.60183],[24.51368,66.59204],[24.51055,66.58916],[24.53577,66.51316],[24.60117,66.4663]]]}},{"type":"Feature","properties":{"nr":"95530"},"geometry":{"type":"Polygon","coordinates":[[[24.19627,66.05781],[24.26748,66.09019],[24.29941,66.13354],[24.28809,66.17902],[24.15711,66.19516],[24.06787,66.18477],[24.08043,66.12958],[24.01056,66.12919],[23.93948,66.09914],[23.93833,66.07672],[24.03912,66.00748],[24.06139,66.01314],[24.08745,66.03846],[24.19627,66.05781]]]}},{"type":"Feature","properties":{"nr":"95600"},"geometry":{"type":"Polygon","coordinates":[[[24.35969,66.42624],[24.30353,66.44257],[24.24642,66.42623],[24.08174,66.40679],[24.02525,66.36881],[23.82499,66.33957],[23.75871,66.36848],[23.66638,66.3594],[23.6456,66.30211],[23.67298,66.2732],[23.72552,66.27719],[23.84006,66.25447],[23.93609,66.24474],[23.94394,66.21707],[24.06787,66.18477],[24.15711,66.19516],[24.28809,66.17902],[24.39038,66.22555],[24.41152,66.27147],[24.31052,66.2963],[24.25885,66.34949],[24.28475,66.39775],[24.35969,66.42624]]]}},{"type":"Feature","properties":{"nr":"95540"},"geometry":{"type":"Polygon","coordinates":[[[24.06787,66.18477],[23.94394,66.21707],[23.89549,66.21172],[23.89186,66.16767],[23.92987,66.14949],[23.93948,66.09914],[24.01056,66.12919],[24.08043,66.12958],[24.06787,66.18477]]]}},{"type":"Feature","properties":{"nr":"95560"},"geometry":{"type":"Polygon","coordinates":[[[24.17145,65.9858],[24.26251,65.98873],[24.24385,66.03841],[24.19627,66.05781],[24.08745,66.03846],[24.06139,66.01314],[24.17145,65.9858]]]}},{"type":"Feature","properties":{"nr":"95680"},"geometry":{"type":"Polygon","coordinates":[[[24.35969,66.42624],[24.46602,66.44488],[24.45474,66.46706],[24.34214,66.48959],[24.30771,66.47647],[24.30353,66.44257],[24.35969,66.42624]]]}},{"type":"Feature","properties":{"nr":"95610"},"geometry":{"type":"Polygon","coordinates":[[[23.94394,66.21707],[23.93609,66.24474],[23.84006,66.25447],[23.72552,66.27719],[23.67298,66.2732],[23.72653,66.19989],[23.7726,66.21158],[23.89549,66.21172],[23.94394,66.21707]]]}},{"type":"Feature","properties":{"nr":"95620"},"geometry":{"type":"Polygon","coordinates":[[[23.82499,66.33957],[23.86999,66.38264],[23.85132,66.44307],[23.84966,66.44286],[23.74918,66.40826],[23.67291,66.3958],[23.66638,66.3594],[23.75871,66.36848],[23.82499,66.33957]]]}},{"type":"Feature","properties":{"nr":"95615"},"geometry":{"type":"Polygon","coordinates":[[[23.72653,66.19989],[23.83112,66.17038],[23.89186,66.16767],[23.89549,66.21172],[23.7726,66.21158],[23.72653,66.19989]]]}},{"type":"Feature","properties":{"nr":"95630"},"geometry":{"type":"Polygon","coordinates":[[[23.67291,66.3958],[23.74918,66.40826],[23.84966,66.44286],[23.74389,66.43242],[23.6483,66.44098],[23.67291,66.3958]]]}},{"type":"Feature","properties":{"nr":"95635"},"geometry":{"type":"Polygon","coordinates":[[[23.86253,66.44833],[23.84282,66.52094],[23.79705,66.52112],[23.71435,66.49296],[23.6483,66.44098],[23.74389,66.43242],[23.84966,66.44286],[23.85132,66.44307],[23.86253,66.44833]]]}},{"type":"Feature","properties":{"nr":"95655"},"geometry":{"type":"Polygon","coordinates":[[[23.82499,66.33957],[24.02525,66.36881],[23.99546,66.38028],[23.86999,66.38264],[23.82499,66.33957]]]}},{"type":"Feature","properties":{"nr":"95640"},"geometry":{"type":"Polygon","coordinates":[[[24.16755,66.59056],[23.88197,66.60878],[23.85799,66.55788],[23.79705,66.52112],[23.84282,66.52094],[23.86253,66.44833],[23.95217,66.47333],[24.10295,66.48207],[24.12011,66.50078],[24.18633,66.53688],[24.25813,66.5514],[24.16755,66.59056]]]}},{"type":"Feature","properties":{"nr":"95690"},"geometry":{"type":"Polygon","coordinates":[[[24.95808,66.50043],[24.80131,66.47938],[24.7124,66.46019],[24.60117,66.4663],[24.55029,66.43978],[24.46602,66.44488],[24.35969,66.42624],[24.28475,66.39775],[24.25885,66.34949],[24.31052,66.2963],[24.41152,66.27147],[24.46351,66.26391],[24.51102,66.28364],[24.77675,66.34173],[24.88839,66.41525],[24.95808,66.50043]]]}},{"type":"Feature","properties":{"nr":"95645"},"geometry":{"type":"Polygon","coordinates":[[[24.16755,66.59056],[24.26602,66.61878],[24.24899,66.65578],[24.13989,66.69197],[24.13855,66.70472],[24.01609,66.68995],[23.97573,66.70567],[23.89043,66.6967],[23.86467,66.65461],[23.88197,66.60878],[24.16755,66.59056]]]}},{"type":"Feature","properties":{"nr":"95700"},"geometry":{"type":"MultiPolygon","coordinates":[[[[23.85073,66.99347],[23.7783,66.99825],[23.817,66.97937],[23.85073,66.99347]]],[[[24.24192,66.86664],[24.12604,66.84711],[24.02444,66.8661],[23.99595,66.90435],[23.89903,66.90203],[23.93621,66.88356],[23.99529,66.82177],[23.98285,66.79012],[23.88124,66.76502],[23.90779,66.72112],[23.89043,66.6967],[23.97573,66.70567],[24.01609,66.68995],[24.13855,66.70472],[24.1078,66.72833],[24.33816,66.78821],[24.33898,66.81346],[24.24192,66.86664]]]]}},{"type":"Feature","properties":{"nr":"95710"},"geometry":{"type":"Polygon","coordinates":[[[23.89903,66.90203],[23.99595,66.90435],[24.0387,66.92969],[24.03792,66.95687],[23.93017,66.97915],[23.86208,66.95404],[23.86436,66.91907],[23.89903,66.90203]]]}},{"type":"Feature","properties":{"nr":"95720"},"geometry":{"type":"Polygon","coordinates":[[[23.86208,66.95404],[23.93017,66.97915],[23.92922,66.99187],[23.85073,66.99347],[23.817,66.97937],[23.86208,66.95404]]]}},{"type":"Feature","properties":{"nr":"95760"},"geometry":{"type":"Polygon","coordinates":[[[24.56162,66.78695],[24.48643,66.84941],[24.54649,66.92552],[24.51261,66.93849],[24.42666,66.91522],[24.29828,66.92849],[24.24192,66.86664],[24.33898,66.81346],[24.33816,66.78821],[24.43377,66.7672],[24.56162,66.78695]]]}},{"type":"Feature","properties":{"nr":"95770"},"geometry":{"type":"Polygon","coordinates":[[[24.44285,66.69804],[24.43377,66.7672],[24.33816,66.78821],[24.1078,66.72833],[24.13855,66.70472],[24.13989,66.69197],[24.24899,66.65578],[24.32833,66.70477],[24.44285,66.69804]]]}},{"type":"Feature","properties":{"nr":"95780"},"geometry":{"type":"Polygon","coordinates":[[[24.44285,66.69804],[24.32833,66.70477],[24.24899,66.65578],[24.26602,66.61878],[24.31987,66.5974],[24.51055,66.58916],[24.51368,66.59204],[24.49659,66.63669],[24.51409,66.66878],[24.44285,66.69804]]]}},{"type":"Feature","properties":{"nr":"95790"},"geometry":{"type":"Polygon","coordinates":[[[24.51409,66.66878],[24.61962,66.66388],[24.61799,66.69278],[24.71592,66.69636],[24.83513,66.72251],[24.83341,66.72527],[24.67404,66.79995],[24.56162,66.78695],[24.43377,66.7672],[24.44285,66.69804],[24.51409,66.66878]]]}},{"type":"Feature","properties":{"nr":"95800"},"geometry":{"type":"Polygon","coordinates":[[[23.9866,67.19614],[23.83243,67.19574],[23.72533,67.1773],[23.79355,67.11644],[23.98528,67.08181],[24.2112,67.06697],[24.31361,67.11968],[24.43456,67.10157],[24.51545,67.03981],[24.4778,67.00121],[24.51994,66.99211],[24.72535,67.01625],[24.84131,67.02031],[24.7668,67.08214],[24.6404,67.09063],[24.5404,67.12582],[24.40968,67.13405],[24.33396,67.14773],[24.16895,67.16203],[23.9866,67.19614]]]}},{"type":"Feature","properties":{"nr":"95850"},"geometry":{"type":"Polygon","coordinates":[[[24.7668,67.08214],[24.71325,67.13646],[24.77258,67.15635],[24.73031,67.19638],[24.59925,67.24216],[24.57002,67.26731],[24.48425,67.26904],[24.32786,67.21503],[24.33396,67.14773],[24.40968,67.13405],[24.5404,67.12582],[24.6404,67.09063],[24.7668,67.08214]]]}},{"type":"Feature","properties":{"nr":"95860"},"geometry":{"type":"Polygon","coordinates":[[[24.4778,67.00121],[24.51545,67.03981],[24.43456,67.10157],[24.31361,67.11968],[24.2112,67.06697],[24.26263,67.03586],[24.32894,66.98231],[24.4778,67.00121]]]}},{"type":"Feature","properties":{"nr":"95900"},"geometry":{"type":"Polygon","coordinates":[[[24.23537,67.56659],[24.21193,67.54841],[24.11083,67.55207],[24.11037,67.57052],[23.9986,67.61017],[24.06558,67.63553],[23.88894,67.6414],[23.9095,67.62681],[23.88075,67.57487],[23.76988,67.57274],[23.77465,67.51054],[23.71004,67.496],[23.77134,67.48429],[23.79283,67.44553],[23.77319,67.42128],[23.73273,67.39563],[23.77511,67.33931],[23.73044,67.28906],[23.5776,67.26903],[23.54837,67.22768],[23.59586,67.20782],[23.5514,67.171],[23.65375,67.10425],[23.67062,67.06682],[23.7783,66.99825],[23.85073,66.99347],[23.92922,66.99187],[24.05257,67.01379],[24.1453,67.01835],[24.26263,67.03586],[24.2112,67.06697],[23.98528,67.08181],[23.79355,67.11644],[23.72533,67.1773],[23.83243,67.19574],[23.9866,67.19614],[24.05392,67.22529],[24.0453,67.24334],[24.04955,67.30008],[24.13134,67.32246],[24.14527,67.34912],[24.08056,67.39751],[24.10728,67.41871],[24.22625,67.42041],[24.28613,67.45223],[24.35972,67.46364],[24.31279,67.48995],[24.2432,67.51414],[24.23537,67.56659]]]}},{"type":"Feature","properties":{"nr":"95920"},"geometry":{"type":"Polygon","coordinates":[[[23.77319,67.42128],[23.76364,67.42978],[23.73273,67.39563],[23.77319,67.42128]]]}},{"type":"Feature","properties":{"nr":"95930"},"geometry":{"type":"Polygon","coordinates":[[[23.76364,67.42978],[23.77319,67.42128],[23.79283,67.44553],[23.77134,67.48429],[23.71004,67.496],[23.39672,67.4903],[23.41334,67.46647],[23.50966,67.44646],[23.56331,67.45948],[23.76364,67.42978]]]}},{"type":"Feature","properties":{"nr":"95940"},"geometry":{"type":"Polygon","coordinates":[[[23.71004,67.496],[23.77465,67.51054],[23.76988,67.57274],[23.64141,67.54897],[23.46178,67.55357],[23.47574,67.53042],[23.39672,67.4903],[23.71004,67.496]]]}},{"type":"Feature","properties":{"nr":"95980"},"geometry":{"type":"Polygon","coordinates":[[[24.26834,67.58098],[24.23537,67.56659],[24.2432,67.51414],[24.31279,67.48995],[24.34866,67.52357],[24.26834,67.58098]]]}},{"type":"Feature","properties":{"nr":"95990"},"geometry":{"type":"Polygon","coordinates":[[[24.13134,67.32246],[24.33908,67.34754],[24.33835,67.41531],[24.35972,67.46364],[24.28613,67.45223],[24.22625,67.42041],[24.10728,67.41871],[24.08056,67.39751],[24.14527,67.34912],[24.13134,67.32246]]]}},{"type":"Feature","properties":{"nr":"95950"},"geometry":{"type":"Polygon","coordinates":[[[23.88894,67.6414],[23.60895,67.6487],[23.56939,67.65508],[23.50613,67.65396],[23.55874,67.6205],[23.54428,67.58251],[23.46178,67.55357],[23.64141,67.54897],[23.76988,67.57274],[23.88075,67.57487],[23.9095,67.62681],[23.88894,67.6414]]]}},{"type":"Feature","properties":{"nr":"96100"},"geometry":{"type":"MultiPolygon","coordinates":[[[[25.70003,66.51086],[25.61456,66.50822],[25.59147,66.5263],[25.58892,66.52707],[25.51211,66.51374],[25.58865,66.4914],[25.70261,66.49153],[25.73722,66.48971],[25.73817,66.49766],[25.70703,66.50879],[25.70003,66.51086]]],[[[25.50208,66.58064],[25.60231,66.55419],[25.66185,66.55739],[25.63911,66.58829],[25.56325,66.61631],[25.50969,66.60672],[25.50208,66.58064]]]]}},{"type":"Feature","properties":{"nr":"96190"},"geometry":{"type":"Polygon","coordinates":[[[25.71376,66.52499],[25.63995,66.5405],[25.58892,66.52707],[25.59147,66.5263],[25.70003,66.51086],[25.70703,66.50879],[25.72886,66.5169],[25.71376,66.52499]]]}},{"type":"Feature","properties":{"nr":"96200"},"geometry":{"type":"Polygon","coordinates":[[[25.7679,66.51234],[25.72886,66.5169],[25.70703,66.50879],[25.73817,66.49766],[25.76731,66.50292],[25.7679,66.51234]]]}},{"type":"Feature","properties":{"nr":"96300"},"geometry":{"type":"Polygon","coordinates":[[[25.73722,66.48971],[25.70261,66.49153],[25.61815,66.48565],[25.63068,66.47578],[25.73722,66.48971]]]}},{"type":"Feature","properties":{"nr":"96320"},"geometry":{"type":"Polygon","coordinates":[[[25.70261,66.49153],[25.58865,66.4914],[25.61815,66.48565],[25.70261,66.49153]]]}},{"type":"Feature","properties":{"nr":"96400"},"geometry":{"type":"Polygon","coordinates":[[[25.81043,66.49774],[25.76731,66.50292],[25.73817,66.49766],[25.73722,66.48971],[25.63068,66.47578],[25.62672,66.43771],[25.57839,66.42553],[25.678,66.41008],[25.80917,66.42274],[25.84863,66.44756],[25.84403,66.46213],[25.76792,66.46608],[25.78618,66.47841],[25.81043,66.49774]]]}},{"type":"Feature","properties":{"nr":"96440"},"geometry":{"type":"Polygon","coordinates":[[[25.87631,66.4505],[25.8962,66.4847],[25.81043,66.49774],[25.78618,66.47841],[25.84403,66.46213],[25.84863,66.44756],[25.87631,66.4505]]]}},{"type":"Feature","properties":{"nr":"96460"},"geometry":{"type":"Polygon","coordinates":[[[25.78618,66.47841],[25.76792,66.46608],[25.84403,66.46213],[25.78618,66.47841]]]}},{"type":"Feature","properties":{"nr":"96500"},"geometry":{"type":"Polygon","coordinates":[[[25.70003,66.51086],[25.59147,66.5263],[25.61456,66.50822],[25.70003,66.51086]]]}},{"type":"Feature","properties":{"nr":"96960"},"geometry":{"type":"Polygon","coordinates":[[[25.79081,66.54699],[25.83906,66.57554],[25.74737,66.55522],[25.79081,66.54699]]]}},{"type":"Feature","properties":{"nr":"96600"},"geometry":{"type":"Polygon","coordinates":[[[25.96395,66.43685],[25.98609,66.48742],[25.88016,66.51342],[25.7679,66.51234],[25.76731,66.50292],[25.81043,66.49774],[25.8962,66.4847],[25.87631,66.4505],[25.96395,66.43685]]]}},{"type":"Feature","properties":{"nr":"96700"},"geometry":{"type":"Polygon","coordinates":[[[25.57839,66.42553],[25.62672,66.43771],[25.63068,66.47578],[25.61815,66.48565],[25.58865,66.4914],[25.51211,66.51374],[25.41689,66.50814],[25.41507,66.47557],[25.56565,66.42518],[25.57839,66.42553]]]}},{"type":"Feature","properties":{"nr":"96800"},"geometry":{"type":"Polygon","coordinates":[[[25.66185,66.55739],[25.60231,66.55419],[25.50208,66.58064],[25.45905,66.55338],[25.37091,66.54231],[25.40297,66.51189],[25.41689,66.50814],[25.51211,66.51374],[25.58892,66.52707],[25.63995,66.5405],[25.71376,66.52499],[25.66185,66.55739]]]}},{"type":"Feature","properties":{"nr":"97160"},"geometry":{"type":"Polygon","coordinates":[[[25.29693,66.25444],[25.36285,66.27384],[25.32267,66.27781],[25.29693,66.25444]]]}},{"type":"Feature","properties":{"nr":"96900"},"geometry":{"type":"Polygon","coordinates":[[[26.07734,66.53507],[26.08566,66.55982],[26.17193,66.58888],[26.17635,66.60873],[26.0742,66.63185],[26.06961,66.72659],[26.05185,66.79065],[25.93675,66.86384],[25.81331,66.82807],[25.7099,66.81294],[25.72793,66.74977],[25.68923,66.69283],[25.61336,66.64195],[25.54133,66.63117],[25.56325,66.61631],[25.63911,66.58829],[25.66185,66.55739],[25.71376,66.52499],[25.72886,66.5169],[25.7679,66.51234],[25.88016,66.51342],[25.98609,66.48742],[26.07734,66.53507]],[[25.81184,66.53937],[25.74737,66.55522],[25.83906,66.57554],[25.87076,66.55177],[25.81184,66.53937]]]}},{"type":"Feature","properties":{"nr":"96910"},"geometry":{"type":"Polygon","coordinates":[[[25.74737,66.55522],[25.81184,66.53937],[25.79081,66.54699],[25.74737,66.55522]]]}},{"type":"Feature","properties":{"nr":"96930"},"geometry":{"type":"Polygon","coordinates":[[[25.81184,66.53937],[25.87076,66.55177],[25.83906,66.57554],[25.79081,66.54699],[25.81184,66.53937]]]}},{"type":"Feature","properties":{"nr":"97110"},"geometry":{"type":"Polygon","coordinates":[[[25.56565,66.42518],[25.44684,66.4274],[25.4136,66.40776],[25.43075,66.36889],[25.4236,66.30288],[25.46147,66.29616],[25.50652,66.30817],[25.57318,66.29344],[25.72065,66.31101],[25.66648,66.34352],[25.63203,66.38631],[25.678,66.41008],[25.57839,66.42553],[25.56565,66.42518]]]}},{"type":"Feature","properties":{"nr":"97130"},"geometry":{"type":"Polygon","coordinates":[[[25.56565,66.42518],[25.41507,66.47557],[25.41689,66.50814],[25.40297,66.51189],[25.32238,66.50165],[25.25771,66.46436],[25.2422,66.42376],[25.4136,66.40776],[25.44684,66.4274],[25.56565,66.42518]]]}},{"type":"Feature","properties":{"nr":"97140"},"geometry":{"type":"Polygon","coordinates":[[[25.37091,66.54231],[25.33182,66.52296],[25.07735,66.52695],[24.97222,66.50723],[24.95808,66.50043],[24.88839,66.41525],[24.77675,66.34173],[24.7798,66.32584],[24.89721,66.24371],[24.88086,66.20606],[24.921,66.21311],[25.07553,66.20203],[25.14731,66.22584],[25.21654,66.20999],[25.24835,66.21475],[25.29693,66.25444],[25.32267,66.27781],[25.36285,66.27384],[25.46147,66.29616],[25.4236,66.30288],[25.43075,66.36889],[25.4136,66.40776],[25.2422,66.42376],[25.25771,66.46436],[25.32238,66.50165],[25.40297,66.51189],[25.37091,66.54231]],[[25.36833,66.37529],[25.36735,66.37755],[25.37416,66.37834],[25.37371,66.37521],[25.36833,66.37529]]]}},{"type":"Feature","properties":{"nr":"97145"},"geometry":{"type":"Polygon","coordinates":[[[25.36833,66.37529],[25.37371,66.37521],[25.37416,66.37834],[25.36735,66.37755],[25.36833,66.37529]]]}},{"type":"Feature","properties":{"nr":"97170"},"geometry":{"type":"Polygon","coordinates":[[[25.50652,66.30817],[25.46147,66.29616],[25.36285,66.27384],[25.29693,66.25444],[25.24835,66.21475],[25.35837,66.22086],[25.50652,66.30817]]]}},{"type":"Feature","properties":{"nr":"97220"},"geometry":{"type":"Polygon","coordinates":[[[25.45905,66.55338],[25.50208,66.58064],[25.50969,66.60672],[25.56325,66.61631],[25.54133,66.63117],[25.40736,66.68245],[25.28702,66.68212],[25.29296,66.65307],[25.3538,66.62588],[25.45905,66.55338]]]}},{"type":"Feature","properties":{"nr":"97240"},"geometry":{"type":"Polygon","coordinates":[[[25.37091,66.54231],[25.45905,66.55338],[25.3538,66.62588],[25.29296,66.65307],[25.28702,66.68212],[25.22426,66.69694],[25.18545,66.7284],[25.19559,66.75877],[25.13378,66.81203],[25.01771,66.82544],[24.94272,66.78229],[24.93016,66.75743],[24.83341,66.72527],[24.83513,66.72251],[24.95693,66.68058],[25.01817,66.62818],[24.94788,66.5242],[24.97222,66.50723],[25.07735,66.52695],[25.33182,66.52296],[25.37091,66.54231]]]}},{"type":"Feature","properties":{"nr":"97250"},"geometry":{"type":"Polygon","coordinates":[[[24.94788,66.5242],[25.01817,66.62818],[24.95693,66.68058],[24.83513,66.72251],[24.71592,66.69636],[24.61799,66.69278],[24.61962,66.66388],[24.51409,66.66878],[24.49659,66.63669],[24.51368,66.59204],[24.65534,66.60183],[24.78174,66.57527],[24.94788,66.5242]]]}},{"type":"Feature","properties":{"nr":"97280"},"geometry":{"type":"Polygon","coordinates":[[[25.7099,66.81294],[25.47332,66.8159],[25.41964,66.78999],[25.43734,66.7537],[25.19559,66.75877],[25.18545,66.7284],[25.22426,66.69694],[25.28702,66.68212],[25.40736,66.68245],[25.54133,66.63117],[25.61336,66.64195],[25.68923,66.69283],[25.72793,66.74977],[25.7099,66.81294]]]}},{"type":"Feature","properties":{"nr":"97290"},"geometry":{"type":"Polygon","coordinates":[[[25.47332,66.8159],[25.32536,66.84344],[25.30193,66.86951],[25.13378,66.81203],[25.19559,66.75877],[25.43734,66.7537],[25.41964,66.78999],[25.47332,66.8159]]]}},{"type":"Feature","properties":{"nr":"97310"},"geometry":{"type":"Polygon","coordinates":[[[25.94185,66.86872],[25.89864,66.9143],[25.80852,66.9547],[25.70912,66.91608],[25.6125,66.90123],[25.43636,66.90229],[25.3069,66.87971],[25.30193,66.86951],[25.32536,66.84344],[25.47332,66.8159],[25.7099,66.81294],[25.81331,66.82807],[25.93675,66.86384],[25.94185,66.86872]]]}},{"type":"Feature","properties":{"nr":"97320"},"geometry":{"type":"Polygon","coordinates":[[[25.3069,66.87971],[25.22702,66.91662],[25.29491,66.95625],[25.21985,66.99124],[24.96663,67.02326],[24.84131,67.02031],[24.72535,67.01625],[24.76327,66.94689],[24.82062,66.93085],[24.94565,66.87054],[24.95245,66.84718],[25.01771,66.82544],[25.13378,66.81203],[25.30193,66.86951],[25.3069,66.87971]]]}},{"type":"Feature","properties":{"nr":"97330"},"geometry":{"type":"Polygon","coordinates":[[[24.83341,66.72527],[24.93016,66.75743],[24.94272,66.78229],[25.01771,66.82544],[24.95245,66.84718],[24.94565,66.87054],[24.82062,66.93085],[24.76327,66.94689],[24.76094,66.91844],[24.7949,66.86342],[24.77586,66.82856],[24.67404,66.79995],[24.83341,66.72527]]]}},{"type":"Feature","properties":{"nr":"97335"},"geometry":{"type":"Polygon","coordinates":[[[24.72535,67.01625],[24.51994,66.99211],[24.4778,67.00121],[24.32894,66.98231],[24.29828,66.92849],[24.42666,66.91522],[24.51261,66.93849],[24.54649,66.92552],[24.48643,66.84941],[24.56162,66.78695],[24.67404,66.79995],[24.77586,66.82856],[24.7949,66.86342],[24.76094,66.91844],[24.76327,66.94689],[24.72535,67.01625]]]}},{"type":"Feature","properties":{"nr":"97340"},"geometry":{"type":"Polygon","coordinates":[[[25.49125,67.10957],[25.35258,67.14411],[25.16588,67.10874],[25.07673,67.09961],[24.96663,67.02326],[25.21985,66.99124],[25.29491,66.95625],[25.22702,66.91662],[25.3069,66.87971],[25.43636,66.90229],[25.6125,66.90123],[25.70912,66.91608],[25.80852,66.9547],[25.78859,67.03651],[25.85103,67.09572],[25.74384,67.12807],[25.59438,67.12452],[25.49125,67.10957]]]}},{"type":"Feature","properties":{"nr":"97370"},"geometry":{"type":"Polygon","coordinates":[[[25.85103,67.09572],[25.96874,67.12596],[25.95073,67.19787],[25.84104,67.21141],[25.77905,67.20408],[25.75278,67.17426],[25.66101,67.18284],[25.6198,67.17882],[25.59438,67.12452],[25.74384,67.12807],[25.85103,67.09572]]]}},{"type":"Feature","properties":{"nr":"97380"},"geometry":{"type":"Polygon","coordinates":[[[25.49125,67.10957],[25.59438,67.12452],[25.6198,67.17882],[25.54938,67.1605],[25.49125,67.10957]]]}},{"type":"Feature","properties":{"nr":"97390"},"geometry":{"type":"Polygon","coordinates":[[[25.35258,67.14411],[25.49125,67.10957],[25.54938,67.1605],[25.6198,67.17882],[25.66101,67.18284],[25.70268,67.25401],[25.67437,67.25989],[25.73566,67.31953],[25.65213,67.36559],[25.34146,67.22292],[25.35258,67.14411]]]}},{"type":"Feature","properties":{"nr":"97420"},"geometry":{"type":"Polygon","coordinates":[[[25.65213,67.36559],[25.63236,67.39947],[25.51794,67.40946],[25.31228,67.44552],[25.18285,67.34782],[25.14386,67.33841],[25.01072,67.29798],[24.90777,67.2938],[24.87844,67.27293],[24.71468,67.29693],[24.63485,67.29542],[24.57002,67.26731],[24.59925,67.24216],[24.73031,67.19638],[24.77258,67.15635],[24.71325,67.13646],[24.7668,67.08214],[24.84131,67.02031],[24.96663,67.02326],[25.07673,67.09961],[25.16588,67.10874],[25.35258,67.14411],[25.34146,67.22292],[25.65213,67.36559]]]}},{"type":"Feature","properties":{"nr":"97470"},"geometry":{"type":"Polygon","coordinates":[[[24.63485,67.29542],[24.71468,67.29693],[24.87844,67.27293],[24.90777,67.2938],[25.01072,67.29798],[25.14386,67.33841],[24.96448,67.42303],[24.89331,67.43056],[24.69072,67.42781],[24.63485,67.29542]]]}},{"type":"Feature","properties":{"nr":"97510"},"geometry":{"type":"Polygon","coordinates":[[[26.44835,66.70845],[26.38733,66.67482],[26.32264,66.66752],[26.27043,66.70143],[26.21926,66.70241],[26.06961,66.72659],[26.0742,66.63185],[26.17635,66.60873],[26.17193,66.58888],[26.08566,66.55982],[26.07734,66.53507],[26.12229,66.51697],[26.35052,66.50622],[26.36709,66.50725],[26.42496,66.52764],[26.5513,66.54544],[26.70247,66.54307],[26.62507,66.58775],[26.5537,66.60656],[26.52828,66.65995],[26.44835,66.70845]]]}},{"type":"Feature","properties":{"nr":"97520"},"geometry":{"type":"Polygon","coordinates":[[[26.50522,66.76495],[26.27532,66.77055],[26.14754,66.76297],[26.05185,66.79065],[26.06961,66.72659],[26.21926,66.70241],[26.27043,66.70143],[26.32264,66.66752],[26.38733,66.67482],[26.44835,66.70845],[26.50595,66.76431],[26.50522,66.76495]]]}},{"type":"Feature","properties":{"nr":"97530"},"geometry":{"type":"Polygon","coordinates":[[[26.48912,66.89238],[26.358,66.89311],[26.25861,66.87468],[25.94185,66.86872],[25.93675,66.86384],[26.05185,66.79065],[26.14754,66.76297],[26.27532,66.77055],[26.50522,66.76495],[26.48912,66.89238]]]}},{"type":"Feature","properties":{"nr":"97540"},"geometry":{"type":"Polygon","coordinates":[[[25.94185,66.86872],[26.25861,66.87468],[26.358,66.89311],[26.48912,66.89238],[26.38854,66.94451],[26.32881,66.96091],[26.22246,66.98873],[26.10872,67.05474],[26.13873,67.14342],[26.07759,67.19801],[26.00659,67.21278],[25.98745,67.20979],[25.95073,67.19787],[25.96874,67.12596],[25.85103,67.09572],[25.78859,67.03651],[25.80852,66.9547],[25.89864,66.9143],[25.94185,66.86872]]]}},{"type":"Feature","properties":{"nr":"97580"},"geometry":{"type":"Polygon","coordinates":[[[26.82018,66.56276],[26.7826,66.59812],[26.72338,66.59992],[26.70691,66.64175],[26.6143,66.74981],[26.50595,66.76431],[26.44835,66.70845],[26.52828,66.65995],[26.5537,66.60656],[26.62507,66.58775],[26.70247,66.54307],[26.76584,66.52958],[26.82018,66.56276]]]}},{"type":"Feature","properties":{"nr":"97590"},"geometry":{"type":"Polygon","coordinates":[[[26.86118,66.50909],[26.97439,66.55519],[26.92161,66.5763],[26.82018,66.56276],[26.76584,66.52958],[26.86118,66.50909]]]}},{"type":"Feature","properties":{"nr":"97610"},"geometry":{"type":"Polygon","coordinates":[[[26.08587,66.36854],[26.28398,66.37748],[26.38681,66.4295],[26.39156,66.43139],[26.35052,66.50622],[26.12229,66.51697],[26.07734,66.53507],[25.98609,66.48742],[25.96395,66.43685],[25.98002,66.37909],[26.08587,66.36854]]]}},{"type":"Feature","properties":{"nr":"97615"},"geometry":{"type":"Polygon","coordinates":[[[26.48218,66.39034],[26.45792,66.43493],[26.39156,66.43139],[26.38681,66.4295],[26.40428,66.39076],[26.48218,66.39034]]]}},{"type":"Feature","properties":{"nr":"97620"},"geometry":{"type":"Polygon","coordinates":[[[26.50202,66.36851],[26.5091,66.38566],[26.63132,66.37992],[26.61618,66.43029],[26.46259,66.48944],[26.36709,66.50725],[26.35052,66.50622],[26.39156,66.43139],[26.45792,66.43493],[26.48218,66.39034],[26.50202,66.36851]]]}},{"type":"Feature","properties":{"nr":"97625"},"geometry":{"type":"Polygon","coordinates":[[[26.79698,66.35803],[26.8532,66.41469],[26.98829,66.45399],[26.97793,66.47005],[26.86118,66.50909],[26.76584,66.52958],[26.70247,66.54307],[26.5513,66.54544],[26.42496,66.52764],[26.36709,66.50725],[26.46259,66.48944],[26.61618,66.43029],[26.63132,66.37992],[26.5091,66.38566],[26.50202,66.36851],[26.52333,66.31816],[26.69827,66.3157],[26.7302,66.35614],[26.79698,66.35803]]]}},{"type":"Feature","properties":{"nr":"97630"},"geometry":{"type":"Polygon","coordinates":[[[27.04535,66.38586],[27.06234,66.41242],[26.98829,66.45399],[26.8532,66.41469],[26.79698,66.35803],[26.89106,66.33253],[27.00271,66.32668],[27.0305,66.33394],[27.04535,66.38586]]]}},{"type":"Feature","properties":{"nr":"97635"},"geometry":{"type":"Polygon","coordinates":[[[27.23145,66.32448],[27.24457,66.33946],[27.16665,66.36575],[27.04535,66.38586],[27.0305,66.33394],[27.22846,66.32215],[27.23145,66.32448]]]}},{"type":"Feature","properties":{"nr":"97765"},"geometry":{"type":"Polygon","coordinates":[[[27.40577,66.06628],[27.31615,66.05345],[27.24513,66.0573],[27.2172,66.04704],[27.13475,65.96058],[27.30449,65.94663],[27.31706,65.97615],[27.42702,66.01435],[27.40577,66.06628]]]}},{"type":"Feature","properties":{"nr":"97645"},"geometry":{"type":"Polygon","coordinates":[[[27.57445,66.31462],[27.5564,66.40245],[27.23422,66.45878],[27.09352,66.51628],[26.97793,66.47005],[26.98829,66.45399],[27.06234,66.41242],[27.04535,66.38586],[27.16665,66.36575],[27.24457,66.33946],[27.23145,66.32448],[27.31987,66.3258],[27.4585,66.31143],[27.57445,66.31462]]]}},{"type":"Feature","properties":{"nr":"97650"},"geometry":{"type":"Polygon","coordinates":[[[26.79698,66.35803],[26.7302,66.35614],[26.69827,66.3157],[26.76767,66.28583],[26.86156,66.27403],[26.92228,66.24336],[27.07724,66.22639],[27.00271,66.32668],[26.89106,66.33253],[26.79698,66.35803]]]}},{"type":"Feature","properties":{"nr":"97655"},"geometry":{"type":"Polygon","coordinates":[[[27.22846,66.32215],[27.0305,66.33394],[27.00271,66.32668],[27.07724,66.22639],[27.25226,66.20394],[27.3254,66.23786],[27.26058,66.25705],[27.27207,66.27694],[27.22846,66.32215]]]}},{"type":"Feature","properties":{"nr":"97665"},"geometry":{"type":"Polygon","coordinates":[[[27.07724,66.22639],[26.92228,66.24336],[26.86156,66.27403],[26.76767,66.28583],[26.69827,66.3157],[26.52333,66.31816],[26.45509,66.27604],[26.56004,66.25396],[26.62996,66.22289],[26.55221,66.19115],[26.83678,66.19285],[26.96597,66.15855],[27.07286,66.14139],[27.2225,66.08861],[27.24513,66.0573],[27.31615,66.05345],[27.40577,66.06628],[27.39636,66.14397],[27.36286,66.18665],[27.25226,66.20394],[27.07724,66.22639]]]}},{"type":"Feature","properties":{"nr":"97780"},"geometry":{"type":"Polygon","coordinates":[[[26.88234,65.79042],[26.95291,65.7765],[26.9977,65.80103],[27.02909,65.84523],[26.84865,65.84983],[26.81878,65.81573],[26.88234,65.79042]]]}},{"type":"Feature","properties":{"nr":"97670"},"geometry":{"type":"Polygon","coordinates":[[[25.96395,66.43685],[25.87631,66.4505],[25.84863,66.44756],[25.80917,66.42274],[25.678,66.41008],[25.63203,66.38631],[25.66648,66.34352],[25.72065,66.31101],[25.8082,66.33634],[25.85342,66.32213],[25.80645,66.2855],[25.82245,66.2689],[25.90704,66.25988],[25.96048,66.23317],[26.0167,66.25294],[26.00177,66.27233],[26.03942,66.30755],[26.10255,66.33184],[26.08587,66.36854],[25.98002,66.37909],[25.96395,66.43685]]]}},{"type":"Feature","properties":{"nr":"97675"},"geometry":{"type":"Polygon","coordinates":[[[26.48218,66.39034],[26.40428,66.39076],[26.38681,66.4295],[26.28398,66.37748],[26.08587,66.36854],[26.10255,66.33184],[26.03942,66.30755],[26.00177,66.27233],[26.0167,66.25294],[26.16666,66.25499],[26.35879,66.27696],[26.45509,66.27604],[26.52333,66.31816],[26.50202,66.36851],[26.48218,66.39034]]]}},{"type":"Feature","properties":{"nr":"97680"},"geometry":{"type":"Polygon","coordinates":[[[26.31458,66.17815],[26.29089,66.19861],[26.35879,66.27696],[26.16666,66.25499],[26.0167,66.25294],[25.96048,66.23317],[25.96378,66.17604],[25.87932,66.11108],[26.03928,66.13481],[26.128,66.12873],[26.19827,66.11009],[26.31458,66.17815]]]}},{"type":"Feature","properties":{"nr":"97685"},"geometry":{"type":"Polygon","coordinates":[[[26.35879,66.27696],[26.29089,66.19861],[26.31458,66.17815],[26.39459,66.19257],[26.55221,66.19115],[26.62996,66.22289],[26.56004,66.25396],[26.45509,66.27604],[26.35879,66.27696]]]}},{"type":"Feature","properties":{"nr":"97690"},"geometry":{"type":"Polygon","coordinates":[[[25.86813,66.10976],[25.87932,66.11108],[25.96378,66.17604],[25.96048,66.23317],[25.90704,66.25988],[25.82245,66.2689],[25.80645,66.2855],[25.85342,66.32213],[25.8082,66.33634],[25.72065,66.31101],[25.57318,66.29344],[25.57091,66.23381],[25.60777,66.18777],[25.86813,66.10976]]]}},{"type":"Feature","properties":{"nr":"97700"},"geometry":{"type":"Polygon","coordinates":[[[26.55221,66.19115],[26.39459,66.19257],[26.31458,66.17815],[26.36935,66.15629],[26.39097,66.066],[26.30235,66.06936],[26.19827,66.11009],[26.128,66.12873],[26.03928,66.13481],[25.87932,66.11108],[25.86813,66.10976],[25.75907,66.0688],[25.78751,65.99997],[25.92262,65.95082],[26.05492,65.95946],[26.18158,65.98315],[26.23639,66.01802],[26.28413,66.00378],[26.27455,65.96861],[26.04978,65.86635],[26.03824,65.83652],[26.33396,65.79371],[26.3433,65.74088],[26.4788,65.69544],[26.55182,65.70879],[26.72041,65.71214],[26.77173,65.68446],[26.86875,65.642],[26.96568,65.66702],[26.91273,65.71397],[26.82288,65.75188],[26.82363,65.77309],[26.88234,65.79042],[26.81878,65.81573],[26.84865,65.84983],[27.02909,65.84523],[27.03192,65.8475],[27.01984,65.90296],[27.09178,65.94927],[27.13475,65.96058],[27.2172,66.04704],[27.24513,66.0573],[27.2225,66.08861],[27.07286,66.14139],[26.96597,66.15855],[26.83678,66.19285],[26.55221,66.19115]]]}},{"type":"Feature","properties":{"nr":"97715"},"geometry":{"type":"Polygon","coordinates":[[[26.03824,65.83652],[26.04978,65.86635],[26.27455,65.96861],[26.28413,66.00378],[26.23639,66.01802],[26.18158,65.98315],[26.05492,65.95946],[25.92262,65.95082],[25.78751,65.99997],[25.70704,65.94107],[25.68343,65.87138],[25.81505,65.84415],[26.03002,65.83416],[26.03824,65.83652]]]}},{"type":"Feature","properties":{"nr":"97720"},"geometry":{"type":"Polygon","coordinates":[[[26.19827,66.11009],[26.30235,66.06936],[26.39097,66.066],[26.36935,66.15629],[26.31458,66.17815],[26.19827,66.11009]]]}},{"type":"Feature","properties":{"nr":"97760"},"geometry":{"type":"Polygon","coordinates":[[[27.15804,65.83639],[27.2091,65.86368],[27.37963,65.92136],[27.47328,65.94562],[27.42702,66.01435],[27.31706,65.97615],[27.30449,65.94663],[27.13475,65.96058],[27.09178,65.94927],[27.01984,65.90296],[27.03192,65.8475],[27.15804,65.83639]]]}},{"type":"Feature","properties":{"nr":"97785"},"geometry":{"type":"Polygon","coordinates":[[[27.17134,65.77553],[27.15804,65.83639],[27.03192,65.8475],[27.02909,65.84523],[26.9977,65.80103],[26.95291,65.7765],[26.88234,65.79042],[26.82363,65.77309],[26.82288,65.75188],[26.91273,65.71397],[26.96568,65.66702],[27.01979,65.67251],[27.02859,65.67379],[27.04484,65.7051],[27.17134,65.77553]]]}},{"type":"Feature","properties":{"nr":"97810"},"geometry":{"type":"Polygon","coordinates":[[[27.57445,66.31462],[27.4585,66.31143],[27.31987,66.3258],[27.23145,66.32448],[27.22846,66.32215],[27.27207,66.27694],[27.26058,66.25705],[27.3254,66.23786],[27.25226,66.20394],[27.36286,66.18665],[27.46345,66.25289],[27.57518,66.31381],[27.57445,66.31462]]]}},{"type":"Feature","properties":{"nr":"97815"},"geometry":{"type":"Polygon","coordinates":[[[27.79275,66.31133],[27.7459,66.33326],[27.57518,66.31381],[27.46345,66.25289],[27.36286,66.18665],[27.39636,66.14397],[27.56309,66.13415],[27.7386,66.09945],[27.74977,66.14881],[27.72892,66.17423],[27.73843,66.2296],[27.80854,66.27911],[27.79275,66.31133]]]}},{"type":"Feature","properties":{"nr":"97820"},"geometry":{"type":"Polygon","coordinates":[[[27.7386,66.09945],[27.93231,66.10621],[27.99237,66.15105],[27.97277,66.19656],[27.80854,66.27911],[27.73843,66.2296],[27.72892,66.17423],[27.74977,66.14881],[27.7386,66.09945]]]}},{"type":"Feature","properties":{"nr":"97840"},"geometry":{"type":"Polygon","coordinates":[[[27.97277,66.19656],[28.10909,66.19881],[28.148,66.21508],[28.04294,66.25147],[28.0169,66.28352],[27.92678,66.30955],[27.79275,66.31133],[27.80854,66.27911],[27.97277,66.19656]]]}},{"type":"Feature","properties":{"nr":"97850"},"geometry":{"type":"Polygon","coordinates":[[[27.76527,66.45519],[27.60634,66.45265],[27.5564,66.40245],[27.57445,66.31462],[27.57518,66.31381],[27.7459,66.33326],[27.79275,66.31133],[27.92678,66.30955],[28.0169,66.28352],[28.11257,66.29201],[28.13039,66.31638],[28.05674,66.3446],[28.01094,66.37941],[27.8815,66.4097],[27.76527,66.45519]]]}},{"type":"Feature","properties":{"nr":"97870"},"geometry":{"type":"Polygon","coordinates":[[[28.31515,66.36412],[28.19242,66.39928],[28.10601,66.39309],[28.02477,66.42531],[28.02322,66.45404],[27.98938,66.47104],[27.9046,66.47917],[27.76527,66.45519],[27.8815,66.4097],[28.01094,66.37941],[28.05674,66.3446],[28.13039,66.31638],[28.24848,66.32089],[28.29589,66.33888],[28.31515,66.36412]]]}},{"type":"Feature","properties":{"nr":"97880"},"geometry":{"type":"Polygon","coordinates":[[[28.29804,66.43292],[28.18731,66.42475],[28.02322,66.45404],[28.02477,66.42531],[28.10601,66.39309],[28.19242,66.39928],[28.31515,66.36412],[28.34981,66.37753],[28.29804,66.43292]]]}},{"type":"Feature","properties":{"nr":"97890"},"geometry":{"type":"Polygon","coordinates":[[[28.148,66.21508],[28.26572,66.2207],[28.34523,66.20711],[28.47137,66.2127],[28.55321,66.24033],[28.55797,66.2668],[28.48161,66.29541],[28.43139,66.29402],[28.36248,66.32631],[28.29589,66.33888],[28.24848,66.32089],[28.13039,66.31638],[28.11257,66.29201],[28.0169,66.28352],[28.04294,66.25147],[28.148,66.21508]]]}},{"type":"Feature","properties":{"nr":"98230"},"geometry":{"type":"Polygon","coordinates":[[[27.5564,66.40245],[27.60634,66.45265],[27.55049,66.51291],[27.3801,66.56514],[27.17695,66.57411],[27.10584,66.55146],[27.09352,66.51628],[27.23422,66.45878],[27.5564,66.40245]]]}},{"type":"Feature","properties":{"nr":"97895"},"geometry":{"type":"Polygon","coordinates":[[[28.55797,66.2668],[28.59499,66.337],[28.54858,66.39375],[28.40213,66.41496],[28.3241,66.4446],[28.29804,66.43292],[28.34981,66.37753],[28.31515,66.36412],[28.29589,66.33888],[28.36248,66.32631],[28.43139,66.29402],[28.48161,66.29541],[28.55797,66.2668]]]}},{"type":"Feature","properties":{"nr":"97900"},"geometry":{"type":"Polygon","coordinates":[[[28.54307,66.13852],[28.4458,66.1123],[28.34359,66.15401],[28.31441,66.1786],[28.34523,66.20711],[28.26572,66.2207],[28.148,66.21508],[28.10909,66.19881],[27.97277,66.19656],[27.99237,66.15105],[27.93231,66.10621],[27.7386,66.09945],[27.56309,66.13415],[27.39636,66.14397],[27.40577,66.06628],[27.42702,66.01435],[27.47328,65.94562],[27.52993,65.91615],[27.75126,65.94893],[27.92138,65.97169],[28.00223,65.99095],[28.12886,65.9321],[28.20095,65.95777],[28.1213,65.98207],[28.22086,65.99527],[28.28807,65.98214],[28.34777,65.99766],[28.47115,65.99074],[28.48029,66.04038],[28.65295,66.07472],[28.61552,66.11851],[28.69347,66.14417],[28.69885,66.15832],[28.55654,66.16259],[28.54307,66.13852]]]}},{"type":"Feature","properties":{"nr":"97920"},"geometry":{"type":"Polygon","coordinates":[[[28.34523,66.20711],[28.31441,66.1786],[28.34359,66.15401],[28.4458,66.1123],[28.54307,66.13852],[28.47137,66.2127],[28.34523,66.20711]]]}},{"type":"Feature","properties":{"nr":"97925"},"geometry":{"type":"Polygon","coordinates":[[[28.74761,66.21053],[28.70147,66.2451],[28.55321,66.24033],[28.47137,66.2127],[28.54307,66.13852],[28.55654,66.16259],[28.69885,66.15832],[28.74761,66.21053]]]}},{"type":"Feature","properties":{"nr":"97940"},"geometry":{"type":"Polygon","coordinates":[[[28.72697,66.00886],[28.74725,66.03062],[28.65295,66.07472],[28.48029,66.04038],[28.47115,65.99074],[28.48377,65.98253],[28.53882,65.99877],[28.72697,66.00886]]]}},{"type":"Feature","properties":{"nr":"97950"},"geometry":{"type":"Polygon","coordinates":[[[28.20095,65.95777],[28.28807,65.98214],[28.22086,65.99527],[28.1213,65.98207],[28.20095,65.95777]]]}},{"type":"Feature","properties":{"nr":"97960"},"geometry":{"type":"Polygon","coordinates":[[[28.47115,65.99074],[28.34777,65.99766],[28.28807,65.98214],[28.20095,65.95777],[28.12886,65.9321],[28.06206,65.91151],[28.08846,65.85955],[28.18015,65.88871],[28.23802,65.88904],[28.27556,65.9253],[28.41291,65.92912],[28.44394,65.96409],[28.48377,65.98253],[28.47115,65.99074]]]}},{"type":"Feature","properties":{"nr":"97965"},"geometry":{"type":"Polygon","coordinates":[[[28.31022,65.82583],[28.51456,65.84592],[28.56828,65.87331],[28.51329,65.89795],[28.44394,65.96409],[28.41291,65.92912],[28.27556,65.9253],[28.23802,65.88904],[28.31022,65.82583]]]}},{"type":"Feature","properties":{"nr":"97970"},"geometry":{"type":"Polygon","coordinates":[[[28.28993,65.79381],[28.31022,65.82583],[28.23802,65.88904],[28.18015,65.88871],[28.08846,65.85955],[28.07302,65.83698],[28.28993,65.79381]]]}},{"type":"Feature","properties":{"nr":"97980"},"geometry":{"type":"Polygon","coordinates":[[[27.91225,65.82684],[28.07302,65.83698],[28.08846,65.85955],[28.06206,65.91151],[28.12886,65.9321],[28.00223,65.99095],[27.92138,65.97169],[27.75126,65.94893],[27.81771,65.86902],[27.86107,65.84079],[27.91225,65.82684]]]}},{"type":"Feature","properties":{"nr":"97999"},"geometry":{"type":"Polygon","coordinates":[[[24.62952,67.95307],[24.53024,67.97017],[24.47535,67.99269],[24.33184,68.00021],[24.30752,68.0279],[24.0976,68.02225],[24.05626,67.99523],[24.17928,67.97362],[24.26817,67.96994],[24.46388,67.9478],[24.62952,67.95307]]]}},{"type":"Feature","properties":{"nr":"98100"},"geometry":{"type":"Polygon","coordinates":[[[27.39867,66.78547],[27.44696,66.80773],[27.40873,66.83878],[27.26825,66.87514],[27.1572,66.89568],[27.03664,66.90398],[26.99372,66.96944],[26.80512,66.98972],[26.59257,67.00689],[26.37669,66.98199],[26.32881,66.96091],[26.38854,66.94451],[26.48912,66.89238],[26.50522,66.76495],[26.50595,66.76431],[26.6143,66.74981],[26.70691,66.64175],[26.72338,66.59992],[26.7826,66.59812],[26.82018,66.56276],[26.92161,66.5763],[26.97439,66.55519],[26.86118,66.50909],[26.97793,66.47005],[27.09352,66.51628],[27.10584,66.55146],[27.17695,66.57411],[27.3801,66.56514],[27.42737,66.58656],[27.57216,66.60182],[27.59465,66.61806],[27.51809,66.69178],[27.4596,66.73177],[27.41613,66.75352],[27.41194,66.74833],[27.36496,66.72802],[27.29021,66.72923],[27.12508,66.78385],[27.34527,66.79805],[27.39867,66.78547]]]}},{"type":"Feature","properties":{"nr":"98120"},"geometry":{"type":"Polygon","coordinates":[[[27.36496,66.72802],[27.41194,66.74833],[27.37824,66.74791],[27.36496,66.72802]]]}},{"type":"Feature","properties":{"nr":"98310"},"geometry":{"type":"Polygon","coordinates":[[[27.41194,66.74833],[27.41613,66.75352],[27.39867,66.78547],[27.34527,66.79805],[27.12508,66.78385],[27.29021,66.72923],[27.36496,66.72802],[27.37824,66.74791],[27.41194,66.74833]]]}},{"type":"Feature","properties":{"nr":"98350"},"geometry":{"type":"Polygon","coordinates":[[[27.41801,66.96152],[27.34211,66.98044],[27.24516,66.98172],[27.17631,67.00274],[27.10033,66.99943],[26.99372,66.96944],[27.03664,66.90398],[27.1572,66.89568],[27.26825,66.87514],[27.40873,66.83878],[27.47557,66.85694],[27.45902,66.89306],[27.47916,66.92223],[27.41801,66.96152]]]}},{"type":"Feature","properties":{"nr":"98360"},"geometry":{"type":"Polygon","coordinates":[[[27.47916,66.92223],[27.54377,66.98006],[27.66911,66.98326],[27.50127,67.02406],[27.44207,67.06936],[27.38304,67.07463],[27.32664,67.05044],[27.40691,67.00449],[27.41801,66.96152],[27.47916,66.92223]]]}},{"type":"Feature","properties":{"nr":"98400"},"geometry":{"type":"Polygon","coordinates":[[[27.80077,66.59624],[27.86191,66.61879],[27.85861,66.65858],[27.81101,66.70191],[27.7905,66.78519],[27.78694,66.78683],[27.62148,66.7814],[27.56249,66.73923],[27.55848,66.69695],[27.51809,66.69178],[27.59465,66.61806],[27.65331,66.63541],[27.76646,66.61844],[27.80077,66.59624]]]}},{"type":"Feature","properties":{"nr":"98420"},"geometry":{"type":"Polygon","coordinates":[[[27.76527,66.45519],[27.9046,66.47917],[27.79635,66.55768],[27.80077,66.59624],[27.76646,66.61844],[27.65331,66.63541],[27.59465,66.61806],[27.57216,66.60182],[27.42737,66.58656],[27.3801,66.56514],[27.55049,66.51291],[27.60634,66.45265],[27.76527,66.45519]]]}},{"type":"Feature","properties":{"nr":"98440"},"geometry":{"type":"Polygon","coordinates":[[[27.51809,66.69178],[27.55848,66.69695],[27.56249,66.73923],[27.4596,66.73177],[27.51809,66.69178]]]}},{"type":"Feature","properties":{"nr":"98450"},"geometry":{"type":"Polygon","coordinates":[[[27.8583,66.87867],[27.88405,66.94798],[27.83658,66.97111],[27.66911,66.98326],[27.54377,66.98006],[27.47916,66.92223],[27.45902,66.89306],[27.47557,66.85694],[27.40873,66.83878],[27.44696,66.80773],[27.39867,66.78547],[27.41613,66.75352],[27.4596,66.73177],[27.56249,66.73923],[27.62148,66.7814],[27.78694,66.78683],[27.79834,66.85304],[27.8583,66.87867]]]}},{"type":"Feature","properties":{"nr":"98500"},"geometry":{"type":"Polygon","coordinates":[[[27.992,67.12235],[27.841,67.23916],[27.7795,67.23108],[27.68664,67.25136],[27.61131,67.19205],[27.52592,67.18967],[27.50978,67.15666],[27.4055,67.14958],[27.36439,67.11046],[27.19784,67.10198],[27.32664,67.05044],[27.38304,67.07463],[27.44207,67.06936],[27.49544,67.07952],[27.57051,67.05431],[27.50127,67.02406],[27.66911,66.98326],[27.83658,66.97111],[27.87756,66.99124],[27.90816,67.06024],[27.992,67.12235]]]}},{"type":"Feature","properties":{"nr":"98510"},"geometry":{"type":"Polygon","coordinates":[[[27.50127,67.02406],[27.57051,67.05431],[27.49544,67.07952],[27.44207,67.06936],[27.50127,67.02406]]]}},{"type":"Feature","properties":{"nr":"98530"},"geometry":{"type":"Polygon","coordinates":[[[27.41801,66.96152],[27.40691,67.00449],[27.32664,67.05044],[27.19784,67.10198],[27.08279,67.12597],[26.94257,67.13883],[26.8701,67.12973],[26.81924,67.08601],[26.80512,66.98972],[26.99372,66.96944],[27.10033,66.99943],[27.17631,67.00274],[27.24516,66.98172],[27.34211,66.98044],[27.41801,66.96152]]]}},{"type":"Feature","properties":{"nr":"98550"},"geometry":{"type":"Polygon","coordinates":[[[27.19784,67.10198],[27.36439,67.11046],[27.4055,67.14958],[27.33141,67.18925],[27.05296,67.23357],[27.02397,67.20915],[27.04706,67.15425],[27.08279,67.12597],[27.19784,67.10198]]]}},{"type":"Feature","properties":{"nr":"98560"},"geometry":{"type":"Polygon","coordinates":[[[27.4055,67.14958],[27.50978,67.15666],[27.52592,67.18967],[27.44166,67.25304],[27.35021,67.23231],[27.33141,67.18925],[27.4055,67.14958]]]}},{"type":"Feature","properties":{"nr":"98570"},"geometry":{"type":"Polygon","coordinates":[[[27.33141,67.18925],[27.35021,67.23231],[27.44166,67.25304],[27.41483,67.30195],[27.45964,67.34403],[27.3171,67.43313],[27.20079,67.42067],[27.12507,67.3782],[27.13602,67.34716],[27.00001,67.28123],[27.05296,67.23357],[27.33141,67.18925]]]}},{"type":"Feature","properties":{"nr":"98580"},"geometry":{"type":"Polygon","coordinates":[[[27.52592,67.18967],[27.61131,67.19205],[27.68664,67.25136],[27.67999,67.27329],[27.57306,67.33133],[27.45964,67.34403],[27.41483,67.30195],[27.44166,67.25304],[27.52592,67.18967]]]}},{"type":"Feature","properties":{"nr":"98600"},"geometry":{"type":"Polygon","coordinates":[[[28.24208,66.87106],[28.16564,66.90055],[28.14546,66.90367],[28.04729,66.90217],[27.99315,66.88712],[27.8583,66.87867],[27.79834,66.85304],[27.78694,66.78683],[27.7905,66.78519],[27.95269,66.76067],[28.04984,66.71611],[28.09716,66.70923],[28.13186,66.66661],[28.35237,66.60766],[28.36339,66.60896],[28.55259,66.65937],[28.50589,66.69635],[28.49297,66.7326],[28.31765,66.77294],[28.26775,66.80042],[28.17807,66.87622],[28.24208,66.87106]]]}},{"type":"Feature","properties":{"nr":"98620"},"geometry":{"type":"Polygon","coordinates":[[[27.8583,66.87867],[27.99315,66.88712],[28.04729,66.90217],[28.14546,66.90367],[28.06694,66.94408],[27.87756,66.99124],[27.83658,66.97111],[27.88405,66.94798],[27.8583,66.87867]]]}},{"type":"Feature","properties":{"nr":"98630"},"geometry":{"type":"Polygon","coordinates":[[[28.22099,67.12508],[28.2146,67.12645],[27.992,67.12235],[27.90816,67.06024],[27.87756,66.99124],[28.06694,66.94408],[28.14546,66.90367],[28.16564,66.90055],[28.1832,67.00345],[28.17662,67.04076],[28.22099,67.12508]]]}},{"type":"Feature","properties":{"nr":"98660"},"geometry":{"type":"Polygon","coordinates":[[[28.49297,66.7326],[28.5847,66.81362],[28.45742,66.86235],[28.31201,66.86286],[28.24208,66.87106],[28.17807,66.87622],[28.26775,66.80042],[28.31765,66.77294],[28.49297,66.7326]]]}},{"type":"Feature","properties":{"nr":"98720"},"geometry":{"type":"Polygon","coordinates":[[[28.35237,66.60766],[28.13186,66.66661],[28.07695,66.63653],[28.0055,66.63467],[27.95634,66.66063],[27.85861,66.65858],[27.86191,66.61879],[27.80077,66.59624],[27.79635,66.55768],[27.9046,66.47917],[27.98938,66.47104],[28.09897,66.51376],[28.21933,66.57602],[28.30682,66.57245],[28.35237,66.60766]]]}},{"type":"Feature","properties":{"nr":"98760"},"geometry":{"type":"Polygon","coordinates":[[[28.59701,66.47916],[28.65262,66.52089],[28.69099,66.62019],[28.57772,66.65803],[28.55259,66.65937],[28.36339,66.60896],[28.47541,66.51887],[28.42163,66.49372],[28.59701,66.47916]]]}},{"type":"Feature","properties":{"nr":"98770"},"geometry":{"type":"Polygon","coordinates":[[[28.69099,66.62019],[28.65262,66.52089],[28.59701,66.47916],[28.6971,66.46943],[28.84971,66.48385],[28.81485,66.54073],[28.94894,66.56155],[28.83575,66.60546],[28.69099,66.62019]]]}},{"type":"Feature","properties":{"nr":"98780"},"geometry":{"type":"Polygon","coordinates":[[[28.54858,66.39375],[28.68833,66.4332],[28.6971,66.46943],[28.59701,66.47916],[28.42163,66.49372],[28.37211,66.49063],[28.3241,66.4446],[28.40213,66.41496],[28.54858,66.39375]]]}},{"type":"Feature","properties":{"nr":"98790"},"geometry":{"type":"Polygon","coordinates":[[[28.36339,66.60896],[28.35237,66.60766],[28.30682,66.57245],[28.21933,66.57602],[28.09897,66.51376],[27.98938,66.47104],[28.02322,66.45404],[28.18731,66.42475],[28.29804,66.43292],[28.3241,66.4446],[28.37211,66.49063],[28.42163,66.49372],[28.47541,66.51887],[28.36339,66.60896]]]}},{"type":"Feature","properties":{"nr":"98800"},"geometry":{"type":"Polygon","coordinates":[[[28.65971,67.3567],[28.46674,67.37289],[28.33689,67.35928],[28.25642,67.37396],[28.16619,67.40974],[28.22294,67.44435],[28.13579,67.46268],[28.10308,67.43961],[27.94613,67.39433],[27.94685,67.38263],[27.87854,67.30303],[27.92914,67.27164],[28.20405,67.16057],[28.20746,67.17905],[28.27993,67.23681],[28.37705,67.26885],[28.62974,67.28945],[28.65971,67.3567]]]}},{"type":"Feature","properties":{"nr":"98810"},"geometry":{"type":"Polygon","coordinates":[[[28.20405,67.16057],[27.92914,67.27164],[27.87854,67.30303],[27.94685,67.38263],[27.75295,67.35335],[27.75171,67.29339],[27.67999,67.27329],[27.68664,67.25136],[27.7795,67.23108],[27.841,67.23916],[27.992,67.12235],[28.2146,67.12645],[28.20405,67.16057]]]}},{"type":"Feature","properties":{"nr":"98820"},"geometry":{"type":"Polygon","coordinates":[[[28.23161,67.64302],[28.20213,67.69776],[27.66475,67.6639],[27.69381,67.56236],[27.79995,67.49575],[27.81105,67.45801],[27.94613,67.39433],[28.10308,67.43961],[28.13579,67.46268],[28.13917,67.53864],[28.21421,67.5857],[28.23161,67.64302]]]}},{"type":"Feature","properties":{"nr":"98830"},"geometry":{"type":"Polygon","coordinates":[[[28.65971,67.3567],[28.96854,67.39564],[29.11568,67.4754],[29.20801,67.59344],[29.34216,67.61055],[29.34827,67.77196],[29.49208,67.92787],[29.50336,67.93137],[29.32709,68.07454],[28.64615,68.1963],[28.63009,68.22272],[28.4203,68.21717],[28.27811,68.06317],[28.10687,67.87479],[28.2837,67.78434],[28.2379,67.72276],[28.53282,67.67628],[28.75255,67.59577],[28.62654,67.5554],[28.23161,67.64302],[28.21421,67.5857],[28.13917,67.53864],[28.13579,67.46268],[28.22294,67.44435],[28.16619,67.40974],[28.25642,67.37396],[28.33689,67.35928],[28.46674,67.37289],[28.65971,67.3567]]]}},{"type":"Feature","properties":{"nr":"98900"},"geometry":{"type":"Polygon","coordinates":[[[28.89419,66.79862],[28.82747,66.82772],[28.82967,66.89819],[28.77552,66.96962],[28.82185,67.01354],[28.80441,67.02188],[28.37703,67.10873],[28.22099,67.12508],[28.17662,67.04076],[28.1832,67.00345],[28.16564,66.90055],[28.24208,66.87106],[28.31201,66.86286],[28.45742,66.86235],[28.5847,66.81362],[28.49297,66.7326],[28.50589,66.69635],[28.55259,66.65937],[28.57772,66.65803],[28.65959,66.68648],[28.81519,66.70638],[28.88398,66.68048],[28.92333,66.68549],[28.88014,66.72588],[28.86734,66.77485],[28.89419,66.79862]]]}},{"type":"Feature","properties":{"nr":"98930"},"geometry":{"type":"Polygon","coordinates":[[[29.06229,66.98437],[29.15229,67.04712],[29.08141,67.05685],[29.08223,67.10676],[28.99086,67.16435],[28.99281,67.11535],[28.90856,67.0923],[28.93385,67.07369],[28.8285,67.0463],[28.80441,67.02188],[28.82185,67.01354],[28.9179,67.01054],[28.97488,66.98648],[29.06229,66.98437]]]}},{"type":"Feature","properties":{"nr":"98950"},"geometry":{"type":"Polygon","coordinates":[[[28.80441,67.02188],[28.8285,67.0463],[28.93385,67.07369],[28.90856,67.0923],[28.99281,67.11535],[28.99086,67.16435],[28.98333,67.19527],[28.90374,67.25939],[28.82071,67.27559],[28.66374,67.24316],[28.54264,67.21442],[28.4814,67.19002],[28.37703,67.10873],[28.80441,67.02188]]]}},{"type":"Feature","properties":{"nr":"98960"},"geometry":{"type":"Polygon","coordinates":[[[29.15229,67.04712],[29.32388,67.15448],[29.5165,67.28066],[29.52255,67.3099],[29.62997,67.33254],[29.65793,67.36894],[29.716,67.39256],[29.85924,67.49043],[29.93022,67.52252],[30.01704,67.67355],[29.65941,67.80296],[29.50336,67.93137],[29.49208,67.92787],[29.34827,67.77196],[29.34216,67.61055],[29.20801,67.59344],[29.11568,67.4754],[28.96854,67.39564],[28.65971,67.3567],[28.62974,67.28945],[28.66374,67.24316],[28.82071,67.27559],[28.90374,67.25939],[28.98333,67.19527],[28.99086,67.16435],[29.08223,67.10676],[29.08141,67.05685],[29.15229,67.04712]]]}},{"type":"Feature","properties":{"nr":"98970"},"geometry":{"type":"Polygon","coordinates":[[[29.11248,66.80678],[29.09485,66.82283],[29.01363,66.81601],[28.89419,66.79862],[28.86734,66.77485],[28.88014,66.72588],[28.92333,66.68549],[29.20407,66.70429],[29.24259,66.71652],[29.11248,66.80678]]]}},{"type":"Feature","properties":{"nr":"98920"},"geometry":{"type":"Polygon","coordinates":[[[28.89419,66.79862],[29.01363,66.81601],[29.09485,66.82283],[29.11248,66.80678],[29.10779,66.8117],[29.06044,66.85312],[29.03328,66.92607],[29.06229,66.98437],[28.97488,66.98648],[28.9179,67.01054],[28.82185,67.01354],[28.77552,66.96962],[28.82967,66.89819],[28.82747,66.82772],[28.89419,66.79862]]]}},{"type":"Feature","properties":{"nr":"98980"},"geometry":{"type":"Polygon","coordinates":[[[29.41284,66.58734],[29.35441,66.64133],[29.24259,66.71652],[29.20407,66.70429],[28.92333,66.68549],[28.88398,66.68048],[28.81519,66.70638],[28.65959,66.68648],[28.57772,66.65803],[28.69099,66.62019],[28.83575,66.60546],[28.94894,66.56155],[28.97247,66.58712],[28.94319,66.61682],[28.99948,66.62902],[29.06814,66.60241],[29.13739,66.59388],[29.41284,66.58734]]]}},{"type":"Feature","properties":{"nr":"99100"},"geometry":{"type":"Polygon","coordinates":[[[25.08799,67.78507],[24.93159,67.7529],[24.62328,67.71222],[24.46347,67.73856],[24.40597,67.79172],[24.34101,67.75811],[24.26978,67.68142],[24.30149,67.62566],[24.36457,67.63891],[24.4104,67.62144],[24.62773,67.56971],[24.72105,67.5672],[25.06702,67.57039],[25.14588,67.61112],[25.14197,67.67894],[25.15964,67.71229],[25.26171,67.70493],[25.22709,67.62731],[25.25364,67.58451],[25.31283,67.54001],[25.35484,67.55853],[25.35151,67.59351],[25.5036,67.64485],[25.36918,67.69232],[25.32159,67.73982],[25.27109,67.73809],[25.14205,67.7597],[25.08799,67.78507]]]}},{"type":"Feature","properties":{"nr":"99110"},"geometry":{"type":"Polygon","coordinates":[[[24.62773,67.56971],[24.5877,67.52671],[24.69072,67.42781],[24.89331,67.43056],[24.96448,67.42303],[25.14386,67.33841],[25.18285,67.34782],[25.31228,67.44552],[25.24207,67.48525],[25.0926,67.53364],[25.06702,67.57039],[24.72105,67.5672],[24.62773,67.56971]]]}},{"type":"Feature","properties":{"nr":"99120"},"geometry":{"type":"Polygon","coordinates":[[[24.62773,67.56971],[24.4104,67.62144],[24.36457,67.63891],[24.34274,67.59363],[24.26834,67.58098],[24.34866,67.52357],[24.31279,67.48995],[24.35972,67.46364],[24.33835,67.41531],[24.33908,67.34754],[24.3901,67.31051],[24.48425,67.26904],[24.57002,67.26731],[24.63485,67.29542],[24.69072,67.42781],[24.5877,67.52671],[24.62773,67.56971]]]}},{"type":"Feature","properties":{"nr":"99130"},"geometry":{"type":"Polygon","coordinates":[[[24.26817,67.96994],[24.25719,67.94559],[24.39796,67.82797],[24.40597,67.79172],[24.46347,67.73856],[24.62328,67.71222],[24.93159,67.7529],[25.08799,67.78507],[25.05982,67.81796],[24.99856,67.82572],[24.90396,67.85657],[24.78345,67.85529],[24.70475,67.90427],[24.68441,67.93281],[24.62952,67.95307],[24.46388,67.9478],[24.26817,67.96994]]]}},{"type":"Feature","properties":{"nr":"99135"},"geometry":{"type":"Polygon","coordinates":[[[24.17928,67.97362],[24.1093,67.91925],[24.172,67.87622],[24.25719,67.94559],[24.26817,67.96994],[24.17928,67.97362]]]}},{"type":"Feature","properties":{"nr":"99150"},"geometry":{"type":"Polygon","coordinates":[[[24.68441,67.93281],[24.78336,67.95238],[24.94113,68.0393],[24.66985,68.09196],[24.57711,68.15654],[24.56206,68.16268],[24.50204,68.13571],[24.36797,68.05175],[24.30265,68.03408],[24.30752,68.0279],[24.33184,68.00021],[24.47535,67.99269],[24.53024,67.97017],[24.62952,67.95307],[24.68441,67.93281]]]}},{"type":"Feature","properties":{"nr":"99160"},"geometry":{"type":"Polygon","coordinates":[[[25.03402,68.07754],[25.15879,68.15287],[24.8472,68.16464],[24.57711,68.15654],[24.66985,68.09196],[24.94113,68.0393],[25.03402,68.07754]]]}},{"type":"Feature","properties":{"nr":"99170"},"geometry":{"type":"Polygon","coordinates":[[[25.26134,68.19319],[25.26059,68.20974],[25.19514,68.22785],[24.8341,68.35279],[24.57298,68.29366],[24.47013,68.24141],[24.56206,68.16268],[24.57711,68.15654],[24.8472,68.16464],[25.15879,68.15287],[25.26134,68.19319]]]}},{"type":"Feature","properties":{"nr":"99180"},"geometry":{"type":"Polygon","coordinates":[[[25.05982,67.81796],[25.10456,67.83992],[25.08126,67.89228],[24.97106,67.90325],[24.90396,67.85657],[24.99856,67.82572],[25.05982,67.81796]]]}},{"type":"Feature","properties":{"nr":"99190"},"geometry":{"type":"Polygon","coordinates":[[[25.10456,67.83992],[25.20849,67.86236],[25.20442,67.90515],[25.27271,67.97385],[25.5935,68.03689],[25.48631,68.10086],[25.26134,68.19319],[25.15879,68.15287],[25.03402,68.07754],[25.11313,68.01049],[25.02214,67.97302],[24.96022,67.91896],[24.97106,67.90325],[25.08126,67.89228],[25.10456,67.83992]]]}},{"type":"Feature","properties":{"nr":"99195"},"geometry":{"type":"Polygon","coordinates":[[[25.90046,68.05752],[25.89308,68.12883],[25.97491,68.1486],[26.25238,68.18428],[26.37697,68.23295],[25.88516,68.28155],[25.72831,68.2718],[25.26059,68.20974],[25.26134,68.19319],[25.48631,68.10086],[25.5935,68.03689],[25.90046,68.05752]]]}},{"type":"Feature","properties":{"nr":"99290"},"geometry":{"type":"Polygon","coordinates":[[[25.63236,67.39947],[25.78208,67.43822],[25.78858,67.44131],[25.76705,67.48354],[25.70825,67.51671],[25.5791,67.58514],[25.52506,67.64273],[25.5036,67.64485],[25.35151,67.59351],[25.35484,67.55853],[25.31283,67.54001],[25.24207,67.48525],[25.31228,67.44552],[25.51794,67.40946],[25.63236,67.39947]]]}},{"type":"Feature","properties":{"nr":"99300"},"geometry":{"type":"Polygon","coordinates":[[[23.66496,68.211],[23.74282,68.10963],[23.73551,68.07953],[23.66909,68.04294],[23.5364,68.00491],[23.57295,67.97266],[23.63666,67.96598],[23.64314,67.91667],[23.50711,67.87858],[23.47959,67.83798],[23.60639,67.85078],[23.83364,67.8425],[23.87624,67.79104],[23.57536,67.69456],[23.56939,67.65508],[23.60895,67.6487],[23.88894,67.6414],[24.06558,67.63553],[24.2156,67.64806],[24.30149,67.62566],[24.26978,67.68142],[24.34101,67.75811],[24.40597,67.79172],[24.39796,67.82797],[24.25719,67.94559],[24.172,67.87622],[24.1093,67.91925],[24.17928,67.97362],[24.05626,67.99523],[23.97737,68.00935],[23.9583,68.03733],[24.04493,68.0846],[24.13116,68.0485],[24.0976,68.02225],[24.30752,68.0279],[24.30265,68.03408],[24.12421,68.08335],[23.94571,68.21175],[23.73043,68.20108],[23.66496,68.211]]]}},{"type":"Feature","properties":{"nr":"99340"},"geometry":{"type":"Polygon","coordinates":[[[24.47013,68.24141],[24.19564,68.23593],[24.07999,68.26022],[23.90381,68.24536],[23.94571,68.21175],[24.12421,68.08335],[24.30265,68.03408],[24.36797,68.05175],[24.50204,68.13571],[24.56206,68.16268],[24.47013,68.24141]]]}},{"type":"Feature","properties":{"nr":"99360"},"geometry":{"type":"Polygon","coordinates":[[[23.56939,67.65508],[23.57536,67.69456],[23.87624,67.79104],[23.83364,67.8425],[23.60639,67.85078],[23.47959,67.83798],[23.49307,67.79319],[23.47499,67.73883],[23.50613,67.65396],[23.56939,67.65508]]]}},{"type":"Feature","properties":{"nr":"99400"},"geometry":{"type":"Polygon","coordinates":[[[23.85595,68.46746],[23.73687,68.45137],[23.62732,68.47182],[23.54255,68.50497],[23.50514,68.49683],[23.39024,68.43758],[23.34884,68.39459],[23.45439,68.37216],[23.40876,68.35169],[23.32076,68.37309],[23.23571,68.34766],[23.20581,68.32787],[23.24561,68.26134],[23.40683,68.22709],[23.56614,68.21238],[23.66496,68.211],[23.73043,68.20108],[23.94571,68.21175],[23.90381,68.24536],[23.87872,68.3073],[23.88977,68.3447],[23.91323,68.37342],[23.88447,68.44964],[23.85595,68.46746]]]}},{"type":"Feature","properties":{"nr":"99410"},"geometry":{"type":"Polygon","coordinates":[[[23.88977,68.3447],[24.01583,68.36633],[24.02939,68.40368],[24.07959,68.43048],[24.24194,68.46441],[24.14479,68.64712],[24.07737,68.62386],[23.85595,68.46746],[23.88447,68.44964],[23.91323,68.37342],[23.88977,68.3447]]]}},{"type":"Feature","properties":{"nr":"99310"},"geometry":{"type":"Polygon","coordinates":[[[23.5364,68.00491],[23.66909,68.04294],[23.73551,68.07953],[23.74282,68.10963],[23.66496,68.211],[23.56614,68.21238],[23.4368,68.10808],[23.37274,68.06806],[23.39751,68.04401],[23.5364,68.00491]]]}},{"type":"Feature","properties":{"nr":"99320"},"geometry":{"type":"Polygon","coordinates":[[[23.56614,68.21238],[23.40683,68.22709],[23.18437,68.17284],[23.23417,68.1486],[23.32003,68.13714],[23.37274,68.06806],[23.4368,68.10808],[23.56614,68.21238]]]}},{"type":"Feature","properties":{"nr":"99330"},"geometry":{"type":"Polygon","coordinates":[[[24.05626,67.99523],[24.0976,68.02225],[24.13116,68.0485],[24.04493,68.0846],[23.9583,68.03733],[23.97737,68.00935],[24.05626,67.99523]]]}},{"type":"Feature","properties":{"nr":"99420"},"geometry":{"type":"Polygon","coordinates":[[[24.49937,68.6956],[24.25221,68.7269],[24.14479,68.64712],[24.24194,68.46441],[24.07959,68.43048],[24.02939,68.40368],[24.01583,68.36633],[23.88977,68.3447],[23.87872,68.3073],[23.90381,68.24536],[24.07999,68.26022],[24.19564,68.23593],[24.47013,68.24141],[24.57298,68.29366],[24.41879,68.34758],[24.34949,68.39239],[24.43868,68.43573],[24.52964,68.45598],[24.38517,68.70824],[24.49937,68.6956]]]}},{"type":"Feature","properties":{"nr":"99430"},"geometry":{"type":"Polygon","coordinates":[[[25.11296,68.68999],[25.11931,68.64302],[25.07634,68.6222],[24.91692,68.60525],[24.85717,68.56221],[24.78342,68.63623],[24.60839,68.6819],[24.49937,68.6956],[24.38517,68.70824],[24.52964,68.45598],[24.43868,68.43573],[24.34949,68.39239],[24.41879,68.34758],[24.57298,68.29366],[24.8341,68.35279],[25.03236,68.40787],[25.26913,68.58439],[25.11296,68.68999]]]}},{"type":"Feature","properties":{"nr":"99440"},"geometry":{"type":"Polygon","coordinates":[[[23.23571,68.34766],[23.32076,68.37309],[23.40876,68.35169],[23.45439,68.37216],[23.34884,68.39459],[23.39024,68.43758],[23.50514,68.49683],[23.54255,68.50497],[23.62732,68.47182],[23.73687,68.45137],[23.85595,68.46746],[24.07737,68.62386],[24.14479,68.64712],[24.25221,68.7269],[24.15296,68.75359],[24.15855,68.78971],[24.07559,68.77997],[23.98333,68.82714],[23.87146,68.83652],[23.77539,68.81885],[23.73106,68.75075],[23.67352,68.70552],[23.44064,68.69216],[23.16758,68.62852],[23.04595,68.68934],[22.86628,68.68806],[22.80067,68.68749],[22.78833,68.68993],[22.8048,68.64763],[22.98057,68.59052],[23.12131,68.44884],[23.06924,68.41881],[23.23571,68.34766]]]}},{"type":"Feature","properties":{"nr":"99450"},"geometry":{"type":"Polygon","coordinates":[[[22.88379,68.35062],[22.91735,68.33357],[23.06991,68.30055],[23.06467,68.27934],[23.14407,68.2463],[23.1401,68.1553],[23.23417,68.1486],[23.18437,68.17284],[23.40683,68.22709],[23.24561,68.26134],[23.20581,68.32787],[23.23571,68.34766],[23.06924,68.41881],[22.91275,68.37908],[22.88379,68.35062]]]}},{"type":"Feature","properties":{"nr":"99510"},"geometry":{"type":"Polygon","coordinates":[[[26.13873,67.14342],[26.10872,67.05474],[26.22246,66.98873],[26.32881,66.96091],[26.37669,66.98199],[26.59257,67.00689],[26.58389,67.02515],[26.47229,67.06795],[26.44883,67.1309],[26.39142,67.15197],[26.25743,67.12865],[26.22123,67.14439],[26.13873,67.14342]]]}},{"type":"Feature","properties":{"nr":"99460"},"geometry":{"type":"Polygon","coordinates":[[[22.88379,68.35062],[22.91275,68.37908],[23.06924,68.41881],[23.12131,68.44884],[22.98057,68.59052],[22.8048,68.64763],[22.68928,68.58322],[22.6931,68.55775],[22.76755,68.45889],[22.71441,68.39694],[22.80056,68.39356],[22.88379,68.35062]]]}},{"type":"Feature","properties":{"nr":"99470"},"geometry":{"type":"Polygon","coordinates":[[[22.86628,68.68806],[22.80082,68.68755],[22.60577,68.72612],[22.53539,68.74451],[22.37452,68.71667],[22.34078,68.82723],[22.19187,68.91877],[22.17576,68.95632],[22.08627,69.01068],[21.97209,69.07877],[21.84206,69.14627],[21.74769,69.1999],[21.33981,69.19314],[21.19223,69.11785],[21.2964,68.89838],[21.6006,68.87024],[21.28884,68.77015],[21.38387,68.76475],[21.4124,68.74803],[21.41808,68.69817],[21.4655,68.68189],[21.5644,68.67547],[21.69658,68.63244],[21.70219,68.59553],[21.88695,68.58494],[21.99227,68.53384],[22.04609,68.47905],[22.3501,68.48175],[22.47071,68.4413],[22.64608,68.41678],[22.71441,68.39694],[22.76755,68.45889],[22.6931,68.55775],[22.68928,68.58322],[22.8048,68.64763],[22.78833,68.68993],[22.80067,68.68749],[22.86628,68.68806]]]}},{"type":"Feature","properties":{"nr":"99490"},"geometry":{"type":"Polygon","coordinates":[[[22.08627,69.01068],[21.98361,69.07289],[21.8464,69.14416],[21.72334,69.21449],[21.62709,69.27659],[21.27882,69.31188],[21.09617,69.26091],[21.00331,69.22234],[20.98758,69.19193],[21.05563,69.12209],[21.10868,69.10393],[21.05754,69.03629],[20.71732,69.11979],[20.55233,69.06008],[20.77492,69.03265],[20.83466,68.99622],[20.90582,68.97325],[20.9034,68.90028],[20.99667,68.89675],[21.12862,68.85358],[21.2537,68.80226],[21.28884,68.77015],[21.6006,68.87024],[21.2964,68.89838],[21.19223,69.11785],[21.33981,69.19314],[21.74769,69.1999],[21.84206,69.14627],[21.97209,69.07877],[22.08627,69.01068]]]}},{"type":"Feature","properties":{"nr":"99540"},"geometry":{"type":"Polygon","coordinates":[[[26.74159,67.12321],[26.83746,67.14784],[26.71574,67.2014],[26.59239,67.27882],[26.48511,67.32411],[26.41403,67.3361],[26.36945,67.30768],[26.36441,67.24365],[26.32427,67.21925],[26.39142,67.15197],[26.44883,67.1309],[26.50285,67.14294],[26.58782,67.12779],[26.74159,67.12321]]]}},{"type":"Feature","properties":{"nr":"99550"},"geometry":{"type":"Polygon","coordinates":[[[26.71574,67.2014],[26.8918,67.24056],[26.93518,67.2767],[26.78142,67.29793],[26.67815,67.32247],[26.56177,67.33061],[26.48511,67.32411],[26.59239,67.27882],[26.71574,67.2014]]]}},{"type":"Feature","properties":{"nr":"99555"},"geometry":{"type":"Polygon","coordinates":[[[27.08279,67.12597],[27.04706,67.15425],[27.02397,67.20915],[27.05296,67.23357],[27.00001,67.28123],[26.93518,67.2767],[26.8918,67.24056],[26.71574,67.2014],[26.83746,67.14784],[26.74159,67.12321],[26.81924,67.08601],[26.8701,67.12973],[26.94257,67.13883],[27.08279,67.12597]]]}},{"type":"Feature","properties":{"nr":"99560"},"geometry":{"type":"Polygon","coordinates":[[[27.00001,67.28123],[27.13602,67.34716],[27.12507,67.3782],[26.87479,67.41456],[26.82063,67.38358],[26.64489,67.36364],[26.67815,67.32247],[26.78142,67.29793],[26.93518,67.2767],[27.00001,67.28123]]]}},{"type":"Feature","properties":{"nr":"99650"},"geometry":{"type":"Polygon","coordinates":[[[26.73913,67.54837],[26.61853,67.55532],[26.61021,67.53624],[26.49358,67.53814],[26.55386,67.4832],[26.61588,67.47865],[26.66733,67.51905],[26.73913,67.54837]]]}},{"type":"Feature","properties":{"nr":"99600"},"geometry":{"type":"Polygon","coordinates":[[[27.05063,67.87858],[27.07286,67.93437],[27.07047,68.04733],[26.25238,68.18428],[25.97491,68.1486],[25.89308,68.12883],[25.90046,68.05752],[26.05814,67.94923],[26.18265,67.83872],[26.31755,67.78925],[26.60116,67.79415],[26.64923,67.78954],[26.7675,67.74282],[26.96411,67.71637],[26.97001,67.68846],[26.76577,67.63642],[26.69338,67.6479],[26.74159,67.59884],[26.73913,67.54837],[26.66733,67.51905],[26.61588,67.47865],[26.55386,67.4832],[26.49358,67.53814],[26.37871,67.5619],[26.29588,67.56862],[26.1921,67.55193],[26.2514,67.49907],[26.3652,67.48985],[26.32616,67.4243],[26.40389,67.34463],[26.41403,67.3361],[26.48511,67.32411],[26.56177,67.33061],[26.67815,67.32247],[26.64489,67.36364],[26.82063,67.38358],[26.87479,67.41456],[26.79799,67.44432],[26.7778,67.48457],[26.80965,67.51462],[26.85884,67.54624],[26.82026,67.58854],[26.90902,67.61063],[27.06595,67.62652],[27.12604,67.69265],[27.13885,67.73922],[27.05063,67.87858]]]}},{"type":"Feature","properties":{"nr":"99610"},"geometry":{"type":"Polygon","coordinates":[[[26.87479,67.41456],[26.89862,67.46204],[26.80965,67.51462],[26.7778,67.48457],[26.79799,67.44432],[26.87479,67.41456]]]}},{"type":"Feature","properties":{"nr":"99620"},"geometry":{"type":"Polygon","coordinates":[[[27.23359,67.53414],[27.01589,67.55984],[26.9273,67.536],[26.85884,67.54624],[26.80965,67.51462],[26.89862,67.46204],[26.87479,67.41456],[27.12507,67.3782],[27.20079,67.42067],[27.3171,67.43313],[27.25663,67.52052],[27.23359,67.53414]]]}},{"type":"Feature","properties":{"nr":"99640"},"geometry":{"type":"Polygon","coordinates":[[[27.67999,67.27329],[27.75171,67.29339],[27.75295,67.35335],[27.94685,67.38263],[27.94613,67.39433],[27.81105,67.45801],[27.79995,67.49575],[27.69381,67.56236],[27.66475,67.6639],[27.52732,67.68002],[27.26031,67.53908],[27.23359,67.53414],[27.25663,67.52052],[27.3171,67.43313],[27.45964,67.34403],[27.57306,67.33133],[27.67999,67.27329]]]}},{"type":"Feature","properties":{"nr":"99645"},"geometry":{"type":"Polygon","coordinates":[[[28.27811,68.06317],[28.05723,68.07064],[27.88377,68.01939],[27.68587,67.99013],[27.33302,67.86973],[27.45847,67.77816],[27.52732,67.68002],[27.66475,67.6639],[28.20213,67.69776],[28.2379,67.72276],[28.2837,67.78434],[28.10687,67.87479],[28.27811,68.06317]]]}},{"type":"Feature","properties":{"nr":"99655"},"geometry":{"type":"Polygon","coordinates":[[[26.69338,67.6479],[26.47358,67.70819],[26.31755,67.78925],[26.18265,67.83872],[26.16616,67.82979],[25.79242,67.71959],[25.81308,67.66328],[25.8673,67.64853],[25.84045,67.60802],[25.99869,67.603],[26.1921,67.55193],[26.29588,67.56862],[26.37871,67.5619],[26.49358,67.53814],[26.61021,67.53624],[26.61853,67.55532],[26.63698,67.60313],[26.74159,67.59884],[26.69338,67.6479]]]}},{"type":"Feature","properties":{"nr":"99660"},"geometry":{"type":"Polygon","coordinates":[[[26.73913,67.54837],[26.74159,67.59884],[26.63698,67.60313],[26.61853,67.55532],[26.73913,67.54837]]]}},{"type":"Feature","properties":{"nr":"99665"},"geometry":{"type":"Polygon","coordinates":[[[27.23359,67.53414],[27.26031,67.53908],[27.52732,67.68002],[27.45847,67.77816],[27.33302,67.86973],[27.05063,67.87858],[27.13885,67.73922],[27.12604,67.69265],[27.06595,67.62652],[26.90902,67.61063],[26.82026,67.58854],[26.85884,67.54624],[26.9273,67.536],[27.01589,67.55984],[27.23359,67.53414]]]}},{"type":"Feature","properties":{"nr":"99670"},"geometry":{"type":"Polygon","coordinates":[[[26.69338,67.6479],[26.76577,67.63642],[26.97001,67.68846],[26.96411,67.71637],[26.7675,67.74282],[26.64923,67.78954],[26.60116,67.79415],[26.31755,67.78925],[26.47358,67.70819],[26.69338,67.6479]]]}},{"type":"Feature","properties":{"nr":"99690"},"geometry":{"type":"Polygon","coordinates":[[[27.94025,68.35708],[27.54572,68.3566],[27.48808,68.33615],[27.33154,68.30687],[27.11547,68.32986],[26.88077,68.37327],[26.56822,68.33158],[26.37697,68.23295],[26.25238,68.18428],[27.07047,68.04733],[27.07286,67.93437],[27.05063,67.87858],[27.33302,67.86973],[27.68587,67.99013],[27.88377,68.01939],[28.05723,68.07064],[28.27811,68.06317],[28.4203,68.21717],[28.15515,68.3093],[27.94025,68.35708]],[[27.16496,68.20198],[27.28292,68.16614],[27.24308,68.15661],[27.09916,68.15628],[27.08833,68.19737],[27.16496,68.20198]]]}},{"type":"Feature","properties":{"nr":"99695"},"geometry":{"type":"Polygon","coordinates":[[[27.16496,68.20198],[27.08833,68.19737],[27.09916,68.15628],[27.24308,68.15661],[27.28292,68.16614],[27.16496,68.20198]]]}},{"type":"Feature","properties":{"nr":"99710"},"geometry":{"type":"Polygon","coordinates":[[[26.40389,67.34463],[26.32616,67.4243],[26.3652,67.48985],[26.2514,67.49907],[26.05996,67.48639],[25.97671,67.45581],[25.78858,67.44131],[25.78208,67.43822],[25.89193,67.3905],[25.99791,67.37266],[26.12469,67.3811],[26.33017,67.35867],[26.40389,67.34463]]]}},{"type":"Feature","properties":{"nr":"99720"},"geometry":{"type":"Polygon","coordinates":[[[26.07759,67.19801],[26.32427,67.21925],[26.36441,67.24365],[26.36945,67.30768],[26.41403,67.3361],[26.40389,67.34463],[26.33017,67.35867],[26.12469,67.3811],[25.99791,67.37266],[25.89193,67.3905],[25.78208,67.43822],[25.63236,67.39947],[25.65213,67.36559],[25.73566,67.31953],[25.74405,67.31888],[25.85728,67.33171],[26.01211,67.30374],[26.06346,67.25641],[26.00659,67.21278],[26.07759,67.19801]]]}},{"type":"Feature","properties":{"nr":"99740"},"geometry":{"type":"Polygon","coordinates":[[[25.98745,67.20979],[26.00659,67.21278],[26.06346,67.25641],[26.01211,67.30374],[25.85728,67.33171],[25.74405,67.31888],[25.80847,67.30338],[25.86042,67.26964],[25.98745,67.20979]]]}},{"type":"Feature","properties":{"nr":"99750"},"geometry":{"type":"Polygon","coordinates":[[[25.95073,67.19787],[25.98745,67.20979],[25.86042,67.26964],[25.80847,67.30338],[25.74405,67.31888],[25.73566,67.31953],[25.67437,67.25989],[25.70268,67.25401],[25.77548,67.24094],[25.77905,67.20408],[25.84104,67.21141],[25.95073,67.19787]]]}},{"type":"Feature","properties":{"nr":"99760"},"geometry":{"type":"Polygon","coordinates":[[[25.66101,67.18284],[25.75278,67.17426],[25.77905,67.20408],[25.77548,67.24094],[25.70268,67.25401],[25.66101,67.18284]]]}},{"type":"Feature","properties":{"nr":"99770"},"geometry":{"type":"Polygon","coordinates":[[[25.78858,67.44131],[25.97671,67.45581],[26.05996,67.48639],[26.2514,67.49907],[26.1921,67.55193],[25.99869,67.603],[25.84045,67.60802],[25.74399,67.55851],[25.70825,67.51671],[25.76705,67.48354],[25.78858,67.44131]]]}},{"type":"Feature","properties":{"nr":"99800"},"geometry":{"type":"Polygon","coordinates":[[[28.7439,68.78728],[28.56068,68.74375],[28.39569,68.7195],[28.34418,68.72422],[28.23713,68.77296],[28.18763,68.81065],[28.06466,68.77985],[28.02133,68.80697],[28.06631,68.83608],[27.89837,68.88503],[27.82731,68.91738],[27.91458,68.94639],[28.03266,68.9519],[28.05778,68.98964],[28.38369,69.20311],[28.48883,69.25661],[28.19773,69.24183],[28.21427,69.22316],[28.14254,69.17766],[27.82098,69.05122],[27.50637,68.94245],[27.44501,68.89323],[27.48115,68.85652],[27.44115,68.83799],[27.26062,68.78442],[27.05277,68.77203],[26.8846,68.79401],[26.81521,68.82567],[26.70058,68.8332],[26.63968,68.84884],[26.40822,68.84331],[26.33286,68.83181],[26.29913,68.72963],[26.31293,68.66373],[26.27873,68.61174],[25.73703,68.58387],[25.59191,68.58954],[25.26913,68.58439],[25.03236,68.40787],[24.8341,68.35279],[25.19514,68.22785],[25.26059,68.20974],[25.72831,68.2718],[25.88516,68.28155],[26.37697,68.23295],[26.56822,68.33158],[26.88077,68.37327],[26.94616,68.41402],[27.08493,68.45685],[27.91969,68.40915],[27.94025,68.35708],[28.15515,68.3093],[28.4203,68.21717],[28.63009,68.22272],[28.43393,68.53967],[28.70641,68.73224],[28.7439,68.78728]]]}},{"type":"Feature","properties":{"nr":"99830"},"geometry":{"type":"Polygon","coordinates":[[[27.94025,68.35708],[27.91969,68.40915],[27.08493,68.45685],[26.94616,68.41402],[26.88077,68.37327],[27.11547,68.32986],[27.33154,68.30687],[27.48808,68.33615],[27.54572,68.3566],[27.94025,68.35708]]]}},{"type":"Feature","properties":{"nr":"99930"},"geometry":{"type":"Polygon","coordinates":[[[28.8628,69.40445],[28.90129,69.48498],[29.05541,69.56796],[29.13391,69.69534],[28.917,69.72976],[28.50224,69.80216],[28.00076,69.72592],[27.94248,69.63037],[27.58917,69.52051],[27.22712,69.48535],[27.17593,69.37715],[27.30187,69.38054],[27.50661,69.40302],[27.62779,69.43444],[27.6569,69.41388],[27.65364,69.24457],[27.70769,69.19289],[27.93636,69.26733],[28.06594,69.29336],[28.21166,69.30217],[28.19773,69.24183],[28.48883,69.25661],[28.54667,69.29613],[28.49511,69.34854],[28.65053,69.38004],[28.8628,69.40445]]]}},{"type":"Feature","properties":{"nr":"99860"},"geometry":{"type":"Polygon","coordinates":[[[28.7439,68.78728],[28.80079,68.86928],[28.66128,68.88642],[28.46802,68.88543],[28.41579,68.91545],[28.49579,68.93012],[28.92929,69.05191],[28.85458,69.07664],[28.80543,69.11116],[28.83031,69.1719],[28.83182,69.22448],[29.12617,69.35649],[28.8628,69.40445],[28.65053,69.38004],[28.49511,69.34854],[28.54667,69.29613],[28.48883,69.25661],[28.38369,69.20311],[28.05778,68.98964],[28.03266,68.9519],[27.91458,68.94639],[27.82731,68.91738],[27.89837,68.88503],[28.06631,68.83608],[28.02133,68.80697],[28.06466,68.77985],[28.18763,68.81065],[28.23713,68.77296],[28.34418,68.72422],[28.39569,68.7195],[28.56068,68.74375],[28.7439,68.78728]]]}},{"type":"Feature","properties":{"nr":"99870"},"geometry":{"type":"Polygon","coordinates":[[[26.33286,68.83181],[26.40822,68.84331],[26.63968,68.84884],[26.70058,68.8332],[26.81521,68.82567],[26.8846,68.79401],[27.05277,68.77203],[27.26062,68.78442],[27.44115,68.83799],[27.48115,68.85652],[27.44501,68.89323],[27.50637,68.94245],[27.82098,69.05122],[28.14254,69.17766],[28.21427,69.22316],[28.19773,69.24183],[28.21166,69.30217],[28.06594,69.29336],[27.93636,69.26733],[27.70769,69.19289],[27.56699,69.12137],[27.55076,69.03113],[27.45864,68.99431],[27.16983,69.0455],[27.08435,69.02733],[27.00203,69.04331],[26.97493,69.00615],[26.61015,69.09828],[26.29631,69.16759],[25.82177,69.17765],[25.74304,69.13746],[25.72429,69.0796],[25.77744,69.01828],[25.62814,68.89331],[25.54386,68.88635],[25.48159,68.90506],[25.2677,68.85099],[25.15713,68.79989],[25.12648,68.75803],[25.11296,68.68999],[25.26913,68.58439],[25.59191,68.58954],[25.56777,68.67911],[25.68473,68.73404],[26.33286,68.83181]]]}},{"type":"Feature","properties":{"nr":"99885"},"geometry":{"type":"Polygon","coordinates":[[[25.59191,68.58954],[25.73703,68.58387],[26.27873,68.61174],[26.31293,68.66373],[26.29913,68.72963],[26.33286,68.83181],[25.68473,68.73404],[25.56777,68.67911],[25.59191,68.58954]]]}},{"type":"Feature","properties":{"nr":"99910"},"geometry":{"type":"Polygon","coordinates":[[[27.70769,69.19289],[27.65364,69.24457],[27.6569,69.41388],[27.62779,69.43444],[27.50661,69.40302],[27.30187,69.38054],[27.17593,69.37715],[26.87371,69.42316],[26.67765,69.37304],[26.44405,69.23967],[26.29631,69.16759],[26.61015,69.09828],[26.97493,69.00615],[27.00203,69.04331],[27.08435,69.02733],[27.16983,69.0455],[27.45864,68.99431],[27.55076,69.03113],[27.56699,69.12137],[27.70769,69.19289]]]}},{"type":"Feature","properties":{"nr":"99940"},"geometry":{"type":"Polygon","coordinates":[[[28.83182,69.22448],[29.21934,69.39764],[29.3365,69.47832],[29.17054,69.63904],[29.13391,69.69534],[29.05541,69.56796],[28.90129,69.48498],[28.8628,69.40445],[29.12617,69.35649],[28.83182,69.22448]]]}},{"type":"Feature","properties":{"nr":"99950"},"geometry":{"type":"Polygon","coordinates":[[[25.74304,69.13746],[25.82177,69.17765],[26.29631,69.16759],[26.44405,69.23967],[26.67765,69.37304],[26.87371,69.42316],[26.79628,69.58988],[26.51704,69.72148],[26.42005,69.70563],[26.05501,69.57494],[25.94027,69.57532],[25.84129,69.54208],[25.87607,69.529],[25.80893,69.41928],[25.8461,69.39325],[25.74183,69.31907],[25.74773,69.2862],[25.69364,69.20363],[25.74304,69.13746]]]}},{"type":"Feature","properties":{"nr":"99980"},"geometry":{"type":"Polygon","coordinates":[[[27.5136,70.02215],[27.42856,70.01921],[27.30548,69.95805],[27.03161,69.91079],[26.98595,69.93508],[26.87356,69.93477],[26.85129,69.96013],[26.73238,69.94644],[26.67608,69.96462],[26.46663,69.9402],[26.40754,69.90148],[26.41311,69.8799],[26.36064,69.84481],[26.24589,69.81737],[26.24666,69.79495],[26.10583,69.72942],[26.00714,69.72286],[25.8971,69.65918],[25.9553,69.64653],[25.97657,69.61104],[25.94027,69.57532],[26.05501,69.57494],[26.42005,69.70563],[26.51704,69.72148],[26.79628,69.58988],[26.87371,69.42316],[27.17593,69.37715],[27.22712,69.48535],[27.58917,69.52051],[27.94248,69.63037],[28.00076,69.72592],[27.81178,69.78927],[27.64656,69.88289],[27.53009,69.98675],[27.5136,70.02215]]]}},{"type":"Feature","properties":{"nr":"99990"},"geometry":{"type":"Polygon","coordinates":[[[28.00076,69.72592],[28.50224,69.80216],[28.40423,69.81843],[28.33048,69.84919],[28.34527,69.88083],[28.16071,69.92099],[27.98428,70.01397],[27.95938,70.0921],[27.79419,70.07677],[27.61599,70.075],[27.55259,70.05768],[27.5136,70.02215],[27.53009,69.98675],[27.64656,69.88289],[27.81178,69.78927],[28.00076,69.72592]]]}}]}