{"type":"FeatureCollection","meta":{"built":"2026-09-24","source_csv":"data/external/infra_fi.csv","licence":"CC BY 4.0 — Lähde: Väylävirasto","verify_at_source":"https://vayla.fi/kaikki-hankkeet","attribution":["Väylävirasto — hanketiedot (CC BY 4.0)","Project owners' own pages, cited per project"],"vayla_note":"A project without notes of its own is Väylävirasto's own record: its schedule and its alignment, exactly as the agency publishes them.","note":"Alignments are Väylävirasto's own where it publishes one; a project whose alignment is not open data has no geometry and no line, rather than a drawn guess. Where a publisher gives more than one cost estimate, all of them are in the project's notes. `major` is true for every curated project and for every Väylävirasto project the agency itself gave a project page; the growth signals count only those, because the agency's list runs down to repainting a single bridge. A Väylävirasto project that had already finished AND never got a project page is left out entirely: a completed culvert replacement is not a pipeline. Everything still under way, decided or studied is kept whether or not it is major."},"features":[{"type":"Feature","geometry":null,"properties":{"id":"kruunusillat","name":"Kruunusillat light rail (Helsinki centre – Laajasalo)","label_short":"Kruunusillat","type":"letbane","status":"construction","open_year":2026,"open_window":null,"budget_meur":null,"price_base":null,"agency":"Helsingin kaupunki","curated":true,"major":true,"schematic":false,"map":false,"source_url":"https://kruunusillat.fi/","source_doc":null,"geometry_source":"none published","updated":"2026-09-24","notes":"Opening date read from kruunusillat.fi: \"Raitiovaunuliikenne Kruunusilloilla alkaa 7.11.\" (7 November 2026). No total cost is published on the project's own page, so none is shown. The alignment is not published as open data by the city and Vaylavirasto's project layers do not carry it, so no line is drawn."}},{"type":"Feature","geometry":{"type":"Polygon","coordinates":[[[25.04541,60.29346,0.0],[25.04464,60.29382,0.0],[25.04452,60.29356,0.0],[25.04541,60.29346,0.0]]]},"properties":{"id":"vantaan-ratikka","name":"Vantaan ratikka (Helsinki-Vantaa airport – Mellunmaki)","label_short":"Vantaan ratikka","type":"letbane","status":"construction","open_year":2029,"open_window":"autumn 2029","budget_meur":606.0,"price_base":"2019 construction cost index +21% as stated by the city","agency":"Vantaan kaupunki","curated":true,"major":true,"schematic":false,"map":true,"source_url":"https://www.vantaa.fi/fi/hankkeet/hanke/vantaan-ratikka-hanke","source_doc":"https://www.vantaa.fi/fi/ajankohtaista/uutinen/vantaan-ratikan-kustannukset-tarkentuneet-ratikan-rakentaminen-maksaa-vantaalle-414-miljoonaa-euroa","geometry_source":"vayla:ratahankkeet:Vantaan ratikka","updated":"2026-09-24","notes":"Total project cost EUR 606 million, of which Vantaa's own share is EUR 414 million, from the city's news release of 20 March 2023. Opening \"syksysta 2029 alkaen\" — from autumn 2029. The alignment is Vaylavirasto's own published one."}},{"type":"Feature","geometry":{"type":"LineString","coordinates":[[24.81561,60.2192,0.0],[24.79547,60.21929,0.0],[24.77632,60.21723,0.0],[24.75818,60.21693,0.0],[24.74102,60.21284,0.0],[24.7212,60.21075,0.0],[24.7127,60.20758,0.0],[24.70735,60.20667,0.0],[24.69695,60.20735,0.0],[24.68355,60.20596,0.0],[24.67249,60.20765,0.0],[24.66839,60.20749,0.0],[24.62714,60.19985,0.0],[24.60028,60.18935,0.0]]},"properties":{"id":"espoon-kaupunkirata","name":"Espoon kaupunkirata (Leppavaara – Kauklahti city rail)","label_short":"Espoon kaupunkirata","type":"rail","status":"construction","open_year":2029,"open_window":null,"budget_meur":348.8,"price_base":"not stated by the publisher","agency":"Vaylavirasto","curated":true,"major":true,"schematic":false,"map":true,"source_url":"https://vayla.fi/espoonkaupunkirata","source_doc":null,"geometry_source":"vayla:ratahankkeet:Espoon kaupunkirata","updated":"2026-09-24","notes":"Rakentamisvaihe 2024-2029, completion \"arviolta 2029\", and \"Hankkeelle on myonnetty rahoitusta yhteensa 348,8 miljoonaa euroa\" — all quoted from the agency's own project page. No price base is stated there, so none is claimed here."}},{"type":"Feature","geometry":null,"properties":{"id":"lentorata","name":"Lentorata (Helsinki – Helsinki-Vantaa airport – Kerava rail tunnel)","label_short":"Lentorata","type":"rail","status":"study","open_year":null,"open_window":"mid-2030s at the earliest","budget_meur":2078.0,"price_base":"MAKU 103.9 (2015=100)","agency":"Suomi-rata Oy","curated":true,"major":true,"schematic":false,"map":false,"source_url":"https://lentorata.fi/","source_doc":"https://lentorata.fi/wp-content/uploads/2023/11/Lentoradan-hankearviointi-1.pdf","geometry_source":"none published","updated":"2026-09-24","notes":"TWO different official cost figures coexist and both are reported rather than one being chosen: EUR 2 078 million at MAKU 103.9 (2015=100) in the 2023 hankearviointi, and EUR 2.9 billion (VAT 0%) in the 2025 esiselvitys FAQ. Traffic \"aikaisintaan 2030-luvun puolivalissa\" — mid-2030s at the earliest. No alignment is published as open data at this planning stage."}},{"type":"Feature","geometry":null,"properties":{"id":"lansirata","name":"Lansirata / Turun tunnin juna (Helsinki – Turku)","label_short":"Lansirata","type":"rail","status":"study","open_year":null,"open_window":"not published","budget_meur":3000.0,"price_base":"not stated by the publisher","agency":"Lansirata Oy","curated":true,"major":true,"schematic":false,"map":false,"source_url":"https://lansirata.fi/","source_doc":"https://www.tunninjuna.fi/turun-tunnin-junan-rakentamisesta-palautuu-yhteiskunnalle-veroina-ja-palkkatuloina-noin-750-miljoonaa-euroa/","geometry_source":"none published","updated":"2026-09-24","notes":"THREE published estimates coexist: EUR 3 billion from the yleissuunnitelma, EUR 3.8 billion once inflation and contingency factors were updated, and a preliminary company range of EUR 3.4-4.0 billion still being finalised. The lowest published figure is carried in the budget column and all three are stated here"}},{"type":"Feature","geometry":null,"properties":{"id":"itarata","name":"Itarata (Helsinki – Porvoo – Kouvola)","label_short":"Itarata","type":"rail","status":"study","open_year":null,"open_window":"by the end of the 2030s","budget_meur":3000.0,"price_base":"not stated by the publisher","agency":"Itarata Oy","curated":true,"major":true,"schematic":false,"map":false,"source_url":"https://www.itarata.fi/itarata-oy/","source_doc":null,"geometry_source":"none published","updated":"2026-09-24","notes":"Itaradan toteutuksen kustannusarvio on noin 3 miljardia euroa and planning costs of about EUR 79 million, both from the company's own page. Designed so that it \"on mahdollista toteuttaa 2030-luvun loppuun mennessa\". No price base is stated. No alignment published at this stage."}},{"type":"Feature","geometry":null,"properties":{"id":"tampereen-ratikka-2","name":"Tampereen ratikka, phase 2 (Pirkkala – Linnainmaa)","label_short":"Tampere tram 2","type":"letbane","status":"decided","open_year":2032,"open_window":"early 2032 if state funding is confirmed","budget_meur":null,"price_base":null,"agency":"Tampereen kaupunki","curated":true,"major":true,"schematic":false,"map":false,"source_url":"https://www.tampereenratikka.fi/rakentaminen/","source_doc":null,"geometry_source":"none published","updated":"2026-09-24","notes":"Toisen vaiheen toteutus edellyttaa valtiontuen varmistumista — phase 2 depends on state funding being confirmed. \"Liikenne Suupalle ja Linnainmaalle olisi mahdollista aloittaa alkuvuodesta 2032.\" No budget is published on that page, so none is shown."}},{"type":"Feature","geometry":{"type":"Point","coordinates":[24.89327,60.21845,0.0]},"properties":{"id":"vayla-cut-kannattimien-vaihto-ilmala-huopalahti","name":"Cut-kannattimien vaihto Ilmala-Huopalahti","label_short":"Cut-kannattimien vaihto Ilma","type":"rail","status":"construction","open_year":2026,"open_window":null,"budget_meur":null,"price_base":null,"agency":"Väylävirasto","curated":false,"schematic":false,"map":true,"major":false,"source_url":"https://vayla.fi/kaikki-hankkeet","source_doc":null,"geometry_source":"vayla:ratahankkeet","updated":"2026-09-24","notes":""}},{"type":"Feature","geometry":{"type":"Polygon","coordinates":[[[24.84047,60.64887,0.0],[24.83697,60.67598,0.0],[24.83562,60.67953,0.0],[24.83332,60.6829,0.0],[24.81777,60.69827,0.0],[24.81734,60.69818,0.0],[24.83315,60.6828,0.0],[24.83633,60.67745,0.0],[24.84047,60.64887,0.0]]]},"properties":{"id":"vayla-heri2-hyvinkää-arolampi--rakentaminen","name":"HERI2 Hyvinkää-Arolampi, rakentaminen","label_short":"HERI2 Hyvinkää-Arolampi, rak","type":"rail","status":"construction","open_year":2030,"open_window":null,"budget_meur":null,"price_base":null,"agency":"Väylävirasto","curated":false,"schematic":false,"map":true,"major":false,"source_url":"https://vayla.fi/kaikki-hankkeet","source_doc":null,"geometry_source":"vayla:ratahankkeet","updated":"2026-09-24","notes":""}},{"type":"Feature","geometry":{"type":"Polygon","coordinates":[[[25.11051,60.42318,0.0],[25.11098,60.42321,0.0],[25.09894,60.46693,0.0],[25.09824,60.46684,0.0],[25.11051,60.42318,0.0]]]},"properties":{"id":"vayla-heri2-kytömaa-ainola--rakentaminen","name":"HERI2 Kytömaa-Ainola, rakentaminen","label_short":"HERI2 Kytömaa-Ainola, rakent","type":"rail","status":"construction","open_year":2030,"open_window":null,"budget_meur":null,"price_base":null,"agency":"Väylävirasto","curated":false,"schematic":false,"map":true,"major":true,"source_url":"https://vayla.fi/pasila-riihimaki","source_doc":null,"geometry_source":"vayla:ratahankkeet","updated":"2026-09-24","notes":"Radan rakentamissuunnittelu. Toteutus 11/2021 alkaen."}},{"type":"Feature","geometry":{"type":"MultiPolygon","coordinates":[[[[25.09822,60.46685,0.0],[25.09906,60.46693,0.0],[25.11115,60.4232,0.0],[25.11031,60.42315,0.0],[25.09822,60.46685,0.0]]],[[[25.0253,60.52569,0.0],[24.94547,60.56495,0.0],[25.02581,60.52592,0.0],[25.02968,60.52297,0.0],[25.04855,60.50324,0.0],[25.0468,60.50279,0.0],[25.0292,60.52281,0.0],[25.0253,60.52569,0.0]]],[[[24.83517,60.67965,0.0],[24.83143,60.68437,0.0],[24.81727,60.69818,0.0],[24.81782,60.69829,0.0],[24.83198,60.68456,0.0],[24.8357,60.67951,0.0],[24.83711,60.6761,0.0],[24.84094,60.64886,0.0],[24.84044,60.64884,0.0],[24.83666,60.67607,0.0],[24.83517,60.67965,0.0]]]]},"properties":{"id":"vayla-heri2-muu-aluerajaus--rakentaminen","name":"HERI2 Muu aluerajaus, rakentaminen","label_short":"HERI2 Muu aluerajaus, rakent","type":"rail","status":"construction","open_year":2030,"open_window":null,"budget_meur":null,"price_base":null,"agency":"Väylävirasto","curated":false,"schematic":false,"map":true,"major":false,"source_url":"https://vayla.fi/kaikki-hankkeet","source_doc":null,"geometry_source":"vayla:ratahankkeet","updated":"2026-09-24","notes":""}},{"type":"Feature","geometry":{"type":"LineString","coordinates":[[25.04773,60.50307,0.0],[25.03049,60.52185,0.0],[25.02542,60.52584,0.0],[24.94569,60.56503,0.0]]},"properties":{"id":"vayla-heri2-purola-jokela--rakentaminen","name":"HERI2 Purola-Jokela, rakentaminen","label_short":"HERI2 Purola-Jokela, rakenta","type":"rail","status":"construction","open_year":2030,"open_window":null,"budget_meur":null,"price_base":null,"agency":"Väylävirasto","curated":false,"schematic":false,"map":true,"major":true,"source_url":"https://vayla.fi/pasila-riihimaki","source_doc":null,"geometry_source":"vayla:ratahankkeet","updated":"2026-09-24","notes":""}},{"type":"Feature","geometry":{"type":"Point","coordinates":[29.96845,62.43009,0.0]},"properties":{"id":"vayla-hammaslahti-asetinlaitteen-siirto","name":"Hammaslahti asetinlaitteen siirto","label_short":"Hammaslahti asetinlaitteen s","type":"rail","status":"construction","open_year":2026,"open_window":null,"budget_meur":null,"price_base":null,"agency":"Väylävirasto","curated":false,"schematic":false,"map":true,"major":false,"source_url":"https://vayla.fi/kaikki-hankkeet","source_doc":null,"geometry_source":"vayla:ratahankkeet","updated":"2026-09-24","notes":"Hammaslahden asetinlaitteen siirto. Hammaslahdeen rakennetaan uusi laitetila ja vanha Siemens Drs asetinlaitejärjestelmä siirretään uuteen laitetilaan. Samalla uusitaan asetinlaitteen virransyöttö."}},{"type":"Feature","geometry":{"type":"LineString","coordinates":[[27.22041,66.69593,0.0],[27.22735,66.69719,0.0]]},"properties":{"id":"vayla-hankikosken-vaihteenvaihdot-2027","name":"Hankikosken vaihteenvaihdot 2027","label_short":"Hankikosken vaihteenvaihdot ","type":"rail","status":"decided","open_year":2027,"open_window":null,"budget_meur":null,"price_base":null,"agency":"Väylävirasto","curated":false,"schematic":false,"map":true,"major":false,"source_url":"https://vayla.fi/kaikki-hankkeet","source_doc":null,"geometry_source":"vayla:ratahankkeet","updated":"2026-09-24","notes":""}},{"type":"Feature","geometry":{"type":"MultiLineString","coordinates":[[[24.9341,60.19637,0.0],[24.93152,60.20212,0.0],[24.9193,60.20879,0.0]],[[24.94117,60.17303,0.0],[24.94084,60.17586,0.0],[24.93366,60.19197,0.0],[24.93354,60.1938,0.0],[24.93426,60.19691,0.0],[24.93416,60.19804,0.0],[24.93242,60.20203,0.0],[24.93227,60.20415,0.0]],[[24.9193,60.20879,0.0],[24.91914,60.20883,0.0]]]},"properties":{"id":"vayla-helra---rakentaminen","name":"Helra - rakentaminen","label_short":"Helra - rakentaminen","type":"rail","status":"opened","open_year":2024,"open_window":null,"budget_meur":null,"price_base":null,"agency":"Väylävirasto","curated":false,"schematic":false,"map":true,"major":true,"source_url":"https://vayla.fi/helra#.XFFYms1S-Uk","source_doc":null,"geometry_source":"vayla:ratahankkeet","updated":"2026-09-24","notes":"Helra-hankkeen tavoitteena on lisätä Helsingin ja Pasilan välistä ratakapasiteettia, vähentää liikennehäiriöistä aiheutuvia haittoja, nopeuttaa junaliikenteen elpymistä häiriötilanteista ja parantaa junaliikenteen täsmällisyyttä. Nämä toteutetaan parantamalla junien kulunvalvontajärjestelmää, sekä rakentamalla ratapihalle uusia vaihdeyhteyksiä."}},{"type":"Feature","geometry":{"type":"Polygon","coordinates":[[[25.11108,60.41773,0.0],[25.11173,60.41882,0.0],[25.11177,60.41769,0.0],[25.11108,60.41773,0.0]]]},"properties":{"id":"vayla-helsinki-tampere--rataosan-peruskorjaus--rakenta","name":"Helsinki-Tampere -rataosan peruskorjaus, rakentaminen","label_short":"Helsinki-Tampere -rataosan p","type":"rail","status":"construction","open_year":2032,"open_window":null,"budget_meur":null,"price_base":null,"agency":"Väylävirasto","curated":false,"schematic":false,"map":true,"major":false,"source_url":"https://vayla.fi/kaikki-hankkeet","source_doc":null,"geometry_source":"vayla:ratahankkeet","updated":"2026-09-24","notes":""}},{"type":"Feature","geometry":{"type":"MultiLineString","coordinates":[[[23.39071,59.96486,0.0],[23.38886,59.96242,0.0],[23.3733,59.95414,0.0],[23.3662,59.95114,0.0],[23.35007,59.94577,0.0],[23.34021,59.94137,0.0],[23.33067,59.93405,0.0],[23.32412,59.93094,0.0],[23.31541,59.92817,0.0],[23.27829,59.91381,0.0],[23.25856,59.90779,0.0],[23.21206,59.89941,0.0],[23.16779,59.88575,0.0],[23.07623,59.86467,0.0],[23.05503,59.85818,0.0],[23.03599,59.85135,0.0],[22.98492,59.82929,0.0],[22.97138,59.82755,0.0]],[[23.95723,60.17181,0.0],[23.95623,60.17391,0.0],[23.95025,60.1779,0.0],[23.94977,60.18308,0.0]],[[23.95724,60.17167,0.0],[23.96557,60.17692,0.0],[23.98423,60.1832,0.0],[24.0063,60.19901,0.0],[24.01517,60.20733,0.0],[24.02217,60.21267,0.0],[24.0468,60.22134,0.0],[24.05472,60.22551,0.0],[24.11256,60.26431,0.0],[24.12119,60.26676,0.0],[24.1328,60.26874,0.0],[24.15154,60.275,0.0],[24.15946,60.27942,0.0],[24.18178,60.28788,0.0],[24.22316,60.29927,0.0],[24.2345,60.30789,0.0],[24.2462,60.31225,0.0],[24.25703,60.31421,0.0],[24.27188,60.31944,0.0],[24.2866,60.32307,0.0],[24.30121,60.32163,0.0],[24.31297,60.32546,0.0],[24.3194,60.33211,0.0],[24.3359,60.34043,0.0],[24.38819,60.36462,0.0],[24.39689,60.36665,0.0],[24.41123,60.36866,0.0],[24.43075,60.3733,0.0],[24.44244,60.37844,0.0],[24.44866,60.38828,0.0],[24.45351,60.39156,0.0],[24.45586,60.39586,0.0],[24.46291,60.39853,0.0],[24.47396,60.3982,0.0],[24.47808,60.39709,0.0],[24.48765,60.3986,0.0],[24.49336,60.40123,0.0],[24.49241,60.4241,0.0],[24.49788,60.42992,0.0],[24.51187,60.43351,0.0],[24.52946,60.43583,0.0],[24.53574,60.43821,0.0],[24.54157,60.45016,0.0],[24.55491,60.4697,0.0],[24.5557,60.47357,0.0],[24.55895,60.47695,0.0],[24.56637,60.47855,0.0],[24.57468,60.47924,0.0],[24.62023,60.4903,0.0],[24.63614,60.49032,0.0],[24.65185,60.4894,0.0],[24.65801,60.48991,0.0],[24.69233,60.50022,0.0],[24.70072,60.50369,0.0],[24.71469,60.51204,0.0],[24.75157,60.52504,0.0],[24.76048,60.52878,0.0],[24.76167,60.5312,0.0],[24.76191,60.53546,0.0],[24.76025,60.54394,0.0],[24.76551,60.54988,0.0],[24.7731,60.55733,0.0],[24.78537,60.56365,0.0],[24.79963,60.56854,0.0],[24.80251,60.57391,0.0],[24.80782,60.59927,0.0],[24.82342,60.61256,0.0],[24.82791,60.61822,0.0],[24.83254,60.62189,0.0],[24.84163,60.62363,0.0],[24.85012,60.62617,0.0],[24.854,60.62902,0.0],[24.85568,60.63224,0.0]],[[23.65065,60.06449,0.0],[23.6212,60.04777,0.0],[23.59021,60.03859,0.0],[23.58488,60.03353,0.0],[23.56891,60.0234,0.0],[23.52841,60.00889,0.0],[23.51252,60.00581,0.0],[23.50694,60.00327,0.0],[23.49728,59.99409,0.0],[23.48375,59.98881,0.0],[23.47293,59.98812,0.0],[23.44915,59.9795,0.0],[23.43878,59.97962,0.0],[23.41861,59.98439,0.0],[23.41151,59.98367,0.0],[23.40452,59.98201,0.0],[23.39746,59.9761,0.0],[23.39348,59.9712,0.0],[23.39073,59.96473,0.0]],[[23.71574,60.07833,0.0],[23.74428,60.08875,0.0],[23.7578,60.10026,0.0],[23.79091,60.11065,0.0],[23.80341,60.11921,0.0],[23.81079,60.12564,0.0],[23.82066,60.12841,0.0],[23.84621,60.13181,0.0],[23.89781,60.15047,0.0],[23.90916,60.15752,0.0],[23.92783,60.16061,0.0],[23.94244,60.16428,0.0],[23.957,60.1714,0.0]],[[23.95006,60.18282,0.0],[23.94972,60.18654,0.0],[23.94627,60.18912,0.0]]]},"properties":{"id":"vayla-hyvinkää-hanko-sähköistys-ja-tasoristeyksien-tur","name":"Hyvinkää-Hanko sähköistys ja tasoristeyksien turvallisuuden parantaminen","label_short":"Hyvinkää-Hanko sähköistys ja","type":"rail","status":"opened","open_year":2024,"open_window":null,"budget_meur":null,"price_base":null,"agency":"Väylävirasto","curated":false,"schematic":false,"map":true,"major":true,"source_url":"https://vayla.fi/hyvinkaa-hanko","source_doc":null,"geometry_source":"vayla:ratahankkeet","updated":"2026-09-24","notes":"Sähköistyshanke sisältää Hyvinkää—Karjaa—Hanko -radan valtion rataverkon rajalle saakka. Sähköistettävää raidetta on yhteensä 165 km. Lisäksi hankkeessa parannetaan ja poistetaan tasoristeyksiä, joita rataosalla on 78. \nHankkeen tavoitteena on parantaa rautatiekuljetusten kustannustehokkuutta ja vähentää liikenteen aiheuttamia haitallisia päästöjä. Lisäksi parannetaan tasoristeysturvallisuutta.\nHankkeen sähköistyksen hyötykustannussuhde on 0,87."}},{"type":"Feature","geometry":{"type":"Polygon","coordinates":[[[24.94,60.21868,0.0],[24.92586,60.21766,0.0],[24.9232,60.2167,0.0],[24.92031,60.21188,0.0],[24.9212,60.20863,0.0],[24.92761,60.20462,0.0],[24.93395,60.2167,0.0],[24.94162,60.21827,0.0],[24.94,60.21868,0.0]]]},"properties":{"id":"vayla-ilesko-ilmalan-ohjauksen-siirto-eskoon","name":"ILESKO Ilmalan ohjauksen siirto Eskoon","label_short":"ILESKO Ilmalan ohjauksen sii","type":"rail","status":"construction","open_year":2026,"open_window":null,"budget_meur":null,"price_base":null,"agency":"Väylävirasto","curated":false,"schematic":false,"map":true,"major":false,"source_url":"https://vayla.fi/kaikki-hankkeet","source_doc":null,"geometry_source":"vayla:ratahankkeet","updated":"2026-09-24","notes":"Ilmalan ohjauksen siirto paikallisohjauksesta kauko-ohjaukseen Eskoon."}},{"type":"Feature","geometry":{"type":"LineString","coordinates":[[24.55359,64.08236,0.0],[24.66538,64.05995,0.0],[24.73494,64.02842,0.0],[25.29252,63.78931,0.0],[25.33407,63.75407,0.0],[25.76165,63.72347,0.0],[26.03517,63.67686,0.0],[26.17092,63.66066,0.0],[26.36627,63.66693,0.0],[26.48066,63.65724,0.0],[26.58522,63.64932,0.0],[26.70806,63.60214,0.0],[26.77739,63.59577,0.0],[26.91407,63.60281,0.0],[26.95691,63.60852,0.0],[27.05626,63.59025,0.0],[27.08452,63.5947,0.0],[27.16467,63.58692,0.0],[27.17149,63.58794,0.0],[27.19052,63.57774,0.0]]},"properties":{"id":"vayla-iisalmi-ylivieska-rataosalla-tarpeettomien-tasor","name":"Iisalmi-Ylivieska rataosalla tarpeettomien tasoristeysten ja ylikäytävärakenteiden poistaminen","label_short":"Iisalmi-Ylivieska rataosalla","type":"rail","status":"construction","open_year":2026,"open_window":null,"budget_meur":null,"price_base":null,"agency":"Väylävirasto","curated":false,"schematic":false,"map":true,"major":false,"source_url":"https://vayla.fi/kaikki-hankkeet","source_doc":null,"geometry_source":"vayla:ratahankkeet","updated":"2026-09-24","notes":"Tarkoituksena on poistaa tarpeettomaksi todetut tasoristeyskohteet Iisalmi\n- Ylivieska rataosuudelta (rataosa 2002). Kohteena olevien Tasoristeyksien\nnimet ja sijainnit:\n Multamäki ILMI/18 (km 0563+0105)\n Nurmela ILMI/22 (km 0564+0681)\n Lehdonmäentie ILMI/23 (km 0565+0110)\n Arponen KRV/12 (km 0581+0705)\n Porttila KRV/17 (km 0586+0041)\n Rantonen KRV/37 (km 0599+0340)\n Kontio KNA/02 (km 0638+0495)\n Kuusikko HPJ/23 (km 0647+0345)\n Erkkilä HPJ/22 (km 0648+0265)\n Maijala HPJ/13 (km 0653+0913)\n Kontiola HPJ/10 (km 0655+0329)\n Tuulensuu HPJ/06 (km 0656+0775)"}},{"type":"Feature","geometry":{"type":"Point","coordinates":[24.93139,60.20453,0.0]},"properties":{"id":"vayla-ilmala-sa-lähtöjen-käyttöönotto","name":"Ilmala SA lähtöjen käyttöönotto","label_short":"Ilmala SA lähtöjen käyttööno","type":"rail","status":"construction","open_year":2026,"open_window":null,"budget_meur":null,"price_base":null,"agency":"Väylävirasto","curated":false,"schematic":false,"map":true,"major":false,"source_url":"https://vayla.fi/kaikki-hankkeet","source_doc":null,"geometry_source":"vayla:ratahankkeet","updated":"2026-09-24","notes":"Ilmala syöttöasema ratajohtolähtöjen käyttöönotto"}},{"type":"Feature","geometry":{"type":"MultiPolygon","coordinates":[[[[24.92615,60.21659,0.0],[24.9261,60.21634,0.0],[24.92588,60.2164,0.0],[24.92615,60.21659,0.0]]],[[[24.93273,60.21642,0.0],[24.93252,60.21648,0.0],[24.93379,60.21749,0.0],[24.93273,60.21642,0.0]]],[[[24.94759,60.22101,0.0],[24.94614,60.22026,0.0],[24.94593,60.22039,0.0],[24.94759,60.22101,0.0]]]]},"properties":{"id":"vayla-ilmalan-vaihteiden-vaihto-2026","name":"Ilmalan vaihteiden vaihto 2026","label_short":"Ilmalan vaihteiden vaihto 20","type":"rail","status":"construction","open_year":2026,"open_window":null,"budget_meur":null,"price_base":null,"agency":"Väylävirasto","curated":false,"schematic":false,"map":true,"major":false,"source_url":"https://vayla.fi/kaikki-hankkeet","source_doc":null,"geometry_source":"vayla:ratahankkeet","updated":"2026-09-24","notes":"Ilmalan vaihteiden V825, V770 ja V794 vaihto sekä Käpylän V513 ja V514 vaihto"}},{"type":"Feature","geometry":{"type":"LineString","coordinates":[[24.87871,60.22236,0.0],[24.87874,60.2219,0.0],[24.8807,60.22173,0.0],[24.88063,60.22231,0.0],[24.87872,60.22236,0.0]]},"properties":{"id":"vayla-infraohjelma-helsinki--länsiratikat","name":"Infraohjelma Helsinki, Länsiratikat","label_short":"Infraohjelma Helsinki, Länsi","type":"rail","status":"construction","open_year":2028,"open_window":null,"budget_meur":null,"price_base":null,"agency":"Väylävirasto","curated":false,"schematic":false,"map":true,"major":false,"source_url":"https://vayla.fi/kaikki-hankkeet","source_doc":null,"geometry_source":"vayla:ratahankkeet","updated":"2026-09-24","notes":""}},{"type":"Feature","geometry":{"type":"LineString","coordinates":[[23.8955,60.06506,0.0],[23.8813,60.06731,0.0],[23.85073,60.06788,0.0]]},"properties":{"id":"vayla-inkoo-karjaa-stabiliteetin-parantaminen--rakenta","name":"Inkoo-Karjaa stabiliteetin parantaminen, rakentaminen","label_short":"Inkoo-Karjaa stabiliteetin p","type":"rail","status":"construction","open_year":2028,"open_window":null,"budget_meur":null,"price_base":null,"agency":"Väylävirasto","curated":false,"schematic":false,"map":true,"major":false,"source_url":"https://vayla.fi/kaikki-hankkeet","source_doc":null,"geometry_source":"vayla:ratahankkeet","updated":"2026-09-24","notes":""}},{"type":"Feature","geometry":{"type":"LineString","coordinates":[[25.74051,62.23465,0.0],[25.76835,62.24653,0.0],[25.77407,62.24679,0.0],[25.78392,62.24435,0.0],[25.79166,62.24052,0.0],[25.82453,62.2395,0.0],[25.86378,62.24135,0.0],[25.88683,62.25027,0.0],[25.89657,62.25078,0.0],[25.90908,62.24749,0.0],[25.93237,62.24564,0.0],[25.94157,62.24391,0.0],[25.9604,62.2455,0.0],[25.9955,62.24236,0.0],[26.07445,62.23771,0.0],[26.08726,62.23917,0.0],[26.10104,62.24431,0.0],[26.14093,62.25164,0.0],[26.19785,62.26029,0.0],[26.28212,62.2671,0.0],[26.31881,62.2683,0.0],[26.34925,62.27949,0.0],[26.37795,62.28598,0.0],[26.40106,62.28579,0.0],[26.43015,62.28873,0.0],[26.47261,62.29901,0.0],[26.48917,62.31012,0.0],[26.5181,62.31556,0.0],[26.52599,62.3157,0.0],[26.59396,62.3048,0.0],[26.64635,62.30913,0.0],[26.72953,62.30751,0.0],[26.77651,62.3112,0.0],[26.79575,62.31116,0.0],[26.82954,62.31763,0.0],[26.90247,62.32204,0.0],[26.90853,62.32111,0.0],[26.95232,62.31045,0.0],[26.98119,62.29652,0.0],[27.03398,62.28397,0.0],[27.05909,62.2823,0.0],[27.07878,62.28214,0.0],[27.10174,62.28791,0.0],[27.16254,62.29247,0.0],[27.16596,62.29456,0.0]]},"properties":{"id":"vayla-jyväskylä-pieksämäki-perusparannus--rakentaminen","name":"Jyväskylä-Pieksämäki perusparannus, rakentaminen","label_short":"Jyväskylä-Pieksämäki peruspa","type":"rail","status":"construction","open_year":2028,"open_window":null,"budget_meur":null,"price_base":null,"agency":"Väylävirasto","curated":false,"schematic":false,"map":true,"major":true,"source_url":"https://vayla.fi/jyvaskyla-pieksamaki-perusparannus","source_doc":null,"geometry_source":"vayla:ratahankkeet","updated":"2026-09-24","notes":""}},{"type":"Feature","geometry":{"type":"Point","coordinates":[24.21493,62.53597,0.0]},"properties":{"id":"vayla-järvisen-tasoristeyksen-turvallisuuden-parantami","name":"Järvisen tasoristeyksen turvallisuuden parantaminen","label_short":"Järvisen tasoristeyksen turv","type":"rail","status":"construction","open_year":2026,"open_window":null,"budget_meur":null,"price_base":null,"agency":"Väylävirasto","curated":false,"schematic":false,"map":true,"major":false,"source_url":"https://vayla.fi/kaikki-hankkeet","source_doc":null,"geometry_source":"vayla:ratahankkeet","updated":"2026-09-24","notes":""}},{"type":"Feature","geometry":{"type":"Point","coordinates":[23.6618,60.06885,0.0]},"properties":{"id":"vayla-karjaan-vaihteiden-v0072-ja-v0009-vaihto","name":"Karjaan vaihteiden V0072 ja V0009 vaihto","label_short":"Karjaan vaihteiden V0072 ja ","type":"rail","status":"construction","open_year":2026,"open_window":null,"budget_meur":null,"price_base":null,"agency":"Väylävirasto","curated":false,"schematic":false,"map":true,"major":false,"source_url":"https://vayla.fi/kaikki-hankkeet","source_doc":null,"geometry_source":"vayla:ratahankkeet","updated":"2026-09-24","notes":""}},{"type":"Feature","geometry":{"type":"MultiLineString","coordinates":[[[27.2276,63.71161,0.0],[27.22833,63.71156,0.0],[27.22732,63.71026,0.0],[27.22755,63.71159,0.0]],[[27.22997,63.70413,0.0],[27.23074,63.70422,0.0],[27.23008,63.70546,0.0],[27.22928,63.70541,0.0],[27.22997,63.70414,0.0]]]},"properties":{"id":"vayla-kauppilanmäen-vaihteenvaihdot-2026","name":"Kauppilanmäen vaihteenvaihdot 2026","label_short":"Kauppilanmäen vaihteenvaihdo","type":"rail","status":"decided","open_year":2027,"open_window":null,"budget_meur":null,"price_base":null,"agency":"Väylävirasto","curated":false,"schematic":false,"map":true,"major":false,"source_url":"https://vayla.fi/kaikki-hankkeet","source_doc":null,"geometry_source":"vayla:ratahankkeet","updated":"2026-09-24","notes":""}},{"type":"Feature","geometry":{"type":"Polygon","coordinates":[[[29.964,62.08184,0.0],[29.96471,62.08157,0.0],[29.97789,62.08914,0.0],[29.97605,62.08958,0.0],[29.964,62.08184,0.0]]]},"properties":{"id":"vayla-kiteen-päällysrakennurakka-pru-2025","name":"Kiteen päällysrakennurakka pru 2025","label_short":"Kiteen päällysrakennurakka p","type":"rail","status":"construction","open_year":2026,"open_window":null,"budget_meur":null,"price_base":null,"agency":"Väylävirasto","curated":false,"schematic":false,"map":true,"major":false,"source_url":"https://vayla.fi/kaikki-hankkeet","source_doc":null,"geometry_source":"vayla:ratahankkeet","updated":"2026-09-24","notes":"Kiteen liikennepaikalle kahden vaihteen uusiminen ja vetoraiteen rakentaminen"}},{"type":"Feature","geometry":{"type":"MultiLineString","coordinates":[[[26.92419,60.61111,0.0],[26.94676,60.59994,0.0],[26.94856,60.59894,0.0],[26.95023,60.59766,0.0],[26.9513,60.59642,0.0],[26.95206,60.59503,0.0],[26.95436,60.59016,0.0],[26.95622,60.58812,0.0],[26.96316,60.58416,0.0],[26.96886,60.58286,0.0],[27.02931,60.58858,0.0],[27.06823,60.59013,0.0],[27.12684,60.60041,0.0],[27.13317,60.60007,0.0],[27.14648,60.59703,0.0],[27.16052,60.59267,0.0],[27.16193,60.59128,0.0],[27.16506,60.58465,0.0],[27.16505,60.58192,0.0],[27.15976,60.56983,0.0],[27.16082,60.5661,0.0],[27.1614,60.55929,0.0],[27.16705,60.55168,0.0],[27.1674,60.55023,0.0]],[[27.1674,60.55023,0.0],[27.16746,60.54457,0.0]],[[27.16746,60.54457,0.0],[27.16746,60.54456,0.0],[27.16746,60.54456,0.0]],[[27.16746,60.54456,0.0],[27.1666,60.54339,0.0]],[[27.1666,60.54339,0.0],[27.16601,60.54258,0.0]],[[27.16601,60.54258,0.0],[27.16409,60.54147,0.0],[27.14173,60.53432,0.0],[27.1333,60.53189,0.0],[27.13024,60.53175,0.0],[27.12772,60.53239,0.0],[27.11062,60.54253,0.0]],[[26.74996,60.86849,0.0],[26.76025,60.86844,0.0],[26.76351,60.86707,0.0],[26.76493,60.86498,0.0],[26.75547,60.8229,0.0],[26.75679,60.80774,0.0],[26.7576,60.80509,0.0],[26.76032,60.80182,0.0],[26.76768,60.79704,0.0],[26.77306,60.79235,0.0],[26.78286,60.77465,0.0],[26.79524,60.76297,0.0],[26.79969,60.7599,0.0],[26.81403,60.75362,0.0],[26.81783,60.75054,0.0],[26.8206,60.74626,0.0],[26.82189,60.74298,0.0],[26.82643,60.70627,0.0],[26.82717,60.70439,0.0],[26.83123,60.70129,0.0],[26.84585,60.69288,0.0],[26.84737,60.6912,0.0],[26.84855,60.68566,0.0],[26.84975,60.68383,0.0],[26.8539,60.68044,0.0],[26.8622,60.6767,0.0],[26.86542,60.67421,0.0],[26.87394,60.66349,0.0],[26.87496,60.65997,0.0],[26.88486,60.6394,0.0],[26.89217,60.63131,0.0],[26.89583,60.62411,0.0],[26.89874,60.6209,0.0],[26.90553,60.61698,0.0],[26.92198,60.61212,0.0],[26.94773,60.59936,0.0],[26.9512,60.59642,0.0],[26.95408,60.59052,0.0],[26.95498,60.5892,0.0],[26.95618,60.58807,0.0],[26.95986,60.58556,0.0],[26.96072,60.58442,0.0],[26.96116,60.58078,0.0],[26.9601,60.57841,0.0],[26.95008,60.56904,0.0],[26.94637,60.56464,0.0],[26.91958,60.54977,0.0],[26.91111,60.54223,0.0],[26.90038,60.534,0.0],[26.89903,60.53108,0.0],[26.89917,60.52711,0.0],[26.89847,60.52491,0.0],[26.89116,60.51809,0.0],[26.88986,60.51619,0.0],[26.88961,60.51357,0.0],[26.89158,60.51034,0.0],[26.90038,60.50607,0.0],[26.90492,60.49954,0.0],[26.91465,60.49196,0.0],[26.91926,60.483,0.0],[26.91934,60.47593,0.0],[26.91843,60.47243,0.0],[26.91973,60.46873,0.0]],[[26.91973,60.46873,0.0],[26.92029,60.46754,0.0]],[[26.92029,60.46754,0.0],[26.92065,60.46676,0.0],[26.92066,60.46675,0.0]],[[26.92066,60.46675,0.0],[26.92525,60.46459,0.0],[26.92972,60.46457,0.0],[26.94836,60.47216,0.0]],[[26.91973,60.46873,0.0],[26.91981,60.46856,0.0],[26.92029,60.46754,0.0]],[[26.92029,60.46754,0.0],[26.92066,60.46675,0.0]],[[26.92066,60.46675,0.0],[26.9225,60.46382,0.0],[26.92188,60.46091,0.0],[26.92085,60.45923,0.0],[26.90292,60.45262,0.0],[26.90132,60.45103,0.0],[26.89924,60.44625,0.0],[26.88938,60.43804,0.0],[26.88888,60.43678,0.0],[26.89041,60.43471,0.0],[26.89282,60.43322,0.0],[26.90759,60.4287,0.0],[26.92187,60.42284,0.0]],[[27.16693,60.55174,0.0],[27.1674,60.55023,0.0]],[[27.1674,60.55023,0.0],[27.16742,60.54879,0.0],[27.16746,60.54457,0.0]],[[27.16746,60.54457,0.0],[27.16746,60.54456,0.0]],[[27.16746,60.54456,0.0],[27.16746,60.54456,0.0],[27.1666,60.54339,0.0]],[[27.1666,60.54339,0.0],[27.16602,60.54258,0.0],[27.16601,60.54258,0.0]],[[27.16601,60.54258,0.0],[27.16505,60.54059,0.0],[27.16542,60.5392,0.0],[27.1729,60.53457,0.0]]]},"properties":{"id":"vayla-kouvola---kotka---hamina-rautatiehanke---rakenta","name":"Kouvola - Kotka / Hamina rautatiehanke - rakentaminen","label_short":"Kouvola - Kotka / Hamina rau","type":"rail","status":"opened","open_year":2025,"open_window":null,"budget_meur":null,"price_base":null,"agency":"Väylävirasto","curated":false,"schematic":false,"map":true,"major":true,"source_url":"https://vayla.fi/kouvola-kotka-hamina","source_doc":null,"geometry_source":"vayla:ratahankkeet","updated":"2026-09-24","notes":""}},{"type":"Feature","geometry":{"type":"MultiPoint","coordinates":[[26.8586,60.87726,0.0],[27.74822,60.94246,0.0]]},"properties":{"id":"vayla-kouvola-luumäki-peruskorjaus-koluke--rakentamine","name":"Kouvola-Luumäki peruskorjaus KOLUKE (rakentaminen)","label_short":"Kouvola-Luumäki peruskorjaus","type":"rail","status":"construction","open_year":2027,"open_window":null,"budget_meur":null,"price_base":null,"agency":"Väylävirasto","curated":false,"schematic":false,"map":true,"major":false,"source_url":"https://vayla.fi/kaikki-hankkeet","source_doc":null,"geometry_source":"vayla:ratahankkeet","updated":"2026-09-24","notes":"Rakentamistoimeksiannoilla toteutetaan suunnitteluvaiheessa todettuja peruskorjaustoimenpiteitä Kouvola-Luumäki rataosuudella. Toteutettavat peruskorjaustoimenpiteet ovat välttämättömiä junien häiriöttömän liikennöinnin ja turvallisuuden varmistamiseksi."}},{"type":"Feature","geometry":{"type":"MultiLineString","coordinates":[[[27.37884,60.91234,0.0],[27.50353,60.91858,0.0],[27.51526,60.9181,0.0],[27.5489,60.9143,0.0]],[[27.578,60.91098,0.0],[27.59083,60.9099,0.0],[27.61151,60.91154,0.0],[27.61717,60.91309,0.0],[27.65393,60.92707,0.0],[27.6653,60.9303,0.0],[27.74762,60.94241,0.0]],[[26.96196,60.88046,0.0],[26.9725,60.88183,0.0],[26.99526,60.88318,0.0],[27.0243,60.88667,0.0],[27.09449,60.89784,0.0],[27.10696,60.89906,0.0]],[[26.85423,60.87733,0.0],[26.94147,60.8777,0.0],[26.95758,60.87976,0.0]],[[27.13611,60.90121,0.0],[27.1526,60.90236,0.0],[27.19288,60.90336,0.0],[27.34014,60.91046,0.0]]]},"properties":{"id":"vayla-kouvola-luumäki-pohjoisen-raiteen-päällysrakente","name":"Kouvola-Luumäki pohjoisen raiteen päällysrakenteen uusiminen, rakentaminen","label_short":"Kouvola-Luumäki pohjoisen ra","type":"rail","status":"construction","open_year":2026,"open_window":null,"budget_meur":null,"price_base":null,"agency":"Väylävirasto","curated":false,"schematic":false,"map":true,"major":false,"source_url":"https://vayla.fi/kaikki-hankkeet","source_doc":null,"geometry_source":"vayla:ratahankkeet","updated":"2026-09-24","notes":""}},{"type":"Feature","geometry":{"type":"Point","coordinates":[26.70457,60.86562,0.0]},"properties":{"id":"vayla-kouvolan-henkilöratapihan-valaistuksen-uusimisur","name":"Kouvolan henkilöratapihan valaistuksen uusimisurakka","label_short":"Kouvolan henkilöratapihan va","type":"rail","status":"construction","open_year":2026,"open_window":null,"budget_meur":null,"price_base":null,"agency":"Väylävirasto","curated":false,"schematic":false,"map":true,"major":false,"source_url":"https://vayla.fi/kaikki-hankkeet","source_doc":null,"geometry_source":"vayla:ratahankkeet","updated":"2026-09-24","notes":"Kouvolan henkilöratapihan valaistuksen ja sähköverkon uusiminen"}},{"type":"Feature","geometry":{"type":"Point","coordinates":[24.51159,60.97543,0.0]},"properties":{"id":"vayla-kukkolan-syöttöaseman-saneeraus","name":"Kukkolan syöttöaseman saneeraus","label_short":"Kukkolan syöttöaseman saneer","type":"rail","status":"construction","open_year":2027,"open_window":null,"budget_meur":null,"price_base":null,"agency":"Väylävirasto","curated":false,"schematic":false,"map":true,"major":false,"source_url":"https://vayla.fi/kaikki-hankkeet","source_doc":null,"geometry_source":"vayla:ratahankkeet","updated":"2026-09-24","notes":""}},{"type":"Feature","geometry":{"type":"MultiPoint","coordinates":[[27.6317,62.88459,0.0],[27.65076,62.89417,0.0],[27.68671,62.95444,0.0]]},"properties":{"id":"vayla-kuopion-alueen-siltaurakat-2024","name":"Kuopion alueen siltaurakat 2024","label_short":"Kuopion alueen siltaurakat 2","type":"rail","status":"opened","open_year":2024,"open_window":null,"budget_meur":null,"price_base":null,"agency":"Väylävirasto","curated":false,"schematic":false,"map":true,"major":true,"source_url":"https://extranet.vayla.fi/trex/#/rakenne/18036","source_doc":null,"geometry_source":"vayla:ratahankkeet","updated":"2026-09-24","notes":"Urakkaan kuuluu sopimusasiakirjoissa määritellyt kolmen eri siltakohteen työt suunnitelmien mukaisesti; Neulamäen alikulkusillan Rata km 458+771 peruskorjaus, optio Niiralankadun alikäytävän Rata km 463+013 rakentaminen sekä Sorsasalon eteläisen alikäytävän Rata km 473+869 purkutyöt."}},{"type":"Feature","geometry":{"type":"Point","coordinates":[27.51172,62.76721,0.0]},"properties":{"id":"vayla-kurkimäki-syöttöaseman-uudistaminen--st","name":"Kurkimäki syöttöaseman uudistaminen, ST","label_short":"Kurkimäki syöttöaseman uudis","type":"rail","status":"construction","open_year":2028,"open_window":null,"budget_meur":null,"price_base":null,"agency":"Väylävirasto","curated":false,"schematic":false,"map":true,"major":false,"source_url":"https://vayla.fi/kaikki-hankkeet","source_doc":null,"geometry_source":"vayla:ratahankkeet","updated":"2026-09-24","notes":"Kurkimäki syöttöaseman rakenteiden ja kojeiden uusiminen"}},{"type":"Feature","geometry":{"type":"Point","coordinates":[23.49785,62.62953,0.0]},"properties":{"id":"vayla-kuuselan-tasoristeyksen-turvallisuuden-parantami","name":"Kuuselan tasoristeyksen turvallisuuden parantaminen","label_short":"Kuuselan tasoristeyksen turv","type":"rail","status":"construction","open_year":2028,"open_window":null,"budget_meur":null,"price_base":null,"agency":"Väylävirasto","curated":false,"schematic":false,"map":true,"major":false,"source_url":"https://vayla.fi/kaikki-hankkeet","source_doc":null,"geometry_source":"vayla:ratahankkeet","updated":"2026-09-24","notes":""}},{"type":"Feature","geometry":{"type":"LineString","coordinates":[[24.52939,65.79822,0.0],[24.52265,65.79976,0.0],[24.44074,65.81227,0.0],[24.43643,65.81291,0.0],[24.42797,65.8126,0.0],[24.423,65.81317,0.0],[24.33632,65.82613,0.0],[24.31685,65.82977,0.0],[24.29836,65.83071,0.0],[24.29475,65.83139,0.0],[24.2624,65.84298,0.0],[24.25565,65.84681,0.0],[24.24415,65.84939,0.0],[24.23093,65.84923,0.0],[24.21267,65.85052,0.0],[24.17039,65.85081,0.0],[24.1671,65.84994,0.0],[24.16376,65.84674,0.0],[24.16419,65.84235,0.0],[24.16682,65.83783,0.0],[24.16951,65.83479,0.0],[24.1697,65.83358,0.0],[24.16908,65.83249,0.0],[24.16214,65.82879,0.0],[24.15855,65.82802,0.0],[24.14204,65.8277,0.0],[24.12288,65.82902,0.0]]},"properties":{"id":"vayla-laurila-tornio-haaparanta-sähköistäminen--rakent","name":"Laurila-Tornio-Haaparanta sähköistäminen, rakentaminen","label_short":"Laurila-Tornio-Haaparanta sä","type":"rail","status":"opened","open_year":2024,"open_window":null,"budget_meur":null,"price_base":null,"agency":"Väylävirasto","curated":false,"schematic":false,"map":true,"major":true,"source_url":"https://vayla.fi/laurila-tornio-haaparanta","source_doc":null,"geometry_source":"vayla:ratahankkeet","updated":"2026-09-24","notes":"Hanke sisältää Laurila–Tornio - Haaparanta -rataosan sähköistyksen, Laurila-Tornio/raja- rataosan tasoristeyksien turvallisuuden parantamisen, sähköistyksen vaatimat Raumonjoen ristikkosillan arvartamisem, Tornionjoen ratasillan avartamisen ja korjaamisen, Tornion ratapihan sähköistyksen edellyttämät muutokset sekä tarvittavat muutokset rataosan turvalaitteissa."}},{"type":"Feature","geometry":{"type":"Point","coordinates":[28.25837,61.06517,0.0]},"properties":{"id":"vayla-lauritsala-syöttöaseman-uudistaminen--st","name":"Lauritsala syöttöaseman uudistaminen, ST","label_short":"Lauritsala syöttöaseman uudi","type":"rail","status":"construction","open_year":2028,"open_window":null,"budget_meur":null,"price_base":null,"agency":"Väylävirasto","curated":false,"schematic":false,"map":true,"major":false,"source_url":"https://vayla.fi/kaikki-hankkeet","source_doc":null,"geometry_source":"vayla:ratahankkeet","updated":"2026-09-24","notes":"Sähkönsyöttöasema peruskorjataan"}},{"type":"Feature","geometry":{"type":"LineString","coordinates":[[27.55923,60.91313,0.0],[27.58875,60.90983,0.0],[27.61155,60.91128,0.0],[27.65265,60.92669,0.0],[27.66939,60.93116,0.0],[27.82048,60.95294,0.0],[27.83695,60.95925,0.0],[27.92136,60.98512,0.0],[27.94226,60.99257,0.0],[27.96022,61.00063,0.0],[28.00313,61.01103,0.0],[28.13518,61.02016,0.0],[28.16101,61.02422,0.0],[28.16354,61.02513,0.0],[28.17201,61.0303,0.0],[28.17815,61.04114,0.0],[28.20868,61.05332,0.0],[28.2249,61.05546,0.0],[28.23435,61.05968,0.0],[28.25184,61.06265,0.0],[28.26883,61.07345,0.0],[28.30951,61.07992,0.0],[28.32326,61.08017,0.0],[28.35569,61.0918,0.0],[28.37938,61.09723,0.0],[28.45645,61.11213,0.0],[28.50656,61.12555,0.0],[28.53229,61.13032,0.0],[28.57527,61.142,0.0],[28.59518,61.14806,0.0],[28.61354,61.15013,0.0],[28.62854,61.15567,0.0],[28.64687,61.16027,0.0],[28.701,61.18385,0.0],[28.71834,61.18695,0.0],[28.73425,61.19274,0.0],[28.7648,61.19107,0.0],[28.77865,61.19715,0.0],[28.80585,61.2015,0.0],[28.80944,61.20289,0.0]]},"properties":{"id":"vayla-luumäki-imatra-ratahanke-rakentaminen","name":"Luumäki-Imatra ratahanke rakentaminen","label_short":"Luumäki-Imatra ratahanke rak","type":"rail","status":"construction","open_year":2026,"open_window":null,"budget_meur":null,"price_base":null,"agency":"Väylävirasto","curated":false,"schematic":false,"map":true,"major":false,"source_url":"https://vayla.fi/kaikki-hankkeet","source_doc":null,"geometry_source":"vayla:ratahankkeet","updated":"2026-09-24","notes":""}},{"type":"Feature","geometry":{"type":"LineString","coordinates":[[26.68036,64.56105,0.0],[26.68401,64.56032,0.0],[26.69458,64.56211,0.0],[26.69579,64.561,0.0],[26.68673,64.55975,0.0],[26.68036,64.56105,0.0]]},"properties":{"id":"vayla-nuojuan-raakapuunkuormauspaikka--vaala","name":"Nuojuan raakapuunkuormauspaikka, Vaala","label_short":"Nuojuan raakapuunkuormauspai","type":"rail","status":"opened","open_year":2025,"open_window":null,"budget_meur":null,"price_base":null,"agency":"Väylävirasto","curated":false,"schematic":false,"map":true,"major":true,"source_url":"https://vayla.fi/vaala-raakapuun-kuormauspaikka","source_doc":null,"geometry_source":"vayla:ratahankkeet","updated":"2026-09-24","notes":""}},{"type":"Feature","geometry":{"type":"LineString","coordinates":[[25.49183,65.0268,0.0],[25.48765,65.02767,0.0],[25.46644,65.02947,0.0],[25.4606,65.0309,0.0],[25.45684,65.03292,0.0],[25.44614,65.04174,0.0],[25.43916,65.0459,0.0],[25.43853,65.0472,0.0],[25.438,65.05594,0.0],[25.42293,65.09403,0.0],[25.41666,65.11808,0.0],[25.41658,65.13237,0.0],[25.42053,65.13829,0.0],[25.42072,65.1471,0.0],[25.41372,65.16367,0.0],[25.40933,65.18135,0.0],[25.40643,65.20153,0.0],[25.41561,65.22468,0.0],[25.42108,65.23003,0.0],[25.42173,65.23333,0.0],[25.42765,65.24352,0.0],[25.42782,65.30292,0.0],[25.4287,65.30508,0.0],[25.44122,65.31653,0.0],[25.44292,65.3267,0.0],[25.44095,65.3386,0.0],[25.43934,65.34302,0.0],[25.40719,65.4089,0.0],[25.40692,65.41124,0.0],[25.40848,65.42656,0.0],[25.40787,65.4298,0.0],[25.3994,65.44411,0.0],[25.39581,65.45242,0.0],[25.38895,65.45893,0.0],[25.39013,65.46581,0.0],[25.38882,65.46765,0.0],[25.38424,65.47004,0.0],[25.36519,65.47332,0.0],[25.35875,65.4758,0.0],[25.33015,65.50228,0.0],[25.28948,65.52572,0.0],[25.28075,65.52992,0.0],[25.26294,65.54263,0.0],[25.2275,65.56989,0.0],[25.21643,65.58882,0.0],[25.21062,65.59345,0.0],[25.16207,65.62173,0.0],[25.08462,65.65999,0.0],[25.07891,65.66152,0.0],[25.06705,65.66267,0.0],[24.99752,65.66739,0.0],[24.97651,65.67083,0.0],[24.91813,65.67722,0.0],[24.86963,65.68043,0.0],[24.83439,65.68009,0.0],[24.78347,65.68393,0.0],[24.70614,65.69789,0.0],[24.68374,65.70381,0.0],[24.64785,65.71117,0.0],[24.60416,65.72448,0.0],[24.58487,65.72897,0.0],[24.58135,65.73061,0.0],[24.57005,65.74052,0.0],[24.56988,65.7481,0.0],[24.56733,65.75515,0.0],[24.56661,65.76905,0.0],[24.56384,65.78735,0.0],[24.55991,65.78948,0.0],[24.54926,65.79106,0.0],[24.54398,65.79361,0.0],[24.53083,65.79785,0.0]]},"properties":{"id":"vayla-oula-oulu-laurila-perusparannus--rakentaminen","name":"OULA Oulu-Laurila perusparannus, rakentaminen","label_short":"OULA Oulu-Laurila perusparan","type":"rail","status":"construction","open_year":2029,"open_window":null,"budget_meur":null,"price_base":null,"agency":"Väylävirasto","curated":false,"schematic":false,"map":true,"major":false,"source_url":"https://vayla.fi/kaikki-hankkeet","source_doc":null,"geometry_source":"vayla:ratahankkeet","updated":"2026-09-24","notes":""}},{"type":"Feature","geometry":{"type":"LineString","coordinates":[[25.49183,65.0268,0.0],[25.48765,65.02767,0.0],[25.46644,65.02947,0.0],[25.4606,65.0309,0.0],[25.45684,65.03292,0.0],[25.44614,65.04174,0.0],[25.43916,65.0459,0.0],[25.43853,65.0472,0.0],[25.438,65.05594,0.0],[25.42293,65.09403,0.0],[25.41666,65.11808,0.0],[25.41658,65.13237,0.0],[25.42053,65.13829,0.0],[25.42072,65.1471,0.0],[25.41372,65.16367,0.0],[25.40933,65.18135,0.0],[25.40643,65.20153,0.0],[25.41561,65.22468,0.0],[25.42108,65.23003,0.0],[25.42173,65.23333,0.0],[25.42765,65.24352,0.0],[25.42782,65.30292,0.0],[25.4287,65.30508,0.0],[25.44122,65.31653,0.0],[25.44292,65.3267,0.0],[25.44095,65.3386,0.0],[25.43934,65.34302,0.0],[25.40719,65.4089,0.0],[25.40692,65.41124,0.0],[25.40848,65.42656,0.0],[25.40787,65.4298,0.0],[25.3994,65.44411,0.0],[25.39581,65.45242,0.0],[25.38895,65.45893,0.0],[25.39013,65.46581,0.0],[25.38882,65.46765,0.0],[25.38424,65.47004,0.0],[25.36519,65.47332,0.0],[25.35875,65.4758,0.0],[25.33015,65.50228,0.0],[25.28948,65.52572,0.0],[25.28075,65.52992,0.0],[25.26294,65.54263,0.0],[25.2275,65.56989,0.0],[25.21643,65.58882,0.0],[25.21062,65.59345,0.0],[25.16207,65.62173,0.0],[25.08462,65.65999,0.0],[25.07891,65.66152,0.0],[25.06705,65.66267,0.0],[24.99752,65.66739,0.0],[24.97651,65.67083,0.0],[24.91813,65.67722,0.0],[24.86963,65.68043,0.0],[24.83439,65.68009,0.0],[24.78347,65.68393,0.0],[24.70614,65.69789,0.0],[24.68374,65.70381,0.0],[24.64785,65.71117,0.0],[24.60416,65.72448,0.0],[24.58487,65.72897,0.0],[24.58135,65.73061,0.0],[24.57005,65.74052,0.0],[24.56988,65.7481,0.0],[24.56733,65.75515,0.0],[24.56661,65.76905,0.0],[24.56384,65.78735,0.0],[24.55991,65.78948,0.0],[24.54926,65.79106,0.0],[24.54398,65.79361,0.0],[24.53083,65.79785,0.0]]},"properties":{"id":"vayla-oula-oulu-laurila-perusparannus--suunnitteluvaih","name":"OULA Oulu-Laurila perusparannus, suunnitteluvaihe","label_short":"OULA Oulu-Laurila perusparan","type":"rail","status":"construction","open_year":2026,"open_window":null,"budget_meur":null,"price_base":null,"agency":"Väylävirasto","curated":false,"schematic":false,"map":true,"major":true,"source_url":"https://vayla.fi/oulu-laurila-radan-perusparannus","source_doc":null,"geometry_source":"vayla:ratahankkeet","updated":"2026-09-24","notes":"Oulu - Laurila -välin perusparannukseen liittyvä suunnitteluvaihe"}},{"type":"Feature","geometry":{"type":"LineString","coordinates":[[25.01785,64.60454,0.0],[24.84035,64.63056,0.0],[24.8034,64.63534,0.0],[24.77518,64.63988,0.0],[24.73021,64.65056,0.0],[24.69335,64.66228,0.0],[24.67663,64.66505,0.0],[24.64061,64.67835,0.0],[24.62471,64.68283,0.0],[24.61883,64.68323,0.0],[24.59632,64.6827,0.0],[24.57482,64.68138,0.0],[24.56602,64.68187,0.0],[24.5543,64.68347,0.0],[24.53819,64.68367,0.0],[24.51011,64.68555,0.0],[24.48817,64.68303,0.0]]},"properties":{"id":"vayla-oula-tuomioja-raahe-perusparannus--rakentaminen","name":"OULA Tuomioja-Raahe perusparannus, rakentaminen","label_short":"OULA Tuomioja-Raahe peruspar","type":"rail","status":"construction","open_year":2026,"open_window":null,"budget_meur":null,"price_base":null,"agency":"Väylävirasto","curated":false,"schematic":false,"map":true,"major":false,"source_url":"https://vayla.fi/kaikki-hankkeet","source_doc":null,"geometry_source":"vayla:ratahankkeet","updated":"2026-09-24","notes":""}},{"type":"Feature","geometry":{"type":"Polygon","coordinates":[[[25.01831,64.60708,0.0],[25.01485,64.60243,0.0],[24.77667,64.63644,0.0],[24.71513,64.65213,0.0],[24.69052,64.66051,0.0],[24.67403,64.66292,0.0],[24.62291,64.68096,0.0],[24.57671,64.67979,0.0],[24.51009,64.68403,0.0],[24.48242,64.67989,0.0],[24.46411,64.67012,0.0],[24.45487,64.66073,0.0],[24.41402,64.65624,0.0],[24.43876,64.67458,0.0],[24.47954,64.68295,0.0],[24.50723,64.68687,0.0],[24.58296,64.68257,0.0],[24.62404,64.68501,0.0],[24.67858,64.66697,0.0],[24.69462,64.66455,0.0],[24.77748,64.64169,0.0],[25.01831,64.60708,0.0]]]},"properties":{"id":"vayla-oula-tuomioja-raahe-perusparannus--suunnitteluva","name":"OULA Tuomioja-Raahe perusparannus, suunnitteluvaihe","label_short":"OULA Tuomioja-Raahe peruspar","type":"rail","status":"construction","open_year":2026,"open_window":null,"budget_meur":null,"price_base":null,"agency":"Väylävirasto","curated":false,"schematic":false,"map":true,"major":true,"source_url":"https://vayla.fi/tuomioja-raahe-perusparannus","source_doc":null,"geometry_source":"vayla:ratahankkeet","updated":"2026-09-24","notes":""}},{"type":"Feature","geometry":{"type":"MultiLineString","coordinates":[[[25.42263,65.09605,0.0],[25.41696,65.12799,0.0],[25.41787,65.13375,0.0],[25.421,65.13935,0.0],[25.42054,65.14721,0.0],[25.41179,65.17046,0.0],[25.40745,65.20073,0.0],[25.41398,65.22184,0.0],[25.42276,65.23541,0.0],[25.42874,65.30572,0.0],[25.44163,65.31818,0.0],[25.44175,65.33232,0.0],[25.43511,65.35321,0.0],[25.40746,65.40953,0.0],[25.4091,65.42794,0.0],[25.39559,65.45453,0.0],[25.38894,65.45893,0.0],[25.39179,65.46621,0.0],[25.38669,65.46951,0.0],[25.36206,65.47411,0.0],[25.33905,65.49472,0.0],[25.32951,65.50244,0.0],[25.25331,65.5498,0.0],[25.22543,65.57233,0.0],[25.21617,65.5891,0.0],[25.20492,65.59719,0.0],[25.15494,65.62546,0.0],[25.08522,65.65982,0.0],[25.07336,65.66242,0.0],[24.99866,65.66689,0.0],[24.9792,65.67048,0.0],[24.92493,65.67633,0.0],[24.87175,65.68033,0.0],[24.83536,65.67999,0.0],[24.78722,65.68367,0.0],[24.70125,65.69907,0.0],[24.68751,65.70266,0.0],[24.64781,65.71094,0.0],[24.58151,65.72989,0.0],[24.57116,65.74064,0.0],[24.56342,65.78734,0.0],[24.56031,65.7895,0.0],[24.55017,65.79075,0.0],[24.5301,65.79799,0.0]],[[25.46344,65.03009,0.0],[25.43968,65.04664,0.0]]]},"properties":{"id":"vayla-oula-ympäristö--selvitykset--hakemukset--luvat","name":"Oula ympäristö; Selvitykset/ Hakemukset/ Luvat / Päätökset","label_short":"Oula ympäristö; Selvitykset/","type":"rail","status":"construction","open_year":2029,"open_window":null,"budget_meur":null,"price_base":null,"agency":"Väylävirasto","curated":false,"schematic":false,"map":true,"major":false,"source_url":"https://vayla.fi/kaikki-hankkeet","source_doc":null,"geometry_source":"vayla:ratahankkeet","updated":"2026-09-24","notes":""}},{"type":"Feature","geometry":{"type":"Point","coordinates":[24.90127,60.60511,0.0]},"properties":{"id":"vayla-pikkusuon-syöttöaseman-uudistaminen","name":"Pikkusuon syöttöaseman uudistaminen","label_short":"Pikkusuon syöttöaseman uudis","type":"rail","status":"construction","open_year":2026,"open_window":null,"budget_meur":null,"price_base":null,"agency":"Väylävirasto","curated":false,"schematic":false,"map":true,"major":false,"source_url":"https://vayla.fi/kaikki-hankkeet","source_doc":null,"geometry_source":"vayla:ratahankkeet","updated":"2026-09-24","notes":""}},{"type":"Feature","geometry":{"type":"Point","coordinates":[24.89935,60.60651,0.0]},"properties":{"id":"vayla-pikkusuon-syöttöaseman-uudistaminen--st","name":"Pikkusuon syöttöaseman uudistaminen, ST","label_short":"Pikkusuon syöttöaseman uudis","type":"rail","status":"construction","open_year":2026,"open_window":null,"budget_meur":null,"price_base":null,"agency":"Väylävirasto","curated":false,"schematic":false,"map":true,"major":false,"source_url":"https://vayla.fi/kaikki-hankkeet","source_doc":null,"geometry_source":"vayla:ratahankkeet","updated":"2026-09-24","notes":""}},{"type":"Feature","geometry":{"type":"Polygon","coordinates":[[[25.65845,60.97607,0.0],[25.65903,60.97601,0.0],[25.65917,60.97664,0.0],[25.65853,60.97668,0.0],[25.65845,60.97607,0.0]]]},"properties":{"id":"vayla-ro1112-launeenkadun-alikulkusilta","name":"RO1112 Launeenkadun alikulkusilta","label_short":"RO1112 Launeenkadun alikulku","type":"rail","status":"construction","open_year":2027,"open_window":null,"budget_meur":null,"price_base":null,"agency":"Väylävirasto","curated":false,"schematic":false,"map":true,"major":false,"source_url":"https://vayla.fi/kaikki-hankkeet","source_doc":null,"geometry_source":"vayla:ratahankkeet","updated":"2026-09-24","notes":"Launeenkadun alikulkusillan peruskorjaus"}},{"type":"Feature","geometry":{"type":"Polygon","coordinates":[[[25.70583,60.97226,0.0],[25.70491,60.97188,0.0],[25.7061,60.9719,0.0],[25.70583,60.97226,0.0]]]},"properties":{"id":"vayla-ro1112-pekanmäen-alikäytävä","name":"RO1112 Pekanmäen alikäytävä","label_short":"RO1112 Pekanmäen alikäytävä","type":"rail","status":"decided","open_year":2027,"open_window":null,"budget_meur":null,"price_base":null,"agency":"Väylävirasto","curated":false,"schematic":false,"map":true,"major":false,"source_url":"https://vayla.fi/kaikki-hankkeet","source_doc":null,"geometry_source":"vayla:ratahankkeet","updated":"2026-09-24","notes":"Pekanmäen alikäytävän peruskorjaus/rakentaminen"}},{"type":"Feature","geometry":{"type":"Polygon","coordinates":[[[26.61512,60.85333,0.0],[26.61568,60.85307,0.0],[26.61723,60.85396,0.0],[26.61664,60.85409,0.0],[26.61512,60.85333,0.0]]]},"properties":{"id":"vayla-ro1601-korian-ratasilta","name":"RO1601 Korian ratasilta","label_short":"RO1601 Korian ratasilta","type":"rail","status":"decided","open_year":2027,"open_window":null,"budget_meur":null,"price_base":null,"agency":"Väylävirasto","curated":false,"schematic":false,"map":true,"major":false,"source_url":"https://vayla.fi/kaikki-hankkeet","source_doc":null,"geometry_source":"vayla:ratahankkeet","updated":"2026-09-24","notes":"Korian ratasillan peruskorjaus"}},{"type":"Feature","geometry":{"type":"Polygon","coordinates":[[[26.04008,61.20019,0.0],[26.04056,61.19987,0.0],[26.04206,61.20003,0.0],[26.04058,61.2004,0.0],[26.04008,61.20019,0.0]]]},"properties":{"id":"vayla-ro1604-tommolankadun-ylikulkusilta","name":"RO1604 Tommolankadun ylikulkusilta","label_short":"RO1604 Tommolankadun ylikulk","type":"rail","status":"decided","open_year":2027,"open_window":null,"budget_meur":null,"price_base":null,"agency":"Väylävirasto","curated":false,"schematic":false,"map":true,"major":false,"source_url":"https://vayla.fi/kaikki-hankkeet","source_doc":null,"geometry_source":"vayla:ratahankkeet","updated":"2026-09-24","notes":"Tommolankadun ylikulkusillan peruskorjaus"}},{"type":"Feature","geometry":{"type":"Polygon","coordinates":[[[26.69113,60.95477,0.0],[26.69233,60.95467,0.0],[26.69294,60.95593,0.0],[26.69143,60.95606,0.0],[26.69113,60.95477,0.0]]]},"properties":{"id":"vayla-ro1605-venekallion-alikulkusilta","name":"RO1605 Venekallion alikulkusilta","label_short":"RO1605 Venekallion alikulkus","type":"rail","status":"decided","open_year":2030,"open_window":null,"budget_meur":null,"price_base":null,"agency":"Väylävirasto","curated":false,"schematic":false,"map":true,"major":false,"source_url":"https://vayla.fi/kaikki-hankkeet","source_doc":null,"geometry_source":"vayla:ratahankkeet","updated":"2026-09-24","notes":"Venekallion alikulkusillan peruskorjaus/rakentaminen"}},{"type":"Feature","geometry":{"type":"Polygon","coordinates":[[[29.81802,62.55516,0.0],[29.81972,62.55526,0.0],[29.81895,62.55587,0.0],[29.81744,62.55579,0.0],[29.81802,62.55516,0.0]]]},"properties":{"id":"vayla-ro1705-haapajoen-ratasilta","name":"RO1705 Haapajoen ratasilta","label_short":"RO1705 Haapajoen ratasilta","type":"rail","status":"construction","open_year":2026,"open_window":null,"budget_meur":null,"price_base":null,"agency":"Väylävirasto","curated":false,"schematic":false,"map":true,"major":false,"source_url":"https://vayla.fi/kaikki-hankkeet","source_doc":null,"geometry_source":"vayla:ratahankkeet","updated":"2026-09-24","notes":"Haapajoen ratasillan peruskorjaus"}},{"type":"Feature","geometry":{"type":"LineString","coordinates":[[27.77127,64.22456,0.0],[27.77312,64.225,0.0]]},"properties":{"id":"vayla-ro2101-petäisenkosken-rs-uusiminen-2027","name":"RO2101 Petäisenkosken rs uusiminen 2027","label_short":"RO2101 Petäisenkosken rs uus","type":"rail","status":"decided","open_year":2027,"open_window":null,"budget_meur":null,"price_base":null,"agency":"Väylävirasto","curated":false,"schematic":false,"map":true,"major":false,"source_url":"https://vayla.fi/kaikki-hankkeet","source_doc":null,"geometry_source":"vayla:ratahankkeet","updated":"2026-09-24","notes":""}},{"type":"Feature","geometry":{"type":"LineString","coordinates":[[26.82023,64.55487,0.0],[26.82423,64.55547,0.0]]},"properties":{"id":"vayla-ro2105-vaalansalmen-ratasillan-korjausurakka","name":"RO2105 Vaalansalmen ratasillan korjausurakka","label_short":"RO2105 Vaalansalmen ratasill","type":"rail","status":"construction","open_year":2026,"open_window":null,"budget_meur":null,"price_base":null,"agency":"Väylävirasto","curated":false,"schematic":false,"map":true,"major":false,"source_url":"https://vayla.fi/kaikki-hankkeet","source_doc":null,"geometry_source":"vayla:ratahankkeet","updated":"2026-09-24","notes":""}},{"type":"Feature","geometry":{"type":"LineString","coordinates":[[25.7857,66.5154,0.0],[25.78942,66.51566,0.0]]},"properties":{"id":"vayla-ro2204-suutarinkorvan-aks-uusiminen-2027","name":"RO2204 Suutarinkorvan aks uusiminen 2027","label_short":"RO2204 Suutarinkorvan aks uu","type":"rail","status":"decided","open_year":2027,"open_window":null,"budget_meur":null,"price_base":null,"agency":"Väylävirasto","curated":false,"schematic":false,"map":true,"major":false,"source_url":"https://vayla.fi/kaikki-hankkeet","source_doc":null,"geometry_source":"vayla:ratahankkeet","updated":"2026-09-24","notes":""}},{"type":"Feature","geometry":{"type":"MultiLineString","coordinates":[[[25.70986,66.4976,0.0],[25.71097,66.49751,0.0]],[[25.71113,66.49749,0.0],[25.7101,66.49754,0.0]]]},"properties":{"id":"vayla-rovaniemen-vaihteenvaihto-2026","name":"Rovaniemen vaihteenvaihto 2026","label_short":"Rovaniemen vaihteenvaihto 20","type":"rail","status":"decided","open_year":2027,"open_window":null,"budget_meur":null,"price_base":null,"agency":"Väylävirasto","curated":false,"schematic":false,"map":true,"major":false,"source_url":"https://vayla.fi/kaikki-hankkeet","source_doc":null,"geometry_source":"vayla:ratahankkeet","updated":"2026-09-24","notes":""}},{"type":"Feature","geometry":{"type":"Polygon","coordinates":[[[25.78556,66.51551,0.0],[25.7879,66.51514,0.0],[25.78948,66.5156,0.0],[25.78824,66.51586,0.0],[25.78556,66.51551,0.0]]]},"properties":{"id":"vayla-siltateeman-rakennuttamispalvelu-p-s-2025-2027","name":"Siltateeman rakennuttamispalvelu P-S 2025-2027, OA5","label_short":"Siltateeman rakennuttamispal","type":"rail","status":"construction","open_year":2028,"open_window":null,"budget_meur":null,"price_base":null,"agency":"Väylävirasto","curated":false,"schematic":false,"map":true,"major":false,"source_url":"https://vayla.fi/kaikki-hankkeet","source_doc":null,"geometry_source":"vayla:ratahankkeet","updated":"2026-09-24","notes":"Suunnitteluttamisen asiantuntijapalvelut Pohjois-Suomi"}},{"type":"Feature","geometry":{"type":"MultiPoint","coordinates":[[24.4814,61.97727,0.0],[24.50778,62.02106,0.0]]},"properties":{"id":"vayla-suomelan-tasoristeyksen-poisto","name":"Suomelan tasoristeyksen poisto","label_short":"Suomelan tasoristeyksen pois","type":"rail","status":"construction","open_year":2026,"open_window":null,"budget_meur":null,"price_base":null,"agency":"Väylävirasto","curated":false,"schematic":false,"map":true,"major":false,"source_url":"https://vayla.fi/kaikki-hankkeet","source_doc":null,"geometry_source":"vayla:ratahankkeet","updated":"2026-09-24","notes":"Suomelan tasoristeyksen (rkm 273+966) poistaminen, Pynnösen alikulkusillan alikulkukorkeuden korotus ja Vilppulan alikulkusillan kohdallaMaantien 347 tielinjan kavennus"}},{"type":"Feature","geometry":{"type":"LineString","coordinates":[[29.90539,62.04499,0.0],[29.89939,62.03583,0.0],[29.8974,62.02065,0.0]]},"properties":{"id":"vayla-syrjäsalmen-ratasillan-ja-alikulkusillan-ja-rata","name":"Syrjäsalmen ratasillan ja alikulkusillan ja ratalinjan rakentaminen 45m","label_short":"Syrjäsalmen ratasillan ja al","type":"rail","status":"construction","open_year":2028,"open_window":null,"budget_meur":null,"price_base":null,"agency":"Väylävirasto","curated":false,"schematic":false,"map":true,"major":false,"source_url":"https://vayla.fi/kaikki-hankkeet","source_doc":null,"geometry_source":"vayla:ratahankkeet","updated":"2026-09-24","notes":"Syrjäsalmen ratasillan, alikulkusillan ja ratalinjan rakentaminen"}},{"type":"Feature","geometry":{"type":"LineString","coordinates":[[29.90653,62.04625,0.0],[29.89892,62.03606,0.0],[29.89874,62.03019,0.0],[29.89737,62.02051,0.0]]},"properties":{"id":"vayla-syrjäsalmen-ratasilta-45--toteutusvaihe","name":"Syrjäsalmen ratasilta 45, toteutusvaihe","label_short":"Syrjäsalmen ratasilta 45, to","type":"rail","status":"construction","open_year":2028,"open_window":null,"budget_meur":null,"price_base":null,"agency":"Väylävirasto","curated":false,"schematic":false,"map":true,"major":false,"source_url":"https://vayla.fi/kaikki-hankkeet","source_doc":null,"geometry_source":"vayla:ratahankkeet","updated":"2026-09-24","notes":""}},{"type":"Feature","geometry":{"type":"Polygon","coordinates":[[[26.56732,63.65018,0.0],[26.56639,63.65009,0.0],[26.54441,63.65304,0.0],[26.56732,63.65018,0.0]]]},"properties":{"id":"vayla-tasoristeysturvallisuuden-parantaminen-kylmälä-n","name":"Tasoristeysturvallisuuden parantaminen Kylmälä-Niemistenkatu, toteutus","label_short":"Tasoristeysturvallisuuden pa","type":"rail","status":"construction","open_year":2026,"open_window":null,"budget_meur":null,"price_base":null,"agency":"Väylävirasto","curated":false,"schematic":false,"map":true,"major":false,"source_url":"https://vayla.fi/kaikki-hankkeet","source_doc":null,"geometry_source":"vayla:ratahankkeet","updated":"2026-09-24","notes":""}},{"type":"Feature","geometry":{"type":"LineString","coordinates":[[24.1774,65.85094,0.0],[24.16971,65.85189,0.0],[24.1679,65.85338,0.0],[24.16787,65.85495,0.0]]},"properties":{"id":"vayla-tornion-vaihteenvaihdot-2026","name":"Tornion vaihteenvaihdot 2026","label_short":"Tornion vaihteenvaihdot 2026","type":"rail","status":"construction","open_year":2026,"open_window":null,"budget_meur":null,"price_base":null,"agency":"Väylävirasto","curated":false,"schematic":false,"map":true,"major":false,"source_url":"https://vayla.fi/kaikki-hankkeet","source_doc":null,"geometry_source":"vayla:ratahankkeet","updated":"2026-09-24","notes":""}},{"type":"Feature","geometry":{"type":"Point","coordinates":[25.02814,64.60838,0.0]},"properties":{"id":"vayla-tuomioja-asetinlaitteen-siirto","name":"Tuomioja asetinlaitteen siirto","label_short":"Tuomioja asetinlaitteen siir","type":"rail","status":"construction","open_year":2026,"open_window":null,"budget_meur":null,"price_base":null,"agency":"Väylävirasto","curated":false,"schematic":false,"map":true,"major":false,"source_url":"https://vayla.fi/kaikki-hankkeet","source_doc":null,"geometry_source":"vayla:ratahankkeet","updated":"2026-09-24","notes":"Tuomiojan asetinlaitteen siirto pois vanhasta homeisesta asemarakennuksesta. Tuomiojalle rakennetaan uusi laitetila ja vanha Siemens Drs asetinlaite siirretään uuteen laitetilaan. Samalla uusitaan asetinlaitteen virransyöttö."}},{"type":"Feature","geometry":{"type":"MultiPoint","coordinates":[[23.65211,61.51889,0.0],[26.92793,60.87806,0.0],[28.0992,60.91225,0.0]]},"properties":{"id":"vayla-utti--raippo-ja-lämminpää-syöttöasemien-saneerau","name":"Utti, Raippo ja Lämminpää syöttöasemien saneeraukset, ST","label_short":"Utti, Raippo ja Lämminpää sy","type":"rail","status":"construction","open_year":2027,"open_window":null,"budget_meur":null,"price_base":null,"agency":"Väylävirasto","curated":false,"schematic":false,"map":true,"major":false,"source_url":"https://vayla.fi/kaikki-hankkeet","source_doc":null,"geometry_source":"vayla:ratahankkeet","updated":"2026-09-24","notes":""}},{"type":"Feature","geometry":{"type":"LineString","coordinates":[[27.19758,63.57027,0.0],[27.19604,63.57377,0.0],[27.19245,63.5767,0.0],[27.17384,63.58687,0.0],[27.16909,63.58829,0.0],[27.08138,63.5926,0.0],[27.06195,63.59135,0.0],[27.05099,63.59176,0.0],[27.01669,63.59555,0.0],[26.98842,63.60047,0.0],[26.96072,63.60731,0.0],[26.95455,63.60823,0.0],[26.94781,63.60821,0.0],[26.91588,63.60576,0.0],[26.89858,63.60245,0.0],[26.78003,63.5985,0.0],[26.76392,63.59692,0.0],[26.74354,63.5979,0.0],[26.68351,63.60753,0.0],[26.64082,63.63002,0.0],[26.59943,63.64507,0.0],[26.59233,63.64652,0.0],[26.53985,63.65352,0.0],[26.50638,63.65296,0.0],[26.46769,63.6587,0.0],[26.35678,63.66833,0.0],[26.17594,63.66223,0.0],[26.16469,63.66233,0.0],[25.96907,63.6846,0.0],[25.86294,63.70103,0.0],[25.7577,63.7238,0.0],[25.3435,63.75188,0.0],[25.32815,63.75638,0.0],[25.32243,63.75947,0.0],[25.31922,63.76361,0.0],[25.30163,63.78232,0.0],[25.27963,63.8008,0.0],[25.27344,63.80447,0.0],[24.9815,63.92834,0.0],[24.76297,64.01263,0.0],[24.67455,64.05646,0.0],[24.65478,64.0634,0.0],[24.6184,64.07015,0.0],[24.6057,64.07377,0.0],[24.58607,64.07645,0.0],[24.55693,64.08236,0.0],[24.5501,64.0825,0.0],[24.54497,64.08133,0.0],[24.54166,64.07931,0.0],[24.54077,64.07641,0.0]]},"properties":{"id":"vayla-ylivieska---iisalmi-sähköistäminen--rakentaminen","name":"Ylivieska - Iisalmi sähköistäminen, rakentaminen","label_short":"Ylivieska - Iisalmi sähköist","type":"rail","status":"opened","open_year":2025,"open_window":null,"budget_meur":null,"price_base":null,"agency":"Väylävirasto","curated":false,"schematic":false,"map":true,"major":true,"source_url":"https://vayla.fi/ylivieska-iisalmi","source_doc":null,"geometry_source":"vayla:ratahankkeet","updated":"2026-09-24","notes":""}},{"type":"Feature","geometry":{"type":"LineString","coordinates":[[24.56677,64.08039,0.0],[24.58481,64.07669,0.0],[24.59541,64.07519,0.0]]},"properties":{"id":"vayla-ylivieskan-tasoristeysjärjestelyt-välillä-mäntyn","name":"Ylivieskan tasoristeysjärjestelyt välillä Mäntyniemi-Lohitie, rakennusvaihe","label_short":"Ylivieskan tasoristeysjärjes","type":"rail","status":"construction","open_year":2026,"open_window":null,"budget_meur":null,"price_base":null,"agency":"Väylävirasto","curated":false,"schematic":false,"map":true,"major":false,"source_url":"https://vayla.fi/kaikki-hankkeet","source_doc":null,"geometry_source":"vayla:ratahankkeet","updated":"2026-09-24","notes":""}},{"type":"Feature","geometry":{"type":"LineString","coordinates":[[25.97119,60.49161,0.0],[25.99448,60.4907,0.0],[26.0078,60.48833,0.0],[26.02511,60.4823,0.0],[26.04353,60.47821,0.0],[26.0559,60.47752,0.0],[26.07316,60.47868,0.0],[26.09197,60.47828,0.0],[26.10774,60.47647,0.0],[26.14089,60.46426,0.0],[26.1544,60.4607,0.0],[26.16575,60.4591,0.0],[26.18245,60.45914,0.0],[26.19815,60.46163,0.0],[26.21054,60.46507,0.0],[26.27144,60.4768,0.0],[26.2942,60.48512,0.0],[26.30689,60.48795,0.0],[26.31943,60.48961,0.0],[26.33159,60.49001,0.0],[26.37257,60.48738,0.0],[26.38754,60.48714,0.0],[26.3955,60.48776,0.0],[26.41728,60.49197,0.0],[26.42894,60.49297,0.0],[26.44202,60.49281,0.0],[26.45584,60.49106,0.0],[26.47221,60.4877,0.0],[26.48915,60.48557,0.0],[26.52604,60.48662,0.0],[26.53984,60.48626,0.0],[26.57712,60.4887,0.0],[26.60069,60.49238,0.0],[26.61916,60.49374,0.0],[26.66982,60.49452,0.0],[26.70888,60.50153,0.0],[26.72818,60.50365,0.0],[26.74929,60.50353,0.0],[26.78476,60.50468,0.0],[26.80141,60.50311,0.0],[26.82422,60.4968,0.0],[26.83842,60.49586,0.0],[26.87141,60.49904,0.0],[26.91471,60.50814,0.0]]},"properties":{"id":"vayla-e18-koskenkylä-kotka--rakentaminen","name":"E18 Koskenkylä-Kotka, rakentaminen","label_short":"E18 Koskenkylä-Kotka, rakent","type":"road","status":"construction","open_year":2026,"open_window":null,"budget_meur":null,"price_base":null,"agency":"Väylävirasto","curated":false,"schematic":false,"map":true,"major":false,"source_url":"https://vayla.fi/kaikki-hankkeet","source_doc":null,"geometry_source":"vayla:tiehankkeet","updated":"2026-09-24","notes":""}},{"type":"Feature","geometry":{"type":"MultiLineString","coordinates":[[[22.16232,60.4834,11.0],[22.16565,60.48307,8.0]],[[22.16565,60.48307,8.0],[22.16641,60.48285,12.0]],[[22.16876,60.48604,13.0],[22.17075,60.4871,12.0]],[[22.17629,60.48913,16.0],[22.18803,60.49097,19.0]],[[22.16043,60.47834,7.0],[22.16355,60.48092,10.0]],[[22.16186,60.4802,9.0],[22.16354,60.48176,11.0],[22.16189,60.48336,11.0]],[[22.16216,60.48012,10.0],[22.16357,60.48131,11.0]],[[22.16357,60.48131,11.0],[22.16418,60.48182,10.08956]],[[22.16418,60.48182,10.08956],[22.16565,60.48307,8.0]],[[22.16565,60.48307,8.0],[22.16912,60.48591,10.0]],[[22.16912,60.48591,10.0],[22.17092,60.48691,12.0]],[[22.16186,60.48685,12.0],[22.16189,60.48638,11.89056]],[[22.16189,60.48638,11.89056],[22.16188,60.48343,11.0]],[[22.16547,60.48074,10.0],[22.16697,60.48217,11.0],[22.16641,60.48285,11.0]],[[22.16509,60.48066,10.0],[22.16425,60.481,10.0]],[[22.16692,60.48274,11.0],[22.16755,60.48204,11.0]],[[22.16223,60.48641,13.0],[22.16223,60.48637,13.2289]],[[22.16223,60.48637,13.2289],[22.16232,60.4834,12.0]],[[22.16166,60.48638,14.0],[22.16189,60.48638,11.89056]],[[22.16189,60.48638,11.89056],[22.16223,60.48637,13.2289]],[[22.16223,60.48637,13.2289],[22.16912,60.48591,10.0]],[[22.16912,60.48591,10.0],[22.17564,60.48377,17.0]],[[22.1642,60.48181,10.0],[22.16418,60.48182,10.08956]],[[22.16418,60.48182,10.08956],[22.16225,60.4834,11.0]],[[22.16357,60.48131,11.0],[22.16357,60.48131,11.0]],[[22.16357,60.48131,11.0],[22.16535,60.4808,10.0]],[[22.17624,60.4892,16.0],[22.17632,60.48921,16.0],[22.17749,60.4894,17.0],[22.17804,60.48949,18.0],[22.1784,60.48956,18.0],[22.1802,60.48994,15.0],[22.18564,60.49081,15.0],[22.18605,60.49126,15.0],[22.18549,60.49271,17.0],[22.186,60.49309,18.0],[22.18768,60.49318,18.0],[22.18889,60.49234,19.0]],[[22.16076,60.50505,30.0],[22.16252,60.50245,32.0],[22.16243,60.50012,28.0],[22.16469,60.49776,31.0],[22.16885,60.49612,31.0],[22.17078,60.49459,25.0],[22.17065,60.49285,20.0],[22.17659,60.48925,16.0]],[[22.18707,60.49323,18.0],[22.18614,60.49364,19.0]]]},"properties":{"id":"vayla-e18-raision-keskusta--1--vaihe---allianssiurakka","name":"E18 Raision keskusta (1. vaihe), Allianssiurakka (RAILI) TOTEUTUSVAIHE","label_short":"E18 Raision keskusta (1. vai","type":"road","status":"construction","open_year":2030,"open_window":null,"budget_meur":null,"price_base":null,"agency":"Väylävirasto","curated":false,"schematic":false,"map":true,"major":true,"source_url":"https://vayla.fi/e18-turun-kehatie-raision-keskusta","source_doc":null,"geometry_source":"vayla:tiehankkeet","updated":"2026-09-24","notes":""}},{"type":"Feature","geometry":{"type":"MultiLineString","coordinates":[[[22.44417,63.39792,13.0],[22.44417,63.39793,13.0]],[[21.97808,62.18357,98.0],[21.97809,62.18358,98.0]],[[22.14118,62.56624,120.0],[22.14118,62.56625,120.0]],[[22.51474,62.94267,27.0],[22.51476,62.94272,27.0]],[[22.51476,62.94272,27.0],[22.51497,62.94319,28.0]],[[22.51497,62.94319,28.0],[22.51553,62.94453,28.0]],[[22.51553,62.94453,28.0],[22.51619,62.94572,28.0]],[[22.51619,62.94572,28.0],[22.51708,62.94675,28.0]],[[22.51708,62.94675,28.0],[22.5172,62.94687,28.0]],[[22.5172,62.94687,28.0],[22.51807,62.94761,28.0]],[[22.51807,62.94761,28.0],[22.51951,62.94869,28.0]],[[22.51951,62.94869,28.0],[22.52217,62.95067,30.0]],[[22.52217,62.95067,30.0],[22.52381,62.95187,31.0]],[[22.52381,62.95187,31.0],[22.52449,62.95233,32.0]],[[22.52449,62.95233,32.0],[22.5259,62.95311,33.0]],[[22.5259,62.95311,33.0],[22.52619,62.95325,33.0]],[[22.52619,62.95325,33.0],[22.52913,62.95458,32.0]],[[22.52913,62.95458,32.0],[22.5301,62.95501,32.0]],[[22.5301,62.95501,32.0],[22.53157,62.95564,33.0]],[[22.53157,62.95564,33.0],[22.53917,62.95798,31.0]],[[22.53917,62.95798,31.0],[22.54095,62.95844,32.0]],[[22.54095,62.95844,32.0],[22.5418,62.95865,32.0]],[[22.5418,62.95865,32.0],[22.54283,62.95892,32.0]],[[22.54283,62.95892,32.0],[22.54441,62.95933,31.0]],[[22.54441,62.95933,31.0],[22.54633,62.95982,32.0]],[[22.54633,62.95982,32.0],[22.54798,62.96025,32.0]],[[22.54798,62.96025,32.0],[22.54809,62.96027,32.0]],[[22.54809,62.96027,32.0],[22.5507,62.96094,32.0]],[[22.5507,62.96094,32.0],[22.55354,62.96167,33.0]],[[22.55354,62.96167,33.0],[22.55369,62.96171,33.0]],[[22.55369,62.96171,33.0],[22.55622,62.96236,34.0]],[[22.55622,62.96236,34.0],[22.5563,62.96238,34.0]],[[22.5563,62.96238,34.0],[22.55639,62.9624,34.0]],[[22.55639,62.9624,34.0],[22.55659,62.96245,34.0]],[[22.55659,62.96245,34.0],[22.56015,62.96327,38.0]],[[22.56015,62.96327,38.0],[22.5604,62.9633,38.0]],[[22.5604,62.9633,38.0],[22.56689,62.96353,39.0]],[[22.56689,62.96353,39.0],[22.57823,62.96369,35.0]],[[22.57823,62.96369,35.0],[22.57917,62.9637,35.0]],[[22.57917,62.9637,35.0],[22.5835,62.96376,35.0]],[[22.5835,62.96376,35.0],[22.58763,62.96381,35.0]],[[22.58763,62.96381,35.0],[22.58926,62.96383,34.0]],[[22.58926,62.96383,34.0],[22.59245,62.96387,35.0]],[[22.59245,62.96387,35.0],[22.59543,62.96391,35.0]],[[22.59543,62.96391,35.0],[22.59646,62.96393,35.0]],[[22.59646,62.96393,35.0],[22.59858,62.964,35.0]],[[22.59858,62.964,35.0],[22.5995,62.96407,35.0]],[[22.5995,62.96407,35.0],[22.60011,62.96414,35.0]],[[22.60011,62.96414,35.0],[22.60119,62.96427,35.0]],[[22.60119,62.96427,35.0],[22.60378,62.96474,35.0]],[[22.60378,62.96474,35.0],[22.60514,62.96504,36.0]],[[22.60514,62.96504,36.0],[22.60541,62.96509,36.0]],[[22.60541,62.96509,36.0],[22.60579,62.96517,36.0]],[[22.60579,62.96517,36.0],[22.60591,62.9652,36.0]]]},"properties":{"id":"vayla-epo-teiden-korjausurakka-2026--ku","name":"EPO teiden korjausurakka 2026, KU","label_short":"EPO teiden korjausurakka 202","type":"road","status":"construction","open_year":2026,"open_window":null,"budget_meur":null,"price_base":null,"agency":"Etelä-Pohjanmaan elinvoimakeskus","curated":false,"schematic":false,"map":true,"major":false,"source_url":"https://vayla.fi/kaikki-hankkeet","source_doc":null,"geometry_source":"vayla:tiehankkeet","updated":"2026-09-24","notes":""}},{"type":"Feature","geometry":{"type":"Point","coordinates":[22.83889,63.62598,0.0]},"properties":{"id":"vayla-epoely-joksholman-silta-v-1140--ku","name":"EPOELY Joksholman silta V-1140, KU","label_short":"EPOELY Joksholman silta V-11","type":"road","status":"construction","open_year":2026,"open_window":null,"budget_meur":null,"price_base":null,"agency":"Etelä-Pohjanmaan elinvoimakeskus","curated":false,"schematic":false,"map":true,"major":false,"source_url":"https://vayla.fi/kaikki-hankkeet","source_doc":null,"geometry_source":"vayla:tiehankkeet","updated":"2026-09-24","notes":"Sillan uusiminen."}},{"type":"Feature","geometry":{"type":"Point","coordinates":[21.89333,63.16331,0.0]},"properties":{"id":"vayla-epoely-melsorkanavan-silta-v-64--2026--ku","name":"EPOELY Melsorkanavan silta V-64, 2026, KU","label_short":"EPOELY Melsorkanavan silta V","type":"road","status":"construction","open_year":2026,"open_window":null,"budget_meur":null,"price_base":null,"agency":"Etelä-Pohjanmaan elinvoimakeskus","curated":false,"schematic":false,"map":true,"major":false,"source_url":"https://vayla.fi/kaikki-hankkeet","source_doc":null,"geometry_source":"vayla:tiehankkeet","updated":"2026-09-24","notes":""}},{"type":"Feature","geometry":{"type":"MultiPoint","coordinates":[[21.73328,62.90517,0.0],[21.90491,63.00051,0.0]]},"properties":{"id":"vayla-epoely-sillankorjauspaketti-2--2026--ku","name":"EPOELY Sillankorjauspaketti 2, 2026, KU","label_short":"EPOELY Sillankorjauspaketti ","type":"road","status":"construction","open_year":2026,"open_window":null,"budget_meur":null,"price_base":null,"agency":"Etelä-Pohjanmaan elinvoimakeskus","curated":false,"schematic":false,"map":true,"major":false,"source_url":"https://vayla.fi/kaikki-hankkeet","source_doc":null,"geometry_source":"vayla:tiehankkeet","updated":"2026-09-24","notes":""}},{"type":"Feature","geometry":{"type":"MultiPoint","coordinates":[[21.62879,63.08361,0.0],[21.67313,63.07543,0.0],[21.67345,63.07574,0.0]]},"properties":{"id":"vayla-epoely-sillankorjauspaketti1--2026--ku","name":"EPOELY Sillankorjauspaketti1, 2026, KU","label_short":"EPOELY Sillankorjauspaketti1","type":"road","status":"construction","open_year":2026,"open_window":null,"budget_meur":null,"price_base":null,"agency":"Etelä-Pohjanmaan elinvoimakeskus","curated":false,"schematic":false,"map":true,"major":false,"source_url":"https://vayla.fi/kaikki-hankkeet","source_doc":null,"geometry_source":"vayla:tiehankkeet","updated":"2026-09-24","notes":""}},{"type":"Feature","geometry":{"type":"MultiLineString","coordinates":[[[24.02129,61.13529,82.0],[24.02122,61.13541,82.0]],[[24.02122,61.13541,82.0],[24.0212,61.13544,82.0]],[[24.0212,61.13544,82.0],[24.02114,61.13555,82.0]]]},"properties":{"id":"vayla-h-5190-oikolan-silta","name":"H-5190 Oikolan silta","label_short":"H-5190 Oikolan silta","type":"road","status":"construction","open_year":2026,"open_window":null,"budget_meur":null,"price_base":null,"agency":"Lounais-Suomen elinvoimakeskus","curated":false,"schematic":false,"map":true,"major":false,"source_url":"https://vayla.fi/kaikki-hankkeet","source_doc":null,"geometry_source":"vayla:tiehankkeet","updated":"2026-09-24","notes":"Putkisillan tai suuren rummun uusiminen"}},{"type":"Feature","geometry":{"type":"MultiLineString","coordinates":[[[23.66967,61.02266,109.0],[23.66983,61.02264,109.0]],[[23.66983,61.02264,109.0],[23.67006,61.0226,109.0]],[[23.67006,61.0226,109.0],[23.6702,61.02259,109.0]]]},"properties":{"id":"vayla-h-5264-särkilahden-silta","name":"H-5264 Särkilahden silta","label_short":"H-5264 Särkilahden silta","type":"road","status":"construction","open_year":2026,"open_window":null,"budget_meur":null,"price_base":null,"agency":"Lounais-Suomen elinvoimakeskus","curated":false,"schematic":false,"map":true,"major":false,"source_url":"https://vayla.fi/kaikki-hankkeet","source_doc":null,"geometry_source":"vayla:tiehankkeet","updated":"2026-09-24","notes":"Putkisillan tai suuren rummun uusiminen"}},{"type":"Feature","geometry":{"type":"MultiLineString","coordinates":[[[23.39914,61.12791,103.0],[23.39898,61.12794,103.0]],[[23.39898,61.12794,103.0],[23.39892,61.12795,103.0]],[[23.39892,61.12795,103.0],[23.3986,61.128,103.0]]]},"properties":{"id":"vayla-h-5277-tuorrettennenän-silta","name":"H-5277 Tuorrettennenän silta","label_short":"H-5277 Tuorrettennenän silta","type":"road","status":"construction","open_year":2026,"open_window":null,"budget_meur":null,"price_base":null,"agency":"Lounais-Suomen elinvoimakeskus","curated":false,"schematic":false,"map":true,"major":false,"source_url":"https://vayla.fi/kaikki-hankkeet","source_doc":null,"geometry_source":"vayla:tiehankkeet","updated":"2026-09-24","notes":"Putkisillan tai suuren rummun uusiminen"}},{"type":"Feature","geometry":{"type":"MultiLineString","coordinates":[[[23.49532,61.2003,100.0],[23.49515,61.20034,99.0]],[[23.49515,61.20034,99.0],[23.4951,61.20035,99.0]],[[23.4951,61.20035,99.0],[23.49484,61.20042,99.0]]]},"properties":{"id":"vayla-h-5296-rusthollin-silta","name":"H-5296 Rusthollin silta","label_short":"H-5296 Rusthollin silta","type":"road","status":"construction","open_year":2026,"open_window":null,"budget_meur":null,"price_base":null,"agency":"Lounais-Suomen elinvoimakeskus","curated":false,"schematic":false,"map":true,"major":false,"source_url":"https://vayla.fi/kaikki-hankkeet","source_doc":null,"geometry_source":"vayla:tiehankkeet","updated":"2026-09-24","notes":"Putkisillan tai suuren rummun uusiminen"}},{"type":"Feature","geometry":{"type":"MultiLineString","coordinates":[[[22.68868,61.28612,52.0],[22.68879,61.28623,52.0]],[[22.68879,61.28623,52.0],[22.68882,61.28625,52.0]],[[22.68882,61.28625,52.0],[22.68893,61.28637,52.0]]]},"properties":{"id":"vayla-h-5452-malvanojan-silta","name":"H-5452 Malvanojan silta","label_short":"H-5452 Malvanojan silta","type":"road","status":"construction","open_year":2026,"open_window":null,"budget_meur":null,"price_base":null,"agency":"Lounais-Suomen elinvoimakeskus","curated":false,"schematic":false,"map":true,"major":false,"source_url":"https://vayla.fi/kaikki-hankkeet","source_doc":null,"geometry_source":"vayla:tiehankkeet","updated":"2026-09-24","notes":"Putkisillan tai suuren rummun uusiminen"}},{"type":"Feature","geometry":{"type":"MultiLineString","coordinates":[[[23.04238,61.33764,75.0],[23.04259,61.33771,75.0]],[[23.04259,61.33771,75.0],[23.04266,61.33772,73.0]],[[23.04266,61.33772,73.0],[23.04288,61.33777,75.0]]]},"properties":{"id":"vayla-h-5462-stormin-silta","name":"H-5462 Stormin silta","label_short":"H-5462 Stormin silta","type":"road","status":"construction","open_year":2026,"open_window":null,"budget_meur":null,"price_base":null,"agency":"Lounais-Suomen elinvoimakeskus","curated":false,"schematic":false,"map":true,"major":false,"source_url":"https://vayla.fi/kaikki-hankkeet","source_doc":null,"geometry_source":"vayla:tiehankkeet","updated":"2026-09-24","notes":"Putkisillan tai suuren rummun uusiminen"}},{"type":"Feature","geometry":{"type":"MultiLineString","coordinates":[[[22.67338,61.95943,133.0],[22.6734,61.95945,133.0]],[[22.6734,61.95945,133.0],[22.67354,61.95953,133.0]],[[22.67354,61.95953,133.0],[22.67358,61.95955,133.0]],[[22.67358,61.95955,133.0],[22.67371,61.95965,133.0]]]},"properties":{"id":"vayla-h-5702-kuusijoen-silta","name":"H-5702 Kuusijoen silta","label_short":"H-5702 Kuusijoen silta","type":"road","status":"construction","open_year":2026,"open_window":null,"budget_meur":null,"price_base":null,"agency":"Lounais-Suomen elinvoimakeskus","curated":false,"schematic":false,"map":true,"major":false,"source_url":"https://vayla.fi/kaikki-hankkeet","source_doc":null,"geometry_source":"vayla:tiehankkeet","updated":"2026-09-24","notes":"Putkisillan tai suuren rummun uusiminen"}},{"type":"Feature","geometry":{"type":"MultiLineString","coordinates":[[[23.15563,62.20209,133.0],[23.15584,62.20203,134.0]],[[23.15584,62.20203,134.0],[23.15605,62.20196,134.0]],[[23.15605,62.20196,134.0],[23.15612,62.20194,134.0]]]},"properties":{"id":"vayla-h-5718-taviojan-silta","name":"H-5718 Taviojan silta","label_short":"H-5718 Taviojan silta","type":"road","status":"construction","open_year":2026,"open_window":null,"budget_meur":null,"price_base":null,"agency":"Lounais-Suomen elinvoimakeskus","curated":false,"schematic":false,"map":true,"major":false,"source_url":"https://vayla.fi/kaikki-hankkeet","source_doc":null,"geometry_source":"vayla:tiehankkeet","updated":"2026-09-24","notes":"Putkisillan tai suuren rummun uusiminen"}},{"type":"Feature","geometry":{"type":"Polygon","coordinates":[[[25.11051,60.42318,0.0],[25.11098,60.42321,0.0],[25.09894,60.46693,0.0],[25.09824,60.46684,0.0],[25.11051,60.42318,0.0]]]},"properties":{"id":"vayla-heri2-kytömaa-ainola--rakentaminen","name":"HERI2 Kytömaa-Ainola, rakentaminen","label_short":"HERI2 Kytömaa-Ainola, rakent","type":"road","status":"construction","open_year":2030,"open_window":null,"budget_meur":null,"price_base":null,"agency":"Väylävirasto","curated":false,"schematic":false,"map":true,"major":true,"source_url":"https://vayla.fi/pasila-riihimaki","source_doc":null,"geometry_source":"vayla:tiehankkeet","updated":"2026-09-24","notes":""}},{"type":"Feature","geometry":{"type":"LineString","coordinates":[[25.04773,60.50307,0.0],[25.03049,60.52185,0.0],[25.02542,60.52584,0.0],[24.94569,60.56503,0.0]]},"properties":{"id":"vayla-heri2-purola-jokela--rakentaminen","name":"HERI2 Purola-Jokela, rakentaminen","label_short":"HERI2 Purola-Jokela, rakenta","type":"road","status":"construction","open_year":2030,"open_window":null,"budget_meur":null,"price_base":null,"agency":"Väylävirasto","curated":false,"schematic":false,"map":true,"major":true,"source_url":"https://vayla.fi/pasila-riihimaki","source_doc":null,"geometry_source":"vayla:tiehankkeet","updated":"2026-09-24","notes":""}},{"type":"Feature","geometry":{"type":"MultiLineString","coordinates":[[[25.19786,65.0083,3.0],[25.19763,65.00844,2.0]],[[25.19763,65.00844,2.0],[25.19643,65.00876,2.0]],[[25.19643,65.00876,2.0],[25.19614,65.00879,0.0]],[[25.19614,65.00879,0.0],[25.15163,65.01463,0.0],[25.06777,65.03758,2.0]],[[25.06777,65.03758,2.0],[25.06618,65.03964,2.0]],[[25.06618,65.03964,2.0],[25.06538,65.03996,2.0]]]},"properties":{"id":"vayla-hailuodon-kiinteä-yhteys--allianssi","name":"Hailuodon kiinteä yhteys, allianssi","label_short":"Hailuodon kiinteä yhteys, al","type":"road","status":"construction","open_year":2026,"open_window":null,"budget_meur":null,"price_base":null,"agency":"Väylävirasto","curated":false,"schematic":false,"map":true,"major":true,"source_url":"https://vayla.fi/hailuoto#.XOTlVsgzaUl","source_doc":null,"geometry_source":"vayla:tiehankkeet","updated":"2026-09-24","notes":""}},{"type":"Feature","geometry":{"type":"LineString","coordinates":[[23.75956,61.30956,0.0],[23.76133,61.31281,0.0]]},"properties":{"id":"vayla-havaslahden-risteyssillan-kunnostaminen--lempääl","name":"Havaslahden risteyssillan kunnostaminen, Lempäälä","label_short":"Havaslahden risteyssillan ku","type":"road","status":"construction","open_year":2027,"open_window":null,"budget_meur":null,"price_base":null,"agency":"Sisä-Suomen elinvoimakeskus","curated":false,"schematic":false,"map":true,"major":false,"source_url":"https://vayla.fi/kaikki-hankkeet","source_doc":null,"geometry_source":"vayla:tiehankkeet","updated":"2026-09-24","notes":""}},{"type":"Feature","geometry":{"type":"LineString","coordinates":[[24.87871,60.22236,0.0],[24.87874,60.2219,0.0],[24.8807,60.22173,0.0],[24.88063,60.22231,0.0],[24.87872,60.22236,0.0]]},"properties":{"id":"vayla-infraohjelma-helsinki--länsiratikat","name":"Infraohjelma Helsinki, Länsiratikat","label_short":"Infraohjelma Helsinki, Länsi","type":"road","status":"construction","open_year":2028,"open_window":null,"budget_meur":null,"price_base":null,"agency":"Väylävirasto","curated":false,"schematic":false,"map":true,"major":false,"source_url":"https://vayla.fi/kaikki-hankkeet","source_doc":null,"geometry_source":"vayla:tiehankkeet","updated":"2026-09-24","notes":""}},{"type":"Feature","geometry":{"type":"LineString","coordinates":[[25.74051,62.23465,0.0],[25.76835,62.24653,0.0],[25.77407,62.24679,0.0],[25.78392,62.24435,0.0],[25.79166,62.24052,0.0],[25.82453,62.2395,0.0],[25.86378,62.24135,0.0],[25.88683,62.25027,0.0],[25.89657,62.25078,0.0],[25.90908,62.24749,0.0],[25.93237,62.24564,0.0],[25.94157,62.24391,0.0],[25.9604,62.2455,0.0],[25.9955,62.24236,0.0],[26.07445,62.23771,0.0],[26.08726,62.23917,0.0],[26.10104,62.24431,0.0],[26.14093,62.25164,0.0],[26.19785,62.26029,0.0],[26.28212,62.2671,0.0],[26.31881,62.2683,0.0],[26.34925,62.27949,0.0],[26.37795,62.28598,0.0],[26.40106,62.28579,0.0],[26.43015,62.28873,0.0],[26.47261,62.29901,0.0],[26.48917,62.31012,0.0],[26.5181,62.31556,0.0],[26.52599,62.3157,0.0],[26.59396,62.3048,0.0],[26.64635,62.30913,0.0],[26.72953,62.30751,0.0],[26.77651,62.3112,0.0],[26.79575,62.31116,0.0],[26.82954,62.31763,0.0],[26.90247,62.32204,0.0],[26.90853,62.32111,0.0],[26.95232,62.31045,0.0],[26.98119,62.29652,0.0],[27.03398,62.28397,0.0],[27.05909,62.2823,0.0],[27.07878,62.28214,0.0],[27.10174,62.28791,0.0],[27.16254,62.29247,0.0],[27.16596,62.29456,0.0]]},"properties":{"id":"vayla-jyväskylä-pieksämäki-perusparannus--rakentaminen","name":"Jyväskylä-Pieksämäki perusparannus, rakentaminen","label_short":"Jyväskylä-Pieksämäki peruspa","type":"road","status":"construction","open_year":2028,"open_window":null,"budget_meur":null,"price_base":null,"agency":"Väylävirasto","curated":false,"schematic":false,"map":true,"major":true,"source_url":"https://vayla.fi/jyvaskyla-pieksamaki-perusparannus","source_doc":null,"geometry_source":"vayla:tiehankkeet","updated":"2026-09-24","notes":""}},{"type":"Feature","geometry":{"type":"LineString","coordinates":[[25.05735,63.12694,0.0],[25.06057,63.12581,0.0],[25.06768,63.12565,0.0],[25.0704,63.1238,0.0],[25.07202,63.12082,0.0],[25.07748,63.11926,0.0],[25.08729,63.11989,0.0]]},"properties":{"id":"vayla-kt58-kivijärvi--tievalaistuksen-uudistaminen-st","name":"KT58 Kivijärvi, Tievalaistuksen uudistaminen ST 2026","label_short":"KT58 Kivijärvi, Tievalaistuk","type":"road","status":"construction","open_year":2026,"open_window":null,"budget_meur":null,"price_base":null,"agency":"Keski-Suomen elinvoimakeskus","curated":false,"schematic":false,"map":true,"major":false,"source_url":"https://vayla.fi/kaikki-hankkeet","source_doc":null,"geometry_source":"vayla:tiehankkeet","updated":"2026-09-24","notes":""}},{"type":"Feature","geometry":{"type":"MultiLineString","coordinates":[[[24.68928,60.23263,46.0],[24.69425,60.23737,39.0]],[[24.69425,60.23737,39.0],[24.69429,60.23741,39.0]]]},"properties":{"id":"vayla-kantatie-50-kirkkonummi-vantaa--kehä-iii--pelast","name":"Kantatie 50 Kirkkonummi-Vantaa (Kehä III) pelastustien rakentaminen, Espoo","label_short":"Kantatie 50 Kirkkonummi-Vant","type":"road","status":"construction","open_year":2026,"open_window":null,"budget_meur":null,"price_base":null,"agency":"Uudenmaan elinvoimakeskus","curated":false,"schematic":false,"map":true,"major":false,"source_url":"https://vayla.fi/kaikki-hankkeet","source_doc":null,"geometry_source":"vayla:tiehankkeet","updated":"2026-09-24","notes":""}},{"type":"Feature","geometry":{"type":"MultiLineString","coordinates":[[[24.75294,60.16782,4.0],[24.75294,60.16783,4.0]],[[24.75223,60.16787,7.0],[24.75223,60.16788,7.0]],[[24.75207,60.16785,8.0],[24.75207,60.16786,8.0]],[[24.75254,60.16783,7.0],[24.75254,60.16784,7.0]],[[24.77333,60.16818,8.0],[24.77239,60.16812,7.0]]]},"properties":{"id":"vayla-kantatie-51--länsiväylä--ja-maantie-102--kehä-ii","name":"Kantatie 51 (Länsiväylä) ja maantie 102 (Kehä II), vesihuollon rakentaminen, Espoo","label_short":"Kantatie 51 (Länsiväylä) ja ","type":"road","status":"construction","open_year":2026,"open_window":null,"budget_meur":null,"price_base":null,"agency":"Uudenmaan elinvoimakeskus","curated":false,"schematic":false,"map":true,"major":false,"source_url":"https://vayla.fi/kaikki-hankkeet","source_doc":null,"geometry_source":"vayla:tiehankkeet","updated":"2026-09-24","notes":"Toteuttamissopimus"}},{"type":"Feature","geometry":{"type":"MultiLineString","coordinates":[[[24.00919,60.05707,26.0],[24.0079,60.0567,26.0]],[[24.0079,60.0567,26.0],[24.00308,60.05538,24.0]],[[24.00308,60.05538,24.0],[24.00269,60.05527,24.0]],[[24.00269,60.05527,24.0],[23.99793,60.05423,19.0]]]},"properties":{"id":"vayla-kt-51-bollstantien-liittymän-parantaminen-inkoo","name":"Kt 51 Bollstantien liittymän parantaminen Inkoo, KU","label_short":"Kt 51 Bollstantien liittymän","type":"road","status":"construction","open_year":2026,"open_window":null,"budget_meur":null,"price_base":null,"agency":"Uudenmaan elinvoimakeskus","curated":false,"schematic":false,"map":true,"major":false,"source_url":"https://vayla.fi/kaikki-hankkeet","source_doc":null,"geometry_source":"vayla:tiehankkeet","updated":"2026-09-24","notes":""}},{"type":"Feature","geometry":{"type":"MultiLineString","coordinates":[[[23.16864,60.42261,23.0],[23.17087,60.42638,28.0]],[[23.17087,60.42638,28.0],[23.17214,60.42865,44.0]],[[23.17214,60.42865,44.0],[23.17325,60.43059,51.0]],[[23.17325,60.43059,51.0],[23.17334,60.43074,52.0]],[[23.17334,60.43074,52.0],[23.1754,60.43311,59.0]],[[23.1754,60.43311,59.0],[23.17769,60.43502,58.0]],[[23.17769,60.43502,58.0],[23.18108,60.43709,54.0]]]},"properties":{"id":"vayla-kt-52-tievalaistuksen-rakentaminen-piihovi---lop","name":"Kt 52 Tievalaistuksen rakentaminen Piihovi - Lope Salo ST2026","label_short":"Kt 52 Tievalaistuksen rakent","type":"road","status":"construction","open_year":2026,"open_window":null,"budget_meur":null,"price_base":null,"agency":"Lounais-Suomen elinvoimakeskus","curated":false,"schematic":false,"map":true,"major":false,"source_url":"https://vayla.fi/kaikki-hankkeet","source_doc":null,"geometry_source":"vayla:tiehankkeet","updated":"2026-09-24","notes":"Tievalaistuksen rakentaminen"}},{"type":"Feature","geometry":{"type":"Point","coordinates":[28.31538,64.14417,0.0]},"properties":{"id":"vayla-kt-76-lahtikadun-liittymän-liikennejärjestelyt","name":"Kt 76 Lahtikadun liittymän liikennejärjestelyt","label_short":"Kt 76 Lahtikadun liittymän l","type":"road","status":"construction","open_year":2027,"open_window":null,"budget_meur":null,"price_base":null,"agency":"Lapin elinvoimakeskus","curated":false,"schematic":false,"map":true,"major":false,"source_url":"https://vayla.fi/kaikki-hankkeet","source_doc":null,"geometry_source":"vayla:tiehankkeet","updated":"2026-09-24","notes":"Liittymän parantaminen ja uuden alikulun rakentaminen"}},{"type":"Feature","geometry":{"type":"MultiLineString","coordinates":[[[25.97912,60.49143,23.0],[25.9796,60.49141,24.0]],[[25.9796,60.49141,24.0],[25.97999,60.49139,24.0]],[[25.97999,60.49139,24.0],[25.98824,60.49082,31.0]],[[25.98824,60.49082,31.0],[25.99317,60.49057,29.0]],[[25.99317,60.49057,29.0],[25.99925,60.48993,27.0]],[[25.99925,60.48993,27.0],[25.99956,60.48989,26.0]],[[25.99956,60.48989,26.0],[26.01213,60.48692,30.0]],[[26.01213,60.48692,30.0],[26.01247,60.4868,31.0]],[[26.01247,60.4868,31.0],[26.02277,60.48294,50.0]],[[26.02277,60.48294,50.0],[26.02324,60.48278,50.0]],[[26.02324,60.48278,50.0],[26.02603,60.48191,51.0]],[[26.02603,60.48191,51.0],[26.0331,60.48004,47.0],[26.03992,60.47863,41.0]],[[26.03992,60.47863,41.0],[26.04025,60.47857,40.0]],[[26.04025,60.47857,40.0],[26.04648,60.47777,36.0],[26.05413,60.47749,34.0],[26.07879,60.47863,41.0]],[[26.07879,60.47863,41.0],[26.08183,60.47863,42.0]],[[26.08183,60.47863,42.0],[26.08885,60.47841,44.0]],[[26.08885,60.47841,44.0],[26.09749,60.4778,37.0]],[[26.09749,60.4778,37.0],[26.09814,60.47773,36.0]],[[26.09814,60.47773,36.0],[26.10764,60.47628,21.0]],[[26.10764,60.47628,21.0],[26.10808,60.47619,20.0]],[[26.10808,60.47619,20.0],[26.11772,60.47332,14.0]],[[26.11772,60.47332,14.0],[26.11851,60.47304,14.0]],[[26.11851,60.47304,14.0],[26.119,60.47286,14.0]],[[26.119,60.47286,14.0],[26.13232,60.46718,22.0]],[[26.13232,60.46718,22.0],[26.13323,60.4668,22.0]],[[26.13323,60.4668,22.0],[26.13377,60.46658,22.0]],[[26.13377,60.46658,22.0],[26.14134,60.46388,15.0],[26.15044,60.46151,13.0]],[[26.15044,60.46151,13.0],[26.16028,60.45972,18.0],[26.16635,60.45907,23.0]],[[26.16635,60.45907,23.0],[26.16711,60.459,23.0]],[[26.16711,60.459,23.0],[26.17713,60.45882,28.0]],[[26.17713,60.45882,28.0],[26.18296,60.45924,25.0]],[[26.18296,60.45924,25.0],[26.19224,60.46041,13.0]],[[26.19224,60.46041,13.0],[26.19259,60.46046,13.0]],[[26.19259,60.46046,13.0],[26.203,60.46266,9.0]],[[26.203,60.46266,9.0],[26.20404,60.46295,8.0]],[[26.20404,60.46295,8.0],[26.20788,60.4641,7.0]],[[26.20788,60.4641,7.0],[26.20804,60.46415,7.0]],[[26.20804,60.46415,7.0],[26.20859,60.46433,6.0]],[[26.20859,60.46433,6.0],[26.20874,60.46437,6.0]],[[26.20874,60.46437,6.0],[26.21783,60.46632,5.0]],[[26.21783,60.46632,5.0],[26.21847,60.46641,6.0]],[[26.21847,60.46641,6.0],[26.22194,60.46678,7.0]],[[26.22194,60.46678,7.0],[26.2223,60.46683,7.0]],[[26.2223,60.46683,7.0],[26.22458,60.4672,8.0]],[[26.22458,60.4672,8.0],[26.23005,60.4684,10.0]],[[26.23005,60.4684,10.0],[26.23067,60.46856,11.0]],[[26.23067,60.46856,11.0],[26.24575,60.47197,19.0]],[[26.24575,60.47197,19.0],[26.24679,60.47214,20.0]],[[26.24679,60.47214,20.0],[26.24841,60.47242,20.0]],[[26.24841,60.47242,20.0],[26.25292,60.47319,22.0]],[[26.25292,60.47319,22.0],[26.26297,60.47491,25.0]],[[26.26297,60.47491,25.0],[26.26318,60.47495,28.30833]],[[26.26318,60.47495,28.30833],[26.26323,60.47495,25.0]],[[26.26323,60.47495,25.0],[26.26851,60.47607,27.0],[26.27455,60.47778,27.0]],[[26.27455,60.47778,27.0],[26.27576,60.47818,27.0]],[[26.27576,60.47818,27.0],[26.29069,60.48398,19.0]],[[26.29069,60.48398,19.0],[26.29116,60.48412,19.0]],[[26.29116,60.48412,19.0],[26.29965,60.48646,14.0]],[[26.29965,60.48646,14.0],[26.29982,60.48651,14.0]],[[26.29982,60.48651,14.0],[26.30962,60.48836,11.0]],[[26.30962,60.48836,11.0],[26.31063,60.4885,11.0]],[[26.31063,60.4885,11.0],[26.31219,60.48872,11.0]],[[26.31219,60.48872,11.0],[26.31235,60.48874,11.0]],[[26.31235,60.48874,11.0],[26.31411,60.48896,12.0]],[[26.31411,60.48896,12.0],[26.32689,60.48985,24.0]],[[26.32689,60.48985,24.0],[26.32753,60.48987,23.0]],[[26.32753,60.48987,23.0],[26.34244,60.48943,20.0]],[[26.34244,60.48943,20.0],[26.34289,60.4894,21.0]],[[26.34289,60.4894,21.0],[26.36494,60.48788,22.0]],[[26.36494,60.48788,22.0],[26.3778,60.48703,27.0],[26.38913,60.48717,32.0]],[[26.38913,60.48717,32.0],[26.38965,60.4872,32.0]],[[26.38965,60.4872,32.0],[26.39537,60.48775,34.0],[26.40155,60.48871,37.0]],[[26.40155,60.48871,37.0],[26.40882,60.4903,36.0]],[[26.40882,60.4903,36.0],[26.41898,60.49206,32.0]],[[26.41898,60.49206,32.0],[26.41924,60.49209,32.0]],[[26.41924,60.49209,32.0],[26.43122,60.49289,24.0]],[[26.43122,60.49289,24.0],[26.43201,60.4929,23.0]],[[26.43201,60.4929,23.0],[26.43603,60.4929,19.0]],[[26.43603,60.4929,19.0],[26.4448,60.49243,11.0]],[[26.4448,60.49243,11.0],[26.44577,60.49234,11.0]],[[26.44577,60.49234,11.0],[26.44797,60.49214,0.0]],[[26.44797,60.49214,0.0],[26.45203,60.49166,7.0]],[[26.45203,60.49166,7.0],[26.45287,60.49154,8.0]],[[26.45287,60.49154,8.0],[26.45694,60.49088,8.0]],[[26.45694,60.49088,8.0],[26.46938,60.4881,8.0],[26.47606,60.48689,10.0]],[[26.47606,60.48689,10.0],[26.47635,60.48684,10.0]],[[26.47635,60.48684,10.0],[26.48546,60.48586,13.0]],[[26.48546,60.48586,13.0],[26.49028,60.48559,16.0]],[[26.49028,60.48559,16.0],[26.49053,60.48558,16.0]],[[26.49053,60.48558,16.0],[26.50341,60.48571,16.0]],[[26.50341,60.48571,16.0],[26.50687,60.48585,15.0]],[[26.50687,60.48585,15.0],[26.51585,60.48618,13.0]],[[26.51585,60.48618,13.0],[26.51651,60.4862,12.0]],[[26.51651,60.4862,12.0],[26.53494,60.48627,8.0]],[[26.53494,60.48627,8.0],[26.53511,60.48626,7.0]],[[26.53511,60.48626,7.0],[26.54297,60.48618,6.0]],[[26.54297,60.48618,6.0],[26.54319,60.48618,6.0]],[[26.54319,60.48618,6.0],[26.54857,60.4866,7.0]],[[26.54857,60.4866,7.0],[26.54988,60.48672,8.0]],[[26.54988,60.48672,8.0],[26.55304,60.48705,12.0]],[[26.55304,60.48705,12.0],[26.56349,60.48767,17.0]],[[26.56349,60.48767,17.0],[26.56381,60.48769,17.0]],[[26.56381,60.48769,17.0],[26.57451,60.48841,20.0]],[[26.57451,60.48841,20.0],[26.58046,60.48919,22.0]],[[26.58046,60.48919,22.0],[26.58195,60.48942,22.0]],[[26.58195,60.48942,22.0],[26.58224,60.48947,23.0]],[[26.58224,60.48947,23.0],[26.61043,60.49313,16.0]],[[26.61043,60.49313,16.0],[26.61049,60.49313,16.0]],[[26.61049,60.49313,16.0],[26.6345,60.49382,17.0]],[[26.6345,60.49382,17.0],[26.63515,60.49383,18.0]],[[26.63515,60.49383,18.0],[26.63916,60.49386,17.0]],[[26.63916,60.49386,17.0],[26.6526,60.49394,16.0]],[[26.6526,60.49394,16.0],[26.66432,60.49422,14.0],[26.67213,60.49486,11.0]],[[26.67213,60.49486,11.0],[26.67631,60.49545,10.0]],[[26.67631,60.49545,10.0],[26.67645,60.49547,10.0]],[[26.67645,60.49547,10.0],[26.68674,60.49727,5.0]],[[26.68674,60.49727,5.0],[26.69773,60.49923,5.0]],[[26.69773,60.49923,5.0],[26.69797,60.49927,5.0]],[[26.69797,60.49927,5.0],[26.69862,60.49939,5.0]],[[26.69862,60.49939,5.0],[26.69921,60.4995,5.0]],[[26.69921,60.4995,5.0],[26.71545,60.50234,8.0],[26.72549,60.5034,17.0]],[[26.72549,60.5034,17.0],[26.7257,60.50341,18.0]],[[26.7257,60.50341,18.0],[26.72696,60.50348,19.0]],[[26.72696,60.50348,19.0],[26.73289,60.50365,20.0]],[[26.73289,60.50365,20.0],[26.74221,60.50349,18.0]],[[26.74221,60.50349,18.0],[26.74257,60.50348,17.0]],[[26.74257,60.50348,17.0],[26.75415,60.50352,16.0]],[[26.75415,60.50352,16.0],[26.75566,60.50355,16.0]],[[26.75566,60.50355,16.0],[26.75806,60.50361,15.0]],[[26.75806,60.50361,15.0],[26.75825,60.50362,15.0]],[[26.75825,60.50362,15.0],[26.78399,60.50454,9.0],[26.79332,60.50424,7.0]],[[26.79332,60.50424,7.0],[26.7935,60.50423,7.0]],[[26.7935,60.50423,7.0],[26.80614,60.50221,8.0]],[[26.80614,60.50221,8.0],[26.80675,60.50207,11.0]],[[26.80675,60.50207,11.0],[26.81149,60.5007,7.0]],[[26.81149,60.5007,7.0],[26.81611,60.49901,8.0]],[[26.81611,60.49901,8.0],[26.82264,60.49703,9.0]],[[26.82264,60.49703,9.0],[26.82371,60.49679,10.0]],[[26.82371,60.49679,10.0],[26.82404,60.49673,10.0]],[[26.82404,60.49673,10.0],[26.82826,60.49601,12.0],[26.83189,60.49575,15.0]],[[26.83189,60.49575,15.0],[26.83225,60.49573,16.0]],[[26.83225,60.49573,16.0],[26.83361,60.49569,17.0]],[[26.83361,60.49569,17.0],[26.83476,60.49568,18.0]],[[26.83476,60.49568,18.0],[26.83633,60.49569,19.0]],[[26.83633,60.49569,19.0],[26.83654,60.49568,19.0]],[[26.83654,60.49568,19.0],[26.84538,60.49637,25.0]],[[26.84538,60.49637,25.0],[26.84568,60.49641,26.0]],[[26.84568,60.49641,26.0],[26.84714,60.49661,27.0]],[[26.84714,60.49661,27.0],[26.86147,60.49794,26.0]],[[26.86147,60.49794,26.0],[26.87107,60.49885,14.0]],[[26.87107,60.49885,14.0],[26.87149,60.49891,9.0]],[[26.87149,60.49891,9.0],[26.87195,60.49897,13.0]],[[26.87195,60.49897,13.0],[26.87821,60.50005,9.0]],[[26.87821,60.50005,9.0],[26.87851,60.50012,8.0]],[[26.87851,60.50012,8.0],[26.87866,60.50015,8.0]],[[26.87866,60.50015,8.0],[26.87955,60.50033,8.0]],[[26.87955,60.50033,8.0],[26.88079,60.50061,6.0]],[[26.88079,60.50061,6.0],[26.88162,60.50081,7.0]],[[26.88162,60.50081,7.0],[26.88322,60.5012,7.0]],[[26.88322,60.5012,7.0],[26.88444,60.50152,7.0]],[[26.88444,60.50152,7.0],[26.88855,60.50253,8.0]],[[26.88855,60.50253,8.0],[26.88875,60.50258,8.0]],[[26.88875,60.50258,8.0],[26.88912,60.50267,8.0]],[[26.88912,60.50267,8.0],[26.89407,60.5038,7.0]],[[26.89407,60.5038,7.0],[26.89741,60.50445,4.0]],[[26.89741,60.50445,4.0],[26.89803,60.50456,4.0]],[[25.97932,60.49161,24.0],[25.97955,60.4916,25.0]],[[25.97955,60.4916,25.0],[25.98828,60.49101,31.0]],[[25.98828,60.49101,31.0],[25.99337,60.49076,30.0]],[[25.99337,60.49076,30.0],[25.99928,60.49014,27.0]],[[25.99928,60.49014,27.0],[25.99989,60.49006,27.0]],[[25.99989,60.49006,27.0],[26.01209,60.48716,30.0]],[[26.01209,60.48716,30.0],[26.01285,60.4869,31.0]],[[26.01285,60.4869,31.0],[26.023,60.48308,50.0]],[[26.023,60.48308,50.0],[26.02348,60.48292,50.0]],[[26.02348,60.48292,50.0],[26.02625,60.48206,51.0]],[[26.02625,60.48206,51.0],[26.04006,60.4788,41.0]],[[26.04006,60.4788,41.0],[26.04039,60.47874,41.0]],[[26.04039,60.47874,41.0],[26.05263,60.47767,34.0],[26.07877,60.47882,42.0]],[[26.07877,60.47882,42.0],[26.08186,60.47881,43.0]],[[26.08186,60.47881,43.0],[26.08889,60.47859,45.0]],[[26.08889,60.47859,45.0],[26.09755,60.47796,37.0]],[[26.09755,60.47796,37.0],[26.09823,60.47789,36.0]],[[26.09823,60.47789,36.0],[26.10777,60.47644,22.0]],[[26.10777,60.47644,22.0],[26.10822,60.47634,21.0]],[[26.10822,60.47634,21.0],[26.11794,60.47349,14.0]],[[26.11794,60.47349,14.0],[26.11872,60.47322,14.0]],[[26.11872,60.47322,14.0],[26.11919,60.47305,15.0]],[[26.11919,60.47305,15.0],[26.1326,60.46733,23.0]],[[26.1326,60.46733,23.0],[26.13347,60.46696,22.0]],[[26.13347,60.46696,22.0],[26.13406,60.46672,22.0]],[[26.13406,60.46672,22.0],[26.14538,60.46294,13.0]],[[26.14538,60.46294,13.0],[26.16128,60.45982,19.0]],[[26.16128,60.45982,19.0],[26.16637,60.45925,23.0]],[[26.16637,60.45925,23.0],[26.16716,60.45919,23.0]],[[26.16716,60.45919,23.0],[26.17643,60.45901,28.0]],[[26.17643,60.45901,28.0],[26.17711,60.45904,28.0]],[[26.17711,60.45904,28.0],[26.18527,60.45971,22.0]],[[26.18527,60.45971,22.0],[26.19212,60.46065,13.0]],[[26.19212,60.46065,13.0],[26.19243,60.4607,13.0]],[[26.19243,60.4607,13.0],[26.20279,60.46286,9.0]],[[26.20279,60.46286,9.0],[26.2038,60.46314,8.0]],[[26.2038,60.46314,8.0],[26.20765,60.46432,7.0]],[[26.20765,60.46432,7.0],[26.20778,60.46436,7.0]],[[26.20778,60.46436,7.0],[26.20838,60.46454,7.0]],[[26.20838,60.46454,7.0],[26.20856,60.4646,7.0]],[[26.20856,60.4646,7.0],[26.21748,60.4665,5.0]],[[26.21748,60.4665,5.0],[26.21801,60.46656,5.0]],[[26.21801,60.46656,5.0],[26.22193,60.46704,7.0]],[[26.22193,60.46704,7.0],[26.22218,60.46707,7.0]],[[26.22218,60.46707,7.0],[26.22448,60.46742,8.0]],[[26.22448,60.46742,8.0],[26.22997,60.46853,10.0]],[[26.22997,60.46853,10.0],[26.23056,60.4687,11.0]],[[26.23056,60.4687,11.0],[26.2457,60.47213,19.0]],[[26.2457,60.47213,19.0],[26.24669,60.47229,19.0]],[[26.24669,60.47229,19.0],[26.24831,60.47258,20.0]],[[26.24831,60.47258,20.0],[26.25042,60.47293,21.0]],[[26.25042,60.47293,21.0],[26.26282,60.47506,25.0]],[[26.26282,60.47506,25.0],[26.26307,60.4751,28.17243]],[[26.26307,60.4751,28.17243],[26.26319,60.47512,25.0]],[[26.26319,60.47512,25.0],[26.27371,60.47769,27.0]],[[26.27371,60.47769,27.0],[26.27556,60.4783,27.0]],[[26.27556,60.4783,27.0],[26.29055,60.48414,19.0]],[[26.29055,60.48414,19.0],[26.29092,60.48426,18.0]],[[26.29092,60.48426,18.0],[26.29947,60.48663,15.0]],[[26.29947,60.48663,15.0],[26.29965,60.48667,15.0]],[[26.29965,60.48667,15.0],[26.30954,60.48852,11.0]],[[26.30954,60.48852,11.0],[26.31047,60.48865,11.0]],[[26.31047,60.48865,11.0],[26.31209,60.48887,11.0]],[[26.31209,60.48887,11.0],[26.31228,60.4889,11.0]],[[26.31228,60.4889,11.0],[26.31404,60.48912,12.0]],[[26.31404,60.48912,12.0],[26.32686,60.49,24.0]],[[26.32686,60.49,24.0],[26.32751,60.49002,27.0]],[[26.32751,60.49002,27.0],[26.3425,60.48959,20.0]],[[26.3425,60.48959,20.0],[26.3429,60.48957,19.0]],[[26.3429,60.48957,19.0],[26.36499,60.48802,22.0]],[[26.36499,60.48802,22.0],[26.37974,60.48712,28.0],[26.38906,60.48731,32.0]],[[26.38906,60.48731,32.0],[26.38963,60.48735,32.0]],[[26.38963,60.48735,32.0],[26.40143,60.48886,36.0]],[[26.40143,60.48886,36.0],[26.40725,60.49013,36.0]],[[26.40725,60.49013,36.0],[26.41908,60.49224,32.0]],[[26.41908,60.49224,32.0],[26.41934,60.49228,32.0]],[[26.41934,60.49228,32.0],[26.4304,60.49312,25.0]],[[26.4304,60.49312,25.0],[26.43197,60.49316,24.0]],[[26.43197,60.49316,24.0],[26.43608,60.49316,19.0]],[[26.43608,60.49316,19.0],[26.44488,60.49266,11.0]],[[26.44488,60.49266,11.0],[26.4456,60.49258,11.0]],[[26.4456,60.49258,11.0],[26.44789,60.49231,0.0]],[[26.44789,60.49231,0.0],[26.45195,60.49181,7.0]],[[26.45195,60.49181,7.0],[26.45291,60.49168,9.0]],[[26.45291,60.49168,9.0],[26.45704,60.491,8.0]],[[26.45704,60.491,8.0],[26.47614,60.48702,9.0]],[[26.47614,60.48702,9.0],[26.47649,60.48697,9.0]],[[26.47649,60.48697,9.0],[26.4793,60.4866,10.0]],[[26.4793,60.4866,10.0],[26.49033,60.48572,16.0]],[[26.49033,60.48572,16.0],[26.49059,60.48572,16.0]],[[26.49059,60.48572,16.0],[26.50087,60.48578,16.0]],[[26.50087,60.48578,16.0],[26.50683,60.486,15.0]],[[26.50683,60.486,15.0],[26.51581,60.48633,12.0]],[[26.51581,60.48633,12.0],[26.51648,60.48635,13.0]],[[26.51648,60.48635,13.0],[26.53483,60.48639,8.0]],[[26.53483,60.48639,8.0],[26.53503,60.48639,8.0]],[[26.53503,60.48639,8.0],[26.54295,60.4863,6.0]],[[26.54295,60.4863,6.0],[26.54315,60.48631,6.0]],[[26.54315,60.48631,6.0],[26.54849,60.48672,7.0]],[[26.54849,60.48672,7.0],[26.5498,60.48684,8.0]],[[26.5498,60.48684,8.0],[26.55226,60.48708,12.0]],[[26.55226,60.48708,12.0],[26.56351,60.48779,17.0]],[[26.56351,60.48779,17.0],[26.56383,60.4878,17.0]],[[26.56383,60.4878,17.0],[26.57359,60.48847,20.0]],[[26.57359,60.48847,20.0],[26.58038,60.48932,22.0]],[[26.58038,60.48932,22.0],[26.58161,60.48952,22.0]],[[26.58161,60.48952,22.0],[26.58192,60.48957,22.0]],[[26.58192,60.48957,22.0],[26.597,60.49195,21.0],[26.6104,60.49328,16.0]],[[26.6104,60.49328,16.0],[26.61045,60.49328,16.0]],[[26.61045,60.49328,16.0],[26.61223,60.4934,16.0]],[[26.61223,60.4934,16.0],[26.62832,60.49396,16.0]],[[26.62832,60.49396,16.0],[26.6345,60.49399,17.0]],[[26.6345,60.49399,17.0],[26.63514,60.49399,17.0]],[[26.63514,60.49399,17.0],[26.63915,60.49401,17.0]],[[26.63915,60.49401,17.0],[26.66284,60.4943,13.0],[26.67624,60.49556,10.0]],[[26.67624,60.49556,10.0],[26.67637,60.49558,10.0]],[[26.67637,60.49558,10.0],[26.68664,60.49741,5.0]],[[26.68664,60.49741,5.0],[26.69758,60.49937,5.0]],[[26.69758,60.49937,5.0],[26.6978,60.49941,5.0]],[[26.6978,60.49941,5.0],[26.69845,60.49954,5.0]],[[26.69845,60.49954,5.0],[26.69904,60.49964,5.0]],[[26.69904,60.49964,5.0],[26.71446,60.50235,8.0],[26.72546,60.50355,17.0]],[[26.72546,60.50355,17.0],[26.72566,60.50356,18.0]],[[26.72566,60.50356,18.0],[26.72693,60.50364,19.0]],[[26.72693,60.50364,19.0],[26.73133,60.50379,20.0]],[[26.73133,60.50379,20.0],[26.74221,60.50363,17.0]],[[26.74221,60.50363,17.0],[26.74253,60.50363,17.0]],[[26.74253,60.50363,17.0],[26.75124,60.50359,16.0]],[[26.75124,60.50359,16.0],[26.75564,60.5037,16.0]],[[26.75564,60.5037,16.0],[26.75804,60.50376,15.0]],[[26.75804,60.50376,15.0],[26.75823,60.50377,15.0]],[[26.75823,60.50377,15.0],[26.7845,60.50469,9.0],[26.79339,60.50439,7.0]],[[26.79339,60.50439,7.0],[26.79354,60.50438,7.0]],[[26.79354,60.50438,7.0],[26.80631,60.50236,11.0]],[[26.80631,60.50236,11.0],[26.80689,60.50222,10.0]],[[26.80689,60.50222,10.0],[26.81168,60.50084,7.0]],[[26.81168,60.50084,7.0],[26.81457,60.4998,8.0]],[[26.81457,60.4998,8.0],[26.82247,60.49722,9.0]],[[26.82247,60.49722,9.0],[26.8238,60.49692,9.0]],[[26.8238,60.49692,9.0],[26.82412,60.49685,9.0]],[[26.82412,60.49685,9.0],[26.83224,60.49588,15.0]],[[26.83224,60.49588,15.0],[26.83256,60.49586,16.0]],[[26.83256,60.49586,16.0],[26.83362,60.49583,17.0]],[[26.83362,60.49583,17.0],[26.83631,60.49582,19.0]],[[26.83631,60.49582,19.0],[26.83652,60.49582,19.0]],[[26.83652,60.49582,19.0],[26.84532,60.49651,25.0]],[[26.84532,60.49651,25.0],[26.84561,60.49654,25.0]],[[26.84561,60.49654,25.0],[26.84706,60.49673,27.0]],[[26.84706,60.49673,27.0],[26.85884,60.4979,29.0]],[[26.85884,60.4979,29.0],[26.87102,60.49899,14.0]],[[26.87102,60.49899,14.0],[26.8715,60.49906,9.0]],[[26.8715,60.49906,9.0],[26.87202,60.49913,14.0]],[[26.87202,60.49913,14.0],[26.87815,60.50021,7.0]],[[26.87815,60.50021,7.0],[26.87831,60.50024,8.0]],[[26.87831,60.50024,8.0],[26.87858,60.5003,6.0]],[[26.87858,60.5003,6.0],[26.87947,60.50049,8.0]],[[26.87947,60.50049,8.0],[26.88035,60.50069,7.0]],[[26.88035,60.50069,7.0],[26.88069,60.50076,5.0]],[[26.88069,60.50076,5.0],[26.88153,60.50096,7.0]],[[26.88153,60.50096,7.0],[26.88307,60.50134,7.0]],[[26.88307,60.50134,7.0],[26.88442,60.50168,7.0]],[[26.88442,60.50168,7.0],[26.88662,60.50223,8.0]],[[26.88662,60.50223,8.0],[26.88837,60.50267,9.0]],[[26.88837,60.50267,9.0],[26.8886,60.50273,9.0]],[[26.8886,60.50273,9.0],[26.89407,60.50395,7.0]],[[26.89407,60.50395,7.0],[26.89802,60.50471,4.0]],[[26.19412,60.45847,20.0],[26.19401,60.45858,20.0]],[[26.19401,60.45858,20.0],[26.19349,60.45911,20.0]],[[26.26468,60.47377,30.0],[26.26409,60.47411,31.0]],[[26.26409,60.47411,31.0],[26.26403,60.47415,31.0]],[[26.26403,60.47415,31.0],[26.26398,60.47418,31.0]],[[26.26352,60.47455,32.0],[26.26334,60.47473,32.0]],[[26.26334,60.47473,32.0],[26.26318,60.47495,28.30833]],[[26.26318,60.47495,28.30833],[26.26307,60.4751,28.17243]],[[26.26307,60.4751,28.17243],[26.26292,60.4753,31.0]],[[26.26292,60.4753,31.0],[26.26274,60.47563,32.0]],[[26.26245,60.47611,30.0],[26.26236,60.47621,30.0]],[[23.82204,68.4084,293.0],[23.81965,68.40856,293.0]]]},"properties":{"id":"vayla-kunnossapitojakso--e18-koskenkylä-kotka","name":"Kunnossapitojakso, E18 Koskenkylä-Kotka","label_short":"Kunnossapitojakso, E18 Koske","type":"road","status":"construction","open_year":2026,"open_window":null,"budget_meur":null,"price_base":null,"agency":"Väylävirasto","curated":false,"schematic":false,"map":true,"major":false,"source_url":"https://vayla.fi/kaikki-hankkeet","source_doc":null,"geometry_source":"vayla:tiehankkeet","updated":"2026-09-24","notes":""}},{"type":"Feature","geometry":{"type":"MultiLineString","coordinates":[[[24.16029,65.84457,6.0],[24.16018,65.84457,6.0]],[[24.16018,65.84457,6.0],[24.15994,65.84457,5.0]],[[24.15994,65.84457,5.0],[24.15322,65.84455,6.0]],[[24.15322,65.84455,6.0],[24.1531,65.84454,6.0]],[[24.1531,65.84454,6.0],[24.15299,65.84452,7.0]],[[24.16031,65.84451,6.0],[24.16018,65.84451,6.0]],[[24.16018,65.84451,6.0],[24.15994,65.84451,5.0]],[[24.15994,65.84451,5.0],[24.15325,65.84446,6.0]],[[24.15325,65.84446,6.0],[24.15317,65.84445,6.0]],[[24.15317,65.84445,6.0],[24.15303,65.84443,7.0]]]},"properties":{"id":"vayla-lapely-tornion-sillan-peruskorjaus--ku","name":"LAPELY Tornion sillan peruskorjaus, KU","label_short":"LAPELY Tornion sillan perusk","type":"road","status":"construction","open_year":2026,"open_window":null,"budget_meur":null,"price_base":null,"agency":"Lapin elinvoimakeskus","curated":false,"schematic":false,"map":true,"major":false,"source_url":"https://vayla.fi/kaikki-hankkeet","source_doc":null,"geometry_source":"vayla:tiehankkeet","updated":"2026-09-24","notes":""}},{"type":"Feature","geometry":{"type":"MultiPoint","coordinates":[[21.55099,61.13324,0.0],[21.60558,61.12697,0.0],[21.67434,61.15463,0.0],[21.96454,60.67899,0.0],[22.00161,60.59607,0.0],[22.01953,60.82716,0.0],[22.03123,61.02229,0.0],[22.05929,60.91799,0.0],[22.23702,60.66349,0.0],[22.2972,61.24737,0.0],[22.46806,60.6736,0.0],[22.66932,60.27337,0.0],[22.67046,60.37224,0.0],[22.72802,62.19008,0.0],[23.01632,60.9951,0.0]]},"properties":{"id":"vayla-lou-putkisiltaurakka-2026-2027--ku","name":"LOU Putkisiltaurakka 2026-2027, KU","label_short":"LOU Putkisiltaurakka 2026-20","type":"road","status":"construction","open_year":2027,"open_window":null,"budget_meur":null,"price_base":null,"agency":"Lounais-Suomen elinvoimakeskus","curated":false,"schematic":false,"map":true,"major":false,"source_url":"https://vayla.fi/kaikki-hankkeet","source_doc":null,"geometry_source":"vayla:tiehankkeet","updated":"2026-09-24","notes":"Urakkaan kuuluu 10 nykyisen putkisillan uusiminen ja 4 nykyisen betonisen sillan sekä kahden puisen palkkisillan  purkaminen ja korvaaminen uudella teräsputkisillalla."}},{"type":"Feature","geometry":{"type":"MultiPoint","coordinates":[[21.66237,60.60157,0.0],[21.95352,60.64496,0.0],[22.05711,60.60116,0.0],[22.51395,60.90026,0.0]]},"properties":{"id":"vayla-lou-siltaurakka-1-2026","name":"LOU Siltaurakka 1/2026","label_short":"LOU Siltaurakka 1/2026","type":"road","status":"construction","open_year":2026,"open_window":null,"budget_meur":null,"price_base":null,"agency":"Lounais-Suomen elinvoimakeskus","curated":false,"schematic":false,"map":true,"major":false,"source_url":"https://vayla.fi/kaikki-hankkeet","source_doc":null,"geometry_source":"vayla:tiehankkeet","updated":"2026-09-24","notes":"Kolmen siltakohteen peruskorjaukset, yhden sillan teräspalkkien ja puukannen uusiminen sekä raittisillan rakentamisen loppuunsaattaminen."}},{"type":"Feature","geometry":{"type":"MultiPoint","coordinates":[[22.64807,60.33824,0.0],[23.07668,60.3907,0.0],[23.14993,60.63586,0.0],[23.16397,60.19494,0.0],[23.25363,60.32909,0.0],[23.61956,60.65441,0.0]]},"properties":{"id":"vayla-lou-siltaurakka-2-2026-2027","name":"LOU Siltaurakka 2/2026-2027","label_short":"LOU Siltaurakka 2/2026-2027","type":"road","status":"construction","open_year":2027,"open_window":null,"budget_meur":null,"price_base":null,"agency":"Lounais-Suomen elinvoimakeskus","curated":false,"schematic":false,"map":true,"major":false,"source_url":"https://vayla.fi/kaikki-hankkeet","source_doc":null,"geometry_source":"vayla:tiehankkeet","updated":"2026-09-24","notes":"Viiden siltakohteen peruskorjaukset, yhden puusillan purku ja uusiminen."}},{"type":"Feature","geometry":{"type":"MultiPoint","coordinates":[[21.62335,61.66787,0.0],[21.90444,61.49507,0.0],[22.68387,61.18258,0.0]]},"properties":{"id":"vayla-lou-siltaurakka-3-2026","name":"LOU Siltaurakka 3/2026","label_short":"LOU Siltaurakka 3/2026","type":"road","status":"construction","open_year":2026,"open_window":null,"budget_meur":null,"price_base":null,"agency":"Lounais-Suomen elinvoimakeskus","curated":false,"schematic":false,"map":true,"major":false,"source_url":"https://vayla.fi/kaikki-hankkeet","source_doc":null,"geometry_source":"vayla:tiehankkeet","updated":"2026-09-24","notes":"Kolmen siltakohteen peruskorjaukset."}},{"type":"Feature","geometry":{"type":"MultiLineString","coordinates":[[[22.57881,60.44351,0.0],[22.58278,60.44313,0.0]],[[22.19925,60.49193,0.0],[22.20041,60.49206,0.0]]]},"properties":{"id":"vayla-lou-siltaurakka-5-2026","name":"LOU Siltaurakka 5/2026","label_short":"LOU Siltaurakka 5/2026","type":"road","status":"construction","open_year":2026,"open_window":null,"budget_meur":null,"price_base":null,"agency":"Lounais-Suomen elinvoimakeskus","curated":false,"schematic":false,"map":true,"major":false,"source_url":"https://vayla.fi/kaikki-hankkeet","source_doc":null,"geometry_source":"vayla:tiehankkeet","updated":"2026-09-24","notes":"Urakkasuoritukseen kuuluu valtatiellä 1 Vehkamäen ylikulkusiltojen liikuntasaumalaitteiden uusiminen massaliikuntasaumoiksi  sekä lisäksi kantatiellä 40 (Turun kehätie) Hoikkalan alikulkukäytävien korjaaminen sisältäen mm.: reunapalkkien uusiminen,  siipimuurien ja valoaukon seinäelementtien sivupintojen ruiskubetonointi sekä pintarakenteiden uusiminen."}},{"type":"Feature","geometry":{"type":"LineString","coordinates":[[24.52939,65.79822,0.0],[24.52265,65.79976,0.0],[24.44074,65.81227,0.0],[24.43643,65.81291,0.0],[24.42797,65.8126,0.0],[24.423,65.81317,0.0],[24.33632,65.82613,0.0],[24.31685,65.82977,0.0],[24.29836,65.83071,0.0],[24.29475,65.83139,0.0],[24.2624,65.84298,0.0],[24.25565,65.84681,0.0],[24.24415,65.84939,0.0],[24.23093,65.84923,0.0],[24.21267,65.85052,0.0],[24.17039,65.85081,0.0],[24.1671,65.84994,0.0],[24.16376,65.84674,0.0],[24.16419,65.84235,0.0],[24.16682,65.83783,0.0],[24.16951,65.83479,0.0],[24.1697,65.83358,0.0],[24.16908,65.83249,0.0],[24.16214,65.82879,0.0],[24.15855,65.82802,0.0],[24.14204,65.8277,0.0],[24.12288,65.82902,0.0]]},"properties":{"id":"vayla-laurila-tornio-haaparanta-sähköistäminen--rakent","name":"Laurila-Tornio-Haaparanta sähköistäminen, rakentaminen","label_short":"Laurila-Tornio-Haaparanta sä","type":"road","status":"opened","open_year":2024,"open_window":null,"budget_meur":null,"price_base":null,"agency":"Väylävirasto","curated":false,"schematic":false,"map":true,"major":true,"source_url":"https://vayla.fi/laurila-tornio-haaparanta","source_doc":null,"geometry_source":"vayla:tiehankkeet","updated":"2026-09-24","notes":""}},{"type":"Feature","geometry":{"type":"MultiLineString","coordinates":[[[24.86233,60.352,44.0],[24.86214,60.35256,42.0]],[[24.86214,60.35256,42.0],[24.86149,60.35456,46.0]],[[24.86149,60.35456,46.0],[24.8613,60.35511,45.0]],[[24.8613,60.35511,45.0],[24.86063,60.356,43.0]],[[24.86063,60.356,43.0],[24.85894,60.35769,32.0]],[[24.85894,60.35769,32.0],[24.85882,60.35783,32.0]],[[24.85882,60.35783,32.0],[24.85874,60.35794,31.0]],[[24.85874,60.35794,31.0],[24.85852,60.35826,31.0]],[[24.85852,60.35826,31.0],[24.85841,60.35843,31.0]],[[24.85841,60.35843,31.0],[24.85816,60.35884,31.0]],[[24.85816,60.35884,31.0],[24.85746,60.36037,30.0]],[[24.85746,60.36037,30.0],[24.85706,60.36142,32.0]],[[24.85706,60.36142,32.0],[24.85671,60.36233,38.0]],[[24.85671,60.36233,38.0],[24.85641,60.3629,42.0]],[[24.85641,60.3629,42.0],[24.856,60.36325,44.0]],[[24.856,60.36325,44.0],[24.8558,60.36336,45.0]],[[24.8558,60.36336,45.0],[24.85479,60.36363,45.0]],[[24.85479,60.36363,45.0],[24.85294,60.36366,45.0]],[[24.85294,60.36366,45.0],[24.85081,60.36397,43.0]],[[24.85081,60.36397,43.0],[24.84973,60.36447,39.0]],[[24.84973,60.36447,39.0],[24.84956,60.36456,39.0]],[[24.84956,60.36456,39.0],[24.84784,60.36585,36.0]],[[24.84784,60.36585,36.0],[24.84766,60.366,36.0]],[[24.84766,60.366,36.0],[24.84635,60.36661,38.0]],[[24.84635,60.36661,38.0],[24.84432,60.3674,40.0]],[[24.84432,60.3674,40.0],[24.84298,60.3679,42.0]],[[24.84298,60.3679,42.0],[24.84264,60.36803,43.0]],[[24.84264,60.36803,43.0],[24.83996,60.36907,46.0]],[[24.83996,60.36907,46.0],[24.8396,60.36928,47.0]],[[24.8396,60.36928,47.0],[24.8394,60.36944,47.0]],[[24.8394,60.36944,47.0],[24.83891,60.36987,46.0]],[[24.83891,60.36987,46.0],[24.83885,60.36992,46.0]],[[24.83885,60.36992,46.0],[24.83824,60.37056,47.0]],[[24.83824,60.37056,47.0],[24.83775,60.37113,50.0]],[[24.83775,60.37113,50.0],[24.8374,60.37188,50.0]],[[24.8374,60.37188,50.0],[24.83746,60.37314,42.0]],[[24.83746,60.37314,42.0],[24.83761,60.37428,39.0]],[[24.83761,60.37428,39.0],[24.8376,60.37471,39.0]],[[24.8376,60.37471,39.0],[24.83758,60.37486,39.0]],[[24.83758,60.37486,39.0],[24.83768,60.37543,40.0]],[[24.83768,60.37543,40.0],[24.83776,60.37567,41.0]],[[24.83776,60.37567,41.0],[24.83818,60.37671,41.0]],[[24.83818,60.37671,41.0],[24.83829,60.37685,40.0]],[[24.83829,60.37685,40.0],[24.8384,60.37699,40.0]],[[24.8384,60.37699,40.0],[24.83841,60.377,40.0]],[[24.83841,60.377,40.0],[24.83874,60.37743,40.0]],[[24.83874,60.37743,40.0],[24.83875,60.37744,40.0]],[[24.83875,60.37744,40.0],[24.839,60.3778,41.0]],[[24.839,60.3778,41.0],[24.83912,60.37799,41.0]],[[24.83912,60.37799,41.0],[24.83944,60.37869,39.0]],[[24.83944,60.37869,39.0],[24.83944,60.3787,39.0]],[[24.83944,60.3787,39.0],[24.83953,60.37893,39.0]],[[24.83953,60.37893,39.0],[24.83943,60.37962,39.0]],[[24.83943,60.37962,39.0],[24.83816,60.38105,47.0]],[[24.83816,60.38105,47.0],[24.83609,60.38202,53.0]],[[24.83609,60.38202,53.0],[24.83608,60.38226,53.0]],[[24.83608,60.38226,53.0],[24.83613,60.38243,53.0]],[[24.83613,60.38243,53.0],[24.8364,60.38297,53.0]],[[24.8364,60.38297,53.0],[24.83756,60.38466,55.0]],[[24.83756,60.38466,55.0],[24.83742,60.38524,57.0]],[[24.83742,60.38524,57.0],[24.83736,60.38536,58.0]],[[24.83736,60.38536,58.0],[24.83716,60.38576,59.0]],[[24.83716,60.38576,59.0],[24.83711,60.38585,59.0]],[[24.83711,60.38585,59.0],[24.83632,60.38718,54.0]],[[24.83632,60.38718,54.0],[24.83632,60.38728,54.0]],[[24.83632,60.38728,54.0],[24.8369,60.38885,51.0],[24.83645,60.39057,50.0]],[[24.83645,60.39057,50.0],[24.83621,60.39079,50.0]],[[24.83621,60.39079,50.0],[24.8362,60.39079,50.0]]]},"properties":{"id":"vayla-maantie-11455-riipiläntie-valaistuksen-rakentami","name":"Maantie 11455 Riipiläntie valaistuksen rakentaminen välillä Ahoniityntie - Rinteläntie, Vantaa","label_short":"Maantie 11455 Riipiläntie va","type":"road","status":"construction","open_year":2027,"open_window":null,"budget_meur":null,"price_base":null,"agency":"Uudenmaan elinvoimakeskus","curated":false,"schematic":false,"map":true,"major":false,"source_url":"https://vayla.fi/kaikki-hankkeet","source_doc":null,"geometry_source":"vayla:tiehankkeet","updated":"2026-09-24","notes":"Toteuttamissopimus"}},{"type":"Feature","geometry":{"type":"MultiLineString","coordinates":[[[25.45331,60.30606,28.0],[25.4534,60.30605,28.0]],[[25.45335,60.3061,28.0],[25.45342,60.30607,28.0]]]},"properties":{"id":"vayla-maantie-11746-kilpilahden-läntinen-tie--kilpilah","name":"Maantie 11746 Kilpilahden läntinen tie (Kilpilahdentie) Nesteen huoltokatkon aikaiset liikennejärjestelyt sekä tilapäisen liittymän käyttöönotto, Porvoo","label_short":"Maantie 11746 Kilpilahden lä","type":"road","status":"construction","open_year":2026,"open_window":null,"budget_meur":null,"price_base":null,"agency":"Uudenmaan elinvoimakeskus","curated":false,"schematic":false,"map":true,"major":false,"source_url":"https://vayla.fi/kaikki-hankkeet","source_doc":null,"geometry_source":"vayla:tiehankkeet","updated":"2026-09-24","notes":"Toteuttamissopimus"}},{"type":"Feature","geometry":{"type":"MultiLineString","coordinates":[[[24.84497,60.45585,77.0],[24.8442,60.45586,78.0]],[[24.8442,60.45586,78.0],[24.84298,60.45593,79.0]],[[24.84298,60.45593,79.0],[24.84264,60.45595,79.0]],[[24.84264,60.45595,79.0],[24.84116,60.4561,80.0]],[[24.84116,60.4561,80.0],[24.83705,60.45695,75.0]],[[24.84494,60.45575,77.0],[24.84417,60.45575,78.0]],[[24.84417,60.45575,78.0],[24.84294,60.4558,79.0]],[[24.84294,60.4558,79.0],[24.8426,60.45583,79.0]],[[24.8426,60.45583,79.0],[24.84111,60.456,80.0]],[[24.84111,60.456,80.0],[24.83698,60.45683,75.0]],[[24.83322,60.46006,70.0],[24.83604,60.46514,71.0]]]},"properties":{"id":"vayla-maantie-130--hämeenlinnantie--ja-maantie-1131--s","name":"Maantie 130 (Hämeenlinnantie) ja maantie 1131 (Siippoontie) parantaminen liittymäjärjestelyineen Ilvesvuori pohjoinen työpaikka-alueen kohdalla, Nurmijärvi","label_short":"Maantie 130 (Hämeenlinnantie","type":"road","status":"construction","open_year":2026,"open_window":null,"budget_meur":null,"price_base":null,"agency":"Uudenmaan elinvoimakeskus","curated":false,"schematic":false,"map":true,"major":false,"source_url":"https://vayla.fi/kaikki-hankkeet","source_doc":null,"geometry_source":"vayla:tiehankkeet","updated":"2026-09-24","notes":"Toteuttamissopimus"}},{"type":"Feature","geometry":{"type":"LineString","coordinates":[[25.12785,60.40711,43.0],[25.12785,60.40712,43.0]]},"properties":{"id":"vayla-maantie-140--lahdentie--pohjois-ahjon-risteyssil","name":"Maantie 140 (Lahdentie) Pohjois-Ahjon risteyssillan (U-599) uusiminen, Kerava","label_short":"Maantie 140 (Lahdentie) Pohj","type":"road","status":"construction","open_year":2026,"open_window":null,"budget_meur":null,"price_base":null,"agency":"Uudenmaan elinvoimakeskus","curated":false,"schematic":false,"map":true,"major":false,"source_url":"https://vayla.fi/kaikki-hankkeet","source_doc":null,"geometry_source":"vayla:tiehankkeet","updated":"2026-09-24","notes":"Toteuttamissopimus"}},{"type":"Feature","geometry":{"type":"MultiLineString","coordinates":[[[25.6842,61.50428,88.0],[25.68366,61.50396,86.0]],[[25.68366,61.50396,86.0],[25.68349,61.50389,86.0]],[[25.68349,61.50389,86.0],[25.68326,61.50382,85.0]],[[25.69573,61.49846,82.0],[25.6948,61.49909,83.0]],[[25.6948,61.49909,83.0],[25.69334,61.50009,85.0]],[[25.69334,61.50009,85.0],[25.6931,61.50024,84.0]],[[25.6931,61.50024,84.0],[25.69246,61.50061,83.0]],[[25.69246,61.50061,83.0],[25.69144,61.50111,83.0]],[[25.69144,61.50111,83.0],[25.69054,61.50143,83.0]],[[25.69054,61.50143,83.0],[25.68954,61.50168,84.0]],[[25.68954,61.50168,84.0],[25.6884,61.50188,85.0]],[[25.6884,61.50188,85.0],[25.68766,61.50197,84.0]],[[25.68766,61.50197,84.0],[25.68602,61.5021,84.0]],[[25.68602,61.5021,84.0],[25.68502,61.50235,83.0]],[[25.68502,61.50235,83.0],[25.68453,61.50256,83.0]],[[25.68453,61.50256,83.0],[25.68324,61.50359,85.0]],[[25.68324,61.50359,85.0],[25.68316,61.5037,85.0]]]},"properties":{"id":"vayla-maantie-410-sysmäntie-ja-maantie-413-valittulant","name":"Maantie 410 Sysmäntie ja maantie 413 Valittulantie valokuituverkon rakentaminen, Sysmä","label_short":"Maantie 410 Sysmäntie ja maa","type":"road","status":"construction","open_year":2026,"open_window":null,"budget_meur":null,"price_base":null,"agency":"Kaakkois-Suomen elinvoimakeskus","curated":false,"schematic":false,"map":true,"major":false,"source_url":"https://vayla.fi/kaikki-hankkeet","source_doc":null,"geometry_source":"vayla:tiehankkeet","updated":"2026-09-24","notes":"Toteuttamissopimus"}},{"type":"Feature","geometry":{"type":"LineString","coordinates":[[23.47685,61.46443,0.0],[23.47108,61.46401,0.0],[23.46556,61.46232,0.0],[23.46034,61.46157,0.0],[23.4564,61.45976,0.0],[23.44256,61.45609,0.0],[23.42801,61.45434,0.0],[23.42094,61.45496,0.0]]},"properties":{"id":"vayla-maantien-2501-parantaminen-rakentamalla-jalankul","name":"Maantien 2501 parantaminen rakentamalla jalankulku- ja pyöräilyväylä välille Pihtikorventie-Kuoppalankatu, Nokia","label_short":"Maantien 2501 parantaminen r","type":"road","status":"construction","open_year":2026,"open_window":null,"budget_meur":null,"price_base":null,"agency":"Sisä-Suomen elinvoimakeskus","curated":false,"schematic":false,"map":true,"major":false,"source_url":"https://vayla.fi/kaikki-hankkeet","source_doc":null,"geometry_source":"vayla:tiehankkeet","updated":"2026-09-24","notes":"JKP- väylä"}},{"type":"Feature","geometry":{"type":"MultiLineString","coordinates":[[[25.67862,61.14007,154.0],[25.68871,61.14236,151.0]],[[25.68871,61.14236,151.0],[25.69503,61.14318,151.0]],[[25.69503,61.14318,151.0],[25.7011,61.14417,147.0],[25.70486,61.14386,149.0]],[[25.70486,61.14386,149.0],[25.70736,61.14348,146.0]],[[25.70736,61.14348,146.0],[25.70755,61.14345,146.0]],[[25.70755,61.14345,146.0],[25.71053,61.143,146.0]],[[25.71053,61.143,146.0],[25.71395,61.1425,144.0]],[[25.71395,61.1425,144.0],[25.71551,61.14219,142.0]],[[25.71551,61.14219,142.0],[25.72176,61.14035,128.0]],[[25.72176,61.14035,128.0],[25.72247,61.14024,128.0]],[[25.72247,61.14024,128.0],[25.73465,61.13825,127.0]],[[25.73465,61.13825,127.0],[25.73581,61.13815,129.0]],[[25.73581,61.13815,129.0],[25.74008,61.13758,135.0]],[[25.74008,61.13758,135.0],[25.74329,61.13636,141.0]],[[25.74329,61.13636,141.0],[25.74508,61.13574,143.0]],[[25.74508,61.13574,143.0],[25.74633,61.13544,143.0]],[[25.74633,61.13544,143.0],[25.75245,61.13425,131.0]],[[25.75245,61.13425,131.0],[25.75641,61.13337,127.0]],[[25.75641,61.13337,127.0],[25.75976,61.13279,125.0]],[[25.75976,61.13279,125.0],[25.76,61.13277,125.0]]]},"properties":{"id":"vayla-maantien-313-urajärventie-parantaminen-rakentama","name":"Maantien 313 Urajärventie parantaminen rakentamalla jalankulku- ja pyöräilyväylä välille Lentotie-Urajärvi, Asikkala","label_short":"Maantien 313 Urajärventie pa","type":"road","status":"construction","open_year":2026,"open_window":null,"budget_meur":null,"price_base":null,"agency":"Kaakkois-Suomen elinvoimakeskus","curated":false,"schematic":false,"map":true,"major":false,"source_url":"https://vayla.fi/kaikki-hankkeet","source_doc":null,"geometry_source":"vayla:tiehankkeet","updated":"2026-09-24","notes":"Toteuttamissopimus"}},{"type":"Feature","geometry":{"type":"MultiLineString","coordinates":[[[24.87256,60.42937,58.0],[24.87423,60.43144,61.0],[24.87414,60.43242,58.0],[24.87723,60.43412,66.0]],[[24.87723,60.43412,66.0],[24.87746,60.43477,68.0]],[[24.87746,60.43477,68.0],[24.87742,60.4355,69.0]],[[24.87742,60.4355,69.0],[24.87752,60.43784,68.0]],[[24.87752,60.43784,68.0],[24.87745,60.43814,68.0]],[[24.87745,60.43814,68.0],[24.87423,60.44069,60.0]]]},"properties":{"id":"vayla-mt-11473--kylmänojantie--valaistuksen-rakentamin","name":"Mt 11473 (Kylmänojantie) valaistuksen rakentaminen, Nurmijärvi","label_short":"Mt 11473 (Kylmänojantie) val","type":"road","status":"construction","open_year":2026,"open_window":null,"budget_meur":null,"price_base":null,"agency":"Uudenmaan elinvoimakeskus","curated":false,"schematic":false,"map":true,"major":false,"source_url":"https://vayla.fi/kaikki-hankkeet","source_doc":null,"geometry_source":"vayla:tiehankkeet","updated":"2026-09-24","notes":"Toteuttamissopimus"}},{"type":"Feature","geometry":{"type":"Point","coordinates":[24.23685,60.12374,0.0]},"properties":{"id":"vayla-mt-115-kevyenliikenteen-väylä-välille-degerbynti","name":"Mt 115 kevyenliikenteen väylä välille Degerbyntie - Sudenkaari, Siuntio KU","label_short":"Mt 115 kevyenliikenteen väyl","type":"road","status":"decided","open_year":null,"open_window":null,"budget_meur":null,"price_base":null,"agency":"Uudenmaan ELY-keskus","curated":false,"schematic":false,"map":true,"major":false,"source_url":"https://vayla.fi/kaikki-hankkeet","source_doc":null,"geometry_source":"vayla:tiehankkeet","updated":"2026-09-24","notes":""}},{"type":"Feature","geometry":{"type":"MultiLineString","coordinates":[[[24.4808,62.10926,108.0],[24.48079,62.10924,108.0]],[[24.45799,62.1086,107.0],[24.45797,62.1086,107.0]]]},"properties":{"id":"vayla-mt-14353-putkisillat--mänttä-vilppula--ku","name":"Mt 14353 putkisillat, Mänttä-Vilppula, KU","label_short":"Mt 14353 putkisillat, Mänttä","type":"road","status":"construction","open_year":2026,"open_window":null,"budget_meur":null,"price_base":null,"agency":"Lounais-Suomen elinvoimakeskus","curated":false,"schematic":false,"map":true,"major":false,"source_url":"https://vayla.fi/kaikki-hankkeet","source_doc":null,"geometry_source":"vayla:tiehankkeet","updated":"2026-09-24","notes":""}},{"type":"Feature","geometry":{"type":"MultiLineString","coordinates":[[[23.0251,63.09409,36.0],[23.02594,63.09403,36.0]],[[23.02594,63.09403,36.0],[23.02623,63.09402,36.0]],[[23.02623,63.09402,36.0],[23.02651,63.09403,35.0]],[[23.02651,63.09403,35.0],[23.0281,63.09427,35.0]],[[23.0281,63.09427,35.0],[23.02965,63.09464,35.0]],[[23.02965,63.09464,35.0],[23.03163,63.0951,35.0]],[[23.03163,63.0951,35.0],[23.03255,63.09533,35.0]],[[23.03255,63.09533,35.0],[23.03292,63.09543,34.0]],[[23.03292,63.09543,34.0],[23.03367,63.09572,34.0]],[[23.03367,63.09572,34.0],[23.03441,63.09623,35.0]],[[23.03441,63.09623,35.0],[23.03489,63.09655,35.0]],[[23.03489,63.09655,35.0],[23.03543,63.09682,35.0]],[[23.03543,63.09682,35.0],[23.03569,63.09691,35.0]],[[23.03569,63.09691,35.0],[23.03723,63.09747,31.0]],[[23.03723,63.09747,31.0],[23.03736,63.09752,31.0]],[[23.03736,63.09752,31.0],[23.03888,63.09809,35.0]],[[23.03888,63.09809,35.0],[23.03923,63.09823,35.0]],[[23.03923,63.09823,35.0],[23.03987,63.09846,35.0]],[[23.03987,63.09846,35.0],[23.04075,63.0988,35.0]],[[23.04075,63.0988,35.0],[23.04162,63.09909,35.0]],[[23.04162,63.09909,35.0],[23.04234,63.09928,35.0]],[[23.04234,63.09928,35.0],[23.04412,63.09962,35.0]],[[23.04412,63.09962,35.0],[23.04495,63.09979,35.0]],[[23.04495,63.09979,35.0],[23.04603,63.09999,35.0]],[[23.04603,63.09999,35.0],[23.04686,63.10015,35.0]],[[23.04686,63.10015,35.0],[23.04723,63.10023,35.0]],[[23.04723,63.10023,35.0],[23.04829,63.10038,35.0]],[[23.04829,63.10038,35.0],[23.0497,63.10038,35.0]],[[23.0497,63.10038,35.0],[23.05202,63.10017,34.0]],[[23.05202,63.10017,34.0],[23.05209,63.10017,34.0]],[[23.05209,63.10017,34.0],[23.05434,63.10014,35.0]],[[23.05434,63.10014,35.0],[23.05439,63.10012,35.0]],[[23.05439,63.10012,35.0],[23.05617,63.09982,35.0]],[[23.05617,63.09982,35.0],[23.05652,63.09976,35.0]],[[23.05652,63.09976,35.0],[23.05689,63.09969,35.0]],[[23.05689,63.09969,35.0],[23.05802,63.09955,35.0],[23.05915,63.09964,36.0]],[[23.05915,63.09964,36.0],[23.05952,63.09974,36.0]],[[23.05434,63.10014,35.0],[23.0544,63.10015,35.0]],[[23.0544,63.10015,35.0],[23.05621,63.0999,35.0]],[[23.05621,63.0999,35.0],[23.05656,63.09984,35.0]],[[23.05656,63.09984,35.0],[23.05694,63.09976,35.0]],[[23.05694,63.09976,35.0],[23.0591,63.0997,35.0]],[[23.0591,63.0997,35.0],[23.05952,63.09974,36.0]],[[23.05952,63.09974,36.0],[23.06023,63.09992,36.0]],[[23.06023,63.09992,36.0],[23.06029,63.09994,36.0]],[[23.06029,63.09994,36.0],[23.06158,63.10028,36.0]],[[23.06158,63.10028,36.0],[23.06408,63.10098,36.0]],[[23.06408,63.10098,36.0],[23.06478,63.10118,36.0]],[[23.06478,63.10118,36.0],[23.06505,63.10125,36.0]],[[23.06505,63.10125,36.0],[23.06655,63.10156,35.0]],[[23.06655,63.10156,35.0],[23.0672,63.10161,35.0]],[[23.0672,63.10161,35.0],[23.0677,63.1016,35.0]],[[23.0677,63.1016,35.0],[23.06935,63.10144,36.0]],[[23.06935,63.10144,36.0],[23.07164,63.10145,37.0]],[[23.07164,63.10145,37.0],[23.0738,63.10158,37.0]],[[23.0738,63.10158,37.0],[23.07485,63.10166,37.0]]]},"properties":{"id":"vayla-mt-17766-kunnostaminen-kauhavan-keskustan-kohdal","name":"Mt 17766 kunnostaminen Kauhavan keskustan kohdalla","label_short":"Mt 17766 kunnostaminen Kauha","type":"road","status":"construction","open_year":2026,"open_window":null,"budget_meur":null,"price_base":null,"agency":"Lounais-Suomen elinvoimakeskus","curated":false,"schematic":false,"map":true,"major":false,"source_url":"https://vayla.fi/kaikki-hankkeet","source_doc":null,"geometry_source":"vayla:tiehankkeet","updated":"2026-09-24","notes":""}},{"type":"Feature","geometry":{"type":"MultiLineString","coordinates":[[[22.95072,63.63175,13.0],[22.94898,63.63037,12.0],[22.94671,63.62964,12.0]],[[22.94671,63.62964,12.0],[22.94616,63.62946,12.0]],[[22.94616,63.62946,12.0],[22.94455,63.6289,12.0]],[[22.94455,63.6289,12.0],[22.94272,63.62829,12.0]],[[22.94272,63.62829,12.0],[22.94008,63.6274,11.0]],[[22.94008,63.6274,11.0],[22.93989,63.62733,11.0]],[[22.93989,63.62733,11.0],[22.93682,63.62662,12.0]],[[22.93682,63.62662,12.0],[22.93486,63.62662,11.0]],[[22.93486,63.62662,11.0],[22.93444,63.62657,11.0]],[[22.93444,63.62657,11.0],[22.93268,63.62635,11.0]],[[22.93268,63.62635,11.0],[22.93174,63.62631,10.0]],[[22.93174,63.62631,10.0],[22.92962,63.6263,10.0]],[[22.92962,63.6263,10.0],[22.92893,63.62631,10.0]],[[22.92893,63.62631,10.0],[22.92818,63.62633,9.0]],[[22.92818,63.62633,9.0],[22.92697,63.6264,9.0]],[[22.92697,63.6264,9.0],[22.92478,63.62658,9.0]],[[22.92478,63.62658,9.0],[22.9227,63.6268,9.0]],[[22.9227,63.6268,9.0],[22.92005,63.62679,8.0]],[[22.92005,63.62679,8.0],[22.91902,63.62656,8.0]],[[22.91902,63.62656,8.0],[22.91882,63.62651,8.0]],[[22.91882,63.62651,8.0],[22.91707,63.62609,8.0]],[[22.91707,63.62609,8.0],[22.91665,63.62602,8.0]],[[22.91665,63.62602,8.0],[22.91509,63.62583,8.0]],[[22.91509,63.62583,8.0],[22.91471,63.62578,8.0]],[[22.91471,63.62578,8.0],[22.91369,63.62562,8.0]],[[22.91369,63.62562,8.0],[22.91275,63.6255,8.0]],[[22.91275,63.6255,8.0],[22.91166,63.62549,8.0]],[[22.91166,63.62549,8.0],[22.91041,63.62554,7.0]],[[22.91041,63.62554,7.0],[22.91019,63.62555,7.0]],[[22.91019,63.62555,7.0],[22.90929,63.62558,7.0]],[[22.90929,63.62558,7.0],[22.90894,63.62558,7.0]],[[22.90894,63.62558,7.0],[22.90836,63.62558,7.0]],[[22.90836,63.62558,7.0],[22.90788,63.62559,7.0]],[[22.90788,63.62559,7.0],[22.90734,63.62558,7.0]],[[22.90734,63.62558,7.0],[22.90538,63.62531,7.0]],[[22.90538,63.62531,7.0],[22.9037,63.62503,7.0]],[[22.9037,63.62503,7.0],[22.90289,63.62486,7.0]],[[22.90289,63.62486,7.0],[22.90211,63.62464,7.0]],[[22.90211,63.62464,7.0],[22.89987,63.62431,7.0]],[[22.89987,63.62431,7.0],[22.89939,63.62424,7.0]],[[22.89939,63.62424,7.0],[22.89781,63.62433,7.0]],[[22.89781,63.62433,7.0],[22.89639,63.62461,7.0]],[[22.89639,63.62461,7.0],[22.89446,63.62501,3.0]],[[22.89446,63.62501,3.0],[22.89431,63.62504,3.0]],[[22.89431,63.62504,3.0],[22.89193,63.62567,6.0]],[[22.89193,63.62567,6.0],[22.89177,63.62571,6.0]],[[22.89177,63.62571,6.0],[22.88891,63.62622,6.0]],[[22.88891,63.62622,6.0],[22.88702,63.62624,6.0]],[[22.88702,63.62624,6.0],[22.88646,63.62619,6.0]],[[22.88646,63.62619,6.0],[22.88566,63.62605,6.0]],[[22.88566,63.62605,6.0],[22.88426,63.62545,6.0]],[[22.88426,63.62545,6.0],[22.88324,63.62465,6.0]],[[22.88324,63.62465,6.0],[22.88172,63.62395,6.0]],[[22.88172,63.62395,6.0],[22.88127,63.62374,6.0]],[[22.88127,63.62374,6.0],[22.88116,63.62369,6.0]],[[22.88116,63.62369,6.0],[22.88101,63.62364,6.0]],[[22.88101,63.62364,6.0],[22.88055,63.62353,6.0]],[[22.88055,63.62353,6.0],[22.87973,63.62351,6.0]],[[22.87973,63.62351,6.0],[22.8792,63.62349,6.0]],[[22.8792,63.62349,6.0],[22.87813,63.62355,6.0]],[[22.87813,63.62355,6.0],[22.87317,63.62462,5.0]],[[22.87317,63.62462,5.0],[22.87272,63.62602,6.0]],[[22.87272,63.62602,6.0],[22.8728,63.62641,6.0]],[[22.8728,63.62641,6.0],[22.87318,63.62826,6.0]],[[22.87318,63.62826,6.0],[22.87255,63.62915,7.0]],[[22.87255,63.62915,7.0],[22.87251,63.62927,7.0]]]},"properties":{"id":"vayla-mt-17937-parantaminen-kolpin-keskustan-kohdalla","name":"Mt 17937 parantaminen Kolpin keskustan kohdalla, Ku","label_short":"Mt 17937 parantaminen Kolpin","type":"road","status":"construction","open_year":2026,"open_window":null,"budget_meur":null,"price_base":null,"agency":"Lounais-Suomen elinvoimakeskus","curated":false,"schematic":false,"map":true,"major":false,"source_url":"https://vayla.fi/kaikki-hankkeet","source_doc":null,"geometry_source":"vayla:tiehankkeet","updated":"2026-09-24","notes":""}},{"type":"Feature","geometry":{"type":"LineString","coordinates":[[22.34347,60.41056,0.0],[22.3429,60.40641,0.0],[22.35703,60.36997,0.0]]},"properties":{"id":"vayla-mt-180-kurkela-kuusisto--kaarinan-läntinen-ohitu","name":"Mt 180 Kurkela—Kuusisto, Kaarinan läntinen ohitustie (MAL)","label_short":"Mt 180 Kurkela—Kuusisto, Kaa","type":"road","status":"construction","open_year":2027,"open_window":null,"budget_meur":null,"price_base":null,"agency":"Väylävirasto","curated":false,"schematic":false,"map":true,"major":true,"source_url":"https://vayla.fi/mt180-saaristotie/kurkela-kuusisto","source_doc":null,"geometry_source":"vayla:tiehankkeet","updated":"2026-09-24","notes":""}},{"type":"Feature","geometry":{"type":"MultiLineString","coordinates":[[[27.77904,62.19836,128.0],[27.77929,62.19827,127.0]],[[27.77929,62.19827,127.0],[27.78125,62.19725,125.0]],[[27.78125,62.19725,125.0],[27.78346,62.19676,123.0]],[[27.78346,62.19676,123.0],[27.78466,62.19672,118.0]],[[27.78466,62.19672,118.0],[27.78785,62.1963,112.0]],[[27.78785,62.1963,112.0],[27.7898,62.19532,111.0]],[[27.7898,62.19532,111.0],[27.79126,62.19481,111.0]]]},"properties":{"id":"vayla-mt-455-ja-15323-liittymäjärjestelyt--ku--joroine","name":"Mt 455 ja 15323 liittymäjärjestelyt, KU, Joroinen","label_short":"Mt 455 ja 15323 liittymäjärj","type":"road","status":"construction","open_year":2027,"open_window":null,"budget_meur":null,"price_base":null,"agency":"Keski-Suomen elinvoimakeskus","curated":false,"schematic":false,"map":true,"major":true,"source_url":"https://vayla.fi/maanteiden-455-ja-15323-liittymajarjestely-joroinen","source_doc":null,"geometry_source":"vayla:tiehankkeet","updated":"2026-09-24","notes":"Maanteiden 455 ja 15323 liittymäalueen parantaminen"}},{"type":"Feature","geometry":{"type":"MultiLineString","coordinates":[[[25.78149,62.57245,105.0],[25.7815,62.57261,104.0]],[[25.7815,62.57261,104.0],[25.78159,62.57362,103.0]],[[25.78159,62.57362,103.0],[25.78169,62.57435,103.0]],[[25.78169,62.57435,103.0],[25.78202,62.57528,103.0]],[[25.78202,62.57528,103.0],[25.78241,62.57628,103.0]],[[25.78241,62.57628,103.0],[25.7828,62.57781,106.0]],[[25.7828,62.57781,106.0],[25.78281,62.57792,106.0]],[[25.78281,62.57792,106.0],[25.78285,62.57838,107.0]],[[25.78285,62.57838,107.0],[25.78291,62.57932,108.0]],[[25.78291,62.57932,108.0],[25.78253,62.58031,109.0]],[[25.78253,62.58031,109.0],[25.78211,62.58071,109.0]],[[25.78211,62.58071,109.0],[25.78175,62.58107,109.0]],[[25.78175,62.58107,109.0],[25.78101,62.5821,109.0]]]},"properties":{"id":"vayla-mt-642-henttalanmäen-liittymäjärjestelyt--ku--ää","name":"Mt 642 Henttalanmäen liittymäjärjestelyt, KU, Äänekoski","label_short":"Mt 642 Henttalanmäen liittym","type":"road","status":"construction","open_year":2027,"open_window":null,"budget_meur":null,"price_base":null,"agency":"Keski-Suomen elinvoimakeskus","curated":false,"schematic":false,"map":true,"major":true,"source_url":"https://vayla.fi/mt-642-henttalanmaen-liittymajarjestelyt-aanekoski","source_doc":null,"geometry_source":"vayla:tiehankkeet","updated":"2026-09-24","notes":"Rakennetaan uusi kanavoitu liittymä sekä vähennetään nykyisten yksityistieliittymien määrää maantiellä 642. Lisäksi parannetaan pysäkkijärjestelyjä sekä kevyen liikenteen olosuhteita."}},{"type":"Feature","geometry":{"type":"LineString","coordinates":[[25.72831,62.60143,0.0],[25.73946,62.60197,0.0],[25.74316,62.60102,0.0]]},"properties":{"id":"vayla-mt-642-äänekosken-silta--stk--rakentaminen","name":"Mt 642 Äänekosken silta, STk -rakentaminen","label_short":"Mt 642 Äänekosken silta, STk","type":"road","status":"construction","open_year":2033,"open_window":null,"budget_meur":null,"price_base":null,"agency":"Väylävirasto","curated":false,"schematic":false,"map":true,"major":true,"source_url":"https://vayla.fi/mt-642-aanekosken-sillan-uusiminen","source_doc":null,"geometry_source":"vayla:tiehankkeet","updated":"2026-09-24","notes":""}},{"type":"Feature","geometry":{"type":"Point","coordinates":[25.97255,63.65068,0.0]},"properties":{"id":"vayla-mt-7702-jkpp-tie-välille-rinnetie-laurilantie--v","name":"Mt 7702 jkpp-tie välille Rinnetie-Laurilantie, vaihe 1, Pyhäjärvi","label_short":"Mt 7702 jkpp-tie välille Rin","type":"road","status":"construction","open_year":2026,"open_window":null,"budget_meur":null,"price_base":null,"agency":"Lapin elinvoimakeskus","curated":false,"schematic":false,"map":true,"major":false,"source_url":"https://vayla.fi/kaikki-hankkeet","source_doc":null,"geometry_source":"vayla:tiehankkeet","updated":"2026-09-24","notes":"Kevyenliikenteenväylän rakentaminen"}},{"type":"Feature","geometry":{"type":"Point","coordinates":[24.30968,64.16853,0.0]},"properties":{"id":"vayla-mt-787-pohjanpuolentie-ja-mt-7770-jokiniituntie","name":"Mt 787 Pohjanpuolentie ja mt 7770 Jokiniituntie jkpp-väylä välillä Pohjanpuolentie-Someronkyläntie","label_short":"Mt 787 Pohjanpuolentie ja mt","type":"road","status":"construction","open_year":2026,"open_window":null,"budget_meur":null,"price_base":null,"agency":"Lapin elinvoimakeskus","curated":false,"schematic":false,"map":true,"major":false,"source_url":"https://vayla.fi/kaikki-hankkeet","source_doc":null,"geometry_source":"vayla:tiehankkeet","updated":"2026-09-24","notes":"Kevyenliikenteenväylän rakentaminen"}},{"type":"Feature","geometry":{"type":"LineString","coordinates":[[25.42202,64.80245,0.0],[25.42313,64.80152,0.0],[25.42483,64.80197,0.0]]},"properties":{"id":"vayla-mt-813-lumijoentie-ja-mutkalankaaren-kiertoliitt","name":"Mt 813 Lumijoentie ja Mutkalankaaren kiertoliittymä","label_short":"Mt 813 Lumijoentie ja Mutkal","type":"road","status":"construction","open_year":2026,"open_window":null,"budget_meur":null,"price_base":null,"agency":"Lapin elinvoimakeskus","curated":false,"schematic":false,"map":true,"major":false,"source_url":"https://vayla.fi/kaikki-hankkeet","source_doc":null,"geometry_source":"vayla:tiehankkeet","updated":"2026-09-24","notes":"Kevyenliikenteenväylän rakentaminen ja kiertoliittymä"}},{"type":"Feature","geometry":{"type":"LineString","coordinates":[[25.43795,64.98587,0.0],[25.41768,64.9906,0.0]]},"properties":{"id":"vayla-mt-8155-poikkimaantie-välillä-oulun-satama---ter","name":"Mt 8155 Poikkimaantie välillä Oulun satama - Terminaalitie, KU","label_short":"Mt 8155 Poikkimaantie välill","type":"road","status":"construction","open_year":2027,"open_window":null,"budget_meur":null,"price_base":null,"agency":"Väylävirasto","curated":false,"schematic":false,"map":true,"major":false,"source_url":"https://vayla.fi/kaikki-hankkeet","source_doc":null,"geometry_source":"vayla:tiehankkeet","updated":"2026-09-24","notes":""}},{"type":"Feature","geometry":{"type":"MultiLineString","coordinates":[[[21.51289,61.07317,17.0],[21.51112,61.07277,18.0]],[[21.51112,61.07277,18.0],[21.51055,61.07265,18.0]],[[21.51055,61.07265,18.0],[21.50594,61.07161,21.0]],[[21.50594,61.07161,21.0],[21.50288,61.07092,22.0]],[[21.50288,61.07092,22.0],[21.50251,61.07084,22.0]],[[21.50251,61.07084,22.0],[21.49784,61.06978,14.0]],[[21.49784,61.06978,14.0],[21.49776,61.06976,14.0]],[[21.49776,61.06976,14.0],[21.4975,61.0697,12.0]],[[21.4975,61.0697,12.0],[21.49544,61.06951,8.0]],[[21.49544,61.06951,8.0],[21.49451,61.0696,8.0]],[[21.49451,61.0696,8.0],[21.49366,61.06959,6.0]],[[21.49366,61.06959,6.0],[21.49261,61.0693,7.0]],[[21.49261,61.0693,7.0],[21.49194,61.06886,8.0]],[[21.49194,61.06886,8.0],[21.49114,61.06822,9.0]],[[21.49114,61.06822,9.0],[21.49053,61.06772,10.0]],[[21.49053,61.06772,10.0],[21.49016,61.06724,11.0]],[[21.49016,61.06724,11.0],[21.48963,61.06556,15.0]],[[21.48963,61.06556,15.0],[21.48869,61.06498,14.0]],[[21.48869,61.06498,14.0],[21.48734,61.06446,13.0]],[[21.48734,61.06446,13.0],[21.4864,61.06376,12.0]],[[21.4864,61.06376,12.0],[21.48633,61.06366,11.0]],[[21.48633,61.06366,11.0],[21.48523,61.06273,12.0]],[[21.48523,61.06273,12.0],[21.48347,61.06229,11.0]],[[21.48347,61.06229,11.0],[21.48084,61.06159,11.0]],[[21.48084,61.06159,11.0],[21.48009,61.06141,10.0]],[[21.48009,61.06141,10.0],[21.47883,61.06123,9.0]],[[21.47883,61.06123,9.0],[21.47803,61.06117,10.0]],[[21.47803,61.06117,10.0],[21.47525,61.06112,9.0]],[[21.47525,61.06112,9.0],[21.47507,61.06112,9.0]],[[21.47507,61.06112,9.0],[21.47328,61.06119,9.0]],[[21.47328,61.06119,9.0],[21.47245,61.06122,9.0]],[[21.47245,61.06122,9.0],[21.47187,61.06116,9.0]],[[21.47187,61.06116,9.0],[21.47117,61.06104,9.0]],[[21.47117,61.06104,9.0],[21.4702,61.06091,9.0]],[[21.4702,61.06091,9.0],[21.46941,61.06081,9.0]],[[21.46941,61.06081,9.0],[21.46886,61.06068,9.0]],[[21.46886,61.06068,9.0],[21.46736,61.06022,8.0]],[[21.46736,61.06022,8.0],[21.46693,61.06014,7.0]],[[21.46693,61.06014,7.0],[21.46655,61.06009,7.0]],[[21.51291,61.07317,17.0],[21.51178,61.07423,13.0]],[[21.51178,61.07423,13.0],[21.51172,61.07458,11.0]],[[21.51172,61.07458,11.0],[21.51213,61.07545,9.0]],[[21.51213,61.07545,9.0],[21.51364,61.0769,4.0]],[[21.51364,61.0769,4.0],[21.51379,61.07709,4.0]],[[21.51379,61.07709,4.0],[21.51374,61.07718,4.0]],[[21.51374,61.07718,4.0],[21.51331,61.07747,4.0]],[[21.51331,61.07747,4.0],[21.51287,61.0781,6.0]]]},"properties":{"id":"vayla-mt1960-jkpp-voiluoto-unaja--rauma--ku","name":"Mt1960 JKPP Voiluoto-Unaja, Rauma, KU","label_short":"Mt1960 JKPP Voiluoto-Unaja, ","type":"road","status":"construction","open_year":2026,"open_window":null,"budget_meur":null,"price_base":null,"agency":"Lounais-Suomen elinvoimakeskus","curated":false,"schematic":false,"map":true,"major":false,"source_url":"https://vayla.fi/kaikki-hankkeet","source_doc":null,"geometry_source":"vayla:tiehankkeet","updated":"2026-09-24","notes":""}},{"type":"Feature","geometry":{"type":"LineString","coordinates":[[23.85957,61.16981,0.0],[23.85965,61.16981,0.0]]},"properties":{"id":"vayla-pirely-6582-2025---pirely-akaan-viitoitus-2025","name":"PIRELY/6582/2025 / PIRELY Akaan viitoitus 2025, KU","label_short":"PIRELY/6582/2025 / PIRELY Ak","type":"road","status":"construction","open_year":2026,"open_window":null,"budget_meur":null,"price_base":null,"agency":"Sisä-Suomen elinvoimakeskus","curated":false,"schematic":false,"map":true,"major":false,"source_url":"https://vayla.fi/kaikki-hankkeet","source_doc":null,"geometry_source":"vayla:tiehankkeet","updated":"2026-09-24","notes":"Viitoituksen muuttaminen, Toijala viitoitus kohteen muuttaminen Akaa nimiseksi kohteeksi. Viitoitus urakka"}},{"type":"Feature","geometry":{"type":"LineString","coordinates":[[22.34121,61.12238,0.0],[22.34437,61.12226,0.0]]},"properties":{"id":"vayla-polsun-sillan-uusiminen--ku","name":"Polsun sillan uusiminen, KU","label_short":"Polsun sillan uusiminen, KU","type":"road","status":"construction","open_year":2026,"open_window":null,"budget_meur":null,"price_base":null,"agency":"Lounais-Suomen elinvoimakeskus","curated":false,"schematic":false,"map":true,"major":false,"source_url":"https://vayla.fi/kaikki-hankkeet","source_doc":null,"geometry_source":"vayla:tiehankkeet","updated":"2026-09-24","notes":"Polsun sillan uusiminen Säkylässä."}},{"type":"Feature","geometry":{"type":"MultiLineString","coordinates":[[[23.47855,61.65349,97.0],[23.47886,61.65343,98.0]],[[23.144,61.12481,93.0],[23.14426,61.12493,93.0]],[[24.80438,60.88443,88.0],[24.80453,60.88458,87.0]],[[23.28169,61.77715,88.0],[23.28195,61.77729,89.0]],[[24.32227,61.47383,91.0],[24.32261,61.47393,91.0]],[[22.86503,61.81704,119.0],[22.86481,61.817,119.0]],[[22.86481,61.817,119.0],[22.86467,61.81698,119.0]],[[23.3162,61.69066,86.0],[23.31657,61.69062,86.0]],[[23.6097,60.85341,106.0],[23.60962,60.85358,106.0]]]},"properties":{"id":"vayla-sis-putkisilta--ja-rumpu-urakan-2026--st--rumpuk","name":"SIS Putkisilta- ja rumpu-urakan 2026, ST, rumpukohteet","label_short":"SIS Putkisilta- ja rumpu-ura","type":"road","status":"construction","open_year":2026,"open_window":null,"budget_meur":null,"price_base":null,"agency":"Lounais-Suomen elinvoimakeskus","curated":false,"schematic":false,"map":true,"major":false,"source_url":"https://vayla.fi/kaikki-hankkeet","source_doc":null,"geometry_source":"vayla:tiehankkeet","updated":"2026-09-24","notes":"Suurten rumpujen uusiminen"}},{"type":"Feature","geometry":{"type":"MultiLineString","coordinates":[[[30.01402,63.56307,122.0],[30.01401,63.56308,122.0]],[[27.10187,62.28891,132.0],[27.10187,62.28892,132.0]],[[27.73247,63.09751,109.0],[27.73248,63.09751,109.0]],[[27.05086,62.66156,106.0],[27.05084,62.66156,106.0]],[[29.53023,62.64633,103.0],[29.53021,62.64633,103.0]],[[29.54963,62.64682,118.0],[29.54961,62.64682,118.0]],[[27.83591,62.16331,89.0],[27.83591,62.16332,89.0]],[[29.11048,62.66451,88.0],[29.11049,62.66451,88.0]]]},"properties":{"id":"vayla-sillankorjausurakka-pos-ely-2025-26","name":"Sillankorjausurakka POS ELY 2025-26","label_short":"Sillankorjausurakka POS ELY ","type":"road","status":"construction","open_year":2026,"open_window":null,"budget_meur":null,"price_base":null,"agency":"Itä-Suomen elinvoimakeskus","curated":false,"schematic":false,"map":true,"major":false,"source_url":"https://vayla.fi/kaikki-hankkeet","source_doc":null,"geometry_source":"vayla:tiehankkeet","updated":"2026-09-24","notes":"Siltojen peruskorjausta sekä ylläpitoluontoisia korjaustöitä POS ELYn alueellla"}},{"type":"Feature","geometry":{"type":"MultiPoint","coordinates":[[24.4814,61.97727,0.0],[24.50778,62.02106,0.0]]},"properties":{"id":"vayla-suomelan-tasoristeyksen-poisto","name":"Suomelan tasoristeyksen poisto","label_short":"Suomelan tasoristeyksen pois","type":"road","status":"construction","open_year":2026,"open_window":null,"budget_meur":null,"price_base":null,"agency":"Väylävirasto","curated":false,"schematic":false,"map":true,"major":false,"source_url":"https://vayla.fi/kaikki-hankkeet","source_doc":null,"geometry_source":"vayla:tiehankkeet","updated":"2026-09-24","notes":""}},{"type":"Feature","geometry":{"type":"Point","coordinates":[22.35831,60.36507,0.0]},"properties":{"id":"vayla-toteutusvaihe-mt180-kirjalansalmen-ja-hessundins","name":"TOTEUTUSVAIHE Mt180 Kirjalansalmen ja Hessundinsalmen siltojen uusiminen","label_short":"TOTEUTUSVAIHE Mt180 Kirjalan","type":"road","status":"decided","open_year":null,"open_window":null,"budget_meur":null,"price_base":null,"agency":"Väylävirasto","curated":false,"schematic":false,"map":true,"major":false,"source_url":"https://vayla.fi/kaikki-hankkeet","source_doc":null,"geometry_source":"vayla:tiehankkeet","updated":"2026-09-24","notes":""}},{"type":"Feature","geometry":{"type":"LineString","coordinates":[[24.63769,60.93185,92.0],[24.63752,60.93201,92.0]]},"properties":{"id":"vayla-u-2529-sokeritopan-akk-peruskorjaus","name":"U-2529 Sokeritopan AKK peruskorjaus","label_short":"U-2529 Sokeritopan AKK perus","type":"road","status":"construction","open_year":2026,"open_window":null,"budget_meur":null,"price_base":null,"agency":"Lounais-Suomen elinvoimakeskus","curated":false,"schematic":false,"map":true,"major":false,"source_url":"https://vayla.fi/kaikki-hankkeet","source_doc":null,"geometry_source":"vayla:tiehankkeet","updated":"2026-09-24","notes":"Elementtialikulkukäytävän peruskorjaus"}},{"type":"Feature","geometry":{"type":"MultiLineString","coordinates":[[[24.42052,61.01803,90.0],[24.42054,61.01807,90.0]],[[24.42054,61.01807,90.0],[24.4206,61.0182,90.0]]]},"properties":{"id":"vayla-u-2628-kultakeskuksen-akk-peruskorjaus","name":"U-2628 Kultakeskuksen AKK peruskorjaus","label_short":"U-2628 Kultakeskuksen AKK pe","type":"road","status":"construction","open_year":2026,"open_window":null,"budget_meur":null,"price_base":null,"agency":"Lounais-Suomen elinvoimakeskus","curated":false,"schematic":false,"map":true,"major":false,"source_url":"https://vayla.fi/kaikki-hankkeet","source_doc":null,"geometry_source":"vayla:tiehankkeet","updated":"2026-09-24","notes":"Elementtialikulkukäytävän peruskorjaus"}},{"type":"Feature","geometry":{"type":"MultiLineString","coordinates":[[[23.59445,60.81706,116.0],[23.59436,60.81716,118.0]],[[23.59436,60.81716,118.0],[23.5943,60.81722,118.0]]]},"properties":{"id":"vayla-u-2698-talsoilan-akk-peruskorjaus","name":"U-2698 Talsoilan AKK peruskorjaus","label_short":"U-2698 Talsoilan AKK perusko","type":"road","status":"construction","open_year":2026,"open_window":null,"budget_meur":null,"price_base":null,"agency":"Lounais-Suomen elinvoimakeskus","curated":false,"schematic":false,"map":true,"major":false,"source_url":"https://vayla.fi/kaikki-hankkeet","source_doc":null,"geometry_source":"vayla:tiehankkeet","updated":"2026-09-24","notes":"Elementtialikulkukäytävän peruskorjaus"}},{"type":"Feature","geometry":{"type":"Point","coordinates":[22.19798,60.28463,0.0]},"properties":{"id":"vayla-varely-marikarin-sillan-ja-sulun-uusiminen","name":"VARELY Marikarin sillan ja sulun uusiminen","label_short":"VARELY Marikarin sillan ja s","type":"road","status":"construction","open_year":2026,"open_window":null,"budget_meur":null,"price_base":null,"agency":"Lounais-Suomen elinvoimakeskus","curated":false,"schematic":false,"map":true,"major":false,"source_url":"https://vayla.fi/kaikki-hankkeet","source_doc":null,"geometry_source":"vayla:tiehankkeet","updated":"2026-09-24","notes":"Toteuttamissopimuksella suoritettava Marikarin sillan ja sulkulaitteiden uusiminen yhdessä Paraisten kaupungin kanssa."}},{"type":"Feature","geometry":{"type":"MultiLineString","coordinates":[[[24.88048,60.20357,9.0],[24.88042,60.20354,9.0]],[[24.88042,60.20354,9.0],[24.87722,60.20312,13.0]],[[24.87722,60.20312,13.0],[24.87254,60.20306,16.0]],[[24.88109,60.20242,4.0],[24.88068,60.20242,5.0]],[[24.88068,60.20242,5.0],[24.87719,60.20299,13.0]],[[24.87719,60.20299,13.0],[24.8726,60.20295,16.0]],[[24.8726,60.20295,16.0],[24.87258,60.20294,16.0]]]},"properties":{"id":"vayla-valtatie-1--turunväylä--ja-huopalahdentie-liitty","name":"Valtatie 1 (Turunväylä) ja Huopalahdentie liittymän parantaminen, Helsinki","label_short":"Valtatie 1 (Turunväylä) ja H","type":"road","status":"construction","open_year":2028,"open_window":null,"budget_meur":null,"price_base":null,"agency":"Uudenmaan elinvoimakeskus","curated":false,"schematic":false,"map":true,"major":false,"source_url":"https://vayla.fi/kaikki-hankkeet","source_doc":null,"geometry_source":"vayla:tiehankkeet","updated":"2026-09-24","notes":"Toteuttamissopimus"}},{"type":"Feature","geometry":{"type":"MultiLineString","coordinates":[[[25.12753,60.40406,45.0],[25.12719,60.40698,47.0]],[[25.12719,60.40698,47.0],[25.12713,60.40728,47.0]],[[25.12713,60.40728,47.0],[25.12459,60.41687,34.0]],[[25.12459,60.41687,34.0],[25.1245,60.41716,36.0]],[[25.1245,60.41716,36.0],[25.12371,60.42238,40.0]],[[25.12702,60.40422,45.0],[25.1268,60.40619,47.0]],[[25.1268,60.40619,47.0],[25.1267,60.407,46.0]],[[25.1267,60.407,46.0],[25.12665,60.4073,46.0]],[[25.12665,60.4073,46.0],[25.12415,60.41676,35.0]],[[25.12415,60.41676,35.0],[25.12405,60.41706,36.0]],[[25.12405,60.41706,36.0],[25.12322,60.42254,40.0]]]},"properties":{"id":"vayla-valtatie-4--keravanväylä--melunsuojauksen-rakent","name":"Valtatie 4 (Keravanväylä) melunsuojauksen rakentaminen, vaihe 1, Kerava","label_short":"Valtatie 4 (Keravanväylä) me","type":"road","status":"construction","open_year":2026,"open_window":null,"budget_meur":null,"price_base":null,"agency":"Uudenmaan elinvoimakeskus","curated":false,"schematic":false,"map":true,"major":false,"source_url":"https://vayla.fi/kaikki-hankkeet","source_doc":null,"geometry_source":"vayla:tiehankkeet","updated":"2026-09-24","notes":""}},{"type":"Feature","geometry":{"type":"LineString","coordinates":[[24.41238,60.38179,95.0],[24.41495,60.38372,94.0]]},"properties":{"id":"vayla-valtatien-25--kehätie--parantaminen-ukintien-lii","name":"Valtatien 25 (Kehätie) parantaminen Ukintien liittymän kohdalla, Vihti","label_short":"Valtatien 25 (Kehätie) paran","type":"road","status":"construction","open_year":2026,"open_window":null,"budget_meur":null,"price_base":null,"agency":"Uudenmaan elinvoimakeskus","curated":false,"schematic":false,"map":true,"major":false,"source_url":"https://vayla.fi/kaikki-hankkeet","source_doc":null,"geometry_source":"vayla:tiehankkeet","updated":"2026-09-24","notes":"Toteuttamissopimus"}},{"type":"Feature","geometry":{"type":"MultiLineString","coordinates":[[[22.43598,62.61754,0.0],[22.43293,62.61926,0.0]],[[22.43293,62.61926,0.0],[22.42987,62.62131,0.0]],[[22.43301,62.61929,0.0],[22.43293,62.61926,0.0]],[[22.43293,62.61926,0.0],[22.43003,62.61813,0.0]]]},"properties":{"id":"vayla-valtatien-3-ja-kantatien-67-liittymän-parantamin","name":"Valtatien 3 ja kantatien 67 liittymän parantaminen, Kurikka KU","label_short":"Valtatien 3 ja kantatien 67 ","type":"road","status":"construction","open_year":2026,"open_window":null,"budget_meur":null,"price_base":null,"agency":"Lounais-Suomen elinvoimakeskus","curated":false,"schematic":false,"map":true,"major":false,"source_url":"https://vayla.fi/kaikki-hankkeet","source_doc":null,"geometry_source":"vayla:tiehankkeet","updated":"2026-09-24","notes":""}},{"type":"Feature","geometry":{"type":"MultiLineString","coordinates":[[[26.21179,62.25878,96.0],[26.21176,62.2584,96.0]],[[26.21176,62.2584,96.0],[26.21176,62.25839,96.0]],[[26.21176,62.25839,96.0],[26.21176,62.25831,96.0]],[[26.21176,62.25831,96.0],[26.21194,62.25643,98.0]],[[26.21194,62.25643,98.0],[26.21206,62.25603,97.0]],[[26.21206,62.25603,97.0],[26.21232,62.25518,98.0]],[[26.21232,62.25518,98.0],[26.21259,62.25427,98.0]],[[26.21259,62.25427,98.0],[26.21263,62.25414,98.0]],[[26.21263,62.25414,98.0],[26.21287,62.25331,99.0]],[[26.21287,62.25331,99.0],[26.21295,62.25304,99.0]],[[26.21295,62.25304,99.0],[26.21326,62.25198,100.0]],[[26.13327,62.24707,126.0],[26.13406,62.24689,126.0]],[[26.13406,62.24689,126.0],[26.13419,62.24687,126.0]],[[26.13419,62.24687,126.0],[26.13465,62.24678,126.0]],[[26.13465,62.24678,126.0],[26.13488,62.24674,126.0]],[[26.13488,62.24674,126.0],[26.13579,62.24658,126.0]],[[26.13579,62.24658,126.0],[26.13773,62.24639,125.0]],[[26.13336,62.24715,125.0],[26.13414,62.24698,125.0]],[[26.13414,62.24698,125.0],[26.13425,62.24695,125.0]],[[26.13425,62.24695,125.0],[26.13471,62.24686,126.0]],[[26.13471,62.24686,126.0],[26.13494,62.24682,125.0]],[[26.13494,62.24682,125.0],[26.13599,62.24665,126.0]],[[26.13599,62.24665,126.0],[26.13773,62.24639,125.0]],[[26.13773,62.24639,125.0],[26.14273,62.24637,122.0],[26.1488,62.24723,117.0]],[[26.1488,62.24723,117.0],[26.15043,62.24748,116.0]],[[26.15043,62.24748,116.0],[26.1674,62.24917,98.0]],[[26.1674,62.24917,98.0],[26.16777,62.2492,98.0]],[[26.16777,62.2492,98.0],[26.16942,62.24934,97.0]],[[26.16942,62.24934,97.0],[26.17172,62.24949,96.0]],[[26.17172,62.24949,96.0],[26.17586,62.24991,97.0]],[[26.17586,62.24991,97.0],[26.18027,62.25065,103.0]],[[26.17172,62.24949,96.0],[26.1758,62.25001,97.0]],[[26.1758,62.25001,97.0],[26.18027,62.25065,103.0]],[[26.18027,62.25065,103.0],[26.1901,62.25102,113.0]],[[26.1901,62.25102,113.0],[26.19823,62.25191,109.0]],[[26.19823,62.25191,109.0],[26.19996,62.25211,108.0]],[[26.19996,62.25211,108.0],[26.21315,62.25197,100.0]],[[26.21315,62.25197,100.0],[26.21326,62.25196,100.0]],[[26.21326,62.25196,100.0],[26.21351,62.25193,100.0]],[[26.1758,62.25001,97.0],[26.17586,62.24991,97.0]],[[26.17586,62.24991,97.0],[26.17598,62.24926,97.0]],[[26.17598,62.24926,97.0],[26.17607,62.24594,104.0]],[[26.17607,62.24594,104.0],[26.17608,62.24589,104.0]],[[26.17577,62.25019,97.0],[26.17584,62.25036,97.0]],[[26.17584,62.25036,97.0],[26.17661,62.25179,97.0]],[[26.17661,62.25179,97.0],[26.1777,62.25308,98.0]],[[26.1777,62.25308,98.0],[26.17997,62.25488,99.0]],[[26.17997,62.25488,99.0],[26.18102,62.25551,98.0]],[[26.18102,62.25551,98.0],[26.18235,62.25618,96.0]],[[26.18235,62.25618,96.0],[26.18364,62.25672,96.0]],[[26.18364,62.25672,96.0],[26.18399,62.25686,96.0]],[[26.21326,62.25196,100.0],[26.21353,62.25151,100.0]],[[26.21353,62.25151,100.0],[26.21356,62.25147,100.0]],[[26.21356,62.25147,100.0],[26.21418,62.25094,100.0]],[[26.21418,62.25094,100.0],[26.21471,62.25039,99.0]],[[26.21471,62.25039,99.0],[26.21478,62.25032,98.0]]]},"properties":{"id":"vayla-valtatien-9-parantaminen-lievestuoreen-kohdalla","name":"Valtatien 9 parantaminen Lievestuoreen kohdalla, STk 2025-2028","label_short":"Valtatien 9 parantaminen Lie","type":"road","status":"construction","open_year":2027,"open_window":null,"budget_meur":null,"price_base":null,"agency":"Väylävirasto","curated":false,"schematic":false,"map":true,"major":false,"source_url":"https://vayla.fi/kaikki-hankkeet","source_doc":null,"geometry_source":"vayla:tiehankkeet","updated":"2026-09-24","notes":""}},{"type":"Feature","geometry":{"type":"MultiLineString","coordinates":[[[22.35982,60.35239,29.0],[22.36023,60.35043,28.0]],[[22.36023,60.35043,28.0],[22.36034,60.3488,21.0]],[[22.36034,60.3488,21.0],[22.36038,60.34806,18.0]],[[22.36038,60.34806,18.0],[22.36043,60.34751,14.0]],[[22.36043,60.34751,14.0],[22.36047,60.3471,16.0]],[[22.36047,60.3471,16.0],[22.3605,60.34693,16.0]],[[22.3605,60.34693,16.0],[22.36076,60.346,21.0]],[[22.36076,60.346,21.0],[22.36373,60.3425,23.0]],[[22.36373,60.3425,23.0],[22.36457,60.34096,23.0]],[[22.36457,60.34096,23.0],[22.36471,60.33998,26.0]],[[22.67113,60.42513,10.0],[22.65926,60.42881,6.0]],[[22.65926,60.42881,6.0],[22.65876,60.42905,6.0]],[[22.65876,60.42905,6.0],[22.65828,60.42927,6.0]],[[22.65828,60.42927,6.0],[22.65687,60.42997,7.0]],[[22.65687,60.42997,7.0],[22.64637,60.43456,12.0]],[[22.64637,60.43456,12.0],[22.64629,60.43458,12.0]],[[22.36411,60.33759,32.0],[22.36226,60.33432,32.0]],[[22.36226,60.33432,32.0],[22.36203,60.3341,32.0]],[[22.36203,60.3341,32.0],[22.35806,60.33184,31.0]],[[22.35806,60.33184,31.0],[22.35695,60.33147,30.0]],[[22.35695,60.33147,30.0],[22.35117,60.32958,33.0]],[[22.35117,60.32958,33.0],[22.35106,60.32952,33.0]],[[22.35106,60.32952,33.0],[22.35003,60.32895,34.0]],[[22.35003,60.32895,34.0],[22.3496,60.32868,34.0]],[[22.3496,60.32868,34.0],[22.34953,60.32863,33.0]],[[22.33207,60.31579,25.0],[22.33196,60.31574,25.0]],[[22.33196,60.31574,25.0],[22.33194,60.31574,25.0]],[[22.33194,60.31574,25.0],[22.32514,60.3143,32.0]],[[22.32514,60.3143,32.0],[22.32439,60.31421,32.0]],[[22.32439,60.31421,32.0],[22.32308,60.31406,33.0]],[[22.32308,60.31406,33.0],[22.32293,60.31404,33.0]],[[22.32293,60.31404,33.0],[22.31822,60.31324,32.0]],[[22.31822,60.31324,32.0],[22.31379,60.31123,17.0]],[[22.31379,60.31123,17.0],[22.31363,60.31118,16.0]]]},"properties":{"id":"vayla-vt-1-ja-mt-180-parantaminen-rakentamalla-riista","name":"Vt 1 ja Mt 180 parantaminen rakentamalla riista-aita, KU","label_short":"Vt 1 ja Mt 180 parantaminen ","type":"road","status":"construction","open_year":2026,"open_window":null,"budget_meur":null,"price_base":null,"agency":"Lounais-Suomen elinvoimakeskus","curated":false,"schematic":false,"map":true,"major":false,"source_url":"https://vayla.fi/kaikki-hankkeet","source_doc":null,"geometry_source":"vayla:tiehankkeet","updated":"2026-09-24","notes":"Urakkaan kuuluu riista-aitojen ja niihin liittyvien rakenteiden rakentaminen valtatiellä 1 Paimionjokilaakson kohdalla Paimiossa,  sekä maantiellä 180 Paraisilla Kirjalansalmen sillan ja Norrbyn välisellä osuudella."}},{"type":"Feature","geometry":{"type":"MultiLineString","coordinates":[[[21.89154,61.45686,6.0],[21.88904,61.45677,6.0]],[[21.88904,61.45677,6.0],[21.88808,61.45674,5.0]],[[21.88808,61.45674,5.0],[21.88744,61.45672,6.0]],[[21.88744,61.45672,6.0],[21.87387,61.45628,7.0]],[[21.87387,61.45628,7.0],[21.87189,61.4562,8.0]],[[21.87189,61.4562,8.0],[21.87099,61.45618,1.0]],[[21.87099,61.45618,1.0],[21.86968,61.45614,8.0]],[[21.86968,61.45614,8.0],[21.86931,61.45612,8.0]],[[21.86931,61.45612,8.0],[21.86757,61.45607,8.0]]]},"properties":{"id":"vayla-vt-11-koiviston-ja-pikkuhaaran-siltaurakka--ku","name":"Vt 11 Koiviston ja Pikkuhaaran siltaurakka, KU","label_short":"Vt 11 Koiviston ja Pikkuhaar","type":"road","status":"construction","open_year":2026,"open_window":null,"budget_meur":null,"price_base":null,"agency":"Väylävirasto","curated":false,"schematic":false,"map":true,"major":false,"source_url":"https://vayla.fi/kaikki-hankkeet","source_doc":null,"geometry_source":"vayla:tiehankkeet","updated":"2026-09-24","notes":""}},{"type":"Feature","geometry":{"type":"MultiLineString","coordinates":[[[21.89154,61.45686,6.0],[21.88904,61.45677,6.0]],[[21.88904,61.45677,6.0],[21.88808,61.45674,5.0]],[[21.88808,61.45674,5.0],[21.88744,61.45672,6.0]],[[21.88744,61.45672,6.0],[21.87387,61.45628,7.0]],[[21.87387,61.45628,7.0],[21.87189,61.4562,8.0]],[[21.87189,61.4562,8.0],[21.87099,61.45618,1.0]],[[21.87099,61.45618,1.0],[21.86968,61.45614,8.0]],[[21.86968,61.45614,8.0],[21.86931,61.45612,8.0]],[[21.86931,61.45612,8.0],[21.86757,61.45607,8.0]]]},"properties":{"id":"vayla-vt-11-koiviston-ja-pikkuhaaran-siltojen-rakentam","name":"Vt 11 Koiviston ja Pikkuhaaran siltojen rakentaminen","label_short":"Vt 11 Koiviston ja Pikkuhaar","type":"road","status":"construction","open_year":2026,"open_window":null,"budget_meur":null,"price_base":null,"agency":"Väylävirasto","curated":false,"schematic":false,"map":true,"major":false,"source_url":"https://vayla.fi/kaikki-hankkeet","source_doc":null,"geometry_source":"vayla:tiehankkeet","updated":"2026-09-24","notes":""}},{"type":"Feature","geometry":{"type":"MultiLineString","coordinates":[[[25.46564,60.98178,124.0],[25.47247,60.98132,124.0]],[[25.47247,60.98132,124.0],[25.47267,60.98131,123.0]],[[25.47267,60.98131,123.0],[25.4734,60.98129,126.0]],[[25.4734,60.98129,126.0],[25.47353,60.98129,126.0]],[[25.47353,60.98129,126.0],[25.47945,60.98093,129.0]],[[25.47945,60.98093,129.0],[25.48125,60.98073,129.0]],[[25.48125,60.98073,129.0],[25.48137,60.98072,129.0]],[[25.48137,60.98072,129.0],[25.4852,60.98019,129.0]],[[25.4852,60.98019,129.0],[25.4857,60.98011,129.0]],[[25.4857,60.98011,129.0],[25.49767,60.97734,126.0]],[[25.49767,60.97734,126.0],[25.49911,60.97686,127.0]],[[25.49911,60.97686,127.0],[25.49966,60.97666,127.0]],[[25.49966,60.97666,127.0],[25.50002,60.97653,127.0]],[[25.50002,60.97653,127.0],[25.50763,60.97307,127.0]],[[25.50763,60.97307,127.0],[25.50811,60.97279,126.0]],[[25.50811,60.97279,126.0],[25.51875,60.96555,102.0]],[[25.51875,60.96555,102.0],[25.51883,60.96551,102.0]],[[25.51883,60.96551,102.0],[25.51965,60.9651,101.0]],[[25.51965,60.9651,101.0],[25.52941,60.96174,99.0]],[[25.52941,60.96174,99.0],[25.52964,60.96169,99.0]],[[25.52964,60.96169,99.0],[25.53941,60.96014,108.0]],[[25.53941,60.96014,108.0],[25.5417,60.95989,110.0]],[[25.5417,60.95989,110.0],[25.54311,60.95973,110.0]],[[25.54311,60.95973,110.0],[25.5433,60.95971,110.0]],[[25.5433,60.95971,110.0],[25.55137,60.95867,104.0]],[[25.55137,60.95867,104.0],[25.55514,60.95794,94.0]],[[25.55514,60.95794,94.0],[25.55667,60.9576,97.0]],[[25.55667,60.9576,97.0],[25.5568,60.95756,97.0]],[[25.5568,60.95756,97.0],[25.56222,60.95611,90.0]],[[25.56222,60.95611,90.0],[25.56669,60.95485,86.0]],[[25.56669,60.95485,86.0],[25.57661,60.95294,84.0]],[[25.57661,60.95294,84.0],[25.57683,60.95292,84.0]],[[25.57683,60.95292,84.0],[25.58042,60.9527,83.0]],[[25.58044,60.95269,83.0],[25.58438,60.95267,81.0]],[[25.58438,60.95267,81.0],[25.59467,60.9543,76.0]],[[25.59467,60.9543,76.0],[25.59549,60.95453,75.0]],[[25.59549,60.95453,75.0],[25.59574,60.9546,76.0]],[[25.59574,60.9546,76.0],[25.59608,60.95469,75.0]],[[25.59608,60.95469,75.0],[25.59687,60.95489,76.0]],[[25.59687,60.95489,76.0],[25.60297,60.95578,79.0],[25.6107,60.95578,78.0]],[[25.6107,60.95578,78.0],[25.61257,60.95563,76.0]],[[25.61257,60.95563,76.0],[25.61332,60.95556,72.0]],[[25.61332,60.95556,72.0],[25.61728,60.95508,73.0]],[[25.61728,60.95508,73.0],[25.61767,60.95504,73.0]],[[25.61767,60.95504,73.0],[25.62424,60.95453,74.0]],[[25.62424,60.95453,74.0],[25.62517,60.95449,74.0]],[[25.62517,60.95449,74.0],[25.62748,60.95443,74.0]],[[25.62748,60.95443,74.0],[25.62881,60.95442,75.0]],[[25.62881,60.95442,75.0],[25.63269,60.9545,77.0]],[[25.63269,60.9545,77.0],[25.64011,60.95503,83.0]],[[25.64011,60.95503,83.0],[25.64316,60.95541,77.0]],[[25.64316,60.95541,77.0],[25.65192,60.95691,76.0]],[[25.65192,60.95691,76.0],[25.65217,60.95694,76.0]],[[25.65217,60.95694,76.0],[25.65278,60.957,76.0]],[[25.65278,60.957,76.0],[25.65428,60.9571,76.0]],[[25.65428,60.9571,76.0],[25.65785,60.95697,78.0]],[[25.65785,60.95697,78.0],[25.6584,60.95691,79.0]],[[25.6584,60.95691,79.0],[25.6639,60.95603,81.0]],[[25.6639,60.95603,81.0],[25.66588,60.95583,82.0]],[[25.66588,60.95583,82.0],[25.68374,60.95667,87.0]],[[25.68374,60.95667,87.0],[25.68522,60.95664,87.0]],[[25.68522,60.95664,87.0],[25.68838,60.95645,84.0]],[[25.68838,60.95645,84.0],[25.6903,60.95626,83.0]],[[25.6903,60.95626,83.0],[25.69056,60.95623,83.0]],[[25.69056,60.95623,83.0],[25.69568,60.95621,92.0]],[[25.69568,60.95621,92.0],[25.69851,60.95719,95.0]],[[25.69851,60.95719,95.0],[25.69963,60.95807,93.0]]]},"properties":{"id":"vayla-vt-12-lahden-eteläinen-kehätie--hankekokonaisuus","name":"Vt 12 Lahden eteläinen kehätie -hankekokonaisuus","label_short":"Vt 12 Lahden eteläinen kehät","type":"road","status":"construction","open_year":2026,"open_window":null,"budget_meur":null,"price_base":null,"agency":"Väylävirasto","curated":false,"schematic":false,"map":true,"major":true,"source_url":"https://vayla.fi/vt12letke","source_doc":null,"geometry_source":"vayla:tiehankkeet","updated":"2026-09-24","notes":""}},{"type":"Feature","geometry":{"type":"MultiLineString","coordinates":[[[26.18436,60.91326,96.0],[26.18737,60.91324,95.0]],[[26.18737,60.91324,95.0],[26.19677,60.91312,96.0]],[[26.19677,60.91312,96.0],[26.21114,60.91289,107.0]],[[26.21114,60.91289,107.0],[26.21518,60.91326,117.0]],[[26.21518,60.91326,117.0],[26.21564,60.91337,118.0]],[[26.21564,60.91337,118.0],[26.21612,60.91349,118.0]],[[26.21612,60.91349,118.0],[26.21842,60.91421,118.0]],[[26.21842,60.91421,118.0],[26.22412,60.91495,115.0]],[[26.22412,60.91495,115.0],[26.23397,60.91426,98.0]],[[26.23397,60.91426,98.0],[26.23424,60.91424,98.0]],[[26.23424,60.91424,98.0],[26.23616,60.91418,96.0]],[[26.23616,60.91418,96.0],[26.25469,60.91458,90.0],[26.26245,60.91261,82.0]],[[26.22412,60.91495,115.0],[26.22494,60.91496,115.0],[26.22583,60.91493,114.0],[26.23397,60.91433,98.0]],[[26.23397,60.91433,98.0],[26.23428,60.91431,98.0]],[[26.23428,60.91431,98.0],[26.23635,60.91425,96.0]],[[26.23635,60.91425,96.0],[26.25055,60.91467,93.0]],[[26.25055,60.91467,93.0],[26.25385,60.9147,92.0],[26.25686,60.91439,88.0],[26.26245,60.91261,82.0]],[[26.26245,60.91261,82.0],[26.26333,60.91218,81.0]],[[26.26333,60.91218,81.0],[26.26341,60.91215,81.0]],[[26.26341,60.91215,81.0],[26.26369,60.91202,81.0]],[[26.26369,60.91202,81.0],[26.26511,60.91144,81.0]],[[26.26511,60.91144,81.0],[26.26906,60.9105,80.0]],[[26.26906,60.9105,80.0],[26.27295,60.91031,75.0]],[[26.27295,60.91031,75.0],[26.27566,60.91026,72.0]],[[26.27566,60.91026,72.0],[26.27864,60.91018,71.0]],[[26.27864,60.91018,71.0],[26.28135,60.91013,71.0]],[[26.28135,60.91013,71.0],[26.28193,60.91012,71.0]],[[26.28193,60.91012,71.0],[26.28588,60.91,76.0]],[[26.28588,60.91,76.0],[26.28602,60.91,77.0]],[[26.28602,60.91,77.0],[26.29021,60.90925,76.0],[26.29355,60.90772,73.0]],[[26.29355,60.90772,73.0],[26.2959,60.90575,72.0]],[[26.2959,60.90575,72.0],[26.29647,60.90534,73.0]],[[26.29647,60.90534,73.0],[26.29874,60.90428,69.0]],[[26.29874,60.90428,69.0],[26.30518,60.90278,69.0]],[[26.30518,60.90278,69.0],[26.31827,60.89986,73.0]],[[26.31827,60.89986,73.0],[26.32653,60.89788,72.0]],[[26.32653,60.89788,72.0],[26.33052,60.89664,71.0]],[[26.33052,60.89664,71.0],[26.33057,60.89663,71.0]],[[26.33057,60.89663,71.0],[26.33616,60.8949,73.0]],[[26.33616,60.8949,73.0],[26.33698,60.89464,74.0]],[[26.33747,60.89449,74.0],[26.3377,60.8944,70.0]],[[26.3377,60.8944,70.0],[26.34109,60.89337,77.0]],[[26.34109,60.89337,77.0],[26.34451,60.89229,81.0]],[[26.3498,60.89848,71.0],[26.3503,60.8986,71.0]],[[26.3503,60.8986,71.0],[26.35284,60.89982,69.0]],[[26.35284,60.89982,69.0],[26.35364,60.90075,70.0]],[[26.35364,60.90075,70.0],[26.35447,60.90214,69.0]],[[26.35447,60.90214,69.0],[26.35434,60.90292,69.0]],[[26.35434,60.90292,69.0],[26.3541,60.90368,68.0]],[[26.3541,60.90368,68.0],[26.35419,60.90431,68.0]],[[26.35419,60.90431,68.0],[26.35445,60.905,68.0]],[[26.35445,60.905,68.0],[26.35519,60.90669,68.0],[26.35458,60.90786,68.0]],[[26.35458,60.90786,68.0],[26.35417,60.90932,68.0],[26.35506,60.91055,68.0]],[[26.35506,60.91055,68.0],[26.35676,60.91321,68.0]],[[26.35676,60.91321,68.0],[26.35928,60.91817,72.0]],[[26.35928,60.91817,72.0],[26.36038,60.91866,72.0]],[[26.36038,60.91866,72.0],[26.3618,60.92023,76.0]],[[26.3618,60.92023,76.0],[26.3643,60.92089,79.0]],[[26.3643,60.92089,79.0],[26.36568,60.92126,81.0]],[[26.36568,60.92126,81.0],[26.37015,60.92267,83.0]],[[26.37015,60.92267,83.0],[26.37221,60.9227,84.0]],[[26.37221,60.9227,84.0],[26.37289,60.92271,84.0]],[[26.37289,60.92271,84.0],[26.37347,60.9227,84.0]],[[26.37347,60.9227,84.0],[26.375,60.92259,84.0]],[[26.375,60.92259,84.0],[26.37583,60.92252,81.0]],[[26.37583,60.92252,81.0],[26.3774,60.92249,79.0]],[[26.3774,60.92249,79.0],[26.37899,60.92244,76.0]],[[26.37899,60.92244,76.0],[26.38103,60.92232,72.0]],[[26.38103,60.92232,72.0],[26.38517,60.92213,71.0]],[[26.38517,60.92213,71.0],[26.38569,60.92244,71.0]],[[26.34952,60.89035,81.0],[26.35148,60.88964,84.0]],[[26.35148,60.88964,84.0],[26.35211,60.88947,85.0]],[[26.35211,60.88947,85.0],[26.36383,60.88786,80.0]],[[26.36383,60.88786,80.0],[26.3668,60.88666,86.0]],[[26.3668,60.88666,86.0],[26.36857,60.88604,87.0]],[[26.36857,60.88604,87.0],[26.36952,60.88582,88.0],[26.37118,60.88566,88.0]],[[26.37118,60.88566,88.0],[26.37366,60.88553,86.0]],[[26.36857,60.88604,87.0],[26.37122,60.88574,87.0]],[[26.37122,60.88574,87.0],[26.37366,60.88553,86.0]],[[26.37366,60.88553,86.0],[26.38147,60.88424,99.0]],[[26.38147,60.88424,99.0],[26.38223,60.88398,100.0]],[[26.38223,60.88398,100.0],[26.38433,60.88344,103.0]],[[26.38433,60.88344,103.0],[26.38511,60.88337,103.0]],[[26.38511,60.88337,103.0],[26.38536,60.88334,103.0]],[[26.38536,60.88334,103.0],[26.38756,60.88319,104.0]],[[26.38223,60.88398,100.0],[26.38436,60.88354,102.0]],[[26.38436,60.88354,102.0],[26.38517,60.88344,103.0]],[[26.38517,60.88344,103.0],[26.38539,60.88342,103.0]],[[26.38539,60.88342,103.0],[26.38756,60.88319,104.0]],[[26.38756,60.88319,104.0],[26.39075,60.88286,101.0]],[[26.39075,60.88286,101.0],[26.39149,60.88273,101.0],[26.39318,60.88267,101.0]],[[26.39318,60.88267,101.0],[26.3955,60.88281,102.0]],[[26.39075,60.88286,101.0],[26.39318,60.88276,101.0]],[[26.39318,60.88276,101.0],[26.39319,60.88276,101.0]],[[26.39319,60.88276,101.0],[26.3955,60.88281,102.0]],[[26.3955,60.88281,102.0],[26.40973,60.88354,98.0]],[[26.40973,60.88354,98.0],[26.41082,60.88348,98.0]],[[26.41082,60.88348,98.0],[26.41148,60.88343,96.0]],[[26.41148,60.88343,96.0],[26.41156,60.88342,97.0]],[[26.41156,60.88342,97.0],[26.41202,60.88339,99.0]],[[26.41202,60.88339,99.0],[26.43644,60.87967,108.0]],[[26.43644,60.87967,108.0],[26.43964,60.87968,110.0]],[[26.43964,60.87968,110.0],[26.45007,60.88085,111.0],[26.45904,60.88047,111.0]],[[26.45904,60.88047,111.0],[26.46081,60.88023,110.0]],[[26.46081,60.88023,110.0],[26.46142,60.88014,110.0]],[[26.46142,60.88014,110.0],[26.46285,60.87989,108.0]]]},"properties":{"id":"vayla-vt-12-mankala-tillola--iitti","name":"Vt 12 Mankala-Tillola, Iitti","label_short":"Vt 12 Mankala-Tillola, Iitti","type":"road","status":"construction","open_year":2034,"open_window":null,"budget_meur":null,"price_base":null,"agency":"Väylävirasto","curated":false,"schematic":false,"map":true,"major":true,"source_url":"https://vayla.fi/vt-12-mankala-tillola","source_doc":null,"geometry_source":"vayla:tiehankkeet","updated":"2026-09-24","notes":""}},{"type":"Feature","geometry":{"type":"MultiLineString","coordinates":[[[27.56928,61.20033,106.0],[27.57334,61.19977,105.0]],[[27.57334,61.19977,105.0],[27.57543,61.19916,104.0]],[[27.57543,61.19916,104.0],[27.57563,61.19909,104.0]],[[27.57563,61.19909,104.0],[27.57794,61.19769,105.0]],[[27.57794,61.19769,105.0],[27.58249,61.19486,115.0]],[[27.58249,61.19486,115.0],[27.58722,61.1938,117.0]],[[27.58722,61.1938,117.0],[27.59371,61.19337,116.0]],[[27.59371,61.19337,116.0],[27.59537,61.19327,117.0]]]},"properties":{"id":"vayla-vt-13-myttiömäki--savitaipale","name":"Vt 13 Myttiömäki, Savitaipale","label_short":"Vt 13 Myttiömäki, Savitaipal","type":"road","status":"opened","open_year":2025,"open_window":null,"budget_meur":null,"price_base":null,"agency":"Väylävirasto","curated":false,"schematic":false,"map":true,"major":true,"source_url":"https://vayla.fi/etela-karjalassa-suunnitteilla/vt-13-mikkeli-lappeenranta/vt-13-myttiomaki","source_doc":null,"geometry_source":"vayla:tiehankkeet","updated":"2026-09-24","notes":""}},{"type":"Feature","geometry":{"type":"MultiLineString","coordinates":[[[26.91466,60.47907,13.0],[26.91351,60.48016,13.0]],[[26.91351,60.48016,13.0],[26.91339,60.48028,13.0]],[[26.91339,60.48028,13.0],[26.91196,60.48184,13.0]],[[26.91479,60.47912,12.0],[26.91367,60.48018,13.0]],[[26.91367,60.48018,13.0],[26.91355,60.4803,13.0]],[[26.91355,60.4803,13.0],[26.91196,60.48184,13.0]],[[26.91196,60.48184,13.0],[26.90882,60.48538,11.0]],[[26.90882,60.48538,11.0],[26.9066,60.48736,12.0]],[[26.9066,60.48736,12.0],[26.9064,60.48756,13.0]],[[26.9064,60.48756,13.0],[26.90622,60.48773,13.0]],[[26.90622,60.48773,13.0],[26.90606,60.48789,13.0]],[[26.90606,60.48789,13.0],[26.90553,60.48843,15.0]],[[26.90882,60.48538,11.0],[26.90679,60.48749,13.0]],[[26.90679,60.48749,13.0],[26.90642,60.48778,14.0]],[[26.90642,60.48778,14.0],[26.90623,60.48793,14.0]],[[26.90623,60.48793,14.0],[26.90553,60.48843,15.0]],[[26.90553,60.48843,15.0],[26.90314,60.49044,17.0]],[[26.90314,60.49044,17.0],[26.89969,60.49494,12.0]],[[26.89969,60.49494,12.0],[26.89916,60.49552,11.0]],[[26.89916,60.49552,11.0],[26.89756,60.49814,7.0]],[[26.89756,60.49814,7.0],[26.89744,60.49854,7.0]],[[26.89744,60.49854,7.0],[26.89733,60.50018,6.0]],[[26.89733,60.50018,6.0],[26.89752,60.50167,8.0]],[[26.89752,60.50167,8.0],[26.89762,60.50193,8.0]],[[26.89762,60.50193,8.0],[26.89766,60.50207,8.0]],[[26.89766,60.50207,8.0],[26.89774,60.50233,8.0]],[[26.89733,60.50018,6.0],[26.89745,60.50073,7.0]],[[26.89745,60.50073,7.0],[26.89773,60.50193,7.0]],[[26.89773,60.50193,7.0],[26.89777,60.50206,8.0]],[[26.89777,60.50206,8.0],[26.89787,60.50233,8.0]]]},"properties":{"id":"vayla-vt-15-kotkan-sisääntulotie--hyväntuulentie--rake","name":"Vt 15 Kotkan sisääntulotie (Hyväntuulentie) rakentaminen","label_short":"Vt 15 Kotkan sisääntulotie (","type":"road","status":"construction","open_year":2027,"open_window":null,"budget_meur":null,"price_base":null,"agency":"Väylävirasto","curated":false,"schematic":false,"map":true,"major":false,"source_url":"https://vayla.fi/kaikki-hankkeet","source_doc":null,"geometry_source":"vayla:tiehankkeet","updated":"2026-09-24","notes":""}},{"type":"Feature","geometry":{"type":"MultiLineString","coordinates":[[[26.91481,60.4774,0.0],[26.91659,60.47455,0.0],[26.91775,60.4741,0.0]],[[26.91775,60.4741,0.0],[26.91861,60.47393,0.0]],[[26.91861,60.47393,0.0],[26.92068,60.47337,0.0],[26.9219,60.47224,0.0]],[[26.9219,60.47224,0.0],[26.92219,60.47163,0.0]],[[26.91232,60.48149,0.0],[26.91232,60.48149,0.0]],[[26.91232,60.48149,0.0],[26.91687,60.477,0.0],[26.91775,60.4741,0.0]],[[26.91775,60.4741,0.0],[26.91786,60.47242,0.0],[26.91879,60.46997,0.0]],[[26.92208,60.47163,0.0],[26.9219,60.47224,0.0]],[[26.9219,60.47224,0.0],[26.91849,60.47354,0.0],[26.91861,60.47393,0.0]],[[26.91861,60.47393,0.0],[26.91872,60.47657,0.0],[26.91581,60.47852,0.0],[26.91258,60.48155,0.0],[26.91232,60.48149,0.0]],[[26.91232,60.48149,0.0],[26.915,60.47839,0.0],[26.91477,60.47726,0.0],[26.91489,60.47659,0.0],[26.91831,60.46992,0.0],[26.91908,60.47,0.0],[26.91829,60.47309,0.0],[26.92207,60.47163,0.0]]]},"properties":{"id":"vayla-vt-15-paimenportin-eritasoliittymä","name":"Vt 15 Paimenportin eritasoliittymä","label_short":"Vt 15 Paimenportin eritasoli","type":"road","status":"opened","open_year":2025,"open_window":null,"budget_meur":null,"price_base":null,"agency":"Väylävirasto","curated":false,"schematic":false,"map":true,"major":true,"source_url":"https://vayla.fi/vt-15-paimenportin-eritasoliittyma","source_doc":null,"geometry_source":"vayla:tiehankkeet","updated":"2026-09-24","notes":""}},{"type":"Feature","geometry":{"type":"MultiLineString","coordinates":[[[26.78399,60.87429,64.0],[26.78362,60.87484,65.0]],[[26.78362,60.87484,65.0],[26.78356,60.87497,65.0]],[[26.78356,60.87497,65.0],[26.78198,60.87683,73.0]],[[26.78198,60.87683,73.0],[26.78167,60.87712,75.0]],[[26.78167,60.87712,75.0],[26.78055,60.87797,80.0]],[[26.78055,60.87797,80.0],[26.78,60.87834,82.0]],[[26.78,60.87834,82.0],[26.77509,60.88113,95.0]],[[26.77509,60.88113,95.0],[26.7745,60.88143,95.0]],[[26.7745,60.88143,95.0],[26.77301,60.8821,92.0]],[[26.77301,60.8821,92.0],[26.77257,60.88227,91.0]],[[26.77257,60.88227,91.0],[26.76723,60.88446,76.0]],[[26.76723,60.88446,76.0],[26.76716,60.88449,75.0]],[[26.76716,60.88449,75.0],[26.7664,60.88488,73.0]],[[26.78362,60.87484,65.0],[26.78187,60.87676,73.0]],[[26.78187,60.87676,73.0],[26.78182,60.8768,73.0]],[[26.78182,60.8768,73.0],[26.78148,60.87707,75.0]],[[26.78148,60.87707,75.0],[26.78035,60.87793,80.0]],[[26.78035,60.87793,80.0],[26.77982,60.8783,82.0]],[[26.77982,60.8783,82.0],[26.7749,60.88109,95.0]],[[26.7749,60.88109,95.0],[26.77414,60.88145,94.0]],[[26.77414,60.88145,94.0],[26.77278,60.88205,92.0]],[[26.77278,60.88205,92.0],[26.77236,60.88222,91.0]],[[26.77236,60.88222,91.0],[26.76863,60.88366,80.0]],[[26.76863,60.88366,80.0],[26.767,60.8844,76.0]],[[26.767,60.8844,76.0],[26.76699,60.88441,76.0]],[[26.76699,60.88441,76.0],[26.76619,60.88484,74.0]],[[26.84136,60.75056,43.0],[26.84114,60.75111,43.0]],[[26.84114,60.75111,43.0],[26.84069,60.7524,43.0]],[[26.84069,60.7524,43.0],[26.84018,60.75394,44.0]],[[26.84018,60.75394,44.0],[26.83987,60.75477,44.0]],[[26.83987,60.75477,44.0],[26.8392,60.75656,43.0]],[[26.8392,60.75656,43.0],[26.83766,60.7603,44.0]],[[26.83766,60.7603,44.0],[26.8372,60.76119,45.0]],[[26.8372,60.76119,45.0],[26.83673,60.76204,47.0]],[[26.83673,60.76204,47.0],[26.83671,60.76207,47.0]],[[26.83671,60.76207,47.0],[26.83633,60.76277,49.0]],[[26.83633,60.76277,49.0],[26.83522,60.76459,51.0]],[[26.83522,60.76459,51.0],[26.83374,60.76677,48.0]],[[26.83374,60.76677,48.0],[26.8327,60.76822,43.0]],[[26.8327,60.76822,43.0],[26.83157,60.76982,44.0]],[[26.83157,60.76982,44.0],[26.83155,60.76985,44.0]],[[26.83155,60.76985,44.0],[26.83067,60.77127,44.0]],[[26.83067,60.77127,44.0],[26.83004,60.77249,42.0]],[[26.83004,60.77249,42.0],[26.82998,60.77261,42.0]],[[26.82998,60.77261,42.0],[26.82992,60.77273,42.0]],[[26.82992,60.77273,42.0],[26.8299,60.77277,42.0]],[[26.8299,60.77277,42.0],[26.8292,60.77415,42.0]],[[26.8292,60.77415,42.0],[26.82652,60.77888,43.0]],[[26.82652,60.77888,43.0],[26.82544,60.78021,45.0]],[[26.82544,60.78021,45.0],[26.82542,60.78023,45.0]],[[26.82542,60.78023,45.0],[26.82355,60.78205,45.0]],[[26.82355,60.78205,45.0],[26.82003,60.78472,46.0]],[[26.82003,60.78472,46.0],[26.81611,60.78743,47.0]],[[26.81611,60.78743,47.0],[26.81293,60.78969,44.0]],[[26.81293,60.78969,44.0],[26.81152,60.79076,44.0]],[[26.81152,60.79076,44.0],[26.81149,60.79079,44.0]],[[26.81149,60.79079,44.0],[26.81081,60.79128,44.0]],[[26.81081,60.79128,44.0],[26.80853,60.79287,45.0]],[[26.81293,60.78969,44.0],[26.81139,60.79071,44.0]],[[26.81139,60.79071,44.0],[26.81135,60.79073,44.0]],[[26.81135,60.79073,44.0],[26.81119,60.79085,44.0]],[[26.81119,60.79085,44.0],[26.81069,60.79119,44.0]],[[26.81069,60.79119,44.0],[26.80853,60.79287,45.0]],[[26.80853,60.79287,45.0],[26.80588,60.79502,48.0]],[[26.80588,60.79502,48.0],[26.80447,60.79642,48.0]],[[26.80447,60.79642,48.0],[26.80178,60.80006,49.0]],[[26.80178,60.80006,49.0],[26.79881,60.80398,57.0]],[[26.79881,60.80398,57.0],[26.79869,60.80413,57.0]],[[26.79869,60.80413,57.0],[26.79653,60.80634,54.0]],[[26.79653,60.80634,54.0],[26.7955,60.80736,55.0]],[[26.7955,60.80736,55.0],[26.79485,60.80803,56.0]],[[26.79485,60.80803,56.0],[26.79236,60.81084,57.0]],[[26.79236,60.81084,57.0],[26.79228,60.81094,57.0]],[[26.79228,60.81094,57.0],[26.78843,60.81767,55.0]],[[26.78843,60.81767,55.0],[26.78757,60.82101,54.0]],[[26.78757,60.82101,54.0],[26.78813,60.82542,53.0]],[[26.78813,60.82542,53.0],[26.78819,60.8256,53.0]],[[26.78819,60.8256,53.0],[26.78831,60.8259,53.0]],[[27.00702,60.55989,11.0],[27.00649,60.56014,10.0]],[[27.00649,60.56014,10.0],[27.00511,60.56096,6.0]],[[27.00511,60.56096,6.0],[27.00343,60.56246,7.0]],[[27.00685,60.55985,11.0],[27.00655,60.56,10.0]],[[27.00655,60.56,10.0],[27.005,60.56092,7.0]],[[27.005,60.56092,7.0],[27.00343,60.56246,7.0]],[[27.00343,60.56246,7.0],[27.00229,60.56389,8.0]],[[27.00229,60.56389,8.0],[27.00214,60.56409,9.0]],[[27.00214,60.56409,9.0],[27.002,60.56428,9.0]],[[27.002,60.56428,9.0],[27.00184,60.56449,9.0]],[[27.00184,60.56449,9.0],[27.00158,60.56484,9.0]],[[27.00158,60.56484,9.0],[27.00027,60.56651,7.0]],[[27.00027,60.56651,7.0],[26.99691,60.57014,7.0]],[[26.99691,60.57014,7.0],[26.9968,60.57025,7.0]],[[26.9968,60.57025,7.0],[26.99503,60.57205,10.0]],[[26.99503,60.57205,10.0],[26.99086,60.57624,13.0]],[[26.99086,60.57624,13.0],[26.98789,60.57926,13.0]],[[26.98789,60.57926,13.0],[26.98654,60.58062,13.0]],[[26.98654,60.58062,13.0],[26.98607,60.58108,11.0]],[[26.98607,60.58108,11.0],[26.9837,60.5833,12.0]],[[26.9837,60.5833,12.0],[26.9828,60.58405,15.0]],[[26.9828,60.58405,15.0],[26.98271,60.58412,16.0]],[[26.98271,60.58412,16.0],[26.98137,60.58519,21.0]],[[26.98137,60.58519,21.0],[26.97915,60.58683,25.0]],[[26.97915,60.58683,25.0],[26.97841,60.58736,25.0]],[[26.97841,60.58736,25.0],[26.97458,60.59009,20.0]],[[26.97458,60.59009,20.0],[26.97443,60.5902,19.0]],[[26.97443,60.5902,19.0],[26.97397,60.59053,18.0]],[[26.97397,60.59053,18.0],[26.97339,60.59096,17.0]],[[26.92283,60.623,25.0],[26.91993,60.62495,27.0]],[[26.91993,60.62495,27.0],[26.91958,60.62518,27.0]],[[26.91958,60.62518,27.0],[26.91653,60.62727,27.0]],[[26.91653,60.62727,27.0],[26.90926,60.63226,33.0]],[[26.90926,60.63226,33.0],[26.90242,60.63735,35.0]],[[26.90242,60.63735,35.0],[26.89837,60.64036,27.0]],[[26.89837,60.64036,27.0],[26.89685,60.64169,26.0]],[[26.89685,60.64169,26.0],[26.89678,60.64178,26.0]],[[26.89678,60.64178,26.0],[26.89439,60.64476,30.0]],[[26.89439,60.64476,30.0],[26.89246,60.64719,27.0]],[[26.89246,60.64719,27.0],[26.89244,60.64722,27.0]],[[26.89244,60.64722,27.0],[26.88885,60.65205,36.0]],[[26.88885,60.65205,36.0],[26.88858,60.65249,36.0]],[[26.88858,60.65249,36.0],[26.88759,60.65445,38.0]],[[26.88759,60.65445,38.0],[26.88605,60.65865,35.0]],[[26.88605,60.65865,35.0],[26.88268,60.66678,35.0]],[[26.88268,60.66678,35.0],[26.88098,60.6715,34.0]],[[26.88098,60.6715,34.0],[26.88057,60.67332,33.0]],[[26.88057,60.67332,33.0],[26.88002,60.67563,34.0]],[[26.88002,60.67563,34.0],[26.87752,60.68141,48.0]],[[26.87752,60.68141,48.0],[26.87746,60.68151,48.0]],[[26.87746,60.68151,48.0],[26.87678,60.68259,49.0]],[[26.87678,60.68259,49.0],[26.87672,60.68268,49.0]],[[26.87672,60.68268,49.0],[26.87613,60.68363,47.0]],[[26.87613,60.68363,47.0],[26.87473,60.68644,33.0]],[[26.87473,60.68644,33.0],[26.87471,60.68647,33.0]],[[26.87471,60.68647,33.0],[26.87453,60.68687,31.0]],[[26.87453,60.68687,31.0],[26.87452,60.6869,31.0]],[[26.87452,60.6869,31.0],[26.87371,60.68878,30.0]],[[26.87371,60.68878,30.0],[26.87249,60.69138,29.0]],[[26.87249,60.69138,29.0],[26.87011,60.6953,30.0]],[[26.87011,60.6953,30.0],[26.86757,60.69925,33.0]]]},"properties":{"id":"vayla-vt-15-rantahaka--kotka----kouvola--1-vaihe","name":"Vt 15 Rantahaka (Kotka) - Kouvola, 1.vaihe","label_short":"Vt 15 Rantahaka (Kotka) - Ko","type":"road","status":"construction","open_year":2029,"open_window":null,"budget_meur":null,"price_base":null,"agency":"Väylävirasto","curated":false,"schematic":false,"map":true,"major":true,"source_url":"https://vayla.fi/vt-15-parantaminen-valilla-kotka-kouvola","source_doc":null,"geometry_source":"vayla:tiehankkeet","updated":"2026-09-24","notes":""}},{"type":"Feature","geometry":{"type":"MultiLineString","coordinates":[[[21.99906,61.35919,16.0],[21.99899,61.35923,16.0]],[[21.99899,61.35923,16.0],[21.99882,61.35933,16.0]],[[21.99882,61.35933,16.0],[21.99877,61.35936,16.0]]]},"properties":{"id":"vayla-vt-2-nakkilan-eritasoliittymä--tattaranjoen-sill","name":"Vt 2 Nakkilan eritasoliittymä, Tattaranjoen sillan rakentaminen","label_short":"Vt 2 Nakkilan eritasoliittym","type":"road","status":"construction","open_year":2026,"open_window":null,"budget_meur":null,"price_base":null,"agency":"Lounais-Suomen elinvoimakeskus","curated":false,"schematic":false,"map":true,"major":false,"source_url":"https://vayla.fi/kaikki-hankkeet","source_doc":null,"geometry_source":"vayla:tiehankkeet","updated":"2026-09-24","notes":""}},{"type":"Feature","geometry":{"type":"MultiLineString","coordinates":[[[22.00026,61.35847,17.0],[21.99899,61.35923,16.0]],[[21.99899,61.35923,16.0],[21.99882,61.35933,16.0]],[[21.99882,61.35933,16.0],[21.9984,61.35958,16.0]],[[21.9984,61.35958,16.0],[21.99703,61.3604,15.0]],[[21.99703,61.3604,15.0],[21.99557,61.36127,15.0]],[[21.99557,61.36127,15.0],[21.99546,61.36134,15.0]],[[21.99589,61.36035,15.0],[21.99619,61.36038,15.0]],[[21.99619,61.36038,15.0],[21.99703,61.3604,15.0]]]},"properties":{"id":"vayla-vt-2-nakkilan-eritasoliittymän-helsingin-suunnan","name":"Vt 2 Nakkilan eritasoliittymän Helsingin suunnan rampin parantaminen","label_short":"Vt 2 Nakkilan eritasoliittym","type":"road","status":"construction","open_year":2026,"open_window":null,"budget_meur":null,"price_base":null,"agency":"Lounais-Suomen elinvoimakeskus","curated":false,"schematic":false,"map":true,"major":false,"source_url":"https://vayla.fi/kaikki-hankkeet","source_doc":null,"geometry_source":"vayla:tiehankkeet","updated":"2026-09-24","notes":""}},{"type":"Feature","geometry":{"type":"MultiLineString","coordinates":[[[20.93232,68.97623,485.0],[20.92193,68.97983,484.0],[20.91441,68.98443,483.0],[20.90382,68.99791,479.0]],[[20.90382,68.99791,479.0],[20.9033,68.99856,479.0]],[[20.9033,68.99856,479.0],[20.90202,68.99986,482.0]],[[20.90202,68.99986,482.0],[20.90073,69.00106,493.0]],[[20.90073,69.00106,493.0],[20.89877,69.00263,494.0]],[[20.8967,69.00466,487.0],[20.89629,69.0058,490.0]],[[20.89629,69.0058,490.0],[20.89549,69.007,492.0]],[[20.89549,69.007,492.0],[20.89488,69.00776,492.0]],[[20.89488,69.00776,492.0],[20.89224,69.0105,489.0]]]},"properties":{"id":"vayla-vt-21-parantaminen-välillä-ailakkalahti-kilpisjä","name":"Vt 21 parantaminen välillä Ailakkalahti-Kilpisjärvi KU","label_short":"Vt 21 parantaminen välillä A","type":"road","status":"opened","open_year":2025,"open_window":null,"budget_meur":null,"price_base":null,"agency":"Väylävirasto","curated":false,"schematic":false,"map":true,"major":true,"source_url":"https://vayla.fi/vt-21-ailakkalahti-kilpisjarvi-enontekio","source_doc":null,"geometry_source":"vayla:tiehankkeet","updated":"2026-09-24","notes":""}},{"type":"Feature","geometry":{"type":"MultiLineString","coordinates":[[[23.07907,68.28933,283.0],[23.079,68.28944,283.0]],[[23.079,68.28944,283.0],[23.07757,68.29148,281.0]],[[23.07757,68.29148,281.0],[23.07693,68.2924,282.0]],[[23.07693,68.2924,282.0],[23.07648,68.29379,279.0]],[[23.07648,68.29379,279.0],[23.07638,68.2942,278.0]],[[23.07638,68.2942,278.0],[23.07627,68.29468,277.0]],[[23.07627,68.29468,277.0],[23.07614,68.2952,277.0]],[[23.07614,68.2952,277.0],[23.07599,68.29576,277.0]],[[23.07599,68.29576,277.0],[23.07589,68.29617,278.0]],[[23.07589,68.29617,278.0],[23.0756,68.29746,278.0]],[[23.0756,68.29746,278.0],[23.07546,68.29797,278.0]],[[23.07546,68.29797,278.0],[23.07516,68.29918,279.0]],[[23.07516,68.29918,279.0],[23.07513,68.29967,279.0]],[[23.07513,68.29967,279.0],[23.07576,68.30095,279.0]],[[23.07576,68.30095,279.0],[23.07913,68.30304,279.0],[23.07992,68.30437,281.0]],[[23.07992,68.30437,281.0],[23.0799,68.3047,281.0]],[[23.0799,68.3047,281.0],[23.07967,68.30592,281.0]],[[23.07967,68.30592,281.0],[23.07937,68.30755,280.0]],[[23.07937,68.30755,280.0],[23.07936,68.30757,280.0]],[[23.07936,68.30757,280.0],[23.0792,68.30812,280.0]],[[23.0792,68.30812,280.0],[23.07867,68.30892,281.0]],[[23.07867,68.30892,281.0],[23.07797,68.3095,281.0]],[[23.07797,68.3095,281.0],[23.07651,68.31048,281.0]],[[23.07651,68.31048,281.0],[23.07632,68.3106,281.0]],[[23.07632,68.3106,281.0],[23.07022,68.31441,288.0],[23.06703,68.31557,292.0]],[[23.06703,68.31557,292.0],[23.05703,68.31857,294.0],[23.04265,68.32117,297.0]],[[23.04265,68.32117,297.0],[23.04201,68.32123,297.0]],[[23.04201,68.32123,297.0],[23.02552,68.32266,301.0]],[[23.02552,68.32266,301.0],[23.02029,68.32309,296.0]],[[23.02029,68.32309,296.0],[23.01393,68.32363,296.0]],[[23.01393,68.32363,296.0],[23.00856,68.3241,296.0]],[[23.00856,68.3241,296.0],[23.00571,68.32433,295.0]],[[23.00571,68.32433,295.0],[22.99427,68.3253,294.0]],[[22.99427,68.3253,294.0],[22.99141,68.32588,294.0]],[[22.99141,68.32588,294.0],[22.98778,68.32713,292.0],[22.98413,68.32951,288.0]],[[22.98413,68.32951,288.0],[22.98396,68.32962,290.0]],[[22.98396,68.32962,290.0],[22.9776,68.33252,291.0]],[[22.9776,68.33252,291.0],[22.97186,68.33413,291.0]],[[22.97186,68.33413,291.0],[22.96507,68.33524,291.0]],[[22.96507,68.33524,291.0],[22.96064,68.33569,291.0]],[[22.96064,68.33569,291.0],[22.95632,68.33582,292.0]],[[22.95632,68.33582,292.0],[22.95016,68.33582,294.0]],[[22.95016,68.33582,294.0],[22.93375,68.33531,297.0]],[[22.93375,68.33531,297.0],[22.92388,68.33605,297.0]],[[22.92388,68.33605,297.0],[22.91782,68.33724,298.0],[22.91458,68.33862,296.0]],[[22.91458,68.33862,296.0],[22.91311,68.33936,294.0]],[[22.91311,68.33936,294.0],[22.91152,68.34042,296.0]],[[22.91152,68.34042,296.0],[22.91036,68.34195,296.0]],[[22.91036,68.34195,296.0],[22.91013,68.34227,296.0]],[[22.91013,68.34227,296.0],[22.90762,68.3455,294.0],[22.89856,68.35014,299.0]],[[22.89856,68.35014,299.0],[22.8976,68.35065,299.0]],[[22.8976,68.35065,299.0],[22.89607,68.35193,297.0]],[[22.89607,68.35193,297.0],[22.89571,68.35228,297.0]],[[22.89571,68.35228,297.0],[22.89437,68.35357,297.0]],[[22.89437,68.35357,297.0],[22.89251,68.35523,301.0],[22.8896,68.35622,304.0]],[[22.8896,68.35622,304.0],[22.87274,68.36087,311.0],[22.86322,68.36165,309.0]],[[22.86322,68.36165,309.0],[22.85743,68.36222,307.0],[22.85213,68.36419,304.0]],[[22.85213,68.36419,304.0],[22.84874,68.36609,305.0]],[[22.84874,68.36609,305.0],[22.84696,68.36843,309.0],[22.84501,68.36973,312.0]],[[22.84501,68.36973,312.0],[22.84445,68.37055,313.0],[22.84482,68.37146,313.0],[22.84907,68.37333,315.0],[22.85002,68.37483,315.0]],[[22.85002,68.37483,315.0],[22.85114,68.37845,310.0]],[[22.85114,68.37845,310.0],[22.85113,68.38035,308.0],[22.84973,68.38249,309.0]],[[22.84973,68.38249,309.0],[22.84792,68.38391,309.0]],[[22.84792,68.38391,309.0],[22.84519,68.38582,309.0]],[[22.84519,68.38582,309.0],[22.8443,68.38645,310.0]],[[22.8443,68.38645,310.0],[22.84378,68.38688,311.0]],[[22.84378,68.38688,311.0],[22.84352,68.38714,311.0]],[[22.84352,68.38714,311.0],[22.84314,68.3875,313.0]],[[22.84314,68.3875,313.0],[22.84295,68.38767,313.0]],[[22.84295,68.38767,313.0],[22.84292,68.3877,314.0]],[[22.84292,68.3877,314.0],[22.84234,68.3884,317.0]],[[22.84234,68.3884,317.0],[22.8422,68.38862,317.0]],[[22.8422,68.38862,317.0],[22.84235,68.39041,325.0]],[[22.84235,68.39041,325.0],[22.84302,68.39262,335.0]],[[22.84302,68.39262,335.0],[22.84275,68.3933,334.0]],[[22.84275,68.3933,334.0],[22.84262,68.39371,334.0]],[[22.84262,68.39371,334.0],[22.84061,68.39653,321.0]],[[22.84061,68.39653,321.0],[22.8403,68.39669,320.0]],[[22.8403,68.39669,320.0],[22.83443,68.3994,311.0]],[[22.83443,68.3994,311.0],[22.82839,68.40203,309.0]],[[22.82839,68.40203,309.0],[22.82784,68.40227,309.0]],[[22.82784,68.40227,309.0],[22.82112,68.40509,315.0],[22.81358,68.40926,313.0],[22.81387,68.41076,314.0],[22.81901,68.41382,320.0],[22.82042,68.41611,325.0]],[[22.82042,68.41611,325.0],[22.81748,68.42019,318.0],[22.81607,68.4212,319.0]],[[22.81607,68.4212,319.0],[22.81092,68.42347,320.0]],[[22.81092,68.42347,320.0],[22.80369,68.42473,319.0]],[[22.80369,68.42473,319.0],[22.79871,68.4253,317.0],[22.79431,68.42661,320.0]],[[22.79431,68.42661,320.0],[22.78974,68.42818,327.0]],[[22.78974,68.42818,327.0],[22.78569,68.42956,333.0]],[[22.78569,68.42956,333.0],[22.77823,68.43216,335.0],[22.77401,68.43445,335.0]],[[22.77401,68.43445,335.0],[22.77328,68.4347,334.0]],[[22.77328,68.4347,334.0],[22.74704,68.44258,361.0],[22.7332,68.4436,331.0]],[[22.7332,68.4436,331.0],[22.73234,68.44364,331.0]],[[22.73234,68.44364,331.0],[22.71859,68.4454,333.0],[22.70895,68.44589,332.0]],[[22.70895,68.44589,332.0],[22.70383,68.44611,334.0]],[[22.70383,68.44611,334.0],[22.69183,68.44659,333.0],[22.68722,68.44619,333.0],[22.68325,68.44512,335.0],[22.67216,68.43979,333.0],[22.65227,68.43708,330.0]]]},"properties":{"id":"vayla-vt-21-parantaminen-välillä-palojoensuu---jatuni","name":"Vt 21 parantaminen välillä Palojoensuu – Jatuni ST, Enontekiö","label_short":"Vt 21 parantaminen välillä P","type":"road","status":"construction","open_year":2028,"open_window":null,"budget_meur":null,"price_base":null,"agency":"Väylävirasto","curated":false,"schematic":false,"map":true,"major":false,"source_url":"https://vayla.fi/kaikki-hankkeet","source_doc":null,"geometry_source":"vayla:tiehankkeet","updated":"2026-09-24","notes":""}},{"type":"Feature","geometry":{"type":"MultiLineString","coordinates":[[[23.76536,60.09706,45.0],[23.77372,60.10186,42.0]],[[23.77372,60.10186,42.0],[23.77703,60.10357,46.0]],[[23.77703,60.10357,46.0],[23.78003,60.10471,51.0]],[[23.78003,60.10471,51.0],[23.78693,60.1079,59.0]],[[23.78693,60.1079,59.0],[23.7888,60.10878,59.0]],[[23.7888,60.10878,59.0],[23.78954,60.10913,61.0]],[[23.78954,60.10913,61.0],[23.79324,60.11083,62.0]],[[23.79324,60.11083,62.0],[23.79615,60.11212,64.0]],[[23.79615,60.11212,64.0],[23.79931,60.11344,57.0]],[[23.79931,60.11344,57.0],[23.8007,60.11462,49.0]],[[23.8007,60.11462,49.0],[23.80096,60.11488,49.0]],[[23.80096,60.11488,49.0],[23.80465,60.11774,47.0]],[[23.80465,60.11774,47.0],[23.8068,60.11911,47.0]],[[23.8068,60.11911,47.0],[23.81199,60.1227,49.0]],[[23.81199,60.1227,49.0],[23.81391,60.12393,49.0]],[[23.81391,60.12393,49.0],[23.81492,60.12452,50.0]],[[23.81492,60.12452,50.0],[23.81705,60.12556,51.0]],[[23.81705,60.12556,51.0],[23.82323,60.1277,56.0],[23.83416,60.12895,64.0]],[[23.83416,60.12895,64.0],[23.83439,60.12899,64.0]],[[23.83439,60.12899,64.0],[23.8516,60.13241,68.0]],[[23.8516,60.13241,68.0],[23.85167,60.13242,68.0]],[[23.85167,60.13242,68.0],[23.85266,60.13253,68.0]],[[23.85266,60.13253,68.0],[23.85602,60.13292,69.0]],[[23.85602,60.13292,69.0],[23.85901,60.13327,69.0]],[[23.85901,60.13327,69.0],[23.8694,60.1345,67.0]],[[23.8694,60.1345,67.0],[23.87438,60.13549,64.0]]]},"properties":{"id":"vayla-vt-25-meltola-mustio","name":"Vt 25 Meltola—Mustio","label_short":"Vt 25 Meltola—Mustio","type":"road","status":"construction","open_year":2029,"open_window":null,"budget_meur":null,"price_base":null,"agency":"Väylävirasto","curated":false,"schematic":false,"map":true,"major":false,"source_url":"https://vayla.fi/kaikki-hankkeet","source_doc":null,"geometry_source":"vayla:tiehankkeet","updated":"2026-09-24","notes":""}},{"type":"Feature","geometry":{"type":"MultiLineString","coordinates":[[[23.17541,61.6546,88.0],[23.17659,61.65551,86.5]],[[23.17659,61.65551,86.5],[23.1808,61.6586,84.0]],[[23.15979,61.6674,95.0],[23.16227,61.66379,91.0],[23.16648,61.66034,87.0],[23.17119,61.65763,83.0],[23.17659,61.65551,86.5]],[[23.17659,61.65551,86.5],[23.20269,61.64816,68.0],[23.21583,61.64517,67.5]],[[23.21583,61.64517,67.5],[23.22529,61.64269,86.0],[23.23246,61.63941,91.0],[23.23835,61.63444,86.0],[23.24125,61.62823,96.0],[23.24986,61.62106,114.0],[23.26299,61.61696,117.5]],[[23.26299,61.61696,117.5],[23.27327,61.61442,120.0],[23.28706,61.61291,132.0]],[[23.25575,61.61544,111.0],[23.25842,61.61542,113.0],[23.26299,61.61696,117.5]],[[23.26299,61.61696,117.5],[23.26445,61.6181,119.0]],[[23.2136,61.64016,64.0],[23.21437,61.64134,63.0],[23.21469,61.64399,64.0],[23.21583,61.64517,67.5]],[[23.21583,61.64517,67.5],[23.21726,61.65212,83.0],[23.21621,61.65699,83.0],[23.21872,61.65988,89.0]]]},"properties":{"id":"vayla-vt-3-hämeenkyrön-ohitustie--hämeenkyrönväylä","name":"Vt 3 Hämeenkyrön ohitustie (Hämeenkyrönväylä)","label_short":"Vt 3 Hämeenkyrön ohitustie (","type":"road","status":"construction","open_year":2028,"open_window":null,"budget_meur":null,"price_base":null,"agency":"Väylävirasto","curated":false,"schematic":false,"map":true,"major":true,"source_url":"https://vayla.fi/vt3-hameenkyronvayla","source_doc":null,"geometry_source":"vayla:tiehankkeet","updated":"2026-09-24","notes":""}},{"type":"Feature","geometry":{"type":"MultiLineString","coordinates":[[[24.52456,60.92489,103.0],[24.52381,60.92563,103.0]],[[24.52381,60.92563,103.0],[24.5237,60.92574,103.0]],[[24.5237,60.92574,103.0],[24.51902,60.93118,101.0]],[[24.51902,60.93118,101.0],[24.51748,60.93343,103.0]],[[24.51748,60.93343,103.0],[24.51734,60.93367,104.0]],[[24.51734,60.93367,104.0],[24.51583,60.93633,108.0]],[[24.51583,60.93633,108.0],[24.51098,60.94314,121.0]],[[24.51098,60.94314,121.0],[24.5109,60.94322,121.0]],[[24.5109,60.94322,121.0],[24.51029,60.94381,122.0]],[[24.51029,60.94381,122.0],[24.50456,60.94819,131.0]],[[24.50456,60.94819,131.0],[24.5043,60.94836,131.0]],[[24.5043,60.94836,131.0],[24.50261,60.94935,133.0]],[[24.52412,60.92482,103.0],[24.52339,60.92553,103.0]],[[24.52339,60.92553,103.0],[24.52328,60.92564,103.0]],[[24.52328,60.92564,103.0],[24.51705,60.93337,104.0]],[[24.51705,60.93337,104.0],[24.5169,60.9336,104.0]],[[24.5169,60.9336,104.0],[24.51627,60.93466,106.0]],[[24.51627,60.93466,106.0],[24.51541,60.93622,108.0]],[[24.51541,60.93622,108.0],[24.51206,60.94142,117.0]],[[24.51206,60.94142,117.0],[24.51059,60.94302,120.0]],[[24.51059,60.94302,120.0],[24.51052,60.94309,121.0]],[[24.51052,60.94309,121.0],[24.50988,60.94371,122.0]],[[24.50988,60.94371,122.0],[24.50419,60.94804,130.0]],[[24.50419,60.94804,130.0],[24.50394,60.94821,131.0]],[[24.50394,60.94821,131.0],[24.50216,60.94926,133.0]]]},"properties":{"id":"vayla-vt-3-moreenin-eritasoliittymä--ku","name":"Vt 3 Moreenin eritasoliittymä, KU","label_short":"Vt 3 Moreenin eritasoliittym","type":"road","status":"construction","open_year":2026,"open_window":null,"budget_meur":null,"price_base":null,"agency":"Väylävirasto","curated":false,"schematic":false,"map":true,"major":true,"source_url":"https://vayla.fi/vt-3-moreenin-eritasoliittyma","source_doc":null,"geometry_source":"vayla:tiehankkeet","updated":"2026-09-24","notes":""}},{"type":"Feature","geometry":{"type":"MultiLineString","coordinates":[[[22.01032,62.97957,14.0],[22.00915,62.9802,14.0]],[[22.00915,62.9802,14.0],[22.00456,62.98242,13.0]],[[22.00456,62.98242,13.0],[22.00439,62.9825,14.0]],[[22.00439,62.9825,14.0],[22.00433,62.98253,14.0]],[[22.00433,62.98253,14.0],[22.00424,62.98257,15.0]],[[22.00424,62.98257,15.0],[22.00354,62.98285,15.0]],[[22.00354,62.98285,15.0],[22.00235,62.98327,14.0],[22.00029,62.98382,14.0]],[[22.00029,62.98382,14.0],[21.99938,62.98403,14.0]],[[21.99938,62.98403,14.0],[21.99674,62.98462,14.0]],[[21.99674,62.98462,14.0],[21.99376,62.98535,13.0]],[[21.99376,62.98535,13.0],[21.99309,62.98555,13.0]],[[21.99309,62.98555,13.0],[21.99259,62.98571,12.0]],[[21.99259,62.98571,12.0],[21.99098,62.98632,12.0]],[[21.99098,62.98632,12.0],[21.99091,62.98635,12.0]],[[21.99091,62.98635,12.0],[21.98933,62.98707,11.0]],[[21.98933,62.98707,11.0],[21.98919,62.98713,11.0]],[[21.98919,62.98713,11.0],[21.98906,62.98719,11.0]],[[21.98906,62.98719,11.0],[21.98701,62.98806,11.0],[21.98514,62.98873,12.0],[21.9831,62.98935,13.0],[21.98071,62.98994,13.0]],[[21.98071,62.98994,13.0],[21.97697,62.99065,13.0]],[[21.97697,62.99065,13.0],[21.97407,62.99115,12.0]],[[22.01028,62.97955,15.0],[22.00901,62.98014,14.0]],[[22.00901,62.98014,14.0],[22.00446,62.98237,12.0]],[[22.00446,62.98237,12.0],[22.0043,62.98246,13.0]],[[22.0043,62.98246,13.0],[22.00421,62.9825,14.0]],[[22.00421,62.9825,14.0],[22.00413,62.98253,15.0]],[[22.00413,62.98253,15.0],[22.0002,62.98379,14.0]],[[22.0002,62.98379,14.0],[21.99769,62.98435,14.0]],[[21.99769,62.98435,14.0],[21.99666,62.98458,14.0]],[[21.99666,62.98458,14.0],[21.99426,62.98514,13.0]],[[21.99426,62.98514,13.0],[21.99369,62.98531,13.0]],[[21.99369,62.98531,13.0],[21.99304,62.9855,13.0]],[[21.99304,62.9855,13.0],[21.99081,62.98632,12.0]],[[21.99081,62.98632,12.0],[21.99075,62.98634,12.0]],[[21.99075,62.98634,12.0],[21.98919,62.98706,11.0]],[[21.98919,62.98706,11.0],[21.98905,62.98712,11.0]],[[21.98905,62.98712,11.0],[21.98892,62.98718,11.0]],[[21.98892,62.98718,11.0],[21.97782,62.99044,13.0]],[[21.97782,62.99044,13.0],[21.97692,62.9906,13.0]],[[21.97692,62.9906,13.0],[21.97407,62.99115,12.0]],[[21.97407,62.99115,12.0],[21.9735,62.99125,12.0]],[[21.9735,62.99125,12.0],[21.97078,62.99172,11.0]],[[21.97078,62.99172,11.0],[21.97069,62.99174,11.0]],[[21.98589,62.98724,15.0],[21.98888,62.9871,11.0]],[[21.98888,62.9871,11.0],[21.98905,62.98712,11.0]],[[21.98905,62.98712,11.0],[21.98919,62.98713,11.0]],[[21.98919,62.98713,11.0],[21.98925,62.98714,11.0]],[[21.98925,62.98714,11.0],[21.99107,62.98746,17.0]],[[21.99107,62.98746,17.0],[21.9971,62.9879,13.0]],[[21.9971,62.9879,13.0],[21.99965,62.98779,13.0]],[[21.99965,62.98779,13.0],[22.0021,62.98764,13.0]],[[22.0021,62.98764,13.0],[22.00359,62.98755,13.0]],[[22.00359,62.98755,13.0],[22.00875,62.98723,11.0]],[[22.00875,62.98723,11.0],[22.00904,62.98721,11.0]],[[22.00904,62.98721,11.0],[22.01328,62.98695,13.0]]]},"properties":{"id":"vayla-vt-3-ja-18-parantaminen-laihian-kohdalla-st","name":"Vt 3 ja 18 parantaminen Laihian kohdalla ST","label_short":"Vt 3 ja 18 parantaminen Laih","type":"road","status":"opened","open_year":2025,"open_window":null,"budget_meur":null,"price_base":null,"agency":"Väylävirasto","curated":false,"schematic":false,"map":true,"major":true,"source_url":"https://vayla.fi/vt3laihia#.XMvsWKRS9hE","source_doc":null,"geometry_source":"vayla:tiehankkeet","updated":"2026-09-24","notes":""}},{"type":"Feature","geometry":{"type":"MultiLineString","coordinates":[[[25.74676,62.66872,109.0],[25.74688,62.66879,109.0]],[[25.74688,62.66879,109.0],[25.74743,62.66911,112.0]],[[25.74743,62.66911,112.0],[25.74805,62.66947,115.0]],[[25.74805,62.66947,115.0],[25.74836,62.66965,116.0]],[[25.70349,62.64321,106.0],[25.70355,62.64323,106.0]],[[25.70355,62.64323,106.0],[25.7046,62.64367,107.0]],[[25.7046,62.64367,107.0],[25.70602,62.64428,110.0]],[[25.70602,62.64428,110.0],[25.70655,62.64453,111.0]]]},"properties":{"id":"vayla-vt-4-kevätlahti-petomäki--st","name":"Vt 4 Kevätlahti-Petomäki, ST","label_short":"Vt 4 Kevätlahti-Petomäki, ST","type":"road","status":"construction","open_year":2029,"open_window":null,"budget_meur":null,"price_base":null,"agency":"Väylävirasto","curated":false,"schematic":false,"map":true,"major":true,"source_url":"https://vayla.fi/vt-4-aanekoski-viitasaari-ohituskaistat-hanke/vt-4-kevatlahti-petomaki","source_doc":null,"geometry_source":"vayla:tiehankkeet","updated":"2026-09-24","notes":""}},{"type":"Feature","geometry":{"type":"MultiLineString","coordinates":[[[25.80789,62.82401,107.0],[25.80846,62.82433,110.0]],[[25.80846,62.82433,110.0],[25.81018,62.82537,117.0]],[[25.81018,62.82537,117.0],[25.81083,62.82582,118.0]],[[25.77855,62.76393,116.0],[25.77983,62.76844,108.0]],[[25.77983,62.76844,108.0],[25.7809,62.77235,111.0]],[[25.7809,62.77235,111.0],[25.78115,62.7732,111.0]],[[25.78115,62.7732,111.0],[25.78197,62.77619,110.0]],[[25.78197,62.77619,110.0],[25.78212,62.77675,109.0]],[[25.78212,62.77675,109.0],[25.78426,62.78236,130.0],[25.78934,62.7862,125.0]],[[25.78934,62.7862,125.0],[25.78974,62.78648,125.0]],[[25.78974,62.78648,125.0],[25.79189,62.78779,126.0]],[[25.79189,62.78779,126.0],[25.80227,62.79446,133.0]],[[25.80227,62.79446,133.0],[25.80639,62.79811,122.0],[25.80743,62.80334,108.0]],[[25.80743,62.80334,108.0],[25.80744,62.80343,108.0]],[[25.80744,62.80343,108.0],[25.80768,62.80621,106.0],[25.80685,62.80896,104.0]],[[25.81083,62.86635,112.0],[25.81082,62.86637,112.0]],[[25.81082,62.86637,112.0],[25.81066,62.86773,107.0]],[[25.81066,62.86773,107.0],[25.81063,62.86791,107.0]],[[25.81063,62.86791,107.0],[25.81062,62.868,106.0]],[[25.81062,62.868,106.0],[25.81049,62.86889,106.0]]]},"properties":{"id":"vayla-vt-4-konginkangas-kalaniemi--st","name":"Vt 4 Konginkangas-Kalaniemi, ST","label_short":"Vt 4 Konginkangas-Kalaniemi,","type":"road","status":"construction","open_year":2030,"open_window":null,"budget_meur":null,"price_base":null,"agency":"Väylävirasto","curated":false,"schematic":false,"map":true,"major":true,"source_url":"https://vayla.fi/vt-4-aanekoski-viitasaari-ohituskaistat-hanke/vt-4-konginkangas-kalaniemi","source_doc":null,"geometry_source":"vayla:tiehankkeet","updated":"2026-09-24","notes":""}},{"type":"Feature","geometry":{"type":"MultiLineString","coordinates":[[[25.72242,62.28944,0.0],[25.72281,62.28998,0.0],[25.72219,62.29038,0.0]],[[25.72219,62.29038,0.0],[25.72215,62.29041,0.0]],[[25.70686,62.2855,0.0],[25.71164,62.28814,0.0],[25.72022,62.29,0.0]],[[25.72022,62.29,0.0],[25.72061,62.29007,0.0]],[[25.72061,62.29007,0.0],[25.72219,62.29038,0.0]],[[25.72219,62.29038,0.0],[25.73523,62.29434,0.0]],[[25.71768,62.29382,0.0],[25.7188,62.29179,0.0],[25.71767,62.29095,0.0],[25.7176,62.29025,0.0],[25.71814,62.28984,0.0]],[[25.72315,62.28637,0.0],[25.72183,62.28849,0.0],[25.72301,62.28957,0.0],[25.72273,62.29038,0.0]],[[25.7211,62.28856,0.0],[25.72022,62.29,0.0]],[[25.72022,62.29,0.0],[25.71953,62.29088,0.0],[25.71809,62.291,0.0],[25.71784,62.29039,0.0],[25.71864,62.28981,0.0]],[[25.71927,62.292,0.0],[25.72061,62.29007,0.0]],[[25.72061,62.29007,0.0],[25.72173,62.28936,0.0]]]},"properties":{"id":"vayla-vt-4-palokan-kohta","name":"Vt 4 Palokan kohta","label_short":"Vt 4 Palokan kohta","type":"road","status":"construction","open_year":2033,"open_window":null,"budget_meur":null,"price_base":null,"agency":"Väylävirasto","curated":false,"schematic":false,"map":true,"major":false,"source_url":"https://vayla.fi/kaikki-hankkeet","source_doc":null,"geometry_source":"vayla:tiehankkeet","updated":"2026-09-24","notes":""}},{"type":"Feature","geometry":{"type":"MultiLineString","coordinates":[[[25.09254,65.65181,16.0],[25.08985,65.65423,16.0],[25.08933,65.65649,15.0],[25.08674,65.65698,15.0]],[[25.07763,65.65781,16.0],[25.07883,65.65805,15.0]],[[25.07883,65.65805,15.0],[25.07886,65.65808,15.0]],[[25.07886,65.65808,15.0],[25.07889,65.65812,15.5]],[[25.07889,65.65812,15.5],[25.07895,65.65819,15.72801]],[[25.07895,65.65819,15.72801],[25.07897,65.65821,16.0]],[[25.07897,65.65821,16.0],[25.07901,65.65825,15.0]],[[25.07901,65.65825,15.0],[25.07916,65.65851,14.0]],[[25.07916,65.65851,14.0],[25.0796,65.65894,17.0]],[[25.0796,65.65894,17.0],[25.08225,65.66058,25.0]],[[25.08225,65.66058,25.0],[25.08226,65.66059,25.0]],[[25.08226,65.66059,25.0],[25.08285,65.66083,25.0]],[[25.08285,65.66083,25.0],[25.08674,65.66189,17.0]],[[25.08674,65.66189,17.0],[25.08736,65.66198,16.0]],[[25.08736,65.66198,16.0],[25.08751,65.662,16.0]],[[25.08751,65.662,16.0],[25.08937,65.66237,15.0]],[[25.08937,65.66237,15.0],[25.09132,65.66311,14.0]],[[25.09132,65.66311,14.0],[25.09223,65.66369,15.0]],[[25.09223,65.66369,15.0],[25.09489,65.66541,15.0]],[[25.09489,65.66541,15.0],[25.09524,65.6657,15.0]],[[25.09524,65.6657,15.0],[25.09635,65.66643,16.0]],[[25.09635,65.66643,16.0],[25.09671,65.66666,17.0]],[[25.09671,65.66666,17.0],[25.09708,65.66681,17.0]],[[25.09708,65.66681,17.0],[25.09774,65.66731,16.0]],[[25.09774,65.66731,16.0],[25.09843,65.66778,16.0]],[[25.09843,65.66778,16.0],[25.09976,65.66869,16.0]],[[25.09976,65.66869,16.0],[25.1003,65.66901,17.0]],[[25.1003,65.66901,17.0],[25.10126,65.66956,17.0]],[[25.10126,65.66956,17.0],[25.10231,65.67024,17.0]],[[25.10231,65.67024,17.0],[25.10306,65.6706,18.0]],[[25.10306,65.6706,18.0],[25.10533,65.67175,18.0]],[[25.07763,65.65781,16.0],[25.07562,65.6585,14.0]],[[25.07562,65.6585,14.0],[25.07395,65.6588,15.0]],[[25.07395,65.6588,15.0],[25.07393,65.6588,15.0]],[[25.07393,65.6588,15.0],[25.07121,65.65919,15.0]],[[25.07121,65.65919,15.0],[25.07065,65.65924,14.0]],[[25.07065,65.65924,14.0],[25.07063,65.65925,14.0]],[[25.07063,65.65925,14.0],[25.06739,65.65963,14.0]],[[25.06739,65.65963,14.0],[25.06663,65.65973,12.0]],[[25.06663,65.65973,12.0],[25.06451,65.65992,12.0]],[[25.07916,65.65851,14.0],[25.07778,65.65839,11.0]],[[25.08578,65.65525,14.0],[25.08628,65.65564,15.0]],[[25.08628,65.65564,15.0],[25.08656,65.65597,15.5]],[[25.08656,65.65597,15.5],[25.0866,65.65603,15.5]],[[25.0866,65.65603,15.5],[25.08677,65.65643,15.0]],[[25.08677,65.65643,15.0],[25.08674,65.65698,15.0]],[[25.08674,65.65698,15.0],[25.08558,65.65783,16.0]],[[25.08558,65.65783,16.0],[25.08231,65.65857,14.0]],[[25.08231,65.65857,14.0],[25.0813,65.65954,14.0],[25.08237,65.66057,24.0]],[[25.08237,65.66057,24.0],[25.08239,65.66057,24.0]],[[25.08578,65.65525,14.0],[25.0889,65.65418,14.0],[25.09308,65.65125,16.0]],[[25.07476,65.65875,15.0],[25.07567,65.65855,15.0]],[[25.07567,65.65855,15.0],[25.07877,65.6581,15.0]],[[25.07877,65.6581,15.0],[25.07886,65.65808,15.0]],[[25.07886,65.65808,15.0],[25.07899,65.65806,15.0]],[[25.07899,65.65806,15.0],[25.08197,65.65734,15.0],[25.08578,65.65525,14.0]],[[25.08674,65.65698,15.0],[25.0791,65.65819,16.0]],[[25.0791,65.65819,16.0],[25.07897,65.65821,16.0]],[[25.07897,65.65821,16.0],[25.07885,65.65823,16.0]],[[25.07885,65.65823,16.0],[25.07778,65.65839,11.0]],[[25.07778,65.65839,11.0],[25.07517,65.65874,15.0],[25.07437,65.6588,15.0]],[[25.08578,65.65525,14.0],[25.08262,65.65358,20.0]],[[25.08262,65.65358,20.0],[25.08249,65.65351,20.0]],[[25.08249,65.65351,20.0],[25.07773,65.65226,14.0],[25.07094,65.65326,11.0]],[[25.07094,65.65326,11.0],[25.0697,65.6528,11.0]],[[25.0697,65.6528,11.0],[25.06941,65.6523,11.0]],[[25.06941,65.6523,11.0],[25.06936,65.65221,11.0]],[[25.09303,65.65143,17.0],[25.09254,65.65181,16.0]],[[25.09254,65.65181,16.0],[25.08853,65.6549,16.0],[25.08667,65.65599,16.0]],[[25.08667,65.65599,16.0],[25.0866,65.65603,15.5]],[[25.0866,65.65603,15.5],[25.08653,65.65606,16.0]],[[25.08653,65.65606,16.0],[25.08497,65.65672,16.0],[25.08305,65.65734,16.0],[25.08096,65.65784,16.0],[25.07908,65.65817,16.0]],[[25.07908,65.65817,16.0],[25.07895,65.65819,15.72801]],[[25.07895,65.65819,15.72801],[25.07884,65.65821,16.0]],[[25.07884,65.65821,16.0],[25.07847,65.65827,16.0]],[[25.07847,65.65827,16.0],[25.07762,65.65839,15.0]],[[25.07762,65.65839,15.0],[25.0755,65.65865,15.0]],[[25.09291,65.65138,16.0],[25.08663,65.65593,16.0]],[[25.08663,65.65593,16.0],[25.08656,65.65597,15.5]],[[25.08656,65.65597,15.5],[25.08648,65.656,16.0]],[[25.08648,65.656,16.0],[25.0833,65.65721,16.0],[25.07901,65.6581,16.0]],[[25.07901,65.6581,16.0],[25.07889,65.65812,15.5]],[[25.07889,65.65812,15.5],[25.0788,65.65813,16.0]],[[25.0788,65.65813,16.0],[25.07837,65.6582,16.0]],[[25.07837,65.6582,16.0],[25.07756,65.65832,15.0]],[[25.07756,65.65832,15.0],[25.0755,65.65865,15.0]],[[25.0755,65.65865,15.0],[25.07476,65.65875,15.0]],[[25.07476,65.65875,15.0],[25.07437,65.6588,15.0]],[[25.07437,65.6588,15.0],[25.07409,65.65884,15.0]]]},"properties":{"id":"vayla-vt-4-ranuantien-eritasoliittymä","name":"Vt 4 Ranuantien eritasoliittymä","label_short":"Vt 4 Ranuantien eritasoliitt","type":"road","status":"construction","open_year":2028,"open_window":null,"budget_meur":null,"price_base":null,"agency":"Väylävirasto","curated":false,"schematic":false,"map":true,"major":true,"source_url":"https://vayla.fi/vt4simo","source_doc":null,"geometry_source":"vayla:tiehankkeet","updated":"2026-09-24","notes":""}},{"type":"Feature","geometry":{"type":"LineString","coordinates":[[26.0472,62.02071,0.0],[26.04866,62.03582,0.0],[26.05128,62.04329,0.0],[26.05193,62.05103,0.0],[26.0515,62.05608,0.0],[26.04911,62.05971,0.0]]},"properties":{"id":"vayla-vt-4-parantaminen-vestonmäen-kohdalla--joutsa-ja","name":"Vt 4 parantaminen Vestonmäen kohdalla, Joutsa ja Toivakka","label_short":"Vt 4 parantaminen Vestonmäen","type":"road","status":"construction","open_year":2033,"open_window":null,"budget_meur":null,"price_base":null,"agency":"Väylävirasto","curated":false,"schematic":false,"map":true,"major":false,"source_url":"https://vayla.fi/kaikki-hankkeet","source_doc":null,"geometry_source":"vayla:tiehankkeet","updated":"2026-09-24","notes":""}},{"type":"Feature","geometry":{"type":"MultiLineString","coordinates":[[[27.00286,61.5789,136.0],[27.00484,61.58058,141.0]],[[27.00484,61.58058,141.0],[27.00538,61.58105,143.0]],[[27.00538,61.58105,143.0],[27.00847,61.58328,148.0]],[[27.00847,61.58328,148.0],[27.01035,61.58421,147.0]],[[27.01035,61.58421,147.0],[27.01093,61.58445,147.0]],[[27.01093,61.58445,147.0],[27.01309,61.58527,146.0]],[[27.01309,61.58527,146.0],[27.01711,61.58675,141.0]]]},"properties":{"id":"vayla-vt-5-hurus-hietanen--tieosuuden-kehittäminen","name":"Vt 5 Hurus—Hietanen -tieosuuden kehittäminen","label_short":"Vt 5 Hurus—Hietanen -tieosuu","type":"road","status":"opened","open_year":2025,"open_window":null,"budget_meur":null,"price_base":null,"agency":"Väylävirasto","curated":false,"schematic":false,"map":true,"major":true,"source_url":"https://vayla.fi/vt-5-hurus-hietanen","source_doc":null,"geometry_source":"vayla:tiehankkeet","updated":"2026-09-24","notes":""}},{"type":"Feature","geometry":{"type":"MultiLineString","coordinates":[[[26.54107,60.83881,59.0],[26.54108,60.83885,59.0]],[[26.54108,60.83885,59.0],[26.54119,60.83931,59.0]],[[26.54956,60.85408,84.0],[26.5504,60.85451,84.0]],[[26.5504,60.85451,84.0],[26.55047,60.85454,84.0]],[[26.55047,60.85454,84.0],[26.5521,60.85532,83.0]],[[26.5521,60.85532,83.0],[26.55248,60.85548,83.0]],[[26.55248,60.85548,83.0],[26.56235,60.8586,74.0]]]},"properties":{"id":"vayla-vt-6-korian-kohta--kouvola","name":"Vt 6 Korian kohta, Kouvola","label_short":"Vt 6 Korian kohta, Kouvola","type":"road","status":"opened","open_year":2025,"open_window":null,"budget_meur":null,"price_base":null,"agency":"Väylävirasto","curated":false,"schematic":false,"map":true,"major":true,"source_url":"https://vayla.fi/vt-6-korian-kohta","source_doc":null,"geometry_source":"vayla:tiehankkeet","updated":"2026-09-24","notes":""}},{"type":"Feature","geometry":{"type":"LineString","coordinates":[[27.74051,62.98383,116.0],[27.74199,62.98398,116.0]]},"properties":{"id":"vayla-vt-9-lotteinen-jännevirta--ku","name":"Vt 9 Lotteinen-Jännevirta, KU","label_short":"Vt 9 Lotteinen-Jännevirta, K","type":"road","status":"construction","open_year":2026,"open_window":null,"budget_meur":null,"price_base":null,"agency":"Väylävirasto","curated":false,"schematic":false,"map":true,"major":false,"source_url":"https://vayla.fi/kaikki-hankkeet","source_doc":null,"geometry_source":"vayla:tiehankkeet","updated":"2026-09-24","notes":""}},{"type":"Feature","geometry":{"type":"LineString","coordinates":[[23.698,66.37615,0.0],[23.69433,66.38122,0.0],[23.69385,66.38487,0.0]]},"properties":{"id":"vayla-vt21-parantaminen-tengeliönjoen-siltojen-kohdall","name":"Vt21 parantaminen Tengeliönjoen siltojen kohdalla, Ylitornio, KU","label_short":"Vt21 parantaminen Tengeliönj","type":"road","status":"construction","open_year":2027,"open_window":null,"budget_meur":null,"price_base":null,"agency":"Lapin elinvoimakeskus","curated":false,"schematic":false,"map":true,"major":true,"source_url":"https://vayla.fi/vt-21-parantaminen-valilla-raanujarventie-tengeliojoen-sillat-ylitornio","source_doc":null,"geometry_source":"vayla:tiehankkeet","updated":"2026-09-24","notes":"Kahden kevyenliikenteen sillan rakentaminen ja kahden maantiesillan uusiminen sekä tienparannustöitä liittymäalueilla ja kevyenliikenteen väylän rakentaminen"}},{"type":"Feature","geometry":{"type":"LineString","coordinates":[[25.99086,64.80834,0.0],[25.98897,64.80872,0.0]]},"properties":{"id":"vayla-vt22-linja-autopysäkkien-parantaminen-keskustien","name":"Vt22 Linja-autopysäkkien parantaminen keskustien kohdalla, Muhos","label_short":"Vt22 Linja-autopysäkkien par","type":"road","status":"construction","open_year":2026,"open_window":null,"budget_meur":null,"price_base":null,"agency":"Lapin elinvoimakeskus","curated":false,"schematic":false,"map":true,"major":false,"source_url":"https://vayla.fi/kaikki-hankkeet","source_doc":null,"geometry_source":"vayla:tiehankkeet","updated":"2026-09-24","notes":"Linja-autopysäkkien parantaminen Muhoksella"}},{"type":"Feature","geometry":{"type":"MultiLineString","coordinates":[[[25.93356,62.35598,90.0],[25.93422,62.35683,88.0]],[[25.93422,62.35683,88.0],[25.93365,62.35787,92.0]],[[25.93365,62.35787,92.0],[25.93268,62.35906,91.0],[25.93321,62.35992,95.0]],[[25.93321,62.35992,95.0],[25.93407,62.36061,93.0]],[[25.93407,62.36061,93.0],[25.93624,62.36205,93.0]],[[25.93624,62.36205,93.0],[25.93635,62.36212,94.0]],[[25.93635,62.36212,94.0],[25.93736,62.3646,107.0],[25.93868,62.36573,109.0]],[[25.93868,62.36573,109.0],[25.93966,62.36654,101.0],[25.94041,62.36955,97.0]],[[25.94041,62.36955,97.0],[25.94072,62.37056,95.0]],[[25.94072,62.37056,95.0],[25.93943,62.37238,96.0]],[[25.93943,62.37238,96.0],[25.93962,62.37366,97.0]],[[25.93962,62.37366,97.0],[25.93986,62.37471,93.0],[25.93917,62.37558,95.0]],[[25.93917,62.37558,95.0],[25.9379,62.37704,91.0],[25.93801,62.37836,90.0]],[[25.93801,62.37836,90.0],[25.93845,62.37955,86.0]],[[25.93845,62.37955,86.0],[25.93858,62.37976,86.0]],[[25.93858,62.37976,86.0],[25.93968,62.38176,91.0]],[[25.93968,62.38176,91.0],[25.94016,62.38202,92.0]],[[25.94016,62.38202,92.0],[25.94109,62.3829,93.0],[25.9404,62.38454,93.0]],[[25.9404,62.38454,93.0],[25.93965,62.38596,96.0]],[[25.93965,62.38596,96.0],[25.93962,62.38677,98.0]],[[25.93962,62.38677,98.0],[25.93958,62.38709,98.0]],[[25.93958,62.38709,98.0],[25.93965,62.38746,98.0]],[[25.93965,62.38746,98.0],[25.93967,62.38753,98.0]],[[25.93967,62.38753,98.0],[25.93975,62.38788,98.0]]]},"properties":{"id":"vayla-yt-16728-jalankulku--ja-pyöräilyväylä-välillä-la","name":"Yt 16728 jalankulku- ja pyöräilyväylä välillä Laukkavirrantie-Vihtavuorentie, Laukaa","label_short":"Yt 16728 jalankulku- ja pyör","type":"road","status":"construction","open_year":2027,"open_window":null,"budget_meur":null,"price_base":null,"agency":"Keski-Suomen elinvoimakeskus","curated":false,"schematic":false,"map":true,"major":true,"source_url":"https://vayla.fi/keski-suomessa-suunnitteilla/mt-16728-kantolantie-jalankulku-ja-pyorailyvayla-valilla-laukkavirrantie-vihtavuorentie-laukaa","source_doc":null,"geometry_source":"vayla:tiehankkeet","updated":"2026-09-24","notes":"TS: 16728/1/0 - 16728/1/2340\nRS: 16728/1/0 - 16728/1/3780"}},{"type":"Feature","geometry":{"type":"LineString","coordinates":[[23.91548,60.0137,0.0],[23.97406,60.00637,0.0]]},"properties":{"id":"vayla-inkoon-meriväylän-parantaminen","name":"Inkoon meriväylän parantaminen","label_short":"Inkoon meriväylän parantamin","type":"waterway","status":"construction","open_year":2027,"open_window":null,"budget_meur":null,"price_base":null,"agency":"Väylävirasto","curated":false,"schematic":false,"map":true,"major":false,"source_url":"https://vayla.fi/kaikki-hankkeet","source_doc":null,"geometry_source":"vayla:vesivaylahankkeet","updated":"2026-09-24","notes":"Inkoon satamaan johtavan meriväylän parantaminen LNG-terminaalin täydennyskuljetusten turvallisuuden parantamiseksi"}},{"type":"Feature","geometry":{"type":"Point","coordinates":[23.23995,59.87816,0.0]},"properties":{"id":"vayla-koverharin-meriväylän-syventäminen","name":"Koverharin meriväylän syventäminen","label_short":"Koverharin meriväylän syvent","type":"waterway","status":"construction","open_year":2028,"open_window":null,"budget_meur":null,"price_base":null,"agency":"Väylävirasto","curated":false,"schematic":false,"map":true,"major":true,"source_url":"https://vayla.fi/koverharin-merivaylan-syventaminen","source_doc":null,"geometry_source":"vayla:vesivaylahankkeet","updated":"2026-09-24","notes":"Koverharin satamaan johtavan väylän syventäminen 14,0 m mitoitussyvyyden vaatimusten mukaisesti. Liittyvänä hankkeena Koverharin sataman väyläosuuden syventäminen ja uuden reunalaiturin rakentaminen, joista vastaa Hangon Satama Oy."}},{"type":"Feature","geometry":{"type":"LineString","coordinates":[[24.1526,65.75416,0.0],[24.19844,65.67166,0.0],[24.21294,65.66558,0.0],[24.37667,65.62759,0.0],[24.3957,65.62157,0.0]]},"properties":{"id":"vayla-tornion-meriväylän-ja-sataman-geometrian-paranta","name":"Tornion meriväylän ja sataman geometrian parantaminen","label_short":"Tornion meriväylän ja satama","type":"waterway","status":"construction","open_year":2026,"open_window":null,"budget_meur":null,"price_base":null,"agency":"Väylävirasto","curated":false,"schematic":false,"map":true,"major":false,"source_url":"https://vayla.fi/kaikki-hankkeet","source_doc":null,"geometry_source":"vayla:vesivaylahankkeet","updated":"2026-09-24","notes":""}}]}