period;year;kunta;name;households;paid_eur
201812;2018;000;Koko maa;376529;123347500.14
201812;2018;005;Alajärvi;203;62960.39
201812;2018;009;Alavieska;63;17666.14
201812;2018;010;Alavus;348;105893.36
201812;2018;016;Asikkala;248;70242.48
201812;2018;018;Askola;82;25312.66
201812;2018;019;Aura;110;32319.91
201812;2018;020;Akaa;604;174581.72
201812;2018;043;Eckerö;13;3217.97
201812;2018;046;Enonkoski;36;9137.17
201812;2018;047;Enontekiö;35;9530.21
201812;2018;049;Espoo;18747;7702727.07
201812;2018;050;Eura;267;74234.34
201812;2018;051;Eurajoki;184;51867.97
201812;2018;052;Evijärvi;32;9534.95
201812;2018;060;Finström;33;14526.47
201812;2018;061;Forssa;1115;307809.23
201812;2018;065;Geta;7;2244.24
201812;2018;069;Haapajärvi;233;67442.22
201812;2018;071;Haapavesi;228;70137.49
201812;2018;072;Hailuoto;13;3549.27
201812;2018;074;Halsua;17;4365.73
201812;2018;075;Hamina;803;217331.26
201812;2018;076;Hammarland;28;11041.24
201812;2018;077;Hankasalmi;144;38562.3
201812;2018;078;Hanko;312;87038.41
201812;2018;079;Harjavalta;350;101484.41
201812;2018;081;Hartola;107;26792.28
201812;2018;082;Hattula;247;68421.23
201812;2018;086;Hausjärvi;176;56612.4
201812;2018;090;Heinävesi;87;24011.75
201812;2018;091;Helsinki;64993;25920364.99
201812;2018;092;Vantaa;17252;7238683.8
201812;2018;097;Hirvensalmi;46;14858.27
201812;2018;098;Hollola;657;195168.84
201812;2018;099;Honkajoki;37;9334.7
201812;2018;102;Huittinen;359;102930.94
201812;2018;103;Humppila;58;15520.83
201812;2018;105;Hyrynsalmi;46;10632.55
201812;2018;106;Hyvinkää;2647;872212.37
201812;2018;108;Hämeenkyrö;295;79334.67
201812;2018;109;Hämeenlinna;4449;1435775.15
201812;2018;111;Heinola;1048;290257.21
201812;2018;139;Ii;268;84498.53
201812;2018;140;Iisalmi;1295;365211.24
201812;2018;142;Iitti;217;63008.06
201812;2018;143;Ikaalinen;365;105107.98
201812;2018;145;Ilmajoki;334;100638.07
201812;2018;146;Ilomantsi;156;41817.33
201812;2018;148;Inari;199;56318.39
201812;2018;149;Inkoo;95;24364.38
201812;2018;151;Isojoki;41;9613.6
201812;2018;152;Isokyrö;115;35985.86
201812;2018;153;Imatra;1629;471986.73
201812;2018;165;Janakkala;529;158691.96
201812;2018;167;Joensuu;10331;3181736.78
201812;2018;169;Jokioinen;130;40167.57
201812;2018;170;Jomala;43;18011.3
201812;2018;171;Joroinen;127;36017.26
201812;2018;172;Joutsa;147;41078.06
201812;2018;176;Juuka;163;43855.1
201812;2018;177;Juupajoki;53;15451.86
201812;2018;178;Juva;139;39904.75
201812;2018;179;Jyväskylä;18903;5901993.77
201812;2018;181;Jämijärvi;22;6287.54
201812;2018;182;Jämsä;912;259013.43
201812;2018;186;Järvenpää;2502;828091.63
201812;2018;199;Tuntematon;6;-2333588.29
201812;2018;202;Kaarina;982;302692.72
201812;2018;204;Kaavi;102;28337.71
201812;2018;205;Kajaani;2944;898981.1
201812;2018;208;Kalajoki;289;85906.78
201812;2018;211;Kangasala;954;282666.84
201812;2018;213;Kangasniemi;146;43887.64
201812;2018;214;Kankaanpää;572;155953.52
201812;2018;216;Kannonkoski;29;7876.2
201812;2018;217;Kannus;168;49287.97
201812;2018;218;Karijoki;22;6040.79
201812;2018;224;Karkkila;310;96039.21
201812;2018;226;Karstula;105;26789.51
201812;2018;230;Karvia;57;12962.63
201812;2018;231;Kaskinen;19;4987.78
201812;2018;232;Kauhajoki;556;164031.59
201812;2018;233;Kauhava;371;109774.91
201812;2018;235;Kauniainen;326;139468.17
201812;2018;236;Kaustinen;126;35838.43
201812;2018;239;Keitele;49;11632.89
201812;2018;240;Kemi;1612;465424.3
201812;2018;241;Keminmaa;228;62903.24
201812;2018;244;Kempele;538;152138.88
201812;2018;245;Kerava;2361;815887.84
201812;2018;249;Keuruu;408;120288.78
201812;2018;250;Kihniö;42;11587.27
201812;2018;256;Kinnula;36;9362.01
201812;2018;257;Kirkkonummi;1493;517190.55
201812;2018;260;Kitee;362;100377.98
201812;2018;261;Kittilä;148;39205.24
201812;2018;263;Kiuruvesi;312;82280.42
201812;2018;265;Kivijärvi;25;5943.89
201812;2018;271;Kokemäki;271;74124.07
201812;2018;272;Kokkola;2429;696167.12
201812;2018;273;Kolari;81;20252.77
201812;2018;275;Konnevesi;75;22269.22
201812;2018;276;Kontiolahti;390;115065.85
201812;2018;280;Korsnäs;34;7676
201812;2018;284;Koski Tl;44;12427.81
201812;2018;285;Kotka;4154;1193446.12
201812;2018;286;Kouvola;4638;1408699.32
201812;2018;287;Kristiinankaupunki;116;33494.82
201812;2018;288;Kruunupyy;68;19744.49
201812;2018;290;Kuhmo;249;61371.3
201812;2018;291;Kuhmoinen;66;16548.2
201812;2018;297;Kuopio;11937;3771233.21
201812;2018;300;Kuortane;106;26324.94
201812;2018;301;Kurikka;585;162539.16
201812;2018;304;Kustavi;16;1316.91
201812;2018;305;Kuusamo;577;170833.02
201812;2018;309;Outokumpu;556;152946.94
201812;2018;312;Kyyjärvi;22;5630.51
201812;2018;316;Kärkölä;145;48094.13
201812;2018;317;Kärsämäki;71;19279.4
201812;2018;318;Kökar;4;995.86
201812;2018;320;Kemijärvi;212;58394.46
201812;2018;322;Kemiönsaari;165;47361.43
201812;2018;398;Lahti;10865;3539643.47
201812;2018;399;Laihia;153;44006.56
201812;2018;400;Laitila;188;56524.14
201812;2018;402;Lapinlahti;363;100838.93
201812;2018;403;Lappajärvi;41;12724.54
201812;2018;405;Lappeenranta;6789;2065721.64
201812;2018;407;Lapinjärvi;72;19229.77
201812;2018;408;Lapua;397;116648.91
201812;2018;410;Laukaa;539;157040.9
201812;2018;416;Lemi;57;16563.86
201812;2018;417;Lemland;17;8949.19
201812;2018;418;Lempäälä;712;221251.59
201812;2018;420;Leppävirta;268;77917.74
201812;2018;421;Lestijärvi;15;4386.88
201812;2018;422;Lieksa;560;145492.83
201812;2018;423;Lieto;346;103090.6
201812;2018;425;Liminka;185;60128.41
201812;2018;426;Liperi;436;129676.32
201812;2018;430;Loimaa;583;158526.85
201812;2018;433;Loppi;124;39257.78
201812;2018;434;Loviisa;556;157798.85
201812;2018;435;Luhanka;6;1076.53
201812;2018;436;Lumijoki;46;16316.27
201812;2018;440;Luoto;36;12511.96
201812;2018;441;Luumäki;108;27817.35
201812;2018;444;Lohja;1977;655115.1
201812;2018;445;Parainen;347;98184.98
201812;2018;475;Maalahti;90;23049.18
201812;2018;478;Maarianhamina;330;126639.84
201812;2018;480;Marttila;49;14723.59
201812;2018;481;Masku;106;29359.99
201812;2018;483;Merijärvi;25;7040.76
201812;2018;484;Merikarvia;67;16830.65
201812;2018;489;Miehikkälä;37;9799.64
201812;2018;491;Mikkeli;3890;1220782.94
201812;2018;494;Muhos;301;93472.58
201812;2018;495;Multia;50;11320.21
201812;2018;498;Muonio;41;11240.21
201812;2018;499;Mustasaari;275;82847.81
201812;2018;500;Muurame;282;87737
201812;2018;503;Mynämäki;154;40909.27
201812;2018;504;Myrskylä;48;15175.27
201812;2018;505;Mäntsälä;511;154153.61
201812;2018;507;Mäntyharju;170;49085.5
201812;2018;508;Mänttä-Vilppula;413;117818.34
201812;2018;529;Naantali;595;170770.52
201812;2018;531;Nakkila;202;58305.91
201812;2018;535;Nivala;296;87785.91
201812;2018;536;Nokia;1373;428783.96
201812;2018;538;Nousiainen;61;18047.78
201812;2018;541;Nurmes;285;74723.43
201812;2018;543;Nurmijärvi;1247;434724.71
201812;2018;545;Närpiö;107;29092.11
201812;2018;560;Orimattila;544;161200.24
201812;2018;561;Oripää;31;9307.13
201812;2018;562;Orivesi;309;90764.76
201812;2018;563;Oulainen;300;82566.07
201812;2018;564;Oulu;21556;6719433.65
201812;2018;576;Padasjoki;57;14683.12
201812;2018;577;Paimio;323;91362.86
201812;2018;578;Paltamo;118;29533.34
201812;2018;580;Parikkala;107;24845.37
201812;2018;581;Parkano;189;51802.39
201812;2018;583;Pelkosenniemi;23;7590.15
201812;2018;584;Perho;57;17691.7
201812;2018;588;Pertunmaa;35;8883.34
201812;2018;592;Petäjävesi;115;32109.32
201812;2018;593;Pieksämäki;898;238943.82
201812;2018;595;Pielavesi;122;35438.14
201812;2018;598;Pietarsaari;861;268365.88
201812;2018;599;Pedersören kunta;94;30453.05
201812;2018;601;Pihtipudas;125;29339.88
201812;2018;604;Pirkkala;634;191435.15
201812;2018;607;Polvijärvi;139;38898.88
201812;2018;608;Pomarkku;59;16902.5
201812;2018;609;Pori;6346;1986209.38
201812;2018;611;Pornainen;48;19118.79
201812;2018;614;Posio;51;14745.92
201812;2018;615;Pudasjärvi;244;70841.25
201812;2018;616;Pukkila;40;11688.75
201812;2018;619;Punkalaidun;76;20880.68
201812;2018;620;Puolanka;73;18940.27
201812;2018;623;Puumala;34;8714.7
201812;2018;624;Pyhtää;125;34890.99
201812;2018;625;Pyhäjoki;54;16493.99
201812;2018;626;Pyhäjärvi;145;39166.85
201812;2018;630;Pyhäntä;22;6742.85
201812;2018;631;Pyhäranta;25;6886.93
201812;2018;635;Pälkäne;141;39795.61
201812;2018;636;Pöytyä;172;46666.35
201812;2018;638;Porvoo;2312;768892.07
201812;2018;678;Raahe;1086;314604.17
201812;2018;680;Raisio;1141;376635.85
201812;2018;681;Rantasalmi;87;23070.75
201812;2018;683;Ranua;109;31153.74
201812;2018;684;Rauma;2169;599553.25
201812;2018;686;Rautalampi;131;41275.22
201812;2018;687;Rautavaara;42;11496.09
201812;2018;689;Rautjärvi;80;21368.03
201812;2018;691;Reisjärvi;56;15573.91
201812;2018;694;Riihimäki;1864;611495.48
201812;2018;697;Ristijärvi;19;5455.22
201812;2018;698;Rovaniemi;6268;1954062.08
201812;2018;700;Ruokolahti;97;24665.72
201812;2018;702;Ruovesi;108;29579.36
201812;2018;704;Rusko;54;18491.54
201812;2018;707;Rääkkylä;56;14412.19
201812;2018;710;Raasepori;1182;350502.4
201812;2018;729;Saarijärvi;413;118814.14
201812;2018;732;Salla;81;21850.49
201812;2018;734;Salo;2338;670472.28
201812;2018;736;Saltvik;19;6161.83
201812;2018;738;Sauvo;43;11854.85
201812;2018;739;Savitaipale;62;16066.94
201812;2018;740;Savonlinna;1952;549757.41
201812;2018;742;Savukoski;17;4232.24
201812;2018;743;Seinäjoki;4816;1519076.8
201812;2018;746;Sievi;133;42060.81
201812;2018;747;Siikainen;25;6904.43
201812;2018;748;Siikajoki;120;36365.83
201812;2018;749;Siilinjärvi;631;182648.59
201812;2018;751;Simo;48;12501.15
201812;2018;753;Sipoo;467;153564.9
201812;2018;755;Siuntio;130;41432.9
201812;2018;758;Sodankylä;217;58450.3
201812;2018;759;Soini;42;13840.37
201812;2018;761;Somero;243;67791.21
201812;2018;762;Sonkajärvi;115;31521.66
201812;2018;765;Sotkamo;394;110198.72
201812;2018;768;Sulkava;52;11606.33
201812;2018;771;Sund;5;2659.94
201812;2018;777;Suomussalmi;187;48418.11
201812;2018;778;Suonenjoki;260;76262.48
201812;2018;781;Sysmä;91;25973.86
201812;2018;783;Säkylä;134;34801.06
201812;2018;785;Vaala;90;22696.69
201812;2018;790;Sastamala;873;242496.8
201812;2018;791;Siikalatva;113;26789.36
201812;2018;831;Taipalsaari;78;18075.88
201812;2018;832;Taivalkoski;117;31728.36
201812;2018;833;Taivassalo;18;4264.56
201812;2018;834;Tammela;215;59492.23
201812;2018;837;Tampere;30838;9710070.77
201812;2018;844;Tervo;29;8058.35
201812;2018;845;Tervola;85;25777.07
201812;2018;846;Teuva;112;29785.27
201812;2018;848;Tohmajärvi;142;40124.71
201812;2018;849;Toholampi;63;19211.62
201812;2018;850;Toivakka;44;12371.84
201812;2018;851;Tornio;1147;338164
201812;2018;853;Turku;25327;7965500.64
201812;2018;854;Pello;62;15515.94
201812;2018;857;Tuusniemi;79;19864.21
201812;2018;858;Tuusula;999;336129.96
201812;2018;859;Tyrnävä;126;43474.99
201812;2018;886;Ulvila;384;115457.67
201812;2018;887;Urjala;205;56289.57
201812;2018;889;Utajärvi;69;17926.37
201812;2018;890;Utsjoki;19;3932.95
201812;2018;892;Uurainen;87;25976.3
201812;2018;893;Uusikaarlepyy;111;31788.11
201812;2018;895;Uusikaupunki;428;111645.76
201812;2018;905;Vaasa;8208;2582007.5
201812;2018;908;Valkeakoski;953;270015.57
201812;2018;911;Valtimo;40;9537.27
201812;2018;915;Varkaus;1310;362444.68
201812;2018;918;Vehmaa;39;11768.28
201812;2018;921;Vesanto;50;12179.62
201812;2018;922;Vesilahti;61;16688.23
201812;2018;924;Veteli;39;10883.04
201812;2018;925;Vieremä;88;24286.26
201812;2018;927;Vihti;1070;360435.47
201812;2018;931;Viitasaari;211;59470.09
201812;2018;934;Vimpeli;64;14679.38
201812;2018;935;Virolahti;80;22853.48
201812;2018;936;Virrat;210;55818.93
201812;2018;941;Vårdö;5;2371.95
201812;2018;946;Vöyri;150;36450.3
201812;2018;976;Ylitornio;79;20506.78
201812;2018;977;Ylivieska;745;212711.52
201812;2018;980;Ylöjärvi;932;289514.56
201812;2018;981;Ypäjä;67;20413.97
201812;2018;989;Ähtäri;198;57605.83
201812;2018;992;Äänekoski;908;257756.7
201912;2019;000;Koko maa;379667;125958041.89
201912;2019;005;Alajärvi;207;64223.16
201912;2019;009;Alavieska;60;18136.64
201912;2019;010;Alavus;339;95894.13
201912;2019;016;Asikkala;239;69994.45
201912;2019;018;Askola;88;28528.09
201912;2019;019;Aura;102;30315.64
201912;2019;020;Akaa;585;171642.59
201912;2019;043;Eckerö;13;4194.82
201912;2019;046;Enonkoski;39;10122.01
201912;2019;047;Enontekiö;41;14270.65
201912;2019;049;Espoo;19610;8081029.7
201912;2019;050;Eura;278;77275.16
201912;2019;051;Eurajoki;160;42678.56
201912;2019;052;Evijärvi;26;7208.69
201912;2019;060;Finström;51;15451.46
201912;2019;061;Forssa;1125;317947.84
201912;2019;065;Geta;8;2508.19
201912;2019;069;Haapajärvi;209;63479.79
201912;2019;071;Haapavesi;211;66110.29
201912;2019;072;Hailuoto;13;3160.94
201912;2019;074;Halsua;17;4275.53
201912;2019;075;Hamina;763;209565.36
201912;2019;076;Hammarland;35;11285.7
201912;2019;077;Hankasalmi;147;40054.17
201912;2019;078;Hanko;283;78543.17
201912;2019;079;Harjavalta;335;99474.51
201912;2019;081;Hartola;102;28188.98
201912;2019;082;Hattula;231;62609.56
201912;2019;086;Hausjärvi;180;50747.63
201912;2019;090;Heinävesi;85;22632.3
201912;2019;091;Helsinki;65958;26346386.68
201912;2019;092;Vantaa;17798;7625634.82
201912;2019;097;Hirvensalmi;52;16378.12
201912;2019;098;Hollola;652;185531.45
201912;2019;099;Honkajoki;35;10063.14
201912;2019;102;Huittinen;351;100761.76
201912;2019;103;Humppila;58;19362.36
201912;2019;105;Hyrynsalmi;36;9363.4
201912;2019;106;Hyvinkää;2595;862435.44
201912;2019;108;Hämeenkyrö;292;85421.79
201912;2019;109;Hämeenlinna;4457;1463157.88
201912;2019;111;Heinola;1042;290362.44
201912;2019;139;Ii;257;81974.77
201912;2019;140;Iisalmi;1278;354536.48
201912;2019;142;Iitti;220;61852.93
201912;2019;143;Ikaalinen;353;104254.02
201912;2019;145;Ilmajoki;315;89437.75
201912;2019;146;Ilomantsi;154;36735.23
201912;2019;148;Inari;183;50107.76
201912;2019;149;Inkoo;79;21004.1
201912;2019;151;Isojoki;36;8961.75
201912;2019;152;Isokyrö;103;29169.84
201912;2019;153;Imatra;1525;429648.47
201912;2019;165;Janakkala;524;153864.61
201912;2019;167;Joensuu;10466;3275374.38
201912;2019;169;Jokioinen;110;34720.87
201912;2019;170;Jomala;44;14485.08
201912;2019;171;Joroinen;120;35255.91
201912;2019;172;Joutsa;147;37919.5
201912;2019;176;Juuka;147;39787.64
201912;2019;177;Juupajoki;47;15622.77
201912;2019;178;Juva;147;36929.07
201912;2019;179;Jyväskylä;19197;6060735.03
201912;2019;181;Jämijärvi;17;4152.38
201912;2019;182;Jämsä;894;247335.48
201912;2019;186;Järvenpää;2519;835201.71
201912;2019;199;Tuntematon;10;-2026933.1
201912;2019;202;Kaarina;933;291097.85
201912;2019;204;Kaavi;101;28155.15
201912;2019;205;Kajaani;2875;901574.65
201912;2019;208;Kalajoki;280;82133.45
201912;2019;211;Kangasala;982;292415.42
201912;2019;213;Kangasniemi;161;42801.8
201912;2019;214;Kankaanpää;575;155828.77
201912;2019;216;Kannonkoski;20;4210.89
201912;2019;217;Kannus;173;46768.62
201912;2019;218;Karijoki;20;5439.75
201912;2019;224;Karkkila;368;105620.61
201912;2019;226;Karstula;103;27025.53
201912;2019;230;Karvia;66;15672.14
201912;2019;231;Kaskinen;17;4082.01
201912;2019;232;Kauhajoki;562;164154.47
201912;2019;233;Kauhava;351;102502.21
201912;2019;235;Kauniainen;349;143635.94
201912;2019;236;Kaustinen;141;38841.6
201912;2019;239;Keitele;51;12428.35
201912;2019;240;Kemi;1522;448063.78
201912;2019;241;Keminmaa;194;52341.33
201912;2019;244;Kempele;513;156356.5
201912;2019;245;Kerava;2439;845718.18
201912;2019;249;Keuruu;418;114752.61
201912;2019;250;Kihniö;29;10255.85
201912;2019;256;Kinnula;33;9355.07
201912;2019;257;Kirkkonummi;1589;546338.73
201912;2019;260;Kitee;363;99425.64
201912;2019;261;Kittilä;152;41955.83
201912;2019;263;Kiuruvesi;304;83167.66
201912;2019;265;Kivijärvi;25;6974.94
201912;2019;271;Kokemäki;277;77069.93
201912;2019;272;Kokkola;2395;704028.8
201912;2019;273;Kolari;60;18609.81
201912;2019;275;Konnevesi;67;22589.21
201912;2019;276;Kontiolahti;390;118582.44
201912;2019;280;Korsnäs;27;6627.11
201912;2019;284;Koski Tl;45;12948.21
201912;2019;285;Kotka;4019;1154882.36
201912;2019;286;Kouvola;4539;1404100.61
201912;2019;287;Kristiinankaupunki;121;33654.25
201912;2019;288;Kruunupyy;55;18780.2
201912;2019;290;Kuhmo;235;61782.91
201912;2019;291;Kuhmoinen;70;16555.53
201912;2019;297;Kuopio;12003;3827086.85
201912;2019;300;Kuortane;143;34970.67
201912;2019;301;Kurikka;567;162972.8
201912;2019;304;Kustavi;18;5250.91
201912;2019;305;Kuusamo;582;170903.1
201912;2019;309;Outokumpu;532;151085.42
201912;2019;312;Kyyjärvi;21;5092.55
201912;2019;316;Kärkölä;166;50863.85
201912;2019;317;Kärsämäki;80;20747.12
201912;2019;320;Kemijärvi;205;54311.56
201912;2019;322;Kemiönsaari;156;48820.87
201912;2019;398;Lahti;11110;3623619.76
201912;2019;399;Laihia;166;48999.97
201912;2019;400;Laitila;188;57567.98
201912;2019;402;Lapinlahti;370;99577.66
201912;2019;403;Lappajärvi;42;11405.72
201912;2019;405;Lappeenranta;6895;2101677.82
201912;2019;407;Lapinjärvi;74;20742.36
201912;2019;408;Lapua;415;131207.79
201912;2019;410;Laukaa;527;166261.65
201912;2019;416;Lemi;55;15203.88
201912;2019;417;Lemland;21;7747.45
201912;2019;418;Lempäälä;757;239920.5
201912;2019;420;Leppävirta;274;80936.91
201912;2019;421;Lestijärvi;18;5154.83
201912;2019;422;Lieksa;524;134710.82
201912;2019;423;Lieto;354;106016.6
201912;2019;425;Liminka;192;70909.26
201912;2019;426;Liperi;424;127297.24
201912;2019;430;Loimaa;596;161206.28
201912;2019;433;Loppi;112;34634.51
201912;2019;434;Loviisa;554;154029.38
201912;2019;435;Luhanka;6;1169.34
201912;2019;436;Lumijoki;39;13359.69
201912;2019;440;Luoto;40;13718.66
201912;2019;441;Luumäki;122;33439.08
201912;2019;444;Lohja;1941;654223.74
201912;2019;445;Parainen;336;96896.43
201912;2019;475;Maalahti;95;23776.66
201912;2019;478;Maarianhamina;346;118728.79
201912;2019;480;Marttila;47;13353.17
201912;2019;481;Masku;88;26519.85
201912;2019;483;Merijärvi;29;7733.49
201912;2019;484;Merikarvia;70;18069.73
201912;2019;489;Miehikkälä;37;10573.04
201912;2019;491;Mikkeli;3820;1196551.93
201912;2019;494;Muhos;295;87067.7
201912;2019;495;Multia;50;12789.59
201912;2019;498;Muonio;43;12710.68
201912;2019;499;Mustasaari;275;83823.13
201912;2019;500;Muurame;271;83810.05
201912;2019;503;Mynämäki;151;45230.44
201912;2019;504;Myrskylä;46;15732.56
201912;2019;505;Mäntsälä;508;152251.54
201912;2019;507;Mäntyharju;171;49517.78
201912;2019;508;Mänttä-Vilppula;418;116729.72
201912;2019;529;Naantali;589;169422.43
201912;2019;531;Nakkila;187;52716.53
201912;2019;535;Nivala;305;88293.36
201912;2019;536;Nokia;1348;421129.05
201912;2019;538;Nousiainen;57;18374.72
201912;2019;541;Nurmes;301;76909.98
201912;2019;543;Nurmijärvi;1299;443206.46
201912;2019;545;Närpiö;115;28515.22
201912;2019;560;Orimattila;532;160023.94
201912;2019;561;Oripää;31;8059.91
201912;2019;562;Orivesi;315;94564.58
201912;2019;563;Oulainen;302;85091.84
201912;2019;564;Oulu;21784;6972371.19
201912;2019;576;Padasjoki;52;12728.47
201912;2019;577;Paimio;318;92133.07
201912;2019;578;Paltamo;98;27050.13
201912;2019;580;Parikkala;111;25177.43
201912;2019;581;Parkano;176;51957.79
201912;2019;583;Pelkosenniemi;21;6124.23
201912;2019;584;Perho;48;15427
201912;2019;588;Pertunmaa;43;10267.41
201912;2019;592;Petäjävesi;96;26146.96
201912;2019;593;Pieksämäki;855;238314.55
201912;2019;595;Pielavesi;132;38988.15
201912;2019;598;Pietarsaari;864;253062.29
201912;2019;599;Pedersören kunta;84;26534.42
201912;2019;601;Pihtipudas;142;38114.18
201912;2019;604;Pirkkala;613;187574.69
201912;2019;607;Polvijärvi;134;37136.94
201912;2019;608;Pomarkku;42;13199.23
201912;2019;609;Pori;6527;2030402.99
201912;2019;611;Pornainen;50;17758.61
201912;2019;614;Posio;57;14231.79
201912;2019;615;Pudasjärvi;234;76719.22
201912;2019;616;Pukkila;44;12013.02
201912;2019;619;Punkalaidun;63;17797.83
201912;2019;620;Puolanka;75;21342.31
201912;2019;623;Puumala;42;11354.43
201912;2019;624;Pyhtää;113;29433.89
201912;2019;625;Pyhäjoki;55;17500.7
201912;2019;626;Pyhäjärvi;147;42672.33
201912;2019;630;Pyhäntä;23;6273.38
201912;2019;631;Pyhäranta;23;5692.06
201912;2019;635;Pälkäne;116;33275.87
201912;2019;636;Pöytyä;159;45758.69
201912;2019;638;Porvoo;2284;764927.53
201912;2019;678;Raahe;1086;316354.7
201912;2019;680;Raisio;1044;349766.35
201912;2019;681;Rantasalmi;90;25483.46
201912;2019;683;Ranua;99;31289.56
201912;2019;684;Rauma;2166;610295.97
201912;2019;686;Rautalampi;136;38762.48
201912;2019;687;Rautavaara;39;10635.48
201912;2019;689;Rautjärvi;80;21711.99
201912;2019;691;Reisjärvi;44;11891.1
201912;2019;694;Riihimäki;1876;617223.42
201912;2019;697;Ristijärvi;20;4874.36
201912;2019;698;Rovaniemi;6129;1948655
201912;2019;700;Ruokolahti;101;27143.28
201912;2019;702;Ruovesi;137;36148.41
201912;2019;704;Rusko;65;19036.69
201912;2019;707;Rääkkylä;51;13397.75
201912;2019;710;Raasepori;1143;348261.04
201912;2019;729;Saarijärvi;392;111315.54
201912;2019;732;Salla;69;17886.2
201912;2019;734;Salo;2300;650547.61
201912;2019;736;Saltvik;26;8524.94
201912;2019;738;Sauvo;47;12454.11
201912;2019;739;Savitaipale;64;17038.11
201912;2019;740;Savonlinna;1956;535399.53
201912;2019;742;Savukoski;24;4854.31
201912;2019;743;Seinäjoki;4720;1497899.44
201912;2019;746;Sievi;127;36229.89
201912;2019;747;Siikainen;24;6922.91
201912;2019;748;Siikajoki;112;35042.81
201912;2019;749;Siilinjärvi;650;196313.72
201912;2019;751;Simo;47;10132.71
201912;2019;753;Sipoo;529;172827.38
201912;2019;755;Siuntio;137;46057.96
201912;2019;758;Sodankylä;170;51073.62
201912;2019;759;Soini;35;10783.04
201912;2019;761;Somero;226;64939.09
201912;2019;762;Sonkajärvi;108;27909.62
201912;2019;765;Sotkamo;415;121507.22
201912;2019;768;Sulkava;57;14121.92
201912;2019;771;Sund;7;1584.43
201912;2019;777;Suomussalmi;187;52537.67
201912;2019;778;Suonenjoki;267;77137.35
201912;2019;781;Sysmä;84;23812.44
201912;2019;783;Säkylä;140;36886.71
201912;2019;785;Vaala;81;22885.56
201912;2019;790;Sastamala;890;257583.21
201912;2019;791;Siikalatva;110;32198.42
201912;2019;831;Taipalsaari;65;18181.94
201912;2019;832;Taivalkoski;105;31641.77
201912;2019;833;Taivassalo;22;4944.99
201912;2019;834;Tammela;196;56491.72
201912;2019;837;Tampere;31594;10064467.82
201912;2019;844;Tervo;28;7403.94
201912;2019;845;Tervola;71;21874.57
201912;2019;846;Teuva;99;27807.2
201912;2019;848;Tohmajärvi;144;39810.04
201912;2019;849;Toholampi;67;19330.14
201912;2019;850;Toivakka;39;11730.45
201912;2019;851;Tornio;1054;322631.64
201912;2019;853;Turku;25823;8186434.03
201912;2019;854;Pello;53;14712.37
201912;2019;857;Tuusniemi;75;18981.37
201912;2019;858;Tuusula;989;330886.72
201912;2019;859;Tyrnävä;115;44981.75
201912;2019;886;Ulvila;416;124705.41
201912;2019;887;Urjala;185;53683.8
201912;2019;889;Utajärvi;64;18281.96
201912;2019;890;Utsjoki;22;6278.53
201912;2019;892;Uurainen;72;22439.32
201912;2019;893;Uusikaarlepyy;115;36537.19
201912;2019;895;Uusikaupunki;413;114068.35
201912;2019;905;Vaasa;8235;2611224.21
201912;2019;908;Valkeakoski;914;266366.37
201912;2019;911;Valtimo;43;10110.36
201912;2019;915;Varkaus;1279;360718.5
201912;2019;918;Vehmaa;41;12866.27
201912;2019;921;Vesanto;46;11401.79
201912;2019;922;Vesilahti;61;17750.15
201912;2019;924;Veteli;33;10018.08
201912;2019;925;Vieremä;83;24313.79
201912;2019;927;Vihti;1062;360888.43
201912;2019;931;Viitasaari;204;57288.67
201912;2019;934;Vimpeli;59;12382.77
201912;2019;935;Virolahti;88;23019.07
201912;2019;936;Virrat;198;56956.38
201912;2019;941;Vårdö;4;1245.2
201912;2019;946;Vöyri;153;37075.56
201912;2019;976;Ylitornio;83;24677.53
201912;2019;977;Ylivieska;701;203394.94
201912;2019;980;Ylöjärvi;884;285078.02
201912;2019;981;Ypäjä;63;17118.22
201912;2019;989;Ähtäri;183;54074.88
201912;2019;992;Äänekoski;917;264095.39
202012;2020;000;Koko maa;402559;134578666.29
202012;2020;005;Alajärvi;230;72269.22
202012;2020;009;Alavieska;57;19295.74
202012;2020;010;Alavus;343;100121.85
202012;2020;016;Asikkala;254;75406.88
202012;2020;018;Askola;94;30673.7
202012;2020;019;Aura;88;25066.13
202012;2020;020;Akaa;609;181000.1
202012;2020;035;Brändö;5;1263.22
202012;2020;043;Eckerö;12;4780.55
202012;2020;046;Enonkoski;38;9595
202012;2020;047;Enontekiö;38;13925.2
202012;2020;049;Espoo;21222;8868616
202012;2020;050;Eura;277;78297.74
202012;2020;051;Eurajoki;154;45536.4
202012;2020;052;Evijärvi;33;9529.37
202012;2020;060;Finström;40;12656.09
202012;2020;061;Forssa;1191;334009.92
202012;2020;062;Föglö;4;1536.78
202012;2020;065;Geta;11;3404.01
202012;2020;069;Haapajärvi;232;63832.48
202012;2020;071;Haapavesi;217;61704.96
202012;2020;072;Hailuoto;18;5299.12
202012;2020;074;Halsua;22;4367.68
202012;2020;075;Hamina;749;202422.21
202012;2020;076;Hammarland;32;10893.89
202012;2020;077;Hankasalmi;150;37792.81
202012;2020;078;Hanko;281;87138.32
202012;2020;079;Harjavalta;356;97940.27
202012;2020;081;Hartola;93;26032.7
202012;2020;082;Hattula;228;63577.54
202012;2020;086;Hausjärvi;174;49945.85
202012;2020;090;Heinävesi;84;24191.7
202012;2020;091;Helsinki;72052;29476563.25
202012;2020;092;Vantaa;20411;8640251.51
202012;2020;097;Hirvensalmi;49;13621.59
202012;2020;098;Hollola;645;192098.5
202012;2020;099;Honkajoki;29;8971.63
202012;2020;102;Huittinen;389;113709.45
202012;2020;103;Humppila;67;18251.71
202012;2020;105;Hyrynsalmi;29;8471.52
202012;2020;106;Hyvinkää;2780;941282.91
202012;2020;108;Hämeenkyrö;306;89598.54
202012;2020;109;Hämeenlinna;4766;1574902.83
202012;2020;111;Heinola;1061;293866.35
202012;2020;139;Ii;251;80714.83
202012;2020;140;Iisalmi;1299;360199.31
202012;2020;142;Iitti;225;66094.68
202012;2020;143;Ikaalinen;362;104797.49
202012;2020;145;Ilmajoki;322;93917.99
202012;2020;146;Ilomantsi;146;36131.65
202012;2020;148;Inari;223;67865.76
202012;2020;149;Inkoo;93;27547.91
202012;2020;151;Isojoki;36;11335.39
202012;2020;152;Isokyrö;108;33584.8
202012;2020;153;Imatra;1562;443709.19
202012;2020;165;Janakkala;533;164416.07
202012;2020;167;Joensuu;10719;3392637.06
202012;2020;169;Jokioinen;120;36406.29
202012;2020;170;Jomala;45;16842.06
202012;2020;171;Joroinen;132;37890.88
202012;2020;172;Joutsa;146;38118.6
202012;2020;176;Juuka;147;40786.11
202012;2020;177;Juupajoki;49;13181.57
202012;2020;178;Juva;132;32869.88
202012;2020;179;Jyväskylä;20158;6448430.85
202012;2020;181;Jämijärvi;31;7694.04
202012;2020;182;Jämsä;880;247924.33
202012;2020;186;Järvenpää;2725;923356.51
202012;2020;199;Tuntematon;7;-3050117.46
202012;2020;202;Kaarina;1036;324489.61
202012;2020;204;Kaavi;100;27947
202012;2020;205;Kajaani;2920;902314.09
202012;2020;208;Kalajoki;301;95124.97
202012;2020;211;Kangasala;1043;312550.88
202012;2020;213;Kangasniemi;167;49572.61
202012;2020;214;Kankaanpää;591;165206.13
202012;2020;216;Kannonkoski;25;6852.32
202012;2020;217;Kannus;166;46521.41
202012;2020;218;Karijoki;18;4863.82
202012;2020;224;Karkkila;371;113108.11
202012;2020;226;Karstula;105;29197.1
202012;2020;230;Karvia;65;15417.68
202012;2020;231;Kaskinen;21;6189.77
202012;2020;232;Kauhajoki;544;162097.11
202012;2020;233;Kauhava;372;107725.36
202012;2020;235;Kauniainen;362;157888.94
202012;2020;236;Kaustinen;138;39712.08
202012;2020;239;Keitele;52;13815.62
202012;2020;240;Kemi;1513;442230.5
202012;2020;241;Keminmaa;187;51432.57
202012;2020;244;Kempele;548;159634.16
202012;2020;245;Kerava;2662;935423.01
202012;2020;249;Keuruu;428;117478.92
202012;2020;250;Kihniö;30;8945.41
202012;2020;256;Kinnula;27;7137.63
202012;2020;257;Kirkkonummi;1639;576220.53
202012;2020;260;Kitee;346;94530.46
202012;2020;261;Kittilä;192;50415.29
202012;2020;263;Kiuruvesi;300;85820.11
202012;2020;265;Kivijärvi;28;7379.82
202012;2020;271;Kokemäki;281;79376.94
202012;2020;272;Kokkola;2442;713987.85
202012;2020;273;Kolari;80;22638.68
202012;2020;275;Konnevesi;67;20402.96
202012;2020;276;Kontiolahti;414;124039.49
202012;2020;280;Korsnäs;24;6119.54
202012;2020;284;Koski Tl;51;14930.64
202012;2020;285;Kotka;3979;1167703.02
202012;2020;286;Kouvola;4644;1432012.15
202012;2020;287;Kristiinankaupunki;117;31449.87
202012;2020;288;Kruunupyy;62;21398.23
202012;2020;290;Kuhmo;225;58252.39
202012;2020;291;Kuhmoinen;62;16117.52
202012;2020;297;Kuopio;12357;3980272.71
202012;2020;300;Kuortane;163;36197.13
202012;2020;301;Kurikka;587;163627.87
202012;2020;304;Kustavi;18;5301.85
202012;2020;305;Kuusamo;590;176056.47
202012;2020;309;Outokumpu;508;140067.46
202012;2020;312;Kyyjärvi;16;4051.63
202012;2020;316;Kärkölä;166;51414.3
202012;2020;317;Kärsämäki;73;19582.5
202012;2020;320;Kemijärvi;219;57875.31
202012;2020;322;Kemiönsaari;156;46989.22
202012;2020;398;Lahti;11510;3812979.52
202012;2020;399;Laihia;187;55766.32
202012;2020;400;Laitila;190;55431.66
202012;2020;402;Lapinlahti;387;105663.65
202012;2020;403;Lappajärvi;47;12263.98
202012;2020;405;Lappeenranta;7294;2242751.44
202012;2020;407;Lapinjärvi;70;23326.93
202012;2020;408;Lapua;463;140568.46
202012;2020;410;Laukaa;546;172272.4
202012;2020;416;Lemi;64;18169.86
202012;2020;417;Lemland;17;7286.55
202012;2020;418;Lempäälä;766;243583.2
202012;2020;420;Leppävirta;267;75886.1
202012;2020;421;Lestijärvi;16;4288.9
202012;2020;422;Lieksa;506;127274.08
202012;2020;423;Lieto;394;117050.7
202012;2020;425;Liminka;200;70884.5
202012;2020;426;Liperi;425;135771.94
202012;2020;430;Loimaa;631;173140.97
202012;2020;433;Loppi;128;38641.67
202012;2020;434;Loviisa;556;157981.07
202012;2020;435;Luhanka;5;1440.84
202012;2020;436;Lumijoki;41;15728.38
202012;2020;440;Luoto;44;15776.05
202012;2020;441;Luumäki;115;30532.09
202012;2020;444;Lohja;1991;666178.58
202012;2020;445;Parainen;332;98360.09
202012;2020;475;Maalahti;94;23483.28
202012;2020;478;Maarianhamina;413;150413.95
202012;2020;480;Marttila;48;12422.68
202012;2020;481;Masku;94;27618.44
202012;2020;483;Merijärvi;26;7772.88
202012;2020;484;Merikarvia;66;18093.19
202012;2020;489;Miehikkälä;34;9963.43
202012;2020;491;Mikkeli;3757;1200949
202012;2020;494;Muhos;315;92709.63
202012;2020;495;Multia;47;12071.71
202012;2020;498;Muonio;41;14458.57
202012;2020;499;Mustasaari;296;83856.09
202012;2020;500;Muurame;288;82765.12
202012;2020;503;Mynämäki;173;46999.26
202012;2020;504;Myrskylä;50;17289.66
202012;2020;505;Mäntsälä;530;159362.59
202012;2020;507;Mäntyharju;160;47667.11
202012;2020;508;Mänttä-Vilppula;423;119155.34
202012;2020;529;Naantali;608;178643.44
202012;2020;531;Nakkila;196;56734.93
202012;2020;535;Nivala;305;87802.32
202012;2020;536;Nokia;1483;480018.52
202012;2020;538;Nousiainen;56;15549.02
202012;2020;541;Nurmes;361;92013.82
202012;2020;543;Nurmijärvi;1442;497141.98
202012;2020;545;Närpiö;120;32961.24
202012;2020;560;Orimattila;537;167359.69
202012;2020;561;Oripää;24;6743.36
202012;2020;562;Orivesi;299;93535.88
202012;2020;563;Oulainen;309;88588.75
202012;2020;564;Oulu;23031;7381721.15
202012;2020;576;Padasjoki;54;14247.99
202012;2020;577;Paimio;338;96257.95
202012;2020;578;Paltamo;98;26188.16
202012;2020;580;Parikkala;109;26534.42
202012;2020;581;Parkano;185;57052.03
202012;2020;583;Pelkosenniemi;21;7010.23
202012;2020;584;Perho;54;17005.3
202012;2020;588;Pertunmaa;49;13842.83
202012;2020;592;Petäjävesi;99;28191.84
202012;2020;593;Pieksämäki;845;230737.33
202012;2020;595;Pielavesi;129;39628.61
202012;2020;598;Pietarsaari;890;263067.09
202012;2020;599;Pedersören kunta;90;28640.17
202012;2020;601;Pihtipudas;154;43070.56
202012;2020;604;Pirkkala;687;212330.49
202012;2020;607;Polvijärvi;129;36190.11
202012;2020;608;Pomarkku;61;18879.88
202012;2020;609;Pori;6647;2082459.57
202012;2020;611;Pornainen;64;23007.98
202012;2020;614;Posio;56;15053.3
202012;2020;615;Pudasjärvi;253;82206.5
202012;2020;616;Pukkila;42;10906.65
202012;2020;619;Punkalaidun;66;20079.96
202012;2020;620;Puolanka;71;19480.81
202012;2020;623;Puumala;42;11016.12
202012;2020;624;Pyhtää;95;27577.06
202012;2020;625;Pyhäjoki;59;18840.46
202012;2020;626;Pyhäjärvi;151;41879.01
202012;2020;630;Pyhäntä;18;4737.1
202012;2020;631;Pyhäranta;22;6305.22
202012;2020;635;Pälkäne;123;38085.49
202012;2020;636;Pöytyä;204;56031.99
202012;2020;638;Porvoo;2488;846411.86
202012;2020;678;Raahe;1086;320449.77
202012;2020;680;Raisio;1116;377656.59
202012;2020;681;Rantasalmi;77;23418.6
202012;2020;683;Ranua;95;28680.32
202012;2020;684;Rauma;2210;626389.45
202012;2020;686;Rautalampi;139;39866.31
202012;2020;687;Rautavaara;44;11409.01
202012;2020;689;Rautjärvi;88;21715.92
202012;2020;691;Reisjärvi;55;15850.93
202012;2020;694;Riihimäki;2006;655469.04
202012;2020;697;Ristijärvi;17;5235.86
202012;2020;698;Rovaniemi;6453;2062804.85
202012;2020;700;Ruokolahti;98;25731.87
202012;2020;702;Ruovesi;141;35042.01
202012;2020;704;Rusko;64;18494.33
202012;2020;707;Rääkkylä;51;13777.99
202012;2020;710;Raasepori;1173;350916.74
202012;2020;729;Saarijärvi;405;120257.56
202012;2020;732;Salla;80;19725.27
202012;2020;734;Salo;2330;652319.68
202012;2020;736;Saltvik;25;8997.61
202012;2020;738;Sauvo;39;9765.03
202012;2020;739;Savitaipale;65;17131.52
202012;2020;740;Savonlinna;2056;572861.34
202012;2020;742;Savukoski;24;4702.74
202012;2020;743;Seinäjoki;5003;1598759.06
202012;2020;746;Sievi;114;37111.14
202012;2020;747;Siikainen;28;7332.81
202012;2020;748;Siikajoki;98;29384.52
202012;2020;749;Siilinjärvi;675;206609.9
202012;2020;751;Simo;42;9788.09
202012;2020;753;Sipoo;635;212691.98
202012;2020;755;Siuntio;138;41228.3
202012;2020;758;Sodankylä;181;51341.94
202012;2020;759;Soini;31;9830.21
202012;2020;761;Somero;239;71619.84
202012;2020;762;Sonkajärvi;104;27264.6
202012;2020;765;Sotkamo;410;115395.55
202012;2020;768;Sulkava;76;17879.64
202012;2020;771;Sund;10;3871.81
202012;2020;777;Suomussalmi;176;54125.82
202012;2020;778;Suonenjoki;273;79307.3
202012;2020;781;Sysmä;103;29933.91
202012;2020;783;Säkylä;159;43405.12
202012;2020;785;Vaala;81;20745.95
202012;2020;790;Sastamala;857;245620.27
202012;2020;791;Siikalatva;130;33596.58
202012;2020;831;Taipalsaari;79;21468.34
202012;2020;832;Taivalkoski;104;28687.96
202012;2020;833;Taivassalo;23;5515.98
202012;2020;834;Tammela;180;55360.06
202012;2020;837;Tampere;34043;10953741.25
202012;2020;844;Tervo;27;7819.87
202012;2020;845;Tervola;71;20012.06
202012;2020;846;Teuva;95;25345.35
202012;2020;848;Tohmajärvi;145;37045.55
202012;2020;849;Toholampi;72;21619.85
202012;2020;850;Toivakka;43;11550.22
202012;2020;851;Tornio;1131;344965.81
202012;2020;853;Turku;27393;8764020.61
202012;2020;854;Pello;52;15291.49
202012;2020;857;Tuusniemi;69;16920.94
202012;2020;858;Tuusula;1048;353422.11
202012;2020;859;Tyrnävä;116;44428.87
202012;2020;886;Ulvila;416;125878.87
202012;2020;887;Urjala;202;60705.14
202012;2020;889;Utajärvi;63;17003.49
202012;2020;890;Utsjoki;27;7584.24
202012;2020;892;Uurainen;77;22883.63
202012;2020;893;Uusikaarlepyy;131;40901.46
202012;2020;895;Uusikaupunki;448;121592.02
202012;2020;905;Vaasa;8613;2760415.64
202012;2020;908;Valkeakoski;956;270038.31
202012;2020;915;Varkaus;1291;366627.66
202012;2020;918;Vehmaa;54;15677
202012;2020;921;Vesanto;43;10330.71
202012;2020;922;Vesilahti;69;19260.22
202012;2020;924;Veteli;39;12512.75
202012;2020;925;Vieremä;95;26271.33
202012;2020;927;Vihti;1100;371809.51
202012;2020;931;Viitasaari;201;62804.23
202012;2020;934;Vimpeli;56;13573.42
202012;2020;935;Virolahti;96;26005.65
202012;2020;936;Virrat;193;51209.58
202012;2020;941;Vårdö;4;849.33
202012;2020;946;Vöyri;139;32855.85
202012;2020;976;Ylitornio;76;21618.91
202012;2020;977;Ylivieska;704;206611.83
202012;2020;980;Ylöjärvi;932;292996.75
202012;2020;981;Ypäjä;61;18529.66
202012;2020;989;Ähtäri;170;49549.11
202012;2020;992;Äänekoski;932;274861.2
202112;2021;000;Koko maa;391611;132179991.49
202112;2021;005;Alajärvi;213;67103.43
202112;2021;009;Alavieska;47;14877.37
202112;2021;010;Alavus;319;95850.82
202112;2021;016;Asikkala;266;75789.69
202112;2021;018;Askola;87;27534.31
202112;2021;019;Aura;84;27916.97
202112;2021;020;Akaa;592;176876.11
202112;2021;035;Brändö;5;2498.17
202112;2021;043;Eckerö;9;3519.7
202112;2021;046;Enonkoski;43;11019.55
202112;2021;047;Enontekiö;31;11292.49
202112;2021;049;Espoo;21176;9007731.64
202112;2021;050;Eura;264;73274.2
202112;2021;051;Eurajoki;130;37257.41
202112;2021;052;Evijärvi;36;10564.97
202112;2021;060;Finström;35;10683.73
202112;2021;061;Forssa;1109;316865.29
202112;2021;062;Föglö;4;1126.11
202112;2021;065;Geta;8;2357.43
202112;2021;069;Haapajärvi;212;57993.91
202112;2021;071;Haapavesi;198;57346.25
202112;2021;072;Hailuoto;14;5881.91
202112;2021;074;Halsua;20;4299.95
202112;2021;075;Hamina;709;196465.11
202112;2021;076;Hammarland;37;12487.23
202112;2021;077;Hankasalmi;130;37294.56
202112;2021;078;Hanko;269;79420.05
202112;2021;079;Harjavalta;334;96300.48
202112;2021;081;Hartola;68;19070.86
202112;2021;082;Hattula;212;57132.91
202112;2021;086;Hausjärvi;160;47978.97
202112;2021;090;Heinävesi;76;24469.76
202112;2021;091;Helsinki;69772;29045696.52
202112;2021;092;Vantaa;20462;8782060.57
202112;2021;097;Hirvensalmi;47;16038.77
202112;2021;098;Hollola;600;177895.91
202112;2021;102;Huittinen;342;100787.1
202112;2021;103;Humppila;53;16222.89
202112;2021;105;Hyrynsalmi;35;8831.72
202112;2021;106;Hyvinkää;2746;927850.04
202112;2021;108;Hämeenkyrö;306;87437.98
202112;2021;109;Hämeenlinna;4640;1527041.63
202112;2021;111;Heinola;996;271128.79
202112;2021;139;Ii;239;74989.66
202112;2021;140;Iisalmi;1174;334329.1
202112;2021;142;Iitti;214;62691.67
202112;2021;143;Ikaalinen;359;107083.88
202112;2021;145;Ilmajoki;338;97663.36
202112;2021;146;Ilomantsi;124;34295.39
202112;2021;148;Inari;170;47945.56
202112;2021;149;Inkoo;77;22750.98
202112;2021;151;Isojoki;34;8871.8
202112;2021;152;Isokyrö;111;32103.33
202112;2021;153;Imatra;1419;417846.15
202112;2021;165;Janakkala;550;160072.78
202112;2021;167;Joensuu;10445;3314206.8
202112;2021;169;Jokioinen;114;33333.59
202112;2021;170;Jomala;40;12900.16
202112;2021;171;Joroinen;121;34573.16
202112;2021;172;Joutsa;121;31795.22
202112;2021;176;Juuka;144;36267.83
202112;2021;177;Juupajoki;44;11977.84
202112;2021;178;Juva;120;29106.22
202112;2021;179;Jyväskylä;19728;6414491.87
202112;2021;181;Jämijärvi;24;6766.86
202112;2021;182;Jämsä;847;246078.07
202112;2021;186;Järvenpää;2724;941727.34
202112;2021;199;Tuntematon;6;-3258861.73
202112;2021;202;Kaarina;972;305648.25
202112;2021;204;Kaavi;97;28420.13
202112;2021;205;Kajaani;2882;903274.8
202112;2021;208;Kalajoki;302;88234.32
202112;2021;211;Kangasala;1058;308579.54
202112;2021;213;Kangasniemi;147;43747.14
202112;2021;214;Kankaanpää;583;160436.61
202112;2021;216;Kannonkoski;26;6653.35
202112;2021;217;Kannus;146;39711.43
202112;2021;218;Karijoki;14;4815.46
202112;2021;224;Karkkila;347;104566.62
202112;2021;226;Karstula;93;26860.42
202112;2021;230;Karvia;64;16338.47
202112;2021;231;Kaskinen;30;7137.72
202112;2021;232;Kauhajoki;530;164565.92
202112;2021;233;Kauhava;317;96440.18
202112;2021;235;Kauniainen;394;181183.94
202112;2021;236;Kaustinen;140;39442.13
202112;2021;239;Keitele;44;11965.88
202112;2021;240;Kemi;1382;400438.48
202112;2021;241;Keminmaa;165;44435.16
202112;2021;244;Kempele;513;150041.16
202112;2021;245;Kerava;2518;899504.15
202112;2021;249;Keuruu;395;116719.59
202112;2021;250;Kihniö;35;9937.88
202112;2021;256;Kinnula;30;8376.32
202112;2021;257;Kirkkonummi;1632;566991.54
202112;2021;260;Kitee;342;101209.38
202112;2021;261;Kittilä;151;39617.08
202112;2021;263;Kiuruvesi;285;82484.24
202112;2021;265;Kivijärvi;25;6213.28
202112;2021;271;Kokemäki;282;76710.52
202112;2021;272;Kokkola;2402;708043.17
202112;2021;273;Kolari;71;21124.92
202112;2021;275;Konnevesi;74;23167.74
202112;2021;276;Kontiolahti;395;123860.07
202112;2021;280;Korsnäs;24;7643.29
202112;2021;284;Koski Tl;48;14230.12
202112;2021;285;Kotka;3879;1143777.17
202112;2021;286;Kouvola;4479;1408596.76
202112;2021;287;Kristiinankaupunki;114;31827.34
202112;2021;288;Kruunupyy;64;19815.19
202112;2021;290;Kuhmo;209;55686.37
202112;2021;291;Kuhmoinen;50;12735.07
202112;2021;297;Kuopio;12113;3940437.45
202112;2021;300;Kuortane;175;39902.9
202112;2021;301;Kurikka;575;158873.01
202112;2021;304;Kustavi;17;3510.24
202112;2021;305;Kuusamo;564;166427.51
202112;2021;309;Outokumpu;497;138774.17
202112;2021;312;Kyyjärvi;14;3752.43
202112;2021;316;Kärkölä;147;45517.32
202112;2021;317;Kärsämäki;68;20122.22
202112;2021;320;Kemijärvi;215;57185.57
202112;2021;322;Kemiönsaari;159;45336.07
202112;2021;398;Lahti;10994;3699041.79
202112;2021;399;Laihia;178;50938.66
202112;2021;400;Laitila;179;55503.2
202112;2021;402;Lapinlahti;354;96308
202112;2021;403;Lappajärvi;42;12892.74
202112;2021;405;Lappeenranta;7017;2192504.58
202112;2021;407;Lapinjärvi;76;24231.13
202112;2021;408;Lapua;458;134539.5
202112;2021;410;Laukaa;527;161666.15
202112;2021;416;Lemi;55;16074.49
202112;2021;417;Lemland;24;8602.6
202112;2021;418;Lempäälä;746;232668.71
202112;2021;420;Leppävirta;276;76460.49
202112;2021;421;Lestijärvi;16;5697.96
202112;2021;422;Lieksa;464;120165.71
202112;2021;423;Lieto;373;115850.96
202112;2021;425;Liminka;188;60824.64
202112;2021;426;Liperi;411;124098.23
202112;2021;430;Loimaa;607;173205.73
202112;2021;433;Loppi;117;33836.87
202112;2021;434;Loviisa;523;150712.33
202112;2021;435;Luhanka;7;1944.7
202112;2021;436;Lumijoki;40;14929.13
202112;2021;440;Luoto;40;15941.05
202112;2021;441;Luumäki;118;31783
202112;2021;444;Lohja;1950;663459.48
202112;2021;445;Parainen;312;91560.52
202112;2021;475;Maalahti;95;23077.24
202112;2021;478;Maarianhamina;364;126975.62
202112;2021;480;Marttila;47;13314.36
202112;2021;481;Masku;85;23758.42
202112;2021;483;Merijärvi;22;7645.2
202112;2021;484;Merikarvia;59;18033.4
202112;2021;489;Miehikkälä;28;7681.87
202112;2021;491;Mikkeli;3515;1140828.37
202112;2021;494;Muhos;285;83169.67
202112;2021;495;Multia;43;10423.86
202112;2021;498;Muonio;41;10879.26
202112;2021;499;Mustasaari;259;78992.14
202112;2021;500;Muurame;268;80298.81
202112;2021;503;Mynämäki;148;41153.52
202112;2021;504;Myrskylä;46;16206.09
202112;2021;505;Mäntsälä;492;149434.52
202112;2021;507;Mäntyharju;157;43675.17
202112;2021;508;Mänttä-Vilppula;426;119614.52
202112;2021;529;Naantali;556;164655.26
202112;2021;531;Nakkila;178;51956.46
202112;2021;535;Nivala;299;85059.61
202112;2021;536;Nokia;1524;493440.11
202112;2021;538;Nousiainen;52;15966.26
202112;2021;541;Nurmes;348;91780.83
202112;2021;543;Nurmijärvi;1351;466787.17
202112;2021;545;Närpiö;101;27458.52
202112;2021;560;Orimattila;522;168652.24
202112;2021;561;Oripää;24;6154.85
202112;2021;562;Orivesi;298;81939.45
202112;2021;563;Oulainen;293;85961.67
202112;2021;564;Oulu;23013;7331216.86
202112;2021;576;Padasjoki;63;16662.21
202112;2021;577;Paimio;307;85807.88
202112;2021;578;Paltamo;93;23817.17
202112;2021;580;Parikkala;107;25614.97
202112;2021;581;Parkano;176;51404.23
202112;2021;583;Pelkosenniemi;19;6832.09
202112;2021;584;Perho;53;16657.64
202112;2021;588;Pertunmaa;45;11111.19
202112;2021;592;Petäjävesi;100;28549.3
202112;2021;593;Pieksämäki;830;226439.44
202112;2021;595;Pielavesi;122;36456.05
202112;2021;598;Pietarsaari;847;260312.34
202112;2021;599;Pedersören kunta;88;30492.77
202112;2021;601;Pihtipudas;134;35021.31
202112;2021;604;Pirkkala;683;215977.84
202112;2021;607;Polvijärvi;127;35425.1
202112;2021;608;Pomarkku;55;16615.76
202112;2021;609;Pori;6417;2018480.35
202112;2021;611;Pornainen;71;25251.69
202112;2021;614;Posio;46;12163.04
202112;2021;615;Pudasjärvi;231;70335.18
202112;2021;616;Pukkila;33;10534.66
202112;2021;619;Punkalaidun;62;23474.53
202112;2021;620;Puolanka;69;19411.1
202112;2021;623;Puumala;45;11468.64
202112;2021;624;Pyhtää;93;28550.6
202112;2021;625;Pyhäjoki;57;16977.54
202112;2021;626;Pyhäjärvi;153;41455
202112;2021;630;Pyhäntä;19;5932.54
202112;2021;631;Pyhäranta;26;6913.87
202112;2021;635;Pälkäne;132;42197.6
202112;2021;636;Pöytyä;174;51294.11
202112;2021;638;Porvoo;2384;818208.36
202112;2021;678;Raahe;1065;308992.89
202112;2021;680;Raisio;1061;363351.27
202112;2021;681;Rantasalmi;82;23081.99
202112;2021;683;Ranua;98;27784.1
202112;2021;684;Rauma;2081;596685.66
202112;2021;686;Rautalampi;118;37331.59
202112;2021;687;Rautavaara;43;10807.81
202112;2021;689;Rautjärvi;92;23980.57
202112;2021;691;Reisjärvi;55;17196.21
202112;2021;694;Riihimäki;1928;636410.59
202112;2021;697;Ristijärvi;16;3616.26
202112;2021;698;Rovaniemi;6284;2016133.88
202112;2021;700;Ruokolahti;102;29208.16
202112;2021;702;Ruovesi;121;30876.53
202112;2021;704;Rusko;48;15353.86
202112;2021;707;Rääkkylä;50;13871.26
202112;2021;710;Raasepori;1125;341654.54
202112;2021;729;Saarijärvi;400;111527.82
202112;2021;732;Salla;73;18438.15
202112;2021;734;Salo;2110;614023.04
202112;2021;736;Saltvik;20;6246.01
202112;2021;738;Sauvo;40;13626.74
202112;2021;739;Savitaipale;68;20150.13
202112;2021;740;Savonlinna;2112;588474.42
202112;2021;742;Savukoski;19;4457.76
202112;2021;743;Seinäjoki;4954;1586735.44
202112;2021;746;Sievi;101;33754.81
202112;2021;747;Siikainen;24;6225.38
202112;2021;748;Siikajoki;112;34873.36
202112;2021;749;Siilinjärvi;638;197679.71
202112;2021;751;Simo;36;9454.17
202112;2021;753;Sipoo;639;220656.37
202112;2021;755;Siuntio;132;46010.72
202112;2021;758;Sodankylä;188;51056.99
202112;2021;759;Soini;32;8809.81
202112;2021;761;Somero;223;66467.74
202112;2021;762;Sonkajärvi;109;28647.78
202112;2021;765;Sotkamo;418;114595.27
202112;2021;766;Sottunga;4;1071.36
202112;2021;768;Sulkava;58;16933.54
202112;2021;771;Sund;7;2531.97
202112;2021;777;Suomussalmi;185;54155.91
202112;2021;778;Suonenjoki;245;73635.42
202112;2021;781;Sysmä;93;24661.44
202112;2021;783;Säkylä;145;42427.79
202112;2021;785;Vaala;62;17166.73
202112;2021;790;Sastamala;842;248237.97
202112;2021;791;Siikalatva;116;31640.45
202112;2021;831;Taipalsaari;71;18744.82
202112;2021;832;Taivalkoski;109;31231.39
202112;2021;833;Taivassalo;25;7310.79
202112;2021;834;Tammela;184;54455.45
202112;2021;837;Tampere;33350;10801438.8
202112;2021;844;Tervo;21;5926.37
202112;2021;845;Tervola;59;19198.91
202112;2021;846;Teuva;101;27493.23
202112;2021;848;Tohmajärvi;132;37868.8
202112;2021;849;Toholampi;67;20222.07
202112;2021;850;Toivakka;47;13905.43
202112;2021;851;Tornio;1070;315660.37
202112;2021;853;Turku;26752;8627792.65
202112;2021;854;Pello;50;13449.95
202112;2021;857;Tuusniemi;62;15504.85
202112;2021;858;Tuusula;1054;370898.21
202112;2021;859;Tyrnävä;116;40321.9
202112;2021;886;Ulvila;392;116970.97
202112;2021;887;Urjala;185;57048.23
202112;2021;889;Utajärvi;64;18229.95
202112;2021;890;Utsjoki;29;7843.21
202112;2021;892;Uurainen;65;19822.29
202112;2021;893;Uusikaarlepyy;130;39882.64
202112;2021;895;Uusikaupunki;444;121818.93
202112;2021;905;Vaasa;8338;2690408.07
202112;2021;908;Valkeakoski;882;256191.48
202112;2021;915;Varkaus;1203;341680.74
202112;2021;918;Vehmaa;43;13352.98
202112;2021;921;Vesanto;49;11748.27
202112;2021;922;Vesilahti;56;14871.55
202112;2021;924;Veteli;34;12521.73
202112;2021;925;Vieremä;85;24179
202112;2021;927;Vihti;1019;348899.24
202112;2021;931;Viitasaari;201;58728.37
202112;2021;934;Vimpeli;43;10660.61
202112;2021;935;Virolahti;86;22998.48
202112;2021;936;Virrat;195;52526.21
202112;2021;941;Vårdö;4;1242.85
202112;2021;946;Vöyri;139;32415.95
202112;2021;976;Ylitornio;68;18767.56
202112;2021;977;Ylivieska;699;210740.16
202112;2021;980;Ylöjärvi;857;274325.2
202112;2021;981;Ypäjä;55;16251.56
202112;2021;989;Ähtäri;162;47842.22
202112;2021;992;Äänekoski;871;251080.56
202212;2022;000;Koko maa;382232;131929660.08
202212;2022;005;Alajärvi;193;64638.83
202212;2022;009;Alavieska;58;17332.23
202212;2022;010;Alavus;320;95608.34
202212;2022;016;Asikkala;239;76981.72
202212;2022;018;Askola;73;25146.52
202212;2022;019;Aura;86;26247.62
202212;2022;020;Akaa;538;160679.1
202212;2022;035;Brändö;4;1694.65
202212;2022;043;Eckerö;9;2660.52
202212;2022;046;Enonkoski;39;10057.05
202212;2022;047;Enontekiö;46;13508.1
202212;2022;049;Espoo;21093;9231703.04
202212;2022;050;Eura;232;66786.51
202212;2022;051;Eurajoki;130;37668.21
202212;2022;052;Evijärvi;28;8050.48
202212;2022;060;Finström;32;10812.73
202212;2022;061;Forssa;1051;305056.68
202212;2022;062;Föglö;4;1330.59
202212;2022;065;Geta;6;2372.97
202212;2022;069;Haapajärvi;195;54710.92
202212;2022;071;Haapavesi;184;53875.34
202212;2022;072;Hailuoto;20;5315.1
202212;2022;074;Halsua;20;6556.3
202212;2022;075;Hamina;687;198283.15
202212;2022;076;Hammarland;24;9588.07
202212;2022;077;Hankasalmi;134;34650.55
202212;2022;078;Hanko;244;69304.77
202212;2022;079;Harjavalta;313;91644.92
202212;2022;081;Hartola;75;20079.41
202212;2022;082;Hattula;204;55975.68
202212;2022;086;Hausjärvi;156;45787.44
202212;2022;090;Heinävesi;63;18123.48
202212;2022;091;Helsinki;67929;29217451.8
202212;2022;092;Vantaa;19838;8740630.3
202212;2022;097;Hirvensalmi;36;12040.88
202212;2022;098;Hollola;589;179848.06
202212;2022;102;Huittinen;335;96707.89
202212;2022;103;Humppila;58;16438.62
202212;2022;105;Hyrynsalmi;34;8899.69
202212;2022;106;Hyvinkää;2580;899805.96
202212;2022;108;Hämeenkyrö;307;87294.24
202212;2022;109;Hämeenlinna;4483;1506661.01
202212;2022;111;Heinola;971;272244.13
202212;2022;139;Ii;242;74655.42
202212;2022;140;Iisalmi;1156;335179.34
202212;2022;142;Iitti;186;58680.73
202212;2022;143;Ikaalinen;338;97870.11
202212;2022;145;Ilmajoki;315;100954.66
202212;2022;146;Ilomantsi;120;32515.43
202212;2022;148;Inari;147;45402.6
202212;2022;149;Inkoo;82;23819.33
202212;2022;151;Isojoki;29;7755.86
202212;2022;152;Isokyrö;110;33416.69
202212;2022;153;Imatra;1334;397943.59
202212;2022;165;Janakkala;509;152065.48
202212;2022;167;Joensuu;10174;3282373.56
202212;2022;169;Jokioinen;125;37495.82
202212;2022;170;Jomala;35;11484.28
202212;2022;171;Joroinen;96;28847.07
202212;2022;172;Joutsa;113;32547.34
202212;2022;176;Juuka;134;36161.22
202212;2022;177;Juupajoki;36;9547.75
202212;2022;178;Juva;96;24275.92
202212;2022;179;Jyväskylä;19703;6531908.2
202212;2022;181;Jämijärvi;32;8291.65
202212;2022;182;Jämsä;785;225616.16
202212;2022;186;Järvenpää;2594;927816.26
202212;2022;199;Tuntematon;9;-3359280.8
202212;2022;202;Kaarina;922;301455.22
202212;2022;204;Kaavi;97;26698.18
202212;2022;205;Kajaani;2732;882999.84
202212;2022;208;Kalajoki;306;88864.52
202212;2022;211;Kangasala;997;308255.23
202212;2022;213;Kangasniemi;141;38481.76
202212;2022;214;Kankaanpää;559;155147.84
202212;2022;216;Kannonkoski;19;6096
202212;2022;217;Kannus;160;42392.17
202212;2022;218;Karijoki;17;5123.81
202212;2022;224;Karkkila;310;96036.03
202212;2022;226;Karstula;70;20742.67
202212;2022;230;Karvia;60;16002.25
202212;2022;231;Kaskinen;23;6073.41
202212;2022;232;Kauhajoki;495;150873.74
202212;2022;233;Kauhava;314;94033.57
202212;2022;235;Kauniainen;360;161537.91
202212;2022;236;Kaustinen;149;44025.44
202212;2022;239;Keitele;42;10721.12
202212;2022;240;Kemi;1216;374487.54
202212;2022;241;Keminmaa;142;39255.28
202212;2022;244;Kempele;524;161228.78
202212;2022;245;Kerava;2476;890812.43
202212;2022;249;Keuruu;364;103719.72
202212;2022;250;Kihniö;38;8533.36
202212;2022;256;Kinnula;28;7320.41
202212;2022;257;Kirkkonummi;1597;595063.62
202212;2022;260;Kitee;319;92828.84
202212;2022;261;Kittilä;136;39714.01
202212;2022;263;Kiuruvesi;290;82209.4
202212;2022;265;Kivijärvi;26;7244.03
202212;2022;271;Kokemäki;262;75809.99
202212;2022;272;Kokkola;2347;701057.94
202212;2022;273;Kolari;73;20578.37
202212;2022;275;Konnevesi;65;20227.87
202212;2022;276;Kontiolahti;407;128244.67
202212;2022;280;Korsnäs;22;7369.04
202212;2022;284;Koski Tl;43;12473.87
202212;2022;285;Kotka;3667;1094971.73
202212;2022;286;Kouvola;4275;1382189.8
202212;2022;287;Kristiinankaupunki;100;27184.68
202212;2022;288;Kruunupyy;66;21176.69
202212;2022;290;Kuhmo;220;54790.15
202212;2022;291;Kuhmoinen;57;13024.08
202212;2022;297;Kuopio;12053;3998655.51
202212;2022;300;Kuortane;184;42136.43
202212;2022;301;Kurikka;543;161320.97
202212;2022;304;Kustavi;15;3641.78
202212;2022;305;Kuusamo;563;164222.2
202212;2022;309;Outokumpu;468;133073.19
202212;2022;312;Kyyjärvi;18;5312.92
202212;2022;316;Kärkölä;155;52256.91
202212;2022;317;Kärsämäki;63;17809.55
202212;2022;320;Kemijärvi;199;56795.67
202212;2022;322;Kemiönsaari;141;39028.1
202212;2022;398;Lahti;10699;3669260.29
202212;2022;399;Laihia;168;50276.91
202212;2022;400;Laitila;179;55174.42
202212;2022;402;Lapinlahti;346;97404.87
202212;2022;403;Lappajärvi;33;9756.2
202212;2022;405;Lappeenranta;6734;2177400.36
202212;2022;407;Lapinjärvi;67;21030.11
202212;2022;408;Lapua;419;123013.5
202212;2022;410;Laukaa;494;150463.62
202212;2022;416;Lemi;48;14111.2
202212;2022;417;Lemland;15;5320.66
202212;2022;418;Lempäälä;781;254223.69
202212;2022;420;Leppävirta;236;67149.51
202212;2022;421;Lestijärvi;13;2987.35
202212;2022;422;Lieksa;436;115612.5
202212;2022;423;Lieto;372;117190.19
202212;2022;425;Liminka;176;62239.25
202212;2022;426;Liperi;380;112695.33
202212;2022;430;Loimaa;573;157800.6
202212;2022;433;Loppi;115;42717.1
202212;2022;434;Loviisa;479;145287.12
202212;2022;435;Luhanka;6;1694.45
202212;2022;436;Lumijoki;32;11980.42
202212;2022;440;Luoto;48;14893.64
202212;2022;441;Luumäki;118;31872.86
202212;2022;444;Lohja;1873;663452.82
202212;2022;445;Parainen;307;93045.43
202212;2022;475;Maalahti;81;23438.15
202212;2022;478;Maarianhamina;363;128323.07
202212;2022;480;Marttila;52;15597.48
202212;2022;481;Masku;92;24132.47
202212;2022;483;Merijärvi;22;7489.29
202212;2022;484;Merikarvia;49;13693.94
202212;2022;489;Miehikkälä;29;9169.78
202212;2022;491;Mikkeli;3411;1124632.31
202212;2022;494;Muhos;282;84490.04
202212;2022;495;Multia;44;11884.58
202212;2022;498;Muonio;44;12525.52
202212;2022;499;Mustasaari;251;75296.93
202212;2022;500;Muurame;251;76378.45
202212;2022;503;Mynämäki;156;42774
202212;2022;504;Myrskylä;40;13353.04
202212;2022;505;Mäntsälä;495;156963.71
202212;2022;507;Mäntyharju;158;46451.39
202212;2022;508;Mänttä-Vilppula;395;111027.81
202212;2022;529;Naantali;521;155055.56
202212;2022;531;Nakkila;176;49939.3
202212;2022;535;Nivala;273;80270.5
202212;2022;536;Nokia;1467;500588.57
202212;2022;538;Nousiainen;60;17069.65
202212;2022;541;Nurmes;325;87175.88
202212;2022;543;Nurmijärvi;1322;481405.47
202212;2022;545;Närpiö;109;31251.45
202212;2022;560;Orimattila;490;155500.63
202212;2022;561;Oripää;24;6234.13
202212;2022;562;Orivesi;278;79701.45
202212;2022;563;Oulainen;306;86774.78
202212;2022;564;Oulu;23055;7451673.25
202212;2022;576;Padasjoki;57;16039.16
202212;2022;577;Paimio;286;85325.08
202212;2022;578;Paltamo;80;21282.76
202212;2022;580;Parikkala;94;22577.39
202212;2022;581;Parkano;190;58176.8
202212;2022;583;Pelkosenniemi;12;4493.65
202212;2022;584;Perho;46;15297.46
202212;2022;588;Pertunmaa;42;11249.55
202212;2022;592;Petäjävesi;97;29741.66
202212;2022;593;Pieksämäki;769;214786.32
202212;2022;595;Pielavesi;112;38513.36
202212;2022;598;Pietarsaari;817;253857.04
202212;2022;599;Pedersören kunta;88;29742.48
202212;2022;601;Pihtipudas;138;34994.91
202212;2022;604;Pirkkala;637;198875.33
202212;2022;607;Polvijärvi;123;35243.59
202212;2022;608;Pomarkku;48;13806.7
202212;2022;609;Pori;6235;1987599.59
202212;2022;611;Pornainen;66;23290.16
202212;2022;614;Posio;47;10267.45
202212;2022;615;Pudasjärvi;237;72197.14
202212;2022;616;Pukkila;38;9874.9
202212;2022;619;Punkalaidun;68;20223.34
202212;2022;620;Puolanka;74;18837.91
202212;2022;623;Puumala;36;8952.05
202212;2022;624;Pyhtää;93;26973.17
202212;2022;625;Pyhäjoki;57;17074.62
202212;2022;626;Pyhäjärvi;135;38550.07
202212;2022;630;Pyhäntä;21;5596.34
202212;2022;631;Pyhäranta;27;7108.57
202212;2022;635;Pälkäne;126;39354.32
202212;2022;636;Pöytyä;170;49947.3
202212;2022;638;Porvoo;2280;803819.98
202212;2022;678;Raahe;1070;310124.82
202212;2022;680;Raisio;981;335923.12
202212;2022;681;Rantasalmi;92;24500.37
202212;2022;683;Ranua;99;27952.68
202212;2022;684;Rauma;2075;591213.1
202212;2022;686;Rautalampi;121;36236.55
202212;2022;687;Rautavaara;40;11940
202212;2022;689;Rautjärvi;94;27176.11
202212;2022;691;Reisjärvi;57;17281.2
202212;2022;694;Riihimäki;1830;624362.85
202212;2022;697;Ristijärvi;13;2985.43
202212;2022;698;Rovaniemi;5934;1902710.55
202212;2022;700;Ruokolahti;86;23787.51
202212;2022;702;Ruovesi;127;32277.27
202212;2022;704;Rusko;56;20451.97
202212;2022;707;Rääkkylä;47;12825.65
202212;2022;710;Raasepori;1025;322040.37
202212;2022;729;Saarijärvi;368;108936.43
202212;2022;732;Salla;70;16123.54
202212;2022;734;Salo;1979;583305.07
202212;2022;736;Saltvik;21;6910.18
202212;2022;738;Sauvo;50;12051.38
202212;2022;739;Savitaipale;80;20720.88
202212;2022;740;Savonlinna;2069;593068.95
202212;2022;742;Savukoski;21;4942.98
202212;2022;743;Seinäjoki;4770;1560596.13
202212;2022;746;Sievi;115;37164.78
202212;2022;747;Siikainen;19;4442.98
202212;2022;748;Siikajoki;96;28373.84
202212;2022;749;Siilinjärvi;611;192257.48
202212;2022;751;Simo;39;10599.97
202212;2022;753;Sipoo;639;221641.89
202212;2022;755;Siuntio;114;38786.66
202212;2022;758;Sodankylä;187;52977.82
202212;2022;759;Soini;37;10430.76
202212;2022;761;Somero;227;63572.96
202212;2022;762;Sonkajärvi;97;25359.88
202212;2022;765;Sotkamo;367;103821.78
202212;2022;768;Sulkava;56;14088.24
202212;2022;771;Sund;10;2485.32
202212;2022;777;Suomussalmi;165;48892.73
202212;2022;778;Suonenjoki;206;59626.97
202212;2022;781;Sysmä;72;18025.39
202212;2022;783;Säkylä;132;37552.31
202212;2022;785;Vaala;60;18123.92
202212;2022;790;Sastamala;776;231242.2
202212;2022;791;Siikalatva;104;28779.35
202212;2022;831;Taipalsaari;67;20187.49
202212;2022;832;Taivalkoski;105;31735.23
202212;2022;833;Taivassalo;33;8545.97
202212;2022;834;Tammela;174;54890.67
202212;2022;837;Tampere;32780;10859270.66
202212;2022;844;Tervo;24;6423.09
202212;2022;845;Tervola;48;14390.25
202212;2022;846;Teuva;97;29062.46
202212;2022;848;Tohmajärvi;116;35452.54
202212;2022;849;Toholampi;83;23599.87
202212;2022;850;Toivakka;41;13052.17
202212;2022;851;Tornio;981;297620.43
202212;2022;853;Turku;26807;8763381.78
202212;2022;854;Pello;48;13201.52
202212;2022;857;Tuusniemi;67;18959.07
202212;2022;858;Tuusula;1071;400910.05
202212;2022;859;Tyrnävä;113;38240.41
202212;2022;886;Ulvila;354;109677.93
202212;2022;887;Urjala;175;54673.27
202212;2022;889;Utajärvi;60;17350.71
202212;2022;890;Utsjoki;33;10516.25
202212;2022;892;Uurainen;70;21989.43
202212;2022;893;Uusikaarlepyy;125;39874.12
202212;2022;895;Uusikaupunki;462;128477.83
202212;2022;905;Vaasa;8254;2692919.44
202212;2022;908;Valkeakoski;831;246501.16
202212;2022;915;Varkaus;1168;337593.01
202212;2022;918;Vehmaa;50;16399.4
202212;2022;921;Vesanto;45;10748.05
202212;2022;922;Vesilahti;64;19909.25
202212;2022;924;Veteli;42;10846.25
202212;2022;925;Vieremä;81;25369.4
202212;2022;927;Vihti;993;355678.08
202212;2022;931;Viitasaari;189;55062.28
202212;2022;934;Vimpeli;48;11564.1
202212;2022;935;Virolahti;80;22983.68
202212;2022;936;Virrat;173;47254.73
202212;2022;941;Vårdö;4;1108.75
202212;2022;946;Vöyri;155;30981.9
202212;2022;976;Ylitornio;63;16964.66
202212;2022;977;Ylivieska;656;199608.33
202212;2022;980;Ylöjärvi;845;268370.82
202212;2022;981;Ypäjä;51;13397.71
202212;2022;989;Ähtäri;157;45695.19
202212;2022;992;Äänekoski;836;249613.73
202312;2023;000;Koko maa;404662;149032309.89
202312;2023;005;Alajärvi;223;76087.56
202312;2023;009;Alavieska;73;23374.87
202312;2023;010;Alavus;336;109733.75
202312;2023;016;Asikkala;257;83330.94
202312;2023;018;Askola;94;34483.22
202312;2023;019;Aura;93;32273.29
202312;2023;020;Akaa;627;199030.67
202312;2023;035;Brändö;4;1710.05
202312;2023;043;Eckerö;9;3211.41
202312;2023;046;Enonkoski;33;8928.27
202312;2023;047;Enontekiö;34;12916.28
202312;2023;049;Espoo;23285;10664685.95
202312;2023;050;Eura;249;72439.9
202312;2023;051;Eurajoki;164;52323.8
202312;2023;052;Evijärvi;32;10033.25
202312;2023;060;Finström;42;13585.98
202312;2023;061;Forssa;1094;340487.74
202312;2023;062;Föglö;5;1823.1
202312;2023;065;Geta;10;3769.2
202312;2023;069;Haapajärvi;206;61850.6
202312;2023;071;Haapavesi;190;57312.55
202312;2023;072;Hailuoto;16;5429.28
202312;2023;074;Halsua;14;3378.31
202312;2023;075;Hamina;740;232734.85
202312;2023;076;Hammarland;35;14198.47
202312;2023;077;Hankasalmi;131;37919.13
202312;2023;078;Hanko;264;82008.13
202312;2023;079;Harjavalta;309;96070.14
202312;2023;081;Hartola;78;21053.72
202312;2023;082;Hattula;196;57939.71
202312;2023;086;Hausjärvi;167;52058.44
202312;2023;090;Heinävesi;76;22148.51
202312;2023;091;Helsinki;73019;32862639.09
202312;2023;092;Vantaa;21412;9968196.52
202312;2023;097;Hirvensalmi;42;13959.85
202312;2023;098;Hollola;637;214694.02
202312;2023;102;Huittinen;325;100965.6
202312;2023;103;Humppila;55;17685.54
202312;2023;105;Hyrynsalmi;34;9505.1
202312;2023;106;Hyvinkää;2698;999500.89
202312;2023;108;Hämeenkyrö;330;104744.55
202312;2023;109;Hämeenlinna;4574;1622537.41
202312;2023;111;Heinola;976;296800.46
202312;2023;139;Ii;261;94352.63
202312;2023;140;Iisalmi;1162;354243.45
202312;2023;142;Iitti;205;65249.72
202312;2023;143;Ikaalinen;361;113490.41
202312;2023;145;Ilmajoki;343;106149.61
202312;2023;146;Ilomantsi;131;34744.42
202312;2023;148;Inari;158;44503.21
202312;2023;149;Inkoo;90;28868.08
202312;2023;151;Isojoki;30;7254.83
202312;2023;152;Isokyrö;117;37273.31
202312;2023;153;Imatra;1395;442455.46
202312;2023;165;Janakkala;512;173096.63
202312;2023;167;Joensuu;10474;3564473.68
202312;2023;169;Jokioinen;107;35262.34
202312;2023;170;Jomala;40;15754.39
202312;2023;171;Joroinen;124;39503.42
202312;2023;172;Joutsa;120;35315.5
202312;2023;176;Juuka;130;39909.49
202312;2023;177;Juupajoki;38;12479.54
202312;2023;178;Juva;113;36608.34
202312;2023;179;Jyväskylä;20492;7146853.37
202312;2023;181;Jämijärvi;35;10402.41
202312;2023;182;Jämsä;835;256104.1
202312;2023;186;Järvenpää;2986;1126442.33
202312;2023;199;Tuntematon;5;-3081736.34
202312;2023;202;Kaarina;1042;354249.61
202312;2023;204;Kaavi;82;25853.99
202312;2023;205;Kajaani;2732;945947.77
202312;2023;208;Kalajoki;339;110058.5
202312;2023;211;Kangasala;1141;369146.44
202312;2023;213;Kangasniemi;150;46511
202312;2023;214;Kankaanpää;573;165550.24
202312;2023;216;Kannonkoski;27;7767.35
202312;2023;217;Kannus;154;42503.55
202312;2023;218;Karijoki;23;6960.16
202312;2023;224;Karkkila;353;118524.83
202312;2023;226;Karstula;97;30738.11
202312;2023;230;Karvia;52;15983.55
202312;2023;231;Kaskinen;21;5762.22
202312;2023;232;Kauhajoki;517;194461.78
202312;2023;233;Kauhava;410;134813.75
202312;2023;235;Kauniainen;359;171864.12
202312;2023;236;Kaustinen;154;43828.87
202312;2023;239;Keitele;33;11315.54
202312;2023;240;Kemi;1204;382336.17
202312;2023;241;Keminmaa;149;44637.33
202312;2023;244;Kempele;577;193508.19
202312;2023;245;Kerava;2718;1045222.31
202312;2023;249;Keuruu;428;126351.96
202312;2023;250;Kihniö;34;9638.32
202312;2023;256;Kinnula;30;9290.53
202312;2023;257;Kirkkonummi;1782;690333.76
202312;2023;260;Kitee;339;102944.07
202312;2023;261;Kittilä;155;48562.78
202312;2023;263;Kiuruvesi;291;82635.43
202312;2023;265;Kivijärvi;24;6975.26
202312;2023;271;Kokemäki;285;84917.06
202312;2023;272;Kokkola;2454;786456.98
202312;2023;273;Kolari;76;24350.32
202312;2023;275;Konnevesi;72;23330.9
202312;2023;276;Kontiolahti;425;143394.54
202312;2023;280;Korsnäs;19;6072.54
202312;2023;284;Koski Tl;42;13984.79
202312;2023;285;Kotka;3791;1222288.65
202312;2023;286;Kouvola;4391;1487508.42
202312;2023;287;Kristiinankaupunki;110;33738.83
202312;2023;288;Kruunupyy;69;23419.62
202312;2023;290;Kuhmo;210;57613.72
202312;2023;291;Kuhmoinen;63;18062.09
202312;2023;297;Kuopio;12646;4437748.52
202312;2023;300;Kuortane;210;47957.94
202312;2023;301;Kurikka;557;177130.65
202312;2023;304;Kustavi;12;3225.05
202312;2023;305;Kuusamo;571;180369.81
202312;2023;309;Outokumpu;466;144545.62
202312;2023;312;Kyyjärvi;18;4874.46
202312;2023;316;Kärkölä;160;56063.03
202312;2023;317;Kärsämäki;71;21790.31
202312;2023;320;Kemijärvi;218;72160.41
202312;2023;322;Kemiönsaari;156;51128.54
202312;2023;398;Lahti;11081;4026557.88
202312;2023;399;Laihia;166;54768.56
202312;2023;400;Laitila;222;72049.41
202312;2023;402;Lapinlahti;347;107664.07
202312;2023;403;Lappajärvi;37;12329.54
202312;2023;405;Lappeenranta;7006;2372329.18
202312;2023;407;Lapinjärvi;67;21359.2
202312;2023;408;Lapua;427;139575.21
202312;2023;410;Laukaa;553;186724.5
202312;2023;416;Lemi;51;15760.57
202312;2023;417;Lemland;28;9327.51
202312;2023;418;Lempäälä;876;305251.45
202312;2023;420;Leppävirta;235;72778.64
202312;2023;421;Lestijärvi;12;4652.09
202312;2023;422;Lieksa;425;123611.8
202312;2023;423;Lieto;381;124099.12
202312;2023;425;Liminka;207;81147.38
202312;2023;426;Liperi;421;134799.76
202312;2023;430;Loimaa;591;188523.55
202312;2023;433;Loppi;128;40534.57
202312;2023;434;Loviisa;487;160825.98
202312;2023;435;Luhanka;9;2952.04
202312;2023;436;Lumijoki;48;19468.64
202312;2023;438;Lumparland;5;2548.18
202312;2023;440;Luoto;63;27030.79
202312;2023;441;Luumäki;110;32342.17
202312;2023;444;Lohja;1985;743402.09
202312;2023;445;Parainen;329;107969.73
202312;2023;475;Maalahti;66;20426.04
202312;2023;478;Maarianhamina;367;145392.09
202312;2023;480;Marttila;53;16748.71
202312;2023;481;Masku;95;29738.41
202312;2023;483;Merijärvi;24;11018.72
202312;2023;484;Merikarvia;53;16477.78
202312;2023;489;Miehikkälä;33;10025.51
202312;2023;491;Mikkeli;3534;1239990.44
202312;2023;494;Muhos;293;102404.08
202312;2023;495;Multia;37;10926.5
202312;2023;498;Muonio;49;13968.44
202312;2023;499;Mustasaari;312;103481.46
202312;2023;500;Muurame;266;93502.59
202312;2023;503;Mynämäki;159;48791.66
202312;2023;504;Myrskylä;41;15623.64
202312;2023;505;Mäntsälä;590;205405.25
202312;2023;507;Mäntyharju;148;47445.94
202312;2023;508;Mänttä-Vilppula;423;127738.29
202312;2023;529;Naantali;584;185968.82
202312;2023;531;Nakkila;184;56293.02
202312;2023;535;Nivala;323;110187.86
202312;2023;536;Nokia;1680;591421.28
202312;2023;538;Nousiainen;84;25724.72
202312;2023;541;Nurmes;335;98480.17
202312;2023;543;Nurmijärvi;1461;565842.55
202312;2023;545;Närpiö;119;37529.74
202312;2023;560;Orimattila;521;173498.83
202312;2023;561;Oripää;27;8241.8
202312;2023;562;Orivesi;276;89058.4
202312;2023;563;Oulainen;304;97244.7
202312;2023;564;Oulu;23954;8307241.1
202312;2023;576;Padasjoki;62;18772.63
202312;2023;577;Paimio;323;104507.65
202312;2023;578;Paltamo;70;21855.55
202312;2023;580;Parikkala;97;30454.44
202312;2023;581;Parkano;184;56408.84
202312;2023;583;Pelkosenniemi;13;3422.24
202312;2023;584;Perho;48;20616.67
202312;2023;588;Pertunmaa;37;12129.09
202312;2023;592;Petäjävesi;99;31116.54
202312;2023;593;Pieksämäki;766;223314.01
202312;2023;595;Pielavesi;119;37819.63
202312;2023;598;Pietarsaari;905;298536.14
202312;2023;599;Pedersören kunta;103;33305.68
202312;2023;601;Pihtipudas;131;35100.88
202312;2023;604;Pirkkala;777;252172.77
202312;2023;607;Polvijärvi;115;37515.71
202312;2023;608;Pomarkku;47;14757.61
202312;2023;609;Pori;6410;2159765.13
202312;2023;611;Pornainen;88;35887.25
202312;2023;614;Posio;46;11622.32
202312;2023;615;Pudasjärvi;254;90116.33
202312;2023;616;Pukkila;40;12326.84
202312;2023;619;Punkalaidun;73;22231.85
202312;2023;620;Puolanka;73;17509.11
202312;2023;623;Puumala;41;10312.56
202312;2023;624;Pyhtää;81;25985.23
202312;2023;625;Pyhäjoki;72;25126.22
202312;2023;626;Pyhäjärvi;140;43510.91
202312;2023;630;Pyhäntä;23;8702.23
202312;2023;631;Pyhäranta;31;10492.06
202312;2023;635;Pälkäne;122;47909.59
202312;2023;636;Pöytyä;190;59462.74
202312;2023;638;Porvoo;2314;872032.8
202312;2023;678;Raahe;1106;364731.15
202312;2023;680;Raisio;1012;374891.59
202312;2023;681;Rantasalmi;91;28120.38
202312;2023;683;Ranua;90;30138.23
202312;2023;684;Rauma;2170;673581.17
202312;2023;686;Rautalampi;132;41347.74
202312;2023;687;Rautavaara;36;10205.5
202312;2023;689;Rautjärvi;95;29010.73
202312;2023;691;Reisjärvi;56;19953.24
202312;2023;694;Riihimäki;1900;683609.32
202312;2023;697;Ristijärvi;13;4076.31
202312;2023;698;Rovaniemi;6022;2064083.95
202312;2023;700;Ruokolahti;101;29331.39
202312;2023;702;Ruovesi;133;34753.98
202312;2023;704;Rusko;66;21552.34
202312;2023;707;Rääkkylä;49;12709.57
202312;2023;710;Raasepori;1070;358002.03
202312;2023;729;Saarijärvi;398;125812.75
202312;2023;732;Salla;62;15578.55
202312;2023;734;Salo;2143;686801.69
202312;2023;736;Saltvik;23;8805.05
202312;2023;738;Sauvo;54;16213.55
202312;2023;739;Savitaipale;91;24513.03
202312;2023;740;Savonlinna;2130;636430.41
202312;2023;742;Savukoski;23;4878.6
202312;2023;743;Seinäjoki;5080;1740811.72
202312;2023;746;Sievi;145;53837.91
202312;2023;747;Siikainen;29;8953.42
202312;2023;748;Siikajoki;106;37465.78
202312;2023;749;Siilinjärvi;680;236423.81
202312;2023;751;Simo;42;12782.71
202312;2023;753;Sipoo;691;273610.25
202312;2023;755;Siuntio;118;42435.08
202312;2023;758;Sodankylä;172;53419.28
202312;2023;759;Soini;36;13256.83
202312;2023;761;Somero;269;84870.3
202312;2023;762;Sonkajärvi;94;28662.41
202312;2023;765;Sotkamo;413;124509.73
202312;2023;766;Sottunga;4;1582.2
202312;2023;768;Sulkava;51;18695.36
202312;2023;771;Sund;8;2963.76
202312;2023;777;Suomussalmi;146;45227.12
202312;2023;778;Suonenjoki;252;79521.9
202312;2023;781;Sysmä;79;25601.79
202312;2023;783;Säkylä;149;45072.54
202312;2023;785;Vaala;65;19979.76
202312;2023;790;Sastamala;797;251059.01
202312;2023;791;Siikalatva;108;33520.59
202312;2023;831;Taipalsaari;93;33939.94
202312;2023;832;Taivalkoski;101;32671.04
202312;2023;833;Taivassalo;29;9927.63
202312;2023;834;Tammela;180;56989.45
202312;2023;837;Tampere;35002;12326736.05
202312;2023;844;Tervo;30;9560.08
202312;2023;845;Tervola;56;19004.77
202312;2023;846;Teuva;120;35857.45
202312;2023;848;Tohmajärvi;130;38600.79
202312;2023;849;Toholampi;83;26588.82
202312;2023;850;Toivakka;41;13884.3
202312;2023;851;Tornio;954;311932.93
202312;2023;853;Turku;27974;9802029.3
202312;2023;854;Pello;55;16530.02
202312;2023;857;Tuusniemi;67;20882.56
202312;2023;858;Tuusula;1288;503196.14
202312;2023;859;Tyrnävä;148;59833.17
202312;2023;886;Ulvila;374;120641.88
202312;2023;887;Urjala;185;59724.2
202312;2023;889;Utajärvi;63;18144.37
202312;2023;890;Utsjoki;40;12394.11
202312;2023;892;Uurainen;92;35273.16
202312;2023;893;Uusikaarlepyy;153;51394.11
202312;2023;895;Uusikaupunki;484;145346.01
202312;2023;905;Vaasa;8411;2950735.95
202312;2023;908;Valkeakoski;881;272389.7
202312;2023;915;Varkaus;1157;352245
202312;2023;918;Vehmaa;48;15287.98
202312;2023;921;Vesanto;46;12575.25
202312;2023;922;Vesilahti;59;19358.95
202312;2023;924;Veteli;47;13456.69
202312;2023;925;Vieremä;86;26174.1
202312;2023;927;Vihti;1005;367881.61
202312;2023;931;Viitasaari;206;66275.18
202312;2023;934;Vimpeli;52;13983.31
202312;2023;935;Virolahti;93;29163.25
202312;2023;936;Virrat;152;44076.15
202312;2023;946;Vöyri;176;41738.94
202312;2023;976;Ylitornio;70;20760.63
202312;2023;977;Ylivieska;702;225353.41
202312;2023;980;Ylöjärvi;857;312168.51
202312;2023;981;Ypäjä;60;17791.41
202312;2023;989;Ähtäri;162;51937.83
202312;2023;992;Äänekoski;930;298432.13
202412;2024;000;Koko maa;381991;127022838.85
202412;2024;005;Alajärvi;207;61126.26
202412;2024;009;Alavieska;75;21250.8
202412;2024;010;Alavus;327;96579.15
202412;2024;016;Asikkala;247;72753.71
202412;2024;018;Askola;68;22204.25
202412;2024;019;Aura;82;25648.55
202412;2024;020;Akaa;605;169080.34
202412;2024;035;Brändö;6;1729.7
202412;2024;043;Eckerö;10;3313.97
202412;2024;046;Enonkoski;27;7372.66
202412;2024;047;Enontekiö;28;7536.14
202412;2024;049;Espoo;22594;9478625.63
202412;2024;050;Eura;249;66982.05
202412;2024;051;Eurajoki;144;42044.55
202412;2024;052;Evijärvi;26;7181.66
202412;2024;060;Finström;32;10791.05
202412;2024;061;Forssa;1038;300646.33
202412;2024;062;Föglö;5;1119.82
202412;2024;065;Geta;6;2321.77
202412;2024;069;Haapajärvi;209;55737.43
202412;2024;071;Haapavesi;175;48635.69
202412;2024;072;Hailuoto;13;4630.86
202412;2024;074;Halsua;12;2914.6
202412;2024;075;Hamina;682;198423.33
202412;2024;076;Hammarland;39;13849.93
202412;2024;077;Hankasalmi;121;29170.44
202412;2024;078;Hanko;236;70208.69
202412;2024;079;Harjavalta;288;80555.34
202412;2024;081;Hartola;71;17859.04
202412;2024;082;Hattula;180;49022.02
202412;2024;086;Hausjärvi;152;43380.95
202412;2024;090;Heinävesi;66;17531.86
202412;2024;091;Helsinki;68049;27650023.49
202412;2024;092;Vantaa;20203;8708410.56
202412;2024;097;Hirvensalmi;33;8311.25
202412;2024;098;Hollola;563;166145.87
202412;2024;102;Huittinen;308;83476.5
202412;2024;103;Humppila;46;13174.56
202412;2024;105;Hyrynsalmi;26;6655.46
202412;2024;106;Hyvinkää;2490;845678.21
202412;2024;108;Hämeenkyrö;328;92848.33
202412;2024;109;Hämeenlinna;4223;1377130.78
202412;2024;111;Heinola;948;265267.08
202412;2024;139;Ii;234;76216.8
202412;2024;140;Iisalmi;1092;309551.74
202412;2024;142;Iitti;170;48261.44
202412;2024;143;Ikaalinen;357;99547.2
202412;2024;145;Ilmajoki;311;88936.64
202412;2024;146;Ilomantsi;123;31617.07
202412;2024;148;Inari;120;33804.68
202412;2024;149;Inkoo;70;20574.86
202412;2024;151;Isojoki;25;5015.07
202412;2024;152;Isokyrö;105;28879.7
202412;2024;153;Imatra;1352;389922.21
202412;2024;165;Janakkala;493;149249.59
202412;2024;167;Joensuu;9790;3018068.76
202412;2024;169;Jokioinen;107;31915.67
202412;2024;170;Jomala;48;16871.39
202412;2024;171;Joroinen;114;33682.71
202412;2024;172;Joutsa;112;30822.28
202412;2024;176;Juuka;119;32705.41
202412;2024;177;Juupajoki;33;8809.14
202412;2024;178;Juva;108;30140.84
202412;2024;179;Jyväskylä;19742;6232740.58
202412;2024;181;Jämijärvi;29;8451.14
202412;2024;182;Jämsä;768;214374.54
202412;2024;186;Järvenpää;2861;982459.41
202412;2024;199;Tuntematon;10;-3150764.81
202412;2024;202;Kaarina;936;293403.05
202412;2024;204;Kaavi;74;20007.72
202412;2024;205;Kajaani;2439;762254.14
202412;2024;208;Kalajoki;333;98379.97
202412;2024;211;Kangasala;1194;340852.52
202412;2024;213;Kangasniemi;135;39372
202412;2024;214;Kankaanpää;586;157095.23
202412;2024;216;Kannonkoski;23;6032.65
202412;2024;217;Kannus;150;38751.74
202412;2024;218;Karijoki;24;7212.17
202412;2024;224;Karkkila;341;97469.19
202412;2024;226;Karstula;79;21412.46
202412;2024;230;Karvia;45;12419.68
202412;2024;231;Kaskinen;24;5457.27
202412;2024;232;Kauhajoki;492;146081.69
202412;2024;233;Kauhava;371;101960.39
202412;2024;235;Kauniainen;358;158784.68
202412;2024;236;Kaustinen;145;37531.48
202412;2024;239;Keitele;47;12457.36
202412;2024;240;Kemi;1253;363682.08
202412;2024;241;Keminmaa;140;40358.09
202412;2024;244;Kempele;496;150863.51
202412;2024;245;Kerava;2492;886594.77
202412;2024;249;Keuruu;381;101833.19
202412;2024;250;Kihniö;24;7238.4
202412;2024;256;Kinnula;20;5407.81
202412;2024;257;Kirkkonummi;1727;612828.64
202412;2024;260;Kitee;323;93144.58
202412;2024;261;Kittilä;126;31229.6
202412;2024;263;Kiuruvesi;257;68919.01
202412;2024;265;Kivijärvi;22;4837.74
202412;2024;271;Kokemäki;252;67177.48
202412;2024;272;Kokkola;2209;647239.61
202412;2024;273;Kolari;52;13578.26
202412;2024;275;Konnevesi;66;19861.99
202412;2024;276;Kontiolahti;380;112320.32
202412;2024;280;Korsnäs;32;9178.33
202412;2024;284;Koski Tl;50;14065.31
202412;2024;285;Kotka;3602;1042366.9
202412;2024;286;Kouvola;4108;1266683.46
202412;2024;287;Kristiinankaupunki;112;32680.87
202412;2024;288;Kruunupyy;83;23675.17
202412;2024;290;Kuhmo;186;49705.67
202412;2024;291;Kuhmoinen;61;12874.85
202412;2024;297;Kuopio;11915;3786597.68
202412;2024;300;Kuortane;209;44158.37
202412;2024;301;Kurikka;524;150042.35
202412;2024;304;Kustavi;12;2476.16
202412;2024;305;Kuusamo;489;139992.68
202412;2024;309;Outokumpu;477;142904.72
202412;2024;312;Kyyjärvi;15;4104.62
202412;2024;316;Kärkölä;155;49918.92
202412;2024;317;Kärsämäki;66;18116.91
202412;2024;320;Kemijärvi;206;61166.18
202412;2024;322;Kemiönsaari;135;37773.6
202412;2024;398;Lahti;10525;3468383.25
202412;2024;399;Laihia;149;45374.6
202412;2024;400;Laitila;205;63752.96
202412;2024;402;Lapinlahti;324;89100.91
202412;2024;403;Lappajärvi;39;10450.49
202412;2024;405;Lappeenranta;6502;1996560.09
202412;2024;407;Lapinjärvi;61;17833.8
202412;2024;408;Lapua;414;119327.81
202412;2024;410;Laukaa;536;163417.46
202412;2024;416;Lemi;45;12760.36
202412;2024;417;Lemland;19;7536.99
202412;2024;418;Lempäälä;795;251499.82
202412;2024;420;Leppävirta;232;61488.79
202412;2024;421;Lestijärvi;12;3674.45
202412;2024;422;Lieksa;420;109633.3
202412;2024;423;Lieto;364;107322.28
202412;2024;425;Liminka;158;59106.08
202412;2024;426;Liperi;399;114265.45
202412;2024;430;Loimaa;584;166616.21
202412;2024;433;Loppi;127;34774.52
202412;2024;434;Loviisa;477;142517.91
202412;2024;435;Luhanka;10;3104.71
202412;2024;436;Lumijoki;42;11540.7
202412;2024;440;Luoto;32;11764.16
202412;2024;441;Luumäki;107;29079.12
202412;2024;444;Lohja;1768;614592.49
202412;2024;445;Parainen;294;84494.36
202412;2024;475;Maalahti;80;18824.55
202412;2024;478;Maarianhamina;356;142992.61
202412;2024;480;Marttila;45;12043.81
202412;2024;481;Masku;84;25099.76
202412;2024;483;Merijärvi;28;9516.19
202412;2024;484;Merikarvia;48;13563.03
202412;2024;489;Miehikkälä;36;12572.24
202412;2024;491;Mikkeli;3244;1040519.82
202412;2024;494;Muhos;255;80925.14
202412;2024;495;Multia;31;7553.99
202412;2024;498;Muonio;42;11624.27
202412;2024;499;Mustasaari;256;75922.89
202412;2024;500;Muurame;250;77273.23
202412;2024;503;Mynämäki;142;40837.62
202412;2024;504;Myrskylä;38;11868.4
202412;2024;505;Mäntsälä;573;182111.65
202412;2024;507;Mäntyharju;150;40499.36
202412;2024;508;Mänttä-Vilppula;429;123129.8
202412;2024;529;Naantali;526;151142.88
202412;2024;531;Nakkila;174;51735.5
202412;2024;535;Nivala;281;82116.83
202412;2024;536;Nokia;1708;545106.42
202412;2024;538;Nousiainen;78;21047.91
202412;2024;541;Nurmes;299;78467.19
202412;2024;543;Nurmijärvi;1365;475410.9
202412;2024;545;Närpiö;108;28099.9
202412;2024;560;Orimattila;507;153049.24
202412;2024;561;Oripää;24;6424.14
202412;2024;562;Orivesi;282;77390.06
202412;2024;563;Oulainen;249;70972.82
202412;2024;564;Oulu;22235;6962640.19
202412;2024;576;Padasjoki;64;15746.55
202412;2024;577;Paimio;309;90293.28
202412;2024;578;Paltamo;75;22439.34
202412;2024;580;Parikkala;79;19525.79
202412;2024;581;Parkano;180;50288.72
202412;2024;583;Pelkosenniemi;6;2273.01
202412;2024;584;Perho;49;15536.96
202412;2024;588;Pertunmaa;31;6458.64
202412;2024;592;Petäjävesi;84;23460.8
202412;2024;593;Pieksämäki;759;199083.03
202412;2024;595;Pielavesi;115;32338.47
202412;2024;598;Pietarsaari;855;258723.94
202412;2024;599;Pedersören kunta;74;23232.62
202412;2024;601;Pihtipudas;141;34184.94
202412;2024;604;Pirkkala;752;219984.08
202412;2024;607;Polvijärvi;115;29443.75
202412;2024;608;Pomarkku;42;12348.22
202412;2024;609;Pori;6020;1827786.39
202412;2024;611;Pornainen;68;19751.46
202412;2024;614;Posio;36;8312.28
202412;2024;615;Pudasjärvi;229;74073.27
202412;2024;616;Pukkila;34;9619.77
202412;2024;619;Punkalaidun;66;19933.17
202412;2024;620;Puolanka;78;19539.35
202412;2024;623;Puumala;39;8856.92
202412;2024;624;Pyhtää;84;20269.09
202412;2024;625;Pyhäjoki;60;21595.1
202412;2024;626;Pyhäjärvi;144;41981.48
202412;2024;630;Pyhäntä;20;6081.26
202412;2024;631;Pyhäranta;31;7732.1
202412;2024;635;Pälkäne;109;32599.24
202412;2024;636;Pöytyä;176;48771.03
202412;2024;638;Porvoo;2205;762241.95
202412;2024;678;Raahe;1056;308422.31
202412;2024;680;Raisio;963;316313.6
202412;2024;681;Rantasalmi;81;25460.87
202412;2024;683;Ranua;83;23084.2
202412;2024;684;Rauma;2036;565875.68
202412;2024;686;Rautalampi;125;36599.89
202412;2024;687;Rautavaara;34;8437.88
202412;2024;689;Rautjärvi;94;28435.08
202412;2024;691;Reisjärvi;42;13955.3
202412;2024;694;Riihimäki;1858;619661.92
202412;2024;697;Ristijärvi;17;4585.46
202412;2024;698;Rovaniemi;5225;1610499.62
202412;2024;700;Ruokolahti;98;27391.8
202412;2024;702;Ruovesi;130;28776.36
202412;2024;704;Rusko;60;18106.37
202412;2024;707;Rääkkylä;51;13982.2
202412;2024;710;Raasepori;996;291315.13
202412;2024;729;Saarijärvi;339;95463.28
202412;2024;732;Salla;50;14118.96
202412;2024;734;Salo;1993;588625.73
202412;2024;736;Saltvik;24;8330.65
202412;2024;738;Sauvo;57;16481.21
202412;2024;739;Savitaipale;73;18262.15
202412;2024;740;Savonlinna;1951;541983.12
202412;2024;742;Savukoski;19;3945.19
202412;2024;743;Seinäjoki;4632;1447623.97
202412;2024;746;Sievi;105;33391.4
202412;2024;747;Siikainen;27;6864.26
202412;2024;748;Siikajoki;94;28466.27
202412;2024;749;Siilinjärvi;620;188871.75
202412;2024;751;Simo;46;11597.23
202412;2024;753;Sipoo;658;231381.14
202412;2024;755;Siuntio;100;31744.32
202412;2024;758;Sodankylä;137;38397.03
202412;2024;759;Soini;30;9976.18
202412;2024;761;Somero;311;90462.52
202412;2024;762;Sonkajärvi;91;24824.22
202412;2024;765;Sotkamo;403;112978.43
202412;2024;768;Sulkava;54;14250.29
202412;2024;771;Sund;8;1875.98
202412;2024;777;Suomussalmi;136;37050.71
202412;2024;778;Suonenjoki;220;60360.63
202412;2024;781;Sysmä;76;22118.97
202412;2024;783;Säkylä;134;36545.16
202412;2024;785;Vaala;63;17026.94
202412;2024;790;Sastamala;745;218915.23
202412;2024;791;Siikalatva;91;22794.85
202412;2024;831;Taipalsaari;90;28140.43
202412;2024;832;Taivalkoski;94;28476.42
202412;2024;833;Taivassalo;24;7224.76
202412;2024;834;Tammela;169;48975.44
202412;2024;837;Tampere;33771;10743459.91
202412;2024;844;Tervo;30;8039.98
202412;2024;845;Tervola;66;19376.17
202412;2024;846;Teuva;107;26544.82
202412;2024;848;Tohmajärvi;117;33912.61
202412;2024;849;Toholampi;74;19958.45
202412;2024;850;Toivakka;33;9629.81
202412;2024;851;Tornio;879;266672.15
202412;2024;853;Turku;27169;8577045.72
202412;2024;854;Pello;47;13554.31
202412;2024;857;Tuusniemi;65;17493.9
202412;2024;858;Tuusula;1277;460517.6
202412;2024;859;Tyrnävä;119;41339.77
202412;2024;886;Ulvila;322;95757.23
202412;2024;887;Urjala;168;45952.11
202412;2024;889;Utajärvi;54;15923.91
202412;2024;890;Utsjoki;29;8000.05
202412;2024;892;Uurainen;83;27449.08
202412;2024;893;Uusikaarlepyy;142;45044.82
202412;2024;895;Uusikaupunki;488;138894.83
202412;2024;905;Vaasa;8282;2582145.44
202412;2024;908;Valkeakoski;860;248240.47
202412;2024;915;Varkaus;1160;321703.74
202412;2024;918;Vehmaa;42;12508.97
202412;2024;921;Vesanto;39;10598.48
202412;2024;922;Vesilahti;68;18167.96
202412;2024;924;Veteli;31;8417.29
202412;2024;925;Vieremä;73;20240.91
202412;2024;927;Vihti;880;306347.31
202412;2024;931;Viitasaari;200;55936.34
202412;2024;934;Vimpeli;50;12194.54
202412;2024;935;Virolahti;88;24344.09
202412;2024;936;Virrat;150;39033.15
202412;2024;941;Vårdö;6;1483.46
202412;2024;946;Vöyri;175;35937.08
202412;2024;976;Ylitornio;67;18843.47
202412;2024;977;Ylivieska;639;188875
202412;2024;980;Ylöjärvi;815;258654.6
202412;2024;981;Ypäjä;56;17895.58
202412;2024;989;Ähtäri;161;47829.54
202412;2024;992;Äänekoski;821;243726.36
202512;2025;000;Koko maa;240360;82876687.2
202512;2025;005;Alajärvi;164;50734.96
202512;2025;009;Alavieska;55;18570.3
202512;2025;010;Alavus;239;69403.58
202512;2025;016;Asikkala;147;43993.47
202512;2025;018;Askola;54;18957.23
202512;2025;019;Aura;62;17680.24
202512;2025;020;Akaa;472;139833.56
202512;2025;035;Brändö;5;1434.15
202512;2025;043;Eckerö;12;4732.52
202512;2025;046;Enonkoski;19;7240.78
202512;2025;047;Enontekiö;21;5626.01
202512;2025;049;Espoo;15428;6930170.85
202512;2025;050;Eura;169;47559.58
202512;2025;051;Eurajoki;94;34529.62
202512;2025;052;Evijärvi;23;7064.94
202512;2025;060;Finström;33;14829.05
202512;2025;061;Forssa;768;234526.15
202512;2025;065;Geta;5;2746.21
202512;2025;069;Haapajärvi;147;48010.72
202512;2025;071;Haapavesi;132;35331.41
202512;2025;072;Hailuoto;11;3406.9
202512;2025;074;Halsua;7;1954.96
202512;2025;075;Hamina;535;164307.53
202512;2025;076;Hammarland;26;12162.57
202512;2025;077;Hankasalmi;74;23468.68
202512;2025;078;Hanko;190;58506.91
202512;2025;079;Harjavalta;255;74287.51
202512;2025;081;Hartola;47;14127.75
202512;2025;082;Hattula;109;31947.38
202512;2025;086;Hausjärvi;126;37423.66
202512;2025;090;Heinävesi;58;15906.77
202512;2025;091;Helsinki;43054;18317557.87
202512;2025;092;Vantaa;15852;7110793.53
202512;2025;097;Hirvensalmi;34;10067.68
202512;2025;098;Hollola;430;131191.17
202512;2025;102;Huittinen;225;64209.05
202512;2025;103;Humppila;35;10280.02
202512;2025;105;Hyrynsalmi;17;4289.85
202512;2025;106;Hyvinkää;2049;721091.4
202512;2025;108;Hämeenkyrö;219;65629.81
202512;2025;109;Hämeenlinna;2864;981127.78
202512;2025;111;Heinola;689;197134.73
202512;2025;139;Ii;180;58678.17
202512;2025;140;Iisalmi;774;228662.84
202512;2025;142;Iitti;140;44067
202512;2025;143;Ikaalinen;212;63271.97
202512;2025;145;Ilmajoki;251;71230.97
202512;2025;146;Ilomantsi;90;25410.2
202512;2025;148;Inari;85;23679.69
202512;2025;149;Inkoo;54;17677.57
202512;2025;151;Isojoki;15;3286.76
202512;2025;152;Isokyrö;76;21131.4
202512;2025;153;Imatra;1122;347774.8
202512;2025;165;Janakkala;413;126547.06
202512;2025;167;Joensuu;4892;1579969.78
202512;2025;169;Jokioinen;85;24663.07
202512;2025;170;Jomala;41;14072.27
202512;2025;171;Joroinen;81;25895.92
202512;2025;172;Joutsa;116;35046.21
202512;2025;176;Juuka;101;28241.91
202512;2025;177;Juupajoki;25;7124.08
202512;2025;178;Juva;81;23540.49
202512;2025;179;Jyväskylä;10807;3507505.08
202512;2025;181;Jämijärvi;20;5601.87
202512;2025;182;Jämsä;694;198552.03
202512;2025;186;Järvenpää;2286;830653.24
202512;2025;199;Tuntematon;12;-2989114.48
202512;2025;202;Kaarina;683;229492.16
202512;2025;204;Kaavi;52;18347.34
202512;2025;205;Kajaani;1534;465557.13
202512;2025;208;Kalajoki;237;72187
202512;2025;211;Kangasala;812;246849.62
202512;2025;213;Kangasniemi;112;34494.27
202512;2025;214;Kankaanpää;434;121793.86
202512;2025;216;Kannonkoski;16;4969.83
202512;2025;217;Kannus;99;28930.04
202512;2025;218;Karijoki;13;3929.8
202512;2025;224;Karkkila;249;77866.41
202512;2025;226;Karstula;64;17744.8
202512;2025;230;Karvia;36;9606.08
202512;2025;231;Kaskinen;28;8829.55
202512;2025;232;Kauhajoki;364;113563.19
202512;2025;233;Kauhava;329;96590.11
202512;2025;235;Kauniainen;241;113879.45
202512;2025;236;Kaustinen;58;19217.04
202512;2025;239;Keitele;35;9453.73
202512;2025;240;Kemi;1041;313700.99
202512;2025;241;Keminmaa;109;34548.67
202512;2025;244;Kempele;319;101288.53
202512;2025;245;Kerava;2145;783690.11
202512;2025;249;Keuruu;296;87465.87
202512;2025;250;Kihniö;14;4432.97
202512;2025;256;Kinnula;17;4164.55
202512;2025;257;Kirkkonummi;1446;525517.57
202512;2025;260;Kitee;266;77118.29
202512;2025;261;Kittilä;62;15209.67
202512;2025;263;Kiuruvesi;193;54027.71
202512;2025;265;Kivijärvi;20;5203.31
202512;2025;271;Kokemäki;189;52882.85
202512;2025;272;Kokkola;1459;442125.73
202512;2025;273;Kolari;32;9788.88
202512;2025;275;Konnevesi;50;18481.24
202512;2025;276;Kontiolahti;284;87457.42
202512;2025;280;Korsnäs;13;4699.64
202512;2025;284;Koski Tl;31;8077.57
202512;2025;285;Kotka;2411;737951.97
202512;2025;286;Kouvola;2910;854572.27
202512;2025;287;Kristiinankaupunki;90;26475.35
202512;2025;288;Kruunupyy;61;20092.03
202512;2025;290;Kuhmo;135;36603.06
202512;2025;291;Kuhmoinen;29;6005.96
202512;2025;297;Kuopio;6333;2124624.47
202512;2025;300;Kuortane;31;9264.4
202512;2025;301;Kurikka;409;119784.17
202512;2025;304;Kustavi;10;2445.45
202512;2025;305;Kuusamo;342;105010.38
202512;2025;309;Outokumpu;356;109267.44
202512;2025;312;Kyyjärvi;10;2962.84
202512;2025;316;Kärkölä;129;39731.43
202512;2025;317;Kärsämäki;52;13920.38
202512;2025;320;Kemijärvi;177;49016.24
202512;2025;322;Kemiönsaari;97;28482.35
202512;2025;398;Lahti;7510;2577716.91
202512;2025;399;Laihia;102;32638.94
202512;2025;400;Laitila;178;53567.71
202512;2025;402;Lapinlahti;225;68829.19
202512;2025;403;Lappajärvi;19;4659.25
202512;2025;405;Lappeenranta;3091;928312.7
202512;2025;407;Lapinjärvi;43;12137.4
202512;2025;408;Lapua;334;99536.45
202512;2025;410;Laukaa;430;134031.14
202512;2025;416;Lemi;46;14135.74
202512;2025;417;Lemland;17;7532.97
202512;2025;418;Lempäälä;593;187515.85
202512;2025;420;Leppävirta;183;52164.83
202512;2025;421;Lestijärvi;11;3120.86
202512;2025;422;Lieksa;350;102162.79
202512;2025;423;Lieto;267;80102.7
202512;2025;425;Liminka;88;31353.66
202512;2025;426;Liperi;337;104347.83
202512;2025;430;Loimaa;456;132876.13
202512;2025;433;Loppi;102;29493.32
202512;2025;434;Loviisa;372;113922
202512;2025;435;Luhanka;8;2939.97
202512;2025;436;Lumijoki;30;8881.75
202512;2025;440;Luoto;17;6190.23
202512;2025;441;Luumäki;82;22678.63
202512;2025;444;Lohja;1362;483492.64
202512;2025;445;Parainen;209;66347.9
202512;2025;475;Maalahti;60;15821.15
202512;2025;478;Maarianhamina;347;148271.39
202512;2025;480;Marttila;37;9406.64
202512;2025;481;Masku;57;20377.88
202512;2025;483;Merijärvi;18;6342.75
202512;2025;484;Merikarvia;41;11635.08
202512;2025;489;Miehikkälä;32;10228.79
202512;2025;491;Mikkeli;2090;644857.78
202512;2025;494;Muhos;184;54804.97
202512;2025;495;Multia;26;8974.86
202512;2025;498;Muonio;18;4879.77
202512;2025;499;Mustasaari;192;58290.3
202512;2025;500;Muurame;179;54910.76
202512;2025;503;Mynämäki;113;33336.25
202512;2025;504;Myrskylä;29;8889
202512;2025;505;Mäntsälä;421;134171.59
202512;2025;507;Mäntyharju;149;41817.57
202512;2025;508;Mänttä-Vilppula;334;98085.06
202512;2025;529;Naantali;420;125311.73
202512;2025;531;Nakkila;125;37608.34
202512;2025;535;Nivala;183;58110.17
202512;2025;536;Nokia;1297;423283.86
202512;2025;538;Nousiainen;52;13966.83
202512;2025;541;Nurmes;237;66824.65
202512;2025;543;Nurmijärvi;1060;383624.32
202512;2025;545;Närpiö;75;23154.83
202512;2025;560;Orimattila;424;139454.93
202512;2025;561;Oripää;16;3864.7
202512;2025;562;Orivesi;220;63771.79
202512;2025;563;Oulainen;199;62237.66
202512;2025;564;Oulu;11577;3753765.19
202512;2025;576;Padasjoki;47;13740.33
202512;2025;577;Paimio;246;75597.28
202512;2025;578;Paltamo;72;22664.33
202512;2025;580;Parikkala;68;17342.66
202512;2025;581;Parkano;146;41136.33
202512;2025;583;Pelkosenniemi;4;1097.6
202512;2025;584;Perho;29;8310.99
202512;2025;592;Petäjävesi;69;18572.76
202512;2025;593;Pieksämäki;652;178982.18
202512;2025;595;Pielavesi;77;22659.03
202512;2025;598;Pietarsaari;604;190163
202512;2025;599;Pedersören kunta;53;16537.93
202512;2025;601;Pihtipudas;88;26045.59
202512;2025;604;Pirkkala;505;156713.97
202512;2025;607;Polvijärvi;74;20936.42
202512;2025;608;Pomarkku;32;8782.06
202512;2025;609;Pori;4005;1168693.68
202512;2025;611;Pornainen;43;14145.22
202512;2025;614;Posio;31;6978.83
202512;2025;615;Pudasjärvi;149;47374.35
202512;2025;616;Pukkila;32;9905.56
202512;2025;619;Punkalaidun;55;16528.54
202512;2025;620;Puolanka;46;15449.39
202512;2025;623;Puumala;23;5983.26
202512;2025;624;Pyhtää;68;18761.62
202512;2025;625;Pyhäjoki;51;16202.49
202512;2025;626;Pyhäjärvi;114;31814.76
202512;2025;630;Pyhäntä;15;3509.15
202512;2025;631;Pyhäranta;27;7728.77
202512;2025;635;Pälkäne;71;23179.14
202512;2025;636;Pöytyä;125;41507.88
202512;2025;638;Porvoo;1674;606430.22
202512;2025;678;Raahe;771;234845.6
202512;2025;680;Raisio;781;274107.77
202512;2025;681;Rantasalmi;78;23622.18
202512;2025;683;Ranua;55;16354.89
202512;2025;684;Rauma;1115;323833.54
202512;2025;686;Rautalampi;52;18702.16
202512;2025;687;Rautavaara;26;7101.51
202512;2025;689;Rautjärvi;67;19813.67
202512;2025;691;Reisjärvi;34;11174.7
202512;2025;694;Riihimäki;1434;500156.13
202512;2025;697;Ristijärvi;11;3668.29
202512;2025;698;Rovaniemi;2477;802387.16
202512;2025;700;Ruokolahti;67;21932.49
202512;2025;702;Ruovesi;53;15691.78
202512;2025;704;Rusko;39;13401.38
202512;2025;707;Rääkkylä;33;9253.59
202512;2025;710;Raasepori;714;224740.47
202512;2025;729;Saarijärvi;284;79348.62
202512;2025;732;Salla;45;12997.49
202512;2025;734;Salo;1665;507592.12
202512;2025;736;Saltvik;21;6597.48
202512;2025;738;Sauvo;48;12668.1
202512;2025;739;Savitaipale;48;12815.43
202512;2025;740;Savonlinna;1126;329064.39
202512;2025;742;Savukoski;13;2428.92
202512;2025;743;Seinäjoki;2703;908517.9
202512;2025;746;Sievi;73;21648.74
202512;2025;747;Siikainen;23;5078.14
202512;2025;748;Siikajoki;68;19621
202512;2025;749;Siilinjärvi;512;162655.69
202512;2025;751;Simo;29;7960.39
202512;2025;753;Sipoo;476;167413.47
202512;2025;755;Siuntio;70;24095.8
202512;2025;758;Sodankylä;121;40849.9
202512;2025;759;Soini;26;7515.7
202512;2025;761;Somero;252;77911.23
202512;2025;762;Sonkajärvi;82;23430.98
202512;2025;765;Sotkamo;183;53730.86
202512;2025;768;Sulkava;35;10047.7
202512;2025;771;Sund;6;1864.55
202512;2025;777;Suomussalmi;121;34474
202512;2025;778;Suonenjoki;184;57092.77
202512;2025;781;Sysmä;56;16528.57
202512;2025;783;Säkylä;103;31760.88
202512;2025;785;Vaala;50;14500.64
202512;2025;790;Sastamala;542;162956
202512;2025;791;Siikalatva;67;19489.93
202512;2025;831;Taipalsaari;74;24070.37
202512;2025;832;Taivalkoski;67;19746.33
202512;2025;833;Taivassalo;24;7132.26
202512;2025;834;Tammela;88;29517.53
202512;2025;837;Tampere;18155;6023788.12
202512;2025;844;Tervo;20;4706.16
202512;2025;845;Tervola;48;17216.94
202512;2025;846;Teuva;76;19228.83
202512;2025;848;Tohmajärvi;85;25881.92
202512;2025;849;Toholampi;56;14209.13
202512;2025;850;Toivakka;27;8487.83
202512;2025;851;Tornio;616;193377.09
202512;2025;853;Turku;13507;4528736.37
202512;2025;854;Pello;36;9929.13
202512;2025;857;Tuusniemi;64;17564.19
202512;2025;858;Tuusula;979;352188.98
202512;2025;859;Tyrnävä;92;33595.51
202512;2025;886;Ulvila;281;83401.33
202512;2025;887;Urjala;130;37141.71
202512;2025;889;Utajärvi;37;9469.22
202512;2025;890;Utsjoki;16;5920.79
202512;2025;892;Uurainen;57;18838.64
202512;2025;893;Uusikaarlepyy;112;33284.1
202512;2025;895;Uusikaupunki;429;128003.66
202512;2025;905;Vaasa;3050;932416.68
202512;2025;908;Valkeakoski;674;200549.34
202512;2025;915;Varkaus;945;273292.18
202512;2025;918;Vehmaa;43;14844.2
202512;2025;921;Vesanto;39;11423.86
202512;2025;922;Vesilahti;42;12584.58
202512;2025;924;Veteli;22;6701.8
202512;2025;925;Vieremä;56;15209.39
202512;2025;927;Vihti;670;237182.09
202512;2025;931;Viitasaari;149;42808.49
202512;2025;934;Vimpeli;37;8451.6
202512;2025;935;Virolahti;52;15332.14
202512;2025;936;Virrat;117;32915.8
202512;2025;941;Vårdö;4;816.91
202512;2025;946;Vöyri;69;21040.87
202512;2025;976;Ylitornio;53;14226.43
202512;2025;977;Ylivieska;435;135674.82
202512;2025;980;Ylöjärvi;589;190568.74
202512;2025;981;Ypäjä;51;15802.65
202512;2025;989;Ähtäri;123;33955.11
202512;2025;992;Äänekoski;684;211351.37
202608;2026;000;Koko maa;245449;83803545.87
202608;2026;005;Alajärvi;138;45421.18
202608;2026;009;Alavieska;40;12249.65
202608;2026;010;Alavus;246;68137.95
202608;2026;016;Asikkala;150;45298.08
202608;2026;018;Askola;53;19806.42
202608;2026;019;Aura;59;18582.77
202608;2026;020;Akaa;474;140062.63
202608;2026;035;Brändö;5;1340.47
202608;2026;043;Eckerö;10;2781.52
202608;2026;046;Enonkoski;20;5882.98
202608;2026;047;Enontekiö;17;4781.22
202608;2026;049;Espoo;16034;7166246.08
202608;2026;050;Eura;167;45897.05
202608;2026;051;Eurajoki;82;25344.62
202608;2026;052;Evijärvi;17;5470.99
202608;2026;060;Finström;34;15866.63
202608;2026;061;Forssa;763;223960.48
202608;2026;065;Geta;5;2694.96
202608;2026;069;Haapajärvi;141;41517.18
202608;2026;071;Haapavesi;134;38210.6
202608;2026;072;Hailuoto;13;4032.52
202608;2026;074;Halsua;7;1718.1
202608;2026;075;Hamina;554;170246.56
202608;2026;076;Hammarland;23;9807.18
202608;2026;077;Hankasalmi;76;21579.32
202608;2026;078;Hanko;193;56487.8
202608;2026;079;Harjavalta;253;73667.72
202608;2026;081;Hartola;47;14067.11
202608;2026;082;Hattula;106;30283.89
202608;2026;086;Hausjärvi;134;41125.4
202608;2026;090;Heinävesi;53;15374.26
202608;2026;091;Helsinki;44228;18809633.69
202608;2026;092;Vantaa;16425;7256413.41
202608;2026;097;Hirvensalmi;25;9929.54
202608;2026;098;Hollola;426;127154.13
202608;2026;102;Huittinen;217;62434.4
202608;2026;103;Humppila;35;9996.74
202608;2026;105;Hyrynsalmi;17;3998.44
202608;2026;106;Hyvinkää;2056;697809.35
202608;2026;108;Hämeenkyrö;219;63756.02
202608;2026;109;Hämeenlinna;2919;967984.47
202608;2026;111;Heinola;685;192964.18
202608;2026;139;Ii;189;61515.33
202608;2026;140;Iisalmi;749;217154.01
202608;2026;142;Iitti;143;42484.43
202608;2026;143;Ikaalinen;217;60477.85
202608;2026;145;Ilmajoki;249;71932.28
202608;2026;146;Ilomantsi;93;25017.38
202608;2026;148;Inari;77;22859.18
202608;2026;149;Inkoo;55;15938.86
202608;2026;151;Isojoki;15;4644.17
202608;2026;152;Isokyrö;69;20230.97
202608;2026;153;Imatra;1136;334125.76
202608;2026;165;Janakkala;406;122837.74
202608;2026;167;Joensuu;4986;1582235.59
202608;2026;169;Jokioinen;82;26559.14
202608;2026;170;Jomala;30;11597.76
202608;2026;171;Joroinen;83;23978.21
202608;2026;172;Joutsa;140;39368.65
202608;2026;176;Juuka;102;29702.35
202608;2026;177;Juupajoki;27;6351.55
202608;2026;178;Juva;81;22439.07
202608;2026;179;Jyväskylä;11157;3596303.78
202608;2026;181;Jämijärvi;18;5608.15
202608;2026;182;Jämsä;671;191255.25
202608;2026;186;Järvenpää;2279;825710.07
202608;2026;199;Tuntematon;9;-3120846.07
202608;2026;202;Kaarina;691;219551.12
202608;2026;204;Kaavi;55;15263.15
202608;2026;205;Kajaani;1509;452501
202608;2026;208;Kalajoki;228;70958.36
202608;2026;211;Kangasala;847;251964.05
202608;2026;213;Kangasniemi;104;32080.32
202608;2026;214;Kankaanpää;436;126736.88
202608;2026;216;Kannonkoski;19;4906.96
202608;2026;217;Kannus;102;28050.13
202608;2026;218;Karijoki;11;3941.26
202608;2026;224;Karkkila;254;79962.67
202608;2026;226;Karstula;59;17742
202608;2026;230;Karvia;33;9517.26
202608;2026;231;Kaskinen;27;8927.06
202608;2026;232;Kauhajoki;369;114598.63
202608;2026;233;Kauhava;311;97013.97
202608;2026;235;Kauniainen;224;106664.69
202608;2026;236;Kaustinen;66;20625.69
202608;2026;239;Keitele;34;9805.34
202608;2026;240;Kemi;1050;305387.86
202608;2026;241;Keminmaa;111;33434.02
202608;2026;244;Kempele;328;98968.43
202608;2026;245;Kerava;2176;795263.41
202608;2026;249;Keuruu;291;81122
202608;2026;250;Kihniö;14;4254.75
202608;2026;256;Kinnula;18;4882.81
202608;2026;257;Kirkkonummi;1434;514516.04
202608;2026;260;Kitee;237;67964.98
202608;2026;261;Kittilä;76;21826.13
202608;2026;263;Kiuruvesi;174;46367.61
202608;2026;265;Kivijärvi;16;4139.31
202608;2026;271;Kokemäki;188;50959.89
202608;2026;272;Kokkola;1476;448560.44
202608;2026;273;Kolari;38;11913.6
202608;2026;275;Konnevesi;52;16407.49
202608;2026;276;Kontiolahti;285;86577.73
202608;2026;280;Korsnäs;14;3740.57
202608;2026;284;Koski Tl;31;8709.08
202608;2026;285;Kotka;2465;743892.23
202608;2026;286;Kouvola;2905;854166.4
202608;2026;287;Kristiinankaupunki;132;41374.23
202608;2026;288;Kruunupyy;59;17964.68
202608;2026;290;Kuhmo;123;33869.63
202608;2026;291;Kuhmoinen;21;4557.53
202608;2026;297;Kuopio;6540;2168818.22
202608;2026;300;Kuortane;34;10458.58
202608;2026;301;Kurikka;395;115480.63
202608;2026;304;Kustavi;11;2364.95
202608;2026;305;Kuusamo;328;98914.39
202608;2026;309;Outokumpu;352;104764.33
202608;2026;312;Kyyjärvi;10;2545.43
202608;2026;316;Kärkölä;118;37288.32
202608;2026;317;Kärsämäki;44;12047.99
202608;2026;320;Kemijärvi;160;45369.43
202608;2026;322;Kemiönsaari;101;28946.21
202608;2026;398;Lahti;7750;2604186.39
202608;2026;399;Laihia;111;33391.94
202608;2026;400;Laitila;178;55100.45
202608;2026;402;Lapinlahti;236;66890.11
202608;2026;403;Lappajärvi;19;4194.85
202608;2026;405;Lappeenranta;3177;933046.13
202608;2026;407;Lapinjärvi;45;13003.88
202608;2026;408;Lapua;351;106188.36
202608;2026;410;Laukaa;429;134620.43
202608;2026;416;Lemi;37;13669.9
202608;2026;417;Lemland;19;6976.15
202608;2026;418;Lempäälä;570;179304.59
202608;2026;420;Leppävirta;180;50900.7
202608;2026;421;Lestijärvi;12;3376.98
202608;2026;422;Lieksa;367;103168.42
202608;2026;423;Lieto;273;83765.71
202608;2026;425;Liminka;86;30365.61
202608;2026;426;Liperi;330;98212.91
202608;2026;430;Loimaa;445;126953.55
202608;2026;433;Loppi;103;29482.69
202608;2026;434;Loviisa;379;110598.49
202608;2026;435;Luhanka;10;3017.1
202608;2026;436;Lumijoki;29;8169.34
202608;2026;438;Lumparland;4;1785.45
202608;2026;440;Luoto;15;4183.58
202608;2026;441;Luumäki;76;21237.65
202608;2026;444;Lohja;1370;475660.22
202608;2026;445;Parainen;218;68668.71
202608;2026;475;Maalahti;63;17649.84
202608;2026;478;Maarianhamina;352;140104.57
202608;2026;480;Marttila;35;9218.19
202608;2026;481;Masku;55;21133.7
202608;2026;483;Merijärvi;22;6510.36
202608;2026;484;Merikarvia;42;10582.46
202608;2026;489;Miehikkälä;25;8679.85
202608;2026;491;Mikkeli;2121;635795.91
202608;2026;494;Muhos;187;57896.37
202608;2026;495;Multia;27;7496.15
202608;2026;498;Muonio;20;5605.29
202608;2026;499;Mustasaari;186;55348.33
202608;2026;500;Muurame;180;53767.11
202608;2026;503;Mynämäki;111;31999.08
202608;2026;504;Myrskylä;27;8285.2
202608;2026;505;Mäntsälä;427;129697.76
202608;2026;507;Mäntyharju;138;38320.86
202608;2026;508;Mänttä-Vilppula;353;101099.12
202608;2026;529;Naantali;413;125661.97
202608;2026;531;Nakkila;140;39575.35
202608;2026;535;Nivala;188;55856.68
202608;2026;536;Nokia;1321;421412.92
202608;2026;538;Nousiainen;55;14832.81
202608;2026;541;Nurmes;240;64215.47
202608;2026;543;Nurmijärvi;1021;357498.91
202608;2026;545;Närpiö;87;23260.58
202608;2026;560;Orimattila;449;145650.09
202608;2026;561;Oripää;13;3365.34
202608;2026;562;Orivesi;208;64180.42
202608;2026;563;Oulainen;200;58841.37
202608;2026;564;Oulu;11967;3869168.97
202608;2026;576;Padasjoki;45;11429.02
202608;2026;577;Paimio;250;72857.01
202608;2026;578;Paltamo;73;20246.15
202608;2026;580;Parikkala;65;15584.39
202608;2026;581;Parkano;143;39138.42
202608;2026;583;Pelkosenniemi;7;1542.68
202608;2026;584;Perho;31;8258.88
202608;2026;592;Petäjävesi;74;19720.74
202608;2026;593;Pieksämäki;668;179110.2
202608;2026;595;Pielavesi;84;24578.46
202608;2026;598;Pietarsaari;610;192631.82
202608;2026;599;Pedersören kunta;46;15533.7
202608;2026;601;Pihtipudas;96;26647.35
202608;2026;604;Pirkkala;496;146678.56
202608;2026;607;Polvijärvi;74;21518.59
202608;2026;608;Pomarkku;29;7569.45
202608;2026;609;Pori;4085;1187032.75
202608;2026;611;Pornainen;45;15624.14
202608;2026;614;Posio;33;8938.3
202608;2026;615;Pudasjärvi;136;42311.81
202608;2026;616;Pukkila;31;11260.65
202608;2026;619;Punkalaidun;61;17473.19
202608;2026;620;Puolanka;50;15070.24
202608;2026;623;Puumala;16;4076.14
202608;2026;624;Pyhtää;67;19654.48
202608;2026;625;Pyhäjoki;57;18594.77
202608;2026;626;Pyhäjärvi;118;31296.36
202608;2026;630;Pyhäntä;13;2715.93
202608;2026;631;Pyhäranta;25;7464.38
202608;2026;635;Pälkäne;74;23534.86
202608;2026;636;Pöytyä;133;41361.2
202608;2026;638;Porvoo;1697;606777.32
202608;2026;678;Raahe;798;237997.23
202608;2026;680;Raisio;787;271396.35
202608;2026;681;Rantasalmi;66;18704.48
202608;2026;683;Ranua;54;15119.63
202608;2026;684;Rauma;1204;340207.17
202608;2026;686;Rautalampi;49;16375.8
202608;2026;687;Rautavaara;26;7381.86
202608;2026;689;Rautjärvi;64;21343.62
202608;2026;691;Reisjärvi;41;11581.96
202608;2026;694;Riihimäki;1412;476224.22
202608;2026;697;Ristijärvi;12;4368.7
202608;2026;698;Rovaniemi;2601;847188.93
202608;2026;700;Ruokolahti;68;21391.58
202608;2026;702;Ruovesi;49;15986.27
202608;2026;704;Rusko;38;12411.06
202608;2026;707;Rääkkylä;36;9828.98
202608;2026;710;Raasepori;736;220471.64
202608;2026;729;Saarijärvi;279;80022.78
202608;2026;732;Salla;49;12594.4
202608;2026;734;Salo;1657;501940.47
202608;2026;736;Saltvik;20;8174.63
202608;2026;738;Sauvo;47;12803.34
202608;2026;739;Savitaipale;40;11162.76
202608;2026;740;Savonlinna;1151;322618.43
202608;2026;742;Savukoski;17;4522.95
202608;2026;743;Seinäjoki;2800;905966.98
202608;2026;746;Sievi;73;23130.04
202608;2026;747;Siikainen;17;4724.36
202608;2026;748;Siikajoki;68;20682.58
202608;2026;749;Siilinjärvi;502;155898.01
202608;2026;751;Simo;29;6275.81
202608;2026;753;Sipoo;443;162906.73
202608;2026;755;Siuntio;80;27298.77
202608;2026;758;Sodankylä;135;37283.08
202608;2026;759;Soini;23;5964.95
202608;2026;761;Somero;233;72692.42
202608;2026;762;Sonkajärvi;75;19639.43
202608;2026;765;Sotkamo;182;51865.72
202608;2026;768;Sulkava;36;11201.6
202608;2026;771;Sund;7;2279.17
202608;2026;777;Suomussalmi;111;32073.73
202608;2026;778;Suonenjoki;178;52404.89
202608;2026;781;Sysmä;55;14855.63
202608;2026;783;Säkylä;93;28595.19
202608;2026;785;Vaala;55;16952.04
202608;2026;790;Sastamala;569;166928.54
202608;2026;791;Siikalatva;72;21669.66
202608;2026;831;Taipalsaari;74;22282.01
202608;2026;832;Taivalkoski;65;20045.99
202608;2026;833;Taivassalo;21;6004.93
202608;2026;834;Tammela;81;26256.81
202608;2026;837;Tampere;18620;6125875.41
202608;2026;844;Tervo;15;3484.48
202608;2026;845;Tervola;46;14983.67
202608;2026;846;Teuva;81;22009.76
202608;2026;848;Tohmajärvi;74;24756.56
202608;2026;849;Toholampi;48;12653.75
202608;2026;850;Toivakka;32;11334.3
202608;2026;851;Tornio;602;178147.58
202608;2026;853;Turku;14044;4672901.77
202608;2026;854;Pello;40;11276.87
202608;2026;857;Tuusniemi;63;17916.18
202608;2026;858;Tuusula;964;340129.46
202608;2026;859;Tyrnävä;81;31347.52
202608;2026;886;Ulvila;269;82297.81
202608;2026;887;Urjala;127;38758.18
202608;2026;889;Utajärvi;33;9184.05
202608;2026;890;Utsjoki;22;6632.33
202608;2026;892;Uurainen;59;17703.8
202608;2026;893;Uusikaarlepyy;107;33126.77
202608;2026;895;Uusikaupunki;460;134606.05
202608;2026;905;Vaasa;2987;918717.85
202608;2026;908;Valkeakoski;661;190561.41
202608;2026;915;Varkaus;927;256929.13
202608;2026;918;Vehmaa;41;13077.54
202608;2026;921;Vesanto;43;12306.97
202608;2026;922;Vesilahti;46;13619.86
202608;2026;924;Veteli;25;7372.72
202608;2026;925;Vieremä;48;15084.51
202608;2026;927;Vihti;668;233677.91
202608;2026;931;Viitasaari;147;41622.69
202608;2026;934;Vimpeli;35;7454.65
202608;2026;935;Virolahti;44;12513.94
202608;2026;936;Virrat;120;31691.73
202608;2026;941;Vårdö;6;1526.14
202608;2026;946;Vöyri;74;22568.08
202608;2026;976;Ylitornio;45;14279.6
202608;2026;977;Ylivieska;454;133375.13
202608;2026;980;Ylöjärvi;592;197670.7
202608;2026;981;Ypäjä;48;14250.9
202608;2026;989;Ähtäri;128;37135.73
202608;2026;992;Äänekoski;672;204091.79
