year;kunta;name;category;pct
2014;005;Alajärvi;muu_asuinrakennus;1.04
2014;005;Alajärvi;rakentamaton_rakennuspaikka;3
2014;005;Alajärvi;vakituinen_asuinrakennus;0.44
2014;005;Alajärvi;yleinen_maapohja;0.99
2014;005;Alajärvi;yleinen_rakennus;0.99
2014;009;Alavieska;muu_asuinrakennus;0.9
2014;009;Alavieska;rakentamaton_rakennuspaikka;
2014;009;Alavieska;vakituinen_asuinrakennus;0.55
2014;009;Alavieska;yleinen_maapohja;1
2014;009;Alavieska;yleinen_rakennus;1
2014;010;Alavus;muu_asuinrakennus;1
2014;010;Alavus;rakentamaton_rakennuspaikka;
2014;010;Alavus;vakituinen_asuinrakennus;0.4
2014;010;Alavus;yleinen_maapohja;0.9
2014;010;Alavus;yleinen_rakennus;0.9
2014;016;Asikkala;muu_asuinrakennus;1.05
2014;016;Asikkala;rakentamaton_rakennuspaikka;3
2014;016;Asikkala;vakituinen_asuinrakennus;0.45
2014;016;Asikkala;yleinen_maapohja;0.83
2014;016;Asikkala;yleinen_rakennus;0.83
2014;018;Askola;muu_asuinrakennus;1.25
2014;018;Askola;rakentamaton_rakennuspaikka;3
2014;018;Askola;vakituinen_asuinrakennus;0.65
2014;018;Askola;yleinen_maapohja;1.05
2014;018;Askola;yleinen_rakennus;1.05
2014;019;Aura;muu_asuinrakennus;1.05
2014;019;Aura;rakentamaton_rakennuspaikka;
2014;019;Aura;vakituinen_asuinrakennus;0.45
2014;019;Aura;yleinen_maapohja;1.05
2014;019;Aura;yleinen_rakennus;1.05
2014;020;Akaa;muu_asuinrakennus;1.2
2014;020;Akaa;rakentamaton_rakennuspaikka;3
2014;020;Akaa;vakituinen_asuinrakennus;0.6
2014;020;Akaa;yleinen_maapohja;1.05
2014;020;Akaa;yleinen_rakennus;1.05
2014;035;Brändö;muu_asuinrakennus;0.9
2014;035;Brändö;rakentamaton_rakennuspaikka;
2014;035;Brändö;vakituinen_asuinrakennus;0
2014;035;Brändö;yleinen_maapohja;0
2014;035;Brändö;yleinen_rakennus;0
2014;043;Eckerö;muu_asuinrakennus;0.9
2014;043;Eckerö;rakentamaton_rakennuspaikka;
2014;043;Eckerö;vakituinen_asuinrakennus;0
2014;043;Eckerö;yleinen_maapohja;0.7
2014;043;Eckerö;yleinen_rakennus;0.7
2014;046;Enonkoski;muu_asuinrakennus;1
2014;046;Enonkoski;rakentamaton_rakennuspaikka;
2014;046;Enonkoski;vakituinen_asuinrakennus;0.4
2014;046;Enonkoski;yleinen_maapohja;0.75
2014;046;Enonkoski;yleinen_rakennus;0.75
2014;047;Enontekiö;muu_asuinrakennus;1.15
2014;047;Enontekiö;rakentamaton_rakennuspaikka;3
2014;047;Enontekiö;vakituinen_asuinrakennus;0.55
2014;047;Enontekiö;yleinen_maapohja;1.05
2014;047;Enontekiö;yleinen_rakennus;1.05
2014;049;Espoo;muu_asuinrakennus;0.7
2014;049;Espoo;rakentamaton_rakennuspaikka;3
2014;049;Espoo;vakituinen_asuinrakennus;0.32
2014;049;Espoo;yleinen_maapohja;0.6
2014;049;Espoo;yleinen_rakennus;0.6
2014;050;Eura;muu_asuinrakennus;0.85
2014;050;Eura;rakentamaton_rakennuspaikka;2.5
2014;050;Eura;vakituinen_asuinrakennus;0.4
2014;050;Eura;yleinen_maapohja;0.85
2014;050;Eura;yleinen_rakennus;0.85
2014;051;Eurajoki;muu_asuinrakennus;0.8
2014;051;Eurajoki;rakentamaton_rakennuspaikka;
2014;051;Eurajoki;vakituinen_asuinrakennus;0.32
2014;051;Eurajoki;yleinen_maapohja;0.6
2014;051;Eurajoki;yleinen_rakennus;0.6
2014;052;Evijärvi;muu_asuinrakennus;1.25
2014;052;Evijärvi;rakentamaton_rakennuspaikka;
2014;052;Evijärvi;vakituinen_asuinrakennus;0.65
2014;052;Evijärvi;yleinen_maapohja;1
2014;052;Evijärvi;yleinen_rakennus;1
2014;060;Finström;muu_asuinrakennus;0.9
2014;060;Finström;rakentamaton_rakennuspaikka;
2014;060;Finström;vakituinen_asuinrakennus;0
2014;060;Finström;yleinen_maapohja;0.75
2014;060;Finström;yleinen_rakennus;0.75
2014;061;Forssa;muu_asuinrakennus;1.01
2014;061;Forssa;rakentamaton_rakennuspaikka;
2014;061;Forssa;vakituinen_asuinrakennus;0.41
2014;061;Forssa;yleinen_maapohja;1
2014;061;Forssa;yleinen_rakennus;1
2014;062;Föglö;muu_asuinrakennus;0.9
2014;062;Föglö;rakentamaton_rakennuspaikka;0.5
2014;062;Föglö;vakituinen_asuinrakennus;0
2014;062;Föglö;yleinen_maapohja;0.7
2014;062;Föglö;yleinen_rakennus;0.7
2014;065;Geta;muu_asuinrakennus;0.9
2014;065;Geta;rakentamaton_rakennuspaikka;
2014;065;Geta;vakituinen_asuinrakennus;0
2014;065;Geta;yleinen_maapohja;0.5
2014;065;Geta;yleinen_rakennus;0.5
2014;069;Haapajärvi;muu_asuinrakennus;1.35
2014;069;Haapajärvi;rakentamaton_rakennuspaikka;3
2014;069;Haapajärvi;vakituinen_asuinrakennus;0.75
2014;069;Haapajärvi;yleinen_maapohja;1.35
2014;069;Haapajärvi;yleinen_rakennus;1.35
2014;071;Haapavesi;muu_asuinrakennus;1.1
2014;071;Haapavesi;rakentamaton_rakennuspaikka;3
2014;071;Haapavesi;vakituinen_asuinrakennus;0.5
2014;071;Haapavesi;yleinen_maapohja;0.75
2014;071;Haapavesi;yleinen_rakennus;0.75
2014;072;Hailuoto;muu_asuinrakennus;
2014;072;Hailuoto;rakentamaton_rakennuspaikka;3
2014;072;Hailuoto;vakituinen_asuinrakennus;0.4
2014;072;Hailuoto;yleinen_maapohja;1.11
2014;072;Hailuoto;yleinen_rakennus;1.11
2014;074;Halsua;muu_asuinrakennus;1.1
2014;074;Halsua;rakentamaton_rakennuspaikka;
2014;074;Halsua;vakituinen_asuinrakennus;0.5
2014;074;Halsua;yleinen_maapohja;0.9
2014;074;Halsua;yleinen_rakennus;0.9
2014;075;Hamina;muu_asuinrakennus;1.05
2014;075;Hamina;rakentamaton_rakennuspaikka;
2014;075;Hamina;vakituinen_asuinrakennus;0.45
2014;075;Hamina;yleinen_maapohja;1.15
2014;075;Hamina;yleinen_rakennus;1.15
2014;076;Hammarland;muu_asuinrakennus;0.9
2014;076;Hammarland;rakentamaton_rakennuspaikka;
2014;076;Hammarland;vakituinen_asuinrakennus;0
2014;076;Hammarland;yleinen_maapohja;0.2
2014;076;Hammarland;yleinen_rakennus;0.2
2014;077;Hankasalmi;muu_asuinrakennus;1.1
2014;077;Hankasalmi;rakentamaton_rakennuspaikka;
2014;077;Hankasalmi;vakituinen_asuinrakennus;0.5
2014;077;Hankasalmi;yleinen_maapohja;1.1
2014;077;Hankasalmi;yleinen_rakennus;1.1
2014;078;Hanko;muu_asuinrakennus;
2014;078;Hanko;rakentamaton_rakennuspaikka;3
2014;078;Hanko;vakituinen_asuinrakennus;0.45
2014;078;Hanko;yleinen_maapohja;1.3
2014;078;Hanko;yleinen_rakennus;1.3
2014;079;Harjavalta;muu_asuinrakennus;0.92
2014;079;Harjavalta;rakentamaton_rakennuspaikka;
2014;079;Harjavalta;vakituinen_asuinrakennus;0.32
2014;079;Harjavalta;yleinen_maapohja;0.85
2014;079;Harjavalta;yleinen_rakennus;0.85
2014;081;Hartola;muu_asuinrakennus;1.1
2014;081;Hartola;rakentamaton_rakennuspaikka;
2014;081;Hartola;vakituinen_asuinrakennus;0.5
2014;081;Hartola;yleinen_maapohja;1
2014;081;Hartola;yleinen_rakennus;1
2014;082;Hattula;muu_asuinrakennus;1
2014;082;Hattula;rakentamaton_rakennuspaikka;
2014;082;Hattula;vakituinen_asuinrakennus;0.45
2014;082;Hattula;yleinen_maapohja;1
2014;082;Hattula;yleinen_rakennus;1
2014;086;Hausjärvi;muu_asuinrakennus;1
2014;086;Hausjärvi;rakentamaton_rakennuspaikka;3
2014;086;Hausjärvi;vakituinen_asuinrakennus;0.43
2014;086;Hausjärvi;yleinen_maapohja;1.1
2014;086;Hausjärvi;yleinen_rakennus;1.1
2014;090;Heinävesi;muu_asuinrakennus;1.15
2014;090;Heinävesi;rakentamaton_rakennuspaikka;
2014;090;Heinävesi;vakituinen_asuinrakennus;0.55
2014;090;Heinävesi;yleinen_maapohja;1.1
2014;090;Heinävesi;yleinen_rakennus;1.1
2014;091;Helsinki;muu_asuinrakennus;
2014;091;Helsinki;rakentamaton_rakennuspaikka;2.3
2014;091;Helsinki;vakituinen_asuinrakennus;0.32
2014;091;Helsinki;yleinen_maapohja;0.8
2014;091;Helsinki;yleinen_rakennus;0.8
2014;092;Vantaa;muu_asuinrakennus;
2014;092;Vantaa;rakentamaton_rakennuspaikka;2.5
2014;092;Vantaa;vakituinen_asuinrakennus;0.32
2014;092;Vantaa;yleinen_maapohja;1
2014;092;Vantaa;yleinen_rakennus;1
2014;097;Hirvensalmi;muu_asuinrakennus;0.95
2014;097;Hirvensalmi;rakentamaton_rakennuspaikka;2.5
2014;097;Hirvensalmi;vakituinen_asuinrakennus;0.4
2014;097;Hirvensalmi;yleinen_maapohja;0.85
2014;097;Hirvensalmi;yleinen_rakennus;0.85
2014;098;Hollola;muu_asuinrakennus;1.1
2014;098;Hollola;rakentamaton_rakennuspaikka;
2014;098;Hollola;vakituinen_asuinrakennus;0.55
2014;098;Hollola;yleinen_maapohja;1.15
2014;098;Hollola;yleinen_rakennus;1.15
2014;102;Huittinen;muu_asuinrakennus;1
2014;102;Huittinen;rakentamaton_rakennuspaikka;
2014;102;Huittinen;vakituinen_asuinrakennus;0.4
2014;102;Huittinen;yleinen_maapohja;0.8
2014;102;Huittinen;yleinen_rakennus;0.8
2014;103;Humppila;muu_asuinrakennus;0.9
2014;103;Humppila;rakentamaton_rakennuspaikka;
2014;103;Humppila;vakituinen_asuinrakennus;0.4
2014;103;Humppila;yleinen_maapohja;0.8
2014;103;Humppila;yleinen_rakennus;0.8
2014;105;Hyrynsalmi;muu_asuinrakennus;1.15
2014;105;Hyrynsalmi;rakentamaton_rakennuspaikka;1
2014;105;Hyrynsalmi;vakituinen_asuinrakennus;0.55
2014;105;Hyrynsalmi;yleinen_maapohja;1
2014;105;Hyrynsalmi;yleinen_rakennus;1
2014;106;Hyvinkää;muu_asuinrakennus;0.95
2014;106;Hyvinkää;rakentamaton_rakennuspaikka;3
2014;106;Hyvinkää;vakituinen_asuinrakennus;0.35
2014;106;Hyvinkää;yleinen_maapohja;0.95
2014;106;Hyvinkää;yleinen_rakennus;0.95
2014;108;Hämeenkyrö;muu_asuinrakennus;1.15
2014;108;Hämeenkyrö;rakentamaton_rakennuspaikka;3
2014;108;Hämeenkyrö;vakituinen_asuinrakennus;0.55
2014;108;Hämeenkyrö;yleinen_maapohja;0.95
2014;108;Hämeenkyrö;yleinen_rakennus;0.95
2014;109;Hämeenlinna;muu_asuinrakennus;1.1
2014;109;Hämeenlinna;rakentamaton_rakennuspaikka;3
2014;109;Hämeenlinna;vakituinen_asuinrakennus;0.5
2014;109;Hämeenlinna;yleinen_maapohja;1.15
2014;109;Hämeenlinna;yleinen_rakennus;1.15
2014;111;Heinola;muu_asuinrakennus;1
2014;111;Heinola;rakentamaton_rakennuspaikka;
2014;111;Heinola;vakituinen_asuinrakennus;0.5
2014;111;Heinola;yleinen_maapohja;1
2014;111;Heinola;yleinen_rakennus;1
2014;139;Ii;muu_asuinrakennus;1
2014;139;Ii;rakentamaton_rakennuspaikka;3
2014;139;Ii;vakituinen_asuinrakennus;0.55
2014;139;Ii;yleinen_maapohja;1
2014;139;Ii;yleinen_rakennus;1
2014;140;Iisalmi;muu_asuinrakennus;0.8
2014;140;Iisalmi;rakentamaton_rakennuspaikka;3
2014;140;Iisalmi;vakituinen_asuinrakennus;0.55
2014;140;Iisalmi;yleinen_maapohja;1.1
2014;140;Iisalmi;yleinen_rakennus;1.1
2014;142;Iitti;muu_asuinrakennus;1.1
2014;142;Iitti;rakentamaton_rakennuspaikka;
2014;142;Iitti;vakituinen_asuinrakennus;0.5
2014;142;Iitti;yleinen_maapohja;1
2014;142;Iitti;yleinen_rakennus;1
2014;143;Ikaalinen;muu_asuinrakennus;1.1
2014;143;Ikaalinen;rakentamaton_rakennuspaikka;3
2014;143;Ikaalinen;vakituinen_asuinrakennus;0.54
2014;143;Ikaalinen;yleinen_maapohja;1.15
2014;143;Ikaalinen;yleinen_rakennus;1.15
2014;145;Ilmajoki;muu_asuinrakennus;0.8
2014;145;Ilmajoki;rakentamaton_rakennuspaikka;3
2014;145;Ilmajoki;vakituinen_asuinrakennus;0.45
2014;145;Ilmajoki;yleinen_maapohja;0.8
2014;145;Ilmajoki;yleinen_rakennus;0.8
2014;146;Ilomantsi;muu_asuinrakennus;0.9
2014;146;Ilomantsi;rakentamaton_rakennuspaikka;
2014;146;Ilomantsi;vakituinen_asuinrakennus;0.4
2014;146;Ilomantsi;yleinen_maapohja;0.85
2014;146;Ilomantsi;yleinen_rakennus;0.85
2014;148;Inari;muu_asuinrakennus;1.15
2014;148;Inari;rakentamaton_rakennuspaikka;3
2014;148;Inari;vakituinen_asuinrakennus;0.55
2014;148;Inari;yleinen_maapohja;1.35
2014;148;Inari;yleinen_rakennus;1.35
2014;149;Inkoo;muu_asuinrakennus;1.25
2014;149;Inkoo;rakentamaton_rakennuspaikka;2
2014;149;Inkoo;vakituinen_asuinrakennus;0.65
2014;149;Inkoo;yleinen_maapohja;1.1
2014;149;Inkoo;yleinen_rakennus;1.1
2014;151;Isojoki;muu_asuinrakennus;0.8
2014;151;Isojoki;rakentamaton_rakennuspaikka;
2014;151;Isojoki;vakituinen_asuinrakennus;0.5
2014;151;Isojoki;yleinen_maapohja;0.8
2014;151;Isojoki;yleinen_rakennus;0.8
2014;152;Isokyrö;muu_asuinrakennus;1.1
2014;152;Isokyrö;rakentamaton_rakennuspaikka;
2014;152;Isokyrö;vakituinen_asuinrakennus;0.65
2014;152;Isokyrö;yleinen_maapohja;0.92
2014;152;Isokyrö;yleinen_rakennus;0.92
2014;153;Imatra;muu_asuinrakennus;0.92
2014;153;Imatra;rakentamaton_rakennuspaikka;
2014;153;Imatra;vakituinen_asuinrakennus;0.32
2014;153;Imatra;yleinen_maapohja;1.35
2014;153;Imatra;yleinen_rakennus;1.35
2014;165;Janakkala;muu_asuinrakennus;1
2014;165;Janakkala;rakentamaton_rakennuspaikka;
2014;165;Janakkala;vakituinen_asuinrakennus;0.4
2014;165;Janakkala;yleinen_maapohja;1
2014;165;Janakkala;yleinen_rakennus;1
2014;167;Joensuu;muu_asuinrakennus;1
2014;167;Joensuu;rakentamaton_rakennuspaikka;
2014;167;Joensuu;vakituinen_asuinrakennus;0.45
2014;167;Joensuu;yleinen_maapohja;1.1
2014;167;Joensuu;yleinen_rakennus;1.1
2014;169;Jokioinen;muu_asuinrakennus;1
2014;169;Jokioinen;rakentamaton_rakennuspaikka;1.65
2014;169;Jokioinen;vakituinen_asuinrakennus;0.4
2014;169;Jokioinen;yleinen_maapohja;0.9
2014;169;Jokioinen;yleinen_rakennus;0.9
2014;170;Jomala;muu_asuinrakennus;0.9
2014;170;Jomala;rakentamaton_rakennuspaikka;1
2014;170;Jomala;vakituinen_asuinrakennus;0
2014;170;Jomala;yleinen_maapohja;0.5
2014;170;Jomala;yleinen_rakennus;0.5
2014;171;Joroinen;muu_asuinrakennus;1.05
2014;171;Joroinen;rakentamaton_rakennuspaikka;
2014;171;Joroinen;vakituinen_asuinrakennus;0.45
2014;171;Joroinen;yleinen_maapohja;0.95
2014;171;Joroinen;yleinen_rakennus;0.95
2014;172;Joutsa;muu_asuinrakennus;1.2
2014;172;Joutsa;rakentamaton_rakennuspaikka;
2014;172;Joutsa;vakituinen_asuinrakennus;0.6
2014;172;Joutsa;yleinen_maapohja;1
2014;172;Joutsa;yleinen_rakennus;1
2014;176;Juuka;muu_asuinrakennus;0.99
2014;176;Juuka;rakentamaton_rakennuspaikka;
2014;176;Juuka;vakituinen_asuinrakennus;0.45
2014;176;Juuka;yleinen_maapohja;1
2014;176;Juuka;yleinen_rakennus;1
2014;177;Juupajoki;muu_asuinrakennus;1.05
2014;177;Juupajoki;rakentamaton_rakennuspaikka;
2014;177;Juupajoki;vakituinen_asuinrakennus;0.45
2014;177;Juupajoki;yleinen_maapohja;1.15
2014;177;Juupajoki;yleinen_rakennus;1.15
2014;178;Juva;muu_asuinrakennus;1.03
2014;178;Juva;rakentamaton_rakennuspaikka;2
2014;178;Juva;vakituinen_asuinrakennus;0.43
2014;178;Juva;yleinen_maapohja;0.95
2014;178;Juva;yleinen_rakennus;0.95
2014;179;Jyväskylä;muu_asuinrakennus;1.1
2014;179;Jyväskylä;rakentamaton_rakennuspaikka;3
2014;179;Jyväskylä;vakituinen_asuinrakennus;0.5
2014;179;Jyväskylä;yleinen_maapohja;1.15
2014;179;Jyväskylä;yleinen_rakennus;1.15
2014;181;Jämijärvi;muu_asuinrakennus;0.9
2014;181;Jämijärvi;rakentamaton_rakennuspaikka;
2014;181;Jämijärvi;vakituinen_asuinrakennus;0.4
2014;181;Jämijärvi;yleinen_maapohja;0.85
2014;181;Jämijärvi;yleinen_rakennus;0.85
2014;182;Jämsä;muu_asuinrakennus;1.05
2014;182;Jämsä;rakentamaton_rakennuspaikka;3
2014;182;Jämsä;vakituinen_asuinrakennus;0.45
2014;182;Jämsä;yleinen_maapohja;1
2014;182;Jämsä;yleinen_rakennus;1
2014;186;Järvenpää;muu_asuinrakennus;1.15
2014;186;Järvenpää;rakentamaton_rakennuspaikka;3
2014;186;Järvenpää;vakituinen_asuinrakennus;0.55
2014;186;Järvenpää;yleinen_maapohja;1.35
2014;186;Järvenpää;yleinen_rakennus;1.35
2014;202;Kaarina;muu_asuinrakennus;
2014;202;Kaarina;rakentamaton_rakennuspaikka;3
2014;202;Kaarina;vakituinen_asuinrakennus;0.35
2014;202;Kaarina;yleinen_maapohja;1
2014;202;Kaarina;yleinen_rakennus;1
2014;204;Kaavi;muu_asuinrakennus;1.25
2014;204;Kaavi;rakentamaton_rakennuspaikka;
2014;204;Kaavi;vakituinen_asuinrakennus;0.65
2014;204;Kaavi;yleinen_maapohja;1.2
2014;204;Kaavi;yleinen_rakennus;1.2
2014;205;Kajaani;muu_asuinrakennus;1.15
2014;205;Kajaani;rakentamaton_rakennuspaikka;3
2014;205;Kajaani;vakituinen_asuinrakennus;0.55
2014;205;Kajaani;yleinen_maapohja;1.1
2014;205;Kajaani;yleinen_rakennus;1.1
2014;208;Kalajoki;muu_asuinrakennus;0.9
2014;208;Kalajoki;rakentamaton_rakennuspaikka;
2014;208;Kalajoki;vakituinen_asuinrakennus;0.35
2014;208;Kalajoki;yleinen_maapohja;0.75
2014;208;Kalajoki;yleinen_rakennus;0.75
2014;211;Kangasala;muu_asuinrakennus;1.03
2014;211;Kangasala;rakentamaton_rakennuspaikka;2
2014;211;Kangasala;vakituinen_asuinrakennus;0.43
2014;211;Kangasala;yleinen_maapohja;0.9
2014;211;Kangasala;yleinen_rakennus;0.9
2014;213;Kangasniemi;muu_asuinrakennus;1
2014;213;Kangasniemi;rakentamaton_rakennuspaikka;2
2014;213;Kangasniemi;vakituinen_asuinrakennus;0.4
2014;213;Kangasniemi;yleinen_maapohja;0.7
2014;213;Kangasniemi;yleinen_rakennus;0.7
2014;214;Kankaanpää;muu_asuinrakennus;0.96
2014;214;Kankaanpää;rakentamaton_rakennuspaikka;3
2014;214;Kankaanpää;vakituinen_asuinrakennus;0.36
2014;214;Kankaanpää;yleinen_maapohja;1.1
2014;214;Kankaanpää;yleinen_rakennus;1.1
2014;216;Kannonkoski;muu_asuinrakennus;1.1
2014;216;Kannonkoski;rakentamaton_rakennuspaikka;
2014;216;Kannonkoski;vakituinen_asuinrakennus;0.5
2014;216;Kannonkoski;yleinen_maapohja;0.85
2014;216;Kannonkoski;yleinen_rakennus;0.85
2014;217;Kannus;muu_asuinrakennus;1
2014;217;Kannus;rakentamaton_rakennuspaikka;
2014;217;Kannus;vakituinen_asuinrakennus;0.5
2014;217;Kannus;yleinen_maapohja;1
2014;217;Kannus;yleinen_rakennus;1
2014;218;Karijoki;muu_asuinrakennus;1
2014;218;Karijoki;rakentamaton_rakennuspaikka;
2014;218;Karijoki;vakituinen_asuinrakennus;0.4
2014;218;Karijoki;yleinen_maapohja;0.9
2014;218;Karijoki;yleinen_rakennus;0.9
2014;224;Karkkila;muu_asuinrakennus;1.15
2014;224;Karkkila;rakentamaton_rakennuspaikka;3
2014;224;Karkkila;vakituinen_asuinrakennus;0.55
2014;224;Karkkila;yleinen_maapohja;1.1
2014;224;Karkkila;yleinen_rakennus;1.1
2014;226;Karstula;muu_asuinrakennus;0.9
2014;226;Karstula;rakentamaton_rakennuspaikka;
2014;226;Karstula;vakituinen_asuinrakennus;0.4
2014;226;Karstula;yleinen_maapohja;0.8
2014;226;Karstula;yleinen_rakennus;0.8
2014;230;Karvia;muu_asuinrakennus;0.8
2014;230;Karvia;rakentamaton_rakennuspaikka;
2014;230;Karvia;vakituinen_asuinrakennus;0.32
2014;230;Karvia;yleinen_maapohja;0.7
2014;230;Karvia;yleinen_rakennus;0.7
2014;231;Kaskinen;muu_asuinrakennus;1.1
2014;231;Kaskinen;rakentamaton_rakennuspaikka;3
2014;231;Kaskinen;vakituinen_asuinrakennus;0.5
2014;231;Kaskinen;yleinen_maapohja;1
2014;231;Kaskinen;yleinen_rakennus;1
2014;232;Kauhajoki;muu_asuinrakennus;1.2
2014;232;Kauhajoki;rakentamaton_rakennuspaikka;3
2014;232;Kauhajoki;vakituinen_asuinrakennus;0.65
2014;232;Kauhajoki;yleinen_maapohja;0.9
2014;232;Kauhajoki;yleinen_rakennus;0.9
2014;233;Kauhava;muu_asuinrakennus;1.05
2014;233;Kauhava;rakentamaton_rakennuspaikka;1.5
2014;233;Kauhava;vakituinen_asuinrakennus;0.45
2014;233;Kauhava;yleinen_maapohja;0.85
2014;233;Kauhava;yleinen_rakennus;0.85
2014;235;Kauniainen;muu_asuinrakennus;
2014;235;Kauniainen;rakentamaton_rakennuspaikka;2.1
2014;235;Kauniainen;vakituinen_asuinrakennus;0.32
2014;235;Kauniainen;yleinen_maapohja;0.6
2014;235;Kauniainen;yleinen_rakennus;0.6
2014;236;Kaustinen;muu_asuinrakennus;1
2014;236;Kaustinen;rakentamaton_rakennuspaikka;3
2014;236;Kaustinen;vakituinen_asuinrakennus;0.5
2014;236;Kaustinen;yleinen_maapohja;0.95
2014;236;Kaustinen;yleinen_rakennus;0.95
2014;239;Keitele;muu_asuinrakennus;0.9
2014;239;Keitele;rakentamaton_rakennuspaikka;
2014;239;Keitele;vakituinen_asuinrakennus;0.35
2014;239;Keitele;yleinen_maapohja;0.7
2014;239;Keitele;yleinen_rakennus;0.7
2014;240;Kemi;muu_asuinrakennus;1
2014;240;Kemi;rakentamaton_rakennuspaikka;3
2014;240;Kemi;vakituinen_asuinrakennus;0.5
2014;240;Kemi;yleinen_maapohja;1.13
2014;240;Kemi;yleinen_rakennus;1.13
2014;241;Keminmaa;muu_asuinrakennus;1
2014;241;Keminmaa;rakentamaton_rakennuspaikka;3
2014;241;Keminmaa;vakituinen_asuinrakennus;0.4
2014;241;Keminmaa;yleinen_maapohja;1.15
2014;241;Keminmaa;yleinen_rakennus;1.15
2014;244;Kempele;muu_asuinrakennus;0.95
2014;244;Kempele;rakentamaton_rakennuspaikka;3
2014;244;Kempele;vakituinen_asuinrakennus;0.4
2014;244;Kempele;yleinen_maapohja;0.95
2014;244;Kempele;yleinen_rakennus;0.95
2014;245;Kerava;muu_asuinrakennus;0.91
2014;245;Kerava;rakentamaton_rakennuspaikka;3
2014;245;Kerava;vakituinen_asuinrakennus;0.41
2014;245;Kerava;yleinen_maapohja;1.32
2014;245;Kerava;yleinen_rakennus;1.32
2014;249;Keuruu;muu_asuinrakennus;1
2014;249;Keuruu;rakentamaton_rakennuspaikka;
2014;249;Keuruu;vakituinen_asuinrakennus;0.4
2014;249;Keuruu;yleinen_maapohja;1
2014;249;Keuruu;yleinen_rakennus;1
2014;250;Kihniö;muu_asuinrakennus;1.04
2014;250;Kihniö;rakentamaton_rakennuspaikka;
2014;250;Kihniö;vakituinen_asuinrakennus;0.44
2014;250;Kihniö;yleinen_maapohja;0.98
2014;250;Kihniö;yleinen_rakennus;0.98
2014;256;Kinnula;muu_asuinrakennus;1.1
2014;256;Kinnula;rakentamaton_rakennuspaikka;2.5
2014;256;Kinnula;vakituinen_asuinrakennus;0.55
2014;256;Kinnula;yleinen_maapohja;1
2014;256;Kinnula;yleinen_rakennus;1
2014;257;Kirkkonummi;muu_asuinrakennus;0.92
2014;257;Kirkkonummi;rakentamaton_rakennuspaikka;3
2014;257;Kirkkonummi;vakituinen_asuinrakennus;0.32
2014;257;Kirkkonummi;yleinen_maapohja;0.8
2014;257;Kirkkonummi;yleinen_rakennus;0.8
2014;260;Kitee;muu_asuinrakennus;1.1
2014;260;Kitee;rakentamaton_rakennuspaikka;
2014;260;Kitee;vakituinen_asuinrakennus;0.6
2014;260;Kitee;yleinen_maapohja;1
2014;260;Kitee;yleinen_rakennus;1
2014;261;Kittilä;muu_asuinrakennus;0.95
2014;261;Kittilä;rakentamaton_rakennuspaikka;
2014;261;Kittilä;vakituinen_asuinrakennus;0.35
2014;261;Kittilä;yleinen_maapohja;0.95
2014;261;Kittilä;yleinen_rakennus;0.95
2014;263;Kiuruvesi;muu_asuinrakennus;1
2014;263;Kiuruvesi;rakentamaton_rakennuspaikka;3
2014;263;Kiuruvesi;vakituinen_asuinrakennus;0.55
2014;263;Kiuruvesi;yleinen_maapohja;0.8
2014;263;Kiuruvesi;yleinen_rakennus;0.8
2014;265;Kivijärvi;muu_asuinrakennus;1.06
2014;265;Kivijärvi;rakentamaton_rakennuspaikka;
2014;265;Kivijärvi;vakituinen_asuinrakennus;0.46
2014;265;Kivijärvi;yleinen_maapohja;0.97
2014;265;Kivijärvi;yleinen_rakennus;0.97
2014;271;Kokemäki;muu_asuinrakennus;1.02
2014;271;Kokemäki;rakentamaton_rakennuspaikka;2
2014;271;Kokemäki;vakituinen_asuinrakennus;0.42
2014;271;Kokemäki;yleinen_maapohja;1.05
2014;271;Kokemäki;yleinen_rakennus;1.05
2014;272;Kokkola;muu_asuinrakennus;1
2014;272;Kokkola;rakentamaton_rakennuspaikka;2.5
2014;272;Kokkola;vakituinen_asuinrakennus;0.6
2014;272;Kokkola;yleinen_maapohja;1.25
2014;272;Kokkola;yleinen_rakennus;1.25
2014;273;Kolari;muu_asuinrakennus;1.03
2014;273;Kolari;rakentamaton_rakennuspaikka;
2014;273;Kolari;vakituinen_asuinrakennus;0.43
2014;273;Kolari;yleinen_maapohja;0.95
2014;273;Kolari;yleinen_rakennus;0.95
2014;275;Konnevesi;muu_asuinrakennus;1.05
2014;275;Konnevesi;rakentamaton_rakennuspaikka;
2014;275;Konnevesi;vakituinen_asuinrakennus;0.5
2014;275;Konnevesi;yleinen_maapohja;1.05
2014;275;Konnevesi;yleinen_rakennus;1.05
2014;276;Kontiolahti;muu_asuinrakennus;0.9
2014;276;Kontiolahti;rakentamaton_rakennuspaikka;
2014;276;Kontiolahti;vakituinen_asuinrakennus;0.32
2014;276;Kontiolahti;yleinen_maapohja;0.75
2014;276;Kontiolahti;yleinen_rakennus;0.75
2014;280;Korsnäs;muu_asuinrakennus;1.1
2014;280;Korsnäs;rakentamaton_rakennuspaikka;
2014;280;Korsnäs;vakituinen_asuinrakennus;0.5
2014;280;Korsnäs;yleinen_maapohja;0.8
2014;280;Korsnäs;yleinen_rakennus;0.8
2014;284;Koski Tl;muu_asuinrakennus;0.8
2014;284;Koski Tl;rakentamaton_rakennuspaikka;
2014;284;Koski Tl;vakituinen_asuinrakennus;0.32
2014;284;Koski Tl;yleinen_maapohja;0.6
2014;284;Koski Tl;yleinen_rakennus;0.6
2014;285;Kotka;muu_asuinrakennus;1
2014;285;Kotka;rakentamaton_rakennuspaikka;
2014;285;Kotka;vakituinen_asuinrakennus;0.53
2014;285;Kotka;yleinen_maapohja;1.27
2014;285;Kotka;yleinen_rakennus;1.27
2014;286;Kouvola;muu_asuinrakennus;1.15
2014;286;Kouvola;rakentamaton_rakennuspaikka;
2014;286;Kouvola;vakituinen_asuinrakennus;0.55
2014;286;Kouvola;yleinen_maapohja;1.35
2014;286;Kouvola;yleinen_rakennus;1.35
2014;287;Kristiinankaupunki;muu_asuinrakennus;1.1
2014;287;Kristiinankaupunki;rakentamaton_rakennuspaikka;
2014;287;Kristiinankaupunki;vakituinen_asuinrakennus;0.5
2014;287;Kristiinankaupunki;yleinen_maapohja;0.8
2014;287;Kristiinankaupunki;yleinen_rakennus;0.8
2014;288;Kruunupyy;muu_asuinrakennus;1.1
2014;288;Kruunupyy;rakentamaton_rakennuspaikka;2
2014;288;Kruunupyy;vakituinen_asuinrakennus;0.5
2014;288;Kruunupyy;yleinen_maapohja;0.8
2014;288;Kruunupyy;yleinen_rakennus;0.8
2014;290;Kuhmo;muu_asuinrakennus;1.08
2014;290;Kuhmo;rakentamaton_rakennuspaikka;2
2014;290;Kuhmo;vakituinen_asuinrakennus;0.54
2014;290;Kuhmo;yleinen_maapohja;0.98
2014;290;Kuhmo;yleinen_rakennus;0.98
2014;291;Kuhmoinen;muu_asuinrakennus;1.1
2014;291;Kuhmoinen;rakentamaton_rakennuspaikka;
2014;291;Kuhmoinen;vakituinen_asuinrakennus;0.5
2014;291;Kuhmoinen;yleinen_maapohja;1
2014;291;Kuhmoinen;yleinen_rakennus;1
2014;295;Kumlinge;muu_asuinrakennus;0.9
2014;295;Kumlinge;rakentamaton_rakennuspaikka;
2014;295;Kumlinge;vakituinen_asuinrakennus;0
2014;295;Kumlinge;yleinen_maapohja;0.4
2014;295;Kumlinge;yleinen_rakennus;0.4
2014;297;Kuopio;muu_asuinrakennus;1.1
2014;297;Kuopio;rakentamaton_rakennuspaikka;3
2014;297;Kuopio;vakituinen_asuinrakennus;0.52
2014;297;Kuopio;yleinen_maapohja;1.3
2014;297;Kuopio;yleinen_rakennus;1.3
2014;300;Kuortane;muu_asuinrakennus;1.05
2014;300;Kuortane;rakentamaton_rakennuspaikka;
2014;300;Kuortane;vakituinen_asuinrakennus;0.45
2014;300;Kuortane;yleinen_maapohja;0.9
2014;300;Kuortane;yleinen_rakennus;0.9
2014;301;Kurikka;muu_asuinrakennus;0.9
2014;301;Kurikka;rakentamaton_rakennuspaikka;
2014;301;Kurikka;vakituinen_asuinrakennus;0.45
2014;301;Kurikka;yleinen_maapohja;0.7
2014;301;Kurikka;yleinen_rakennus;0.7
2014;304;Kustavi;muu_asuinrakennus;0.98
2014;304;Kustavi;rakentamaton_rakennuspaikka;
2014;304;Kustavi;vakituinen_asuinrakennus;0.38
2014;304;Kustavi;yleinen_maapohja;0.9
2014;304;Kustavi;yleinen_rakennus;0.9
2014;305;Kuusamo;muu_asuinrakennus;1.1
2014;305;Kuusamo;rakentamaton_rakennuspaikka;
2014;305;Kuusamo;vakituinen_asuinrakennus;0.5
2014;305;Kuusamo;yleinen_maapohja;1.1
2014;305;Kuusamo;yleinen_rakennus;1.1
2014;309;Outokumpu;muu_asuinrakennus;1.25
2014;309;Outokumpu;rakentamaton_rakennuspaikka;
2014;309;Outokumpu;vakituinen_asuinrakennus;0.65
2014;309;Outokumpu;yleinen_maapohja;1.1
2014;309;Outokumpu;yleinen_rakennus;1.1
2014;312;Kyyjärvi;muu_asuinrakennus;1.05
2014;312;Kyyjärvi;rakentamaton_rakennuspaikka;2
2014;312;Kyyjärvi;vakituinen_asuinrakennus;0.45
2014;312;Kyyjärvi;yleinen_maapohja;0.8
2014;312;Kyyjärvi;yleinen_rakennus;0.8
2014;316;Kärkölä;muu_asuinrakennus;1.1
2014;316;Kärkölä;rakentamaton_rakennuspaikka;3
2014;316;Kärkölä;vakituinen_asuinrakennus;0.5
2014;316;Kärkölä;yleinen_maapohja;1.25
2014;316;Kärkölä;yleinen_rakennus;1.25
2014;317;Kärsämäki;muu_asuinrakennus;1.1
2014;317;Kärsämäki;rakentamaton_rakennuspaikka;3
2014;317;Kärsämäki;vakituinen_asuinrakennus;0.5
2014;317;Kärsämäki;yleinen_maapohja;0.85
2014;317;Kärsämäki;yleinen_rakennus;0.85
2014;318;Kökar;muu_asuinrakennus;0.9
2014;318;Kökar;rakentamaton_rakennuspaikka;
2014;318;Kökar;vakituinen_asuinrakennus;0
2014;318;Kökar;yleinen_maapohja;0.8
2014;318;Kökar;yleinen_rakennus;0.8
2014;320;Kemijärvi;muu_asuinrakennus;1.1
2014;320;Kemijärvi;rakentamaton_rakennuspaikka;
2014;320;Kemijärvi;vakituinen_asuinrakennus;0.5
2014;320;Kemijärvi;yleinen_maapohja;1
2014;320;Kemijärvi;yleinen_rakennus;1
2014;322;Kemiönsaari;muu_asuinrakennus;
2014;322;Kemiönsaari;rakentamaton_rakennuspaikka;
2014;322;Kemiönsaari;vakituinen_asuinrakennus;0.32
2014;322;Kemiönsaari;yleinen_maapohja;1.1
2014;322;Kemiönsaari;yleinen_rakennus;1.1
2014;398;Lahti;muu_asuinrakennus;
2014;398;Lahti;rakentamaton_rakennuspaikka;3
2014;398;Lahti;vakituinen_asuinrakennus;0.5
2014;398;Lahti;yleinen_maapohja;1
2014;398;Lahti;yleinen_rakennus;1
2014;399;Laihia;muu_asuinrakennus;1
2014;399;Laihia;rakentamaton_rakennuspaikka;3
2014;399;Laihia;vakituinen_asuinrakennus;0.6
2014;399;Laihia;yleinen_maapohja;1
2014;399;Laihia;yleinen_rakennus;1
2014;400;Laitila;muu_asuinrakennus;0.95
2014;400;Laitila;rakentamaton_rakennuspaikka;3
2014;400;Laitila;vakituinen_asuinrakennus;0.35
2014;400;Laitila;yleinen_maapohja;0.81
2014;400;Laitila;yleinen_rakennus;0.81
2014;402;Lapinlahti;muu_asuinrakennus;1
2014;402;Lapinlahti;rakentamaton_rakennuspaikka;1
2014;402;Lapinlahti;vakituinen_asuinrakennus;0.6
2014;402;Lapinlahti;yleinen_maapohja;0.9
2014;402;Lapinlahti;yleinen_rakennus;0.9
2014;403;Lappajärvi;muu_asuinrakennus;1.1
2014;403;Lappajärvi;rakentamaton_rakennuspaikka;
2014;403;Lappajärvi;vakituinen_asuinrakennus;0.5
2014;403;Lappajärvi;yleinen_maapohja;0.65
2014;403;Lappajärvi;yleinen_rakennus;0.65
2014;405;Lappeenranta;muu_asuinrakennus;1.15
2014;405;Lappeenranta;rakentamaton_rakennuspaikka;3
2014;405;Lappeenranta;vakituinen_asuinrakennus;0.55
2014;405;Lappeenranta;yleinen_maapohja;1.3
2014;405;Lappeenranta;yleinen_rakennus;1.3
2014;407;Lapinjärvi;muu_asuinrakennus;1.1
2014;407;Lapinjärvi;rakentamaton_rakennuspaikka;
2014;407;Lapinjärvi;vakituinen_asuinrakennus;0.5
2014;407;Lapinjärvi;yleinen_maapohja;1
2014;407;Lapinjärvi;yleinen_rakennus;1
2014;408;Lapua;muu_asuinrakennus;0.95
2014;408;Lapua;rakentamaton_rakennuspaikka;3
2014;408;Lapua;vakituinen_asuinrakennus;0.4
2014;408;Lapua;yleinen_maapohja;0.95
2014;408;Lapua;yleinen_rakennus;0.95
2014;410;Laukaa;muu_asuinrakennus;1.1
2014;410;Laukaa;rakentamaton_rakennuspaikka;3
2014;410;Laukaa;vakituinen_asuinrakennus;0.5
2014;410;Laukaa;yleinen_maapohja;1
2014;410;Laukaa;yleinen_rakennus;1
2014;416;Lemi;muu_asuinrakennus;1.1
2014;416;Lemi;rakentamaton_rakennuspaikka;
2014;416;Lemi;vakituinen_asuinrakennus;0.5
2014;416;Lemi;yleinen_maapohja;1
2014;416;Lemi;yleinen_rakennus;1
2014;417;Lemland;muu_asuinrakennus;0.9
2014;417;Lemland;rakentamaton_rakennuspaikka;0
2014;417;Lemland;vakituinen_asuinrakennus;0
2014;417;Lemland;yleinen_maapohja;0.7
2014;417;Lemland;yleinen_rakennus;0.7
2014;418;Lempäälä;muu_asuinrakennus;1
2014;418;Lempäälä;rakentamaton_rakennuspaikka;3
2014;418;Lempäälä;vakituinen_asuinrakennus;0.43
2014;418;Lempäälä;yleinen_maapohja;0.9
2014;418;Lempäälä;yleinen_rakennus;0.9
2014;420;Leppävirta;muu_asuinrakennus;1
2014;420;Leppävirta;rakentamaton_rakennuspaikka;1
2014;420;Leppävirta;vakituinen_asuinrakennus;0.45
2014;420;Leppävirta;yleinen_maapohja;1
2014;420;Leppävirta;yleinen_rakennus;1
2014;421;Lestijärvi;muu_asuinrakennus;1
2014;421;Lestijärvi;rakentamaton_rakennuspaikka;
2014;421;Lestijärvi;vakituinen_asuinrakennus;0.5
2014;421;Lestijärvi;yleinen_maapohja;0.6
2014;421;Lestijärvi;yleinen_rakennus;0.6
2014;422;Lieksa;muu_asuinrakennus;0.95
2014;422;Lieksa;rakentamaton_rakennuspaikka;
2014;422;Lieksa;vakituinen_asuinrakennus;0.43
2014;422;Lieksa;yleinen_maapohja;1
2014;422;Lieksa;yleinen_rakennus;1
2014;423;Lieto;muu_asuinrakennus;1
2014;423;Lieto;rakentamaton_rakennuspaikka;3
2014;423;Lieto;vakituinen_asuinrakennus;0.4
2014;423;Lieto;yleinen_maapohja;1
2014;423;Lieto;yleinen_rakennus;1
2014;425;Liminka;muu_asuinrakennus;0.7
2014;425;Liminka;rakentamaton_rakennuspaikka;3
2014;425;Liminka;vakituinen_asuinrakennus;0.4
2014;425;Liminka;yleinen_maapohja;0.7
2014;425;Liminka;yleinen_rakennus;0.7
2014;426;Liperi;muu_asuinrakennus;1
2014;426;Liperi;rakentamaton_rakennuspaikka;
2014;426;Liperi;vakituinen_asuinrakennus;0.5
2014;426;Liperi;yleinen_maapohja;0.85
2014;426;Liperi;yleinen_rakennus;0.85
2014;430;Loimaa;muu_asuinrakennus;1.05
2014;430;Loimaa;rakentamaton_rakennuspaikka;
2014;430;Loimaa;vakituinen_asuinrakennus;0.5
2014;430;Loimaa;yleinen_maapohja;1
2014;430;Loimaa;yleinen_rakennus;1
2014;433;Loppi;muu_asuinrakennus;1
2014;433;Loppi;rakentamaton_rakennuspaikka;3
2014;433;Loppi;vakituinen_asuinrakennus;0.4
2014;433;Loppi;yleinen_maapohja;1
2014;433;Loppi;yleinen_rakennus;1
2014;434;Loviisa;muu_asuinrakennus;1
2014;434;Loviisa;rakentamaton_rakennuspaikka;3
2014;434;Loviisa;vakituinen_asuinrakennus;0.5
2014;434;Loviisa;yleinen_maapohja;1
2014;434;Loviisa;yleinen_rakennus;1
2014;435;Luhanka;muu_asuinrakennus;1.1
2014;435;Luhanka;rakentamaton_rakennuspaikka;
2014;435;Luhanka;vakituinen_asuinrakennus;0.5
2014;435;Luhanka;yleinen_maapohja;1.1
2014;435;Luhanka;yleinen_rakennus;1.1
2014;436;Lumijoki;muu_asuinrakennus;0.9
2014;436;Lumijoki;rakentamaton_rakennuspaikka;3
2014;436;Lumijoki;vakituinen_asuinrakennus;0.32
2014;436;Lumijoki;yleinen_maapohja;0.6
2014;436;Lumijoki;yleinen_rakennus;0.6
2014;438;Lumparland;muu_asuinrakennus;0.9
2014;438;Lumparland;rakentamaton_rakennuspaikka;
2014;438;Lumparland;vakituinen_asuinrakennus;0
2014;438;Lumparland;yleinen_maapohja;0.6
2014;438;Lumparland;yleinen_rakennus;0.6
2014;440;Luoto;muu_asuinrakennus;0.95
2014;440;Luoto;rakentamaton_rakennuspaikka;3
2014;440;Luoto;vakituinen_asuinrakennus;0.35
2014;440;Luoto;yleinen_maapohja;1.2
2014;440;Luoto;yleinen_rakennus;1.2
2014;441;Luumäki;muu_asuinrakennus;0.95
2014;441;Luumäki;rakentamaton_rakennuspaikka;
2014;441;Luumäki;vakituinen_asuinrakennus;0.4
2014;441;Luumäki;yleinen_maapohja;0.7
2014;441;Luumäki;yleinen_rakennus;0.7
2014;444;Lohja;muu_asuinrakennus;1.05
2014;444;Lohja;rakentamaton_rakennuspaikka;3
2014;444;Lohja;vakituinen_asuinrakennus;0.45
2014;444;Lohja;yleinen_maapohja;0.9
2014;444;Lohja;yleinen_rakennus;0.9
2014;445;Parainen;muu_asuinrakennus;
2014;445;Parainen;rakentamaton_rakennuspaikka;3
2014;445;Parainen;vakituinen_asuinrakennus;0.4
2014;445;Parainen;yleinen_maapohja;1.35
2014;445;Parainen;yleinen_rakennus;1.35
2014;475;Maalahti;muu_asuinrakennus;1.1
2014;475;Maalahti;rakentamaton_rakennuspaikka;
2014;475;Maalahti;vakituinen_asuinrakennus;0.5
2014;475;Maalahti;yleinen_maapohja;0.8
2014;475;Maalahti;yleinen_rakennus;0.8
2014;478;Maarianhamina - Mariehamn;muu_asuinrakennus;0.9
2014;478;Maarianhamina - Mariehamn;rakentamaton_rakennuspaikka;1.35
2014;478;Maarianhamina - Mariehamn;vakituinen_asuinrakennus;0.3
2014;478;Maarianhamina - Mariehamn;yleinen_maapohja;0.2
2014;478;Maarianhamina - Mariehamn;yleinen_rakennus;0.2
2014;480;Marttila;muu_asuinrakennus;0.95
2014;480;Marttila;rakentamaton_rakennuspaikka;
2014;480;Marttila;vakituinen_asuinrakennus;0.38
2014;480;Marttila;yleinen_maapohja;0.7
2014;480;Marttila;yleinen_rakennus;0.7
2014;481;Masku;muu_asuinrakennus;1
2014;481;Masku;rakentamaton_rakennuspaikka;
2014;481;Masku;vakituinen_asuinrakennus;0.4
2014;481;Masku;yleinen_maapohja;0.95
2014;481;Masku;yleinen_rakennus;0.95
2014;483;Merijärvi;muu_asuinrakennus;1
2014;483;Merijärvi;rakentamaton_rakennuspaikka;
2014;483;Merijärvi;vakituinen_asuinrakennus;0.45
2014;483;Merijärvi;yleinen_maapohja;0.85
2014;483;Merijärvi;yleinen_rakennus;0.85
2014;484;Merikarvia;muu_asuinrakennus;0.92
2014;484;Merikarvia;rakentamaton_rakennuspaikka;2.5
2014;484;Merikarvia;vakituinen_asuinrakennus;0.32
2014;484;Merikarvia;yleinen_maapohja;0.7
2014;484;Merikarvia;yleinen_rakennus;0.7
2014;489;Miehikkälä;muu_asuinrakennus;1.05
2014;489;Miehikkälä;rakentamaton_rakennuspaikka;
2014;489;Miehikkälä;vakituinen_asuinrakennus;0.45
2014;489;Miehikkälä;yleinen_maapohja;1
2014;489;Miehikkälä;yleinen_rakennus;1
2014;491;Mikkeli;muu_asuinrakennus;1.1
2014;491;Mikkeli;rakentamaton_rakennuspaikka;3
2014;491;Mikkeli;vakituinen_asuinrakennus;0.55
2014;491;Mikkeli;yleinen_maapohja;1.2
2014;491;Mikkeli;yleinen_rakennus;1.2
2014;494;Muhos;muu_asuinrakennus;0.95
2014;494;Muhos;rakentamaton_rakennuspaikka;3
2014;494;Muhos;vakituinen_asuinrakennus;0.42
2014;494;Muhos;yleinen_maapohja;0.8
2014;494;Muhos;yleinen_rakennus;0.8
2014;495;Multia;muu_asuinrakennus;1.05
2014;495;Multia;rakentamaton_rakennuspaikka;1
2014;495;Multia;vakituinen_asuinrakennus;0.45
2014;495;Multia;yleinen_maapohja;1
2014;495;Multia;yleinen_rakennus;1
2014;498;Muonio;muu_asuinrakennus;1
2014;498;Muonio;rakentamaton_rakennuspaikka;
2014;498;Muonio;vakituinen_asuinrakennus;0.4
2014;498;Muonio;yleinen_maapohja;0.9
2014;498;Muonio;yleinen_rakennus;0.9
2014;499;Mustasaari;muu_asuinrakennus;1.1
2014;499;Mustasaari;rakentamaton_rakennuspaikka;3
2014;499;Mustasaari;vakituinen_asuinrakennus;0.5
2014;499;Mustasaari;yleinen_maapohja;0.8
2014;499;Mustasaari;yleinen_rakennus;0.8
2014;500;Muurame;muu_asuinrakennus;1.1
2014;500;Muurame;rakentamaton_rakennuspaikka;2
2014;500;Muurame;vakituinen_asuinrakennus;0.5
2014;500;Muurame;yleinen_maapohja;1
2014;500;Muurame;yleinen_rakennus;1
2014;503;Mynämäki;muu_asuinrakennus;1
2014;503;Mynämäki;rakentamaton_rakennuspaikka;
2014;503;Mynämäki;vakituinen_asuinrakennus;0.4
2014;503;Mynämäki;yleinen_maapohja;0.7
2014;503;Mynämäki;yleinen_rakennus;0.7
2014;504;Myrskylä;muu_asuinrakennus;1.05
2014;504;Myrskylä;rakentamaton_rakennuspaikka;
2014;504;Myrskylä;vakituinen_asuinrakennus;0.45
2014;504;Myrskylä;yleinen_maapohja;0.85
2014;504;Myrskylä;yleinen_rakennus;0.85
2014;505;Mäntsälä;muu_asuinrakennus;1
2014;505;Mäntsälä;rakentamaton_rakennuspaikka;3
2014;505;Mäntsälä;vakituinen_asuinrakennus;0.55
2014;505;Mäntsälä;yleinen_maapohja;1.1
2014;505;Mäntsälä;yleinen_rakennus;1.1
2014;507;Mäntyharju;muu_asuinrakennus;1.05
2014;507;Mäntyharju;rakentamaton_rakennuspaikka;3
2014;507;Mäntyharju;vakituinen_asuinrakennus;0.5
2014;507;Mäntyharju;yleinen_maapohja;1
2014;507;Mäntyharju;yleinen_rakennus;1
2014;508;Mänttä-Vilppula;muu_asuinrakennus;1
2014;508;Mänttä-Vilppula;rakentamaton_rakennuspaikka;
2014;508;Mänttä-Vilppula;vakituinen_asuinrakennus;0.5
2014;508;Mänttä-Vilppula;yleinen_maapohja;1
2014;508;Mänttä-Vilppula;yleinen_rakennus;1
2014;529;Naantali;muu_asuinrakennus;1.05
2014;529;Naantali;rakentamaton_rakennuspaikka;3
2014;529;Naantali;vakituinen_asuinrakennus;0.45
2014;529;Naantali;yleinen_maapohja;1.05
2014;529;Naantali;yleinen_rakennus;1.05
2014;531;Nakkila;muu_asuinrakennus;0.8
2014;531;Nakkila;rakentamaton_rakennuspaikka;1.6
2014;531;Nakkila;vakituinen_asuinrakennus;0.5
2014;531;Nakkila;yleinen_maapohja;0.95
2014;531;Nakkila;yleinen_rakennus;0.95
2014;535;Nivala;muu_asuinrakennus;1
2014;535;Nivala;rakentamaton_rakennuspaikka;3
2014;535;Nivala;vakituinen_asuinrakennus;0.65
2014;535;Nivala;yleinen_maapohja;1
2014;535;Nivala;yleinen_rakennus;1
2014;536;Nokia;muu_asuinrakennus;1
2014;536;Nokia;rakentamaton_rakennuspaikka;3
2014;536;Nokia;vakituinen_asuinrakennus;0.41
2014;536;Nokia;yleinen_maapohja;0.9
2014;536;Nokia;yleinen_rakennus;0.9
2014;538;Nousiainen;muu_asuinrakennus;1.05
2014;538;Nousiainen;rakentamaton_rakennuspaikka;
2014;538;Nousiainen;vakituinen_asuinrakennus;0.45
2014;538;Nousiainen;yleinen_maapohja;0.95
2014;538;Nousiainen;yleinen_rakennus;0.95
2014;541;Nurmes;muu_asuinrakennus;0.99
2014;541;Nurmes;rakentamaton_rakennuspaikka;
2014;541;Nurmes;vakituinen_asuinrakennus;0.45
2014;541;Nurmes;yleinen_maapohja;1.02
2014;541;Nurmes;yleinen_rakennus;1.02
2014;543;Nurmijärvi;muu_asuinrakennus;0.85
2014;543;Nurmijärvi;rakentamaton_rakennuspaikka;3
2014;543;Nurmijärvi;vakituinen_asuinrakennus;0.35
2014;543;Nurmijärvi;yleinen_maapohja;0.75
2014;543;Nurmijärvi;yleinen_rakennus;0.75
2014;545;Närpiö;muu_asuinrakennus;1
2014;545;Närpiö;rakentamaton_rakennuspaikka;
2014;545;Närpiö;vakituinen_asuinrakennus;0.4
2014;545;Närpiö;yleinen_maapohja;0.6
2014;545;Närpiö;yleinen_rakennus;0.6
2014;560;Orimattila;muu_asuinrakennus;1.1
2014;560;Orimattila;rakentamaton_rakennuspaikka;3
2014;560;Orimattila;vakituinen_asuinrakennus;0.5
2014;560;Orimattila;yleinen_maapohja;1.1
2014;560;Orimattila;yleinen_rakennus;1.1
2014;561;Oripää;muu_asuinrakennus;0.95
2014;561;Oripää;rakentamaton_rakennuspaikka;
2014;561;Oripää;vakituinen_asuinrakennus;0.38
2014;561;Oripää;yleinen_maapohja;0.7
2014;561;Oripää;yleinen_rakennus;0.7
2014;562;Orivesi;muu_asuinrakennus;1.05
2014;562;Orivesi;rakentamaton_rakennuspaikka;2.6
2014;562;Orivesi;vakituinen_asuinrakennus;0.45
2014;562;Orivesi;yleinen_maapohja;0.9
2014;562;Orivesi;yleinen_rakennus;0.9
2014;563;Oulainen;muu_asuinrakennus;1.05
2014;563;Oulainen;rakentamaton_rakennuspaikka;3
2014;563;Oulainen;vakituinen_asuinrakennus;0.55
2014;563;Oulainen;yleinen_maapohja;1
2014;563;Oulainen;yleinen_rakennus;1
2014;564;Oulu;muu_asuinrakennus;0.9
2014;564;Oulu;rakentamaton_rakennuspaikka;
2014;564;Oulu;vakituinen_asuinrakennus;0.4
2014;564;Oulu;yleinen_maapohja;0.95
2014;564;Oulu;yleinen_rakennus;0.95
2014;576;Padasjoki;muu_asuinrakennus;1.2
2014;576;Padasjoki;rakentamaton_rakennuspaikka;
2014;576;Padasjoki;vakituinen_asuinrakennus;0.6
2014;576;Padasjoki;yleinen_maapohja;0.75
2014;576;Padasjoki;yleinen_rakennus;0.75
2014;577;Paimio;muu_asuinrakennus;0.95
2014;577;Paimio;rakentamaton_rakennuspaikka;3
2014;577;Paimio;vakituinen_asuinrakennus;0.35
2014;577;Paimio;yleinen_maapohja;0.8
2014;577;Paimio;yleinen_rakennus;0.8
2014;578;Paltamo;muu_asuinrakennus;1.1
2014;578;Paltamo;rakentamaton_rakennuspaikka;
2014;578;Paltamo;vakituinen_asuinrakennus;0.6
2014;578;Paltamo;yleinen_maapohja;1.1
2014;578;Paltamo;yleinen_rakennus;1.1
2014;580;Parikkala;muu_asuinrakennus;1.1
2014;580;Parikkala;rakentamaton_rakennuspaikka;
2014;580;Parikkala;vakituinen_asuinrakennus;0.5
2014;580;Parikkala;yleinen_maapohja;1
2014;580;Parikkala;yleinen_rakennus;1
2014;581;Parkano;muu_asuinrakennus;1.1
2014;581;Parkano;rakentamaton_rakennuspaikka;
2014;581;Parkano;vakituinen_asuinrakennus;0.52
2014;581;Parkano;yleinen_maapohja;1.1
2014;581;Parkano;yleinen_rakennus;1.1
2014;583;Pelkosenniemi;muu_asuinrakennus;1.2
2014;583;Pelkosenniemi;rakentamaton_rakennuspaikka;3
2014;583;Pelkosenniemi;vakituinen_asuinrakennus;0.6
2014;583;Pelkosenniemi;yleinen_maapohja;1.15
2014;583;Pelkosenniemi;yleinen_rakennus;1.15
2014;584;Perho;muu_asuinrakennus;1.05
2014;584;Perho;rakentamaton_rakennuspaikka;2.25
2014;584;Perho;vakituinen_asuinrakennus;0.5
2014;584;Perho;yleinen_maapohja;0.75
2014;584;Perho;yleinen_rakennus;0.75
2014;592;Petäjävesi;muu_asuinrakennus;1.12
2014;592;Petäjävesi;rakentamaton_rakennuspaikka;
2014;592;Petäjävesi;vakituinen_asuinrakennus;0.52
2014;592;Petäjävesi;yleinen_maapohja;1.1
2014;592;Petäjävesi;yleinen_rakennus;1.1
2014;593;Pieksämäki;muu_asuinrakennus;1
2014;593;Pieksämäki;rakentamaton_rakennuspaikka;
2014;593;Pieksämäki;vakituinen_asuinrakennus;0.4
2014;593;Pieksämäki;yleinen_maapohja;0.9
2014;593;Pieksämäki;yleinen_rakennus;0.9
2014;595;Pielavesi;muu_asuinrakennus;1.1
2014;595;Pielavesi;rakentamaton_rakennuspaikka;2.5
2014;595;Pielavesi;vakituinen_asuinrakennus;0.6
2014;595;Pielavesi;yleinen_maapohja;0.85
2014;595;Pielavesi;yleinen_rakennus;0.85
2014;598;Pietarsaari;muu_asuinrakennus;1.05
2014;598;Pietarsaari;rakentamaton_rakennuspaikka;3
2014;598;Pietarsaari;vakituinen_asuinrakennus;0.45
2014;598;Pietarsaari;yleinen_maapohja;1.05
2014;598;Pietarsaari;yleinen_rakennus;1.05
2014;599;Pedersören kunta;muu_asuinrakennus;1.15
2014;599;Pedersören kunta;rakentamaton_rakennuspaikka;
2014;599;Pedersören kunta;vakituinen_asuinrakennus;0.55
2014;599;Pedersören kunta;yleinen_maapohja;0.9
2014;599;Pedersören kunta;yleinen_rakennus;0.9
2014;601;Pihtipudas;muu_asuinrakennus;1.1
2014;601;Pihtipudas;rakentamaton_rakennuspaikka;
2014;601;Pihtipudas;vakituinen_asuinrakennus;0.6
2014;601;Pihtipudas;yleinen_maapohja;0.8
2014;601;Pihtipudas;yleinen_rakennus;0.8
2014;604;Pirkkala;muu_asuinrakennus;0.95
2014;604;Pirkkala;rakentamaton_rakennuspaikka;
2014;604;Pirkkala;vakituinen_asuinrakennus;0.45
2014;604;Pirkkala;yleinen_maapohja;0.9
2014;604;Pirkkala;yleinen_rakennus;0.9
2014;607;Polvijärvi;muu_asuinrakennus;0.9
2014;607;Polvijärvi;rakentamaton_rakennuspaikka;
2014;607;Polvijärvi;vakituinen_asuinrakennus;0.45
2014;607;Polvijärvi;yleinen_maapohja;0.7
2014;607;Polvijärvi;yleinen_rakennus;0.7
2014;608;Pomarkku;muu_asuinrakennus;0.92
2014;608;Pomarkku;rakentamaton_rakennuspaikka;
2014;608;Pomarkku;vakituinen_asuinrakennus;0.32
2014;608;Pomarkku;yleinen_maapohja;0.75
2014;608;Pomarkku;yleinen_rakennus;0.75
2014;609;Pori;muu_asuinrakennus;1.1
2014;609;Pori;rakentamaton_rakennuspaikka;3
2014;609;Pori;vakituinen_asuinrakennus;0.5
2014;609;Pori;yleinen_maapohja;0.9
2014;609;Pori;yleinen_rakennus;0.9
2014;611;Pornainen;muu_asuinrakennus;1
2014;611;Pornainen;rakentamaton_rakennuspaikka;3
2014;611;Pornainen;vakituinen_asuinrakennus;0.5
2014;611;Pornainen;yleinen_maapohja;1
2014;611;Pornainen;yleinen_rakennus;1
2014;614;Posio;muu_asuinrakennus;1
2014;614;Posio;rakentamaton_rakennuspaikka;
2014;614;Posio;vakituinen_asuinrakennus;0.5
2014;614;Posio;yleinen_maapohja;1
2014;614;Posio;yleinen_rakennus;1
2014;615;Pudasjärvi;muu_asuinrakennus;0.87
2014;615;Pudasjärvi;rakentamaton_rakennuspaikka;2
2014;615;Pudasjärvi;vakituinen_asuinrakennus;0.4
2014;615;Pudasjärvi;yleinen_maapohja;0.75
2014;615;Pudasjärvi;yleinen_rakennus;0.75
2014;616;Pukkila;muu_asuinrakennus;1.25
2014;616;Pukkila;rakentamaton_rakennuspaikka;3
2014;616;Pukkila;vakituinen_asuinrakennus;0.65
2014;616;Pukkila;yleinen_maapohja;1.15
2014;616;Pukkila;yleinen_rakennus;1.15
2014;619;Punkalaidun;muu_asuinrakennus;0.9
2014;619;Punkalaidun;rakentamaton_rakennuspaikka;
2014;619;Punkalaidun;vakituinen_asuinrakennus;0.4
2014;619;Punkalaidun;yleinen_maapohja;0.85
2014;619;Punkalaidun;yleinen_rakennus;0.85
2014;620;Puolanka;muu_asuinrakennus;1
2014;620;Puolanka;rakentamaton_rakennuspaikka;
2014;620;Puolanka;vakituinen_asuinrakennus;0.5
2014;620;Puolanka;yleinen_maapohja;0.8
2014;620;Puolanka;yleinen_rakennus;0.8
2014;623;Puumala;muu_asuinrakennus;1.08
2014;623;Puumala;rakentamaton_rakennuspaikka;1.6
2014;623;Puumala;vakituinen_asuinrakennus;0.48
2014;623;Puumala;yleinen_maapohja;0.95
2014;623;Puumala;yleinen_rakennus;0.95
2014;624;Pyhtää;muu_asuinrakennus;1.22
2014;624;Pyhtää;rakentamaton_rakennuspaikka;
2014;624;Pyhtää;vakituinen_asuinrakennus;0.62
2014;624;Pyhtää;yleinen_maapohja;1.27
2014;624;Pyhtää;yleinen_rakennus;1.27
2014;625;Pyhäjoki;muu_asuinrakennus;
2014;625;Pyhäjoki;rakentamaton_rakennuspaikka;3
2014;625;Pyhäjoki;vakituinen_asuinrakennus;0.4
2014;625;Pyhäjoki;yleinen_maapohja;1.1
2014;625;Pyhäjoki;yleinen_rakennus;1.1
2014;626;Pyhäjärvi;muu_asuinrakennus;0.9
2014;626;Pyhäjärvi;rakentamaton_rakennuspaikka;3
2014;626;Pyhäjärvi;vakituinen_asuinrakennus;0.45
2014;626;Pyhäjärvi;yleinen_maapohja;0.9
2014;626;Pyhäjärvi;yleinen_rakennus;0.9
2014;630;Pyhäntä;muu_asuinrakennus;1.1
2014;630;Pyhäntä;rakentamaton_rakennuspaikka;1.1
2014;630;Pyhäntä;vakituinen_asuinrakennus;0.5
2014;630;Pyhäntä;yleinen_maapohja;0.75
2014;630;Pyhäntä;yleinen_rakennus;0.75
2014;631;Pyhäranta;muu_asuinrakennus;0.92
2014;631;Pyhäranta;rakentamaton_rakennuspaikka;3
2014;631;Pyhäranta;vakituinen_asuinrakennus;0.32
2014;631;Pyhäranta;yleinen_maapohja;1
2014;631;Pyhäranta;yleinen_rakennus;1
2014;635;Pälkäne;muu_asuinrakennus;1
2014;635;Pälkäne;rakentamaton_rakennuspaikka;
2014;635;Pälkäne;vakituinen_asuinrakennus;0.4
2014;635;Pälkäne;yleinen_maapohja;0.8
2014;635;Pälkäne;yleinen_rakennus;0.8
2014;636;Pöytyä;muu_asuinrakennus;0.98
2014;636;Pöytyä;rakentamaton_rakennuspaikka;
2014;636;Pöytyä;vakituinen_asuinrakennus;0.38
2014;636;Pöytyä;yleinen_maapohja;0.8
2014;636;Pöytyä;yleinen_rakennus;0.8
2014;638;Porvoo;muu_asuinrakennus;1.05
2014;638;Porvoo;rakentamaton_rakennuspaikka;
2014;638;Porvoo;vakituinen_asuinrakennus;0.45
2014;638;Porvoo;yleinen_maapohja;1.25
2014;638;Porvoo;yleinen_rakennus;1.25
2014;678;Raahe;muu_asuinrakennus;1
2014;678;Raahe;rakentamaton_rakennuspaikka;3
2014;678;Raahe;vakituinen_asuinrakennus;0.5
2014;678;Raahe;yleinen_maapohja;1
2014;678;Raahe;yleinen_rakennus;1
2014;680;Raisio;muu_asuinrakennus;0.8
2014;680;Raisio;rakentamaton_rakennuspaikka;3
2014;680;Raisio;vakituinen_asuinrakennus;0.45
2014;680;Raisio;yleinen_maapohja;1.25
2014;680;Raisio;yleinen_rakennus;1.25
2014;681;Rantasalmi;muu_asuinrakennus;0.97
2014;681;Rantasalmi;rakentamaton_rakennuspaikka;2
2014;681;Rantasalmi;vakituinen_asuinrakennus;0.42
2014;681;Rantasalmi;yleinen_maapohja;0.92
2014;681;Rantasalmi;yleinen_rakennus;0.92
2014;683;Ranua;muu_asuinrakennus;1
2014;683;Ranua;rakentamaton_rakennuspaikka;
2014;683;Ranua;vakituinen_asuinrakennus;0.4
2014;683;Ranua;yleinen_maapohja;0.9
2014;683;Ranua;yleinen_rakennus;0.9
2014;684;Rauma;muu_asuinrakennus;0.75
2014;684;Rauma;rakentamaton_rakennuspaikka;3
2014;684;Rauma;vakituinen_asuinrakennus;0.32
2014;684;Rauma;yleinen_maapohja;0.68
2014;684;Rauma;yleinen_rakennus;0.68
2014;686;Rautalampi;muu_asuinrakennus;1.3
2014;686;Rautalampi;rakentamaton_rakennuspaikka;
2014;686;Rautalampi;vakituinen_asuinrakennus;0.7
2014;686;Rautalampi;yleinen_maapohja;1
2014;686;Rautalampi;yleinen_rakennus;1
2014;687;Rautavaara;muu_asuinrakennus;0.95
2014;687;Rautavaara;rakentamaton_rakennuspaikka;2
2014;687;Rautavaara;vakituinen_asuinrakennus;0.4
2014;687;Rautavaara;yleinen_maapohja;0.65
2014;687;Rautavaara;yleinen_rakennus;0.65
2014;689;Rautjärvi;muu_asuinrakennus;0.92
2014;689;Rautjärvi;rakentamaton_rakennuspaikka;
2014;689;Rautjärvi;vakituinen_asuinrakennus;0.32
2014;689;Rautjärvi;yleinen_maapohja;0.67
2014;689;Rautjärvi;yleinen_rakennus;0.67
2014;691;Reisjärvi;muu_asuinrakennus;1.2
2014;691;Reisjärvi;rakentamaton_rakennuspaikka;1.6
2014;691;Reisjärvi;vakituinen_asuinrakennus;0.65
2014;691;Reisjärvi;yleinen_maapohja;1.1
2014;691;Reisjärvi;yleinen_rakennus;1.1
2014;694;Riihimäki;muu_asuinrakennus;0.8
2014;694;Riihimäki;rakentamaton_rakennuspaikka;3
2014;694;Riihimäki;vakituinen_asuinrakennus;0.45
2014;694;Riihimäki;yleinen_maapohja;1.25
2014;694;Riihimäki;yleinen_rakennus;1.25
2014;697;Ristijärvi;muu_asuinrakennus;1.15
2014;697;Ristijärvi;rakentamaton_rakennuspaikka;
2014;697;Ristijärvi;vakituinen_asuinrakennus;0.55
2014;697;Ristijärvi;yleinen_maapohja;0.9
2014;697;Ristijärvi;yleinen_rakennus;0.9
2014;698;Rovaniemi;muu_asuinrakennus;1
2014;698;Rovaniemi;rakentamaton_rakennuspaikka;3
2014;698;Rovaniemi;vakituinen_asuinrakennus;0.4
2014;698;Rovaniemi;yleinen_maapohja;1.35
2014;698;Rovaniemi;yleinen_rakennus;1.35
2014;700;Ruokolahti;muu_asuinrakennus;1.1
2014;700;Ruokolahti;rakentamaton_rakennuspaikka;
2014;700;Ruokolahti;vakituinen_asuinrakennus;0.5
2014;700;Ruokolahti;yleinen_maapohja;0.9
2014;700;Ruokolahti;yleinen_rakennus;0.9
2014;702;Ruovesi;muu_asuinrakennus;1.1
2014;702;Ruovesi;rakentamaton_rakennuspaikka;
2014;702;Ruovesi;vakituinen_asuinrakennus;0.5
2014;702;Ruovesi;yleinen_maapohja;1
2014;702;Ruovesi;yleinen_rakennus;1
2014;704;Rusko;muu_asuinrakennus;1.02
2014;704;Rusko;rakentamaton_rakennuspaikka;
2014;704;Rusko;vakituinen_asuinrakennus;0.42
2014;704;Rusko;yleinen_maapohja;0.7
2014;704;Rusko;yleinen_rakennus;0.7
2014;707;Rääkkylä;muu_asuinrakennus;1.05
2014;707;Rääkkylä;rakentamaton_rakennuspaikka;
2014;707;Rääkkylä;vakituinen_asuinrakennus;0.5
2014;707;Rääkkylä;yleinen_maapohja;1
2014;707;Rääkkylä;yleinen_rakennus;1
2014;710;Raasepori;muu_asuinrakennus;
2014;710;Raasepori;rakentamaton_rakennuspaikka;
2014;710;Raasepori;vakituinen_asuinrakennus;0.32
2014;710;Raasepori;yleinen_maapohja;1.35
2014;710;Raasepori;yleinen_rakennus;1.35
2014;729;Saarijärvi;muu_asuinrakennus;1.05
2014;729;Saarijärvi;rakentamaton_rakennuspaikka;2.4
2014;729;Saarijärvi;vakituinen_asuinrakennus;0.45
2014;729;Saarijärvi;yleinen_maapohja;1
2014;729;Saarijärvi;yleinen_rakennus;1
2014;732;Salla;muu_asuinrakennus;1.2
2014;732;Salla;rakentamaton_rakennuspaikka;
2014;732;Salla;vakituinen_asuinrakennus;0.6
2014;732;Salla;yleinen_maapohja;1.35
2014;732;Salla;yleinen_rakennus;1.35
2014;734;Salo;muu_asuinrakennus;1.15
2014;734;Salo;rakentamaton_rakennuspaikka;3
2014;734;Salo;vakituinen_asuinrakennus;0.55
2014;734;Salo;yleinen_maapohja;0.9
2014;734;Salo;yleinen_rakennus;0.9
2014;736;Saltvik;muu_asuinrakennus;0.9
2014;736;Saltvik;rakentamaton_rakennuspaikka;0
2014;736;Saltvik;vakituinen_asuinrakennus;0
2014;736;Saltvik;yleinen_maapohja;0.2
2014;736;Saltvik;yleinen_rakennus;0.2
2014;738;Sauvo;muu_asuinrakennus;1.05
2014;738;Sauvo;rakentamaton_rakennuspaikka;
2014;738;Sauvo;vakituinen_asuinrakennus;0.45
2014;738;Sauvo;yleinen_maapohja;0.8
2014;738;Sauvo;yleinen_rakennus;0.8
2014;739;Savitaipale;muu_asuinrakennus;1.1
2014;739;Savitaipale;rakentamaton_rakennuspaikka;
2014;739;Savitaipale;vakituinen_asuinrakennus;0.5
2014;739;Savitaipale;yleinen_maapohja;0.85
2014;739;Savitaipale;yleinen_rakennus;0.85
2014;740;Savonlinna;muu_asuinrakennus;1.05
2014;740;Savonlinna;rakentamaton_rakennuspaikka;
2014;740;Savonlinna;vakituinen_asuinrakennus;0.45
2014;740;Savonlinna;yleinen_maapohja;1.05
2014;740;Savonlinna;yleinen_rakennus;1.05
2014;742;Savukoski;muu_asuinrakennus;1.2
2014;742;Savukoski;rakentamaton_rakennuspaikka;
2014;742;Savukoski;vakituinen_asuinrakennus;0.6
2014;742;Savukoski;yleinen_maapohja;1.2
2014;742;Savukoski;yleinen_rakennus;1.2
2014;743;Seinäjoki;muu_asuinrakennus;1.1
2014;743;Seinäjoki;rakentamaton_rakennuspaikka;3
2014;743;Seinäjoki;vakituinen_asuinrakennus;0.5
2014;743;Seinäjoki;yleinen_maapohja;1.2
2014;743;Seinäjoki;yleinen_rakennus;1.2
2014;746;Sievi;muu_asuinrakennus;1.3
2014;746;Sievi;rakentamaton_rakennuspaikka;
2014;746;Sievi;vakituinen_asuinrakennus;0.7
2014;746;Sievi;yleinen_maapohja;0.9
2014;746;Sievi;yleinen_rakennus;0.9
2014;747;Siikainen;muu_asuinrakennus;1
2014;747;Siikainen;rakentamaton_rakennuspaikka;
2014;747;Siikainen;vakituinen_asuinrakennus;0.4
2014;747;Siikainen;yleinen_maapohja;0.7
2014;747;Siikainen;yleinen_rakennus;0.7
2014;748;Siikajoki;muu_asuinrakennus;1
2014;748;Siikajoki;rakentamaton_rakennuspaikka;3
2014;748;Siikajoki;vakituinen_asuinrakennus;0.5
2014;748;Siikajoki;yleinen_maapohja;1
2014;748;Siikajoki;yleinen_rakennus;1
2014;749;Siilinjärvi;muu_asuinrakennus;1
2014;749;Siilinjärvi;rakentamaton_rakennuspaikka;3
2014;749;Siilinjärvi;vakituinen_asuinrakennus;0.65
2014;749;Siilinjärvi;yleinen_maapohja;1.25
2014;749;Siilinjärvi;yleinen_rakennus;1.25
2014;751;Simo;muu_asuinrakennus;0.9
2014;751;Simo;rakentamaton_rakennuspaikka;
2014;751;Simo;vakituinen_asuinrakennus;0.35
2014;751;Simo;yleinen_maapohja;0.9
2014;751;Simo;yleinen_rakennus;0.9
2014;753;Sipoo;muu_asuinrakennus;1.1
2014;753;Sipoo;rakentamaton_rakennuspaikka;3
2014;753;Sipoo;vakituinen_asuinrakennus;0.5
2014;753;Sipoo;yleinen_maapohja;1
2014;753;Sipoo;yleinen_rakennus;1
2014;755;Siuntio;muu_asuinrakennus;1.1
2014;755;Siuntio;rakentamaton_rakennuspaikka;3
2014;755;Siuntio;vakituinen_asuinrakennus;0.5
2014;755;Siuntio;yleinen_maapohja;1.2
2014;755;Siuntio;yleinen_rakennus;1.2
2014;758;Sodankylä;muu_asuinrakennus;1.05
2014;758;Sodankylä;rakentamaton_rakennuspaikka;3
2014;758;Sodankylä;vakituinen_asuinrakennus;0.45
2014;758;Sodankylä;yleinen_maapohja;1.31
2014;758;Sodankylä;yleinen_rakennus;1.31
2014;759;Soini;muu_asuinrakennus;1.1
2014;759;Soini;rakentamaton_rakennuspaikka;
2014;759;Soini;vakituinen_asuinrakennus;0.5
2014;759;Soini;yleinen_maapohja;0.95
2014;759;Soini;yleinen_rakennus;0.95
2014;761;Somero;muu_asuinrakennus;0.9
2014;761;Somero;rakentamaton_rakennuspaikka;
2014;761;Somero;vakituinen_asuinrakennus;0.32
2014;761;Somero;yleinen_maapohja;0.7
2014;761;Somero;yleinen_rakennus;0.7
2014;762;Sonkajärvi;muu_asuinrakennus;0.85
2014;762;Sonkajärvi;rakentamaton_rakennuspaikka;
2014;762;Sonkajärvi;vakituinen_asuinrakennus;0.4
2014;762;Sonkajärvi;yleinen_maapohja;0.7
2014;762;Sonkajärvi;yleinen_rakennus;0.7
2014;765;Sotkamo;muu_asuinrakennus;1.2
2014;765;Sotkamo;rakentamaton_rakennuspaikka;
2014;765;Sotkamo;vakituinen_asuinrakennus;0.6
2014;765;Sotkamo;yleinen_maapohja;1.1
2014;765;Sotkamo;yleinen_rakennus;1.1
2014;766;Sottunga;muu_asuinrakennus;0.9
2014;766;Sottunga;rakentamaton_rakennuspaikka;
2014;766;Sottunga;vakituinen_asuinrakennus;0.5
2014;766;Sottunga;yleinen_maapohja;0.7
2014;766;Sottunga;yleinen_rakennus;0.7
2014;768;Sulkava;muu_asuinrakennus;1.05
2014;768;Sulkava;rakentamaton_rakennuspaikka;
2014;768;Sulkava;vakituinen_asuinrakennus;0.45
2014;768;Sulkava;yleinen_maapohja;0.9
2014;768;Sulkava;yleinen_rakennus;0.9
2014;771;Sund;muu_asuinrakennus;0.9
2014;771;Sund;rakentamaton_rakennuspaikka;0.2
2014;771;Sund;vakituinen_asuinrakennus;0
2014;771;Sund;yleinen_maapohja;0.75
2014;771;Sund;yleinen_rakennus;0.75
2014;777;Suomussalmi;muu_asuinrakennus;1
2014;777;Suomussalmi;rakentamaton_rakennuspaikka;
2014;777;Suomussalmi;vakituinen_asuinrakennus;0.45
2014;777;Suomussalmi;yleinen_maapohja;0.95
2014;777;Suomussalmi;yleinen_rakennus;0.95
2014;778;Suonenjoki;muu_asuinrakennus;1.1
2014;778;Suonenjoki;rakentamaton_rakennuspaikka;
2014;778;Suonenjoki;vakituinen_asuinrakennus;0.65
2014;778;Suonenjoki;yleinen_maapohja;1
2014;778;Suonenjoki;yleinen_rakennus;1
2014;781;Sysmä;muu_asuinrakennus;1
2014;781;Sysmä;rakentamaton_rakennuspaikka;
2014;781;Sysmä;vakituinen_asuinrakennus;0.5
2014;781;Sysmä;yleinen_maapohja;0.9
2014;781;Sysmä;yleinen_rakennus;0.9
2014;783;Säkylä;muu_asuinrakennus;1
2014;783;Säkylä;rakentamaton_rakennuspaikka;
2014;783;Säkylä;vakituinen_asuinrakennus;0.45
2014;783;Säkylä;yleinen_maapohja;0.9
2014;783;Säkylä;yleinen_rakennus;0.9
2014;785;Vaala;muu_asuinrakennus;1.15
2014;785;Vaala;rakentamaton_rakennuspaikka;
2014;785;Vaala;vakituinen_asuinrakennus;0.59
2014;785;Vaala;yleinen_maapohja;1.1
2014;785;Vaala;yleinen_rakennus;1.1
2014;790;Sastamala;muu_asuinrakennus;0.98
2014;790;Sastamala;rakentamaton_rakennuspaikka;2
2014;790;Sastamala;vakituinen_asuinrakennus;0.45
2014;790;Sastamala;yleinen_maapohja;0.75
2014;790;Sastamala;yleinen_rakennus;0.75
2014;791;Siikalatva;muu_asuinrakennus;1.2
2014;791;Siikalatva;rakentamaton_rakennuspaikka;2
2014;791;Siikalatva;vakituinen_asuinrakennus;0.6
2014;791;Siikalatva;yleinen_maapohja;1
2014;791;Siikalatva;yleinen_rakennus;1
2014;831;Taipalsaari;muu_asuinrakennus;1.1
2014;831;Taipalsaari;rakentamaton_rakennuspaikka;3
2014;831;Taipalsaari;vakituinen_asuinrakennus;0.5
2014;831;Taipalsaari;yleinen_maapohja;0.95
2014;831;Taipalsaari;yleinen_rakennus;0.95
2014;832;Taivalkoski;muu_asuinrakennus;1
2014;832;Taivalkoski;rakentamaton_rakennuspaikka;
2014;832;Taivalkoski;vakituinen_asuinrakennus;0.45
2014;832;Taivalkoski;yleinen_maapohja;0.8
2014;832;Taivalkoski;yleinen_rakennus;0.8
2014;833;Taivassalo;muu_asuinrakennus;1.1
2014;833;Taivassalo;rakentamaton_rakennuspaikka;
2014;833;Taivassalo;vakituinen_asuinrakennus;0.5
2014;833;Taivassalo;yleinen_maapohja;1
2014;833;Taivassalo;yleinen_rakennus;1
2014;834;Tammela;muu_asuinrakennus;1.02
2014;834;Tammela;rakentamaton_rakennuspaikka;
2014;834;Tammela;vakituinen_asuinrakennus;0.42
2014;834;Tammela;yleinen_maapohja;0.75
2014;834;Tammela;yleinen_rakennus;0.75
2014;837;Tampere;muu_asuinrakennus;0.9
2014;837;Tampere;rakentamaton_rakennuspaikka;3
2014;837;Tampere;vakituinen_asuinrakennus;0.5
2014;837;Tampere;yleinen_maapohja;1.05
2014;837;Tampere;yleinen_rakennus;1.05
2014;844;Tervo;muu_asuinrakennus;1
2014;844;Tervo;rakentamaton_rakennuspaikka;1.5
2014;844;Tervo;vakituinen_asuinrakennus;0.48
2014;844;Tervo;yleinen_maapohja;0.85
2014;844;Tervo;yleinen_rakennus;0.85
2014;845;Tervola;muu_asuinrakennus;0.95
2014;845;Tervola;rakentamaton_rakennuspaikka;
2014;845;Tervola;vakituinen_asuinrakennus;0.5
2014;845;Tervola;yleinen_maapohja;0.95
2014;845;Tervola;yleinen_rakennus;0.95
2014;846;Teuva;muu_asuinrakennus;
2014;846;Teuva;rakentamaton_rakennuspaikka;
2014;846;Teuva;vakituinen_asuinrakennus;0.5
2014;846;Teuva;yleinen_maapohja;0.8
2014;846;Teuva;yleinen_rakennus;0.8
2014;848;Tohmajärvi;muu_asuinrakennus;1.15
2014;848;Tohmajärvi;rakentamaton_rakennuspaikka;3
2014;848;Tohmajärvi;vakituinen_asuinrakennus;0.55
2014;848;Tohmajärvi;yleinen_maapohja;1.1
2014;848;Tohmajärvi;yleinen_rakennus;1.1
2014;849;Toholampi;muu_asuinrakennus;0.9
2014;849;Toholampi;rakentamaton_rakennuspaikka;2.1
2014;849;Toholampi;vakituinen_asuinrakennus;0.45
2014;849;Toholampi;yleinen_maapohja;1
2014;849;Toholampi;yleinen_rakennus;1
2014;850;Toivakka;muu_asuinrakennus;1.1
2014;850;Toivakka;rakentamaton_rakennuspaikka;3
2014;850;Toivakka;vakituinen_asuinrakennus;0.5
2014;850;Toivakka;yleinen_maapohja;1.1
2014;850;Toivakka;yleinen_rakennus;1.1
2014;851;Tornio;muu_asuinrakennus;1
2014;851;Tornio;rakentamaton_rakennuspaikka;3
2014;851;Tornio;vakituinen_asuinrakennus;0.42
2014;851;Tornio;yleinen_maapohja;1.05
2014;851;Tornio;yleinen_rakennus;1.05
2014;853;Turku;muu_asuinrakennus;0.7
2014;853;Turku;rakentamaton_rakennuspaikka;3
2014;853;Turku;vakituinen_asuinrakennus;0.32
2014;853;Turku;yleinen_maapohja;1
2014;853;Turku;yleinen_rakennus;1
2014;854;Pello;muu_asuinrakennus;1
2014;854;Pello;rakentamaton_rakennuspaikka;
2014;854;Pello;vakituinen_asuinrakennus;0.35
2014;854;Pello;yleinen_maapohja;0.85
2014;854;Pello;yleinen_rakennus;0.85
2014;857;Tuusniemi;muu_asuinrakennus;1.1
2014;857;Tuusniemi;rakentamaton_rakennuspaikka;
2014;857;Tuusniemi;vakituinen_asuinrakennus;0.55
2014;857;Tuusniemi;yleinen_maapohja;1
2014;857;Tuusniemi;yleinen_rakennus;1
2014;858;Tuusula;muu_asuinrakennus;0.65
2014;858;Tuusula;rakentamaton_rakennuspaikka;2.25
2014;858;Tuusula;vakituinen_asuinrakennus;0.32
2014;858;Tuusula;yleinen_maapohja;0.75
2014;858;Tuusula;yleinen_rakennus;0.75
2014;859;Tyrnävä;muu_asuinrakennus;0.98
2014;859;Tyrnävä;rakentamaton_rakennuspaikka;
2014;859;Tyrnävä;vakituinen_asuinrakennus;0.54
2014;859;Tyrnävä;yleinen_maapohja;0.98
2014;859;Tyrnävä;yleinen_rakennus;0.98
2014;886;Ulvila;muu_asuinrakennus;1.05
2014;886;Ulvila;rakentamaton_rakennuspaikka;3
2014;886;Ulvila;vakituinen_asuinrakennus;0.45
2014;886;Ulvila;yleinen_maapohja;0.9
2014;886;Ulvila;yleinen_rakennus;0.9
2014;887;Urjala;muu_asuinrakennus;1.2
2014;887;Urjala;rakentamaton_rakennuspaikka;1.5
2014;887;Urjala;vakituinen_asuinrakennus;0.6
2014;887;Urjala;yleinen_maapohja;1.1
2014;887;Urjala;yleinen_rakennus;1.1
2014;889;Utajärvi;muu_asuinrakennus;0.95
2014;889;Utajärvi;rakentamaton_rakennuspaikka;3
2014;889;Utajärvi;vakituinen_asuinrakennus;0.4
2014;889;Utajärvi;yleinen_maapohja;0.8
2014;889;Utajärvi;yleinen_rakennus;0.8
2014;890;Utsjoki;muu_asuinrakennus;1.25
2014;890;Utsjoki;rakentamaton_rakennuspaikka;1.5
2014;890;Utsjoki;vakituinen_asuinrakennus;0.65
2014;890;Utsjoki;yleinen_maapohja;1.1
2014;890;Utsjoki;yleinen_rakennus;1.1
2014;892;Uurainen;muu_asuinrakennus;0.92
2014;892;Uurainen;rakentamaton_rakennuspaikka;2.5
2014;892;Uurainen;vakituinen_asuinrakennus;0.32
2014;892;Uurainen;yleinen_maapohja;0.9
2014;892;Uurainen;yleinen_rakennus;0.9
2014;893;Uusikaarlepyy;muu_asuinrakennus;1
2014;893;Uusikaarlepyy;rakentamaton_rakennuspaikka;2
2014;893;Uusikaarlepyy;vakituinen_asuinrakennus;0.4
2014;893;Uusikaarlepyy;yleinen_maapohja;1
2014;893;Uusikaarlepyy;yleinen_rakennus;1
2014;895;Uusikaupunki;muu_asuinrakennus;1.02
2014;895;Uusikaupunki;rakentamaton_rakennuspaikka;
2014;895;Uusikaupunki;vakituinen_asuinrakennus;0.42
2014;895;Uusikaupunki;yleinen_maapohja;0.95
2014;895;Uusikaupunki;yleinen_rakennus;0.95
2014;905;Vaasa;muu_asuinrakennus;1
2014;905;Vaasa;rakentamaton_rakennuspaikka;3
2014;905;Vaasa;vakituinen_asuinrakennus;0.4
2014;905;Vaasa;yleinen_maapohja;1.05
2014;905;Vaasa;yleinen_rakennus;1.05
2014;908;Valkeakoski;muu_asuinrakennus;1.1
2014;908;Valkeakoski;rakentamaton_rakennuspaikka;
2014;908;Valkeakoski;vakituinen_asuinrakennus;0.5
2014;908;Valkeakoski;yleinen_maapohja;1.3
2014;908;Valkeakoski;yleinen_rakennus;1.3
2014;915;Varkaus;muu_asuinrakennus;1
2014;915;Varkaus;rakentamaton_rakennuspaikka;
2014;915;Varkaus;vakituinen_asuinrakennus;0.4
2014;915;Varkaus;yleinen_maapohja;1.35
2014;915;Varkaus;yleinen_rakennus;1.35
2014;918;Vehmaa;muu_asuinrakennus;1.1
2014;918;Vehmaa;rakentamaton_rakennuspaikka;
2014;918;Vehmaa;vakituinen_asuinrakennus;0.5
2014;918;Vehmaa;yleinen_maapohja;1
2014;918;Vehmaa;yleinen_rakennus;1
2014;921;Vesanto;muu_asuinrakennus;1
2014;921;Vesanto;rakentamaton_rakennuspaikka;
2014;921;Vesanto;vakituinen_asuinrakennus;0.5
2014;921;Vesanto;yleinen_maapohja;1
2014;921;Vesanto;yleinen_rakennus;1
2014;922;Vesilahti;muu_asuinrakennus;1.15
2014;922;Vesilahti;rakentamaton_rakennuspaikka;2
2014;922;Vesilahti;vakituinen_asuinrakennus;0.55
2014;922;Vesilahti;yleinen_maapohja;1
2014;922;Vesilahti;yleinen_rakennus;1
2014;924;Veteli;muu_asuinrakennus;1.05
2014;924;Veteli;rakentamaton_rakennuspaikka;3
2014;924;Veteli;vakituinen_asuinrakennus;0.6
2014;924;Veteli;yleinen_maapohja;0.95
2014;924;Veteli;yleinen_rakennus;0.95
2014;925;Vieremä;muu_asuinrakennus;1
2014;925;Vieremä;rakentamaton_rakennuspaikka;
2014;925;Vieremä;vakituinen_asuinrakennus;0.45
2014;925;Vieremä;yleinen_maapohja;0.9
2014;925;Vieremä;yleinen_rakennus;0.9
2014;927;Vihti;muu_asuinrakennus;1
2014;927;Vihti;rakentamaton_rakennuspaikka;3
2014;927;Vihti;vakituinen_asuinrakennus;0.5
2014;927;Vihti;yleinen_maapohja;0.95
2014;927;Vihti;yleinen_rakennus;0.95
2014;931;Viitasaari;muu_asuinrakennus;1.1
2014;931;Viitasaari;rakentamaton_rakennuspaikka;
2014;931;Viitasaari;vakituinen_asuinrakennus;0.6
2014;931;Viitasaari;yleinen_maapohja;0.9
2014;931;Viitasaari;yleinen_rakennus;0.9
2014;934;Vimpeli;muu_asuinrakennus;1.1
2014;934;Vimpeli;rakentamaton_rakennuspaikka;3
2014;934;Vimpeli;vakituinen_asuinrakennus;0.5
2014;934;Vimpeli;yleinen_maapohja;1.1
2014;934;Vimpeli;yleinen_rakennus;1.1
2014;935;Virolahti;muu_asuinrakennus;1.05
2014;935;Virolahti;rakentamaton_rakennuspaikka;
2014;935;Virolahti;vakituinen_asuinrakennus;0.45
2014;935;Virolahti;yleinen_maapohja;1.1
2014;935;Virolahti;yleinen_rakennus;1.1
2014;936;Virrat;muu_asuinrakennus;1
2014;936;Virrat;rakentamaton_rakennuspaikka;
2014;936;Virrat;vakituinen_asuinrakennus;0.45
2014;936;Virrat;yleinen_maapohja;0.9
2014;936;Virrat;yleinen_rakennus;0.9
2014;941;Vårdö;muu_asuinrakennus;0.9
2014;941;Vårdö;rakentamaton_rakennuspaikka;0
2014;941;Vårdö;vakituinen_asuinrakennus;0
2014;941;Vårdö;yleinen_maapohja;0.15
2014;941;Vårdö;yleinen_rakennus;0.15
2014;946;Vöyri;muu_asuinrakennus;1.1
2014;946;Vöyri;rakentamaton_rakennuspaikka;
2014;946;Vöyri;vakituinen_asuinrakennus;0.5
2014;946;Vöyri;yleinen_maapohja;0.7
2014;946;Vöyri;yleinen_rakennus;0.7
2014;976;Ylitornio;muu_asuinrakennus;0.85
2014;976;Ylitornio;rakentamaton_rakennuspaikka;1.5
2014;976;Ylitornio;vakituinen_asuinrakennus;0.35
2014;976;Ylitornio;yleinen_maapohja;0.7
2014;976;Ylitornio;yleinen_rakennus;0.7
2014;977;Ylivieska;muu_asuinrakennus;1.15
2014;977;Ylivieska;rakentamaton_rakennuspaikka;3
2014;977;Ylivieska;vakituinen_asuinrakennus;0.65
2014;977;Ylivieska;yleinen_maapohja;1.1
2014;977;Ylivieska;yleinen_rakennus;1.1
2014;980;Ylöjärvi;muu_asuinrakennus;1
2014;980;Ylöjärvi;rakentamaton_rakennuspaikka;3
2014;980;Ylöjärvi;vakituinen_asuinrakennus;0.5
2014;980;Ylöjärvi;yleinen_maapohja;0.9
2014;980;Ylöjärvi;yleinen_rakennus;0.9
2014;981;Ypäjä;muu_asuinrakennus;1
2014;981;Ypäjä;rakentamaton_rakennuspaikka;2
2014;981;Ypäjä;vakituinen_asuinrakennus;0.45
2014;981;Ypäjä;yleinen_maapohja;0.9
2014;981;Ypäjä;yleinen_rakennus;0.9
2014;989;Ähtäri;muu_asuinrakennus;1.1
2014;989;Ähtäri;rakentamaton_rakennuspaikka;
2014;989;Ähtäri;vakituinen_asuinrakennus;0.5
2014;989;Ähtäri;yleinen_maapohja;1.1
2014;989;Ähtäri;yleinen_rakennus;1.1
2014;992;Äänekoski;muu_asuinrakennus;1.05
2014;992;Äänekoski;rakentamaton_rakennuspaikka;
2014;992;Äänekoski;vakituinen_asuinrakennus;0.45
2014;992;Äänekoski;yleinen_maapohja;1.05
2014;992;Äänekoski;yleinen_rakennus;1.05
2015;005;Alajärvi;muu_asuinrakennus;1.1
2015;005;Alajärvi;rakentamaton_rakennuspaikka;3
2015;005;Alajärvi;vakituinen_asuinrakennus;0.5
2015;005;Alajärvi;yleinen_maapohja;1.05
2015;005;Alajärvi;yleinen_rakennus;1.05
2015;009;Alavieska;muu_asuinrakennus;0.9
2015;009;Alavieska;rakentamaton_rakennuspaikka;
2015;009;Alavieska;vakituinen_asuinrakennus;0.55
2015;009;Alavieska;yleinen_maapohja;1
2015;009;Alavieska;yleinen_rakennus;1
2015;010;Alavus;muu_asuinrakennus;1
2015;010;Alavus;rakentamaton_rakennuspaikka;
2015;010;Alavus;vakituinen_asuinrakennus;0.4
2015;010;Alavus;yleinen_maapohja;0.9
2015;010;Alavus;yleinen_rakennus;0.9
2015;016;Asikkala;muu_asuinrakennus;1.05
2015;016;Asikkala;rakentamaton_rakennuspaikka;3
2015;016;Asikkala;vakituinen_asuinrakennus;0.45
2015;016;Asikkala;yleinen_maapohja;0.83
2015;016;Asikkala;yleinen_rakennus;0.83
2015;018;Askola;muu_asuinrakennus;1.25
2015;018;Askola;rakentamaton_rakennuspaikka;3
2015;018;Askola;vakituinen_asuinrakennus;0.65
2015;018;Askola;yleinen_maapohja;1.05
2015;018;Askola;yleinen_rakennus;1.05
2015;019;Aura;muu_asuinrakennus;1.1
2015;019;Aura;rakentamaton_rakennuspaikka;
2015;019;Aura;vakituinen_asuinrakennus;0.55
2015;019;Aura;yleinen_maapohja;1.1
2015;019;Aura;yleinen_rakennus;1.1
2015;020;Akaa;muu_asuinrakennus;1.2
2015;020;Akaa;rakentamaton_rakennuspaikka;3
2015;020;Akaa;vakituinen_asuinrakennus;0.6
2015;020;Akaa;yleinen_maapohja;1.05
2015;020;Akaa;yleinen_rakennus;1.05
2015;035;Brändö;muu_asuinrakennus;0.9
2015;035;Brändö;rakentamaton_rakennuspaikka;
2015;035;Brändö;vakituinen_asuinrakennus;0
2015;035;Brändö;yleinen_maapohja;0
2015;035;Brändö;yleinen_rakennus;0
2015;043;Eckerö;muu_asuinrakennus;0.9
2015;043;Eckerö;rakentamaton_rakennuspaikka;
2015;043;Eckerö;vakituinen_asuinrakennus;0
2015;043;Eckerö;yleinen_maapohja;0.7
2015;043;Eckerö;yleinen_rakennus;0.7
2015;046;Enonkoski;muu_asuinrakennus;1.1
2015;046;Enonkoski;rakentamaton_rakennuspaikka;
2015;046;Enonkoski;vakituinen_asuinrakennus;0.5
2015;046;Enonkoski;yleinen_maapohja;0.8
2015;046;Enonkoski;yleinen_rakennus;0.8
2015;047;Enontekiö;muu_asuinrakennus;1.15
2015;047;Enontekiö;rakentamaton_rakennuspaikka;3
2015;047;Enontekiö;vakituinen_asuinrakennus;0.55
2015;047;Enontekiö;yleinen_maapohja;1.05
2015;047;Enontekiö;yleinen_rakennus;1.05
2015;049;Espoo;muu_asuinrakennus;0.8
2015;049;Espoo;rakentamaton_rakennuspaikka;3
2015;049;Espoo;vakituinen_asuinrakennus;0.37
2015;049;Espoo;yleinen_maapohja;0.8
2015;049;Espoo;yleinen_rakennus;0.8
2015;050;Eura;muu_asuinrakennus;0.85
2015;050;Eura;rakentamaton_rakennuspaikka;2.5
2015;050;Eura;vakituinen_asuinrakennus;0.4
2015;050;Eura;yleinen_maapohja;0.85
2015;050;Eura;yleinen_rakennus;0.85
2015;051;Eurajoki;muu_asuinrakennus;0.8
2015;051;Eurajoki;rakentamaton_rakennuspaikka;
2015;051;Eurajoki;vakituinen_asuinrakennus;0.37
2015;051;Eurajoki;yleinen_maapohja;0.8
2015;051;Eurajoki;yleinen_rakennus;0.8
2015;052;Evijärvi;muu_asuinrakennus;1.25
2015;052;Evijärvi;rakentamaton_rakennuspaikka;
2015;052;Evijärvi;vakituinen_asuinrakennus;0.65
2015;052;Evijärvi;yleinen_maapohja;1
2015;052;Evijärvi;yleinen_rakennus;1
2015;060;Finström;muu_asuinrakennus;0.9
2015;060;Finström;rakentamaton_rakennuspaikka;
2015;060;Finström;vakituinen_asuinrakennus;0
2015;060;Finström;yleinen_maapohja;0.75
2015;060;Finström;yleinen_rakennus;0.75
2015;061;Forssa;muu_asuinrakennus;1.01
2015;061;Forssa;rakentamaton_rakennuspaikka;
2015;061;Forssa;vakituinen_asuinrakennus;0.41
2015;061;Forssa;yleinen_maapohja;1
2015;061;Forssa;yleinen_rakennus;1
2015;062;Föglö;muu_asuinrakennus;0.9
2015;062;Föglö;rakentamaton_rakennuspaikka;0.5
2015;062;Föglö;vakituinen_asuinrakennus;0
2015;062;Föglö;yleinen_maapohja;0.7
2015;062;Föglö;yleinen_rakennus;0.7
2015;065;Geta;muu_asuinrakennus;0.9
2015;065;Geta;rakentamaton_rakennuspaikka;
2015;065;Geta;vakituinen_asuinrakennus;0
2015;065;Geta;yleinen_maapohja;0.5
2015;065;Geta;yleinen_rakennus;0.5
2015;069;Haapajärvi;muu_asuinrakennus;1.35
2015;069;Haapajärvi;rakentamaton_rakennuspaikka;3
2015;069;Haapajärvi;vakituinen_asuinrakennus;0.75
2015;069;Haapajärvi;yleinen_maapohja;1.35
2015;069;Haapajärvi;yleinen_rakennus;1.35
2015;071;Haapavesi;muu_asuinrakennus;1.1
2015;071;Haapavesi;rakentamaton_rakennuspaikka;3
2015;071;Haapavesi;vakituinen_asuinrakennus;0.55
2015;071;Haapavesi;yleinen_maapohja;0.85
2015;071;Haapavesi;yleinen_rakennus;0.85
2015;072;Hailuoto;muu_asuinrakennus;1.11
2015;072;Hailuoto;rakentamaton_rakennuspaikka;3
2015;072;Hailuoto;vakituinen_asuinrakennus;0.51
2015;072;Hailuoto;yleinen_maapohja;0.95
2015;072;Hailuoto;yleinen_rakennus;0.95
2015;074;Halsua;muu_asuinrakennus;1.1
2015;074;Halsua;rakentamaton_rakennuspaikka;
2015;074;Halsua;vakituinen_asuinrakennus;0.5
2015;074;Halsua;yleinen_maapohja;0.9
2015;074;Halsua;yleinen_rakennus;0.9
2015;075;Hamina;muu_asuinrakennus;1.15
2015;075;Hamina;rakentamaton_rakennuspaikka;
2015;075;Hamina;vakituinen_asuinrakennus;0.55
2015;075;Hamina;yleinen_maapohja;1.25
2015;075;Hamina;yleinen_rakennus;1.25
2015;076;Hammarland;muu_asuinrakennus;0.9
2015;076;Hammarland;rakentamaton_rakennuspaikka;
2015;076;Hammarland;vakituinen_asuinrakennus;0
2015;076;Hammarland;yleinen_maapohja;0.2
2015;076;Hammarland;yleinen_rakennus;0.2
2015;077;Hankasalmi;muu_asuinrakennus;1.2
2015;077;Hankasalmi;rakentamaton_rakennuspaikka;
2015;077;Hankasalmi;vakituinen_asuinrakennus;0.6
2015;077;Hankasalmi;yleinen_maapohja;1.2
2015;077;Hankasalmi;yleinen_rakennus;1.2
2015;078;Hanko;muu_asuinrakennus;
2015;078;Hanko;rakentamaton_rakennuspaikka;3
2015;078;Hanko;vakituinen_asuinrakennus;0.45
2015;078;Hanko;yleinen_maapohja;1.3
2015;078;Hanko;yleinen_rakennus;1.3
2015;079;Harjavalta;muu_asuinrakennus;0.98
2015;079;Harjavalta;rakentamaton_rakennuspaikka;
2015;079;Harjavalta;vakituinen_asuinrakennus;0.37
2015;079;Harjavalta;yleinen_maapohja;0.98
2015;079;Harjavalta;yleinen_rakennus;0.98
2015;081;Hartola;muu_asuinrakennus;1.1
2015;081;Hartola;rakentamaton_rakennuspaikka;
2015;081;Hartola;vakituinen_asuinrakennus;0.5
2015;081;Hartola;yleinen_maapohja;1
2015;081;Hartola;yleinen_rakennus;1
2015;082;Hattula;muu_asuinrakennus;1
2015;082;Hattula;rakentamaton_rakennuspaikka;
2015;082;Hattula;vakituinen_asuinrakennus;0.45
2015;082;Hattula;yleinen_maapohja;1
2015;082;Hattula;yleinen_rakennus;1
2015;086;Hausjärvi;muu_asuinrakennus;1
2015;086;Hausjärvi;rakentamaton_rakennuspaikka;3
2015;086;Hausjärvi;vakituinen_asuinrakennus;0.45
2015;086;Hausjärvi;yleinen_maapohja;1.25
2015;086;Hausjärvi;yleinen_rakennus;1.25
2015;090;Heinävesi;muu_asuinrakennus;1.15
2015;090;Heinävesi;rakentamaton_rakennuspaikka;
2015;090;Heinävesi;vakituinen_asuinrakennus;0.55
2015;090;Heinävesi;yleinen_maapohja;1.1
2015;090;Heinävesi;yleinen_rakennus;1.1
2015;091;Helsinki;muu_asuinrakennus;
2015;091;Helsinki;rakentamaton_rakennuspaikka;2.3
2015;091;Helsinki;vakituinen_asuinrakennus;0.37
2015;091;Helsinki;yleinen_maapohja;0.8
2015;091;Helsinki;yleinen_rakennus;0.8
2015;092;Vantaa;muu_asuinrakennus;
2015;092;Vantaa;rakentamaton_rakennuspaikka;3
2015;092;Vantaa;vakituinen_asuinrakennus;0.37
2015;092;Vantaa;yleinen_maapohja;1
2015;092;Vantaa;yleinen_rakennus;1
2015;097;Hirvensalmi;muu_asuinrakennus;0.95
2015;097;Hirvensalmi;rakentamaton_rakennuspaikka;2.5
2015;097;Hirvensalmi;vakituinen_asuinrakennus;0.4
2015;097;Hirvensalmi;yleinen_maapohja;0.85
2015;097;Hirvensalmi;yleinen_rakennus;0.85
2015;098;Hollola;muu_asuinrakennus;1.1
2015;098;Hollola;rakentamaton_rakennuspaikka;
2015;098;Hollola;vakituinen_asuinrakennus;0.55
2015;098;Hollola;yleinen_maapohja;1.15
2015;098;Hollola;yleinen_rakennus;1.15
2015;102;Huittinen;muu_asuinrakennus;1
2015;102;Huittinen;rakentamaton_rakennuspaikka;
2015;102;Huittinen;vakituinen_asuinrakennus;0.4
2015;102;Huittinen;yleinen_maapohja;0.8
2015;102;Huittinen;yleinen_rakennus;0.8
2015;103;Humppila;muu_asuinrakennus;1
2015;103;Humppila;rakentamaton_rakennuspaikka;
2015;103;Humppila;vakituinen_asuinrakennus;0.4
2015;103;Humppila;yleinen_maapohja;0.9
2015;103;Humppila;yleinen_rakennus;0.9
2015;105;Hyrynsalmi;muu_asuinrakennus;1.15
2015;105;Hyrynsalmi;rakentamaton_rakennuspaikka;1
2015;105;Hyrynsalmi;vakituinen_asuinrakennus;0.55
2015;105;Hyrynsalmi;yleinen_maapohja;1
2015;105;Hyrynsalmi;yleinen_rakennus;1
2015;106;Hyvinkää;muu_asuinrakennus;1.05
2015;106;Hyvinkää;rakentamaton_rakennuspaikka;3
2015;106;Hyvinkää;vakituinen_asuinrakennus;0.45
2015;106;Hyvinkää;yleinen_maapohja;1.3
2015;106;Hyvinkää;yleinen_rakennus;1.3
2015;108;Hämeenkyrö;muu_asuinrakennus;1.15
2015;108;Hämeenkyrö;rakentamaton_rakennuspaikka;3
2015;108;Hämeenkyrö;vakituinen_asuinrakennus;0.55
2015;108;Hämeenkyrö;yleinen_maapohja;0.95
2015;108;Hämeenkyrö;yleinen_rakennus;0.95
2015;109;Hämeenlinna;muu_asuinrakennus;1.2
2015;109;Hämeenlinna;rakentamaton_rakennuspaikka;3
2015;109;Hämeenlinna;vakituinen_asuinrakennus;0.5
2015;109;Hämeenlinna;yleinen_maapohja;1.25
2015;109;Hämeenlinna;yleinen_rakennus;1.25
2015;111;Heinola;muu_asuinrakennus;1
2015;111;Heinola;rakentamaton_rakennuspaikka;1
2015;111;Heinola;vakituinen_asuinrakennus;0.5
2015;111;Heinola;yleinen_maapohja;1
2015;111;Heinola;yleinen_rakennus;1
2015;139;Ii;muu_asuinrakennus;1
2015;139;Ii;rakentamaton_rakennuspaikka;3
2015;139;Ii;vakituinen_asuinrakennus;0.55
2015;139;Ii;yleinen_maapohja;1
2015;139;Ii;yleinen_rakennus;1
2015;140;Iisalmi;muu_asuinrakennus;0.8
2015;140;Iisalmi;rakentamaton_rakennuspaikka;3
2015;140;Iisalmi;vakituinen_asuinrakennus;0.55
2015;140;Iisalmi;yleinen_maapohja;1.1
2015;140;Iisalmi;yleinen_rakennus;1.1
2015;142;Iitti;muu_asuinrakennus;1.1
2015;142;Iitti;rakentamaton_rakennuspaikka;
2015;142;Iitti;vakituinen_asuinrakennus;0.5
2015;142;Iitti;yleinen_maapohja;1
2015;142;Iitti;yleinen_rakennus;1
2015;143;Ikaalinen;muu_asuinrakennus;1.19
2015;143;Ikaalinen;rakentamaton_rakennuspaikka;3
2015;143;Ikaalinen;vakituinen_asuinrakennus;0.59
2015;143;Ikaalinen;yleinen_maapohja;1.23
2015;143;Ikaalinen;yleinen_rakennus;1.23
2015;145;Ilmajoki;muu_asuinrakennus;0.9
2015;145;Ilmajoki;rakentamaton_rakennuspaikka;3
2015;145;Ilmajoki;vakituinen_asuinrakennus;0.5
2015;145;Ilmajoki;yleinen_maapohja;0.9
2015;145;Ilmajoki;yleinen_rakennus;0.9
2015;146;Ilomantsi;muu_asuinrakennus;0.9
2015;146;Ilomantsi;rakentamaton_rakennuspaikka;
2015;146;Ilomantsi;vakituinen_asuinrakennus;0.4
2015;146;Ilomantsi;yleinen_maapohja;0.85
2015;146;Ilomantsi;yleinen_rakennus;0.85
2015;148;Inari;muu_asuinrakennus;1.15
2015;148;Inari;rakentamaton_rakennuspaikka;3
2015;148;Inari;vakituinen_asuinrakennus;0.55
2015;148;Inari;yleinen_maapohja;1.35
2015;148;Inari;yleinen_rakennus;1.35
2015;149;Inkoo;muu_asuinrakennus;1.25
2015;149;Inkoo;rakentamaton_rakennuspaikka;2
2015;149;Inkoo;vakituinen_asuinrakennus;0.65
2015;149;Inkoo;yleinen_maapohja;1.1
2015;149;Inkoo;yleinen_rakennus;1.1
2015;151;Isojoki;muu_asuinrakennus;0.8
2015;151;Isojoki;rakentamaton_rakennuspaikka;
2015;151;Isojoki;vakituinen_asuinrakennus;0.5
2015;151;Isojoki;yleinen_maapohja;0.8
2015;151;Isojoki;yleinen_rakennus;0.8
2015;152;Isokyrö;muu_asuinrakennus;1.1
2015;152;Isokyrö;rakentamaton_rakennuspaikka;
2015;152;Isokyrö;vakituinen_asuinrakennus;0.65
2015;152;Isokyrö;yleinen_maapohja;0.92
2015;152;Isokyrö;yleinen_rakennus;0.92
2015;153;Imatra;muu_asuinrakennus;0.97
2015;153;Imatra;rakentamaton_rakennuspaikka;
2015;153;Imatra;vakituinen_asuinrakennus;0.37
2015;153;Imatra;yleinen_maapohja;1.55
2015;153;Imatra;yleinen_rakennus;1.55
2015;165;Janakkala;muu_asuinrakennus;1
2015;165;Janakkala;rakentamaton_rakennuspaikka;
2015;165;Janakkala;vakituinen_asuinrakennus;0.4
2015;165;Janakkala;yleinen_maapohja;1
2015;165;Janakkala;yleinen_rakennus;1
2015;167;Joensuu;muu_asuinrakennus;1
2015;167;Joensuu;rakentamaton_rakennuspaikka;
2015;167;Joensuu;vakituinen_asuinrakennus;0.45
2015;167;Joensuu;yleinen_maapohja;1.1
2015;167;Joensuu;yleinen_rakennus;1.1
2015;169;Jokioinen;muu_asuinrakennus;1
2015;169;Jokioinen;rakentamaton_rakennuspaikka;
2015;169;Jokioinen;vakituinen_asuinrakennus;0.4
2015;169;Jokioinen;yleinen_maapohja;0.9
2015;169;Jokioinen;yleinen_rakennus;0.9
2015;170;Jomala;muu_asuinrakennus;0.9
2015;170;Jomala;rakentamaton_rakennuspaikka;1
2015;170;Jomala;vakituinen_asuinrakennus;0
2015;170;Jomala;yleinen_maapohja;0.5
2015;170;Jomala;yleinen_rakennus;0.5
2015;171;Joroinen;muu_asuinrakennus;1.1
2015;171;Joroinen;rakentamaton_rakennuspaikka;
2015;171;Joroinen;vakituinen_asuinrakennus;0.5
2015;171;Joroinen;yleinen_maapohja;1.05
2015;171;Joroinen;yleinen_rakennus;1.05
2015;172;Joutsa;muu_asuinrakennus;1.2
2015;172;Joutsa;rakentamaton_rakennuspaikka;
2015;172;Joutsa;vakituinen_asuinrakennus;0.6
2015;172;Joutsa;yleinen_maapohja;1
2015;172;Joutsa;yleinen_rakennus;1
2015;176;Juuka;muu_asuinrakennus;0.99
2015;176;Juuka;rakentamaton_rakennuspaikka;
2015;176;Juuka;vakituinen_asuinrakennus;0.45
2015;176;Juuka;yleinen_maapohja;1
2015;176;Juuka;yleinen_rakennus;1
2015;177;Juupajoki;muu_asuinrakennus;1.05
2015;177;Juupajoki;rakentamaton_rakennuspaikka;
2015;177;Juupajoki;vakituinen_asuinrakennus;0.45
2015;177;Juupajoki;yleinen_maapohja;1.15
2015;177;Juupajoki;yleinen_rakennus;1.15
2015;178;Juva;muu_asuinrakennus;1.03
2015;178;Juva;rakentamaton_rakennuspaikka;2
2015;178;Juva;vakituinen_asuinrakennus;0.43
2015;178;Juva;yleinen_maapohja;0.95
2015;178;Juva;yleinen_rakennus;0.95
2015;179;Jyväskylä;muu_asuinrakennus;1.1
2015;179;Jyväskylä;rakentamaton_rakennuspaikka;3
2015;179;Jyväskylä;vakituinen_asuinrakennus;0.5
2015;179;Jyväskylä;yleinen_maapohja;1.15
2015;179;Jyväskylä;yleinen_rakennus;1.15
2015;181;Jämijärvi;muu_asuinrakennus;0.95
2015;181;Jämijärvi;rakentamaton_rakennuspaikka;2.5
2015;181;Jämijärvi;vakituinen_asuinrakennus;0.45
2015;181;Jämijärvi;yleinen_maapohja;0.95
2015;181;Jämijärvi;yleinen_rakennus;0.95
2015;182;Jämsä;muu_asuinrakennus;1.05
2015;182;Jämsä;rakentamaton_rakennuspaikka;3
2015;182;Jämsä;vakituinen_asuinrakennus;0.45
2015;182;Jämsä;yleinen_maapohja;1
2015;182;Jämsä;yleinen_rakennus;1
2015;186;Järvenpää;muu_asuinrakennus;1.15
2015;186;Järvenpää;rakentamaton_rakennuspaikka;3
2015;186;Järvenpää;vakituinen_asuinrakennus;0.55
2015;186;Järvenpää;yleinen_maapohja;1.35
2015;186;Järvenpää;yleinen_rakennus;1.35
2015;202;Kaarina;muu_asuinrakennus;
2015;202;Kaarina;rakentamaton_rakennuspaikka;3
2015;202;Kaarina;vakituinen_asuinrakennus;0.37
2015;202;Kaarina;yleinen_maapohja;1
2015;202;Kaarina;yleinen_rakennus;1
2015;204;Kaavi;muu_asuinrakennus;1.3
2015;204;Kaavi;rakentamaton_rakennuspaikka;
2015;204;Kaavi;vakituinen_asuinrakennus;0.7
2015;204;Kaavi;yleinen_maapohja;1.25
2015;204;Kaavi;yleinen_rakennus;1.25
2015;205;Kajaani;muu_asuinrakennus;1.15
2015;205;Kajaani;rakentamaton_rakennuspaikka;3
2015;205;Kajaani;vakituinen_asuinrakennus;0.55
2015;205;Kajaani;yleinen_maapohja;1.1
2015;205;Kajaani;yleinen_rakennus;1.1
2015;208;Kalajoki;muu_asuinrakennus;1
2015;208;Kalajoki;rakentamaton_rakennuspaikka;
2015;208;Kalajoki;vakituinen_asuinrakennus;0.4
2015;208;Kalajoki;yleinen_maapohja;0.9
2015;208;Kalajoki;yleinen_rakennus;0.9
2015;211;Kangasala;muu_asuinrakennus;1.03
2015;211;Kangasala;rakentamaton_rakennuspaikka;2
2015;211;Kangasala;vakituinen_asuinrakennus;0.43
2015;211;Kangasala;yleinen_maapohja;0.9
2015;211;Kangasala;yleinen_rakennus;0.9
2015;213;Kangasniemi;muu_asuinrakennus;1.05
2015;213;Kangasniemi;rakentamaton_rakennuspaikka;2
2015;213;Kangasniemi;vakituinen_asuinrakennus;0.45
2015;213;Kangasniemi;yleinen_maapohja;0.8
2015;213;Kangasniemi;yleinen_rakennus;0.8
2015;214;Kankaanpää;muu_asuinrakennus;1.05
2015;214;Kankaanpää;rakentamaton_rakennuspaikka;3
2015;214;Kankaanpää;vakituinen_asuinrakennus;0.45
2015;214;Kankaanpää;yleinen_maapohja;1.2
2015;214;Kankaanpää;yleinen_rakennus;1.2
2015;216;Kannonkoski;muu_asuinrakennus;1
2015;216;Kannonkoski;rakentamaton_rakennuspaikka;
2015;216;Kannonkoski;vakituinen_asuinrakennus;0.45
2015;216;Kannonkoski;yleinen_maapohja;0.8
2015;216;Kannonkoski;yleinen_rakennus;0.8
2015;217;Kannus;muu_asuinrakennus;1
2015;217;Kannus;rakentamaton_rakennuspaikka;
2015;217;Kannus;vakituinen_asuinrakennus;0.55
2015;217;Kannus;yleinen_maapohja;1.15
2015;217;Kannus;yleinen_rakennus;1.15
2015;218;Karijoki;muu_asuinrakennus;1
2015;218;Karijoki;rakentamaton_rakennuspaikka;
2015;218;Karijoki;vakituinen_asuinrakennus;0.4
2015;218;Karijoki;yleinen_maapohja;0.9
2015;218;Karijoki;yleinen_rakennus;0.9
2015;224;Karkkila;muu_asuinrakennus;1.15
2015;224;Karkkila;rakentamaton_rakennuspaikka;3
2015;224;Karkkila;vakituinen_asuinrakennus;0.55
2015;224;Karkkila;yleinen_maapohja;1.1
2015;224;Karkkila;yleinen_rakennus;1.1
2015;226;Karstula;muu_asuinrakennus;1
2015;226;Karstula;rakentamaton_rakennuspaikka;
2015;226;Karstula;vakituinen_asuinrakennus;0.45
2015;226;Karstula;yleinen_maapohja;0.85
2015;226;Karstula;yleinen_rakennus;0.85
2015;230;Karvia;muu_asuinrakennus;0.8
2015;230;Karvia;rakentamaton_rakennuspaikka;
2015;230;Karvia;vakituinen_asuinrakennus;0.37
2015;230;Karvia;yleinen_maapohja;0.8
2015;230;Karvia;yleinen_rakennus;0.8
2015;231;Kaskinen;muu_asuinrakennus;1.2
2015;231;Kaskinen;rakentamaton_rakennuspaikka;3
2015;231;Kaskinen;vakituinen_asuinrakennus;0.6
2015;231;Kaskinen;yleinen_maapohja;1.1
2015;231;Kaskinen;yleinen_rakennus;1.1
2015;232;Kauhajoki;muu_asuinrakennus;1.2
2015;232;Kauhajoki;rakentamaton_rakennuspaikka;3
2015;232;Kauhajoki;vakituinen_asuinrakennus;0.65
2015;232;Kauhajoki;yleinen_maapohja;0.9
2015;232;Kauhajoki;yleinen_rakennus;0.9
2015;233;Kauhava;muu_asuinrakennus;1.1
2015;233;Kauhava;rakentamaton_rakennuspaikka;2
2015;233;Kauhava;vakituinen_asuinrakennus;0.55
2015;233;Kauhava;yleinen_maapohja;0.95
2015;233;Kauhava;yleinen_rakennus;0.95
2015;235;Kauniainen;muu_asuinrakennus;
2015;235;Kauniainen;rakentamaton_rakennuspaikka;2.3
2015;235;Kauniainen;vakituinen_asuinrakennus;0.37
2015;235;Kauniainen;yleinen_maapohja;0.8
2015;235;Kauniainen;yleinen_rakennus;0.8
2015;236;Kaustinen;muu_asuinrakennus;1
2015;236;Kaustinen;rakentamaton_rakennuspaikka;3
2015;236;Kaustinen;vakituinen_asuinrakennus;0.5
2015;236;Kaustinen;yleinen_maapohja;0.95
2015;236;Kaustinen;yleinen_rakennus;0.95
2015;239;Keitele;muu_asuinrakennus;1
2015;239;Keitele;rakentamaton_rakennuspaikka;
2015;239;Keitele;vakituinen_asuinrakennus;0.4
2015;239;Keitele;yleinen_maapohja;0.9
2015;239;Keitele;yleinen_rakennus;0.9
2015;240;Kemi;muu_asuinrakennus;1
2015;240;Kemi;rakentamaton_rakennuspaikka;3
2015;240;Kemi;vakituinen_asuinrakennus;0.5
2015;240;Kemi;yleinen_maapohja;1.13
2015;240;Kemi;yleinen_rakennus;1.13
2015;241;Keminmaa;muu_asuinrakennus;1
2015;241;Keminmaa;rakentamaton_rakennuspaikka;3
2015;241;Keminmaa;vakituinen_asuinrakennus;0.4
2015;241;Keminmaa;yleinen_maapohja;1.15
2015;241;Keminmaa;yleinen_rakennus;1.15
2015;244;Kempele;muu_asuinrakennus;0.95
2015;244;Kempele;rakentamaton_rakennuspaikka;3
2015;244;Kempele;vakituinen_asuinrakennus;0.4
2015;244;Kempele;yleinen_maapohja;0.95
2015;244;Kempele;yleinen_rakennus;0.95
2015;245;Kerava;muu_asuinrakennus;0.91
2015;245;Kerava;rakentamaton_rakennuspaikka;3
2015;245;Kerava;vakituinen_asuinrakennus;0.41
2015;245;Kerava;yleinen_maapohja;1.32
2015;245;Kerava;yleinen_rakennus;1.32
2015;249;Keuruu;muu_asuinrakennus;1
2015;249;Keuruu;rakentamaton_rakennuspaikka;
2015;249;Keuruu;vakituinen_asuinrakennus;0.4
2015;249;Keuruu;yleinen_maapohja;1
2015;249;Keuruu;yleinen_rakennus;1
2015;250;Kihniö;muu_asuinrakennus;1.04
2015;250;Kihniö;rakentamaton_rakennuspaikka;
2015;250;Kihniö;vakituinen_asuinrakennus;0.44
2015;250;Kihniö;yleinen_maapohja;0.98
2015;250;Kihniö;yleinen_rakennus;0.98
2015;256;Kinnula;muu_asuinrakennus;1.1
2015;256;Kinnula;rakentamaton_rakennuspaikka;2.5
2015;256;Kinnula;vakituinen_asuinrakennus;0.55
2015;256;Kinnula;yleinen_maapohja;1
2015;256;Kinnula;yleinen_rakennus;1
2015;257;Kirkkonummi;muu_asuinrakennus;0.92
2015;257;Kirkkonummi;rakentamaton_rakennuspaikka;3
2015;257;Kirkkonummi;vakituinen_asuinrakennus;0.37
2015;257;Kirkkonummi;yleinen_maapohja;0.8
2015;257;Kirkkonummi;yleinen_rakennus;0.8
2015;260;Kitee;muu_asuinrakennus;1.1
2015;260;Kitee;rakentamaton_rakennuspaikka;
2015;260;Kitee;vakituinen_asuinrakennus;0.6
2015;260;Kitee;yleinen_maapohja;1
2015;260;Kitee;yleinen_rakennus;1
2015;261;Kittilä;muu_asuinrakennus;0.97
2015;261;Kittilä;rakentamaton_rakennuspaikka;
2015;261;Kittilä;vakituinen_asuinrakennus;0.37
2015;261;Kittilä;yleinen_maapohja;0.95
2015;261;Kittilä;yleinen_rakennus;0.95
2015;263;Kiuruvesi;muu_asuinrakennus;1
2015;263;Kiuruvesi;rakentamaton_rakennuspaikka;3
2015;263;Kiuruvesi;vakituinen_asuinrakennus;0.55
2015;263;Kiuruvesi;yleinen_maapohja;0.8
2015;263;Kiuruvesi;yleinen_rakennus;0.8
2015;265;Kivijärvi;muu_asuinrakennus;1.06
2015;265;Kivijärvi;rakentamaton_rakennuspaikka;
2015;265;Kivijärvi;vakituinen_asuinrakennus;0.46
2015;265;Kivijärvi;yleinen_maapohja;0.97
2015;265;Kivijärvi;yleinen_rakennus;0.97
2015;271;Kokemäki;muu_asuinrakennus;1.11
2015;271;Kokemäki;rakentamaton_rakennuspaikka;2
2015;271;Kokemäki;vakituinen_asuinrakennus;0.47
2015;271;Kokemäki;yleinen_maapohja;1.11
2015;271;Kokemäki;yleinen_rakennus;1.11
2015;272;Kokkola;muu_asuinrakennus;1
2015;272;Kokkola;rakentamaton_rakennuspaikka;2.5
2015;272;Kokkola;vakituinen_asuinrakennus;0.6
2015;272;Kokkola;yleinen_maapohja;1.25
2015;272;Kokkola;yleinen_rakennus;1.25
2015;273;Kolari;muu_asuinrakennus;1.03
2015;273;Kolari;rakentamaton_rakennuspaikka;
2015;273;Kolari;vakituinen_asuinrakennus;0.43
2015;273;Kolari;yleinen_maapohja;0.95
2015;273;Kolari;yleinen_rakennus;0.95
2015;275;Konnevesi;muu_asuinrakennus;1.1
2015;275;Konnevesi;rakentamaton_rakennuspaikka;
2015;275;Konnevesi;vakituinen_asuinrakennus;0.55
2015;275;Konnevesi;yleinen_maapohja;1.1
2015;275;Konnevesi;yleinen_rakennus;1.1
2015;276;Kontiolahti;muu_asuinrakennus;1
2015;276;Kontiolahti;rakentamaton_rakennuspaikka;
2015;276;Kontiolahti;vakituinen_asuinrakennus;0.4
2015;276;Kontiolahti;yleinen_maapohja;0.85
2015;276;Kontiolahti;yleinen_rakennus;0.85
2015;280;Korsnäs;muu_asuinrakennus;1.1
2015;280;Korsnäs;rakentamaton_rakennuspaikka;
2015;280;Korsnäs;vakituinen_asuinrakennus;0.5
2015;280;Korsnäs;yleinen_maapohja;0.8
2015;280;Korsnäs;yleinen_rakennus;0.8
2015;284;Koski Tl;muu_asuinrakennus;0.8
2015;284;Koski Tl;rakentamaton_rakennuspaikka;
2015;284;Koski Tl;vakituinen_asuinrakennus;0.37
2015;284;Koski Tl;yleinen_maapohja;0.8
2015;284;Koski Tl;yleinen_rakennus;0.8
2015;285;Kotka;muu_asuinrakennus;1.15
2015;285;Kotka;rakentamaton_rakennuspaikka;
2015;285;Kotka;vakituinen_asuinrakennus;0.55
2015;285;Kotka;yleinen_maapohja;1.35
2015;285;Kotka;yleinen_rakennus;1.35
2015;286;Kouvola;muu_asuinrakennus;1.15
2015;286;Kouvola;rakentamaton_rakennuspaikka;
2015;286;Kouvola;vakituinen_asuinrakennus;0.55
2015;286;Kouvola;yleinen_maapohja;1.35
2015;286;Kouvola;yleinen_rakennus;1.35
2015;287;Kristiinankaupunki;muu_asuinrakennus;1.1
2015;287;Kristiinankaupunki;rakentamaton_rakennuspaikka;
2015;287;Kristiinankaupunki;vakituinen_asuinrakennus;0.5
2015;287;Kristiinankaupunki;yleinen_maapohja;0.8
2015;287;Kristiinankaupunki;yleinen_rakennus;0.8
2015;288;Kruunupyy;muu_asuinrakennus;1.15
2015;288;Kruunupyy;rakentamaton_rakennuspaikka;2
2015;288;Kruunupyy;vakituinen_asuinrakennus;0.55
2015;288;Kruunupyy;yleinen_maapohja;0.9
2015;288;Kruunupyy;yleinen_rakennus;0.9
2015;290;Kuhmo;muu_asuinrakennus;1.08
2015;290;Kuhmo;rakentamaton_rakennuspaikka;2
2015;290;Kuhmo;vakituinen_asuinrakennus;0.54
2015;290;Kuhmo;yleinen_maapohja;0.98
2015;290;Kuhmo;yleinen_rakennus;0.98
2015;291;Kuhmoinen;muu_asuinrakennus;1.1
2015;291;Kuhmoinen;rakentamaton_rakennuspaikka;
2015;291;Kuhmoinen;vakituinen_asuinrakennus;0.5
2015;291;Kuhmoinen;yleinen_maapohja;1
2015;291;Kuhmoinen;yleinen_rakennus;1
2015;295;Kumlinge;muu_asuinrakennus;0.9
2015;295;Kumlinge;rakentamaton_rakennuspaikka;
2015;295;Kumlinge;vakituinen_asuinrakennus;0
2015;295;Kumlinge;yleinen_maapohja;0.4
2015;295;Kumlinge;yleinen_rakennus;0.4
2015;297;Kuopio;muu_asuinrakennus;1.1
2015;297;Kuopio;rakentamaton_rakennuspaikka;3
2015;297;Kuopio;vakituinen_asuinrakennus;0.52
2015;297;Kuopio;yleinen_maapohja;1.3
2015;297;Kuopio;yleinen_rakennus;1.3
2015;300;Kuortane;muu_asuinrakennus;1.05
2015;300;Kuortane;rakentamaton_rakennuspaikka;
2015;300;Kuortane;vakituinen_asuinrakennus;0.45
2015;300;Kuortane;yleinen_maapohja;0.9
2015;300;Kuortane;yleinen_rakennus;0.9
2015;301;Kurikka;muu_asuinrakennus;1
2015;301;Kurikka;rakentamaton_rakennuspaikka;1
2015;301;Kurikka;vakituinen_asuinrakennus;0.45
2015;301;Kurikka;yleinen_maapohja;0.8
2015;301;Kurikka;yleinen_rakennus;0.8
2015;304;Kustavi;muu_asuinrakennus;0.98
2015;304;Kustavi;rakentamaton_rakennuspaikka;
2015;304;Kustavi;vakituinen_asuinrakennus;0.38
2015;304;Kustavi;yleinen_maapohja;0.9
2015;304;Kustavi;yleinen_rakennus;0.9
2015;305;Kuusamo;muu_asuinrakennus;1.1
2015;305;Kuusamo;rakentamaton_rakennuspaikka;
2015;305;Kuusamo;vakituinen_asuinrakennus;0.5
2015;305;Kuusamo;yleinen_maapohja;1.1
2015;305;Kuusamo;yleinen_rakennus;1.1
2015;309;Outokumpu;muu_asuinrakennus;1.25
2015;309;Outokumpu;rakentamaton_rakennuspaikka;
2015;309;Outokumpu;vakituinen_asuinrakennus;0.65
2015;309;Outokumpu;yleinen_maapohja;1.1
2015;309;Outokumpu;yleinen_rakennus;1.1
2015;312;Kyyjärvi;muu_asuinrakennus;1.05
2015;312;Kyyjärvi;rakentamaton_rakennuspaikka;2
2015;312;Kyyjärvi;vakituinen_asuinrakennus;0.45
2015;312;Kyyjärvi;yleinen_maapohja;0.8
2015;312;Kyyjärvi;yleinen_rakennus;0.8
2015;316;Kärkölä;muu_asuinrakennus;1.2
2015;316;Kärkölä;rakentamaton_rakennuspaikka;3
2015;316;Kärkölä;vakituinen_asuinrakennus;0.6
2015;316;Kärkölä;yleinen_maapohja;1.35
2015;316;Kärkölä;yleinen_rakennus;1.35
2015;317;Kärsämäki;muu_asuinrakennus;1.1
2015;317;Kärsämäki;rakentamaton_rakennuspaikka;3
2015;317;Kärsämäki;vakituinen_asuinrakennus;0.5
2015;317;Kärsämäki;yleinen_maapohja;0.85
2015;317;Kärsämäki;yleinen_rakennus;0.85
2015;318;Kökar;muu_asuinrakennus;0.9
2015;318;Kökar;rakentamaton_rakennuspaikka;
2015;318;Kökar;vakituinen_asuinrakennus;0
2015;318;Kökar;yleinen_maapohja;0.8
2015;318;Kökar;yleinen_rakennus;0.8
2015;320;Kemijärvi;muu_asuinrakennus;1.1
2015;320;Kemijärvi;rakentamaton_rakennuspaikka;
2015;320;Kemijärvi;vakituinen_asuinrakennus;0.5
2015;320;Kemijärvi;yleinen_maapohja;1
2015;320;Kemijärvi;yleinen_rakennus;1
2015;322;Kemiönsaari;muu_asuinrakennus;
2015;322;Kemiönsaari;rakentamaton_rakennuspaikka;
2015;322;Kemiönsaari;vakituinen_asuinrakennus;0.37
2015;322;Kemiönsaari;yleinen_maapohja;1.1
2015;322;Kemiönsaari;yleinen_rakennus;1.1
2015;398;Lahti;muu_asuinrakennus;
2015;398;Lahti;rakentamaton_rakennuspaikka;3
2015;398;Lahti;vakituinen_asuinrakennus;0.55
2015;398;Lahti;yleinen_maapohja;1.15
2015;398;Lahti;yleinen_rakennus;1.15
2015;399;Laihia;muu_asuinrakennus;1
2015;399;Laihia;rakentamaton_rakennuspaikka;3
2015;399;Laihia;vakituinen_asuinrakennus;0.6
2015;399;Laihia;yleinen_maapohja;1
2015;399;Laihia;yleinen_rakennus;1
2015;400;Laitila;muu_asuinrakennus;0.98
2015;400;Laitila;rakentamaton_rakennuspaikka;3
2015;400;Laitila;vakituinen_asuinrakennus;0.4
2015;400;Laitila;yleinen_maapohja;0.85
2015;400;Laitila;yleinen_rakennus;0.85
2015;402;Lapinlahti;muu_asuinrakennus;1
2015;402;Lapinlahti;rakentamaton_rakennuspaikka;1
2015;402;Lapinlahti;vakituinen_asuinrakennus;0.6
2015;402;Lapinlahti;yleinen_maapohja;0.9
2015;402;Lapinlahti;yleinen_rakennus;0.9
2015;403;Lappajärvi;muu_asuinrakennus;1.15
2015;403;Lappajärvi;rakentamaton_rakennuspaikka;
2015;403;Lappajärvi;vakituinen_asuinrakennus;0.55
2015;403;Lappajärvi;yleinen_maapohja;1
2015;403;Lappajärvi;yleinen_rakennus;1
2015;405;Lappeenranta;muu_asuinrakennus;1.15
2015;405;Lappeenranta;rakentamaton_rakennuspaikka;3
2015;405;Lappeenranta;vakituinen_asuinrakennus;0.55
2015;405;Lappeenranta;yleinen_maapohja;1.3
2015;405;Lappeenranta;yleinen_rakennus;1.3
2015;407;Lapinjärvi;muu_asuinrakennus;1.1
2015;407;Lapinjärvi;rakentamaton_rakennuspaikka;
2015;407;Lapinjärvi;vakituinen_asuinrakennus;0.5
2015;407;Lapinjärvi;yleinen_maapohja;1
2015;407;Lapinjärvi;yleinen_rakennus;1
2015;408;Lapua;muu_asuinrakennus;1.05
2015;408;Lapua;rakentamaton_rakennuspaikka;3
2015;408;Lapua;vakituinen_asuinrakennus;0.45
2015;408;Lapua;yleinen_maapohja;1.05
2015;408;Lapua;yleinen_rakennus;1.05
2015;410;Laukaa;muu_asuinrakennus;1.2
2015;410;Laukaa;rakentamaton_rakennuspaikka;3
2015;410;Laukaa;vakituinen_asuinrakennus;0.6
2015;410;Laukaa;yleinen_maapohja;1.1
2015;410;Laukaa;yleinen_rakennus;1.1
2015;416;Lemi;muu_asuinrakennus;1.13
2015;416;Lemi;rakentamaton_rakennuspaikka;
2015;416;Lemi;vakituinen_asuinrakennus;0.53
2015;416;Lemi;yleinen_maapohja;1.13
2015;416;Lemi;yleinen_rakennus;1.13
2015;417;Lemland;muu_asuinrakennus;0.9
2015;417;Lemland;rakentamaton_rakennuspaikka;0
2015;417;Lemland;vakituinen_asuinrakennus;0
2015;417;Lemland;yleinen_maapohja;0.7
2015;417;Lemland;yleinen_rakennus;0.7
2015;418;Lempäälä;muu_asuinrakennus;1
2015;418;Lempäälä;rakentamaton_rakennuspaikka;3
2015;418;Lempäälä;vakituinen_asuinrakennus;0.45
2015;418;Lempäälä;yleinen_maapohja;0.95
2015;418;Lempäälä;yleinen_rakennus;0.95
2015;420;Leppävirta;muu_asuinrakennus;1
2015;420;Leppävirta;rakentamaton_rakennuspaikka;1
2015;420;Leppävirta;vakituinen_asuinrakennus;0.45
2015;420;Leppävirta;yleinen_maapohja;1
2015;420;Leppävirta;yleinen_rakennus;1
2015;421;Lestijärvi;muu_asuinrakennus;1
2015;421;Lestijärvi;rakentamaton_rakennuspaikka;
2015;421;Lestijärvi;vakituinen_asuinrakennus;0.5
2015;421;Lestijärvi;yleinen_maapohja;0.8
2015;421;Lestijärvi;yleinen_rakennus;0.8
2015;422;Lieksa;muu_asuinrakennus;0.95
2015;422;Lieksa;rakentamaton_rakennuspaikka;
2015;422;Lieksa;vakituinen_asuinrakennus;0.43
2015;422;Lieksa;yleinen_maapohja;1
2015;422;Lieksa;yleinen_rakennus;1
2015;423;Lieto;muu_asuinrakennus;1
2015;423;Lieto;rakentamaton_rakennuspaikka;3
2015;423;Lieto;vakituinen_asuinrakennus;0.4
2015;423;Lieto;yleinen_maapohja;1
2015;423;Lieto;yleinen_rakennus;1
2015;425;Liminka;muu_asuinrakennus;1.03
2015;425;Liminka;rakentamaton_rakennuspaikka;3
2015;425;Liminka;vakituinen_asuinrakennus;0.43
2015;425;Liminka;yleinen_maapohja;0.94
2015;425;Liminka;yleinen_rakennus;0.94
2015;426;Liperi;muu_asuinrakennus;1
2015;426;Liperi;rakentamaton_rakennuspaikka;
2015;426;Liperi;vakituinen_asuinrakennus;0.5
2015;426;Liperi;yleinen_maapohja;0.85
2015;426;Liperi;yleinen_rakennus;0.85
2015;430;Loimaa;muu_asuinrakennus;1.05
2015;430;Loimaa;rakentamaton_rakennuspaikka;
2015;430;Loimaa;vakituinen_asuinrakennus;0.5
2015;430;Loimaa;yleinen_maapohja;1
2015;430;Loimaa;yleinen_rakennus;1
2015;433;Loppi;muu_asuinrakennus;1
2015;433;Loppi;rakentamaton_rakennuspaikka;3
2015;433;Loppi;vakituinen_asuinrakennus;0.4
2015;433;Loppi;yleinen_maapohja;1
2015;433;Loppi;yleinen_rakennus;1
2015;434;Loviisa;muu_asuinrakennus;1
2015;434;Loviisa;rakentamaton_rakennuspaikka;3
2015;434;Loviisa;vakituinen_asuinrakennus;0.5
2015;434;Loviisa;yleinen_maapohja;1
2015;434;Loviisa;yleinen_rakennus;1
2015;435;Luhanka;muu_asuinrakennus;1.1
2015;435;Luhanka;rakentamaton_rakennuspaikka;
2015;435;Luhanka;vakituinen_asuinrakennus;0.5
2015;435;Luhanka;yleinen_maapohja;1.1
2015;435;Luhanka;yleinen_rakennus;1.1
2015;436;Lumijoki;muu_asuinrakennus;1
2015;436;Lumijoki;rakentamaton_rakennuspaikka;3
2015;436;Lumijoki;vakituinen_asuinrakennus;0.43
2015;436;Lumijoki;yleinen_maapohja;0.8
2015;436;Lumijoki;yleinen_rakennus;0.8
2015;438;Lumparland;muu_asuinrakennus;0.9
2015;438;Lumparland;rakentamaton_rakennuspaikka;
2015;438;Lumparland;vakituinen_asuinrakennus;0
2015;438;Lumparland;yleinen_maapohja;0.6
2015;438;Lumparland;yleinen_rakennus;0.6
2015;440;Luoto;muu_asuinrakennus;1
2015;440;Luoto;rakentamaton_rakennuspaikka;3
2015;440;Luoto;vakituinen_asuinrakennus;0.4
2015;440;Luoto;yleinen_maapohja;1.2
2015;440;Luoto;yleinen_rakennus;1.2
2015;441;Luumäki;muu_asuinrakennus;0.95
2015;441;Luumäki;rakentamaton_rakennuspaikka;
2015;441;Luumäki;vakituinen_asuinrakennus;0.4
2015;441;Luumäki;yleinen_maapohja;0.8
2015;441;Luumäki;yleinen_rakennus;0.8
2015;444;Lohja;muu_asuinrakennus;1.05
2015;444;Lohja;rakentamaton_rakennuspaikka;3
2015;444;Lohja;vakituinen_asuinrakennus;0.45
2015;444;Lohja;yleinen_maapohja;0.9
2015;444;Lohja;yleinen_rakennus;0.9
2015;445;Parainen;muu_asuinrakennus;
2015;445;Parainen;rakentamaton_rakennuspaikka;3
2015;445;Parainen;vakituinen_asuinrakennus;0.47
2015;445;Parainen;yleinen_maapohja;1.5
2015;445;Parainen;yleinen_rakennus;1.5
2015;475;Maalahti;muu_asuinrakennus;1.1
2015;475;Maalahti;rakentamaton_rakennuspaikka;
2015;475;Maalahti;vakituinen_asuinrakennus;0.5
2015;475;Maalahti;yleinen_maapohja;0.8
2015;475;Maalahti;yleinen_rakennus;0.8
2015;478;Maarianhamina - Mariehamn;muu_asuinrakennus;0.9
2015;478;Maarianhamina - Mariehamn;rakentamaton_rakennuspaikka;1.35
2015;478;Maarianhamina - Mariehamn;vakituinen_asuinrakennus;0.3
2015;478;Maarianhamina - Mariehamn;yleinen_maapohja;0.2
2015;478;Maarianhamina - Mariehamn;yleinen_rakennus;0.2
2015;480;Marttila;muu_asuinrakennus;0.95
2015;480;Marttila;rakentamaton_rakennuspaikka;
2015;480;Marttila;vakituinen_asuinrakennus;0.45
2015;480;Marttila;yleinen_maapohja;0.95
2015;480;Marttila;yleinen_rakennus;0.95
2015;481;Masku;muu_asuinrakennus;1
2015;481;Masku;rakentamaton_rakennuspaikka;
2015;481;Masku;vakituinen_asuinrakennus;0.4
2015;481;Masku;yleinen_maapohja;0.95
2015;481;Masku;yleinen_rakennus;0.95
2015;483;Merijärvi;muu_asuinrakennus;1
2015;483;Merijärvi;rakentamaton_rakennuspaikka;
2015;483;Merijärvi;vakituinen_asuinrakennus;0.45
2015;483;Merijärvi;yleinen_maapohja;0.85
2015;483;Merijärvi;yleinen_rakennus;0.85
2015;484;Merikarvia;muu_asuinrakennus;1
2015;484;Merikarvia;rakentamaton_rakennuspaikka;3
2015;484;Merikarvia;vakituinen_asuinrakennus;0.4
2015;484;Merikarvia;yleinen_maapohja;0.9
2015;484;Merikarvia;yleinen_rakennus;0.9
2015;489;Miehikkälä;muu_asuinrakennus;1.05
2015;489;Miehikkälä;rakentamaton_rakennuspaikka;
2015;489;Miehikkälä;vakituinen_asuinrakennus;0.45
2015;489;Miehikkälä;yleinen_maapohja;1
2015;489;Miehikkälä;yleinen_rakennus;1
2015;491;Mikkeli;muu_asuinrakennus;1.1
2015;491;Mikkeli;rakentamaton_rakennuspaikka;3
2015;491;Mikkeli;vakituinen_asuinrakennus;0.55
2015;491;Mikkeli;yleinen_maapohja;1.2
2015;491;Mikkeli;yleinen_rakennus;1.2
2015;494;Muhos;muu_asuinrakennus;1
2015;494;Muhos;rakentamaton_rakennuspaikka;3
2015;494;Muhos;vakituinen_asuinrakennus;0.45
2015;494;Muhos;yleinen_maapohja;0.9
2015;494;Muhos;yleinen_rakennus;0.9
2015;495;Multia;muu_asuinrakennus;1.05
2015;495;Multia;rakentamaton_rakennuspaikka;1
2015;495;Multia;vakituinen_asuinrakennus;0.45
2015;495;Multia;yleinen_maapohja;1
2015;495;Multia;yleinen_rakennus;1
2015;498;Muonio;muu_asuinrakennus;1
2015;498;Muonio;rakentamaton_rakennuspaikka;2
2015;498;Muonio;vakituinen_asuinrakennus;0.4
2015;498;Muonio;yleinen_maapohja;1
2015;498;Muonio;yleinen_rakennus;1
2015;499;Mustasaari;muu_asuinrakennus;1.15
2015;499;Mustasaari;rakentamaton_rakennuspaikka;3
2015;499;Mustasaari;vakituinen_asuinrakennus;0.55
2015;499;Mustasaari;yleinen_maapohja;1
2015;499;Mustasaari;yleinen_rakennus;1
2015;500;Muurame;muu_asuinrakennus;1.1
2015;500;Muurame;rakentamaton_rakennuspaikka;2
2015;500;Muurame;vakituinen_asuinrakennus;0.5
2015;500;Muurame;yleinen_maapohja;1
2015;500;Muurame;yleinen_rakennus;1
2015;503;Mynämäki;muu_asuinrakennus;1
2015;503;Mynämäki;rakentamaton_rakennuspaikka;
2015;503;Mynämäki;vakituinen_asuinrakennus;0.4
2015;503;Mynämäki;yleinen_maapohja;0.8
2015;503;Mynämäki;yleinen_rakennus;0.8
2015;504;Myrskylä;muu_asuinrakennus;1.15
2015;504;Myrskylä;rakentamaton_rakennuspaikka;
2015;504;Myrskylä;vakituinen_asuinrakennus;0.55
2015;504;Myrskylä;yleinen_maapohja;1
2015;504;Myrskylä;yleinen_rakennus;1
2015;505;Mäntsälä;muu_asuinrakennus;1.2
2015;505;Mäntsälä;rakentamaton_rakennuspaikka;3
2015;505;Mäntsälä;vakituinen_asuinrakennus;0.6
2015;505;Mäntsälä;yleinen_maapohja;1.3
2015;505;Mäntsälä;yleinen_rakennus;1.3
2015;507;Mäntyharju;muu_asuinrakennus;1.05
2015;507;Mäntyharju;rakentamaton_rakennuspaikka;3
2015;507;Mäntyharju;vakituinen_asuinrakennus;0.5
2015;507;Mäntyharju;yleinen_maapohja;1
2015;507;Mäntyharju;yleinen_rakennus;1
2015;508;Mänttä-Vilppula;muu_asuinrakennus;1
2015;508;Mänttä-Vilppula;rakentamaton_rakennuspaikka;
2015;508;Mänttä-Vilppula;vakituinen_asuinrakennus;0.5
2015;508;Mänttä-Vilppula;yleinen_maapohja;1.1
2015;508;Mänttä-Vilppula;yleinen_rakennus;1.1
2015;529;Naantali;muu_asuinrakennus;1.05
2015;529;Naantali;rakentamaton_rakennuspaikka;3
2015;529;Naantali;vakituinen_asuinrakennus;0.45
2015;529;Naantali;yleinen_maapohja;1.05
2015;529;Naantali;yleinen_rakennus;1.05
2015;531;Nakkila;muu_asuinrakennus;0.8
2015;531;Nakkila;rakentamaton_rakennuspaikka;1.6
2015;531;Nakkila;vakituinen_asuinrakennus;0.5
2015;531;Nakkila;yleinen_maapohja;0.95
2015;531;Nakkila;yleinen_rakennus;0.95
2015;535;Nivala;muu_asuinrakennus;1
2015;535;Nivala;rakentamaton_rakennuspaikka;3
2015;535;Nivala;vakituinen_asuinrakennus;0.65
2015;535;Nivala;yleinen_maapohja;1
2015;535;Nivala;yleinen_rakennus;1
2015;536;Nokia;muu_asuinrakennus;1
2015;536;Nokia;rakentamaton_rakennuspaikka;3
2015;536;Nokia;vakituinen_asuinrakennus;0.41
2015;536;Nokia;yleinen_maapohja;0.9
2015;536;Nokia;yleinen_rakennus;0.9
2015;538;Nousiainen;muu_asuinrakennus;1.1
2015;538;Nousiainen;rakentamaton_rakennuspaikka;
2015;538;Nousiainen;vakituinen_asuinrakennus;0.5
2015;538;Nousiainen;yleinen_maapohja;1
2015;538;Nousiainen;yleinen_rakennus;1
2015;541;Nurmes;muu_asuinrakennus;1
2015;541;Nurmes;rakentamaton_rakennuspaikka;
2015;541;Nurmes;vakituinen_asuinrakennus;0.46
2015;541;Nurmes;yleinen_maapohja;1.03
2015;541;Nurmes;yleinen_rakennus;1.03
2015;543;Nurmijärvi;muu_asuinrakennus;0.8
2015;543;Nurmijärvi;rakentamaton_rakennuspaikka;3
2015;543;Nurmijärvi;vakituinen_asuinrakennus;0.37
2015;543;Nurmijärvi;yleinen_maapohja;0.8
2015;543;Nurmijärvi;yleinen_rakennus;0.8
2015;545;Närpiö;muu_asuinrakennus;1
2015;545;Närpiö;rakentamaton_rakennuspaikka;
2015;545;Närpiö;vakituinen_asuinrakennus;0.4
2015;545;Närpiö;yleinen_maapohja;0.8
2015;545;Närpiö;yleinen_rakennus;0.8
2015;560;Orimattila;muu_asuinrakennus;1.1
2015;560;Orimattila;rakentamaton_rakennuspaikka;3
2015;560;Orimattila;vakituinen_asuinrakennus;0.5
2015;560;Orimattila;yleinen_maapohja;1.1
2015;560;Orimattila;yleinen_rakennus;1.1
2015;561;Oripää;muu_asuinrakennus;1
2015;561;Oripää;rakentamaton_rakennuspaikka;
2015;561;Oripää;vakituinen_asuinrakennus;0.4
2015;561;Oripää;yleinen_maapohja;0.9
2015;561;Oripää;yleinen_rakennus;0.9
2015;562;Orivesi;muu_asuinrakennus;1.25
2015;562;Orivesi;rakentamaton_rakennuspaikka;3
2015;562;Orivesi;vakituinen_asuinrakennus;0.65
2015;562;Orivesi;yleinen_maapohja;1.1
2015;562;Orivesi;yleinen_rakennus;1.1
2015;563;Oulainen;muu_asuinrakennus;1.05
2015;563;Oulainen;rakentamaton_rakennuspaikka;3
2015;563;Oulainen;vakituinen_asuinrakennus;0.65
2015;563;Oulainen;yleinen_maapohja;1.15
2015;563;Oulainen;yleinen_rakennus;1.15
2015;564;Oulu;muu_asuinrakennus;0.9
2015;564;Oulu;rakentamaton_rakennuspaikka;
2015;564;Oulu;vakituinen_asuinrakennus;0.4
2015;564;Oulu;yleinen_maapohja;0.95
2015;564;Oulu;yleinen_rakennus;0.95
2015;576;Padasjoki;muu_asuinrakennus;1.2
2015;576;Padasjoki;rakentamaton_rakennuspaikka;
2015;576;Padasjoki;vakituinen_asuinrakennus;0.6
2015;576;Padasjoki;yleinen_maapohja;0.8
2015;576;Padasjoki;yleinen_rakennus;0.8
2015;577;Paimio;muu_asuinrakennus;1
2015;577;Paimio;rakentamaton_rakennuspaikka;3
2015;577;Paimio;vakituinen_asuinrakennus;0.37
2015;577;Paimio;yleinen_maapohja;1
2015;577;Paimio;yleinen_rakennus;1
2015;578;Paltamo;muu_asuinrakennus;1.1
2015;578;Paltamo;rakentamaton_rakennuspaikka;
2015;578;Paltamo;vakituinen_asuinrakennus;0.6
2015;578;Paltamo;yleinen_maapohja;1.1
2015;578;Paltamo;yleinen_rakennus;1.1
2015;580;Parikkala;muu_asuinrakennus;1.1
2015;580;Parikkala;rakentamaton_rakennuspaikka;
2015;580;Parikkala;vakituinen_asuinrakennus;0.5
2015;580;Parikkala;yleinen_maapohja;1
2015;580;Parikkala;yleinen_rakennus;1
2015;581;Parkano;muu_asuinrakennus;1.1
2015;581;Parkano;rakentamaton_rakennuspaikka;
2015;581;Parkano;vakituinen_asuinrakennus;0.52
2015;581;Parkano;yleinen_maapohja;1.1
2015;581;Parkano;yleinen_rakennus;1.1
2015;583;Pelkosenniemi;muu_asuinrakennus;1.2
2015;583;Pelkosenniemi;rakentamaton_rakennuspaikka;3
2015;583;Pelkosenniemi;vakituinen_asuinrakennus;0.6
2015;583;Pelkosenniemi;yleinen_maapohja;1.15
2015;583;Pelkosenniemi;yleinen_rakennus;1.15
2015;584;Perho;muu_asuinrakennus;1.05
2015;584;Perho;rakentamaton_rakennuspaikka;2.25
2015;584;Perho;vakituinen_asuinrakennus;0.55
2015;584;Perho;yleinen_maapohja;0.8
2015;584;Perho;yleinen_rakennus;0.8
2015;592;Petäjävesi;muu_asuinrakennus;1.12
2015;592;Petäjävesi;rakentamaton_rakennuspaikka;
2015;592;Petäjävesi;vakituinen_asuinrakennus;0.52
2015;592;Petäjävesi;yleinen_maapohja;1.12
2015;592;Petäjävesi;yleinen_rakennus;1.12
2015;593;Pieksämäki;muu_asuinrakennus;1.05
2015;593;Pieksämäki;rakentamaton_rakennuspaikka;
2015;593;Pieksämäki;vakituinen_asuinrakennus;0.45
2015;593;Pieksämäki;yleinen_maapohja;1
2015;593;Pieksämäki;yleinen_rakennus;1
2015;595;Pielavesi;muu_asuinrakennus;1.1
2015;595;Pielavesi;rakentamaton_rakennuspaikka;2.5
2015;595;Pielavesi;vakituinen_asuinrakennus;0.6
2015;595;Pielavesi;yleinen_maapohja;0.85
2015;595;Pielavesi;yleinen_rakennus;0.85
2015;598;Pietarsaari;muu_asuinrakennus;1.05
2015;598;Pietarsaari;rakentamaton_rakennuspaikka;3
2015;598;Pietarsaari;vakituinen_asuinrakennus;0.45
2015;598;Pietarsaari;yleinen_maapohja;1.05
2015;598;Pietarsaari;yleinen_rakennus;1.05
2015;599;Pedersören kunta;muu_asuinrakennus;1.15
2015;599;Pedersören kunta;rakentamaton_rakennuspaikka;
2015;599;Pedersören kunta;vakituinen_asuinrakennus;0.55
2015;599;Pedersören kunta;yleinen_maapohja;0.9
2015;599;Pedersören kunta;yleinen_rakennus;0.9
2015;601;Pihtipudas;muu_asuinrakennus;1.1
2015;601;Pihtipudas;rakentamaton_rakennuspaikka;
2015;601;Pihtipudas;vakituinen_asuinrakennus;0.6
2015;601;Pihtipudas;yleinen_maapohja;0.8
2015;601;Pihtipudas;yleinen_rakennus;0.8
2015;604;Pirkkala;muu_asuinrakennus;0.95
2015;604;Pirkkala;rakentamaton_rakennuspaikka;
2015;604;Pirkkala;vakituinen_asuinrakennus;0.45
2015;604;Pirkkala;yleinen_maapohja;0.9
2015;604;Pirkkala;yleinen_rakennus;0.9
2015;607;Polvijärvi;muu_asuinrakennus;0.9
2015;607;Polvijärvi;rakentamaton_rakennuspaikka;
2015;607;Polvijärvi;vakituinen_asuinrakennus;0.5
2015;607;Polvijärvi;yleinen_maapohja;0.9
2015;607;Polvijärvi;yleinen_rakennus;0.9
2015;608;Pomarkku;muu_asuinrakennus;0.97
2015;608;Pomarkku;rakentamaton_rakennuspaikka;
2015;608;Pomarkku;vakituinen_asuinrakennus;0.37
2015;608;Pomarkku;yleinen_maapohja;0.8
2015;608;Pomarkku;yleinen_rakennus;0.8
2015;609;Pori;muu_asuinrakennus;1.1
2015;609;Pori;rakentamaton_rakennuspaikka;3
2015;609;Pori;vakituinen_asuinrakennus;0.5
2015;609;Pori;yleinen_maapohja;0.9
2015;609;Pori;yleinen_rakennus;0.9
2015;611;Pornainen;muu_asuinrakennus;1
2015;611;Pornainen;rakentamaton_rakennuspaikka;3
2015;611;Pornainen;vakituinen_asuinrakennus;0.5
2015;611;Pornainen;yleinen_maapohja;1
2015;611;Pornainen;yleinen_rakennus;1
2015;614;Posio;muu_asuinrakennus;1
2015;614;Posio;rakentamaton_rakennuspaikka;
2015;614;Posio;vakituinen_asuinrakennus;0.5
2015;614;Posio;yleinen_maapohja;1
2015;614;Posio;yleinen_rakennus;1
2015;615;Pudasjärvi;muu_asuinrakennus;0.87
2015;615;Pudasjärvi;rakentamaton_rakennuspaikka;2
2015;615;Pudasjärvi;vakituinen_asuinrakennus;0.4
2015;615;Pudasjärvi;yleinen_maapohja;0.8
2015;615;Pudasjärvi;yleinen_rakennus;0.8
2015;616;Pukkila;muu_asuinrakennus;1.25
2015;616;Pukkila;rakentamaton_rakennuspaikka;3
2015;616;Pukkila;vakituinen_asuinrakennus;0.65
2015;616;Pukkila;yleinen_maapohja;1.15
2015;616;Pukkila;yleinen_rakennus;1.15
2015;619;Punkalaidun;muu_asuinrakennus;1
2015;619;Punkalaidun;rakentamaton_rakennuspaikka;
2015;619;Punkalaidun;vakituinen_asuinrakennus;0.55
2015;619;Punkalaidun;yleinen_maapohja;0.95
2015;619;Punkalaidun;yleinen_rakennus;0.95
2015;620;Puolanka;muu_asuinrakennus;1.1
2015;620;Puolanka;rakentamaton_rakennuspaikka;
2015;620;Puolanka;vakituinen_asuinrakennus;0.55
2015;620;Puolanka;yleinen_maapohja;0.9
2015;620;Puolanka;yleinen_rakennus;0.9
2015;623;Puumala;muu_asuinrakennus;1.08
2015;623;Puumala;rakentamaton_rakennuspaikka;1.6
2015;623;Puumala;vakituinen_asuinrakennus;0.48
2015;623;Puumala;yleinen_maapohja;0.95
2015;623;Puumala;yleinen_rakennus;0.95
2015;624;Pyhtää;muu_asuinrakennus;1.22
2015;624;Pyhtää;rakentamaton_rakennuspaikka;
2015;624;Pyhtää;vakituinen_asuinrakennus;0.62
2015;624;Pyhtää;yleinen_maapohja;1.27
2015;624;Pyhtää;yleinen_rakennus;1.27
2015;625;Pyhäjoki;muu_asuinrakennus;
2015;625;Pyhäjoki;rakentamaton_rakennuspaikka;3
2015;625;Pyhäjoki;vakituinen_asuinrakennus;0.4
2015;625;Pyhäjoki;yleinen_maapohja;1.15
2015;625;Pyhäjoki;yleinen_rakennus;1.15
2015;626;Pyhäjärvi;muu_asuinrakennus;1
2015;626;Pyhäjärvi;rakentamaton_rakennuspaikka;3
2015;626;Pyhäjärvi;vakituinen_asuinrakennus;0.5
2015;626;Pyhäjärvi;yleinen_maapohja;1
2015;626;Pyhäjärvi;yleinen_rakennus;1
2015;630;Pyhäntä;muu_asuinrakennus;1.2
2015;630;Pyhäntä;rakentamaton_rakennuspaikka;
2015;630;Pyhäntä;vakituinen_asuinrakennus;0.6
2015;630;Pyhäntä;yleinen_maapohja;0.95
2015;630;Pyhäntä;yleinen_rakennus;0.95
2015;631;Pyhäranta;muu_asuinrakennus;1.1
2015;631;Pyhäranta;rakentamaton_rakennuspaikka;3
2015;631;Pyhäranta;vakituinen_asuinrakennus;0.4
2015;631;Pyhäranta;yleinen_maapohja;1.1
2015;631;Pyhäranta;yleinen_rakennus;1.1
2015;635;Pälkäne;muu_asuinrakennus;1.05
2015;635;Pälkäne;rakentamaton_rakennuspaikka;
2015;635;Pälkäne;vakituinen_asuinrakennus;0.45
2015;635;Pälkäne;yleinen_maapohja;1
2015;635;Pälkäne;yleinen_rakennus;1
2015;636;Pöytyä;muu_asuinrakennus;0.98
2015;636;Pöytyä;rakentamaton_rakennuspaikka;
2015;636;Pöytyä;vakituinen_asuinrakennus;0.38
2015;636;Pöytyä;yleinen_maapohja;0.8
2015;636;Pöytyä;yleinen_rakennus;0.8
2015;638;Porvoo;muu_asuinrakennus;1.1
2015;638;Porvoo;rakentamaton_rakennuspaikka;
2015;638;Porvoo;vakituinen_asuinrakennus;0.5
2015;638;Porvoo;yleinen_maapohja;1.3
2015;638;Porvoo;yleinen_rakennus;1.3
2015;678;Raahe;muu_asuinrakennus;1
2015;678;Raahe;rakentamaton_rakennuspaikka;3
2015;678;Raahe;vakituinen_asuinrakennus;0.5
2015;678;Raahe;yleinen_maapohja;1
2015;678;Raahe;yleinen_rakennus;1
2015;680;Raisio;muu_asuinrakennus;0.8
2015;680;Raisio;rakentamaton_rakennuspaikka;3
2015;680;Raisio;vakituinen_asuinrakennus;0.45
2015;680;Raisio;yleinen_maapohja;1.25
2015;680;Raisio;yleinen_rakennus;1.25
2015;681;Rantasalmi;muu_asuinrakennus;0.97
2015;681;Rantasalmi;rakentamaton_rakennuspaikka;2
2015;681;Rantasalmi;vakituinen_asuinrakennus;0.42
2015;681;Rantasalmi;yleinen_maapohja;0.92
2015;681;Rantasalmi;yleinen_rakennus;0.92
2015;683;Ranua;muu_asuinrakennus;1
2015;683;Ranua;rakentamaton_rakennuspaikka;
2015;683;Ranua;vakituinen_asuinrakennus;0.4
2015;683;Ranua;yleinen_maapohja;0.9
2015;683;Ranua;yleinen_rakennus;0.9
2015;684;Rauma;muu_asuinrakennus;0.8
2015;684;Rauma;rakentamaton_rakennuspaikka;3
2015;684;Rauma;vakituinen_asuinrakennus;0.37
2015;684;Rauma;yleinen_maapohja;0.8
2015;684;Rauma;yleinen_rakennus;0.8
2015;686;Rautalampi;muu_asuinrakennus;1.3
2015;686;Rautalampi;rakentamaton_rakennuspaikka;
2015;686;Rautalampi;vakituinen_asuinrakennus;0.7
2015;686;Rautalampi;yleinen_maapohja;1
2015;686;Rautalampi;yleinen_rakennus;1
2015;687;Rautavaara;muu_asuinrakennus;1.05
2015;687;Rautavaara;rakentamaton_rakennuspaikka;2
2015;687;Rautavaara;vakituinen_asuinrakennus;0.5
2015;687;Rautavaara;yleinen_maapohja;0.8
2015;687;Rautavaara;yleinen_rakennus;0.8
2015;689;Rautjärvi;muu_asuinrakennus;1.09
2015;689;Rautjärvi;rakentamaton_rakennuspaikka;
2015;689;Rautjärvi;vakituinen_asuinrakennus;0.49
2015;689;Rautjärvi;yleinen_maapohja;0.8
2015;689;Rautjärvi;yleinen_rakennus;0.8
2015;691;Reisjärvi;muu_asuinrakennus;1.2
2015;691;Reisjärvi;rakentamaton_rakennuspaikka;1.6
2015;691;Reisjärvi;vakituinen_asuinrakennus;0.65
2015;691;Reisjärvi;yleinen_maapohja;1.1
2015;691;Reisjärvi;yleinen_rakennus;1.1
2015;694;Riihimäki;muu_asuinrakennus;0.8
2015;694;Riihimäki;rakentamaton_rakennuspaikka;3
2015;694;Riihimäki;vakituinen_asuinrakennus;0.5
2015;694;Riihimäki;yleinen_maapohja;1.45
2015;694;Riihimäki;yleinen_rakennus;1.45
2015;697;Ristijärvi;muu_asuinrakennus;1.15
2015;697;Ristijärvi;rakentamaton_rakennuspaikka;
2015;697;Ristijärvi;vakituinen_asuinrakennus;0.55
2015;697;Ristijärvi;yleinen_maapohja;1.1
2015;697;Ristijärvi;yleinen_rakennus;1.1
2015;698;Rovaniemi;muu_asuinrakennus;1
2015;698;Rovaniemi;rakentamaton_rakennuspaikka;3
2015;698;Rovaniemi;vakituinen_asuinrakennus;0.4
2015;698;Rovaniemi;yleinen_maapohja;1.35
2015;698;Rovaniemi;yleinen_rakennus;1.35
2015;700;Ruokolahti;muu_asuinrakennus;1.1
2015;700;Ruokolahti;rakentamaton_rakennuspaikka;
2015;700;Ruokolahti;vakituinen_asuinrakennus;0.5
2015;700;Ruokolahti;yleinen_maapohja;0.9
2015;700;Ruokolahti;yleinen_rakennus;0.9
2015;702;Ruovesi;muu_asuinrakennus;1.1
2015;702;Ruovesi;rakentamaton_rakennuspaikka;
2015;702;Ruovesi;vakituinen_asuinrakennus;0.5
2015;702;Ruovesi;yleinen_maapohja;1
2015;702;Ruovesi;yleinen_rakennus;1
2015;704;Rusko;muu_asuinrakennus;1.02
2015;704;Rusko;rakentamaton_rakennuspaikka;
2015;704;Rusko;vakituinen_asuinrakennus;0.42
2015;704;Rusko;yleinen_maapohja;0.8
2015;704;Rusko;yleinen_rakennus;0.8
2015;707;Rääkkylä;muu_asuinrakennus;1.05
2015;707;Rääkkylä;rakentamaton_rakennuspaikka;1
2015;707;Rääkkylä;vakituinen_asuinrakennus;0.5
2015;707;Rääkkylä;yleinen_maapohja;1
2015;707;Rääkkylä;yleinen_rakennus;1
2015;710;Raasepori;muu_asuinrakennus;
2015;710;Raasepori;rakentamaton_rakennuspaikka;
2015;710;Raasepori;vakituinen_asuinrakennus;0.37
2015;710;Raasepori;yleinen_maapohja;1.35
2015;710;Raasepori;yleinen_rakennus;1.35
2015;729;Saarijärvi;muu_asuinrakennus;1.05
2015;729;Saarijärvi;rakentamaton_rakennuspaikka;2.4
2015;729;Saarijärvi;vakituinen_asuinrakennus;0.45
2015;729;Saarijärvi;yleinen_maapohja;1
2015;729;Saarijärvi;yleinen_rakennus;1
2015;732;Salla;muu_asuinrakennus;1.2
2015;732;Salla;rakentamaton_rakennuspaikka;
2015;732;Salla;vakituinen_asuinrakennus;0.6
2015;732;Salla;yleinen_maapohja;1.35
2015;732;Salla;yleinen_rakennus;1.35
2015;734;Salo;muu_asuinrakennus;1.15
2015;734;Salo;rakentamaton_rakennuspaikka;3
2015;734;Salo;vakituinen_asuinrakennus;0.55
2015;734;Salo;yleinen_maapohja;0.9
2015;734;Salo;yleinen_rakennus;0.9
2015;736;Saltvik;muu_asuinrakennus;0.9
2015;736;Saltvik;rakentamaton_rakennuspaikka;0
2015;736;Saltvik;vakituinen_asuinrakennus;0
2015;736;Saltvik;yleinen_maapohja;0.2
2015;736;Saltvik;yleinen_rakennus;0.2
2015;738;Sauvo;muu_asuinrakennus;1.12
2015;738;Sauvo;rakentamaton_rakennuspaikka;
2015;738;Sauvo;vakituinen_asuinrakennus;0.52
2015;738;Sauvo;yleinen_maapohja;1
2015;738;Sauvo;yleinen_rakennus;1
2015;739;Savitaipale;muu_asuinrakennus;1.1
2015;739;Savitaipale;rakentamaton_rakennuspaikka;
2015;739;Savitaipale;vakituinen_asuinrakennus;0.5
2015;739;Savitaipale;yleinen_maapohja;0.85
2015;739;Savitaipale;yleinen_rakennus;0.85
2015;740;Savonlinna;muu_asuinrakennus;1.19
2015;740;Savonlinna;rakentamaton_rakennuspaikka;3
2015;740;Savonlinna;vakituinen_asuinrakennus;0.59
2015;740;Savonlinna;yleinen_maapohja;1.19
2015;740;Savonlinna;yleinen_rakennus;1.19
2015;742;Savukoski;muu_asuinrakennus;1.2
2015;742;Savukoski;rakentamaton_rakennuspaikka;
2015;742;Savukoski;vakituinen_asuinrakennus;0.6
2015;742;Savukoski;yleinen_maapohja;1.2
2015;742;Savukoski;yleinen_rakennus;1.2
2015;743;Seinäjoki;muu_asuinrakennus;1.15
2015;743;Seinäjoki;rakentamaton_rakennuspaikka;3
2015;743;Seinäjoki;vakituinen_asuinrakennus;0.55
2015;743;Seinäjoki;yleinen_maapohja;1.4
2015;743;Seinäjoki;yleinen_rakennus;1.4
2015;746;Sievi;muu_asuinrakennus;1.3
2015;746;Sievi;rakentamaton_rakennuspaikka;
2015;746;Sievi;vakituinen_asuinrakennus;0.7
2015;746;Sievi;yleinen_maapohja;0.9
2015;746;Sievi;yleinen_rakennus;0.9
2015;747;Siikainen;muu_asuinrakennus;1.1
2015;747;Siikainen;rakentamaton_rakennuspaikka;
2015;747;Siikainen;vakituinen_asuinrakennus;0.5
2015;747;Siikainen;yleinen_maapohja;0.9
2015;747;Siikainen;yleinen_rakennus;0.9
2015;748;Siikajoki;muu_asuinrakennus;1
2015;748;Siikajoki;rakentamaton_rakennuspaikka;3
2015;748;Siikajoki;vakituinen_asuinrakennus;0.5
2015;748;Siikajoki;yleinen_maapohja;1
2015;748;Siikajoki;yleinen_rakennus;1
2015;749;Siilinjärvi;muu_asuinrakennus;1
2015;749;Siilinjärvi;rakentamaton_rakennuspaikka;3
2015;749;Siilinjärvi;vakituinen_asuinrakennus;0.65
2015;749;Siilinjärvi;yleinen_maapohja;1.25
2015;749;Siilinjärvi;yleinen_rakennus;1.25
2015;751;Simo;muu_asuinrakennus;1.05
2015;751;Simo;rakentamaton_rakennuspaikka;
2015;751;Simo;vakituinen_asuinrakennus;0.45
2015;751;Simo;yleinen_maapohja;1.2
2015;751;Simo;yleinen_rakennus;1.2
2015;753;Sipoo;muu_asuinrakennus;1.1
2015;753;Sipoo;rakentamaton_rakennuspaikka;3
2015;753;Sipoo;vakituinen_asuinrakennus;0.5
2015;753;Sipoo;yleinen_maapohja;1
2015;753;Sipoo;yleinen_rakennus;1
2015;755;Siuntio;muu_asuinrakennus;1.2
2015;755;Siuntio;rakentamaton_rakennuspaikka;3
2015;755;Siuntio;vakituinen_asuinrakennus;0.5
2015;755;Siuntio;yleinen_maapohja;1.2
2015;755;Siuntio;yleinen_rakennus;1.2
2015;758;Sodankylä;muu_asuinrakennus;1.05
2015;758;Sodankylä;rakentamaton_rakennuspaikka;3
2015;758;Sodankylä;vakituinen_asuinrakennus;0.45
2015;758;Sodankylä;yleinen_maapohja;1.31
2015;758;Sodankylä;yleinen_rakennus;1.31
2015;759;Soini;muu_asuinrakennus;1.1
2015;759;Soini;rakentamaton_rakennuspaikka;
2015;759;Soini;vakituinen_asuinrakennus;0.5
2015;759;Soini;yleinen_maapohja;1
2015;759;Soini;yleinen_rakennus;1
2015;761;Somero;muu_asuinrakennus;0.9
2015;761;Somero;rakentamaton_rakennuspaikka;
2015;761;Somero;vakituinen_asuinrakennus;0.37
2015;761;Somero;yleinen_maapohja;0.8
2015;761;Somero;yleinen_rakennus;0.8
2015;762;Sonkajärvi;muu_asuinrakennus;0.85
2015;762;Sonkajärvi;rakentamaton_rakennuspaikka;
2015;762;Sonkajärvi;vakituinen_asuinrakennus;0.4
2015;762;Sonkajärvi;yleinen_maapohja;0.8
2015;762;Sonkajärvi;yleinen_rakennus;0.8
2015;765;Sotkamo;muu_asuinrakennus;1.2
2015;765;Sotkamo;rakentamaton_rakennuspaikka;
2015;765;Sotkamo;vakituinen_asuinrakennus;0.6
2015;765;Sotkamo;yleinen_maapohja;1.1
2015;765;Sotkamo;yleinen_rakennus;1.1
2015;766;Sottunga;muu_asuinrakennus;0.9
2015;766;Sottunga;rakentamaton_rakennuspaikka;
2015;766;Sottunga;vakituinen_asuinrakennus;0.5
2015;766;Sottunga;yleinen_maapohja;0.7
2015;766;Sottunga;yleinen_rakennus;0.7
2015;768;Sulkava;muu_asuinrakennus;1.05
2015;768;Sulkava;rakentamaton_rakennuspaikka;
2015;768;Sulkava;vakituinen_asuinrakennus;0.45
2015;768;Sulkava;yleinen_maapohja;0.9
2015;768;Sulkava;yleinen_rakennus;0.9
2015;771;Sund;muu_asuinrakennus;0.9
2015;771;Sund;rakentamaton_rakennuspaikka;0.2
2015;771;Sund;vakituinen_asuinrakennus;0
2015;771;Sund;yleinen_maapohja;0.75
2015;771;Sund;yleinen_rakennus;0.75
2015;777;Suomussalmi;muu_asuinrakennus;1
2015;777;Suomussalmi;rakentamaton_rakennuspaikka;
2015;777;Suomussalmi;vakituinen_asuinrakennus;0.45
2015;777;Suomussalmi;yleinen_maapohja;0.95
2015;777;Suomussalmi;yleinen_rakennus;0.95
2015;778;Suonenjoki;muu_asuinrakennus;1.1
2015;778;Suonenjoki;rakentamaton_rakennuspaikka;
2015;778;Suonenjoki;vakituinen_asuinrakennus;0.65
2015;778;Suonenjoki;yleinen_maapohja;1
2015;778;Suonenjoki;yleinen_rakennus;1
2015;781;Sysmä;muu_asuinrakennus;1
2015;781;Sysmä;rakentamaton_rakennuspaikka;
2015;781;Sysmä;vakituinen_asuinrakennus;0.5
2015;781;Sysmä;yleinen_maapohja;0.9
2015;781;Sysmä;yleinen_rakennus;0.9
2015;783;Säkylä;muu_asuinrakennus;1
2015;783;Säkylä;rakentamaton_rakennuspaikka;
2015;783;Säkylä;vakituinen_asuinrakennus;0.45
2015;783;Säkylä;yleinen_maapohja;0.9
2015;783;Säkylä;yleinen_rakennus;0.9
2015;785;Vaala;muu_asuinrakennus;1.15
2015;785;Vaala;rakentamaton_rakennuspaikka;
2015;785;Vaala;vakituinen_asuinrakennus;0.59
2015;785;Vaala;yleinen_maapohja;1.1
2015;785;Vaala;yleinen_rakennus;1.1
2015;790;Sastamala;muu_asuinrakennus;0.98
2015;790;Sastamala;rakentamaton_rakennuspaikka;2
2015;790;Sastamala;vakituinen_asuinrakennus;0.45
2015;790;Sastamala;yleinen_maapohja;0.8
2015;790;Sastamala;yleinen_rakennus;0.8
2015;791;Siikalatva;muu_asuinrakennus;1.25
2015;791;Siikalatva;rakentamaton_rakennuspaikka;2
2015;791;Siikalatva;vakituinen_asuinrakennus;0.65
2015;791;Siikalatva;yleinen_maapohja;1
2015;791;Siikalatva;yleinen_rakennus;1
2015;831;Taipalsaari;muu_asuinrakennus;1.1
2015;831;Taipalsaari;rakentamaton_rakennuspaikka;3
2015;831;Taipalsaari;vakituinen_asuinrakennus;0.5
2015;831;Taipalsaari;yleinen_maapohja;1.05
2015;831;Taipalsaari;yleinen_rakennus;1.05
2015;832;Taivalkoski;muu_asuinrakennus;1
2015;832;Taivalkoski;rakentamaton_rakennuspaikka;
2015;832;Taivalkoski;vakituinen_asuinrakennus;0.45
2015;832;Taivalkoski;yleinen_maapohja;0.8
2015;832;Taivalkoski;yleinen_rakennus;0.8
2015;833;Taivassalo;muu_asuinrakennus;1.15
2015;833;Taivassalo;rakentamaton_rakennuspaikka;
2015;833;Taivassalo;vakituinen_asuinrakennus;0.6
2015;833;Taivassalo;yleinen_maapohja;1.1
2015;833;Taivassalo;yleinen_rakennus;1.1
2015;834;Tammela;muu_asuinrakennus;1.02
2015;834;Tammela;rakentamaton_rakennuspaikka;
2015;834;Tammela;vakituinen_asuinrakennus;0.42
2015;834;Tammela;yleinen_maapohja;0.8
2015;834;Tammela;yleinen_rakennus;0.8
2015;837;Tampere;muu_asuinrakennus;0.9
2015;837;Tampere;rakentamaton_rakennuspaikka;3
2015;837;Tampere;vakituinen_asuinrakennus;0.5
2015;837;Tampere;yleinen_maapohja;1.05
2015;837;Tampere;yleinen_rakennus;1.05
2015;844;Tervo;muu_asuinrakennus;1
2015;844;Tervo;rakentamaton_rakennuspaikka;1.5
2015;844;Tervo;vakituinen_asuinrakennus;0.48
2015;844;Tervo;yleinen_maapohja;0.85
2015;844;Tervo;yleinen_rakennus;0.85
2015;845;Tervola;muu_asuinrakennus;0.95
2015;845;Tervola;rakentamaton_rakennuspaikka;
2015;845;Tervola;vakituinen_asuinrakennus;0.5
2015;845;Tervola;yleinen_maapohja;0.95
2015;845;Tervola;yleinen_rakennus;0.95
2015;846;Teuva;muu_asuinrakennus;
2015;846;Teuva;rakentamaton_rakennuspaikka;
2015;846;Teuva;vakituinen_asuinrakennus;0.5
2015;846;Teuva;yleinen_maapohja;0.9
2015;846;Teuva;yleinen_rakennus;0.9
2015;848;Tohmajärvi;muu_asuinrakennus;1.15
2015;848;Tohmajärvi;rakentamaton_rakennuspaikka;3
2015;848;Tohmajärvi;vakituinen_asuinrakennus;0.55
2015;848;Tohmajärvi;yleinen_maapohja;1.1
2015;848;Tohmajärvi;yleinen_rakennus;1.1
2015;849;Toholampi;muu_asuinrakennus;0.9
2015;849;Toholampi;rakentamaton_rakennuspaikka;2.1
2015;849;Toholampi;vakituinen_asuinrakennus;0.65
2015;849;Toholampi;yleinen_maapohja;0.8
2015;849;Toholampi;yleinen_rakennus;0.8
2015;850;Toivakka;muu_asuinrakennus;1.1
2015;850;Toivakka;rakentamaton_rakennuspaikka;3
2015;850;Toivakka;vakituinen_asuinrakennus;0.45
2015;850;Toivakka;yleinen_maapohja;1.1
2015;850;Toivakka;yleinen_rakennus;1.1
2015;851;Tornio;muu_asuinrakennus;1
2015;851;Tornio;rakentamaton_rakennuspaikka;3
2015;851;Tornio;vakituinen_asuinrakennus;0.42
2015;851;Tornio;yleinen_maapohja;1.05
2015;851;Tornio;yleinen_rakennus;1.05
2015;853;Turku;muu_asuinrakennus;0.8
2015;853;Turku;rakentamaton_rakennuspaikka;3
2015;853;Turku;vakituinen_asuinrakennus;0.37
2015;853;Turku;yleinen_maapohja;1
2015;853;Turku;yleinen_rakennus;1
2015;854;Pello;muu_asuinrakennus;0.97
2015;854;Pello;rakentamaton_rakennuspaikka;
2015;854;Pello;vakituinen_asuinrakennus;0.37
2015;854;Pello;yleinen_maapohja;0.85
2015;854;Pello;yleinen_rakennus;0.85
2015;857;Tuusniemi;muu_asuinrakennus;1.25
2015;857;Tuusniemi;rakentamaton_rakennuspaikka;
2015;857;Tuusniemi;vakituinen_asuinrakennus;0.65
2015;857;Tuusniemi;yleinen_maapohja;1.15
2015;857;Tuusniemi;yleinen_rakennus;1.15
2015;858;Tuusula;muu_asuinrakennus;0.8
2015;858;Tuusula;rakentamaton_rakennuspaikka;2.3
2015;858;Tuusula;vakituinen_asuinrakennus;0.37
2015;858;Tuusula;yleinen_maapohja;0.8
2015;858;Tuusula;yleinen_rakennus;0.8
2015;859;Tyrnävä;muu_asuinrakennus;0.98
2015;859;Tyrnävä;rakentamaton_rakennuspaikka;
2015;859;Tyrnävä;vakituinen_asuinrakennus;0.54
2015;859;Tyrnävä;yleinen_maapohja;0.98
2015;859;Tyrnävä;yleinen_rakennus;0.98
2015;886;Ulvila;muu_asuinrakennus;1.1
2015;886;Ulvila;rakentamaton_rakennuspaikka;3
2015;886;Ulvila;vakituinen_asuinrakennus;0.5
2015;886;Ulvila;yleinen_maapohja;1.1
2015;886;Ulvila;yleinen_rakennus;1.1
2015;887;Urjala;muu_asuinrakennus;1.25
2015;887;Urjala;rakentamaton_rakennuspaikka;1.5
2015;887;Urjala;vakituinen_asuinrakennus;0.65
2015;887;Urjala;yleinen_maapohja;1.2
2015;887;Urjala;yleinen_rakennus;1.2
2015;889;Utajärvi;muu_asuinrakennus;1.05
2015;889;Utajärvi;rakentamaton_rakennuspaikka;3
2015;889;Utajärvi;vakituinen_asuinrakennus;0.45
2015;889;Utajärvi;yleinen_maapohja;1
2015;889;Utajärvi;yleinen_rakennus;1
2015;890;Utsjoki;muu_asuinrakennus;1.25
2015;890;Utsjoki;rakentamaton_rakennuspaikka;1.5
2015;890;Utsjoki;vakituinen_asuinrakennus;0.65
2015;890;Utsjoki;yleinen_maapohja;1.1
2015;890;Utsjoki;yleinen_rakennus;1.1
2015;892;Uurainen;muu_asuinrakennus;1
2015;892;Uurainen;rakentamaton_rakennuspaikka;2.5
2015;892;Uurainen;vakituinen_asuinrakennus;0.4
2015;892;Uurainen;yleinen_maapohja;1
2015;892;Uurainen;yleinen_rakennus;1
2015;893;Uusikaarlepyy;muu_asuinrakennus;1.1
2015;893;Uusikaarlepyy;rakentamaton_rakennuspaikka;2
2015;893;Uusikaarlepyy;vakituinen_asuinrakennus;0.5
2015;893;Uusikaarlepyy;yleinen_maapohja;1
2015;893;Uusikaarlepyy;yleinen_rakennus;1
2015;895;Uusikaupunki;muu_asuinrakennus;1.02
2015;895;Uusikaupunki;rakentamaton_rakennuspaikka;
2015;895;Uusikaupunki;vakituinen_asuinrakennus;0.42
2015;895;Uusikaupunki;yleinen_maapohja;0.95
2015;895;Uusikaupunki;yleinen_rakennus;0.95
2015;905;Vaasa;muu_asuinrakennus;1.1
2015;905;Vaasa;rakentamaton_rakennuspaikka;3
2015;905;Vaasa;vakituinen_asuinrakennus;0.5
2015;905;Vaasa;yleinen_maapohja;1.15
2015;905;Vaasa;yleinen_rakennus;1.15
2015;908;Valkeakoski;muu_asuinrakennus;1.1
2015;908;Valkeakoski;rakentamaton_rakennuspaikka;
2015;908;Valkeakoski;vakituinen_asuinrakennus;0.5
2015;908;Valkeakoski;yleinen_maapohja;1.3
2015;908;Valkeakoski;yleinen_rakennus;1.3
2015;915;Varkaus;muu_asuinrakennus;1
2015;915;Varkaus;rakentamaton_rakennuspaikka;
2015;915;Varkaus;vakituinen_asuinrakennus;0.4
2015;915;Varkaus;yleinen_maapohja;1.35
2015;915;Varkaus;yleinen_rakennus;1.35
2015;918;Vehmaa;muu_asuinrakennus;1.1
2015;918;Vehmaa;rakentamaton_rakennuspaikka;
2015;918;Vehmaa;vakituinen_asuinrakennus;0.5
2015;918;Vehmaa;yleinen_maapohja;1
2015;918;Vehmaa;yleinen_rakennus;1
2015;921;Vesanto;muu_asuinrakennus;1
2015;921;Vesanto;rakentamaton_rakennuspaikka;
2015;921;Vesanto;vakituinen_asuinrakennus;0.5
2015;921;Vesanto;yleinen_maapohja;1
2015;921;Vesanto;yleinen_rakennus;1
2015;922;Vesilahti;muu_asuinrakennus;1.15
2015;922;Vesilahti;rakentamaton_rakennuspaikka;2
2015;922;Vesilahti;vakituinen_asuinrakennus;0.55
2015;922;Vesilahti;yleinen_maapohja;1
2015;922;Vesilahti;yleinen_rakennus;1
2015;924;Veteli;muu_asuinrakennus;1.05
2015;924;Veteli;rakentamaton_rakennuspaikka;3
2015;924;Veteli;vakituinen_asuinrakennus;0.6
2015;924;Veteli;yleinen_maapohja;0.95
2015;924;Veteli;yleinen_rakennus;0.95
2015;925;Vieremä;muu_asuinrakennus;1
2015;925;Vieremä;rakentamaton_rakennuspaikka;
2015;925;Vieremä;vakituinen_asuinrakennus;0.45
2015;925;Vieremä;yleinen_maapohja;0.9
2015;925;Vieremä;yleinen_rakennus;0.9
2015;927;Vihti;muu_asuinrakennus;1
2015;927;Vihti;rakentamaton_rakennuspaikka;3
2015;927;Vihti;vakituinen_asuinrakennus;0.5
2015;927;Vihti;yleinen_maapohja;0.95
2015;927;Vihti;yleinen_rakennus;0.95
2015;931;Viitasaari;muu_asuinrakennus;1.1
2015;931;Viitasaari;rakentamaton_rakennuspaikka;
2015;931;Viitasaari;vakituinen_asuinrakennus;0.6
2015;931;Viitasaari;yleinen_maapohja;0.9
2015;931;Viitasaari;yleinen_rakennus;0.9
2015;934;Vimpeli;muu_asuinrakennus;1.15
2015;934;Vimpeli;rakentamaton_rakennuspaikka;3
2015;934;Vimpeli;vakituinen_asuinrakennus;0.55
2015;934;Vimpeli;yleinen_maapohja;1.3
2015;934;Vimpeli;yleinen_rakennus;1.3
2015;935;Virolahti;muu_asuinrakennus;1.05
2015;935;Virolahti;rakentamaton_rakennuspaikka;
2015;935;Virolahti;vakituinen_asuinrakennus;0.45
2015;935;Virolahti;yleinen_maapohja;1.1
2015;935;Virolahti;yleinen_rakennus;1.1
2015;936;Virrat;muu_asuinrakennus;1
2015;936;Virrat;rakentamaton_rakennuspaikka;
2015;936;Virrat;vakituinen_asuinrakennus;0.45
2015;936;Virrat;yleinen_maapohja;0.9
2015;936;Virrat;yleinen_rakennus;0.9
2015;941;Vårdö;muu_asuinrakennus;0.9
2015;941;Vårdö;rakentamaton_rakennuspaikka;0
2015;941;Vårdö;vakituinen_asuinrakennus;0
2015;941;Vårdö;yleinen_maapohja;0.15
2015;941;Vårdö;yleinen_rakennus;0.15
2015;946;Vöyri;muu_asuinrakennus;1.1
2015;946;Vöyri;rakentamaton_rakennuspaikka;
2015;946;Vöyri;vakituinen_asuinrakennus;0.5
2015;946;Vöyri;yleinen_maapohja;0.8
2015;946;Vöyri;yleinen_rakennus;0.8
2015;976;Ylitornio;muu_asuinrakennus;0.97
2015;976;Ylitornio;rakentamaton_rakennuspaikka;1.5
2015;976;Ylitornio;vakituinen_asuinrakennus;0.37
2015;976;Ylitornio;yleinen_maapohja;0.8
2015;976;Ylitornio;yleinen_rakennus;0.8
2015;977;Ylivieska;muu_asuinrakennus;1.15
2015;977;Ylivieska;rakentamaton_rakennuspaikka;3
2015;977;Ylivieska;vakituinen_asuinrakennus;0.7
2015;977;Ylivieska;yleinen_maapohja;1.3
2015;977;Ylivieska;yleinen_rakennus;1.3
2015;980;Ylöjärvi;muu_asuinrakennus;1
2015;980;Ylöjärvi;rakentamaton_rakennuspaikka;3
2015;980;Ylöjärvi;vakituinen_asuinrakennus;0.5
2015;980;Ylöjärvi;yleinen_maapohja;0.9
2015;980;Ylöjärvi;yleinen_rakennus;0.9
2015;981;Ypäjä;muu_asuinrakennus;1
2015;981;Ypäjä;rakentamaton_rakennuspaikka;2
2015;981;Ypäjä;vakituinen_asuinrakennus;0.45
2015;981;Ypäjä;yleinen_maapohja;0.9
2015;981;Ypäjä;yleinen_rakennus;0.9
2015;989;Ähtäri;muu_asuinrakennus;1.1
2015;989;Ähtäri;rakentamaton_rakennuspaikka;
2015;989;Ähtäri;vakituinen_asuinrakennus;0.5
2015;989;Ähtäri;yleinen_maapohja;1.1
2015;989;Ähtäri;yleinen_rakennus;1.1
2015;992;Äänekoski;muu_asuinrakennus;1.05
2015;992;Äänekoski;rakentamaton_rakennuspaikka;
2015;992;Äänekoski;vakituinen_asuinrakennus;0.45
2015;992;Äänekoski;yleinen_maapohja;1.05
2015;992;Äänekoski;yleinen_rakennus;1.05
2016;005;Alajärvi;muu_asuinrakennus;1.1
2016;005;Alajärvi;rakentamaton_rakennuspaikka;3
2016;005;Alajärvi;vakituinen_asuinrakennus;0.5
2016;005;Alajärvi;yleinen_maapohja;1.05
2016;005;Alajärvi;yleinen_rakennus;1.05
2016;009;Alavieska;muu_asuinrakennus;0.9
2016;009;Alavieska;rakentamaton_rakennuspaikka;
2016;009;Alavieska;vakituinen_asuinrakennus;0.55
2016;009;Alavieska;yleinen_maapohja;1
2016;009;Alavieska;yleinen_rakennus;1
2016;010;Alavus;muu_asuinrakennus;1
2016;010;Alavus;rakentamaton_rakennuspaikka;
2016;010;Alavus;vakituinen_asuinrakennus;0.4
2016;010;Alavus;yleinen_maapohja;0.9
2016;010;Alavus;yleinen_rakennus;0.9
2016;016;Asikkala;muu_asuinrakennus;1.25
2016;016;Asikkala;rakentamaton_rakennuspaikka;3
2016;016;Asikkala;vakituinen_asuinrakennus;0.45
2016;016;Asikkala;yleinen_maapohja;0.83
2016;016;Asikkala;yleinen_rakennus;0.83
2016;018;Askola;muu_asuinrakennus;1.25
2016;018;Askola;rakentamaton_rakennuspaikka;3
2016;018;Askola;vakituinen_asuinrakennus;0.65
2016;018;Askola;yleinen_maapohja;1.05
2016;018;Askola;yleinen_rakennus;1.05
2016;019;Aura;muu_asuinrakennus;1.1
2016;019;Aura;rakentamaton_rakennuspaikka;
2016;019;Aura;vakituinen_asuinrakennus;0.55
2016;019;Aura;yleinen_maapohja;1.1
2016;019;Aura;yleinen_rakennus;1.1
2016;020;Akaa;muu_asuinrakennus;1.25
2016;020;Akaa;rakentamaton_rakennuspaikka;4
2016;020;Akaa;vakituinen_asuinrakennus;0.65
2016;020;Akaa;yleinen_maapohja;1.1
2016;020;Akaa;yleinen_rakennus;1.1
2016;035;Brändö;muu_asuinrakennus;0.9
2016;035;Brändö;rakentamaton_rakennuspaikka;
2016;035;Brändö;vakituinen_asuinrakennus;0
2016;035;Brändö;yleinen_maapohja;0
2016;035;Brändö;yleinen_rakennus;0
2016;043;Eckerö;muu_asuinrakennus;0.9
2016;043;Eckerö;rakentamaton_rakennuspaikka;
2016;043;Eckerö;vakituinen_asuinrakennus;0
2016;043;Eckerö;yleinen_maapohja;0.7
2016;043;Eckerö;yleinen_rakennus;0.7
2016;046;Enonkoski;muu_asuinrakennus;1.1
2016;046;Enonkoski;rakentamaton_rakennuspaikka;
2016;046;Enonkoski;vakituinen_asuinrakennus;0.5
2016;046;Enonkoski;yleinen_maapohja;0.8
2016;046;Enonkoski;yleinen_rakennus;0.8
2016;047;Enontekiö;muu_asuinrakennus;1.15
2016;047;Enontekiö;rakentamaton_rakennuspaikka;3
2016;047;Enontekiö;vakituinen_asuinrakennus;0.55
2016;047;Enontekiö;yleinen_maapohja;1.05
2016;047;Enontekiö;yleinen_rakennus;1.05
2016;049;Espoo;muu_asuinrakennus;0.8
2016;049;Espoo;rakentamaton_rakennuspaikka;3
2016;049;Espoo;vakituinen_asuinrakennus;0.37
2016;049;Espoo;yleinen_maapohja;0.8
2016;049;Espoo;yleinen_rakennus;0.8
2016;050;Eura;muu_asuinrakennus;1.1
2016;050;Eura;rakentamaton_rakennuspaikka;3
2016;050;Eura;vakituinen_asuinrakennus;0.6
2016;050;Eura;yleinen_maapohja;1.1
2016;050;Eura;yleinen_rakennus;1.1
2016;051;Eurajoki;muu_asuinrakennus;0.8
2016;051;Eurajoki;rakentamaton_rakennuspaikka;
2016;051;Eurajoki;vakituinen_asuinrakennus;0.37
2016;051;Eurajoki;yleinen_maapohja;0.8
2016;051;Eurajoki;yleinen_rakennus;0.8
2016;052;Evijärvi;muu_asuinrakennus;1.15
2016;052;Evijärvi;rakentamaton_rakennuspaikka;
2016;052;Evijärvi;vakituinen_asuinrakennus;0.65
2016;052;Evijärvi;yleinen_maapohja;1
2016;052;Evijärvi;yleinen_rakennus;1
2016;060;Finström;muu_asuinrakennus;0.9
2016;060;Finström;rakentamaton_rakennuspaikka;
2016;060;Finström;vakituinen_asuinrakennus;0
2016;060;Finström;yleinen_maapohja;0.75
2016;060;Finström;yleinen_rakennus;0.75
2016;061;Forssa;muu_asuinrakennus;1.41
2016;061;Forssa;rakentamaton_rakennuspaikka;
2016;061;Forssa;vakituinen_asuinrakennus;0.41
2016;061;Forssa;yleinen_maapohja;1.4
2016;061;Forssa;yleinen_rakennus;1.4
2016;062;Föglö;muu_asuinrakennus;0.9
2016;062;Föglö;rakentamaton_rakennuspaikka;0.5
2016;062;Föglö;vakituinen_asuinrakennus;0
2016;062;Föglö;yleinen_maapohja;0.7
2016;062;Föglö;yleinen_rakennus;0.7
2016;065;Geta;muu_asuinrakennus;0.9
2016;065;Geta;rakentamaton_rakennuspaikka;0
2016;065;Geta;vakituinen_asuinrakennus;0
2016;065;Geta;yleinen_maapohja;0.5
2016;065;Geta;yleinen_rakennus;0.5
2016;069;Haapajärvi;muu_asuinrakennus;1.35
2016;069;Haapajärvi;rakentamaton_rakennuspaikka;3
2016;069;Haapajärvi;vakituinen_asuinrakennus;0.75
2016;069;Haapajärvi;yleinen_maapohja;1.35
2016;069;Haapajärvi;yleinen_rakennus;1.35
2016;071;Haapavesi;muu_asuinrakennus;1.1
2016;071;Haapavesi;rakentamaton_rakennuspaikka;3
2016;071;Haapavesi;vakituinen_asuinrakennus;0.55
2016;071;Haapavesi;yleinen_maapohja;0.95
2016;071;Haapavesi;yleinen_rakennus;0.95
2016;072;Hailuoto;muu_asuinrakennus;1.51
2016;072;Hailuoto;rakentamaton_rakennuspaikka;3
2016;072;Hailuoto;vakituinen_asuinrakennus;0.51
2016;072;Hailuoto;yleinen_maapohja;0.95
2016;072;Hailuoto;yleinen_rakennus;0.95
2016;074;Halsua;muu_asuinrakennus;1.3
2016;074;Halsua;rakentamaton_rakennuspaikka;
2016;074;Halsua;vakituinen_asuinrakennus;0.5
2016;074;Halsua;yleinen_maapohja;0.9
2016;074;Halsua;yleinen_rakennus;0.9
2016;075;Hamina;muu_asuinrakennus;1.15
2016;075;Hamina;rakentamaton_rakennuspaikka;
2016;075;Hamina;vakituinen_asuinrakennus;0.55
2016;075;Hamina;yleinen_maapohja;1.25
2016;075;Hamina;yleinen_rakennus;1.25
2016;076;Hammarland;muu_asuinrakennus;0.9
2016;076;Hammarland;rakentamaton_rakennuspaikka;
2016;076;Hammarland;vakituinen_asuinrakennus;0
2016;076;Hammarland;yleinen_maapohja;0.2
2016;076;Hammarland;yleinen_rakennus;0.2
2016;077;Hankasalmi;muu_asuinrakennus;1.2
2016;077;Hankasalmi;rakentamaton_rakennuspaikka;
2016;077;Hankasalmi;vakituinen_asuinrakennus;0.6
2016;077;Hankasalmi;yleinen_maapohja;1.2
2016;077;Hankasalmi;yleinen_rakennus;1.2
2016;078;Hanko;muu_asuinrakennus;
2016;078;Hanko;rakentamaton_rakennuspaikka;3
2016;078;Hanko;vakituinen_asuinrakennus;0.45
2016;078;Hanko;yleinen_maapohja;1.3
2016;078;Hanko;yleinen_rakennus;1.3
2016;079;Harjavalta;muu_asuinrakennus;0.98
2016;079;Harjavalta;rakentamaton_rakennuspaikka;
2016;079;Harjavalta;vakituinen_asuinrakennus;0.37
2016;079;Harjavalta;yleinen_maapohja;0.98
2016;079;Harjavalta;yleinen_rakennus;0.98
2016;081;Hartola;muu_asuinrakennus;1.1
2016;081;Hartola;rakentamaton_rakennuspaikka;
2016;081;Hartola;vakituinen_asuinrakennus;0.5
2016;081;Hartola;yleinen_maapohja;1
2016;081;Hartola;yleinen_rakennus;1
2016;082;Hattula;muu_asuinrakennus;1
2016;082;Hattula;rakentamaton_rakennuspaikka;
2016;082;Hattula;vakituinen_asuinrakennus;0.45
2016;082;Hattula;yleinen_maapohja;1
2016;082;Hattula;yleinen_rakennus;1
2016;086;Hausjärvi;muu_asuinrakennus;1.05
2016;086;Hausjärvi;rakentamaton_rakennuspaikka;4
2016;086;Hausjärvi;vakituinen_asuinrakennus;0.45
2016;086;Hausjärvi;yleinen_maapohja;1.25
2016;086;Hausjärvi;yleinen_rakennus;1.25
2016;090;Heinävesi;muu_asuinrakennus;1.15
2016;090;Heinävesi;rakentamaton_rakennuspaikka;
2016;090;Heinävesi;vakituinen_asuinrakennus;0.55
2016;090;Heinävesi;yleinen_maapohja;1.1
2016;090;Heinävesi;yleinen_rakennus;1.1
2016;091;Helsinki;muu_asuinrakennus;
2016;091;Helsinki;rakentamaton_rakennuspaikka;2.3
2016;091;Helsinki;vakituinen_asuinrakennus;0.37
2016;091;Helsinki;yleinen_maapohja;0.8
2016;091;Helsinki;yleinen_rakennus;0.8
2016;092;Vantaa;muu_asuinrakennus;
2016;092;Vantaa;rakentamaton_rakennuspaikka;3
2016;092;Vantaa;vakituinen_asuinrakennus;0.37
2016;092;Vantaa;yleinen_maapohja;1
2016;092;Vantaa;yleinen_rakennus;1
2016;097;Hirvensalmi;muu_asuinrakennus;0.95
2016;097;Hirvensalmi;rakentamaton_rakennuspaikka;2.5
2016;097;Hirvensalmi;vakituinen_asuinrakennus;0.4
2016;097;Hirvensalmi;yleinen_maapohja;0.85
2016;097;Hirvensalmi;yleinen_rakennus;0.85
2016;098;Hollola;muu_asuinrakennus;1.1
2016;098;Hollola;rakentamaton_rakennuspaikka;
2016;098;Hollola;vakituinen_asuinrakennus;0.55
2016;098;Hollola;yleinen_maapohja;1.15
2016;098;Hollola;yleinen_rakennus;1.15
2016;102;Huittinen;muu_asuinrakennus;1
2016;102;Huittinen;rakentamaton_rakennuspaikka;
2016;102;Huittinen;vakituinen_asuinrakennus;0.4
2016;102;Huittinen;yleinen_maapohja;0.8
2016;102;Huittinen;yleinen_rakennus;0.8
2016;103;Humppila;muu_asuinrakennus;1.2
2016;103;Humppila;rakentamaton_rakennuspaikka;1.2
2016;103;Humppila;vakituinen_asuinrakennus;0.5
2016;103;Humppila;yleinen_maapohja;1.2
2016;103;Humppila;yleinen_rakennus;1.2
2016;105;Hyrynsalmi;muu_asuinrakennus;1.15
2016;105;Hyrynsalmi;rakentamaton_rakennuspaikka;1
2016;105;Hyrynsalmi;vakituinen_asuinrakennus;0.55
2016;105;Hyrynsalmi;yleinen_maapohja;1
2016;105;Hyrynsalmi;yleinen_rakennus;1
2016;106;Hyvinkää;muu_asuinrakennus;1.05
2016;106;Hyvinkää;rakentamaton_rakennuspaikka;3
2016;106;Hyvinkää;vakituinen_asuinrakennus;0.45
2016;106;Hyvinkää;yleinen_maapohja;1.3
2016;106;Hyvinkää;yleinen_rakennus;1.3
2016;108;Hämeenkyrö;muu_asuinrakennus;1.15
2016;108;Hämeenkyrö;rakentamaton_rakennuspaikka;3
2016;108;Hämeenkyrö;vakituinen_asuinrakennus;0.55
2016;108;Hämeenkyrö;yleinen_maapohja;0.95
2016;108;Hämeenkyrö;yleinen_rakennus;0.95
2016;109;Hämeenlinna;muu_asuinrakennus;1.2
2016;109;Hämeenlinna;rakentamaton_rakennuspaikka;3
2016;109;Hämeenlinna;vakituinen_asuinrakennus;0.5
2016;109;Hämeenlinna;yleinen_maapohja;1.25
2016;109;Hämeenlinna;yleinen_rakennus;1.25
2016;111;Heinola;muu_asuinrakennus;1
2016;111;Heinola;rakentamaton_rakennuspaikka;
2016;111;Heinola;vakituinen_asuinrakennus;0.5
2016;111;Heinola;yleinen_maapohja;1
2016;111;Heinola;yleinen_rakennus;1
2016;139;Ii;muu_asuinrakennus;1.1
2016;139;Ii;rakentamaton_rakennuspaikka;3
2016;139;Ii;vakituinen_asuinrakennus;0.55
2016;139;Ii;yleinen_maapohja;1.2
2016;139;Ii;yleinen_rakennus;1.2
2016;140;Iisalmi;muu_asuinrakennus;0.8
2016;140;Iisalmi;rakentamaton_rakennuspaikka;3
2016;140;Iisalmi;vakituinen_asuinrakennus;0.55
2016;140;Iisalmi;yleinen_maapohja;1.1
2016;140;Iisalmi;yleinen_rakennus;1.1
2016;142;Iitti;muu_asuinrakennus;1.1
2016;142;Iitti;rakentamaton_rakennuspaikka;
2016;142;Iitti;vakituinen_asuinrakennus;0.5
2016;142;Iitti;yleinen_maapohja;1
2016;142;Iitti;yleinen_rakennus;1
2016;143;Ikaalinen;muu_asuinrakennus;1.19
2016;143;Ikaalinen;rakentamaton_rakennuspaikka;3
2016;143;Ikaalinen;vakituinen_asuinrakennus;0.59
2016;143;Ikaalinen;yleinen_maapohja;1.23
2016;143;Ikaalinen;yleinen_rakennus;1.23
2016;145;Ilmajoki;muu_asuinrakennus;0.9
2016;145;Ilmajoki;rakentamaton_rakennuspaikka;3
2016;145;Ilmajoki;vakituinen_asuinrakennus;0.5
2016;145;Ilmajoki;yleinen_maapohja;0.9
2016;145;Ilmajoki;yleinen_rakennus;0.9
2016;146;Ilomantsi;muu_asuinrakennus;0.9
2016;146;Ilomantsi;rakentamaton_rakennuspaikka;
2016;146;Ilomantsi;vakituinen_asuinrakennus;0.4
2016;146;Ilomantsi;yleinen_maapohja;0.85
2016;146;Ilomantsi;yleinen_rakennus;0.85
2016;148;Inari;muu_asuinrakennus;1.15
2016;148;Inari;rakentamaton_rakennuspaikka;3
2016;148;Inari;vakituinen_asuinrakennus;0.55
2016;148;Inari;yleinen_maapohja;1.35
2016;148;Inari;yleinen_rakennus;1.35
2016;149;Inkoo;muu_asuinrakennus;1.55
2016;149;Inkoo;rakentamaton_rakennuspaikka;2
2016;149;Inkoo;vakituinen_asuinrakennus;0.65
2016;149;Inkoo;yleinen_maapohja;1.1
2016;149;Inkoo;yleinen_rakennus;1.1
2016;151;Isojoki;muu_asuinrakennus;0.8
2016;151;Isojoki;rakentamaton_rakennuspaikka;1
2016;151;Isojoki;vakituinen_asuinrakennus;0.5
2016;151;Isojoki;yleinen_maapohja;0.8
2016;151;Isojoki;yleinen_rakennus;0.8
2016;152;Isokyrö;muu_asuinrakennus;1.1
2016;152;Isokyrö;rakentamaton_rakennuspaikka;
2016;152;Isokyrö;vakituinen_asuinrakennus;0.65
2016;152;Isokyrö;yleinen_maapohja;0.92
2016;152;Isokyrö;yleinen_rakennus;0.92
2016;153;Imatra;muu_asuinrakennus;0.97
2016;153;Imatra;rakentamaton_rakennuspaikka;
2016;153;Imatra;vakituinen_asuinrakennus;0.37
2016;153;Imatra;yleinen_maapohja;1.55
2016;153;Imatra;yleinen_rakennus;1.55
2016;165;Janakkala;muu_asuinrakennus;1.1
2016;165;Janakkala;rakentamaton_rakennuspaikka;4
2016;165;Janakkala;vakituinen_asuinrakennus;0.5
2016;165;Janakkala;yleinen_maapohja;1.1
2016;165;Janakkala;yleinen_rakennus;1.1
2016;167;Joensuu;muu_asuinrakennus;1
2016;167;Joensuu;rakentamaton_rakennuspaikka;
2016;167;Joensuu;vakituinen_asuinrakennus;0.45
2016;167;Joensuu;yleinen_maapohja;1.1
2016;167;Joensuu;yleinen_rakennus;1.1
2016;169;Jokioinen;muu_asuinrakennus;1
2016;169;Jokioinen;rakentamaton_rakennuspaikka;2
2016;169;Jokioinen;vakituinen_asuinrakennus;0.4
2016;169;Jokioinen;yleinen_maapohja;0.9
2016;169;Jokioinen;yleinen_rakennus;0.9
2016;170;Jomala;muu_asuinrakennus;0.9
2016;170;Jomala;rakentamaton_rakennuspaikka;1
2016;170;Jomala;vakituinen_asuinrakennus;0
2016;170;Jomala;yleinen_maapohja;0.5
2016;170;Jomala;yleinen_rakennus;0.5
2016;171;Joroinen;muu_asuinrakennus;1.1
2016;171;Joroinen;rakentamaton_rakennuspaikka;
2016;171;Joroinen;vakituinen_asuinrakennus;0.5
2016;171;Joroinen;yleinen_maapohja;1.05
2016;171;Joroinen;yleinen_rakennus;1.05
2016;172;Joutsa;muu_asuinrakennus;1.2
2016;172;Joutsa;rakentamaton_rakennuspaikka;
2016;172;Joutsa;vakituinen_asuinrakennus;0.6
2016;172;Joutsa;yleinen_maapohja;1
2016;172;Joutsa;yleinen_rakennus;1
2016;176;Juuka;muu_asuinrakennus;0.99
2016;176;Juuka;rakentamaton_rakennuspaikka;
2016;176;Juuka;vakituinen_asuinrakennus;0.45
2016;176;Juuka;yleinen_maapohja;1
2016;176;Juuka;yleinen_rakennus;1
2016;177;Juupajoki;muu_asuinrakennus;1.05
2016;177;Juupajoki;rakentamaton_rakennuspaikka;
2016;177;Juupajoki;vakituinen_asuinrakennus;0.45
2016;177;Juupajoki;yleinen_maapohja;1.15
2016;177;Juupajoki;yleinen_rakennus;1.15
2016;178;Juva;muu_asuinrakennus;1.03
2016;178;Juva;rakentamaton_rakennuspaikka;2
2016;178;Juva;vakituinen_asuinrakennus;0.43
2016;178;Juva;yleinen_maapohja;0.95
2016;178;Juva;yleinen_rakennus;0.95
2016;179;Jyväskylä;muu_asuinrakennus;1.55
2016;179;Jyväskylä;rakentamaton_rakennuspaikka;4
2016;179;Jyväskylä;vakituinen_asuinrakennus;0.55
2016;179;Jyväskylä;yleinen_maapohja;1.3
2016;179;Jyväskylä;yleinen_rakennus;1.3
2016;181;Jämijärvi;muu_asuinrakennus;0.95
2016;181;Jämijärvi;rakentamaton_rakennuspaikka;2.5
2016;181;Jämijärvi;vakituinen_asuinrakennus;0.45
2016;181;Jämijärvi;yleinen_maapohja;0.95
2016;181;Jämijärvi;yleinen_rakennus;0.95
2016;182;Jämsä;muu_asuinrakennus;1.05
2016;182;Jämsä;rakentamaton_rakennuspaikka;3
2016;182;Jämsä;vakituinen_asuinrakennus;0.45
2016;182;Jämsä;yleinen_maapohja;1
2016;182;Jämsä;yleinen_rakennus;1
2016;186;Järvenpää;muu_asuinrakennus;1.15
2016;186;Järvenpää;rakentamaton_rakennuspaikka;3
2016;186;Järvenpää;vakituinen_asuinrakennus;0.55
2016;186;Järvenpää;yleinen_maapohja;1.35
2016;186;Järvenpää;yleinen_rakennus;1.35
2016;202;Kaarina;muu_asuinrakennus;
2016;202;Kaarina;rakentamaton_rakennuspaikka;3
2016;202;Kaarina;vakituinen_asuinrakennus;0.37
2016;202;Kaarina;yleinen_maapohja;1
2016;202;Kaarina;yleinen_rakennus;1
2016;204;Kaavi;muu_asuinrakennus;1.45
2016;204;Kaavi;rakentamaton_rakennuspaikka;
2016;204;Kaavi;vakituinen_asuinrakennus;0.7
2016;204;Kaavi;yleinen_maapohja;1.45
2016;204;Kaavi;yleinen_rakennus;1.45
2016;205;Kajaani;muu_asuinrakennus;1.55
2016;205;Kajaani;rakentamaton_rakennuspaikka;4
2016;205;Kajaani;vakituinen_asuinrakennus;0.55
2016;205;Kajaani;yleinen_maapohja;1.1
2016;205;Kajaani;yleinen_rakennus;1.1
2016;208;Kalajoki;muu_asuinrakennus;1
2016;208;Kalajoki;rakentamaton_rakennuspaikka;
2016;208;Kalajoki;vakituinen_asuinrakennus;0.4
2016;208;Kalajoki;yleinen_maapohja;0.9
2016;208;Kalajoki;yleinen_rakennus;0.9
2016;211;Kangasala;muu_asuinrakennus;1.03
2016;211;Kangasala;rakentamaton_rakennuspaikka;2
2016;211;Kangasala;vakituinen_asuinrakennus;0.43
2016;211;Kangasala;yleinen_maapohja;0.9
2016;211;Kangasala;yleinen_rakennus;0.9
2016;213;Kangasniemi;muu_asuinrakennus;1.05
2016;213;Kangasniemi;rakentamaton_rakennuspaikka;2
2016;213;Kangasniemi;vakituinen_asuinrakennus;0.45
2016;213;Kangasniemi;yleinen_maapohja;0.8
2016;213;Kangasniemi;yleinen_rakennus;0.8
2016;214;Kankaanpää;muu_asuinrakennus;1.05
2016;214;Kankaanpää;rakentamaton_rakennuspaikka;3
2016;214;Kankaanpää;vakituinen_asuinrakennus;0.45
2016;214;Kankaanpää;yleinen_maapohja;1.2
2016;214;Kankaanpää;yleinen_rakennus;1.2
2016;216;Kannonkoski;muu_asuinrakennus;1.1
2016;216;Kannonkoski;rakentamaton_rakennuspaikka;
2016;216;Kannonkoski;vakituinen_asuinrakennus;0.5
2016;216;Kannonkoski;yleinen_maapohja;0.9
2016;216;Kannonkoski;yleinen_rakennus;0.9
2016;217;Kannus;muu_asuinrakennus;1
2016;217;Kannus;rakentamaton_rakennuspaikka;
2016;217;Kannus;vakituinen_asuinrakennus;0.55
2016;217;Kannus;yleinen_maapohja;1.15
2016;217;Kannus;yleinen_rakennus;1.15
2016;218;Karijoki;muu_asuinrakennus;1
2016;218;Karijoki;rakentamaton_rakennuspaikka;
2016;218;Karijoki;vakituinen_asuinrakennus;0.4
2016;218;Karijoki;yleinen_maapohja;0.9
2016;218;Karijoki;yleinen_rakennus;0.9
2016;224;Karkkila;muu_asuinrakennus;1.25
2016;224;Karkkila;rakentamaton_rakennuspaikka;3
2016;224;Karkkila;vakituinen_asuinrakennus;0.65
2016;224;Karkkila;yleinen_maapohja;1.1
2016;224;Karkkila;yleinen_rakennus;1.1
2016;226;Karstula;muu_asuinrakennus;1
2016;226;Karstula;rakentamaton_rakennuspaikka;
2016;226;Karstula;vakituinen_asuinrakennus;0.45
2016;226;Karstula;yleinen_maapohja;0.85
2016;226;Karstula;yleinen_rakennus;0.85
2016;230;Karvia;muu_asuinrakennus;0.8
2016;230;Karvia;rakentamaton_rakennuspaikka;
2016;230;Karvia;vakituinen_asuinrakennus;0.37
2016;230;Karvia;yleinen_maapohja;0.8
2016;230;Karvia;yleinen_rakennus;0.8
2016;231;Kaskinen;muu_asuinrakennus;1.2
2016;231;Kaskinen;rakentamaton_rakennuspaikka;4
2016;231;Kaskinen;vakituinen_asuinrakennus;0.6
2016;231;Kaskinen;yleinen_maapohja;1.1
2016;231;Kaskinen;yleinen_rakennus;1.1
2016;232;Kauhajoki;muu_asuinrakennus;1.2
2016;232;Kauhajoki;rakentamaton_rakennuspaikka;3
2016;232;Kauhajoki;vakituinen_asuinrakennus;0.65
2016;232;Kauhajoki;yleinen_maapohja;0.9
2016;232;Kauhajoki;yleinen_rakennus;0.9
2016;233;Kauhava;muu_asuinrakennus;1.1
2016;233;Kauhava;rakentamaton_rakennuspaikka;2
2016;233;Kauhava;vakituinen_asuinrakennus;0.55
2016;233;Kauhava;yleinen_maapohja;0.95
2016;233;Kauhava;yleinen_rakennus;0.95
2016;235;Kauniainen;muu_asuinrakennus;
2016;235;Kauniainen;rakentamaton_rakennuspaikka;2.3
2016;235;Kauniainen;vakituinen_asuinrakennus;0.37
2016;235;Kauniainen;yleinen_maapohja;0.8
2016;235;Kauniainen;yleinen_rakennus;0.8
2016;236;Kaustinen;muu_asuinrakennus;1
2016;236;Kaustinen;rakentamaton_rakennuspaikka;3
2016;236;Kaustinen;vakituinen_asuinrakennus;0.5
2016;236;Kaustinen;yleinen_maapohja;0.95
2016;236;Kaustinen;yleinen_rakennus;0.95
2016;239;Keitele;muu_asuinrakennus;1
2016;239;Keitele;rakentamaton_rakennuspaikka;
2016;239;Keitele;vakituinen_asuinrakennus;0.4
2016;239;Keitele;yleinen_maapohja;0.9
2016;239;Keitele;yleinen_rakennus;0.9
2016;240;Kemi;muu_asuinrakennus;1
2016;240;Kemi;rakentamaton_rakennuspaikka;4
2016;240;Kemi;vakituinen_asuinrakennus;0.5
2016;240;Kemi;yleinen_maapohja;1.13
2016;240;Kemi;yleinen_rakennus;1.13
2016;241;Keminmaa;muu_asuinrakennus;1
2016;241;Keminmaa;rakentamaton_rakennuspaikka;4
2016;241;Keminmaa;vakituinen_asuinrakennus;0.4
2016;241;Keminmaa;yleinen_maapohja;1.15
2016;241;Keminmaa;yleinen_rakennus;1.15
2016;244;Kempele;muu_asuinrakennus;0.95
2016;244;Kempele;rakentamaton_rakennuspaikka;4
2016;244;Kempele;vakituinen_asuinrakennus;0.4
2016;244;Kempele;yleinen_maapohja;0.95
2016;244;Kempele;yleinen_rakennus;0.95
2016;245;Kerava;muu_asuinrakennus;0.91
2016;245;Kerava;rakentamaton_rakennuspaikka;3
2016;245;Kerava;vakituinen_asuinrakennus;0.41
2016;245;Kerava;yleinen_maapohja;1.32
2016;245;Kerava;yleinen_rakennus;1.32
2016;249;Keuruu;muu_asuinrakennus;1
2016;249;Keuruu;rakentamaton_rakennuspaikka;
2016;249;Keuruu;vakituinen_asuinrakennus;0.4
2016;249;Keuruu;yleinen_maapohja;1
2016;249;Keuruu;yleinen_rakennus;1
2016;250;Kihniö;muu_asuinrakennus;1.04
2016;250;Kihniö;rakentamaton_rakennuspaikka;
2016;250;Kihniö;vakituinen_asuinrakennus;0.44
2016;250;Kihniö;yleinen_maapohja;0.98
2016;250;Kihniö;yleinen_rakennus;0.98
2016;256;Kinnula;muu_asuinrakennus;1.1
2016;256;Kinnula;rakentamaton_rakennuspaikka;2.5
2016;256;Kinnula;vakituinen_asuinrakennus;0.55
2016;256;Kinnula;yleinen_maapohja;1
2016;256;Kinnula;yleinen_rakennus;1
2016;257;Kirkkonummi;muu_asuinrakennus;0.92
2016;257;Kirkkonummi;rakentamaton_rakennuspaikka;3
2016;257;Kirkkonummi;vakituinen_asuinrakennus;0.37
2016;257;Kirkkonummi;yleinen_maapohja;0.8
2016;257;Kirkkonummi;yleinen_rakennus;0.8
2016;260;Kitee;muu_asuinrakennus;1.1
2016;260;Kitee;rakentamaton_rakennuspaikka;
2016;260;Kitee;vakituinen_asuinrakennus;0.6
2016;260;Kitee;yleinen_maapohja;1
2016;260;Kitee;yleinen_rakennus;1
2016;261;Kittilä;muu_asuinrakennus;1.03
2016;261;Kittilä;rakentamaton_rakennuspaikka;
2016;261;Kittilä;vakituinen_asuinrakennus;0.43
2016;261;Kittilä;yleinen_maapohja;1.01
2016;261;Kittilä;yleinen_rakennus;1.01
2016;263;Kiuruvesi;muu_asuinrakennus;1
2016;263;Kiuruvesi;rakentamaton_rakennuspaikka;3
2016;263;Kiuruvesi;vakituinen_asuinrakennus;0.55
2016;263;Kiuruvesi;yleinen_maapohja;0.8
2016;263;Kiuruvesi;yleinen_rakennus;0.8
2016;265;Kivijärvi;muu_asuinrakennus;1.06
2016;265;Kivijärvi;rakentamaton_rakennuspaikka;
2016;265;Kivijärvi;vakituinen_asuinrakennus;0.46
2016;265;Kivijärvi;yleinen_maapohja;0.97
2016;265;Kivijärvi;yleinen_rakennus;0.97
2016;271;Kokemäki;muu_asuinrakennus;1.11
2016;271;Kokemäki;rakentamaton_rakennuspaikka;4
2016;271;Kokemäki;vakituinen_asuinrakennus;0.47
2016;271;Kokemäki;yleinen_maapohja;1.11
2016;271;Kokemäki;yleinen_rakennus;1.11
2016;272;Kokkola;muu_asuinrakennus;1
2016;272;Kokkola;rakentamaton_rakennuspaikka;2.5
2016;272;Kokkola;vakituinen_asuinrakennus;0.6
2016;272;Kokkola;yleinen_maapohja;1.25
2016;272;Kokkola;yleinen_rakennus;1.25
2016;273;Kolari;muu_asuinrakennus;1.03
2016;273;Kolari;rakentamaton_rakennuspaikka;
2016;273;Kolari;vakituinen_asuinrakennus;0.43
2016;273;Kolari;yleinen_maapohja;0.95
2016;273;Kolari;yleinen_rakennus;0.95
2016;275;Konnevesi;muu_asuinrakennus;1.1
2016;275;Konnevesi;rakentamaton_rakennuspaikka;
2016;275;Konnevesi;vakituinen_asuinrakennus;0.55
2016;275;Konnevesi;yleinen_maapohja;1.1
2016;275;Konnevesi;yleinen_rakennus;1.1
2016;276;Kontiolahti;muu_asuinrakennus;1
2016;276;Kontiolahti;rakentamaton_rakennuspaikka;
2016;276;Kontiolahti;vakituinen_asuinrakennus;0.4
2016;276;Kontiolahti;yleinen_maapohja;0.85
2016;276;Kontiolahti;yleinen_rakennus;0.85
2016;280;Korsnäs;muu_asuinrakennus;1.3
2016;280;Korsnäs;rakentamaton_rakennuspaikka;
2016;280;Korsnäs;vakituinen_asuinrakennus;0.5
2016;280;Korsnäs;yleinen_maapohja;0.8
2016;280;Korsnäs;yleinen_rakennus;0.8
2016;284;Koski Tl;muu_asuinrakennus;0.8
2016;284;Koski Tl;rakentamaton_rakennuspaikka;
2016;284;Koski Tl;vakituinen_asuinrakennus;0.37
2016;284;Koski Tl;yleinen_maapohja;0.8
2016;284;Koski Tl;yleinen_rakennus;0.8
2016;285;Kotka;muu_asuinrakennus;1.15
2016;285;Kotka;rakentamaton_rakennuspaikka;
2016;285;Kotka;vakituinen_asuinrakennus;0.55
2016;285;Kotka;yleinen_maapohja;1.35
2016;285;Kotka;yleinen_rakennus;1.35
2016;286;Kouvola;muu_asuinrakennus;1.35
2016;286;Kouvola;rakentamaton_rakennuspaikka;
2016;286;Kouvola;vakituinen_asuinrakennus;0.65
2016;286;Kouvola;yleinen_maapohja;1.45
2016;286;Kouvola;yleinen_rakennus;1.45
2016;287;Kristiinankaupunki;muu_asuinrakennus;1.2
2016;287;Kristiinankaupunki;rakentamaton_rakennuspaikka;
2016;287;Kristiinankaupunki;vakituinen_asuinrakennus;0.6
2016;287;Kristiinankaupunki;yleinen_maapohja;0.86
2016;287;Kristiinankaupunki;yleinen_rakennus;0.86
2016;288;Kruunupyy;muu_asuinrakennus;1.15
2016;288;Kruunupyy;rakentamaton_rakennuspaikka;2
2016;288;Kruunupyy;vakituinen_asuinrakennus;0.55
2016;288;Kruunupyy;yleinen_maapohja;0.9
2016;288;Kruunupyy;yleinen_rakennus;0.9
2016;290;Kuhmo;muu_asuinrakennus;1.08
2016;290;Kuhmo;rakentamaton_rakennuspaikka;2
2016;290;Kuhmo;vakituinen_asuinrakennus;0.54
2016;290;Kuhmo;yleinen_maapohja;0.98
2016;290;Kuhmo;yleinen_rakennus;0.98
2016;291;Kuhmoinen;muu_asuinrakennus;1.1
2016;291;Kuhmoinen;rakentamaton_rakennuspaikka;
2016;291;Kuhmoinen;vakituinen_asuinrakennus;0.5
2016;291;Kuhmoinen;yleinen_maapohja;1
2016;291;Kuhmoinen;yleinen_rakennus;1
2016;295;Kumlinge;muu_asuinrakennus;0.9
2016;295;Kumlinge;rakentamaton_rakennuspaikka;
2016;295;Kumlinge;vakituinen_asuinrakennus;0
2016;295;Kumlinge;yleinen_maapohja;0.4
2016;295;Kumlinge;yleinen_rakennus;0.4
2016;297;Kuopio;muu_asuinrakennus;1.1
2016;297;Kuopio;rakentamaton_rakennuspaikka;3
2016;297;Kuopio;vakituinen_asuinrakennus;0.52
2016;297;Kuopio;yleinen_maapohja;1.3
2016;297;Kuopio;yleinen_rakennus;1.3
2016;300;Kuortane;muu_asuinrakennus;1.05
2016;300;Kuortane;rakentamaton_rakennuspaikka;
2016;300;Kuortane;vakituinen_asuinrakennus;0.45
2016;300;Kuortane;yleinen_maapohja;0.9
2016;300;Kuortane;yleinen_rakennus;0.9
2016;301;Kurikka;muu_asuinrakennus;1.2
2016;301;Kurikka;rakentamaton_rakennuspaikka;3
2016;301;Kurikka;vakituinen_asuinrakennus;0.6
2016;301;Kurikka;yleinen_maapohja;0.9
2016;301;Kurikka;yleinen_rakennus;0.9
2016;304;Kustavi;muu_asuinrakennus;0.98
2016;304;Kustavi;rakentamaton_rakennuspaikka;
2016;304;Kustavi;vakituinen_asuinrakennus;0.38
2016;304;Kustavi;yleinen_maapohja;0.9
2016;304;Kustavi;yleinen_rakennus;0.9
2016;305;Kuusamo;muu_asuinrakennus;1.1
2016;305;Kuusamo;rakentamaton_rakennuspaikka;
2016;305;Kuusamo;vakituinen_asuinrakennus;0.5
2016;305;Kuusamo;yleinen_maapohja;1.1
2016;305;Kuusamo;yleinen_rakennus;1.1
2016;309;Outokumpu;muu_asuinrakennus;1.25
2016;309;Outokumpu;rakentamaton_rakennuspaikka;
2016;309;Outokumpu;vakituinen_asuinrakennus;0.65
2016;309;Outokumpu;yleinen_maapohja;1.1
2016;309;Outokumpu;yleinen_rakennus;1.1
2016;312;Kyyjärvi;muu_asuinrakennus;1.05
2016;312;Kyyjärvi;rakentamaton_rakennuspaikka;2
2016;312;Kyyjärvi;vakituinen_asuinrakennus;0.45
2016;312;Kyyjärvi;yleinen_maapohja;0.8
2016;312;Kyyjärvi;yleinen_rakennus;0.8
2016;316;Kärkölä;muu_asuinrakennus;1.2
2016;316;Kärkölä;rakentamaton_rakennuspaikka;3
2016;316;Kärkölä;vakituinen_asuinrakennus;0.6
2016;316;Kärkölä;yleinen_maapohja;1.35
2016;316;Kärkölä;yleinen_rakennus;1.35
2016;317;Kärsämäki;muu_asuinrakennus;1.1
2016;317;Kärsämäki;rakentamaton_rakennuspaikka;3
2016;317;Kärsämäki;vakituinen_asuinrakennus;0.5
2016;317;Kärsämäki;yleinen_maapohja;0.85
2016;317;Kärsämäki;yleinen_rakennus;0.85
2016;318;Kökar;muu_asuinrakennus;0.9
2016;318;Kökar;rakentamaton_rakennuspaikka;
2016;318;Kökar;vakituinen_asuinrakennus;0
2016;318;Kökar;yleinen_maapohja;0.8
2016;318;Kökar;yleinen_rakennus;0.8
2016;320;Kemijärvi;muu_asuinrakennus;1.35
2016;320;Kemijärvi;rakentamaton_rakennuspaikka;
2016;320;Kemijärvi;vakituinen_asuinrakennus;0.5
2016;320;Kemijärvi;yleinen_maapohja;1.2
2016;320;Kemijärvi;yleinen_rakennus;1.2
2016;322;Kemiönsaari;muu_asuinrakennus;
2016;322;Kemiönsaari;rakentamaton_rakennuspaikka;
2016;322;Kemiönsaari;vakituinen_asuinrakennus;0.37
2016;322;Kemiönsaari;yleinen_maapohja;1.1
2016;322;Kemiönsaari;yleinen_rakennus;1.1
2016;398;Lahti;muu_asuinrakennus;
2016;398;Lahti;rakentamaton_rakennuspaikka;3
2016;398;Lahti;vakituinen_asuinrakennus;0.55
2016;398;Lahti;yleinen_maapohja;1.15
2016;398;Lahti;yleinen_rakennus;1.15
2016;399;Laihia;muu_asuinrakennus;1
2016;399;Laihia;rakentamaton_rakennuspaikka;3
2016;399;Laihia;vakituinen_asuinrakennus;0.5
2016;399;Laihia;yleinen_maapohja;1
2016;399;Laihia;yleinen_rakennus;1
2016;400;Laitila;muu_asuinrakennus;0.98
2016;400;Laitila;rakentamaton_rakennuspaikka;3
2016;400;Laitila;vakituinen_asuinrakennus;0.4
2016;400;Laitila;yleinen_maapohja;0.85
2016;400;Laitila;yleinen_rakennus;0.85
2016;402;Lapinlahti;muu_asuinrakennus;1
2016;402;Lapinlahti;rakentamaton_rakennuspaikka;1
2016;402;Lapinlahti;vakituinen_asuinrakennus;0.6
2016;402;Lapinlahti;yleinen_maapohja;0.9
2016;402;Lapinlahti;yleinen_rakennus;0.9
2016;403;Lappajärvi;muu_asuinrakennus;1.15
2016;403;Lappajärvi;rakentamaton_rakennuspaikka;
2016;403;Lappajärvi;vakituinen_asuinrakennus;0.55
2016;403;Lappajärvi;yleinen_maapohja;1
2016;403;Lappajärvi;yleinen_rakennus;1
2016;405;Lappeenranta;muu_asuinrakennus;1.15
2016;405;Lappeenranta;rakentamaton_rakennuspaikka;3
2016;405;Lappeenranta;vakituinen_asuinrakennus;0.55
2016;405;Lappeenranta;yleinen_maapohja;1.3
2016;405;Lappeenranta;yleinen_rakennus;1.3
2016;407;Lapinjärvi;muu_asuinrakennus;1.1
2016;407;Lapinjärvi;rakentamaton_rakennuspaikka;
2016;407;Lapinjärvi;vakituinen_asuinrakennus;0.5
2016;407;Lapinjärvi;yleinen_maapohja;1
2016;407;Lapinjärvi;yleinen_rakennus;1
2016;408;Lapua;muu_asuinrakennus;1.05
2016;408;Lapua;rakentamaton_rakennuspaikka;4
2016;408;Lapua;vakituinen_asuinrakennus;0.45
2016;408;Lapua;yleinen_maapohja;1.05
2016;408;Lapua;yleinen_rakennus;1.05
2016;410;Laukaa;muu_asuinrakennus;1.2
2016;410;Laukaa;rakentamaton_rakennuspaikka;3
2016;410;Laukaa;vakituinen_asuinrakennus;0.6
2016;410;Laukaa;yleinen_maapohja;1.1
2016;410;Laukaa;yleinen_rakennus;1.1
2016;416;Lemi;muu_asuinrakennus;1.13
2016;416;Lemi;rakentamaton_rakennuspaikka;4
2016;416;Lemi;vakituinen_asuinrakennus;0.53
2016;416;Lemi;yleinen_maapohja;1.13
2016;416;Lemi;yleinen_rakennus;1.13
2016;417;Lemland;muu_asuinrakennus;0.9
2016;417;Lemland;rakentamaton_rakennuspaikka;0
2016;417;Lemland;vakituinen_asuinrakennus;0
2016;417;Lemland;yleinen_maapohja;0.7
2016;417;Lemland;yleinen_rakennus;0.7
2016;418;Lempäälä;muu_asuinrakennus;1
2016;418;Lempäälä;rakentamaton_rakennuspaikka;3
2016;418;Lempäälä;vakituinen_asuinrakennus;0.45
2016;418;Lempäälä;yleinen_maapohja;0.95
2016;418;Lempäälä;yleinen_rakennus;0.95
2016;420;Leppävirta;muu_asuinrakennus;1
2016;420;Leppävirta;rakentamaton_rakennuspaikka;1
2016;420;Leppävirta;vakituinen_asuinrakennus;0.45
2016;420;Leppävirta;yleinen_maapohja;1
2016;420;Leppävirta;yleinen_rakennus;1
2016;421;Lestijärvi;muu_asuinrakennus;1.2
2016;421;Lestijärvi;rakentamaton_rakennuspaikka;
2016;421;Lestijärvi;vakituinen_asuinrakennus;0.5
2016;421;Lestijärvi;yleinen_maapohja;0.8
2016;421;Lestijärvi;yleinen_rakennus;0.8
2016;422;Lieksa;muu_asuinrakennus;0.95
2016;422;Lieksa;rakentamaton_rakennuspaikka;
2016;422;Lieksa;vakituinen_asuinrakennus;0.43
2016;422;Lieksa;yleinen_maapohja;1
2016;422;Lieksa;yleinen_rakennus;1
2016;423;Lieto;muu_asuinrakennus;1
2016;423;Lieto;rakentamaton_rakennuspaikka;3
2016;423;Lieto;vakituinen_asuinrakennus;0.4
2016;423;Lieto;yleinen_maapohja;1
2016;423;Lieto;yleinen_rakennus;1
2016;425;Liminka;muu_asuinrakennus;1.03
2016;425;Liminka;rakentamaton_rakennuspaikka;3
2016;425;Liminka;vakituinen_asuinrakennus;0.43
2016;425;Liminka;yleinen_maapohja;0.94
2016;425;Liminka;yleinen_rakennus;0.94
2016;426;Liperi;muu_asuinrakennus;1
2016;426;Liperi;rakentamaton_rakennuspaikka;
2016;426;Liperi;vakituinen_asuinrakennus;0.5
2016;426;Liperi;yleinen_maapohja;0.85
2016;426;Liperi;yleinen_rakennus;0.85
2016;430;Loimaa;muu_asuinrakennus;1.05
2016;430;Loimaa;rakentamaton_rakennuspaikka;
2016;430;Loimaa;vakituinen_asuinrakennus;0.5
2016;430;Loimaa;yleinen_maapohja;1
2016;430;Loimaa;yleinen_rakennus;1
2016;433;Loppi;muu_asuinrakennus;1
2016;433;Loppi;rakentamaton_rakennuspaikka;3
2016;433;Loppi;vakituinen_asuinrakennus;0.4
2016;433;Loppi;yleinen_maapohja;1
2016;433;Loppi;yleinen_rakennus;1
2016;434;Loviisa;muu_asuinrakennus;1.2
2016;434;Loviisa;rakentamaton_rakennuspaikka;3
2016;434;Loviisa;vakituinen_asuinrakennus;0.5
2016;434;Loviisa;yleinen_maapohja;1
2016;434;Loviisa;yleinen_rakennus;1
2016;435;Luhanka;muu_asuinrakennus;1.3
2016;435;Luhanka;rakentamaton_rakennuspaikka;
2016;435;Luhanka;vakituinen_asuinrakennus;0.5
2016;435;Luhanka;yleinen_maapohja;1.2
2016;435;Luhanka;yleinen_rakennus;1.2
2016;436;Lumijoki;muu_asuinrakennus;1
2016;436;Lumijoki;rakentamaton_rakennuspaikka;4
2016;436;Lumijoki;vakituinen_asuinrakennus;0.5
2016;436;Lumijoki;yleinen_maapohja;0.95
2016;436;Lumijoki;yleinen_rakennus;0.95
2016;438;Lumparland;muu_asuinrakennus;0.9
2016;438;Lumparland;rakentamaton_rakennuspaikka;
2016;438;Lumparland;vakituinen_asuinrakennus;0
2016;438;Lumparland;yleinen_maapohja;0.6
2016;438;Lumparland;yleinen_rakennus;0.6
2016;440;Luoto;muu_asuinrakennus;1
2016;440;Luoto;rakentamaton_rakennuspaikka;3
2016;440;Luoto;vakituinen_asuinrakennus;0.4
2016;440;Luoto;yleinen_maapohja;1.2
2016;440;Luoto;yleinen_rakennus;1.2
2016;441;Luumäki;muu_asuinrakennus;0.95
2016;441;Luumäki;rakentamaton_rakennuspaikka;
2016;441;Luumäki;vakituinen_asuinrakennus;0.4
2016;441;Luumäki;yleinen_maapohja;0.8
2016;441;Luumäki;yleinen_rakennus;0.8
2016;444;Lohja;muu_asuinrakennus;1.05
2016;444;Lohja;rakentamaton_rakennuspaikka;3
2016;444;Lohja;vakituinen_asuinrakennus;0.45
2016;444;Lohja;yleinen_maapohja;0.9
2016;444;Lohja;yleinen_rakennus;0.9
2016;445;Parainen;muu_asuinrakennus;
2016;445;Parainen;rakentamaton_rakennuspaikka;3
2016;445;Parainen;vakituinen_asuinrakennus;0.47
2016;445;Parainen;yleinen_maapohja;1.5
2016;445;Parainen;yleinen_rakennus;1.5
2016;475;Maalahti;muu_asuinrakennus;1.1
2016;475;Maalahti;rakentamaton_rakennuspaikka;
2016;475;Maalahti;vakituinen_asuinrakennus;0.5
2016;475;Maalahti;yleinen_maapohja;0.8
2016;475;Maalahti;yleinen_rakennus;0.8
2016;478;Maarianhamina - Mariehamn;muu_asuinrakennus;0.9
2016;478;Maarianhamina - Mariehamn;rakentamaton_rakennuspaikka;1.35
2016;478;Maarianhamina - Mariehamn;vakituinen_asuinrakennus;0.3
2016;478;Maarianhamina - Mariehamn;yleinen_maapohja;0.2
2016;478;Maarianhamina - Mariehamn;yleinen_rakennus;0.2
2016;480;Marttila;muu_asuinrakennus;0.95
2016;480;Marttila;rakentamaton_rakennuspaikka;
2016;480;Marttila;vakituinen_asuinrakennus;0.45
2016;480;Marttila;yleinen_maapohja;0.95
2016;480;Marttila;yleinen_rakennus;0.95
2016;481;Masku;muu_asuinrakennus;1
2016;481;Masku;rakentamaton_rakennuspaikka;
2016;481;Masku;vakituinen_asuinrakennus;0.4
2016;481;Masku;yleinen_maapohja;0.95
2016;481;Masku;yleinen_rakennus;0.95
2016;483;Merijärvi;muu_asuinrakennus;1
2016;483;Merijärvi;rakentamaton_rakennuspaikka;
2016;483;Merijärvi;vakituinen_asuinrakennus;0.45
2016;483;Merijärvi;yleinen_maapohja;0.85
2016;483;Merijärvi;yleinen_rakennus;0.85
2016;484;Merikarvia;muu_asuinrakennus;1
2016;484;Merikarvia;rakentamaton_rakennuspaikka;3
2016;484;Merikarvia;vakituinen_asuinrakennus;0.4
2016;484;Merikarvia;yleinen_maapohja;0.9
2016;484;Merikarvia;yleinen_rakennus;0.9
2016;489;Miehikkälä;muu_asuinrakennus;1.1
2016;489;Miehikkälä;rakentamaton_rakennuspaikka;
2016;489;Miehikkälä;vakituinen_asuinrakennus;0.5
2016;489;Miehikkälä;yleinen_maapohja;1.1
2016;489;Miehikkälä;yleinen_rakennus;1.1
2016;491;Mikkeli;muu_asuinrakennus;1.1
2016;491;Mikkeli;rakentamaton_rakennuspaikka;3
2016;491;Mikkeli;vakituinen_asuinrakennus;0.55
2016;491;Mikkeli;yleinen_maapohja;1.2
2016;491;Mikkeli;yleinen_rakennus;1.2
2016;494;Muhos;muu_asuinrakennus;1
2016;494;Muhos;rakentamaton_rakennuspaikka;4
2016;494;Muhos;vakituinen_asuinrakennus;0.45
2016;494;Muhos;yleinen_maapohja;0.9
2016;494;Muhos;yleinen_rakennus;0.9
2016;495;Multia;muu_asuinrakennus;1.05
2016;495;Multia;rakentamaton_rakennuspaikka;1
2016;495;Multia;vakituinen_asuinrakennus;0.45
2016;495;Multia;yleinen_maapohja;1
2016;495;Multia;yleinen_rakennus;1
2016;498;Muonio;muu_asuinrakennus;1
2016;498;Muonio;rakentamaton_rakennuspaikka;2
2016;498;Muonio;vakituinen_asuinrakennus;0.4
2016;498;Muonio;yleinen_maapohja;1
2016;498;Muonio;yleinen_rakennus;1
2016;499;Mustasaari;muu_asuinrakennus;1.15
2016;499;Mustasaari;rakentamaton_rakennuspaikka;4
2016;499;Mustasaari;vakituinen_asuinrakennus;0.55
2016;499;Mustasaari;yleinen_maapohja;1
2016;499;Mustasaari;yleinen_rakennus;1
2016;500;Muurame;muu_asuinrakennus;1.1
2016;500;Muurame;rakentamaton_rakennuspaikka;2
2016;500;Muurame;vakituinen_asuinrakennus;0.5
2016;500;Muurame;yleinen_maapohja;1
2016;500;Muurame;yleinen_rakennus;1
2016;503;Mynämäki;muu_asuinrakennus;1.1
2016;503;Mynämäki;rakentamaton_rakennuspaikka;
2016;503;Mynämäki;vakituinen_asuinrakennus;0.5
2016;503;Mynämäki;yleinen_maapohja;0.9
2016;503;Mynämäki;yleinen_rakennus;0.9
2016;504;Myrskylä;muu_asuinrakennus;1.15
2016;504;Myrskylä;rakentamaton_rakennuspaikka;
2016;504;Myrskylä;vakituinen_asuinrakennus;0.55
2016;504;Myrskylä;yleinen_maapohja;1
2016;504;Myrskylä;yleinen_rakennus;1
2016;505;Mäntsälä;muu_asuinrakennus;1.2
2016;505;Mäntsälä;rakentamaton_rakennuspaikka;3
2016;505;Mäntsälä;vakituinen_asuinrakennus;0.6
2016;505;Mäntsälä;yleinen_maapohja;1.3
2016;505;Mäntsälä;yleinen_rakennus;1.3
2016;507;Mäntyharju;muu_asuinrakennus;1.05
2016;507;Mäntyharju;rakentamaton_rakennuspaikka;3
2016;507;Mäntyharju;vakituinen_asuinrakennus;0.5
2016;507;Mäntyharju;yleinen_maapohja;1
2016;507;Mäntyharju;yleinen_rakennus;1
2016;508;Mänttä-Vilppula;muu_asuinrakennus;1
2016;508;Mänttä-Vilppula;rakentamaton_rakennuspaikka;
2016;508;Mänttä-Vilppula;vakituinen_asuinrakennus;0.5
2016;508;Mänttä-Vilppula;yleinen_maapohja;1.1
2016;508;Mänttä-Vilppula;yleinen_rakennus;1.1
2016;529;Naantali;muu_asuinrakennus;1.05
2016;529;Naantali;rakentamaton_rakennuspaikka;3
2016;529;Naantali;vakituinen_asuinrakennus;0.45
2016;529;Naantali;yleinen_maapohja;1.05
2016;529;Naantali;yleinen_rakennus;1.05
2016;531;Nakkila;muu_asuinrakennus;0.8
2016;531;Nakkila;rakentamaton_rakennuspaikka;1.6
2016;531;Nakkila;vakituinen_asuinrakennus;0.5
2016;531;Nakkila;yleinen_maapohja;0.95
2016;531;Nakkila;yleinen_rakennus;0.95
2016;535;Nivala;muu_asuinrakennus;1
2016;535;Nivala;rakentamaton_rakennuspaikka;3
2016;535;Nivala;vakituinen_asuinrakennus;0.65
2016;535;Nivala;yleinen_maapohja;1
2016;535;Nivala;yleinen_rakennus;1
2016;536;Nokia;muu_asuinrakennus;1.2
2016;536;Nokia;rakentamaton_rakennuspaikka;4
2016;536;Nokia;vakituinen_asuinrakennus;0.41
2016;536;Nokia;yleinen_maapohja;0.9
2016;536;Nokia;yleinen_rakennus;0.9
2016;538;Nousiainen;muu_asuinrakennus;1.1
2016;538;Nousiainen;rakentamaton_rakennuspaikka;
2016;538;Nousiainen;vakituinen_asuinrakennus;0.5
2016;538;Nousiainen;yleinen_maapohja;1
2016;538;Nousiainen;yleinen_rakennus;1
2016;541;Nurmes;muu_asuinrakennus;1.04
2016;541;Nurmes;rakentamaton_rakennuspaikka;
2016;541;Nurmes;vakituinen_asuinrakennus;0.47
2016;541;Nurmes;yleinen_maapohja;1.04
2016;541;Nurmes;yleinen_rakennus;1.04
2016;543;Nurmijärvi;muu_asuinrakennus;0.8
2016;543;Nurmijärvi;rakentamaton_rakennuspaikka;3
2016;543;Nurmijärvi;vakituinen_asuinrakennus;0.37
2016;543;Nurmijärvi;yleinen_maapohja;0.8
2016;543;Nurmijärvi;yleinen_rakennus;0.8
2016;545;Närpiö;muu_asuinrakennus;1.1
2016;545;Närpiö;rakentamaton_rakennuspaikka;
2016;545;Närpiö;vakituinen_asuinrakennus;0.5
2016;545;Närpiö;yleinen_maapohja;0.8
2016;545;Närpiö;yleinen_rakennus;0.8
2016;560;Orimattila;muu_asuinrakennus;1.1
2016;560;Orimattila;rakentamaton_rakennuspaikka;3
2016;560;Orimattila;vakituinen_asuinrakennus;0.5
2016;560;Orimattila;yleinen_maapohja;1.1
2016;560;Orimattila;yleinen_rakennus;1.1
2016;561;Oripää;muu_asuinrakennus;1.1
2016;561;Oripää;rakentamaton_rakennuspaikka;
2016;561;Oripää;vakituinen_asuinrakennus;0.45
2016;561;Oripää;yleinen_maapohja;1
2016;561;Oripää;yleinen_rakennus;1
2016;562;Orivesi;muu_asuinrakennus;1.25
2016;562;Orivesi;rakentamaton_rakennuspaikka;3
2016;562;Orivesi;vakituinen_asuinrakennus;0.65
2016;562;Orivesi;yleinen_maapohja;1.1
2016;562;Orivesi;yleinen_rakennus;1.1
2016;563;Oulainen;muu_asuinrakennus;1.05
2016;563;Oulainen;rakentamaton_rakennuspaikka;3
2016;563;Oulainen;vakituinen_asuinrakennus;0.65
2016;563;Oulainen;yleinen_maapohja;1.15
2016;563;Oulainen;yleinen_rakennus;1.15
2016;564;Oulu;muu_asuinrakennus;0.9
2016;564;Oulu;rakentamaton_rakennuspaikka;
2016;564;Oulu;vakituinen_asuinrakennus;0.4
2016;564;Oulu;yleinen_maapohja;0.95
2016;564;Oulu;yleinen_rakennus;0.95
2016;576;Padasjoki;muu_asuinrakennus;1.2
2016;576;Padasjoki;rakentamaton_rakennuspaikka;
2016;576;Padasjoki;vakituinen_asuinrakennus;0.6
2016;576;Padasjoki;yleinen_maapohja;0.8
2016;576;Padasjoki;yleinen_rakennus;0.8
2016;577;Paimio;muu_asuinrakennus;1
2016;577;Paimio;rakentamaton_rakennuspaikka;3
2016;577;Paimio;vakituinen_asuinrakennus;0.37
2016;577;Paimio;yleinen_maapohja;1
2016;577;Paimio;yleinen_rakennus;1
2016;578;Paltamo;muu_asuinrakennus;1.1
2016;578;Paltamo;rakentamaton_rakennuspaikka;
2016;578;Paltamo;vakituinen_asuinrakennus;0.6
2016;578;Paltamo;yleinen_maapohja;1.1
2016;578;Paltamo;yleinen_rakennus;1.1
2016;580;Parikkala;muu_asuinrakennus;1.1
2016;580;Parikkala;rakentamaton_rakennuspaikka;
2016;580;Parikkala;vakituinen_asuinrakennus;0.5
2016;580;Parikkala;yleinen_maapohja;1
2016;580;Parikkala;yleinen_rakennus;1
2016;581;Parkano;muu_asuinrakennus;1.1
2016;581;Parkano;rakentamaton_rakennuspaikka;
2016;581;Parkano;vakituinen_asuinrakennus;0.52
2016;581;Parkano;yleinen_maapohja;1.1
2016;581;Parkano;yleinen_rakennus;1.1
2016;583;Pelkosenniemi;muu_asuinrakennus;1.2
2016;583;Pelkosenniemi;rakentamaton_rakennuspaikka;4
2016;583;Pelkosenniemi;vakituinen_asuinrakennus;0.6
2016;583;Pelkosenniemi;yleinen_maapohja;1.2
2016;583;Pelkosenniemi;yleinen_rakennus;1.2
2016;584;Perho;muu_asuinrakennus;1.05
2016;584;Perho;rakentamaton_rakennuspaikka;2.25
2016;584;Perho;vakituinen_asuinrakennus;0.55
2016;584;Perho;yleinen_maapohja;0.8
2016;584;Perho;yleinen_rakennus;0.8
2016;592;Petäjävesi;muu_asuinrakennus;1.12
2016;592;Petäjävesi;rakentamaton_rakennuspaikka;
2016;592;Petäjävesi;vakituinen_asuinrakennus;0.52
2016;592;Petäjävesi;yleinen_maapohja;1.12
2016;592;Petäjävesi;yleinen_rakennus;1.12
2016;593;Pieksämäki;muu_asuinrakennus;1.1
2016;593;Pieksämäki;rakentamaton_rakennuspaikka;
2016;593;Pieksämäki;vakituinen_asuinrakennus;0.5
2016;593;Pieksämäki;yleinen_maapohja;1.1
2016;593;Pieksämäki;yleinen_rakennus;1.1
2016;595;Pielavesi;muu_asuinrakennus;1.1
2016;595;Pielavesi;rakentamaton_rakennuspaikka;2.5
2016;595;Pielavesi;vakituinen_asuinrakennus;0.6
2016;595;Pielavesi;yleinen_maapohja;0.85
2016;595;Pielavesi;yleinen_rakennus;0.85
2016;598;Pietarsaari;muu_asuinrakennus;1.05
2016;598;Pietarsaari;rakentamaton_rakennuspaikka;3
2016;598;Pietarsaari;vakituinen_asuinrakennus;0.45
2016;598;Pietarsaari;yleinen_maapohja;1.05
2016;598;Pietarsaari;yleinen_rakennus;1.05
2016;599;Pedersören kunta;muu_asuinrakennus;1.15
2016;599;Pedersören kunta;rakentamaton_rakennuspaikka;
2016;599;Pedersören kunta;vakituinen_asuinrakennus;0.55
2016;599;Pedersören kunta;yleinen_maapohja;0.9
2016;599;Pedersören kunta;yleinen_rakennus;0.9
2016;601;Pihtipudas;muu_asuinrakennus;1.1
2016;601;Pihtipudas;rakentamaton_rakennuspaikka;
2016;601;Pihtipudas;vakituinen_asuinrakennus;0.6
2016;601;Pihtipudas;yleinen_maapohja;0.8
2016;601;Pihtipudas;yleinen_rakennus;0.8
2016;604;Pirkkala;muu_asuinrakennus;0.95
2016;604;Pirkkala;rakentamaton_rakennuspaikka;
2016;604;Pirkkala;vakituinen_asuinrakennus;0.45
2016;604;Pirkkala;yleinen_maapohja;0.9
2016;604;Pirkkala;yleinen_rakennus;0.9
2016;607;Polvijärvi;muu_asuinrakennus;1
2016;607;Polvijärvi;rakentamaton_rakennuspaikka;
2016;607;Polvijärvi;vakituinen_asuinrakennus;0.5
2016;607;Polvijärvi;yleinen_maapohja;0.9
2016;607;Polvijärvi;yleinen_rakennus;0.9
2016;608;Pomarkku;muu_asuinrakennus;0.97
2016;608;Pomarkku;rakentamaton_rakennuspaikka;
2016;608;Pomarkku;vakituinen_asuinrakennus;0.37
2016;608;Pomarkku;yleinen_maapohja;0.8
2016;608;Pomarkku;yleinen_rakennus;0.8
2016;609;Pori;muu_asuinrakennus;1.1
2016;609;Pori;rakentamaton_rakennuspaikka;3
2016;609;Pori;vakituinen_asuinrakennus;0.5
2016;609;Pori;yleinen_maapohja;0.9
2016;609;Pori;yleinen_rakennus;0.9
2016;611;Pornainen;muu_asuinrakennus;1
2016;611;Pornainen;rakentamaton_rakennuspaikka;3
2016;611;Pornainen;vakituinen_asuinrakennus;0.5
2016;611;Pornainen;yleinen_maapohja;1
2016;611;Pornainen;yleinen_rakennus;1
2016;614;Posio;muu_asuinrakennus;1.1
2016;614;Posio;rakentamaton_rakennuspaikka;
2016;614;Posio;vakituinen_asuinrakennus;0.6
2016;614;Posio;yleinen_maapohja;1
2016;614;Posio;yleinen_rakennus;1
2016;615;Pudasjärvi;muu_asuinrakennus;0.87
2016;615;Pudasjärvi;rakentamaton_rakennuspaikka;3
2016;615;Pudasjärvi;vakituinen_asuinrakennus;0.4
2016;615;Pudasjärvi;yleinen_maapohja;0.8
2016;615;Pudasjärvi;yleinen_rakennus;0.8
2016;616;Pukkila;muu_asuinrakennus;1.25
2016;616;Pukkila;rakentamaton_rakennuspaikka;3
2016;616;Pukkila;vakituinen_asuinrakennus;0.65
2016;616;Pukkila;yleinen_maapohja;1.15
2016;616;Pukkila;yleinen_rakennus;1.15
2016;619;Punkalaidun;muu_asuinrakennus;1
2016;619;Punkalaidun;rakentamaton_rakennuspaikka;
2016;619;Punkalaidun;vakituinen_asuinrakennus;0.55
2016;619;Punkalaidun;yleinen_maapohja;0.95
2016;619;Punkalaidun;yleinen_rakennus;0.95
2016;620;Puolanka;muu_asuinrakennus;1.1
2016;620;Puolanka;rakentamaton_rakennuspaikka;
2016;620;Puolanka;vakituinen_asuinrakennus;0.55
2016;620;Puolanka;yleinen_maapohja;0.9
2016;620;Puolanka;yleinen_rakennus;0.9
2016;623;Puumala;muu_asuinrakennus;1.08
2016;623;Puumala;rakentamaton_rakennuspaikka;1.6
2016;623;Puumala;vakituinen_asuinrakennus;0.48
2016;623;Puumala;yleinen_maapohja;0.95
2016;623;Puumala;yleinen_rakennus;0.95
2016;624;Pyhtää;muu_asuinrakennus;1.55
2016;624;Pyhtää;rakentamaton_rakennuspaikka;
2016;624;Pyhtää;vakituinen_asuinrakennus;0.62
2016;624;Pyhtää;yleinen_maapohja;1.3
2016;624;Pyhtää;yleinen_rakennus;1.3
2016;625;Pyhäjoki;muu_asuinrakennus;
2016;625;Pyhäjoki;rakentamaton_rakennuspaikka;4
2016;625;Pyhäjoki;vakituinen_asuinrakennus;0.4
2016;625;Pyhäjoki;yleinen_maapohja;1.15
2016;625;Pyhäjoki;yleinen_rakennus;1.15
2016;626;Pyhäjärvi;muu_asuinrakennus;1
2016;626;Pyhäjärvi;rakentamaton_rakennuspaikka;3
2016;626;Pyhäjärvi;vakituinen_asuinrakennus;0.5
2016;626;Pyhäjärvi;yleinen_maapohja;1
2016;626;Pyhäjärvi;yleinen_rakennus;1
2016;630;Pyhäntä;muu_asuinrakennus;1.2
2016;630;Pyhäntä;rakentamaton_rakennuspaikka;
2016;630;Pyhäntä;vakituinen_asuinrakennus;0.6
2016;630;Pyhäntä;yleinen_maapohja;0.95
2016;630;Pyhäntä;yleinen_rakennus;0.95
2016;631;Pyhäranta;muu_asuinrakennus;1.1
2016;631;Pyhäranta;rakentamaton_rakennuspaikka;3
2016;631;Pyhäranta;vakituinen_asuinrakennus;0.4
2016;631;Pyhäranta;yleinen_maapohja;1.1
2016;631;Pyhäranta;yleinen_rakennus;1.1
2016;635;Pälkäne;muu_asuinrakennus;1.05
2016;635;Pälkäne;rakentamaton_rakennuspaikka;
2016;635;Pälkäne;vakituinen_asuinrakennus;0.45
2016;635;Pälkäne;yleinen_maapohja;1
2016;635;Pälkäne;yleinen_rakennus;1
2016;636;Pöytyä;muu_asuinrakennus;1
2016;636;Pöytyä;rakentamaton_rakennuspaikka;
2016;636;Pöytyä;vakituinen_asuinrakennus;0.4
2016;636;Pöytyä;yleinen_maapohja;0.9
2016;636;Pöytyä;yleinen_rakennus;0.9
2016;638;Porvoo;muu_asuinrakennus;1.1
2016;638;Porvoo;rakentamaton_rakennuspaikka;
2016;638;Porvoo;vakituinen_asuinrakennus;0.5
2016;638;Porvoo;yleinen_maapohja;1.3
2016;638;Porvoo;yleinen_rakennus;1.3
2016;678;Raahe;muu_asuinrakennus;1
2016;678;Raahe;rakentamaton_rakennuspaikka;3
2016;678;Raahe;vakituinen_asuinrakennus;0.5
2016;678;Raahe;yleinen_maapohja;1
2016;678;Raahe;yleinen_rakennus;1
2016;680;Raisio;muu_asuinrakennus;0.8
2016;680;Raisio;rakentamaton_rakennuspaikka;3
2016;680;Raisio;vakituinen_asuinrakennus;0.45
2016;680;Raisio;yleinen_maapohja;1.25
2016;680;Raisio;yleinen_rakennus;1.25
2016;681;Rantasalmi;muu_asuinrakennus;0.97
2016;681;Rantasalmi;rakentamaton_rakennuspaikka;2
2016;681;Rantasalmi;vakituinen_asuinrakennus;0.42
2016;681;Rantasalmi;yleinen_maapohja;0.92
2016;681;Rantasalmi;yleinen_rakennus;0.92
2016;683;Ranua;muu_asuinrakennus;1
2016;683;Ranua;rakentamaton_rakennuspaikka;
2016;683;Ranua;vakituinen_asuinrakennus;0.4
2016;683;Ranua;yleinen_maapohja;0.9
2016;683;Ranua;yleinen_rakennus;0.9
2016;684;Rauma;muu_asuinrakennus;0.8
2016;684;Rauma;rakentamaton_rakennuspaikka;3
2016;684;Rauma;vakituinen_asuinrakennus;0.37
2016;684;Rauma;yleinen_maapohja;0.8
2016;684;Rauma;yleinen_rakennus;0.8
2016;686;Rautalampi;muu_asuinrakennus;1.3
2016;686;Rautalampi;rakentamaton_rakennuspaikka;
2016;686;Rautalampi;vakituinen_asuinrakennus;0.7
2016;686;Rautalampi;yleinen_maapohja;1
2016;686;Rautalampi;yleinen_rakennus;1
2016;687;Rautavaara;muu_asuinrakennus;1.05
2016;687;Rautavaara;rakentamaton_rakennuspaikka;2
2016;687;Rautavaara;vakituinen_asuinrakennus;0.5
2016;687;Rautavaara;yleinen_maapohja;0.8
2016;687;Rautavaara;yleinen_rakennus;0.8
2016;689;Rautjärvi;muu_asuinrakennus;1.09
2016;689;Rautjärvi;rakentamaton_rakennuspaikka;
2016;689;Rautjärvi;vakituinen_asuinrakennus;0.49
2016;689;Rautjärvi;yleinen_maapohja;0.8
2016;689;Rautjärvi;yleinen_rakennus;0.8
2016;691;Reisjärvi;muu_asuinrakennus;1.2
2016;691;Reisjärvi;rakentamaton_rakennuspaikka;1.6
2016;691;Reisjärvi;vakituinen_asuinrakennus;0.65
2016;691;Reisjärvi;yleinen_maapohja;1.1
2016;691;Reisjärvi;yleinen_rakennus;1.1
2016;694;Riihimäki;muu_asuinrakennus;0.8
2016;694;Riihimäki;rakentamaton_rakennuspaikka;4
2016;694;Riihimäki;vakituinen_asuinrakennus;0.5
2016;694;Riihimäki;yleinen_maapohja;1.45
2016;694;Riihimäki;yleinen_rakennus;1.45
2016;697;Ristijärvi;muu_asuinrakennus;1.55
2016;697;Ristijärvi;rakentamaton_rakennuspaikka;
2016;697;Ristijärvi;vakituinen_asuinrakennus;0.55
2016;697;Ristijärvi;yleinen_maapohja;1.1
2016;697;Ristijärvi;yleinen_rakennus;1.1
2016;698;Rovaniemi;muu_asuinrakennus;1.2
2016;698;Rovaniemi;rakentamaton_rakennuspaikka;4
2016;698;Rovaniemi;vakituinen_asuinrakennus;0.6
2016;698;Rovaniemi;yleinen_maapohja;1.55
2016;698;Rovaniemi;yleinen_rakennus;1.55
2016;700;Ruokolahti;muu_asuinrakennus;1.1
2016;700;Ruokolahti;rakentamaton_rakennuspaikka;
2016;700;Ruokolahti;vakituinen_asuinrakennus;0.5
2016;700;Ruokolahti;yleinen_maapohja;0.9
2016;700;Ruokolahti;yleinen_rakennus;0.9
2016;702;Ruovesi;muu_asuinrakennus;1.1
2016;702;Ruovesi;rakentamaton_rakennuspaikka;
2016;702;Ruovesi;vakituinen_asuinrakennus;0.5
2016;702;Ruovesi;yleinen_maapohja;1
2016;702;Ruovesi;yleinen_rakennus;1
2016;704;Rusko;muu_asuinrakennus;1.02
2016;704;Rusko;rakentamaton_rakennuspaikka;
2016;704;Rusko;vakituinen_asuinrakennus;0.42
2016;704;Rusko;yleinen_maapohja;0.95
2016;704;Rusko;yleinen_rakennus;0.95
2016;707;Rääkkylä;muu_asuinrakennus;1.05
2016;707;Rääkkylä;rakentamaton_rakennuspaikka;1
2016;707;Rääkkylä;vakituinen_asuinrakennus;0.55
2016;707;Rääkkylä;yleinen_maapohja;1
2016;707;Rääkkylä;yleinen_rakennus;1
2016;710;Raasepori;muu_asuinrakennus;
2016;710;Raasepori;rakentamaton_rakennuspaikka;
2016;710;Raasepori;vakituinen_asuinrakennus;0.37
2016;710;Raasepori;yleinen_maapohja;1.35
2016;710;Raasepori;yleinen_rakennus;1.35
2016;729;Saarijärvi;muu_asuinrakennus;1.05
2016;729;Saarijärvi;rakentamaton_rakennuspaikka;2.4
2016;729;Saarijärvi;vakituinen_asuinrakennus;0.45
2016;729;Saarijärvi;yleinen_maapohja;1
2016;729;Saarijärvi;yleinen_rakennus;1
2016;732;Salla;muu_asuinrakennus;1.2
2016;732;Salla;rakentamaton_rakennuspaikka;
2016;732;Salla;vakituinen_asuinrakennus;0.6
2016;732;Salla;yleinen_maapohja;1.35
2016;732;Salla;yleinen_rakennus;1.35
2016;734;Salo;muu_asuinrakennus;1.15
2016;734;Salo;rakentamaton_rakennuspaikka;3
2016;734;Salo;vakituinen_asuinrakennus;0.55
2016;734;Salo;yleinen_maapohja;0.9
2016;734;Salo;yleinen_rakennus;0.9
2016;736;Saltvik;muu_asuinrakennus;0.9
2016;736;Saltvik;rakentamaton_rakennuspaikka;0
2016;736;Saltvik;vakituinen_asuinrakennus;0
2016;736;Saltvik;yleinen_maapohja;0.2
2016;736;Saltvik;yleinen_rakennus;0.2
2016;738;Sauvo;muu_asuinrakennus;1.3
2016;738;Sauvo;rakentamaton_rakennuspaikka;
2016;738;Sauvo;vakituinen_asuinrakennus;0.6
2016;738;Sauvo;yleinen_maapohja;1.1
2016;738;Sauvo;yleinen_rakennus;1.1
2016;739;Savitaipale;muu_asuinrakennus;1.1
2016;739;Savitaipale;rakentamaton_rakennuspaikka;
2016;739;Savitaipale;vakituinen_asuinrakennus;0.5
2016;739;Savitaipale;yleinen_maapohja;0.85
2016;739;Savitaipale;yleinen_rakennus;0.85
2016;740;Savonlinna;muu_asuinrakennus;1.55
2016;740;Savonlinna;rakentamaton_rakennuspaikka;
2016;740;Savonlinna;vakituinen_asuinrakennus;0.59
2016;740;Savonlinna;yleinen_maapohja;1.43
2016;740;Savonlinna;yleinen_rakennus;1.43
2016;742;Savukoski;muu_asuinrakennus;1.2
2016;742;Savukoski;rakentamaton_rakennuspaikka;
2016;742;Savukoski;vakituinen_asuinrakennus;0.6
2016;742;Savukoski;yleinen_maapohja;1.2
2016;742;Savukoski;yleinen_rakennus;1.2
2016;743;Seinäjoki;muu_asuinrakennus;1.55
2016;743;Seinäjoki;rakentamaton_rakennuspaikka;4
2016;743;Seinäjoki;vakituinen_asuinrakennus;0.55
2016;743;Seinäjoki;yleinen_maapohja;1.4
2016;743;Seinäjoki;yleinen_rakennus;1.4
2016;746;Sievi;muu_asuinrakennus;1.3
2016;746;Sievi;rakentamaton_rakennuspaikka;
2016;746;Sievi;vakituinen_asuinrakennus;0.7
2016;746;Sievi;yleinen_maapohja;0.9
2016;746;Sievi;yleinen_rakennus;0.9
2016;747;Siikainen;muu_asuinrakennus;1.1
2016;747;Siikainen;rakentamaton_rakennuspaikka;
2016;747;Siikainen;vakituinen_asuinrakennus;0.5
2016;747;Siikainen;yleinen_maapohja;0.9
2016;747;Siikainen;yleinen_rakennus;0.9
2016;748;Siikajoki;muu_asuinrakennus;1
2016;748;Siikajoki;rakentamaton_rakennuspaikka;3
2016;748;Siikajoki;vakituinen_asuinrakennus;0.5
2016;748;Siikajoki;yleinen_maapohja;1
2016;748;Siikajoki;yleinen_rakennus;1
2016;749;Siilinjärvi;muu_asuinrakennus;1
2016;749;Siilinjärvi;rakentamaton_rakennuspaikka;3
2016;749;Siilinjärvi;vakituinen_asuinrakennus;0.65
2016;749;Siilinjärvi;yleinen_maapohja;1.25
2016;749;Siilinjärvi;yleinen_rakennus;1.25
2016;751;Simo;muu_asuinrakennus;1.3
2016;751;Simo;rakentamaton_rakennuspaikka;3
2016;751;Simo;vakituinen_asuinrakennus;0.55
2016;751;Simo;yleinen_maapohja;1.4
2016;751;Simo;yleinen_rakennus;1.4
2016;753;Sipoo;muu_asuinrakennus;1.1
2016;753;Sipoo;rakentamaton_rakennuspaikka;3
2016;753;Sipoo;vakituinen_asuinrakennus;0.5
2016;753;Sipoo;yleinen_maapohja;1
2016;753;Sipoo;yleinen_rakennus;1
2016;755;Siuntio;muu_asuinrakennus;1.2
2016;755;Siuntio;rakentamaton_rakennuspaikka;3
2016;755;Siuntio;vakituinen_asuinrakennus;0.5
2016;755;Siuntio;yleinen_maapohja;1.2
2016;755;Siuntio;yleinen_rakennus;1.2
2016;758;Sodankylä;muu_asuinrakennus;1.05
2016;758;Sodankylä;rakentamaton_rakennuspaikka;4
2016;758;Sodankylä;vakituinen_asuinrakennus;0.45
2016;758;Sodankylä;yleinen_maapohja;1.31
2016;758;Sodankylä;yleinen_rakennus;1.31
2016;759;Soini;muu_asuinrakennus;1.25
2016;759;Soini;rakentamaton_rakennuspaikka;
2016;759;Soini;vakituinen_asuinrakennus;0.5
2016;759;Soini;yleinen_maapohja;1.1
2016;759;Soini;yleinen_rakennus;1.1
2016;761;Somero;muu_asuinrakennus;0.9
2016;761;Somero;rakentamaton_rakennuspaikka;
2016;761;Somero;vakituinen_asuinrakennus;0.37
2016;761;Somero;yleinen_maapohja;0.8
2016;761;Somero;yleinen_rakennus;0.8
2016;762;Sonkajärvi;muu_asuinrakennus;0.85
2016;762;Sonkajärvi;rakentamaton_rakennuspaikka;
2016;762;Sonkajärvi;vakituinen_asuinrakennus;0.4
2016;762;Sonkajärvi;yleinen_maapohja;0.8
2016;762;Sonkajärvi;yleinen_rakennus;0.8
2016;765;Sotkamo;muu_asuinrakennus;1.2
2016;765;Sotkamo;rakentamaton_rakennuspaikka;
2016;765;Sotkamo;vakituinen_asuinrakennus;0.6
2016;765;Sotkamo;yleinen_maapohja;1.1
2016;765;Sotkamo;yleinen_rakennus;1.1
2016;766;Sottunga;muu_asuinrakennus;0.9
2016;766;Sottunga;rakentamaton_rakennuspaikka;
2016;766;Sottunga;vakituinen_asuinrakennus;0.5
2016;766;Sottunga;yleinen_maapohja;0.7
2016;766;Sottunga;yleinen_rakennus;0.7
2016;768;Sulkava;muu_asuinrakennus;1.05
2016;768;Sulkava;rakentamaton_rakennuspaikka;
2016;768;Sulkava;vakituinen_asuinrakennus;0.45
2016;768;Sulkava;yleinen_maapohja;0.9
2016;768;Sulkava;yleinen_rakennus;0.9
2016;771;Sund;muu_asuinrakennus;0.9
2016;771;Sund;rakentamaton_rakennuspaikka;0.2
2016;771;Sund;vakituinen_asuinrakennus;0
2016;771;Sund;yleinen_maapohja;0.75
2016;771;Sund;yleinen_rakennus;0.75
2016;777;Suomussalmi;muu_asuinrakennus;1
2016;777;Suomussalmi;rakentamaton_rakennuspaikka;3
2016;777;Suomussalmi;vakituinen_asuinrakennus;0.45
2016;777;Suomussalmi;yleinen_maapohja;0.95
2016;777;Suomussalmi;yleinen_rakennus;0.95
2016;778;Suonenjoki;muu_asuinrakennus;1.25
2016;778;Suonenjoki;rakentamaton_rakennuspaikka;
2016;778;Suonenjoki;vakituinen_asuinrakennus;0.7
2016;778;Suonenjoki;yleinen_maapohja;1.05
2016;778;Suonenjoki;yleinen_rakennus;1.05
2016;781;Sysmä;muu_asuinrakennus;1
2016;781;Sysmä;rakentamaton_rakennuspaikka;
2016;781;Sysmä;vakituinen_asuinrakennus;0.5
2016;781;Sysmä;yleinen_maapohja;0.9
2016;781;Sysmä;yleinen_rakennus;0.9
2016;783;Säkylä;muu_asuinrakennus;1.1
2016;783;Säkylä;rakentamaton_rakennuspaikka;
2016;783;Säkylä;vakituinen_asuinrakennus;0.49
2016;783;Säkylä;yleinen_maapohja;1
2016;783;Säkylä;yleinen_rakennus;1
2016;785;Vaala;muu_asuinrakennus;1.15
2016;785;Vaala;rakentamaton_rakennuspaikka;
2016;785;Vaala;vakituinen_asuinrakennus;0.59
2016;785;Vaala;yleinen_maapohja;1.1
2016;785;Vaala;yleinen_rakennus;1.1
2016;790;Sastamala;muu_asuinrakennus;0.98
2016;790;Sastamala;rakentamaton_rakennuspaikka;2
2016;790;Sastamala;vakituinen_asuinrakennus;0.45
2016;790;Sastamala;yleinen_maapohja;0.8
2016;790;Sastamala;yleinen_rakennus;0.8
2016;791;Siikalatva;muu_asuinrakennus;1.25
2016;791;Siikalatva;rakentamaton_rakennuspaikka;2
2016;791;Siikalatva;vakituinen_asuinrakennus;0.65
2016;791;Siikalatva;yleinen_maapohja;1
2016;791;Siikalatva;yleinen_rakennus;1
2016;831;Taipalsaari;muu_asuinrakennus;1.1
2016;831;Taipalsaari;rakentamaton_rakennuspaikka;3
2016;831;Taipalsaari;vakituinen_asuinrakennus;0.5
2016;831;Taipalsaari;yleinen_maapohja;1.05
2016;831;Taipalsaari;yleinen_rakennus;1.05
2016;832;Taivalkoski;muu_asuinrakennus;1
2016;832;Taivalkoski;rakentamaton_rakennuspaikka;
2016;832;Taivalkoski;vakituinen_asuinrakennus;0.45
2016;832;Taivalkoski;yleinen_maapohja;0.8
2016;832;Taivalkoski;yleinen_rakennus;0.8
2016;833;Taivassalo;muu_asuinrakennus;1.15
2016;833;Taivassalo;rakentamaton_rakennuspaikka;
2016;833;Taivassalo;vakituinen_asuinrakennus;0.65
2016;833;Taivassalo;yleinen_maapohja;1.15
2016;833;Taivassalo;yleinen_rakennus;1.15
2016;834;Tammela;muu_asuinrakennus;1.02
2016;834;Tammela;rakentamaton_rakennuspaikka;
2016;834;Tammela;vakituinen_asuinrakennus;0.42
2016;834;Tammela;yleinen_maapohja;0.8
2016;834;Tammela;yleinen_rakennus;0.8
2016;837;Tampere;muu_asuinrakennus;0.9
2016;837;Tampere;rakentamaton_rakennuspaikka;3
2016;837;Tampere;vakituinen_asuinrakennus;0.5
2016;837;Tampere;yleinen_maapohja;1.05
2016;837;Tampere;yleinen_rakennus;1.05
2016;844;Tervo;muu_asuinrakennus;1
2016;844;Tervo;rakentamaton_rakennuspaikka;1.5
2016;844;Tervo;vakituinen_asuinrakennus;0.48
2016;844;Tervo;yleinen_maapohja;0.85
2016;844;Tervo;yleinen_rakennus;0.85
2016;845;Tervola;muu_asuinrakennus;0.95
2016;845;Tervola;rakentamaton_rakennuspaikka;
2016;845;Tervola;vakituinen_asuinrakennus;0.5
2016;845;Tervola;yleinen_maapohja;0.95
2016;845;Tervola;yleinen_rakennus;0.95
2016;846;Teuva;muu_asuinrakennus;
2016;846;Teuva;rakentamaton_rakennuspaikka;
2016;846;Teuva;vakituinen_asuinrakennus;0.5
2016;846;Teuva;yleinen_maapohja;0.95
2016;846;Teuva;yleinen_rakennus;0.95
2016;848;Tohmajärvi;muu_asuinrakennus;1.15
2016;848;Tohmajärvi;rakentamaton_rakennuspaikka;
2016;848;Tohmajärvi;vakituinen_asuinrakennus;0.55
2016;848;Tohmajärvi;yleinen_maapohja;1.1
2016;848;Tohmajärvi;yleinen_rakennus;1.1
2016;849;Toholampi;muu_asuinrakennus;0.9
2016;849;Toholampi;rakentamaton_rakennuspaikka;2.1
2016;849;Toholampi;vakituinen_asuinrakennus;0.65
2016;849;Toholampi;yleinen_maapohja;0.8
2016;849;Toholampi;yleinen_rakennus;0.8
2016;850;Toivakka;muu_asuinrakennus;1.1
2016;850;Toivakka;rakentamaton_rakennuspaikka;3
2016;850;Toivakka;vakituinen_asuinrakennus;0.45
2016;850;Toivakka;yleinen_maapohja;1.1
2016;850;Toivakka;yleinen_rakennus;1.1
2016;851;Tornio;muu_asuinrakennus;1
2016;851;Tornio;rakentamaton_rakennuspaikka;3
2016;851;Tornio;vakituinen_asuinrakennus;0.42
2016;851;Tornio;yleinen_maapohja;1.05
2016;851;Tornio;yleinen_rakennus;1.05
2016;853;Turku;muu_asuinrakennus;0.8
2016;853;Turku;rakentamaton_rakennuspaikka;3
2016;853;Turku;vakituinen_asuinrakennus;0.37
2016;853;Turku;yleinen_maapohja;1
2016;853;Turku;yleinen_rakennus;1
2016;854;Pello;muu_asuinrakennus;1
2016;854;Pello;rakentamaton_rakennuspaikka;
2016;854;Pello;vakituinen_asuinrakennus;0.37
2016;854;Pello;yleinen_maapohja;0.85
2016;854;Pello;yleinen_rakennus;0.85
2016;857;Tuusniemi;muu_asuinrakennus;1.25
2016;857;Tuusniemi;rakentamaton_rakennuspaikka;
2016;857;Tuusniemi;vakituinen_asuinrakennus;0.65
2016;857;Tuusniemi;yleinen_maapohja;1.15
2016;857;Tuusniemi;yleinen_rakennus;1.15
2016;858;Tuusula;muu_asuinrakennus;0.8
2016;858;Tuusula;rakentamaton_rakennuspaikka;2.3
2016;858;Tuusula;vakituinen_asuinrakennus;0.37
2016;858;Tuusula;yleinen_maapohja;0.8
2016;858;Tuusula;yleinen_rakennus;0.8
2016;859;Tyrnävä;muu_asuinrakennus;0.98
2016;859;Tyrnävä;rakentamaton_rakennuspaikka;
2016;859;Tyrnävä;vakituinen_asuinrakennus;0.54
2016;859;Tyrnävä;yleinen_maapohja;0.98
2016;859;Tyrnävä;yleinen_rakennus;0.98
2016;886;Ulvila;muu_asuinrakennus;1.1
2016;886;Ulvila;rakentamaton_rakennuspaikka;3
2016;886;Ulvila;vakituinen_asuinrakennus;0.5
2016;886;Ulvila;yleinen_maapohja;1.1
2016;886;Ulvila;yleinen_rakennus;1.1
2016;887;Urjala;muu_asuinrakennus;1.25
2016;887;Urjala;rakentamaton_rakennuspaikka;1.5
2016;887;Urjala;vakituinen_asuinrakennus;0.65
2016;887;Urjala;yleinen_maapohja;1.1
2016;887;Urjala;yleinen_rakennus;1.1
2016;889;Utajärvi;muu_asuinrakennus;1.15
2016;889;Utajärvi;rakentamaton_rakennuspaikka;4
2016;889;Utajärvi;vakituinen_asuinrakennus;0.45
2016;889;Utajärvi;yleinen_maapohja;1
2016;889;Utajärvi;yleinen_rakennus;1
2016;890;Utsjoki;muu_asuinrakennus;1.5
2016;890;Utsjoki;rakentamaton_rakennuspaikka;1.5
2016;890;Utsjoki;vakituinen_asuinrakennus;0.65
2016;890;Utsjoki;yleinen_maapohja;1.2
2016;890;Utsjoki;yleinen_rakennus;1.2
2016;892;Uurainen;muu_asuinrakennus;1
2016;892;Uurainen;rakentamaton_rakennuspaikka;2.5
2016;892;Uurainen;vakituinen_asuinrakennus;0.4
2016;892;Uurainen;yleinen_maapohja;1
2016;892;Uurainen;yleinen_rakennus;1
2016;893;Uusikaarlepyy;muu_asuinrakennus;1.1
2016;893;Uusikaarlepyy;rakentamaton_rakennuspaikka;2
2016;893;Uusikaarlepyy;vakituinen_asuinrakennus;0.5
2016;893;Uusikaarlepyy;yleinen_maapohja;1
2016;893;Uusikaarlepyy;yleinen_rakennus;1
2016;895;Uusikaupunki;muu_asuinrakennus;1.12
2016;895;Uusikaupunki;rakentamaton_rakennuspaikka;
2016;895;Uusikaupunki;vakituinen_asuinrakennus;0.45
2016;895;Uusikaupunki;yleinen_maapohja;1.03
2016;895;Uusikaupunki;yleinen_rakennus;1.03
2016;905;Vaasa;muu_asuinrakennus;1.1
2016;905;Vaasa;rakentamaton_rakennuspaikka;3
2016;905;Vaasa;vakituinen_asuinrakennus;0.5
2016;905;Vaasa;yleinen_maapohja;1.15
2016;905;Vaasa;yleinen_rakennus;1.15
2016;908;Valkeakoski;muu_asuinrakennus;1.1
2016;908;Valkeakoski;rakentamaton_rakennuspaikka;
2016;908;Valkeakoski;vakituinen_asuinrakennus;0.5
2016;908;Valkeakoski;yleinen_maapohja;1.3
2016;908;Valkeakoski;yleinen_rakennus;1.3
2016;915;Varkaus;muu_asuinrakennus;1
2016;915;Varkaus;rakentamaton_rakennuspaikka;
2016;915;Varkaus;vakituinen_asuinrakennus;0.4
2016;915;Varkaus;yleinen_maapohja;1.35
2016;915;Varkaus;yleinen_rakennus;1.35
2016;918;Vehmaa;muu_asuinrakennus;1.1
2016;918;Vehmaa;rakentamaton_rakennuspaikka;
2016;918;Vehmaa;vakituinen_asuinrakennus;0.5
2016;918;Vehmaa;yleinen_maapohja;1
2016;918;Vehmaa;yleinen_rakennus;1
2016;921;Vesanto;muu_asuinrakennus;1
2016;921;Vesanto;rakentamaton_rakennuspaikka;
2016;921;Vesanto;vakituinen_asuinrakennus;0.5
2016;921;Vesanto;yleinen_maapohja;1
2016;921;Vesanto;yleinen_rakennus;1
2016;922;Vesilahti;muu_asuinrakennus;1.15
2016;922;Vesilahti;rakentamaton_rakennuspaikka;2
2016;922;Vesilahti;vakituinen_asuinrakennus;0.55
2016;922;Vesilahti;yleinen_maapohja;1
2016;922;Vesilahti;yleinen_rakennus;1
2016;924;Veteli;muu_asuinrakennus;1.05
2016;924;Veteli;rakentamaton_rakennuspaikka;3
2016;924;Veteli;vakituinen_asuinrakennus;0.6
2016;924;Veteli;yleinen_maapohja;0.95
2016;924;Veteli;yleinen_rakennus;0.95
2016;925;Vieremä;muu_asuinrakennus;1
2016;925;Vieremä;rakentamaton_rakennuspaikka;
2016;925;Vieremä;vakituinen_asuinrakennus;0.45
2016;925;Vieremä;yleinen_maapohja;0.9
2016;925;Vieremä;yleinen_rakennus;0.9
2016;927;Vihti;muu_asuinrakennus;1
2016;927;Vihti;rakentamaton_rakennuspaikka;3
2016;927;Vihti;vakituinen_asuinrakennus;0.5
2016;927;Vihti;yleinen_maapohja;0.95
2016;927;Vihti;yleinen_rakennus;0.95
2016;931;Viitasaari;muu_asuinrakennus;1.1
2016;931;Viitasaari;rakentamaton_rakennuspaikka;
2016;931;Viitasaari;vakituinen_asuinrakennus;0.6
2016;931;Viitasaari;yleinen_maapohja;0.9
2016;931;Viitasaari;yleinen_rakennus;0.9
2016;934;Vimpeli;muu_asuinrakennus;1.3
2016;934;Vimpeli;rakentamaton_rakennuspaikka;3
2016;934;Vimpeli;vakituinen_asuinrakennus;0.7
2016;934;Vimpeli;yleinen_maapohja;1.3
2016;934;Vimpeli;yleinen_rakennus;1.3
2016;935;Virolahti;muu_asuinrakennus;1.1
2016;935;Virolahti;rakentamaton_rakennuspaikka;
2016;935;Virolahti;vakituinen_asuinrakennus;0.5
2016;935;Virolahti;yleinen_maapohja;1.2
2016;935;Virolahti;yleinen_rakennus;1.2
2016;936;Virrat;muu_asuinrakennus;1
2016;936;Virrat;rakentamaton_rakennuspaikka;
2016;936;Virrat;vakituinen_asuinrakennus;0.45
2016;936;Virrat;yleinen_maapohja;0.9
2016;936;Virrat;yleinen_rakennus;0.9
2016;941;Vårdö;muu_asuinrakennus;0.9
2016;941;Vårdö;rakentamaton_rakennuspaikka;0
2016;941;Vårdö;vakituinen_asuinrakennus;0
2016;941;Vårdö;yleinen_maapohja;0.15
2016;941;Vårdö;yleinen_rakennus;0.15
2016;946;Vöyri;muu_asuinrakennus;1.1
2016;946;Vöyri;rakentamaton_rakennuspaikka;
2016;946;Vöyri;vakituinen_asuinrakennus;0.5
2016;946;Vöyri;yleinen_maapohja;0.8
2016;946;Vöyri;yleinen_rakennus;0.8
2016;976;Ylitornio;muu_asuinrakennus;1
2016;976;Ylitornio;rakentamaton_rakennuspaikka;1.5
2016;976;Ylitornio;vakituinen_asuinrakennus;0.37
2016;976;Ylitornio;yleinen_maapohja;0.8
2016;976;Ylitornio;yleinen_rakennus;0.8
2016;977;Ylivieska;muu_asuinrakennus;1.15
2016;977;Ylivieska;rakentamaton_rakennuspaikka;3
2016;977;Ylivieska;vakituinen_asuinrakennus;0.7
2016;977;Ylivieska;yleinen_maapohja;1.3
2016;977;Ylivieska;yleinen_rakennus;1.3
2016;980;Ylöjärvi;muu_asuinrakennus;1
2016;980;Ylöjärvi;rakentamaton_rakennuspaikka;3
2016;980;Ylöjärvi;vakituinen_asuinrakennus;0.5
2016;980;Ylöjärvi;yleinen_maapohja;0.9
2016;980;Ylöjärvi;yleinen_rakennus;0.9
2016;981;Ypäjä;muu_asuinrakennus;1
2016;981;Ypäjä;rakentamaton_rakennuspaikka;2
2016;981;Ypäjä;vakituinen_asuinrakennus;0.5
2016;981;Ypäjä;yleinen_maapohja;1
2016;981;Ypäjä;yleinen_rakennus;1
2016;989;Ähtäri;muu_asuinrakennus;1.3
2016;989;Ähtäri;rakentamaton_rakennuspaikka;
2016;989;Ähtäri;vakituinen_asuinrakennus;0.5
2016;989;Ähtäri;yleinen_maapohja;1.3
2016;989;Ähtäri;yleinen_rakennus;1.3
2016;992;Äänekoski;muu_asuinrakennus;1.1
2016;992;Äänekoski;rakentamaton_rakennuspaikka;
2016;992;Äänekoski;vakituinen_asuinrakennus;0.5
2016;992;Äänekoski;yleinen_maapohja;1.1
2016;992;Äänekoski;yleinen_rakennus;1.1
2017;005;Alajärvi;muu_asuinrakennus;1.1
2017;005;Alajärvi;rakentamaton_rakennuspaikka;3
2017;005;Alajärvi;vakituinen_asuinrakennus;0.5
2017;005;Alajärvi;yleinen_maapohja;0.93
2017;005;Alajärvi;yleinen_rakennus;0.93
2017;009;Alavieska;muu_asuinrakennus;0.93
2017;009;Alavieska;rakentamaton_rakennuspaikka;
2017;009;Alavieska;vakituinen_asuinrakennus;0.55
2017;009;Alavieska;yleinen_maapohja;1
2017;009;Alavieska;yleinen_rakennus;1
2017;010;Alavus;muu_asuinrakennus;1.1
2017;010;Alavus;rakentamaton_rakennuspaikka;3
2017;010;Alavus;vakituinen_asuinrakennus;0.41
2017;010;Alavus;yleinen_maapohja;0.95
2017;010;Alavus;yleinen_rakennus;0.95
2017;016;Asikkala;muu_asuinrakennus;1.25
2017;016;Asikkala;rakentamaton_rakennuspaikka;3
2017;016;Asikkala;vakituinen_asuinrakennus;0.45
2017;016;Asikkala;yleinen_maapohja;0.93
2017;016;Asikkala;yleinen_rakennus;0.93
2017;018;Askola;muu_asuinrakennus;1.5
2017;018;Askola;rakentamaton_rakennuspaikka;5
2017;018;Askola;vakituinen_asuinrakennus;0.7
2017;018;Askola;yleinen_maapohja;1.1
2017;018;Askola;yleinen_rakennus;1.1
2017;019;Aura;muu_asuinrakennus;1.1
2017;019;Aura;rakentamaton_rakennuspaikka;
2017;019;Aura;vakituinen_asuinrakennus;0.55
2017;019;Aura;yleinen_maapohja;1.1
2017;019;Aura;yleinen_rakennus;1.1
2017;020;Akaa;muu_asuinrakennus;1.25
2017;020;Akaa;rakentamaton_rakennuspaikka;6
2017;020;Akaa;vakituinen_asuinrakennus;0.65
2017;020;Akaa;yleinen_maapohja;1.1
2017;020;Akaa;yleinen_rakennus;1.1
2017;035;Brändö;muu_asuinrakennus;0.9
2017;035;Brändö;rakentamaton_rakennuspaikka;
2017;035;Brändö;vakituinen_asuinrakennus;0
2017;035;Brändö;yleinen_maapohja;0
2017;035;Brändö;yleinen_rakennus;0
2017;043;Eckerö;muu_asuinrakennus;0.9
2017;043;Eckerö;rakentamaton_rakennuspaikka;
2017;043;Eckerö;vakituinen_asuinrakennus;0
2017;043;Eckerö;yleinen_maapohja;0.7
2017;043;Eckerö;yleinen_rakennus;0.7
2017;046;Enonkoski;muu_asuinrakennus;1.3
2017;046;Enonkoski;rakentamaton_rakennuspaikka;2
2017;046;Enonkoski;vakituinen_asuinrakennus;0.7
2017;046;Enonkoski;yleinen_maapohja;1
2017;046;Enonkoski;yleinen_rakennus;1
2017;047;Enontekiö;muu_asuinrakennus;1.15
2017;047;Enontekiö;rakentamaton_rakennuspaikka;3
2017;047;Enontekiö;vakituinen_asuinrakennus;0.55
2017;047;Enontekiö;yleinen_maapohja;1.05
2017;047;Enontekiö;yleinen_rakennus;1.05
2017;049;Espoo;muu_asuinrakennus;0.93
2017;049;Espoo;rakentamaton_rakennuspaikka;3.93
2017;049;Espoo;vakituinen_asuinrakennus;0.41
2017;049;Espoo;yleinen_maapohja;0.93
2017;049;Espoo;yleinen_rakennus;0.93
2017;050;Eura;muu_asuinrakennus;1.1
2017;050;Eura;rakentamaton_rakennuspaikka;3
2017;050;Eura;vakituinen_asuinrakennus;0.6
2017;050;Eura;yleinen_maapohja;1.1
2017;050;Eura;yleinen_rakennus;1.1
2017;051;Eurajoki;muu_asuinrakennus;1.1
2017;051;Eurajoki;rakentamaton_rakennuspaikka;
2017;051;Eurajoki;vakituinen_asuinrakennus;0.41
2017;051;Eurajoki;yleinen_maapohja;0.93
2017;051;Eurajoki;yleinen_rakennus;0.93
2017;052;Evijärvi;muu_asuinrakennus;1.15
2017;052;Evijärvi;rakentamaton_rakennuspaikka;
2017;052;Evijärvi;vakituinen_asuinrakennus;0.65
2017;052;Evijärvi;yleinen_maapohja;1
2017;052;Evijärvi;yleinen_rakennus;1
2017;060;Finström;muu_asuinrakennus;0.9
2017;060;Finström;rakentamaton_rakennuspaikka;3
2017;060;Finström;vakituinen_asuinrakennus;0
2017;060;Finström;yleinen_maapohja;0.75
2017;060;Finström;yleinen_rakennus;0.75
2017;061;Forssa;muu_asuinrakennus;1.41
2017;061;Forssa;rakentamaton_rakennuspaikka;
2017;061;Forssa;vakituinen_asuinrakennus;0.41
2017;061;Forssa;yleinen_maapohja;1.4
2017;061;Forssa;yleinen_rakennus;1.4
2017;062;Föglö;muu_asuinrakennus;0.9
2017;062;Föglö;rakentamaton_rakennuspaikka;0.5
2017;062;Föglö;vakituinen_asuinrakennus;0
2017;062;Föglö;yleinen_maapohja;0.7
2017;062;Föglö;yleinen_rakennus;0.7
2017;065;Geta;muu_asuinrakennus;0.9
2017;065;Geta;rakentamaton_rakennuspaikka;
2017;065;Geta;vakituinen_asuinrakennus;0
2017;065;Geta;yleinen_maapohja;0.5
2017;065;Geta;yleinen_rakennus;0.5
2017;069;Haapajärvi;muu_asuinrakennus;1.35
2017;069;Haapajärvi;rakentamaton_rakennuspaikka;3
2017;069;Haapajärvi;vakituinen_asuinrakennus;0.75
2017;069;Haapajärvi;yleinen_maapohja;1.35
2017;069;Haapajärvi;yleinen_rakennus;1.35
2017;071;Haapavesi;muu_asuinrakennus;1.3
2017;071;Haapavesi;rakentamaton_rakennuspaikka;3
2017;071;Haapavesi;vakituinen_asuinrakennus;0.6
2017;071;Haapavesi;yleinen_maapohja;1.05
2017;071;Haapavesi;yleinen_rakennus;1.05
2017;072;Hailuoto;muu_asuinrakennus;1.51
2017;072;Hailuoto;rakentamaton_rakennuspaikka;3
2017;072;Hailuoto;vakituinen_asuinrakennus;0.51
2017;072;Hailuoto;yleinen_maapohja;0.95
2017;072;Hailuoto;yleinen_rakennus;0.95
2017;074;Halsua;muu_asuinrakennus;1.5
2017;074;Halsua;rakentamaton_rakennuspaikka;
2017;074;Halsua;vakituinen_asuinrakennus;0.5
2017;074;Halsua;yleinen_maapohja;1.1
2017;074;Halsua;yleinen_rakennus;1.1
2017;075;Hamina;muu_asuinrakennus;1.15
2017;075;Hamina;rakentamaton_rakennuspaikka;
2017;075;Hamina;vakituinen_asuinrakennus;0.55
2017;075;Hamina;yleinen_maapohja;1.25
2017;075;Hamina;yleinen_rakennus;1.25
2017;076;Hammarland;muu_asuinrakennus;0.9
2017;076;Hammarland;rakentamaton_rakennuspaikka;
2017;076;Hammarland;vakituinen_asuinrakennus;0
2017;076;Hammarland;yleinen_maapohja;0.2
2017;076;Hammarland;yleinen_rakennus;0.2
2017;077;Hankasalmi;muu_asuinrakennus;1.2
2017;077;Hankasalmi;rakentamaton_rakennuspaikka;
2017;077;Hankasalmi;vakituinen_asuinrakennus;0.6
2017;077;Hankasalmi;yleinen_maapohja;1.2
2017;077;Hankasalmi;yleinen_rakennus;1.2
2017;078;Hanko;muu_asuinrakennus;1.3
2017;078;Hanko;rakentamaton_rakennuspaikka;3
2017;078;Hanko;vakituinen_asuinrakennus;0.45
2017;078;Hanko;yleinen_maapohja;1.3
2017;078;Hanko;yleinen_rakennus;1.3
2017;079;Harjavalta;muu_asuinrakennus;0.98
2017;079;Harjavalta;rakentamaton_rakennuspaikka;
2017;079;Harjavalta;vakituinen_asuinrakennus;0.41
2017;079;Harjavalta;yleinen_maapohja;0.98
2017;079;Harjavalta;yleinen_rakennus;0.98
2017;081;Hartola;muu_asuinrakennus;1.1
2017;081;Hartola;rakentamaton_rakennuspaikka;
2017;081;Hartola;vakituinen_asuinrakennus;0.5
2017;081;Hartola;yleinen_maapohja;1
2017;081;Hartola;yleinen_rakennus;1
2017;082;Hattula;muu_asuinrakennus;1
2017;082;Hattula;rakentamaton_rakennuspaikka;
2017;082;Hattula;vakituinen_asuinrakennus;0.45
2017;082;Hattula;yleinen_maapohja;1
2017;082;Hattula;yleinen_rakennus;1
2017;086;Hausjärvi;muu_asuinrakennus;1.05
2017;086;Hausjärvi;rakentamaton_rakennuspaikka;4
2017;086;Hausjärvi;vakituinen_asuinrakennus;0.45
2017;086;Hausjärvi;yleinen_maapohja;1.25
2017;086;Hausjärvi;yleinen_rakennus;1.25
2017;090;Heinävesi;muu_asuinrakennus;1.15
2017;090;Heinävesi;rakentamaton_rakennuspaikka;
2017;090;Heinävesi;vakituinen_asuinrakennus;0.55
2017;090;Heinävesi;yleinen_maapohja;1.1
2017;090;Heinävesi;yleinen_rakennus;1.1
2017;091;Helsinki;muu_asuinrakennus;0.93
2017;091;Helsinki;rakentamaton_rakennuspaikka;3.93
2017;091;Helsinki;vakituinen_asuinrakennus;0.41
2017;091;Helsinki;yleinen_maapohja;0.93
2017;091;Helsinki;yleinen_rakennus;0.93
2017;092;Vantaa;muu_asuinrakennus;1
2017;092;Vantaa;rakentamaton_rakennuspaikka;4
2017;092;Vantaa;vakituinen_asuinrakennus;0.41
2017;092;Vantaa;yleinen_maapohja;1
2017;092;Vantaa;yleinen_rakennus;1
2017;097;Hirvensalmi;muu_asuinrakennus;1.15
2017;097;Hirvensalmi;rakentamaton_rakennuspaikka;2.6
2017;097;Hirvensalmi;vakituinen_asuinrakennus;0.41
2017;097;Hirvensalmi;yleinen_maapohja;0.95
2017;097;Hirvensalmi;yleinen_rakennus;0.95
2017;098;Hollola;muu_asuinrakennus;1.1
2017;098;Hollola;rakentamaton_rakennuspaikka;
2017;098;Hollola;vakituinen_asuinrakennus;0.55
2017;098;Hollola;yleinen_maapohja;1.15
2017;098;Hollola;yleinen_rakennus;1.15
2017;102;Huittinen;muu_asuinrakennus;1
2017;102;Huittinen;rakentamaton_rakennuspaikka;
2017;102;Huittinen;vakituinen_asuinrakennus;0.41
2017;102;Huittinen;yleinen_maapohja;0.93
2017;102;Huittinen;yleinen_rakennus;0.93
2017;103;Humppila;muu_asuinrakennus;1.2
2017;103;Humppila;rakentamaton_rakennuspaikka;2
2017;103;Humppila;vakituinen_asuinrakennus;0.5
2017;103;Humppila;yleinen_maapohja;1.2
2017;103;Humppila;yleinen_rakennus;1.2
2017;105;Hyrynsalmi;muu_asuinrakennus;1.15
2017;105;Hyrynsalmi;rakentamaton_rakennuspaikka;2
2017;105;Hyrynsalmi;vakituinen_asuinrakennus;0.55
2017;105;Hyrynsalmi;yleinen_maapohja;1
2017;105;Hyrynsalmi;yleinen_rakennus;1
2017;106;Hyvinkää;muu_asuinrakennus;1.05
2017;106;Hyvinkää;rakentamaton_rakennuspaikka;4.3
2017;106;Hyvinkää;vakituinen_asuinrakennus;0.45
2017;106;Hyvinkää;yleinen_maapohja;1.3
2017;106;Hyvinkää;yleinen_rakennus;1.3
2017;108;Hämeenkyrö;muu_asuinrakennus;1.15
2017;108;Hämeenkyrö;rakentamaton_rakennuspaikka;3
2017;108;Hämeenkyrö;vakituinen_asuinrakennus;0.48
2017;108;Hämeenkyrö;yleinen_maapohja;0.95
2017;108;Hämeenkyrö;yleinen_rakennus;0.95
2017;109;Hämeenlinna;muu_asuinrakennus;1.4
2017;109;Hämeenlinna;rakentamaton_rakennuspaikka;3.3
2017;109;Hämeenlinna;vakituinen_asuinrakennus;0.6
2017;109;Hämeenlinna;yleinen_maapohja;1.35
2017;109;Hämeenlinna;yleinen_rakennus;1.35
2017;111;Heinola;muu_asuinrakennus;1
2017;111;Heinola;rakentamaton_rakennuspaikka;
2017;111;Heinola;vakituinen_asuinrakennus;0.5
2017;111;Heinola;yleinen_maapohja;1
2017;111;Heinola;yleinen_rakennus;1
2017;139;Ii;muu_asuinrakennus;1.1
2017;139;Ii;rakentamaton_rakennuspaikka;3
2017;139;Ii;vakituinen_asuinrakennus;0.55
2017;139;Ii;yleinen_maapohja;1.2
2017;139;Ii;yleinen_rakennus;1.2
2017;140;Iisalmi;muu_asuinrakennus;0.93
2017;140;Iisalmi;rakentamaton_rakennuspaikka;3
2017;140;Iisalmi;vakituinen_asuinrakennus;0.55
2017;140;Iisalmi;yleinen_maapohja;1.1
2017;140;Iisalmi;yleinen_rakennus;1.1
2017;142;Iitti;muu_asuinrakennus;1.1
2017;142;Iitti;rakentamaton_rakennuspaikka;
2017;142;Iitti;vakituinen_asuinrakennus;0.5
2017;142;Iitti;yleinen_maapohja;1
2017;142;Iitti;yleinen_rakennus;1
2017;143;Ikaalinen;muu_asuinrakennus;1.19
2017;143;Ikaalinen;rakentamaton_rakennuspaikka;3
2017;143;Ikaalinen;vakituinen_asuinrakennus;0.59
2017;143;Ikaalinen;yleinen_maapohja;1.23
2017;143;Ikaalinen;yleinen_rakennus;1.23
2017;145;Ilmajoki;muu_asuinrakennus;1.2
2017;145;Ilmajoki;rakentamaton_rakennuspaikka;3
2017;145;Ilmajoki;vakituinen_asuinrakennus;0.5
2017;145;Ilmajoki;yleinen_maapohja;0.93
2017;145;Ilmajoki;yleinen_rakennus;0.93
2017;146;Ilomantsi;muu_asuinrakennus;0.93
2017;146;Ilomantsi;rakentamaton_rakennuspaikka;
2017;146;Ilomantsi;vakituinen_asuinrakennus;0.41
2017;146;Ilomantsi;yleinen_maapohja;0.93
2017;146;Ilomantsi;yleinen_rakennus;0.93
2017;148;Inari;muu_asuinrakennus;1.15
2017;148;Inari;rakentamaton_rakennuspaikka;3
2017;148;Inari;vakituinen_asuinrakennus;0.55
2017;148;Inari;yleinen_maapohja;1.35
2017;148;Inari;yleinen_rakennus;1.35
2017;149;Inkoo;muu_asuinrakennus;1.55
2017;149;Inkoo;rakentamaton_rakennuspaikka;2
2017;149;Inkoo;vakituinen_asuinrakennus;0.65
2017;149;Inkoo;yleinen_maapohja;1.1
2017;149;Inkoo;yleinen_rakennus;1.1
2017;151;Isojoki;muu_asuinrakennus;0.93
2017;151;Isojoki;rakentamaton_rakennuspaikka;2
2017;151;Isojoki;vakituinen_asuinrakennus;0.5
2017;151;Isojoki;yleinen_maapohja;0.93
2017;151;Isojoki;yleinen_rakennus;0.93
2017;152;Isokyrö;muu_asuinrakennus;1.1
2017;152;Isokyrö;rakentamaton_rakennuspaikka;
2017;152;Isokyrö;vakituinen_asuinrakennus;0.65
2017;152;Isokyrö;yleinen_maapohja;0.93
2017;152;Isokyrö;yleinen_rakennus;0.93
2017;153;Imatra;muu_asuinrakennus;1
2017;153;Imatra;rakentamaton_rakennuspaikka;
2017;153;Imatra;vakituinen_asuinrakennus;0.41
2017;153;Imatra;yleinen_maapohja;1.55
2017;153;Imatra;yleinen_rakennus;1.55
2017;165;Janakkala;muu_asuinrakennus;1.1
2017;165;Janakkala;rakentamaton_rakennuspaikka;4
2017;165;Janakkala;vakituinen_asuinrakennus;0.5
2017;165;Janakkala;yleinen_maapohja;1.1
2017;165;Janakkala;yleinen_rakennus;1.1
2017;167;Joensuu;muu_asuinrakennus;1
2017;167;Joensuu;rakentamaton_rakennuspaikka;
2017;167;Joensuu;vakituinen_asuinrakennus;0.45
2017;167;Joensuu;yleinen_maapohja;1.1
2017;167;Joensuu;yleinen_rakennus;1.1
2017;169;Jokioinen;muu_asuinrakennus;1
2017;169;Jokioinen;rakentamaton_rakennuspaikka;2
2017;169;Jokioinen;vakituinen_asuinrakennus;0.41
2017;169;Jokioinen;yleinen_maapohja;0.93
2017;169;Jokioinen;yleinen_rakennus;0.93
2017;170;Jomala;muu_asuinrakennus;0.9
2017;170;Jomala;rakentamaton_rakennuspaikka;1
2017;170;Jomala;vakituinen_asuinrakennus;0
2017;170;Jomala;yleinen_maapohja;0.5
2017;170;Jomala;yleinen_rakennus;0.5
2017;171;Joroinen;muu_asuinrakennus;1.1
2017;171;Joroinen;rakentamaton_rakennuspaikka;
2017;171;Joroinen;vakituinen_asuinrakennus;0.5
2017;171;Joroinen;yleinen_maapohja;1.05
2017;171;Joroinen;yleinen_rakennus;1.05
2017;172;Joutsa;muu_asuinrakennus;1.2
2017;172;Joutsa;rakentamaton_rakennuspaikka;
2017;172;Joutsa;vakituinen_asuinrakennus;0.6
2017;172;Joutsa;yleinen_maapohja;1
2017;172;Joutsa;yleinen_rakennus;1
2017;176;Juuka;muu_asuinrakennus;0.99
2017;176;Juuka;rakentamaton_rakennuspaikka;
2017;176;Juuka;vakituinen_asuinrakennus;0.45
2017;176;Juuka;yleinen_maapohja;1
2017;176;Juuka;yleinen_rakennus;1
2017;177;Juupajoki;muu_asuinrakennus;1.05
2017;177;Juupajoki;rakentamaton_rakennuspaikka;
2017;177;Juupajoki;vakituinen_asuinrakennus;0.45
2017;177;Juupajoki;yleinen_maapohja;1.15
2017;177;Juupajoki;yleinen_rakennus;1.15
2017;178;Juva;muu_asuinrakennus;1.03
2017;178;Juva;rakentamaton_rakennuspaikka;2
2017;178;Juva;vakituinen_asuinrakennus;0.43
2017;178;Juva;yleinen_maapohja;0.95
2017;178;Juva;yleinen_rakennus;0.95
2017;179;Jyväskylä;muu_asuinrakennus;1.55
2017;179;Jyväskylä;rakentamaton_rakennuspaikka;4
2017;179;Jyväskylä;vakituinen_asuinrakennus;0.55
2017;179;Jyväskylä;yleinen_maapohja;1.3
2017;179;Jyväskylä;yleinen_rakennus;1.3
2017;181;Jämijärvi;muu_asuinrakennus;0.95
2017;181;Jämijärvi;rakentamaton_rakennuspaikka;2.5
2017;181;Jämijärvi;vakituinen_asuinrakennus;0.45
2017;181;Jämijärvi;yleinen_maapohja;0.95
2017;181;Jämijärvi;yleinen_rakennus;0.95
2017;182;Jämsä;muu_asuinrakennus;1.05
2017;182;Jämsä;rakentamaton_rakennuspaikka;3
2017;182;Jämsä;vakituinen_asuinrakennus;0.45
2017;182;Jämsä;yleinen_maapohja;1
2017;182;Jämsä;yleinen_rakennus;1
2017;186;Järvenpää;muu_asuinrakennus;1.15
2017;186;Järvenpää;rakentamaton_rakennuspaikka;4.35
2017;186;Järvenpää;vakituinen_asuinrakennus;0.55
2017;186;Järvenpää;yleinen_maapohja;1.35
2017;186;Järvenpää;yleinen_rakennus;1.35
2017;202;Kaarina;muu_asuinrakennus;1
2017;202;Kaarina;rakentamaton_rakennuspaikka;4
2017;202;Kaarina;vakituinen_asuinrakennus;0.41
2017;202;Kaarina;yleinen_maapohja;1
2017;202;Kaarina;yleinen_rakennus;1
2017;204;Kaavi;muu_asuinrakennus;1.45
2017;204;Kaavi;rakentamaton_rakennuspaikka;
2017;204;Kaavi;vakituinen_asuinrakennus;0.7
2017;204;Kaavi;yleinen_maapohja;1.45
2017;204;Kaavi;yleinen_rakennus;1.45
2017;205;Kajaani;muu_asuinrakennus;1.55
2017;205;Kajaani;rakentamaton_rakennuspaikka;4.1
2017;205;Kajaani;vakituinen_asuinrakennus;0.55
2017;205;Kajaani;yleinen_maapohja;1.1
2017;205;Kajaani;yleinen_rakennus;1.1
2017;208;Kalajoki;muu_asuinrakennus;1.1
2017;208;Kalajoki;rakentamaton_rakennuspaikka;
2017;208;Kalajoki;vakituinen_asuinrakennus;0.45
2017;208;Kalajoki;yleinen_maapohja;1
2017;208;Kalajoki;yleinen_rakennus;1
2017;211;Kangasala;muu_asuinrakennus;1.03
2017;211;Kangasala;rakentamaton_rakennuspaikka;2
2017;211;Kangasala;vakituinen_asuinrakennus;0.43
2017;211;Kangasala;yleinen_maapohja;0.93
2017;211;Kangasala;yleinen_rakennus;0.93
2017;213;Kangasniemi;muu_asuinrakennus;1.05
2017;213;Kangasniemi;rakentamaton_rakennuspaikka;2
2017;213;Kangasniemi;vakituinen_asuinrakennus;0.45
2017;213;Kangasniemi;yleinen_maapohja;0.93
2017;213;Kangasniemi;yleinen_rakennus;0.93
2017;214;Kankaanpää;muu_asuinrakennus;1.05
2017;214;Kankaanpää;rakentamaton_rakennuspaikka;3
2017;214;Kankaanpää;vakituinen_asuinrakennus;0.45
2017;214;Kankaanpää;yleinen_maapohja;1.2
2017;214;Kankaanpää;yleinen_rakennus;1.2
2017;216;Kannonkoski;muu_asuinrakennus;1.1
2017;216;Kannonkoski;rakentamaton_rakennuspaikka;
2017;216;Kannonkoski;vakituinen_asuinrakennus;0.5
2017;216;Kannonkoski;yleinen_maapohja;0.95
2017;216;Kannonkoski;yleinen_rakennus;0.95
2017;217;Kannus;muu_asuinrakennus;1
2017;217;Kannus;rakentamaton_rakennuspaikka;
2017;217;Kannus;vakituinen_asuinrakennus;0.55
2017;217;Kannus;yleinen_maapohja;1.15
2017;217;Kannus;yleinen_rakennus;1.15
2017;218;Karijoki;muu_asuinrakennus;1
2017;218;Karijoki;rakentamaton_rakennuspaikka;
2017;218;Karijoki;vakituinen_asuinrakennus;0.41
2017;218;Karijoki;yleinen_maapohja;0.93
2017;218;Karijoki;yleinen_rakennus;0.93
2017;224;Karkkila;muu_asuinrakennus;1.25
2017;224;Karkkila;rakentamaton_rakennuspaikka;3
2017;224;Karkkila;vakituinen_asuinrakennus;0.65
2017;224;Karkkila;yleinen_maapohja;1.1
2017;224;Karkkila;yleinen_rakennus;1.1
2017;226;Karstula;muu_asuinrakennus;1
2017;226;Karstula;rakentamaton_rakennuspaikka;
2017;226;Karstula;vakituinen_asuinrakennus;0.45
2017;226;Karstula;yleinen_maapohja;0.93
2017;226;Karstula;yleinen_rakennus;0.93
2017;230;Karvia;muu_asuinrakennus;0.93
2017;230;Karvia;rakentamaton_rakennuspaikka;
2017;230;Karvia;vakituinen_asuinrakennus;0.41
2017;230;Karvia;yleinen_maapohja;0.93
2017;230;Karvia;yleinen_rakennus;0.93
2017;231;Kaskinen;muu_asuinrakennus;1.4
2017;231;Kaskinen;rakentamaton_rakennuspaikka;6
2017;231;Kaskinen;vakituinen_asuinrakennus;0.7
2017;231;Kaskinen;yleinen_maapohja;1.2
2017;231;Kaskinen;yleinen_rakennus;1.2
2017;232;Kauhajoki;muu_asuinrakennus;1.2
2017;232;Kauhajoki;rakentamaton_rakennuspaikka;3
2017;232;Kauhajoki;vakituinen_asuinrakennus;0.65
2017;232;Kauhajoki;yleinen_maapohja;0.93
2017;232;Kauhajoki;yleinen_rakennus;0.93
2017;233;Kauhava;muu_asuinrakennus;1.1
2017;233;Kauhava;rakentamaton_rakennuspaikka;2
2017;233;Kauhava;vakituinen_asuinrakennus;0.55
2017;233;Kauhava;yleinen_maapohja;0.95
2017;233;Kauhava;yleinen_rakennus;0.95
2017;235;Kauniainen;muu_asuinrakennus;0.93
2017;235;Kauniainen;rakentamaton_rakennuspaikka;3.93
2017;235;Kauniainen;vakituinen_asuinrakennus;0.41
2017;235;Kauniainen;yleinen_maapohja;0.93
2017;235;Kauniainen;yleinen_rakennus;0.93
2017;236;Kaustinen;muu_asuinrakennus;1
2017;236;Kaustinen;rakentamaton_rakennuspaikka;3
2017;236;Kaustinen;vakituinen_asuinrakennus;0.5
2017;236;Kaustinen;yleinen_maapohja;0.95
2017;236;Kaustinen;yleinen_rakennus;0.95
2017;239;Keitele;muu_asuinrakennus;1
2017;239;Keitele;rakentamaton_rakennuspaikka;
2017;239;Keitele;vakituinen_asuinrakennus;0.45
2017;239;Keitele;yleinen_maapohja;0.95
2017;239;Keitele;yleinen_rakennus;0.95
2017;240;Kemi;muu_asuinrakennus;1
2017;240;Kemi;rakentamaton_rakennuspaikka;6
2017;240;Kemi;vakituinen_asuinrakennus;0.5
2017;240;Kemi;yleinen_maapohja;1.13
2017;240;Kemi;yleinen_rakennus;1.13
2017;241;Keminmaa;muu_asuinrakennus;1
2017;241;Keminmaa;rakentamaton_rakennuspaikka;4
2017;241;Keminmaa;vakituinen_asuinrakennus;0.41
2017;241;Keminmaa;yleinen_maapohja;1.15
2017;241;Keminmaa;yleinen_rakennus;1.15
2017;244;Kempele;muu_asuinrakennus;1.1
2017;244;Kempele;rakentamaton_rakennuspaikka;4
2017;244;Kempele;vakituinen_asuinrakennus;0.43
2017;244;Kempele;yleinen_maapohja;1.1
2017;244;Kempele;yleinen_rakennus;1.1
2017;245;Kerava;muu_asuinrakennus;0.93
2017;245;Kerava;rakentamaton_rakennuspaikka;4.32
2017;245;Kerava;vakituinen_asuinrakennus;0.41
2017;245;Kerava;yleinen_maapohja;1.32
2017;245;Kerava;yleinen_rakennus;1.32
2017;249;Keuruu;muu_asuinrakennus;1
2017;249;Keuruu;rakentamaton_rakennuspaikka;
2017;249;Keuruu;vakituinen_asuinrakennus;0.41
2017;249;Keuruu;yleinen_maapohja;1
2017;249;Keuruu;yleinen_rakennus;1
2017;250;Kihniö;muu_asuinrakennus;1.04
2017;250;Kihniö;rakentamaton_rakennuspaikka;
2017;250;Kihniö;vakituinen_asuinrakennus;0.44
2017;250;Kihniö;yleinen_maapohja;0.98
2017;250;Kihniö;yleinen_rakennus;0.98
2017;256;Kinnula;muu_asuinrakennus;1.1
2017;256;Kinnula;rakentamaton_rakennuspaikka;2.5
2017;256;Kinnula;vakituinen_asuinrakennus;0.55
2017;256;Kinnula;yleinen_maapohja;1
2017;256;Kinnula;yleinen_rakennus;1
2017;257;Kirkkonummi;muu_asuinrakennus;1.25
2017;257;Kirkkonummi;rakentamaton_rakennuspaikka;3.93
2017;257;Kirkkonummi;vakituinen_asuinrakennus;0.41
2017;257;Kirkkonummi;yleinen_maapohja;0.93
2017;257;Kirkkonummi;yleinen_rakennus;0.93
2017;260;Kitee;muu_asuinrakennus;1.1
2017;260;Kitee;rakentamaton_rakennuspaikka;
2017;260;Kitee;vakituinen_asuinrakennus;0.55
2017;260;Kitee;yleinen_maapohja;0.95
2017;260;Kitee;yleinen_rakennus;0.95
2017;261;Kittilä;muu_asuinrakennus;1.16
2017;261;Kittilä;rakentamaton_rakennuspaikka;
2017;261;Kittilä;vakituinen_asuinrakennus;0.43
2017;261;Kittilä;yleinen_maapohja;1.16
2017;261;Kittilä;yleinen_rakennus;1.16
2017;263;Kiuruvesi;muu_asuinrakennus;1
2017;263;Kiuruvesi;rakentamaton_rakennuspaikka;3
2017;263;Kiuruvesi;vakituinen_asuinrakennus;0.55
2017;263;Kiuruvesi;yleinen_maapohja;0.93
2017;263;Kiuruvesi;yleinen_rakennus;0.93
2017;265;Kivijärvi;muu_asuinrakennus;1.06
2017;265;Kivijärvi;rakentamaton_rakennuspaikka;
2017;265;Kivijärvi;vakituinen_asuinrakennus;0.46
2017;265;Kivijärvi;yleinen_maapohja;0.97
2017;265;Kivijärvi;yleinen_rakennus;0.97
2017;271;Kokemäki;muu_asuinrakennus;1.11
2017;271;Kokemäki;rakentamaton_rakennuspaikka;4
2017;271;Kokemäki;vakituinen_asuinrakennus;0.47
2017;271;Kokemäki;yleinen_maapohja;1.11
2017;271;Kokemäki;yleinen_rakennus;1.11
2017;272;Kokkola;muu_asuinrakennus;1.1
2017;272;Kokkola;rakentamaton_rakennuspaikka;3.25
2017;272;Kokkola;vakituinen_asuinrakennus;0.7
2017;272;Kokkola;yleinen_maapohja;1.25
2017;272;Kokkola;yleinen_rakennus;1.25
2017;273;Kolari;muu_asuinrakennus;1.2
2017;273;Kolari;rakentamaton_rakennuspaikka;2
2017;273;Kolari;vakituinen_asuinrakennus;0.47
2017;273;Kolari;yleinen_maapohja;1
2017;273;Kolari;yleinen_rakennus;1
2017;275;Konnevesi;muu_asuinrakennus;1.1
2017;275;Konnevesi;rakentamaton_rakennuspaikka;
2017;275;Konnevesi;vakituinen_asuinrakennus;0.55
2017;275;Konnevesi;yleinen_maapohja;1.1
2017;275;Konnevesi;yleinen_rakennus;1.1
2017;276;Kontiolahti;muu_asuinrakennus;1
2017;276;Kontiolahti;rakentamaton_rakennuspaikka;
2017;276;Kontiolahti;vakituinen_asuinrakennus;0.41
2017;276;Kontiolahti;yleinen_maapohja;0.93
2017;276;Kontiolahti;yleinen_rakennus;0.93
2017;280;Korsnäs;muu_asuinrakennus;1.3
2017;280;Korsnäs;rakentamaton_rakennuspaikka;
2017;280;Korsnäs;vakituinen_asuinrakennus;0.5
2017;280;Korsnäs;yleinen_maapohja;0.93
2017;280;Korsnäs;yleinen_rakennus;0.93
2017;284;Koski Tl;muu_asuinrakennus;0.93
2017;284;Koski Tl;rakentamaton_rakennuspaikka;
2017;284;Koski Tl;vakituinen_asuinrakennus;0.41
2017;284;Koski Tl;yleinen_maapohja;0.93
2017;284;Koski Tl;yleinen_rakennus;0.93
2017;285;Kotka;muu_asuinrakennus;1.15
2017;285;Kotka;rakentamaton_rakennuspaikka;
2017;285;Kotka;vakituinen_asuinrakennus;0.55
2017;285;Kotka;yleinen_maapohja;1.35
2017;285;Kotka;yleinen_rakennus;1.35
2017;286;Kouvola;muu_asuinrakennus;1.35
2017;286;Kouvola;rakentamaton_rakennuspaikka;
2017;286;Kouvola;vakituinen_asuinrakennus;0.65
2017;286;Kouvola;yleinen_maapohja;1.45
2017;286;Kouvola;yleinen_rakennus;1.45
2017;287;Kristiinankaupunki;muu_asuinrakennus;1.2
2017;287;Kristiinankaupunki;rakentamaton_rakennuspaikka;
2017;287;Kristiinankaupunki;vakituinen_asuinrakennus;0.6
2017;287;Kristiinankaupunki;yleinen_maapohja;0.93
2017;287;Kristiinankaupunki;yleinen_rakennus;0.93
2017;288;Kruunupyy;muu_asuinrakennus;1.15
2017;288;Kruunupyy;rakentamaton_rakennuspaikka;2
2017;288;Kruunupyy;vakituinen_asuinrakennus;0.55
2017;288;Kruunupyy;yleinen_maapohja;1
2017;288;Kruunupyy;yleinen_rakennus;1
2017;290;Kuhmo;muu_asuinrakennus;1.08
2017;290;Kuhmo;rakentamaton_rakennuspaikka;2
2017;290;Kuhmo;vakituinen_asuinrakennus;0.54
2017;290;Kuhmo;yleinen_maapohja;0.98
2017;290;Kuhmo;yleinen_rakennus;0.98
2017;291;Kuhmoinen;muu_asuinrakennus;1.1
2017;291;Kuhmoinen;rakentamaton_rakennuspaikka;
2017;291;Kuhmoinen;vakituinen_asuinrakennus;0.5
2017;291;Kuhmoinen;yleinen_maapohja;1
2017;291;Kuhmoinen;yleinen_rakennus;1
2017;295;Kumlinge;muu_asuinrakennus;0.9
2017;295;Kumlinge;rakentamaton_rakennuspaikka;
2017;295;Kumlinge;vakituinen_asuinrakennus;0.4
2017;295;Kumlinge;yleinen_maapohja;0.6
2017;295;Kumlinge;yleinen_rakennus;0.6
2017;297;Kuopio;muu_asuinrakennus;1.1
2017;297;Kuopio;rakentamaton_rakennuspaikka;3
2017;297;Kuopio;vakituinen_asuinrakennus;0.52
2017;297;Kuopio;yleinen_maapohja;1.3
2017;297;Kuopio;yleinen_rakennus;1.3
2017;300;Kuortane;muu_asuinrakennus;1.05
2017;300;Kuortane;rakentamaton_rakennuspaikka;
2017;300;Kuortane;vakituinen_asuinrakennus;0.45
2017;300;Kuortane;yleinen_maapohja;0.93
2017;300;Kuortane;yleinen_rakennus;0.93
2017;301;Kurikka;muu_asuinrakennus;1.2
2017;301;Kurikka;rakentamaton_rakennuspaikka;4
2017;301;Kurikka;vakituinen_asuinrakennus;0.6
2017;301;Kurikka;yleinen_maapohja;0.93
2017;301;Kurikka;yleinen_rakennus;0.93
2017;304;Kustavi;muu_asuinrakennus;0.98
2017;304;Kustavi;rakentamaton_rakennuspaikka;
2017;304;Kustavi;vakituinen_asuinrakennus;0.41
2017;304;Kustavi;yleinen_maapohja;0.93
2017;304;Kustavi;yleinen_rakennus;0.93
2017;305;Kuusamo;muu_asuinrakennus;1.1
2017;305;Kuusamo;rakentamaton_rakennuspaikka;
2017;305;Kuusamo;vakituinen_asuinrakennus;0.5
2017;305;Kuusamo;yleinen_maapohja;1.1
2017;305;Kuusamo;yleinen_rakennus;1.1
2017;309;Outokumpu;muu_asuinrakennus;1.25
2017;309;Outokumpu;rakentamaton_rakennuspaikka;
2017;309;Outokumpu;vakituinen_asuinrakennus;0.65
2017;309;Outokumpu;yleinen_maapohja;1.1
2017;309;Outokumpu;yleinen_rakennus;1.1
2017;312;Kyyjärvi;muu_asuinrakennus;1.15
2017;312;Kyyjärvi;rakentamaton_rakennuspaikka;2.5
2017;312;Kyyjärvi;vakituinen_asuinrakennus;0.5
2017;312;Kyyjärvi;yleinen_maapohja;1
2017;312;Kyyjärvi;yleinen_rakennus;1
2017;316;Kärkölä;muu_asuinrakennus;1.2
2017;316;Kärkölä;rakentamaton_rakennuspaikka;4.35
2017;316;Kärkölä;vakituinen_asuinrakennus;0.6
2017;316;Kärkölä;yleinen_maapohja;1.35
2017;316;Kärkölä;yleinen_rakennus;1.35
2017;317;Kärsämäki;muu_asuinrakennus;1.1
2017;317;Kärsämäki;rakentamaton_rakennuspaikka;3
2017;317;Kärsämäki;vakituinen_asuinrakennus;0.65
2017;317;Kärsämäki;yleinen_maapohja;0.93
2017;317;Kärsämäki;yleinen_rakennus;0.93
2017;318;Kökar;muu_asuinrakennus;0.9
2017;318;Kökar;rakentamaton_rakennuspaikka;
2017;318;Kökar;vakituinen_asuinrakennus;0
2017;318;Kökar;yleinen_maapohja;0.8
2017;318;Kökar;yleinen_rakennus;0.8
2017;320;Kemijärvi;muu_asuinrakennus;1.35
2017;320;Kemijärvi;rakentamaton_rakennuspaikka;
2017;320;Kemijärvi;vakituinen_asuinrakennus;0.5
2017;320;Kemijärvi;yleinen_maapohja;1.2
2017;320;Kemijärvi;yleinen_rakennus;1.2
2017;322;Kemiönsaari;muu_asuinrakennus;1.1
2017;322;Kemiönsaari;rakentamaton_rakennuspaikka;
2017;322;Kemiönsaari;vakituinen_asuinrakennus;0.41
2017;322;Kemiönsaari;yleinen_maapohja;1.1
2017;322;Kemiönsaari;yleinen_rakennus;1.1
2017;398;Lahti;muu_asuinrakennus;1.15
2017;398;Lahti;rakentamaton_rakennuspaikka;3
2017;398;Lahti;vakituinen_asuinrakennus;0.55
2017;398;Lahti;yleinen_maapohja;1.15
2017;398;Lahti;yleinen_rakennus;1.15
2017;399;Laihia;muu_asuinrakennus;1
2017;399;Laihia;rakentamaton_rakennuspaikka;3
2017;399;Laihia;vakituinen_asuinrakennus;0.5
2017;399;Laihia;yleinen_maapohja;1
2017;399;Laihia;yleinen_rakennus;1
2017;400;Laitila;muu_asuinrakennus;1
2017;400;Laitila;rakentamaton_rakennuspaikka;3
2017;400;Laitila;vakituinen_asuinrakennus;0.41
2017;400;Laitila;yleinen_maapohja;0.93
2017;400;Laitila;yleinen_rakennus;0.93
2017;402;Lapinlahti;muu_asuinrakennus;1
2017;402;Lapinlahti;rakentamaton_rakennuspaikka;2
2017;402;Lapinlahti;vakituinen_asuinrakennus;0.6
2017;402;Lapinlahti;yleinen_maapohja;0.93
2017;402;Lapinlahti;yleinen_rakennus;0.93
2017;403;Lappajärvi;muu_asuinrakennus;1.15
2017;403;Lappajärvi;rakentamaton_rakennuspaikka;
2017;403;Lappajärvi;vakituinen_asuinrakennus;0.55
2017;403;Lappajärvi;yleinen_maapohja;1
2017;403;Lappajärvi;yleinen_rakennus;1
2017;405;Lappeenranta;muu_asuinrakennus;1.15
2017;405;Lappeenranta;rakentamaton_rakennuspaikka;3
2017;405;Lappeenranta;vakituinen_asuinrakennus;0.55
2017;405;Lappeenranta;yleinen_maapohja;1.3
2017;405;Lappeenranta;yleinen_rakennus;1.3
2017;407;Lapinjärvi;muu_asuinrakennus;1.1
2017;407;Lapinjärvi;rakentamaton_rakennuspaikka;
2017;407;Lapinjärvi;vakituinen_asuinrakennus;0.5
2017;407;Lapinjärvi;yleinen_maapohja;1
2017;407;Lapinjärvi;yleinen_rakennus;1
2017;408;Lapua;muu_asuinrakennus;1.05
2017;408;Lapua;rakentamaton_rakennuspaikka;4
2017;408;Lapua;vakituinen_asuinrakennus;0.45
2017;408;Lapua;yleinen_maapohja;1.05
2017;408;Lapua;yleinen_rakennus;1.05
2017;410;Laukaa;muu_asuinrakennus;1.2
2017;410;Laukaa;rakentamaton_rakennuspaikka;3
2017;410;Laukaa;vakituinen_asuinrakennus;0.6
2017;410;Laukaa;yleinen_maapohja;1.1
2017;410;Laukaa;yleinen_rakennus;1.1
2017;416;Lemi;muu_asuinrakennus;1.13
2017;416;Lemi;rakentamaton_rakennuspaikka;4
2017;416;Lemi;vakituinen_asuinrakennus;0.53
2017;416;Lemi;yleinen_maapohja;1.13
2017;416;Lemi;yleinen_rakennus;1.13
2017;417;Lemland;muu_asuinrakennus;0.9
2017;417;Lemland;rakentamaton_rakennuspaikka;0
2017;417;Lemland;vakituinen_asuinrakennus;0
2017;417;Lemland;yleinen_maapohja;0.7
2017;417;Lemland;yleinen_rakennus;0.7
2017;418;Lempäälä;muu_asuinrakennus;1
2017;418;Lempäälä;rakentamaton_rakennuspaikka;3
2017;418;Lempäälä;vakituinen_asuinrakennus;0.45
2017;418;Lempäälä;yleinen_maapohja;0.95
2017;418;Lempäälä;yleinen_rakennus;0.95
2017;420;Leppävirta;muu_asuinrakennus;1
2017;420;Leppävirta;rakentamaton_rakennuspaikka;2
2017;420;Leppävirta;vakituinen_asuinrakennus;0.45
2017;420;Leppävirta;yleinen_maapohja;1
2017;420;Leppävirta;yleinen_rakennus;1
2017;421;Lestijärvi;muu_asuinrakennus;1.4
2017;421;Lestijärvi;rakentamaton_rakennuspaikka;
2017;421;Lestijärvi;vakituinen_asuinrakennus;0.5
2017;421;Lestijärvi;yleinen_maapohja;1
2017;421;Lestijärvi;yleinen_rakennus;1
2017;422;Lieksa;muu_asuinrakennus;0.95
2017;422;Lieksa;rakentamaton_rakennuspaikka;
2017;422;Lieksa;vakituinen_asuinrakennus;0.43
2017;422;Lieksa;yleinen_maapohja;1
2017;422;Lieksa;yleinen_rakennus;1
2017;423;Lieto;muu_asuinrakennus;1
2017;423;Lieto;rakentamaton_rakennuspaikka;3
2017;423;Lieto;vakituinen_asuinrakennus;0.41
2017;423;Lieto;yleinen_maapohja;1
2017;423;Lieto;yleinen_rakennus;1
2017;425;Liminka;muu_asuinrakennus;1.03
2017;425;Liminka;rakentamaton_rakennuspaikka;3
2017;425;Liminka;vakituinen_asuinrakennus;0.43
2017;425;Liminka;yleinen_maapohja;0.94
2017;425;Liminka;yleinen_rakennus;0.94
2017;426;Liperi;muu_asuinrakennus;1
2017;426;Liperi;rakentamaton_rakennuspaikka;
2017;426;Liperi;vakituinen_asuinrakennus;0.5
2017;426;Liperi;yleinen_maapohja;0.93
2017;426;Liperi;yleinen_rakennus;0.93
2017;430;Loimaa;muu_asuinrakennus;1.05
2017;430;Loimaa;rakentamaton_rakennuspaikka;
2017;430;Loimaa;vakituinen_asuinrakennus;0.5
2017;430;Loimaa;yleinen_maapohja;1
2017;430;Loimaa;yleinen_rakennus;1
2017;433;Loppi;muu_asuinrakennus;1
2017;433;Loppi;rakentamaton_rakennuspaikka;3
2017;433;Loppi;vakituinen_asuinrakennus;0.41
2017;433;Loppi;yleinen_maapohja;1
2017;433;Loppi;yleinen_rakennus;1
2017;434;Loviisa;muu_asuinrakennus;1.2
2017;434;Loviisa;rakentamaton_rakennuspaikka;3
2017;434;Loviisa;vakituinen_asuinrakennus;0.5
2017;434;Loviisa;yleinen_maapohja;1
2017;434;Loviisa;yleinen_rakennus;1
2017;435;Luhanka;muu_asuinrakennus;1.3
2017;435;Luhanka;rakentamaton_rakennuspaikka;
2017;435;Luhanka;vakituinen_asuinrakennus;0.5
2017;435;Luhanka;yleinen_maapohja;1.2
2017;435;Luhanka;yleinen_rakennus;1.2
2017;436;Lumijoki;muu_asuinrakennus;1
2017;436;Lumijoki;rakentamaton_rakennuspaikka;4
2017;436;Lumijoki;vakituinen_asuinrakennus;0.5
2017;436;Lumijoki;yleinen_maapohja;0.95
2017;436;Lumijoki;yleinen_rakennus;0.95
2017;438;Lumparland;muu_asuinrakennus;0.9
2017;438;Lumparland;rakentamaton_rakennuspaikka;
2017;438;Lumparland;vakituinen_asuinrakennus;0
2017;438;Lumparland;yleinen_maapohja;0.6
2017;438;Lumparland;yleinen_rakennus;0.6
2017;440;Luoto;muu_asuinrakennus;1.05
2017;440;Luoto;rakentamaton_rakennuspaikka;4
2017;440;Luoto;vakituinen_asuinrakennus;0.41
2017;440;Luoto;yleinen_maapohja;1.2
2017;440;Luoto;yleinen_rakennus;1.2
2017;441;Luumäki;muu_asuinrakennus;1
2017;441;Luumäki;rakentamaton_rakennuspaikka;
2017;441;Luumäki;vakituinen_asuinrakennus;0.45
2017;441;Luumäki;yleinen_maapohja;0.95
2017;441;Luumäki;yleinen_rakennus;0.95
2017;444;Lohja;muu_asuinrakennus;1.05
2017;444;Lohja;rakentamaton_rakennuspaikka;3
2017;444;Lohja;vakituinen_asuinrakennus;0.45
2017;444;Lohja;yleinen_maapohja;0.93
2017;444;Lohja;yleinen_rakennus;0.93
2017;445;Parainen;muu_asuinrakennus;1.5
2017;445;Parainen;rakentamaton_rakennuspaikka;3
2017;445;Parainen;vakituinen_asuinrakennus;0.47
2017;445;Parainen;yleinen_maapohja;1.5
2017;445;Parainen;yleinen_rakennus;1.5
2017;475;Maalahti;muu_asuinrakennus;1.1
2017;475;Maalahti;rakentamaton_rakennuspaikka;
2017;475;Maalahti;vakituinen_asuinrakennus;0.5
2017;475;Maalahti;yleinen_maapohja;0.93
2017;475;Maalahti;yleinen_rakennus;0.93
2017;478;Maarianhamina - Mariehamn;muu_asuinrakennus;0.9
2017;478;Maarianhamina - Mariehamn;rakentamaton_rakennuspaikka;2
2017;478;Maarianhamina - Mariehamn;vakituinen_asuinrakennus;0.3
2017;478;Maarianhamina - Mariehamn;yleinen_maapohja;0.2
2017;478;Maarianhamina - Mariehamn;yleinen_rakennus;0.2
2017;480;Marttila;muu_asuinrakennus;0.95
2017;480;Marttila;rakentamaton_rakennuspaikka;
2017;480;Marttila;vakituinen_asuinrakennus;0.45
2017;480;Marttila;yleinen_maapohja;0.95
2017;480;Marttila;yleinen_rakennus;0.95
2017;481;Masku;muu_asuinrakennus;1
2017;481;Masku;rakentamaton_rakennuspaikka;
2017;481;Masku;vakituinen_asuinrakennus;0.41
2017;481;Masku;yleinen_maapohja;0.95
2017;481;Masku;yleinen_rakennus;0.95
2017;483;Merijärvi;muu_asuinrakennus;1
2017;483;Merijärvi;rakentamaton_rakennuspaikka;
2017;483;Merijärvi;vakituinen_asuinrakennus;0.45
2017;483;Merijärvi;yleinen_maapohja;0.93
2017;483;Merijärvi;yleinen_rakennus;0.93
2017;484;Merikarvia;muu_asuinrakennus;1
2017;484;Merikarvia;rakentamaton_rakennuspaikka;3
2017;484;Merikarvia;vakituinen_asuinrakennus;0.41
2017;484;Merikarvia;yleinen_maapohja;0.93
2017;484;Merikarvia;yleinen_rakennus;0.93
2017;489;Miehikkälä;muu_asuinrakennus;1.1
2017;489;Miehikkälä;rakentamaton_rakennuspaikka;
2017;489;Miehikkälä;vakituinen_asuinrakennus;0.5
2017;489;Miehikkälä;yleinen_maapohja;1.1
2017;489;Miehikkälä;yleinen_rakennus;1.1
2017;491;Mikkeli;muu_asuinrakennus;1.15
2017;491;Mikkeli;rakentamaton_rakennuspaikka;3.3
2017;491;Mikkeli;vakituinen_asuinrakennus;0.58
2017;491;Mikkeli;yleinen_maapohja;1.25
2017;491;Mikkeli;yleinen_rakennus;1.25
2017;494;Muhos;muu_asuinrakennus;1
2017;494;Muhos;rakentamaton_rakennuspaikka;6
2017;494;Muhos;vakituinen_asuinrakennus;0.45
2017;494;Muhos;yleinen_maapohja;0.93
2017;494;Muhos;yleinen_rakennus;0.93
2017;495;Multia;muu_asuinrakennus;1.05
2017;495;Multia;rakentamaton_rakennuspaikka;2
2017;495;Multia;vakituinen_asuinrakennus;0.45
2017;495;Multia;yleinen_maapohja;1
2017;495;Multia;yleinen_rakennus;1
2017;498;Muonio;muu_asuinrakennus;1.05
2017;498;Muonio;rakentamaton_rakennuspaikka;2
2017;498;Muonio;vakituinen_asuinrakennus;0.45
2017;498;Muonio;yleinen_maapohja;1.05
2017;498;Muonio;yleinen_rakennus;1.05
2017;499;Mustasaari;muu_asuinrakennus;1.15
2017;499;Mustasaari;rakentamaton_rakennuspaikka;4
2017;499;Mustasaari;vakituinen_asuinrakennus;0.55
2017;499;Mustasaari;yleinen_maapohja;1
2017;499;Mustasaari;yleinen_rakennus;1
2017;500;Muurame;muu_asuinrakennus;1.1
2017;500;Muurame;rakentamaton_rakennuspaikka;4
2017;500;Muurame;vakituinen_asuinrakennus;0.5
2017;500;Muurame;yleinen_maapohja;1
2017;500;Muurame;yleinen_rakennus;1
2017;503;Mynämäki;muu_asuinrakennus;1.1
2017;503;Mynämäki;rakentamaton_rakennuspaikka;
2017;503;Mynämäki;vakituinen_asuinrakennus;0.5
2017;503;Mynämäki;yleinen_maapohja;0.93
2017;503;Mynämäki;yleinen_rakennus;0.93
2017;504;Myrskylä;muu_asuinrakennus;1.15
2017;504;Myrskylä;rakentamaton_rakennuspaikka;
2017;504;Myrskylä;vakituinen_asuinrakennus;0.55
2017;504;Myrskylä;yleinen_maapohja;1
2017;504;Myrskylä;yleinen_rakennus;1
2017;505;Mäntsälä;muu_asuinrakennus;1.2
2017;505;Mäntsälä;rakentamaton_rakennuspaikka;4.3
2017;505;Mäntsälä;vakituinen_asuinrakennus;0.6
2017;505;Mäntsälä;yleinen_maapohja;1.3
2017;505;Mäntsälä;yleinen_rakennus;1.3
2017;507;Mäntyharju;muu_asuinrakennus;1.05
2017;507;Mäntyharju;rakentamaton_rakennuspaikka;3
2017;507;Mäntyharju;vakituinen_asuinrakennus;0.5
2017;507;Mäntyharju;yleinen_maapohja;1
2017;507;Mäntyharju;yleinen_rakennus;1
2017;508;Mänttä-Vilppula;muu_asuinrakennus;1.15
2017;508;Mänttä-Vilppula;rakentamaton_rakennuspaikka;
2017;508;Mänttä-Vilppula;vakituinen_asuinrakennus;0.6
2017;508;Mänttä-Vilppula;yleinen_maapohja;1.1
2017;508;Mänttä-Vilppula;yleinen_rakennus;1.1
2017;529;Naantali;muu_asuinrakennus;1.35
2017;529;Naantali;rakentamaton_rakennuspaikka;3
2017;529;Naantali;vakituinen_asuinrakennus;0.45
2017;529;Naantali;yleinen_maapohja;1.05
2017;529;Naantali;yleinen_rakennus;1.05
2017;531;Nakkila;muu_asuinrakennus;0.93
2017;531;Nakkila;rakentamaton_rakennuspaikka;2
2017;531;Nakkila;vakituinen_asuinrakennus;0.5
2017;531;Nakkila;yleinen_maapohja;0.95
2017;531;Nakkila;yleinen_rakennus;0.95
2017;535;Nivala;muu_asuinrakennus;1
2017;535;Nivala;rakentamaton_rakennuspaikka;3
2017;535;Nivala;vakituinen_asuinrakennus;0.65
2017;535;Nivala;yleinen_maapohja;1
2017;535;Nivala;yleinen_rakennus;1
2017;536;Nokia;muu_asuinrakennus;1.4
2017;536;Nokia;rakentamaton_rakennuspaikka;6
2017;536;Nokia;vakituinen_asuinrakennus;0.55
2017;536;Nokia;yleinen_maapohja;1
2017;536;Nokia;yleinen_rakennus;1
2017;538;Nousiainen;muu_asuinrakennus;1.1
2017;538;Nousiainen;rakentamaton_rakennuspaikka;
2017;538;Nousiainen;vakituinen_asuinrakennus;0.5
2017;538;Nousiainen;yleinen_maapohja;1
2017;538;Nousiainen;yleinen_rakennus;1
2017;541;Nurmes;muu_asuinrakennus;1.04
2017;541;Nurmes;rakentamaton_rakennuspaikka;
2017;541;Nurmes;vakituinen_asuinrakennus;0.47
2017;541;Nurmes;yleinen_maapohja;1
2017;541;Nurmes;yleinen_rakennus;1
2017;543;Nurmijärvi;muu_asuinrakennus;0.93
2017;543;Nurmijärvi;rakentamaton_rakennuspaikka;3.93
2017;543;Nurmijärvi;vakituinen_asuinrakennus;0.41
2017;543;Nurmijärvi;yleinen_maapohja;0.93
2017;543;Nurmijärvi;yleinen_rakennus;0.93
2017;545;Närpiö;muu_asuinrakennus;1.1
2017;545;Närpiö;rakentamaton_rakennuspaikka;
2017;545;Närpiö;vakituinen_asuinrakennus;0.5
2017;545;Närpiö;yleinen_maapohja;0.93
2017;545;Närpiö;yleinen_rakennus;0.93
2017;560;Orimattila;muu_asuinrakennus;1.1
2017;560;Orimattila;rakentamaton_rakennuspaikka;3
2017;560;Orimattila;vakituinen_asuinrakennus;0.5
2017;560;Orimattila;yleinen_maapohja;1.1
2017;560;Orimattila;yleinen_rakennus;1.1
2017;561;Oripää;muu_asuinrakennus;1.1
2017;561;Oripää;rakentamaton_rakennuspaikka;
2017;561;Oripää;vakituinen_asuinrakennus;0.45
2017;561;Oripää;yleinen_maapohja;1
2017;561;Oripää;yleinen_rakennus;1
2017;562;Orivesi;muu_asuinrakennus;1.25
2017;562;Orivesi;rakentamaton_rakennuspaikka;3
2017;562;Orivesi;vakituinen_asuinrakennus;0.65
2017;562;Orivesi;yleinen_maapohja;1.1
2017;562;Orivesi;yleinen_rakennus;1.1
2017;563;Oulainen;muu_asuinrakennus;1.05
2017;563;Oulainen;rakentamaton_rakennuspaikka;3
2017;563;Oulainen;vakituinen_asuinrakennus;0.65
2017;563;Oulainen;yleinen_maapohja;1.15
2017;563;Oulainen;yleinen_rakennus;1.15
2017;564;Oulu;muu_asuinrakennus;0.93
2017;564;Oulu;rakentamaton_rakennuspaikka;
2017;564;Oulu;vakituinen_asuinrakennus;0.5
2017;564;Oulu;yleinen_maapohja;1.15
2017;564;Oulu;yleinen_rakennus;1.15
2017;576;Padasjoki;muu_asuinrakennus;1.2
2017;576;Padasjoki;rakentamaton_rakennuspaikka;
2017;576;Padasjoki;vakituinen_asuinrakennus;0.6
2017;576;Padasjoki;yleinen_maapohja;0.93
2017;576;Padasjoki;yleinen_rakennus;0.93
2017;577;Paimio;muu_asuinrakennus;1.2
2017;577;Paimio;rakentamaton_rakennuspaikka;3
2017;577;Paimio;vakituinen_asuinrakennus;0.45
2017;577;Paimio;yleinen_maapohja;1.1
2017;577;Paimio;yleinen_rakennus;1.1
2017;578;Paltamo;muu_asuinrakennus;1.1
2017;578;Paltamo;rakentamaton_rakennuspaikka;
2017;578;Paltamo;vakituinen_asuinrakennus;0.6
2017;578;Paltamo;yleinen_maapohja;1.1
2017;578;Paltamo;yleinen_rakennus;1.1
2017;580;Parikkala;muu_asuinrakennus;1.1
2017;580;Parikkala;rakentamaton_rakennuspaikka;
2017;580;Parikkala;vakituinen_asuinrakennus;0.5
2017;580;Parikkala;yleinen_maapohja;1
2017;580;Parikkala;yleinen_rakennus;1
2017;581;Parkano;muu_asuinrakennus;1.1
2017;581;Parkano;rakentamaton_rakennuspaikka;
2017;581;Parkano;vakituinen_asuinrakennus;0.52
2017;581;Parkano;yleinen_maapohja;1.1
2017;581;Parkano;yleinen_rakennus;1.1
2017;583;Pelkosenniemi;muu_asuinrakennus;1.2
2017;583;Pelkosenniemi;rakentamaton_rakennuspaikka;4
2017;583;Pelkosenniemi;vakituinen_asuinrakennus;0.6
2017;583;Pelkosenniemi;yleinen_maapohja;1.25
2017;583;Pelkosenniemi;yleinen_rakennus;1.25
2017;584;Perho;muu_asuinrakennus;1.05
2017;584;Perho;rakentamaton_rakennuspaikka;2.25
2017;584;Perho;vakituinen_asuinrakennus;0.55
2017;584;Perho;yleinen_maapohja;0.93
2017;584;Perho;yleinen_rakennus;0.93
2017;592;Petäjävesi;muu_asuinrakennus;1.12
2017;592;Petäjävesi;rakentamaton_rakennuspaikka;2
2017;592;Petäjävesi;vakituinen_asuinrakennus;0.52
2017;592;Petäjävesi;yleinen_maapohja;1.12
2017;592;Petäjävesi;yleinen_rakennus;1.12
2017;593;Pieksämäki;muu_asuinrakennus;1.1
2017;593;Pieksämäki;rakentamaton_rakennuspaikka;
2017;593;Pieksämäki;vakituinen_asuinrakennus;0.5
2017;593;Pieksämäki;yleinen_maapohja;1.1
2017;593;Pieksämäki;yleinen_rakennus;1.1
2017;595;Pielavesi;muu_asuinrakennus;1.1
2017;595;Pielavesi;rakentamaton_rakennuspaikka;2.5
2017;595;Pielavesi;vakituinen_asuinrakennus;0.6
2017;595;Pielavesi;yleinen_maapohja;0.93
2017;595;Pielavesi;yleinen_rakennus;0.93
2017;598;Pietarsaari;muu_asuinrakennus;1.05
2017;598;Pietarsaari;rakentamaton_rakennuspaikka;3
2017;598;Pietarsaari;vakituinen_asuinrakennus;0.45
2017;598;Pietarsaari;yleinen_maapohja;1.05
2017;598;Pietarsaari;yleinen_rakennus;1.05
2017;599;Pedersören kunta;muu_asuinrakennus;1.15
2017;599;Pedersören kunta;rakentamaton_rakennuspaikka;
2017;599;Pedersören kunta;vakituinen_asuinrakennus;0.55
2017;599;Pedersören kunta;yleinen_maapohja;0.93
2017;599;Pedersören kunta;yleinen_rakennus;0.93
2017;601;Pihtipudas;muu_asuinrakennus;1.1
2017;601;Pihtipudas;rakentamaton_rakennuspaikka;
2017;601;Pihtipudas;vakituinen_asuinrakennus;0.6
2017;601;Pihtipudas;yleinen_maapohja;0.93
2017;601;Pihtipudas;yleinen_rakennus;0.93
2017;604;Pirkkala;muu_asuinrakennus;1.05
2017;604;Pirkkala;rakentamaton_rakennuspaikka;3
2017;604;Pirkkala;vakituinen_asuinrakennus;0.55
2017;604;Pirkkala;yleinen_maapohja;1.05
2017;604;Pirkkala;yleinen_rakennus;1.05
2017;607;Polvijärvi;muu_asuinrakennus;1
2017;607;Polvijärvi;rakentamaton_rakennuspaikka;
2017;607;Polvijärvi;vakituinen_asuinrakennus;0.5
2017;607;Polvijärvi;yleinen_maapohja;0.93
2017;607;Polvijärvi;yleinen_rakennus;0.93
2017;608;Pomarkku;muu_asuinrakennus;1.1
2017;608;Pomarkku;rakentamaton_rakennuspaikka;
2017;608;Pomarkku;vakituinen_asuinrakennus;0.45
2017;608;Pomarkku;yleinen_maapohja;1
2017;608;Pomarkku;yleinen_rakennus;1
2017;609;Pori;muu_asuinrakennus;1.1
2017;609;Pori;rakentamaton_rakennuspaikka;4
2017;609;Pori;vakituinen_asuinrakennus;0.5
2017;609;Pori;yleinen_maapohja;0.93
2017;609;Pori;yleinen_rakennus;0.93
2017;611;Pornainen;muu_asuinrakennus;1
2017;611;Pornainen;rakentamaton_rakennuspaikka;4
2017;611;Pornainen;vakituinen_asuinrakennus;0.5
2017;611;Pornainen;yleinen_maapohja;1
2017;611;Pornainen;yleinen_rakennus;1
2017;614;Posio;muu_asuinrakennus;1.1
2017;614;Posio;rakentamaton_rakennuspaikka;
2017;614;Posio;vakituinen_asuinrakennus;0.6
2017;614;Posio;yleinen_maapohja;1
2017;614;Posio;yleinen_rakennus;1
2017;615;Pudasjärvi;muu_asuinrakennus;0.93
2017;615;Pudasjärvi;rakentamaton_rakennuspaikka;3
2017;615;Pudasjärvi;vakituinen_asuinrakennus;0.41
2017;615;Pudasjärvi;yleinen_maapohja;0.93
2017;615;Pudasjärvi;yleinen_rakennus;0.93
2017;616;Pukkila;muu_asuinrakennus;1.25
2017;616;Pukkila;rakentamaton_rakennuspaikka;3
2017;616;Pukkila;vakituinen_asuinrakennus;0.65
2017;616;Pukkila;yleinen_maapohja;1.15
2017;616;Pukkila;yleinen_rakennus;1.15
2017;619;Punkalaidun;muu_asuinrakennus;1
2017;619;Punkalaidun;rakentamaton_rakennuspaikka;
2017;619;Punkalaidun;vakituinen_asuinrakennus;0.55
2017;619;Punkalaidun;yleinen_maapohja;0.95
2017;619;Punkalaidun;yleinen_rakennus;0.95
2017;620;Puolanka;muu_asuinrakennus;1.1
2017;620;Puolanka;rakentamaton_rakennuspaikka;
2017;620;Puolanka;vakituinen_asuinrakennus;0.55
2017;620;Puolanka;yleinen_maapohja;0.93
2017;620;Puolanka;yleinen_rakennus;0.93
2017;623;Puumala;muu_asuinrakennus;1.08
2017;623;Puumala;rakentamaton_rakennuspaikka;
2017;623;Puumala;vakituinen_asuinrakennus;0.48
2017;623;Puumala;yleinen_maapohja;0.95
2017;623;Puumala;yleinen_rakennus;0.95
2017;624;Pyhtää;muu_asuinrakennus;1.55
2017;624;Pyhtää;rakentamaton_rakennuspaikka;
2017;624;Pyhtää;vakituinen_asuinrakennus;0.62
2017;624;Pyhtää;yleinen_maapohja;1.3
2017;624;Pyhtää;yleinen_rakennus;1.3
2017;625;Pyhäjoki;muu_asuinrakennus;1.15
2017;625;Pyhäjoki;rakentamaton_rakennuspaikka;6
2017;625;Pyhäjoki;vakituinen_asuinrakennus;0.41
2017;625;Pyhäjoki;yleinen_maapohja;1.15
2017;625;Pyhäjoki;yleinen_rakennus;1.15
2017;626;Pyhäjärvi;muu_asuinrakennus;1.3
2017;626;Pyhäjärvi;rakentamaton_rakennuspaikka;4
2017;626;Pyhäjärvi;vakituinen_asuinrakennus;0.5
2017;626;Pyhäjärvi;yleinen_maapohja;1.3
2017;626;Pyhäjärvi;yleinen_rakennus;1.3
2017;630;Pyhäntä;muu_asuinrakennus;1.2
2017;630;Pyhäntä;rakentamaton_rakennuspaikka;
2017;630;Pyhäntä;vakituinen_asuinrakennus;0.6
2017;630;Pyhäntä;yleinen_maapohja;0.95
2017;630;Pyhäntä;yleinen_rakennus;0.95
2017;631;Pyhäranta;muu_asuinrakennus;1.8
2017;631;Pyhäranta;rakentamaton_rakennuspaikka;4
2017;631;Pyhäranta;vakituinen_asuinrakennus;0.7
2017;631;Pyhäranta;yleinen_maapohja;1.8
2017;631;Pyhäranta;yleinen_rakennus;1.8
2017;635;Pälkäne;muu_asuinrakennus;1.05
2017;635;Pälkäne;rakentamaton_rakennuspaikka;
2017;635;Pälkäne;vakituinen_asuinrakennus;0.45
2017;635;Pälkäne;yleinen_maapohja;1
2017;635;Pälkäne;yleinen_rakennus;1
2017;636;Pöytyä;muu_asuinrakennus;1.05
2017;636;Pöytyä;rakentamaton_rakennuspaikka;
2017;636;Pöytyä;vakituinen_asuinrakennus;0.45
2017;636;Pöytyä;yleinen_maapohja;0.95
2017;636;Pöytyä;yleinen_rakennus;0.95
2017;638;Porvoo;muu_asuinrakennus;1.3
2017;638;Porvoo;rakentamaton_rakennuspaikka;
2017;638;Porvoo;vakituinen_asuinrakennus;0.5
2017;638;Porvoo;yleinen_maapohja;1.3
2017;638;Porvoo;yleinen_rakennus;1.3
2017;678;Raahe;muu_asuinrakennus;1
2017;678;Raahe;rakentamaton_rakennuspaikka;3
2017;678;Raahe;vakituinen_asuinrakennus;0.5
2017;678;Raahe;yleinen_maapohja;1
2017;678;Raahe;yleinen_rakennus;1
2017;680;Raisio;muu_asuinrakennus;0.93
2017;680;Raisio;rakentamaton_rakennuspaikka;3
2017;680;Raisio;vakituinen_asuinrakennus;0.45
2017;680;Raisio;yleinen_maapohja;1.25
2017;680;Raisio;yleinen_rakennus;1.25
2017;681;Rantasalmi;muu_asuinrakennus;0.97
2017;681;Rantasalmi;rakentamaton_rakennuspaikka;2
2017;681;Rantasalmi;vakituinen_asuinrakennus;0.42
2017;681;Rantasalmi;yleinen_maapohja;0.93
2017;681;Rantasalmi;yleinen_rakennus;0.93
2017;683;Ranua;muu_asuinrakennus;1
2017;683;Ranua;rakentamaton_rakennuspaikka;
2017;683;Ranua;vakituinen_asuinrakennus;0.41
2017;683;Ranua;yleinen_maapohja;0.93
2017;683;Ranua;yleinen_rakennus;0.93
2017;684;Rauma;muu_asuinrakennus;0.93
2017;684;Rauma;rakentamaton_rakennuspaikka;5
2017;684;Rauma;vakituinen_asuinrakennus;0.41
2017;684;Rauma;yleinen_maapohja;0.93
2017;684;Rauma;yleinen_rakennus;0.93
2017;686;Rautalampi;muu_asuinrakennus;1.3
2017;686;Rautalampi;rakentamaton_rakennuspaikka;
2017;686;Rautalampi;vakituinen_asuinrakennus;0.7
2017;686;Rautalampi;yleinen_maapohja;1
2017;686;Rautalampi;yleinen_rakennus;1
2017;687;Rautavaara;muu_asuinrakennus;1.05
2017;687;Rautavaara;rakentamaton_rakennuspaikka;2
2017;687;Rautavaara;vakituinen_asuinrakennus;0.5
2017;687;Rautavaara;yleinen_maapohja;0.93
2017;687;Rautavaara;yleinen_rakennus;0.93
2017;689;Rautjärvi;muu_asuinrakennus;1.09
2017;689;Rautjärvi;rakentamaton_rakennuspaikka;
2017;689;Rautjärvi;vakituinen_asuinrakennus;0.49
2017;689;Rautjärvi;yleinen_maapohja;0.93
2017;689;Rautjärvi;yleinen_rakennus;0.93
2017;691;Reisjärvi;muu_asuinrakennus;1.2
2017;691;Reisjärvi;rakentamaton_rakennuspaikka;2
2017;691;Reisjärvi;vakituinen_asuinrakennus;0.65
2017;691;Reisjärvi;yleinen_maapohja;1.1
2017;691;Reisjärvi;yleinen_rakennus;1.1
2017;694;Riihimäki;muu_asuinrakennus;0.93
2017;694;Riihimäki;rakentamaton_rakennuspaikka;6
2017;694;Riihimäki;vakituinen_asuinrakennus;0.5
2017;694;Riihimäki;yleinen_maapohja;1.45
2017;694;Riihimäki;yleinen_rakennus;1.45
2017;697;Ristijärvi;muu_asuinrakennus;1.55
2017;697;Ristijärvi;rakentamaton_rakennuspaikka;
2017;697;Ristijärvi;vakituinen_asuinrakennus;0.55
2017;697;Ristijärvi;yleinen_maapohja;1.1
2017;697;Ristijärvi;yleinen_rakennus;1.1
2017;698;Rovaniemi;muu_asuinrakennus;1.2
2017;698;Rovaniemi;rakentamaton_rakennuspaikka;4
2017;698;Rovaniemi;vakituinen_asuinrakennus;0.6
2017;698;Rovaniemi;yleinen_maapohja;1.55
2017;698;Rovaniemi;yleinen_rakennus;1.55
2017;700;Ruokolahti;muu_asuinrakennus;1.1
2017;700;Ruokolahti;rakentamaton_rakennuspaikka;
2017;700;Ruokolahti;vakituinen_asuinrakennus;0.5
2017;700;Ruokolahti;yleinen_maapohja;0.93
2017;700;Ruokolahti;yleinen_rakennus;0.93
2017;702;Ruovesi;muu_asuinrakennus;1.1
2017;702;Ruovesi;rakentamaton_rakennuspaikka;
2017;702;Ruovesi;vakituinen_asuinrakennus;0.5
2017;702;Ruovesi;yleinen_maapohja;1
2017;702;Ruovesi;yleinen_rakennus;1
2017;704;Rusko;muu_asuinrakennus;1.02
2017;704;Rusko;rakentamaton_rakennuspaikka;
2017;704;Rusko;vakituinen_asuinrakennus;0.42
2017;704;Rusko;yleinen_maapohja;0.95
2017;704;Rusko;yleinen_rakennus;0.95
2017;707;Rääkkylä;muu_asuinrakennus;1.05
2017;707;Rääkkylä;rakentamaton_rakennuspaikka;
2017;707;Rääkkylä;vakituinen_asuinrakennus;0.55
2017;707;Rääkkylä;yleinen_maapohja;1
2017;707;Rääkkylä;yleinen_rakennus;1
2017;710;Raasepori;muu_asuinrakennus;1.8
2017;710;Raasepori;rakentamaton_rakennuspaikka;
2017;710;Raasepori;vakituinen_asuinrakennus;0.41
2017;710;Raasepori;yleinen_maapohja;1.35
2017;710;Raasepori;yleinen_rakennus;1.35
2017;729;Saarijärvi;muu_asuinrakennus;1.36
2017;729;Saarijärvi;rakentamaton_rakennuspaikka;2.4
2017;729;Saarijärvi;vakituinen_asuinrakennus;0.49
2017;729;Saarijärvi;yleinen_maapohja;1.04
2017;729;Saarijärvi;yleinen_rakennus;1.04
2017;732;Salla;muu_asuinrakennus;1.2
2017;732;Salla;rakentamaton_rakennuspaikka;
2017;732;Salla;vakituinen_asuinrakennus;0.6
2017;732;Salla;yleinen_maapohja;1.35
2017;732;Salla;yleinen_rakennus;1.35
2017;734;Salo;muu_asuinrakennus;1.3
2017;734;Salo;rakentamaton_rakennuspaikka;3
2017;734;Salo;vakituinen_asuinrakennus;0.55
2017;734;Salo;yleinen_maapohja;0.93
2017;734;Salo;yleinen_rakennus;0.93
2017;736;Saltvik;muu_asuinrakennus;0.9
2017;736;Saltvik;rakentamaton_rakennuspaikka;0
2017;736;Saltvik;vakituinen_asuinrakennus;0
2017;736;Saltvik;yleinen_maapohja;0
2017;736;Saltvik;yleinen_rakennus;0
2017;738;Sauvo;muu_asuinrakennus;1.3
2017;738;Sauvo;rakentamaton_rakennuspaikka;
2017;738;Sauvo;vakituinen_asuinrakennus;0.6
2017;738;Sauvo;yleinen_maapohja;1.1
2017;738;Sauvo;yleinen_rakennus;1.1
2017;739;Savitaipale;muu_asuinrakennus;1.1
2017;739;Savitaipale;rakentamaton_rakennuspaikka;
2017;739;Savitaipale;vakituinen_asuinrakennus;0.5
2017;739;Savitaipale;yleinen_maapohja;0.93
2017;739;Savitaipale;yleinen_rakennus;0.93
2017;740;Savonlinna;muu_asuinrakennus;1.55
2017;740;Savonlinna;rakentamaton_rakennuspaikka;2
2017;740;Savonlinna;vakituinen_asuinrakennus;0.59
2017;740;Savonlinna;yleinen_maapohja;1.43
2017;740;Savonlinna;yleinen_rakennus;1.43
2017;742;Savukoski;muu_asuinrakennus;1.2
2017;742;Savukoski;rakentamaton_rakennuspaikka;
2017;742;Savukoski;vakituinen_asuinrakennus;0.6
2017;742;Savukoski;yleinen_maapohja;1.2
2017;742;Savukoski;yleinen_rakennus;1.2
2017;743;Seinäjoki;muu_asuinrakennus;1.65
2017;743;Seinäjoki;rakentamaton_rakennuspaikka;4
2017;743;Seinäjoki;vakituinen_asuinrakennus;0.6
2017;743;Seinäjoki;yleinen_maapohja;1.45
2017;743;Seinäjoki;yleinen_rakennus;1.45
2017;746;Sievi;muu_asuinrakennus;1.3
2017;746;Sievi;rakentamaton_rakennuspaikka;
2017;746;Sievi;vakituinen_asuinrakennus;0.7
2017;746;Sievi;yleinen_maapohja;0.93
2017;746;Sievi;yleinen_rakennus;0.93
2017;747;Siikainen;muu_asuinrakennus;1.1
2017;747;Siikainen;rakentamaton_rakennuspaikka;
2017;747;Siikainen;vakituinen_asuinrakennus;0.5
2017;747;Siikainen;yleinen_maapohja;0.93
2017;747;Siikainen;yleinen_rakennus;0.93
2017;748;Siikajoki;muu_asuinrakennus;1
2017;748;Siikajoki;rakentamaton_rakennuspaikka;3
2017;748;Siikajoki;vakituinen_asuinrakennus;0.5
2017;748;Siikajoki;yleinen_maapohja;1
2017;748;Siikajoki;yleinen_rakennus;1
2017;749;Siilinjärvi;muu_asuinrakennus;1
2017;749;Siilinjärvi;rakentamaton_rakennuspaikka;3
2017;749;Siilinjärvi;vakituinen_asuinrakennus;0.65
2017;749;Siilinjärvi;yleinen_maapohja;1.25
2017;749;Siilinjärvi;yleinen_rakennus;1.25
2017;751;Simo;muu_asuinrakennus;1.3
2017;751;Simo;rakentamaton_rakennuspaikka;3
2017;751;Simo;vakituinen_asuinrakennus;0.55
2017;751;Simo;yleinen_maapohja;1.4
2017;751;Simo;yleinen_rakennus;1.4
2017;753;Sipoo;muu_asuinrakennus;1.1
2017;753;Sipoo;rakentamaton_rakennuspaikka;4
2017;753;Sipoo;vakituinen_asuinrakennus;0.5
2017;753;Sipoo;yleinen_maapohja;1
2017;753;Sipoo;yleinen_rakennus;1
2017;755;Siuntio;muu_asuinrakennus;1.2
2017;755;Siuntio;rakentamaton_rakennuspaikka;3
2017;755;Siuntio;vakituinen_asuinrakennus;0.5
2017;755;Siuntio;yleinen_maapohja;1.2
2017;755;Siuntio;yleinen_rakennus;1.2
2017;758;Sodankylä;muu_asuinrakennus;1.05
2017;758;Sodankylä;rakentamaton_rakennuspaikka;4
2017;758;Sodankylä;vakituinen_asuinrakennus;0.45
2017;758;Sodankylä;yleinen_maapohja;1.31
2017;758;Sodankylä;yleinen_rakennus;1.31
2017;759;Soini;muu_asuinrakennus;1.25
2017;759;Soini;rakentamaton_rakennuspaikka;
2017;759;Soini;vakituinen_asuinrakennus;0.5
2017;759;Soini;yleinen_maapohja;1.1
2017;759;Soini;yleinen_rakennus;1.1
2017;761;Somero;muu_asuinrakennus;0.93
2017;761;Somero;rakentamaton_rakennuspaikka;
2017;761;Somero;vakituinen_asuinrakennus;0.41
2017;761;Somero;yleinen_maapohja;0.93
2017;761;Somero;yleinen_rakennus;0.93
2017;762;Sonkajärvi;muu_asuinrakennus;0.93
2017;762;Sonkajärvi;rakentamaton_rakennuspaikka;
2017;762;Sonkajärvi;vakituinen_asuinrakennus;0.41
2017;762;Sonkajärvi;yleinen_maapohja;0.93
2017;762;Sonkajärvi;yleinen_rakennus;0.93
2017;765;Sotkamo;muu_asuinrakennus;1.2
2017;765;Sotkamo;rakentamaton_rakennuspaikka;3
2017;765;Sotkamo;vakituinen_asuinrakennus;0.6
2017;765;Sotkamo;yleinen_maapohja;1.1
2017;765;Sotkamo;yleinen_rakennus;1.1
2017;766;Sottunga;muu_asuinrakennus;0.9
2017;766;Sottunga;rakentamaton_rakennuspaikka;
2017;766;Sottunga;vakituinen_asuinrakennus;0.5
2017;766;Sottunga;yleinen_maapohja;0.7
2017;766;Sottunga;yleinen_rakennus;0.7
2017;768;Sulkava;muu_asuinrakennus;1.05
2017;768;Sulkava;rakentamaton_rakennuspaikka;
2017;768;Sulkava;vakituinen_asuinrakennus;0.45
2017;768;Sulkava;yleinen_maapohja;0.93
2017;768;Sulkava;yleinen_rakennus;0.93
2017;771;Sund;muu_asuinrakennus;0.9
2017;771;Sund;rakentamaton_rakennuspaikka;0.2
2017;771;Sund;vakituinen_asuinrakennus;0
2017;771;Sund;yleinen_maapohja;0.75
2017;771;Sund;yleinen_rakennus;0.75
2017;777;Suomussalmi;muu_asuinrakennus;1
2017;777;Suomussalmi;rakentamaton_rakennuspaikka;3
2017;777;Suomussalmi;vakituinen_asuinrakennus;0.45
2017;777;Suomussalmi;yleinen_maapohja;0.95
2017;777;Suomussalmi;yleinen_rakennus;0.95
2017;778;Suonenjoki;muu_asuinrakennus;1.25
2017;778;Suonenjoki;rakentamaton_rakennuspaikka;
2017;778;Suonenjoki;vakituinen_asuinrakennus;0.7
2017;778;Suonenjoki;yleinen_maapohja;1.05
2017;778;Suonenjoki;yleinen_rakennus;1.05
2017;781;Sysmä;muu_asuinrakennus;1
2017;781;Sysmä;rakentamaton_rakennuspaikka;
2017;781;Sysmä;vakituinen_asuinrakennus;0.5
2017;781;Sysmä;yleinen_maapohja;0.95
2017;781;Sysmä;yleinen_rakennus;0.95
2017;783;Säkylä;muu_asuinrakennus;1.1
2017;783;Säkylä;rakentamaton_rakennuspaikka;
2017;783;Säkylä;vakituinen_asuinrakennus;0.49
2017;783;Säkylä;yleinen_maapohja;1
2017;783;Säkylä;yleinen_rakennus;1
2017;785;Vaala;muu_asuinrakennus;1.15
2017;785;Vaala;rakentamaton_rakennuspaikka;
2017;785;Vaala;vakituinen_asuinrakennus;0.59
2017;785;Vaala;yleinen_maapohja;1.1
2017;785;Vaala;yleinen_rakennus;1.1
2017;790;Sastamala;muu_asuinrakennus;0.98
2017;790;Sastamala;rakentamaton_rakennuspaikka;2
2017;790;Sastamala;vakituinen_asuinrakennus;0.45
2017;790;Sastamala;yleinen_maapohja;0.93
2017;790;Sastamala;yleinen_rakennus;0.93
2017;791;Siikalatva;muu_asuinrakennus;1.25
2017;791;Siikalatva;rakentamaton_rakennuspaikka;4
2017;791;Siikalatva;vakituinen_asuinrakennus;0.65
2017;791;Siikalatva;yleinen_maapohja;0.95
2017;791;Siikalatva;yleinen_rakennus;0.95
2017;831;Taipalsaari;muu_asuinrakennus;1.1
2017;831;Taipalsaari;rakentamaton_rakennuspaikka;3
2017;831;Taipalsaari;vakituinen_asuinrakennus;0.5
2017;831;Taipalsaari;yleinen_maapohja;1.05
2017;831;Taipalsaari;yleinen_rakennus;1.05
2017;832;Taivalkoski;muu_asuinrakennus;1
2017;832;Taivalkoski;rakentamaton_rakennuspaikka;2
2017;832;Taivalkoski;vakituinen_asuinrakennus;0.45
2017;832;Taivalkoski;yleinen_maapohja;0.93
2017;832;Taivalkoski;yleinen_rakennus;0.93
2017;833;Taivassalo;muu_asuinrakennus;1.35
2017;833;Taivassalo;rakentamaton_rakennuspaikka;
2017;833;Taivassalo;vakituinen_asuinrakennus;0.65
2017;833;Taivassalo;yleinen_maapohja;1.15
2017;833;Taivassalo;yleinen_rakennus;1.15
2017;834;Tammela;muu_asuinrakennus;1.02
2017;834;Tammela;rakentamaton_rakennuspaikka;
2017;834;Tammela;vakituinen_asuinrakennus;0.42
2017;834;Tammela;yleinen_maapohja;0.93
2017;834;Tammela;yleinen_rakennus;0.93
2017;837;Tampere;muu_asuinrakennus;1
2017;837;Tampere;rakentamaton_rakennuspaikka;4
2017;837;Tampere;vakituinen_asuinrakennus;0.55
2017;837;Tampere;yleinen_maapohja;1.15
2017;837;Tampere;yleinen_rakennus;1.15
2017;844;Tervo;muu_asuinrakennus;1
2017;844;Tervo;rakentamaton_rakennuspaikka;2
2017;844;Tervo;vakituinen_asuinrakennus;0.48
2017;844;Tervo;yleinen_maapohja;0.93
2017;844;Tervo;yleinen_rakennus;0.93
2017;845;Tervola;muu_asuinrakennus;1
2017;845;Tervola;rakentamaton_rakennuspaikka;
2017;845;Tervola;vakituinen_asuinrakennus;0.5
2017;845;Tervola;yleinen_maapohja;0.95
2017;845;Tervola;yleinen_rakennus;0.95
2017;846;Teuva;muu_asuinrakennus;1
2017;846;Teuva;rakentamaton_rakennuspaikka;
2017;846;Teuva;vakituinen_asuinrakennus;0.55
2017;846;Teuva;yleinen_maapohja;1
2017;846;Teuva;yleinen_rakennus;1
2017;848;Tohmajärvi;muu_asuinrakennus;1.15
2017;848;Tohmajärvi;rakentamaton_rakennuspaikka;
2017;848;Tohmajärvi;vakituinen_asuinrakennus;0.55
2017;848;Tohmajärvi;yleinen_maapohja;1.1
2017;848;Tohmajärvi;yleinen_rakennus;1.1
2017;849;Toholampi;muu_asuinrakennus;1.1
2017;849;Toholampi;rakentamaton_rakennuspaikka;2.9
2017;849;Toholampi;vakituinen_asuinrakennus;0.65
2017;849;Toholampi;yleinen_maapohja;1
2017;849;Toholampi;yleinen_rakennus;1
2017;850;Toivakka;muu_asuinrakennus;1.1
2017;850;Toivakka;rakentamaton_rakennuspaikka;3
2017;850;Toivakka;vakituinen_asuinrakennus;0.45
2017;850;Toivakka;yleinen_maapohja;1.1
2017;850;Toivakka;yleinen_rakennus;1.1
2017;851;Tornio;muu_asuinrakennus;1
2017;851;Tornio;rakentamaton_rakennuspaikka;3
2017;851;Tornio;vakituinen_asuinrakennus;0.5
2017;851;Tornio;yleinen_maapohja;1.12
2017;851;Tornio;yleinen_rakennus;1.12
2017;853;Turku;muu_asuinrakennus;0.93
2017;853;Turku;rakentamaton_rakennuspaikka;3
2017;853;Turku;vakituinen_asuinrakennus;0.41
2017;853;Turku;yleinen_maapohja;1
2017;853;Turku;yleinen_rakennus;1
2017;854;Pello;muu_asuinrakennus;1
2017;854;Pello;rakentamaton_rakennuspaikka;
2017;854;Pello;vakituinen_asuinrakennus;0.41
2017;854;Pello;yleinen_maapohja;0.93
2017;854;Pello;yleinen_rakennus;0.93
2017;857;Tuusniemi;muu_asuinrakennus;1.25
2017;857;Tuusniemi;rakentamaton_rakennuspaikka;
2017;857;Tuusniemi;vakituinen_asuinrakennus;0.65
2017;857;Tuusniemi;yleinen_maapohja;1.15
2017;857;Tuusniemi;yleinen_rakennus;1.15
2017;858;Tuusula;muu_asuinrakennus;0.93
2017;858;Tuusula;rakentamaton_rakennuspaikka;3.93
2017;858;Tuusula;vakituinen_asuinrakennus;0.41
2017;858;Tuusula;yleinen_maapohja;0.93
2017;858;Tuusula;yleinen_rakennus;0.93
2017;859;Tyrnävä;muu_asuinrakennus;0.98
2017;859;Tyrnävä;rakentamaton_rakennuspaikka;4
2017;859;Tyrnävä;vakituinen_asuinrakennus;0.54
2017;859;Tyrnävä;yleinen_maapohja;0.98
2017;859;Tyrnävä;yleinen_rakennus;0.98
2017;886;Ulvila;muu_asuinrakennus;1.1
2017;886;Ulvila;rakentamaton_rakennuspaikka;3
2017;886;Ulvila;vakituinen_asuinrakennus;0.55
2017;886;Ulvila;yleinen_maapohja;1.1
2017;886;Ulvila;yleinen_rakennus;1.1
2017;887;Urjala;muu_asuinrakennus;1.25
2017;887;Urjala;rakentamaton_rakennuspaikka;
2017;887;Urjala;vakituinen_asuinrakennus;0.6
2017;887;Urjala;yleinen_maapohja;1.1
2017;887;Urjala;yleinen_rakennus;1.1
2017;889;Utajärvi;muu_asuinrakennus;1.15
2017;889;Utajärvi;rakentamaton_rakennuspaikka;6
2017;889;Utajärvi;vakituinen_asuinrakennus;0.45
2017;889;Utajärvi;yleinen_maapohja;1
2017;889;Utajärvi;yleinen_rakennus;1
2017;890;Utsjoki;muu_asuinrakennus;1.6
2017;890;Utsjoki;rakentamaton_rakennuspaikka;2
2017;890;Utsjoki;vakituinen_asuinrakennus;0.65
2017;890;Utsjoki;yleinen_maapohja;1.2
2017;890;Utsjoki;yleinen_rakennus;1.2
2017;892;Uurainen;muu_asuinrakennus;1
2017;892;Uurainen;rakentamaton_rakennuspaikka;2.5
2017;892;Uurainen;vakituinen_asuinrakennus;0.41
2017;892;Uurainen;yleinen_maapohja;1
2017;892;Uurainen;yleinen_rakennus;1
2017;893;Uusikaarlepyy;muu_asuinrakennus;1.1
2017;893;Uusikaarlepyy;rakentamaton_rakennuspaikka;2
2017;893;Uusikaarlepyy;vakituinen_asuinrakennus;0.5
2017;893;Uusikaarlepyy;yleinen_maapohja;1
2017;893;Uusikaarlepyy;yleinen_rakennus;1
2017;895;Uusikaupunki;muu_asuinrakennus;1.12
2017;895;Uusikaupunki;rakentamaton_rakennuspaikka;
2017;895;Uusikaupunki;vakituinen_asuinrakennus;0.45
2017;895;Uusikaupunki;yleinen_maapohja;1.03
2017;895;Uusikaupunki;yleinen_rakennus;1.03
2017;905;Vaasa;muu_asuinrakennus;1.1
2017;905;Vaasa;rakentamaton_rakennuspaikka;4
2017;905;Vaasa;vakituinen_asuinrakennus;0.5
2017;905;Vaasa;yleinen_maapohja;1.15
2017;905;Vaasa;yleinen_rakennus;1.15
2017;908;Valkeakoski;muu_asuinrakennus;1.1
2017;908;Valkeakoski;rakentamaton_rakennuspaikka;
2017;908;Valkeakoski;vakituinen_asuinrakennus;0.5
2017;908;Valkeakoski;yleinen_maapohja;1.3
2017;908;Valkeakoski;yleinen_rakennus;1.3
2017;915;Varkaus;muu_asuinrakennus;1
2017;915;Varkaus;rakentamaton_rakennuspaikka;
2017;915;Varkaus;vakituinen_asuinrakennus;0.5
2017;915;Varkaus;yleinen_maapohja;1.45
2017;915;Varkaus;yleinen_rakennus;1.45
2017;918;Vehmaa;muu_asuinrakennus;1.5
2017;918;Vehmaa;rakentamaton_rakennuspaikka;
2017;918;Vehmaa;vakituinen_asuinrakennus;0.5
2017;918;Vehmaa;yleinen_maapohja;1
2017;918;Vehmaa;yleinen_rakennus;1
2017;921;Vesanto;muu_asuinrakennus;1
2017;921;Vesanto;rakentamaton_rakennuspaikka;
2017;921;Vesanto;vakituinen_asuinrakennus;0.5
2017;921;Vesanto;yleinen_maapohja;1
2017;921;Vesanto;yleinen_rakennus;1
2017;922;Vesilahti;muu_asuinrakennus;1.3
2017;922;Vesilahti;rakentamaton_rakennuspaikka;2
2017;922;Vesilahti;vakituinen_asuinrakennus;0.55
2017;922;Vesilahti;yleinen_maapohja;1.2
2017;922;Vesilahti;yleinen_rakennus;1.2
2017;924;Veteli;muu_asuinrakennus;1.05
2017;924;Veteli;rakentamaton_rakennuspaikka;3
2017;924;Veteli;vakituinen_asuinrakennus;0.6
2017;924;Veteli;yleinen_maapohja;0.95
2017;924;Veteli;yleinen_rakennus;0.95
2017;925;Vieremä;muu_asuinrakennus;1
2017;925;Vieremä;rakentamaton_rakennuspaikka;
2017;925;Vieremä;vakituinen_asuinrakennus;0.45
2017;925;Vieremä;yleinen_maapohja;0.93
2017;925;Vieremä;yleinen_rakennus;0.93
2017;927;Vihti;muu_asuinrakennus;1
2017;927;Vihti;rakentamaton_rakennuspaikka;4
2017;927;Vihti;vakituinen_asuinrakennus;0.5
2017;927;Vihti;yleinen_maapohja;0.95
2017;927;Vihti;yleinen_rakennus;0.95
2017;931;Viitasaari;muu_asuinrakennus;1.1
2017;931;Viitasaari;rakentamaton_rakennuspaikka;
2017;931;Viitasaari;vakituinen_asuinrakennus;0.6
2017;931;Viitasaari;yleinen_maapohja;0.93
2017;931;Viitasaari;yleinen_rakennus;0.93
2017;934;Vimpeli;muu_asuinrakennus;1.3
2017;934;Vimpeli;rakentamaton_rakennuspaikka;3
2017;934;Vimpeli;vakituinen_asuinrakennus;0.7
2017;934;Vimpeli;yleinen_maapohja;1.3
2017;934;Vimpeli;yleinen_rakennus;1.3
2017;935;Virolahti;muu_asuinrakennus;1.15
2017;935;Virolahti;rakentamaton_rakennuspaikka;
2017;935;Virolahti;vakituinen_asuinrakennus;0.5
2017;935;Virolahti;yleinen_maapohja;1.25
2017;935;Virolahti;yleinen_rakennus;1.25
2017;936;Virrat;muu_asuinrakennus;1
2017;936;Virrat;rakentamaton_rakennuspaikka;
2017;936;Virrat;vakituinen_asuinrakennus;0.45
2017;936;Virrat;yleinen_maapohja;0.93
2017;936;Virrat;yleinen_rakennus;0.93
2017;941;Vårdö;muu_asuinrakennus;0.9
2017;941;Vårdö;rakentamaton_rakennuspaikka;0
2017;941;Vårdö;vakituinen_asuinrakennus;0
2017;941;Vårdö;yleinen_maapohja;0.15
2017;941;Vårdö;yleinen_rakennus;0.15
2017;946;Vöyri;muu_asuinrakennus;1.1
2017;946;Vöyri;rakentamaton_rakennuspaikka;
2017;946;Vöyri;vakituinen_asuinrakennus;0.5
2017;946;Vöyri;yleinen_maapohja;0.93
2017;946;Vöyri;yleinen_rakennus;0.93
2017;976;Ylitornio;muu_asuinrakennus;1.13
2017;976;Ylitornio;rakentamaton_rakennuspaikka;2
2017;976;Ylitornio;vakituinen_asuinrakennus;0.41
2017;976;Ylitornio;yleinen_maapohja;0.93
2017;976;Ylitornio;yleinen_rakennus;0.93
2017;977;Ylivieska;muu_asuinrakennus;1.15
2017;977;Ylivieska;rakentamaton_rakennuspaikka;3
2017;977;Ylivieska;vakituinen_asuinrakennus;0.7
2017;977;Ylivieska;yleinen_maapohja;1.3
2017;977;Ylivieska;yleinen_rakennus;1.3
2017;980;Ylöjärvi;muu_asuinrakennus;1
2017;980;Ylöjärvi;rakentamaton_rakennuspaikka;3
2017;980;Ylöjärvi;vakituinen_asuinrakennus;0.48
2017;980;Ylöjärvi;yleinen_maapohja;0.93
2017;980;Ylöjärvi;yleinen_rakennus;0.93
2017;981;Ypäjä;muu_asuinrakennus;1.5
2017;981;Ypäjä;rakentamaton_rakennuspaikka;3
2017;981;Ypäjä;vakituinen_asuinrakennus;0.6
2017;981;Ypäjä;yleinen_maapohja;1
2017;981;Ypäjä;yleinen_rakennus;1
2017;989;Ähtäri;muu_asuinrakennus;1.3
2017;989;Ähtäri;rakentamaton_rakennuspaikka;
2017;989;Ähtäri;vakituinen_asuinrakennus;0.5
2017;989;Ähtäri;yleinen_maapohja;1.3
2017;989;Ähtäri;yleinen_rakennus;1.3
2017;992;Äänekoski;muu_asuinrakennus;1.1
2017;992;Äänekoski;rakentamaton_rakennuspaikka;
2017;992;Äänekoski;vakituinen_asuinrakennus;0.5
2017;992;Äänekoski;yleinen_maapohja;1.1
2017;992;Äänekoski;yleinen_rakennus;1.1
2018;005;Alajärvi;muu_asuinrakennus;1.1
2018;005;Alajärvi;rakentamaton_rakennuspaikka;3
2018;005;Alajärvi;vakituinen_asuinrakennus;0.5
2018;005;Alajärvi;yleinen_maapohja;0.93
2018;005;Alajärvi;yleinen_rakennus;0.93
2018;009;Alavieska;muu_asuinrakennus;1.03
2018;009;Alavieska;rakentamaton_rakennuspaikka;
2018;009;Alavieska;vakituinen_asuinrakennus;0.55
2018;009;Alavieska;yleinen_maapohja;1.03
2018;009;Alavieska;yleinen_rakennus;1.03
2018;010;Alavus;muu_asuinrakennus;1.1
2018;010;Alavus;rakentamaton_rakennuspaikka;3
2018;010;Alavus;vakituinen_asuinrakennus;0.41
2018;010;Alavus;yleinen_maapohja;0.95
2018;010;Alavus;yleinen_rakennus;0.95
2018;016;Asikkala;muu_asuinrakennus;1.25
2018;016;Asikkala;rakentamaton_rakennuspaikka;3
2018;016;Asikkala;vakituinen_asuinrakennus;0.45
2018;016;Asikkala;yleinen_maapohja;0.93
2018;016;Asikkala;yleinen_rakennus;0.93
2018;018;Askola;muu_asuinrakennus;1.5
2018;018;Askola;rakentamaton_rakennuspaikka;5
2018;018;Askola;vakituinen_asuinrakennus;0.7
2018;018;Askola;yleinen_maapohja;1.1
2018;018;Askola;yleinen_rakennus;1.1
2018;019;Aura;muu_asuinrakennus;1.1
2018;019;Aura;rakentamaton_rakennuspaikka;
2018;019;Aura;vakituinen_asuinrakennus;0.55
2018;019;Aura;yleinen_maapohja;1.1
2018;019;Aura;yleinen_rakennus;1.1
2018;020;Akaa;muu_asuinrakennus;1.25
2018;020;Akaa;rakentamaton_rakennuspaikka;6
2018;020;Akaa;vakituinen_asuinrakennus;0.6
2018;020;Akaa;yleinen_maapohja;1.1
2018;020;Akaa;yleinen_rakennus;1.1
2018;035;Brändö;muu_asuinrakennus;0.9
2018;035;Brändö;rakentamaton_rakennuspaikka;
2018;035;Brändö;vakituinen_asuinrakennus;0
2018;035;Brändö;yleinen_maapohja;0
2018;035;Brändö;yleinen_rakennus;0
2018;043;Eckerö;muu_asuinrakennus;0.9
2018;043;Eckerö;rakentamaton_rakennuspaikka;
2018;043;Eckerö;vakituinen_asuinrakennus;0
2018;043;Eckerö;yleinen_maapohja;0.7
2018;043;Eckerö;yleinen_rakennus;0.7
2018;046;Enonkoski;muu_asuinrakennus;1.3
2018;046;Enonkoski;rakentamaton_rakennuspaikka;2
2018;046;Enonkoski;vakituinen_asuinrakennus;0.7
2018;046;Enonkoski;yleinen_maapohja;1
2018;046;Enonkoski;yleinen_rakennus;1
2018;047;Enontekiö;muu_asuinrakennus;1.15
2018;047;Enontekiö;rakentamaton_rakennuspaikka;3
2018;047;Enontekiö;vakituinen_asuinrakennus;0.55
2018;047;Enontekiö;yleinen_maapohja;1.05
2018;047;Enontekiö;yleinen_rakennus;1.05
2018;049;Espoo;muu_asuinrakennus;0.93
2018;049;Espoo;rakentamaton_rakennuspaikka;3.93
2018;049;Espoo;vakituinen_asuinrakennus;0.41
2018;049;Espoo;yleinen_maapohja;0.93
2018;049;Espoo;yleinen_rakennus;0.93
2018;050;Eura;muu_asuinrakennus;1.1
2018;050;Eura;rakentamaton_rakennuspaikka;3
2018;050;Eura;vakituinen_asuinrakennus;0.6
2018;050;Eura;yleinen_maapohja;1.1
2018;050;Eura;yleinen_rakennus;1.1
2018;051;Eurajoki;muu_asuinrakennus;1.1
2018;051;Eurajoki;rakentamaton_rakennuspaikka;
2018;051;Eurajoki;vakituinen_asuinrakennus;0.41
2018;051;Eurajoki;yleinen_maapohja;0.93
2018;051;Eurajoki;yleinen_rakennus;0.93
2018;052;Evijärvi;muu_asuinrakennus;1.15
2018;052;Evijärvi;rakentamaton_rakennuspaikka;
2018;052;Evijärvi;vakituinen_asuinrakennus;0.65
2018;052;Evijärvi;yleinen_maapohja;1
2018;052;Evijärvi;yleinen_rakennus;1
2018;060;Finström;muu_asuinrakennus;0.9
2018;060;Finström;rakentamaton_rakennuspaikka;3
2018;060;Finström;vakituinen_asuinrakennus;0
2018;060;Finström;yleinen_maapohja;0.5
2018;060;Finström;yleinen_rakennus;0.5
2018;061;Forssa;muu_asuinrakennus;1.41
2018;061;Forssa;rakentamaton_rakennuspaikka;
2018;061;Forssa;vakituinen_asuinrakennus;0.41
2018;061;Forssa;yleinen_maapohja;1.4
2018;061;Forssa;yleinen_rakennus;1.4
2018;062;Föglö;muu_asuinrakennus;0.9
2018;062;Föglö;rakentamaton_rakennuspaikka;0.5
2018;062;Föglö;vakituinen_asuinrakennus;0
2018;062;Föglö;yleinen_maapohja;0.7
2018;062;Föglö;yleinen_rakennus;0.7
2018;065;Geta;muu_asuinrakennus;0.9
2018;065;Geta;rakentamaton_rakennuspaikka;
2018;065;Geta;vakituinen_asuinrakennus;0
2018;065;Geta;yleinen_maapohja;0.5
2018;065;Geta;yleinen_rakennus;0.5
2018;069;Haapajärvi;muu_asuinrakennus;1.35
2018;069;Haapajärvi;rakentamaton_rakennuspaikka;5
2018;069;Haapajärvi;vakituinen_asuinrakennus;0.75
2018;069;Haapajärvi;yleinen_maapohja;1.35
2018;069;Haapajärvi;yleinen_rakennus;1.35
2018;071;Haapavesi;muu_asuinrakennus;1.3
2018;071;Haapavesi;rakentamaton_rakennuspaikka;3
2018;071;Haapavesi;vakituinen_asuinrakennus;0.6
2018;071;Haapavesi;yleinen_maapohja;1.05
2018;071;Haapavesi;yleinen_rakennus;1.05
2018;072;Hailuoto;muu_asuinrakennus;1.51
2018;072;Hailuoto;rakentamaton_rakennuspaikka;3
2018;072;Hailuoto;vakituinen_asuinrakennus;0.51
2018;072;Hailuoto;yleinen_maapohja;0.95
2018;072;Hailuoto;yleinen_rakennus;0.95
2018;074;Halsua;muu_asuinrakennus;1.5
2018;074;Halsua;rakentamaton_rakennuspaikka;
2018;074;Halsua;vakituinen_asuinrakennus;0.5
2018;074;Halsua;yleinen_maapohja;1.1
2018;074;Halsua;yleinen_rakennus;1.1
2018;075;Hamina;muu_asuinrakennus;1.15
2018;075;Hamina;rakentamaton_rakennuspaikka;
2018;075;Hamina;vakituinen_asuinrakennus;0.55
2018;075;Hamina;yleinen_maapohja;1.25
2018;075;Hamina;yleinen_rakennus;1.25
2018;076;Hammarland;muu_asuinrakennus;0.9
2018;076;Hammarland;rakentamaton_rakennuspaikka;
2018;076;Hammarland;vakituinen_asuinrakennus;0
2018;076;Hammarland;yleinen_maapohja;0.2
2018;076;Hammarland;yleinen_rakennus;0.2
2018;077;Hankasalmi;muu_asuinrakennus;1.2
2018;077;Hankasalmi;rakentamaton_rakennuspaikka;
2018;077;Hankasalmi;vakituinen_asuinrakennus;0.6
2018;077;Hankasalmi;yleinen_maapohja;1.2
2018;077;Hankasalmi;yleinen_rakennus;1.2
2018;078;Hanko;muu_asuinrakennus;1.5
2018;078;Hanko;rakentamaton_rakennuspaikka;3
2018;078;Hanko;vakituinen_asuinrakennus;0.45
2018;078;Hanko;yleinen_maapohja;1.3
2018;078;Hanko;yleinen_rakennus;1.3
2018;079;Harjavalta;muu_asuinrakennus;0.98
2018;079;Harjavalta;rakentamaton_rakennuspaikka;
2018;079;Harjavalta;vakituinen_asuinrakennus;0.41
2018;079;Harjavalta;yleinen_maapohja;0.98
2018;079;Harjavalta;yleinen_rakennus;0.98
2018;081;Hartola;muu_asuinrakennus;1.1
2018;081;Hartola;rakentamaton_rakennuspaikka;
2018;081;Hartola;vakituinen_asuinrakennus;0.5
2018;081;Hartola;yleinen_maapohja;1
2018;081;Hartola;yleinen_rakennus;1
2018;082;Hattula;muu_asuinrakennus;1
2018;082;Hattula;rakentamaton_rakennuspaikka;
2018;082;Hattula;vakituinen_asuinrakennus;0.45
2018;082;Hattula;yleinen_maapohja;1
2018;082;Hattula;yleinen_rakennus;1
2018;086;Hausjärvi;muu_asuinrakennus;1.05
2018;086;Hausjärvi;rakentamaton_rakennuspaikka;4
2018;086;Hausjärvi;vakituinen_asuinrakennus;0.45
2018;086;Hausjärvi;yleinen_maapohja;1.25
2018;086;Hausjärvi;yleinen_rakennus;1.25
2018;090;Heinävesi;muu_asuinrakennus;1.4
2018;090;Heinävesi;rakentamaton_rakennuspaikka;
2018;090;Heinävesi;vakituinen_asuinrakennus;0.6
2018;090;Heinävesi;yleinen_maapohja;1.15
2018;090;Heinävesi;yleinen_rakennus;1.15
2018;091;Helsinki;muu_asuinrakennus;0.93
2018;091;Helsinki;rakentamaton_rakennuspaikka;3.93
2018;091;Helsinki;vakituinen_asuinrakennus;0.41
2018;091;Helsinki;yleinen_maapohja;0.93
2018;091;Helsinki;yleinen_rakennus;0.93
2018;092;Vantaa;muu_asuinrakennus;1
2018;092;Vantaa;rakentamaton_rakennuspaikka;4
2018;092;Vantaa;vakituinen_asuinrakennus;0.41
2018;092;Vantaa;yleinen_maapohja;1
2018;092;Vantaa;yleinen_rakennus;1
2018;097;Hirvensalmi;muu_asuinrakennus;1.15
2018;097;Hirvensalmi;rakentamaton_rakennuspaikka;2.6
2018;097;Hirvensalmi;vakituinen_asuinrakennus;0.41
2018;097;Hirvensalmi;yleinen_maapohja;0.95
2018;097;Hirvensalmi;yleinen_rakennus;0.95
2018;098;Hollola;muu_asuinrakennus;1.1
2018;098;Hollola;rakentamaton_rakennuspaikka;
2018;098;Hollola;vakituinen_asuinrakennus;0.55
2018;098;Hollola;yleinen_maapohja;1.15
2018;098;Hollola;yleinen_rakennus;1.15
2018;102;Huittinen;muu_asuinrakennus;1
2018;102;Huittinen;rakentamaton_rakennuspaikka;
2018;102;Huittinen;vakituinen_asuinrakennus;0.41
2018;102;Huittinen;yleinen_maapohja;0.93
2018;102;Huittinen;yleinen_rakennus;0.93
2018;103;Humppila;muu_asuinrakennus;1.3
2018;103;Humppila;rakentamaton_rakennuspaikka;3
2018;103;Humppila;vakituinen_asuinrakennus;0.55
2018;103;Humppila;yleinen_maapohja;1.3
2018;103;Humppila;yleinen_rakennus;1.3
2018;105;Hyrynsalmi;muu_asuinrakennus;1.15
2018;105;Hyrynsalmi;rakentamaton_rakennuspaikka;2
2018;105;Hyrynsalmi;vakituinen_asuinrakennus;0.55
2018;105;Hyrynsalmi;yleinen_maapohja;1
2018;105;Hyrynsalmi;yleinen_rakennus;1
2018;106;Hyvinkää;muu_asuinrakennus;1.05
2018;106;Hyvinkää;rakentamaton_rakennuspaikka;4.3
2018;106;Hyvinkää;vakituinen_asuinrakennus;0.45
2018;106;Hyvinkää;yleinen_maapohja;1.3
2018;106;Hyvinkää;yleinen_rakennus;1.3
2018;108;Hämeenkyrö;muu_asuinrakennus;1.15
2018;108;Hämeenkyrö;rakentamaton_rakennuspaikka;3
2018;108;Hämeenkyrö;vakituinen_asuinrakennus;0.48
2018;108;Hämeenkyrö;yleinen_maapohja;0.95
2018;108;Hämeenkyrö;yleinen_rakennus;0.95
2018;109;Hämeenlinna;muu_asuinrakennus;1.4
2018;109;Hämeenlinna;rakentamaton_rakennuspaikka;3.3
2018;109;Hämeenlinna;vakituinen_asuinrakennus;0.6
2018;109;Hämeenlinna;yleinen_maapohja;1.35
2018;109;Hämeenlinna;yleinen_rakennus;1.35
2018;111;Heinola;muu_asuinrakennus;1
2018;111;Heinola;rakentamaton_rakennuspaikka;
2018;111;Heinola;vakituinen_asuinrakennus;0.5
2018;111;Heinola;yleinen_maapohja;1
2018;111;Heinola;yleinen_rakennus;1
2018;139;Ii;muu_asuinrakennus;1.1
2018;139;Ii;rakentamaton_rakennuspaikka;3
2018;139;Ii;vakituinen_asuinrakennus;0.55
2018;139;Ii;yleinen_maapohja;1.2
2018;139;Ii;yleinen_rakennus;1.2
2018;140;Iisalmi;muu_asuinrakennus;0.93
2018;140;Iisalmi;rakentamaton_rakennuspaikka;3
2018;140;Iisalmi;vakituinen_asuinrakennus;0.55
2018;140;Iisalmi;yleinen_maapohja;1.1
2018;140;Iisalmi;yleinen_rakennus;1.1
2018;142;Iitti;muu_asuinrakennus;1.1
2018;142;Iitti;rakentamaton_rakennuspaikka;
2018;142;Iitti;vakituinen_asuinrakennus;0.5
2018;142;Iitti;yleinen_maapohja;1
2018;142;Iitti;yleinen_rakennus;1
2018;143;Ikaalinen;muu_asuinrakennus;1.19
2018;143;Ikaalinen;rakentamaton_rakennuspaikka;3
2018;143;Ikaalinen;vakituinen_asuinrakennus;0.59
2018;143;Ikaalinen;yleinen_maapohja;1.23
2018;143;Ikaalinen;yleinen_rakennus;1.23
2018;145;Ilmajoki;muu_asuinrakennus;1.2
2018;145;Ilmajoki;rakentamaton_rakennuspaikka;3
2018;145;Ilmajoki;vakituinen_asuinrakennus;0.5
2018;145;Ilmajoki;yleinen_maapohja;0.93
2018;145;Ilmajoki;yleinen_rakennus;0.93
2018;146;Ilomantsi;muu_asuinrakennus;0.93
2018;146;Ilomantsi;rakentamaton_rakennuspaikka;
2018;146;Ilomantsi;vakituinen_asuinrakennus;0.41
2018;146;Ilomantsi;yleinen_maapohja;0.93
2018;146;Ilomantsi;yleinen_rakennus;0.93
2018;148;Inari;muu_asuinrakennus;1.15
2018;148;Inari;rakentamaton_rakennuspaikka;3
2018;148;Inari;vakituinen_asuinrakennus;0.55
2018;148;Inari;yleinen_maapohja;1.35
2018;148;Inari;yleinen_rakennus;1.35
2018;149;Inkoo;muu_asuinrakennus;1.55
2018;149;Inkoo;rakentamaton_rakennuspaikka;2
2018;149;Inkoo;vakituinen_asuinrakennus;0.65
2018;149;Inkoo;yleinen_maapohja;1.1
2018;149;Inkoo;yleinen_rakennus;1.1
2018;151;Isojoki;muu_asuinrakennus;0.93
2018;151;Isojoki;rakentamaton_rakennuspaikka;2
2018;151;Isojoki;vakituinen_asuinrakennus;0.5
2018;151;Isojoki;yleinen_maapohja;0.93
2018;151;Isojoki;yleinen_rakennus;0.93
2018;152;Isokyrö;muu_asuinrakennus;1.1
2018;152;Isokyrö;rakentamaton_rakennuspaikka;
2018;152;Isokyrö;vakituinen_asuinrakennus;0.65
2018;152;Isokyrö;yleinen_maapohja;0.93
2018;152;Isokyrö;yleinen_rakennus;0.93
2018;153;Imatra;muu_asuinrakennus;1
2018;153;Imatra;rakentamaton_rakennuspaikka;
2018;153;Imatra;vakituinen_asuinrakennus;0.41
2018;153;Imatra;yleinen_maapohja;1.55
2018;153;Imatra;yleinen_rakennus;1.55
2018;165;Janakkala;muu_asuinrakennus;1.1
2018;165;Janakkala;rakentamaton_rakennuspaikka;4
2018;165;Janakkala;vakituinen_asuinrakennus;0.5
2018;165;Janakkala;yleinen_maapohja;1.1
2018;165;Janakkala;yleinen_rakennus;1.1
2018;167;Joensuu;muu_asuinrakennus;1
2018;167;Joensuu;rakentamaton_rakennuspaikka;
2018;167;Joensuu;vakituinen_asuinrakennus;0.45
2018;167;Joensuu;yleinen_maapohja;1.1
2018;167;Joensuu;yleinen_rakennus;1.1
2018;169;Jokioinen;muu_asuinrakennus;1
2018;169;Jokioinen;rakentamaton_rakennuspaikka;2
2018;169;Jokioinen;vakituinen_asuinrakennus;0.41
2018;169;Jokioinen;yleinen_maapohja;0.93
2018;169;Jokioinen;yleinen_rakennus;0.93
2018;170;Jomala;muu_asuinrakennus;0.9
2018;170;Jomala;rakentamaton_rakennuspaikka;1
2018;170;Jomala;vakituinen_asuinrakennus;0
2018;170;Jomala;yleinen_maapohja;0.45
2018;170;Jomala;yleinen_rakennus;0.45
2018;171;Joroinen;muu_asuinrakennus;1.1
2018;171;Joroinen;rakentamaton_rakennuspaikka;
2018;171;Joroinen;vakituinen_asuinrakennus;0.5
2018;171;Joroinen;yleinen_maapohja;1.05
2018;171;Joroinen;yleinen_rakennus;1.05
2018;172;Joutsa;muu_asuinrakennus;1.2
2018;172;Joutsa;rakentamaton_rakennuspaikka;
2018;172;Joutsa;vakituinen_asuinrakennus;0.6
2018;172;Joutsa;yleinen_maapohja;1.1
2018;172;Joutsa;yleinen_rakennus;1.1
2018;176;Juuka;muu_asuinrakennus;0.99
2018;176;Juuka;rakentamaton_rakennuspaikka;
2018;176;Juuka;vakituinen_asuinrakennus;0.45
2018;176;Juuka;yleinen_maapohja;1
2018;176;Juuka;yleinen_rakennus;1
2018;177;Juupajoki;muu_asuinrakennus;1.05
2018;177;Juupajoki;rakentamaton_rakennuspaikka;
2018;177;Juupajoki;vakituinen_asuinrakennus;0.45
2018;177;Juupajoki;yleinen_maapohja;1.15
2018;177;Juupajoki;yleinen_rakennus;1.15
2018;178;Juva;muu_asuinrakennus;1.03
2018;178;Juva;rakentamaton_rakennuspaikka;2
2018;178;Juva;vakituinen_asuinrakennus;0.43
2018;178;Juva;yleinen_maapohja;0.95
2018;178;Juva;yleinen_rakennus;0.95
2018;179;Jyväskylä;muu_asuinrakennus;1.55
2018;179;Jyväskylä;rakentamaton_rakennuspaikka;4
2018;179;Jyväskylä;vakituinen_asuinrakennus;0.55
2018;179;Jyväskylä;yleinen_maapohja;1.3
2018;179;Jyväskylä;yleinen_rakennus;1.3
2018;181;Jämijärvi;muu_asuinrakennus;1.03
2018;181;Jämijärvi;rakentamaton_rakennuspaikka;2.5
2018;181;Jämijärvi;vakituinen_asuinrakennus;0.45
2018;181;Jämijärvi;yleinen_maapohja;1.03
2018;181;Jämijärvi;yleinen_rakennus;1.03
2018;182;Jämsä;muu_asuinrakennus;1.05
2018;182;Jämsä;rakentamaton_rakennuspaikka;3
2018;182;Jämsä;vakituinen_asuinrakennus;0.45
2018;182;Jämsä;yleinen_maapohja;1
2018;182;Jämsä;yleinen_rakennus;1
2018;186;Järvenpää;muu_asuinrakennus;1.15
2018;186;Järvenpää;rakentamaton_rakennuspaikka;4.35
2018;186;Järvenpää;vakituinen_asuinrakennus;0.55
2018;186;Järvenpää;yleinen_maapohja;1.35
2018;186;Järvenpää;yleinen_rakennus;1.35
2018;202;Kaarina;muu_asuinrakennus;1
2018;202;Kaarina;rakentamaton_rakennuspaikka;4
2018;202;Kaarina;vakituinen_asuinrakennus;0.41
2018;202;Kaarina;yleinen_maapohja;1
2018;202;Kaarina;yleinen_rakennus;1
2018;204;Kaavi;muu_asuinrakennus;1.55
2018;204;Kaavi;rakentamaton_rakennuspaikka;
2018;204;Kaavi;vakituinen_asuinrakennus;0.75
2018;204;Kaavi;yleinen_maapohja;1.5
2018;204;Kaavi;yleinen_rakennus;1.5
2018;205;Kajaani;muu_asuinrakennus;1.55
2018;205;Kajaani;rakentamaton_rakennuspaikka;4.1
2018;205;Kajaani;vakituinen_asuinrakennus;0.55
2018;205;Kajaani;yleinen_maapohja;1.1
2018;205;Kajaani;yleinen_rakennus;1.1
2018;208;Kalajoki;muu_asuinrakennus;1.1
2018;208;Kalajoki;rakentamaton_rakennuspaikka;
2018;208;Kalajoki;vakituinen_asuinrakennus;0.5
2018;208;Kalajoki;yleinen_maapohja;1
2018;208;Kalajoki;yleinen_rakennus;1
2018;211;Kangasala;muu_asuinrakennus;1.03
2018;211;Kangasala;rakentamaton_rakennuspaikka;2
2018;211;Kangasala;vakituinen_asuinrakennus;0.43
2018;211;Kangasala;yleinen_maapohja;0.93
2018;211;Kangasala;yleinen_rakennus;0.93
2018;213;Kangasniemi;muu_asuinrakennus;1.05
2018;213;Kangasniemi;rakentamaton_rakennuspaikka;2
2018;213;Kangasniemi;vakituinen_asuinrakennus;0.45
2018;213;Kangasniemi;yleinen_maapohja;0.93
2018;213;Kangasniemi;yleinen_rakennus;0.93
2018;214;Kankaanpää;muu_asuinrakennus;1.05
2018;214;Kankaanpää;rakentamaton_rakennuspaikka;5.5
2018;214;Kankaanpää;vakituinen_asuinrakennus;0.45
2018;214;Kankaanpää;yleinen_maapohja;1.2
2018;214;Kankaanpää;yleinen_rakennus;1.2
2018;216;Kannonkoski;muu_asuinrakennus;1.1
2018;216;Kannonkoski;rakentamaton_rakennuspaikka;
2018;216;Kannonkoski;vakituinen_asuinrakennus;0.5
2018;216;Kannonkoski;yleinen_maapohja;0.95
2018;216;Kannonkoski;yleinen_rakennus;0.95
2018;217;Kannus;muu_asuinrakennus;1
2018;217;Kannus;rakentamaton_rakennuspaikka;
2018;217;Kannus;vakituinen_asuinrakennus;0.55
2018;217;Kannus;yleinen_maapohja;1.15
2018;217;Kannus;yleinen_rakennus;1.15
2018;218;Karijoki;muu_asuinrakennus;1
2018;218;Karijoki;rakentamaton_rakennuspaikka;
2018;218;Karijoki;vakituinen_asuinrakennus;0.5
2018;218;Karijoki;yleinen_maapohja;0.93
2018;218;Karijoki;yleinen_rakennus;0.93
2018;224;Karkkila;muu_asuinrakennus;1.25
2018;224;Karkkila;rakentamaton_rakennuspaikka;3
2018;224;Karkkila;vakituinen_asuinrakennus;0.65
2018;224;Karkkila;yleinen_maapohja;1.1
2018;224;Karkkila;yleinen_rakennus;1.1
2018;226;Karstula;muu_asuinrakennus;1.36
2018;226;Karstula;rakentamaton_rakennuspaikka;
2018;226;Karstula;vakituinen_asuinrakennus;0.48
2018;226;Karstula;yleinen_maapohja;1.03
2018;226;Karstula;yleinen_rakennus;1.03
2018;230;Karvia;muu_asuinrakennus;0.93
2018;230;Karvia;rakentamaton_rakennuspaikka;
2018;230;Karvia;vakituinen_asuinrakennus;0.41
2018;230;Karvia;yleinen_maapohja;0.93
2018;230;Karvia;yleinen_rakennus;0.93
2018;231;Kaskinen;muu_asuinrakennus;1.4
2018;231;Kaskinen;rakentamaton_rakennuspaikka;6
2018;231;Kaskinen;vakituinen_asuinrakennus;0.7
2018;231;Kaskinen;yleinen_maapohja;1.2
2018;231;Kaskinen;yleinen_rakennus;1.2
2018;232;Kauhajoki;muu_asuinrakennus;1.2
2018;232;Kauhajoki;rakentamaton_rakennuspaikka;3
2018;232;Kauhajoki;vakituinen_asuinrakennus;0.65
2018;232;Kauhajoki;yleinen_maapohja;0.93
2018;232;Kauhajoki;yleinen_rakennus;0.93
2018;233;Kauhava;muu_asuinrakennus;1.1
2018;233;Kauhava;rakentamaton_rakennuspaikka;2
2018;233;Kauhava;vakituinen_asuinrakennus;0.55
2018;233;Kauhava;yleinen_maapohja;0.95
2018;233;Kauhava;yleinen_rakennus;0.95
2018;235;Kauniainen;muu_asuinrakennus;0.93
2018;235;Kauniainen;rakentamaton_rakennuspaikka;3.93
2018;235;Kauniainen;vakituinen_asuinrakennus;0.41
2018;235;Kauniainen;yleinen_maapohja;0.93
2018;235;Kauniainen;yleinen_rakennus;0.93
2018;236;Kaustinen;muu_asuinrakennus;1.03
2018;236;Kaustinen;rakentamaton_rakennuspaikka;3
2018;236;Kaustinen;vakituinen_asuinrakennus;0.5
2018;236;Kaustinen;yleinen_maapohja;1.03
2018;236;Kaustinen;yleinen_rakennus;1.03
2018;239;Keitele;muu_asuinrakennus;1
2018;239;Keitele;rakentamaton_rakennuspaikka;
2018;239;Keitele;vakituinen_asuinrakennus;0.45
2018;239;Keitele;yleinen_maapohja;0.95
2018;239;Keitele;yleinen_rakennus;0.95
2018;240;Kemi;muu_asuinrakennus;1
2018;240;Kemi;rakentamaton_rakennuspaikka;6
2018;240;Kemi;vakituinen_asuinrakennus;0.5
2018;240;Kemi;yleinen_maapohja;1.13
2018;240;Kemi;yleinen_rakennus;1.13
2018;241;Keminmaa;muu_asuinrakennus;1
2018;241;Keminmaa;rakentamaton_rakennuspaikka;4
2018;241;Keminmaa;vakituinen_asuinrakennus;0.41
2018;241;Keminmaa;yleinen_maapohja;1.15
2018;241;Keminmaa;yleinen_rakennus;1.15
2018;244;Kempele;muu_asuinrakennus;1.1
2018;244;Kempele;rakentamaton_rakennuspaikka;3
2018;244;Kempele;vakituinen_asuinrakennus;0.43
2018;244;Kempele;yleinen_maapohja;1.1
2018;244;Kempele;yleinen_rakennus;1.1
2018;245;Kerava;muu_asuinrakennus;0.93
2018;245;Kerava;rakentamaton_rakennuspaikka;4.32
2018;245;Kerava;vakituinen_asuinrakennus;0.41
2018;245;Kerava;yleinen_maapohja;1.32
2018;245;Kerava;yleinen_rakennus;1.32
2018;249;Keuruu;muu_asuinrakennus;1
2018;249;Keuruu;rakentamaton_rakennuspaikka;
2018;249;Keuruu;vakituinen_asuinrakennus;0.41
2018;249;Keuruu;yleinen_maapohja;1
2018;249;Keuruu;yleinen_rakennus;1
2018;250;Kihniö;muu_asuinrakennus;1.1
2018;250;Kihniö;rakentamaton_rakennuspaikka;
2018;250;Kihniö;vakituinen_asuinrakennus;0.55
2018;250;Kihniö;yleinen_maapohja;1.1
2018;250;Kihniö;yleinen_rakennus;1.1
2018;256;Kinnula;muu_asuinrakennus;1.1
2018;256;Kinnula;rakentamaton_rakennuspaikka;2.5
2018;256;Kinnula;vakituinen_asuinrakennus;0.55
2018;256;Kinnula;yleinen_maapohja;1
2018;256;Kinnula;yleinen_rakennus;1
2018;257;Kirkkonummi;muu_asuinrakennus;1.4
2018;257;Kirkkonummi;rakentamaton_rakennuspaikka;3.93
2018;257;Kirkkonummi;vakituinen_asuinrakennus;0.41
2018;257;Kirkkonummi;yleinen_maapohja;0.93
2018;257;Kirkkonummi;yleinen_rakennus;0.93
2018;260;Kitee;muu_asuinrakennus;1.1
2018;260;Kitee;rakentamaton_rakennuspaikka;
2018;260;Kitee;vakituinen_asuinrakennus;0.55
2018;260;Kitee;yleinen_maapohja;0.95
2018;260;Kitee;yleinen_rakennus;0.95
2018;261;Kittilä;muu_asuinrakennus;1.16
2018;261;Kittilä;rakentamaton_rakennuspaikka;
2018;261;Kittilä;vakituinen_asuinrakennus;0.43
2018;261;Kittilä;yleinen_maapohja;1.16
2018;261;Kittilä;yleinen_rakennus;1.16
2018;263;Kiuruvesi;muu_asuinrakennus;1
2018;263;Kiuruvesi;rakentamaton_rakennuspaikka;3
2018;263;Kiuruvesi;vakituinen_asuinrakennus;0.55
2018;263;Kiuruvesi;yleinen_maapohja;0.93
2018;263;Kiuruvesi;yleinen_rakennus;0.93
2018;265;Kivijärvi;muu_asuinrakennus;1.3
2018;265;Kivijärvi;rakentamaton_rakennuspaikka;2.5
2018;265;Kivijärvi;vakituinen_asuinrakennus;0.5
2018;265;Kivijärvi;yleinen_maapohja;1.1
2018;265;Kivijärvi;yleinen_rakennus;1.1
2018;271;Kokemäki;muu_asuinrakennus;1.21
2018;271;Kokemäki;rakentamaton_rakennuspaikka;4
2018;271;Kokemäki;vakituinen_asuinrakennus;0.51
2018;271;Kokemäki;yleinen_maapohja;1.2
2018;271;Kokemäki;yleinen_rakennus;1.2
2018;272;Kokkola;muu_asuinrakennus;1.1
2018;272;Kokkola;rakentamaton_rakennuspaikka;3.25
2018;272;Kokkola;vakituinen_asuinrakennus;0.7
2018;272;Kokkola;yleinen_maapohja;1.25
2018;272;Kokkola;yleinen_rakennus;1.25
2018;273;Kolari;muu_asuinrakennus;1.2
2018;273;Kolari;rakentamaton_rakennuspaikka;2
2018;273;Kolari;vakituinen_asuinrakennus;0.47
2018;273;Kolari;yleinen_maapohja;1.03
2018;273;Kolari;yleinen_rakennus;1.03
2018;275;Konnevesi;muu_asuinrakennus;1.2
2018;275;Konnevesi;rakentamaton_rakennuspaikka;
2018;275;Konnevesi;vakituinen_asuinrakennus;0.55
2018;275;Konnevesi;yleinen_maapohja;1.1
2018;275;Konnevesi;yleinen_rakennus;1.1
2018;276;Kontiolahti;muu_asuinrakennus;1
2018;276;Kontiolahti;rakentamaton_rakennuspaikka;
2018;276;Kontiolahti;vakituinen_asuinrakennus;0.41
2018;276;Kontiolahti;yleinen_maapohja;0.93
2018;276;Kontiolahti;yleinen_rakennus;0.93
2018;280;Korsnäs;muu_asuinrakennus;1.3
2018;280;Korsnäs;rakentamaton_rakennuspaikka;
2018;280;Korsnäs;vakituinen_asuinrakennus;0.5
2018;280;Korsnäs;yleinen_maapohja;0.93
2018;280;Korsnäs;yleinen_rakennus;0.93
2018;284;Koski Tl;muu_asuinrakennus;0.93
2018;284;Koski Tl;rakentamaton_rakennuspaikka;
2018;284;Koski Tl;vakituinen_asuinrakennus;0.41
2018;284;Koski Tl;yleinen_maapohja;0.93
2018;284;Koski Tl;yleinen_rakennus;0.93
2018;285;Kotka;muu_asuinrakennus;1.15
2018;285;Kotka;rakentamaton_rakennuspaikka;
2018;285;Kotka;vakituinen_asuinrakennus;0.55
2018;285;Kotka;yleinen_maapohja;1.35
2018;285;Kotka;yleinen_rakennus;1.35
2018;286;Kouvola;muu_asuinrakennus;1.35
2018;286;Kouvola;rakentamaton_rakennuspaikka;
2018;286;Kouvola;vakituinen_asuinrakennus;0.65
2018;286;Kouvola;yleinen_maapohja;1.45
2018;286;Kouvola;yleinen_rakennus;1.45
2018;287;Kristiinankaupunki;muu_asuinrakennus;1.2
2018;287;Kristiinankaupunki;rakentamaton_rakennuspaikka;
2018;287;Kristiinankaupunki;vakituinen_asuinrakennus;0.6
2018;287;Kristiinankaupunki;yleinen_maapohja;0.93
2018;287;Kristiinankaupunki;yleinen_rakennus;0.93
2018;288;Kruunupyy;muu_asuinrakennus;1.3
2018;288;Kruunupyy;rakentamaton_rakennuspaikka;4
2018;288;Kruunupyy;vakituinen_asuinrakennus;0.65
2018;288;Kruunupyy;yleinen_maapohja;1.1
2018;288;Kruunupyy;yleinen_rakennus;1.1
2018;290;Kuhmo;muu_asuinrakennus;1.08
2018;290;Kuhmo;rakentamaton_rakennuspaikka;2
2018;290;Kuhmo;vakituinen_asuinrakennus;0.54
2018;290;Kuhmo;yleinen_maapohja;0.98
2018;290;Kuhmo;yleinen_rakennus;0.98
2018;291;Kuhmoinen;muu_asuinrakennus;1.1
2018;291;Kuhmoinen;rakentamaton_rakennuspaikka;
2018;291;Kuhmoinen;vakituinen_asuinrakennus;0.5
2018;291;Kuhmoinen;yleinen_maapohja;1
2018;291;Kuhmoinen;yleinen_rakennus;1
2018;295;Kumlinge;muu_asuinrakennus;0.9
2018;295;Kumlinge;rakentamaton_rakennuspaikka;
2018;295;Kumlinge;vakituinen_asuinrakennus;0.4
2018;295;Kumlinge;yleinen_maapohja;0.6
2018;295;Kumlinge;yleinen_rakennus;0.6
2018;297;Kuopio;muu_asuinrakennus;1.1
2018;297;Kuopio;rakentamaton_rakennuspaikka;3
2018;297;Kuopio;vakituinen_asuinrakennus;0.52
2018;297;Kuopio;yleinen_maapohja;1.3
2018;297;Kuopio;yleinen_rakennus;1.3
2018;300;Kuortane;muu_asuinrakennus;1.05
2018;300;Kuortane;rakentamaton_rakennuspaikka;
2018;300;Kuortane;vakituinen_asuinrakennus;0.45
2018;300;Kuortane;yleinen_maapohja;0.93
2018;300;Kuortane;yleinen_rakennus;0.93
2018;301;Kurikka;muu_asuinrakennus;1.2
2018;301;Kurikka;rakentamaton_rakennuspaikka;4
2018;301;Kurikka;vakituinen_asuinrakennus;0.6
2018;301;Kurikka;yleinen_maapohja;0.93
2018;301;Kurikka;yleinen_rakennus;0.93
2018;304;Kustavi;muu_asuinrakennus;0.98
2018;304;Kustavi;rakentamaton_rakennuspaikka;
2018;304;Kustavi;vakituinen_asuinrakennus;0.41
2018;304;Kustavi;yleinen_maapohja;0.93
2018;304;Kustavi;yleinen_rakennus;0.93
2018;305;Kuusamo;muu_asuinrakennus;1.1
2018;305;Kuusamo;rakentamaton_rakennuspaikka;
2018;305;Kuusamo;vakituinen_asuinrakennus;0.5
2018;305;Kuusamo;yleinen_maapohja;1.1
2018;305;Kuusamo;yleinen_rakennus;1.1
2018;309;Outokumpu;muu_asuinrakennus;1.25
2018;309;Outokumpu;rakentamaton_rakennuspaikka;
2018;309;Outokumpu;vakituinen_asuinrakennus;0.65
2018;309;Outokumpu;yleinen_maapohja;1.1
2018;309;Outokumpu;yleinen_rakennus;1.1
2018;312;Kyyjärvi;muu_asuinrakennus;1.3
2018;312;Kyyjärvi;rakentamaton_rakennuspaikka;3.5
2018;312;Kyyjärvi;vakituinen_asuinrakennus;0.65
2018;312;Kyyjärvi;yleinen_maapohja;1.15
2018;312;Kyyjärvi;yleinen_rakennus;1.15
2018;316;Kärkölä;muu_asuinrakennus;1.2
2018;316;Kärkölä;rakentamaton_rakennuspaikka;4.35
2018;316;Kärkölä;vakituinen_asuinrakennus;0.6
2018;316;Kärkölä;yleinen_maapohja;1.35
2018;316;Kärkölä;yleinen_rakennus;1.35
2018;317;Kärsämäki;muu_asuinrakennus;1.1
2018;317;Kärsämäki;rakentamaton_rakennuspaikka;3
2018;317;Kärsämäki;vakituinen_asuinrakennus;0.65
2018;317;Kärsämäki;yleinen_maapohja;0.93
2018;317;Kärsämäki;yleinen_rakennus;0.93
2018;318;Kökar;muu_asuinrakennus;0.9
2018;318;Kökar;rakentamaton_rakennuspaikka;
2018;318;Kökar;vakituinen_asuinrakennus;0
2018;318;Kökar;yleinen_maapohja;0.8
2018;318;Kökar;yleinen_rakennus;0.8
2018;320;Kemijärvi;muu_asuinrakennus;1.35
2018;320;Kemijärvi;rakentamaton_rakennuspaikka;
2018;320;Kemijärvi;vakituinen_asuinrakennus;0.5
2018;320;Kemijärvi;yleinen_maapohja;1.2
2018;320;Kemijärvi;yleinen_rakennus;1.2
2018;322;Kemiönsaari;muu_asuinrakennus;1.1
2018;322;Kemiönsaari;rakentamaton_rakennuspaikka;
2018;322;Kemiönsaari;vakituinen_asuinrakennus;0.41
2018;322;Kemiönsaari;yleinen_maapohja;1.1
2018;322;Kemiönsaari;yleinen_rakennus;1.1
2018;398;Lahti;muu_asuinrakennus;1.35
2018;398;Lahti;rakentamaton_rakennuspaikka;4
2018;398;Lahti;vakituinen_asuinrakennus;0.6
2018;398;Lahti;yleinen_maapohja;1.35
2018;398;Lahti;yleinen_rakennus;1.35
2018;399;Laihia;muu_asuinrakennus;1
2018;399;Laihia;rakentamaton_rakennuspaikka;3
2018;399;Laihia;vakituinen_asuinrakennus;0.5
2018;399;Laihia;yleinen_maapohja;1
2018;399;Laihia;yleinen_rakennus;1
2018;400;Laitila;muu_asuinrakennus;1
2018;400;Laitila;rakentamaton_rakennuspaikka;3
2018;400;Laitila;vakituinen_asuinrakennus;0.41
2018;400;Laitila;yleinen_maapohja;0.93
2018;400;Laitila;yleinen_rakennus;0.93
2018;402;Lapinlahti;muu_asuinrakennus;1
2018;402;Lapinlahti;rakentamaton_rakennuspaikka;2
2018;402;Lapinlahti;vakituinen_asuinrakennus;0.6
2018;402;Lapinlahti;yleinen_maapohja;0.93
2018;402;Lapinlahti;yleinen_rakennus;0.93
2018;403;Lappajärvi;muu_asuinrakennus;1.15
2018;403;Lappajärvi;rakentamaton_rakennuspaikka;
2018;403;Lappajärvi;vakituinen_asuinrakennus;0.55
2018;403;Lappajärvi;yleinen_maapohja;1
2018;403;Lappajärvi;yleinen_rakennus;1
2018;405;Lappeenranta;muu_asuinrakennus;1.15
2018;405;Lappeenranta;rakentamaton_rakennuspaikka;3
2018;405;Lappeenranta;vakituinen_asuinrakennus;0.55
2018;405;Lappeenranta;yleinen_maapohja;1.3
2018;405;Lappeenranta;yleinen_rakennus;1.3
2018;407;Lapinjärvi;muu_asuinrakennus;1.1
2018;407;Lapinjärvi;rakentamaton_rakennuspaikka;
2018;407;Lapinjärvi;vakituinen_asuinrakennus;0.5
2018;407;Lapinjärvi;yleinen_maapohja;1
2018;407;Lapinjärvi;yleinen_rakennus;1
2018;408;Lapua;muu_asuinrakennus;1.05
2018;408;Lapua;rakentamaton_rakennuspaikka;4
2018;408;Lapua;vakituinen_asuinrakennus;0.45
2018;408;Lapua;yleinen_maapohja;1.05
2018;408;Lapua;yleinen_rakennus;1.05
2018;410;Laukaa;muu_asuinrakennus;1.2
2018;410;Laukaa;rakentamaton_rakennuspaikka;3
2018;410;Laukaa;vakituinen_asuinrakennus;0.6
2018;410;Laukaa;yleinen_maapohja;1.1
2018;410;Laukaa;yleinen_rakennus;1.1
2018;416;Lemi;muu_asuinrakennus;1.13
2018;416;Lemi;rakentamaton_rakennuspaikka;4
2018;416;Lemi;vakituinen_asuinrakennus;0.53
2018;416;Lemi;yleinen_maapohja;1.13
2018;416;Lemi;yleinen_rakennus;1.13
2018;417;Lemland;muu_asuinrakennus;0.9
2018;417;Lemland;rakentamaton_rakennuspaikka;0
2018;417;Lemland;vakituinen_asuinrakennus;0
2018;417;Lemland;yleinen_maapohja;0.7
2018;417;Lemland;yleinen_rakennus;0.7
2018;418;Lempäälä;muu_asuinrakennus;1
2018;418;Lempäälä;rakentamaton_rakennuspaikka;3
2018;418;Lempäälä;vakituinen_asuinrakennus;0.45
2018;418;Lempäälä;yleinen_maapohja;0.95
2018;418;Lempäälä;yleinen_rakennus;0.95
2018;420;Leppävirta;muu_asuinrakennus;1
2018;420;Leppävirta;rakentamaton_rakennuspaikka;2
2018;420;Leppävirta;vakituinen_asuinrakennus;0.45
2018;420;Leppävirta;yleinen_maapohja;1
2018;420;Leppävirta;yleinen_rakennus;1
2018;421;Lestijärvi;muu_asuinrakennus;1.4
2018;421;Lestijärvi;rakentamaton_rakennuspaikka;
2018;421;Lestijärvi;vakituinen_asuinrakennus;0.5
2018;421;Lestijärvi;yleinen_maapohja;1
2018;421;Lestijärvi;yleinen_rakennus;1
2018;422;Lieksa;muu_asuinrakennus;0.95
2018;422;Lieksa;rakentamaton_rakennuspaikka;
2018;422;Lieksa;vakituinen_asuinrakennus;0.43
2018;422;Lieksa;yleinen_maapohja;1
2018;422;Lieksa;yleinen_rakennus;1
2018;423;Lieto;muu_asuinrakennus;1
2018;423;Lieto;rakentamaton_rakennuspaikka;3
2018;423;Lieto;vakituinen_asuinrakennus;0.41
2018;423;Lieto;yleinen_maapohja;1
2018;423;Lieto;yleinen_rakennus;1
2018;425;Liminka;muu_asuinrakennus;1.03
2018;425;Liminka;rakentamaton_rakennuspaikka;3
2018;425;Liminka;vakituinen_asuinrakennus;0.43
2018;425;Liminka;yleinen_maapohja;0.94
2018;425;Liminka;yleinen_rakennus;0.94
2018;426;Liperi;muu_asuinrakennus;1
2018;426;Liperi;rakentamaton_rakennuspaikka;
2018;426;Liperi;vakituinen_asuinrakennus;0.5
2018;426;Liperi;yleinen_maapohja;0.93
2018;426;Liperi;yleinen_rakennus;0.93
2018;430;Loimaa;muu_asuinrakennus;1.05
2018;430;Loimaa;rakentamaton_rakennuspaikka;
2018;430;Loimaa;vakituinen_asuinrakennus;0.5
2018;430;Loimaa;yleinen_maapohja;1
2018;430;Loimaa;yleinen_rakennus;1
2018;433;Loppi;muu_asuinrakennus;1
2018;433;Loppi;rakentamaton_rakennuspaikka;3
2018;433;Loppi;vakituinen_asuinrakennus;0.41
2018;433;Loppi;yleinen_maapohja;1
2018;433;Loppi;yleinen_rakennus;1
2018;434;Loviisa;muu_asuinrakennus;1.2
2018;434;Loviisa;rakentamaton_rakennuspaikka;3
2018;434;Loviisa;vakituinen_asuinrakennus;0.5
2018;434;Loviisa;yleinen_maapohja;1
2018;434;Loviisa;yleinen_rakennus;1
2018;435;Luhanka;muu_asuinrakennus;1.3
2018;435;Luhanka;rakentamaton_rakennuspaikka;
2018;435;Luhanka;vakituinen_asuinrakennus;0.5
2018;435;Luhanka;yleinen_maapohja;1.2
2018;435;Luhanka;yleinen_rakennus;1.2
2018;436;Lumijoki;muu_asuinrakennus;1.15
2018;436;Lumijoki;rakentamaton_rakennuspaikka;6
2018;436;Lumijoki;vakituinen_asuinrakennus;0.5
2018;436;Lumijoki;yleinen_maapohja;0.95
2018;436;Lumijoki;yleinen_rakennus;0.95
2018;438;Lumparland;muu_asuinrakennus;0.9
2018;438;Lumparland;rakentamaton_rakennuspaikka;
2018;438;Lumparland;vakituinen_asuinrakennus;0
2018;438;Lumparland;yleinen_maapohja;0.6
2018;438;Lumparland;yleinen_rakennus;0.6
2018;440;Luoto;muu_asuinrakennus;1.05
2018;440;Luoto;rakentamaton_rakennuspaikka;4
2018;440;Luoto;vakituinen_asuinrakennus;0.41
2018;440;Luoto;yleinen_maapohja;1.2
2018;440;Luoto;yleinen_rakennus;1.2
2018;441;Luumäki;muu_asuinrakennus;1
2018;441;Luumäki;rakentamaton_rakennuspaikka;
2018;441;Luumäki;vakituinen_asuinrakennus;0.45
2018;441;Luumäki;yleinen_maapohja;0.95
2018;441;Luumäki;yleinen_rakennus;0.95
2018;444;Lohja;muu_asuinrakennus;1.05
2018;444;Lohja;rakentamaton_rakennuspaikka;3
2018;444;Lohja;vakituinen_asuinrakennus;0.45
2018;444;Lohja;yleinen_maapohja;1.03
2018;444;Lohja;yleinen_rakennus;1.03
2018;445;Parainen;muu_asuinrakennus;1.5
2018;445;Parainen;rakentamaton_rakennuspaikka;3
2018;445;Parainen;vakituinen_asuinrakennus;0.47
2018;445;Parainen;yleinen_maapohja;1.5
2018;445;Parainen;yleinen_rakennus;1.5
2018;475;Maalahti;muu_asuinrakennus;1.1
2018;475;Maalahti;rakentamaton_rakennuspaikka;
2018;475;Maalahti;vakituinen_asuinrakennus;0.5
2018;475;Maalahti;yleinen_maapohja;0.93
2018;475;Maalahti;yleinen_rakennus;0.93
2018;478;Maarianhamina - Mariehamn;muu_asuinrakennus;0.9
2018;478;Maarianhamina - Mariehamn;rakentamaton_rakennuspaikka;2
2018;478;Maarianhamina - Mariehamn;vakituinen_asuinrakennus;0.3
2018;478;Maarianhamina - Mariehamn;yleinen_maapohja;0.3
2018;478;Maarianhamina - Mariehamn;yleinen_rakennus;0.3
2018;480;Marttila;muu_asuinrakennus;0.95
2018;480;Marttila;rakentamaton_rakennuspaikka;
2018;480;Marttila;vakituinen_asuinrakennus;0.45
2018;480;Marttila;yleinen_maapohja;0.95
2018;480;Marttila;yleinen_rakennus;0.95
2018;481;Masku;muu_asuinrakennus;1
2018;481;Masku;rakentamaton_rakennuspaikka;2
2018;481;Masku;vakituinen_asuinrakennus;0.41
2018;481;Masku;yleinen_maapohja;0.95
2018;481;Masku;yleinen_rakennus;0.95
2018;483;Merijärvi;muu_asuinrakennus;1.03
2018;483;Merijärvi;rakentamaton_rakennuspaikka;
2018;483;Merijärvi;vakituinen_asuinrakennus;0.45
2018;483;Merijärvi;yleinen_maapohja;1.03
2018;483;Merijärvi;yleinen_rakennus;1.03
2018;484;Merikarvia;muu_asuinrakennus;1
2018;484;Merikarvia;rakentamaton_rakennuspaikka;3
2018;484;Merikarvia;vakituinen_asuinrakennus;0.41
2018;484;Merikarvia;yleinen_maapohja;0.93
2018;484;Merikarvia;yleinen_rakennus;0.93
2018;489;Miehikkälä;muu_asuinrakennus;1.1
2018;489;Miehikkälä;rakentamaton_rakennuspaikka;
2018;489;Miehikkälä;vakituinen_asuinrakennus;0.5
2018;489;Miehikkälä;yleinen_maapohja;1.1
2018;489;Miehikkälä;yleinen_rakennus;1.1
2018;491;Mikkeli;muu_asuinrakennus;1.15
2018;491;Mikkeli;rakentamaton_rakennuspaikka;3.3
2018;491;Mikkeli;vakituinen_asuinrakennus;0.58
2018;491;Mikkeli;yleinen_maapohja;1.25
2018;491;Mikkeli;yleinen_rakennus;1.25
2018;494;Muhos;muu_asuinrakennus;1
2018;494;Muhos;rakentamaton_rakennuspaikka;6
2018;494;Muhos;vakituinen_asuinrakennus;0.45
2018;494;Muhos;yleinen_maapohja;0.93
2018;494;Muhos;yleinen_rakennus;0.93
2018;495;Multia;muu_asuinrakennus;1.05
2018;495;Multia;rakentamaton_rakennuspaikka;2
2018;495;Multia;vakituinen_asuinrakennus;0.45
2018;495;Multia;yleinen_maapohja;1
2018;495;Multia;yleinen_rakennus;1
2018;498;Muonio;muu_asuinrakennus;1.05
2018;498;Muonio;rakentamaton_rakennuspaikka;2
2018;498;Muonio;vakituinen_asuinrakennus;0.45
2018;498;Muonio;yleinen_maapohja;1.05
2018;498;Muonio;yleinen_rakennus;1.05
2018;499;Mustasaari;muu_asuinrakennus;1.15
2018;499;Mustasaari;rakentamaton_rakennuspaikka;6
2018;499;Mustasaari;vakituinen_asuinrakennus;0.55
2018;499;Mustasaari;yleinen_maapohja;1
2018;499;Mustasaari;yleinen_rakennus;1
2018;500;Muurame;muu_asuinrakennus;1.2
2018;500;Muurame;rakentamaton_rakennuspaikka;4
2018;500;Muurame;vakituinen_asuinrakennus;0.5
2018;500;Muurame;yleinen_maapohja;1.1
2018;500;Muurame;yleinen_rakennus;1.1
2018;503;Mynämäki;muu_asuinrakennus;1.1
2018;503;Mynämäki;rakentamaton_rakennuspaikka;
2018;503;Mynämäki;vakituinen_asuinrakennus;0.5
2018;503;Mynämäki;yleinen_maapohja;0.93
2018;503;Mynämäki;yleinen_rakennus;0.93
2018;504;Myrskylä;muu_asuinrakennus;1.15
2018;504;Myrskylä;rakentamaton_rakennuspaikka;
2018;504;Myrskylä;vakituinen_asuinrakennus;0.55
2018;504;Myrskylä;yleinen_maapohja;1
2018;504;Myrskylä;yleinen_rakennus;1
2018;505;Mäntsälä;muu_asuinrakennus;1.2
2018;505;Mäntsälä;rakentamaton_rakennuspaikka;4.3
2018;505;Mäntsälä;vakituinen_asuinrakennus;0.6
2018;505;Mäntsälä;yleinen_maapohja;1.3
2018;505;Mäntsälä;yleinen_rakennus;1.3
2018;507;Mäntyharju;muu_asuinrakennus;1.15
2018;507;Mäntyharju;rakentamaton_rakennuspaikka;4.1
2018;507;Mäntyharju;vakituinen_asuinrakennus;0.55
2018;507;Mäntyharju;yleinen_maapohja;1.1
2018;507;Mäntyharju;yleinen_rakennus;1.1
2018;508;Mänttä-Vilppula;muu_asuinrakennus;1.15
2018;508;Mänttä-Vilppula;rakentamaton_rakennuspaikka;
2018;508;Mänttä-Vilppula;vakituinen_asuinrakennus;0.6
2018;508;Mänttä-Vilppula;yleinen_maapohja;1.1
2018;508;Mänttä-Vilppula;yleinen_rakennus;1.1
2018;529;Naantali;muu_asuinrakennus;1.35
2018;529;Naantali;rakentamaton_rakennuspaikka;3
2018;529;Naantali;vakituinen_asuinrakennus;0.45
2018;529;Naantali;yleinen_maapohja;1.05
2018;529;Naantali;yleinen_rakennus;1.05
2018;531;Nakkila;muu_asuinrakennus;0.93
2018;531;Nakkila;rakentamaton_rakennuspaikka;2
2018;531;Nakkila;vakituinen_asuinrakennus;0.5
2018;531;Nakkila;yleinen_maapohja;0.95
2018;531;Nakkila;yleinen_rakennus;0.95
2018;535;Nivala;muu_asuinrakennus;1
2018;535;Nivala;rakentamaton_rakennuspaikka;4
2018;535;Nivala;vakituinen_asuinrakennus;0.65
2018;535;Nivala;yleinen_maapohja;1
2018;535;Nivala;yleinen_rakennus;1
2018;536;Nokia;muu_asuinrakennus;1.4
2018;536;Nokia;rakentamaton_rakennuspaikka;6
2018;536;Nokia;vakituinen_asuinrakennus;0.55
2018;536;Nokia;yleinen_maapohja;1
2018;536;Nokia;yleinen_rakennus;1
2018;538;Nousiainen;muu_asuinrakennus;1.1
2018;538;Nousiainen;rakentamaton_rakennuspaikka;2
2018;538;Nousiainen;vakituinen_asuinrakennus;0.5
2018;538;Nousiainen;yleinen_maapohja;1
2018;538;Nousiainen;yleinen_rakennus;1
2018;541;Nurmes;muu_asuinrakennus;1.04
2018;541;Nurmes;rakentamaton_rakennuspaikka;
2018;541;Nurmes;vakituinen_asuinrakennus;0.47
2018;541;Nurmes;yleinen_maapohja;1
2018;541;Nurmes;yleinen_rakennus;1
2018;543;Nurmijärvi;muu_asuinrakennus;0.93
2018;543;Nurmijärvi;rakentamaton_rakennuspaikka;3.93
2018;543;Nurmijärvi;vakituinen_asuinrakennus;0.41
2018;543;Nurmijärvi;yleinen_maapohja;0.93
2018;543;Nurmijärvi;yleinen_rakennus;0.93
2018;545;Närpiö;muu_asuinrakennus;1.1
2018;545;Närpiö;rakentamaton_rakennuspaikka;
2018;545;Närpiö;vakituinen_asuinrakennus;0.5
2018;545;Närpiö;yleinen_maapohja;0.93
2018;545;Närpiö;yleinen_rakennus;0.93
2018;560;Orimattila;muu_asuinrakennus;1.1
2018;560;Orimattila;rakentamaton_rakennuspaikka;3
2018;560;Orimattila;vakituinen_asuinrakennus;0.5
2018;560;Orimattila;yleinen_maapohja;1.1
2018;560;Orimattila;yleinen_rakennus;1.1
2018;561;Oripää;muu_asuinrakennus;1.1
2018;561;Oripää;rakentamaton_rakennuspaikka;
2018;561;Oripää;vakituinen_asuinrakennus;0.45
2018;561;Oripää;yleinen_maapohja;1
2018;561;Oripää;yleinen_rakennus;1
2018;562;Orivesi;muu_asuinrakennus;1.25
2018;562;Orivesi;rakentamaton_rakennuspaikka;3
2018;562;Orivesi;vakituinen_asuinrakennus;0.65
2018;562;Orivesi;yleinen_maapohja;1.1
2018;562;Orivesi;yleinen_rakennus;1.1
2018;563;Oulainen;muu_asuinrakennus;1.05
2018;563;Oulainen;rakentamaton_rakennuspaikka;3
2018;563;Oulainen;vakituinen_asuinrakennus;0.7
2018;563;Oulainen;yleinen_maapohja;1.25
2018;563;Oulainen;yleinen_rakennus;1.25
2018;564;Oulu;muu_asuinrakennus;0.93
2018;564;Oulu;rakentamaton_rakennuspaikka;
2018;564;Oulu;vakituinen_asuinrakennus;0.5
2018;564;Oulu;yleinen_maapohja;1.15
2018;564;Oulu;yleinen_rakennus;1.15
2018;576;Padasjoki;muu_asuinrakennus;1.2
2018;576;Padasjoki;rakentamaton_rakennuspaikka;
2018;576;Padasjoki;vakituinen_asuinrakennus;0.6
2018;576;Padasjoki;yleinen_maapohja;0.93
2018;576;Padasjoki;yleinen_rakennus;0.93
2018;577;Paimio;muu_asuinrakennus;1.2
2018;577;Paimio;rakentamaton_rakennuspaikka;3
2018;577;Paimio;vakituinen_asuinrakennus;0.45
2018;577;Paimio;yleinen_maapohja;1.1
2018;577;Paimio;yleinen_rakennus;1.1
2018;578;Paltamo;muu_asuinrakennus;1.1
2018;578;Paltamo;rakentamaton_rakennuspaikka;
2018;578;Paltamo;vakituinen_asuinrakennus;0.6
2018;578;Paltamo;yleinen_maapohja;1.1
2018;578;Paltamo;yleinen_rakennus;1.1
2018;580;Parikkala;muu_asuinrakennus;1.1
2018;580;Parikkala;rakentamaton_rakennuspaikka;
2018;580;Parikkala;vakituinen_asuinrakennus;0.5
2018;580;Parikkala;yleinen_maapohja;1
2018;580;Parikkala;yleinen_rakennus;1
2018;581;Parkano;muu_asuinrakennus;1.1
2018;581;Parkano;rakentamaton_rakennuspaikka;
2018;581;Parkano;vakituinen_asuinrakennus;0.52
2018;581;Parkano;yleinen_maapohja;1.1
2018;581;Parkano;yleinen_rakennus;1.1
2018;583;Pelkosenniemi;muu_asuinrakennus;1.75
2018;583;Pelkosenniemi;rakentamaton_rakennuspaikka;4
2018;583;Pelkosenniemi;vakituinen_asuinrakennus;0.75
2018;583;Pelkosenniemi;yleinen_maapohja;1.5
2018;583;Pelkosenniemi;yleinen_rakennus;1.5
2018;584;Perho;muu_asuinrakennus;1.05
2018;584;Perho;rakentamaton_rakennuspaikka;2.25
2018;584;Perho;vakituinen_asuinrakennus;0.55
2018;584;Perho;yleinen_maapohja;0.93
2018;584;Perho;yleinen_rakennus;0.93
2018;592;Petäjävesi;muu_asuinrakennus;1.2
2018;592;Petäjävesi;rakentamaton_rakennuspaikka;2
2018;592;Petäjävesi;vakituinen_asuinrakennus;0.55
2018;592;Petäjävesi;yleinen_maapohja;1.2
2018;592;Petäjävesi;yleinen_rakennus;1.2
2018;593;Pieksämäki;muu_asuinrakennus;1.1
2018;593;Pieksämäki;rakentamaton_rakennuspaikka;
2018;593;Pieksämäki;vakituinen_asuinrakennus;0.5
2018;593;Pieksämäki;yleinen_maapohja;1.1
2018;593;Pieksämäki;yleinen_rakennus;1.1
2018;595;Pielavesi;muu_asuinrakennus;1.1
2018;595;Pielavesi;rakentamaton_rakennuspaikka;2.5
2018;595;Pielavesi;vakituinen_asuinrakennus;0.6
2018;595;Pielavesi;yleinen_maapohja;0.93
2018;595;Pielavesi;yleinen_rakennus;0.93
2018;598;Pietarsaari;muu_asuinrakennus;1.15
2018;598;Pietarsaari;rakentamaton_rakennuspaikka;4
2018;598;Pietarsaari;vakituinen_asuinrakennus;0.5
2018;598;Pietarsaari;yleinen_maapohja;1.15
2018;598;Pietarsaari;yleinen_rakennus;1.15
2018;599;Pedersören kunta;muu_asuinrakennus;1.15
2018;599;Pedersören kunta;rakentamaton_rakennuspaikka;
2018;599;Pedersören kunta;vakituinen_asuinrakennus;0.55
2018;599;Pedersören kunta;yleinen_maapohja;0.93
2018;599;Pedersören kunta;yleinen_rakennus;0.93
2018;601;Pihtipudas;muu_asuinrakennus;1.1
2018;601;Pihtipudas;rakentamaton_rakennuspaikka;
2018;601;Pihtipudas;vakituinen_asuinrakennus;0.6
2018;601;Pihtipudas;yleinen_maapohja;0.93
2018;601;Pihtipudas;yleinen_rakennus;0.93
2018;604;Pirkkala;muu_asuinrakennus;1.05
2018;604;Pirkkala;rakentamaton_rakennuspaikka;3
2018;604;Pirkkala;vakituinen_asuinrakennus;0.55
2018;604;Pirkkala;yleinen_maapohja;1.05
2018;604;Pirkkala;yleinen_rakennus;1.05
2018;607;Polvijärvi;muu_asuinrakennus;1
2018;607;Polvijärvi;rakentamaton_rakennuspaikka;
2018;607;Polvijärvi;vakituinen_asuinrakennus;0.5
2018;607;Polvijärvi;yleinen_maapohja;0.93
2018;607;Polvijärvi;yleinen_rakennus;0.93
2018;608;Pomarkku;muu_asuinrakennus;1.1
2018;608;Pomarkku;rakentamaton_rakennuspaikka;
2018;608;Pomarkku;vakituinen_asuinrakennus;0.45
2018;608;Pomarkku;yleinen_maapohja;1
2018;608;Pomarkku;yleinen_rakennus;1
2018;609;Pori;muu_asuinrakennus;1.1
2018;609;Pori;rakentamaton_rakennuspaikka;6
2018;609;Pori;vakituinen_asuinrakennus;0.5
2018;609;Pori;yleinen_maapohja;0.93
2018;609;Pori;yleinen_rakennus;0.93
2018;611;Pornainen;muu_asuinrakennus;1
2018;611;Pornainen;rakentamaton_rakennuspaikka;4
2018;611;Pornainen;vakituinen_asuinrakennus;0.5
2018;611;Pornainen;yleinen_maapohja;1
2018;611;Pornainen;yleinen_rakennus;1
2018;614;Posio;muu_asuinrakennus;1.1
2018;614;Posio;rakentamaton_rakennuspaikka;
2018;614;Posio;vakituinen_asuinrakennus;0.6
2018;614;Posio;yleinen_maapohja;1
2018;614;Posio;yleinen_rakennus;1
2018;615;Pudasjärvi;muu_asuinrakennus;1.05
2018;615;Pudasjärvi;rakentamaton_rakennuspaikka;3.5
2018;615;Pudasjärvi;vakituinen_asuinrakennus;0.41
2018;615;Pudasjärvi;yleinen_maapohja;0.98
2018;615;Pudasjärvi;yleinen_rakennus;0.98
2018;616;Pukkila;muu_asuinrakennus;1.25
2018;616;Pukkila;rakentamaton_rakennuspaikka;3
2018;616;Pukkila;vakituinen_asuinrakennus;0.65
2018;616;Pukkila;yleinen_maapohja;1.15
2018;616;Pukkila;yleinen_rakennus;1.15
2018;619;Punkalaidun;muu_asuinrakennus;1.05
2018;619;Punkalaidun;rakentamaton_rakennuspaikka;
2018;619;Punkalaidun;vakituinen_asuinrakennus;0.6
2018;619;Punkalaidun;yleinen_maapohja;1.05
2018;619;Punkalaidun;yleinen_rakennus;1.05
2018;620;Puolanka;muu_asuinrakennus;1.1
2018;620;Puolanka;rakentamaton_rakennuspaikka;
2018;620;Puolanka;vakituinen_asuinrakennus;0.55
2018;620;Puolanka;yleinen_maapohja;0.93
2018;620;Puolanka;yleinen_rakennus;0.93
2018;623;Puumala;muu_asuinrakennus;1.08
2018;623;Puumala;rakentamaton_rakennuspaikka;
2018;623;Puumala;vakituinen_asuinrakennus;0.48
2018;623;Puumala;yleinen_maapohja;0.95
2018;623;Puumala;yleinen_rakennus;0.95
2018;624;Pyhtää;muu_asuinrakennus;1.55
2018;624;Pyhtää;rakentamaton_rakennuspaikka;
2018;624;Pyhtää;vakituinen_asuinrakennus;0.62
2018;624;Pyhtää;yleinen_maapohja;1.3
2018;624;Pyhtää;yleinen_rakennus;1.3
2018;625;Pyhäjoki;muu_asuinrakennus;1.25
2018;625;Pyhäjoki;rakentamaton_rakennuspaikka;6
2018;625;Pyhäjoki;vakituinen_asuinrakennus;0.45
2018;625;Pyhäjoki;yleinen_maapohja;1.1
2018;625;Pyhäjoki;yleinen_rakennus;1.1
2018;626;Pyhäjärvi;muu_asuinrakennus;1.3
2018;626;Pyhäjärvi;rakentamaton_rakennuspaikka;4
2018;626;Pyhäjärvi;vakituinen_asuinrakennus;0.5
2018;626;Pyhäjärvi;yleinen_maapohja;1.3
2018;626;Pyhäjärvi;yleinen_rakennus;1.3
2018;630;Pyhäntä;muu_asuinrakennus;1.2
2018;630;Pyhäntä;rakentamaton_rakennuspaikka;2
2018;630;Pyhäntä;vakituinen_asuinrakennus;0.6
2018;630;Pyhäntä;yleinen_maapohja;1.05
2018;630;Pyhäntä;yleinen_rakennus;1.05
2018;631;Pyhäranta;muu_asuinrakennus;1.8
2018;631;Pyhäranta;rakentamaton_rakennuspaikka;4
2018;631;Pyhäranta;vakituinen_asuinrakennus;0.7
2018;631;Pyhäranta;yleinen_maapohja;1.8
2018;631;Pyhäranta;yleinen_rakennus;1.8
2018;635;Pälkäne;muu_asuinrakennus;1.05
2018;635;Pälkäne;rakentamaton_rakennuspaikka;
2018;635;Pälkäne;vakituinen_asuinrakennus;0.45
2018;635;Pälkäne;yleinen_maapohja;1
2018;635;Pälkäne;yleinen_rakennus;1
2018;636;Pöytyä;muu_asuinrakennus;1.1
2018;636;Pöytyä;rakentamaton_rakennuspaikka;
2018;636;Pöytyä;vakituinen_asuinrakennus;0.5
2018;636;Pöytyä;yleinen_maapohja;1.1
2018;636;Pöytyä;yleinen_rakennus;1.1
2018;638;Porvoo;muu_asuinrakennus;1.3
2018;638;Porvoo;rakentamaton_rakennuspaikka;
2018;638;Porvoo;vakituinen_asuinrakennus;0.5
2018;638;Porvoo;yleinen_maapohja;1.3
2018;638;Porvoo;yleinen_rakennus;1.3
2018;678;Raahe;muu_asuinrakennus;1
2018;678;Raahe;rakentamaton_rakennuspaikka;3
2018;678;Raahe;vakituinen_asuinrakennus;0.5
2018;678;Raahe;yleinen_maapohja;1
2018;678;Raahe;yleinen_rakennus;1
2018;680;Raisio;muu_asuinrakennus;0.93
2018;680;Raisio;rakentamaton_rakennuspaikka;3
2018;680;Raisio;vakituinen_asuinrakennus;0.45
2018;680;Raisio;yleinen_maapohja;1.25
2018;680;Raisio;yleinen_rakennus;1.25
2018;681;Rantasalmi;muu_asuinrakennus;0.97
2018;681;Rantasalmi;rakentamaton_rakennuspaikka;2
2018;681;Rantasalmi;vakituinen_asuinrakennus;0.42
2018;681;Rantasalmi;yleinen_maapohja;0.93
2018;681;Rantasalmi;yleinen_rakennus;0.93
2018;683;Ranua;muu_asuinrakennus;1.1
2018;683;Ranua;rakentamaton_rakennuspaikka;
2018;683;Ranua;vakituinen_asuinrakennus;0.45
2018;683;Ranua;yleinen_maapohja;1
2018;683;Ranua;yleinen_rakennus;1
2018;684;Rauma;muu_asuinrakennus;0.93
2018;684;Rauma;rakentamaton_rakennuspaikka;5
2018;684;Rauma;vakituinen_asuinrakennus;0.41
2018;684;Rauma;yleinen_maapohja;0.93
2018;684;Rauma;yleinen_rakennus;0.93
2018;686;Rautalampi;muu_asuinrakennus;1.3
2018;686;Rautalampi;rakentamaton_rakennuspaikka;
2018;686;Rautalampi;vakituinen_asuinrakennus;0.7
2018;686;Rautalampi;yleinen_maapohja;1
2018;686;Rautalampi;yleinen_rakennus;1
2018;687;Rautavaara;muu_asuinrakennus;1.25
2018;687;Rautavaara;rakentamaton_rakennuspaikka;2
2018;687;Rautavaara;vakituinen_asuinrakennus;0.65
2018;687;Rautavaara;yleinen_maapohja;1.03
2018;687;Rautavaara;yleinen_rakennus;1.03
2018;689;Rautjärvi;muu_asuinrakennus;1.09
2018;689;Rautjärvi;rakentamaton_rakennuspaikka;
2018;689;Rautjärvi;vakituinen_asuinrakennus;0.49
2018;689;Rautjärvi;yleinen_maapohja;0.93
2018;689;Rautjärvi;yleinen_rakennus;0.93
2018;691;Reisjärvi;muu_asuinrakennus;1.35
2018;691;Reisjärvi;rakentamaton_rakennuspaikka;3
2018;691;Reisjärvi;vakituinen_asuinrakennus;0.65
2018;691;Reisjärvi;yleinen_maapohja;1.1
2018;691;Reisjärvi;yleinen_rakennus;1.1
2018;694;Riihimäki;muu_asuinrakennus;0.93
2018;694;Riihimäki;rakentamaton_rakennuspaikka;6
2018;694;Riihimäki;vakituinen_asuinrakennus;0.5
2018;694;Riihimäki;yleinen_maapohja;1.45
2018;694;Riihimäki;yleinen_rakennus;1.45
2018;697;Ristijärvi;muu_asuinrakennus;1.55
2018;697;Ristijärvi;rakentamaton_rakennuspaikka;
2018;697;Ristijärvi;vakituinen_asuinrakennus;0.55
2018;697;Ristijärvi;yleinen_maapohja;1.1
2018;697;Ristijärvi;yleinen_rakennus;1.1
2018;698;Rovaniemi;muu_asuinrakennus;1.2
2018;698;Rovaniemi;rakentamaton_rakennuspaikka;4
2018;698;Rovaniemi;vakituinen_asuinrakennus;0.6
2018;698;Rovaniemi;yleinen_maapohja;1.55
2018;698;Rovaniemi;yleinen_rakennus;1.55
2018;700;Ruokolahti;muu_asuinrakennus;1.1
2018;700;Ruokolahti;rakentamaton_rakennuspaikka;
2018;700;Ruokolahti;vakituinen_asuinrakennus;0.5
2018;700;Ruokolahti;yleinen_maapohja;0.93
2018;700;Ruokolahti;yleinen_rakennus;0.93
2018;702;Ruovesi;muu_asuinrakennus;1.1
2018;702;Ruovesi;rakentamaton_rakennuspaikka;
2018;702;Ruovesi;vakituinen_asuinrakennus;0.5
2018;702;Ruovesi;yleinen_maapohja;1
2018;702;Ruovesi;yleinen_rakennus;1
2018;704;Rusko;muu_asuinrakennus;1.02
2018;704;Rusko;rakentamaton_rakennuspaikka;
2018;704;Rusko;vakituinen_asuinrakennus;0.42
2018;704;Rusko;yleinen_maapohja;0.95
2018;704;Rusko;yleinen_rakennus;0.95
2018;707;Rääkkylä;muu_asuinrakennus;1.05
2018;707;Rääkkylä;rakentamaton_rakennuspaikka;
2018;707;Rääkkylä;vakituinen_asuinrakennus;0.55
2018;707;Rääkkylä;yleinen_maapohja;1
2018;707;Rääkkylä;yleinen_rakennus;1
2018;710;Raasepori;muu_asuinrakennus;1.8
2018;710;Raasepori;rakentamaton_rakennuspaikka;
2018;710;Raasepori;vakituinen_asuinrakennus;0.41
2018;710;Raasepori;yleinen_maapohja;1.35
2018;710;Raasepori;yleinen_rakennus;1.35
2018;729;Saarijärvi;muu_asuinrakennus;1.36
2018;729;Saarijärvi;rakentamaton_rakennuspaikka;2.4
2018;729;Saarijärvi;vakituinen_asuinrakennus;0.49
2018;729;Saarijärvi;yleinen_maapohja;1.04
2018;729;Saarijärvi;yleinen_rakennus;1.04
2018;732;Salla;muu_asuinrakennus;1.2
2018;732;Salla;rakentamaton_rakennuspaikka;
2018;732;Salla;vakituinen_asuinrakennus;0.6
2018;732;Salla;yleinen_maapohja;1.35
2018;732;Salla;yleinen_rakennus;1.35
2018;734;Salo;muu_asuinrakennus;1.3
2018;734;Salo;rakentamaton_rakennuspaikka;3
2018;734;Salo;vakituinen_asuinrakennus;0.55
2018;734;Salo;yleinen_maapohja;0.93
2018;734;Salo;yleinen_rakennus;0.93
2018;736;Saltvik;muu_asuinrakennus;0.9
2018;736;Saltvik;rakentamaton_rakennuspaikka;0
2018;736;Saltvik;vakituinen_asuinrakennus;0
2018;736;Saltvik;yleinen_maapohja;0
2018;736;Saltvik;yleinen_rakennus;0
2018;738;Sauvo;muu_asuinrakennus;1.4
2018;738;Sauvo;rakentamaton_rakennuspaikka;
2018;738;Sauvo;vakituinen_asuinrakennus;0.6
2018;738;Sauvo;yleinen_maapohja;1.2
2018;738;Sauvo;yleinen_rakennus;1.2
2018;739;Savitaipale;muu_asuinrakennus;1.1
2018;739;Savitaipale;rakentamaton_rakennuspaikka;
2018;739;Savitaipale;vakituinen_asuinrakennus;0.5
2018;739;Savitaipale;yleinen_maapohja;0.93
2018;739;Savitaipale;yleinen_rakennus;0.93
2018;740;Savonlinna;muu_asuinrakennus;1.52
2018;740;Savonlinna;rakentamaton_rakennuspaikka;2
2018;740;Savonlinna;vakituinen_asuinrakennus;0.56
2018;740;Savonlinna;yleinen_maapohja;1.4
2018;740;Savonlinna;yleinen_rakennus;1.4
2018;742;Savukoski;muu_asuinrakennus;1.2
2018;742;Savukoski;rakentamaton_rakennuspaikka;
2018;742;Savukoski;vakituinen_asuinrakennus;0.6
2018;742;Savukoski;yleinen_maapohja;1.2
2018;742;Savukoski;yleinen_rakennus;1.2
2018;743;Seinäjoki;muu_asuinrakennus;1.65
2018;743;Seinäjoki;rakentamaton_rakennuspaikka;4
2018;743;Seinäjoki;vakituinen_asuinrakennus;0.6
2018;743;Seinäjoki;yleinen_maapohja;1.45
2018;743;Seinäjoki;yleinen_rakennus;1.45
2018;746;Sievi;muu_asuinrakennus;1.3
2018;746;Sievi;rakentamaton_rakennuspaikka;
2018;746;Sievi;vakituinen_asuinrakennus;0.7
2018;746;Sievi;yleinen_maapohja;0.93
2018;746;Sievi;yleinen_rakennus;0.93
2018;747;Siikainen;muu_asuinrakennus;1.3
2018;747;Siikainen;rakentamaton_rakennuspaikka;
2018;747;Siikainen;vakituinen_asuinrakennus;0.5
2018;747;Siikainen;yleinen_maapohja;1.1
2018;747;Siikainen;yleinen_rakennus;1.1
2018;748;Siikajoki;muu_asuinrakennus;1.1
2018;748;Siikajoki;rakentamaton_rakennuspaikka;3
2018;748;Siikajoki;vakituinen_asuinrakennus;0.55
2018;748;Siikajoki;yleinen_maapohja;1.05
2018;748;Siikajoki;yleinen_rakennus;1.05
2018;749;Siilinjärvi;muu_asuinrakennus;1
2018;749;Siilinjärvi;rakentamaton_rakennuspaikka;3
2018;749;Siilinjärvi;vakituinen_asuinrakennus;0.65
2018;749;Siilinjärvi;yleinen_maapohja;1.25
2018;749;Siilinjärvi;yleinen_rakennus;1.25
2018;751;Simo;muu_asuinrakennus;1.3
2018;751;Simo;rakentamaton_rakennuspaikka;
2018;751;Simo;vakituinen_asuinrakennus;0.55
2018;751;Simo;yleinen_maapohja;1.4
2018;751;Simo;yleinen_rakennus;1.4
2018;753;Sipoo;muu_asuinrakennus;1.1
2018;753;Sipoo;rakentamaton_rakennuspaikka;5
2018;753;Sipoo;vakituinen_asuinrakennus;0.5
2018;753;Sipoo;yleinen_maapohja;1
2018;753;Sipoo;yleinen_rakennus;1
2018;755;Siuntio;muu_asuinrakennus;1.2
2018;755;Siuntio;rakentamaton_rakennuspaikka;3
2018;755;Siuntio;vakituinen_asuinrakennus;0.5
2018;755;Siuntio;yleinen_maapohja;1.2
2018;755;Siuntio;yleinen_rakennus;1.2
2018;758;Sodankylä;muu_asuinrakennus;1.15
2018;758;Sodankylä;rakentamaton_rakennuspaikka;6
2018;758;Sodankylä;vakituinen_asuinrakennus;0.45
2018;758;Sodankylä;yleinen_maapohja;1.4
2018;758;Sodankylä;yleinen_rakennus;1.4
2018;759;Soini;muu_asuinrakennus;1.25
2018;759;Soini;rakentamaton_rakennuspaikka;
2018;759;Soini;vakituinen_asuinrakennus;0.5
2018;759;Soini;yleinen_maapohja;0.93
2018;759;Soini;yleinen_rakennus;0.93
2018;761;Somero;muu_asuinrakennus;0.93
2018;761;Somero;rakentamaton_rakennuspaikka;
2018;761;Somero;vakituinen_asuinrakennus;0.41
2018;761;Somero;yleinen_maapohja;0.93
2018;761;Somero;yleinen_rakennus;0.93
2018;762;Sonkajärvi;muu_asuinrakennus;0.93
2018;762;Sonkajärvi;rakentamaton_rakennuspaikka;
2018;762;Sonkajärvi;vakituinen_asuinrakennus;0.41
2018;762;Sonkajärvi;yleinen_maapohja;0.93
2018;762;Sonkajärvi;yleinen_rakennus;0.93
2018;765;Sotkamo;muu_asuinrakennus;1.2
2018;765;Sotkamo;rakentamaton_rakennuspaikka;3
2018;765;Sotkamo;vakituinen_asuinrakennus;0.6
2018;765;Sotkamo;yleinen_maapohja;1.1
2018;765;Sotkamo;yleinen_rakennus;1.1
2018;766;Sottunga;muu_asuinrakennus;0.9
2018;766;Sottunga;rakentamaton_rakennuspaikka;
2018;766;Sottunga;vakituinen_asuinrakennus;0.5
2018;766;Sottunga;yleinen_maapohja;0
2018;766;Sottunga;yleinen_rakennus;0
2018;768;Sulkava;muu_asuinrakennus;1.05
2018;768;Sulkava;rakentamaton_rakennuspaikka;
2018;768;Sulkava;vakituinen_asuinrakennus;0.45
2018;768;Sulkava;yleinen_maapohja;0.93
2018;768;Sulkava;yleinen_rakennus;0.93
2018;771;Sund;muu_asuinrakennus;0.9
2018;771;Sund;rakentamaton_rakennuspaikka;0.2
2018;771;Sund;vakituinen_asuinrakennus;0
2018;771;Sund;yleinen_maapohja;0.5
2018;771;Sund;yleinen_rakennus;0.5
2018;777;Suomussalmi;muu_asuinrakennus;1
2018;777;Suomussalmi;rakentamaton_rakennuspaikka;3
2018;777;Suomussalmi;vakituinen_asuinrakennus;0.45
2018;777;Suomussalmi;yleinen_maapohja;0.95
2018;777;Suomussalmi;yleinen_rakennus;0.95
2018;778;Suonenjoki;muu_asuinrakennus;1.25
2018;778;Suonenjoki;rakentamaton_rakennuspaikka;
2018;778;Suonenjoki;vakituinen_asuinrakennus;0.7
2018;778;Suonenjoki;yleinen_maapohja;1.05
2018;778;Suonenjoki;yleinen_rakennus;1.05
2018;781;Sysmä;muu_asuinrakennus;1
2018;781;Sysmä;rakentamaton_rakennuspaikka;
2018;781;Sysmä;vakituinen_asuinrakennus;0.5
2018;781;Sysmä;yleinen_maapohja;0.95
2018;781;Sysmä;yleinen_rakennus;0.95
2018;783;Säkylä;muu_asuinrakennus;1.1
2018;783;Säkylä;rakentamaton_rakennuspaikka;
2018;783;Säkylä;vakituinen_asuinrakennus;0.49
2018;783;Säkylä;yleinen_maapohja;1
2018;783;Säkylä;yleinen_rakennus;1
2018;785;Vaala;muu_asuinrakennus;1.15
2018;785;Vaala;rakentamaton_rakennuspaikka;
2018;785;Vaala;vakituinen_asuinrakennus;0.59
2018;785;Vaala;yleinen_maapohja;1.1
2018;785;Vaala;yleinen_rakennus;1.1
2018;790;Sastamala;muu_asuinrakennus;0.98
2018;790;Sastamala;rakentamaton_rakennuspaikka;2
2018;790;Sastamala;vakituinen_asuinrakennus;0.45
2018;790;Sastamala;yleinen_maapohja;0.93
2018;790;Sastamala;yleinen_rakennus;0.93
2018;791;Siikalatva;muu_asuinrakennus;1.25
2018;791;Siikalatva;rakentamaton_rakennuspaikka;4
2018;791;Siikalatva;vakituinen_asuinrakennus;0.65
2018;791;Siikalatva;yleinen_maapohja;0.95
2018;791;Siikalatva;yleinen_rakennus;0.95
2018;831;Taipalsaari;muu_asuinrakennus;1.1
2018;831;Taipalsaari;rakentamaton_rakennuspaikka;3
2018;831;Taipalsaari;vakituinen_asuinrakennus;0.5
2018;831;Taipalsaari;yleinen_maapohja;1.05
2018;831;Taipalsaari;yleinen_rakennus;1.05
2018;832;Taivalkoski;muu_asuinrakennus;1.03
2018;832;Taivalkoski;rakentamaton_rakennuspaikka;2
2018;832;Taivalkoski;vakituinen_asuinrakennus;0.45
2018;832;Taivalkoski;yleinen_maapohja;1.03
2018;832;Taivalkoski;yleinen_rakennus;1.03
2018;833;Taivassalo;muu_asuinrakennus;1.35
2018;833;Taivassalo;rakentamaton_rakennuspaikka;
2018;833;Taivassalo;vakituinen_asuinrakennus;0.65
2018;833;Taivassalo;yleinen_maapohja;1.15
2018;833;Taivassalo;yleinen_rakennus;1.15
2018;834;Tammela;muu_asuinrakennus;1.02
2018;834;Tammela;rakentamaton_rakennuspaikka;3
2018;834;Tammela;vakituinen_asuinrakennus;0.42
2018;834;Tammela;yleinen_maapohja;0.93
2018;834;Tammela;yleinen_rakennus;0.93
2018;837;Tampere;muu_asuinrakennus;1
2018;837;Tampere;rakentamaton_rakennuspaikka;4
2018;837;Tampere;vakituinen_asuinrakennus;0.55
2018;837;Tampere;yleinen_maapohja;1.15
2018;837;Tampere;yleinen_rakennus;1.15
2018;844;Tervo;muu_asuinrakennus;1
2018;844;Tervo;rakentamaton_rakennuspaikka;2
2018;844;Tervo;vakituinen_asuinrakennus;0.48
2018;844;Tervo;yleinen_maapohja;0.93
2018;844;Tervo;yleinen_rakennus;0.93
2018;845;Tervola;muu_asuinrakennus;1
2018;845;Tervola;rakentamaton_rakennuspaikka;
2018;845;Tervola;vakituinen_asuinrakennus;0.5
2018;845;Tervola;yleinen_maapohja;0.95
2018;845;Tervola;yleinen_rakennus;0.95
2018;846;Teuva;muu_asuinrakennus;1.3
2018;846;Teuva;rakentamaton_rakennuspaikka;
2018;846;Teuva;vakituinen_asuinrakennus;0.6
2018;846;Teuva;yleinen_maapohja;1.05
2018;846;Teuva;yleinen_rakennus;1.05
2018;848;Tohmajärvi;muu_asuinrakennus;1.15
2018;848;Tohmajärvi;rakentamaton_rakennuspaikka;2
2018;848;Tohmajärvi;vakituinen_asuinrakennus;0.55
2018;848;Tohmajärvi;yleinen_maapohja;1.1
2018;848;Tohmajärvi;yleinen_rakennus;1.1
2018;849;Toholampi;muu_asuinrakennus;1.1
2018;849;Toholampi;rakentamaton_rakennuspaikka;2.9
2018;849;Toholampi;vakituinen_asuinrakennus;0.65
2018;849;Toholampi;yleinen_maapohja;1
2018;849;Toholampi;yleinen_rakennus;1
2018;850;Toivakka;muu_asuinrakennus;1.55
2018;850;Toivakka;rakentamaton_rakennuspaikka;3
2018;850;Toivakka;vakituinen_asuinrakennus;0.45
2018;850;Toivakka;yleinen_maapohja;1.1
2018;850;Toivakka;yleinen_rakennus;1.1
2018;851;Tornio;muu_asuinrakennus;1
2018;851;Tornio;rakentamaton_rakennuspaikka;3
2018;851;Tornio;vakituinen_asuinrakennus;0.5
2018;851;Tornio;yleinen_maapohja;1.12
2018;851;Tornio;yleinen_rakennus;1.12
2018;853;Turku;muu_asuinrakennus;0.93
2018;853;Turku;rakentamaton_rakennuspaikka;3
2018;853;Turku;vakituinen_asuinrakennus;0.41
2018;853;Turku;yleinen_maapohja;1
2018;853;Turku;yleinen_rakennus;1
2018;854;Pello;muu_asuinrakennus;1
2018;854;Pello;rakentamaton_rakennuspaikka;2
2018;854;Pello;vakituinen_asuinrakennus;0.41
2018;854;Pello;yleinen_maapohja;0.93
2018;854;Pello;yleinen_rakennus;0.93
2018;857;Tuusniemi;muu_asuinrakennus;1.25
2018;857;Tuusniemi;rakentamaton_rakennuspaikka;
2018;857;Tuusniemi;vakituinen_asuinrakennus;0.65
2018;857;Tuusniemi;yleinen_maapohja;1.15
2018;857;Tuusniemi;yleinen_rakennus;1.15
2018;858;Tuusula;muu_asuinrakennus;0.93
2018;858;Tuusula;rakentamaton_rakennuspaikka;3.93
2018;858;Tuusula;vakituinen_asuinrakennus;0.41
2018;858;Tuusula;yleinen_maapohja;0.93
2018;858;Tuusula;yleinen_rakennus;0.93
2018;859;Tyrnävä;muu_asuinrakennus;1.12
2018;859;Tyrnävä;rakentamaton_rakennuspaikka;4
2018;859;Tyrnävä;vakituinen_asuinrakennus;0.54
2018;859;Tyrnävä;yleinen_maapohja;1.12
2018;859;Tyrnävä;yleinen_rakennus;1.12
2018;886;Ulvila;muu_asuinrakennus;1.1
2018;886;Ulvila;rakentamaton_rakennuspaikka;3
2018;886;Ulvila;vakituinen_asuinrakennus;0.55
2018;886;Ulvila;yleinen_maapohja;1.1
2018;886;Ulvila;yleinen_rakennus;1.1
2018;887;Urjala;muu_asuinrakennus;1.25
2018;887;Urjala;rakentamaton_rakennuspaikka;
2018;887;Urjala;vakituinen_asuinrakennus;0.65
2018;887;Urjala;yleinen_maapohja;1.2
2018;887;Urjala;yleinen_rakennus;1.2
2018;889;Utajärvi;muu_asuinrakennus;1.25
2018;889;Utajärvi;rakentamaton_rakennuspaikka;6
2018;889;Utajärvi;vakituinen_asuinrakennus;0.45
2018;889;Utajärvi;yleinen_maapohja;1.1
2018;889;Utajärvi;yleinen_rakennus;1.1
2018;890;Utsjoki;muu_asuinrakennus;1.6
2018;890;Utsjoki;rakentamaton_rakennuspaikka;2
2018;890;Utsjoki;vakituinen_asuinrakennus;0.65
2018;890;Utsjoki;yleinen_maapohja;1.2
2018;890;Utsjoki;yleinen_rakennus;1.2
2018;892;Uurainen;muu_asuinrakennus;1.1
2018;892;Uurainen;rakentamaton_rakennuspaikka;2.5
2018;892;Uurainen;vakituinen_asuinrakennus;0.43
2018;892;Uurainen;yleinen_maapohja;1.05
2018;892;Uurainen;yleinen_rakennus;1.05
2018;893;Uusikaarlepyy;muu_asuinrakennus;1.3
2018;893;Uusikaarlepyy;rakentamaton_rakennuspaikka;4
2018;893;Uusikaarlepyy;vakituinen_asuinrakennus;0.5
2018;893;Uusikaarlepyy;yleinen_maapohja;1
2018;893;Uusikaarlepyy;yleinen_rakennus;1
2018;895;Uusikaupunki;muu_asuinrakennus;1.12
2018;895;Uusikaupunki;rakentamaton_rakennuspaikka;
2018;895;Uusikaupunki;vakituinen_asuinrakennus;0.45
2018;895;Uusikaupunki;yleinen_maapohja;1.03
2018;895;Uusikaupunki;yleinen_rakennus;1.03
2018;905;Vaasa;muu_asuinrakennus;1.1
2018;905;Vaasa;rakentamaton_rakennuspaikka;4
2018;905;Vaasa;vakituinen_asuinrakennus;0.5
2018;905;Vaasa;yleinen_maapohja;1.15
2018;905;Vaasa;yleinen_rakennus;1.15
2018;908;Valkeakoski;muu_asuinrakennus;1.1
2018;908;Valkeakoski;rakentamaton_rakennuspaikka;
2018;908;Valkeakoski;vakituinen_asuinrakennus;0.5
2018;908;Valkeakoski;yleinen_maapohja;1.3
2018;908;Valkeakoski;yleinen_rakennus;1.3
2018;915;Varkaus;muu_asuinrakennus;1
2018;915;Varkaus;rakentamaton_rakennuspaikka;
2018;915;Varkaus;vakituinen_asuinrakennus;0.5
2018;915;Varkaus;yleinen_maapohja;1.45
2018;915;Varkaus;yleinen_rakennus;1.45
2018;918;Vehmaa;muu_asuinrakennus;1.7
2018;918;Vehmaa;rakentamaton_rakennuspaikka;
2018;918;Vehmaa;vakituinen_asuinrakennus;0.5
2018;918;Vehmaa;yleinen_maapohja;1
2018;918;Vehmaa;yleinen_rakennus;1
2018;921;Vesanto;muu_asuinrakennus;1.25
2018;921;Vesanto;rakentamaton_rakennuspaikka;
2018;921;Vesanto;vakituinen_asuinrakennus;0.5
2018;921;Vesanto;yleinen_maapohja;1
2018;921;Vesanto;yleinen_rakennus;1
2018;922;Vesilahti;muu_asuinrakennus;1.3
2018;922;Vesilahti;rakentamaton_rakennuspaikka;2
2018;922;Vesilahti;vakituinen_asuinrakennus;0.55
2018;922;Vesilahti;yleinen_maapohja;1.2
2018;922;Vesilahti;yleinen_rakennus;1.2
2018;924;Veteli;muu_asuinrakennus;1.05
2018;924;Veteli;rakentamaton_rakennuspaikka;3
2018;924;Veteli;vakituinen_asuinrakennus;0.6
2018;924;Veteli;yleinen_maapohja;0.95
2018;924;Veteli;yleinen_rakennus;0.95
2018;925;Vieremä;muu_asuinrakennus;1
2018;925;Vieremä;rakentamaton_rakennuspaikka;
2018;925;Vieremä;vakituinen_asuinrakennus;0.45
2018;925;Vieremä;yleinen_maapohja;0.93
2018;925;Vieremä;yleinen_rakennus;0.93
2018;927;Vihti;muu_asuinrakennus;1
2018;927;Vihti;rakentamaton_rakennuspaikka;4
2018;927;Vihti;vakituinen_asuinrakennus;0.45
2018;927;Vihti;yleinen_maapohja;0.95
2018;927;Vihti;yleinen_rakennus;0.95
2018;931;Viitasaari;muu_asuinrakennus;1.1
2018;931;Viitasaari;rakentamaton_rakennuspaikka;
2018;931;Viitasaari;vakituinen_asuinrakennus;0.6
2018;931;Viitasaari;yleinen_maapohja;0.93
2018;931;Viitasaari;yleinen_rakennus;0.93
2018;934;Vimpeli;muu_asuinrakennus;1.3
2018;934;Vimpeli;rakentamaton_rakennuspaikka;3
2018;934;Vimpeli;vakituinen_asuinrakennus;0.65
2018;934;Vimpeli;yleinen_maapohja;1.1
2018;934;Vimpeli;yleinen_rakennus;1.1
2018;935;Virolahti;muu_asuinrakennus;1.15
2018;935;Virolahti;rakentamaton_rakennuspaikka;
2018;935;Virolahti;vakituinen_asuinrakennus;0.5
2018;935;Virolahti;yleinen_maapohja;1.25
2018;935;Virolahti;yleinen_rakennus;1.25
2018;936;Virrat;muu_asuinrakennus;1
2018;936;Virrat;rakentamaton_rakennuspaikka;
2018;936;Virrat;vakituinen_asuinrakennus;0.45
2018;936;Virrat;yleinen_maapohja;0.93
2018;936;Virrat;yleinen_rakennus;0.93
2018;941;Vårdö;muu_asuinrakennus;0.9
2018;941;Vårdö;rakentamaton_rakennuspaikka;0
2018;941;Vårdö;vakituinen_asuinrakennus;0
2018;941;Vårdö;yleinen_maapohja;0.15
2018;941;Vårdö;yleinen_rakennus;0.15
2018;946;Vöyri;muu_asuinrakennus;1.1
2018;946;Vöyri;rakentamaton_rakennuspaikka;
2018;946;Vöyri;vakituinen_asuinrakennus;0.5
2018;946;Vöyri;yleinen_maapohja;0.93
2018;946;Vöyri;yleinen_rakennus;0.93
2018;976;Ylitornio;muu_asuinrakennus;1.3
2018;976;Ylitornio;rakentamaton_rakennuspaikka;2
2018;976;Ylitornio;vakituinen_asuinrakennus;0.5
2018;976;Ylitornio;yleinen_maapohja;1.1
2018;976;Ylitornio;yleinen_rakennus;1.1
2018;977;Ylivieska;muu_asuinrakennus;1.15
2018;977;Ylivieska;rakentamaton_rakennuspaikka;3
2018;977;Ylivieska;vakituinen_asuinrakennus;0.7
2018;977;Ylivieska;yleinen_maapohja;1.3
2018;977;Ylivieska;yleinen_rakennus;1.3
2018;980;Ylöjärvi;muu_asuinrakennus;1
2018;980;Ylöjärvi;rakentamaton_rakennuspaikka;3
2018;980;Ylöjärvi;vakituinen_asuinrakennus;0.48
2018;980;Ylöjärvi;yleinen_maapohja;0.93
2018;980;Ylöjärvi;yleinen_rakennus;0.93
2018;981;Ypäjä;muu_asuinrakennus;1.5
2018;981;Ypäjä;rakentamaton_rakennuspaikka;3
2018;981;Ypäjä;vakituinen_asuinrakennus;0.6
2018;981;Ypäjä;yleinen_maapohja;1
2018;981;Ypäjä;yleinen_rakennus;1
2018;989;Ähtäri;muu_asuinrakennus;1.3
2018;989;Ähtäri;rakentamaton_rakennuspaikka;
2018;989;Ähtäri;vakituinen_asuinrakennus;0.5
2018;989;Ähtäri;yleinen_maapohja;1.3
2018;989;Ähtäri;yleinen_rakennus;1.3
2018;992;Äänekoski;muu_asuinrakennus;1.1
2018;992;Äänekoski;rakentamaton_rakennuspaikka;
2018;992;Äänekoski;vakituinen_asuinrakennus;0.5
2018;992;Äänekoski;yleinen_maapohja;1.1
2018;992;Äänekoski;yleinen_rakennus;1.1
2019;005;Alajärvi;muu_asuinrakennus;1.1
2019;005;Alajärvi;rakentamaton_rakennuspaikka;3
2019;005;Alajärvi;vakituinen_asuinrakennus;0.5
2019;005;Alajärvi;yleinen_maapohja;0.93
2019;005;Alajärvi;yleinen_rakennus;0.93
2019;009;Alavieska;muu_asuinrakennus;1.03
2019;009;Alavieska;rakentamaton_rakennuspaikka;
2019;009;Alavieska;vakituinen_asuinrakennus;0.55
2019;009;Alavieska;yleinen_maapohja;1.03
2019;009;Alavieska;yleinen_rakennus;1.03
2019;010;Alavus;muu_asuinrakennus;1.1
2019;010;Alavus;rakentamaton_rakennuspaikka;3
2019;010;Alavus;vakituinen_asuinrakennus;0.41
2019;010;Alavus;yleinen_maapohja;0.95
2019;010;Alavus;yleinen_rakennus;0.95
2019;016;Asikkala;muu_asuinrakennus;1.25
2019;016;Asikkala;rakentamaton_rakennuspaikka;3
2019;016;Asikkala;vakituinen_asuinrakennus;0.45
2019;016;Asikkala;yleinen_maapohja;0.93
2019;016;Asikkala;yleinen_rakennus;0.93
2019;018;Askola;muu_asuinrakennus;1.5
2019;018;Askola;rakentamaton_rakennuspaikka;5
2019;018;Askola;vakituinen_asuinrakennus;0.7
2019;018;Askola;yleinen_maapohja;1.1
2019;018;Askola;yleinen_rakennus;1.1
2019;019;Aura;muu_asuinrakennus;1.1
2019;019;Aura;rakentamaton_rakennuspaikka;
2019;019;Aura;vakituinen_asuinrakennus;0.55
2019;019;Aura;yleinen_maapohja;1.1
2019;019;Aura;yleinen_rakennus;1.1
2019;020;Akaa;muu_asuinrakennus;1.25
2019;020;Akaa;rakentamaton_rakennuspaikka;6
2019;020;Akaa;vakituinen_asuinrakennus;0.65
2019;020;Akaa;yleinen_maapohja;1.1
2019;020;Akaa;yleinen_rakennus;1.1
2019;035;Brändö;muu_asuinrakennus;0.9
2019;035;Brändö;rakentamaton_rakennuspaikka;
2019;035;Brändö;vakituinen_asuinrakennus;0
2019;035;Brändö;yleinen_maapohja;0
2019;035;Brändö;yleinen_rakennus;0
2019;043;Eckerö;muu_asuinrakennus;0.9
2019;043;Eckerö;rakentamaton_rakennuspaikka;
2019;043;Eckerö;vakituinen_asuinrakennus;0
2019;043;Eckerö;yleinen_maapohja;0.7
2019;043;Eckerö;yleinen_rakennus;0.7
2019;046;Enonkoski;muu_asuinrakennus;1.3
2019;046;Enonkoski;rakentamaton_rakennuspaikka;2
2019;046;Enonkoski;vakituinen_asuinrakennus;0.7
2019;046;Enonkoski;yleinen_maapohja;1
2019;046;Enonkoski;yleinen_rakennus;1
2019;047;Enontekiö;muu_asuinrakennus;1.15
2019;047;Enontekiö;rakentamaton_rakennuspaikka;3
2019;047;Enontekiö;vakituinen_asuinrakennus;0.55
2019;047;Enontekiö;yleinen_maapohja;1.05
2019;047;Enontekiö;yleinen_rakennus;1.05
2019;049;Espoo;muu_asuinrakennus;0.93
2019;049;Espoo;rakentamaton_rakennuspaikka;3.93
2019;049;Espoo;vakituinen_asuinrakennus;0.41
2019;049;Espoo;yleinen_maapohja;0.93
2019;049;Espoo;yleinen_rakennus;0.93
2019;050;Eura;muu_asuinrakennus;1.1
2019;050;Eura;rakentamaton_rakennuspaikka;3
2019;050;Eura;vakituinen_asuinrakennus;0.6
2019;050;Eura;yleinen_maapohja;1.1
2019;050;Eura;yleinen_rakennus;1.1
2019;051;Eurajoki;muu_asuinrakennus;1.1
2019;051;Eurajoki;rakentamaton_rakennuspaikka;
2019;051;Eurajoki;vakituinen_asuinrakennus;0.41
2019;051;Eurajoki;yleinen_maapohja;0.93
2019;051;Eurajoki;yleinen_rakennus;0.93
2019;052;Evijärvi;muu_asuinrakennus;1.15
2019;052;Evijärvi;rakentamaton_rakennuspaikka;
2019;052;Evijärvi;vakituinen_asuinrakennus;0.65
2019;052;Evijärvi;yleinen_maapohja;1
2019;052;Evijärvi;yleinen_rakennus;1
2019;060;Finström;muu_asuinrakennus;0.9
2019;060;Finström;rakentamaton_rakennuspaikka;3
2019;060;Finström;vakituinen_asuinrakennus;0
2019;060;Finström;yleinen_maapohja;0.5
2019;060;Finström;yleinen_rakennus;0.5
2019;061;Forssa;muu_asuinrakennus;1.41
2019;061;Forssa;rakentamaton_rakennuspaikka;
2019;061;Forssa;vakituinen_asuinrakennus;0.41
2019;061;Forssa;yleinen_maapohja;1.4
2019;061;Forssa;yleinen_rakennus;1.4
2019;062;Föglö;muu_asuinrakennus;0.9
2019;062;Föglö;rakentamaton_rakennuspaikka;0.5
2019;062;Föglö;vakituinen_asuinrakennus;0
2019;062;Föglö;yleinen_maapohja;0.7
2019;062;Föglö;yleinen_rakennus;0.7
2019;065;Geta;muu_asuinrakennus;0.9
2019;065;Geta;rakentamaton_rakennuspaikka;
2019;065;Geta;vakituinen_asuinrakennus;0
2019;065;Geta;yleinen_maapohja;0.6
2019;065;Geta;yleinen_rakennus;0.6
2019;069;Haapajärvi;muu_asuinrakennus;1.35
2019;069;Haapajärvi;rakentamaton_rakennuspaikka;5
2019;069;Haapajärvi;vakituinen_asuinrakennus;0.75
2019;069;Haapajärvi;yleinen_maapohja;1.35
2019;069;Haapajärvi;yleinen_rakennus;1.35
2019;071;Haapavesi;muu_asuinrakennus;1.3
2019;071;Haapavesi;rakentamaton_rakennuspaikka;3
2019;071;Haapavesi;vakituinen_asuinrakennus;0.6
2019;071;Haapavesi;yleinen_maapohja;1.05
2019;071;Haapavesi;yleinen_rakennus;1.05
2019;072;Hailuoto;muu_asuinrakennus;1.51
2019;072;Hailuoto;rakentamaton_rakennuspaikka;3
2019;072;Hailuoto;vakituinen_asuinrakennus;0.51
2019;072;Hailuoto;yleinen_maapohja;0.95
2019;072;Hailuoto;yleinen_rakennus;0.95
2019;074;Halsua;muu_asuinrakennus;1.6
2019;074;Halsua;rakentamaton_rakennuspaikka;
2019;074;Halsua;vakituinen_asuinrakennus;0.6
2019;074;Halsua;yleinen_maapohja;1.3
2019;074;Halsua;yleinen_rakennus;1.3
2019;075;Hamina;muu_asuinrakennus;1.15
2019;075;Hamina;rakentamaton_rakennuspaikka;
2019;075;Hamina;vakituinen_asuinrakennus;0.55
2019;075;Hamina;yleinen_maapohja;1.25
2019;075;Hamina;yleinen_rakennus;1.25
2019;076;Hammarland;muu_asuinrakennus;0.9
2019;076;Hammarland;rakentamaton_rakennuspaikka;
2019;076;Hammarland;vakituinen_asuinrakennus;0
2019;076;Hammarland;yleinen_maapohja;0.2
2019;076;Hammarland;yleinen_rakennus;0.2
2019;077;Hankasalmi;muu_asuinrakennus;1.2
2019;077;Hankasalmi;rakentamaton_rakennuspaikka;
2019;077;Hankasalmi;vakituinen_asuinrakennus;0.6
2019;077;Hankasalmi;yleinen_maapohja;1.2
2019;077;Hankasalmi;yleinen_rakennus;1.2
2019;078;Hanko;muu_asuinrakennus;1.6
2019;078;Hanko;rakentamaton_rakennuspaikka;3
2019;078;Hanko;vakituinen_asuinrakennus;0.45
2019;078;Hanko;yleinen_maapohja;1.3
2019;078;Hanko;yleinen_rakennus;1.3
2019;079;Harjavalta;muu_asuinrakennus;0.98
2019;079;Harjavalta;rakentamaton_rakennuspaikka;
2019;079;Harjavalta;vakituinen_asuinrakennus;0.41
2019;079;Harjavalta;yleinen_maapohja;1.2
2019;079;Harjavalta;yleinen_rakennus;1.2
2019;081;Hartola;muu_asuinrakennus;1.1
2019;081;Hartola;rakentamaton_rakennuspaikka;
2019;081;Hartola;vakituinen_asuinrakennus;0.5
2019;081;Hartola;yleinen_maapohja;1
2019;081;Hartola;yleinen_rakennus;1
2019;082;Hattula;muu_asuinrakennus;1
2019;082;Hattula;rakentamaton_rakennuspaikka;
2019;082;Hattula;vakituinen_asuinrakennus;0.45
2019;082;Hattula;yleinen_maapohja;1
2019;082;Hattula;yleinen_rakennus;1
2019;086;Hausjärvi;muu_asuinrakennus;1.05
2019;086;Hausjärvi;rakentamaton_rakennuspaikka;4
2019;086;Hausjärvi;vakituinen_asuinrakennus;0.45
2019;086;Hausjärvi;yleinen_maapohja;1.25
2019;086;Hausjärvi;yleinen_rakennus;1.25
2019;090;Heinävesi;muu_asuinrakennus;1.4
2019;090;Heinävesi;rakentamaton_rakennuspaikka;
2019;090;Heinävesi;vakituinen_asuinrakennus;0.6
2019;090;Heinävesi;yleinen_maapohja;1.15
2019;090;Heinävesi;yleinen_rakennus;1.15
2019;091;Helsinki;muu_asuinrakennus;0.93
2019;091;Helsinki;rakentamaton_rakennuspaikka;3.93
2019;091;Helsinki;vakituinen_asuinrakennus;0.41
2019;091;Helsinki;yleinen_maapohja;0.93
2019;091;Helsinki;yleinen_rakennus;0.93
2019;092;Vantaa;muu_asuinrakennus;1
2019;092;Vantaa;rakentamaton_rakennuspaikka;4
2019;092;Vantaa;vakituinen_asuinrakennus;0.41
2019;092;Vantaa;yleinen_maapohja;1
2019;092;Vantaa;yleinen_rakennus;1
2019;097;Hirvensalmi;muu_asuinrakennus;1.15
2019;097;Hirvensalmi;rakentamaton_rakennuspaikka;2.6
2019;097;Hirvensalmi;vakituinen_asuinrakennus;0.41
2019;097;Hirvensalmi;yleinen_maapohja;0.95
2019;097;Hirvensalmi;yleinen_rakennus;0.95
2019;098;Hollola;muu_asuinrakennus;1.1
2019;098;Hollola;rakentamaton_rakennuspaikka;
2019;098;Hollola;vakituinen_asuinrakennus;0.55
2019;098;Hollola;yleinen_maapohja;1.15
2019;098;Hollola;yleinen_rakennus;1.15
2019;102;Huittinen;muu_asuinrakennus;2
2019;102;Huittinen;rakentamaton_rakennuspaikka;6
2019;102;Huittinen;vakituinen_asuinrakennus;0.41
2019;102;Huittinen;yleinen_maapohja;0.93
2019;102;Huittinen;yleinen_rakennus;0.93
2019;103;Humppila;muu_asuinrakennus;1.3
2019;103;Humppila;rakentamaton_rakennuspaikka;3
2019;103;Humppila;vakituinen_asuinrakennus;0.55
2019;103;Humppila;yleinen_maapohja;1.3
2019;103;Humppila;yleinen_rakennus;1.3
2019;105;Hyrynsalmi;muu_asuinrakennus;1.15
2019;105;Hyrynsalmi;rakentamaton_rakennuspaikka;2
2019;105;Hyrynsalmi;vakituinen_asuinrakennus;0.55
2019;105;Hyrynsalmi;yleinen_maapohja;1
2019;105;Hyrynsalmi;yleinen_rakennus;1
2019;106;Hyvinkää;muu_asuinrakennus;1.05
2019;106;Hyvinkää;rakentamaton_rakennuspaikka;4.3
2019;106;Hyvinkää;vakituinen_asuinrakennus;0.45
2019;106;Hyvinkää;yleinen_maapohja;1.3
2019;106;Hyvinkää;yleinen_rakennus;1.3
2019;108;Hämeenkyrö;muu_asuinrakennus;1.15
2019;108;Hämeenkyrö;rakentamaton_rakennuspaikka;3
2019;108;Hämeenkyrö;vakituinen_asuinrakennus;0.48
2019;108;Hämeenkyrö;yleinen_maapohja;0.95
2019;108;Hämeenkyrö;yleinen_rakennus;0.95
2019;109;Hämeenlinna;muu_asuinrakennus;1.4
2019;109;Hämeenlinna;rakentamaton_rakennuspaikka;3.3
2019;109;Hämeenlinna;vakituinen_asuinrakennus;0.6
2019;109;Hämeenlinna;yleinen_maapohja;1.35
2019;109;Hämeenlinna;yleinen_rakennus;1.35
2019;111;Heinola;muu_asuinrakennus;1
2019;111;Heinola;rakentamaton_rakennuspaikka;
2019;111;Heinola;vakituinen_asuinrakennus;0.5
2019;111;Heinola;yleinen_maapohja;1
2019;111;Heinola;yleinen_rakennus;1
2019;139;Ii;muu_asuinrakennus;1.1
2019;139;Ii;rakentamaton_rakennuspaikka;5
2019;139;Ii;vakituinen_asuinrakennus;0.55
2019;139;Ii;yleinen_maapohja;1.2
2019;139;Ii;yleinen_rakennus;1.2
2019;140;Iisalmi;muu_asuinrakennus;0.93
2019;140;Iisalmi;rakentamaton_rakennuspaikka;3
2019;140;Iisalmi;vakituinen_asuinrakennus;0.55
2019;140;Iisalmi;yleinen_maapohja;1.1
2019;140;Iisalmi;yleinen_rakennus;1.1
2019;142;Iitti;muu_asuinrakennus;1.25
2019;142;Iitti;rakentamaton_rakennuspaikka;
2019;142;Iitti;vakituinen_asuinrakennus;0.65
2019;142;Iitti;yleinen_maapohja;1.15
2019;142;Iitti;yleinen_rakennus;1.15
2019;143;Ikaalinen;muu_asuinrakennus;1.19
2019;143;Ikaalinen;rakentamaton_rakennuspaikka;3
2019;143;Ikaalinen;vakituinen_asuinrakennus;0.59
2019;143;Ikaalinen;yleinen_maapohja;1.23
2019;143;Ikaalinen;yleinen_rakennus;1.23
2019;145;Ilmajoki;muu_asuinrakennus;1.2
2019;145;Ilmajoki;rakentamaton_rakennuspaikka;3
2019;145;Ilmajoki;vakituinen_asuinrakennus;0.55
2019;145;Ilmajoki;yleinen_maapohja;0.93
2019;145;Ilmajoki;yleinen_rakennus;0.93
2019;146;Ilomantsi;muu_asuinrakennus;1
2019;146;Ilomantsi;rakentamaton_rakennuspaikka;
2019;146;Ilomantsi;vakituinen_asuinrakennus;0.45
2019;146;Ilomantsi;yleinen_maapohja;1
2019;146;Ilomantsi;yleinen_rakennus;1
2019;148;Inari;muu_asuinrakennus;1.15
2019;148;Inari;rakentamaton_rakennuspaikka;3
2019;148;Inari;vakituinen_asuinrakennus;0.55
2019;148;Inari;yleinen_maapohja;1.35
2019;148;Inari;yleinen_rakennus;1.35
2019;149;Inkoo;muu_asuinrakennus;1.55
2019;149;Inkoo;rakentamaton_rakennuspaikka;2
2019;149;Inkoo;vakituinen_asuinrakennus;0.65
2019;149;Inkoo;yleinen_maapohja;1.1
2019;149;Inkoo;yleinen_rakennus;1.1
2019;151;Isojoki;muu_asuinrakennus;0.93
2019;151;Isojoki;rakentamaton_rakennuspaikka;2
2019;151;Isojoki;vakituinen_asuinrakennus;0.5
2019;151;Isojoki;yleinen_maapohja;0.93
2019;151;Isojoki;yleinen_rakennus;0.93
2019;152;Isokyrö;muu_asuinrakennus;1.1
2019;152;Isokyrö;rakentamaton_rakennuspaikka;
2019;152;Isokyrö;vakituinen_asuinrakennus;0.65
2019;152;Isokyrö;yleinen_maapohja;0.93
2019;152;Isokyrö;yleinen_rakennus;0.93
2019;153;Imatra;muu_asuinrakennus;1
2019;153;Imatra;rakentamaton_rakennuspaikka;
2019;153;Imatra;vakituinen_asuinrakennus;0.45
2019;153;Imatra;yleinen_maapohja;1.9
2019;153;Imatra;yleinen_rakennus;1.9
2019;165;Janakkala;muu_asuinrakennus;1.1
2019;165;Janakkala;rakentamaton_rakennuspaikka;4
2019;165;Janakkala;vakituinen_asuinrakennus;0.5
2019;165;Janakkala;yleinen_maapohja;1.1
2019;165;Janakkala;yleinen_rakennus;1.1
2019;167;Joensuu;muu_asuinrakennus;1
2019;167;Joensuu;rakentamaton_rakennuspaikka;
2019;167;Joensuu;vakituinen_asuinrakennus;0.45
2019;167;Joensuu;yleinen_maapohja;1.1
2019;167;Joensuu;yleinen_rakennus;1.1
2019;169;Jokioinen;muu_asuinrakennus;1
2019;169;Jokioinen;rakentamaton_rakennuspaikka;
2019;169;Jokioinen;vakituinen_asuinrakennus;0.41
2019;169;Jokioinen;yleinen_maapohja;0.93
2019;169;Jokioinen;yleinen_rakennus;0.93
2019;170;Jomala;muu_asuinrakennus;0.9
2019;170;Jomala;rakentamaton_rakennuspaikka;1
2019;170;Jomala;vakituinen_asuinrakennus;0
2019;170;Jomala;yleinen_maapohja;0.3
2019;170;Jomala;yleinen_rakennus;0.3
2019;171;Joroinen;muu_asuinrakennus;1.1
2019;171;Joroinen;rakentamaton_rakennuspaikka;
2019;171;Joroinen;vakituinen_asuinrakennus;0.5
2019;171;Joroinen;yleinen_maapohja;1.05
2019;171;Joroinen;yleinen_rakennus;1.05
2019;172;Joutsa;muu_asuinrakennus;1.2
2019;172;Joutsa;rakentamaton_rakennuspaikka;
2019;172;Joutsa;vakituinen_asuinrakennus;0.6
2019;172;Joutsa;yleinen_maapohja;1.1
2019;172;Joutsa;yleinen_rakennus;1.1
2019;176;Juuka;muu_asuinrakennus;0.99
2019;176;Juuka;rakentamaton_rakennuspaikka;
2019;176;Juuka;vakituinen_asuinrakennus;0.45
2019;176;Juuka;yleinen_maapohja;1
2019;176;Juuka;yleinen_rakennus;1
2019;177;Juupajoki;muu_asuinrakennus;1.05
2019;177;Juupajoki;rakentamaton_rakennuspaikka;
2019;177;Juupajoki;vakituinen_asuinrakennus;0.45
2019;177;Juupajoki;yleinen_maapohja;1.15
2019;177;Juupajoki;yleinen_rakennus;1.15
2019;178;Juva;muu_asuinrakennus;1.03
2019;178;Juva;rakentamaton_rakennuspaikka;2
2019;178;Juva;vakituinen_asuinrakennus;0.43
2019;178;Juva;yleinen_maapohja;0.95
2019;178;Juva;yleinen_rakennus;0.95
2019;179;Jyväskylä;muu_asuinrakennus;1.55
2019;179;Jyväskylä;rakentamaton_rakennuspaikka;4
2019;179;Jyväskylä;vakituinen_asuinrakennus;0.55
2019;179;Jyväskylä;yleinen_maapohja;1.3
2019;179;Jyväskylä;yleinen_rakennus;1.3
2019;181;Jämijärvi;muu_asuinrakennus;1.03
2019;181;Jämijärvi;rakentamaton_rakennuspaikka;2.5
2019;181;Jämijärvi;vakituinen_asuinrakennus;0.45
2019;181;Jämijärvi;yleinen_maapohja;1.03
2019;181;Jämijärvi;yleinen_rakennus;1.03
2019;182;Jämsä;muu_asuinrakennus;1.05
2019;182;Jämsä;rakentamaton_rakennuspaikka;3
2019;182;Jämsä;vakituinen_asuinrakennus;0.45
2019;182;Jämsä;yleinen_maapohja;1
2019;182;Jämsä;yleinen_rakennus;1
2019;186;Järvenpää;muu_asuinrakennus;1.15
2019;186;Järvenpää;rakentamaton_rakennuspaikka;4.35
2019;186;Järvenpää;vakituinen_asuinrakennus;0.55
2019;186;Järvenpää;yleinen_maapohja;1.35
2019;186;Järvenpää;yleinen_rakennus;1.35
2019;202;Kaarina;muu_asuinrakennus;1
2019;202;Kaarina;rakentamaton_rakennuspaikka;4
2019;202;Kaarina;vakituinen_asuinrakennus;0.41
2019;202;Kaarina;yleinen_maapohja;1
2019;202;Kaarina;yleinen_rakennus;1
2019;204;Kaavi;muu_asuinrakennus;1.55
2019;204;Kaavi;rakentamaton_rakennuspaikka;
2019;204;Kaavi;vakituinen_asuinrakennus;0.75
2019;204;Kaavi;yleinen_maapohja;1.5
2019;204;Kaavi;yleinen_rakennus;1.5
2019;205;Kajaani;muu_asuinrakennus;1.55
2019;205;Kajaani;rakentamaton_rakennuspaikka;4.1
2019;205;Kajaani;vakituinen_asuinrakennus;0.55
2019;205;Kajaani;yleinen_maapohja;1.1
2019;205;Kajaani;yleinen_rakennus;1.1
2019;208;Kalajoki;muu_asuinrakennus;1.1
2019;208;Kalajoki;rakentamaton_rakennuspaikka;
2019;208;Kalajoki;vakituinen_asuinrakennus;0.5
2019;208;Kalajoki;yleinen_maapohja;1.1
2019;208;Kalajoki;yleinen_rakennus;1.1
2019;211;Kangasala;muu_asuinrakennus;1.03
2019;211;Kangasala;rakentamaton_rakennuspaikka;2
2019;211;Kangasala;vakituinen_asuinrakennus;0.43
2019;211;Kangasala;yleinen_maapohja;0.93
2019;211;Kangasala;yleinen_rakennus;0.93
2019;213;Kangasniemi;muu_asuinrakennus;1.05
2019;213;Kangasniemi;rakentamaton_rakennuspaikka;2
2019;213;Kangasniemi;vakituinen_asuinrakennus;0.45
2019;213;Kangasniemi;yleinen_maapohja;0.93
2019;213;Kangasniemi;yleinen_rakennus;0.93
2019;214;Kankaanpää;muu_asuinrakennus;1.05
2019;214;Kankaanpää;rakentamaton_rakennuspaikka;5.5
2019;214;Kankaanpää;vakituinen_asuinrakennus;0.45
2019;214;Kankaanpää;yleinen_maapohja;1.2
2019;214;Kankaanpää;yleinen_rakennus;1.2
2019;216;Kannonkoski;muu_asuinrakennus;1.1
2019;216;Kannonkoski;rakentamaton_rakennuspaikka;
2019;216;Kannonkoski;vakituinen_asuinrakennus;0.5
2019;216;Kannonkoski;yleinen_maapohja;0.95
2019;216;Kannonkoski;yleinen_rakennus;0.95
2019;217;Kannus;muu_asuinrakennus;1
2019;217;Kannus;rakentamaton_rakennuspaikka;
2019;217;Kannus;vakituinen_asuinrakennus;0.55
2019;217;Kannus;yleinen_maapohja;1.15
2019;217;Kannus;yleinen_rakennus;1.15
2019;218;Karijoki;muu_asuinrakennus;1
2019;218;Karijoki;rakentamaton_rakennuspaikka;
2019;218;Karijoki;vakituinen_asuinrakennus;0.5
2019;218;Karijoki;yleinen_maapohja;0.93
2019;218;Karijoki;yleinen_rakennus;0.93
2019;224;Karkkila;muu_asuinrakennus;1.25
2019;224;Karkkila;rakentamaton_rakennuspaikka;3
2019;224;Karkkila;vakituinen_asuinrakennus;0.65
2019;224;Karkkila;yleinen_maapohja;1.1
2019;224;Karkkila;yleinen_rakennus;1.1
2019;226;Karstula;muu_asuinrakennus;1.36
2019;226;Karstula;rakentamaton_rakennuspaikka;
2019;226;Karstula;vakituinen_asuinrakennus;0.48
2019;226;Karstula;yleinen_maapohja;1.03
2019;226;Karstula;yleinen_rakennus;1.03
2019;230;Karvia;muu_asuinrakennus;0.93
2019;230;Karvia;rakentamaton_rakennuspaikka;
2019;230;Karvia;vakituinen_asuinrakennus;0.41
2019;230;Karvia;yleinen_maapohja;0.93
2019;230;Karvia;yleinen_rakennus;0.93
2019;231;Kaskinen;muu_asuinrakennus;2
2019;231;Kaskinen;rakentamaton_rakennuspaikka;6
2019;231;Kaskinen;vakituinen_asuinrakennus;0.9
2019;231;Kaskinen;yleinen_maapohja;1.8
2019;231;Kaskinen;yleinen_rakennus;1.8
2019;232;Kauhajoki;muu_asuinrakennus;1.2
2019;232;Kauhajoki;rakentamaton_rakennuspaikka;3
2019;232;Kauhajoki;vakituinen_asuinrakennus;0.65
2019;232;Kauhajoki;yleinen_maapohja;0.93
2019;232;Kauhajoki;yleinen_rakennus;0.93
2019;233;Kauhava;muu_asuinrakennus;1.1
2019;233;Kauhava;rakentamaton_rakennuspaikka;2
2019;233;Kauhava;vakituinen_asuinrakennus;0.55
2019;233;Kauhava;yleinen_maapohja;0.95
2019;233;Kauhava;yleinen_rakennus;0.95
2019;235;Kauniainen;muu_asuinrakennus;0.93
2019;235;Kauniainen;rakentamaton_rakennuspaikka;3.93
2019;235;Kauniainen;vakituinen_asuinrakennus;0.41
2019;235;Kauniainen;yleinen_maapohja;0.93
2019;235;Kauniainen;yleinen_rakennus;0.93
2019;236;Kaustinen;muu_asuinrakennus;1.03
2019;236;Kaustinen;rakentamaton_rakennuspaikka;3
2019;236;Kaustinen;vakituinen_asuinrakennus;0.5
2019;236;Kaustinen;yleinen_maapohja;1.03
2019;236;Kaustinen;yleinen_rakennus;1.03
2019;239;Keitele;muu_asuinrakennus;1
2019;239;Keitele;rakentamaton_rakennuspaikka;
2019;239;Keitele;vakituinen_asuinrakennus;0.45
2019;239;Keitele;yleinen_maapohja;0.95
2019;239;Keitele;yleinen_rakennus;0.95
2019;240;Kemi;muu_asuinrakennus;1
2019;240;Kemi;rakentamaton_rakennuspaikka;6
2019;240;Kemi;vakituinen_asuinrakennus;0.5
2019;240;Kemi;yleinen_maapohja;1.13
2019;240;Kemi;yleinen_rakennus;1.13
2019;241;Keminmaa;muu_asuinrakennus;1
2019;241;Keminmaa;rakentamaton_rakennuspaikka;4
2019;241;Keminmaa;vakituinen_asuinrakennus;0.41
2019;241;Keminmaa;yleinen_maapohja;1.15
2019;241;Keminmaa;yleinen_rakennus;1.15
2019;244;Kempele;muu_asuinrakennus;1.1
2019;244;Kempele;rakentamaton_rakennuspaikka;3
2019;244;Kempele;vakituinen_asuinrakennus;0.43
2019;244;Kempele;yleinen_maapohja;1.1
2019;244;Kempele;yleinen_rakennus;1.1
2019;245;Kerava;muu_asuinrakennus;0.93
2019;245;Kerava;rakentamaton_rakennuspaikka;4.32
2019;245;Kerava;vakituinen_asuinrakennus;0.41
2019;245;Kerava;yleinen_maapohja;1.32
2019;245;Kerava;yleinen_rakennus;1.32
2019;249;Keuruu;muu_asuinrakennus;1
2019;249;Keuruu;rakentamaton_rakennuspaikka;
2019;249;Keuruu;vakituinen_asuinrakennus;0.41
2019;249;Keuruu;yleinen_maapohja;1
2019;249;Keuruu;yleinen_rakennus;1
2019;250;Kihniö;muu_asuinrakennus;1.1
2019;250;Kihniö;rakentamaton_rakennuspaikka;
2019;250;Kihniö;vakituinen_asuinrakennus;0.55
2019;250;Kihniö;yleinen_maapohja;1.1
2019;250;Kihniö;yleinen_rakennus;1.1
2019;256;Kinnula;muu_asuinrakennus;1.2
2019;256;Kinnula;rakentamaton_rakennuspaikka;2.75
2019;256;Kinnula;vakituinen_asuinrakennus;0.6
2019;256;Kinnula;yleinen_maapohja;1.1
2019;256;Kinnula;yleinen_rakennus;1.1
2019;257;Kirkkonummi;muu_asuinrakennus;1.4
2019;257;Kirkkonummi;rakentamaton_rakennuspaikka;3.93
2019;257;Kirkkonummi;vakituinen_asuinrakennus;0.41
2019;257;Kirkkonummi;yleinen_maapohja;0.93
2019;257;Kirkkonummi;yleinen_rakennus;0.93
2019;260;Kitee;muu_asuinrakennus;1.1
2019;260;Kitee;rakentamaton_rakennuspaikka;
2019;260;Kitee;vakituinen_asuinrakennus;0.55
2019;260;Kitee;yleinen_maapohja;0.95
2019;260;Kitee;yleinen_rakennus;0.95
2019;261;Kittilä;muu_asuinrakennus;1.2
2019;261;Kittilä;rakentamaton_rakennuspaikka;
2019;261;Kittilä;vakituinen_asuinrakennus;0.43
2019;261;Kittilä;yleinen_maapohja;1.16
2019;261;Kittilä;yleinen_rakennus;1.16
2019;263;Kiuruvesi;muu_asuinrakennus;1
2019;263;Kiuruvesi;rakentamaton_rakennuspaikka;3
2019;263;Kiuruvesi;vakituinen_asuinrakennus;0.55
2019;263;Kiuruvesi;yleinen_maapohja;0.93
2019;263;Kiuruvesi;yleinen_rakennus;0.93
2019;265;Kivijärvi;muu_asuinrakennus;1.3
2019;265;Kivijärvi;rakentamaton_rakennuspaikka;2.5
2019;265;Kivijärvi;vakituinen_asuinrakennus;0.5
2019;265;Kivijärvi;yleinen_maapohja;1.1
2019;265;Kivijärvi;yleinen_rakennus;1.1
2019;271;Kokemäki;muu_asuinrakennus;1.21
2019;271;Kokemäki;rakentamaton_rakennuspaikka;4
2019;271;Kokemäki;vakituinen_asuinrakennus;0.51
2019;271;Kokemäki;yleinen_maapohja;1.2
2019;271;Kokemäki;yleinen_rakennus;1.2
2019;272;Kokkola;muu_asuinrakennus;1.1
2019;272;Kokkola;rakentamaton_rakennuspaikka;3.25
2019;272;Kokkola;vakituinen_asuinrakennus;0.7
2019;272;Kokkola;yleinen_maapohja;1.25
2019;272;Kokkola;yleinen_rakennus;1.25
2019;273;Kolari;muu_asuinrakennus;1.2
2019;273;Kolari;rakentamaton_rakennuspaikka;2
2019;273;Kolari;vakituinen_asuinrakennus;0.47
2019;273;Kolari;yleinen_maapohja;1.03
2019;273;Kolari;yleinen_rakennus;1.03
2019;275;Konnevesi;muu_asuinrakennus;1.2
2019;275;Konnevesi;rakentamaton_rakennuspaikka;
2019;275;Konnevesi;vakituinen_asuinrakennus;0.55
2019;275;Konnevesi;yleinen_maapohja;1.1
2019;275;Konnevesi;yleinen_rakennus;1.1
2019;276;Kontiolahti;muu_asuinrakennus;1
2019;276;Kontiolahti;rakentamaton_rakennuspaikka;
2019;276;Kontiolahti;vakituinen_asuinrakennus;0.41
2019;276;Kontiolahti;yleinen_maapohja;0.93
2019;276;Kontiolahti;yleinen_rakennus;0.93
2019;280;Korsnäs;muu_asuinrakennus;1.3
2019;280;Korsnäs;rakentamaton_rakennuspaikka;
2019;280;Korsnäs;vakituinen_asuinrakennus;0.5
2019;280;Korsnäs;yleinen_maapohja;0.93
2019;280;Korsnäs;yleinen_rakennus;0.93
2019;284;Koski Tl;muu_asuinrakennus;0.93
2019;284;Koski Tl;rakentamaton_rakennuspaikka;
2019;284;Koski Tl;vakituinen_asuinrakennus;0.41
2019;284;Koski Tl;yleinen_maapohja;0.93
2019;284;Koski Tl;yleinen_rakennus;0.93
2019;285;Kotka;muu_asuinrakennus;1.15
2019;285;Kotka;rakentamaton_rakennuspaikka;
2019;285;Kotka;vakituinen_asuinrakennus;0.55
2019;285;Kotka;yleinen_maapohja;1.35
2019;285;Kotka;yleinen_rakennus;1.35
2019;286;Kouvola;muu_asuinrakennus;1.35
2019;286;Kouvola;rakentamaton_rakennuspaikka;
2019;286;Kouvola;vakituinen_asuinrakennus;0.65
2019;286;Kouvola;yleinen_maapohja;1.45
2019;286;Kouvola;yleinen_rakennus;1.45
2019;287;Kristiinankaupunki;muu_asuinrakennus;1.2
2019;287;Kristiinankaupunki;rakentamaton_rakennuspaikka;
2019;287;Kristiinankaupunki;vakituinen_asuinrakennus;0.6
2019;287;Kristiinankaupunki;yleinen_maapohja;0.93
2019;287;Kristiinankaupunki;yleinen_rakennus;0.93
2019;288;Kruunupyy;muu_asuinrakennus;1.3
2019;288;Kruunupyy;rakentamaton_rakennuspaikka;4
2019;288;Kruunupyy;vakituinen_asuinrakennus;0.65
2019;288;Kruunupyy;yleinen_maapohja;1.1
2019;288;Kruunupyy;yleinen_rakennus;1.1
2019;290;Kuhmo;muu_asuinrakennus;1.08
2019;290;Kuhmo;rakentamaton_rakennuspaikka;2
2019;290;Kuhmo;vakituinen_asuinrakennus;0.54
2019;290;Kuhmo;yleinen_maapohja;0.98
2019;290;Kuhmo;yleinen_rakennus;0.98
2019;291;Kuhmoinen;muu_asuinrakennus;1.1
2019;291;Kuhmoinen;rakentamaton_rakennuspaikka;
2019;291;Kuhmoinen;vakituinen_asuinrakennus;0.5
2019;291;Kuhmoinen;yleinen_maapohja;1
2019;291;Kuhmoinen;yleinen_rakennus;1
2019;295;Kumlinge;muu_asuinrakennus;0.9
2019;295;Kumlinge;rakentamaton_rakennuspaikka;
2019;295;Kumlinge;vakituinen_asuinrakennus;0.2
2019;295;Kumlinge;yleinen_maapohja;0.6
2019;295;Kumlinge;yleinen_rakennus;0.6
2019;297;Kuopio;muu_asuinrakennus;1.1
2019;297;Kuopio;rakentamaton_rakennuspaikka;3
2019;297;Kuopio;vakituinen_asuinrakennus;0.52
2019;297;Kuopio;yleinen_maapohja;1.3
2019;297;Kuopio;yleinen_rakennus;1.3
2019;300;Kuortane;muu_asuinrakennus;1.05
2019;300;Kuortane;rakentamaton_rakennuspaikka;
2019;300;Kuortane;vakituinen_asuinrakennus;0.45
2019;300;Kuortane;yleinen_maapohja;0.93
2019;300;Kuortane;yleinen_rakennus;0.93
2019;301;Kurikka;muu_asuinrakennus;1.2
2019;301;Kurikka;rakentamaton_rakennuspaikka;4
2019;301;Kurikka;vakituinen_asuinrakennus;0.6
2019;301;Kurikka;yleinen_maapohja;0.93
2019;301;Kurikka;yleinen_rakennus;0.93
2019;304;Kustavi;muu_asuinrakennus;0.98
2019;304;Kustavi;rakentamaton_rakennuspaikka;
2019;304;Kustavi;vakituinen_asuinrakennus;0.41
2019;304;Kustavi;yleinen_maapohja;0.93
2019;304;Kustavi;yleinen_rakennus;0.93
2019;305;Kuusamo;muu_asuinrakennus;1.1
2019;305;Kuusamo;rakentamaton_rakennuspaikka;
2019;305;Kuusamo;vakituinen_asuinrakennus;0.5
2019;305;Kuusamo;yleinen_maapohja;1.1
2019;305;Kuusamo;yleinen_rakennus;1.1
2019;309;Outokumpu;muu_asuinrakennus;1.25
2019;309;Outokumpu;rakentamaton_rakennuspaikka;
2019;309;Outokumpu;vakituinen_asuinrakennus;0.65
2019;309;Outokumpu;yleinen_maapohja;1.1
2019;309;Outokumpu;yleinen_rakennus;1.1
2019;312;Kyyjärvi;muu_asuinrakennus;1.3
2019;312;Kyyjärvi;rakentamaton_rakennuspaikka;3.5
2019;312;Kyyjärvi;vakituinen_asuinrakennus;0.65
2019;312;Kyyjärvi;yleinen_maapohja;1.15
2019;312;Kyyjärvi;yleinen_rakennus;1.15
2019;316;Kärkölä;muu_asuinrakennus;1.2
2019;316;Kärkölä;rakentamaton_rakennuspaikka;4.35
2019;316;Kärkölä;vakituinen_asuinrakennus;0.6
2019;316;Kärkölä;yleinen_maapohja;1.35
2019;316;Kärkölä;yleinen_rakennus;1.35
2019;317;Kärsämäki;muu_asuinrakennus;1.1
2019;317;Kärsämäki;rakentamaton_rakennuspaikka;3
2019;317;Kärsämäki;vakituinen_asuinrakennus;0.65
2019;317;Kärsämäki;yleinen_maapohja;0.93
2019;317;Kärsämäki;yleinen_rakennus;0.93
2019;318;Kökar;muu_asuinrakennus;0.9
2019;318;Kökar;rakentamaton_rakennuspaikka;
2019;318;Kökar;vakituinen_asuinrakennus;0
2019;318;Kökar;yleinen_maapohja;0.4
2019;318;Kökar;yleinen_rakennus;0.4
2019;320;Kemijärvi;muu_asuinrakennus;1.35
2019;320;Kemijärvi;rakentamaton_rakennuspaikka;
2019;320;Kemijärvi;vakituinen_asuinrakennus;0.5
2019;320;Kemijärvi;yleinen_maapohja;1.2
2019;320;Kemijärvi;yleinen_rakennus;1.2
2019;322;Kemiönsaari;muu_asuinrakennus;1.1
2019;322;Kemiönsaari;rakentamaton_rakennuspaikka;
2019;322;Kemiönsaari;vakituinen_asuinrakennus;0.41
2019;322;Kemiönsaari;yleinen_maapohja;1.1
2019;322;Kemiönsaari;yleinen_rakennus;1.1
2019;398;Lahti;muu_asuinrakennus;1.35
2019;398;Lahti;rakentamaton_rakennuspaikka;4
2019;398;Lahti;vakituinen_asuinrakennus;0.6
2019;398;Lahti;yleinen_maapohja;1.35
2019;398;Lahti;yleinen_rakennus;1.35
2019;399;Laihia;muu_asuinrakennus;1
2019;399;Laihia;rakentamaton_rakennuspaikka;3
2019;399;Laihia;vakituinen_asuinrakennus;0.6
2019;399;Laihia;yleinen_maapohja;1
2019;399;Laihia;yleinen_rakennus;1
2019;400;Laitila;muu_asuinrakennus;1
2019;400;Laitila;rakentamaton_rakennuspaikka;3
2019;400;Laitila;vakituinen_asuinrakennus;0.41
2019;400;Laitila;yleinen_maapohja;0.93
2019;400;Laitila;yleinen_rakennus;0.93
2019;402;Lapinlahti;muu_asuinrakennus;1
2019;402;Lapinlahti;rakentamaton_rakennuspaikka;2
2019;402;Lapinlahti;vakituinen_asuinrakennus;0.6
2019;402;Lapinlahti;yleinen_maapohja;0.93
2019;402;Lapinlahti;yleinen_rakennus;0.93
2019;403;Lappajärvi;muu_asuinrakennus;1.15
2019;403;Lappajärvi;rakentamaton_rakennuspaikka;
2019;403;Lappajärvi;vakituinen_asuinrakennus;0.55
2019;403;Lappajärvi;yleinen_maapohja;1
2019;403;Lappajärvi;yleinen_rakennus;1
2019;405;Lappeenranta;muu_asuinrakennus;1.15
2019;405;Lappeenranta;rakentamaton_rakennuspaikka;3
2019;405;Lappeenranta;vakituinen_asuinrakennus;0.55
2019;405;Lappeenranta;yleinen_maapohja;1.43
2019;405;Lappeenranta;yleinen_rakennus;1.43
2019;407;Lapinjärvi;muu_asuinrakennus;1.1
2019;407;Lapinjärvi;rakentamaton_rakennuspaikka;
2019;407;Lapinjärvi;vakituinen_asuinrakennus;0.5
2019;407;Lapinjärvi;yleinen_maapohja;1
2019;407;Lapinjärvi;yleinen_rakennus;1
2019;408;Lapua;muu_asuinrakennus;1.05
2019;408;Lapua;rakentamaton_rakennuspaikka;4
2019;408;Lapua;vakituinen_asuinrakennus;0.45
2019;408;Lapua;yleinen_maapohja;1.05
2019;408;Lapua;yleinen_rakennus;1.05
2019;410;Laukaa;muu_asuinrakennus;1.2
2019;410;Laukaa;rakentamaton_rakennuspaikka;3
2019;410;Laukaa;vakituinen_asuinrakennus;0.6
2019;410;Laukaa;yleinen_maapohja;1.1
2019;410;Laukaa;yleinen_rakennus;1.1
2019;416;Lemi;muu_asuinrakennus;1.13
2019;416;Lemi;rakentamaton_rakennuspaikka;4
2019;416;Lemi;vakituinen_asuinrakennus;0.53
2019;416;Lemi;yleinen_maapohja;1.13
2019;416;Lemi;yleinen_rakennus;1.13
2019;417;Lemland;muu_asuinrakennus;0.9
2019;417;Lemland;rakentamaton_rakennuspaikka;0
2019;417;Lemland;vakituinen_asuinrakennus;0
2019;417;Lemland;yleinen_maapohja;0.7
2019;417;Lemland;yleinen_rakennus;0.7
2019;418;Lempäälä;muu_asuinrakennus;1
2019;418;Lempäälä;rakentamaton_rakennuspaikka;3
2019;418;Lempäälä;vakituinen_asuinrakennus;0.45
2019;418;Lempäälä;yleinen_maapohja;0.95
2019;418;Lempäälä;yleinen_rakennus;0.95
2019;420;Leppävirta;muu_asuinrakennus;1
2019;420;Leppävirta;rakentamaton_rakennuspaikka;2
2019;420;Leppävirta;vakituinen_asuinrakennus;0.45
2019;420;Leppävirta;yleinen_maapohja;1
2019;420;Leppävirta;yleinen_rakennus;1
2019;421;Lestijärvi;muu_asuinrakennus;1.4
2019;421;Lestijärvi;rakentamaton_rakennuspaikka;
2019;421;Lestijärvi;vakituinen_asuinrakennus;0.5
2019;421;Lestijärvi;yleinen_maapohja;1
2019;421;Lestijärvi;yleinen_rakennus;1
2019;422;Lieksa;muu_asuinrakennus;0.95
2019;422;Lieksa;rakentamaton_rakennuspaikka;
2019;422;Lieksa;vakituinen_asuinrakennus;0.43
2019;422;Lieksa;yleinen_maapohja;1
2019;422;Lieksa;yleinen_rakennus;1
2019;423;Lieto;muu_asuinrakennus;1
2019;423;Lieto;rakentamaton_rakennuspaikka;3
2019;423;Lieto;vakituinen_asuinrakennus;0.41
2019;423;Lieto;yleinen_maapohja;1
2019;423;Lieto;yleinen_rakennus;1
2019;425;Liminka;muu_asuinrakennus;1.03
2019;425;Liminka;rakentamaton_rakennuspaikka;3
2019;425;Liminka;vakituinen_asuinrakennus;0.43
2019;425;Liminka;yleinen_maapohja;0.94
2019;425;Liminka;yleinen_rakennus;0.94
2019;426;Liperi;muu_asuinrakennus;1
2019;426;Liperi;rakentamaton_rakennuspaikka;
2019;426;Liperi;vakituinen_asuinrakennus;0.5
2019;426;Liperi;yleinen_maapohja;0.93
2019;426;Liperi;yleinen_rakennus;0.93
2019;430;Loimaa;muu_asuinrakennus;1.05
2019;430;Loimaa;rakentamaton_rakennuspaikka;
2019;430;Loimaa;vakituinen_asuinrakennus;0.5
2019;430;Loimaa;yleinen_maapohja;1
2019;430;Loimaa;yleinen_rakennus;1
2019;433;Loppi;muu_asuinrakennus;1
2019;433;Loppi;rakentamaton_rakennuspaikka;3
2019;433;Loppi;vakituinen_asuinrakennus;0.41
2019;433;Loppi;yleinen_maapohja;1
2019;433;Loppi;yleinen_rakennus;1
2019;434;Loviisa;muu_asuinrakennus;1.2
2019;434;Loviisa;rakentamaton_rakennuspaikka;3
2019;434;Loviisa;vakituinen_asuinrakennus;0.5
2019;434;Loviisa;yleinen_maapohja;1
2019;434;Loviisa;yleinen_rakennus;1
2019;435;Luhanka;muu_asuinrakennus;1.3
2019;435;Luhanka;rakentamaton_rakennuspaikka;4
2019;435;Luhanka;vakituinen_asuinrakennus;0.5
2019;435;Luhanka;yleinen_maapohja;1.2
2019;435;Luhanka;yleinen_rakennus;1.2
2019;436;Lumijoki;muu_asuinrakennus;1.15
2019;436;Lumijoki;rakentamaton_rakennuspaikka;6
2019;436;Lumijoki;vakituinen_asuinrakennus;0.5
2019;436;Lumijoki;yleinen_maapohja;0.95
2019;436;Lumijoki;yleinen_rakennus;0.95
2019;438;Lumparland;muu_asuinrakennus;0.9
2019;438;Lumparland;rakentamaton_rakennuspaikka;0
2019;438;Lumparland;vakituinen_asuinrakennus;0
2019;438;Lumparland;yleinen_maapohja;0.6
2019;438;Lumparland;yleinen_rakennus;0.6
2019;440;Luoto;muu_asuinrakennus;1.15
2019;440;Luoto;rakentamaton_rakennuspaikka;4
2019;440;Luoto;vakituinen_asuinrakennus;0.42
2019;440;Luoto;yleinen_maapohja;1.3
2019;440;Luoto;yleinen_rakennus;1.3
2019;441;Luumäki;muu_asuinrakennus;1
2019;441;Luumäki;rakentamaton_rakennuspaikka;
2019;441;Luumäki;vakituinen_asuinrakennus;0.45
2019;441;Luumäki;yleinen_maapohja;0.95
2019;441;Luumäki;yleinen_rakennus;0.95
2019;444;Lohja;muu_asuinrakennus;1.05
2019;444;Lohja;rakentamaton_rakennuspaikka;4.5
2019;444;Lohja;vakituinen_asuinrakennus;0.45
2019;444;Lohja;yleinen_maapohja;1.03
2019;444;Lohja;yleinen_rakennus;1.03
2019;445;Parainen;muu_asuinrakennus;1.5
2019;445;Parainen;rakentamaton_rakennuspaikka;3
2019;445;Parainen;vakituinen_asuinrakennus;0.47
2019;445;Parainen;yleinen_maapohja;1.5
2019;445;Parainen;yleinen_rakennus;1.5
2019;475;Maalahti;muu_asuinrakennus;1.1
2019;475;Maalahti;rakentamaton_rakennuspaikka;
2019;475;Maalahti;vakituinen_asuinrakennus;0.5
2019;475;Maalahti;yleinen_maapohja;0.93
2019;475;Maalahti;yleinen_rakennus;0.93
2019;478;Maarianhamina - Mariehamn;muu_asuinrakennus;0.9
2019;478;Maarianhamina - Mariehamn;rakentamaton_rakennuspaikka;3
2019;478;Maarianhamina - Mariehamn;vakituinen_asuinrakennus;0.3
2019;478;Maarianhamina - Mariehamn;yleinen_maapohja;0.3
2019;478;Maarianhamina - Mariehamn;yleinen_rakennus;0.3
2019;480;Marttila;muu_asuinrakennus;0.95
2019;480;Marttila;rakentamaton_rakennuspaikka;
2019;480;Marttila;vakituinen_asuinrakennus;0.45
2019;480;Marttila;yleinen_maapohja;0.95
2019;480;Marttila;yleinen_rakennus;0.95
2019;481;Masku;muu_asuinrakennus;1
2019;481;Masku;rakentamaton_rakennuspaikka;2
2019;481;Masku;vakituinen_asuinrakennus;0.41
2019;481;Masku;yleinen_maapohja;0.95
2019;481;Masku;yleinen_rakennus;0.95
2019;483;Merijärvi;muu_asuinrakennus;1.03
2019;483;Merijärvi;rakentamaton_rakennuspaikka;
2019;483;Merijärvi;vakituinen_asuinrakennus;0.45
2019;483;Merijärvi;yleinen_maapohja;1.03
2019;483;Merijärvi;yleinen_rakennus;1.03
2019;484;Merikarvia;muu_asuinrakennus;1
2019;484;Merikarvia;rakentamaton_rakennuspaikka;3
2019;484;Merikarvia;vakituinen_asuinrakennus;0.41
2019;484;Merikarvia;yleinen_maapohja;0.93
2019;484;Merikarvia;yleinen_rakennus;0.93
2019;489;Miehikkälä;muu_asuinrakennus;1.1
2019;489;Miehikkälä;rakentamaton_rakennuspaikka;
2019;489;Miehikkälä;vakituinen_asuinrakennus;0.5
2019;489;Miehikkälä;yleinen_maapohja;1.1
2019;489;Miehikkälä;yleinen_rakennus;1.1
2019;491;Mikkeli;muu_asuinrakennus;1.15
2019;491;Mikkeli;rakentamaton_rakennuspaikka;3.3
2019;491;Mikkeli;vakituinen_asuinrakennus;0.58
2019;491;Mikkeli;yleinen_maapohja;1.25
2019;491;Mikkeli;yleinen_rakennus;1.25
2019;494;Muhos;muu_asuinrakennus;1
2019;494;Muhos;rakentamaton_rakennuspaikka;3
2019;494;Muhos;vakituinen_asuinrakennus;0.45
2019;494;Muhos;yleinen_maapohja;0.93
2019;494;Muhos;yleinen_rakennus;0.93
2019;495;Multia;muu_asuinrakennus;1.05
2019;495;Multia;rakentamaton_rakennuspaikka;2
2019;495;Multia;vakituinen_asuinrakennus;0.45
2019;495;Multia;yleinen_maapohja;1
2019;495;Multia;yleinen_rakennus;1
2019;498;Muonio;muu_asuinrakennus;1.05
2019;498;Muonio;rakentamaton_rakennuspaikka;4
2019;498;Muonio;vakituinen_asuinrakennus;0.45
2019;498;Muonio;yleinen_maapohja;1.05
2019;498;Muonio;yleinen_rakennus;1.05
2019;499;Mustasaari;muu_asuinrakennus;1.15
2019;499;Mustasaari;rakentamaton_rakennuspaikka;6
2019;499;Mustasaari;vakituinen_asuinrakennus;0.55
2019;499;Mustasaari;yleinen_maapohja;1
2019;499;Mustasaari;yleinen_rakennus;1
2019;500;Muurame;muu_asuinrakennus;1.2
2019;500;Muurame;rakentamaton_rakennuspaikka;4
2019;500;Muurame;vakituinen_asuinrakennus;0.5
2019;500;Muurame;yleinen_maapohja;1.1
2019;500;Muurame;yleinen_rakennus;1.1
2019;503;Mynämäki;muu_asuinrakennus;1.1
2019;503;Mynämäki;rakentamaton_rakennuspaikka;
2019;503;Mynämäki;vakituinen_asuinrakennus;0.5
2019;503;Mynämäki;yleinen_maapohja;0.93
2019;503;Mynämäki;yleinen_rakennus;0.93
2019;504;Myrskylä;muu_asuinrakennus;1.15
2019;504;Myrskylä;rakentamaton_rakennuspaikka;
2019;504;Myrskylä;vakituinen_asuinrakennus;0.55
2019;504;Myrskylä;yleinen_maapohja;1
2019;504;Myrskylä;yleinen_rakennus;1
2019;505;Mäntsälä;muu_asuinrakennus;1.2
2019;505;Mäntsälä;rakentamaton_rakennuspaikka;4.3
2019;505;Mäntsälä;vakituinen_asuinrakennus;0.6
2019;505;Mäntsälä;yleinen_maapohja;1.3
2019;505;Mäntsälä;yleinen_rakennus;1.3
2019;507;Mäntyharju;muu_asuinrakennus;1.15
2019;507;Mäntyharju;rakentamaton_rakennuspaikka;4.1
2019;507;Mäntyharju;vakituinen_asuinrakennus;0.55
2019;507;Mäntyharju;yleinen_maapohja;1.1
2019;507;Mäntyharju;yleinen_rakennus;1.1
2019;508;Mänttä-Vilppula;muu_asuinrakennus;1.15
2019;508;Mänttä-Vilppula;rakentamaton_rakennuspaikka;
2019;508;Mänttä-Vilppula;vakituinen_asuinrakennus;0.6
2019;508;Mänttä-Vilppula;yleinen_maapohja;1.1
2019;508;Mänttä-Vilppula;yleinen_rakennus;1.1
2019;529;Naantali;muu_asuinrakennus;1.35
2019;529;Naantali;rakentamaton_rakennuspaikka;3
2019;529;Naantali;vakituinen_asuinrakennus;0.45
2019;529;Naantali;yleinen_maapohja;1.05
2019;529;Naantali;yleinen_rakennus;1.05
2019;531;Nakkila;muu_asuinrakennus;1.03
2019;531;Nakkila;rakentamaton_rakennuspaikka;2
2019;531;Nakkila;vakituinen_asuinrakennus;0.5
2019;531;Nakkila;yleinen_maapohja;1.05
2019;531;Nakkila;yleinen_rakennus;1.05
2019;535;Nivala;muu_asuinrakennus;1
2019;535;Nivala;rakentamaton_rakennuspaikka;4
2019;535;Nivala;vakituinen_asuinrakennus;0.65
2019;535;Nivala;yleinen_maapohja;1
2019;535;Nivala;yleinen_rakennus;1
2019;536;Nokia;muu_asuinrakennus;1.4
2019;536;Nokia;rakentamaton_rakennuspaikka;6
2019;536;Nokia;vakituinen_asuinrakennus;0.55
2019;536;Nokia;yleinen_maapohja;1
2019;536;Nokia;yleinen_rakennus;1
2019;538;Nousiainen;muu_asuinrakennus;1.1
2019;538;Nousiainen;rakentamaton_rakennuspaikka;2
2019;538;Nousiainen;vakituinen_asuinrakennus;0.5
2019;538;Nousiainen;yleinen_maapohja;1
2019;538;Nousiainen;yleinen_rakennus;1
2019;541;Nurmes;muu_asuinrakennus;1.04
2019;541;Nurmes;rakentamaton_rakennuspaikka;
2019;541;Nurmes;vakituinen_asuinrakennus;0.47
2019;541;Nurmes;yleinen_maapohja;1
2019;541;Nurmes;yleinen_rakennus;1
2019;543;Nurmijärvi;muu_asuinrakennus;0.93
2019;543;Nurmijärvi;rakentamaton_rakennuspaikka;3.93
2019;543;Nurmijärvi;vakituinen_asuinrakennus;0.41
2019;543;Nurmijärvi;yleinen_maapohja;0.93
2019;543;Nurmijärvi;yleinen_rakennus;0.93
2019;545;Närpiö;muu_asuinrakennus;1.1
2019;545;Närpiö;rakentamaton_rakennuspaikka;
2019;545;Närpiö;vakituinen_asuinrakennus;0.5
2019;545;Närpiö;yleinen_maapohja;0.93
2019;545;Närpiö;yleinen_rakennus;0.93
2019;560;Orimattila;muu_asuinrakennus;1.1
2019;560;Orimattila;rakentamaton_rakennuspaikka;3
2019;560;Orimattila;vakituinen_asuinrakennus;0.55
2019;560;Orimattila;yleinen_maapohja;1.2
2019;560;Orimattila;yleinen_rakennus;1.2
2019;561;Oripää;muu_asuinrakennus;1.2
2019;561;Oripää;rakentamaton_rakennuspaikka;
2019;561;Oripää;vakituinen_asuinrakennus;0.55
2019;561;Oripää;yleinen_maapohja;1.1
2019;561;Oripää;yleinen_rakennus;1.1
2019;562;Orivesi;muu_asuinrakennus;1.25
2019;562;Orivesi;rakentamaton_rakennuspaikka;3
2019;562;Orivesi;vakituinen_asuinrakennus;0.65
2019;562;Orivesi;yleinen_maapohja;1.1
2019;562;Orivesi;yleinen_rakennus;1.1
2019;563;Oulainen;muu_asuinrakennus;1.05
2019;563;Oulainen;rakentamaton_rakennuspaikka;3
2019;563;Oulainen;vakituinen_asuinrakennus;0.7
2019;563;Oulainen;yleinen_maapohja;1.25
2019;563;Oulainen;yleinen_rakennus;1.25
2019;564;Oulu;muu_asuinrakennus;0.93
2019;564;Oulu;rakentamaton_rakennuspaikka;
2019;564;Oulu;vakituinen_asuinrakennus;0.5
2019;564;Oulu;yleinen_maapohja;1.15
2019;564;Oulu;yleinen_rakennus;1.15
2019;576;Padasjoki;muu_asuinrakennus;1.2
2019;576;Padasjoki;rakentamaton_rakennuspaikka;
2019;576;Padasjoki;vakituinen_asuinrakennus;0.6
2019;576;Padasjoki;yleinen_maapohja;0.93
2019;576;Padasjoki;yleinen_rakennus;0.93
2019;577;Paimio;muu_asuinrakennus;1.2
2019;577;Paimio;rakentamaton_rakennuspaikka;3
2019;577;Paimio;vakituinen_asuinrakennus;0.45
2019;577;Paimio;yleinen_maapohja;1.1
2019;577;Paimio;yleinen_rakennus;1.1
2019;578;Paltamo;muu_asuinrakennus;1.1
2019;578;Paltamo;rakentamaton_rakennuspaikka;
2019;578;Paltamo;vakituinen_asuinrakennus;0.6
2019;578;Paltamo;yleinen_maapohja;1.1
2019;578;Paltamo;yleinen_rakennus;1.1
2019;580;Parikkala;muu_asuinrakennus;1.1
2019;580;Parikkala;rakentamaton_rakennuspaikka;
2019;580;Parikkala;vakituinen_asuinrakennus;0.5
2019;580;Parikkala;yleinen_maapohja;1
2019;580;Parikkala;yleinen_rakennus;1
2019;581;Parkano;muu_asuinrakennus;1.1
2019;581;Parkano;rakentamaton_rakennuspaikka;
2019;581;Parkano;vakituinen_asuinrakennus;0.52
2019;581;Parkano;yleinen_maapohja;1.1
2019;581;Parkano;yleinen_rakennus;1.1
2019;583;Pelkosenniemi;muu_asuinrakennus;1.75
2019;583;Pelkosenniemi;rakentamaton_rakennuspaikka;4
2019;583;Pelkosenniemi;vakituinen_asuinrakennus;0.75
2019;583;Pelkosenniemi;yleinen_maapohja;1.5
2019;583;Pelkosenniemi;yleinen_rakennus;1.5
2019;584;Perho;muu_asuinrakennus;1.05
2019;584;Perho;rakentamaton_rakennuspaikka;2.25
2019;584;Perho;vakituinen_asuinrakennus;0.55
2019;584;Perho;yleinen_maapohja;0.93
2019;584;Perho;yleinen_rakennus;0.93
2019;592;Petäjävesi;muu_asuinrakennus;1.2
2019;592;Petäjävesi;rakentamaton_rakennuspaikka;2
2019;592;Petäjävesi;vakituinen_asuinrakennus;0.55
2019;592;Petäjävesi;yleinen_maapohja;1.2
2019;592;Petäjävesi;yleinen_rakennus;1.2
2019;593;Pieksämäki;muu_asuinrakennus;1.1
2019;593;Pieksämäki;rakentamaton_rakennuspaikka;
2019;593;Pieksämäki;vakituinen_asuinrakennus;0.5
2019;593;Pieksämäki;yleinen_maapohja;1.1
2019;593;Pieksämäki;yleinen_rakennus;1.1
2019;595;Pielavesi;muu_asuinrakennus;1.1
2019;595;Pielavesi;rakentamaton_rakennuspaikka;2.5
2019;595;Pielavesi;vakituinen_asuinrakennus;0.6
2019;595;Pielavesi;yleinen_maapohja;0.93
2019;595;Pielavesi;yleinen_rakennus;0.93
2019;598;Pietarsaari;muu_asuinrakennus;1.15
2019;598;Pietarsaari;rakentamaton_rakennuspaikka;4
2019;598;Pietarsaari;vakituinen_asuinrakennus;0.5
2019;598;Pietarsaari;yleinen_maapohja;1.15
2019;598;Pietarsaari;yleinen_rakennus;1.15
2019;599;Pedersören kunta;muu_asuinrakennus;1.15
2019;599;Pedersören kunta;rakentamaton_rakennuspaikka;
2019;599;Pedersören kunta;vakituinen_asuinrakennus;0.55
2019;599;Pedersören kunta;yleinen_maapohja;0.93
2019;599;Pedersören kunta;yleinen_rakennus;0.93
2019;601;Pihtipudas;muu_asuinrakennus;1.1
2019;601;Pihtipudas;rakentamaton_rakennuspaikka;
2019;601;Pihtipudas;vakituinen_asuinrakennus;0.6
2019;601;Pihtipudas;yleinen_maapohja;0.93
2019;601;Pihtipudas;yleinen_rakennus;0.93
2019;604;Pirkkala;muu_asuinrakennus;1.05
2019;604;Pirkkala;rakentamaton_rakennuspaikka;3
2019;604;Pirkkala;vakituinen_asuinrakennus;0.55
2019;604;Pirkkala;yleinen_maapohja;1.05
2019;604;Pirkkala;yleinen_rakennus;1.05
2019;607;Polvijärvi;muu_asuinrakennus;1
2019;607;Polvijärvi;rakentamaton_rakennuspaikka;
2019;607;Polvijärvi;vakituinen_asuinrakennus;0.5
2019;607;Polvijärvi;yleinen_maapohja;0.93
2019;607;Polvijärvi;yleinen_rakennus;0.93
2019;608;Pomarkku;muu_asuinrakennus;1.2
2019;608;Pomarkku;rakentamaton_rakennuspaikka;
2019;608;Pomarkku;vakituinen_asuinrakennus;0.45
2019;608;Pomarkku;yleinen_maapohja;1.1
2019;608;Pomarkku;yleinen_rakennus;1.1
2019;609;Pori;muu_asuinrakennus;1.1
2019;609;Pori;rakentamaton_rakennuspaikka;6
2019;609;Pori;vakituinen_asuinrakennus;0.5
2019;609;Pori;yleinen_maapohja;0.93
2019;609;Pori;yleinen_rakennus;0.93
2019;611;Pornainen;muu_asuinrakennus;1
2019;611;Pornainen;rakentamaton_rakennuspaikka;4
2019;611;Pornainen;vakituinen_asuinrakennus;0.5
2019;611;Pornainen;yleinen_maapohja;1
2019;611;Pornainen;yleinen_rakennus;1
2019;614;Posio;muu_asuinrakennus;1.1
2019;614;Posio;rakentamaton_rakennuspaikka;
2019;614;Posio;vakituinen_asuinrakennus;0.6
2019;614;Posio;yleinen_maapohja;1
2019;614;Posio;yleinen_rakennus;1
2019;615;Pudasjärvi;muu_asuinrakennus;1.05
2019;615;Pudasjärvi;rakentamaton_rakennuspaikka;3.5
2019;615;Pudasjärvi;vakituinen_asuinrakennus;0.41
2019;615;Pudasjärvi;yleinen_maapohja;0.98
2019;615;Pudasjärvi;yleinen_rakennus;0.98
2019;616;Pukkila;muu_asuinrakennus;1.25
2019;616;Pukkila;rakentamaton_rakennuspaikka;3
2019;616;Pukkila;vakituinen_asuinrakennus;0.65
2019;616;Pukkila;yleinen_maapohja;1.15
2019;616;Pukkila;yleinen_rakennus;1.15
2019;619;Punkalaidun;muu_asuinrakennus;1.05
2019;619;Punkalaidun;rakentamaton_rakennuspaikka;
2019;619;Punkalaidun;vakituinen_asuinrakennus;0.6
2019;619;Punkalaidun;yleinen_maapohja;1.05
2019;619;Punkalaidun;yleinen_rakennus;1.05
2019;620;Puolanka;muu_asuinrakennus;1.1
2019;620;Puolanka;rakentamaton_rakennuspaikka;
2019;620;Puolanka;vakituinen_asuinrakennus;0.55
2019;620;Puolanka;yleinen_maapohja;0.93
2019;620;Puolanka;yleinen_rakennus;0.93
2019;623;Puumala;muu_asuinrakennus;1.08
2019;623;Puumala;rakentamaton_rakennuspaikka;
2019;623;Puumala;vakituinen_asuinrakennus;0.48
2019;623;Puumala;yleinen_maapohja;0.95
2019;623;Puumala;yleinen_rakennus;0.95
2019;624;Pyhtää;muu_asuinrakennus;1.55
2019;624;Pyhtää;rakentamaton_rakennuspaikka;
2019;624;Pyhtää;vakituinen_asuinrakennus;0.62
2019;624;Pyhtää;yleinen_maapohja;1.3
2019;624;Pyhtää;yleinen_rakennus;1.3
2019;625;Pyhäjoki;muu_asuinrakennus;1.3
2019;625;Pyhäjoki;rakentamaton_rakennuspaikka;6
2019;625;Pyhäjoki;vakituinen_asuinrakennus;0.5
2019;625;Pyhäjoki;yleinen_maapohja;1.15
2019;625;Pyhäjoki;yleinen_rakennus;1.15
2019;626;Pyhäjärvi;muu_asuinrakennus;1.3
2019;626;Pyhäjärvi;rakentamaton_rakennuspaikka;4
2019;626;Pyhäjärvi;vakituinen_asuinrakennus;0.5
2019;626;Pyhäjärvi;yleinen_maapohja;1.3
2019;626;Pyhäjärvi;yleinen_rakennus;1.3
2019;630;Pyhäntä;muu_asuinrakennus;1.2
2019;630;Pyhäntä;rakentamaton_rakennuspaikka;2
2019;630;Pyhäntä;vakituinen_asuinrakennus;0.6
2019;630;Pyhäntä;yleinen_maapohja;1.05
2019;630;Pyhäntä;yleinen_rakennus;1.05
2019;631;Pyhäranta;muu_asuinrakennus;1.8
2019;631;Pyhäranta;rakentamaton_rakennuspaikka;4
2019;631;Pyhäranta;vakituinen_asuinrakennus;0.7
2019;631;Pyhäranta;yleinen_maapohja;1.8
2019;631;Pyhäranta;yleinen_rakennus;1.8
2019;635;Pälkäne;muu_asuinrakennus;1.1
2019;635;Pälkäne;rakentamaton_rakennuspaikka;
2019;635;Pälkäne;vakituinen_asuinrakennus;0.48
2019;635;Pälkäne;yleinen_maapohja;1.1
2019;635;Pälkäne;yleinen_rakennus;1.1
2019;636;Pöytyä;muu_asuinrakennus;1.1
2019;636;Pöytyä;rakentamaton_rakennuspaikka;
2019;636;Pöytyä;vakituinen_asuinrakennus;0.5
2019;636;Pöytyä;yleinen_maapohja;1.05
2019;636;Pöytyä;yleinen_rakennus;1.05
2019;638;Porvoo;muu_asuinrakennus;1.3
2019;638;Porvoo;rakentamaton_rakennuspaikka;
2019;638;Porvoo;vakituinen_asuinrakennus;0.5
2019;638;Porvoo;yleinen_maapohja;1.3
2019;638;Porvoo;yleinen_rakennus;1.3
2019;678;Raahe;muu_asuinrakennus;1
2019;678;Raahe;rakentamaton_rakennuspaikka;3
2019;678;Raahe;vakituinen_asuinrakennus;0.5
2019;678;Raahe;yleinen_maapohja;1
2019;678;Raahe;yleinen_rakennus;1
2019;680;Raisio;muu_asuinrakennus;0.93
2019;680;Raisio;rakentamaton_rakennuspaikka;3
2019;680;Raisio;vakituinen_asuinrakennus;0.45
2019;680;Raisio;yleinen_maapohja;1.25
2019;680;Raisio;yleinen_rakennus;1.25
2019;681;Rantasalmi;muu_asuinrakennus;1
2019;681;Rantasalmi;rakentamaton_rakennuspaikka;2
2019;681;Rantasalmi;vakituinen_asuinrakennus;0.45
2019;681;Rantasalmi;yleinen_maapohja;1
2019;681;Rantasalmi;yleinen_rakennus;1
2019;683;Ranua;muu_asuinrakennus;1.15
2019;683;Ranua;rakentamaton_rakennuspaikka;
2019;683;Ranua;vakituinen_asuinrakennus;0.5
2019;683;Ranua;yleinen_maapohja;1.1
2019;683;Ranua;yleinen_rakennus;1.1
2019;684;Rauma;muu_asuinrakennus;0.93
2019;684;Rauma;rakentamaton_rakennuspaikka;5
2019;684;Rauma;vakituinen_asuinrakennus;0.41
2019;684;Rauma;yleinen_maapohja;0.93
2019;684;Rauma;yleinen_rakennus;0.93
2019;686;Rautalampi;muu_asuinrakennus;1.3
2019;686;Rautalampi;rakentamaton_rakennuspaikka;
2019;686;Rautalampi;vakituinen_asuinrakennus;0.7
2019;686;Rautalampi;yleinen_maapohja;1
2019;686;Rautalampi;yleinen_rakennus;1
2019;687;Rautavaara;muu_asuinrakennus;1.25
2019;687;Rautavaara;rakentamaton_rakennuspaikka;2
2019;687;Rautavaara;vakituinen_asuinrakennus;0.65
2019;687;Rautavaara;yleinen_maapohja;1.03
2019;687;Rautavaara;yleinen_rakennus;1.03
2019;689;Rautjärvi;muu_asuinrakennus;1.09
2019;689;Rautjärvi;rakentamaton_rakennuspaikka;
2019;689;Rautjärvi;vakituinen_asuinrakennus;0.49
2019;689;Rautjärvi;yleinen_maapohja;0.93
2019;689;Rautjärvi;yleinen_rakennus;0.93
2019;691;Reisjärvi;muu_asuinrakennus;1.35
2019;691;Reisjärvi;rakentamaton_rakennuspaikka;4
2019;691;Reisjärvi;vakituinen_asuinrakennus;0.65
2019;691;Reisjärvi;yleinen_maapohja;1.1
2019;691;Reisjärvi;yleinen_rakennus;1.1
2019;694;Riihimäki;muu_asuinrakennus;0.93
2019;694;Riihimäki;rakentamaton_rakennuspaikka;6
2019;694;Riihimäki;vakituinen_asuinrakennus;0.5
2019;694;Riihimäki;yleinen_maapohja;1.45
2019;694;Riihimäki;yleinen_rakennus;1.45
2019;697;Ristijärvi;muu_asuinrakennus;1.55
2019;697;Ristijärvi;rakentamaton_rakennuspaikka;
2019;697;Ristijärvi;vakituinen_asuinrakennus;0.55
2019;697;Ristijärvi;yleinen_maapohja;1.1
2019;697;Ristijärvi;yleinen_rakennus;1.1
2019;698;Rovaniemi;muu_asuinrakennus;1.2
2019;698;Rovaniemi;rakentamaton_rakennuspaikka;4
2019;698;Rovaniemi;vakituinen_asuinrakennus;0.6
2019;698;Rovaniemi;yleinen_maapohja;1.55
2019;698;Rovaniemi;yleinen_rakennus;1.55
2019;700;Ruokolahti;muu_asuinrakennus;1.1
2019;700;Ruokolahti;rakentamaton_rakennuspaikka;
2019;700;Ruokolahti;vakituinen_asuinrakennus;0.5
2019;700;Ruokolahti;yleinen_maapohja;0.93
2019;700;Ruokolahti;yleinen_rakennus;0.93
2019;702;Ruovesi;muu_asuinrakennus;1.1
2019;702;Ruovesi;rakentamaton_rakennuspaikka;
2019;702;Ruovesi;vakituinen_asuinrakennus;0.5
2019;702;Ruovesi;yleinen_maapohja;1
2019;702;Ruovesi;yleinen_rakennus;1
2019;704;Rusko;muu_asuinrakennus;1.02
2019;704;Rusko;rakentamaton_rakennuspaikka;
2019;704;Rusko;vakituinen_asuinrakennus;0.42
2019;704;Rusko;yleinen_maapohja;0.95
2019;704;Rusko;yleinen_rakennus;0.95
2019;707;Rääkkylä;muu_asuinrakennus;1.05
2019;707;Rääkkylä;rakentamaton_rakennuspaikka;
2019;707;Rääkkylä;vakituinen_asuinrakennus;0.55
2019;707;Rääkkylä;yleinen_maapohja;1
2019;707;Rääkkylä;yleinen_rakennus;1
2019;710;Raasepori;muu_asuinrakennus;1.8
2019;710;Raasepori;rakentamaton_rakennuspaikka;
2019;710;Raasepori;vakituinen_asuinrakennus;0.41
2019;710;Raasepori;yleinen_maapohja;1.35
2019;710;Raasepori;yleinen_rakennus;1.35
2019;729;Saarijärvi;muu_asuinrakennus;1.36
2019;729;Saarijärvi;rakentamaton_rakennuspaikka;2.4
2019;729;Saarijärvi;vakituinen_asuinrakennus;0.49
2019;729;Saarijärvi;yleinen_maapohja;1.04
2019;729;Saarijärvi;yleinen_rakennus;1.04
2019;732;Salla;muu_asuinrakennus;1.3
2019;732;Salla;rakentamaton_rakennuspaikka;
2019;732;Salla;vakituinen_asuinrakennus;0.55
2019;732;Salla;yleinen_maapohja;1.25
2019;732;Salla;yleinen_rakennus;1.25
2019;734;Salo;muu_asuinrakennus;1.3
2019;734;Salo;rakentamaton_rakennuspaikka;3
2019;734;Salo;vakituinen_asuinrakennus;0.55
2019;734;Salo;yleinen_maapohja;0.93
2019;734;Salo;yleinen_rakennus;0.93
2019;736;Saltvik;muu_asuinrakennus;0.9
2019;736;Saltvik;rakentamaton_rakennuspaikka;0
2019;736;Saltvik;vakituinen_asuinrakennus;0
2019;736;Saltvik;yleinen_maapohja;0
2019;736;Saltvik;yleinen_rakennus;0
2019;738;Sauvo;muu_asuinrakennus;1.4
2019;738;Sauvo;rakentamaton_rakennuspaikka;
2019;738;Sauvo;vakituinen_asuinrakennus;0.6
2019;738;Sauvo;yleinen_maapohja;1.2
2019;738;Sauvo;yleinen_rakennus;1.2
2019;739;Savitaipale;muu_asuinrakennus;1.1
2019;739;Savitaipale;rakentamaton_rakennuspaikka;
2019;739;Savitaipale;vakituinen_asuinrakennus;0.5
2019;739;Savitaipale;yleinen_maapohja;0.93
2019;739;Savitaipale;yleinen_rakennus;0.93
2019;740;Savonlinna;muu_asuinrakennus;1.52
2019;740;Savonlinna;rakentamaton_rakennuspaikka;2
2019;740;Savonlinna;vakituinen_asuinrakennus;0.56
2019;740;Savonlinna;yleinen_maapohja;1.4
2019;740;Savonlinna;yleinen_rakennus;1.4
2019;742;Savukoski;muu_asuinrakennus;1.2
2019;742;Savukoski;rakentamaton_rakennuspaikka;4
2019;742;Savukoski;vakituinen_asuinrakennus;0.6
2019;742;Savukoski;yleinen_maapohja;1.2
2019;742;Savukoski;yleinen_rakennus;1.2
2019;743;Seinäjoki;muu_asuinrakennus;1.65
2019;743;Seinäjoki;rakentamaton_rakennuspaikka;6
2019;743;Seinäjoki;vakituinen_asuinrakennus;0.6
2019;743;Seinäjoki;yleinen_maapohja;1.45
2019;743;Seinäjoki;yleinen_rakennus;1.45
2019;746;Sievi;muu_asuinrakennus;1.3
2019;746;Sievi;rakentamaton_rakennuspaikka;
2019;746;Sievi;vakituinen_asuinrakennus;0.7
2019;746;Sievi;yleinen_maapohja;0.93
2019;746;Sievi;yleinen_rakennus;0.93
2019;747;Siikainen;muu_asuinrakennus;1.3
2019;747;Siikainen;rakentamaton_rakennuspaikka;
2019;747;Siikainen;vakituinen_asuinrakennus;0.5
2019;747;Siikainen;yleinen_maapohja;1.1
2019;747;Siikainen;yleinen_rakennus;1.1
2019;748;Siikajoki;muu_asuinrakennus;1.1
2019;748;Siikajoki;rakentamaton_rakennuspaikka;3
2019;748;Siikajoki;vakituinen_asuinrakennus;0.55
2019;748;Siikajoki;yleinen_maapohja;1.05
2019;748;Siikajoki;yleinen_rakennus;1.05
2019;749;Siilinjärvi;muu_asuinrakennus;1
2019;749;Siilinjärvi;rakentamaton_rakennuspaikka;3
2019;749;Siilinjärvi;vakituinen_asuinrakennus;0.65
2019;749;Siilinjärvi;yleinen_maapohja;1.25
2019;749;Siilinjärvi;yleinen_rakennus;1.25
2019;751;Simo;muu_asuinrakennus;1.3
2019;751;Simo;rakentamaton_rakennuspaikka;
2019;751;Simo;vakituinen_asuinrakennus;0.55
2019;751;Simo;yleinen_maapohja;1.4
2019;751;Simo;yleinen_rakennus;1.4
2019;753;Sipoo;muu_asuinrakennus;1.1
2019;753;Sipoo;rakentamaton_rakennuspaikka;6
2019;753;Sipoo;vakituinen_asuinrakennus;0.5
2019;753;Sipoo;yleinen_maapohja;1.03
2019;753;Sipoo;yleinen_rakennus;1.03
2019;755;Siuntio;muu_asuinrakennus;1.2
2019;755;Siuntio;rakentamaton_rakennuspaikka;3
2019;755;Siuntio;vakituinen_asuinrakennus;0.5
2019;755;Siuntio;yleinen_maapohja;1.2
2019;755;Siuntio;yleinen_rakennus;1.2
2019;758;Sodankylä;muu_asuinrakennus;1.15
2019;758;Sodankylä;rakentamaton_rakennuspaikka;6
2019;758;Sodankylä;vakituinen_asuinrakennus;0.45
2019;758;Sodankylä;yleinen_maapohja;1.4
2019;758;Sodankylä;yleinen_rakennus;1.4
2019;759;Soini;muu_asuinrakennus;1.35
2019;759;Soini;rakentamaton_rakennuspaikka;
2019;759;Soini;vakituinen_asuinrakennus;0.6
2019;759;Soini;yleinen_maapohja;1.1
2019;759;Soini;yleinen_rakennus;1.1
2019;761;Somero;muu_asuinrakennus;0.93
2019;761;Somero;rakentamaton_rakennuspaikka;
2019;761;Somero;vakituinen_asuinrakennus;0.41
2019;761;Somero;yleinen_maapohja;0.93
2019;761;Somero;yleinen_rakennus;0.93
2019;762;Sonkajärvi;muu_asuinrakennus;0.93
2019;762;Sonkajärvi;rakentamaton_rakennuspaikka;
2019;762;Sonkajärvi;vakituinen_asuinrakennus;0.41
2019;762;Sonkajärvi;yleinen_maapohja;0.93
2019;762;Sonkajärvi;yleinen_rakennus;0.93
2019;765;Sotkamo;muu_asuinrakennus;1.2
2019;765;Sotkamo;rakentamaton_rakennuspaikka;3
2019;765;Sotkamo;vakituinen_asuinrakennus;0.6
2019;765;Sotkamo;yleinen_maapohja;1.1
2019;765;Sotkamo;yleinen_rakennus;1.1
2019;766;Sottunga;muu_asuinrakennus;0.9
2019;766;Sottunga;rakentamaton_rakennuspaikka;
2019;766;Sottunga;vakituinen_asuinrakennus;0.5
2019;766;Sottunga;yleinen_maapohja;0
2019;766;Sottunga;yleinen_rakennus;0
2019;768;Sulkava;muu_asuinrakennus;1.05
2019;768;Sulkava;rakentamaton_rakennuspaikka;
2019;768;Sulkava;vakituinen_asuinrakennus;0.45
2019;768;Sulkava;yleinen_maapohja;0.93
2019;768;Sulkava;yleinen_rakennus;0.93
2019;771;Sund;muu_asuinrakennus;0.9
2019;771;Sund;rakentamaton_rakennuspaikka;0.2
2019;771;Sund;vakituinen_asuinrakennus;0
2019;771;Sund;yleinen_maapohja;0.5
2019;771;Sund;yleinen_rakennus;0.5
2019;777;Suomussalmi;muu_asuinrakennus;1
2019;777;Suomussalmi;rakentamaton_rakennuspaikka;3
2019;777;Suomussalmi;vakituinen_asuinrakennus;0.45
2019;777;Suomussalmi;yleinen_maapohja;0.95
2019;777;Suomussalmi;yleinen_rakennus;0.95
2019;778;Suonenjoki;muu_asuinrakennus;1.25
2019;778;Suonenjoki;rakentamaton_rakennuspaikka;
2019;778;Suonenjoki;vakituinen_asuinrakennus;0.7
2019;778;Suonenjoki;yleinen_maapohja;1.05
2019;778;Suonenjoki;yleinen_rakennus;1.05
2019;781;Sysmä;muu_asuinrakennus;1
2019;781;Sysmä;rakentamaton_rakennuspaikka;
2019;781;Sysmä;vakituinen_asuinrakennus;0.5
2019;781;Sysmä;yleinen_maapohja;0.95
2019;781;Sysmä;yleinen_rakennus;0.95
2019;783;Säkylä;muu_asuinrakennus;1.1
2019;783;Säkylä;rakentamaton_rakennuspaikka;
2019;783;Säkylä;vakituinen_asuinrakennus;0.49
2019;783;Säkylä;yleinen_maapohja;1
2019;783;Säkylä;yleinen_rakennus;1
2019;785;Vaala;muu_asuinrakennus;1.15
2019;785;Vaala;rakentamaton_rakennuspaikka;
2019;785;Vaala;vakituinen_asuinrakennus;0.59
2019;785;Vaala;yleinen_maapohja;1.1
2019;785;Vaala;yleinen_rakennus;1.1
2019;790;Sastamala;muu_asuinrakennus;0.98
2019;790;Sastamala;rakentamaton_rakennuspaikka;2
2019;790;Sastamala;vakituinen_asuinrakennus;0.45
2019;790;Sastamala;yleinen_maapohja;0.93
2019;790;Sastamala;yleinen_rakennus;0.93
2019;791;Siikalatva;muu_asuinrakennus;1.25
2019;791;Siikalatva;rakentamaton_rakennuspaikka;4
2019;791;Siikalatva;vakituinen_asuinrakennus;0.65
2019;791;Siikalatva;yleinen_maapohja;0.95
2019;791;Siikalatva;yleinen_rakennus;0.95
2019;831;Taipalsaari;muu_asuinrakennus;1.3
2019;831;Taipalsaari;rakentamaton_rakennuspaikka;3.5
2019;831;Taipalsaari;vakituinen_asuinrakennus;0.55
2019;831;Taipalsaari;yleinen_maapohja;1.4
2019;831;Taipalsaari;yleinen_rakennus;1.4
2019;832;Taivalkoski;muu_asuinrakennus;1.03
2019;832;Taivalkoski;rakentamaton_rakennuspaikka;2
2019;832;Taivalkoski;vakituinen_asuinrakennus;0.45
2019;832;Taivalkoski;yleinen_maapohja;1.03
2019;832;Taivalkoski;yleinen_rakennus;1.03
2019;833;Taivassalo;muu_asuinrakennus;1.35
2019;833;Taivassalo;rakentamaton_rakennuspaikka;
2019;833;Taivassalo;vakituinen_asuinrakennus;0.65
2019;833;Taivassalo;yleinen_maapohja;1.15
2019;833;Taivassalo;yleinen_rakennus;1.15
2019;834;Tammela;muu_asuinrakennus;1.02
2019;834;Tammela;rakentamaton_rakennuspaikka;3
2019;834;Tammela;vakituinen_asuinrakennus;0.42
2019;834;Tammela;yleinen_maapohja;0.93
2019;834;Tammela;yleinen_rakennus;0.93
2019;837;Tampere;muu_asuinrakennus;1.1
2019;837;Tampere;rakentamaton_rakennuspaikka;5
2019;837;Tampere;vakituinen_asuinrakennus;0.65
2019;837;Tampere;yleinen_maapohja;1.25
2019;837;Tampere;yleinen_rakennus;1.25
2019;844;Tervo;muu_asuinrakennus;1
2019;844;Tervo;rakentamaton_rakennuspaikka;2
2019;844;Tervo;vakituinen_asuinrakennus;0.48
2019;844;Tervo;yleinen_maapohja;0.93
2019;844;Tervo;yleinen_rakennus;0.93
2019;845;Tervola;muu_asuinrakennus;1
2019;845;Tervola;rakentamaton_rakennuspaikka;
2019;845;Tervola;vakituinen_asuinrakennus;0.5
2019;845;Tervola;yleinen_maapohja;0.95
2019;845;Tervola;yleinen_rakennus;0.95
2019;846;Teuva;muu_asuinrakennus;1.3
2019;846;Teuva;rakentamaton_rakennuspaikka;
2019;846;Teuva;vakituinen_asuinrakennus;0.6
2019;846;Teuva;yleinen_maapohja;1.05
2019;846;Teuva;yleinen_rakennus;1.05
2019;848;Tohmajärvi;muu_asuinrakennus;1.15
2019;848;Tohmajärvi;rakentamaton_rakennuspaikka;2
2019;848;Tohmajärvi;vakituinen_asuinrakennus;0.55
2019;848;Tohmajärvi;yleinen_maapohja;1.1
2019;848;Tohmajärvi;yleinen_rakennus;1.1
2019;849;Toholampi;muu_asuinrakennus;1.1
2019;849;Toholampi;rakentamaton_rakennuspaikka;2.9
2019;849;Toholampi;vakituinen_asuinrakennus;0.65
2019;849;Toholampi;yleinen_maapohja;1
2019;849;Toholampi;yleinen_rakennus;1
2019;850;Toivakka;muu_asuinrakennus;1.55
2019;850;Toivakka;rakentamaton_rakennuspaikka;3
2019;850;Toivakka;vakituinen_asuinrakennus;0.45
2019;850;Toivakka;yleinen_maapohja;1.1
2019;850;Toivakka;yleinen_rakennus;1.1
2019;851;Tornio;muu_asuinrakennus;1
2019;851;Tornio;rakentamaton_rakennuspaikka;3
2019;851;Tornio;vakituinen_asuinrakennus;0.5
2019;851;Tornio;yleinen_maapohja;1.12
2019;851;Tornio;yleinen_rakennus;1.12
2019;853;Turku;muu_asuinrakennus;0.93
2019;853;Turku;rakentamaton_rakennuspaikka;3
2019;853;Turku;vakituinen_asuinrakennus;0.41
2019;853;Turku;yleinen_maapohja;1
2019;853;Turku;yleinen_rakennus;1
2019;854;Pello;muu_asuinrakennus;1.2
2019;854;Pello;rakentamaton_rakennuspaikka;2
2019;854;Pello;vakituinen_asuinrakennus;0.41
2019;854;Pello;yleinen_maapohja;1.25
2019;854;Pello;yleinen_rakennus;1.25
2019;857;Tuusniemi;muu_asuinrakennus;1.25
2019;857;Tuusniemi;rakentamaton_rakennuspaikka;
2019;857;Tuusniemi;vakituinen_asuinrakennus;0.65
2019;857;Tuusniemi;yleinen_maapohja;1.15
2019;857;Tuusniemi;yleinen_rakennus;1.15
2019;858;Tuusula;muu_asuinrakennus;0.93
2019;858;Tuusula;rakentamaton_rakennuspaikka;3.93
2019;858;Tuusula;vakituinen_asuinrakennus;0.41
2019;858;Tuusula;yleinen_maapohja;0.93
2019;858;Tuusula;yleinen_rakennus;0.93
2019;859;Tyrnävä;muu_asuinrakennus;1.12
2019;859;Tyrnävä;rakentamaton_rakennuspaikka;4
2019;859;Tyrnävä;vakituinen_asuinrakennus;0.54
2019;859;Tyrnävä;yleinen_maapohja;1.12
2019;859;Tyrnävä;yleinen_rakennus;1.12
2019;886;Ulvila;muu_asuinrakennus;1.1
2019;886;Ulvila;rakentamaton_rakennuspaikka;3
2019;886;Ulvila;vakituinen_asuinrakennus;0.55
2019;886;Ulvila;yleinen_maapohja;1.1
2019;886;Ulvila;yleinen_rakennus;1.1
2019;887;Urjala;muu_asuinrakennus;1.25
2019;887;Urjala;rakentamaton_rakennuspaikka;
2019;887;Urjala;vakituinen_asuinrakennus;0.65
2019;887;Urjala;yleinen_maapohja;1.2
2019;887;Urjala;yleinen_rakennus;1.2
2019;889;Utajärvi;muu_asuinrakennus;1.25
2019;889;Utajärvi;rakentamaton_rakennuspaikka;6
2019;889;Utajärvi;vakituinen_asuinrakennus;0.45
2019;889;Utajärvi;yleinen_maapohja;1.1
2019;889;Utajärvi;yleinen_rakennus;1.1
2019;890;Utsjoki;muu_asuinrakennus;1.6
2019;890;Utsjoki;rakentamaton_rakennuspaikka;2
2019;890;Utsjoki;vakituinen_asuinrakennus;0.65
2019;890;Utsjoki;yleinen_maapohja;1.25
2019;890;Utsjoki;yleinen_rakennus;1.25
2019;892;Uurainen;muu_asuinrakennus;1.1
2019;892;Uurainen;rakentamaton_rakennuspaikka;2.5
2019;892;Uurainen;vakituinen_asuinrakennus;0.43
2019;892;Uurainen;yleinen_maapohja;1.05
2019;892;Uurainen;yleinen_rakennus;1.05
2019;893;Uusikaarlepyy;muu_asuinrakennus;1.3
2019;893;Uusikaarlepyy;rakentamaton_rakennuspaikka;4
2019;893;Uusikaarlepyy;vakituinen_asuinrakennus;0.5
2019;893;Uusikaarlepyy;yleinen_maapohja;1
2019;893;Uusikaarlepyy;yleinen_rakennus;1
2019;895;Uusikaupunki;muu_asuinrakennus;1.12
2019;895;Uusikaupunki;rakentamaton_rakennuspaikka;
2019;895;Uusikaupunki;vakituinen_asuinrakennus;0.45
2019;895;Uusikaupunki;yleinen_maapohja;1.03
2019;895;Uusikaupunki;yleinen_rakennus;1.03
2019;905;Vaasa;muu_asuinrakennus;1.1
2019;905;Vaasa;rakentamaton_rakennuspaikka;4
2019;905;Vaasa;vakituinen_asuinrakennus;0.5
2019;905;Vaasa;yleinen_maapohja;1.15
2019;905;Vaasa;yleinen_rakennus;1.15
2019;908;Valkeakoski;muu_asuinrakennus;1.1
2019;908;Valkeakoski;rakentamaton_rakennuspaikka;
2019;908;Valkeakoski;vakituinen_asuinrakennus;0.5
2019;908;Valkeakoski;yleinen_maapohja;1.3
2019;908;Valkeakoski;yleinen_rakennus;1.3
2019;915;Varkaus;muu_asuinrakennus;1
2019;915;Varkaus;rakentamaton_rakennuspaikka;
2019;915;Varkaus;vakituinen_asuinrakennus;0.5
2019;915;Varkaus;yleinen_maapohja;1.45
2019;915;Varkaus;yleinen_rakennus;1.45
2019;918;Vehmaa;muu_asuinrakennus;1.7
2019;918;Vehmaa;rakentamaton_rakennuspaikka;
2019;918;Vehmaa;vakituinen_asuinrakennus;0.5
2019;918;Vehmaa;yleinen_maapohja;1
2019;918;Vehmaa;yleinen_rakennus;1
2019;921;Vesanto;muu_asuinrakennus;1.25
2019;921;Vesanto;rakentamaton_rakennuspaikka;
2019;921;Vesanto;vakituinen_asuinrakennus;0.6
2019;921;Vesanto;yleinen_maapohja;1
2019;921;Vesanto;yleinen_rakennus;1
2019;922;Vesilahti;muu_asuinrakennus;1.3
2019;922;Vesilahti;rakentamaton_rakennuspaikka;2
2019;922;Vesilahti;vakituinen_asuinrakennus;0.55
2019;922;Vesilahti;yleinen_maapohja;1.2
2019;922;Vesilahti;yleinen_rakennus;1.2
2019;924;Veteli;muu_asuinrakennus;1.05
2019;924;Veteli;rakentamaton_rakennuspaikka;3
2019;924;Veteli;vakituinen_asuinrakennus;0.6
2019;924;Veteli;yleinen_maapohja;0.95
2019;924;Veteli;yleinen_rakennus;0.95
2019;925;Vieremä;muu_asuinrakennus;1
2019;925;Vieremä;rakentamaton_rakennuspaikka;
2019;925;Vieremä;vakituinen_asuinrakennus;0.45
2019;925;Vieremä;yleinen_maapohja;0.93
2019;925;Vieremä;yleinen_rakennus;0.93
2019;927;Vihti;muu_asuinrakennus;1
2019;927;Vihti;rakentamaton_rakennuspaikka;4
2019;927;Vihti;vakituinen_asuinrakennus;0.45
2019;927;Vihti;yleinen_maapohja;0.95
2019;927;Vihti;yleinen_rakennus;0.95
2019;931;Viitasaari;muu_asuinrakennus;1.1
2019;931;Viitasaari;rakentamaton_rakennuspaikka;
2019;931;Viitasaari;vakituinen_asuinrakennus;0.5
2019;931;Viitasaari;yleinen_maapohja;0.93
2019;931;Viitasaari;yleinen_rakennus;0.93
2019;934;Vimpeli;muu_asuinrakennus;1.3
2019;934;Vimpeli;rakentamaton_rakennuspaikka;3
2019;934;Vimpeli;vakituinen_asuinrakennus;0.65
2019;934;Vimpeli;yleinen_maapohja;1.1
2019;934;Vimpeli;yleinen_rakennus;1.1
2019;935;Virolahti;muu_asuinrakennus;1.15
2019;935;Virolahti;rakentamaton_rakennuspaikka;
2019;935;Virolahti;vakituinen_asuinrakennus;0.5
2019;935;Virolahti;yleinen_maapohja;1.25
2019;935;Virolahti;yleinen_rakennus;1.25
2019;936;Virrat;muu_asuinrakennus;1
2019;936;Virrat;rakentamaton_rakennuspaikka;
2019;936;Virrat;vakituinen_asuinrakennus;0.45
2019;936;Virrat;yleinen_maapohja;0.93
2019;936;Virrat;yleinen_rakennus;0.93
2019;941;Vårdö;muu_asuinrakennus;0.9
2019;941;Vårdö;rakentamaton_rakennuspaikka;0
2019;941;Vårdö;vakituinen_asuinrakennus;0
2019;941;Vårdö;yleinen_maapohja;0.1
2019;941;Vårdö;yleinen_rakennus;0.1
2019;946;Vöyri;muu_asuinrakennus;1.1
2019;946;Vöyri;rakentamaton_rakennuspaikka;
2019;946;Vöyri;vakituinen_asuinrakennus;0.5
2019;946;Vöyri;yleinen_maapohja;0.93
2019;946;Vöyri;yleinen_rakennus;0.93
2019;976;Ylitornio;muu_asuinrakennus;1.3
2019;976;Ylitornio;rakentamaton_rakennuspaikka;2
2019;976;Ylitornio;vakituinen_asuinrakennus;0.5
2019;976;Ylitornio;yleinen_maapohja;1.1
2019;976;Ylitornio;yleinen_rakennus;1.1
2019;977;Ylivieska;muu_asuinrakennus;1.15
2019;977;Ylivieska;rakentamaton_rakennuspaikka;3
2019;977;Ylivieska;vakituinen_asuinrakennus;0.7
2019;977;Ylivieska;yleinen_maapohja;1.3
2019;977;Ylivieska;yleinen_rakennus;1.3
2019;980;Ylöjärvi;muu_asuinrakennus;1
2019;980;Ylöjärvi;rakentamaton_rakennuspaikka;3
2019;980;Ylöjärvi;vakituinen_asuinrakennus;0.45
2019;980;Ylöjärvi;yleinen_maapohja;0.93
2019;980;Ylöjärvi;yleinen_rakennus;0.93
2019;981;Ypäjä;muu_asuinrakennus;1.5
2019;981;Ypäjä;rakentamaton_rakennuspaikka;3
2019;981;Ypäjä;vakituinen_asuinrakennus;0.6
2019;981;Ypäjä;yleinen_maapohja;1
2019;981;Ypäjä;yleinen_rakennus;1
2019;989;Ähtäri;muu_asuinrakennus;1.3
2019;989;Ähtäri;rakentamaton_rakennuspaikka;
2019;989;Ähtäri;vakituinen_asuinrakennus;0.5
2019;989;Ähtäri;yleinen_maapohja;1.3
2019;989;Ähtäri;yleinen_rakennus;1.3
2019;992;Äänekoski;muu_asuinrakennus;1.1
2019;992;Äänekoski;rakentamaton_rakennuspaikka;
2019;992;Äänekoski;vakituinen_asuinrakennus;0.5
2019;992;Äänekoski;yleinen_maapohja;1.1
2019;992;Äänekoski;yleinen_rakennus;1.1
2020;005;Alajärvi;muu_asuinrakennus;1.1
2020;005;Alajärvi;rakentamaton_rakennuspaikka;3
2020;005;Alajärvi;vakituinen_asuinrakennus;0.5
2020;005;Alajärvi;yleinen_maapohja;0.93
2020;005;Alajärvi;yleinen_rakennus;0.93
2020;009;Alavieska;muu_asuinrakennus;1.03
2020;009;Alavieska;rakentamaton_rakennuspaikka;
2020;009;Alavieska;vakituinen_asuinrakennus;0.55
2020;009;Alavieska;yleinen_maapohja;1.03
2020;009;Alavieska;yleinen_rakennus;1.03
2020;010;Alavus;muu_asuinrakennus;1.1
2020;010;Alavus;rakentamaton_rakennuspaikka;
2020;010;Alavus;vakituinen_asuinrakennus;0.41
2020;010;Alavus;yleinen_maapohja;0.95
2020;010;Alavus;yleinen_rakennus;0.95
2020;016;Asikkala;muu_asuinrakennus;1.25
2020;016;Asikkala;rakentamaton_rakennuspaikka;3
2020;016;Asikkala;vakituinen_asuinrakennus;0.45
2020;016;Asikkala;yleinen_maapohja;0.93
2020;016;Asikkala;yleinen_rakennus;0.93
2020;018;Askola;muu_asuinrakennus;1.5
2020;018;Askola;rakentamaton_rakennuspaikka;5
2020;018;Askola;vakituinen_asuinrakennus;0.7
2020;018;Askola;yleinen_maapohja;1.1
2020;018;Askola;yleinen_rakennus;1.1
2020;019;Aura;muu_asuinrakennus;1.1
2020;019;Aura;rakentamaton_rakennuspaikka;
2020;019;Aura;vakituinen_asuinrakennus;0.55
2020;019;Aura;yleinen_maapohja;1.1
2020;019;Aura;yleinen_rakennus;1.1
2020;020;Akaa;muu_asuinrakennus;1.25
2020;020;Akaa;rakentamaton_rakennuspaikka;6
2020;020;Akaa;vakituinen_asuinrakennus;0.65
2020;020;Akaa;yleinen_maapohja;1.1
2020;020;Akaa;yleinen_rakennus;1.1
2020;035;Brändö;muu_asuinrakennus;0.9
2020;035;Brändö;rakentamaton_rakennuspaikka;
2020;035;Brändö;vakituinen_asuinrakennus;0
2020;035;Brändö;yleinen_maapohja;0
2020;035;Brändö;yleinen_rakennus;0
2020;043;Eckerö;muu_asuinrakennus;0.9
2020;043;Eckerö;rakentamaton_rakennuspaikka;
2020;043;Eckerö;vakituinen_asuinrakennus;0
2020;043;Eckerö;yleinen_maapohja;0.7
2020;043;Eckerö;yleinen_rakennus;0.7
2020;046;Enonkoski;muu_asuinrakennus;1.3
2020;046;Enonkoski;rakentamaton_rakennuspaikka;2
2020;046;Enonkoski;vakituinen_asuinrakennus;0.7
2020;046;Enonkoski;yleinen_maapohja;1
2020;046;Enonkoski;yleinen_rakennus;1
2020;047;Enontekiö;muu_asuinrakennus;1.15
2020;047;Enontekiö;rakentamaton_rakennuspaikka;3
2020;047;Enontekiö;vakituinen_asuinrakennus;0.55
2020;047;Enontekiö;yleinen_maapohja;1.05
2020;047;Enontekiö;yleinen_rakennus;1.05
2020;049;Espoo;muu_asuinrakennus;0.93
2020;049;Espoo;rakentamaton_rakennuspaikka;3.93
2020;049;Espoo;vakituinen_asuinrakennus;0.41
2020;049;Espoo;yleinen_maapohja;0.93
2020;049;Espoo;yleinen_rakennus;0.93
2020;050;Eura;muu_asuinrakennus;1.1
2020;050;Eura;rakentamaton_rakennuspaikka;3
2020;050;Eura;vakituinen_asuinrakennus;0.6
2020;050;Eura;yleinen_maapohja;1.1
2020;050;Eura;yleinen_rakennus;1.1
2020;051;Eurajoki;muu_asuinrakennus;1.5
2020;051;Eurajoki;rakentamaton_rakennuspaikka;
2020;051;Eurajoki;vakituinen_asuinrakennus;0.5
2020;051;Eurajoki;yleinen_maapohja;1.2
2020;051;Eurajoki;yleinen_rakennus;1.2
2020;052;Evijärvi;muu_asuinrakennus;1.15
2020;052;Evijärvi;rakentamaton_rakennuspaikka;
2020;052;Evijärvi;vakituinen_asuinrakennus;0.65
2020;052;Evijärvi;yleinen_maapohja;1
2020;052;Evijärvi;yleinen_rakennus;1
2020;060;Finström;muu_asuinrakennus;0.9
2020;060;Finström;rakentamaton_rakennuspaikka;3
2020;060;Finström;vakituinen_asuinrakennus;0
2020;060;Finström;yleinen_maapohja;0.5
2020;060;Finström;yleinen_rakennus;0.5
2020;061;Forssa;muu_asuinrakennus;1.41
2020;061;Forssa;rakentamaton_rakennuspaikka;
2020;061;Forssa;vakituinen_asuinrakennus;0.41
2020;061;Forssa;yleinen_maapohja;1.4
2020;061;Forssa;yleinen_rakennus;1.4
2020;062;Föglö;muu_asuinrakennus;0.9
2020;062;Föglö;rakentamaton_rakennuspaikka;0.5
2020;062;Föglö;vakituinen_asuinrakennus;0
2020;062;Föglö;yleinen_maapohja;0.7
2020;062;Föglö;yleinen_rakennus;0.7
2020;065;Geta;muu_asuinrakennus;0.9
2020;065;Geta;rakentamaton_rakennuspaikka;
2020;065;Geta;vakituinen_asuinrakennus;0
2020;065;Geta;yleinen_maapohja;0.6
2020;065;Geta;yleinen_rakennus;0.6
2020;069;Haapajärvi;muu_asuinrakennus;1.35
2020;069;Haapajärvi;rakentamaton_rakennuspaikka;5
2020;069;Haapajärvi;vakituinen_asuinrakennus;0.75
2020;069;Haapajärvi;yleinen_maapohja;1.35
2020;069;Haapajärvi;yleinen_rakennus;1.35
2020;071;Haapavesi;muu_asuinrakennus;1.3
2020;071;Haapavesi;rakentamaton_rakennuspaikka;3
2020;071;Haapavesi;vakituinen_asuinrakennus;0.6
2020;071;Haapavesi;yleinen_maapohja;1.05
2020;071;Haapavesi;yleinen_rakennus;1.05
2020;072;Hailuoto;muu_asuinrakennus;1.51
2020;072;Hailuoto;rakentamaton_rakennuspaikka;3
2020;072;Hailuoto;vakituinen_asuinrakennus;0.51
2020;072;Hailuoto;yleinen_maapohja;0.95
2020;072;Hailuoto;yleinen_rakennus;0.95
2020;074;Halsua;muu_asuinrakennus;1.6
2020;074;Halsua;rakentamaton_rakennuspaikka;
2020;074;Halsua;vakituinen_asuinrakennus;0.6
2020;074;Halsua;yleinen_maapohja;1.3
2020;074;Halsua;yleinen_rakennus;1.3
2020;075;Hamina;muu_asuinrakennus;1.15
2020;075;Hamina;rakentamaton_rakennuspaikka;
2020;075;Hamina;vakituinen_asuinrakennus;0.55
2020;075;Hamina;yleinen_maapohja;1.25
2020;075;Hamina;yleinen_rakennus;1.25
2020;076;Hammarland;muu_asuinrakennus;0.9
2020;076;Hammarland;rakentamaton_rakennuspaikka;
2020;076;Hammarland;vakituinen_asuinrakennus;0
2020;076;Hammarland;yleinen_maapohja;0.2
2020;076;Hammarland;yleinen_rakennus;0.2
2020;077;Hankasalmi;muu_asuinrakennus;1.2
2020;077;Hankasalmi;rakentamaton_rakennuspaikka;
2020;077;Hankasalmi;vakituinen_asuinrakennus;0.6
2020;077;Hankasalmi;yleinen_maapohja;1.2
2020;077;Hankasalmi;yleinen_rakennus;1.2
2020;078;Hanko;muu_asuinrakennus;1.6
2020;078;Hanko;rakentamaton_rakennuspaikka;3
2020;078;Hanko;vakituinen_asuinrakennus;0.45
2020;078;Hanko;yleinen_maapohja;1.3
2020;078;Hanko;yleinen_rakennus;1.3
2020;079;Harjavalta;muu_asuinrakennus;0.98
2020;079;Harjavalta;rakentamaton_rakennuspaikka;
2020;079;Harjavalta;vakituinen_asuinrakennus;0.5
2020;079;Harjavalta;yleinen_maapohja;1.4
2020;079;Harjavalta;yleinen_rakennus;1.4
2020;081;Hartola;muu_asuinrakennus;1.1
2020;081;Hartola;rakentamaton_rakennuspaikka;
2020;081;Hartola;vakituinen_asuinrakennus;0.5
2020;081;Hartola;yleinen_maapohja;1
2020;081;Hartola;yleinen_rakennus;1
2020;082;Hattula;muu_asuinrakennus;1.1
2020;082;Hattula;rakentamaton_rakennuspaikka;3
2020;082;Hattula;vakituinen_asuinrakennus;0.5
2020;082;Hattula;yleinen_maapohja;1.1
2020;082;Hattula;yleinen_rakennus;1.1
2020;086;Hausjärvi;muu_asuinrakennus;1.05
2020;086;Hausjärvi;rakentamaton_rakennuspaikka;4
2020;086;Hausjärvi;vakituinen_asuinrakennus;0.45
2020;086;Hausjärvi;yleinen_maapohja;1.25
2020;086;Hausjärvi;yleinen_rakennus;1.25
2020;090;Heinävesi;muu_asuinrakennus;1.4
2020;090;Heinävesi;rakentamaton_rakennuspaikka;
2020;090;Heinävesi;vakituinen_asuinrakennus;0.6
2020;090;Heinävesi;yleinen_maapohja;1.15
2020;090;Heinävesi;yleinen_rakennus;1.15
2020;091;Helsinki;muu_asuinrakennus;0.93
2020;091;Helsinki;rakentamaton_rakennuspaikka;3.93
2020;091;Helsinki;vakituinen_asuinrakennus;0.41
2020;091;Helsinki;yleinen_maapohja;0.93
2020;091;Helsinki;yleinen_rakennus;0.93
2020;092;Vantaa;muu_asuinrakennus;1
2020;092;Vantaa;rakentamaton_rakennuspaikka;4
2020;092;Vantaa;vakituinen_asuinrakennus;0.41
2020;092;Vantaa;yleinen_maapohja;1
2020;092;Vantaa;yleinen_rakennus;1
2020;097;Hirvensalmi;muu_asuinrakennus;1.15
2020;097;Hirvensalmi;rakentamaton_rakennuspaikka;2.6
2020;097;Hirvensalmi;vakituinen_asuinrakennus;0.41
2020;097;Hirvensalmi;yleinen_maapohja;0.95
2020;097;Hirvensalmi;yleinen_rakennus;0.95
2020;098;Hollola;muu_asuinrakennus;1.1
2020;098;Hollola;rakentamaton_rakennuspaikka;
2020;098;Hollola;vakituinen_asuinrakennus;0.55
2020;098;Hollola;yleinen_maapohja;1.15
2020;098;Hollola;yleinen_rakennus;1.15
2020;102;Huittinen;muu_asuinrakennus;2
2020;102;Huittinen;rakentamaton_rakennuspaikka;6
2020;102;Huittinen;vakituinen_asuinrakennus;0.5
2020;102;Huittinen;yleinen_maapohja;1.07
2020;102;Huittinen;yleinen_rakennus;1.07
2020;103;Humppila;muu_asuinrakennus;1.3
2020;103;Humppila;rakentamaton_rakennuspaikka;3
2020;103;Humppila;vakituinen_asuinrakennus;0.55
2020;103;Humppila;yleinen_maapohja;1.3
2020;103;Humppila;yleinen_rakennus;1.3
2020;105;Hyrynsalmi;muu_asuinrakennus;1.15
2020;105;Hyrynsalmi;rakentamaton_rakennuspaikka;2
2020;105;Hyrynsalmi;vakituinen_asuinrakennus;0.55
2020;105;Hyrynsalmi;yleinen_maapohja;1
2020;105;Hyrynsalmi;yleinen_rakennus;1
2020;106;Hyvinkää;muu_asuinrakennus;1.05
2020;106;Hyvinkää;rakentamaton_rakennuspaikka;4.3
2020;106;Hyvinkää;vakituinen_asuinrakennus;0.45
2020;106;Hyvinkää;yleinen_maapohja;1.3
2020;106;Hyvinkää;yleinen_rakennus;1.3
2020;108;Hämeenkyrö;muu_asuinrakennus;1.15
2020;108;Hämeenkyrö;rakentamaton_rakennuspaikka;3
2020;108;Hämeenkyrö;vakituinen_asuinrakennus;0.48
2020;108;Hämeenkyrö;yleinen_maapohja;0.95
2020;108;Hämeenkyrö;yleinen_rakennus;0.95
2020;109;Hämeenlinna;muu_asuinrakennus;1.4
2020;109;Hämeenlinna;rakentamaton_rakennuspaikka;3.3
2020;109;Hämeenlinna;vakituinen_asuinrakennus;0.6
2020;109;Hämeenlinna;yleinen_maapohja;1.35
2020;109;Hämeenlinna;yleinen_rakennus;1.35
2020;111;Heinola;muu_asuinrakennus;1
2020;111;Heinola;rakentamaton_rakennuspaikka;
2020;111;Heinola;vakituinen_asuinrakennus;0.5
2020;111;Heinola;yleinen_maapohja;1
2020;111;Heinola;yleinen_rakennus;1
2020;139;Ii;muu_asuinrakennus;1.1
2020;139;Ii;rakentamaton_rakennuspaikka;5
2020;139;Ii;vakituinen_asuinrakennus;0.55
2020;139;Ii;yleinen_maapohja;1.2
2020;139;Ii;yleinen_rakennus;1.2
2020;140;Iisalmi;muu_asuinrakennus;0.93
2020;140;Iisalmi;rakentamaton_rakennuspaikka;3
2020;140;Iisalmi;vakituinen_asuinrakennus;0.55
2020;140;Iisalmi;yleinen_maapohja;1.1
2020;140;Iisalmi;yleinen_rakennus;1.1
2020;142;Iitti;muu_asuinrakennus;1.25
2020;142;Iitti;rakentamaton_rakennuspaikka;
2020;142;Iitti;vakituinen_asuinrakennus;0.65
2020;142;Iitti;yleinen_maapohja;1.15
2020;142;Iitti;yleinen_rakennus;1.15
2020;143;Ikaalinen;muu_asuinrakennus;1.19
2020;143;Ikaalinen;rakentamaton_rakennuspaikka;3
2020;143;Ikaalinen;vakituinen_asuinrakennus;0.59
2020;143;Ikaalinen;yleinen_maapohja;1.23
2020;143;Ikaalinen;yleinen_rakennus;1.23
2020;145;Ilmajoki;muu_asuinrakennus;1.2
2020;145;Ilmajoki;rakentamaton_rakennuspaikka;3
2020;145;Ilmajoki;vakituinen_asuinrakennus;0.55
2020;145;Ilmajoki;yleinen_maapohja;0.93
2020;145;Ilmajoki;yleinen_rakennus;0.93
2020;146;Ilomantsi;muu_asuinrakennus;1
2020;146;Ilomantsi;rakentamaton_rakennuspaikka;
2020;146;Ilomantsi;vakituinen_asuinrakennus;0.45
2020;146;Ilomantsi;yleinen_maapohja;1
2020;146;Ilomantsi;yleinen_rakennus;1
2020;148;Inari;muu_asuinrakennus;1.15
2020;148;Inari;rakentamaton_rakennuspaikka;3
2020;148;Inari;vakituinen_asuinrakennus;0.55
2020;148;Inari;yleinen_maapohja;1.35
2020;148;Inari;yleinen_rakennus;1.35
2020;149;Inkoo;muu_asuinrakennus;1.55
2020;149;Inkoo;rakentamaton_rakennuspaikka;2
2020;149;Inkoo;vakituinen_asuinrakennus;0.65
2020;149;Inkoo;yleinen_maapohja;1.1
2020;149;Inkoo;yleinen_rakennus;1.1
2020;151;Isojoki;muu_asuinrakennus;0.93
2020;151;Isojoki;rakentamaton_rakennuspaikka;2
2020;151;Isojoki;vakituinen_asuinrakennus;0.5
2020;151;Isojoki;yleinen_maapohja;0.93
2020;151;Isojoki;yleinen_rakennus;0.93
2020;152;Isokyrö;muu_asuinrakennus;1.1
2020;152;Isokyrö;rakentamaton_rakennuspaikka;
2020;152;Isokyrö;vakituinen_asuinrakennus;0.65
2020;152;Isokyrö;yleinen_maapohja;0.93
2020;152;Isokyrö;yleinen_rakennus;0.93
2020;153;Imatra;muu_asuinrakennus;1
2020;153;Imatra;rakentamaton_rakennuspaikka;
2020;153;Imatra;vakituinen_asuinrakennus;0.45
2020;153;Imatra;yleinen_maapohja;1.9
2020;153;Imatra;yleinen_rakennus;1.9
2020;165;Janakkala;muu_asuinrakennus;1.1
2020;165;Janakkala;rakentamaton_rakennuspaikka;4
2020;165;Janakkala;vakituinen_asuinrakennus;0.5
2020;165;Janakkala;yleinen_maapohja;1.1
2020;165;Janakkala;yleinen_rakennus;1.1
2020;167;Joensuu;muu_asuinrakennus;1
2020;167;Joensuu;rakentamaton_rakennuspaikka;
2020;167;Joensuu;vakituinen_asuinrakennus;0.45
2020;167;Joensuu;yleinen_maapohja;1.1
2020;167;Joensuu;yleinen_rakennus;1.1
2020;169;Jokioinen;muu_asuinrakennus;1
2020;169;Jokioinen;rakentamaton_rakennuspaikka;
2020;169;Jokioinen;vakituinen_asuinrakennus;0.41
2020;169;Jokioinen;yleinen_maapohja;0.93
2020;169;Jokioinen;yleinen_rakennus;0.93
2020;170;Jomala;muu_asuinrakennus;0.9
2020;170;Jomala;rakentamaton_rakennuspaikka;1
2020;170;Jomala;vakituinen_asuinrakennus;0
2020;170;Jomala;yleinen_maapohja;0.3
2020;170;Jomala;yleinen_rakennus;0.3
2020;171;Joroinen;muu_asuinrakennus;1.1
2020;171;Joroinen;rakentamaton_rakennuspaikka;
2020;171;Joroinen;vakituinen_asuinrakennus;0.5
2020;171;Joroinen;yleinen_maapohja;1.05
2020;171;Joroinen;yleinen_rakennus;1.05
2020;172;Joutsa;muu_asuinrakennus;1.2
2020;172;Joutsa;rakentamaton_rakennuspaikka;
2020;172;Joutsa;vakituinen_asuinrakennus;0.6
2020;172;Joutsa;yleinen_maapohja;1.1
2020;172;Joutsa;yleinen_rakennus;1.1
2020;176;Juuka;muu_asuinrakennus;0.99
2020;176;Juuka;rakentamaton_rakennuspaikka;
2020;176;Juuka;vakituinen_asuinrakennus;0.45
2020;176;Juuka;yleinen_maapohja;1
2020;176;Juuka;yleinen_rakennus;1
2020;177;Juupajoki;muu_asuinrakennus;1.05
2020;177;Juupajoki;rakentamaton_rakennuspaikka;
2020;177;Juupajoki;vakituinen_asuinrakennus;0.45
2020;177;Juupajoki;yleinen_maapohja;1.15
2020;177;Juupajoki;yleinen_rakennus;1.15
2020;178;Juva;muu_asuinrakennus;1.03
2020;178;Juva;rakentamaton_rakennuspaikka;2
2020;178;Juva;vakituinen_asuinrakennus;0.43
2020;178;Juva;yleinen_maapohja;0.95
2020;178;Juva;yleinen_rakennus;0.95
2020;179;Jyväskylä;muu_asuinrakennus;1.55
2020;179;Jyväskylä;rakentamaton_rakennuspaikka;4
2020;179;Jyväskylä;vakituinen_asuinrakennus;0.55
2020;179;Jyväskylä;yleinen_maapohja;1.3
2020;179;Jyväskylä;yleinen_rakennus;1.3
2020;181;Jämijärvi;muu_asuinrakennus;1.03
2020;181;Jämijärvi;rakentamaton_rakennuspaikka;2.5
2020;181;Jämijärvi;vakituinen_asuinrakennus;0.45
2020;181;Jämijärvi;yleinen_maapohja;1.03
2020;181;Jämijärvi;yleinen_rakennus;1.03
2020;182;Jämsä;muu_asuinrakennus;1.05
2020;182;Jämsä;rakentamaton_rakennuspaikka;3
2020;182;Jämsä;vakituinen_asuinrakennus;0.45
2020;182;Jämsä;yleinen_maapohja;1
2020;182;Jämsä;yleinen_rakennus;1
2020;186;Järvenpää;muu_asuinrakennus;1.15
2020;186;Järvenpää;rakentamaton_rakennuspaikka;6
2020;186;Järvenpää;vakituinen_asuinrakennus;0.55
2020;186;Järvenpää;yleinen_maapohja;1.35
2020;186;Järvenpää;yleinen_rakennus;1.35
2020;202;Kaarina;muu_asuinrakennus;1
2020;202;Kaarina;rakentamaton_rakennuspaikka;4
2020;202;Kaarina;vakituinen_asuinrakennus;0.41
2020;202;Kaarina;yleinen_maapohja;1
2020;202;Kaarina;yleinen_rakennus;1
2020;204;Kaavi;muu_asuinrakennus;1.8
2020;204;Kaavi;rakentamaton_rakennuspaikka;
2020;204;Kaavi;vakituinen_asuinrakennus;0.75
2020;204;Kaavi;yleinen_maapohja;1.5
2020;204;Kaavi;yleinen_rakennus;1.5
2020;205;Kajaani;muu_asuinrakennus;1.55
2020;205;Kajaani;rakentamaton_rakennuspaikka;4.1
2020;205;Kajaani;vakituinen_asuinrakennus;0.55
2020;205;Kajaani;yleinen_maapohja;1.1
2020;205;Kajaani;yleinen_rakennus;1.1
2020;208;Kalajoki;muu_asuinrakennus;1.1
2020;208;Kalajoki;rakentamaton_rakennuspaikka;
2020;208;Kalajoki;vakituinen_asuinrakennus;0.5
2020;208;Kalajoki;yleinen_maapohja;1.1
2020;208;Kalajoki;yleinen_rakennus;1.1
2020;211;Kangasala;muu_asuinrakennus;1.03
2020;211;Kangasala;rakentamaton_rakennuspaikka;2
2020;211;Kangasala;vakituinen_asuinrakennus;0.43
2020;211;Kangasala;yleinen_maapohja;0.93
2020;211;Kangasala;yleinen_rakennus;0.93
2020;213;Kangasniemi;muu_asuinrakennus;1.1
2020;213;Kangasniemi;rakentamaton_rakennuspaikka;2
2020;213;Kangasniemi;vakituinen_asuinrakennus;0.5
2020;213;Kangasniemi;yleinen_maapohja;1
2020;213;Kangasniemi;yleinen_rakennus;1
2020;214;Kankaanpää;muu_asuinrakennus;1.05
2020;214;Kankaanpää;rakentamaton_rakennuspaikka;4
2020;214;Kankaanpää;vakituinen_asuinrakennus;0.45
2020;214;Kankaanpää;yleinen_maapohja;1.2
2020;214;Kankaanpää;yleinen_rakennus;1.2
2020;216;Kannonkoski;muu_asuinrakennus;1.1
2020;216;Kannonkoski;rakentamaton_rakennuspaikka;
2020;216;Kannonkoski;vakituinen_asuinrakennus;0.5
2020;216;Kannonkoski;yleinen_maapohja;0.95
2020;216;Kannonkoski;yleinen_rakennus;0.95
2020;217;Kannus;muu_asuinrakennus;1
2020;217;Kannus;rakentamaton_rakennuspaikka;
2020;217;Kannus;vakituinen_asuinrakennus;0.55
2020;217;Kannus;yleinen_maapohja;1.15
2020;217;Kannus;yleinen_rakennus;1.15
2020;218;Karijoki;muu_asuinrakennus;1
2020;218;Karijoki;rakentamaton_rakennuspaikka;
2020;218;Karijoki;vakituinen_asuinrakennus;0.5
2020;218;Karijoki;yleinen_maapohja;0.93
2020;218;Karijoki;yleinen_rakennus;0.93
2020;224;Karkkila;muu_asuinrakennus;1.25
2020;224;Karkkila;rakentamaton_rakennuspaikka;3
2020;224;Karkkila;vakituinen_asuinrakennus;0.65
2020;224;Karkkila;yleinen_maapohja;1.1
2020;224;Karkkila;yleinen_rakennus;1.1
2020;226;Karstula;muu_asuinrakennus;1.36
2020;226;Karstula;rakentamaton_rakennuspaikka;
2020;226;Karstula;vakituinen_asuinrakennus;0.48
2020;226;Karstula;yleinen_maapohja;1.03
2020;226;Karstula;yleinen_rakennus;1.03
2020;230;Karvia;muu_asuinrakennus;0.93
2020;230;Karvia;rakentamaton_rakennuspaikka;
2020;230;Karvia;vakituinen_asuinrakennus;0.41
2020;230;Karvia;yleinen_maapohja;0.93
2020;230;Karvia;yleinen_rakennus;0.93
2020;231;Kaskinen;muu_asuinrakennus;2
2020;231;Kaskinen;rakentamaton_rakennuspaikka;6
2020;231;Kaskinen;vakituinen_asuinrakennus;0.9
2020;231;Kaskinen;yleinen_maapohja;1.4
2020;231;Kaskinen;yleinen_rakennus;1.4
2020;232;Kauhajoki;muu_asuinrakennus;1.2
2020;232;Kauhajoki;rakentamaton_rakennuspaikka;3
2020;232;Kauhajoki;vakituinen_asuinrakennus;0.65
2020;232;Kauhajoki;yleinen_maapohja;0.93
2020;232;Kauhajoki;yleinen_rakennus;0.93
2020;233;Kauhava;muu_asuinrakennus;1.1
2020;233;Kauhava;rakentamaton_rakennuspaikka;2
2020;233;Kauhava;vakituinen_asuinrakennus;0.55
2020;233;Kauhava;yleinen_maapohja;0.95
2020;233;Kauhava;yleinen_rakennus;0.95
2020;235;Kauniainen;muu_asuinrakennus;0.93
2020;235;Kauniainen;rakentamaton_rakennuspaikka;3.93
2020;235;Kauniainen;vakituinen_asuinrakennus;0.41
2020;235;Kauniainen;yleinen_maapohja;0.93
2020;235;Kauniainen;yleinen_rakennus;0.93
2020;236;Kaustinen;muu_asuinrakennus;1.03
2020;236;Kaustinen;rakentamaton_rakennuspaikka;3.1
2020;236;Kaustinen;vakituinen_asuinrakennus;0.5
2020;236;Kaustinen;yleinen_maapohja;1.03
2020;236;Kaustinen;yleinen_rakennus;1.03
2020;239;Keitele;muu_asuinrakennus;1
2020;239;Keitele;rakentamaton_rakennuspaikka;
2020;239;Keitele;vakituinen_asuinrakennus;0.45
2020;239;Keitele;yleinen_maapohja;0.95
2020;239;Keitele;yleinen_rakennus;0.95
2020;240;Kemi;muu_asuinrakennus;1
2020;240;Kemi;rakentamaton_rakennuspaikka;6
2020;240;Kemi;vakituinen_asuinrakennus;0.5
2020;240;Kemi;yleinen_maapohja;1.24
2020;240;Kemi;yleinen_rakennus;1.24
2020;241;Keminmaa;muu_asuinrakennus;1
2020;241;Keminmaa;rakentamaton_rakennuspaikka;4
2020;241;Keminmaa;vakituinen_asuinrakennus;0.41
2020;241;Keminmaa;yleinen_maapohja;1.15
2020;241;Keminmaa;yleinen_rakennus;1.15
2020;244;Kempele;muu_asuinrakennus;1.1
2020;244;Kempele;rakentamaton_rakennuspaikka;3
2020;244;Kempele;vakituinen_asuinrakennus;0.43
2020;244;Kempele;yleinen_maapohja;1.1
2020;244;Kempele;yleinen_rakennus;1.1
2020;245;Kerava;muu_asuinrakennus;0.93
2020;245;Kerava;rakentamaton_rakennuspaikka;6
2020;245;Kerava;vakituinen_asuinrakennus;0.41
2020;245;Kerava;yleinen_maapohja;1.32
2020;245;Kerava;yleinen_rakennus;1.32
2020;249;Keuruu;muu_asuinrakennus;1
2020;249;Keuruu;rakentamaton_rakennuspaikka;
2020;249;Keuruu;vakituinen_asuinrakennus;0.41
2020;249;Keuruu;yleinen_maapohja;1
2020;249;Keuruu;yleinen_rakennus;1
2020;250;Kihniö;muu_asuinrakennus;1.1
2020;250;Kihniö;rakentamaton_rakennuspaikka;
2020;250;Kihniö;vakituinen_asuinrakennus;0.55
2020;250;Kihniö;yleinen_maapohja;1.1
2020;250;Kihniö;yleinen_rakennus;1.1
2020;256;Kinnula;muu_asuinrakennus;1.2
2020;256;Kinnula;rakentamaton_rakennuspaikka;2.75
2020;256;Kinnula;vakituinen_asuinrakennus;0.6
2020;256;Kinnula;yleinen_maapohja;1.1
2020;256;Kinnula;yleinen_rakennus;1.1
2020;257;Kirkkonummi;muu_asuinrakennus;1.4
2020;257;Kirkkonummi;rakentamaton_rakennuspaikka;3.93
2020;257;Kirkkonummi;vakituinen_asuinrakennus;0.41
2020;257;Kirkkonummi;yleinen_maapohja;0.93
2020;257;Kirkkonummi;yleinen_rakennus;0.93
2020;260;Kitee;muu_asuinrakennus;1.1
2020;260;Kitee;rakentamaton_rakennuspaikka;
2020;260;Kitee;vakituinen_asuinrakennus;0.55
2020;260;Kitee;yleinen_maapohja;0.95
2020;260;Kitee;yleinen_rakennus;0.95
2020;261;Kittilä;muu_asuinrakennus;1.2
2020;261;Kittilä;rakentamaton_rakennuspaikka;
2020;261;Kittilä;vakituinen_asuinrakennus;0.43
2020;261;Kittilä;yleinen_maapohja;1.16
2020;261;Kittilä;yleinen_rakennus;1.16
2020;263;Kiuruvesi;muu_asuinrakennus;1
2020;263;Kiuruvesi;rakentamaton_rakennuspaikka;3
2020;263;Kiuruvesi;vakituinen_asuinrakennus;0.55
2020;263;Kiuruvesi;yleinen_maapohja;0.93
2020;263;Kiuruvesi;yleinen_rakennus;0.93
2020;265;Kivijärvi;muu_asuinrakennus;1.5
2020;265;Kivijärvi;rakentamaton_rakennuspaikka;4
2020;265;Kivijärvi;vakituinen_asuinrakennus;0.6
2020;265;Kivijärvi;yleinen_maapohja;1.2
2020;265;Kivijärvi;yleinen_rakennus;1.2
2020;271;Kokemäki;muu_asuinrakennus;1.85
2020;271;Kokemäki;rakentamaton_rakennuspaikka;4
2020;271;Kokemäki;vakituinen_asuinrakennus;0.51
2020;271;Kokemäki;yleinen_maapohja;1.2
2020;271;Kokemäki;yleinen_rakennus;1.2
2020;272;Kokkola;muu_asuinrakennus;1.1
2020;272;Kokkola;rakentamaton_rakennuspaikka;3.25
2020;272;Kokkola;vakituinen_asuinrakennus;0.7
2020;272;Kokkola;yleinen_maapohja;1.25
2020;272;Kokkola;yleinen_rakennus;1.25
2020;273;Kolari;muu_asuinrakennus;1.2
2020;273;Kolari;rakentamaton_rakennuspaikka;2
2020;273;Kolari;vakituinen_asuinrakennus;0.47
2020;273;Kolari;yleinen_maapohja;1.03
2020;273;Kolari;yleinen_rakennus;1.03
2020;275;Konnevesi;muu_asuinrakennus;1.2
2020;275;Konnevesi;rakentamaton_rakennuspaikka;
2020;275;Konnevesi;vakituinen_asuinrakennus;0.55
2020;275;Konnevesi;yleinen_maapohja;1.1
2020;275;Konnevesi;yleinen_rakennus;1.1
2020;276;Kontiolahti;muu_asuinrakennus;1
2020;276;Kontiolahti;rakentamaton_rakennuspaikka;
2020;276;Kontiolahti;vakituinen_asuinrakennus;0.41
2020;276;Kontiolahti;yleinen_maapohja;0.93
2020;276;Kontiolahti;yleinen_rakennus;0.93
2020;280;Korsnäs;muu_asuinrakennus;1.3
2020;280;Korsnäs;rakentamaton_rakennuspaikka;
2020;280;Korsnäs;vakituinen_asuinrakennus;0.5
2020;280;Korsnäs;yleinen_maapohja;0.95
2020;280;Korsnäs;yleinen_rakennus;0.95
2020;284;Koski Tl;muu_asuinrakennus;0.93
2020;284;Koski Tl;rakentamaton_rakennuspaikka;
2020;284;Koski Tl;vakituinen_asuinrakennus;0.41
2020;284;Koski Tl;yleinen_maapohja;0.93
2020;284;Koski Tl;yleinen_rakennus;0.93
2020;285;Kotka;muu_asuinrakennus;1.15
2020;285;Kotka;rakentamaton_rakennuspaikka;
2020;285;Kotka;vakituinen_asuinrakennus;0.55
2020;285;Kotka;yleinen_maapohja;1.35
2020;285;Kotka;yleinen_rakennus;1.35
2020;286;Kouvola;muu_asuinrakennus;1.35
2020;286;Kouvola;rakentamaton_rakennuspaikka;
2020;286;Kouvola;vakituinen_asuinrakennus;0.65
2020;286;Kouvola;yleinen_maapohja;1.45
2020;286;Kouvola;yleinen_rakennus;1.45
2020;287;Kristiinankaupunki;muu_asuinrakennus;1.2
2020;287;Kristiinankaupunki;rakentamaton_rakennuspaikka;
2020;287;Kristiinankaupunki;vakituinen_asuinrakennus;0.6
2020;287;Kristiinankaupunki;yleinen_maapohja;0.93
2020;287;Kristiinankaupunki;yleinen_rakennus;0.93
2020;288;Kruunupyy;muu_asuinrakennus;1.3
2020;288;Kruunupyy;rakentamaton_rakennuspaikka;4
2020;288;Kruunupyy;vakituinen_asuinrakennus;0.65
2020;288;Kruunupyy;yleinen_maapohja;1.1
2020;288;Kruunupyy;yleinen_rakennus;1.1
2020;290;Kuhmo;muu_asuinrakennus;1.08
2020;290;Kuhmo;rakentamaton_rakennuspaikka;2
2020;290;Kuhmo;vakituinen_asuinrakennus;0.54
2020;290;Kuhmo;yleinen_maapohja;0.98
2020;290;Kuhmo;yleinen_rakennus;0.98
2020;291;Kuhmoinen;muu_asuinrakennus;1.2
2020;291;Kuhmoinen;rakentamaton_rakennuspaikka;
2020;291;Kuhmoinen;vakituinen_asuinrakennus;0.6
2020;291;Kuhmoinen;yleinen_maapohja;1.1
2020;291;Kuhmoinen;yleinen_rakennus;1.1
2020;295;Kumlinge;muu_asuinrakennus;0.9
2020;295;Kumlinge;rakentamaton_rakennuspaikka;
2020;295;Kumlinge;vakituinen_asuinrakennus;0.2
2020;295;Kumlinge;yleinen_maapohja;0.6
2020;295;Kumlinge;yleinen_rakennus;0.6
2020;297;Kuopio;muu_asuinrakennus;1.35
2020;297;Kuopio;rakentamaton_rakennuspaikka;3
2020;297;Kuopio;vakituinen_asuinrakennus;0.52
2020;297;Kuopio;yleinen_maapohja;1.3
2020;297;Kuopio;yleinen_rakennus;1.3
2020;300;Kuortane;muu_asuinrakennus;1.05
2020;300;Kuortane;rakentamaton_rakennuspaikka;
2020;300;Kuortane;vakituinen_asuinrakennus;0.45
2020;300;Kuortane;yleinen_maapohja;0.93
2020;300;Kuortane;yleinen_rakennus;0.93
2020;301;Kurikka;muu_asuinrakennus;1.2
2020;301;Kurikka;rakentamaton_rakennuspaikka;4
2020;301;Kurikka;vakituinen_asuinrakennus;0.6
2020;301;Kurikka;yleinen_maapohja;0.93
2020;301;Kurikka;yleinen_rakennus;0.93
2020;304;Kustavi;muu_asuinrakennus;0.98
2020;304;Kustavi;rakentamaton_rakennuspaikka;
2020;304;Kustavi;vakituinen_asuinrakennus;0.41
2020;304;Kustavi;yleinen_maapohja;0.93
2020;304;Kustavi;yleinen_rakennus;0.93
2020;305;Kuusamo;muu_asuinrakennus;1.1
2020;305;Kuusamo;rakentamaton_rakennuspaikka;
2020;305;Kuusamo;vakituinen_asuinrakennus;0.5
2020;305;Kuusamo;yleinen_maapohja;1.1
2020;305;Kuusamo;yleinen_rakennus;1.1
2020;309;Outokumpu;muu_asuinrakennus;1.25
2020;309;Outokumpu;rakentamaton_rakennuspaikka;
2020;309;Outokumpu;vakituinen_asuinrakennus;0.65
2020;309;Outokumpu;yleinen_maapohja;1.1
2020;309;Outokumpu;yleinen_rakennus;1.1
2020;312;Kyyjärvi;muu_asuinrakennus;1.6
2020;312;Kyyjärvi;rakentamaton_rakennuspaikka;6
2020;312;Kyyjärvi;vakituinen_asuinrakennus;0.75
2020;312;Kyyjärvi;yleinen_maapohja;1.25
2020;312;Kyyjärvi;yleinen_rakennus;1.25
2020;316;Kärkölä;muu_asuinrakennus;1.2
2020;316;Kärkölä;rakentamaton_rakennuspaikka;4.35
2020;316;Kärkölä;vakituinen_asuinrakennus;0.6
2020;316;Kärkölä;yleinen_maapohja;1.35
2020;316;Kärkölä;yleinen_rakennus;1.35
2020;317;Kärsämäki;muu_asuinrakennus;1.1
2020;317;Kärsämäki;rakentamaton_rakennuspaikka;3
2020;317;Kärsämäki;vakituinen_asuinrakennus;0.65
2020;317;Kärsämäki;yleinen_maapohja;0.93
2020;317;Kärsämäki;yleinen_rakennus;0.93
2020;318;Kökar;muu_asuinrakennus;0.9
2020;318;Kökar;rakentamaton_rakennuspaikka;
2020;318;Kökar;vakituinen_asuinrakennus;0
2020;318;Kökar;yleinen_maapohja;0.4
2020;318;Kökar;yleinen_rakennus;0.4
2020;320;Kemijärvi;muu_asuinrakennus;1.35
2020;320;Kemijärvi;rakentamaton_rakennuspaikka;
2020;320;Kemijärvi;vakituinen_asuinrakennus;0.5
2020;320;Kemijärvi;yleinen_maapohja;1.2
2020;320;Kemijärvi;yleinen_rakennus;1.2
2020;322;Kemiönsaari;muu_asuinrakennus;1.1
2020;322;Kemiönsaari;rakentamaton_rakennuspaikka;
2020;322;Kemiönsaari;vakituinen_asuinrakennus;0.41
2020;322;Kemiönsaari;yleinen_maapohja;1.1
2020;322;Kemiönsaari;yleinen_rakennus;1.1
2020;398;Lahti;muu_asuinrakennus;1.35
2020;398;Lahti;rakentamaton_rakennuspaikka;4
2020;398;Lahti;vakituinen_asuinrakennus;0.6
2020;398;Lahti;yleinen_maapohja;1.35
2020;398;Lahti;yleinen_rakennus;1.35
2020;399;Laihia;muu_asuinrakennus;1
2020;399;Laihia;rakentamaton_rakennuspaikka;3
2020;399;Laihia;vakituinen_asuinrakennus;0.6
2020;399;Laihia;yleinen_maapohja;1
2020;399;Laihia;yleinen_rakennus;1
2020;400;Laitila;muu_asuinrakennus;1
2020;400;Laitila;rakentamaton_rakennuspaikka;3
2020;400;Laitila;vakituinen_asuinrakennus;0.41
2020;400;Laitila;yleinen_maapohja;0.93
2020;400;Laitila;yleinen_rakennus;0.93
2020;402;Lapinlahti;muu_asuinrakennus;1
2020;402;Lapinlahti;rakentamaton_rakennuspaikka;2
2020;402;Lapinlahti;vakituinen_asuinrakennus;0.6
2020;402;Lapinlahti;yleinen_maapohja;0.93
2020;402;Lapinlahti;yleinen_rakennus;0.93
2020;403;Lappajärvi;muu_asuinrakennus;1.15
2020;403;Lappajärvi;rakentamaton_rakennuspaikka;
2020;403;Lappajärvi;vakituinen_asuinrakennus;0.55
2020;403;Lappajärvi;yleinen_maapohja;1
2020;403;Lappajärvi;yleinen_rakennus;1
2020;405;Lappeenranta;muu_asuinrakennus;1.15
2020;405;Lappeenranta;rakentamaton_rakennuspaikka;3
2020;405;Lappeenranta;vakituinen_asuinrakennus;0.55
2020;405;Lappeenranta;yleinen_maapohja;1.43
2020;405;Lappeenranta;yleinen_rakennus;1.43
2020;407;Lapinjärvi;muu_asuinrakennus;1.1
2020;407;Lapinjärvi;rakentamaton_rakennuspaikka;
2020;407;Lapinjärvi;vakituinen_asuinrakennus;0.5
2020;407;Lapinjärvi;yleinen_maapohja;1
2020;407;Lapinjärvi;yleinen_rakennus;1
2020;408;Lapua;muu_asuinrakennus;1.05
2020;408;Lapua;rakentamaton_rakennuspaikka;6
2020;408;Lapua;vakituinen_asuinrakennus;0.45
2020;408;Lapua;yleinen_maapohja;1.05
2020;408;Lapua;yleinen_rakennus;1.05
2020;410;Laukaa;muu_asuinrakennus;1.4
2020;410;Laukaa;rakentamaton_rakennuspaikka;3
2020;410;Laukaa;vakituinen_asuinrakennus;0.7
2020;410;Laukaa;yleinen_maapohja;1.3
2020;410;Laukaa;yleinen_rakennus;1.3
2020;416;Lemi;muu_asuinrakennus;1.3
2020;416;Lemi;rakentamaton_rakennuspaikka;4
2020;416;Lemi;vakituinen_asuinrakennus;0.53
2020;416;Lemi;yleinen_maapohja;1.4
2020;416;Lemi;yleinen_rakennus;1.4
2020;417;Lemland;muu_asuinrakennus;0.9
2020;417;Lemland;rakentamaton_rakennuspaikka;0
2020;417;Lemland;vakituinen_asuinrakennus;0
2020;417;Lemland;yleinen_maapohja;0.7
2020;417;Lemland;yleinen_rakennus;0.7
2020;418;Lempäälä;muu_asuinrakennus;1
2020;418;Lempäälä;rakentamaton_rakennuspaikka;3
2020;418;Lempäälä;vakituinen_asuinrakennus;0.45
2020;418;Lempäälä;yleinen_maapohja;0.95
2020;418;Lempäälä;yleinen_rakennus;0.95
2020;420;Leppävirta;muu_asuinrakennus;1
2020;420;Leppävirta;rakentamaton_rakennuspaikka;2
2020;420;Leppävirta;vakituinen_asuinrakennus;0.45
2020;420;Leppävirta;yleinen_maapohja;1
2020;420;Leppävirta;yleinen_rakennus;1
2020;421;Lestijärvi;muu_asuinrakennus;1.4
2020;421;Lestijärvi;rakentamaton_rakennuspaikka;
2020;421;Lestijärvi;vakituinen_asuinrakennus;0.5
2020;421;Lestijärvi;yleinen_maapohja;1
2020;421;Lestijärvi;yleinen_rakennus;1
2020;422;Lieksa;muu_asuinrakennus;0.95
2020;422;Lieksa;rakentamaton_rakennuspaikka;
2020;422;Lieksa;vakituinen_asuinrakennus;0.43
2020;422;Lieksa;yleinen_maapohja;1
2020;422;Lieksa;yleinen_rakennus;1
2020;423;Lieto;muu_asuinrakennus;1
2020;423;Lieto;rakentamaton_rakennuspaikka;3
2020;423;Lieto;vakituinen_asuinrakennus;0.41
2020;423;Lieto;yleinen_maapohja;1.2
2020;423;Lieto;yleinen_rakennus;1.2
2020;425;Liminka;muu_asuinrakennus;1.03
2020;425;Liminka;rakentamaton_rakennuspaikka;3
2020;425;Liminka;vakituinen_asuinrakennus;0.43
2020;425;Liminka;yleinen_maapohja;0.94
2020;425;Liminka;yleinen_rakennus;0.94
2020;426;Liperi;muu_asuinrakennus;1
2020;426;Liperi;rakentamaton_rakennuspaikka;
2020;426;Liperi;vakituinen_asuinrakennus;0.5
2020;426;Liperi;yleinen_maapohja;0.93
2020;426;Liperi;yleinen_rakennus;0.93
2020;430;Loimaa;muu_asuinrakennus;1.05
2020;430;Loimaa;rakentamaton_rakennuspaikka;
2020;430;Loimaa;vakituinen_asuinrakennus;0.5
2020;430;Loimaa;yleinen_maapohja;1
2020;430;Loimaa;yleinen_rakennus;1
2020;433;Loppi;muu_asuinrakennus;1
2020;433;Loppi;rakentamaton_rakennuspaikka;3
2020;433;Loppi;vakituinen_asuinrakennus;0.41
2020;433;Loppi;yleinen_maapohja;1
2020;433;Loppi;yleinen_rakennus;1
2020;434;Loviisa;muu_asuinrakennus;1.2
2020;434;Loviisa;rakentamaton_rakennuspaikka;3
2020;434;Loviisa;vakituinen_asuinrakennus;0.5
2020;434;Loviisa;yleinen_maapohja;1
2020;434;Loviisa;yleinen_rakennus;1
2020;435;Luhanka;muu_asuinrakennus;1.3
2020;435;Luhanka;rakentamaton_rakennuspaikka;4
2020;435;Luhanka;vakituinen_asuinrakennus;0.5
2020;435;Luhanka;yleinen_maapohja;1.2
2020;435;Luhanka;yleinen_rakennus;1.2
2020;436;Lumijoki;muu_asuinrakennus;1.15
2020;436;Lumijoki;rakentamaton_rakennuspaikka;6
2020;436;Lumijoki;vakituinen_asuinrakennus;0.5
2020;436;Lumijoki;yleinen_maapohja;0.95
2020;436;Lumijoki;yleinen_rakennus;0.95
2020;438;Lumparland;muu_asuinrakennus;0.9
2020;438;Lumparland;rakentamaton_rakennuspaikka;1
2020;438;Lumparland;vakituinen_asuinrakennus;0
2020;438;Lumparland;yleinen_maapohja;0.6
2020;438;Lumparland;yleinen_rakennus;0.6
2020;440;Luoto;muu_asuinrakennus;1.2
2020;440;Luoto;rakentamaton_rakennuspaikka;4
2020;440;Luoto;vakituinen_asuinrakennus;0.5
2020;440;Luoto;yleinen_maapohja;1.3
2020;440;Luoto;yleinen_rakennus;1.3
2020;441;Luumäki;muu_asuinrakennus;1.05
2020;441;Luumäki;rakentamaton_rakennuspaikka;
2020;441;Luumäki;vakituinen_asuinrakennus;0.5
2020;441;Luumäki;yleinen_maapohja;1
2020;441;Luumäki;yleinen_rakennus;1
2020;444;Lohja;muu_asuinrakennus;1.05
2020;444;Lohja;rakentamaton_rakennuspaikka;4.5
2020;444;Lohja;vakituinen_asuinrakennus;0.45
2020;444;Lohja;yleinen_maapohja;1.03
2020;444;Lohja;yleinen_rakennus;1.03
2020;445;Parainen;muu_asuinrakennus;1.5
2020;445;Parainen;rakentamaton_rakennuspaikka;3
2020;445;Parainen;vakituinen_asuinrakennus;0.47
2020;445;Parainen;yleinen_maapohja;1.5
2020;445;Parainen;yleinen_rakennus;1.5
2020;475;Maalahti;muu_asuinrakennus;1.1
2020;475;Maalahti;rakentamaton_rakennuspaikka;
2020;475;Maalahti;vakituinen_asuinrakennus;0.5
2020;475;Maalahti;yleinen_maapohja;0.93
2020;475;Maalahti;yleinen_rakennus;0.93
2020;478;Maarianhamina - Mariehamn;muu_asuinrakennus;0.9
2020;478;Maarianhamina - Mariehamn;rakentamaton_rakennuspaikka;3
2020;478;Maarianhamina - Mariehamn;vakituinen_asuinrakennus;0.3
2020;478;Maarianhamina - Mariehamn;yleinen_maapohja;0.3
2020;478;Maarianhamina - Mariehamn;yleinen_rakennus;0.3
2020;480;Marttila;muu_asuinrakennus;0.95
2020;480;Marttila;rakentamaton_rakennuspaikka;
2020;480;Marttila;vakituinen_asuinrakennus;0.45
2020;480;Marttila;yleinen_maapohja;0.95
2020;480;Marttila;yleinen_rakennus;0.95
2020;481;Masku;muu_asuinrakennus;1
2020;481;Masku;rakentamaton_rakennuspaikka;2
2020;481;Masku;vakituinen_asuinrakennus;0.41
2020;481;Masku;yleinen_maapohja;0.95
2020;481;Masku;yleinen_rakennus;0.95
2020;483;Merijärvi;muu_asuinrakennus;1.03
2020;483;Merijärvi;rakentamaton_rakennuspaikka;
2020;483;Merijärvi;vakituinen_asuinrakennus;0.45
2020;483;Merijärvi;yleinen_maapohja;1.03
2020;483;Merijärvi;yleinen_rakennus;1.03
2020;484;Merikarvia;muu_asuinrakennus;1.2
2020;484;Merikarvia;rakentamaton_rakennuspaikka;3
2020;484;Merikarvia;vakituinen_asuinrakennus;0.5
2020;484;Merikarvia;yleinen_maapohja;1.1
2020;484;Merikarvia;yleinen_rakennus;1.1
2020;489;Miehikkälä;muu_asuinrakennus;1.1
2020;489;Miehikkälä;rakentamaton_rakennuspaikka;
2020;489;Miehikkälä;vakituinen_asuinrakennus;0.5
2020;489;Miehikkälä;yleinen_maapohja;1.1
2020;489;Miehikkälä;yleinen_rakennus;1.1
2020;491;Mikkeli;muu_asuinrakennus;1.5
2020;491;Mikkeli;rakentamaton_rakennuspaikka;4
2020;491;Mikkeli;vakituinen_asuinrakennus;0.62
2020;491;Mikkeli;yleinen_maapohja;1.37
2020;491;Mikkeli;yleinen_rakennus;1.37
2020;494;Muhos;muu_asuinrakennus;1
2020;494;Muhos;rakentamaton_rakennuspaikka;3
2020;494;Muhos;vakituinen_asuinrakennus;0.5
2020;494;Muhos;yleinen_maapohja;1
2020;494;Muhos;yleinen_rakennus;1
2020;495;Multia;muu_asuinrakennus;1.05
2020;495;Multia;rakentamaton_rakennuspaikka;3
2020;495;Multia;vakituinen_asuinrakennus;0.45
2020;495;Multia;yleinen_maapohja;1
2020;495;Multia;yleinen_rakennus;1
2020;498;Muonio;muu_asuinrakennus;1.05
2020;498;Muonio;rakentamaton_rakennuspaikka;6
2020;498;Muonio;vakituinen_asuinrakennus;0.45
2020;498;Muonio;yleinen_maapohja;1.05
2020;498;Muonio;yleinen_rakennus;1.05
2020;499;Mustasaari;muu_asuinrakennus;1.15
2020;499;Mustasaari;rakentamaton_rakennuspaikka;6
2020;499;Mustasaari;vakituinen_asuinrakennus;0.55
2020;499;Mustasaari;yleinen_maapohja;1
2020;499;Mustasaari;yleinen_rakennus;1
2020;500;Muurame;muu_asuinrakennus;1.2
2020;500;Muurame;rakentamaton_rakennuspaikka;4
2020;500;Muurame;vakituinen_asuinrakennus;0.5
2020;500;Muurame;yleinen_maapohja;1.1
2020;500;Muurame;yleinen_rakennus;1.1
2020;503;Mynämäki;muu_asuinrakennus;1.15
2020;503;Mynämäki;rakentamaton_rakennuspaikka;3
2020;503;Mynämäki;vakituinen_asuinrakennus;0.55
2020;503;Mynämäki;yleinen_maapohja;0.98
2020;503;Mynämäki;yleinen_rakennus;0.98
2020;504;Myrskylä;muu_asuinrakennus;1.15
2020;504;Myrskylä;rakentamaton_rakennuspaikka;
2020;504;Myrskylä;vakituinen_asuinrakennus;0.55
2020;504;Myrskylä;yleinen_maapohja;1
2020;504;Myrskylä;yleinen_rakennus;1
2020;505;Mäntsälä;muu_asuinrakennus;1.2
2020;505;Mäntsälä;rakentamaton_rakennuspaikka;4.3
2020;505;Mäntsälä;vakituinen_asuinrakennus;0.6
2020;505;Mäntsälä;yleinen_maapohja;1.3
2020;505;Mäntsälä;yleinen_rakennus;1.3
2020;507;Mäntyharju;muu_asuinrakennus;1.15
2020;507;Mäntyharju;rakentamaton_rakennuspaikka;4.1
2020;507;Mäntyharju;vakituinen_asuinrakennus;0.55
2020;507;Mäntyharju;yleinen_maapohja;1.1
2020;507;Mäntyharju;yleinen_rakennus;1.1
2020;508;Mänttä-Vilppula;muu_asuinrakennus;1.15
2020;508;Mänttä-Vilppula;rakentamaton_rakennuspaikka;
2020;508;Mänttä-Vilppula;vakituinen_asuinrakennus;0.6
2020;508;Mänttä-Vilppula;yleinen_maapohja;1.1
2020;508;Mänttä-Vilppula;yleinen_rakennus;1.1
2020;529;Naantali;muu_asuinrakennus;1.35
2020;529;Naantali;rakentamaton_rakennuspaikka;3
2020;529;Naantali;vakituinen_asuinrakennus;0.45
2020;529;Naantali;yleinen_maapohja;1.05
2020;529;Naantali;yleinen_rakennus;1.05
2020;531;Nakkila;muu_asuinrakennus;1.03
2020;531;Nakkila;rakentamaton_rakennuspaikka;2
2020;531;Nakkila;vakituinen_asuinrakennus;0.5
2020;531;Nakkila;yleinen_maapohja;1.05
2020;531;Nakkila;yleinen_rakennus;1.05
2020;535;Nivala;muu_asuinrakennus;1
2020;535;Nivala;rakentamaton_rakennuspaikka;4
2020;535;Nivala;vakituinen_asuinrakennus;0.65
2020;535;Nivala;yleinen_maapohja;1
2020;535;Nivala;yleinen_rakennus;1
2020;536;Nokia;muu_asuinrakennus;1.4
2020;536;Nokia;rakentamaton_rakennuspaikka;6
2020;536;Nokia;vakituinen_asuinrakennus;0.55
2020;536;Nokia;yleinen_maapohja;1
2020;536;Nokia;yleinen_rakennus;1
2020;538;Nousiainen;muu_asuinrakennus;1.2
2020;538;Nousiainen;rakentamaton_rakennuspaikka;2
2020;538;Nousiainen;vakituinen_asuinrakennus;0.5
2020;538;Nousiainen;yleinen_maapohja;1
2020;538;Nousiainen;yleinen_rakennus;1
2020;541;Nurmes;muu_asuinrakennus;1.04
2020;541;Nurmes;rakentamaton_rakennuspaikka;
2020;541;Nurmes;vakituinen_asuinrakennus;0.47
2020;541;Nurmes;yleinen_maapohja;1.05
2020;541;Nurmes;yleinen_rakennus;1.05
2020;543;Nurmijärvi;muu_asuinrakennus;1.18
2020;543;Nurmijärvi;rakentamaton_rakennuspaikka;4.3
2020;543;Nurmijärvi;vakituinen_asuinrakennus;0.48
2020;543;Nurmijärvi;yleinen_maapohja;1.18
2020;543;Nurmijärvi;yleinen_rakennus;1.18
2020;545;Närpiö;muu_asuinrakennus;1.1
2020;545;Närpiö;rakentamaton_rakennuspaikka;
2020;545;Närpiö;vakituinen_asuinrakennus;0.5
2020;545;Närpiö;yleinen_maapohja;0.93
2020;545;Närpiö;yleinen_rakennus;0.93
2020;560;Orimattila;muu_asuinrakennus;1.1
2020;560;Orimattila;rakentamaton_rakennuspaikka;3
2020;560;Orimattila;vakituinen_asuinrakennus;0.55
2020;560;Orimattila;yleinen_maapohja;1.2
2020;560;Orimattila;yleinen_rakennus;1.2
2020;561;Oripää;muu_asuinrakennus;1.2
2020;561;Oripää;rakentamaton_rakennuspaikka;
2020;561;Oripää;vakituinen_asuinrakennus;0.55
2020;561;Oripää;yleinen_maapohja;1.1
2020;561;Oripää;yleinen_rakennus;1.1
2020;562;Orivesi;muu_asuinrakennus;1.25
2020;562;Orivesi;rakentamaton_rakennuspaikka;3
2020;562;Orivesi;vakituinen_asuinrakennus;0.65
2020;562;Orivesi;yleinen_maapohja;1.1
2020;562;Orivesi;yleinen_rakennus;1.1
2020;563;Oulainen;muu_asuinrakennus;1.05
2020;563;Oulainen;rakentamaton_rakennuspaikka;3
2020;563;Oulainen;vakituinen_asuinrakennus;0.7
2020;563;Oulainen;yleinen_maapohja;1.25
2020;563;Oulainen;yleinen_rakennus;1.25
2020;564;Oulu;muu_asuinrakennus;0.93
2020;564;Oulu;rakentamaton_rakennuspaikka;
2020;564;Oulu;vakituinen_asuinrakennus;0.5
2020;564;Oulu;yleinen_maapohja;1.15
2020;564;Oulu;yleinen_rakennus;1.15
2020;576;Padasjoki;muu_asuinrakennus;1.2
2020;576;Padasjoki;rakentamaton_rakennuspaikka;
2020;576;Padasjoki;vakituinen_asuinrakennus;0.6
2020;576;Padasjoki;yleinen_maapohja;0.93
2020;576;Padasjoki;yleinen_rakennus;0.93
2020;577;Paimio;muu_asuinrakennus;1.2
2020;577;Paimio;rakentamaton_rakennuspaikka;3
2020;577;Paimio;vakituinen_asuinrakennus;0.45
2020;577;Paimio;yleinen_maapohja;1.1
2020;577;Paimio;yleinen_rakennus;1.1
2020;578;Paltamo;muu_asuinrakennus;1.1
2020;578;Paltamo;rakentamaton_rakennuspaikka;4.5
2020;578;Paltamo;vakituinen_asuinrakennus;0.6
2020;578;Paltamo;yleinen_maapohja;1.1
2020;578;Paltamo;yleinen_rakennus;1.1
2020;580;Parikkala;muu_asuinrakennus;1.1
2020;580;Parikkala;rakentamaton_rakennuspaikka;
2020;580;Parikkala;vakituinen_asuinrakennus;0.5
2020;580;Parikkala;yleinen_maapohja;1
2020;580;Parikkala;yleinen_rakennus;1
2020;581;Parkano;muu_asuinrakennus;1.1
2020;581;Parkano;rakentamaton_rakennuspaikka;
2020;581;Parkano;vakituinen_asuinrakennus;0.52
2020;581;Parkano;yleinen_maapohja;1.1
2020;581;Parkano;yleinen_rakennus;1.1
2020;583;Pelkosenniemi;muu_asuinrakennus;1.75
2020;583;Pelkosenniemi;rakentamaton_rakennuspaikka;4
2020;583;Pelkosenniemi;vakituinen_asuinrakennus;0.75
2020;583;Pelkosenniemi;yleinen_maapohja;1.5
2020;583;Pelkosenniemi;yleinen_rakennus;1.5
2020;584;Perho;muu_asuinrakennus;1.14
2020;584;Perho;rakentamaton_rakennuspaikka;2.25
2020;584;Perho;vakituinen_asuinrakennus;0.66
2020;584;Perho;yleinen_maapohja;1
2020;584;Perho;yleinen_rakennus;1
2020;592;Petäjävesi;muu_asuinrakennus;1.35
2020;592;Petäjävesi;rakentamaton_rakennuspaikka;2
2020;592;Petäjävesi;vakituinen_asuinrakennus;0.6
2020;592;Petäjävesi;yleinen_maapohja;1.3
2020;592;Petäjävesi;yleinen_rakennus;1.3
2020;593;Pieksämäki;muu_asuinrakennus;1.1
2020;593;Pieksämäki;rakentamaton_rakennuspaikka;
2020;593;Pieksämäki;vakituinen_asuinrakennus;0.5
2020;593;Pieksämäki;yleinen_maapohja;1.1
2020;593;Pieksämäki;yleinen_rakennus;1.1
2020;595;Pielavesi;muu_asuinrakennus;1.1
2020;595;Pielavesi;rakentamaton_rakennuspaikka;2.5
2020;595;Pielavesi;vakituinen_asuinrakennus;0.6
2020;595;Pielavesi;yleinen_maapohja;0.93
2020;595;Pielavesi;yleinen_rakennus;0.93
2020;598;Pietarsaari;muu_asuinrakennus;1.15
2020;598;Pietarsaari;rakentamaton_rakennuspaikka;4
2020;598;Pietarsaari;vakituinen_asuinrakennus;0.5
2020;598;Pietarsaari;yleinen_maapohja;1.15
2020;598;Pietarsaari;yleinen_rakennus;1.15
2020;599;Pedersören kunta;muu_asuinrakennus;1.15
2020;599;Pedersören kunta;rakentamaton_rakennuspaikka;
2020;599;Pedersören kunta;vakituinen_asuinrakennus;0.55
2020;599;Pedersören kunta;yleinen_maapohja;0.93
2020;599;Pedersören kunta;yleinen_rakennus;0.93
2020;601;Pihtipudas;muu_asuinrakennus;1.1
2020;601;Pihtipudas;rakentamaton_rakennuspaikka;
2020;601;Pihtipudas;vakituinen_asuinrakennus;0.6
2020;601;Pihtipudas;yleinen_maapohja;0.93
2020;601;Pihtipudas;yleinen_rakennus;0.93
2020;604;Pirkkala;muu_asuinrakennus;1.05
2020;604;Pirkkala;rakentamaton_rakennuspaikka;3
2020;604;Pirkkala;vakituinen_asuinrakennus;0.55
2020;604;Pirkkala;yleinen_maapohja;1.05
2020;604;Pirkkala;yleinen_rakennus;1.05
2020;607;Polvijärvi;muu_asuinrakennus;1
2020;607;Polvijärvi;rakentamaton_rakennuspaikka;
2020;607;Polvijärvi;vakituinen_asuinrakennus;0.5
2020;607;Polvijärvi;yleinen_maapohja;0.93
2020;607;Polvijärvi;yleinen_rakennus;0.93
2020;608;Pomarkku;muu_asuinrakennus;1.2
2020;608;Pomarkku;rakentamaton_rakennuspaikka;
2020;608;Pomarkku;vakituinen_asuinrakennus;0.45
2020;608;Pomarkku;yleinen_maapohja;1.1
2020;608;Pomarkku;yleinen_rakennus;1.1
2020;609;Pori;muu_asuinrakennus;1.1
2020;609;Pori;rakentamaton_rakennuspaikka;6
2020;609;Pori;vakituinen_asuinrakennus;0.5
2020;609;Pori;yleinen_maapohja;0.93
2020;609;Pori;yleinen_rakennus;0.93
2020;611;Pornainen;muu_asuinrakennus;1
2020;611;Pornainen;rakentamaton_rakennuspaikka;4
2020;611;Pornainen;vakituinen_asuinrakennus;0.5
2020;611;Pornainen;yleinen_maapohja;1
2020;611;Pornainen;yleinen_rakennus;1
2020;614;Posio;muu_asuinrakennus;1.1
2020;614;Posio;rakentamaton_rakennuspaikka;
2020;614;Posio;vakituinen_asuinrakennus;0.6
2020;614;Posio;yleinen_maapohja;1
2020;614;Posio;yleinen_rakennus;1
2020;615;Pudasjärvi;muu_asuinrakennus;1.05
2020;615;Pudasjärvi;rakentamaton_rakennuspaikka;3.5
2020;615;Pudasjärvi;vakituinen_asuinrakennus;0.41
2020;615;Pudasjärvi;yleinen_maapohja;0.98
2020;615;Pudasjärvi;yleinen_rakennus;0.98
2020;616;Pukkila;muu_asuinrakennus;1.25
2020;616;Pukkila;rakentamaton_rakennuspaikka;3
2020;616;Pukkila;vakituinen_asuinrakennus;0.65
2020;616;Pukkila;yleinen_maapohja;1.15
2020;616;Pukkila;yleinen_rakennus;1.15
2020;619;Punkalaidun;muu_asuinrakennus;1.05
2020;619;Punkalaidun;rakentamaton_rakennuspaikka;
2020;619;Punkalaidun;vakituinen_asuinrakennus;0.6
2020;619;Punkalaidun;yleinen_maapohja;1.05
2020;619;Punkalaidun;yleinen_rakennus;1.05
2020;620;Puolanka;muu_asuinrakennus;1.1
2020;620;Puolanka;rakentamaton_rakennuspaikka;
2020;620;Puolanka;vakituinen_asuinrakennus;0.55
2020;620;Puolanka;yleinen_maapohja;0.93
2020;620;Puolanka;yleinen_rakennus;0.93
2020;623;Puumala;muu_asuinrakennus;1.08
2020;623;Puumala;rakentamaton_rakennuspaikka;
2020;623;Puumala;vakituinen_asuinrakennus;0.48
2020;623;Puumala;yleinen_maapohja;0.95
2020;623;Puumala;yleinen_rakennus;0.95
2020;624;Pyhtää;muu_asuinrakennus;1.55
2020;624;Pyhtää;rakentamaton_rakennuspaikka;
2020;624;Pyhtää;vakituinen_asuinrakennus;0.62
2020;624;Pyhtää;yleinen_maapohja;1.3
2020;624;Pyhtää;yleinen_rakennus;1.3
2020;625;Pyhäjoki;muu_asuinrakennus;1.3
2020;625;Pyhäjoki;rakentamaton_rakennuspaikka;6
2020;625;Pyhäjoki;vakituinen_asuinrakennus;0.5
2020;625;Pyhäjoki;yleinen_maapohja;1.15
2020;625;Pyhäjoki;yleinen_rakennus;1.15
2020;626;Pyhäjärvi;muu_asuinrakennus;1.4
2020;626;Pyhäjärvi;rakentamaton_rakennuspaikka;6
2020;626;Pyhäjärvi;vakituinen_asuinrakennus;0.5
2020;626;Pyhäjärvi;yleinen_maapohja;1.3
2020;626;Pyhäjärvi;yleinen_rakennus;1.3
2020;630;Pyhäntä;muu_asuinrakennus;1.2
2020;630;Pyhäntä;rakentamaton_rakennuspaikka;2
2020;630;Pyhäntä;vakituinen_asuinrakennus;0.6
2020;630;Pyhäntä;yleinen_maapohja;1.05
2020;630;Pyhäntä;yleinen_rakennus;1.05
2020;631;Pyhäranta;muu_asuinrakennus;1.8
2020;631;Pyhäranta;rakentamaton_rakennuspaikka;4
2020;631;Pyhäranta;vakituinen_asuinrakennus;0.5
2020;631;Pyhäranta;yleinen_maapohja;1.8
2020;631;Pyhäranta;yleinen_rakennus;1.8
2020;635;Pälkäne;muu_asuinrakennus;1.1
2020;635;Pälkäne;rakentamaton_rakennuspaikka;
2020;635;Pälkäne;vakituinen_asuinrakennus;0.48
2020;635;Pälkäne;yleinen_maapohja;1.1
2020;635;Pälkäne;yleinen_rakennus;1.1
2020;636;Pöytyä;muu_asuinrakennus;1.1
2020;636;Pöytyä;rakentamaton_rakennuspaikka;
2020;636;Pöytyä;vakituinen_asuinrakennus;0.5
2020;636;Pöytyä;yleinen_maapohja;1.05
2020;636;Pöytyä;yleinen_rakennus;1.05
2020;638;Porvoo;muu_asuinrakennus;1.3
2020;638;Porvoo;rakentamaton_rakennuspaikka;
2020;638;Porvoo;vakituinen_asuinrakennus;0.5
2020;638;Porvoo;yleinen_maapohja;1.3
2020;638;Porvoo;yleinen_rakennus;1.3
2020;678;Raahe;muu_asuinrakennus;1
2020;678;Raahe;rakentamaton_rakennuspaikka;3
2020;678;Raahe;vakituinen_asuinrakennus;0.5
2020;678;Raahe;yleinen_maapohja;1
2020;678;Raahe;yleinen_rakennus;1
2020;680;Raisio;muu_asuinrakennus;0.93
2020;680;Raisio;rakentamaton_rakennuspaikka;3
2020;680;Raisio;vakituinen_asuinrakennus;0.45
2020;680;Raisio;yleinen_maapohja;1.25
2020;680;Raisio;yleinen_rakennus;1.25
2020;681;Rantasalmi;muu_asuinrakennus;1.1
2020;681;Rantasalmi;rakentamaton_rakennuspaikka;2
2020;681;Rantasalmi;vakituinen_asuinrakennus;0.55
2020;681;Rantasalmi;yleinen_maapohja;1.1
2020;681;Rantasalmi;yleinen_rakennus;1.1
2020;683;Ranua;muu_asuinrakennus;1.15
2020;683;Ranua;rakentamaton_rakennuspaikka;
2020;683;Ranua;vakituinen_asuinrakennus;0.5
2020;683;Ranua;yleinen_maapohja;1.1
2020;683;Ranua;yleinen_rakennus;1.1
2020;684;Rauma;muu_asuinrakennus;0.93
2020;684;Rauma;rakentamaton_rakennuspaikka;5
2020;684;Rauma;vakituinen_asuinrakennus;0.41
2020;684;Rauma;yleinen_maapohja;0.93
2020;684;Rauma;yleinen_rakennus;0.93
2020;686;Rautalampi;muu_asuinrakennus;1.3
2020;686;Rautalampi;rakentamaton_rakennuspaikka;
2020;686;Rautalampi;vakituinen_asuinrakennus;0.7
2020;686;Rautalampi;yleinen_maapohja;1
2020;686;Rautalampi;yleinen_rakennus;1
2020;687;Rautavaara;muu_asuinrakennus;1.25
2020;687;Rautavaara;rakentamaton_rakennuspaikka;2
2020;687;Rautavaara;vakituinen_asuinrakennus;0.65
2020;687;Rautavaara;yleinen_maapohja;1.23
2020;687;Rautavaara;yleinen_rakennus;1.23
2020;689;Rautjärvi;muu_asuinrakennus;1.09
2020;689;Rautjärvi;rakentamaton_rakennuspaikka;
2020;689;Rautjärvi;vakituinen_asuinrakennus;0.49
2020;689;Rautjärvi;yleinen_maapohja;0.93
2020;689;Rautjärvi;yleinen_rakennus;0.93
2020;691;Reisjärvi;muu_asuinrakennus;1.5
2020;691;Reisjärvi;rakentamaton_rakennuspaikka;5
2020;691;Reisjärvi;vakituinen_asuinrakennus;0.7
2020;691;Reisjärvi;yleinen_maapohja;1.2
2020;691;Reisjärvi;yleinen_rakennus;1.2
2020;694;Riihimäki;muu_asuinrakennus;0.93
2020;694;Riihimäki;rakentamaton_rakennuspaikka;6
2020;694;Riihimäki;vakituinen_asuinrakennus;0.5
2020;694;Riihimäki;yleinen_maapohja;1.45
2020;694;Riihimäki;yleinen_rakennus;1.45
2020;697;Ristijärvi;muu_asuinrakennus;1.55
2020;697;Ristijärvi;rakentamaton_rakennuspaikka;
2020;697;Ristijärvi;vakituinen_asuinrakennus;0.55
2020;697;Ristijärvi;yleinen_maapohja;1.1
2020;697;Ristijärvi;yleinen_rakennus;1.1
2020;698;Rovaniemi;muu_asuinrakennus;1.2
2020;698;Rovaniemi;rakentamaton_rakennuspaikka;4
2020;698;Rovaniemi;vakituinen_asuinrakennus;0.6
2020;698;Rovaniemi;yleinen_maapohja;1.55
2020;698;Rovaniemi;yleinen_rakennus;1.55
2020;700;Ruokolahti;muu_asuinrakennus;1.1
2020;700;Ruokolahti;rakentamaton_rakennuspaikka;
2020;700;Ruokolahti;vakituinen_asuinrakennus;0.5
2020;700;Ruokolahti;yleinen_maapohja;0.93
2020;700;Ruokolahti;yleinen_rakennus;0.93
2020;702;Ruovesi;muu_asuinrakennus;1.3
2020;702;Ruovesi;rakentamaton_rakennuspaikka;
2020;702;Ruovesi;vakituinen_asuinrakennus;0.6
2020;702;Ruovesi;yleinen_maapohja;1.15
2020;702;Ruovesi;yleinen_rakennus;1.15
2020;704;Rusko;muu_asuinrakennus;1.02
2020;704;Rusko;rakentamaton_rakennuspaikka;
2020;704;Rusko;vakituinen_asuinrakennus;0.42
2020;704;Rusko;yleinen_maapohja;0.95
2020;704;Rusko;yleinen_rakennus;0.95
2020;707;Rääkkylä;muu_asuinrakennus;1.05
2020;707;Rääkkylä;rakentamaton_rakennuspaikka;
2020;707;Rääkkylä;vakituinen_asuinrakennus;0.55
2020;707;Rääkkylä;yleinen_maapohja;1
2020;707;Rääkkylä;yleinen_rakennus;1
2020;710;Raasepori;muu_asuinrakennus;1.8
2020;710;Raasepori;rakentamaton_rakennuspaikka;
2020;710;Raasepori;vakituinen_asuinrakennus;0.41
2020;710;Raasepori;yleinen_maapohja;1.35
2020;710;Raasepori;yleinen_rakennus;1.35
2020;729;Saarijärvi;muu_asuinrakennus;1.36
2020;729;Saarijärvi;rakentamaton_rakennuspaikka;2.4
2020;729;Saarijärvi;vakituinen_asuinrakennus;0.49
2020;729;Saarijärvi;yleinen_maapohja;1.04
2020;729;Saarijärvi;yleinen_rakennus;1.04
2020;732;Salla;muu_asuinrakennus;1.45
2020;732;Salla;rakentamaton_rakennuspaikka;
2020;732;Salla;vakituinen_asuinrakennus;0.55
2020;732;Salla;yleinen_maapohja;1.25
2020;732;Salla;yleinen_rakennus;1.25
2020;734;Salo;muu_asuinrakennus;1.3
2020;734;Salo;rakentamaton_rakennuspaikka;3
2020;734;Salo;vakituinen_asuinrakennus;0.55
2020;734;Salo;yleinen_maapohja;0.93
2020;734;Salo;yleinen_rakennus;0.93
2020;736;Saltvik;muu_asuinrakennus;0.9
2020;736;Saltvik;rakentamaton_rakennuspaikka;0
2020;736;Saltvik;vakituinen_asuinrakennus;0
2020;736;Saltvik;yleinen_maapohja;0
2020;736;Saltvik;yleinen_rakennus;0
2020;738;Sauvo;muu_asuinrakennus;1.4
2020;738;Sauvo;rakentamaton_rakennuspaikka;
2020;738;Sauvo;vakituinen_asuinrakennus;0.6
2020;738;Sauvo;yleinen_maapohja;1.2
2020;738;Sauvo;yleinen_rakennus;1.2
2020;739;Savitaipale;muu_asuinrakennus;1.1
2020;739;Savitaipale;rakentamaton_rakennuspaikka;
2020;739;Savitaipale;vakituinen_asuinrakennus;0.5
2020;739;Savitaipale;yleinen_maapohja;0.93
2020;739;Savitaipale;yleinen_rakennus;0.93
2020;740;Savonlinna;muu_asuinrakennus;1.55
2020;740;Savonlinna;rakentamaton_rakennuspaikka;2
2020;740;Savonlinna;vakituinen_asuinrakennus;0.59
2020;740;Savonlinna;yleinen_maapohja;1.43
2020;740;Savonlinna;yleinen_rakennus;1.43
2020;742;Savukoski;muu_asuinrakennus;1.2
2020;742;Savukoski;rakentamaton_rakennuspaikka;4
2020;742;Savukoski;vakituinen_asuinrakennus;0.6
2020;742;Savukoski;yleinen_maapohja;1.2
2020;742;Savukoski;yleinen_rakennus;1.2
2020;743;Seinäjoki;muu_asuinrakennus;1.65
2020;743;Seinäjoki;rakentamaton_rakennuspaikka;6
2020;743;Seinäjoki;vakituinen_asuinrakennus;0.6
2020;743;Seinäjoki;yleinen_maapohja;1.45
2020;743;Seinäjoki;yleinen_rakennus;1.45
2020;746;Sievi;muu_asuinrakennus;1.3
2020;746;Sievi;rakentamaton_rakennuspaikka;
2020;746;Sievi;vakituinen_asuinrakennus;0.7
2020;746;Sievi;yleinen_maapohja;0.93
2020;746;Sievi;yleinen_rakennus;0.93
2020;747;Siikainen;muu_asuinrakennus;1.3
2020;747;Siikainen;rakentamaton_rakennuspaikka;
2020;747;Siikainen;vakituinen_asuinrakennus;0.5
2020;747;Siikainen;yleinen_maapohja;1.1
2020;747;Siikainen;yleinen_rakennus;1.1
2020;748;Siikajoki;muu_asuinrakennus;1.1
2020;748;Siikajoki;rakentamaton_rakennuspaikka;3
2020;748;Siikajoki;vakituinen_asuinrakennus;0.55
2020;748;Siikajoki;yleinen_maapohja;1.05
2020;748;Siikajoki;yleinen_rakennus;1.05
2020;749;Siilinjärvi;muu_asuinrakennus;1
2020;749;Siilinjärvi;rakentamaton_rakennuspaikka;3
2020;749;Siilinjärvi;vakituinen_asuinrakennus;0.65
2020;749;Siilinjärvi;yleinen_maapohja;1.25
2020;749;Siilinjärvi;yleinen_rakennus;1.25
2020;751;Simo;muu_asuinrakennus;1.3
2020;751;Simo;rakentamaton_rakennuspaikka;
2020;751;Simo;vakituinen_asuinrakennus;0.55
2020;751;Simo;yleinen_maapohja;1.4
2020;751;Simo;yleinen_rakennus;1.4
2020;753;Sipoo;muu_asuinrakennus;1.1
2020;753;Sipoo;rakentamaton_rakennuspaikka;6
2020;753;Sipoo;vakituinen_asuinrakennus;0.5
2020;753;Sipoo;yleinen_maapohja;1
2020;753;Sipoo;yleinen_rakennus;1
2020;755;Siuntio;muu_asuinrakennus;1.2
2020;755;Siuntio;rakentamaton_rakennuspaikka;3
2020;755;Siuntio;vakituinen_asuinrakennus;0.5
2020;755;Siuntio;yleinen_maapohja;1.2
2020;755;Siuntio;yleinen_rakennus;1.2
2020;758;Sodankylä;muu_asuinrakennus;1.15
2020;758;Sodankylä;rakentamaton_rakennuspaikka;6
2020;758;Sodankylä;vakituinen_asuinrakennus;0.45
2020;758;Sodankylä;yleinen_maapohja;1.4
2020;758;Sodankylä;yleinen_rakennus;1.4
2020;759;Soini;muu_asuinrakennus;1.35
2020;759;Soini;rakentamaton_rakennuspaikka;
2020;759;Soini;vakituinen_asuinrakennus;0.6
2020;759;Soini;yleinen_maapohja;1.1
2020;759;Soini;yleinen_rakennus;1.1
2020;761;Somero;muu_asuinrakennus;0.93
2020;761;Somero;rakentamaton_rakennuspaikka;
2020;761;Somero;vakituinen_asuinrakennus;0.41
2020;761;Somero;yleinen_maapohja;0.93
2020;761;Somero;yleinen_rakennus;0.93
2020;762;Sonkajärvi;muu_asuinrakennus;1.25
2020;762;Sonkajärvi;rakentamaton_rakennuspaikka;
2020;762;Sonkajärvi;vakituinen_asuinrakennus;0.55
2020;762;Sonkajärvi;yleinen_maapohja;1.25
2020;762;Sonkajärvi;yleinen_rakennus;1.25
2020;765;Sotkamo;muu_asuinrakennus;1.2
2020;765;Sotkamo;rakentamaton_rakennuspaikka;3
2020;765;Sotkamo;vakituinen_asuinrakennus;0.6
2020;765;Sotkamo;yleinen_maapohja;1.1
2020;765;Sotkamo;yleinen_rakennus;1.1
2020;766;Sottunga;muu_asuinrakennus;0.9
2020;766;Sottunga;rakentamaton_rakennuspaikka;
2020;766;Sottunga;vakituinen_asuinrakennus;0.5
2020;766;Sottunga;yleinen_maapohja;0
2020;766;Sottunga;yleinen_rakennus;0
2020;768;Sulkava;muu_asuinrakennus;1.05
2020;768;Sulkava;rakentamaton_rakennuspaikka;
2020;768;Sulkava;vakituinen_asuinrakennus;0.45
2020;768;Sulkava;yleinen_maapohja;0.93
2020;768;Sulkava;yleinen_rakennus;0.93
2020;771;Sund;muu_asuinrakennus;0.9
2020;771;Sund;rakentamaton_rakennuspaikka;0.2
2020;771;Sund;vakituinen_asuinrakennus;0
2020;771;Sund;yleinen_maapohja;0.5
2020;771;Sund;yleinen_rakennus;0.5
2020;777;Suomussalmi;muu_asuinrakennus;1.1
2020;777;Suomussalmi;rakentamaton_rakennuspaikka;3.1
2020;777;Suomussalmi;vakituinen_asuinrakennus;0.55
2020;777;Suomussalmi;yleinen_maapohja;1.05
2020;777;Suomussalmi;yleinen_rakennus;1.05
2020;778;Suonenjoki;muu_asuinrakennus;1.25
2020;778;Suonenjoki;rakentamaton_rakennuspaikka;
2020;778;Suonenjoki;vakituinen_asuinrakennus;0.7
2020;778;Suonenjoki;yleinen_maapohja;1.05
2020;778;Suonenjoki;yleinen_rakennus;1.05
2020;781;Sysmä;muu_asuinrakennus;1
2020;781;Sysmä;rakentamaton_rakennuspaikka;
2020;781;Sysmä;vakituinen_asuinrakennus;0.5
2020;781;Sysmä;yleinen_maapohja;0.95
2020;781;Sysmä;yleinen_rakennus;0.95
2020;783;Säkylä;muu_asuinrakennus;1.1
2020;783;Säkylä;rakentamaton_rakennuspaikka;
2020;783;Säkylä;vakituinen_asuinrakennus;0.49
2020;783;Säkylä;yleinen_maapohja;1
2020;783;Säkylä;yleinen_rakennus;1
2020;785;Vaala;muu_asuinrakennus;1.15
2020;785;Vaala;rakentamaton_rakennuspaikka;
2020;785;Vaala;vakituinen_asuinrakennus;0.59
2020;785;Vaala;yleinen_maapohja;1.1
2020;785;Vaala;yleinen_rakennus;1.1
2020;790;Sastamala;muu_asuinrakennus;0.98
2020;790;Sastamala;rakentamaton_rakennuspaikka;2
2020;790;Sastamala;vakituinen_asuinrakennus;0.45
2020;790;Sastamala;yleinen_maapohja;0.93
2020;790;Sastamala;yleinen_rakennus;0.93
2020;791;Siikalatva;muu_asuinrakennus;1.25
2020;791;Siikalatva;rakentamaton_rakennuspaikka;4
2020;791;Siikalatva;vakituinen_asuinrakennus;0.65
2020;791;Siikalatva;yleinen_maapohja;0.95
2020;791;Siikalatva;yleinen_rakennus;0.95
2020;831;Taipalsaari;muu_asuinrakennus;1.3
2020;831;Taipalsaari;rakentamaton_rakennuspaikka;3.5
2020;831;Taipalsaari;vakituinen_asuinrakennus;0.55
2020;831;Taipalsaari;yleinen_maapohja;1.4
2020;831;Taipalsaari;yleinen_rakennus;1.4
2020;832;Taivalkoski;muu_asuinrakennus;1.03
2020;832;Taivalkoski;rakentamaton_rakennuspaikka;2
2020;832;Taivalkoski;vakituinen_asuinrakennus;0.45
2020;832;Taivalkoski;yleinen_maapohja;1.03
2020;832;Taivalkoski;yleinen_rakennus;1.03
2020;833;Taivassalo;muu_asuinrakennus;1.35
2020;833;Taivassalo;rakentamaton_rakennuspaikka;
2020;833;Taivassalo;vakituinen_asuinrakennus;0.65
2020;833;Taivassalo;yleinen_maapohja;1.15
2020;833;Taivassalo;yleinen_rakennus;1.15
2020;834;Tammela;muu_asuinrakennus;0.93
2020;834;Tammela;rakentamaton_rakennuspaikka;3
2020;834;Tammela;vakituinen_asuinrakennus;0.42
2020;834;Tammela;yleinen_maapohja;0.93
2020;834;Tammela;yleinen_rakennus;0.93
2020;837;Tampere;muu_asuinrakennus;1.1
2020;837;Tampere;rakentamaton_rakennuspaikka;5
2020;837;Tampere;vakituinen_asuinrakennus;0.65
2020;837;Tampere;yleinen_maapohja;1.25
2020;837;Tampere;yleinen_rakennus;1.25
2020;844;Tervo;muu_asuinrakennus;1.2
2020;844;Tervo;rakentamaton_rakennuspaikka;2
2020;844;Tervo;vakituinen_asuinrakennus;0.6
2020;844;Tervo;yleinen_maapohja;1.15
2020;844;Tervo;yleinen_rakennus;1.15
2020;845;Tervola;muu_asuinrakennus;1
2020;845;Tervola;rakentamaton_rakennuspaikka;
2020;845;Tervola;vakituinen_asuinrakennus;0.5
2020;845;Tervola;yleinen_maapohja;0.95
2020;845;Tervola;yleinen_rakennus;0.95
2020;846;Teuva;muu_asuinrakennus;1.3
2020;846;Teuva;rakentamaton_rakennuspaikka;
2020;846;Teuva;vakituinen_asuinrakennus;0.6
2020;846;Teuva;yleinen_maapohja;1.05
2020;846;Teuva;yleinen_rakennus;1.05
2020;848;Tohmajärvi;muu_asuinrakennus;1.15
2020;848;Tohmajärvi;rakentamaton_rakennuspaikka;2
2020;848;Tohmajärvi;vakituinen_asuinrakennus;0.55
2020;848;Tohmajärvi;yleinen_maapohja;1.1
2020;848;Tohmajärvi;yleinen_rakennus;1.1
2020;849;Toholampi;muu_asuinrakennus;1.1
2020;849;Toholampi;rakentamaton_rakennuspaikka;2.9
2020;849;Toholampi;vakituinen_asuinrakennus;0.65
2020;849;Toholampi;yleinen_maapohja;1
2020;849;Toholampi;yleinen_rakennus;1
2020;850;Toivakka;muu_asuinrakennus;1.55
2020;850;Toivakka;rakentamaton_rakennuspaikka;3
2020;850;Toivakka;vakituinen_asuinrakennus;0.45
2020;850;Toivakka;yleinen_maapohja;1.1
2020;850;Toivakka;yleinen_rakennus;1.1
2020;851;Tornio;muu_asuinrakennus;1
2020;851;Tornio;rakentamaton_rakennuspaikka;3
2020;851;Tornio;vakituinen_asuinrakennus;0.5
2020;851;Tornio;yleinen_maapohja;1.12
2020;851;Tornio;yleinen_rakennus;1.12
2020;853;Turku;muu_asuinrakennus;0.93
2020;853;Turku;rakentamaton_rakennuspaikka;4
2020;853;Turku;vakituinen_asuinrakennus;0.41
2020;853;Turku;yleinen_maapohja;1
2020;853;Turku;yleinen_rakennus;1
2020;854;Pello;muu_asuinrakennus;1.2
2020;854;Pello;rakentamaton_rakennuspaikka;2
2020;854;Pello;vakituinen_asuinrakennus;0.41
2020;854;Pello;yleinen_maapohja;1.25
2020;854;Pello;yleinen_rakennus;1.25
2020;857;Tuusniemi;muu_asuinrakennus;1.25
2020;857;Tuusniemi;rakentamaton_rakennuspaikka;
2020;857;Tuusniemi;vakituinen_asuinrakennus;0.65
2020;857;Tuusniemi;yleinen_maapohja;1.15
2020;857;Tuusniemi;yleinen_rakennus;1.15
2020;858;Tuusula;muu_asuinrakennus;0.93
2020;858;Tuusula;rakentamaton_rakennuspaikka;6
2020;858;Tuusula;vakituinen_asuinrakennus;0.41
2020;858;Tuusula;yleinen_maapohja;0.93
2020;858;Tuusula;yleinen_rakennus;0.93
2020;859;Tyrnävä;muu_asuinrakennus;1.12
2020;859;Tyrnävä;rakentamaton_rakennuspaikka;4
2020;859;Tyrnävä;vakituinen_asuinrakennus;0.54
2020;859;Tyrnävä;yleinen_maapohja;1.12
2020;859;Tyrnävä;yleinen_rakennus;1.12
2020;886;Ulvila;muu_asuinrakennus;1.1
2020;886;Ulvila;rakentamaton_rakennuspaikka;3
2020;886;Ulvila;vakituinen_asuinrakennus;0.55
2020;886;Ulvila;yleinen_maapohja;1.1
2020;886;Ulvila;yleinen_rakennus;1.1
2020;887;Urjala;muu_asuinrakennus;1.25
2020;887;Urjala;rakentamaton_rakennuspaikka;
2020;887;Urjala;vakituinen_asuinrakennus;0.65
2020;887;Urjala;yleinen_maapohja;1.2
2020;887;Urjala;yleinen_rakennus;1.2
2020;889;Utajärvi;muu_asuinrakennus;1.25
2020;889;Utajärvi;rakentamaton_rakennuspaikka;6
2020;889;Utajärvi;vakituinen_asuinrakennus;0.45
2020;889;Utajärvi;yleinen_maapohja;1.1
2020;889;Utajärvi;yleinen_rakennus;1.1
2020;890;Utsjoki;muu_asuinrakennus;1.6
2020;890;Utsjoki;rakentamaton_rakennuspaikka;2
2020;890;Utsjoki;vakituinen_asuinrakennus;0.65
2020;890;Utsjoki;yleinen_maapohja;1.25
2020;890;Utsjoki;yleinen_rakennus;1.25
2020;892;Uurainen;muu_asuinrakennus;1.2
2020;892;Uurainen;rakentamaton_rakennuspaikka;3
2020;892;Uurainen;vakituinen_asuinrakennus;0.48
2020;892;Uurainen;yleinen_maapohja;1.05
2020;892;Uurainen;yleinen_rakennus;1.05
2020;893;Uusikaarlepyy;muu_asuinrakennus;1.3
2020;893;Uusikaarlepyy;rakentamaton_rakennuspaikka;4
2020;893;Uusikaarlepyy;vakituinen_asuinrakennus;0.5
2020;893;Uusikaarlepyy;yleinen_maapohja;1
2020;893;Uusikaarlepyy;yleinen_rakennus;1
2020;895;Uusikaupunki;muu_asuinrakennus;1.12
2020;895;Uusikaupunki;rakentamaton_rakennuspaikka;
2020;895;Uusikaupunki;vakituinen_asuinrakennus;0.45
2020;895;Uusikaupunki;yleinen_maapohja;1.03
2020;895;Uusikaupunki;yleinen_rakennus;1.03
2020;905;Vaasa;muu_asuinrakennus;1.1
2020;905;Vaasa;rakentamaton_rakennuspaikka;4
2020;905;Vaasa;vakituinen_asuinrakennus;0.55
2020;905;Vaasa;yleinen_maapohja;1.25
2020;905;Vaasa;yleinen_rakennus;1.25
2020;908;Valkeakoski;muu_asuinrakennus;1.1
2020;908;Valkeakoski;rakentamaton_rakennuspaikka;
2020;908;Valkeakoski;vakituinen_asuinrakennus;0.5
2020;908;Valkeakoski;yleinen_maapohja;1.3
2020;908;Valkeakoski;yleinen_rakennus;1.3
2020;915;Varkaus;muu_asuinrakennus;1
2020;915;Varkaus;rakentamaton_rakennuspaikka;
2020;915;Varkaus;vakituinen_asuinrakennus;0.5
2020;915;Varkaus;yleinen_maapohja;1.45
2020;915;Varkaus;yleinen_rakennus;1.45
2020;918;Vehmaa;muu_asuinrakennus;1.7
2020;918;Vehmaa;rakentamaton_rakennuspaikka;
2020;918;Vehmaa;vakituinen_asuinrakennus;0.5
2020;918;Vehmaa;yleinen_maapohja;1
2020;918;Vehmaa;yleinen_rakennus;1
2020;921;Vesanto;muu_asuinrakennus;1.5
2020;921;Vesanto;rakentamaton_rakennuspaikka;
2020;921;Vesanto;vakituinen_asuinrakennus;0.8
2020;921;Vesanto;yleinen_maapohja;1.25
2020;921;Vesanto;yleinen_rakennus;1.25
2020;922;Vesilahti;muu_asuinrakennus;1.4
2020;922;Vesilahti;rakentamaton_rakennuspaikka;2
2020;922;Vesilahti;vakituinen_asuinrakennus;0.55
2020;922;Vesilahti;yleinen_maapohja;1.25
2020;922;Vesilahti;yleinen_rakennus;1.25
2020;924;Veteli;muu_asuinrakennus;1.05
2020;924;Veteli;rakentamaton_rakennuspaikka;3
2020;924;Veteli;vakituinen_asuinrakennus;0.6
2020;924;Veteli;yleinen_maapohja;0.95
2020;924;Veteli;yleinen_rakennus;0.95
2020;925;Vieremä;muu_asuinrakennus;1
2020;925;Vieremä;rakentamaton_rakennuspaikka;
2020;925;Vieremä;vakituinen_asuinrakennus;0.45
2020;925;Vieremä;yleinen_maapohja;0.93
2020;925;Vieremä;yleinen_rakennus;0.93
2020;927;Vihti;muu_asuinrakennus;1
2020;927;Vihti;rakentamaton_rakennuspaikka;4
2020;927;Vihti;vakituinen_asuinrakennus;0.45
2020;927;Vihti;yleinen_maapohja;0.95
2020;927;Vihti;yleinen_rakennus;0.95
2020;931;Viitasaari;muu_asuinrakennus;1.1
2020;931;Viitasaari;rakentamaton_rakennuspaikka;
2020;931;Viitasaari;vakituinen_asuinrakennus;0.5
2020;931;Viitasaari;yleinen_maapohja;0.93
2020;931;Viitasaari;yleinen_rakennus;0.93
2020;934;Vimpeli;muu_asuinrakennus;1.3
2020;934;Vimpeli;rakentamaton_rakennuspaikka;3
2020;934;Vimpeli;vakituinen_asuinrakennus;0.65
2020;934;Vimpeli;yleinen_maapohja;1.1
2020;934;Vimpeli;yleinen_rakennus;1.1
2020;935;Virolahti;muu_asuinrakennus;1.15
2020;935;Virolahti;rakentamaton_rakennuspaikka;
2020;935;Virolahti;vakituinen_asuinrakennus;0.5
2020;935;Virolahti;yleinen_maapohja;1.25
2020;935;Virolahti;yleinen_rakennus;1.25
2020;936;Virrat;muu_asuinrakennus;1
2020;936;Virrat;rakentamaton_rakennuspaikka;
2020;936;Virrat;vakituinen_asuinrakennus;0.45
2020;936;Virrat;yleinen_maapohja;0.93
2020;936;Virrat;yleinen_rakennus;0.93
2020;941;Vårdö;muu_asuinrakennus;0.9
2020;941;Vårdö;rakentamaton_rakennuspaikka;0
2020;941;Vårdö;vakituinen_asuinrakennus;0
2020;941;Vårdö;yleinen_maapohja;0.1
2020;941;Vårdö;yleinen_rakennus;0.1
2020;946;Vöyri;muu_asuinrakennus;1.25
2020;946;Vöyri;rakentamaton_rakennuspaikka;
2020;946;Vöyri;vakituinen_asuinrakennus;0.5
2020;946;Vöyri;yleinen_maapohja;1
2020;946;Vöyri;yleinen_rakennus;1
2020;976;Ylitornio;muu_asuinrakennus;1.3
2020;976;Ylitornio;rakentamaton_rakennuspaikka;2
2020;976;Ylitornio;vakituinen_asuinrakennus;0.5
2020;976;Ylitornio;yleinen_maapohja;1.1
2020;976;Ylitornio;yleinen_rakennus;1.1
2020;977;Ylivieska;muu_asuinrakennus;1.15
2020;977;Ylivieska;rakentamaton_rakennuspaikka;3
2020;977;Ylivieska;vakituinen_asuinrakennus;0.7
2020;977;Ylivieska;yleinen_maapohja;1.3
2020;977;Ylivieska;yleinen_rakennus;1.3
2020;980;Ylöjärvi;muu_asuinrakennus;1
2020;980;Ylöjärvi;rakentamaton_rakennuspaikka;3
2020;980;Ylöjärvi;vakituinen_asuinrakennus;0.43
2020;980;Ylöjärvi;yleinen_maapohja;0.93
2020;980;Ylöjärvi;yleinen_rakennus;0.93
2020;981;Ypäjä;muu_asuinrakennus;1.5
2020;981;Ypäjä;rakentamaton_rakennuspaikka;3
2020;981;Ypäjä;vakituinen_asuinrakennus;0.6
2020;981;Ypäjä;yleinen_maapohja;1
2020;981;Ypäjä;yleinen_rakennus;1
2020;989;Ähtäri;muu_asuinrakennus;1.3
2020;989;Ähtäri;rakentamaton_rakennuspaikka;
2020;989;Ähtäri;vakituinen_asuinrakennus;0.5
2020;989;Ähtäri;yleinen_maapohja;1.3
2020;989;Ähtäri;yleinen_rakennus;1.3
2020;992;Äänekoski;muu_asuinrakennus;1.1
2020;992;Äänekoski;rakentamaton_rakennuspaikka;
2020;992;Äänekoski;vakituinen_asuinrakennus;0.5
2020;992;Äänekoski;yleinen_maapohja;1.1
2020;992;Äänekoski;yleinen_rakennus;1.1
2021;005;Alajärvi;muu_asuinrakennus;1.5
2021;005;Alajärvi;rakentamaton_rakennuspaikka;3
2021;005;Alajärvi;vakituinen_asuinrakennus;0.5
2021;005;Alajärvi;yleinen_maapohja;0.93
2021;005;Alajärvi;yleinen_rakennus;0.93
2021;009;Alavieska;muu_asuinrakennus;1.03
2021;009;Alavieska;rakentamaton_rakennuspaikka;
2021;009;Alavieska;vakituinen_asuinrakennus;0.55
2021;009;Alavieska;yleinen_maapohja;1.03
2021;009;Alavieska;yleinen_rakennus;1.03
2021;010;Alavus;muu_asuinrakennus;1.1
2021;010;Alavus;rakentamaton_rakennuspaikka;
2021;010;Alavus;vakituinen_asuinrakennus;0.41
2021;010;Alavus;yleinen_maapohja;0.95
2021;010;Alavus;yleinen_rakennus;0.95
2021;016;Asikkala;muu_asuinrakennus;1.25
2021;016;Asikkala;rakentamaton_rakennuspaikka;3
2021;016;Asikkala;vakituinen_asuinrakennus;0.45
2021;016;Asikkala;yleinen_maapohja;0.93
2021;016;Asikkala;yleinen_rakennus;0.93
2021;018;Askola;muu_asuinrakennus;1.5
2021;018;Askola;rakentamaton_rakennuspaikka;5
2021;018;Askola;vakituinen_asuinrakennus;0.7
2021;018;Askola;yleinen_maapohja;1.1
2021;018;Askola;yleinen_rakennus;1.1
2021;019;Aura;muu_asuinrakennus;1.2
2021;019;Aura;rakentamaton_rakennuspaikka;
2021;019;Aura;vakituinen_asuinrakennus;0.6
2021;019;Aura;yleinen_maapohja;1.2
2021;019;Aura;yleinen_rakennus;1.2
2021;020;Akaa;muu_asuinrakennus;1.25
2021;020;Akaa;rakentamaton_rakennuspaikka;6
2021;020;Akaa;vakituinen_asuinrakennus;0.65
2021;020;Akaa;yleinen_maapohja;1.1
2021;020;Akaa;yleinen_rakennus;1.1
2021;035;Brändö;muu_asuinrakennus;0.9
2021;035;Brändö;rakentamaton_rakennuspaikka;
2021;035;Brändö;vakituinen_asuinrakennus;0
2021;035;Brändö;yleinen_maapohja;0
2021;035;Brändö;yleinen_rakennus;0
2021;043;Eckerö;muu_asuinrakennus;0.9
2021;043;Eckerö;rakentamaton_rakennuspaikka;
2021;043;Eckerö;vakituinen_asuinrakennus;0
2021;043;Eckerö;yleinen_maapohja;0.7
2021;043;Eckerö;yleinen_rakennus;0.7
2021;046;Enonkoski;muu_asuinrakennus;1.3
2021;046;Enonkoski;rakentamaton_rakennuspaikka;2
2021;046;Enonkoski;vakituinen_asuinrakennus;0.7
2021;046;Enonkoski;yleinen_maapohja;1
2021;046;Enonkoski;yleinen_rakennus;1
2021;047;Enontekiö;muu_asuinrakennus;1.15
2021;047;Enontekiö;rakentamaton_rakennuspaikka;3
2021;047;Enontekiö;vakituinen_asuinrakennus;0.55
2021;047;Enontekiö;yleinen_maapohja;1.05
2021;047;Enontekiö;yleinen_rakennus;1.05
2021;049;Espoo;muu_asuinrakennus;1
2021;049;Espoo;rakentamaton_rakennuspaikka;4.43
2021;049;Espoo;vakituinen_asuinrakennus;0.41
2021;049;Espoo;yleinen_maapohja;1
2021;049;Espoo;yleinen_rakennus;1
2021;050;Eura;muu_asuinrakennus;1.1
2021;050;Eura;rakentamaton_rakennuspaikka;3
2021;050;Eura;vakituinen_asuinrakennus;0.6
2021;050;Eura;yleinen_maapohja;1.1
2021;050;Eura;yleinen_rakennus;1.1
2021;051;Eurajoki;muu_asuinrakennus;1.5
2021;051;Eurajoki;rakentamaton_rakennuspaikka;
2021;051;Eurajoki;vakituinen_asuinrakennus;0.5
2021;051;Eurajoki;yleinen_maapohja;1.2
2021;051;Eurajoki;yleinen_rakennus;1.2
2021;052;Evijärvi;muu_asuinrakennus;1.15
2021;052;Evijärvi;rakentamaton_rakennuspaikka;
2021;052;Evijärvi;vakituinen_asuinrakennus;0.65
2021;052;Evijärvi;yleinen_maapohja;1
2021;052;Evijärvi;yleinen_rakennus;1
2021;060;Finström;muu_asuinrakennus;0.9
2021;060;Finström;rakentamaton_rakennuspaikka;3
2021;060;Finström;vakituinen_asuinrakennus;0
2021;060;Finström;yleinen_maapohja;0.5
2021;060;Finström;yleinen_rakennus;0.5
2021;061;Forssa;muu_asuinrakennus;1.41
2021;061;Forssa;rakentamaton_rakennuspaikka;
2021;061;Forssa;vakituinen_asuinrakennus;0.41
2021;061;Forssa;yleinen_maapohja;1.4
2021;061;Forssa;yleinen_rakennus;1.4
2021;062;Föglö;muu_asuinrakennus;0.9
2021;062;Föglö;rakentamaton_rakennuspaikka;0.5
2021;062;Föglö;vakituinen_asuinrakennus;0
2021;062;Föglö;yleinen_maapohja;0.9
2021;062;Föglö;yleinen_rakennus;0.9
2021;065;Geta;muu_asuinrakennus;0.9
2021;065;Geta;rakentamaton_rakennuspaikka;
2021;065;Geta;vakituinen_asuinrakennus;0
2021;065;Geta;yleinen_maapohja;0.6
2021;065;Geta;yleinen_rakennus;0.6
2021;069;Haapajärvi;muu_asuinrakennus;1.35
2021;069;Haapajärvi;rakentamaton_rakennuspaikka;5
2021;069;Haapajärvi;vakituinen_asuinrakennus;0.75
2021;069;Haapajärvi;yleinen_maapohja;1.35
2021;069;Haapajärvi;yleinen_rakennus;1.35
2021;071;Haapavesi;muu_asuinrakennus;1.3
2021;071;Haapavesi;rakentamaton_rakennuspaikka;3
2021;071;Haapavesi;vakituinen_asuinrakennus;0.6
2021;071;Haapavesi;yleinen_maapohja;1.05
2021;071;Haapavesi;yleinen_rakennus;1.05
2021;072;Hailuoto;muu_asuinrakennus;1.51
2021;072;Hailuoto;rakentamaton_rakennuspaikka;3
2021;072;Hailuoto;vakituinen_asuinrakennus;0.51
2021;072;Hailuoto;yleinen_maapohja;0.95
2021;072;Hailuoto;yleinen_rakennus;0.95
2021;074;Halsua;muu_asuinrakennus;1.6
2021;074;Halsua;rakentamaton_rakennuspaikka;
2021;074;Halsua;vakituinen_asuinrakennus;0.6
2021;074;Halsua;yleinen_maapohja;1.3
2021;074;Halsua;yleinen_rakennus;1.3
2021;075;Hamina;muu_asuinrakennus;1.15
2021;075;Hamina;rakentamaton_rakennuspaikka;
2021;075;Hamina;vakituinen_asuinrakennus;0.55
2021;075;Hamina;yleinen_maapohja;1.25
2021;075;Hamina;yleinen_rakennus;1.25
2021;076;Hammarland;muu_asuinrakennus;0.9
2021;076;Hammarland;rakentamaton_rakennuspaikka;
2021;076;Hammarland;vakituinen_asuinrakennus;0
2021;076;Hammarland;yleinen_maapohja;0.2
2021;076;Hammarland;yleinen_rakennus;0.2
2021;077;Hankasalmi;muu_asuinrakennus;1.2
2021;077;Hankasalmi;rakentamaton_rakennuspaikka;
2021;077;Hankasalmi;vakituinen_asuinrakennus;0.6
2021;077;Hankasalmi;yleinen_maapohja;1.2
2021;077;Hankasalmi;yleinen_rakennus;1.2
2021;078;Hanko;muu_asuinrakennus;1.6
2021;078;Hanko;rakentamaton_rakennuspaikka;3
2021;078;Hanko;vakituinen_asuinrakennus;0.45
2021;078;Hanko;yleinen_maapohja;1.3
2021;078;Hanko;yleinen_rakennus;1.3
2021;079;Harjavalta;muu_asuinrakennus;0.98
2021;079;Harjavalta;rakentamaton_rakennuspaikka;
2021;079;Harjavalta;vakituinen_asuinrakennus;0.5
2021;079;Harjavalta;yleinen_maapohja;1.4
2021;079;Harjavalta;yleinen_rakennus;1.4
2021;081;Hartola;muu_asuinrakennus;1.1
2021;081;Hartola;rakentamaton_rakennuspaikka;
2021;081;Hartola;vakituinen_asuinrakennus;0.5
2021;081;Hartola;yleinen_maapohja;1
2021;081;Hartola;yleinen_rakennus;1
2021;082;Hattula;muu_asuinrakennus;1.1
2021;082;Hattula;rakentamaton_rakennuspaikka;3
2021;082;Hattula;vakituinen_asuinrakennus;0.5
2021;082;Hattula;yleinen_maapohja;1.1
2021;082;Hattula;yleinen_rakennus;1.1
2021;086;Hausjärvi;muu_asuinrakennus;1.05
2021;086;Hausjärvi;rakentamaton_rakennuspaikka;4
2021;086;Hausjärvi;vakituinen_asuinrakennus;0.45
2021;086;Hausjärvi;yleinen_maapohja;1.25
2021;086;Hausjärvi;yleinen_rakennus;1.25
2021;090;Heinävesi;muu_asuinrakennus;1.4
2021;090;Heinävesi;rakentamaton_rakennuspaikka;
2021;090;Heinävesi;vakituinen_asuinrakennus;0.6
2021;090;Heinävesi;yleinen_maapohja;1.15
2021;090;Heinävesi;yleinen_rakennus;1.15
2021;091;Helsinki;muu_asuinrakennus;0.93
2021;091;Helsinki;rakentamaton_rakennuspaikka;3.93
2021;091;Helsinki;vakituinen_asuinrakennus;0.41
2021;091;Helsinki;yleinen_maapohja;0.93
2021;091;Helsinki;yleinen_rakennus;0.93
2021;092;Vantaa;muu_asuinrakennus;1.25
2021;092;Vantaa;rakentamaton_rakennuspaikka;6
2021;092;Vantaa;vakituinen_asuinrakennus;0.41
2021;092;Vantaa;yleinen_maapohja;1.28
2021;092;Vantaa;yleinen_rakennus;1.28
2021;097;Hirvensalmi;muu_asuinrakennus;1.15
2021;097;Hirvensalmi;rakentamaton_rakennuspaikka;2.6
2021;097;Hirvensalmi;vakituinen_asuinrakennus;0.41
2021;097;Hirvensalmi;yleinen_maapohja;0.95
2021;097;Hirvensalmi;yleinen_rakennus;0.95
2021;098;Hollola;muu_asuinrakennus;1.1
2021;098;Hollola;rakentamaton_rakennuspaikka;
2021;098;Hollola;vakituinen_asuinrakennus;0.55
2021;098;Hollola;yleinen_maapohja;1.15
2021;098;Hollola;yleinen_rakennus;1.15
2021;102;Huittinen;muu_asuinrakennus;1.07
2021;102;Huittinen;rakentamaton_rakennuspaikka;6
2021;102;Huittinen;vakituinen_asuinrakennus;0.5
2021;102;Huittinen;yleinen_maapohja;1.07
2021;102;Huittinen;yleinen_rakennus;1.07
2021;103;Humppila;muu_asuinrakennus;1.3
2021;103;Humppila;rakentamaton_rakennuspaikka;3
2021;103;Humppila;vakituinen_asuinrakennus;0.55
2021;103;Humppila;yleinen_maapohja;1.3
2021;103;Humppila;yleinen_rakennus;1.3
2021;105;Hyrynsalmi;muu_asuinrakennus;1.15
2021;105;Hyrynsalmi;rakentamaton_rakennuspaikka;2
2021;105;Hyrynsalmi;vakituinen_asuinrakennus;0.55
2021;105;Hyrynsalmi;yleinen_maapohja;1
2021;105;Hyrynsalmi;yleinen_rakennus;1
2021;106;Hyvinkää;muu_asuinrakennus;1.05
2021;106;Hyvinkää;rakentamaton_rakennuspaikka;4.3
2021;106;Hyvinkää;vakituinen_asuinrakennus;0.45
2021;106;Hyvinkää;yleinen_maapohja;1.3
2021;106;Hyvinkää;yleinen_rakennus;1.3
2021;108;Hämeenkyrö;muu_asuinrakennus;1.15
2021;108;Hämeenkyrö;rakentamaton_rakennuspaikka;4.5
2021;108;Hämeenkyrö;vakituinen_asuinrakennus;0.48
2021;108;Hämeenkyrö;yleinen_maapohja;0.95
2021;108;Hämeenkyrö;yleinen_rakennus;0.95
2021;109;Hämeenlinna;muu_asuinrakennus;1.4
2021;109;Hämeenlinna;rakentamaton_rakennuspaikka;3.3
2021;109;Hämeenlinna;vakituinen_asuinrakennus;0.6
2021;109;Hämeenlinna;yleinen_maapohja;1.35
2021;109;Hämeenlinna;yleinen_rakennus;1.35
2021;111;Heinola;muu_asuinrakennus;1
2021;111;Heinola;rakentamaton_rakennuspaikka;
2021;111;Heinola;vakituinen_asuinrakennus;0.5
2021;111;Heinola;yleinen_maapohja;1
2021;111;Heinola;yleinen_rakennus;1
2021;139;Ii;muu_asuinrakennus;1.2
2021;139;Ii;rakentamaton_rakennuspaikka;6
2021;139;Ii;vakituinen_asuinrakennus;0.65
2021;139;Ii;yleinen_maapohja;1.3
2021;139;Ii;yleinen_rakennus;1.3
2021;140;Iisalmi;muu_asuinrakennus;0.93
2021;140;Iisalmi;rakentamaton_rakennuspaikka;3
2021;140;Iisalmi;vakituinen_asuinrakennus;0.55
2021;140;Iisalmi;yleinen_maapohja;1.1
2021;140;Iisalmi;yleinen_rakennus;1.1
2021;142;Iitti;muu_asuinrakennus;1.25
2021;142;Iitti;rakentamaton_rakennuspaikka;
2021;142;Iitti;vakituinen_asuinrakennus;0.65
2021;142;Iitti;yleinen_maapohja;1.15
2021;142;Iitti;yleinen_rakennus;1.15
2021;143;Ikaalinen;muu_asuinrakennus;1.19
2021;143;Ikaalinen;rakentamaton_rakennuspaikka;3
2021;143;Ikaalinen;vakituinen_asuinrakennus;0.59
2021;143;Ikaalinen;yleinen_maapohja;1.23
2021;143;Ikaalinen;yleinen_rakennus;1.23
2021;145;Ilmajoki;muu_asuinrakennus;1.2
2021;145;Ilmajoki;rakentamaton_rakennuspaikka;3
2021;145;Ilmajoki;vakituinen_asuinrakennus;0.6
2021;145;Ilmajoki;yleinen_maapohja;0.93
2021;145;Ilmajoki;yleinen_rakennus;0.93
2021;146;Ilomantsi;muu_asuinrakennus;1
2021;146;Ilomantsi;rakentamaton_rakennuspaikka;
2021;146;Ilomantsi;vakituinen_asuinrakennus;0.45
2021;146;Ilomantsi;yleinen_maapohja;1
2021;146;Ilomantsi;yleinen_rakennus;1
2021;148;Inari;muu_asuinrakennus;1.15
2021;148;Inari;rakentamaton_rakennuspaikka;3
2021;148;Inari;vakituinen_asuinrakennus;0.55
2021;148;Inari;yleinen_maapohja;1.35
2021;148;Inari;yleinen_rakennus;1.35
2021;149;Inkoo;muu_asuinrakennus;1.55
2021;149;Inkoo;rakentamaton_rakennuspaikka;2
2021;149;Inkoo;vakituinen_asuinrakennus;0.65
2021;149;Inkoo;yleinen_maapohja;1.1
2021;149;Inkoo;yleinen_rakennus;1.1
2021;151;Isojoki;muu_asuinrakennus;0.93
2021;151;Isojoki;rakentamaton_rakennuspaikka;2
2021;151;Isojoki;vakituinen_asuinrakennus;0.5
2021;151;Isojoki;yleinen_maapohja;0.93
2021;151;Isojoki;yleinen_rakennus;0.93
2021;152;Isokyrö;muu_asuinrakennus;1.1
2021;152;Isokyrö;rakentamaton_rakennuspaikka;
2021;152;Isokyrö;vakituinen_asuinrakennus;0.65
2021;152;Isokyrö;yleinen_maapohja;0.93
2021;152;Isokyrö;yleinen_rakennus;0.93
2021;153;Imatra;muu_asuinrakennus;1
2021;153;Imatra;rakentamaton_rakennuspaikka;
2021;153;Imatra;vakituinen_asuinrakennus;0.45
2021;153;Imatra;yleinen_maapohja;1.9
2021;153;Imatra;yleinen_rakennus;1.9
2021;165;Janakkala;muu_asuinrakennus;1.1
2021;165;Janakkala;rakentamaton_rakennuspaikka;4
2021;165;Janakkala;vakituinen_asuinrakennus;0.5
2021;165;Janakkala;yleinen_maapohja;1.1
2021;165;Janakkala;yleinen_rakennus;1.1
2021;167;Joensuu;muu_asuinrakennus;1
2021;167;Joensuu;rakentamaton_rakennuspaikka;
2021;167;Joensuu;vakituinen_asuinrakennus;0.45
2021;167;Joensuu;yleinen_maapohja;1.1
2021;167;Joensuu;yleinen_rakennus;1.1
2021;169;Jokioinen;muu_asuinrakennus;1.1
2021;169;Jokioinen;rakentamaton_rakennuspaikka;
2021;169;Jokioinen;vakituinen_asuinrakennus;0.5
2021;169;Jokioinen;yleinen_maapohja;1.1
2021;169;Jokioinen;yleinen_rakennus;1.1
2021;170;Jomala;muu_asuinrakennus;0.9
2021;170;Jomala;rakentamaton_rakennuspaikka;1
2021;170;Jomala;vakituinen_asuinrakennus;0
2021;170;Jomala;yleinen_maapohja;0.3
2021;170;Jomala;yleinen_rakennus;0.3
2021;171;Joroinen;muu_asuinrakennus;1.1
2021;171;Joroinen;rakentamaton_rakennuspaikka;
2021;171;Joroinen;vakituinen_asuinrakennus;0.5
2021;171;Joroinen;yleinen_maapohja;1.05
2021;171;Joroinen;yleinen_rakennus;1.05
2021;172;Joutsa;muu_asuinrakennus;1.2
2021;172;Joutsa;rakentamaton_rakennuspaikka;
2021;172;Joutsa;vakituinen_asuinrakennus;0.6
2021;172;Joutsa;yleinen_maapohja;1.1
2021;172;Joutsa;yleinen_rakennus;1.1
2021;176;Juuka;muu_asuinrakennus;0.99
2021;176;Juuka;rakentamaton_rakennuspaikka;
2021;176;Juuka;vakituinen_asuinrakennus;0.45
2021;176;Juuka;yleinen_maapohja;1
2021;176;Juuka;yleinen_rakennus;1
2021;177;Juupajoki;muu_asuinrakennus;1.05
2021;177;Juupajoki;rakentamaton_rakennuspaikka;
2021;177;Juupajoki;vakituinen_asuinrakennus;0.45
2021;177;Juupajoki;yleinen_maapohja;1.15
2021;177;Juupajoki;yleinen_rakennus;1.15
2021;178;Juva;muu_asuinrakennus;1.03
2021;178;Juva;rakentamaton_rakennuspaikka;2
2021;178;Juva;vakituinen_asuinrakennus;0.43
2021;178;Juva;yleinen_maapohja;0.95
2021;178;Juva;yleinen_rakennus;0.95
2021;179;Jyväskylä;muu_asuinrakennus;1.55
2021;179;Jyväskylä;rakentamaton_rakennuspaikka;4
2021;179;Jyväskylä;vakituinen_asuinrakennus;0.55
2021;179;Jyväskylä;yleinen_maapohja;1.3
2021;179;Jyväskylä;yleinen_rakennus;1.3
2021;181;Jämijärvi;muu_asuinrakennus;1.03
2021;181;Jämijärvi;rakentamaton_rakennuspaikka;2.5
2021;181;Jämijärvi;vakituinen_asuinrakennus;0.45
2021;181;Jämijärvi;yleinen_maapohja;1.03
2021;181;Jämijärvi;yleinen_rakennus;1.03
2021;182;Jämsä;muu_asuinrakennus;1.05
2021;182;Jämsä;rakentamaton_rakennuspaikka;3
2021;182;Jämsä;vakituinen_asuinrakennus;0.45
2021;182;Jämsä;yleinen_maapohja;1
2021;182;Jämsä;yleinen_rakennus;1
2021;186;Järvenpää;muu_asuinrakennus;1.15
2021;186;Järvenpää;rakentamaton_rakennuspaikka;6
2021;186;Järvenpää;vakituinen_asuinrakennus;0.65
2021;186;Järvenpää;yleinen_maapohja;1.45
2021;186;Järvenpää;yleinen_rakennus;1.45
2021;202;Kaarina;muu_asuinrakennus;1
2021;202;Kaarina;rakentamaton_rakennuspaikka;4
2021;202;Kaarina;vakituinen_asuinrakennus;0.41
2021;202;Kaarina;yleinen_maapohja;1
2021;202;Kaarina;yleinen_rakennus;1
2021;204;Kaavi;muu_asuinrakennus;1.8
2021;204;Kaavi;rakentamaton_rakennuspaikka;
2021;204;Kaavi;vakituinen_asuinrakennus;0.75
2021;204;Kaavi;yleinen_maapohja;1.5
2021;204;Kaavi;yleinen_rakennus;1.5
2021;205;Kajaani;muu_asuinrakennus;1.55
2021;205;Kajaani;rakentamaton_rakennuspaikka;4.1
2021;205;Kajaani;vakituinen_asuinrakennus;0.55
2021;205;Kajaani;yleinen_maapohja;1.1
2021;205;Kajaani;yleinen_rakennus;1.1
2021;208;Kalajoki;muu_asuinrakennus;1.1
2021;208;Kalajoki;rakentamaton_rakennuspaikka;
2021;208;Kalajoki;vakituinen_asuinrakennus;0.5
2021;208;Kalajoki;yleinen_maapohja;1.1
2021;208;Kalajoki;yleinen_rakennus;1.1
2021;211;Kangasala;muu_asuinrakennus;1.03
2021;211;Kangasala;rakentamaton_rakennuspaikka;4
2021;211;Kangasala;vakituinen_asuinrakennus;0.43
2021;211;Kangasala;yleinen_maapohja;0.93
2021;211;Kangasala;yleinen_rakennus;0.93
2021;213;Kangasniemi;muu_asuinrakennus;1.1
2021;213;Kangasniemi;rakentamaton_rakennuspaikka;2
2021;213;Kangasniemi;vakituinen_asuinrakennus;0.5
2021;213;Kangasniemi;yleinen_maapohja;1
2021;213;Kangasniemi;yleinen_rakennus;1
2021;214;Kankaanpää;muu_asuinrakennus;1.05
2021;214;Kankaanpää;rakentamaton_rakennuspaikka;4
2021;214;Kankaanpää;vakituinen_asuinrakennus;0.45
2021;214;Kankaanpää;yleinen_maapohja;1.2
2021;214;Kankaanpää;yleinen_rakennus;1.2
2021;216;Kannonkoski;muu_asuinrakennus;1.6
2021;216;Kannonkoski;rakentamaton_rakennuspaikka;
2021;216;Kannonkoski;vakituinen_asuinrakennus;0.5
2021;216;Kannonkoski;yleinen_maapohja;0.95
2021;216;Kannonkoski;yleinen_rakennus;0.95
2021;217;Kannus;muu_asuinrakennus;1
2021;217;Kannus;rakentamaton_rakennuspaikka;
2021;217;Kannus;vakituinen_asuinrakennus;0.55
2021;217;Kannus;yleinen_maapohja;1.15
2021;217;Kannus;yleinen_rakennus;1.15
2021;218;Karijoki;muu_asuinrakennus;1
2021;218;Karijoki;rakentamaton_rakennuspaikka;
2021;218;Karijoki;vakituinen_asuinrakennus;0.5
2021;218;Karijoki;yleinen_maapohja;0.93
2021;218;Karijoki;yleinen_rakennus;0.93
2021;224;Karkkila;muu_asuinrakennus;1.25
2021;224;Karkkila;rakentamaton_rakennuspaikka;4
2021;224;Karkkila;vakituinen_asuinrakennus;0.65
2021;224;Karkkila;yleinen_maapohja;1.1
2021;224;Karkkila;yleinen_rakennus;1.1
2021;226;Karstula;muu_asuinrakennus;1.36
2021;226;Karstula;rakentamaton_rakennuspaikka;3
2021;226;Karstula;vakituinen_asuinrakennus;0.48
2021;226;Karstula;yleinen_maapohja;1.03
2021;226;Karstula;yleinen_rakennus;1.03
2021;230;Karvia;muu_asuinrakennus;0.93
2021;230;Karvia;rakentamaton_rakennuspaikka;
2021;230;Karvia;vakituinen_asuinrakennus;0.41
2021;230;Karvia;yleinen_maapohja;0.93
2021;230;Karvia;yleinen_rakennus;0.93
2021;231;Kaskinen;muu_asuinrakennus;2
2021;231;Kaskinen;rakentamaton_rakennuspaikka;6
2021;231;Kaskinen;vakituinen_asuinrakennus;0.9
2021;231;Kaskinen;yleinen_maapohja;1.4
2021;231;Kaskinen;yleinen_rakennus;1.4
2021;232;Kauhajoki;muu_asuinrakennus;1.2
2021;232;Kauhajoki;rakentamaton_rakennuspaikka;3
2021;232;Kauhajoki;vakituinen_asuinrakennus;0.65
2021;232;Kauhajoki;yleinen_maapohja;0.93
2021;232;Kauhajoki;yleinen_rakennus;0.93
2021;233;Kauhava;muu_asuinrakennus;1.1
2021;233;Kauhava;rakentamaton_rakennuspaikka;2
2021;233;Kauhava;vakituinen_asuinrakennus;0.55
2021;233;Kauhava;yleinen_maapohja;0.95
2021;233;Kauhava;yleinen_rakennus;0.95
2021;235;Kauniainen;muu_asuinrakennus;0.93
2021;235;Kauniainen;rakentamaton_rakennuspaikka;3.93
2021;235;Kauniainen;vakituinen_asuinrakennus;0.41
2021;235;Kauniainen;yleinen_maapohja;0.93
2021;235;Kauniainen;yleinen_rakennus;0.93
2021;236;Kaustinen;muu_asuinrakennus;1.03
2021;236;Kaustinen;rakentamaton_rakennuspaikka;3.1
2021;236;Kaustinen;vakituinen_asuinrakennus;0.5
2021;236;Kaustinen;yleinen_maapohja;1.03
2021;236;Kaustinen;yleinen_rakennus;1.03
2021;239;Keitele;muu_asuinrakennus;1
2021;239;Keitele;rakentamaton_rakennuspaikka;
2021;239;Keitele;vakituinen_asuinrakennus;0.45
2021;239;Keitele;yleinen_maapohja;0.95
2021;239;Keitele;yleinen_rakennus;0.95
2021;240;Kemi;muu_asuinrakennus;1
2021;240;Kemi;rakentamaton_rakennuspaikka;6
2021;240;Kemi;vakituinen_asuinrakennus;0.5
2021;240;Kemi;yleinen_maapohja;1.24
2021;240;Kemi;yleinen_rakennus;1.24
2021;241;Keminmaa;muu_asuinrakennus;1
2021;241;Keminmaa;rakentamaton_rakennuspaikka;4
2021;241;Keminmaa;vakituinen_asuinrakennus;0.41
2021;241;Keminmaa;yleinen_maapohja;1.15
2021;241;Keminmaa;yleinen_rakennus;1.15
2021;244;Kempele;muu_asuinrakennus;1.1
2021;244;Kempele;rakentamaton_rakennuspaikka;3
2021;244;Kempele;vakituinen_asuinrakennus;0.43
2021;244;Kempele;yleinen_maapohja;1.1
2021;244;Kempele;yleinen_rakennus;1.1
2021;245;Kerava;muu_asuinrakennus;0.93
2021;245;Kerava;rakentamaton_rakennuspaikka;6
2021;245;Kerava;vakituinen_asuinrakennus;0.41
2021;245;Kerava;yleinen_maapohja;1.32
2021;245;Kerava;yleinen_rakennus;1.32
2021;249;Keuruu;muu_asuinrakennus;1
2021;249;Keuruu;rakentamaton_rakennuspaikka;
2021;249;Keuruu;vakituinen_asuinrakennus;0.41
2021;249;Keuruu;yleinen_maapohja;1
2021;249;Keuruu;yleinen_rakennus;1
2021;250;Kihniö;muu_asuinrakennus;1.1
2021;250;Kihniö;rakentamaton_rakennuspaikka;
2021;250;Kihniö;vakituinen_asuinrakennus;0.55
2021;250;Kihniö;yleinen_maapohja;1.1
2021;250;Kihniö;yleinen_rakennus;1.1
2021;256;Kinnula;muu_asuinrakennus;1.3
2021;256;Kinnula;rakentamaton_rakennuspaikka;3
2021;256;Kinnula;vakituinen_asuinrakennus;0.6
2021;256;Kinnula;yleinen_maapohja;1.2
2021;256;Kinnula;yleinen_rakennus;1.2
2021;257;Kirkkonummi;muu_asuinrakennus;1.4
2021;257;Kirkkonummi;rakentamaton_rakennuspaikka;3.93
2021;257;Kirkkonummi;vakituinen_asuinrakennus;0.41
2021;257;Kirkkonummi;yleinen_maapohja;0.93
2021;257;Kirkkonummi;yleinen_rakennus;0.93
2021;260;Kitee;muu_asuinrakennus;1.1
2021;260;Kitee;rakentamaton_rakennuspaikka;
2021;260;Kitee;vakituinen_asuinrakennus;0.55
2021;260;Kitee;yleinen_maapohja;0.95
2021;260;Kitee;yleinen_rakennus;0.95
2021;261;Kittilä;muu_asuinrakennus;1.2
2021;261;Kittilä;rakentamaton_rakennuspaikka;
2021;261;Kittilä;vakituinen_asuinrakennus;0.43
2021;261;Kittilä;yleinen_maapohja;1.16
2021;261;Kittilä;yleinen_rakennus;1.16
2021;263;Kiuruvesi;muu_asuinrakennus;1
2021;263;Kiuruvesi;rakentamaton_rakennuspaikka;3
2021;263;Kiuruvesi;vakituinen_asuinrakennus;0.55
2021;263;Kiuruvesi;yleinen_maapohja;0.93
2021;263;Kiuruvesi;yleinen_rakennus;0.93
2021;265;Kivijärvi;muu_asuinrakennus;1.5
2021;265;Kivijärvi;rakentamaton_rakennuspaikka;4
2021;265;Kivijärvi;vakituinen_asuinrakennus;0.6
2021;265;Kivijärvi;yleinen_maapohja;1.2
2021;265;Kivijärvi;yleinen_rakennus;1.2
2021;271;Kokemäki;muu_asuinrakennus;1.85
2021;271;Kokemäki;rakentamaton_rakennuspaikka;4
2021;271;Kokemäki;vakituinen_asuinrakennus;0.51
2021;271;Kokemäki;yleinen_maapohja;1.2
2021;271;Kokemäki;yleinen_rakennus;1.2
2021;272;Kokkola;muu_asuinrakennus;1.1
2021;272;Kokkola;rakentamaton_rakennuspaikka;3.25
2021;272;Kokkola;vakituinen_asuinrakennus;0.7
2021;272;Kokkola;yleinen_maapohja;1.25
2021;272;Kokkola;yleinen_rakennus;1.25
2021;273;Kolari;muu_asuinrakennus;1.2
2021;273;Kolari;rakentamaton_rakennuspaikka;2
2021;273;Kolari;vakituinen_asuinrakennus;0.47
2021;273;Kolari;yleinen_maapohja;1.03
2021;273;Kolari;yleinen_rakennus;1.03
2021;275;Konnevesi;muu_asuinrakennus;1.2
2021;275;Konnevesi;rakentamaton_rakennuspaikka;
2021;275;Konnevesi;vakituinen_asuinrakennus;0.55
2021;275;Konnevesi;yleinen_maapohja;1.1
2021;275;Konnevesi;yleinen_rakennus;1.1
2021;276;Kontiolahti;muu_asuinrakennus;1
2021;276;Kontiolahti;rakentamaton_rakennuspaikka;
2021;276;Kontiolahti;vakituinen_asuinrakennus;0.41
2021;276;Kontiolahti;yleinen_maapohja;0.93
2021;276;Kontiolahti;yleinen_rakennus;0.93
2021;280;Korsnäs;muu_asuinrakennus;1.3
2021;280;Korsnäs;rakentamaton_rakennuspaikka;
2021;280;Korsnäs;vakituinen_asuinrakennus;0.5
2021;280;Korsnäs;yleinen_maapohja;0.95
2021;280;Korsnäs;yleinen_rakennus;0.95
2021;284;Koski Tl;muu_asuinrakennus;0.93
2021;284;Koski Tl;rakentamaton_rakennuspaikka;
2021;284;Koski Tl;vakituinen_asuinrakennus;0.41
2021;284;Koski Tl;yleinen_maapohja;0.93
2021;284;Koski Tl;yleinen_rakennus;0.93
2021;285;Kotka;muu_asuinrakennus;1.15
2021;285;Kotka;rakentamaton_rakennuspaikka;
2021;285;Kotka;vakituinen_asuinrakennus;0.55
2021;285;Kotka;yleinen_maapohja;1.35
2021;285;Kotka;yleinen_rakennus;1.35
2021;286;Kouvola;muu_asuinrakennus;1.35
2021;286;Kouvola;rakentamaton_rakennuspaikka;
2021;286;Kouvola;vakituinen_asuinrakennus;0.65
2021;286;Kouvola;yleinen_maapohja;1.45
2021;286;Kouvola;yleinen_rakennus;1.45
2021;287;Kristiinankaupunki;muu_asuinrakennus;1.2
2021;287;Kristiinankaupunki;rakentamaton_rakennuspaikka;
2021;287;Kristiinankaupunki;vakituinen_asuinrakennus;0.6
2021;287;Kristiinankaupunki;yleinen_maapohja;0.93
2021;287;Kristiinankaupunki;yleinen_rakennus;0.93
2021;288;Kruunupyy;muu_asuinrakennus;1.3
2021;288;Kruunupyy;rakentamaton_rakennuspaikka;4
2021;288;Kruunupyy;vakituinen_asuinrakennus;0.65
2021;288;Kruunupyy;yleinen_maapohja;1.1
2021;288;Kruunupyy;yleinen_rakennus;1.1
2021;290;Kuhmo;muu_asuinrakennus;1.08
2021;290;Kuhmo;rakentamaton_rakennuspaikka;2
2021;290;Kuhmo;vakituinen_asuinrakennus;0.54
2021;290;Kuhmo;yleinen_maapohja;0.98
2021;290;Kuhmo;yleinen_rakennus;0.98
2021;291;Kuhmoinen;muu_asuinrakennus;1.2
2021;291;Kuhmoinen;rakentamaton_rakennuspaikka;
2021;291;Kuhmoinen;vakituinen_asuinrakennus;0.6
2021;291;Kuhmoinen;yleinen_maapohja;1.1
2021;291;Kuhmoinen;yleinen_rakennus;1.1
2021;295;Kumlinge;muu_asuinrakennus;0.9
2021;295;Kumlinge;rakentamaton_rakennuspaikka;
2021;295;Kumlinge;vakituinen_asuinrakennus;0.2
2021;295;Kumlinge;yleinen_maapohja;0.6
2021;295;Kumlinge;yleinen_rakennus;0.6
2021;297;Kuopio;muu_asuinrakennus;1.35
2021;297;Kuopio;rakentamaton_rakennuspaikka;3
2021;297;Kuopio;vakituinen_asuinrakennus;0.62
2021;297;Kuopio;yleinen_maapohja;1.3
2021;297;Kuopio;yleinen_rakennus;1.3
2021;300;Kuortane;muu_asuinrakennus;1.05
2021;300;Kuortane;rakentamaton_rakennuspaikka;
2021;300;Kuortane;vakituinen_asuinrakennus;0.45
2021;300;Kuortane;yleinen_maapohja;0.93
2021;300;Kuortane;yleinen_rakennus;0.93
2021;301;Kurikka;muu_asuinrakennus;1.2
2021;301;Kurikka;rakentamaton_rakennuspaikka;4
2021;301;Kurikka;vakituinen_asuinrakennus;0.6
2021;301;Kurikka;yleinen_maapohja;0.93
2021;301;Kurikka;yleinen_rakennus;0.93
2021;304;Kustavi;muu_asuinrakennus;0.98
2021;304;Kustavi;rakentamaton_rakennuspaikka;
2021;304;Kustavi;vakituinen_asuinrakennus;0.41
2021;304;Kustavi;yleinen_maapohja;0.93
2021;304;Kustavi;yleinen_rakennus;0.93
2021;305;Kuusamo;muu_asuinrakennus;1.1
2021;305;Kuusamo;rakentamaton_rakennuspaikka;
2021;305;Kuusamo;vakituinen_asuinrakennus;0.5
2021;305;Kuusamo;yleinen_maapohja;1.1
2021;305;Kuusamo;yleinen_rakennus;1.1
2021;309;Outokumpu;muu_asuinrakennus;1.25
2021;309;Outokumpu;rakentamaton_rakennuspaikka;
2021;309;Outokumpu;vakituinen_asuinrakennus;0.65
2021;309;Outokumpu;yleinen_maapohja;1.1
2021;309;Outokumpu;yleinen_rakennus;1.1
2021;312;Kyyjärvi;muu_asuinrakennus;1.6
2021;312;Kyyjärvi;rakentamaton_rakennuspaikka;6
2021;312;Kyyjärvi;vakituinen_asuinrakennus;0.75
2021;312;Kyyjärvi;yleinen_maapohja;1.25
2021;312;Kyyjärvi;yleinen_rakennus;1.25
2021;316;Kärkölä;muu_asuinrakennus;1.2
2021;316;Kärkölä;rakentamaton_rakennuspaikka;4.35
2021;316;Kärkölä;vakituinen_asuinrakennus;0.6
2021;316;Kärkölä;yleinen_maapohja;1.35
2021;316;Kärkölä;yleinen_rakennus;1.35
2021;317;Kärsämäki;muu_asuinrakennus;1.1
2021;317;Kärsämäki;rakentamaton_rakennuspaikka;3
2021;317;Kärsämäki;vakituinen_asuinrakennus;0.65
2021;317;Kärsämäki;yleinen_maapohja;0.93
2021;317;Kärsämäki;yleinen_rakennus;0.93
2021;318;Kökar;muu_asuinrakennus;0.9
2021;318;Kökar;rakentamaton_rakennuspaikka;
2021;318;Kökar;vakituinen_asuinrakennus;0
2021;318;Kökar;yleinen_maapohja;0.4
2021;318;Kökar;yleinen_rakennus;0.4
2021;320;Kemijärvi;muu_asuinrakennus;1.35
2021;320;Kemijärvi;rakentamaton_rakennuspaikka;
2021;320;Kemijärvi;vakituinen_asuinrakennus;0.5
2021;320;Kemijärvi;yleinen_maapohja;1.2
2021;320;Kemijärvi;yleinen_rakennus;1.2
2021;322;Kemiönsaari;muu_asuinrakennus;1.1
2021;322;Kemiönsaari;rakentamaton_rakennuspaikka;
2021;322;Kemiönsaari;vakituinen_asuinrakennus;0.41
2021;322;Kemiönsaari;yleinen_maapohja;1.1
2021;322;Kemiönsaari;yleinen_rakennus;1.1
2021;398;Lahti;muu_asuinrakennus;1.35
2021;398;Lahti;rakentamaton_rakennuspaikka;4
2021;398;Lahti;vakituinen_asuinrakennus;0.6
2021;398;Lahti;yleinen_maapohja;1.35
2021;398;Lahti;yleinen_rakennus;1.35
2021;399;Laihia;muu_asuinrakennus;1
2021;399;Laihia;rakentamaton_rakennuspaikka;3
2021;399;Laihia;vakituinen_asuinrakennus;0.6
2021;399;Laihia;yleinen_maapohja;1
2021;399;Laihia;yleinen_rakennus;1
2021;400;Laitila;muu_asuinrakennus;1
2021;400;Laitila;rakentamaton_rakennuspaikka;3
2021;400;Laitila;vakituinen_asuinrakennus;0.41
2021;400;Laitila;yleinen_maapohja;0.93
2021;400;Laitila;yleinen_rakennus;0.93
2021;402;Lapinlahti;muu_asuinrakennus;1
2021;402;Lapinlahti;rakentamaton_rakennuspaikka;2
2021;402;Lapinlahti;vakituinen_asuinrakennus;0.6
2021;402;Lapinlahti;yleinen_maapohja;0.93
2021;402;Lapinlahti;yleinen_rakennus;0.93
2021;403;Lappajärvi;muu_asuinrakennus;1.15
2021;403;Lappajärvi;rakentamaton_rakennuspaikka;
2021;403;Lappajärvi;vakituinen_asuinrakennus;0.55
2021;403;Lappajärvi;yleinen_maapohja;1
2021;403;Lappajärvi;yleinen_rakennus;1
2021;405;Lappeenranta;muu_asuinrakennus;1.15
2021;405;Lappeenranta;rakentamaton_rakennuspaikka;3
2021;405;Lappeenranta;vakituinen_asuinrakennus;0.55
2021;405;Lappeenranta;yleinen_maapohja;1.43
2021;405;Lappeenranta;yleinen_rakennus;1.43
2021;407;Lapinjärvi;muu_asuinrakennus;1.2
2021;407;Lapinjärvi;rakentamaton_rakennuspaikka;
2021;407;Lapinjärvi;vakituinen_asuinrakennus;0.6
2021;407;Lapinjärvi;yleinen_maapohja;1.1
2021;407;Lapinjärvi;yleinen_rakennus;1.1
2021;408;Lapua;muu_asuinrakennus;1.05
2021;408;Lapua;rakentamaton_rakennuspaikka;6
2021;408;Lapua;vakituinen_asuinrakennus;0.45
2021;408;Lapua;yleinen_maapohja;1.05
2021;408;Lapua;yleinen_rakennus;1.05
2021;410;Laukaa;muu_asuinrakennus;1.4
2021;410;Laukaa;rakentamaton_rakennuspaikka;3
2021;410;Laukaa;vakituinen_asuinrakennus;0.7
2021;410;Laukaa;yleinen_maapohja;1.3
2021;410;Laukaa;yleinen_rakennus;1.3
2021;416;Lemi;muu_asuinrakennus;1.3
2021;416;Lemi;rakentamaton_rakennuspaikka;4
2021;416;Lemi;vakituinen_asuinrakennus;0.53
2021;416;Lemi;yleinen_maapohja;1.4
2021;416;Lemi;yleinen_rakennus;1.4
2021;417;Lemland;muu_asuinrakennus;0.9
2021;417;Lemland;rakentamaton_rakennuspaikka;0
2021;417;Lemland;vakituinen_asuinrakennus;0
2021;417;Lemland;yleinen_maapohja;1
2021;417;Lemland;yleinen_rakennus;1
2021;418;Lempäälä;muu_asuinrakennus;1
2021;418;Lempäälä;rakentamaton_rakennuspaikka;3
2021;418;Lempäälä;vakituinen_asuinrakennus;0.45
2021;418;Lempäälä;yleinen_maapohja;0.95
2021;418;Lempäälä;yleinen_rakennus;0.95
2021;420;Leppävirta;muu_asuinrakennus;1
2021;420;Leppävirta;rakentamaton_rakennuspaikka;2
2021;420;Leppävirta;vakituinen_asuinrakennus;0.45
2021;420;Leppävirta;yleinen_maapohja;1
2021;420;Leppävirta;yleinen_rakennus;1
2021;421;Lestijärvi;muu_asuinrakennus;1.4
2021;421;Lestijärvi;rakentamaton_rakennuspaikka;
2021;421;Lestijärvi;vakituinen_asuinrakennus;0.5
2021;421;Lestijärvi;yleinen_maapohja;1
2021;421;Lestijärvi;yleinen_rakennus;1
2021;422;Lieksa;muu_asuinrakennus;0.95
2021;422;Lieksa;rakentamaton_rakennuspaikka;
2021;422;Lieksa;vakituinen_asuinrakennus;0.43
2021;422;Lieksa;yleinen_maapohja;1
2021;422;Lieksa;yleinen_rakennus;1
2021;423;Lieto;muu_asuinrakennus;1
2021;423;Lieto;rakentamaton_rakennuspaikka;3
2021;423;Lieto;vakituinen_asuinrakennus;0.41
2021;423;Lieto;yleinen_maapohja;1.2
2021;423;Lieto;yleinen_rakennus;1.2
2021;425;Liminka;muu_asuinrakennus;1.03
2021;425;Liminka;rakentamaton_rakennuspaikka;3
2021;425;Liminka;vakituinen_asuinrakennus;0.43
2021;425;Liminka;yleinen_maapohja;0.94
2021;425;Liminka;yleinen_rakennus;0.94
2021;426;Liperi;muu_asuinrakennus;1
2021;426;Liperi;rakentamaton_rakennuspaikka;
2021;426;Liperi;vakituinen_asuinrakennus;0.5
2021;426;Liperi;yleinen_maapohja;1.05
2021;426;Liperi;yleinen_rakennus;1.05
2021;430;Loimaa;muu_asuinrakennus;1.05
2021;430;Loimaa;rakentamaton_rakennuspaikka;
2021;430;Loimaa;vakituinen_asuinrakennus;0.5
2021;430;Loimaa;yleinen_maapohja;1
2021;430;Loimaa;yleinen_rakennus;1
2021;433;Loppi;muu_asuinrakennus;1
2021;433;Loppi;rakentamaton_rakennuspaikka;3
2021;433;Loppi;vakituinen_asuinrakennus;0.41
2021;433;Loppi;yleinen_maapohja;1
2021;433;Loppi;yleinen_rakennus;1
2021;434;Loviisa;muu_asuinrakennus;1.2
2021;434;Loviisa;rakentamaton_rakennuspaikka;3
2021;434;Loviisa;vakituinen_asuinrakennus;0.5
2021;434;Loviisa;yleinen_maapohja;1
2021;434;Loviisa;yleinen_rakennus;1
2021;435;Luhanka;muu_asuinrakennus;1.3
2021;435;Luhanka;rakentamaton_rakennuspaikka;6
2021;435;Luhanka;vakituinen_asuinrakennus;0.5
2021;435;Luhanka;yleinen_maapohja;1.2
2021;435;Luhanka;yleinen_rakennus;1.2
2021;436;Lumijoki;muu_asuinrakennus;1.15
2021;436;Lumijoki;rakentamaton_rakennuspaikka;6
2021;436;Lumijoki;vakituinen_asuinrakennus;0.5
2021;436;Lumijoki;yleinen_maapohja;0.95
2021;436;Lumijoki;yleinen_rakennus;0.95
2021;438;Lumparland;muu_asuinrakennus;0.9
2021;438;Lumparland;rakentamaton_rakennuspaikka;1
2021;438;Lumparland;vakituinen_asuinrakennus;0
2021;438;Lumparland;yleinen_maapohja;0.6
2021;438;Lumparland;yleinen_rakennus;0.6
2021;440;Luoto;muu_asuinrakennus;1.2
2021;440;Luoto;rakentamaton_rakennuspaikka;4
2021;440;Luoto;vakituinen_asuinrakennus;0.5
2021;440;Luoto;yleinen_maapohja;1.3
2021;440;Luoto;yleinen_rakennus;1.3
2021;441;Luumäki;muu_asuinrakennus;1.05
2021;441;Luumäki;rakentamaton_rakennuspaikka;
2021;441;Luumäki;vakituinen_asuinrakennus;0.5
2021;441;Luumäki;yleinen_maapohja;1
2021;441;Luumäki;yleinen_rakennus;1
2021;444;Lohja;muu_asuinrakennus;1.05
2021;444;Lohja;rakentamaton_rakennuspaikka;4.5
2021;444;Lohja;vakituinen_asuinrakennus;0.45
2021;444;Lohja;yleinen_maapohja;1.03
2021;444;Lohja;yleinen_rakennus;1.03
2021;445;Parainen;muu_asuinrakennus;1.5
2021;445;Parainen;rakentamaton_rakennuspaikka;3
2021;445;Parainen;vakituinen_asuinrakennus;0.47
2021;445;Parainen;yleinen_maapohja;1.5
2021;445;Parainen;yleinen_rakennus;1.5
2021;475;Maalahti;muu_asuinrakennus;1.2
2021;475;Maalahti;rakentamaton_rakennuspaikka;
2021;475;Maalahti;vakituinen_asuinrakennus;0.55
2021;475;Maalahti;yleinen_maapohja;1
2021;475;Maalahti;yleinen_rakennus;1
2021;478;Maarianhamina - Mariehamn;muu_asuinrakennus;0.9
2021;478;Maarianhamina - Mariehamn;rakentamaton_rakennuspaikka;6
2021;478;Maarianhamina - Mariehamn;vakituinen_asuinrakennus;0.3
2021;478;Maarianhamina - Mariehamn;yleinen_maapohja;0.3
2021;478;Maarianhamina - Mariehamn;yleinen_rakennus;0.3
2021;480;Marttila;muu_asuinrakennus;0.95
2021;480;Marttila;rakentamaton_rakennuspaikka;
2021;480;Marttila;vakituinen_asuinrakennus;0.45
2021;480;Marttila;yleinen_maapohja;0.95
2021;480;Marttila;yleinen_rakennus;0.95
2021;481;Masku;muu_asuinrakennus;1
2021;481;Masku;rakentamaton_rakennuspaikka;3
2021;481;Masku;vakituinen_asuinrakennus;0.41
2021;481;Masku;yleinen_maapohja;0.95
2021;481;Masku;yleinen_rakennus;0.95
2021;483;Merijärvi;muu_asuinrakennus;1.03
2021;483;Merijärvi;rakentamaton_rakennuspaikka;
2021;483;Merijärvi;vakituinen_asuinrakennus;0.45
2021;483;Merijärvi;yleinen_maapohja;1.03
2021;483;Merijärvi;yleinen_rakennus;1.03
2021;484;Merikarvia;muu_asuinrakennus;1.2
2021;484;Merikarvia;rakentamaton_rakennuspaikka;3
2021;484;Merikarvia;vakituinen_asuinrakennus;0.5
2021;484;Merikarvia;yleinen_maapohja;1.1
2021;484;Merikarvia;yleinen_rakennus;1.1
2021;489;Miehikkälä;muu_asuinrakennus;1.1
2021;489;Miehikkälä;rakentamaton_rakennuspaikka;
2021;489;Miehikkälä;vakituinen_asuinrakennus;0.5
2021;489;Miehikkälä;yleinen_maapohja;1.1
2021;489;Miehikkälä;yleinen_rakennus;1.1
2021;491;Mikkeli;muu_asuinrakennus;1.5
2021;491;Mikkeli;rakentamaton_rakennuspaikka;4
2021;491;Mikkeli;vakituinen_asuinrakennus;0.62
2021;491;Mikkeli;yleinen_maapohja;1.37
2021;491;Mikkeli;yleinen_rakennus;1.37
2021;494;Muhos;muu_asuinrakennus;1
2021;494;Muhos;rakentamaton_rakennuspaikka;3
2021;494;Muhos;vakituinen_asuinrakennus;0.5
2021;494;Muhos;yleinen_maapohja;1
2021;494;Muhos;yleinen_rakennus;1
2021;495;Multia;muu_asuinrakennus;1.15
2021;495;Multia;rakentamaton_rakennuspaikka;3
2021;495;Multia;vakituinen_asuinrakennus;0.55
2021;495;Multia;yleinen_maapohja;1.05
2021;495;Multia;yleinen_rakennus;1.05
2021;498;Muonio;muu_asuinrakennus;1.05
2021;498;Muonio;rakentamaton_rakennuspaikka;6
2021;498;Muonio;vakituinen_asuinrakennus;0.45
2021;498;Muonio;yleinen_maapohja;1.05
2021;498;Muonio;yleinen_rakennus;1.05
2021;499;Mustasaari;muu_asuinrakennus;1.15
2021;499;Mustasaari;rakentamaton_rakennuspaikka;6
2021;499;Mustasaari;vakituinen_asuinrakennus;0.55
2021;499;Mustasaari;yleinen_maapohja;1
2021;499;Mustasaari;yleinen_rakennus;1
2021;500;Muurame;muu_asuinrakennus;1.2
2021;500;Muurame;rakentamaton_rakennuspaikka;4
2021;500;Muurame;vakituinen_asuinrakennus;0.5
2021;500;Muurame;yleinen_maapohja;1.1
2021;500;Muurame;yleinen_rakennus;1.1
2021;503;Mynämäki;muu_asuinrakennus;1.15
2021;503;Mynämäki;rakentamaton_rakennuspaikka;3
2021;503;Mynämäki;vakituinen_asuinrakennus;0.55
2021;503;Mynämäki;yleinen_maapohja;0.98
2021;503;Mynämäki;yleinen_rakennus;0.98
2021;504;Myrskylä;muu_asuinrakennus;1.15
2021;504;Myrskylä;rakentamaton_rakennuspaikka;
2021;504;Myrskylä;vakituinen_asuinrakennus;0.55
2021;504;Myrskylä;yleinen_maapohja;1
2021;504;Myrskylä;yleinen_rakennus;1
2021;505;Mäntsälä;muu_asuinrakennus;1.3
2021;505;Mäntsälä;rakentamaton_rakennuspaikka;4.4
2021;505;Mäntsälä;vakituinen_asuinrakennus;0.7
2021;505;Mäntsälä;yleinen_maapohja;1.4
2021;505;Mäntsälä;yleinen_rakennus;1.4
2021;507;Mäntyharju;muu_asuinrakennus;1.15
2021;507;Mäntyharju;rakentamaton_rakennuspaikka;4.1
2021;507;Mäntyharju;vakituinen_asuinrakennus;0.55
2021;507;Mäntyharju;yleinen_maapohja;1.1
2021;507;Mäntyharju;yleinen_rakennus;1.1
2021;508;Mänttä-Vilppula;muu_asuinrakennus;1.15
2021;508;Mänttä-Vilppula;rakentamaton_rakennuspaikka;
2021;508;Mänttä-Vilppula;vakituinen_asuinrakennus;0.6
2021;508;Mänttä-Vilppula;yleinen_maapohja;1.1
2021;508;Mänttä-Vilppula;yleinen_rakennus;1.1
2021;529;Naantali;muu_asuinrakennus;1.35
2021;529;Naantali;rakentamaton_rakennuspaikka;3
2021;529;Naantali;vakituinen_asuinrakennus;0.45
2021;529;Naantali;yleinen_maapohja;1.05
2021;529;Naantali;yleinen_rakennus;1.05
2021;531;Nakkila;muu_asuinrakennus;1.03
2021;531;Nakkila;rakentamaton_rakennuspaikka;2
2021;531;Nakkila;vakituinen_asuinrakennus;0.5
2021;531;Nakkila;yleinen_maapohja;1.05
2021;531;Nakkila;yleinen_rakennus;1.05
2021;535;Nivala;muu_asuinrakennus;1
2021;535;Nivala;rakentamaton_rakennuspaikka;4
2021;535;Nivala;vakituinen_asuinrakennus;0.65
2021;535;Nivala;yleinen_maapohja;1
2021;535;Nivala;yleinen_rakennus;1
2021;536;Nokia;muu_asuinrakennus;1.4
2021;536;Nokia;rakentamaton_rakennuspaikka;6
2021;536;Nokia;vakituinen_asuinrakennus;0.55
2021;536;Nokia;yleinen_maapohja;1
2021;536;Nokia;yleinen_rakennus;1
2021;538;Nousiainen;muu_asuinrakennus;1.2
2021;538;Nousiainen;rakentamaton_rakennuspaikka;
2021;538;Nousiainen;vakituinen_asuinrakennus;0.5
2021;538;Nousiainen;yleinen_maapohja;1
2021;538;Nousiainen;yleinen_rakennus;1
2021;541;Nurmes;muu_asuinrakennus;1.04
2021;541;Nurmes;rakentamaton_rakennuspaikka;
2021;541;Nurmes;vakituinen_asuinrakennus;0.47
2021;541;Nurmes;yleinen_maapohja;1.05
2021;541;Nurmes;yleinen_rakennus;1.05
2021;543;Nurmijärvi;muu_asuinrakennus;1.18
2021;543;Nurmijärvi;rakentamaton_rakennuspaikka;4.3
2021;543;Nurmijärvi;vakituinen_asuinrakennus;0.48
2021;543;Nurmijärvi;yleinen_maapohja;1.18
2021;543;Nurmijärvi;yleinen_rakennus;1.18
2021;545;Närpiö;muu_asuinrakennus;1.1
2021;545;Närpiö;rakentamaton_rakennuspaikka;
2021;545;Närpiö;vakituinen_asuinrakennus;0.5
2021;545;Närpiö;yleinen_maapohja;0.93
2021;545;Närpiö;yleinen_rakennus;0.93
2021;560;Orimattila;muu_asuinrakennus;1.1
2021;560;Orimattila;rakentamaton_rakennuspaikka;3
2021;560;Orimattila;vakituinen_asuinrakennus;0.55
2021;560;Orimattila;yleinen_maapohja;1.2
2021;560;Orimattila;yleinen_rakennus;1.2
2021;561;Oripää;muu_asuinrakennus;1.2
2021;561;Oripää;rakentamaton_rakennuspaikka;
2021;561;Oripää;vakituinen_asuinrakennus;0.55
2021;561;Oripää;yleinen_maapohja;1.1
2021;561;Oripää;yleinen_rakennus;1.1
2021;562;Orivesi;muu_asuinrakennus;1.25
2021;562;Orivesi;rakentamaton_rakennuspaikka;3
2021;562;Orivesi;vakituinen_asuinrakennus;0.65
2021;562;Orivesi;yleinen_maapohja;1.1
2021;562;Orivesi;yleinen_rakennus;1.1
2021;563;Oulainen;muu_asuinrakennus;1.05
2021;563;Oulainen;rakentamaton_rakennuspaikka;3
2021;563;Oulainen;vakituinen_asuinrakennus;0.7
2021;563;Oulainen;yleinen_maapohja;1.25
2021;563;Oulainen;yleinen_rakennus;1.25
2021;564;Oulu;muu_asuinrakennus;0.93
2021;564;Oulu;rakentamaton_rakennuspaikka;
2021;564;Oulu;vakituinen_asuinrakennus;0.5
2021;564;Oulu;yleinen_maapohja;1.15
2021;564;Oulu;yleinen_rakennus;1.15
2021;576;Padasjoki;muu_asuinrakennus;1.2
2021;576;Padasjoki;rakentamaton_rakennuspaikka;
2021;576;Padasjoki;vakituinen_asuinrakennus;0.6
2021;576;Padasjoki;yleinen_maapohja;0.93
2021;576;Padasjoki;yleinen_rakennus;0.93
2021;577;Paimio;muu_asuinrakennus;1.2
2021;577;Paimio;rakentamaton_rakennuspaikka;3
2021;577;Paimio;vakituinen_asuinrakennus;0.45
2021;577;Paimio;yleinen_maapohja;1.1
2021;577;Paimio;yleinen_rakennus;1.1
2021;578;Paltamo;muu_asuinrakennus;1.1
2021;578;Paltamo;rakentamaton_rakennuspaikka;4.5
2021;578;Paltamo;vakituinen_asuinrakennus;0.6
2021;578;Paltamo;yleinen_maapohja;1.1
2021;578;Paltamo;yleinen_rakennus;1.1
2021;580;Parikkala;muu_asuinrakennus;1.1
2021;580;Parikkala;rakentamaton_rakennuspaikka;
2021;580;Parikkala;vakituinen_asuinrakennus;0.5
2021;580;Parikkala;yleinen_maapohja;1
2021;580;Parikkala;yleinen_rakennus;1
2021;581;Parkano;muu_asuinrakennus;1.1
2021;581;Parkano;rakentamaton_rakennuspaikka;
2021;581;Parkano;vakituinen_asuinrakennus;0.52
2021;581;Parkano;yleinen_maapohja;1.1
2021;581;Parkano;yleinen_rakennus;1.1
2021;583;Pelkosenniemi;muu_asuinrakennus;1.75
2021;583;Pelkosenniemi;rakentamaton_rakennuspaikka;4
2021;583;Pelkosenniemi;vakituinen_asuinrakennus;0.75
2021;583;Pelkosenniemi;yleinen_maapohja;1.5
2021;583;Pelkosenniemi;yleinen_rakennus;1.5
2021;584;Perho;muu_asuinrakennus;1.14
2021;584;Perho;rakentamaton_rakennuspaikka;2.25
2021;584;Perho;vakituinen_asuinrakennus;0.66
2021;584;Perho;yleinen_maapohja;1
2021;584;Perho;yleinen_rakennus;1
2021;592;Petäjävesi;muu_asuinrakennus;1.35
2021;592;Petäjävesi;rakentamaton_rakennuspaikka;2
2021;592;Petäjävesi;vakituinen_asuinrakennus;0.6
2021;592;Petäjävesi;yleinen_maapohja;1.3
2021;592;Petäjävesi;yleinen_rakennus;1.3
2021;593;Pieksämäki;muu_asuinrakennus;1.1
2021;593;Pieksämäki;rakentamaton_rakennuspaikka;
2021;593;Pieksämäki;vakituinen_asuinrakennus;0.5
2021;593;Pieksämäki;yleinen_maapohja;1.1
2021;593;Pieksämäki;yleinen_rakennus;1.1
2021;595;Pielavesi;muu_asuinrakennus;1.1
2021;595;Pielavesi;rakentamaton_rakennuspaikka;2.5
2021;595;Pielavesi;vakituinen_asuinrakennus;0.6
2021;595;Pielavesi;yleinen_maapohja;0.93
2021;595;Pielavesi;yleinen_rakennus;0.93
2021;598;Pietarsaari;muu_asuinrakennus;1.15
2021;598;Pietarsaari;rakentamaton_rakennuspaikka;4
2021;598;Pietarsaari;vakituinen_asuinrakennus;0.5
2021;598;Pietarsaari;yleinen_maapohja;1.4
2021;598;Pietarsaari;yleinen_rakennus;1.4
2021;599;Pedersören kunta;muu_asuinrakennus;1.15
2021;599;Pedersören kunta;rakentamaton_rakennuspaikka;
2021;599;Pedersören kunta;vakituinen_asuinrakennus;0.55
2021;599;Pedersören kunta;yleinen_maapohja;0.93
2021;599;Pedersören kunta;yleinen_rakennus;0.93
2021;601;Pihtipudas;muu_asuinrakennus;1.1
2021;601;Pihtipudas;rakentamaton_rakennuspaikka;
2021;601;Pihtipudas;vakituinen_asuinrakennus;0.6
2021;601;Pihtipudas;yleinen_maapohja;0.93
2021;601;Pihtipudas;yleinen_rakennus;0.93
2021;604;Pirkkala;muu_asuinrakennus;1.05
2021;604;Pirkkala;rakentamaton_rakennuspaikka;3
2021;604;Pirkkala;vakituinen_asuinrakennus;0.55
2021;604;Pirkkala;yleinen_maapohja;1.05
2021;604;Pirkkala;yleinen_rakennus;1.05
2021;607;Polvijärvi;muu_asuinrakennus;1
2021;607;Polvijärvi;rakentamaton_rakennuspaikka;
2021;607;Polvijärvi;vakituinen_asuinrakennus;0.5
2021;607;Polvijärvi;yleinen_maapohja;0.93
2021;607;Polvijärvi;yleinen_rakennus;0.93
2021;608;Pomarkku;muu_asuinrakennus;1.2
2021;608;Pomarkku;rakentamaton_rakennuspaikka;
2021;608;Pomarkku;vakituinen_asuinrakennus;0.45
2021;608;Pomarkku;yleinen_maapohja;1.1
2021;608;Pomarkku;yleinen_rakennus;1.1
2021;609;Pori;muu_asuinrakennus;1.1
2021;609;Pori;rakentamaton_rakennuspaikka;6
2021;609;Pori;vakituinen_asuinrakennus;0.5
2021;609;Pori;yleinen_maapohja;0.93
2021;609;Pori;yleinen_rakennus;0.93
2021;611;Pornainen;muu_asuinrakennus;1
2021;611;Pornainen;rakentamaton_rakennuspaikka;4
2021;611;Pornainen;vakituinen_asuinrakennus;0.5
2021;611;Pornainen;yleinen_maapohja;1
2021;611;Pornainen;yleinen_rakennus;1
2021;614;Posio;muu_asuinrakennus;1.1
2021;614;Posio;rakentamaton_rakennuspaikka;
2021;614;Posio;vakituinen_asuinrakennus;0.6
2021;614;Posio;yleinen_maapohja;1
2021;614;Posio;yleinen_rakennus;1
2021;615;Pudasjärvi;muu_asuinrakennus;1.1
2021;615;Pudasjärvi;rakentamaton_rakennuspaikka;3.5
2021;615;Pudasjärvi;vakituinen_asuinrakennus;0.41
2021;615;Pudasjärvi;yleinen_maapohja;1
2021;615;Pudasjärvi;yleinen_rakennus;1
2021;616;Pukkila;muu_asuinrakennus;1.25
2021;616;Pukkila;rakentamaton_rakennuspaikka;3.1
2021;616;Pukkila;vakituinen_asuinrakennus;0.65
2021;616;Pukkila;yleinen_maapohja;1.15
2021;616;Pukkila;yleinen_rakennus;1.15
2021;619;Punkalaidun;muu_asuinrakennus;1.05
2021;619;Punkalaidun;rakentamaton_rakennuspaikka;
2021;619;Punkalaidun;vakituinen_asuinrakennus;0.6
2021;619;Punkalaidun;yleinen_maapohja;1.05
2021;619;Punkalaidun;yleinen_rakennus;1.05
2021;620;Puolanka;muu_asuinrakennus;1.1
2021;620;Puolanka;rakentamaton_rakennuspaikka;
2021;620;Puolanka;vakituinen_asuinrakennus;0.55
2021;620;Puolanka;yleinen_maapohja;0.93
2021;620;Puolanka;yleinen_rakennus;0.93
2021;623;Puumala;muu_asuinrakennus;1.08
2021;623;Puumala;rakentamaton_rakennuspaikka;
2021;623;Puumala;vakituinen_asuinrakennus;0.48
2021;623;Puumala;yleinen_maapohja;0.95
2021;623;Puumala;yleinen_rakennus;0.95
2021;624;Pyhtää;muu_asuinrakennus;1.55
2021;624;Pyhtää;rakentamaton_rakennuspaikka;
2021;624;Pyhtää;vakituinen_asuinrakennus;0.62
2021;624;Pyhtää;yleinen_maapohja;1.3
2021;624;Pyhtää;yleinen_rakennus;1.3
2021;625;Pyhäjoki;muu_asuinrakennus;1.3
2021;625;Pyhäjoki;rakentamaton_rakennuspaikka;6
2021;625;Pyhäjoki;vakituinen_asuinrakennus;0.5
2021;625;Pyhäjoki;yleinen_maapohja;1.15
2021;625;Pyhäjoki;yleinen_rakennus;1.15
2021;626;Pyhäjärvi;muu_asuinrakennus;1.4
2021;626;Pyhäjärvi;rakentamaton_rakennuspaikka;6
2021;626;Pyhäjärvi;vakituinen_asuinrakennus;0.5
2021;626;Pyhäjärvi;yleinen_maapohja;1.3
2021;626;Pyhäjärvi;yleinen_rakennus;1.3
2021;630;Pyhäntä;muu_asuinrakennus;1.2
2021;630;Pyhäntä;rakentamaton_rakennuspaikka;2
2021;630;Pyhäntä;vakituinen_asuinrakennus;0.6
2021;630;Pyhäntä;yleinen_maapohja;1.05
2021;630;Pyhäntä;yleinen_rakennus;1.05
2021;631;Pyhäranta;muu_asuinrakennus;1.8
2021;631;Pyhäranta;rakentamaton_rakennuspaikka;4
2021;631;Pyhäranta;vakituinen_asuinrakennus;0.5
2021;631;Pyhäranta;yleinen_maapohja;1.8
2021;631;Pyhäranta;yleinen_rakennus;1.8
2021;635;Pälkäne;muu_asuinrakennus;1.1
2021;635;Pälkäne;rakentamaton_rakennuspaikka;
2021;635;Pälkäne;vakituinen_asuinrakennus;0.48
2021;635;Pälkäne;yleinen_maapohja;1.1
2021;635;Pälkäne;yleinen_rakennus;1.1
2021;636;Pöytyä;muu_asuinrakennus;1.1
2021;636;Pöytyä;rakentamaton_rakennuspaikka;
2021;636;Pöytyä;vakituinen_asuinrakennus;0.5
2021;636;Pöytyä;yleinen_maapohja;1.05
2021;636;Pöytyä;yleinen_rakennus;1.05
2021;638;Porvoo;muu_asuinrakennus;1.3
2021;638;Porvoo;rakentamaton_rakennuspaikka;
2021;638;Porvoo;vakituinen_asuinrakennus;0.5
2021;638;Porvoo;yleinen_maapohja;1.3
2021;638;Porvoo;yleinen_rakennus;1.3
2021;678;Raahe;muu_asuinrakennus;1
2021;678;Raahe;rakentamaton_rakennuspaikka;3
2021;678;Raahe;vakituinen_asuinrakennus;0.5
2021;678;Raahe;yleinen_maapohja;1
2021;678;Raahe;yleinen_rakennus;1
2021;680;Raisio;muu_asuinrakennus;0.93
2021;680;Raisio;rakentamaton_rakennuspaikka;3
2021;680;Raisio;vakituinen_asuinrakennus;0.41
2021;680;Raisio;yleinen_maapohja;1.25
2021;680;Raisio;yleinen_rakennus;1.25
2021;681;Rantasalmi;muu_asuinrakennus;1.1
2021;681;Rantasalmi;rakentamaton_rakennuspaikka;2
2021;681;Rantasalmi;vakituinen_asuinrakennus;0.55
2021;681;Rantasalmi;yleinen_maapohja;1.1
2021;681;Rantasalmi;yleinen_rakennus;1.1
2021;683;Ranua;muu_asuinrakennus;1.15
2021;683;Ranua;rakentamaton_rakennuspaikka;
2021;683;Ranua;vakituinen_asuinrakennus;0.5
2021;683;Ranua;yleinen_maapohja;1.1
2021;683;Ranua;yleinen_rakennus;1.1
2021;684;Rauma;muu_asuinrakennus;0.93
2021;684;Rauma;rakentamaton_rakennuspaikka;5
2021;684;Rauma;vakituinen_asuinrakennus;0.41
2021;684;Rauma;yleinen_maapohja;0.93
2021;684;Rauma;yleinen_rakennus;0.93
2021;686;Rautalampi;muu_asuinrakennus;1.3
2021;686;Rautalampi;rakentamaton_rakennuspaikka;
2021;686;Rautalampi;vakituinen_asuinrakennus;0.7
2021;686;Rautalampi;yleinen_maapohja;1
2021;686;Rautalampi;yleinen_rakennus;1
2021;687;Rautavaara;muu_asuinrakennus;1.25
2021;687;Rautavaara;rakentamaton_rakennuspaikka;2
2021;687;Rautavaara;vakituinen_asuinrakennus;0.65
2021;687;Rautavaara;yleinen_maapohja;1.23
2021;687;Rautavaara;yleinen_rakennus;1.23
2021;689;Rautjärvi;muu_asuinrakennus;1.19
2021;689;Rautjärvi;rakentamaton_rakennuspaikka;
2021;689;Rautjärvi;vakituinen_asuinrakennus;0.59
2021;689;Rautjärvi;yleinen_maapohja;1.03
2021;689;Rautjärvi;yleinen_rakennus;1.03
2021;691;Reisjärvi;muu_asuinrakennus;1.5
2021;691;Reisjärvi;rakentamaton_rakennuspaikka;5
2021;691;Reisjärvi;vakituinen_asuinrakennus;0.7
2021;691;Reisjärvi;yleinen_maapohja;1.2
2021;691;Reisjärvi;yleinen_rakennus;1.2
2021;694;Riihimäki;muu_asuinrakennus;1.5
2021;694;Riihimäki;rakentamaton_rakennuspaikka;6
2021;694;Riihimäki;vakituinen_asuinrakennus;0.5
2021;694;Riihimäki;yleinen_maapohja;1.45
2021;694;Riihimäki;yleinen_rakennus;1.45
2021;697;Ristijärvi;muu_asuinrakennus;1.55
2021;697;Ristijärvi;rakentamaton_rakennuspaikka;
2021;697;Ristijärvi;vakituinen_asuinrakennus;0.55
2021;697;Ristijärvi;yleinen_maapohja;1.1
2021;697;Ristijärvi;yleinen_rakennus;1.1
2021;698;Rovaniemi;muu_asuinrakennus;1.2
2021;698;Rovaniemi;rakentamaton_rakennuspaikka;4
2021;698;Rovaniemi;vakituinen_asuinrakennus;0.6
2021;698;Rovaniemi;yleinen_maapohja;1.55
2021;698;Rovaniemi;yleinen_rakennus;1.55
2021;700;Ruokolahti;muu_asuinrakennus;1.1
2021;700;Ruokolahti;rakentamaton_rakennuspaikka;
2021;700;Ruokolahti;vakituinen_asuinrakennus;0.5
2021;700;Ruokolahti;yleinen_maapohja;0.93
2021;700;Ruokolahti;yleinen_rakennus;0.93
2021;702;Ruovesi;muu_asuinrakennus;1.3
2021;702;Ruovesi;rakentamaton_rakennuspaikka;
2021;702;Ruovesi;vakituinen_asuinrakennus;0.6
2021;702;Ruovesi;yleinen_maapohja;1.15
2021;702;Ruovesi;yleinen_rakennus;1.15
2021;704;Rusko;muu_asuinrakennus;1.02
2021;704;Rusko;rakentamaton_rakennuspaikka;
2021;704;Rusko;vakituinen_asuinrakennus;0.42
2021;704;Rusko;yleinen_maapohja;0.95
2021;704;Rusko;yleinen_rakennus;0.95
2021;707;Rääkkylä;muu_asuinrakennus;1.05
2021;707;Rääkkylä;rakentamaton_rakennuspaikka;
2021;707;Rääkkylä;vakituinen_asuinrakennus;0.55
2021;707;Rääkkylä;yleinen_maapohja;1
2021;707;Rääkkylä;yleinen_rakennus;1
2021;710;Raasepori;muu_asuinrakennus;1.8
2021;710;Raasepori;rakentamaton_rakennuspaikka;
2021;710;Raasepori;vakituinen_asuinrakennus;0.41
2021;710;Raasepori;yleinen_maapohja;1.35
2021;710;Raasepori;yleinen_rakennus;1.35
2021;729;Saarijärvi;muu_asuinrakennus;1.36
2021;729;Saarijärvi;rakentamaton_rakennuspaikka;2.4
2021;729;Saarijärvi;vakituinen_asuinrakennus;0.49
2021;729;Saarijärvi;yleinen_maapohja;1.04
2021;729;Saarijärvi;yleinen_rakennus;1.04
2021;732;Salla;muu_asuinrakennus;1.45
2021;732;Salla;rakentamaton_rakennuspaikka;
2021;732;Salla;vakituinen_asuinrakennus;0.55
2021;732;Salla;yleinen_maapohja;1.25
2021;732;Salla;yleinen_rakennus;1.25
2021;734;Salo;muu_asuinrakennus;1.3
2021;734;Salo;rakentamaton_rakennuspaikka;3
2021;734;Salo;vakituinen_asuinrakennus;0.55
2021;734;Salo;yleinen_maapohja;0.93
2021;734;Salo;yleinen_rakennus;0.93
2021;736;Saltvik;muu_asuinrakennus;0.9
2021;736;Saltvik;rakentamaton_rakennuspaikka;0
2021;736;Saltvik;vakituinen_asuinrakennus;0
2021;736;Saltvik;yleinen_maapohja;0
2021;736;Saltvik;yleinen_rakennus;0
2021;738;Sauvo;muu_asuinrakennus;1.4
2021;738;Sauvo;rakentamaton_rakennuspaikka;
2021;738;Sauvo;vakituinen_asuinrakennus;0.6
2021;738;Sauvo;yleinen_maapohja;1.2
2021;738;Sauvo;yleinen_rakennus;1.2
2021;739;Savitaipale;muu_asuinrakennus;1.1
2021;739;Savitaipale;rakentamaton_rakennuspaikka;
2021;739;Savitaipale;vakituinen_asuinrakennus;0.5
2021;739;Savitaipale;yleinen_maapohja;0.93
2021;739;Savitaipale;yleinen_rakennus;0.93
2021;740;Savonlinna;muu_asuinrakennus;1.55
2021;740;Savonlinna;rakentamaton_rakennuspaikka;2
2021;740;Savonlinna;vakituinen_asuinrakennus;0.59
2021;740;Savonlinna;yleinen_maapohja;1.43
2021;740;Savonlinna;yleinen_rakennus;1.43
2021;742;Savukoski;muu_asuinrakennus;1.2
2021;742;Savukoski;rakentamaton_rakennuspaikka;4
2021;742;Savukoski;vakituinen_asuinrakennus;0.6
2021;742;Savukoski;yleinen_maapohja;1.2
2021;742;Savukoski;yleinen_rakennus;1.2
2021;743;Seinäjoki;muu_asuinrakennus;1.65
2021;743;Seinäjoki;rakentamaton_rakennuspaikka;6
2021;743;Seinäjoki;vakituinen_asuinrakennus;0.6
2021;743;Seinäjoki;yleinen_maapohja;1.45
2021;743;Seinäjoki;yleinen_rakennus;1.45
2021;746;Sievi;muu_asuinrakennus;1.3
2021;746;Sievi;rakentamaton_rakennuspaikka;
2021;746;Sievi;vakituinen_asuinrakennus;0.7
2021;746;Sievi;yleinen_maapohja;0.93
2021;746;Sievi;yleinen_rakennus;0.93
2021;747;Siikainen;muu_asuinrakennus;1.3
2021;747;Siikainen;rakentamaton_rakennuspaikka;
2021;747;Siikainen;vakituinen_asuinrakennus;0.5
2021;747;Siikainen;yleinen_maapohja;1.1
2021;747;Siikainen;yleinen_rakennus;1.1
2021;748;Siikajoki;muu_asuinrakennus;1.1
2021;748;Siikajoki;rakentamaton_rakennuspaikka;3
2021;748;Siikajoki;vakituinen_asuinrakennus;0.5
2021;748;Siikajoki;yleinen_maapohja;1
2021;748;Siikajoki;yleinen_rakennus;1
2021;749;Siilinjärvi;muu_asuinrakennus;1
2021;749;Siilinjärvi;rakentamaton_rakennuspaikka;3
2021;749;Siilinjärvi;vakituinen_asuinrakennus;0.65
2021;749;Siilinjärvi;yleinen_maapohja;1.25
2021;749;Siilinjärvi;yleinen_rakennus;1.25
2021;751;Simo;muu_asuinrakennus;1.3
2021;751;Simo;rakentamaton_rakennuspaikka;
2021;751;Simo;vakituinen_asuinrakennus;0.55
2021;751;Simo;yleinen_maapohja;1.4
2021;751;Simo;yleinen_rakennus;1.4
2021;753;Sipoo;muu_asuinrakennus;1.1
2021;753;Sipoo;rakentamaton_rakennuspaikka;6
2021;753;Sipoo;vakituinen_asuinrakennus;0.5
2021;753;Sipoo;yleinen_maapohja;1
2021;753;Sipoo;yleinen_rakennus;1
2021;755;Siuntio;muu_asuinrakennus;1.2
2021;755;Siuntio;rakentamaton_rakennuspaikka;3
2021;755;Siuntio;vakituinen_asuinrakennus;0.5
2021;755;Siuntio;yleinen_maapohja;1.2
2021;755;Siuntio;yleinen_rakennus;1.2
2021;758;Sodankylä;muu_asuinrakennus;1.15
2021;758;Sodankylä;rakentamaton_rakennuspaikka;6
2021;758;Sodankylä;vakituinen_asuinrakennus;0.45
2021;758;Sodankylä;yleinen_maapohja;1.4
2021;758;Sodankylä;yleinen_rakennus;1.4
2021;759;Soini;muu_asuinrakennus;1.35
2021;759;Soini;rakentamaton_rakennuspaikka;
2021;759;Soini;vakituinen_asuinrakennus;0.6
2021;759;Soini;yleinen_maapohja;1.1
2021;759;Soini;yleinen_rakennus;1.1
2021;761;Somero;muu_asuinrakennus;0.93
2021;761;Somero;rakentamaton_rakennuspaikka;
2021;761;Somero;vakituinen_asuinrakennus;0.41
2021;761;Somero;yleinen_maapohja;0.93
2021;761;Somero;yleinen_rakennus;0.93
2021;762;Sonkajärvi;muu_asuinrakennus;1.25
2021;762;Sonkajärvi;rakentamaton_rakennuspaikka;
2021;762;Sonkajärvi;vakituinen_asuinrakennus;0.55
2021;762;Sonkajärvi;yleinen_maapohja;1.1
2021;762;Sonkajärvi;yleinen_rakennus;1.1
2021;765;Sotkamo;muu_asuinrakennus;1.2
2021;765;Sotkamo;rakentamaton_rakennuspaikka;3
2021;765;Sotkamo;vakituinen_asuinrakennus;0.6
2021;765;Sotkamo;yleinen_maapohja;1.1
2021;765;Sotkamo;yleinen_rakennus;1.1
2021;766;Sottunga;muu_asuinrakennus;0.9
2021;766;Sottunga;rakentamaton_rakennuspaikka;
2021;766;Sottunga;vakituinen_asuinrakennus;0.5
2021;766;Sottunga;yleinen_maapohja;0
2021;766;Sottunga;yleinen_rakennus;0
2021;768;Sulkava;muu_asuinrakennus;1.05
2021;768;Sulkava;rakentamaton_rakennuspaikka;
2021;768;Sulkava;vakituinen_asuinrakennus;0.45
2021;768;Sulkava;yleinen_maapohja;0.93
2021;768;Sulkava;yleinen_rakennus;0.93
2021;771;Sund;muu_asuinrakennus;0.9
2021;771;Sund;rakentamaton_rakennuspaikka;0.2
2021;771;Sund;vakituinen_asuinrakennus;0
2021;771;Sund;yleinen_maapohja;0.5
2021;771;Sund;yleinen_rakennus;0.5
2021;777;Suomussalmi;muu_asuinrakennus;1.1
2021;777;Suomussalmi;rakentamaton_rakennuspaikka;3.1
2021;777;Suomussalmi;vakituinen_asuinrakennus;0.55
2021;777;Suomussalmi;yleinen_maapohja;1.05
2021;777;Suomussalmi;yleinen_rakennus;1.05
2021;778;Suonenjoki;muu_asuinrakennus;1.25
2021;778;Suonenjoki;rakentamaton_rakennuspaikka;
2021;778;Suonenjoki;vakituinen_asuinrakennus;0.7
2021;778;Suonenjoki;yleinen_maapohja;1.05
2021;778;Suonenjoki;yleinen_rakennus;1.05
2021;781;Sysmä;muu_asuinrakennus;1
2021;781;Sysmä;rakentamaton_rakennuspaikka;
2021;781;Sysmä;vakituinen_asuinrakennus;0.5
2021;781;Sysmä;yleinen_maapohja;0.95
2021;781;Sysmä;yleinen_rakennus;0.95
2021;783;Säkylä;muu_asuinrakennus;1.1
2021;783;Säkylä;rakentamaton_rakennuspaikka;
2021;783;Säkylä;vakituinen_asuinrakennus;0.49
2021;783;Säkylä;yleinen_maapohja;1
2021;783;Säkylä;yleinen_rakennus;1
2021;785;Vaala;muu_asuinrakennus;1.15
2021;785;Vaala;rakentamaton_rakennuspaikka;
2021;785;Vaala;vakituinen_asuinrakennus;0.59
2021;785;Vaala;yleinen_maapohja;1.1
2021;785;Vaala;yleinen_rakennus;1.1
2021;790;Sastamala;muu_asuinrakennus;0.98
2021;790;Sastamala;rakentamaton_rakennuspaikka;2
2021;790;Sastamala;vakituinen_asuinrakennus;0.45
2021;790;Sastamala;yleinen_maapohja;0.93
2021;790;Sastamala;yleinen_rakennus;0.93
2021;791;Siikalatva;muu_asuinrakennus;1.25
2021;791;Siikalatva;rakentamaton_rakennuspaikka;6
2021;791;Siikalatva;vakituinen_asuinrakennus;0.6
2021;791;Siikalatva;yleinen_maapohja;0.95
2021;791;Siikalatva;yleinen_rakennus;0.95
2021;831;Taipalsaari;muu_asuinrakennus;1.3
2021;831;Taipalsaari;rakentamaton_rakennuspaikka;3.5
2021;831;Taipalsaari;vakituinen_asuinrakennus;0.55
2021;831;Taipalsaari;yleinen_maapohja;1.4
2021;831;Taipalsaari;yleinen_rakennus;1.4
2021;832;Taivalkoski;muu_asuinrakennus;1.03
2021;832;Taivalkoski;rakentamaton_rakennuspaikka;2
2021;832;Taivalkoski;vakituinen_asuinrakennus;0.45
2021;832;Taivalkoski;yleinen_maapohja;1.03
2021;832;Taivalkoski;yleinen_rakennus;1.03
2021;833;Taivassalo;muu_asuinrakennus;1.35
2021;833;Taivassalo;rakentamaton_rakennuspaikka;
2021;833;Taivassalo;vakituinen_asuinrakennus;0.65
2021;833;Taivassalo;yleinen_maapohja;1.15
2021;833;Taivassalo;yleinen_rakennus;1.15
2021;834;Tammela;muu_asuinrakennus;1.1
2021;834;Tammela;rakentamaton_rakennuspaikka;3
2021;834;Tammela;vakituinen_asuinrakennus;0.5
2021;834;Tammela;yleinen_maapohja;1.1
2021;834;Tammela;yleinen_rakennus;1.1
2021;837;Tampere;muu_asuinrakennus;1.1
2021;837;Tampere;rakentamaton_rakennuspaikka;5
2021;837;Tampere;vakituinen_asuinrakennus;0.65
2021;837;Tampere;yleinen_maapohja;1.25
2021;837;Tampere;yleinen_rakennus;1.25
2021;844;Tervo;muu_asuinrakennus;1.2
2021;844;Tervo;rakentamaton_rakennuspaikka;2
2021;844;Tervo;vakituinen_asuinrakennus;0.6
2021;844;Tervo;yleinen_maapohja;1.15
2021;844;Tervo;yleinen_rakennus;1.15
2021;845;Tervola;muu_asuinrakennus;1
2021;845;Tervola;rakentamaton_rakennuspaikka;
2021;845;Tervola;vakituinen_asuinrakennus;0.5
2021;845;Tervola;yleinen_maapohja;0.95
2021;845;Tervola;yleinen_rakennus;0.95
2021;846;Teuva;muu_asuinrakennus;1.3
2021;846;Teuva;rakentamaton_rakennuspaikka;
2021;846;Teuva;vakituinen_asuinrakennus;0.6
2021;846;Teuva;yleinen_maapohja;1.05
2021;846;Teuva;yleinen_rakennus;1.05
2021;848;Tohmajärvi;muu_asuinrakennus;1.15
2021;848;Tohmajärvi;rakentamaton_rakennuspaikka;2
2021;848;Tohmajärvi;vakituinen_asuinrakennus;0.55
2021;848;Tohmajärvi;yleinen_maapohja;1
2021;848;Tohmajärvi;yleinen_rakennus;1
2021;849;Toholampi;muu_asuinrakennus;1.1
2021;849;Toholampi;rakentamaton_rakennuspaikka;2.9
2021;849;Toholampi;vakituinen_asuinrakennus;0.65
2021;849;Toholampi;yleinen_maapohja;1
2021;849;Toholampi;yleinen_rakennus;1
2021;850;Toivakka;muu_asuinrakennus;1.55
2021;850;Toivakka;rakentamaton_rakennuspaikka;3
2021;850;Toivakka;vakituinen_asuinrakennus;0.45
2021;850;Toivakka;yleinen_maapohja;1.1
2021;850;Toivakka;yleinen_rakennus;1.1
2021;851;Tornio;muu_asuinrakennus;1
2021;851;Tornio;rakentamaton_rakennuspaikka;3
2021;851;Tornio;vakituinen_asuinrakennus;0.5
2021;851;Tornio;yleinen_maapohja;1.12
2021;851;Tornio;yleinen_rakennus;1.12
2021;853;Turku;muu_asuinrakennus;1.1
2021;853;Turku;rakentamaton_rakennuspaikka;4
2021;853;Turku;vakituinen_asuinrakennus;0.45
2021;853;Turku;yleinen_maapohja;1.15
2021;853;Turku;yleinen_rakennus;1.15
2021;854;Pello;muu_asuinrakennus;1.2
2021;854;Pello;rakentamaton_rakennuspaikka;2
2021;854;Pello;vakituinen_asuinrakennus;0.41
2021;854;Pello;yleinen_maapohja;1.25
2021;854;Pello;yleinen_rakennus;1.25
2021;857;Tuusniemi;muu_asuinrakennus;1.25
2021;857;Tuusniemi;rakentamaton_rakennuspaikka;
2021;857;Tuusniemi;vakituinen_asuinrakennus;0.65
2021;857;Tuusniemi;yleinen_maapohja;1.15
2021;857;Tuusniemi;yleinen_rakennus;1.15
2021;858;Tuusula;muu_asuinrakennus;1.35
2021;858;Tuusula;rakentamaton_rakennuspaikka;6
2021;858;Tuusula;vakituinen_asuinrakennus;0.48
2021;858;Tuusula;yleinen_maapohja;1.15
2021;858;Tuusula;yleinen_rakennus;1.15
2021;859;Tyrnävä;muu_asuinrakennus;1.12
2021;859;Tyrnävä;rakentamaton_rakennuspaikka;4
2021;859;Tyrnävä;vakituinen_asuinrakennus;0.54
2021;859;Tyrnävä;yleinen_maapohja;1.12
2021;859;Tyrnävä;yleinen_rakennus;1.12
2021;886;Ulvila;muu_asuinrakennus;1.1
2021;886;Ulvila;rakentamaton_rakennuspaikka;3
2021;886;Ulvila;vakituinen_asuinrakennus;0.55
2021;886;Ulvila;yleinen_maapohja;1.3
2021;886;Ulvila;yleinen_rakennus;1.3
2021;887;Urjala;muu_asuinrakennus;1.25
2021;887;Urjala;rakentamaton_rakennuspaikka;
2021;887;Urjala;vakituinen_asuinrakennus;0.65
2021;887;Urjala;yleinen_maapohja;1.2
2021;887;Urjala;yleinen_rakennus;1.2
2021;889;Utajärvi;muu_asuinrakennus;1.25
2021;889;Utajärvi;rakentamaton_rakennuspaikka;6
2021;889;Utajärvi;vakituinen_asuinrakennus;0.45
2021;889;Utajärvi;yleinen_maapohja;1.1
2021;889;Utajärvi;yleinen_rakennus;1.1
2021;890;Utsjoki;muu_asuinrakennus;1.6
2021;890;Utsjoki;rakentamaton_rakennuspaikka;2
2021;890;Utsjoki;vakituinen_asuinrakennus;0.65
2021;890;Utsjoki;yleinen_maapohja;1.25
2021;890;Utsjoki;yleinen_rakennus;1.25
2021;892;Uurainen;muu_asuinrakennus;1.2
2021;892;Uurainen;rakentamaton_rakennuspaikka;3
2021;892;Uurainen;vakituinen_asuinrakennus;0.48
2021;892;Uurainen;yleinen_maapohja;1.05
2021;892;Uurainen;yleinen_rakennus;1.05
2021;893;Uusikaarlepyy;muu_asuinrakennus;1.3
2021;893;Uusikaarlepyy;rakentamaton_rakennuspaikka;4
2021;893;Uusikaarlepyy;vakituinen_asuinrakennus;0.5
2021;893;Uusikaarlepyy;yleinen_maapohja;1
2021;893;Uusikaarlepyy;yleinen_rakennus;1
2021;895;Uusikaupunki;muu_asuinrakennus;1.12
2021;895;Uusikaupunki;rakentamaton_rakennuspaikka;
2021;895;Uusikaupunki;vakituinen_asuinrakennus;0.45
2021;895;Uusikaupunki;yleinen_maapohja;1.03
2021;895;Uusikaupunki;yleinen_rakennus;1.03
2021;905;Vaasa;muu_asuinrakennus;1.1
2021;905;Vaasa;rakentamaton_rakennuspaikka;4
2021;905;Vaasa;vakituinen_asuinrakennus;0.55
2021;905;Vaasa;yleinen_maapohja;1.25
2021;905;Vaasa;yleinen_rakennus;1.25
2021;908;Valkeakoski;muu_asuinrakennus;1.1
2021;908;Valkeakoski;rakentamaton_rakennuspaikka;
2021;908;Valkeakoski;vakituinen_asuinrakennus;0.6
2021;908;Valkeakoski;yleinen_maapohja;1.4
2021;908;Valkeakoski;yleinen_rakennus;1.4
2021;915;Varkaus;muu_asuinrakennus;1
2021;915;Varkaus;rakentamaton_rakennuspaikka;
2021;915;Varkaus;vakituinen_asuinrakennus;0.5
2021;915;Varkaus;yleinen_maapohja;1.45
2021;915;Varkaus;yleinen_rakennus;1.45
2021;918;Vehmaa;muu_asuinrakennus;2
2021;918;Vehmaa;rakentamaton_rakennuspaikka;
2021;918;Vehmaa;vakituinen_asuinrakennus;0.6
2021;918;Vehmaa;yleinen_maapohja;1.25
2021;918;Vehmaa;yleinen_rakennus;1.25
2021;921;Vesanto;muu_asuinrakennus;1.7
2021;921;Vesanto;rakentamaton_rakennuspaikka;
2021;921;Vesanto;vakituinen_asuinrakennus;0.9
2021;921;Vesanto;yleinen_maapohja;1.5
2021;921;Vesanto;yleinen_rakennus;1.5
2021;922;Vesilahti;muu_asuinrakennus;1.4
2021;922;Vesilahti;rakentamaton_rakennuspaikka;2
2021;922;Vesilahti;vakituinen_asuinrakennus;0.55
2021;922;Vesilahti;yleinen_maapohja;1.25
2021;922;Vesilahti;yleinen_rakennus;1.25
2021;924;Veteli;muu_asuinrakennus;1.05
2021;924;Veteli;rakentamaton_rakennuspaikka;3
2021;924;Veteli;vakituinen_asuinrakennus;0.6
2021;924;Veteli;yleinen_maapohja;0.95
2021;924;Veteli;yleinen_rakennus;0.95
2021;925;Vieremä;muu_asuinrakennus;1
2021;925;Vieremä;rakentamaton_rakennuspaikka;
2021;925;Vieremä;vakituinen_asuinrakennus;0.45
2021;925;Vieremä;yleinen_maapohja;0.93
2021;925;Vieremä;yleinen_rakennus;0.93
2021;927;Vihti;muu_asuinrakennus;1
2021;927;Vihti;rakentamaton_rakennuspaikka;4
2021;927;Vihti;vakituinen_asuinrakennus;0.45
2021;927;Vihti;yleinen_maapohja;0.95
2021;927;Vihti;yleinen_rakennus;0.95
2021;931;Viitasaari;muu_asuinrakennus;1.1
2021;931;Viitasaari;rakentamaton_rakennuspaikka;
2021;931;Viitasaari;vakituinen_asuinrakennus;0.5
2021;931;Viitasaari;yleinen_maapohja;0.93
2021;931;Viitasaari;yleinen_rakennus;0.93
2021;934;Vimpeli;muu_asuinrakennus;1.3
2021;934;Vimpeli;rakentamaton_rakennuspaikka;3
2021;934;Vimpeli;vakituinen_asuinrakennus;0.65
2021;934;Vimpeli;yleinen_maapohja;1.1
2021;934;Vimpeli;yleinen_rakennus;1.1
2021;935;Virolahti;muu_asuinrakennus;1.15
2021;935;Virolahti;rakentamaton_rakennuspaikka;
2021;935;Virolahti;vakituinen_asuinrakennus;0.5
2021;935;Virolahti;yleinen_maapohja;1.25
2021;935;Virolahti;yleinen_rakennus;1.25
2021;936;Virrat;muu_asuinrakennus;1
2021;936;Virrat;rakentamaton_rakennuspaikka;
2021;936;Virrat;vakituinen_asuinrakennus;0.45
2021;936;Virrat;yleinen_maapohja;0.93
2021;936;Virrat;yleinen_rakennus;0.93
2021;941;Vårdö;muu_asuinrakennus;0.9
2021;941;Vårdö;rakentamaton_rakennuspaikka;0
2021;941;Vårdö;vakituinen_asuinrakennus;0
2021;941;Vårdö;yleinen_maapohja;0.1
2021;941;Vårdö;yleinen_rakennus;0.1
2021;946;Vöyri;muu_asuinrakennus;1.25
2021;946;Vöyri;rakentamaton_rakennuspaikka;
2021;946;Vöyri;vakituinen_asuinrakennus;0.5
2021;946;Vöyri;yleinen_maapohja;1
2021;946;Vöyri;yleinen_rakennus;1
2021;976;Ylitornio;muu_asuinrakennus;1.3
2021;976;Ylitornio;rakentamaton_rakennuspaikka;2
2021;976;Ylitornio;vakituinen_asuinrakennus;0.5
2021;976;Ylitornio;yleinen_maapohja;1.1
2021;976;Ylitornio;yleinen_rakennus;1.1
2021;977;Ylivieska;muu_asuinrakennus;1.15
2021;977;Ylivieska;rakentamaton_rakennuspaikka;3
2021;977;Ylivieska;vakituinen_asuinrakennus;0.7
2021;977;Ylivieska;yleinen_maapohja;1.3
2021;977;Ylivieska;yleinen_rakennus;1.3
2021;980;Ylöjärvi;muu_asuinrakennus;1
2021;980;Ylöjärvi;rakentamaton_rakennuspaikka;3
2021;980;Ylöjärvi;vakituinen_asuinrakennus;0.41
2021;980;Ylöjärvi;yleinen_maapohja;0.93
2021;980;Ylöjärvi;yleinen_rakennus;0.93
2021;981;Ypäjä;muu_asuinrakennus;1.5
2021;981;Ypäjä;rakentamaton_rakennuspaikka;3
2021;981;Ypäjä;vakituinen_asuinrakennus;0.6
2021;981;Ypäjä;yleinen_maapohja;1
2021;981;Ypäjä;yleinen_rakennus;1
2021;989;Ähtäri;muu_asuinrakennus;1.3
2021;989;Ähtäri;rakentamaton_rakennuspaikka;
2021;989;Ähtäri;vakituinen_asuinrakennus;0.5
2021;989;Ähtäri;yleinen_maapohja;1.3
2021;989;Ähtäri;yleinen_rakennus;1.3
2021;992;Äänekoski;muu_asuinrakennus;1.1
2021;992;Äänekoski;rakentamaton_rakennuspaikka;
2021;992;Äänekoski;vakituinen_asuinrakennus;0.5
2021;992;Äänekoski;yleinen_maapohja;1.1
2021;992;Äänekoski;yleinen_rakennus;1.1
2022;005;Alajärvi;muu_asuinrakennus;1.5
2022;005;Alajärvi;rakentamaton_rakennuspaikka;3
2022;005;Alajärvi;vakituinen_asuinrakennus;0.5
2022;005;Alajärvi;yleinen_maapohja;0.93
2022;005;Alajärvi;yleinen_rakennus;0.93
2022;009;Alavieska;muu_asuinrakennus;1.03
2022;009;Alavieska;rakentamaton_rakennuspaikka;
2022;009;Alavieska;vakituinen_asuinrakennus;0.55
2022;009;Alavieska;yleinen_maapohja;1.03
2022;009;Alavieska;yleinen_rakennus;1.03
2022;010;Alavus;muu_asuinrakennus;1.1
2022;010;Alavus;rakentamaton_rakennuspaikka;
2022;010;Alavus;vakituinen_asuinrakennus;0.41
2022;010;Alavus;yleinen_maapohja;0.95
2022;010;Alavus;yleinen_rakennus;0.95
2022;016;Asikkala;muu_asuinrakennus;1.25
2022;016;Asikkala;rakentamaton_rakennuspaikka;3
2022;016;Asikkala;vakituinen_asuinrakennus;0.45
2022;016;Asikkala;yleinen_maapohja;0.93
2022;016;Asikkala;yleinen_rakennus;0.93
2022;018;Askola;muu_asuinrakennus;1.5
2022;018;Askola;rakentamaton_rakennuspaikka;5
2022;018;Askola;vakituinen_asuinrakennus;0.7
2022;018;Askola;yleinen_maapohja;1.1
2022;018;Askola;yleinen_rakennus;1.1
2022;019;Aura;muu_asuinrakennus;1.2
2022;019;Aura;rakentamaton_rakennuspaikka;
2022;019;Aura;vakituinen_asuinrakennus;0.6
2022;019;Aura;yleinen_maapohja;1.2
2022;019;Aura;yleinen_rakennus;1.2
2022;020;Akaa;muu_asuinrakennus;1.25
2022;020;Akaa;rakentamaton_rakennuspaikka;6
2022;020;Akaa;vakituinen_asuinrakennus;0.65
2022;020;Akaa;yleinen_maapohja;1.1
2022;020;Akaa;yleinen_rakennus;1.1
2022;035;Brändö;muu_asuinrakennus;0.9
2022;035;Brändö;rakentamaton_rakennuspaikka;
2022;035;Brändö;vakituinen_asuinrakennus;0
2022;035;Brändö;yleinen_maapohja;0
2022;035;Brändö;yleinen_rakennus;0
2022;043;Eckerö;muu_asuinrakennus;0.9
2022;043;Eckerö;rakentamaton_rakennuspaikka;
2022;043;Eckerö;vakituinen_asuinrakennus;0
2022;043;Eckerö;yleinen_maapohja;0.7
2022;043;Eckerö;yleinen_rakennus;0.7
2022;046;Enonkoski;muu_asuinrakennus;1.3
2022;046;Enonkoski;rakentamaton_rakennuspaikka;2
2022;046;Enonkoski;vakituinen_asuinrakennus;0.7
2022;046;Enonkoski;yleinen_maapohja;1
2022;046;Enonkoski;yleinen_rakennus;1
2022;047;Enontekiö;muu_asuinrakennus;1.15
2022;047;Enontekiö;rakentamaton_rakennuspaikka;3
2022;047;Enontekiö;vakituinen_asuinrakennus;0.55
2022;047;Enontekiö;yleinen_maapohja;1.05
2022;047;Enontekiö;yleinen_rakennus;1.05
2022;049;Espoo;muu_asuinrakennus;1
2022;049;Espoo;rakentamaton_rakennuspaikka;4.43
2022;049;Espoo;vakituinen_asuinrakennus;0.41
2022;049;Espoo;yleinen_maapohja;1
2022;049;Espoo;yleinen_rakennus;1
2022;050;Eura;muu_asuinrakennus;1.1
2022;050;Eura;rakentamaton_rakennuspaikka;3
2022;050;Eura;vakituinen_asuinrakennus;0.6
2022;050;Eura;yleinen_maapohja;1.1
2022;050;Eura;yleinen_rakennus;1.1
2022;051;Eurajoki;muu_asuinrakennus;1.5
2022;051;Eurajoki;rakentamaton_rakennuspaikka;
2022;051;Eurajoki;vakituinen_asuinrakennus;0.5
2022;051;Eurajoki;yleinen_maapohja;1.2
2022;051;Eurajoki;yleinen_rakennus;1.2
2022;052;Evijärvi;muu_asuinrakennus;1.15
2022;052;Evijärvi;rakentamaton_rakennuspaikka;
2022;052;Evijärvi;vakituinen_asuinrakennus;0.65
2022;052;Evijärvi;yleinen_maapohja;1
2022;052;Evijärvi;yleinen_rakennus;1
2022;060;Finström;muu_asuinrakennus;0.9
2022;060;Finström;rakentamaton_rakennuspaikka;3
2022;060;Finström;vakituinen_asuinrakennus;0
2022;060;Finström;yleinen_maapohja;0.5
2022;060;Finström;yleinen_rakennus;0.5
2022;061;Forssa;muu_asuinrakennus;1.41
2022;061;Forssa;rakentamaton_rakennuspaikka;
2022;061;Forssa;vakituinen_asuinrakennus;0.41
2022;061;Forssa;yleinen_maapohja;1.4
2022;061;Forssa;yleinen_rakennus;1.4
2022;062;Föglö;muu_asuinrakennus;0.9
2022;062;Föglö;rakentamaton_rakennuspaikka;0.5
2022;062;Föglö;vakituinen_asuinrakennus;0
2022;062;Föglö;yleinen_maapohja;0.9
2022;062;Föglö;yleinen_rakennus;0.9
2022;065;Geta;muu_asuinrakennus;0.9
2022;065;Geta;rakentamaton_rakennuspaikka;
2022;065;Geta;vakituinen_asuinrakennus;0
2022;065;Geta;yleinen_maapohja;0.6
2022;065;Geta;yleinen_rakennus;0.6
2022;069;Haapajärvi;muu_asuinrakennus;1.35
2022;069;Haapajärvi;rakentamaton_rakennuspaikka;5
2022;069;Haapajärvi;vakituinen_asuinrakennus;0.75
2022;069;Haapajärvi;yleinen_maapohja;1.35
2022;069;Haapajärvi;yleinen_rakennus;1.35
2022;071;Haapavesi;muu_asuinrakennus;1.3
2022;071;Haapavesi;rakentamaton_rakennuspaikka;3
2022;071;Haapavesi;vakituinen_asuinrakennus;0.6
2022;071;Haapavesi;yleinen_maapohja;1.05
2022;071;Haapavesi;yleinen_rakennus;1.05
2022;072;Hailuoto;muu_asuinrakennus;1.51
2022;072;Hailuoto;rakentamaton_rakennuspaikka;3
2022;072;Hailuoto;vakituinen_asuinrakennus;0.51
2022;072;Hailuoto;yleinen_maapohja;0.95
2022;072;Hailuoto;yleinen_rakennus;0.95
2022;074;Halsua;muu_asuinrakennus;1.6
2022;074;Halsua;rakentamaton_rakennuspaikka;
2022;074;Halsua;vakituinen_asuinrakennus;0.6
2022;074;Halsua;yleinen_maapohja;1.3
2022;074;Halsua;yleinen_rakennus;1.3
2022;075;Hamina;muu_asuinrakennus;1.15
2022;075;Hamina;rakentamaton_rakennuspaikka;
2022;075;Hamina;vakituinen_asuinrakennus;0.55
2022;075;Hamina;yleinen_maapohja;1.25
2022;075;Hamina;yleinen_rakennus;1.25
2022;076;Hammarland;muu_asuinrakennus;0.9
2022;076;Hammarland;rakentamaton_rakennuspaikka;
2022;076;Hammarland;vakituinen_asuinrakennus;0
2022;076;Hammarland;yleinen_maapohja;0.2
2022;076;Hammarland;yleinen_rakennus;0.2
2022;077;Hankasalmi;muu_asuinrakennus;1.2
2022;077;Hankasalmi;rakentamaton_rakennuspaikka;
2022;077;Hankasalmi;vakituinen_asuinrakennus;0.6
2022;077;Hankasalmi;yleinen_maapohja;1.2
2022;077;Hankasalmi;yleinen_rakennus;1.2
2022;078;Hanko;muu_asuinrakennus;1.6
2022;078;Hanko;rakentamaton_rakennuspaikka;3
2022;078;Hanko;vakituinen_asuinrakennus;0.45
2022;078;Hanko;yleinen_maapohja;1.3
2022;078;Hanko;yleinen_rakennus;1.3
2022;079;Harjavalta;muu_asuinrakennus;0.98
2022;079;Harjavalta;rakentamaton_rakennuspaikka;
2022;079;Harjavalta;vakituinen_asuinrakennus;0.5
2022;079;Harjavalta;yleinen_maapohja;1.4
2022;079;Harjavalta;yleinen_rakennus;1.4
2022;081;Hartola;muu_asuinrakennus;1.1
2022;081;Hartola;rakentamaton_rakennuspaikka;
2022;081;Hartola;vakituinen_asuinrakennus;0.5
2022;081;Hartola;yleinen_maapohja;1
2022;081;Hartola;yleinen_rakennus;1
2022;082;Hattula;muu_asuinrakennus;1.1
2022;082;Hattula;rakentamaton_rakennuspaikka;3
2022;082;Hattula;vakituinen_asuinrakennus;0.5
2022;082;Hattula;yleinen_maapohja;1.1
2022;082;Hattula;yleinen_rakennus;1.1
2022;086;Hausjärvi;muu_asuinrakennus;1.05
2022;086;Hausjärvi;rakentamaton_rakennuspaikka;4
2022;086;Hausjärvi;vakituinen_asuinrakennus;0.45
2022;086;Hausjärvi;yleinen_maapohja;1.25
2022;086;Hausjärvi;yleinen_rakennus;1.25
2022;090;Heinävesi;muu_asuinrakennus;1.4
2022;090;Heinävesi;rakentamaton_rakennuspaikka;
2022;090;Heinävesi;vakituinen_asuinrakennus;0.6
2022;090;Heinävesi;yleinen_maapohja;1.15
2022;090;Heinävesi;yleinen_rakennus;1.15
2022;091;Helsinki;muu_asuinrakennus;0.93
2022;091;Helsinki;rakentamaton_rakennuspaikka;3.93
2022;091;Helsinki;vakituinen_asuinrakennus;0.41
2022;091;Helsinki;yleinen_maapohja;0.93
2022;091;Helsinki;yleinen_rakennus;0.93
2022;092;Vantaa;muu_asuinrakennus;1.25
2022;092;Vantaa;rakentamaton_rakennuspaikka;6
2022;092;Vantaa;vakituinen_asuinrakennus;0.41
2022;092;Vantaa;yleinen_maapohja;1.28
2022;092;Vantaa;yleinen_rakennus;1.28
2022;097;Hirvensalmi;muu_asuinrakennus;1.15
2022;097;Hirvensalmi;rakentamaton_rakennuspaikka;2.6
2022;097;Hirvensalmi;vakituinen_asuinrakennus;0.41
2022;097;Hirvensalmi;yleinen_maapohja;0.95
2022;097;Hirvensalmi;yleinen_rakennus;0.95
2022;098;Hollola;muu_asuinrakennus;1.1
2022;098;Hollola;rakentamaton_rakennuspaikka;
2022;098;Hollola;vakituinen_asuinrakennus;0.55
2022;098;Hollola;yleinen_maapohja;1.15
2022;098;Hollola;yleinen_rakennus;1.15
2022;102;Huittinen;muu_asuinrakennus;1.07
2022;102;Huittinen;rakentamaton_rakennuspaikka;6
2022;102;Huittinen;vakituinen_asuinrakennus;0.5
2022;102;Huittinen;yleinen_maapohja;1.07
2022;102;Huittinen;yleinen_rakennus;1.07
2022;103;Humppila;muu_asuinrakennus;1.3
2022;103;Humppila;rakentamaton_rakennuspaikka;3
2022;103;Humppila;vakituinen_asuinrakennus;0.55
2022;103;Humppila;yleinen_maapohja;1.3
2022;103;Humppila;yleinen_rakennus;1.3
2022;105;Hyrynsalmi;muu_asuinrakennus;1.15
2022;105;Hyrynsalmi;rakentamaton_rakennuspaikka;2
2022;105;Hyrynsalmi;vakituinen_asuinrakennus;0.55
2022;105;Hyrynsalmi;yleinen_maapohja;1
2022;105;Hyrynsalmi;yleinen_rakennus;1
2022;106;Hyvinkää;muu_asuinrakennus;1.05
2022;106;Hyvinkää;rakentamaton_rakennuspaikka;4.3
2022;106;Hyvinkää;vakituinen_asuinrakennus;0.45
2022;106;Hyvinkää;yleinen_maapohja;1.3
2022;106;Hyvinkää;yleinen_rakennus;1.3
2022;108;Hämeenkyrö;muu_asuinrakennus;1.15
2022;108;Hämeenkyrö;rakentamaton_rakennuspaikka;4.5
2022;108;Hämeenkyrö;vakituinen_asuinrakennus;0.48
2022;108;Hämeenkyrö;yleinen_maapohja;0.95
2022;108;Hämeenkyrö;yleinen_rakennus;0.95
2022;109;Hämeenlinna;muu_asuinrakennus;1.4
2022;109;Hämeenlinna;rakentamaton_rakennuspaikka;3.3
2022;109;Hämeenlinna;vakituinen_asuinrakennus;0.6
2022;109;Hämeenlinna;yleinen_maapohja;1.35
2022;109;Hämeenlinna;yleinen_rakennus;1.35
2022;111;Heinola;muu_asuinrakennus;1
2022;111;Heinola;rakentamaton_rakennuspaikka;
2022;111;Heinola;vakituinen_asuinrakennus;0.5
2022;111;Heinola;yleinen_maapohja;1
2022;111;Heinola;yleinen_rakennus;1
2022;139;Ii;muu_asuinrakennus;1.2
2022;139;Ii;rakentamaton_rakennuspaikka;6
2022;139;Ii;vakituinen_asuinrakennus;0.65
2022;139;Ii;yleinen_maapohja;1.3
2022;139;Ii;yleinen_rakennus;1.3
2022;140;Iisalmi;muu_asuinrakennus;0.93
2022;140;Iisalmi;rakentamaton_rakennuspaikka;3
2022;140;Iisalmi;vakituinen_asuinrakennus;0.55
2022;140;Iisalmi;yleinen_maapohja;1.1
2022;140;Iisalmi;yleinen_rakennus;1.1
2022;142;Iitti;muu_asuinrakennus;1.25
2022;142;Iitti;rakentamaton_rakennuspaikka;
2022;142;Iitti;vakituinen_asuinrakennus;0.65
2022;142;Iitti;yleinen_maapohja;1.15
2022;142;Iitti;yleinen_rakennus;1.15
2022;143;Ikaalinen;muu_asuinrakennus;1.19
2022;143;Ikaalinen;rakentamaton_rakennuspaikka;3
2022;143;Ikaalinen;vakituinen_asuinrakennus;0.59
2022;143;Ikaalinen;yleinen_maapohja;1.23
2022;143;Ikaalinen;yleinen_rakennus;1.23
2022;145;Ilmajoki;muu_asuinrakennus;1.2
2022;145;Ilmajoki;rakentamaton_rakennuspaikka;3
2022;145;Ilmajoki;vakituinen_asuinrakennus;0.6
2022;145;Ilmajoki;yleinen_maapohja;0.93
2022;145;Ilmajoki;yleinen_rakennus;0.93
2022;146;Ilomantsi;muu_asuinrakennus;1
2022;146;Ilomantsi;rakentamaton_rakennuspaikka;
2022;146;Ilomantsi;vakituinen_asuinrakennus;0.45
2022;146;Ilomantsi;yleinen_maapohja;1
2022;146;Ilomantsi;yleinen_rakennus;1
2022;148;Inari;muu_asuinrakennus;1.15
2022;148;Inari;rakentamaton_rakennuspaikka;3
2022;148;Inari;vakituinen_asuinrakennus;0.55
2022;148;Inari;yleinen_maapohja;1.35
2022;148;Inari;yleinen_rakennus;1.35
2022;149;Inkoo;muu_asuinrakennus;1.55
2022;149;Inkoo;rakentamaton_rakennuspaikka;2
2022;149;Inkoo;vakituinen_asuinrakennus;0.65
2022;149;Inkoo;yleinen_maapohja;1.1
2022;149;Inkoo;yleinen_rakennus;1.1
2022;151;Isojoki;muu_asuinrakennus;0.93
2022;151;Isojoki;rakentamaton_rakennuspaikka;2
2022;151;Isojoki;vakituinen_asuinrakennus;0.5
2022;151;Isojoki;yleinen_maapohja;0.93
2022;151;Isojoki;yleinen_rakennus;0.93
2022;152;Isokyrö;muu_asuinrakennus;1.1
2022;152;Isokyrö;rakentamaton_rakennuspaikka;
2022;152;Isokyrö;vakituinen_asuinrakennus;0.65
2022;152;Isokyrö;yleinen_maapohja;0.93
2022;152;Isokyrö;yleinen_rakennus;0.93
2022;153;Imatra;muu_asuinrakennus;1
2022;153;Imatra;rakentamaton_rakennuspaikka;
2022;153;Imatra;vakituinen_asuinrakennus;0.45
2022;153;Imatra;yleinen_maapohja;1.9
2022;153;Imatra;yleinen_rakennus;1.9
2022;165;Janakkala;muu_asuinrakennus;1.1
2022;165;Janakkala;rakentamaton_rakennuspaikka;4
2022;165;Janakkala;vakituinen_asuinrakennus;0.5
2022;165;Janakkala;yleinen_maapohja;1.1
2022;165;Janakkala;yleinen_rakennus;1.1
2022;167;Joensuu;muu_asuinrakennus;1
2022;167;Joensuu;rakentamaton_rakennuspaikka;
2022;167;Joensuu;vakituinen_asuinrakennus;0.45
2022;167;Joensuu;yleinen_maapohja;1.1
2022;167;Joensuu;yleinen_rakennus;1.1
2022;169;Jokioinen;muu_asuinrakennus;1.1
2022;169;Jokioinen;rakentamaton_rakennuspaikka;
2022;169;Jokioinen;vakituinen_asuinrakennus;0.5
2022;169;Jokioinen;yleinen_maapohja;1.1
2022;169;Jokioinen;yleinen_rakennus;1.1
2022;170;Jomala;muu_asuinrakennus;0.9
2022;170;Jomala;rakentamaton_rakennuspaikka;1
2022;170;Jomala;vakituinen_asuinrakennus;0
2022;170;Jomala;yleinen_maapohja;0.3
2022;170;Jomala;yleinen_rakennus;0.3
2022;171;Joroinen;muu_asuinrakennus;1.1
2022;171;Joroinen;rakentamaton_rakennuspaikka;
2022;171;Joroinen;vakituinen_asuinrakennus;0.5
2022;171;Joroinen;yleinen_maapohja;1.05
2022;171;Joroinen;yleinen_rakennus;1.05
2022;172;Joutsa;muu_asuinrakennus;1.2
2022;172;Joutsa;rakentamaton_rakennuspaikka;
2022;172;Joutsa;vakituinen_asuinrakennus;0.6
2022;172;Joutsa;yleinen_maapohja;1.1
2022;172;Joutsa;yleinen_rakennus;1.1
2022;176;Juuka;muu_asuinrakennus;0.99
2022;176;Juuka;rakentamaton_rakennuspaikka;
2022;176;Juuka;vakituinen_asuinrakennus;0.45
2022;176;Juuka;yleinen_maapohja;1
2022;176;Juuka;yleinen_rakennus;1
2022;177;Juupajoki;muu_asuinrakennus;1.05
2022;177;Juupajoki;rakentamaton_rakennuspaikka;
2022;177;Juupajoki;vakituinen_asuinrakennus;0.45
2022;177;Juupajoki;yleinen_maapohja;1.15
2022;177;Juupajoki;yleinen_rakennus;1.15
2022;178;Juva;muu_asuinrakennus;1.03
2022;178;Juva;rakentamaton_rakennuspaikka;2
2022;178;Juva;vakituinen_asuinrakennus;0.43
2022;178;Juva;yleinen_maapohja;0.95
2022;178;Juva;yleinen_rakennus;0.95
2022;179;Jyväskylä;muu_asuinrakennus;1.55
2022;179;Jyväskylä;rakentamaton_rakennuspaikka;4
2022;179;Jyväskylä;vakituinen_asuinrakennus;0.55
2022;179;Jyväskylä;yleinen_maapohja;1.3
2022;179;Jyväskylä;yleinen_rakennus;1.3
2022;181;Jämijärvi;muu_asuinrakennus;1.03
2022;181;Jämijärvi;rakentamaton_rakennuspaikka;2.5
2022;181;Jämijärvi;vakituinen_asuinrakennus;0.45
2022;181;Jämijärvi;yleinen_maapohja;1.03
2022;181;Jämijärvi;yleinen_rakennus;1.03
2022;182;Jämsä;muu_asuinrakennus;1.05
2022;182;Jämsä;rakentamaton_rakennuspaikka;3
2022;182;Jämsä;vakituinen_asuinrakennus;0.45
2022;182;Jämsä;yleinen_maapohja;1
2022;182;Jämsä;yleinen_rakennus;1
2022;186;Järvenpää;muu_asuinrakennus;1.15
2022;186;Järvenpää;rakentamaton_rakennuspaikka;6
2022;186;Järvenpää;vakituinen_asuinrakennus;0.65
2022;186;Järvenpää;yleinen_maapohja;1.45
2022;186;Järvenpää;yleinen_rakennus;1.45
2022;202;Kaarina;muu_asuinrakennus;1
2022;202;Kaarina;rakentamaton_rakennuspaikka;4
2022;202;Kaarina;vakituinen_asuinrakennus;0.41
2022;202;Kaarina;yleinen_maapohja;1
2022;202;Kaarina;yleinen_rakennus;1
2022;204;Kaavi;muu_asuinrakennus;1.8
2022;204;Kaavi;rakentamaton_rakennuspaikka;
2022;204;Kaavi;vakituinen_asuinrakennus;0.75
2022;204;Kaavi;yleinen_maapohja;1.5
2022;204;Kaavi;yleinen_rakennus;1.5
2022;205;Kajaani;muu_asuinrakennus;1.55
2022;205;Kajaani;rakentamaton_rakennuspaikka;4.1
2022;205;Kajaani;vakituinen_asuinrakennus;0.55
2022;205;Kajaani;yleinen_maapohja;1.1
2022;205;Kajaani;yleinen_rakennus;1.1
2022;208;Kalajoki;muu_asuinrakennus;1.1
2022;208;Kalajoki;rakentamaton_rakennuspaikka;
2022;208;Kalajoki;vakituinen_asuinrakennus;0.5
2022;208;Kalajoki;yleinen_maapohja;1.1
2022;208;Kalajoki;yleinen_rakennus;1.1
2022;211;Kangasala;muu_asuinrakennus;1.03
2022;211;Kangasala;rakentamaton_rakennuspaikka;4
2022;211;Kangasala;vakituinen_asuinrakennus;0.43
2022;211;Kangasala;yleinen_maapohja;0.93
2022;211;Kangasala;yleinen_rakennus;0.93
2022;213;Kangasniemi;muu_asuinrakennus;1.1
2022;213;Kangasniemi;rakentamaton_rakennuspaikka;2
2022;213;Kangasniemi;vakituinen_asuinrakennus;0.5
2022;213;Kangasniemi;yleinen_maapohja;1
2022;213;Kangasniemi;yleinen_rakennus;1
2022;214;Kankaanpää;muu_asuinrakennus;1.05
2022;214;Kankaanpää;rakentamaton_rakennuspaikka;4
2022;214;Kankaanpää;vakituinen_asuinrakennus;0.45
2022;214;Kankaanpää;yleinen_maapohja;1.2
2022;214;Kankaanpää;yleinen_rakennus;1.2
2022;216;Kannonkoski;muu_asuinrakennus;1.6
2022;216;Kannonkoski;rakentamaton_rakennuspaikka;
2022;216;Kannonkoski;vakituinen_asuinrakennus;0.5
2022;216;Kannonkoski;yleinen_maapohja;0.95
2022;216;Kannonkoski;yleinen_rakennus;0.95
2022;217;Kannus;muu_asuinrakennus;1
2022;217;Kannus;rakentamaton_rakennuspaikka;
2022;217;Kannus;vakituinen_asuinrakennus;0.55
2022;217;Kannus;yleinen_maapohja;1.15
2022;217;Kannus;yleinen_rakennus;1.15
2022;218;Karijoki;muu_asuinrakennus;1
2022;218;Karijoki;rakentamaton_rakennuspaikka;
2022;218;Karijoki;vakituinen_asuinrakennus;0.5
2022;218;Karijoki;yleinen_maapohja;0.93
2022;218;Karijoki;yleinen_rakennus;0.93
2022;224;Karkkila;muu_asuinrakennus;1.25
2022;224;Karkkila;rakentamaton_rakennuspaikka;4
2022;224;Karkkila;vakituinen_asuinrakennus;0.65
2022;224;Karkkila;yleinen_maapohja;1.1
2022;224;Karkkila;yleinen_rakennus;1.1
2022;226;Karstula;muu_asuinrakennus;1.36
2022;226;Karstula;rakentamaton_rakennuspaikka;3
2022;226;Karstula;vakituinen_asuinrakennus;0.48
2022;226;Karstula;yleinen_maapohja;1.03
2022;226;Karstula;yleinen_rakennus;1.03
2022;230;Karvia;muu_asuinrakennus;0.93
2022;230;Karvia;rakentamaton_rakennuspaikka;
2022;230;Karvia;vakituinen_asuinrakennus;0.41
2022;230;Karvia;yleinen_maapohja;0.93
2022;230;Karvia;yleinen_rakennus;0.93
2022;231;Kaskinen;muu_asuinrakennus;2
2022;231;Kaskinen;rakentamaton_rakennuspaikka;6
2022;231;Kaskinen;vakituinen_asuinrakennus;1
2022;231;Kaskinen;yleinen_maapohja;1.6
2022;231;Kaskinen;yleinen_rakennus;1.6
2022;232;Kauhajoki;muu_asuinrakennus;1.2
2022;232;Kauhajoki;rakentamaton_rakennuspaikka;3
2022;232;Kauhajoki;vakituinen_asuinrakennus;0.65
2022;232;Kauhajoki;yleinen_maapohja;0.93
2022;232;Kauhajoki;yleinen_rakennus;0.93
2022;233;Kauhava;muu_asuinrakennus;1.1
2022;233;Kauhava;rakentamaton_rakennuspaikka;2
2022;233;Kauhava;vakituinen_asuinrakennus;0.55
2022;233;Kauhava;yleinen_maapohja;0.95
2022;233;Kauhava;yleinen_rakennus;0.95
2022;235;Kauniainen;muu_asuinrakennus;0.93
2022;235;Kauniainen;rakentamaton_rakennuspaikka;3.93
2022;235;Kauniainen;vakituinen_asuinrakennus;0.41
2022;235;Kauniainen;yleinen_maapohja;0.93
2022;235;Kauniainen;yleinen_rakennus;0.93
2022;236;Kaustinen;muu_asuinrakennus;1.1
2022;236;Kaustinen;rakentamaton_rakennuspaikka;3.1
2022;236;Kaustinen;vakituinen_asuinrakennus;0.6
2022;236;Kaustinen;yleinen_maapohja;1.1
2022;236;Kaustinen;yleinen_rakennus;1.1
2022;239;Keitele;muu_asuinrakennus;1
2022;239;Keitele;rakentamaton_rakennuspaikka;
2022;239;Keitele;vakituinen_asuinrakennus;0.45
2022;239;Keitele;yleinen_maapohja;0.95
2022;239;Keitele;yleinen_rakennus;0.95
2022;240;Kemi;muu_asuinrakennus;1
2022;240;Kemi;rakentamaton_rakennuspaikka;6
2022;240;Kemi;vakituinen_asuinrakennus;0.5
2022;240;Kemi;yleinen_maapohja;1.24
2022;240;Kemi;yleinen_rakennus;1.24
2022;241;Keminmaa;muu_asuinrakennus;1
2022;241;Keminmaa;rakentamaton_rakennuspaikka;4
2022;241;Keminmaa;vakituinen_asuinrakennus;0.41
2022;241;Keminmaa;yleinen_maapohja;1.15
2022;241;Keminmaa;yleinen_rakennus;1.15
2022;244;Kempele;muu_asuinrakennus;1.1
2022;244;Kempele;rakentamaton_rakennuspaikka;3
2022;244;Kempele;vakituinen_asuinrakennus;0.5
2022;244;Kempele;yleinen_maapohja;1.1
2022;244;Kempele;yleinen_rakennus;1.1
2022;245;Kerava;muu_asuinrakennus;0.93
2022;245;Kerava;rakentamaton_rakennuspaikka;6
2022;245;Kerava;vakituinen_asuinrakennus;0.6
2022;245;Kerava;yleinen_maapohja;1.45
2022;245;Kerava;yleinen_rakennus;1.45
2022;249;Keuruu;muu_asuinrakennus;1.2
2022;249;Keuruu;rakentamaton_rakennuspaikka;
2022;249;Keuruu;vakituinen_asuinrakennus;0.51
2022;249;Keuruu;yleinen_maapohja;1.1
2022;249;Keuruu;yleinen_rakennus;1.1
2022;250;Kihniö;muu_asuinrakennus;1.1
2022;250;Kihniö;rakentamaton_rakennuspaikka;
2022;250;Kihniö;vakituinen_asuinrakennus;0.55
2022;250;Kihniö;yleinen_maapohja;1.1
2022;250;Kihniö;yleinen_rakennus;1.1
2022;256;Kinnula;muu_asuinrakennus;1.3
2022;256;Kinnula;rakentamaton_rakennuspaikka;3
2022;256;Kinnula;vakituinen_asuinrakennus;0.6
2022;256;Kinnula;yleinen_maapohja;1.2
2022;256;Kinnula;yleinen_rakennus;1.2
2022;257;Kirkkonummi;muu_asuinrakennus;1.4
2022;257;Kirkkonummi;rakentamaton_rakennuspaikka;5.43
2022;257;Kirkkonummi;vakituinen_asuinrakennus;0.41
2022;257;Kirkkonummi;yleinen_maapohja;0.93
2022;257;Kirkkonummi;yleinen_rakennus;0.93
2022;260;Kitee;muu_asuinrakennus;1.1
2022;260;Kitee;rakentamaton_rakennuspaikka;
2022;260;Kitee;vakituinen_asuinrakennus;0.55
2022;260;Kitee;yleinen_maapohja;0.95
2022;260;Kitee;yleinen_rakennus;0.95
2022;261;Kittilä;muu_asuinrakennus;1.2
2022;261;Kittilä;rakentamaton_rakennuspaikka;
2022;261;Kittilä;vakituinen_asuinrakennus;0.43
2022;261;Kittilä;yleinen_maapohja;1.16
2022;261;Kittilä;yleinen_rakennus;1.16
2022;263;Kiuruvesi;muu_asuinrakennus;1
2022;263;Kiuruvesi;rakentamaton_rakennuspaikka;3
2022;263;Kiuruvesi;vakituinen_asuinrakennus;0.55
2022;263;Kiuruvesi;yleinen_maapohja;0.93
2022;263;Kiuruvesi;yleinen_rakennus;0.93
2022;265;Kivijärvi;muu_asuinrakennus;1.5
2022;265;Kivijärvi;rakentamaton_rakennuspaikka;4
2022;265;Kivijärvi;vakituinen_asuinrakennus;0.6
2022;265;Kivijärvi;yleinen_maapohja;1.2
2022;265;Kivijärvi;yleinen_rakennus;1.2
2022;271;Kokemäki;muu_asuinrakennus;1.85
2022;271;Kokemäki;rakentamaton_rakennuspaikka;4
2022;271;Kokemäki;vakituinen_asuinrakennus;0.51
2022;271;Kokemäki;yleinen_maapohja;1.2
2022;271;Kokemäki;yleinen_rakennus;1.2
2022;272;Kokkola;muu_asuinrakennus;1.1
2022;272;Kokkola;rakentamaton_rakennuspaikka;3.25
2022;272;Kokkola;vakituinen_asuinrakennus;0.6
2022;272;Kokkola;yleinen_maapohja;1.25
2022;272;Kokkola;yleinen_rakennus;1.25
2022;273;Kolari;muu_asuinrakennus;1.2
2022;273;Kolari;rakentamaton_rakennuspaikka;2
2022;273;Kolari;vakituinen_asuinrakennus;0.47
2022;273;Kolari;yleinen_maapohja;1.03
2022;273;Kolari;yleinen_rakennus;1.03
2022;275;Konnevesi;muu_asuinrakennus;1.2
2022;275;Konnevesi;rakentamaton_rakennuspaikka;
2022;275;Konnevesi;vakituinen_asuinrakennus;0.55
2022;275;Konnevesi;yleinen_maapohja;1.1
2022;275;Konnevesi;yleinen_rakennus;1.1
2022;276;Kontiolahti;muu_asuinrakennus;1
2022;276;Kontiolahti;rakentamaton_rakennuspaikka;
2022;276;Kontiolahti;vakituinen_asuinrakennus;0.41
2022;276;Kontiolahti;yleinen_maapohja;0.93
2022;276;Kontiolahti;yleinen_rakennus;0.93
2022;280;Korsnäs;muu_asuinrakennus;1.35
2022;280;Korsnäs;rakentamaton_rakennuspaikka;
2022;280;Korsnäs;vakituinen_asuinrakennus;0.55
2022;280;Korsnäs;yleinen_maapohja;1
2022;280;Korsnäs;yleinen_rakennus;1
2022;284;Koski Tl;muu_asuinrakennus;0.93
2022;284;Koski Tl;rakentamaton_rakennuspaikka;
2022;284;Koski Tl;vakituinen_asuinrakennus;0.41
2022;284;Koski Tl;yleinen_maapohja;0.93
2022;284;Koski Tl;yleinen_rakennus;0.93
2022;285;Kotka;muu_asuinrakennus;1.15
2022;285;Kotka;rakentamaton_rakennuspaikka;
2022;285;Kotka;vakituinen_asuinrakennus;0.55
2022;285;Kotka;yleinen_maapohja;1.35
2022;285;Kotka;yleinen_rakennus;1.35
2022;286;Kouvola;muu_asuinrakennus;1.35
2022;286;Kouvola;rakentamaton_rakennuspaikka;
2022;286;Kouvola;vakituinen_asuinrakennus;0.65
2022;286;Kouvola;yleinen_maapohja;1.45
2022;286;Kouvola;yleinen_rakennus;1.45
2022;287;Kristiinankaupunki;muu_asuinrakennus;1.2
2022;287;Kristiinankaupunki;rakentamaton_rakennuspaikka;
2022;287;Kristiinankaupunki;vakituinen_asuinrakennus;0.6
2022;287;Kristiinankaupunki;yleinen_maapohja;0.93
2022;287;Kristiinankaupunki;yleinen_rakennus;0.93
2022;288;Kruunupyy;muu_asuinrakennus;1.3
2022;288;Kruunupyy;rakentamaton_rakennuspaikka;4
2022;288;Kruunupyy;vakituinen_asuinrakennus;0.55
2022;288;Kruunupyy;yleinen_maapohja;1
2022;288;Kruunupyy;yleinen_rakennus;1
2022;290;Kuhmo;muu_asuinrakennus;1.08
2022;290;Kuhmo;rakentamaton_rakennuspaikka;2
2022;290;Kuhmo;vakituinen_asuinrakennus;0.54
2022;290;Kuhmo;yleinen_maapohja;0.98
2022;290;Kuhmo;yleinen_rakennus;0.98
2022;291;Kuhmoinen;muu_asuinrakennus;1.2
2022;291;Kuhmoinen;rakentamaton_rakennuspaikka;
2022;291;Kuhmoinen;vakituinen_asuinrakennus;0.6
2022;291;Kuhmoinen;yleinen_maapohja;1.1
2022;291;Kuhmoinen;yleinen_rakennus;1.1
2022;295;Kumlinge;muu_asuinrakennus;0.9
2022;295;Kumlinge;rakentamaton_rakennuspaikka;
2022;295;Kumlinge;vakituinen_asuinrakennus;0.2
2022;295;Kumlinge;yleinen_maapohja;0.6
2022;295;Kumlinge;yleinen_rakennus;0.6
2022;297;Kuopio;muu_asuinrakennus;1.35
2022;297;Kuopio;rakentamaton_rakennuspaikka;3
2022;297;Kuopio;vakituinen_asuinrakennus;0.62
2022;297;Kuopio;yleinen_maapohja;1.3
2022;297;Kuopio;yleinen_rakennus;1.3
2022;300;Kuortane;muu_asuinrakennus;1.05
2022;300;Kuortane;rakentamaton_rakennuspaikka;
2022;300;Kuortane;vakituinen_asuinrakennus;0.45
2022;300;Kuortane;yleinen_maapohja;0.93
2022;300;Kuortane;yleinen_rakennus;0.93
2022;301;Kurikka;muu_asuinrakennus;1.2
2022;301;Kurikka;rakentamaton_rakennuspaikka;4
2022;301;Kurikka;vakituinen_asuinrakennus;0.6
2022;301;Kurikka;yleinen_maapohja;0.93
2022;301;Kurikka;yleinen_rakennus;0.93
2022;304;Kustavi;muu_asuinrakennus;0.98
2022;304;Kustavi;rakentamaton_rakennuspaikka;
2022;304;Kustavi;vakituinen_asuinrakennus;0.41
2022;304;Kustavi;yleinen_maapohja;0.93
2022;304;Kustavi;yleinen_rakennus;0.93
2022;305;Kuusamo;muu_asuinrakennus;1.1
2022;305;Kuusamo;rakentamaton_rakennuspaikka;
2022;305;Kuusamo;vakituinen_asuinrakennus;0.5
2022;305;Kuusamo;yleinen_maapohja;1.1
2022;305;Kuusamo;yleinen_rakennus;1.1
2022;309;Outokumpu;muu_asuinrakennus;1.25
2022;309;Outokumpu;rakentamaton_rakennuspaikka;
2022;309;Outokumpu;vakituinen_asuinrakennus;0.55
2022;309;Outokumpu;yleinen_maapohja;1.1
2022;309;Outokumpu;yleinen_rakennus;1.1
2022;312;Kyyjärvi;muu_asuinrakennus;1.6
2022;312;Kyyjärvi;rakentamaton_rakennuspaikka;2
2022;312;Kyyjärvi;vakituinen_asuinrakennus;0.75
2022;312;Kyyjärvi;yleinen_maapohja;1.25
2022;312;Kyyjärvi;yleinen_rakennus;1.25
2022;316;Kärkölä;muu_asuinrakennus;1.2
2022;316;Kärkölä;rakentamaton_rakennuspaikka;4.35
2022;316;Kärkölä;vakituinen_asuinrakennus;0.6
2022;316;Kärkölä;yleinen_maapohja;1.35
2022;316;Kärkölä;yleinen_rakennus;1.35
2022;317;Kärsämäki;muu_asuinrakennus;1.1
2022;317;Kärsämäki;rakentamaton_rakennuspaikka;3
2022;317;Kärsämäki;vakituinen_asuinrakennus;0.65
2022;317;Kärsämäki;yleinen_maapohja;0.93
2022;317;Kärsämäki;yleinen_rakennus;0.93
2022;318;Kökar;muu_asuinrakennus;0.9
2022;318;Kökar;rakentamaton_rakennuspaikka;
2022;318;Kökar;vakituinen_asuinrakennus;0
2022;318;Kökar;yleinen_maapohja;0.4
2022;318;Kökar;yleinen_rakennus;0.4
2022;320;Kemijärvi;muu_asuinrakennus;1.35
2022;320;Kemijärvi;rakentamaton_rakennuspaikka;
2022;320;Kemijärvi;vakituinen_asuinrakennus;0.5
2022;320;Kemijärvi;yleinen_maapohja;1.2
2022;320;Kemijärvi;yleinen_rakennus;1.2
2022;322;Kemiönsaari;muu_asuinrakennus;1.1
2022;322;Kemiönsaari;rakentamaton_rakennuspaikka;
2022;322;Kemiönsaari;vakituinen_asuinrakennus;0.41
2022;322;Kemiönsaari;yleinen_maapohja;1.1
2022;322;Kemiönsaari;yleinen_rakennus;1.1
2022;398;Lahti;muu_asuinrakennus;1.35
2022;398;Lahti;rakentamaton_rakennuspaikka;4
2022;398;Lahti;vakituinen_asuinrakennus;0.6
2022;398;Lahti;yleinen_maapohja;1.35
2022;398;Lahti;yleinen_rakennus;1.35
2022;399;Laihia;muu_asuinrakennus;1
2022;399;Laihia;rakentamaton_rakennuspaikka;3
2022;399;Laihia;vakituinen_asuinrakennus;0.6
2022;399;Laihia;yleinen_maapohja;1
2022;399;Laihia;yleinen_rakennus;1
2022;400;Laitila;muu_asuinrakennus;1
2022;400;Laitila;rakentamaton_rakennuspaikka;3
2022;400;Laitila;vakituinen_asuinrakennus;0.41
2022;400;Laitila;yleinen_maapohja;0.93
2022;400;Laitila;yleinen_rakennus;0.93
2022;402;Lapinlahti;muu_asuinrakennus;1
2022;402;Lapinlahti;rakentamaton_rakennuspaikka;2
2022;402;Lapinlahti;vakituinen_asuinrakennus;0.6
2022;402;Lapinlahti;yleinen_maapohja;0.93
2022;402;Lapinlahti;yleinen_rakennus;0.93
2022;403;Lappajärvi;muu_asuinrakennus;1.15
2022;403;Lappajärvi;rakentamaton_rakennuspaikka;
2022;403;Lappajärvi;vakituinen_asuinrakennus;0.55
2022;403;Lappajärvi;yleinen_maapohja;1
2022;403;Lappajärvi;yleinen_rakennus;1
2022;405;Lappeenranta;muu_asuinrakennus;1.15
2022;405;Lappeenranta;rakentamaton_rakennuspaikka;3
2022;405;Lappeenranta;vakituinen_asuinrakennus;0.55
2022;405;Lappeenranta;yleinen_maapohja;1.43
2022;405;Lappeenranta;yleinen_rakennus;1.43
2022;407;Lapinjärvi;muu_asuinrakennus;1.2
2022;407;Lapinjärvi;rakentamaton_rakennuspaikka;
2022;407;Lapinjärvi;vakituinen_asuinrakennus;0.6
2022;407;Lapinjärvi;yleinen_maapohja;1.1
2022;407;Lapinjärvi;yleinen_rakennus;1.1
2022;408;Lapua;muu_asuinrakennus;1.05
2022;408;Lapua;rakentamaton_rakennuspaikka;6
2022;408;Lapua;vakituinen_asuinrakennus;0.45
2022;408;Lapua;yleinen_maapohja;1.05
2022;408;Lapua;yleinen_rakennus;1.05
2022;410;Laukaa;muu_asuinrakennus;1.4
2022;410;Laukaa;rakentamaton_rakennuspaikka;3
2022;410;Laukaa;vakituinen_asuinrakennus;0.7
2022;410;Laukaa;yleinen_maapohja;1.3
2022;410;Laukaa;yleinen_rakennus;1.3
2022;416;Lemi;muu_asuinrakennus;1.3
2022;416;Lemi;rakentamaton_rakennuspaikka;4
2022;416;Lemi;vakituinen_asuinrakennus;0.53
2022;416;Lemi;yleinen_maapohja;1.4
2022;416;Lemi;yleinen_rakennus;1.4
2022;417;Lemland;muu_asuinrakennus;0.9
2022;417;Lemland;rakentamaton_rakennuspaikka;0
2022;417;Lemland;vakituinen_asuinrakennus;0
2022;417;Lemland;yleinen_maapohja;1
2022;417;Lemland;yleinen_rakennus;1
2022;418;Lempäälä;muu_asuinrakennus;1
2022;418;Lempäälä;rakentamaton_rakennuspaikka;3
2022;418;Lempäälä;vakituinen_asuinrakennus;0.45
2022;418;Lempäälä;yleinen_maapohja;0.95
2022;418;Lempäälä;yleinen_rakennus;0.95
2022;420;Leppävirta;muu_asuinrakennus;1
2022;420;Leppävirta;rakentamaton_rakennuspaikka;2
2022;420;Leppävirta;vakituinen_asuinrakennus;0.45
2022;420;Leppävirta;yleinen_maapohja;1
2022;420;Leppävirta;yleinen_rakennus;1
2022;421;Lestijärvi;muu_asuinrakennus;1.4
2022;421;Lestijärvi;rakentamaton_rakennuspaikka;
2022;421;Lestijärvi;vakituinen_asuinrakennus;0.5
2022;421;Lestijärvi;yleinen_maapohja;1
2022;421;Lestijärvi;yleinen_rakennus;1
2022;422;Lieksa;muu_asuinrakennus;0.95
2022;422;Lieksa;rakentamaton_rakennuspaikka;
2022;422;Lieksa;vakituinen_asuinrakennus;0.43
2022;422;Lieksa;yleinen_maapohja;1
2022;422;Lieksa;yleinen_rakennus;1
2022;423;Lieto;muu_asuinrakennus;1
2022;423;Lieto;rakentamaton_rakennuspaikka;3
2022;423;Lieto;vakituinen_asuinrakennus;0.41
2022;423;Lieto;yleinen_maapohja;1.2
2022;423;Lieto;yleinen_rakennus;1.2
2022;425;Liminka;muu_asuinrakennus;1.03
2022;425;Liminka;rakentamaton_rakennuspaikka;3
2022;425;Liminka;vakituinen_asuinrakennus;0.43
2022;425;Liminka;yleinen_maapohja;0.94
2022;425;Liminka;yleinen_rakennus;0.94
2022;426;Liperi;muu_asuinrakennus;1
2022;426;Liperi;rakentamaton_rakennuspaikka;
2022;426;Liperi;vakituinen_asuinrakennus;0.5
2022;426;Liperi;yleinen_maapohja;1.05
2022;426;Liperi;yleinen_rakennus;1.05
2022;430;Loimaa;muu_asuinrakennus;1.05
2022;430;Loimaa;rakentamaton_rakennuspaikka;
2022;430;Loimaa;vakituinen_asuinrakennus;0.5
2022;430;Loimaa;yleinen_maapohja;1
2022;430;Loimaa;yleinen_rakennus;1
2022;433;Loppi;muu_asuinrakennus;1
2022;433;Loppi;rakentamaton_rakennuspaikka;3
2022;433;Loppi;vakituinen_asuinrakennus;0.41
2022;433;Loppi;yleinen_maapohja;1
2022;433;Loppi;yleinen_rakennus;1
2022;434;Loviisa;muu_asuinrakennus;1.2
2022;434;Loviisa;rakentamaton_rakennuspaikka;3
2022;434;Loviisa;vakituinen_asuinrakennus;0.5
2022;434;Loviisa;yleinen_maapohja;1
2022;434;Loviisa;yleinen_rakennus;1
2022;435;Luhanka;muu_asuinrakennus;1.3
2022;435;Luhanka;rakentamaton_rakennuspaikka;6
2022;435;Luhanka;vakituinen_asuinrakennus;0.5
2022;435;Luhanka;yleinen_maapohja;1.2
2022;435;Luhanka;yleinen_rakennus;1.2
2022;436;Lumijoki;muu_asuinrakennus;1.15
2022;436;Lumijoki;rakentamaton_rakennuspaikka;6
2022;436;Lumijoki;vakituinen_asuinrakennus;0.5
2022;436;Lumijoki;yleinen_maapohja;0.95
2022;436;Lumijoki;yleinen_rakennus;0.95
2022;438;Lumparland;muu_asuinrakennus;0.9
2022;438;Lumparland;rakentamaton_rakennuspaikka;1
2022;438;Lumparland;vakituinen_asuinrakennus;0
2022;438;Lumparland;yleinen_maapohja;0.6
2022;438;Lumparland;yleinen_rakennus;0.6
2022;440;Luoto;muu_asuinrakennus;1.2
2022;440;Luoto;rakentamaton_rakennuspaikka;4
2022;440;Luoto;vakituinen_asuinrakennus;0.5
2022;440;Luoto;yleinen_maapohja;1.3
2022;440;Luoto;yleinen_rakennus;1.3
2022;441;Luumäki;muu_asuinrakennus;1.05
2022;441;Luumäki;rakentamaton_rakennuspaikka;
2022;441;Luumäki;vakituinen_asuinrakennus;0.5
2022;441;Luumäki;yleinen_maapohja;1
2022;441;Luumäki;yleinen_rakennus;1
2022;444;Lohja;muu_asuinrakennus;1.05
2022;444;Lohja;rakentamaton_rakennuspaikka;4.5
2022;444;Lohja;vakituinen_asuinrakennus;0.45
2022;444;Lohja;yleinen_maapohja;1.03
2022;444;Lohja;yleinen_rakennus;1.03
2022;445;Parainen;muu_asuinrakennus;1.5
2022;445;Parainen;rakentamaton_rakennuspaikka;3
2022;445;Parainen;vakituinen_asuinrakennus;0.47
2022;445;Parainen;yleinen_maapohja;1.5
2022;445;Parainen;yleinen_rakennus;1.5
2022;475;Maalahti;muu_asuinrakennus;1.2
2022;475;Maalahti;rakentamaton_rakennuspaikka;
2022;475;Maalahti;vakituinen_asuinrakennus;0.55
2022;475;Maalahti;yleinen_maapohja;1
2022;475;Maalahti;yleinen_rakennus;1
2022;478;Maarianhamina - Mariehamn;muu_asuinrakennus;0.9
2022;478;Maarianhamina - Mariehamn;rakentamaton_rakennuspaikka;6
2022;478;Maarianhamina - Mariehamn;vakituinen_asuinrakennus;0.5
2022;478;Maarianhamina - Mariehamn;yleinen_maapohja;0.5
2022;478;Maarianhamina - Mariehamn;yleinen_rakennus;0.5
2022;480;Marttila;muu_asuinrakennus;0.95
2022;480;Marttila;rakentamaton_rakennuspaikka;
2022;480;Marttila;vakituinen_asuinrakennus;0.45
2022;480;Marttila;yleinen_maapohja;0.95
2022;480;Marttila;yleinen_rakennus;0.95
2022;481;Masku;muu_asuinrakennus;1
2022;481;Masku;rakentamaton_rakennuspaikka;3
2022;481;Masku;vakituinen_asuinrakennus;0.41
2022;481;Masku;yleinen_maapohja;0.95
2022;481;Masku;yleinen_rakennus;0.95
2022;483;Merijärvi;muu_asuinrakennus;1.03
2022;483;Merijärvi;rakentamaton_rakennuspaikka;
2022;483;Merijärvi;vakituinen_asuinrakennus;0.45
2022;483;Merijärvi;yleinen_maapohja;1.03
2022;483;Merijärvi;yleinen_rakennus;1.03
2022;484;Merikarvia;muu_asuinrakennus;1.2
2022;484;Merikarvia;rakentamaton_rakennuspaikka;3
2022;484;Merikarvia;vakituinen_asuinrakennus;0.5
2022;484;Merikarvia;yleinen_maapohja;1.1
2022;484;Merikarvia;yleinen_rakennus;1.1
2022;489;Miehikkälä;muu_asuinrakennus;1.1
2022;489;Miehikkälä;rakentamaton_rakennuspaikka;
2022;489;Miehikkälä;vakituinen_asuinrakennus;0.5
2022;489;Miehikkälä;yleinen_maapohja;1.15
2022;489;Miehikkälä;yleinen_rakennus;1.15
2022;491;Mikkeli;muu_asuinrakennus;1.5
2022;491;Mikkeli;rakentamaton_rakennuspaikka;4
2022;491;Mikkeli;vakituinen_asuinrakennus;0.62
2022;491;Mikkeli;yleinen_maapohja;1.37
2022;491;Mikkeli;yleinen_rakennus;1.37
2022;494;Muhos;muu_asuinrakennus;1
2022;494;Muhos;rakentamaton_rakennuspaikka;5
2022;494;Muhos;vakituinen_asuinrakennus;0.5
2022;494;Muhos;yleinen_maapohja;1
2022;494;Muhos;yleinen_rakennus;1
2022;495;Multia;muu_asuinrakennus;1.15
2022;495;Multia;rakentamaton_rakennuspaikka;3
2022;495;Multia;vakituinen_asuinrakennus;0.55
2022;495;Multia;yleinen_maapohja;1.05
2022;495;Multia;yleinen_rakennus;1.05
2022;498;Muonio;muu_asuinrakennus;1.2
2022;498;Muonio;rakentamaton_rakennuspaikka;6
2022;498;Muonio;vakituinen_asuinrakennus;0.45
2022;498;Muonio;yleinen_maapohja;1.15
2022;498;Muonio;yleinen_rakennus;1.15
2022;499;Mustasaari;muu_asuinrakennus;1.15
2022;499;Mustasaari;rakentamaton_rakennuspaikka;6
2022;499;Mustasaari;vakituinen_asuinrakennus;0.55
2022;499;Mustasaari;yleinen_maapohja;1
2022;499;Mustasaari;yleinen_rakennus;1
2022;500;Muurame;muu_asuinrakennus;1.2
2022;500;Muurame;rakentamaton_rakennuspaikka;4
2022;500;Muurame;vakituinen_asuinrakennus;0.5
2022;500;Muurame;yleinen_maapohja;1.1
2022;500;Muurame;yleinen_rakennus;1.1
2022;503;Mynämäki;muu_asuinrakennus;1.15
2022;503;Mynämäki;rakentamaton_rakennuspaikka;3
2022;503;Mynämäki;vakituinen_asuinrakennus;0.55
2022;503;Mynämäki;yleinen_maapohja;0.98
2022;503;Mynämäki;yleinen_rakennus;0.98
2022;504;Myrskylä;muu_asuinrakennus;1.15
2022;504;Myrskylä;rakentamaton_rakennuspaikka;
2022;504;Myrskylä;vakituinen_asuinrakennus;0.55
2022;504;Myrskylä;yleinen_maapohja;1
2022;504;Myrskylä;yleinen_rakennus;1
2022;505;Mäntsälä;muu_asuinrakennus;1.3
2022;505;Mäntsälä;rakentamaton_rakennuspaikka;4.4
2022;505;Mäntsälä;vakituinen_asuinrakennus;0.7
2022;505;Mäntsälä;yleinen_maapohja;1.4
2022;505;Mäntsälä;yleinen_rakennus;1.4
2022;507;Mäntyharju;muu_asuinrakennus;1.15
2022;507;Mäntyharju;rakentamaton_rakennuspaikka;2
2022;507;Mäntyharju;vakituinen_asuinrakennus;0.55
2022;507;Mäntyharju;yleinen_maapohja;1.1
2022;507;Mäntyharju;yleinen_rakennus;1.1
2022;508;Mänttä-Vilppula;muu_asuinrakennus;1.15
2022;508;Mänttä-Vilppula;rakentamaton_rakennuspaikka;
2022;508;Mänttä-Vilppula;vakituinen_asuinrakennus;0.6
2022;508;Mänttä-Vilppula;yleinen_maapohja;1.1
2022;508;Mänttä-Vilppula;yleinen_rakennus;1.1
2022;529;Naantali;muu_asuinrakennus;1.35
2022;529;Naantali;rakentamaton_rakennuspaikka;3
2022;529;Naantali;vakituinen_asuinrakennus;0.45
2022;529;Naantali;yleinen_maapohja;1.05
2022;529;Naantali;yleinen_rakennus;1.05
2022;531;Nakkila;muu_asuinrakennus;1.03
2022;531;Nakkila;rakentamaton_rakennuspaikka;2
2022;531;Nakkila;vakituinen_asuinrakennus;0.5
2022;531;Nakkila;yleinen_maapohja;1.05
2022;531;Nakkila;yleinen_rakennus;1.05
2022;535;Nivala;muu_asuinrakennus;1
2022;535;Nivala;rakentamaton_rakennuspaikka;4
2022;535;Nivala;vakituinen_asuinrakennus;0.65
2022;535;Nivala;yleinen_maapohja;1
2022;535;Nivala;yleinen_rakennus;1
2022;536;Nokia;muu_asuinrakennus;1.4
2022;536;Nokia;rakentamaton_rakennuspaikka;6
2022;536;Nokia;vakituinen_asuinrakennus;0.55
2022;536;Nokia;yleinen_maapohja;1
2022;536;Nokia;yleinen_rakennus;1
2022;538;Nousiainen;muu_asuinrakennus;1.2
2022;538;Nousiainen;rakentamaton_rakennuspaikka;3
2022;538;Nousiainen;vakituinen_asuinrakennus;0.5
2022;538;Nousiainen;yleinen_maapohja;1
2022;538;Nousiainen;yleinen_rakennus;1
2022;541;Nurmes;muu_asuinrakennus;1.04
2022;541;Nurmes;rakentamaton_rakennuspaikka;
2022;541;Nurmes;vakituinen_asuinrakennus;0.47
2022;541;Nurmes;yleinen_maapohja;1.05
2022;541;Nurmes;yleinen_rakennus;1.05
2022;543;Nurmijärvi;muu_asuinrakennus;1.18
2022;543;Nurmijärvi;rakentamaton_rakennuspaikka;4.3
2022;543;Nurmijärvi;vakituinen_asuinrakennus;0.48
2022;543;Nurmijärvi;yleinen_maapohja;1.18
2022;543;Nurmijärvi;yleinen_rakennus;1.18
2022;545;Närpiö;muu_asuinrakennus;1.1
2022;545;Närpiö;rakentamaton_rakennuspaikka;
2022;545;Närpiö;vakituinen_asuinrakennus;0.5
2022;545;Närpiö;yleinen_maapohja;0.93
2022;545;Närpiö;yleinen_rakennus;0.93
2022;560;Orimattila;muu_asuinrakennus;1.1
2022;560;Orimattila;rakentamaton_rakennuspaikka;3
2022;560;Orimattila;vakituinen_asuinrakennus;0.55
2022;560;Orimattila;yleinen_maapohja;1.2
2022;560;Orimattila;yleinen_rakennus;1.2
2022;561;Oripää;muu_asuinrakennus;1.2
2022;561;Oripää;rakentamaton_rakennuspaikka;
2022;561;Oripää;vakituinen_asuinrakennus;0.55
2022;561;Oripää;yleinen_maapohja;1.1
2022;561;Oripää;yleinen_rakennus;1.1
2022;562;Orivesi;muu_asuinrakennus;1.45
2022;562;Orivesi;rakentamaton_rakennuspaikka;3
2022;562;Orivesi;vakituinen_asuinrakennus;0.6
2022;562;Orivesi;yleinen_maapohja;1.1
2022;562;Orivesi;yleinen_rakennus;1.1
2022;563;Oulainen;muu_asuinrakennus;1.05
2022;563;Oulainen;rakentamaton_rakennuspaikka;3
2022;563;Oulainen;vakituinen_asuinrakennus;0.7
2022;563;Oulainen;yleinen_maapohja;1.25
2022;563;Oulainen;yleinen_rakennus;1.25
2022;564;Oulu;muu_asuinrakennus;0.93
2022;564;Oulu;rakentamaton_rakennuspaikka;
2022;564;Oulu;vakituinen_asuinrakennus;0.5
2022;564;Oulu;yleinen_maapohja;1.15
2022;564;Oulu;yleinen_rakennus;1.15
2022;576;Padasjoki;muu_asuinrakennus;1.2
2022;576;Padasjoki;rakentamaton_rakennuspaikka;
2022;576;Padasjoki;vakituinen_asuinrakennus;0.6
2022;576;Padasjoki;yleinen_maapohja;0.93
2022;576;Padasjoki;yleinen_rakennus;0.93
2022;577;Paimio;muu_asuinrakennus;1.2
2022;577;Paimio;rakentamaton_rakennuspaikka;3
2022;577;Paimio;vakituinen_asuinrakennus;0.45
2022;577;Paimio;yleinen_maapohja;1.1
2022;577;Paimio;yleinen_rakennus;1.1
2022;578;Paltamo;muu_asuinrakennus;1.1
2022;578;Paltamo;rakentamaton_rakennuspaikka;4.5
2022;578;Paltamo;vakituinen_asuinrakennus;0.6
2022;578;Paltamo;yleinen_maapohja;1.1
2022;578;Paltamo;yleinen_rakennus;1.1
2022;580;Parikkala;muu_asuinrakennus;1.1
2022;580;Parikkala;rakentamaton_rakennuspaikka;
2022;580;Parikkala;vakituinen_asuinrakennus;0.5
2022;580;Parikkala;yleinen_maapohja;1
2022;580;Parikkala;yleinen_rakennus;1
2022;581;Parkano;muu_asuinrakennus;1.1
2022;581;Parkano;rakentamaton_rakennuspaikka;
2022;581;Parkano;vakituinen_asuinrakennus;0.52
2022;581;Parkano;yleinen_maapohja;1.1
2022;581;Parkano;yleinen_rakennus;1.1
2022;583;Pelkosenniemi;muu_asuinrakennus;1.75
2022;583;Pelkosenniemi;rakentamaton_rakennuspaikka;
2022;583;Pelkosenniemi;vakituinen_asuinrakennus;0.75
2022;583;Pelkosenniemi;yleinen_maapohja;1.5
2022;583;Pelkosenniemi;yleinen_rakennus;1.5
2022;584;Perho;muu_asuinrakennus;1.14
2022;584;Perho;rakentamaton_rakennuspaikka;2.25
2022;584;Perho;vakituinen_asuinrakennus;0.66
2022;584;Perho;yleinen_maapohja;1
2022;584;Perho;yleinen_rakennus;1
2022;592;Petäjävesi;muu_asuinrakennus;1.35
2022;592;Petäjävesi;rakentamaton_rakennuspaikka;2
2022;592;Petäjävesi;vakituinen_asuinrakennus;0.6
2022;592;Petäjävesi;yleinen_maapohja;1.3
2022;592;Petäjävesi;yleinen_rakennus;1.3
2022;593;Pieksämäki;muu_asuinrakennus;1.15
2022;593;Pieksämäki;rakentamaton_rakennuspaikka;
2022;593;Pieksämäki;vakituinen_asuinrakennus;0.55
2022;593;Pieksämäki;yleinen_maapohja;1.15
2022;593;Pieksämäki;yleinen_rakennus;1.15
2022;595;Pielavesi;muu_asuinrakennus;1.1
2022;595;Pielavesi;rakentamaton_rakennuspaikka;2.5
2022;595;Pielavesi;vakituinen_asuinrakennus;0.6
2022;595;Pielavesi;yleinen_maapohja;0.93
2022;595;Pielavesi;yleinen_rakennus;0.93
2022;598;Pietarsaari;muu_asuinrakennus;1.15
2022;598;Pietarsaari;rakentamaton_rakennuspaikka;4
2022;598;Pietarsaari;vakituinen_asuinrakennus;0.5
2022;598;Pietarsaari;yleinen_maapohja;1.4
2022;598;Pietarsaari;yleinen_rakennus;1.4
2022;599;Pedersören kunta;muu_asuinrakennus;1.15
2022;599;Pedersören kunta;rakentamaton_rakennuspaikka;
2022;599;Pedersören kunta;vakituinen_asuinrakennus;0.55
2022;599;Pedersören kunta;yleinen_maapohja;0.93
2022;599;Pedersören kunta;yleinen_rakennus;0.93
2022;601;Pihtipudas;muu_asuinrakennus;1.1
2022;601;Pihtipudas;rakentamaton_rakennuspaikka;
2022;601;Pihtipudas;vakituinen_asuinrakennus;0.6
2022;601;Pihtipudas;yleinen_maapohja;0.93
2022;601;Pihtipudas;yleinen_rakennus;0.93
2022;604;Pirkkala;muu_asuinrakennus;1.05
2022;604;Pirkkala;rakentamaton_rakennuspaikka;3
2022;604;Pirkkala;vakituinen_asuinrakennus;0.55
2022;604;Pirkkala;yleinen_maapohja;1.05
2022;604;Pirkkala;yleinen_rakennus;1.05
2022;607;Polvijärvi;muu_asuinrakennus;1
2022;607;Polvijärvi;rakentamaton_rakennuspaikka;
2022;607;Polvijärvi;vakituinen_asuinrakennus;0.5
2022;607;Polvijärvi;yleinen_maapohja;0.93
2022;607;Polvijärvi;yleinen_rakennus;0.93
2022;608;Pomarkku;muu_asuinrakennus;1.2
2022;608;Pomarkku;rakentamaton_rakennuspaikka;
2022;608;Pomarkku;vakituinen_asuinrakennus;0.45
2022;608;Pomarkku;yleinen_maapohja;1.1
2022;608;Pomarkku;yleinen_rakennus;1.1
2022;609;Pori;muu_asuinrakennus;1.1
2022;609;Pori;rakentamaton_rakennuspaikka;6
2022;609;Pori;vakituinen_asuinrakennus;0.5
2022;609;Pori;yleinen_maapohja;0.93
2022;609;Pori;yleinen_rakennus;0.93
2022;611;Pornainen;muu_asuinrakennus;1
2022;611;Pornainen;rakentamaton_rakennuspaikka;4
2022;611;Pornainen;vakituinen_asuinrakennus;0.5
2022;611;Pornainen;yleinen_maapohja;1
2022;611;Pornainen;yleinen_rakennus;1
2022;614;Posio;muu_asuinrakennus;1.1
2022;614;Posio;rakentamaton_rakennuspaikka;
2022;614;Posio;vakituinen_asuinrakennus;0.6
2022;614;Posio;yleinen_maapohja;1
2022;614;Posio;yleinen_rakennus;1
2022;615;Pudasjärvi;muu_asuinrakennus;1.1
2022;615;Pudasjärvi;rakentamaton_rakennuspaikka;3.5
2022;615;Pudasjärvi;vakituinen_asuinrakennus;0.41
2022;615;Pudasjärvi;yleinen_maapohja;1
2022;615;Pudasjärvi;yleinen_rakennus;1
2022;616;Pukkila;muu_asuinrakennus;1.25
2022;616;Pukkila;rakentamaton_rakennuspaikka;3.1
2022;616;Pukkila;vakituinen_asuinrakennus;0.65
2022;616;Pukkila;yleinen_maapohja;1.15
2022;616;Pukkila;yleinen_rakennus;1.15
2022;619;Punkalaidun;muu_asuinrakennus;1.05
2022;619;Punkalaidun;rakentamaton_rakennuspaikka;
2022;619;Punkalaidun;vakituinen_asuinrakennus;0.6
2022;619;Punkalaidun;yleinen_maapohja;1.05
2022;619;Punkalaidun;yleinen_rakennus;1.05
2022;620;Puolanka;muu_asuinrakennus;1.1
2022;620;Puolanka;rakentamaton_rakennuspaikka;
2022;620;Puolanka;vakituinen_asuinrakennus;0.55
2022;620;Puolanka;yleinen_maapohja;0.93
2022;620;Puolanka;yleinen_rakennus;0.93
2022;623;Puumala;muu_asuinrakennus;1.08
2022;623;Puumala;rakentamaton_rakennuspaikka;
2022;623;Puumala;vakituinen_asuinrakennus;0.48
2022;623;Puumala;yleinen_maapohja;0.95
2022;623;Puumala;yleinen_rakennus;0.95
2022;624;Pyhtää;muu_asuinrakennus;1.55
2022;624;Pyhtää;rakentamaton_rakennuspaikka;
2022;624;Pyhtää;vakituinen_asuinrakennus;0.62
2022;624;Pyhtää;yleinen_maapohja;1.3
2022;624;Pyhtää;yleinen_rakennus;1.3
2022;625;Pyhäjoki;muu_asuinrakennus;1.3
2022;625;Pyhäjoki;rakentamaton_rakennuspaikka;6
2022;625;Pyhäjoki;vakituinen_asuinrakennus;0.5
2022;625;Pyhäjoki;yleinen_maapohja;1.15
2022;625;Pyhäjoki;yleinen_rakennus;1.15
2022;626;Pyhäjärvi;muu_asuinrakennus;1.4
2022;626;Pyhäjärvi;rakentamaton_rakennuspaikka;6
2022;626;Pyhäjärvi;vakituinen_asuinrakennus;0.5
2022;626;Pyhäjärvi;yleinen_maapohja;1.3
2022;626;Pyhäjärvi;yleinen_rakennus;1.3
2022;630;Pyhäntä;muu_asuinrakennus;1.2
2022;630;Pyhäntä;rakentamaton_rakennuspaikka;2
2022;630;Pyhäntä;vakituinen_asuinrakennus;0.6
2022;630;Pyhäntä;yleinen_maapohja;1.05
2022;630;Pyhäntä;yleinen_rakennus;1.05
2022;631;Pyhäranta;muu_asuinrakennus;1.8
2022;631;Pyhäranta;rakentamaton_rakennuspaikka;4
2022;631;Pyhäranta;vakituinen_asuinrakennus;0.5
2022;631;Pyhäranta;yleinen_maapohja;1.8
2022;631;Pyhäranta;yleinen_rakennus;1.8
2022;635;Pälkäne;muu_asuinrakennus;1.1
2022;635;Pälkäne;rakentamaton_rakennuspaikka;
2022;635;Pälkäne;vakituinen_asuinrakennus;0.48
2022;635;Pälkäne;yleinen_maapohja;1.1
2022;635;Pälkäne;yleinen_rakennus;1.1
2022;636;Pöytyä;muu_asuinrakennus;1.3
2022;636;Pöytyä;rakentamaton_rakennuspaikka;
2022;636;Pöytyä;vakituinen_asuinrakennus;0.5
2022;636;Pöytyä;yleinen_maapohja;1.2
2022;636;Pöytyä;yleinen_rakennus;1.2
2022;638;Porvoo;muu_asuinrakennus;1.3
2022;638;Porvoo;rakentamaton_rakennuspaikka;
2022;638;Porvoo;vakituinen_asuinrakennus;0.5
2022;638;Porvoo;yleinen_maapohja;1.3
2022;638;Porvoo;yleinen_rakennus;1.3
2022;678;Raahe;muu_asuinrakennus;1
2022;678;Raahe;rakentamaton_rakennuspaikka;3
2022;678;Raahe;vakituinen_asuinrakennus;0.5
2022;678;Raahe;yleinen_maapohja;1
2022;678;Raahe;yleinen_rakennus;1
2022;680;Raisio;muu_asuinrakennus;0.93
2022;680;Raisio;rakentamaton_rakennuspaikka;3
2022;680;Raisio;vakituinen_asuinrakennus;0.41
2022;680;Raisio;yleinen_maapohja;1.25
2022;680;Raisio;yleinen_rakennus;1.25
2022;681;Rantasalmi;muu_asuinrakennus;1.1
2022;681;Rantasalmi;rakentamaton_rakennuspaikka;2
2022;681;Rantasalmi;vakituinen_asuinrakennus;0.55
2022;681;Rantasalmi;yleinen_maapohja;1.1
2022;681;Rantasalmi;yleinen_rakennus;1.1
2022;683;Ranua;muu_asuinrakennus;1.15
2022;683;Ranua;rakentamaton_rakennuspaikka;
2022;683;Ranua;vakituinen_asuinrakennus;0.5
2022;683;Ranua;yleinen_maapohja;1.1
2022;683;Ranua;yleinen_rakennus;1.1
2022;684;Rauma;muu_asuinrakennus;0.93
2022;684;Rauma;rakentamaton_rakennuspaikka;5
2022;684;Rauma;vakituinen_asuinrakennus;0.41
2022;684;Rauma;yleinen_maapohja;0.93
2022;684;Rauma;yleinen_rakennus;0.93
2022;686;Rautalampi;muu_asuinrakennus;1.35
2022;686;Rautalampi;rakentamaton_rakennuspaikka;
2022;686;Rautalampi;vakituinen_asuinrakennus;0.75
2022;686;Rautalampi;yleinen_maapohja;1.05
2022;686;Rautalampi;yleinen_rakennus;1.05
2022;687;Rautavaara;muu_asuinrakennus;1.25
2022;687;Rautavaara;rakentamaton_rakennuspaikka;2
2022;687;Rautavaara;vakituinen_asuinrakennus;0.65
2022;687;Rautavaara;yleinen_maapohja;1.23
2022;687;Rautavaara;yleinen_rakennus;1.23
2022;689;Rautjärvi;muu_asuinrakennus;1.19
2022;689;Rautjärvi;rakentamaton_rakennuspaikka;
2022;689;Rautjärvi;vakituinen_asuinrakennus;0.59
2022;689;Rautjärvi;yleinen_maapohja;1.03
2022;689;Rautjärvi;yleinen_rakennus;1.03
2022;691;Reisjärvi;muu_asuinrakennus;1.5
2022;691;Reisjärvi;rakentamaton_rakennuspaikka;5
2022;691;Reisjärvi;vakituinen_asuinrakennus;0.7
2022;691;Reisjärvi;yleinen_maapohja;1.1
2022;691;Reisjärvi;yleinen_rakennus;1.1
2022;694;Riihimäki;muu_asuinrakennus;1.5
2022;694;Riihimäki;rakentamaton_rakennuspaikka;6
2022;694;Riihimäki;vakituinen_asuinrakennus;0.5
2022;694;Riihimäki;yleinen_maapohja;1.45
2022;694;Riihimäki;yleinen_rakennus;1.45
2022;697;Ristijärvi;muu_asuinrakennus;1.55
2022;697;Ristijärvi;rakentamaton_rakennuspaikka;
2022;697;Ristijärvi;vakituinen_asuinrakennus;0.55
2022;697;Ristijärvi;yleinen_maapohja;1.1
2022;697;Ristijärvi;yleinen_rakennus;1.1
2022;698;Rovaniemi;muu_asuinrakennus;1.2
2022;698;Rovaniemi;rakentamaton_rakennuspaikka;4
2022;698;Rovaniemi;vakituinen_asuinrakennus;0.6
2022;698;Rovaniemi;yleinen_maapohja;1.55
2022;698;Rovaniemi;yleinen_rakennus;1.55
2022;700;Ruokolahti;muu_asuinrakennus;1.1
2022;700;Ruokolahti;rakentamaton_rakennuspaikka;
2022;700;Ruokolahti;vakituinen_asuinrakennus;0.5
2022;700;Ruokolahti;yleinen_maapohja;0.93
2022;700;Ruokolahti;yleinen_rakennus;0.93
2022;702;Ruovesi;muu_asuinrakennus;1.3
2022;702;Ruovesi;rakentamaton_rakennuspaikka;
2022;702;Ruovesi;vakituinen_asuinrakennus;0.6
2022;702;Ruovesi;yleinen_maapohja;1.15
2022;702;Ruovesi;yleinen_rakennus;1.15
2022;704;Rusko;muu_asuinrakennus;1.02
2022;704;Rusko;rakentamaton_rakennuspaikka;
2022;704;Rusko;vakituinen_asuinrakennus;0.42
2022;704;Rusko;yleinen_maapohja;0.95
2022;704;Rusko;yleinen_rakennus;0.95
2022;707;Rääkkylä;muu_asuinrakennus;1.05
2022;707;Rääkkylä;rakentamaton_rakennuspaikka;
2022;707;Rääkkylä;vakituinen_asuinrakennus;0.55
2022;707;Rääkkylä;yleinen_maapohja;1
2022;707;Rääkkylä;yleinen_rakennus;1
2022;710;Raasepori;muu_asuinrakennus;1.8
2022;710;Raasepori;rakentamaton_rakennuspaikka;
2022;710;Raasepori;vakituinen_asuinrakennus;0.41
2022;710;Raasepori;yleinen_maapohja;1.35
2022;710;Raasepori;yleinen_rakennus;1.35
2022;729;Saarijärvi;muu_asuinrakennus;1.36
2022;729;Saarijärvi;rakentamaton_rakennuspaikka;2.4
2022;729;Saarijärvi;vakituinen_asuinrakennus;0.49
2022;729;Saarijärvi;yleinen_maapohja;1.04
2022;729;Saarijärvi;yleinen_rakennus;1.04
2022;732;Salla;muu_asuinrakennus;1.45
2022;732;Salla;rakentamaton_rakennuspaikka;
2022;732;Salla;vakituinen_asuinrakennus;0.55
2022;732;Salla;yleinen_maapohja;1.25
2022;732;Salla;yleinen_rakennus;1.25
2022;734;Salo;muu_asuinrakennus;1.3
2022;734;Salo;rakentamaton_rakennuspaikka;3
2022;734;Salo;vakituinen_asuinrakennus;0.55
2022;734;Salo;yleinen_maapohja;0.93
2022;734;Salo;yleinen_rakennus;0.93
2022;736;Saltvik;muu_asuinrakennus;0.9
2022;736;Saltvik;rakentamaton_rakennuspaikka;0
2022;736;Saltvik;vakituinen_asuinrakennus;0
2022;736;Saltvik;yleinen_maapohja;0
2022;736;Saltvik;yleinen_rakennus;0
2022;738;Sauvo;muu_asuinrakennus;1.4
2022;738;Sauvo;rakentamaton_rakennuspaikka;
2022;738;Sauvo;vakituinen_asuinrakennus;0.6
2022;738;Sauvo;yleinen_maapohja;1.2
2022;738;Sauvo;yleinen_rakennus;1.2
2022;739;Savitaipale;muu_asuinrakennus;1.1
2022;739;Savitaipale;rakentamaton_rakennuspaikka;
2022;739;Savitaipale;vakituinen_asuinrakennus;0.5
2022;739;Savitaipale;yleinen_maapohja;0.93
2022;739;Savitaipale;yleinen_rakennus;0.93
2022;740;Savonlinna;muu_asuinrakennus;1.55
2022;740;Savonlinna;rakentamaton_rakennuspaikka;2
2022;740;Savonlinna;vakituinen_asuinrakennus;0.59
2022;740;Savonlinna;yleinen_maapohja;1.43
2022;740;Savonlinna;yleinen_rakennus;1.43
2022;742;Savukoski;muu_asuinrakennus;1.2
2022;742;Savukoski;rakentamaton_rakennuspaikka;4
2022;742;Savukoski;vakituinen_asuinrakennus;0.6
2022;742;Savukoski;yleinen_maapohja;1.2
2022;742;Savukoski;yleinen_rakennus;1.2
2022;743;Seinäjoki;muu_asuinrakennus;1.65
2022;743;Seinäjoki;rakentamaton_rakennuspaikka;6
2022;743;Seinäjoki;vakituinen_asuinrakennus;0.6
2022;743;Seinäjoki;yleinen_maapohja;1.45
2022;743;Seinäjoki;yleinen_rakennus;1.45
2022;746;Sievi;muu_asuinrakennus;1.3
2022;746;Sievi;rakentamaton_rakennuspaikka;
2022;746;Sievi;vakituinen_asuinrakennus;0.7
2022;746;Sievi;yleinen_maapohja;0.93
2022;746;Sievi;yleinen_rakennus;0.93
2022;747;Siikainen;muu_asuinrakennus;1.3
2022;747;Siikainen;rakentamaton_rakennuspaikka;
2022;747;Siikainen;vakituinen_asuinrakennus;0.5
2022;747;Siikainen;yleinen_maapohja;1.1
2022;747;Siikainen;yleinen_rakennus;1.1
2022;748;Siikajoki;muu_asuinrakennus;1.1
2022;748;Siikajoki;rakentamaton_rakennuspaikka;3
2022;748;Siikajoki;vakituinen_asuinrakennus;0.5
2022;748;Siikajoki;yleinen_maapohja;0.93
2022;748;Siikajoki;yleinen_rakennus;0.93
2022;749;Siilinjärvi;muu_asuinrakennus;1
2022;749;Siilinjärvi;rakentamaton_rakennuspaikka;3
2022;749;Siilinjärvi;vakituinen_asuinrakennus;0.65
2022;749;Siilinjärvi;yleinen_maapohja;1.25
2022;749;Siilinjärvi;yleinen_rakennus;1.25
2022;751;Simo;muu_asuinrakennus;1.3
2022;751;Simo;rakentamaton_rakennuspaikka;
2022;751;Simo;vakituinen_asuinrakennus;0.55
2022;751;Simo;yleinen_maapohja;1.4
2022;751;Simo;yleinen_rakennus;1.4
2022;753;Sipoo;muu_asuinrakennus;1.1
2022;753;Sipoo;rakentamaton_rakennuspaikka;6
2022;753;Sipoo;vakituinen_asuinrakennus;0.5
2022;753;Sipoo;yleinen_maapohja;1
2022;753;Sipoo;yleinen_rakennus;1
2022;755;Siuntio;muu_asuinrakennus;1.2
2022;755;Siuntio;rakentamaton_rakennuspaikka;3
2022;755;Siuntio;vakituinen_asuinrakennus;0.5
2022;755;Siuntio;yleinen_maapohja;1.2
2022;755;Siuntio;yleinen_rakennus;1.2
2022;758;Sodankylä;muu_asuinrakennus;1.15
2022;758;Sodankylä;rakentamaton_rakennuspaikka;6
2022;758;Sodankylä;vakituinen_asuinrakennus;0.45
2022;758;Sodankylä;yleinen_maapohja;1.4
2022;758;Sodankylä;yleinen_rakennus;1.4
2022;759;Soini;muu_asuinrakennus;1.45
2022;759;Soini;rakentamaton_rakennuspaikka;
2022;759;Soini;vakituinen_asuinrakennus;0.6
2022;759;Soini;yleinen_maapohja;1.1
2022;759;Soini;yleinen_rakennus;1.1
2022;761;Somero;muu_asuinrakennus;0.93
2022;761;Somero;rakentamaton_rakennuspaikka;
2022;761;Somero;vakituinen_asuinrakennus;0.41
2022;761;Somero;yleinen_maapohja;0.93
2022;761;Somero;yleinen_rakennus;0.93
2022;762;Sonkajärvi;muu_asuinrakennus;1.25
2022;762;Sonkajärvi;rakentamaton_rakennuspaikka;
2022;762;Sonkajärvi;vakituinen_asuinrakennus;0.55
2022;762;Sonkajärvi;yleinen_maapohja;1
2022;762;Sonkajärvi;yleinen_rakennus;1
2022;765;Sotkamo;muu_asuinrakennus;1.2
2022;765;Sotkamo;rakentamaton_rakennuspaikka;3
2022;765;Sotkamo;vakituinen_asuinrakennus;0.6
2022;765;Sotkamo;yleinen_maapohja;1.1
2022;765;Sotkamo;yleinen_rakennus;1.1
2022;766;Sottunga;muu_asuinrakennus;0.9
2022;766;Sottunga;rakentamaton_rakennuspaikka;
2022;766;Sottunga;vakituinen_asuinrakennus;0.5
2022;766;Sottunga;yleinen_maapohja;0
2022;766;Sottunga;yleinen_rakennus;0
2022;768;Sulkava;muu_asuinrakennus;1.05
2022;768;Sulkava;rakentamaton_rakennuspaikka;
2022;768;Sulkava;vakituinen_asuinrakennus;0.45
2022;768;Sulkava;yleinen_maapohja;0.93
2022;768;Sulkava;yleinen_rakennus;0.93
2022;771;Sund;muu_asuinrakennus;0.9
2022;771;Sund;rakentamaton_rakennuspaikka;0.2
2022;771;Sund;vakituinen_asuinrakennus;0
2022;771;Sund;yleinen_maapohja;0.5
2022;771;Sund;yleinen_rakennus;0.5
2022;777;Suomussalmi;muu_asuinrakennus;1.1
2022;777;Suomussalmi;rakentamaton_rakennuspaikka;3.1
2022;777;Suomussalmi;vakituinen_asuinrakennus;0.55
2022;777;Suomussalmi;yleinen_maapohja;1.05
2022;777;Suomussalmi;yleinen_rakennus;1.05
2022;778;Suonenjoki;muu_asuinrakennus;1.25
2022;778;Suonenjoki;rakentamaton_rakennuspaikka;
2022;778;Suonenjoki;vakituinen_asuinrakennus;0.7
2022;778;Suonenjoki;yleinen_maapohja;1.05
2022;778;Suonenjoki;yleinen_rakennus;1.05
2022;781;Sysmä;muu_asuinrakennus;1
2022;781;Sysmä;rakentamaton_rakennuspaikka;
2022;781;Sysmä;vakituinen_asuinrakennus;0.5
2022;781;Sysmä;yleinen_maapohja;0.95
2022;781;Sysmä;yleinen_rakennus;0.95
2022;783;Säkylä;muu_asuinrakennus;1.1
2022;783;Säkylä;rakentamaton_rakennuspaikka;
2022;783;Säkylä;vakituinen_asuinrakennus;0.49
2022;783;Säkylä;yleinen_maapohja;1
2022;783;Säkylä;yleinen_rakennus;1
2022;785;Vaala;muu_asuinrakennus;1.15
2022;785;Vaala;rakentamaton_rakennuspaikka;
2022;785;Vaala;vakituinen_asuinrakennus;0.45
2022;785;Vaala;yleinen_maapohja;1.1
2022;785;Vaala;yleinen_rakennus;1.1
2022;790;Sastamala;muu_asuinrakennus;0.98
2022;790;Sastamala;rakentamaton_rakennuspaikka;2
2022;790;Sastamala;vakituinen_asuinrakennus;0.45
2022;790;Sastamala;yleinen_maapohja;0.93
2022;790;Sastamala;yleinen_rakennus;0.93
2022;791;Siikalatva;muu_asuinrakennus;1.25
2022;791;Siikalatva;rakentamaton_rakennuspaikka;6
2022;791;Siikalatva;vakituinen_asuinrakennus;0.6
2022;791;Siikalatva;yleinen_maapohja;0.95
2022;791;Siikalatva;yleinen_rakennus;0.95
2022;831;Taipalsaari;muu_asuinrakennus;1.3
2022;831;Taipalsaari;rakentamaton_rakennuspaikka;3.5
2022;831;Taipalsaari;vakituinen_asuinrakennus;0.55
2022;831;Taipalsaari;yleinen_maapohja;1.4
2022;831;Taipalsaari;yleinen_rakennus;1.4
2022;832;Taivalkoski;muu_asuinrakennus;1.03
2022;832;Taivalkoski;rakentamaton_rakennuspaikka;2
2022;832;Taivalkoski;vakituinen_asuinrakennus;0.45
2022;832;Taivalkoski;yleinen_maapohja;1.03
2022;832;Taivalkoski;yleinen_rakennus;1.03
2022;833;Taivassalo;muu_asuinrakennus;1.35
2022;833;Taivassalo;rakentamaton_rakennuspaikka;
2022;833;Taivassalo;vakituinen_asuinrakennus;0.65
2022;833;Taivassalo;yleinen_maapohja;1.15
2022;833;Taivassalo;yleinen_rakennus;1.15
2022;834;Tammela;muu_asuinrakennus;1.1
2022;834;Tammela;rakentamaton_rakennuspaikka;2
2022;834;Tammela;vakituinen_asuinrakennus;0.5
2022;834;Tammela;yleinen_maapohja;1.1
2022;834;Tammela;yleinen_rakennus;1.1
2022;837;Tampere;muu_asuinrakennus;1.1
2022;837;Tampere;rakentamaton_rakennuspaikka;5
2022;837;Tampere;vakituinen_asuinrakennus;0.65
2022;837;Tampere;yleinen_maapohja;1.25
2022;837;Tampere;yleinen_rakennus;1.25
2022;844;Tervo;muu_asuinrakennus;1.2
2022;844;Tervo;rakentamaton_rakennuspaikka;2
2022;844;Tervo;vakituinen_asuinrakennus;0.6
2022;844;Tervo;yleinen_maapohja;1.15
2022;844;Tervo;yleinen_rakennus;1.15
2022;845;Tervola;muu_asuinrakennus;1
2022;845;Tervola;rakentamaton_rakennuspaikka;
2022;845;Tervola;vakituinen_asuinrakennus;0.5
2022;845;Tervola;yleinen_maapohja;0.95
2022;845;Tervola;yleinen_rakennus;0.95
2022;846;Teuva;muu_asuinrakennus;1.3
2022;846;Teuva;rakentamaton_rakennuspaikka;
2022;846;Teuva;vakituinen_asuinrakennus;0.6
2022;846;Teuva;yleinen_maapohja;1.05
2022;846;Teuva;yleinen_rakennus;1.05
2022;848;Tohmajärvi;muu_asuinrakennus;1.15
2022;848;Tohmajärvi;rakentamaton_rakennuspaikka;2
2022;848;Tohmajärvi;vakituinen_asuinrakennus;0.55
2022;848;Tohmajärvi;yleinen_maapohja;1
2022;848;Tohmajärvi;yleinen_rakennus;1
2022;849;Toholampi;muu_asuinrakennus;1.1
2022;849;Toholampi;rakentamaton_rakennuspaikka;2.9
2022;849;Toholampi;vakituinen_asuinrakennus;0.65
2022;849;Toholampi;yleinen_maapohja;1
2022;849;Toholampi;yleinen_rakennus;1
2022;850;Toivakka;muu_asuinrakennus;1.55
2022;850;Toivakka;rakentamaton_rakennuspaikka;3
2022;850;Toivakka;vakituinen_asuinrakennus;0.45
2022;850;Toivakka;yleinen_maapohja;1.1
2022;850;Toivakka;yleinen_rakennus;1.1
2022;851;Tornio;muu_asuinrakennus;1
2022;851;Tornio;rakentamaton_rakennuspaikka;3
2022;851;Tornio;vakituinen_asuinrakennus;0.5
2022;851;Tornio;yleinen_maapohja;1.12
2022;851;Tornio;yleinen_rakennus;1.12
2022;853;Turku;muu_asuinrakennus;1.1
2022;853;Turku;rakentamaton_rakennuspaikka;4
2022;853;Turku;vakituinen_asuinrakennus;0.45
2022;853;Turku;yleinen_maapohja;1.15
2022;853;Turku;yleinen_rakennus;1.15
2022;854;Pello;muu_asuinrakennus;1.2
2022;854;Pello;rakentamaton_rakennuspaikka;2
2022;854;Pello;vakituinen_asuinrakennus;0.41
2022;854;Pello;yleinen_maapohja;1.25
2022;854;Pello;yleinen_rakennus;1.25
2022;857;Tuusniemi;muu_asuinrakennus;1.25
2022;857;Tuusniemi;rakentamaton_rakennuspaikka;
2022;857;Tuusniemi;vakituinen_asuinrakennus;0.65
2022;857;Tuusniemi;yleinen_maapohja;1.15
2022;857;Tuusniemi;yleinen_rakennus;1.15
2022;858;Tuusula;muu_asuinrakennus;1.35
2022;858;Tuusula;rakentamaton_rakennuspaikka;6
2022;858;Tuusula;vakituinen_asuinrakennus;0.48
2022;858;Tuusula;yleinen_maapohja;1.15
2022;858;Tuusula;yleinen_rakennus;1.15
2022;859;Tyrnävä;muu_asuinrakennus;1.12
2022;859;Tyrnävä;rakentamaton_rakennuspaikka;4
2022;859;Tyrnävä;vakituinen_asuinrakennus;0.54
2022;859;Tyrnävä;yleinen_maapohja;1.12
2022;859;Tyrnävä;yleinen_rakennus;1.12
2022;886;Ulvila;muu_asuinrakennus;1.1
2022;886;Ulvila;rakentamaton_rakennuspaikka;3
2022;886;Ulvila;vakituinen_asuinrakennus;0.55
2022;886;Ulvila;yleinen_maapohja;1.3
2022;886;Ulvila;yleinen_rakennus;1.3
2022;887;Urjala;muu_asuinrakennus;1.25
2022;887;Urjala;rakentamaton_rakennuspaikka;
2022;887;Urjala;vakituinen_asuinrakennus;0.65
2022;887;Urjala;yleinen_maapohja;1.2
2022;887;Urjala;yleinen_rakennus;1.2
2022;889;Utajärvi;muu_asuinrakennus;1.25
2022;889;Utajärvi;rakentamaton_rakennuspaikka;6
2022;889;Utajärvi;vakituinen_asuinrakennus;0.45
2022;889;Utajärvi;yleinen_maapohja;1.1
2022;889;Utajärvi;yleinen_rakennus;1.1
2022;890;Utsjoki;muu_asuinrakennus;1.6
2022;890;Utsjoki;rakentamaton_rakennuspaikka;2
2022;890;Utsjoki;vakituinen_asuinrakennus;0.65
2022;890;Utsjoki;yleinen_maapohja;1.25
2022;890;Utsjoki;yleinen_rakennus;1.25
2022;892;Uurainen;muu_asuinrakennus;1.2
2022;892;Uurainen;rakentamaton_rakennuspaikka;3
2022;892;Uurainen;vakituinen_asuinrakennus;0.48
2022;892;Uurainen;yleinen_maapohja;1.05
2022;892;Uurainen;yleinen_rakennus;1.05
2022;893;Uusikaarlepyy;muu_asuinrakennus;1.3
2022;893;Uusikaarlepyy;rakentamaton_rakennuspaikka;4
2022;893;Uusikaarlepyy;vakituinen_asuinrakennus;0.5
2022;893;Uusikaarlepyy;yleinen_maapohja;1
2022;893;Uusikaarlepyy;yleinen_rakennus;1
2022;895;Uusikaupunki;muu_asuinrakennus;1.12
2022;895;Uusikaupunki;rakentamaton_rakennuspaikka;
2022;895;Uusikaupunki;vakituinen_asuinrakennus;0.45
2022;895;Uusikaupunki;yleinen_maapohja;1.03
2022;895;Uusikaupunki;yleinen_rakennus;1.03
2022;905;Vaasa;muu_asuinrakennus;1.1
2022;905;Vaasa;rakentamaton_rakennuspaikka;4
2022;905;Vaasa;vakituinen_asuinrakennus;0.55
2022;905;Vaasa;yleinen_maapohja;1.25
2022;905;Vaasa;yleinen_rakennus;1.25
2022;908;Valkeakoski;muu_asuinrakennus;1.1
2022;908;Valkeakoski;rakentamaton_rakennuspaikka;
2022;908;Valkeakoski;vakituinen_asuinrakennus;0.6
2022;908;Valkeakoski;yleinen_maapohja;1.4
2022;908;Valkeakoski;yleinen_rakennus;1.4
2022;915;Varkaus;muu_asuinrakennus;1
2022;915;Varkaus;rakentamaton_rakennuspaikka;
2022;915;Varkaus;vakituinen_asuinrakennus;0.5
2022;915;Varkaus;yleinen_maapohja;1.45
2022;915;Varkaus;yleinen_rakennus;1.45
2022;918;Vehmaa;muu_asuinrakennus;2
2022;918;Vehmaa;rakentamaton_rakennuspaikka;
2022;918;Vehmaa;vakituinen_asuinrakennus;0.6
2022;918;Vehmaa;yleinen_maapohja;1.25
2022;918;Vehmaa;yleinen_rakennus;1.25
2022;921;Vesanto;muu_asuinrakennus;1.5
2022;921;Vesanto;rakentamaton_rakennuspaikka;
2022;921;Vesanto;vakituinen_asuinrakennus;0.8
2022;921;Vesanto;yleinen_maapohja;1.25
2022;921;Vesanto;yleinen_rakennus;1.25
2022;922;Vesilahti;muu_asuinrakennus;1.4
2022;922;Vesilahti;rakentamaton_rakennuspaikka;2
2022;922;Vesilahti;vakituinen_asuinrakennus;0.55
2022;922;Vesilahti;yleinen_maapohja;1.25
2022;922;Vesilahti;yleinen_rakennus;1.25
2022;924;Veteli;muu_asuinrakennus;1.05
2022;924;Veteli;rakentamaton_rakennuspaikka;3
2022;924;Veteli;vakituinen_asuinrakennus;0.6
2022;924;Veteli;yleinen_maapohja;0.95
2022;924;Veteli;yleinen_rakennus;0.95
2022;925;Vieremä;muu_asuinrakennus;1
2022;925;Vieremä;rakentamaton_rakennuspaikka;
2022;925;Vieremä;vakituinen_asuinrakennus;0.45
2022;925;Vieremä;yleinen_maapohja;0.93
2022;925;Vieremä;yleinen_rakennus;0.93
2022;927;Vihti;muu_asuinrakennus;1
2022;927;Vihti;rakentamaton_rakennuspaikka;4
2022;927;Vihti;vakituinen_asuinrakennus;0.45
2022;927;Vihti;yleinen_maapohja;0.95
2022;927;Vihti;yleinen_rakennus;0.95
2022;931;Viitasaari;muu_asuinrakennus;1.1
2022;931;Viitasaari;rakentamaton_rakennuspaikka;
2022;931;Viitasaari;vakituinen_asuinrakennus;0.5
2022;931;Viitasaari;yleinen_maapohja;0.93
2022;931;Viitasaari;yleinen_rakennus;0.93
2022;934;Vimpeli;muu_asuinrakennus;1.3
2022;934;Vimpeli;rakentamaton_rakennuspaikka;3
2022;934;Vimpeli;vakituinen_asuinrakennus;0.65
2022;934;Vimpeli;yleinen_maapohja;1.1
2022;934;Vimpeli;yleinen_rakennus;1.1
2022;935;Virolahti;muu_asuinrakennus;1.15
2022;935;Virolahti;rakentamaton_rakennuspaikka;
2022;935;Virolahti;vakituinen_asuinrakennus;0.5
2022;935;Virolahti;yleinen_maapohja;1.25
2022;935;Virolahti;yleinen_rakennus;1.25
2022;936;Virrat;muu_asuinrakennus;1
2022;936;Virrat;rakentamaton_rakennuspaikka;
2022;936;Virrat;vakituinen_asuinrakennus;0.45
2022;936;Virrat;yleinen_maapohja;0.93
2022;936;Virrat;yleinen_rakennus;0.93
2022;941;Vårdö;muu_asuinrakennus;0.9
2022;941;Vårdö;rakentamaton_rakennuspaikka;0
2022;941;Vårdö;vakituinen_asuinrakennus;0
2022;941;Vårdö;yleinen_maapohja;0.1
2022;941;Vårdö;yleinen_rakennus;0.1
2022;946;Vöyri;muu_asuinrakennus;1.25
2022;946;Vöyri;rakentamaton_rakennuspaikka;
2022;946;Vöyri;vakituinen_asuinrakennus;0.5
2022;946;Vöyri;yleinen_maapohja;1
2022;946;Vöyri;yleinen_rakennus;1
2022;976;Ylitornio;muu_asuinrakennus;1.3
2022;976;Ylitornio;rakentamaton_rakennuspaikka;2
2022;976;Ylitornio;vakituinen_asuinrakennus;0.5
2022;976;Ylitornio;yleinen_maapohja;1.1
2022;976;Ylitornio;yleinen_rakennus;1.1
2022;977;Ylivieska;muu_asuinrakennus;1.15
2022;977;Ylivieska;rakentamaton_rakennuspaikka;3
2022;977;Ylivieska;vakituinen_asuinrakennus;0.7
2022;977;Ylivieska;yleinen_maapohja;1.3
2022;977;Ylivieska;yleinen_rakennus;1.3
2022;980;Ylöjärvi;muu_asuinrakennus;1
2022;980;Ylöjärvi;rakentamaton_rakennuspaikka;3
2022;980;Ylöjärvi;vakituinen_asuinrakennus;0.41
2022;980;Ylöjärvi;yleinen_maapohja;0.93
2022;980;Ylöjärvi;yleinen_rakennus;0.93
2022;981;Ypäjä;muu_asuinrakennus;1.5
2022;981;Ypäjä;rakentamaton_rakennuspaikka;3
2022;981;Ypäjä;vakituinen_asuinrakennus;0.6
2022;981;Ypäjä;yleinen_maapohja;1
2022;981;Ypäjä;yleinen_rakennus;1
2022;989;Ähtäri;muu_asuinrakennus;1.3
2022;989;Ähtäri;rakentamaton_rakennuspaikka;
2022;989;Ähtäri;vakituinen_asuinrakennus;0.5
2022;989;Ähtäri;yleinen_maapohja;1.3
2022;989;Ähtäri;yleinen_rakennus;1.3
2022;992;Äänekoski;muu_asuinrakennus;1.1
2022;992;Äänekoski;rakentamaton_rakennuspaikka;
2022;992;Äänekoski;vakituinen_asuinrakennus;0.5
2022;992;Äänekoski;yleinen_maapohja;1.1
2022;992;Äänekoski;yleinen_rakennus;1.1
2023;005;Alajärvi;muu_asuinrakennus;1.5
2023;005;Alajärvi;rakentamaton_rakennuspaikka;3
2023;005;Alajärvi;vakituinen_asuinrakennus;0.5
2023;005;Alajärvi;yleinen_maapohja;0.93
2023;005;Alajärvi;yleinen_rakennus;0.93
2023;009;Alavieska;muu_asuinrakennus;1.03
2023;009;Alavieska;rakentamaton_rakennuspaikka;
2023;009;Alavieska;vakituinen_asuinrakennus;0.55
2023;009;Alavieska;yleinen_maapohja;1.03
2023;009;Alavieska;yleinen_rakennus;1.03
2023;010;Alavus;muu_asuinrakennus;1.21
2023;010;Alavus;rakentamaton_rakennuspaikka;
2023;010;Alavus;vakituinen_asuinrakennus;0.51
2023;010;Alavus;yleinen_maapohja;0.99
2023;010;Alavus;yleinen_rakennus;0.99
2023;016;Asikkala;muu_asuinrakennus;1.25
2023;016;Asikkala;rakentamaton_rakennuspaikka;3
2023;016;Asikkala;vakituinen_asuinrakennus;0.45
2023;016;Asikkala;yleinen_maapohja;0.93
2023;016;Asikkala;yleinen_rakennus;0.93
2023;018;Askola;muu_asuinrakennus;1.5
2023;018;Askola;rakentamaton_rakennuspaikka;5
2023;018;Askola;vakituinen_asuinrakennus;0.7
2023;018;Askola;yleinen_maapohja;1.1
2023;018;Askola;yleinen_rakennus;1.1
2023;019;Aura;muu_asuinrakennus;1.2
2023;019;Aura;rakentamaton_rakennuspaikka;
2023;019;Aura;vakituinen_asuinrakennus;0.6
2023;019;Aura;yleinen_maapohja;1.2
2023;019;Aura;yleinen_rakennus;1.2
2023;020;Akaa;muu_asuinrakennus;1.25
2023;020;Akaa;rakentamaton_rakennuspaikka;6
2023;020;Akaa;vakituinen_asuinrakennus;0.65
2023;020;Akaa;yleinen_maapohja;1.1
2023;020;Akaa;yleinen_rakennus;1.1
2023;035;Brändö;muu_asuinrakennus;0.9
2023;035;Brändö;rakentamaton_rakennuspaikka;
2023;035;Brändö;vakituinen_asuinrakennus;0
2023;035;Brändö;yleinen_maapohja;0
2023;035;Brändö;yleinen_rakennus;0
2023;043;Eckerö;muu_asuinrakennus;0.9
2023;043;Eckerö;rakentamaton_rakennuspaikka;
2023;043;Eckerö;vakituinen_asuinrakennus;0
2023;043;Eckerö;yleinen_maapohja;0.7
2023;043;Eckerö;yleinen_rakennus;0.7
2023;046;Enonkoski;muu_asuinrakennus;1.3
2023;046;Enonkoski;rakentamaton_rakennuspaikka;2
2023;046;Enonkoski;vakituinen_asuinrakennus;0.7
2023;046;Enonkoski;yleinen_maapohja;1
2023;046;Enonkoski;yleinen_rakennus;1
2023;047;Enontekiö;muu_asuinrakennus;1.15
2023;047;Enontekiö;rakentamaton_rakennuspaikka;3
2023;047;Enontekiö;vakituinen_asuinrakennus;0.55
2023;047;Enontekiö;yleinen_maapohja;1.05
2023;047;Enontekiö;yleinen_rakennus;1.05
2023;049;Espoo;muu_asuinrakennus;1
2023;049;Espoo;rakentamaton_rakennuspaikka;4.43
2023;049;Espoo;vakituinen_asuinrakennus;0.41
2023;049;Espoo;yleinen_maapohja;1
2023;049;Espoo;yleinen_rakennus;1
2023;050;Eura;muu_asuinrakennus;1.1
2023;050;Eura;rakentamaton_rakennuspaikka;3
2023;050;Eura;vakituinen_asuinrakennus;0.6
2023;050;Eura;yleinen_maapohja;1.1
2023;050;Eura;yleinen_rakennus;1.1
2023;051;Eurajoki;muu_asuinrakennus;1.5
2023;051;Eurajoki;rakentamaton_rakennuspaikka;
2023;051;Eurajoki;vakituinen_asuinrakennus;0.5
2023;051;Eurajoki;yleinen_maapohja;1.2
2023;051;Eurajoki;yleinen_rakennus;1.2
2023;052;Evijärvi;muu_asuinrakennus;1.15
2023;052;Evijärvi;rakentamaton_rakennuspaikka;
2023;052;Evijärvi;vakituinen_asuinrakennus;0.65
2023;052;Evijärvi;yleinen_maapohja;1
2023;052;Evijärvi;yleinen_rakennus;1
2023;060;Finström;muu_asuinrakennus;0.9
2023;060;Finström;rakentamaton_rakennuspaikka;3
2023;060;Finström;vakituinen_asuinrakennus;0
2023;060;Finström;yleinen_maapohja;0.5
2023;060;Finström;yleinen_rakennus;0.5
2023;061;Forssa;muu_asuinrakennus;1.41
2023;061;Forssa;rakentamaton_rakennuspaikka;
2023;061;Forssa;vakituinen_asuinrakennus;0.41
2023;061;Forssa;yleinen_maapohja;1.4
2023;061;Forssa;yleinen_rakennus;1.4
2023;062;Föglö;muu_asuinrakennus;0.9
2023;062;Föglö;rakentamaton_rakennuspaikka;0.5
2023;062;Föglö;vakituinen_asuinrakennus;0
2023;062;Föglö;yleinen_maapohja;0.9
2023;062;Föglö;yleinen_rakennus;0.9
2023;065;Geta;muu_asuinrakennus;0.9
2023;065;Geta;rakentamaton_rakennuspaikka;
2023;065;Geta;vakituinen_asuinrakennus;0
2023;065;Geta;yleinen_maapohja;0.6
2023;065;Geta;yleinen_rakennus;0.6
2023;069;Haapajärvi;muu_asuinrakennus;1.35
2023;069;Haapajärvi;rakentamaton_rakennuspaikka;5
2023;069;Haapajärvi;vakituinen_asuinrakennus;0.75
2023;069;Haapajärvi;yleinen_maapohja;1.35
2023;069;Haapajärvi;yleinen_rakennus;1.35
2023;071;Haapavesi;muu_asuinrakennus;1.3
2023;071;Haapavesi;rakentamaton_rakennuspaikka;3
2023;071;Haapavesi;vakituinen_asuinrakennus;0.6
2023;071;Haapavesi;yleinen_maapohja;1.05
2023;071;Haapavesi;yleinen_rakennus;1.05
2023;072;Hailuoto;muu_asuinrakennus;1.51
2023;072;Hailuoto;rakentamaton_rakennuspaikka;3
2023;072;Hailuoto;vakituinen_asuinrakennus;0.51
2023;072;Hailuoto;yleinen_maapohja;0.95
2023;072;Hailuoto;yleinen_rakennus;0.95
2023;074;Halsua;muu_asuinrakennus;1.6
2023;074;Halsua;rakentamaton_rakennuspaikka;
2023;074;Halsua;vakituinen_asuinrakennus;0.6
2023;074;Halsua;yleinen_maapohja;1.3
2023;074;Halsua;yleinen_rakennus;1.3
2023;075;Hamina;muu_asuinrakennus;1.15
2023;075;Hamina;rakentamaton_rakennuspaikka;
2023;075;Hamina;vakituinen_asuinrakennus;0.55
2023;075;Hamina;yleinen_maapohja;1.25
2023;075;Hamina;yleinen_rakennus;1.25
2023;076;Hammarland;muu_asuinrakennus;0.9
2023;076;Hammarland;rakentamaton_rakennuspaikka;
2023;076;Hammarland;vakituinen_asuinrakennus;0
2023;076;Hammarland;yleinen_maapohja;0.2
2023;076;Hammarland;yleinen_rakennus;0.2
2023;077;Hankasalmi;muu_asuinrakennus;1.2
2023;077;Hankasalmi;rakentamaton_rakennuspaikka;
2023;077;Hankasalmi;vakituinen_asuinrakennus;0.6
2023;077;Hankasalmi;yleinen_maapohja;1.2
2023;077;Hankasalmi;yleinen_rakennus;1.2
2023;078;Hanko;muu_asuinrakennus;1.6
2023;078;Hanko;rakentamaton_rakennuspaikka;3
2023;078;Hanko;vakituinen_asuinrakennus;0.45
2023;078;Hanko;yleinen_maapohja;1.3
2023;078;Hanko;yleinen_rakennus;1.3
2023;079;Harjavalta;muu_asuinrakennus;0.98
2023;079;Harjavalta;rakentamaton_rakennuspaikka;
2023;079;Harjavalta;vakituinen_asuinrakennus;0.5
2023;079;Harjavalta;yleinen_maapohja;1.4
2023;079;Harjavalta;yleinen_rakennus;1.4
2023;081;Hartola;muu_asuinrakennus;1.1
2023;081;Hartola;rakentamaton_rakennuspaikka;
2023;081;Hartola;vakituinen_asuinrakennus;0.5
2023;081;Hartola;yleinen_maapohja;1
2023;081;Hartola;yleinen_rakennus;1
2023;082;Hattula;muu_asuinrakennus;1.1
2023;082;Hattula;rakentamaton_rakennuspaikka;3
2023;082;Hattula;vakituinen_asuinrakennus;0.5
2023;082;Hattula;yleinen_maapohja;1.1
2023;082;Hattula;yleinen_rakennus;1.1
2023;086;Hausjärvi;muu_asuinrakennus;1.05
2023;086;Hausjärvi;rakentamaton_rakennuspaikka;4
2023;086;Hausjärvi;vakituinen_asuinrakennus;0.45
2023;086;Hausjärvi;yleinen_maapohja;1.25
2023;086;Hausjärvi;yleinen_rakennus;1.25
2023;090;Heinävesi;muu_asuinrakennus;1.4
2023;090;Heinävesi;rakentamaton_rakennuspaikka;
2023;090;Heinävesi;vakituinen_asuinrakennus;0.6
2023;090;Heinävesi;yleinen_maapohja;1.15
2023;090;Heinävesi;yleinen_rakennus;1.15
2023;091;Helsinki;muu_asuinrakennus;0.93
2023;091;Helsinki;rakentamaton_rakennuspaikka;3.93
2023;091;Helsinki;vakituinen_asuinrakennus;0.41
2023;091;Helsinki;yleinen_maapohja;0.93
2023;091;Helsinki;yleinen_rakennus;0.93
2023;092;Vantaa;muu_asuinrakennus;1.25
2023;092;Vantaa;rakentamaton_rakennuspaikka;6
2023;092;Vantaa;vakituinen_asuinrakennus;0.41
2023;092;Vantaa;yleinen_maapohja;1.28
2023;092;Vantaa;yleinen_rakennus;1.28
2023;097;Hirvensalmi;muu_asuinrakennus;1.15
2023;097;Hirvensalmi;rakentamaton_rakennuspaikka;2.6
2023;097;Hirvensalmi;vakituinen_asuinrakennus;0.41
2023;097;Hirvensalmi;yleinen_maapohja;0.95
2023;097;Hirvensalmi;yleinen_rakennus;0.95
2023;098;Hollola;muu_asuinrakennus;1.1
2023;098;Hollola;rakentamaton_rakennuspaikka;
2023;098;Hollola;vakituinen_asuinrakennus;0.55
2023;098;Hollola;yleinen_maapohja;1.15
2023;098;Hollola;yleinen_rakennus;1.15
2023;102;Huittinen;muu_asuinrakennus;1.07
2023;102;Huittinen;rakentamaton_rakennuspaikka;6
2023;102;Huittinen;vakituinen_asuinrakennus;0.5
2023;102;Huittinen;yleinen_maapohja;1.07
2023;102;Huittinen;yleinen_rakennus;1.07
2023;103;Humppila;muu_asuinrakennus;1.3
2023;103;Humppila;rakentamaton_rakennuspaikka;3
2023;103;Humppila;vakituinen_asuinrakennus;0.55
2023;103;Humppila;yleinen_maapohja;1.3
2023;103;Humppila;yleinen_rakennus;1.3
2023;105;Hyrynsalmi;muu_asuinrakennus;1.15
2023;105;Hyrynsalmi;rakentamaton_rakennuspaikka;2
2023;105;Hyrynsalmi;vakituinen_asuinrakennus;0.55
2023;105;Hyrynsalmi;yleinen_maapohja;1
2023;105;Hyrynsalmi;yleinen_rakennus;1
2023;106;Hyvinkää;muu_asuinrakennus;1.05
2023;106;Hyvinkää;rakentamaton_rakennuspaikka;4.3
2023;106;Hyvinkää;vakituinen_asuinrakennus;0.45
2023;106;Hyvinkää;yleinen_maapohja;1.3
2023;106;Hyvinkää;yleinen_rakennus;1.3
2023;108;Hämeenkyrö;muu_asuinrakennus;1.15
2023;108;Hämeenkyrö;rakentamaton_rakennuspaikka;4.5
2023;108;Hämeenkyrö;vakituinen_asuinrakennus;0.48
2023;108;Hämeenkyrö;yleinen_maapohja;0.95
2023;108;Hämeenkyrö;yleinen_rakennus;0.95
2023;109;Hämeenlinna;muu_asuinrakennus;1.4
2023;109;Hämeenlinna;rakentamaton_rakennuspaikka;3.3
2023;109;Hämeenlinna;vakituinen_asuinrakennus;0.6
2023;109;Hämeenlinna;yleinen_maapohja;1.35
2023;109;Hämeenlinna;yleinen_rakennus;1.35
2023;111;Heinola;muu_asuinrakennus;1
2023;111;Heinola;rakentamaton_rakennuspaikka;
2023;111;Heinola;vakituinen_asuinrakennus;0.5
2023;111;Heinola;yleinen_maapohja;1
2023;111;Heinola;yleinen_rakennus;1
2023;139;Ii;muu_asuinrakennus;1.2
2023;139;Ii;rakentamaton_rakennuspaikka;6
2023;139;Ii;vakituinen_asuinrakennus;0.65
2023;139;Ii;yleinen_maapohja;1.3
2023;139;Ii;yleinen_rakennus;1.3
2023;140;Iisalmi;muu_asuinrakennus;0.93
2023;140;Iisalmi;rakentamaton_rakennuspaikka;3
2023;140;Iisalmi;vakituinen_asuinrakennus;0.55
2023;140;Iisalmi;yleinen_maapohja;1.1
2023;140;Iisalmi;yleinen_rakennus;1.1
2023;142;Iitti;muu_asuinrakennus;1.25
2023;142;Iitti;rakentamaton_rakennuspaikka;
2023;142;Iitti;vakituinen_asuinrakennus;0.65
2023;142;Iitti;yleinen_maapohja;1.15
2023;142;Iitti;yleinen_rakennus;1.15
2023;143;Ikaalinen;muu_asuinrakennus;1.19
2023;143;Ikaalinen;rakentamaton_rakennuspaikka;3
2023;143;Ikaalinen;vakituinen_asuinrakennus;0.59
2023;143;Ikaalinen;yleinen_maapohja;1.23
2023;143;Ikaalinen;yleinen_rakennus;1.23
2023;145;Ilmajoki;muu_asuinrakennus;1.2
2023;145;Ilmajoki;rakentamaton_rakennuspaikka;3
2023;145;Ilmajoki;vakituinen_asuinrakennus;0.6
2023;145;Ilmajoki;yleinen_maapohja;0.93
2023;145;Ilmajoki;yleinen_rakennus;0.93
2023;146;Ilomantsi;muu_asuinrakennus;1
2023;146;Ilomantsi;rakentamaton_rakennuspaikka;
2023;146;Ilomantsi;vakituinen_asuinrakennus;0.45
2023;146;Ilomantsi;yleinen_maapohja;1
2023;146;Ilomantsi;yleinen_rakennus;1
2023;148;Inari;muu_asuinrakennus;1.15
2023;148;Inari;rakentamaton_rakennuspaikka;3
2023;148;Inari;vakituinen_asuinrakennus;0.55
2023;148;Inari;yleinen_maapohja;1.35
2023;148;Inari;yleinen_rakennus;1.35
2023;149;Inkoo;muu_asuinrakennus;1.55
2023;149;Inkoo;rakentamaton_rakennuspaikka;2
2023;149;Inkoo;vakituinen_asuinrakennus;0.65
2023;149;Inkoo;yleinen_maapohja;1.1
2023;149;Inkoo;yleinen_rakennus;1.1
2023;151;Isojoki;muu_asuinrakennus;0.93
2023;151;Isojoki;rakentamaton_rakennuspaikka;2
2023;151;Isojoki;vakituinen_asuinrakennus;0.5
2023;151;Isojoki;yleinen_maapohja;0.93
2023;151;Isojoki;yleinen_rakennus;0.93
2023;152;Isokyrö;muu_asuinrakennus;1.1
2023;152;Isokyrö;rakentamaton_rakennuspaikka;
2023;152;Isokyrö;vakituinen_asuinrakennus;0.65
2023;152;Isokyrö;yleinen_maapohja;0.93
2023;152;Isokyrö;yleinen_rakennus;0.93
2023;153;Imatra;muu_asuinrakennus;1
2023;153;Imatra;rakentamaton_rakennuspaikka;
2023;153;Imatra;vakituinen_asuinrakennus;0.45
2023;153;Imatra;yleinen_maapohja;1.9
2023;153;Imatra;yleinen_rakennus;1.9
2023;165;Janakkala;muu_asuinrakennus;1.1
2023;165;Janakkala;rakentamaton_rakennuspaikka;4
2023;165;Janakkala;vakituinen_asuinrakennus;0.5
2023;165;Janakkala;yleinen_maapohja;1.1
2023;165;Janakkala;yleinen_rakennus;1.1
2023;167;Joensuu;muu_asuinrakennus;1
2023;167;Joensuu;rakentamaton_rakennuspaikka;
2023;167;Joensuu;vakituinen_asuinrakennus;0.45
2023;167;Joensuu;yleinen_maapohja;1.1
2023;167;Joensuu;yleinen_rakennus;1.1
2023;169;Jokioinen;muu_asuinrakennus;1.1
2023;169;Jokioinen;rakentamaton_rakennuspaikka;
2023;169;Jokioinen;vakituinen_asuinrakennus;0.5
2023;169;Jokioinen;yleinen_maapohja;1.1
2023;169;Jokioinen;yleinen_rakennus;1.1
2023;170;Jomala;muu_asuinrakennus;0.9
2023;170;Jomala;rakentamaton_rakennuspaikka;1
2023;170;Jomala;vakituinen_asuinrakennus;0
2023;170;Jomala;yleinen_maapohja;0.3
2023;170;Jomala;yleinen_rakennus;0.3
2023;171;Joroinen;muu_asuinrakennus;1.1
2023;171;Joroinen;rakentamaton_rakennuspaikka;
2023;171;Joroinen;vakituinen_asuinrakennus;0.5
2023;171;Joroinen;yleinen_maapohja;1.05
2023;171;Joroinen;yleinen_rakennus;1.05
2023;172;Joutsa;muu_asuinrakennus;1.2
2023;172;Joutsa;rakentamaton_rakennuspaikka;
2023;172;Joutsa;vakituinen_asuinrakennus;0.6
2023;172;Joutsa;yleinen_maapohja;1.1
2023;172;Joutsa;yleinen_rakennus;1.1
2023;176;Juuka;muu_asuinrakennus;0.99
2023;176;Juuka;rakentamaton_rakennuspaikka;
2023;176;Juuka;vakituinen_asuinrakennus;0.45
2023;176;Juuka;yleinen_maapohja;1
2023;176;Juuka;yleinen_rakennus;1
2023;177;Juupajoki;muu_asuinrakennus;1.05
2023;177;Juupajoki;rakentamaton_rakennuspaikka;
2023;177;Juupajoki;vakituinen_asuinrakennus;0.45
2023;177;Juupajoki;yleinen_maapohja;1.15
2023;177;Juupajoki;yleinen_rakennus;1.15
2023;178;Juva;muu_asuinrakennus;1.03
2023;178;Juva;rakentamaton_rakennuspaikka;2
2023;178;Juva;vakituinen_asuinrakennus;0.43
2023;178;Juva;yleinen_maapohja;0.95
2023;178;Juva;yleinen_rakennus;0.95
2023;179;Jyväskylä;muu_asuinrakennus;1.55
2023;179;Jyväskylä;rakentamaton_rakennuspaikka;4
2023;179;Jyväskylä;vakituinen_asuinrakennus;0.55
2023;179;Jyväskylä;yleinen_maapohja;1.3
2023;179;Jyväskylä;yleinen_rakennus;1.3
2023;181;Jämijärvi;muu_asuinrakennus;1.03
2023;181;Jämijärvi;rakentamaton_rakennuspaikka;4
2023;181;Jämijärvi;vakituinen_asuinrakennus;0.45
2023;181;Jämijärvi;yleinen_maapohja;1.03
2023;181;Jämijärvi;yleinen_rakennus;1.03
2023;182;Jämsä;muu_asuinrakennus;1.05
2023;182;Jämsä;rakentamaton_rakennuspaikka;3
2023;182;Jämsä;vakituinen_asuinrakennus;0.45
2023;182;Jämsä;yleinen_maapohja;1
2023;182;Jämsä;yleinen_rakennus;1
2023;186;Järvenpää;muu_asuinrakennus;1.15
2023;186;Järvenpää;rakentamaton_rakennuspaikka;6
2023;186;Järvenpää;vakituinen_asuinrakennus;0.65
2023;186;Järvenpää;yleinen_maapohja;1.45
2023;186;Järvenpää;yleinen_rakennus;1.45
2023;202;Kaarina;muu_asuinrakennus;1
2023;202;Kaarina;rakentamaton_rakennuspaikka;4
2023;202;Kaarina;vakituinen_asuinrakennus;0.41
2023;202;Kaarina;yleinen_maapohja;1
2023;202;Kaarina;yleinen_rakennus;1
2023;204;Kaavi;muu_asuinrakennus;1.7
2023;204;Kaavi;rakentamaton_rakennuspaikka;
2023;204;Kaavi;vakituinen_asuinrakennus;0.75
2023;204;Kaavi;yleinen_maapohja;1.5
2023;204;Kaavi;yleinen_rakennus;1.5
2023;205;Kajaani;muu_asuinrakennus;1.55
2023;205;Kajaani;rakentamaton_rakennuspaikka;4.1
2023;205;Kajaani;vakituinen_asuinrakennus;0.55
2023;205;Kajaani;yleinen_maapohja;1.1
2023;205;Kajaani;yleinen_rakennus;1.1
2023;208;Kalajoki;muu_asuinrakennus;1.1
2023;208;Kalajoki;rakentamaton_rakennuspaikka;
2023;208;Kalajoki;vakituinen_asuinrakennus;0.5
2023;208;Kalajoki;yleinen_maapohja;1.1
2023;208;Kalajoki;yleinen_rakennus;1.1
2023;211;Kangasala;muu_asuinrakennus;1.03
2023;211;Kangasala;rakentamaton_rakennuspaikka;4
2023;211;Kangasala;vakituinen_asuinrakennus;0.43
2023;211;Kangasala;yleinen_maapohja;0.93
2023;211;Kangasala;yleinen_rakennus;0.93
2023;213;Kangasniemi;muu_asuinrakennus;1.1
2023;213;Kangasniemi;rakentamaton_rakennuspaikka;2
2023;213;Kangasniemi;vakituinen_asuinrakennus;0.5
2023;213;Kangasniemi;yleinen_maapohja;1
2023;213;Kangasniemi;yleinen_rakennus;1
2023;214;Kankaanpää;muu_asuinrakennus;1.05
2023;214;Kankaanpää;rakentamaton_rakennuspaikka;4
2023;214;Kankaanpää;vakituinen_asuinrakennus;0.45
2023;214;Kankaanpää;yleinen_maapohja;1.2
2023;214;Kankaanpää;yleinen_rakennus;1.2
2023;216;Kannonkoski;muu_asuinrakennus;1.6
2023;216;Kannonkoski;rakentamaton_rakennuspaikka;
2023;216;Kannonkoski;vakituinen_asuinrakennus;0.5
2023;216;Kannonkoski;yleinen_maapohja;0.95
2023;216;Kannonkoski;yleinen_rakennus;0.95
2023;217;Kannus;muu_asuinrakennus;1
2023;217;Kannus;rakentamaton_rakennuspaikka;
2023;217;Kannus;vakituinen_asuinrakennus;0.55
2023;217;Kannus;yleinen_maapohja;1.15
2023;217;Kannus;yleinen_rakennus;1.15
2023;218;Karijoki;muu_asuinrakennus;1
2023;218;Karijoki;rakentamaton_rakennuspaikka;
2023;218;Karijoki;vakituinen_asuinrakennus;0.5
2023;218;Karijoki;yleinen_maapohja;0.93
2023;218;Karijoki;yleinen_rakennus;0.93
2023;224;Karkkila;muu_asuinrakennus;1.25
2023;224;Karkkila;rakentamaton_rakennuspaikka;4
2023;224;Karkkila;vakituinen_asuinrakennus;0.65
2023;224;Karkkila;yleinen_maapohja;1.1
2023;224;Karkkila;yleinen_rakennus;1.1
2023;226;Karstula;muu_asuinrakennus;1.36
2023;226;Karstula;rakentamaton_rakennuspaikka;3
2023;226;Karstula;vakituinen_asuinrakennus;0.48
2023;226;Karstula;yleinen_maapohja;1.03
2023;226;Karstula;yleinen_rakennus;1.03
2023;230;Karvia;muu_asuinrakennus;0.93
2023;230;Karvia;rakentamaton_rakennuspaikka;
2023;230;Karvia;vakituinen_asuinrakennus;0.41
2023;230;Karvia;yleinen_maapohja;0.93
2023;230;Karvia;yleinen_rakennus;0.93
2023;231;Kaskinen;muu_asuinrakennus;2
2023;231;Kaskinen;rakentamaton_rakennuspaikka;6
2023;231;Kaskinen;vakituinen_asuinrakennus;1
2023;231;Kaskinen;yleinen_maapohja;1.6
2023;231;Kaskinen;yleinen_rakennus;1.6
2023;232;Kauhajoki;muu_asuinrakennus;1.2
2023;232;Kauhajoki;rakentamaton_rakennuspaikka;3
2023;232;Kauhajoki;vakituinen_asuinrakennus;0.65
2023;232;Kauhajoki;yleinen_maapohja;0.93
2023;232;Kauhajoki;yleinen_rakennus;0.93
2023;233;Kauhava;muu_asuinrakennus;1.1
2023;233;Kauhava;rakentamaton_rakennuspaikka;2
2023;233;Kauhava;vakituinen_asuinrakennus;0.55
2023;233;Kauhava;yleinen_maapohja;0.95
2023;233;Kauhava;yleinen_rakennus;0.95
2023;235;Kauniainen;muu_asuinrakennus;0.93
2023;235;Kauniainen;rakentamaton_rakennuspaikka;3.93
2023;235;Kauniainen;vakituinen_asuinrakennus;0.41
2023;235;Kauniainen;yleinen_maapohja;0.93
2023;235;Kauniainen;yleinen_rakennus;0.93
2023;236;Kaustinen;muu_asuinrakennus;1.1
2023;236;Kaustinen;rakentamaton_rakennuspaikka;3.1
2023;236;Kaustinen;vakituinen_asuinrakennus;0.6
2023;236;Kaustinen;yleinen_maapohja;1.1
2023;236;Kaustinen;yleinen_rakennus;1.1
2023;239;Keitele;muu_asuinrakennus;1.1
2023;239;Keitele;rakentamaton_rakennuspaikka;
2023;239;Keitele;vakituinen_asuinrakennus;0.55
2023;239;Keitele;yleinen_maapohja;1.05
2023;239;Keitele;yleinen_rakennus;1.05
2023;240;Kemi;muu_asuinrakennus;1
2023;240;Kemi;rakentamaton_rakennuspaikka;6
2023;240;Kemi;vakituinen_asuinrakennus;0.5
2023;240;Kemi;yleinen_maapohja;1.24
2023;240;Kemi;yleinen_rakennus;1.24
2023;241;Keminmaa;muu_asuinrakennus;1
2023;241;Keminmaa;rakentamaton_rakennuspaikka;4
2023;241;Keminmaa;vakituinen_asuinrakennus;0.41
2023;241;Keminmaa;yleinen_maapohja;1.15
2023;241;Keminmaa;yleinen_rakennus;1.15
2023;244;Kempele;muu_asuinrakennus;1.1
2023;244;Kempele;rakentamaton_rakennuspaikka;3
2023;244;Kempele;vakituinen_asuinrakennus;0.5
2023;244;Kempele;yleinen_maapohja;1.1
2023;244;Kempele;yleinen_rakennus;1.1
2023;245;Kerava;muu_asuinrakennus;0.93
2023;245;Kerava;rakentamaton_rakennuspaikka;6
2023;245;Kerava;vakituinen_asuinrakennus;0.6
2023;245;Kerava;yleinen_maapohja;1.45
2023;245;Kerava;yleinen_rakennus;1.45
2023;249;Keuruu;muu_asuinrakennus;1.2
2023;249;Keuruu;rakentamaton_rakennuspaikka;
2023;249;Keuruu;vakituinen_asuinrakennus;0.51
2023;249;Keuruu;yleinen_maapohja;1.1
2023;249;Keuruu;yleinen_rakennus;1.1
2023;250;Kihniö;muu_asuinrakennus;1.1
2023;250;Kihniö;rakentamaton_rakennuspaikka;
2023;250;Kihniö;vakituinen_asuinrakennus;0.55
2023;250;Kihniö;yleinen_maapohja;1.1
2023;250;Kihniö;yleinen_rakennus;1.1
2023;256;Kinnula;muu_asuinrakennus;1.3
2023;256;Kinnula;rakentamaton_rakennuspaikka;3
2023;256;Kinnula;vakituinen_asuinrakennus;0.6
2023;256;Kinnula;yleinen_maapohja;1.2
2023;256;Kinnula;yleinen_rakennus;1.2
2023;257;Kirkkonummi;muu_asuinrakennus;1.4
2023;257;Kirkkonummi;rakentamaton_rakennuspaikka;5.43
2023;257;Kirkkonummi;vakituinen_asuinrakennus;0.41
2023;257;Kirkkonummi;yleinen_maapohja;0.93
2023;257;Kirkkonummi;yleinen_rakennus;0.93
2023;260;Kitee;muu_asuinrakennus;1.1
2023;260;Kitee;rakentamaton_rakennuspaikka;
2023;260;Kitee;vakituinen_asuinrakennus;0.55
2023;260;Kitee;yleinen_maapohja;0.95
2023;260;Kitee;yleinen_rakennus;0.95
2023;261;Kittilä;muu_asuinrakennus;1.2
2023;261;Kittilä;rakentamaton_rakennuspaikka;
2023;261;Kittilä;vakituinen_asuinrakennus;0.41
2023;261;Kittilä;yleinen_maapohja;1.16
2023;261;Kittilä;yleinen_rakennus;1.16
2023;263;Kiuruvesi;muu_asuinrakennus;1
2023;263;Kiuruvesi;rakentamaton_rakennuspaikka;3
2023;263;Kiuruvesi;vakituinen_asuinrakennus;0.55
2023;263;Kiuruvesi;yleinen_maapohja;0.93
2023;263;Kiuruvesi;yleinen_rakennus;0.93
2023;265;Kivijärvi;muu_asuinrakennus;1.5
2023;265;Kivijärvi;rakentamaton_rakennuspaikka;4
2023;265;Kivijärvi;vakituinen_asuinrakennus;0.6
2023;265;Kivijärvi;yleinen_maapohja;1.2
2023;265;Kivijärvi;yleinen_rakennus;1.2
2023;271;Kokemäki;muu_asuinrakennus;1.85
2023;271;Kokemäki;rakentamaton_rakennuspaikka;4
2023;271;Kokemäki;vakituinen_asuinrakennus;0.51
2023;271;Kokemäki;yleinen_maapohja;1.2
2023;271;Kokemäki;yleinen_rakennus;1.2
2023;272;Kokkola;muu_asuinrakennus;1.1
2023;272;Kokkola;rakentamaton_rakennuspaikka;3.25
2023;272;Kokkola;vakituinen_asuinrakennus;0.6
2023;272;Kokkola;yleinen_maapohja;1.25
2023;272;Kokkola;yleinen_rakennus;1.25
2023;273;Kolari;muu_asuinrakennus;1.5
2023;273;Kolari;rakentamaton_rakennuspaikka;2
2023;273;Kolari;vakituinen_asuinrakennus;0.47
2023;273;Kolari;yleinen_maapohja;1.03
2023;273;Kolari;yleinen_rakennus;1.03
2023;275;Konnevesi;muu_asuinrakennus;1.2
2023;275;Konnevesi;rakentamaton_rakennuspaikka;
2023;275;Konnevesi;vakituinen_asuinrakennus;0.55
2023;275;Konnevesi;yleinen_maapohja;1.1
2023;275;Konnevesi;yleinen_rakennus;1.1
2023;276;Kontiolahti;muu_asuinrakennus;1
2023;276;Kontiolahti;rakentamaton_rakennuspaikka;
2023;276;Kontiolahti;vakituinen_asuinrakennus;0.45
2023;276;Kontiolahti;yleinen_maapohja;1.03
2023;276;Kontiolahti;yleinen_rakennus;1.03
2023;280;Korsnäs;muu_asuinrakennus;1.35
2023;280;Korsnäs;rakentamaton_rakennuspaikka;
2023;280;Korsnäs;vakituinen_asuinrakennus;0.55
2023;280;Korsnäs;yleinen_maapohja;1
2023;280;Korsnäs;yleinen_rakennus;1
2023;284;Koski Tl;muu_asuinrakennus;0.93
2023;284;Koski Tl;rakentamaton_rakennuspaikka;
2023;284;Koski Tl;vakituinen_asuinrakennus;0.41
2023;284;Koski Tl;yleinen_maapohja;0.93
2023;284;Koski Tl;yleinen_rakennus;0.93
2023;285;Kotka;muu_asuinrakennus;1.15
2023;285;Kotka;rakentamaton_rakennuspaikka;
2023;285;Kotka;vakituinen_asuinrakennus;0.55
2023;285;Kotka;yleinen_maapohja;1.35
2023;285;Kotka;yleinen_rakennus;1.35
2023;286;Kouvola;muu_asuinrakennus;1.35
2023;286;Kouvola;rakentamaton_rakennuspaikka;
2023;286;Kouvola;vakituinen_asuinrakennus;0.65
2023;286;Kouvola;yleinen_maapohja;1.45
2023;286;Kouvola;yleinen_rakennus;1.45
2023;287;Kristiinankaupunki;muu_asuinrakennus;1.2
2023;287;Kristiinankaupunki;rakentamaton_rakennuspaikka;
2023;287;Kristiinankaupunki;vakituinen_asuinrakennus;0.6
2023;287;Kristiinankaupunki;yleinen_maapohja;0.93
2023;287;Kristiinankaupunki;yleinen_rakennus;0.93
2023;288;Kruunupyy;muu_asuinrakennus;1.3
2023;288;Kruunupyy;rakentamaton_rakennuspaikka;4
2023;288;Kruunupyy;vakituinen_asuinrakennus;0.5
2023;288;Kruunupyy;yleinen_maapohja;1
2023;288;Kruunupyy;yleinen_rakennus;1
2023;290;Kuhmo;muu_asuinrakennus;1.08
2023;290;Kuhmo;rakentamaton_rakennuspaikka;2
2023;290;Kuhmo;vakituinen_asuinrakennus;0.54
2023;290;Kuhmo;yleinen_maapohja;0.98
2023;290;Kuhmo;yleinen_rakennus;0.98
2023;291;Kuhmoinen;muu_asuinrakennus;1.2
2023;291;Kuhmoinen;rakentamaton_rakennuspaikka;
2023;291;Kuhmoinen;vakituinen_asuinrakennus;0.6
2023;291;Kuhmoinen;yleinen_maapohja;1.1
2023;291;Kuhmoinen;yleinen_rakennus;1.1
2023;295;Kumlinge;muu_asuinrakennus;0.9
2023;295;Kumlinge;rakentamaton_rakennuspaikka;
2023;295;Kumlinge;vakituinen_asuinrakennus;0.2
2023;295;Kumlinge;yleinen_maapohja;0.6
2023;295;Kumlinge;yleinen_rakennus;0.6
2023;297;Kuopio;muu_asuinrakennus;1.35
2023;297;Kuopio;rakentamaton_rakennuspaikka;3
2023;297;Kuopio;vakituinen_asuinrakennus;0.62
2023;297;Kuopio;yleinen_maapohja;1.3
2023;297;Kuopio;yleinen_rakennus;1.3
2023;300;Kuortane;muu_asuinrakennus;1.05
2023;300;Kuortane;rakentamaton_rakennuspaikka;
2023;300;Kuortane;vakituinen_asuinrakennus;0.45
2023;300;Kuortane;yleinen_maapohja;0.93
2023;300;Kuortane;yleinen_rakennus;0.93
2023;301;Kurikka;muu_asuinrakennus;1.2
2023;301;Kurikka;rakentamaton_rakennuspaikka;4
2023;301;Kurikka;vakituinen_asuinrakennus;0.6
2023;301;Kurikka;yleinen_maapohja;0.93
2023;301;Kurikka;yleinen_rakennus;0.93
2023;304;Kustavi;muu_asuinrakennus;0.98
2023;304;Kustavi;rakentamaton_rakennuspaikka;
2023;304;Kustavi;vakituinen_asuinrakennus;0.41
2023;304;Kustavi;yleinen_maapohja;0.93
2023;304;Kustavi;yleinen_rakennus;0.93
2023;305;Kuusamo;muu_asuinrakennus;1.1
2023;305;Kuusamo;rakentamaton_rakennuspaikka;
2023;305;Kuusamo;vakituinen_asuinrakennus;0.5
2023;305;Kuusamo;yleinen_maapohja;1.1
2023;305;Kuusamo;yleinen_rakennus;1.1
2023;309;Outokumpu;muu_asuinrakennus;1.25
2023;309;Outokumpu;rakentamaton_rakennuspaikka;
2023;309;Outokumpu;vakituinen_asuinrakennus;0.55
2023;309;Outokumpu;yleinen_maapohja;1.1
2023;309;Outokumpu;yleinen_rakennus;1.1
2023;312;Kyyjärvi;muu_asuinrakennus;1.6
2023;312;Kyyjärvi;rakentamaton_rakennuspaikka;2
2023;312;Kyyjärvi;vakituinen_asuinrakennus;0.75
2023;312;Kyyjärvi;yleinen_maapohja;1.25
2023;312;Kyyjärvi;yleinen_rakennus;1.25
2023;316;Kärkölä;muu_asuinrakennus;1.2
2023;316;Kärkölä;rakentamaton_rakennuspaikka;4.35
2023;316;Kärkölä;vakituinen_asuinrakennus;0.6
2023;316;Kärkölä;yleinen_maapohja;1.35
2023;316;Kärkölä;yleinen_rakennus;1.35
2023;317;Kärsämäki;muu_asuinrakennus;1.1
2023;317;Kärsämäki;rakentamaton_rakennuspaikka;3
2023;317;Kärsämäki;vakituinen_asuinrakennus;0.65
2023;317;Kärsämäki;yleinen_maapohja;0.93
2023;317;Kärsämäki;yleinen_rakennus;0.93
2023;318;Kökar;muu_asuinrakennus;0.9
2023;318;Kökar;rakentamaton_rakennuspaikka;
2023;318;Kökar;vakituinen_asuinrakennus;0
2023;318;Kökar;yleinen_maapohja;0.4
2023;318;Kökar;yleinen_rakennus;0.4
2023;320;Kemijärvi;muu_asuinrakennus;1.35
2023;320;Kemijärvi;rakentamaton_rakennuspaikka;
2023;320;Kemijärvi;vakituinen_asuinrakennus;0.5
2023;320;Kemijärvi;yleinen_maapohja;1.2
2023;320;Kemijärvi;yleinen_rakennus;1.2
2023;322;Kemiönsaari;muu_asuinrakennus;1.1
2023;322;Kemiönsaari;rakentamaton_rakennuspaikka;
2023;322;Kemiönsaari;vakituinen_asuinrakennus;0.41
2023;322;Kemiönsaari;yleinen_maapohja;1.1
2023;322;Kemiönsaari;yleinen_rakennus;1.1
2023;398;Lahti;muu_asuinrakennus;1.35
2023;398;Lahti;rakentamaton_rakennuspaikka;4
2023;398;Lahti;vakituinen_asuinrakennus;0.6
2023;398;Lahti;yleinen_maapohja;1.35
2023;398;Lahti;yleinen_rakennus;1.35
2023;399;Laihia;muu_asuinrakennus;1
2023;399;Laihia;rakentamaton_rakennuspaikka;3
2023;399;Laihia;vakituinen_asuinrakennus;0.5
2023;399;Laihia;yleinen_maapohja;1
2023;399;Laihia;yleinen_rakennus;1
2023;400;Laitila;muu_asuinrakennus;1
2023;400;Laitila;rakentamaton_rakennuspaikka;3
2023;400;Laitila;vakituinen_asuinrakennus;0.41
2023;400;Laitila;yleinen_maapohja;0.93
2023;400;Laitila;yleinen_rakennus;0.93
2023;402;Lapinlahti;muu_asuinrakennus;1
2023;402;Lapinlahti;rakentamaton_rakennuspaikka;2
2023;402;Lapinlahti;vakituinen_asuinrakennus;0.6
2023;402;Lapinlahti;yleinen_maapohja;0.93
2023;402;Lapinlahti;yleinen_rakennus;0.93
2023;403;Lappajärvi;muu_asuinrakennus;1.15
2023;403;Lappajärvi;rakentamaton_rakennuspaikka;
2023;403;Lappajärvi;vakituinen_asuinrakennus;0.55
2023;403;Lappajärvi;yleinen_maapohja;1
2023;403;Lappajärvi;yleinen_rakennus;1
2023;405;Lappeenranta;muu_asuinrakennus;1.15
2023;405;Lappeenranta;rakentamaton_rakennuspaikka;3
2023;405;Lappeenranta;vakituinen_asuinrakennus;0.55
2023;405;Lappeenranta;yleinen_maapohja;1.43
2023;405;Lappeenranta;yleinen_rakennus;1.43
2023;407;Lapinjärvi;muu_asuinrakennus;1.2
2023;407;Lapinjärvi;rakentamaton_rakennuspaikka;
2023;407;Lapinjärvi;vakituinen_asuinrakennus;0.6
2023;407;Lapinjärvi;yleinen_maapohja;1.1
2023;407;Lapinjärvi;yleinen_rakennus;1.1
2023;408;Lapua;muu_asuinrakennus;1.05
2023;408;Lapua;rakentamaton_rakennuspaikka;6
2023;408;Lapua;vakituinen_asuinrakennus;0.45
2023;408;Lapua;yleinen_maapohja;1.05
2023;408;Lapua;yleinen_rakennus;1.05
2023;410;Laukaa;muu_asuinrakennus;1.4
2023;410;Laukaa;rakentamaton_rakennuspaikka;3
2023;410;Laukaa;vakituinen_asuinrakennus;0.7
2023;410;Laukaa;yleinen_maapohja;1.3
2023;410;Laukaa;yleinen_rakennus;1.3
2023;416;Lemi;muu_asuinrakennus;1.3
2023;416;Lemi;rakentamaton_rakennuspaikka;4
2023;416;Lemi;vakituinen_asuinrakennus;0.53
2023;416;Lemi;yleinen_maapohja;1.4
2023;416;Lemi;yleinen_rakennus;1.4
2023;417;Lemland;muu_asuinrakennus;0.9
2023;417;Lemland;rakentamaton_rakennuspaikka;0
2023;417;Lemland;vakituinen_asuinrakennus;0
2023;417;Lemland;yleinen_maapohja;1
2023;417;Lemland;yleinen_rakennus;1
2023;418;Lempäälä;muu_asuinrakennus;1
2023;418;Lempäälä;rakentamaton_rakennuspaikka;3
2023;418;Lempäälä;vakituinen_asuinrakennus;0.45
2023;418;Lempäälä;yleinen_maapohja;0.95
2023;418;Lempäälä;yleinen_rakennus;0.95
2023;420;Leppävirta;muu_asuinrakennus;1
2023;420;Leppävirta;rakentamaton_rakennuspaikka;2
2023;420;Leppävirta;vakituinen_asuinrakennus;0.45
2023;420;Leppävirta;yleinen_maapohja;1
2023;420;Leppävirta;yleinen_rakennus;1
2023;421;Lestijärvi;muu_asuinrakennus;1.4
2023;421;Lestijärvi;rakentamaton_rakennuspaikka;
2023;421;Lestijärvi;vakituinen_asuinrakennus;0.5
2023;421;Lestijärvi;yleinen_maapohja;1
2023;421;Lestijärvi;yleinen_rakennus;1
2023;422;Lieksa;muu_asuinrakennus;0.95
2023;422;Lieksa;rakentamaton_rakennuspaikka;
2023;422;Lieksa;vakituinen_asuinrakennus;0.43
2023;422;Lieksa;yleinen_maapohja;1
2023;422;Lieksa;yleinen_rakennus;1
2023;423;Lieto;muu_asuinrakennus;1
2023;423;Lieto;rakentamaton_rakennuspaikka;3
2023;423;Lieto;vakituinen_asuinrakennus;0.41
2023;423;Lieto;yleinen_maapohja;1
2023;423;Lieto;yleinen_rakennus;1
2023;425;Liminka;muu_asuinrakennus;1.03
2023;425;Liminka;rakentamaton_rakennuspaikka;3
2023;425;Liminka;vakituinen_asuinrakennus;0.43
2023;425;Liminka;yleinen_maapohja;0.94
2023;425;Liminka;yleinen_rakennus;0.94
2023;426;Liperi;muu_asuinrakennus;1
2023;426;Liperi;rakentamaton_rakennuspaikka;
2023;426;Liperi;vakituinen_asuinrakennus;0.5
2023;426;Liperi;yleinen_maapohja;1.05
2023;426;Liperi;yleinen_rakennus;1.05
2023;430;Loimaa;muu_asuinrakennus;1.05
2023;430;Loimaa;rakentamaton_rakennuspaikka;
2023;430;Loimaa;vakituinen_asuinrakennus;0.5
2023;430;Loimaa;yleinen_maapohja;1
2023;430;Loimaa;yleinen_rakennus;1
2023;433;Loppi;muu_asuinrakennus;0.93
2023;433;Loppi;rakentamaton_rakennuspaikka;
2023;433;Loppi;vakituinen_asuinrakennus;0.41
2023;433;Loppi;yleinen_maapohja;0.93
2023;433;Loppi;yleinen_rakennus;0.93
2023;434;Loviisa;muu_asuinrakennus;1.2
2023;434;Loviisa;rakentamaton_rakennuspaikka;3
2023;434;Loviisa;vakituinen_asuinrakennus;0.5
2023;434;Loviisa;yleinen_maapohja;1
2023;434;Loviisa;yleinen_rakennus;1
2023;435;Luhanka;muu_asuinrakennus;1.3
2023;435;Luhanka;rakentamaton_rakennuspaikka;6
2023;435;Luhanka;vakituinen_asuinrakennus;0.5
2023;435;Luhanka;yleinen_maapohja;1.2
2023;435;Luhanka;yleinen_rakennus;1.2
2023;436;Lumijoki;muu_asuinrakennus;1.15
2023;436;Lumijoki;rakentamaton_rakennuspaikka;6
2023;436;Lumijoki;vakituinen_asuinrakennus;0.5
2023;436;Lumijoki;yleinen_maapohja;0.95
2023;436;Lumijoki;yleinen_rakennus;0.95
2023;438;Lumparland;muu_asuinrakennus;0.9
2023;438;Lumparland;rakentamaton_rakennuspaikka;1
2023;438;Lumparland;vakituinen_asuinrakennus;0
2023;438;Lumparland;yleinen_maapohja;0.6
2023;438;Lumparland;yleinen_rakennus;0.6
2023;440;Luoto;muu_asuinrakennus;1.2
2023;440;Luoto;rakentamaton_rakennuspaikka;4
2023;440;Luoto;vakituinen_asuinrakennus;0.5
2023;440;Luoto;yleinen_maapohja;1.3
2023;440;Luoto;yleinen_rakennus;1.3
2023;441;Luumäki;muu_asuinrakennus;1.05
2023;441;Luumäki;rakentamaton_rakennuspaikka;
2023;441;Luumäki;vakituinen_asuinrakennus;0.5
2023;441;Luumäki;yleinen_maapohja;1
2023;441;Luumäki;yleinen_rakennus;1
2023;444;Lohja;muu_asuinrakennus;1.05
2023;444;Lohja;rakentamaton_rakennuspaikka;4.5
2023;444;Lohja;vakituinen_asuinrakennus;0.45
2023;444;Lohja;yleinen_maapohja;1.03
2023;444;Lohja;yleinen_rakennus;1.03
2023;445;Parainen;muu_asuinrakennus;1.5
2023;445;Parainen;rakentamaton_rakennuspaikka;3
2023;445;Parainen;vakituinen_asuinrakennus;0.47
2023;445;Parainen;yleinen_maapohja;1.5
2023;445;Parainen;yleinen_rakennus;1.5
2023;475;Maalahti;muu_asuinrakennus;1.2
2023;475;Maalahti;rakentamaton_rakennuspaikka;
2023;475;Maalahti;vakituinen_asuinrakennus;0.55
2023;475;Maalahti;yleinen_maapohja;1
2023;475;Maalahti;yleinen_rakennus;1
2023;478;Maarianhamina - Mariehamn;muu_asuinrakennus;0.9
2023;478;Maarianhamina - Mariehamn;rakentamaton_rakennuspaikka;6
2023;478;Maarianhamina - Mariehamn;vakituinen_asuinrakennus;0.5
2023;478;Maarianhamina - Mariehamn;yleinen_maapohja;0.5
2023;478;Maarianhamina - Mariehamn;yleinen_rakennus;0.5
2023;480;Marttila;muu_asuinrakennus;0.95
2023;480;Marttila;rakentamaton_rakennuspaikka;
2023;480;Marttila;vakituinen_asuinrakennus;0.45
2023;480;Marttila;yleinen_maapohja;0.95
2023;480;Marttila;yleinen_rakennus;0.95
2023;481;Masku;muu_asuinrakennus;1
2023;481;Masku;rakentamaton_rakennuspaikka;3
2023;481;Masku;vakituinen_asuinrakennus;0.41
2023;481;Masku;yleinen_maapohja;0.95
2023;481;Masku;yleinen_rakennus;0.95
2023;483;Merijärvi;muu_asuinrakennus;1.03
2023;483;Merijärvi;rakentamaton_rakennuspaikka;
2023;483;Merijärvi;vakituinen_asuinrakennus;0.45
2023;483;Merijärvi;yleinen_maapohja;1.03
2023;483;Merijärvi;yleinen_rakennus;1.03
2023;484;Merikarvia;muu_asuinrakennus;1.2
2023;484;Merikarvia;rakentamaton_rakennuspaikka;3
2023;484;Merikarvia;vakituinen_asuinrakennus;0.5
2023;484;Merikarvia;yleinen_maapohja;1.1
2023;484;Merikarvia;yleinen_rakennus;1.1
2023;489;Miehikkälä;muu_asuinrakennus;1.25
2023;489;Miehikkälä;rakentamaton_rakennuspaikka;
2023;489;Miehikkälä;vakituinen_asuinrakennus;0.5
2023;489;Miehikkälä;yleinen_maapohja;1.15
2023;489;Miehikkälä;yleinen_rakennus;1.15
2023;491;Mikkeli;muu_asuinrakennus;1.5
2023;491;Mikkeli;rakentamaton_rakennuspaikka;4
2023;491;Mikkeli;vakituinen_asuinrakennus;0.62
2023;491;Mikkeli;yleinen_maapohja;1.37
2023;491;Mikkeli;yleinen_rakennus;1.37
2023;494;Muhos;muu_asuinrakennus;1
2023;494;Muhos;rakentamaton_rakennuspaikka;5
2023;494;Muhos;vakituinen_asuinrakennus;0.5
2023;494;Muhos;yleinen_maapohja;1
2023;494;Muhos;yleinen_rakennus;1
2023;495;Multia;muu_asuinrakennus;1.15
2023;495;Multia;rakentamaton_rakennuspaikka;3
2023;495;Multia;vakituinen_asuinrakennus;0.55
2023;495;Multia;yleinen_maapohja;1.05
2023;495;Multia;yleinen_rakennus;1.05
2023;498;Muonio;muu_asuinrakennus;1.2
2023;498;Muonio;rakentamaton_rakennuspaikka;6
2023;498;Muonio;vakituinen_asuinrakennus;0.45
2023;498;Muonio;yleinen_maapohja;1.15
2023;498;Muonio;yleinen_rakennus;1.15
2023;499;Mustasaari;muu_asuinrakennus;1.15
2023;499;Mustasaari;rakentamaton_rakennuspaikka;6
2023;499;Mustasaari;vakituinen_asuinrakennus;0.55
2023;499;Mustasaari;yleinen_maapohja;1
2023;499;Mustasaari;yleinen_rakennus;1
2023;500;Muurame;muu_asuinrakennus;1.2
2023;500;Muurame;rakentamaton_rakennuspaikka;4
2023;500;Muurame;vakituinen_asuinrakennus;0.5
2023;500;Muurame;yleinen_maapohja;1.1
2023;500;Muurame;yleinen_rakennus;1.1
2023;503;Mynämäki;muu_asuinrakennus;1.15
2023;503;Mynämäki;rakentamaton_rakennuspaikka;3
2023;503;Mynämäki;vakituinen_asuinrakennus;0.55
2023;503;Mynämäki;yleinen_maapohja;0.98
2023;503;Mynämäki;yleinen_rakennus;0.98
2023;504;Myrskylä;muu_asuinrakennus;1.15
2023;504;Myrskylä;rakentamaton_rakennuspaikka;
2023;504;Myrskylä;vakituinen_asuinrakennus;0.55
2023;504;Myrskylä;yleinen_maapohja;1
2023;504;Myrskylä;yleinen_rakennus;1
2023;505;Mäntsälä;muu_asuinrakennus;1.3
2023;505;Mäntsälä;rakentamaton_rakennuspaikka;4.4
2023;505;Mäntsälä;vakituinen_asuinrakennus;0.65
2023;505;Mäntsälä;yleinen_maapohja;1.4
2023;505;Mäntsälä;yleinen_rakennus;1.4
2023;507;Mäntyharju;muu_asuinrakennus;1.15
2023;507;Mäntyharju;rakentamaton_rakennuspaikka;2
2023;507;Mäntyharju;vakituinen_asuinrakennus;0.55
2023;507;Mäntyharju;yleinen_maapohja;1.1
2023;507;Mäntyharju;yleinen_rakennus;1.1
2023;508;Mänttä-Vilppula;muu_asuinrakennus;1.15
2023;508;Mänttä-Vilppula;rakentamaton_rakennuspaikka;
2023;508;Mänttä-Vilppula;vakituinen_asuinrakennus;0.6
2023;508;Mänttä-Vilppula;yleinen_maapohja;1.1
2023;508;Mänttä-Vilppula;yleinen_rakennus;1.1
2023;529;Naantali;muu_asuinrakennus;1.35
2023;529;Naantali;rakentamaton_rakennuspaikka;3
2023;529;Naantali;vakituinen_asuinrakennus;0.45
2023;529;Naantali;yleinen_maapohja;1.05
2023;529;Naantali;yleinen_rakennus;1.05
2023;531;Nakkila;muu_asuinrakennus;1.03
2023;531;Nakkila;rakentamaton_rakennuspaikka;2
2023;531;Nakkila;vakituinen_asuinrakennus;0.5
2023;531;Nakkila;yleinen_maapohja;1.05
2023;531;Nakkila;yleinen_rakennus;1.05
2023;535;Nivala;muu_asuinrakennus;1
2023;535;Nivala;rakentamaton_rakennuspaikka;4
2023;535;Nivala;vakituinen_asuinrakennus;0.65
2023;535;Nivala;yleinen_maapohja;1
2023;535;Nivala;yleinen_rakennus;1
2023;536;Nokia;muu_asuinrakennus;1.4
2023;536;Nokia;rakentamaton_rakennuspaikka;6
2023;536;Nokia;vakituinen_asuinrakennus;0.55
2023;536;Nokia;yleinen_maapohja;1
2023;536;Nokia;yleinen_rakennus;1
2023;538;Nousiainen;muu_asuinrakennus;1.2
2023;538;Nousiainen;rakentamaton_rakennuspaikka;3
2023;538;Nousiainen;vakituinen_asuinrakennus;0.5
2023;538;Nousiainen;yleinen_maapohja;1
2023;538;Nousiainen;yleinen_rakennus;1
2023;541;Nurmes;muu_asuinrakennus;1.04
2023;541;Nurmes;rakentamaton_rakennuspaikka;
2023;541;Nurmes;vakituinen_asuinrakennus;0.47
2023;541;Nurmes;yleinen_maapohja;1.05
2023;541;Nurmes;yleinen_rakennus;1.05
2023;543;Nurmijärvi;muu_asuinrakennus;1.18
2023;543;Nurmijärvi;rakentamaton_rakennuspaikka;4.3
2023;543;Nurmijärvi;vakituinen_asuinrakennus;0.48
2023;543;Nurmijärvi;yleinen_maapohja;1.18
2023;543;Nurmijärvi;yleinen_rakennus;1.18
2023;545;Närpiö;muu_asuinrakennus;1.1
2023;545;Närpiö;rakentamaton_rakennuspaikka;
2023;545;Närpiö;vakituinen_asuinrakennus;0.5
2023;545;Närpiö;yleinen_maapohja;0.93
2023;545;Närpiö;yleinen_rakennus;0.93
2023;560;Orimattila;muu_asuinrakennus;1.1
2023;560;Orimattila;rakentamaton_rakennuspaikka;3
2023;560;Orimattila;vakituinen_asuinrakennus;0.55
2023;560;Orimattila;yleinen_maapohja;1.2
2023;560;Orimattila;yleinen_rakennus;1.2
2023;561;Oripää;muu_asuinrakennus;1.2
2023;561;Oripää;rakentamaton_rakennuspaikka;
2023;561;Oripää;vakituinen_asuinrakennus;0.55
2023;561;Oripää;yleinen_maapohja;1.1
2023;561;Oripää;yleinen_rakennus;1.1
2023;562;Orivesi;muu_asuinrakennus;1.45
2023;562;Orivesi;rakentamaton_rakennuspaikka;3
2023;562;Orivesi;vakituinen_asuinrakennus;0.6
2023;562;Orivesi;yleinen_maapohja;1.1
2023;562;Orivesi;yleinen_rakennus;1.1
2023;563;Oulainen;muu_asuinrakennus;1.05
2023;563;Oulainen;rakentamaton_rakennuspaikka;3
2023;563;Oulainen;vakituinen_asuinrakennus;0.7
2023;563;Oulainen;yleinen_maapohja;1.25
2023;563;Oulainen;yleinen_rakennus;1.25
2023;564;Oulu;muu_asuinrakennus;0.93
2023;564;Oulu;rakentamaton_rakennuspaikka;
2023;564;Oulu;vakituinen_asuinrakennus;0.5
2023;564;Oulu;yleinen_maapohja;1.15
2023;564;Oulu;yleinen_rakennus;1.15
2023;576;Padasjoki;muu_asuinrakennus;1.2
2023;576;Padasjoki;rakentamaton_rakennuspaikka;
2023;576;Padasjoki;vakituinen_asuinrakennus;0.6
2023;576;Padasjoki;yleinen_maapohja;0.93
2023;576;Padasjoki;yleinen_rakennus;0.93
2023;577;Paimio;muu_asuinrakennus;1.2
2023;577;Paimio;rakentamaton_rakennuspaikka;3
2023;577;Paimio;vakituinen_asuinrakennus;0.45
2023;577;Paimio;yleinen_maapohja;1
2023;577;Paimio;yleinen_rakennus;1
2023;578;Paltamo;muu_asuinrakennus;1.1
2023;578;Paltamo;rakentamaton_rakennuspaikka;4.5
2023;578;Paltamo;vakituinen_asuinrakennus;0.6
2023;578;Paltamo;yleinen_maapohja;1.1
2023;578;Paltamo;yleinen_rakennus;1.1
2023;580;Parikkala;muu_asuinrakennus;1.1
2023;580;Parikkala;rakentamaton_rakennuspaikka;
2023;580;Parikkala;vakituinen_asuinrakennus;0.5
2023;580;Parikkala;yleinen_maapohja;1
2023;580;Parikkala;yleinen_rakennus;1
2023;581;Parkano;muu_asuinrakennus;1.1
2023;581;Parkano;rakentamaton_rakennuspaikka;
2023;581;Parkano;vakituinen_asuinrakennus;0.52
2023;581;Parkano;yleinen_maapohja;1.1
2023;581;Parkano;yleinen_rakennus;1.1
2023;583;Pelkosenniemi;muu_asuinrakennus;1.6
2023;583;Pelkosenniemi;rakentamaton_rakennuspaikka;
2023;583;Pelkosenniemi;vakituinen_asuinrakennus;0.6
2023;583;Pelkosenniemi;yleinen_maapohja;1.4
2023;583;Pelkosenniemi;yleinen_rakennus;1.4
2023;584;Perho;muu_asuinrakennus;1.14
2023;584;Perho;rakentamaton_rakennuspaikka;2.25
2023;584;Perho;vakituinen_asuinrakennus;0.66
2023;584;Perho;yleinen_maapohja;1
2023;584;Perho;yleinen_rakennus;1
2023;592;Petäjävesi;muu_asuinrakennus;1.35
2023;592;Petäjävesi;rakentamaton_rakennuspaikka;2
2023;592;Petäjävesi;vakituinen_asuinrakennus;0.6
2023;592;Petäjävesi;yleinen_maapohja;1.3
2023;592;Petäjävesi;yleinen_rakennus;1.3
2023;593;Pieksämäki;muu_asuinrakennus;1.15
2023;593;Pieksämäki;rakentamaton_rakennuspaikka;
2023;593;Pieksämäki;vakituinen_asuinrakennus;0.55
2023;593;Pieksämäki;yleinen_maapohja;1.15
2023;593;Pieksämäki;yleinen_rakennus;1.15
2023;595;Pielavesi;muu_asuinrakennus;1.1
2023;595;Pielavesi;rakentamaton_rakennuspaikka;2.5
2023;595;Pielavesi;vakituinen_asuinrakennus;0.6
2023;595;Pielavesi;yleinen_maapohja;0.93
2023;595;Pielavesi;yleinen_rakennus;0.93
2023;598;Pietarsaari;muu_asuinrakennus;1.15
2023;598;Pietarsaari;rakentamaton_rakennuspaikka;4
2023;598;Pietarsaari;vakituinen_asuinrakennus;0.5
2023;598;Pietarsaari;yleinen_maapohja;1.4
2023;598;Pietarsaari;yleinen_rakennus;1.4
2023;599;Pedersören kunta;muu_asuinrakennus;1.15
2023;599;Pedersören kunta;rakentamaton_rakennuspaikka;
2023;599;Pedersören kunta;vakituinen_asuinrakennus;0.55
2023;599;Pedersören kunta;yleinen_maapohja;0.93
2023;599;Pedersören kunta;yleinen_rakennus;0.93
2023;601;Pihtipudas;muu_asuinrakennus;1.1
2023;601;Pihtipudas;rakentamaton_rakennuspaikka;
2023;601;Pihtipudas;vakituinen_asuinrakennus;0.6
2023;601;Pihtipudas;yleinen_maapohja;0.93
2023;601;Pihtipudas;yleinen_rakennus;0.93
2023;604;Pirkkala;muu_asuinrakennus;1.05
2023;604;Pirkkala;rakentamaton_rakennuspaikka;3
2023;604;Pirkkala;vakituinen_asuinrakennus;0.55
2023;604;Pirkkala;yleinen_maapohja;1.05
2023;604;Pirkkala;yleinen_rakennus;1.05
2023;607;Polvijärvi;muu_asuinrakennus;1
2023;607;Polvijärvi;rakentamaton_rakennuspaikka;
2023;607;Polvijärvi;vakituinen_asuinrakennus;0.5
2023;607;Polvijärvi;yleinen_maapohja;0.93
2023;607;Polvijärvi;yleinen_rakennus;0.93
2023;608;Pomarkku;muu_asuinrakennus;1.2
2023;608;Pomarkku;rakentamaton_rakennuspaikka;
2023;608;Pomarkku;vakituinen_asuinrakennus;0.45
2023;608;Pomarkku;yleinen_maapohja;1.1
2023;608;Pomarkku;yleinen_rakennus;1.1
2023;609;Pori;muu_asuinrakennus;1.1
2023;609;Pori;rakentamaton_rakennuspaikka;6
2023;609;Pori;vakituinen_asuinrakennus;0.5
2023;609;Pori;yleinen_maapohja;0.93
2023;609;Pori;yleinen_rakennus;0.93
2023;611;Pornainen;muu_asuinrakennus;1
2023;611;Pornainen;rakentamaton_rakennuspaikka;4
2023;611;Pornainen;vakituinen_asuinrakennus;0.5
2023;611;Pornainen;yleinen_maapohja;1
2023;611;Pornainen;yleinen_rakennus;1
2023;614;Posio;muu_asuinrakennus;1.1
2023;614;Posio;rakentamaton_rakennuspaikka;
2023;614;Posio;vakituinen_asuinrakennus;0.6
2023;614;Posio;yleinen_maapohja;1
2023;614;Posio;yleinen_rakennus;1
2023;615;Pudasjärvi;muu_asuinrakennus;1.1
2023;615;Pudasjärvi;rakentamaton_rakennuspaikka;3.5
2023;615;Pudasjärvi;vakituinen_asuinrakennus;0.41
2023;615;Pudasjärvi;yleinen_maapohja;1
2023;615;Pudasjärvi;yleinen_rakennus;1
2023;616;Pukkila;muu_asuinrakennus;1.25
2023;616;Pukkila;rakentamaton_rakennuspaikka;3.1
2023;616;Pukkila;vakituinen_asuinrakennus;0.65
2023;616;Pukkila;yleinen_maapohja;1.15
2023;616;Pukkila;yleinen_rakennus;1.15
2023;619;Punkalaidun;muu_asuinrakennus;1.05
2023;619;Punkalaidun;rakentamaton_rakennuspaikka;
2023;619;Punkalaidun;vakituinen_asuinrakennus;0.6
2023;619;Punkalaidun;yleinen_maapohja;1.05
2023;619;Punkalaidun;yleinen_rakennus;1.05
2023;620;Puolanka;muu_asuinrakennus;1.1
2023;620;Puolanka;rakentamaton_rakennuspaikka;
2023;620;Puolanka;vakituinen_asuinrakennus;0.55
2023;620;Puolanka;yleinen_maapohja;0.93
2023;620;Puolanka;yleinen_rakennus;0.93
2023;623;Puumala;muu_asuinrakennus;1.08
2023;623;Puumala;rakentamaton_rakennuspaikka;
2023;623;Puumala;vakituinen_asuinrakennus;0.48
2023;623;Puumala;yleinen_maapohja;0.95
2023;623;Puumala;yleinen_rakennus;0.95
2023;624;Pyhtää;muu_asuinrakennus;1.55
2023;624;Pyhtää;rakentamaton_rakennuspaikka;
2023;624;Pyhtää;vakituinen_asuinrakennus;0.62
2023;624;Pyhtää;yleinen_maapohja;1.3
2023;624;Pyhtää;yleinen_rakennus;1.3
2023;625;Pyhäjoki;muu_asuinrakennus;1.3
2023;625;Pyhäjoki;rakentamaton_rakennuspaikka;6
2023;625;Pyhäjoki;vakituinen_asuinrakennus;0.41
2023;625;Pyhäjoki;yleinen_maapohja;1.15
2023;625;Pyhäjoki;yleinen_rakennus;1.15
2023;626;Pyhäjärvi;muu_asuinrakennus;1.4
2023;626;Pyhäjärvi;rakentamaton_rakennuspaikka;6
2023;626;Pyhäjärvi;vakituinen_asuinrakennus;0.5
2023;626;Pyhäjärvi;yleinen_maapohja;1.3
2023;626;Pyhäjärvi;yleinen_rakennus;1.3
2023;630;Pyhäntä;muu_asuinrakennus;1.2
2023;630;Pyhäntä;rakentamaton_rakennuspaikka;
2023;630;Pyhäntä;vakituinen_asuinrakennus;0.6
2023;630;Pyhäntä;yleinen_maapohja;1.05
2023;630;Pyhäntä;yleinen_rakennus;1.05
2023;631;Pyhäranta;muu_asuinrakennus;1.8
2023;631;Pyhäranta;rakentamaton_rakennuspaikka;4
2023;631;Pyhäranta;vakituinen_asuinrakennus;0.5
2023;631;Pyhäranta;yleinen_maapohja;1.8
2023;631;Pyhäranta;yleinen_rakennus;1.8
2023;635;Pälkäne;muu_asuinrakennus;1.1
2023;635;Pälkäne;rakentamaton_rakennuspaikka;
2023;635;Pälkäne;vakituinen_asuinrakennus;0.48
2023;635;Pälkäne;yleinen_maapohja;1.1
2023;635;Pälkäne;yleinen_rakennus;1.1
2023;636;Pöytyä;muu_asuinrakennus;1.3
2023;636;Pöytyä;rakentamaton_rakennuspaikka;
2023;636;Pöytyä;vakituinen_asuinrakennus;0.5
2023;636;Pöytyä;yleinen_maapohja;1.2
2023;636;Pöytyä;yleinen_rakennus;1.2
2023;638;Porvoo;muu_asuinrakennus;1.3
2023;638;Porvoo;rakentamaton_rakennuspaikka;
2023;638;Porvoo;vakituinen_asuinrakennus;0.5
2023;638;Porvoo;yleinen_maapohja;1.3
2023;638;Porvoo;yleinen_rakennus;1.3
2023;678;Raahe;muu_asuinrakennus;1.2
2023;678;Raahe;rakentamaton_rakennuspaikka;3
2023;678;Raahe;vakituinen_asuinrakennus;0.55
2023;678;Raahe;yleinen_maapohja;1.2
2023;678;Raahe;yleinen_rakennus;1.2
2023;680;Raisio;muu_asuinrakennus;0.93
2023;680;Raisio;rakentamaton_rakennuspaikka;3
2023;680;Raisio;vakituinen_asuinrakennus;0.41
2023;680;Raisio;yleinen_maapohja;1.25
2023;680;Raisio;yleinen_rakennus;1.25
2023;681;Rantasalmi;muu_asuinrakennus;1.1
2023;681;Rantasalmi;rakentamaton_rakennuspaikka;2
2023;681;Rantasalmi;vakituinen_asuinrakennus;0.55
2023;681;Rantasalmi;yleinen_maapohja;1.1
2023;681;Rantasalmi;yleinen_rakennus;1.1
2023;683;Ranua;muu_asuinrakennus;1.15
2023;683;Ranua;rakentamaton_rakennuspaikka;
2023;683;Ranua;vakituinen_asuinrakennus;0.5
2023;683;Ranua;yleinen_maapohja;1.1
2023;683;Ranua;yleinen_rakennus;1.1
2023;684;Rauma;muu_asuinrakennus;0.93
2023;684;Rauma;rakentamaton_rakennuspaikka;5
2023;684;Rauma;vakituinen_asuinrakennus;0.41
2023;684;Rauma;yleinen_maapohja;0.93
2023;684;Rauma;yleinen_rakennus;0.93
2023;686;Rautalampi;muu_asuinrakennus;1.35
2023;686;Rautalampi;rakentamaton_rakennuspaikka;
2023;686;Rautalampi;vakituinen_asuinrakennus;0.75
2023;686;Rautalampi;yleinen_maapohja;1.05
2023;686;Rautalampi;yleinen_rakennus;1.05
2023;687;Rautavaara;muu_asuinrakennus;1.25
2023;687;Rautavaara;rakentamaton_rakennuspaikka;2
2023;687;Rautavaara;vakituinen_asuinrakennus;0.65
2023;687;Rautavaara;yleinen_maapohja;1.23
2023;687;Rautavaara;yleinen_rakennus;1.23
2023;689;Rautjärvi;muu_asuinrakennus;1.19
2023;689;Rautjärvi;rakentamaton_rakennuspaikka;
2023;689;Rautjärvi;vakituinen_asuinrakennus;0.49
2023;689;Rautjärvi;yleinen_maapohja;1.03
2023;689;Rautjärvi;yleinen_rakennus;1.03
2023;691;Reisjärvi;muu_asuinrakennus;1.5
2023;691;Reisjärvi;rakentamaton_rakennuspaikka;5
2023;691;Reisjärvi;vakituinen_asuinrakennus;0.7
2023;691;Reisjärvi;yleinen_maapohja;1.1
2023;691;Reisjärvi;yleinen_rakennus;1.1
2023;694;Riihimäki;muu_asuinrakennus;1.5
2023;694;Riihimäki;rakentamaton_rakennuspaikka;6
2023;694;Riihimäki;vakituinen_asuinrakennus;0.5
2023;694;Riihimäki;yleinen_maapohja;1.45
2023;694;Riihimäki;yleinen_rakennus;1.45
2023;697;Ristijärvi;muu_asuinrakennus;1.55
2023;697;Ristijärvi;rakentamaton_rakennuspaikka;
2023;697;Ristijärvi;vakituinen_asuinrakennus;0.55
2023;697;Ristijärvi;yleinen_maapohja;1.1
2023;697;Ristijärvi;yleinen_rakennus;1.1
2023;698;Rovaniemi;muu_asuinrakennus;1.2
2023;698;Rovaniemi;rakentamaton_rakennuspaikka;4
2023;698;Rovaniemi;vakituinen_asuinrakennus;0.6
2023;698;Rovaniemi;yleinen_maapohja;1.55
2023;698;Rovaniemi;yleinen_rakennus;1.55
2023;700;Ruokolahti;muu_asuinrakennus;1.1
2023;700;Ruokolahti;rakentamaton_rakennuspaikka;
2023;700;Ruokolahti;vakituinen_asuinrakennus;0.5
2023;700;Ruokolahti;yleinen_maapohja;0.93
2023;700;Ruokolahti;yleinen_rakennus;0.93
2023;702;Ruovesi;muu_asuinrakennus;1.3
2023;702;Ruovesi;rakentamaton_rakennuspaikka;2.5
2023;702;Ruovesi;vakituinen_asuinrakennus;0.6
2023;702;Ruovesi;yleinen_maapohja;1.15
2023;702;Ruovesi;yleinen_rakennus;1.15
2023;704;Rusko;muu_asuinrakennus;1.02
2023;704;Rusko;rakentamaton_rakennuspaikka;
2023;704;Rusko;vakituinen_asuinrakennus;0.42
2023;704;Rusko;yleinen_maapohja;0.95
2023;704;Rusko;yleinen_rakennus;0.95
2023;707;Rääkkylä;muu_asuinrakennus;1.05
2023;707;Rääkkylä;rakentamaton_rakennuspaikka;
2023;707;Rääkkylä;vakituinen_asuinrakennus;0.55
2023;707;Rääkkylä;yleinen_maapohja;1
2023;707;Rääkkylä;yleinen_rakennus;1
2023;710;Raasepori;muu_asuinrakennus;1.8
2023;710;Raasepori;rakentamaton_rakennuspaikka;
2023;710;Raasepori;vakituinen_asuinrakennus;0.41
2023;710;Raasepori;yleinen_maapohja;1.35
2023;710;Raasepori;yleinen_rakennus;1.35
2023;729;Saarijärvi;muu_asuinrakennus;1.36
2023;729;Saarijärvi;rakentamaton_rakennuspaikka;2.4
2023;729;Saarijärvi;vakituinen_asuinrakennus;0.49
2023;729;Saarijärvi;yleinen_maapohja;1.04
2023;729;Saarijärvi;yleinen_rakennus;1.04
2023;732;Salla;muu_asuinrakennus;1.45
2023;732;Salla;rakentamaton_rakennuspaikka;
2023;732;Salla;vakituinen_asuinrakennus;0.41
2023;732;Salla;yleinen_maapohja;1.15
2023;732;Salla;yleinen_rakennus;1.15
2023;734;Salo;muu_asuinrakennus;1.3
2023;734;Salo;rakentamaton_rakennuspaikka;3
2023;734;Salo;vakituinen_asuinrakennus;0.55
2023;734;Salo;yleinen_maapohja;0.93
2023;734;Salo;yleinen_rakennus;0.93
2023;736;Saltvik;muu_asuinrakennus;0.9
2023;736;Saltvik;rakentamaton_rakennuspaikka;0
2023;736;Saltvik;vakituinen_asuinrakennus;0
2023;736;Saltvik;yleinen_maapohja;0
2023;736;Saltvik;yleinen_rakennus;0
2023;738;Sauvo;muu_asuinrakennus;1.4
2023;738;Sauvo;rakentamaton_rakennuspaikka;
2023;738;Sauvo;vakituinen_asuinrakennus;0.6
2023;738;Sauvo;yleinen_maapohja;1.2
2023;738;Sauvo;yleinen_rakennus;1.2
2023;739;Savitaipale;muu_asuinrakennus;1.1
2023;739;Savitaipale;rakentamaton_rakennuspaikka;3
2023;739;Savitaipale;vakituinen_asuinrakennus;0.5
2023;739;Savitaipale;yleinen_maapohja;0.93
2023;739;Savitaipale;yleinen_rakennus;0.93
2023;740;Savonlinna;muu_asuinrakennus;1.55
2023;740;Savonlinna;rakentamaton_rakennuspaikka;2
2023;740;Savonlinna;vakituinen_asuinrakennus;0.59
2023;740;Savonlinna;yleinen_maapohja;1.43
2023;740;Savonlinna;yleinen_rakennus;1.43
2023;742;Savukoski;muu_asuinrakennus;1.2
2023;742;Savukoski;rakentamaton_rakennuspaikka;4
2023;742;Savukoski;vakituinen_asuinrakennus;0.6
2023;742;Savukoski;yleinen_maapohja;1.2
2023;742;Savukoski;yleinen_rakennus;1.2
2023;743;Seinäjoki;muu_asuinrakennus;1.65
2023;743;Seinäjoki;rakentamaton_rakennuspaikka;6
2023;743;Seinäjoki;vakituinen_asuinrakennus;0.6
2023;743;Seinäjoki;yleinen_maapohja;1.45
2023;743;Seinäjoki;yleinen_rakennus;1.45
2023;746;Sievi;muu_asuinrakennus;1.3
2023;746;Sievi;rakentamaton_rakennuspaikka;
2023;746;Sievi;vakituinen_asuinrakennus;0.7
2023;746;Sievi;yleinen_maapohja;0.93
2023;746;Sievi;yleinen_rakennus;0.93
2023;747;Siikainen;muu_asuinrakennus;1.3
2023;747;Siikainen;rakentamaton_rakennuspaikka;
2023;747;Siikainen;vakituinen_asuinrakennus;0.5
2023;747;Siikainen;yleinen_maapohja;1.1
2023;747;Siikainen;yleinen_rakennus;1.1
2023;748;Siikajoki;muu_asuinrakennus;1.1
2023;748;Siikajoki;rakentamaton_rakennuspaikka;3
2023;748;Siikajoki;vakituinen_asuinrakennus;0.46
2023;748;Siikajoki;yleinen_maapohja;1
2023;748;Siikajoki;yleinen_rakennus;1
2023;749;Siilinjärvi;muu_asuinrakennus;1
2023;749;Siilinjärvi;rakentamaton_rakennuspaikka;3
2023;749;Siilinjärvi;vakituinen_asuinrakennus;0.65
2023;749;Siilinjärvi;yleinen_maapohja;1.25
2023;749;Siilinjärvi;yleinen_rakennus;1.25
2023;751;Simo;muu_asuinrakennus;1.3
2023;751;Simo;rakentamaton_rakennuspaikka;
2023;751;Simo;vakituinen_asuinrakennus;0.45
2023;751;Simo;yleinen_maapohja;1.4
2023;751;Simo;yleinen_rakennus;1.4
2023;753;Sipoo;muu_asuinrakennus;1.1
2023;753;Sipoo;rakentamaton_rakennuspaikka;6
2023;753;Sipoo;vakituinen_asuinrakennus;0.5
2023;753;Sipoo;yleinen_maapohja;1
2023;753;Sipoo;yleinen_rakennus;1
2023;755;Siuntio;muu_asuinrakennus;1.2
2023;755;Siuntio;rakentamaton_rakennuspaikka;3
2023;755;Siuntio;vakituinen_asuinrakennus;0.5
2023;755;Siuntio;yleinen_maapohja;1.2
2023;755;Siuntio;yleinen_rakennus;1.2
2023;758;Sodankylä;muu_asuinrakennus;1.15
2023;758;Sodankylä;rakentamaton_rakennuspaikka;6
2023;758;Sodankylä;vakituinen_asuinrakennus;0.45
2023;758;Sodankylä;yleinen_maapohja;1.4
2023;758;Sodankylä;yleinen_rakennus;1.4
2023;759;Soini;muu_asuinrakennus;1.45
2023;759;Soini;rakentamaton_rakennuspaikka;
2023;759;Soini;vakituinen_asuinrakennus;0.6
2023;759;Soini;yleinen_maapohja;1.1
2023;759;Soini;yleinen_rakennus;1.1
2023;761;Somero;muu_asuinrakennus;0.93
2023;761;Somero;rakentamaton_rakennuspaikka;
2023;761;Somero;vakituinen_asuinrakennus;0.41
2023;761;Somero;yleinen_maapohja;0.93
2023;761;Somero;yleinen_rakennus;0.93
2023;762;Sonkajärvi;muu_asuinrakennus;1.25
2023;762;Sonkajärvi;rakentamaton_rakennuspaikka;
2023;762;Sonkajärvi;vakituinen_asuinrakennus;0.55
2023;762;Sonkajärvi;yleinen_maapohja;1
2023;762;Sonkajärvi;yleinen_rakennus;1
2023;765;Sotkamo;muu_asuinrakennus;1.2
2023;765;Sotkamo;rakentamaton_rakennuspaikka;3
2023;765;Sotkamo;vakituinen_asuinrakennus;0.6
2023;765;Sotkamo;yleinen_maapohja;1.1
2023;765;Sotkamo;yleinen_rakennus;1.1
2023;766;Sottunga;muu_asuinrakennus;0.9
2023;766;Sottunga;rakentamaton_rakennuspaikka;
2023;766;Sottunga;vakituinen_asuinrakennus;0.5
2023;766;Sottunga;yleinen_maapohja;0
2023;766;Sottunga;yleinen_rakennus;0
2023;768;Sulkava;muu_asuinrakennus;1.05
2023;768;Sulkava;rakentamaton_rakennuspaikka;
2023;768;Sulkava;vakituinen_asuinrakennus;0.45
2023;768;Sulkava;yleinen_maapohja;0.93
2023;768;Sulkava;yleinen_rakennus;0.93
2023;771;Sund;muu_asuinrakennus;0.9
2023;771;Sund;rakentamaton_rakennuspaikka;0.2
2023;771;Sund;vakituinen_asuinrakennus;0
2023;771;Sund;yleinen_maapohja;0.5
2023;771;Sund;yleinen_rakennus;0.5
2023;777;Suomussalmi;muu_asuinrakennus;1.1
2023;777;Suomussalmi;rakentamaton_rakennuspaikka;3.1
2023;777;Suomussalmi;vakituinen_asuinrakennus;0.55
2023;777;Suomussalmi;yleinen_maapohja;1.05
2023;777;Suomussalmi;yleinen_rakennus;1.05
2023;778;Suonenjoki;muu_asuinrakennus;1.25
2023;778;Suonenjoki;rakentamaton_rakennuspaikka;
2023;778;Suonenjoki;vakituinen_asuinrakennus;0.7
2023;778;Suonenjoki;yleinen_maapohja;1.05
2023;778;Suonenjoki;yleinen_rakennus;1.05
2023;781;Sysmä;muu_asuinrakennus;1
2023;781;Sysmä;rakentamaton_rakennuspaikka;
2023;781;Sysmä;vakituinen_asuinrakennus;0.5
2023;781;Sysmä;yleinen_maapohja;0.95
2023;781;Sysmä;yleinen_rakennus;0.95
2023;783;Säkylä;muu_asuinrakennus;1.1
2023;783;Säkylä;rakentamaton_rakennuspaikka;
2023;783;Säkylä;vakituinen_asuinrakennus;0.41
2023;783;Säkylä;yleinen_maapohja;1
2023;783;Säkylä;yleinen_rakennus;1
2023;785;Vaala;muu_asuinrakennus;1.15
2023;785;Vaala;rakentamaton_rakennuspaikka;
2023;785;Vaala;vakituinen_asuinrakennus;0.45
2023;785;Vaala;yleinen_maapohja;1.1
2023;785;Vaala;yleinen_rakennus;1.1
2023;790;Sastamala;muu_asuinrakennus;0.98
2023;790;Sastamala;rakentamaton_rakennuspaikka;2
2023;790;Sastamala;vakituinen_asuinrakennus;0.45
2023;790;Sastamala;yleinen_maapohja;0.93
2023;790;Sastamala;yleinen_rakennus;0.93
2023;791;Siikalatva;muu_asuinrakennus;1.25
2023;791;Siikalatva;rakentamaton_rakennuspaikka;6
2023;791;Siikalatva;vakituinen_asuinrakennus;0.6
2023;791;Siikalatva;yleinen_maapohja;0.95
2023;791;Siikalatva;yleinen_rakennus;0.95
2023;831;Taipalsaari;muu_asuinrakennus;1.3
2023;831;Taipalsaari;rakentamaton_rakennuspaikka;3.5
2023;831;Taipalsaari;vakituinen_asuinrakennus;0.5
2023;831;Taipalsaari;yleinen_maapohja;1.4
2023;831;Taipalsaari;yleinen_rakennus;1.4
2023;832;Taivalkoski;muu_asuinrakennus;1.03
2023;832;Taivalkoski;rakentamaton_rakennuspaikka;2
2023;832;Taivalkoski;vakituinen_asuinrakennus;0.45
2023;832;Taivalkoski;yleinen_maapohja;1.03
2023;832;Taivalkoski;yleinen_rakennus;1.03
2023;833;Taivassalo;muu_asuinrakennus;1.35
2023;833;Taivassalo;rakentamaton_rakennuspaikka;
2023;833;Taivassalo;vakituinen_asuinrakennus;0.65
2023;833;Taivassalo;yleinen_maapohja;1.15
2023;833;Taivassalo;yleinen_rakennus;1.15
2023;834;Tammela;muu_asuinrakennus;1.1
2023;834;Tammela;rakentamaton_rakennuspaikka;2
2023;834;Tammela;vakituinen_asuinrakennus;0.5
2023;834;Tammela;yleinen_maapohja;1.1
2023;834;Tammela;yleinen_rakennus;1.1
2023;837;Tampere;muu_asuinrakennus;1.1
2023;837;Tampere;rakentamaton_rakennuspaikka;5
2023;837;Tampere;vakituinen_asuinrakennus;0.65
2023;837;Tampere;yleinen_maapohja;1.25
2023;837;Tampere;yleinen_rakennus;1.25
2023;844;Tervo;muu_asuinrakennus;1.5
2023;844;Tervo;rakentamaton_rakennuspaikka;2
2023;844;Tervo;vakituinen_asuinrakennus;0.6
2023;844;Tervo;yleinen_maapohja;1.2
2023;844;Tervo;yleinen_rakennus;1.2
2023;845;Tervola;muu_asuinrakennus;1
2023;845;Tervola;rakentamaton_rakennuspaikka;
2023;845;Tervola;vakituinen_asuinrakennus;0.41
2023;845;Tervola;yleinen_maapohja;0.95
2023;845;Tervola;yleinen_rakennus;0.95
2023;846;Teuva;muu_asuinrakennus;1.3
2023;846;Teuva;rakentamaton_rakennuspaikka;
2023;846;Teuva;vakituinen_asuinrakennus;0.6
2023;846;Teuva;yleinen_maapohja;1.05
2023;846;Teuva;yleinen_rakennus;1.05
2023;848;Tohmajärvi;muu_asuinrakennus;1.15
2023;848;Tohmajärvi;rakentamaton_rakennuspaikka;2
2023;848;Tohmajärvi;vakituinen_asuinrakennus;0.55
2023;848;Tohmajärvi;yleinen_maapohja;1
2023;848;Tohmajärvi;yleinen_rakennus;1
2023;849;Toholampi;muu_asuinrakennus;1.1
2023;849;Toholampi;rakentamaton_rakennuspaikka;2.9
2023;849;Toholampi;vakituinen_asuinrakennus;0.65
2023;849;Toholampi;yleinen_maapohja;1
2023;849;Toholampi;yleinen_rakennus;1
2023;850;Toivakka;muu_asuinrakennus;1.55
2023;850;Toivakka;rakentamaton_rakennuspaikka;3
2023;850;Toivakka;vakituinen_asuinrakennus;0.45
2023;850;Toivakka;yleinen_maapohja;1.1
2023;850;Toivakka;yleinen_rakennus;1.1
2023;851;Tornio;muu_asuinrakennus;1
2023;851;Tornio;rakentamaton_rakennuspaikka;3
2023;851;Tornio;vakituinen_asuinrakennus;0.5
2023;851;Tornio;yleinen_maapohja;1.12
2023;851;Tornio;yleinen_rakennus;1.12
2023;853;Turku;muu_asuinrakennus;1.1
2023;853;Turku;rakentamaton_rakennuspaikka;4
2023;853;Turku;vakituinen_asuinrakennus;0.45
2023;853;Turku;yleinen_maapohja;1.15
2023;853;Turku;yleinen_rakennus;1.15
2023;854;Pello;muu_asuinrakennus;1.2
2023;854;Pello;rakentamaton_rakennuspaikka;2
2023;854;Pello;vakituinen_asuinrakennus;0.41
2023;854;Pello;yleinen_maapohja;1.25
2023;854;Pello;yleinen_rakennus;1.25
2023;857;Tuusniemi;muu_asuinrakennus;1.25
2023;857;Tuusniemi;rakentamaton_rakennuspaikka;
2023;857;Tuusniemi;vakituinen_asuinrakennus;0.65
2023;857;Tuusniemi;yleinen_maapohja;1.15
2023;857;Tuusniemi;yleinen_rakennus;1.15
2023;858;Tuusula;muu_asuinrakennus;1.35
2023;858;Tuusula;rakentamaton_rakennuspaikka;6
2023;858;Tuusula;vakituinen_asuinrakennus;0.48
2023;858;Tuusula;yleinen_maapohja;1.15
2023;858;Tuusula;yleinen_rakennus;1.15
2023;859;Tyrnävä;muu_asuinrakennus;1.12
2023;859;Tyrnävä;rakentamaton_rakennuspaikka;4
2023;859;Tyrnävä;vakituinen_asuinrakennus;0.54
2023;859;Tyrnävä;yleinen_maapohja;1.12
2023;859;Tyrnävä;yleinen_rakennus;1.12
2023;886;Ulvila;muu_asuinrakennus;1.1
2023;886;Ulvila;rakentamaton_rakennuspaikka;3
2023;886;Ulvila;vakituinen_asuinrakennus;0.55
2023;886;Ulvila;yleinen_maapohja;1.3
2023;886;Ulvila;yleinen_rakennus;1.3
2023;887;Urjala;muu_asuinrakennus;1.25
2023;887;Urjala;rakentamaton_rakennuspaikka;
2023;887;Urjala;vakituinen_asuinrakennus;0.65
2023;887;Urjala;yleinen_maapohja;1.2
2023;887;Urjala;yleinen_rakennus;1.2
2023;889;Utajärvi;muu_asuinrakennus;1.25
2023;889;Utajärvi;rakentamaton_rakennuspaikka;6
2023;889;Utajärvi;vakituinen_asuinrakennus;0.45
2023;889;Utajärvi;yleinen_maapohja;1.1
2023;889;Utajärvi;yleinen_rakennus;1.1
2023;890;Utsjoki;muu_asuinrakennus;1.6
2023;890;Utsjoki;rakentamaton_rakennuspaikka;2
2023;890;Utsjoki;vakituinen_asuinrakennus;0.65
2023;890;Utsjoki;yleinen_maapohja;1.25
2023;890;Utsjoki;yleinen_rakennus;1.25
2023;892;Uurainen;muu_asuinrakennus;1.2
2023;892;Uurainen;rakentamaton_rakennuspaikka;3
2023;892;Uurainen;vakituinen_asuinrakennus;0.48
2023;892;Uurainen;yleinen_maapohja;1.05
2023;892;Uurainen;yleinen_rakennus;1.05
2023;893;Uusikaarlepyy;muu_asuinrakennus;1.3
2023;893;Uusikaarlepyy;rakentamaton_rakennuspaikka;4
2023;893;Uusikaarlepyy;vakituinen_asuinrakennus;0.5
2023;893;Uusikaarlepyy;yleinen_maapohja;1
2023;893;Uusikaarlepyy;yleinen_rakennus;1
2023;895;Uusikaupunki;muu_asuinrakennus;1.12
2023;895;Uusikaupunki;rakentamaton_rakennuspaikka;
2023;895;Uusikaupunki;vakituinen_asuinrakennus;0.45
2023;895;Uusikaupunki;yleinen_maapohja;1.03
2023;895;Uusikaupunki;yleinen_rakennus;1.03
2023;905;Vaasa;muu_asuinrakennus;1.1
2023;905;Vaasa;rakentamaton_rakennuspaikka;4
2023;905;Vaasa;vakituinen_asuinrakennus;0.5
2023;905;Vaasa;yleinen_maapohja;1.25
2023;905;Vaasa;yleinen_rakennus;1.25
2023;908;Valkeakoski;muu_asuinrakennus;1.1
2023;908;Valkeakoski;rakentamaton_rakennuspaikka;
2023;908;Valkeakoski;vakituinen_asuinrakennus;0.6
2023;908;Valkeakoski;yleinen_maapohja;1.4
2023;908;Valkeakoski;yleinen_rakennus;1.4
2023;915;Varkaus;muu_asuinrakennus;1
2023;915;Varkaus;rakentamaton_rakennuspaikka;
2023;915;Varkaus;vakituinen_asuinrakennus;0.5
2023;915;Varkaus;yleinen_maapohja;1.45
2023;915;Varkaus;yleinen_rakennus;1.45
2023;918;Vehmaa;muu_asuinrakennus;2
2023;918;Vehmaa;rakentamaton_rakennuspaikka;
2023;918;Vehmaa;vakituinen_asuinrakennus;0.55
2023;918;Vehmaa;yleinen_maapohja;1.2
2023;918;Vehmaa;yleinen_rakennus;1.2
2023;921;Vesanto;muu_asuinrakennus;1.5
2023;921;Vesanto;rakentamaton_rakennuspaikka;
2023;921;Vesanto;vakituinen_asuinrakennus;0.8
2023;921;Vesanto;yleinen_maapohja;1.25
2023;921;Vesanto;yleinen_rakennus;1.25
2023;922;Vesilahti;muu_asuinrakennus;1.4
2023;922;Vesilahti;rakentamaton_rakennuspaikka;2
2023;922;Vesilahti;vakituinen_asuinrakennus;0.55
2023;922;Vesilahti;yleinen_maapohja;1.25
2023;922;Vesilahti;yleinen_rakennus;1.25
2023;924;Veteli;muu_asuinrakennus;1.05
2023;924;Veteli;rakentamaton_rakennuspaikka;3
2023;924;Veteli;vakituinen_asuinrakennus;0.6
2023;924;Veteli;yleinen_maapohja;0.95
2023;924;Veteli;yleinen_rakennus;0.95
2023;925;Vieremä;muu_asuinrakennus;1
2023;925;Vieremä;rakentamaton_rakennuspaikka;
2023;925;Vieremä;vakituinen_asuinrakennus;0.45
2023;925;Vieremä;yleinen_maapohja;0.93
2023;925;Vieremä;yleinen_rakennus;0.93
2023;927;Vihti;muu_asuinrakennus;1
2023;927;Vihti;rakentamaton_rakennuspaikka;4
2023;927;Vihti;vakituinen_asuinrakennus;0.45
2023;927;Vihti;yleinen_maapohja;0.95
2023;927;Vihti;yleinen_rakennus;0.95
2023;931;Viitasaari;muu_asuinrakennus;1.1
2023;931;Viitasaari;rakentamaton_rakennuspaikka;
2023;931;Viitasaari;vakituinen_asuinrakennus;0.5
2023;931;Viitasaari;yleinen_maapohja;0.93
2023;931;Viitasaari;yleinen_rakennus;0.93
2023;934;Vimpeli;muu_asuinrakennus;1.3
2023;934;Vimpeli;rakentamaton_rakennuspaikka;3
2023;934;Vimpeli;vakituinen_asuinrakennus;0.65
2023;934;Vimpeli;yleinen_maapohja;1.1
2023;934;Vimpeli;yleinen_rakennus;1.1
2023;935;Virolahti;muu_asuinrakennus;1.15
2023;935;Virolahti;rakentamaton_rakennuspaikka;
2023;935;Virolahti;vakituinen_asuinrakennus;0.5
2023;935;Virolahti;yleinen_maapohja;1.25
2023;935;Virolahti;yleinen_rakennus;1.25
2023;936;Virrat;muu_asuinrakennus;1
2023;936;Virrat;rakentamaton_rakennuspaikka;
2023;936;Virrat;vakituinen_asuinrakennus;0.45
2023;936;Virrat;yleinen_maapohja;0.93
2023;936;Virrat;yleinen_rakennus;0.93
2023;941;Vårdö;muu_asuinrakennus;0.9
2023;941;Vårdö;rakentamaton_rakennuspaikka;0
2023;941;Vårdö;vakituinen_asuinrakennus;0
2023;941;Vårdö;yleinen_maapohja;0.1
2023;941;Vårdö;yleinen_rakennus;0.1
2023;946;Vöyri;muu_asuinrakennus;1.25
2023;946;Vöyri;rakentamaton_rakennuspaikka;
2023;946;Vöyri;vakituinen_asuinrakennus;0.5
2023;946;Vöyri;yleinen_maapohja;1
2023;946;Vöyri;yleinen_rakennus;1
2023;976;Ylitornio;muu_asuinrakennus;1.3
2023;976;Ylitornio;rakentamaton_rakennuspaikka;2
2023;976;Ylitornio;vakituinen_asuinrakennus;0.5
2023;976;Ylitornio;yleinen_maapohja;1.1
2023;976;Ylitornio;yleinen_rakennus;1.1
2023;977;Ylivieska;muu_asuinrakennus;1.15
2023;977;Ylivieska;rakentamaton_rakennuspaikka;3
2023;977;Ylivieska;vakituinen_asuinrakennus;0.7
2023;977;Ylivieska;yleinen_maapohja;1.3
2023;977;Ylivieska;yleinen_rakennus;1.3
2023;980;Ylöjärvi;muu_asuinrakennus;1
2023;980;Ylöjärvi;rakentamaton_rakennuspaikka;3
2023;980;Ylöjärvi;vakituinen_asuinrakennus;0.41
2023;980;Ylöjärvi;yleinen_maapohja;0.93
2023;980;Ylöjärvi;yleinen_rakennus;0.93
2023;981;Ypäjä;muu_asuinrakennus;1.5
2023;981;Ypäjä;rakentamaton_rakennuspaikka;3
2023;981;Ypäjä;vakituinen_asuinrakennus;0.6
2023;981;Ypäjä;yleinen_maapohja;1
2023;981;Ypäjä;yleinen_rakennus;1
2023;989;Ähtäri;muu_asuinrakennus;1.3
2023;989;Ähtäri;rakentamaton_rakennuspaikka;
2023;989;Ähtäri;vakituinen_asuinrakennus;0.5
2023;989;Ähtäri;yleinen_maapohja;1.3
2023;989;Ähtäri;yleinen_rakennus;1.3
2023;992;Äänekoski;muu_asuinrakennus;1.1
2023;992;Äänekoski;rakentamaton_rakennuspaikka;
2023;992;Äänekoski;vakituinen_asuinrakennus;0.5
2023;992;Äänekoski;yleinen_maapohja;1.1
2023;992;Äänekoski;yleinen_rakennus;1.1
2024;005;Alajärvi;muu_asuinrakennus;1.5
2024;005;Alajärvi;rakentamaton_rakennuspaikka;3
2024;005;Alajärvi;vakituinen_asuinrakennus;0.5
2024;005;Alajärvi;yleinen_maapohja;1.3
2024;005;Alajärvi;yleinen_rakennus;0.93
2024;009;Alavieska;muu_asuinrakennus;1.1
2024;009;Alavieska;rakentamaton_rakennuspaikka;
2024;009;Alavieska;vakituinen_asuinrakennus;0.55
2024;009;Alavieska;yleinen_maapohja;1.3
2024;009;Alavieska;yleinen_rakennus;1.3
2024;010;Alavus;muu_asuinrakennus;1.21
2024;010;Alavus;rakentamaton_rakennuspaikka;
2024;010;Alavus;vakituinen_asuinrakennus;0.51
2024;010;Alavus;yleinen_maapohja;1.3
2024;010;Alavus;yleinen_rakennus;0.99
2024;016;Asikkala;muu_asuinrakennus;1.25
2024;016;Asikkala;rakentamaton_rakennuspaikka;3
2024;016;Asikkala;vakituinen_asuinrakennus;0.45
2024;016;Asikkala;yleinen_maapohja;1.3
2024;016;Asikkala;yleinen_rakennus;0.93
2024;018;Askola;muu_asuinrakennus;1.5
2024;018;Askola;rakentamaton_rakennuspaikka;5
2024;018;Askola;vakituinen_asuinrakennus;0.7
2024;018;Askola;yleinen_maapohja;1.3
2024;018;Askola;yleinen_rakennus;1.1
2024;019;Aura;muu_asuinrakennus;1.2
2024;019;Aura;rakentamaton_rakennuspaikka;
2024;019;Aura;vakituinen_asuinrakennus;0.6
2024;019;Aura;yleinen_maapohja;1.3
2024;019;Aura;yleinen_rakennus;1.2
2024;020;Akaa;muu_asuinrakennus;1.25
2024;020;Akaa;rakentamaton_rakennuspaikka;6
2024;020;Akaa;vakituinen_asuinrakennus;0.65
2024;020;Akaa;yleinen_maapohja;1.3
2024;020;Akaa;yleinen_rakennus;1.1
2024;035;Brändö;muu_asuinrakennus;0.9
2024;035;Brändö;rakentamaton_rakennuspaikka;
2024;035;Brändö;vakituinen_asuinrakennus;0
2024;035;Brändö;yleinen_maapohja;0
2024;035;Brändö;yleinen_rakennus;0
2024;043;Eckerö;muu_asuinrakennus;0.9
2024;043;Eckerö;rakentamaton_rakennuspaikka;0
2024;043;Eckerö;vakituinen_asuinrakennus;0
2024;043;Eckerö;yleinen_maapohja;0.7
2024;043;Eckerö;yleinen_rakennus;0.7
2024;046;Enonkoski;muu_asuinrakennus;1.3
2024;046;Enonkoski;rakentamaton_rakennuspaikka;2
2024;046;Enonkoski;vakituinen_asuinrakennus;0.7
2024;046;Enonkoski;yleinen_maapohja;1.3
2024;046;Enonkoski;yleinen_rakennus;1
2024;047;Enontekiö;muu_asuinrakennus;1.15
2024;047;Enontekiö;rakentamaton_rakennuspaikka;6
2024;047;Enontekiö;vakituinen_asuinrakennus;0.55
2024;047;Enontekiö;yleinen_maapohja;1.3
2024;047;Enontekiö;yleinen_rakennus;1.05
2024;049;Espoo;muu_asuinrakennus;1
2024;049;Espoo;rakentamaton_rakennuspaikka;4.43
2024;049;Espoo;vakituinen_asuinrakennus;0.41
2024;049;Espoo;yleinen_maapohja;1.3
2024;049;Espoo;yleinen_rakennus;1
2024;050;Eura;muu_asuinrakennus;1.1
2024;050;Eura;rakentamaton_rakennuspaikka;3
2024;050;Eura;vakituinen_asuinrakennus;0.6
2024;050;Eura;yleinen_maapohja;1.3
2024;050;Eura;yleinen_rakennus;1.1
2024;051;Eurajoki;muu_asuinrakennus;1.5
2024;051;Eurajoki;rakentamaton_rakennuspaikka;
2024;051;Eurajoki;vakituinen_asuinrakennus;0.5
2024;051;Eurajoki;yleinen_maapohja;1.3
2024;051;Eurajoki;yleinen_rakennus;1.2
2024;052;Evijärvi;muu_asuinrakennus;1.15
2024;052;Evijärvi;rakentamaton_rakennuspaikka;
2024;052;Evijärvi;vakituinen_asuinrakennus;0.65
2024;052;Evijärvi;yleinen_maapohja;1.3
2024;052;Evijärvi;yleinen_rakennus;1
2024;060;Finström;muu_asuinrakennus;0.9
2024;060;Finström;rakentamaton_rakennuspaikka;3
2024;060;Finström;vakituinen_asuinrakennus;0
2024;060;Finström;yleinen_maapohja;0.5
2024;060;Finström;yleinen_rakennus;0.5
2024;061;Forssa;muu_asuinrakennus;1.41
2024;061;Forssa;rakentamaton_rakennuspaikka;
2024;061;Forssa;vakituinen_asuinrakennus;0.41
2024;061;Forssa;yleinen_maapohja;1.4
2024;061;Forssa;yleinen_rakennus;1.4
2024;062;Föglö;muu_asuinrakennus;0.9
2024;062;Föglö;rakentamaton_rakennuspaikka;0.5
2024;062;Föglö;vakituinen_asuinrakennus;0.2
2024;062;Föglö;yleinen_maapohja;0.9
2024;062;Föglö;yleinen_rakennus;0.9
2024;065;Geta;muu_asuinrakennus;0.9
2024;065;Geta;rakentamaton_rakennuspaikka;
2024;065;Geta;vakituinen_asuinrakennus;0
2024;065;Geta;yleinen_maapohja;0.6
2024;065;Geta;yleinen_rakennus;0.6
2024;069;Haapajärvi;muu_asuinrakennus;1.35
2024;069;Haapajärvi;rakentamaton_rakennuspaikka;5
2024;069;Haapajärvi;vakituinen_asuinrakennus;0.75
2024;069;Haapajärvi;yleinen_maapohja;1.35
2024;069;Haapajärvi;yleinen_rakennus;1.35
2024;071;Haapavesi;muu_asuinrakennus;1.3
2024;071;Haapavesi;rakentamaton_rakennuspaikka;3
2024;071;Haapavesi;vakituinen_asuinrakennus;0.6
2024;071;Haapavesi;yleinen_maapohja;1.3
2024;071;Haapavesi;yleinen_rakennus;1.05
2024;072;Hailuoto;muu_asuinrakennus;1.51
2024;072;Hailuoto;rakentamaton_rakennuspaikka;3
2024;072;Hailuoto;vakituinen_asuinrakennus;0.51
2024;072;Hailuoto;yleinen_maapohja;1.3
2024;072;Hailuoto;yleinen_rakennus;0.95
2024;074;Halsua;muu_asuinrakennus;1.6
2024;074;Halsua;rakentamaton_rakennuspaikka;
2024;074;Halsua;vakituinen_asuinrakennus;0.6
2024;074;Halsua;yleinen_maapohja;1.3
2024;074;Halsua;yleinen_rakennus;1.3
2024;075;Hamina;muu_asuinrakennus;1.15
2024;075;Hamina;rakentamaton_rakennuspaikka;
2024;075;Hamina;vakituinen_asuinrakennus;0.55
2024;075;Hamina;yleinen_maapohja;1.3
2024;075;Hamina;yleinen_rakennus;1.25
2024;076;Hammarland;muu_asuinrakennus;0.9
2024;076;Hammarland;rakentamaton_rakennuspaikka;
2024;076;Hammarland;vakituinen_asuinrakennus;0
2024;076;Hammarland;yleinen_maapohja;0.2
2024;076;Hammarland;yleinen_rakennus;0.2
2024;077;Hankasalmi;muu_asuinrakennus;1.2
2024;077;Hankasalmi;rakentamaton_rakennuspaikka;
2024;077;Hankasalmi;vakituinen_asuinrakennus;0.6
2024;077;Hankasalmi;yleinen_maapohja;1.3
2024;077;Hankasalmi;yleinen_rakennus;1.3
2024;078;Hanko;muu_asuinrakennus;1.6
2024;078;Hanko;rakentamaton_rakennuspaikka;3
2024;078;Hanko;vakituinen_asuinrakennus;0.45
2024;078;Hanko;yleinen_maapohja;1.3
2024;078;Hanko;yleinen_rakennus;1.3
2024;079;Harjavalta;muu_asuinrakennus;0.98
2024;079;Harjavalta;rakentamaton_rakennuspaikka;
2024;079;Harjavalta;vakituinen_asuinrakennus;0.5
2024;079;Harjavalta;yleinen_maapohja;1.4
2024;079;Harjavalta;yleinen_rakennus;1.4
2024;081;Hartola;muu_asuinrakennus;1.1
2024;081;Hartola;rakentamaton_rakennuspaikka;
2024;081;Hartola;vakituinen_asuinrakennus;0.5
2024;081;Hartola;yleinen_maapohja;1.3
2024;081;Hartola;yleinen_rakennus;1
2024;082;Hattula;muu_asuinrakennus;1.3
2024;082;Hattula;rakentamaton_rakennuspaikka;3
2024;082;Hattula;vakituinen_asuinrakennus;0.5
2024;082;Hattula;yleinen_maapohja;1.3
2024;082;Hattula;yleinen_rakennus;1.3
2024;086;Hausjärvi;muu_asuinrakennus;1.05
2024;086;Hausjärvi;rakentamaton_rakennuspaikka;4
2024;086;Hausjärvi;vakituinen_asuinrakennus;0.45
2024;086;Hausjärvi;yleinen_maapohja;1.3
2024;086;Hausjärvi;yleinen_rakennus;1.25
2024;090;Heinävesi;muu_asuinrakennus;1.4
2024;090;Heinävesi;rakentamaton_rakennuspaikka;
2024;090;Heinävesi;vakituinen_asuinrakennus;0.6
2024;090;Heinävesi;yleinen_maapohja;1.3
2024;090;Heinävesi;yleinen_rakennus;1.15
2024;091;Helsinki;muu_asuinrakennus;0.93
2024;091;Helsinki;rakentamaton_rakennuspaikka;4.3
2024;091;Helsinki;vakituinen_asuinrakennus;0.41
2024;091;Helsinki;yleinen_maapohja;1.3
2024;091;Helsinki;yleinen_rakennus;0.93
2024;092;Vantaa;muu_asuinrakennus;1.25
2024;092;Vantaa;rakentamaton_rakennuspaikka;6
2024;092;Vantaa;vakituinen_asuinrakennus;0.41
2024;092;Vantaa;yleinen_maapohja;1.3
2024;092;Vantaa;yleinen_rakennus;1.28
2024;097;Hirvensalmi;muu_asuinrakennus;1.15
2024;097;Hirvensalmi;rakentamaton_rakennuspaikka;2.6
2024;097;Hirvensalmi;vakituinen_asuinrakennus;0.41
2024;097;Hirvensalmi;yleinen_maapohja;1.3
2024;097;Hirvensalmi;yleinen_rakennus;0.95
2024;098;Hollola;muu_asuinrakennus;1.1
2024;098;Hollola;rakentamaton_rakennuspaikka;3
2024;098;Hollola;vakituinen_asuinrakennus;0.55
2024;098;Hollola;yleinen_maapohja;1.3
2024;098;Hollola;yleinen_rakennus;1.15
2024;102;Huittinen;muu_asuinrakennus;1.07
2024;102;Huittinen;rakentamaton_rakennuspaikka;6
2024;102;Huittinen;vakituinen_asuinrakennus;0.47
2024;102;Huittinen;yleinen_maapohja;1.3
2024;102;Huittinen;yleinen_rakennus;0.93
2024;103;Humppila;muu_asuinrakennus;1.3
2024;103;Humppila;rakentamaton_rakennuspaikka;3
2024;103;Humppila;vakituinen_asuinrakennus;0.55
2024;103;Humppila;yleinen_maapohja;1.3
2024;103;Humppila;yleinen_rakennus;1.3
2024;105;Hyrynsalmi;muu_asuinrakennus;1.15
2024;105;Hyrynsalmi;rakentamaton_rakennuspaikka;2
2024;105;Hyrynsalmi;vakituinen_asuinrakennus;0.5
2024;105;Hyrynsalmi;yleinen_maapohja;1.3
2024;105;Hyrynsalmi;yleinen_rakennus;1
2024;106;Hyvinkää;muu_asuinrakennus;1.05
2024;106;Hyvinkää;rakentamaton_rakennuspaikka;4.3
2024;106;Hyvinkää;vakituinen_asuinrakennus;0.45
2024;106;Hyvinkää;yleinen_maapohja;1.3
2024;106;Hyvinkää;yleinen_rakennus;1.3
2024;108;Hämeenkyrö;muu_asuinrakennus;1.15
2024;108;Hämeenkyrö;rakentamaton_rakennuspaikka;4.5
2024;108;Hämeenkyrö;vakituinen_asuinrakennus;0.48
2024;108;Hämeenkyrö;yleinen_maapohja;1.3
2024;108;Hämeenkyrö;yleinen_rakennus;0.95
2024;109;Hämeenlinna;muu_asuinrakennus;1.4
2024;109;Hämeenlinna;rakentamaton_rakennuspaikka;3.3
2024;109;Hämeenlinna;vakituinen_asuinrakennus;0.6
2024;109;Hämeenlinna;yleinen_maapohja;1.35
2024;109;Hämeenlinna;yleinen_rakennus;1.35
2024;111;Heinola;muu_asuinrakennus;1.3
2024;111;Heinola;rakentamaton_rakennuspaikka;3
2024;111;Heinola;vakituinen_asuinrakennus;0.6
2024;111;Heinola;yleinen_maapohja;1.3
2024;111;Heinola;yleinen_rakennus;1.3
2024;139;Ii;muu_asuinrakennus;1.2
2024;139;Ii;rakentamaton_rakennuspaikka;6
2024;139;Ii;vakituinen_asuinrakennus;0.65
2024;139;Ii;yleinen_maapohja;1.3
2024;139;Ii;yleinen_rakennus;1.3
2024;140;Iisalmi;muu_asuinrakennus;0.93
2024;140;Iisalmi;rakentamaton_rakennuspaikka;3
2024;140;Iisalmi;vakituinen_asuinrakennus;0.55
2024;140;Iisalmi;yleinen_maapohja;1.3
2024;140;Iisalmi;yleinen_rakennus;1.1
2024;142;Iitti;muu_asuinrakennus;1.25
2024;142;Iitti;rakentamaton_rakennuspaikka;
2024;142;Iitti;vakituinen_asuinrakennus;0.65
2024;142;Iitti;yleinen_maapohja;1.3
2024;142;Iitti;yleinen_rakennus;1.15
2024;143;Ikaalinen;muu_asuinrakennus;1.19
2024;143;Ikaalinen;rakentamaton_rakennuspaikka;3
2024;143;Ikaalinen;vakituinen_asuinrakennus;0.59
2024;143;Ikaalinen;yleinen_maapohja;1.3
2024;143;Ikaalinen;yleinen_rakennus;1.23
2024;145;Ilmajoki;muu_asuinrakennus;1.2
2024;145;Ilmajoki;rakentamaton_rakennuspaikka;3
2024;145;Ilmajoki;vakituinen_asuinrakennus;0.6
2024;145;Ilmajoki;yleinen_maapohja;1.3
2024;145;Ilmajoki;yleinen_rakennus;0.93
2024;146;Ilomantsi;muu_asuinrakennus;1
2024;146;Ilomantsi;rakentamaton_rakennuspaikka;
2024;146;Ilomantsi;vakituinen_asuinrakennus;0.45
2024;146;Ilomantsi;yleinen_maapohja;1.3
2024;146;Ilomantsi;yleinen_rakennus;1
2024;148;Inari;muu_asuinrakennus;1.15
2024;148;Inari;rakentamaton_rakennuspaikka;3
2024;148;Inari;vakituinen_asuinrakennus;0.55
2024;148;Inari;yleinen_maapohja;1.35
2024;148;Inari;yleinen_rakennus;1.35
2024;149;Inkoo;muu_asuinrakennus;1.55
2024;149;Inkoo;rakentamaton_rakennuspaikka;2
2024;149;Inkoo;vakituinen_asuinrakennus;0.65
2024;149;Inkoo;yleinen_maapohja;1.3
2024;149;Inkoo;yleinen_rakennus;1.1
2024;151;Isojoki;muu_asuinrakennus;0.93
2024;151;Isojoki;rakentamaton_rakennuspaikka;2
2024;151;Isojoki;vakituinen_asuinrakennus;0.5
2024;151;Isojoki;yleinen_maapohja;1.3
2024;151;Isojoki;yleinen_rakennus;0.93
2024;152;Isokyrö;muu_asuinrakennus;1.1
2024;152;Isokyrö;rakentamaton_rakennuspaikka;
2024;152;Isokyrö;vakituinen_asuinrakennus;0.65
2024;152;Isokyrö;yleinen_maapohja;1.3
2024;152;Isokyrö;yleinen_rakennus;0.93
2024;153;Imatra;muu_asuinrakennus;1
2024;153;Imatra;rakentamaton_rakennuspaikka;
2024;153;Imatra;vakituinen_asuinrakennus;0.45
2024;153;Imatra;yleinen_maapohja;1.9
2024;153;Imatra;yleinen_rakennus;1.9
2024;165;Janakkala;muu_asuinrakennus;1.1
2024;165;Janakkala;rakentamaton_rakennuspaikka;4
2024;165;Janakkala;vakituinen_asuinrakennus;0.5
2024;165;Janakkala;yleinen_maapohja;1.3
2024;165;Janakkala;yleinen_rakennus;1.1
2024;167;Joensuu;muu_asuinrakennus;1
2024;167;Joensuu;rakentamaton_rakennuspaikka;3
2024;167;Joensuu;vakituinen_asuinrakennus;0.45
2024;167;Joensuu;yleinen_maapohja;1.3
2024;167;Joensuu;yleinen_rakennus;1.1
2024;169;Jokioinen;muu_asuinrakennus;1.1
2024;169;Jokioinen;rakentamaton_rakennuspaikka;
2024;169;Jokioinen;vakituinen_asuinrakennus;0.5
2024;169;Jokioinen;yleinen_maapohja;1.3
2024;169;Jokioinen;yleinen_rakennus;1.1
2024;170;Jomala;muu_asuinrakennus;0.9
2024;170;Jomala;rakentamaton_rakennuspaikka;1
2024;170;Jomala;vakituinen_asuinrakennus;0
2024;170;Jomala;yleinen_maapohja;0.3
2024;170;Jomala;yleinen_rakennus;0.3
2024;171;Joroinen;muu_asuinrakennus;1.1
2024;171;Joroinen;rakentamaton_rakennuspaikka;
2024;171;Joroinen;vakituinen_asuinrakennus;0.5
2024;171;Joroinen;yleinen_maapohja;1.3
2024;171;Joroinen;yleinen_rakennus;1.05
2024;172;Joutsa;muu_asuinrakennus;1.3
2024;172;Joutsa;rakentamaton_rakennuspaikka;
2024;172;Joutsa;vakituinen_asuinrakennus;0.7
2024;172;Joutsa;yleinen_maapohja;1.3
2024;172;Joutsa;yleinen_rakennus;1.3
2024;176;Juuka;muu_asuinrakennus;1.3
2024;176;Juuka;rakentamaton_rakennuspaikka;
2024;176;Juuka;vakituinen_asuinrakennus;0.45
2024;176;Juuka;yleinen_maapohja;1.3
2024;176;Juuka;yleinen_rakennus;1
2024;177;Juupajoki;muu_asuinrakennus;1.05
2024;177;Juupajoki;rakentamaton_rakennuspaikka;
2024;177;Juupajoki;vakituinen_asuinrakennus;0.45
2024;177;Juupajoki;yleinen_maapohja;1.3
2024;177;Juupajoki;yleinen_rakennus;1.15
2024;178;Juva;muu_asuinrakennus;1.03
2024;178;Juva;rakentamaton_rakennuspaikka;2
2024;178;Juva;vakituinen_asuinrakennus;0.43
2024;178;Juva;yleinen_maapohja;1.3
2024;178;Juva;yleinen_rakennus;0.95
2024;179;Jyväskylä;muu_asuinrakennus;1.55
2024;179;Jyväskylä;rakentamaton_rakennuspaikka;4
2024;179;Jyväskylä;vakituinen_asuinrakennus;0.55
2024;179;Jyväskylä;yleinen_maapohja;1.3
2024;179;Jyväskylä;yleinen_rakennus;1.3
2024;181;Jämijärvi;muu_asuinrakennus;1.2
2024;181;Jämijärvi;rakentamaton_rakennuspaikka;4
2024;181;Jämijärvi;vakituinen_asuinrakennus;0.45
2024;181;Jämijärvi;yleinen_maapohja;1.3
2024;181;Jämijärvi;yleinen_rakennus;1.1
2024;182;Jämsä;muu_asuinrakennus;1.2
2024;182;Jämsä;rakentamaton_rakennuspaikka;3
2024;182;Jämsä;vakituinen_asuinrakennus;0.5
2024;182;Jämsä;yleinen_maapohja;1.3
2024;182;Jämsä;yleinen_rakennus;1
2024;186;Järvenpää;muu_asuinrakennus;1.15
2024;186;Järvenpää;rakentamaton_rakennuspaikka;6
2024;186;Järvenpää;vakituinen_asuinrakennus;0.65
2024;186;Järvenpää;yleinen_maapohja;1.45
2024;186;Järvenpää;yleinen_rakennus;1.45
2024;202;Kaarina;muu_asuinrakennus;1
2024;202;Kaarina;rakentamaton_rakennuspaikka;4
2024;202;Kaarina;vakituinen_asuinrakennus;0.41
2024;202;Kaarina;yleinen_maapohja;1.3
2024;202;Kaarina;yleinen_rakennus;1
2024;204;Kaavi;muu_asuinrakennus;1.7
2024;204;Kaavi;rakentamaton_rakennuspaikka;
2024;204;Kaavi;vakituinen_asuinrakennus;0.75
2024;204;Kaavi;yleinen_maapohja;1.5
2024;204;Kaavi;yleinen_rakennus;1.5
2024;205;Kajaani;muu_asuinrakennus;1.55
2024;205;Kajaani;rakentamaton_rakennuspaikka;4.1
2024;205;Kajaani;vakituinen_asuinrakennus;0.55
2024;205;Kajaani;yleinen_maapohja;1.3
2024;205;Kajaani;yleinen_rakennus;1.1
2024;208;Kalajoki;muu_asuinrakennus;1.1
2024;208;Kalajoki;rakentamaton_rakennuspaikka;
2024;208;Kalajoki;vakituinen_asuinrakennus;0.5
2024;208;Kalajoki;yleinen_maapohja;1.3
2024;208;Kalajoki;yleinen_rakennus;1.1
2024;211;Kangasala;muu_asuinrakennus;1.03
2024;211;Kangasala;rakentamaton_rakennuspaikka;4
2024;211;Kangasala;vakituinen_asuinrakennus;0.43
2024;211;Kangasala;yleinen_maapohja;1.3
2024;211;Kangasala;yleinen_rakennus;0.93
2024;213;Kangasniemi;muu_asuinrakennus;1.1
2024;213;Kangasniemi;rakentamaton_rakennuspaikka;2
2024;213;Kangasniemi;vakituinen_asuinrakennus;0.5
2024;213;Kangasniemi;yleinen_maapohja;1.37
2024;213;Kangasniemi;yleinen_rakennus;1
2024;214;Kankaanpää;muu_asuinrakennus;1.05
2024;214;Kankaanpää;rakentamaton_rakennuspaikka;4
2024;214;Kankaanpää;vakituinen_asuinrakennus;0.45
2024;214;Kankaanpää;yleinen_maapohja;1.3
2024;214;Kankaanpää;yleinen_rakennus;1.2
2024;216;Kannonkoski;muu_asuinrakennus;1.6
2024;216;Kannonkoski;rakentamaton_rakennuspaikka;
2024;216;Kannonkoski;vakituinen_asuinrakennus;0.5
2024;216;Kannonkoski;yleinen_maapohja;1.3
2024;216;Kannonkoski;yleinen_rakennus;1.3
2024;217;Kannus;muu_asuinrakennus;1
2024;217;Kannus;rakentamaton_rakennuspaikka;
2024;217;Kannus;vakituinen_asuinrakennus;0.55
2024;217;Kannus;yleinen_maapohja;1.3
2024;217;Kannus;yleinen_rakennus;1.15
2024;218;Karijoki;muu_asuinrakennus;1
2024;218;Karijoki;rakentamaton_rakennuspaikka;
2024;218;Karijoki;vakituinen_asuinrakennus;0.5
2024;218;Karijoki;yleinen_maapohja;1.3
2024;218;Karijoki;yleinen_rakennus;0.93
2024;224;Karkkila;muu_asuinrakennus;1.25
2024;224;Karkkila;rakentamaton_rakennuspaikka;4
2024;224;Karkkila;vakituinen_asuinrakennus;0.65
2024;224;Karkkila;yleinen_maapohja;1.3
2024;224;Karkkila;yleinen_rakennus;1.1
2024;226;Karstula;muu_asuinrakennus;1.36
2024;226;Karstula;rakentamaton_rakennuspaikka;3
2024;226;Karstula;vakituinen_asuinrakennus;0.48
2024;226;Karstula;yleinen_maapohja;1.3
2024;226;Karstula;yleinen_rakennus;1.03
2024;230;Karvia;muu_asuinrakennus;0.93
2024;230;Karvia;rakentamaton_rakennuspaikka;
2024;230;Karvia;vakituinen_asuinrakennus;0.41
2024;230;Karvia;yleinen_maapohja;1.3
2024;230;Karvia;yleinen_rakennus;0.93
2024;231;Kaskinen;muu_asuinrakennus;2
2024;231;Kaskinen;rakentamaton_rakennuspaikka;6
2024;231;Kaskinen;vakituinen_asuinrakennus;1
2024;231;Kaskinen;yleinen_maapohja;2
2024;231;Kaskinen;yleinen_rakennus;1.8
2024;232;Kauhajoki;muu_asuinrakennus;1.2
2024;232;Kauhajoki;rakentamaton_rakennuspaikka;3
2024;232;Kauhajoki;vakituinen_asuinrakennus;0.65
2024;232;Kauhajoki;yleinen_maapohja;1.3
2024;232;Kauhajoki;yleinen_rakennus;0.93
2024;233;Kauhava;muu_asuinrakennus;1.1
2024;233;Kauhava;rakentamaton_rakennuspaikka;2
2024;233;Kauhava;vakituinen_asuinrakennus;0.55
2024;233;Kauhava;yleinen_maapohja;1.3
2024;233;Kauhava;yleinen_rakennus;0.95
2024;235;Kauniainen;muu_asuinrakennus;0.93
2024;235;Kauniainen;rakentamaton_rakennuspaikka;4.3
2024;235;Kauniainen;vakituinen_asuinrakennus;0.41
2024;235;Kauniainen;yleinen_maapohja;1.3
2024;235;Kauniainen;yleinen_rakennus;0.93
2024;236;Kaustinen;muu_asuinrakennus;1.1
2024;236;Kaustinen;rakentamaton_rakennuspaikka;3.1
2024;236;Kaustinen;vakituinen_asuinrakennus;0.6
2024;236;Kaustinen;yleinen_maapohja;1.3
2024;236;Kaustinen;yleinen_rakennus;1.1
2024;239;Keitele;muu_asuinrakennus;1.1
2024;239;Keitele;rakentamaton_rakennuspaikka;
2024;239;Keitele;vakituinen_asuinrakennus;0.55
2024;239;Keitele;yleinen_maapohja;1.3
2024;239;Keitele;yleinen_rakennus;1.05
2024;240;Kemi;muu_asuinrakennus;1
2024;240;Kemi;rakentamaton_rakennuspaikka;6
2024;240;Kemi;vakituinen_asuinrakennus;0.5
2024;240;Kemi;yleinen_maapohja;1.3
2024;240;Kemi;yleinen_rakennus;1.24
2024;241;Keminmaa;muu_asuinrakennus;1
2024;241;Keminmaa;rakentamaton_rakennuspaikka;4
2024;241;Keminmaa;vakituinen_asuinrakennus;0.41
2024;241;Keminmaa;yleinen_maapohja;1.3
2024;241;Keminmaa;yleinen_rakennus;0.93
2024;244;Kempele;muu_asuinrakennus;1.1
2024;244;Kempele;rakentamaton_rakennuspaikka;3
2024;244;Kempele;vakituinen_asuinrakennus;0.5
2024;244;Kempele;yleinen_maapohja;1.3
2024;244;Kempele;yleinen_rakennus;1.1
2024;245;Kerava;muu_asuinrakennus;0.93
2024;245;Kerava;rakentamaton_rakennuspaikka;6
2024;245;Kerava;vakituinen_asuinrakennus;0.6
2024;245;Kerava;yleinen_maapohja;1.45
2024;245;Kerava;yleinen_rakennus;1.45
2024;249;Keuruu;muu_asuinrakennus;1.2
2024;249;Keuruu;rakentamaton_rakennuspaikka;
2024;249;Keuruu;vakituinen_asuinrakennus;0.51
2024;249;Keuruu;yleinen_maapohja;1.3
2024;249;Keuruu;yleinen_rakennus;1.3
2024;250;Kihniö;muu_asuinrakennus;1.1
2024;250;Kihniö;rakentamaton_rakennuspaikka;
2024;250;Kihniö;vakituinen_asuinrakennus;0.55
2024;250;Kihniö;yleinen_maapohja;1.3
2024;250;Kihniö;yleinen_rakennus;1.1
2024;256;Kinnula;muu_asuinrakennus;1.5
2024;256;Kinnula;rakentamaton_rakennuspaikka;3
2024;256;Kinnula;vakituinen_asuinrakennus;0.8
2024;256;Kinnula;yleinen_maapohja;1.3
2024;256;Kinnula;yleinen_rakennus;1.3
2024;257;Kirkkonummi;muu_asuinrakennus;1.4
2024;257;Kirkkonummi;rakentamaton_rakennuspaikka;5.43
2024;257;Kirkkonummi;vakituinen_asuinrakennus;0.41
2024;257;Kirkkonummi;yleinen_maapohja;1.3
2024;257;Kirkkonummi;yleinen_rakennus;0.93
2024;260;Kitee;muu_asuinrakennus;1.1
2024;260;Kitee;rakentamaton_rakennuspaikka;
2024;260;Kitee;vakituinen_asuinrakennus;0.55
2024;260;Kitee;yleinen_maapohja;1.3
2024;260;Kitee;yleinen_rakennus;0.95
2024;261;Kittilä;muu_asuinrakennus;1.2
2024;261;Kittilä;rakentamaton_rakennuspaikka;
2024;261;Kittilä;vakituinen_asuinrakennus;0.41
2024;261;Kittilä;yleinen_maapohja;1.3
2024;261;Kittilä;yleinen_rakennus;1.16
2024;263;Kiuruvesi;muu_asuinrakennus;1
2024;263;Kiuruvesi;rakentamaton_rakennuspaikka;3
2024;263;Kiuruvesi;vakituinen_asuinrakennus;0.55
2024;263;Kiuruvesi;yleinen_maapohja;1.3
2024;263;Kiuruvesi;yleinen_rakennus;0.93
2024;265;Kivijärvi;muu_asuinrakennus;1.5
2024;265;Kivijärvi;rakentamaton_rakennuspaikka;4
2024;265;Kivijärvi;vakituinen_asuinrakennus;0.6
2024;265;Kivijärvi;yleinen_maapohja;1.3
2024;265;Kivijärvi;yleinen_rakennus;1.2
2024;271;Kokemäki;muu_asuinrakennus;1.85
2024;271;Kokemäki;rakentamaton_rakennuspaikka;4
2024;271;Kokemäki;vakituinen_asuinrakennus;0.51
2024;271;Kokemäki;yleinen_maapohja;1.3
2024;271;Kokemäki;yleinen_rakennus;1.2
2024;272;Kokkola;muu_asuinrakennus;1.1
2024;272;Kokkola;rakentamaton_rakennuspaikka;6
2024;272;Kokkola;vakituinen_asuinrakennus;0.6
2024;272;Kokkola;yleinen_maapohja;1.3
2024;272;Kokkola;yleinen_rakennus;1.3
2024;273;Kolari;muu_asuinrakennus;1.5
2024;273;Kolari;rakentamaton_rakennuspaikka;2
2024;273;Kolari;vakituinen_asuinrakennus;0.47
2024;273;Kolari;yleinen_maapohja;1.3
2024;273;Kolari;yleinen_rakennus;1.03
2024;275;Konnevesi;muu_asuinrakennus;1.2
2024;275;Konnevesi;rakentamaton_rakennuspaikka;
2024;275;Konnevesi;vakituinen_asuinrakennus;0.55
2024;275;Konnevesi;yleinen_maapohja;1.3
2024;275;Konnevesi;yleinen_rakennus;1.3
2024;276;Kontiolahti;muu_asuinrakennus;1
2024;276;Kontiolahti;rakentamaton_rakennuspaikka;
2024;276;Kontiolahti;vakituinen_asuinrakennus;0.45
2024;276;Kontiolahti;yleinen_maapohja;1.3
2024;276;Kontiolahti;yleinen_rakennus;1.03
2024;280;Korsnäs;muu_asuinrakennus;1.35
2024;280;Korsnäs;rakentamaton_rakennuspaikka;
2024;280;Korsnäs;vakituinen_asuinrakennus;0.55
2024;280;Korsnäs;yleinen_maapohja;1.3
2024;280;Korsnäs;yleinen_rakennus;1
2024;284;Koski Tl;muu_asuinrakennus;0.93
2024;284;Koski Tl;rakentamaton_rakennuspaikka;
2024;284;Koski Tl;vakituinen_asuinrakennus;0.41
2024;284;Koski Tl;yleinen_maapohja;1.3
2024;284;Koski Tl;yleinen_rakennus;0.93
2024;285;Kotka;muu_asuinrakennus;1.15
2024;285;Kotka;rakentamaton_rakennuspaikka;
2024;285;Kotka;vakituinen_asuinrakennus;0.55
2024;285;Kotka;yleinen_maapohja;1.35
2024;285;Kotka;yleinen_rakennus;1.35
2024;286;Kouvola;muu_asuinrakennus;1.35
2024;286;Kouvola;rakentamaton_rakennuspaikka;
2024;286;Kouvola;vakituinen_asuinrakennus;0.65
2024;286;Kouvola;yleinen_maapohja;1.45
2024;286;Kouvola;yleinen_rakennus;1.45
2024;287;Kristiinankaupunki;muu_asuinrakennus;1.2
2024;287;Kristiinankaupunki;rakentamaton_rakennuspaikka;
2024;287;Kristiinankaupunki;vakituinen_asuinrakennus;0.6
2024;287;Kristiinankaupunki;yleinen_maapohja;1.3
2024;287;Kristiinankaupunki;yleinen_rakennus;0.93
2024;288;Kruunupyy;muu_asuinrakennus;1.3
2024;288;Kruunupyy;rakentamaton_rakennuspaikka;4
2024;288;Kruunupyy;vakituinen_asuinrakennus;0.5
2024;288;Kruunupyy;yleinen_maapohja;1.3
2024;288;Kruunupyy;yleinen_rakennus;1
2024;290;Kuhmo;muu_asuinrakennus;1.08
2024;290;Kuhmo;rakentamaton_rakennuspaikka;2
2024;290;Kuhmo;vakituinen_asuinrakennus;0.54
2024;290;Kuhmo;yleinen_maapohja;1.3
2024;290;Kuhmo;yleinen_rakennus;0.98
2024;291;Kuhmoinen;muu_asuinrakennus;1.2
2024;291;Kuhmoinen;rakentamaton_rakennuspaikka;
2024;291;Kuhmoinen;vakituinen_asuinrakennus;0.6
2024;291;Kuhmoinen;yleinen_maapohja;1.3
2024;291;Kuhmoinen;yleinen_rakennus;1.1
2024;295;Kumlinge;muu_asuinrakennus;0.9
2024;295;Kumlinge;rakentamaton_rakennuspaikka;
2024;295;Kumlinge;vakituinen_asuinrakennus;0.2
2024;295;Kumlinge;yleinen_maapohja;0.6
2024;295;Kumlinge;yleinen_rakennus;0.6
2024;297;Kuopio;muu_asuinrakennus;1.35
2024;297;Kuopio;rakentamaton_rakennuspaikka;3
2024;297;Kuopio;vakituinen_asuinrakennus;0.62
2024;297;Kuopio;yleinen_maapohja;1.3
2024;297;Kuopio;yleinen_rakennus;1.3
2024;300;Kuortane;muu_asuinrakennus;1.05
2024;300;Kuortane;rakentamaton_rakennuspaikka;
2024;300;Kuortane;vakituinen_asuinrakennus;0.45
2024;300;Kuortane;yleinen_maapohja;1.3
2024;300;Kuortane;yleinen_rakennus;0.93
2024;301;Kurikka;muu_asuinrakennus;1.2
2024;301;Kurikka;rakentamaton_rakennuspaikka;4
2024;301;Kurikka;vakituinen_asuinrakennus;0.6
2024;301;Kurikka;yleinen_maapohja;1.3
2024;301;Kurikka;yleinen_rakennus;0.93
2024;304;Kustavi;muu_asuinrakennus;0.98
2024;304;Kustavi;rakentamaton_rakennuspaikka;
2024;304;Kustavi;vakituinen_asuinrakennus;0.41
2024;304;Kustavi;yleinen_maapohja;1.3
2024;304;Kustavi;yleinen_rakennus;0.93
2024;305;Kuusamo;muu_asuinrakennus;1.1
2024;305;Kuusamo;rakentamaton_rakennuspaikka;
2024;305;Kuusamo;vakituinen_asuinrakennus;0.5
2024;305;Kuusamo;yleinen_maapohja;1.3
2024;305;Kuusamo;yleinen_rakennus;1.1
2024;309;Outokumpu;muu_asuinrakennus;1.25
2024;309;Outokumpu;rakentamaton_rakennuspaikka;
2024;309;Outokumpu;vakituinen_asuinrakennus;0.55
2024;309;Outokumpu;yleinen_maapohja;1.3
2024;309;Outokumpu;yleinen_rakennus;1.1
2024;312;Kyyjärvi;muu_asuinrakennus;1.6
2024;312;Kyyjärvi;rakentamaton_rakennuspaikka;2
2024;312;Kyyjärvi;vakituinen_asuinrakennus;0.75
2024;312;Kyyjärvi;yleinen_maapohja;1.3
2024;312;Kyyjärvi;yleinen_rakennus;1.3
2024;316;Kärkölä;muu_asuinrakennus;1.2
2024;316;Kärkölä;rakentamaton_rakennuspaikka;4.35
2024;316;Kärkölä;vakituinen_asuinrakennus;0.6
2024;316;Kärkölä;yleinen_maapohja;1.35
2024;316;Kärkölä;yleinen_rakennus;1.35
2024;317;Kärsämäki;muu_asuinrakennus;1.1
2024;317;Kärsämäki;rakentamaton_rakennuspaikka;3
2024;317;Kärsämäki;vakituinen_asuinrakennus;0.65
2024;317;Kärsämäki;yleinen_maapohja;1.3
2024;317;Kärsämäki;yleinen_rakennus;0.93
2024;318;Kökar;muu_asuinrakennus;0.9
2024;318;Kökar;rakentamaton_rakennuspaikka;
2024;318;Kökar;vakituinen_asuinrakennus;0
2024;318;Kökar;yleinen_maapohja;0
2024;318;Kökar;yleinen_rakennus;0.4
2024;320;Kemijärvi;muu_asuinrakennus;1.35
2024;320;Kemijärvi;rakentamaton_rakennuspaikka;
2024;320;Kemijärvi;vakituinen_asuinrakennus;0.5
2024;320;Kemijärvi;yleinen_maapohja;1.3
2024;320;Kemijärvi;yleinen_rakennus;1.3
2024;322;Kemiönsaari;muu_asuinrakennus;1.1
2024;322;Kemiönsaari;rakentamaton_rakennuspaikka;
2024;322;Kemiönsaari;vakituinen_asuinrakennus;0.41
2024;322;Kemiönsaari;yleinen_maapohja;1.3
2024;322;Kemiönsaari;yleinen_rakennus;1.1
2024;398;Lahti;muu_asuinrakennus;1.35
2024;398;Lahti;rakentamaton_rakennuspaikka;4
2024;398;Lahti;vakituinen_asuinrakennus;0.6
2024;398;Lahti;yleinen_maapohja;1.35
2024;398;Lahti;yleinen_rakennus;1.35
2024;399;Laihia;muu_asuinrakennus;1
2024;399;Laihia;rakentamaton_rakennuspaikka;3
2024;399;Laihia;vakituinen_asuinrakennus;0.5
2024;399;Laihia;yleinen_maapohja;1.3
2024;399;Laihia;yleinen_rakennus;1
2024;400;Laitila;muu_asuinrakennus;1
2024;400;Laitila;rakentamaton_rakennuspaikka;3
2024;400;Laitila;vakituinen_asuinrakennus;0.41
2024;400;Laitila;yleinen_maapohja;1.3
2024;400;Laitila;yleinen_rakennus;0.93
2024;402;Lapinlahti;muu_asuinrakennus;1.23
2024;402;Lapinlahti;rakentamaton_rakennuspaikka;2
2024;402;Lapinlahti;vakituinen_asuinrakennus;0.6
2024;402;Lapinlahti;yleinen_maapohja;1.3
2024;402;Lapinlahti;yleinen_rakennus;1.24
2024;403;Lappajärvi;muu_asuinrakennus;1.2
2024;403;Lappajärvi;rakentamaton_rakennuspaikka;
2024;403;Lappajärvi;vakituinen_asuinrakennus;0.6
2024;403;Lappajärvi;yleinen_maapohja;1.3
2024;403;Lappajärvi;yleinen_rakennus;1.05
2024;405;Lappeenranta;muu_asuinrakennus;1.15
2024;405;Lappeenranta;rakentamaton_rakennuspaikka;3
2024;405;Lappeenranta;vakituinen_asuinrakennus;0.55
2024;405;Lappeenranta;yleinen_maapohja;1.43
2024;405;Lappeenranta;yleinen_rakennus;1.43
2024;407;Lapinjärvi;muu_asuinrakennus;1.2
2024;407;Lapinjärvi;rakentamaton_rakennuspaikka;
2024;407;Lapinjärvi;vakituinen_asuinrakennus;0.57
2024;407;Lapinjärvi;yleinen_maapohja;1.3
2024;407;Lapinjärvi;yleinen_rakennus;1.1
2024;408;Lapua;muu_asuinrakennus;1.05
2024;408;Lapua;rakentamaton_rakennuspaikka;6
2024;408;Lapua;vakituinen_asuinrakennus;0.45
2024;408;Lapua;yleinen_maapohja;1.3
2024;408;Lapua;yleinen_rakennus;1.05
2024;410;Laukaa;muu_asuinrakennus;1.4
2024;410;Laukaa;rakentamaton_rakennuspaikka;3
2024;410;Laukaa;vakituinen_asuinrakennus;0.7
2024;410;Laukaa;yleinen_maapohja;1.3
2024;410;Laukaa;yleinen_rakennus;1.3
2024;416;Lemi;muu_asuinrakennus;1.4
2024;416;Lemi;rakentamaton_rakennuspaikka;4
2024;416;Lemi;vakituinen_asuinrakennus;0.73
2024;416;Lemi;yleinen_maapohja;1.5
2024;416;Lemi;yleinen_rakennus;1.5
2024;417;Lemland;muu_asuinrakennus;0.9
2024;417;Lemland;rakentamaton_rakennuspaikka;0
2024;417;Lemland;vakituinen_asuinrakennus;0
2024;417;Lemland;yleinen_maapohja;1
2024;417;Lemland;yleinen_rakennus;1
2024;418;Lempäälä;muu_asuinrakennus;1
2024;418;Lempäälä;rakentamaton_rakennuspaikka;6
2024;418;Lempäälä;vakituinen_asuinrakennus;0.45
2024;418;Lempäälä;yleinen_maapohja;1.3
2024;418;Lempäälä;yleinen_rakennus;0.95
2024;420;Leppävirta;muu_asuinrakennus;1
2024;420;Leppävirta;rakentamaton_rakennuspaikka;2
2024;420;Leppävirta;vakituinen_asuinrakennus;0.45
2024;420;Leppävirta;yleinen_maapohja;1.3
2024;420;Leppävirta;yleinen_rakennus;1
2024;421;Lestijärvi;muu_asuinrakennus;1.4
2024;421;Lestijärvi;rakentamaton_rakennuspaikka;
2024;421;Lestijärvi;vakituinen_asuinrakennus;0.5
2024;421;Lestijärvi;yleinen_maapohja;1.3
2024;421;Lestijärvi;yleinen_rakennus;1.3
2024;422;Lieksa;muu_asuinrakennus;0.95
2024;422;Lieksa;rakentamaton_rakennuspaikka;
2024;422;Lieksa;vakituinen_asuinrakennus;0.43
2024;422;Lieksa;yleinen_maapohja;1.3
2024;422;Lieksa;yleinen_rakennus;1
2024;423;Lieto;muu_asuinrakennus;1
2024;423;Lieto;rakentamaton_rakennuspaikka;3
2024;423;Lieto;vakituinen_asuinrakennus;0.41
2024;423;Lieto;yleinen_maapohja;1.3
2024;423;Lieto;yleinen_rakennus;1.2
2024;425;Liminka;muu_asuinrakennus;1.1
2024;425;Liminka;rakentamaton_rakennuspaikka;3
2024;425;Liminka;vakituinen_asuinrakennus;0.5
2024;425;Liminka;yleinen_maapohja;1.3
2024;425;Liminka;yleinen_rakennus;1.1
2024;426;Liperi;muu_asuinrakennus;1
2024;426;Liperi;rakentamaton_rakennuspaikka;
2024;426;Liperi;vakituinen_asuinrakennus;0.5
2024;426;Liperi;yleinen_maapohja;1.3
2024;426;Liperi;yleinen_rakennus;1.05
2024;430;Loimaa;muu_asuinrakennus;1.05
2024;430;Loimaa;rakentamaton_rakennuspaikka;
2024;430;Loimaa;vakituinen_asuinrakennus;0.5
2024;430;Loimaa;yleinen_maapohja;1.3
2024;430;Loimaa;yleinen_rakennus;1
2024;433;Loppi;muu_asuinrakennus;0.93
2024;433;Loppi;rakentamaton_rakennuspaikka;2
2024;433;Loppi;vakituinen_asuinrakennus;0.41
2024;433;Loppi;yleinen_maapohja;1.3
2024;433;Loppi;yleinen_rakennus;0.93
2024;434;Loviisa;muu_asuinrakennus;1.2
2024;434;Loviisa;rakentamaton_rakennuspaikka;3
2024;434;Loviisa;vakituinen_asuinrakennus;0.5
2024;434;Loviisa;yleinen_maapohja;1.3
2024;434;Loviisa;yleinen_rakennus;1
2024;435;Luhanka;muu_asuinrakennus;1.3
2024;435;Luhanka;rakentamaton_rakennuspaikka;6
2024;435;Luhanka;vakituinen_asuinrakennus;0.5
2024;435;Luhanka;yleinen_maapohja;1.3
2024;435;Luhanka;yleinen_rakennus;1.3
2024;436;Lumijoki;muu_asuinrakennus;1.15
2024;436;Lumijoki;rakentamaton_rakennuspaikka;6
2024;436;Lumijoki;vakituinen_asuinrakennus;0.5
2024;436;Lumijoki;yleinen_maapohja;1.3
2024;436;Lumijoki;yleinen_rakennus;0.95
2024;438;Lumparland;muu_asuinrakennus;0.9
2024;438;Lumparland;rakentamaton_rakennuspaikka;1
2024;438;Lumparland;vakituinen_asuinrakennus;0
2024;438;Lumparland;yleinen_maapohja;0.6
2024;438;Lumparland;yleinen_rakennus;0.6
2024;440;Luoto;muu_asuinrakennus;1.6
2024;440;Luoto;rakentamaton_rakennuspaikka;4
2024;440;Luoto;vakituinen_asuinrakennus;0.5
2024;440;Luoto;yleinen_maapohja;1.3
2024;440;Luoto;yleinen_rakennus;1.5
2024;441;Luumäki;muu_asuinrakennus;1.05
2024;441;Luumäki;rakentamaton_rakennuspaikka;3
2024;441;Luumäki;vakituinen_asuinrakennus;0.5
2024;441;Luumäki;yleinen_maapohja;1.3
2024;441;Luumäki;yleinen_rakennus;1
2024;444;Lohja;muu_asuinrakennus;1.05
2024;444;Lohja;rakentamaton_rakennuspaikka;4.5
2024;444;Lohja;vakituinen_asuinrakennus;0.45
2024;444;Lohja;yleinen_maapohja;1.3
2024;444;Lohja;yleinen_rakennus;1.03
2024;445;Parainen;muu_asuinrakennus;1.5
2024;445;Parainen;rakentamaton_rakennuspaikka;3
2024;445;Parainen;vakituinen_asuinrakennus;0.47
2024;445;Parainen;yleinen_maapohja;1.5
2024;445;Parainen;yleinen_rakennus;1.5
2024;475;Maalahti;muu_asuinrakennus;1.2
2024;475;Maalahti;rakentamaton_rakennuspaikka;
2024;475;Maalahti;vakituinen_asuinrakennus;0.55
2024;475;Maalahti;yleinen_maapohja;1.3
2024;475;Maalahti;yleinen_rakennus;1
2024;478;Maarianhamina - Mariehamn;muu_asuinrakennus;0.9
2024;478;Maarianhamina - Mariehamn;rakentamaton_rakennuspaikka;6
2024;478;Maarianhamina - Mariehamn;vakituinen_asuinrakennus;0.5
2024;478;Maarianhamina - Mariehamn;yleinen_maapohja;0.5
2024;478;Maarianhamina - Mariehamn;yleinen_rakennus;0.5
2024;480;Marttila;muu_asuinrakennus;0.95
2024;480;Marttila;rakentamaton_rakennuspaikka;
2024;480;Marttila;vakituinen_asuinrakennus;0.45
2024;480;Marttila;yleinen_maapohja;1.3
2024;480;Marttila;yleinen_rakennus;0.95
2024;481;Masku;muu_asuinrakennus;1
2024;481;Masku;rakentamaton_rakennuspaikka;3
2024;481;Masku;vakituinen_asuinrakennus;0.41
2024;481;Masku;yleinen_maapohja;1.3
2024;481;Masku;yleinen_rakennus;0.95
2024;483;Merijärvi;muu_asuinrakennus;1.53
2024;483;Merijärvi;rakentamaton_rakennuspaikka;
2024;483;Merijärvi;vakituinen_asuinrakennus;0.45
2024;483;Merijärvi;yleinen_maapohja;1.3
2024;483;Merijärvi;yleinen_rakennus;1.03
2024;484;Merikarvia;muu_asuinrakennus;1.3
2024;484;Merikarvia;rakentamaton_rakennuspaikka;3
2024;484;Merikarvia;vakituinen_asuinrakennus;0.5
2024;484;Merikarvia;yleinen_maapohja;1.3
2024;484;Merikarvia;yleinen_rakennus;1.3
2024;489;Miehikkälä;muu_asuinrakennus;1.25
2024;489;Miehikkälä;rakentamaton_rakennuspaikka;
2024;489;Miehikkälä;vakituinen_asuinrakennus;0.5
2024;489;Miehikkälä;yleinen_maapohja;1.3
2024;489;Miehikkälä;yleinen_rakennus;1.3
2024;491;Mikkeli;muu_asuinrakennus;1.5
2024;491;Mikkeli;rakentamaton_rakennuspaikka;4
2024;491;Mikkeli;vakituinen_asuinrakennus;0.62
2024;491;Mikkeli;yleinen_maapohja;1.37
2024;491;Mikkeli;yleinen_rakennus;1.37
2024;494;Muhos;muu_asuinrakennus;1
2024;494;Muhos;rakentamaton_rakennuspaikka;5
2024;494;Muhos;vakituinen_asuinrakennus;0.5
2024;494;Muhos;yleinen_maapohja;1.3
2024;494;Muhos;yleinen_rakennus;1
2024;495;Multia;muu_asuinrakennus;1.15
2024;495;Multia;rakentamaton_rakennuspaikka;3
2024;495;Multia;vakituinen_asuinrakennus;0.55
2024;495;Multia;yleinen_maapohja;1.3
2024;495;Multia;yleinen_rakennus;1.05
2024;498;Muonio;muu_asuinrakennus;1.2
2024;498;Muonio;rakentamaton_rakennuspaikka;6
2024;498;Muonio;vakituinen_asuinrakennus;0.45
2024;498;Muonio;yleinen_maapohja;1.3
2024;498;Muonio;yleinen_rakennus;1.15
2024;499;Mustasaari;muu_asuinrakennus;1.15
2024;499;Mustasaari;rakentamaton_rakennuspaikka;6
2024;499;Mustasaari;vakituinen_asuinrakennus;0.55
2024;499;Mustasaari;yleinen_maapohja;1.3
2024;499;Mustasaari;yleinen_rakennus;1
2024;500;Muurame;muu_asuinrakennus;1.2
2024;500;Muurame;rakentamaton_rakennuspaikka;4
2024;500;Muurame;vakituinen_asuinrakennus;0.5
2024;500;Muurame;yleinen_maapohja;1.3
2024;500;Muurame;yleinen_rakennus;1.3
2024;503;Mynämäki;muu_asuinrakennus;1.15
2024;503;Mynämäki;rakentamaton_rakennuspaikka;3
2024;503;Mynämäki;vakituinen_asuinrakennus;0.55
2024;503;Mynämäki;yleinen_maapohja;1.3
2024;503;Mynämäki;yleinen_rakennus;0.98
2024;504;Myrskylä;muu_asuinrakennus;1.3
2024;504;Myrskylä;rakentamaton_rakennuspaikka;
2024;504;Myrskylä;vakituinen_asuinrakennus;0.74
2024;504;Myrskylä;yleinen_maapohja;1.3
2024;504;Myrskylä;yleinen_rakennus;1.3
2024;505;Mäntsälä;muu_asuinrakennus;1.3
2024;505;Mäntsälä;rakentamaton_rakennuspaikka;4.4
2024;505;Mäntsälä;vakituinen_asuinrakennus;0.65
2024;505;Mäntsälä;yleinen_maapohja;1.4
2024;505;Mäntsälä;yleinen_rakennus;1.4
2024;507;Mäntyharju;muu_asuinrakennus;1.15
2024;507;Mäntyharju;rakentamaton_rakennuspaikka;2
2024;507;Mäntyharju;vakituinen_asuinrakennus;0.55
2024;507;Mäntyharju;yleinen_maapohja;1.3
2024;507;Mäntyharju;yleinen_rakennus;1.1
2024;508;Mänttä-Vilppula;muu_asuinrakennus;1.15
2024;508;Mänttä-Vilppula;rakentamaton_rakennuspaikka;
2024;508;Mänttä-Vilppula;vakituinen_asuinrakennus;0.6
2024;508;Mänttä-Vilppula;yleinen_maapohja;1.3
2024;508;Mänttä-Vilppula;yleinen_rakennus;1.1
2024;529;Naantali;muu_asuinrakennus;1.35
2024;529;Naantali;rakentamaton_rakennuspaikka;3
2024;529;Naantali;vakituinen_asuinrakennus;0.45
2024;529;Naantali;yleinen_maapohja;1.3
2024;529;Naantali;yleinen_rakennus;1.05
2024;531;Nakkila;muu_asuinrakennus;1.03
2024;531;Nakkila;rakentamaton_rakennuspaikka;2
2024;531;Nakkila;vakituinen_asuinrakennus;0.5
2024;531;Nakkila;yleinen_maapohja;1.3
2024;531;Nakkila;yleinen_rakennus;1.05
2024;535;Nivala;muu_asuinrakennus;1
2024;535;Nivala;rakentamaton_rakennuspaikka;5.5
2024;535;Nivala;vakituinen_asuinrakennus;0.6
2024;535;Nivala;yleinen_maapohja;1.3
2024;535;Nivala;yleinen_rakennus;1
2024;536;Nokia;muu_asuinrakennus;1.4
2024;536;Nokia;rakentamaton_rakennuspaikka;6
2024;536;Nokia;vakituinen_asuinrakennus;0.55
2024;536;Nokia;yleinen_maapohja;1.3
2024;536;Nokia;yleinen_rakennus;1
2024;538;Nousiainen;muu_asuinrakennus;1.2
2024;538;Nousiainen;rakentamaton_rakennuspaikka;3
2024;538;Nousiainen;vakituinen_asuinrakennus;0.6
2024;538;Nousiainen;yleinen_maapohja;1.3
2024;538;Nousiainen;yleinen_rakennus;1.1
2024;541;Nurmes;muu_asuinrakennus;1.04
2024;541;Nurmes;rakentamaton_rakennuspaikka;
2024;541;Nurmes;vakituinen_asuinrakennus;0.47
2024;541;Nurmes;yleinen_maapohja;1.3
2024;541;Nurmes;yleinen_rakennus;1.05
2024;543;Nurmijärvi;muu_asuinrakennus;1.18
2024;543;Nurmijärvi;rakentamaton_rakennuspaikka;4.3
2024;543;Nurmijärvi;vakituinen_asuinrakennus;0.48
2024;543;Nurmijärvi;yleinen_maapohja;1.3
2024;543;Nurmijärvi;yleinen_rakennus;1.18
2024;545;Närpiö;muu_asuinrakennus;1.1
2024;545;Närpiö;rakentamaton_rakennuspaikka;
2024;545;Närpiö;vakituinen_asuinrakennus;0.5
2024;545;Närpiö;yleinen_maapohja;1.3
2024;545;Närpiö;yleinen_rakennus;0.93
2024;560;Orimattila;muu_asuinrakennus;1.1
2024;560;Orimattila;rakentamaton_rakennuspaikka;3
2024;560;Orimattila;vakituinen_asuinrakennus;0.55
2024;560;Orimattila;yleinen_maapohja;1.3
2024;560;Orimattila;yleinen_rakennus;1.1
2024;561;Oripää;muu_asuinrakennus;1.2
2024;561;Oripää;rakentamaton_rakennuspaikka;
2024;561;Oripää;vakituinen_asuinrakennus;0.55
2024;561;Oripää;yleinen_maapohja;1.3
2024;561;Oripää;yleinen_rakennus;1.3
2024;562;Orivesi;muu_asuinrakennus;1.45
2024;562;Orivesi;rakentamaton_rakennuspaikka;3
2024;562;Orivesi;vakituinen_asuinrakennus;0.6
2024;562;Orivesi;yleinen_maapohja;1.3
2024;562;Orivesi;yleinen_rakennus;1.1
2024;563;Oulainen;muu_asuinrakennus;1.2
2024;563;Oulainen;rakentamaton_rakennuspaikka;5
2024;563;Oulainen;vakituinen_asuinrakennus;0.75
2024;563;Oulainen;yleinen_maapohja;1.35
2024;563;Oulainen;yleinen_rakennus;1.3
2024;564;Oulu;muu_asuinrakennus;0.93
2024;564;Oulu;rakentamaton_rakennuspaikka;
2024;564;Oulu;vakituinen_asuinrakennus;0.5
2024;564;Oulu;yleinen_maapohja;1.3
2024;564;Oulu;yleinen_rakennus;1.15
2024;576;Padasjoki;muu_asuinrakennus;1.2
2024;576;Padasjoki;rakentamaton_rakennuspaikka;
2024;576;Padasjoki;vakituinen_asuinrakennus;0.6
2024;576;Padasjoki;yleinen_maapohja;1.3
2024;576;Padasjoki;yleinen_rakennus;0.93
2024;577;Paimio;muu_asuinrakennus;1.2
2024;577;Paimio;rakentamaton_rakennuspaikka;3
2024;577;Paimio;vakituinen_asuinrakennus;0.45
2024;577;Paimio;yleinen_maapohja;1.3
2024;577;Paimio;yleinen_rakennus;1.1
2024;578;Paltamo;muu_asuinrakennus;1.1
2024;578;Paltamo;rakentamaton_rakennuspaikka;4.5
2024;578;Paltamo;vakituinen_asuinrakennus;0.6
2024;578;Paltamo;yleinen_maapohja;1.3
2024;578;Paltamo;yleinen_rakennus;1.1
2024;580;Parikkala;muu_asuinrakennus;1.3
2024;580;Parikkala;rakentamaton_rakennuspaikka;2
2024;580;Parikkala;vakituinen_asuinrakennus;0.55
2024;580;Parikkala;yleinen_maapohja;1.3
2024;580;Parikkala;yleinen_rakennus;1.1
2024;581;Parkano;muu_asuinrakennus;1.1
2024;581;Parkano;rakentamaton_rakennuspaikka;
2024;581;Parkano;vakituinen_asuinrakennus;0.52
2024;581;Parkano;yleinen_maapohja;1.3
2024;581;Parkano;yleinen_rakennus;1.1
2024;583;Pelkosenniemi;muu_asuinrakennus;1.6
2024;583;Pelkosenniemi;rakentamaton_rakennuspaikka;
2024;583;Pelkosenniemi;vakituinen_asuinrakennus;0.6
2024;583;Pelkosenniemi;yleinen_maapohja;1.4
2024;583;Pelkosenniemi;yleinen_rakennus;1.4
2024;584;Perho;muu_asuinrakennus;1.14
2024;584;Perho;rakentamaton_rakennuspaikka;2.25
2024;584;Perho;vakituinen_asuinrakennus;0.66
2024;584;Perho;yleinen_maapohja;1.3
2024;584;Perho;yleinen_rakennus;1
2024;592;Petäjävesi;muu_asuinrakennus;1.35
2024;592;Petäjävesi;rakentamaton_rakennuspaikka;2
2024;592;Petäjävesi;vakituinen_asuinrakennus;0.6
2024;592;Petäjävesi;yleinen_maapohja;1.3
2024;592;Petäjävesi;yleinen_rakennus;1.3
2024;593;Pieksämäki;muu_asuinrakennus;1.15
2024;593;Pieksämäki;rakentamaton_rakennuspaikka;
2024;593;Pieksämäki;vakituinen_asuinrakennus;0.55
2024;593;Pieksämäki;yleinen_maapohja;1.3
2024;593;Pieksämäki;yleinen_rakennus;1.15
2024;595;Pielavesi;muu_asuinrakennus;1.1
2024;595;Pielavesi;rakentamaton_rakennuspaikka;2.5
2024;595;Pielavesi;vakituinen_asuinrakennus;0.6
2024;595;Pielavesi;yleinen_maapohja;1.3
2024;595;Pielavesi;yleinen_rakennus;0.93
2024;598;Pietarsaari;muu_asuinrakennus;1.25
2024;598;Pietarsaari;rakentamaton_rakennuspaikka;5
2024;598;Pietarsaari;vakituinen_asuinrakennus;0.6
2024;598;Pietarsaari;yleinen_maapohja;1.4
2024;598;Pietarsaari;yleinen_rakennus;1.4
2024;599;Pedersören kunta;muu_asuinrakennus;1.15
2024;599;Pedersören kunta;rakentamaton_rakennuspaikka;
2024;599;Pedersören kunta;vakituinen_asuinrakennus;0.55
2024;599;Pedersören kunta;yleinen_maapohja;1.3
2024;599;Pedersören kunta;yleinen_rakennus;0.93
2024;601;Pihtipudas;muu_asuinrakennus;1.1
2024;601;Pihtipudas;rakentamaton_rakennuspaikka;
2024;601;Pihtipudas;vakituinen_asuinrakennus;0.6
2024;601;Pihtipudas;yleinen_maapohja;1.3
2024;601;Pihtipudas;yleinen_rakennus;0.93
2024;604;Pirkkala;muu_asuinrakennus;1.05
2024;604;Pirkkala;rakentamaton_rakennuspaikka;3
2024;604;Pirkkala;vakituinen_asuinrakennus;0.55
2024;604;Pirkkala;yleinen_maapohja;1.3
2024;604;Pirkkala;yleinen_rakennus;1.05
2024;607;Polvijärvi;muu_asuinrakennus;1
2024;607;Polvijärvi;rakentamaton_rakennuspaikka;
2024;607;Polvijärvi;vakituinen_asuinrakennus;0.5
2024;607;Polvijärvi;yleinen_maapohja;1.3
2024;607;Polvijärvi;yleinen_rakennus;1
2024;608;Pomarkku;muu_asuinrakennus;1.2
2024;608;Pomarkku;rakentamaton_rakennuspaikka;
2024;608;Pomarkku;vakituinen_asuinrakennus;0.45
2024;608;Pomarkku;yleinen_maapohja;1.3
2024;608;Pomarkku;yleinen_rakennus;1.1
2024;609;Pori;muu_asuinrakennus;1.1
2024;609;Pori;rakentamaton_rakennuspaikka;6
2024;609;Pori;vakituinen_asuinrakennus;0.5
2024;609;Pori;yleinen_maapohja;1.3
2024;609;Pori;yleinen_rakennus;0.93
2024;611;Pornainen;muu_asuinrakennus;1
2024;611;Pornainen;rakentamaton_rakennuspaikka;4.3
2024;611;Pornainen;vakituinen_asuinrakennus;0.5
2024;611;Pornainen;yleinen_maapohja;1.3
2024;611;Pornainen;yleinen_rakennus;1
2024;614;Posio;muu_asuinrakennus;1.1
2024;614;Posio;rakentamaton_rakennuspaikka;
2024;614;Posio;vakituinen_asuinrakennus;0.6
2024;614;Posio;yleinen_maapohja;1.3
2024;614;Posio;yleinen_rakennus;1.3
2024;615;Pudasjärvi;muu_asuinrakennus;1.1
2024;615;Pudasjärvi;rakentamaton_rakennuspaikka;3.5
2024;615;Pudasjärvi;vakituinen_asuinrakennus;0.41
2024;615;Pudasjärvi;yleinen_maapohja;1.3
2024;615;Pudasjärvi;yleinen_rakennus;1
2024;616;Pukkila;muu_asuinrakennus;1.3
2024;616;Pukkila;rakentamaton_rakennuspaikka;4
2024;616;Pukkila;vakituinen_asuinrakennus;0.74
2024;616;Pukkila;yleinen_maapohja;1.3
2024;616;Pukkila;yleinen_rakennus;1.3
2024;619;Punkalaidun;muu_asuinrakennus;1.05
2024;619;Punkalaidun;rakentamaton_rakennuspaikka;
2024;619;Punkalaidun;vakituinen_asuinrakennus;0.53
2024;619;Punkalaidun;yleinen_maapohja;1.3
2024;619;Punkalaidun;yleinen_rakennus;1.05
2024;620;Puolanka;muu_asuinrakennus;1.1
2024;620;Puolanka;rakentamaton_rakennuspaikka;
2024;620;Puolanka;vakituinen_asuinrakennus;0.55
2024;620;Puolanka;yleinen_maapohja;1.3
2024;620;Puolanka;yleinen_rakennus;0.93
2024;623;Puumala;muu_asuinrakennus;1.08
2024;623;Puumala;rakentamaton_rakennuspaikka;
2024;623;Puumala;vakituinen_asuinrakennus;0.48
2024;623;Puumala;yleinen_maapohja;1.3
2024;623;Puumala;yleinen_rakennus;0.95
2024;624;Pyhtää;muu_asuinrakennus;1.55
2024;624;Pyhtää;rakentamaton_rakennuspaikka;
2024;624;Pyhtää;vakituinen_asuinrakennus;0.62
2024;624;Pyhtää;yleinen_maapohja;1.3
2024;624;Pyhtää;yleinen_rakennus;1.3
2024;625;Pyhäjoki;muu_asuinrakennus;1.3
2024;625;Pyhäjoki;rakentamaton_rakennuspaikka;6
2024;625;Pyhäjoki;vakituinen_asuinrakennus;0.41
2024;625;Pyhäjoki;yleinen_maapohja;1.3
2024;625;Pyhäjoki;yleinen_rakennus;1.15
2024;626;Pyhäjärvi;muu_asuinrakennus;1.4
2024;626;Pyhäjärvi;rakentamaton_rakennuspaikka;6
2024;626;Pyhäjärvi;vakituinen_asuinrakennus;0.5
2024;626;Pyhäjärvi;yleinen_maapohja;1.3
2024;626;Pyhäjärvi;yleinen_rakennus;1.3
2024;630;Pyhäntä;muu_asuinrakennus;1.2
2024;630;Pyhäntä;rakentamaton_rakennuspaikka;
2024;630;Pyhäntä;vakituinen_asuinrakennus;0.6
2024;630;Pyhäntä;yleinen_maapohja;1.3
2024;630;Pyhäntä;yleinen_rakennus;1.05
2024;631;Pyhäranta;muu_asuinrakennus;1.8
2024;631;Pyhäranta;rakentamaton_rakennuspaikka;4
2024;631;Pyhäranta;vakituinen_asuinrakennus;0.5
2024;631;Pyhäranta;yleinen_maapohja;1.8
2024;631;Pyhäranta;yleinen_rakennus;1.8
2024;635;Pälkäne;muu_asuinrakennus;1.1
2024;635;Pälkäne;rakentamaton_rakennuspaikka;
2024;635;Pälkäne;vakituinen_asuinrakennus;0.48
2024;635;Pälkäne;yleinen_maapohja;1.3
2024;635;Pälkäne;yleinen_rakennus;1.1
2024;636;Pöytyä;muu_asuinrakennus;1.3
2024;636;Pöytyä;rakentamaton_rakennuspaikka;
2024;636;Pöytyä;vakituinen_asuinrakennus;0.5
2024;636;Pöytyä;yleinen_maapohja;1.3
2024;636;Pöytyä;yleinen_rakennus;1.05
2024;638;Porvoo;muu_asuinrakennus;1.3
2024;638;Porvoo;rakentamaton_rakennuspaikka;
2024;638;Porvoo;vakituinen_asuinrakennus;0.5
2024;638;Porvoo;yleinen_maapohja;1.3
2024;638;Porvoo;yleinen_rakennus;1.3
2024;678;Raahe;muu_asuinrakennus;1.2
2024;678;Raahe;rakentamaton_rakennuspaikka;3
2024;678;Raahe;vakituinen_asuinrakennus;0.55
2024;678;Raahe;yleinen_maapohja;1.3
2024;678;Raahe;yleinen_rakennus;1.2
2024;680;Raisio;muu_asuinrakennus;0.93
2024;680;Raisio;rakentamaton_rakennuspaikka;3
2024;680;Raisio;vakituinen_asuinrakennus;0.41
2024;680;Raisio;yleinen_maapohja;1.3
2024;680;Raisio;yleinen_rakennus;1.25
2024;681;Rantasalmi;muu_asuinrakennus;1.1
2024;681;Rantasalmi;rakentamaton_rakennuspaikka;2
2024;681;Rantasalmi;vakituinen_asuinrakennus;0.55
2024;681;Rantasalmi;yleinen_maapohja;1.3
2024;681;Rantasalmi;yleinen_rakennus;1.1
2024;683;Ranua;muu_asuinrakennus;1.15
2024;683;Ranua;rakentamaton_rakennuspaikka;
2024;683;Ranua;vakituinen_asuinrakennus;0.5
2024;683;Ranua;yleinen_maapohja;1.3
2024;683;Ranua;yleinen_rakennus;1.1
2024;684;Rauma;muu_asuinrakennus;0.93
2024;684;Rauma;rakentamaton_rakennuspaikka;5
2024;684;Rauma;vakituinen_asuinrakennus;0.41
2024;684;Rauma;yleinen_maapohja;1.3
2024;684;Rauma;yleinen_rakennus;0.93
2024;686;Rautalampi;muu_asuinrakennus;1.35
2024;686;Rautalampi;rakentamaton_rakennuspaikka;
2024;686;Rautalampi;vakituinen_asuinrakennus;0.75
2024;686;Rautalampi;yleinen_maapohja;1.3
2024;686;Rautalampi;yleinen_rakennus;1.05
2024;687;Rautavaara;muu_asuinrakennus;1.25
2024;687;Rautavaara;rakentamaton_rakennuspaikka;2
2024;687;Rautavaara;vakituinen_asuinrakennus;0.65
2024;687;Rautavaara;yleinen_maapohja;1.3
2024;687;Rautavaara;yleinen_rakennus;1.3
2024;689;Rautjärvi;muu_asuinrakennus;1.19
2024;689;Rautjärvi;rakentamaton_rakennuspaikka;
2024;689;Rautjärvi;vakituinen_asuinrakennus;0.59
2024;689;Rautjärvi;yleinen_maapohja;1.3
2024;689;Rautjärvi;yleinen_rakennus;1.03
2024;691;Reisjärvi;muu_asuinrakennus;1.5
2024;691;Reisjärvi;rakentamaton_rakennuspaikka;5
2024;691;Reisjärvi;vakituinen_asuinrakennus;0.7
2024;691;Reisjärvi;yleinen_maapohja;1.3
2024;691;Reisjärvi;yleinen_rakennus;1.1
2024;694;Riihimäki;muu_asuinrakennus;1.5
2024;694;Riihimäki;rakentamaton_rakennuspaikka;6
2024;694;Riihimäki;vakituinen_asuinrakennus;0.5
2024;694;Riihimäki;yleinen_maapohja;1.3
2024;694;Riihimäki;yleinen_rakennus;1.45
2024;697;Ristijärvi;muu_asuinrakennus;1.55
2024;697;Ristijärvi;rakentamaton_rakennuspaikka;
2024;697;Ristijärvi;vakituinen_asuinrakennus;0.55
2024;697;Ristijärvi;yleinen_maapohja;1.3
2024;697;Ristijärvi;yleinen_rakennus;0.93
2024;698;Rovaniemi;muu_asuinrakennus;1.2
2024;698;Rovaniemi;rakentamaton_rakennuspaikka;4
2024;698;Rovaniemi;vakituinen_asuinrakennus;0.6
2024;698;Rovaniemi;yleinen_maapohja;1.55
2024;698;Rovaniemi;yleinen_rakennus;1.55
2024;700;Ruokolahti;muu_asuinrakennus;1.1
2024;700;Ruokolahti;rakentamaton_rakennuspaikka;
2024;700;Ruokolahti;vakituinen_asuinrakennus;0.5
2024;700;Ruokolahti;yleinen_maapohja;1.3
2024;700;Ruokolahti;yleinen_rakennus;0.93
2024;702;Ruovesi;muu_asuinrakennus;1.3
2024;702;Ruovesi;rakentamaton_rakennuspaikka;2.5
2024;702;Ruovesi;vakituinen_asuinrakennus;0.6
2024;702;Ruovesi;yleinen_maapohja;1.3
2024;702;Ruovesi;yleinen_rakennus;1.15
2024;704;Rusko;muu_asuinrakennus;1.02
2024;704;Rusko;rakentamaton_rakennuspaikka;
2024;704;Rusko;vakituinen_asuinrakennus;0.42
2024;704;Rusko;yleinen_maapohja;1.3
2024;704;Rusko;yleinen_rakennus;0.95
2024;707;Rääkkylä;muu_asuinrakennus;1.05
2024;707;Rääkkylä;rakentamaton_rakennuspaikka;
2024;707;Rääkkylä;vakituinen_asuinrakennus;0.55
2024;707;Rääkkylä;yleinen_maapohja;1.3
2024;707;Rääkkylä;yleinen_rakennus;1
2024;710;Raasepori;muu_asuinrakennus;1.8
2024;710;Raasepori;rakentamaton_rakennuspaikka;
2024;710;Raasepori;vakituinen_asuinrakennus;0.41
2024;710;Raasepori;yleinen_maapohja;1.35
2024;710;Raasepori;yleinen_rakennus;1.35
2024;729;Saarijärvi;muu_asuinrakennus;1.36
2024;729;Saarijärvi;rakentamaton_rakennuspaikka;2.4
2024;729;Saarijärvi;vakituinen_asuinrakennus;0.49
2024;729;Saarijärvi;yleinen_maapohja;1.3
2024;729;Saarijärvi;yleinen_rakennus;1.04
2024;732;Salla;muu_asuinrakennus;1.45
2024;732;Salla;rakentamaton_rakennuspaikka;
2024;732;Salla;vakituinen_asuinrakennus;0.55
2024;732;Salla;yleinen_maapohja;1.3
2024;732;Salla;yleinen_rakennus;1.15
2024;734;Salo;muu_asuinrakennus;1.3
2024;734;Salo;rakentamaton_rakennuspaikka;3
2024;734;Salo;vakituinen_asuinrakennus;0.55
2024;734;Salo;yleinen_maapohja;1.3
2024;734;Salo;yleinen_rakennus;0.93
2024;736;Saltvik;muu_asuinrakennus;0.9
2024;736;Saltvik;rakentamaton_rakennuspaikka;0
2024;736;Saltvik;vakituinen_asuinrakennus;0
2024;736;Saltvik;yleinen_maapohja;0
2024;736;Saltvik;yleinen_rakennus;0
2024;738;Sauvo;muu_asuinrakennus;1.4
2024;738;Sauvo;rakentamaton_rakennuspaikka;
2024;738;Sauvo;vakituinen_asuinrakennus;0.6
2024;738;Sauvo;yleinen_maapohja;1.3
2024;738;Sauvo;yleinen_rakennus;1.3
2024;739;Savitaipale;muu_asuinrakennus;1.1
2024;739;Savitaipale;rakentamaton_rakennuspaikka;3
2024;739;Savitaipale;vakituinen_asuinrakennus;0.5
2024;739;Savitaipale;yleinen_maapohja;1.3
2024;739;Savitaipale;yleinen_rakennus;0.93
2024;740;Savonlinna;muu_asuinrakennus;1.55
2024;740;Savonlinna;rakentamaton_rakennuspaikka;2
2024;740;Savonlinna;vakituinen_asuinrakennus;0.59
2024;740;Savonlinna;yleinen_maapohja;1.43
2024;740;Savonlinna;yleinen_rakennus;1.43
2024;742;Savukoski;muu_asuinrakennus;1.2
2024;742;Savukoski;rakentamaton_rakennuspaikka;4
2024;742;Savukoski;vakituinen_asuinrakennus;0.6
2024;742;Savukoski;yleinen_maapohja;1.3
2024;742;Savukoski;yleinen_rakennus;1.2
2024;743;Seinäjoki;muu_asuinrakennus;1.65
2024;743;Seinäjoki;rakentamaton_rakennuspaikka;6
2024;743;Seinäjoki;vakituinen_asuinrakennus;0.6
2024;743;Seinäjoki;yleinen_maapohja;1.45
2024;743;Seinäjoki;yleinen_rakennus;1.45
2024;746;Sievi;muu_asuinrakennus;1.3
2024;746;Sievi;rakentamaton_rakennuspaikka;
2024;746;Sievi;vakituinen_asuinrakennus;0.7
2024;746;Sievi;yleinen_maapohja;1.3
2024;746;Sievi;yleinen_rakennus;0.93
2024;747;Siikainen;muu_asuinrakennus;1.3
2024;747;Siikainen;rakentamaton_rakennuspaikka;
2024;747;Siikainen;vakituinen_asuinrakennus;0.5
2024;747;Siikainen;yleinen_maapohja;1.3
2024;747;Siikainen;yleinen_rakennus;1.1
2024;748;Siikajoki;muu_asuinrakennus;1.1
2024;748;Siikajoki;rakentamaton_rakennuspaikka;3
2024;748;Siikajoki;vakituinen_asuinrakennus;0.46
2024;748;Siikajoki;yleinen_maapohja;1.3
2024;748;Siikajoki;yleinen_rakennus;1
2024;749;Siilinjärvi;muu_asuinrakennus;1
2024;749;Siilinjärvi;rakentamaton_rakennuspaikka;3
2024;749;Siilinjärvi;vakituinen_asuinrakennus;0.65
2024;749;Siilinjärvi;yleinen_maapohja;1.3
2024;749;Siilinjärvi;yleinen_rakennus;1.25
2024;751;Simo;muu_asuinrakennus;1.3
2024;751;Simo;rakentamaton_rakennuspaikka;
2024;751;Simo;vakituinen_asuinrakennus;0.45
2024;751;Simo;yleinen_maapohja;1.3
2024;751;Simo;yleinen_rakennus;1.4
2024;753;Sipoo;muu_asuinrakennus;1.1
2024;753;Sipoo;rakentamaton_rakennuspaikka;6
2024;753;Sipoo;vakituinen_asuinrakennus;0.5
2024;753;Sipoo;yleinen_maapohja;1.3
2024;753;Sipoo;yleinen_rakennus;1
2024;755;Siuntio;muu_asuinrakennus;1.2
2024;755;Siuntio;rakentamaton_rakennuspaikka;3
2024;755;Siuntio;vakituinen_asuinrakennus;0.5
2024;755;Siuntio;yleinen_maapohja;1.3
2024;755;Siuntio;yleinen_rakennus;1.2
2024;758;Sodankylä;muu_asuinrakennus;1.15
2024;758;Sodankylä;rakentamaton_rakennuspaikka;6
2024;758;Sodankylä;vakituinen_asuinrakennus;0.45
2024;758;Sodankylä;yleinen_maapohja;1.4
2024;758;Sodankylä;yleinen_rakennus;1.4
2024;759;Soini;muu_asuinrakennus;1.45
2024;759;Soini;rakentamaton_rakennuspaikka;
2024;759;Soini;vakituinen_asuinrakennus;0.6
2024;759;Soini;yleinen_maapohja;1.3
2024;759;Soini;yleinen_rakennus;1.3
2024;761;Somero;muu_asuinrakennus;0.93
2024;761;Somero;rakentamaton_rakennuspaikka;
2024;761;Somero;vakituinen_asuinrakennus;0.41
2024;761;Somero;yleinen_maapohja;1.3
2024;761;Somero;yleinen_rakennus;0.93
2024;762;Sonkajärvi;muu_asuinrakennus;1.25
2024;762;Sonkajärvi;rakentamaton_rakennuspaikka;
2024;762;Sonkajärvi;vakituinen_asuinrakennus;0.55
2024;762;Sonkajärvi;yleinen_maapohja;1.3
2024;762;Sonkajärvi;yleinen_rakennus;1
2024;765;Sotkamo;muu_asuinrakennus;1.2
2024;765;Sotkamo;rakentamaton_rakennuspaikka;3
2024;765;Sotkamo;vakituinen_asuinrakennus;0.6
2024;765;Sotkamo;yleinen_maapohja;1.3
2024;765;Sotkamo;yleinen_rakennus;1.1
2024;766;Sottunga;muu_asuinrakennus;0.9
2024;766;Sottunga;rakentamaton_rakennuspaikka;
2024;766;Sottunga;vakituinen_asuinrakennus;0.5
2024;766;Sottunga;yleinen_maapohja;0
2024;766;Sottunga;yleinen_rakennus;0
2024;768;Sulkava;muu_asuinrakennus;1.05
2024;768;Sulkava;rakentamaton_rakennuspaikka;
2024;768;Sulkava;vakituinen_asuinrakennus;0.45
2024;768;Sulkava;yleinen_maapohja;1.3
2024;768;Sulkava;yleinen_rakennus;0.93
2024;771;Sund;muu_asuinrakennus;0.9
2024;771;Sund;rakentamaton_rakennuspaikka;0.2
2024;771;Sund;vakituinen_asuinrakennus;0
2024;771;Sund;yleinen_maapohja;0.5
2024;771;Sund;yleinen_rakennus;0.5
2024;777;Suomussalmi;muu_asuinrakennus;1.1
2024;777;Suomussalmi;rakentamaton_rakennuspaikka;3.1
2024;777;Suomussalmi;vakituinen_asuinrakennus;0.55
2024;777;Suomussalmi;yleinen_maapohja;1.3
2024;777;Suomussalmi;yleinen_rakennus;1.05
2024;778;Suonenjoki;muu_asuinrakennus;1.25
2024;778;Suonenjoki;rakentamaton_rakennuspaikka;
2024;778;Suonenjoki;vakituinen_asuinrakennus;0.7
2024;778;Suonenjoki;yleinen_maapohja;1.3
2024;778;Suonenjoki;yleinen_rakennus;1.05
2024;781;Sysmä;muu_asuinrakennus;1
2024;781;Sysmä;rakentamaton_rakennuspaikka;
2024;781;Sysmä;vakituinen_asuinrakennus;0.5
2024;781;Sysmä;yleinen_maapohja;1.3
2024;781;Sysmä;yleinen_rakennus;0.95
2024;783;Säkylä;muu_asuinrakennus;1.1
2024;783;Säkylä;rakentamaton_rakennuspaikka;
2024;783;Säkylä;vakituinen_asuinrakennus;0.51
2024;783;Säkylä;yleinen_maapohja;1.3
2024;783;Säkylä;yleinen_rakennus;1.2
2024;785;Vaala;muu_asuinrakennus;1.1
2024;785;Vaala;rakentamaton_rakennuspaikka;
2024;785;Vaala;vakituinen_asuinrakennus;0.45
2024;785;Vaala;yleinen_maapohja;1.3
2024;785;Vaala;yleinen_rakennus;1.1
2024;790;Sastamala;muu_asuinrakennus;0.98
2024;790;Sastamala;rakentamaton_rakennuspaikka;2
2024;790;Sastamala;vakituinen_asuinrakennus;0.45
2024;790;Sastamala;yleinen_maapohja;1.3
2024;790;Sastamala;yleinen_rakennus;0.93
2024;791;Siikalatva;muu_asuinrakennus;1.25
2024;791;Siikalatva;rakentamaton_rakennuspaikka;6
2024;791;Siikalatva;vakituinen_asuinrakennus;0.6
2024;791;Siikalatva;yleinen_maapohja;1.3
2024;791;Siikalatva;yleinen_rakennus;0.95
2024;831;Taipalsaari;muu_asuinrakennus;1.3
2024;831;Taipalsaari;rakentamaton_rakennuspaikka;3.5
2024;831;Taipalsaari;vakituinen_asuinrakennus;0.5
2024;831;Taipalsaari;yleinen_maapohja;1.4
2024;831;Taipalsaari;yleinen_rakennus;1.4
2024;832;Taivalkoski;muu_asuinrakennus;1.03
2024;832;Taivalkoski;rakentamaton_rakennuspaikka;2
2024;832;Taivalkoski;vakituinen_asuinrakennus;0.45
2024;832;Taivalkoski;yleinen_maapohja;1.3
2024;832;Taivalkoski;yleinen_rakennus;1.03
2024;833;Taivassalo;muu_asuinrakennus;1.35
2024;833;Taivassalo;rakentamaton_rakennuspaikka;
2024;833;Taivassalo;vakituinen_asuinrakennus;0.65
2024;833;Taivassalo;yleinen_maapohja;1.3
2024;833;Taivassalo;yleinen_rakennus;1.15
2024;834;Tammela;muu_asuinrakennus;1.1
2024;834;Tammela;rakentamaton_rakennuspaikka;2
2024;834;Tammela;vakituinen_asuinrakennus;0.5
2024;834;Tammela;yleinen_maapohja;1.3
2024;834;Tammela;yleinen_rakennus;1.1
2024;837;Tampere;muu_asuinrakennus;1.1
2024;837;Tampere;rakentamaton_rakennuspaikka;5
2024;837;Tampere;vakituinen_asuinrakennus;0.65
2024;837;Tampere;yleinen_maapohja;1.3
2024;837;Tampere;yleinen_rakennus;1.25
2024;844;Tervo;muu_asuinrakennus;1.7
2024;844;Tervo;rakentamaton_rakennuspaikka;2
2024;844;Tervo;vakituinen_asuinrakennus;0.7
2024;844;Tervo;yleinen_maapohja;1.3
2024;844;Tervo;yleinen_rakennus;1.2
2024;845;Tervola;muu_asuinrakennus;1
2024;845;Tervola;rakentamaton_rakennuspaikka;
2024;845;Tervola;vakituinen_asuinrakennus;0.41
2024;845;Tervola;yleinen_maapohja;1.3
2024;845;Tervola;yleinen_rakennus;0.95
2024;846;Teuva;muu_asuinrakennus;1.3
2024;846;Teuva;rakentamaton_rakennuspaikka;
2024;846;Teuva;vakituinen_asuinrakennus;0.6
2024;846;Teuva;yleinen_maapohja;1.3
2024;846;Teuva;yleinen_rakennus;1.05
2024;848;Tohmajärvi;muu_asuinrakennus;1.15
2024;848;Tohmajärvi;rakentamaton_rakennuspaikka;2
2024;848;Tohmajärvi;vakituinen_asuinrakennus;0.55
2024;848;Tohmajärvi;yleinen_maapohja;1.3
2024;848;Tohmajärvi;yleinen_rakennus;1
2024;849;Toholampi;muu_asuinrakennus;1.1
2024;849;Toholampi;rakentamaton_rakennuspaikka;2.9
2024;849;Toholampi;vakituinen_asuinrakennus;0.65
2024;849;Toholampi;yleinen_maapohja;1.3
2024;849;Toholampi;yleinen_rakennus;1
2024;850;Toivakka;muu_asuinrakennus;1.65
2024;850;Toivakka;rakentamaton_rakennuspaikka;4
2024;850;Toivakka;vakituinen_asuinrakennus;0.5
2024;850;Toivakka;yleinen_maapohja;1.3
2024;850;Toivakka;yleinen_rakennus;1.3
2024;851;Tornio;muu_asuinrakennus;1
2024;851;Tornio;rakentamaton_rakennuspaikka;3
2024;851;Tornio;vakituinen_asuinrakennus;0.5
2024;851;Tornio;yleinen_maapohja;1.3
2024;851;Tornio;yleinen_rakennus;1.12
2024;853;Turku;muu_asuinrakennus;1.1
2024;853;Turku;rakentamaton_rakennuspaikka;4
2024;853;Turku;vakituinen_asuinrakennus;0.45
2024;853;Turku;yleinen_maapohja;1.3
2024;853;Turku;yleinen_rakennus;1.3
2024;854;Pello;muu_asuinrakennus;1.2
2024;854;Pello;rakentamaton_rakennuspaikka;2
2024;854;Pello;vakituinen_asuinrakennus;0.41
2024;854;Pello;yleinen_maapohja;1.3
2024;854;Pello;yleinen_rakennus;1.25
2024;857;Tuusniemi;muu_asuinrakennus;1.25
2024;857;Tuusniemi;rakentamaton_rakennuspaikka;
2024;857;Tuusniemi;vakituinen_asuinrakennus;0.65
2024;857;Tuusniemi;yleinen_maapohja;1.3
2024;857;Tuusniemi;yleinen_rakennus;1.15
2024;858;Tuusula;muu_asuinrakennus;1.35
2024;858;Tuusula;rakentamaton_rakennuspaikka;6
2024;858;Tuusula;vakituinen_asuinrakennus;0.48
2024;858;Tuusula;yleinen_maapohja;1.3
2024;858;Tuusula;yleinen_rakennus;1.15
2024;859;Tyrnävä;muu_asuinrakennus;1.12
2024;859;Tyrnävä;rakentamaton_rakennuspaikka;4
2024;859;Tyrnävä;vakituinen_asuinrakennus;0.54
2024;859;Tyrnävä;yleinen_maapohja;1.3
2024;859;Tyrnävä;yleinen_rakennus;1.12
2024;886;Ulvila;muu_asuinrakennus;1.1
2024;886;Ulvila;rakentamaton_rakennuspaikka;3
2024;886;Ulvila;vakituinen_asuinrakennus;0.55
2024;886;Ulvila;yleinen_maapohja;1.3
2024;886;Ulvila;yleinen_rakennus;1.3
2024;887;Urjala;muu_asuinrakennus;1.25
2024;887;Urjala;rakentamaton_rakennuspaikka;
2024;887;Urjala;vakituinen_asuinrakennus;0.65
2024;887;Urjala;yleinen_maapohja;1.3
2024;887;Urjala;yleinen_rakennus;1.2
2024;889;Utajärvi;muu_asuinrakennus;1.25
2024;889;Utajärvi;rakentamaton_rakennuspaikka;6
2024;889;Utajärvi;vakituinen_asuinrakennus;0.45
2024;889;Utajärvi;yleinen_maapohja;1.3
2024;889;Utajärvi;yleinen_rakennus;1.1
2024;890;Utsjoki;muu_asuinrakennus;1.6
2024;890;Utsjoki;rakentamaton_rakennuspaikka;2
2024;890;Utsjoki;vakituinen_asuinrakennus;0.65
2024;890;Utsjoki;yleinen_maapohja;1.3
2024;890;Utsjoki;yleinen_rakennus;1.3
2024;892;Uurainen;muu_asuinrakennus;1.3
2024;892;Uurainen;rakentamaton_rakennuspaikka;3
2024;892;Uurainen;vakituinen_asuinrakennus;0.48
2024;892;Uurainen;yleinen_maapohja;1.3
2024;892;Uurainen;yleinen_rakennus;1.3
2024;893;Uusikaarlepyy;muu_asuinrakennus;1.3
2024;893;Uusikaarlepyy;rakentamaton_rakennuspaikka;4
2024;893;Uusikaarlepyy;vakituinen_asuinrakennus;0.5
2024;893;Uusikaarlepyy;yleinen_maapohja;1.3
2024;893;Uusikaarlepyy;yleinen_rakennus;1
2024;895;Uusikaupunki;muu_asuinrakennus;1.12
2024;895;Uusikaupunki;rakentamaton_rakennuspaikka;
2024;895;Uusikaupunki;vakituinen_asuinrakennus;0.45
2024;895;Uusikaupunki;yleinen_maapohja;1.3
2024;895;Uusikaupunki;yleinen_rakennus;1.03
2024;905;Vaasa;muu_asuinrakennus;1.1
2024;905;Vaasa;rakentamaton_rakennuspaikka;4
2024;905;Vaasa;vakituinen_asuinrakennus;0.5
2024;905;Vaasa;yleinen_maapohja;1.3
2024;905;Vaasa;yleinen_rakennus;1.25
2024;908;Valkeakoski;muu_asuinrakennus;1.1
2024;908;Valkeakoski;rakentamaton_rakennuspaikka;
2024;908;Valkeakoski;vakituinen_asuinrakennus;0.6
2024;908;Valkeakoski;yleinen_maapohja;1.4
2024;908;Valkeakoski;yleinen_rakennus;1.4
2024;915;Varkaus;muu_asuinrakennus;1.1
2024;915;Varkaus;rakentamaton_rakennuspaikka;
2024;915;Varkaus;vakituinen_asuinrakennus;0.55
2024;915;Varkaus;yleinen_maapohja;1.45
2024;915;Varkaus;yleinen_rakennus;1.45
2024;918;Vehmaa;muu_asuinrakennus;2
2024;918;Vehmaa;rakentamaton_rakennuspaikka;
2024;918;Vehmaa;vakituinen_asuinrakennus;0.55
2024;918;Vehmaa;yleinen_maapohja;1.3
2024;918;Vehmaa;yleinen_rakennus;1.2
2024;921;Vesanto;muu_asuinrakennus;1.5
2024;921;Vesanto;rakentamaton_rakennuspaikka;
2024;921;Vesanto;vakituinen_asuinrakennus;0.8
2024;921;Vesanto;yleinen_maapohja;1.3
2024;921;Vesanto;yleinen_rakennus;1.25
2024;922;Vesilahti;muu_asuinrakennus;1.4
2024;922;Vesilahti;rakentamaton_rakennuspaikka;3
2024;922;Vesilahti;vakituinen_asuinrakennus;0.55
2024;922;Vesilahti;yleinen_maapohja;1.3
2024;922;Vesilahti;yleinen_rakennus;1.25
2024;924;Veteli;muu_asuinrakennus;1.05
2024;924;Veteli;rakentamaton_rakennuspaikka;3
2024;924;Veteli;vakituinen_asuinrakennus;0.6
2024;924;Veteli;yleinen_maapohja;1.3
2024;924;Veteli;yleinen_rakennus;0.95
2024;925;Vieremä;muu_asuinrakennus;1
2024;925;Vieremä;rakentamaton_rakennuspaikka;
2024;925;Vieremä;vakituinen_asuinrakennus;0.45
2024;925;Vieremä;yleinen_maapohja;1.3
2024;925;Vieremä;yleinen_rakennus;0.93
2024;927;Vihti;muu_asuinrakennus;1
2024;927;Vihti;rakentamaton_rakennuspaikka;4.3
2024;927;Vihti;vakituinen_asuinrakennus;0.45
2024;927;Vihti;yleinen_maapohja;1.3
2024;927;Vihti;yleinen_rakennus;0.95
2024;931;Viitasaari;muu_asuinrakennus;1.1
2024;931;Viitasaari;rakentamaton_rakennuspaikka;
2024;931;Viitasaari;vakituinen_asuinrakennus;0.5
2024;931;Viitasaari;yleinen_maapohja;1.3
2024;931;Viitasaari;yleinen_rakennus;0.93
2024;934;Vimpeli;muu_asuinrakennus;1.3
2024;934;Vimpeli;rakentamaton_rakennuspaikka;3
2024;934;Vimpeli;vakituinen_asuinrakennus;0.65
2024;934;Vimpeli;yleinen_maapohja;1.3
2024;934;Vimpeli;yleinen_rakennus;1.1
2024;935;Virolahti;muu_asuinrakennus;1.2
2024;935;Virolahti;rakentamaton_rakennuspaikka;
2024;935;Virolahti;vakituinen_asuinrakennus;0.5
2024;935;Virolahti;yleinen_maapohja;1.3
2024;935;Virolahti;yleinen_rakennus;1.3
2024;936;Virrat;muu_asuinrakennus;1
2024;936;Virrat;rakentamaton_rakennuspaikka;
2024;936;Virrat;vakituinen_asuinrakennus;0.45
2024;936;Virrat;yleinen_maapohja;1.3
2024;936;Virrat;yleinen_rakennus;0.93
2024;941;Vårdö;muu_asuinrakennus;0.9
2024;941;Vårdö;rakentamaton_rakennuspaikka;
2024;941;Vårdö;vakituinen_asuinrakennus;0
2024;941;Vårdö;yleinen_maapohja;0.1
2024;941;Vårdö;yleinen_rakennus;0.1
2024;946;Vöyri;muu_asuinrakennus;1.3
2024;946;Vöyri;rakentamaton_rakennuspaikka;
2024;946;Vöyri;vakituinen_asuinrakennus;0.5
2024;946;Vöyri;yleinen_maapohja;1.3
2024;946;Vöyri;yleinen_rakennus;1
2024;976;Ylitornio;muu_asuinrakennus;1.3
2024;976;Ylitornio;rakentamaton_rakennuspaikka;2
2024;976;Ylitornio;vakituinen_asuinrakennus;0.5
2024;976;Ylitornio;yleinen_maapohja;1.3
2024;976;Ylitornio;yleinen_rakennus;1.1
2024;977;Ylivieska;muu_asuinrakennus;1.15
2024;977;Ylivieska;rakentamaton_rakennuspaikka;3
2024;977;Ylivieska;vakituinen_asuinrakennus;0.7
2024;977;Ylivieska;yleinen_maapohja;1.3
2024;977;Ylivieska;yleinen_rakennus;1.3
2024;980;Ylöjärvi;muu_asuinrakennus;1
2024;980;Ylöjärvi;rakentamaton_rakennuspaikka;3
2024;980;Ylöjärvi;vakituinen_asuinrakennus;0.41
2024;980;Ylöjärvi;yleinen_maapohja;1.3
2024;980;Ylöjärvi;yleinen_rakennus;0.98
2024;981;Ypäjä;muu_asuinrakennus;1.5
2024;981;Ypäjä;rakentamaton_rakennuspaikka;3
2024;981;Ypäjä;vakituinen_asuinrakennus;0.6
2024;981;Ypäjä;yleinen_maapohja;1.3
2024;981;Ypäjä;yleinen_rakennus;1
2024;989;Ähtäri;muu_asuinrakennus;1.3
2024;989;Ähtäri;rakentamaton_rakennuspaikka;
2024;989;Ähtäri;vakituinen_asuinrakennus;0.5
2024;989;Ähtäri;yleinen_maapohja;1.6
2024;989;Ähtäri;yleinen_rakennus;1.3
2024;992;Äänekoski;muu_asuinrakennus;1.2
2024;992;Äänekoski;rakentamaton_rakennuspaikka;
2024;992;Äänekoski;vakituinen_asuinrakennus;0.6
2024;992;Äänekoski;yleinen_maapohja;1.3
2024;992;Äänekoski;yleinen_rakennus;1.3
2025;005;Alajärvi;muu_asuinrakennus;1.5
2025;005;Alajärvi;rakentamaton_rakennuspaikka;3
2025;005;Alajärvi;vakituinen_asuinrakennus;0.5
2025;005;Alajärvi;yleinen_maapohja;1.3
2025;005;Alajärvi;yleinen_rakennus;0.93
2025;009;Alavieska;muu_asuinrakennus;1.1
2025;009;Alavieska;rakentamaton_rakennuspaikka;
2025;009;Alavieska;vakituinen_asuinrakennus;0.55
2025;009;Alavieska;yleinen_maapohja;1.3
2025;009;Alavieska;yleinen_rakennus;1.3
2025;010;Alavus;muu_asuinrakennus;1.21
2025;010;Alavus;rakentamaton_rakennuspaikka;
2025;010;Alavus;vakituinen_asuinrakennus;0.51
2025;010;Alavus;yleinen_maapohja;1.3
2025;010;Alavus;yleinen_rakennus;0.99
2025;016;Asikkala;muu_asuinrakennus;1.25
2025;016;Asikkala;rakentamaton_rakennuspaikka;3
2025;016;Asikkala;vakituinen_asuinrakennus;0.45
2025;016;Asikkala;yleinen_maapohja;1.3
2025;016;Asikkala;yleinen_rakennus;0.93
2025;018;Askola;muu_asuinrakennus;1.5
2025;018;Askola;rakentamaton_rakennuspaikka;5
2025;018;Askola;vakituinen_asuinrakennus;0.7
2025;018;Askola;yleinen_maapohja;1.3
2025;018;Askola;yleinen_rakennus;1.1
2025;019;Aura;muu_asuinrakennus;1.2
2025;019;Aura;rakentamaton_rakennuspaikka;
2025;019;Aura;vakituinen_asuinrakennus;0.6
2025;019;Aura;yleinen_maapohja;1.3
2025;019;Aura;yleinen_rakennus;1.2
2025;020;Akaa;muu_asuinrakennus;1.25
2025;020;Akaa;rakentamaton_rakennuspaikka;6
2025;020;Akaa;vakituinen_asuinrakennus;0.65
2025;020;Akaa;yleinen_maapohja;1.3
2025;020;Akaa;yleinen_rakennus;1.1
2025;035;Brändö;muu_asuinrakennus;0.9
2025;035;Brändö;rakentamaton_rakennuspaikka;0
2025;035;Brändö;vakituinen_asuinrakennus;0
2025;035;Brändö;yleinen_maapohja;0
2025;035;Brändö;yleinen_rakennus;0
2025;043;Eckerö;muu_asuinrakennus;0.9
2025;043;Eckerö;rakentamaton_rakennuspaikka;0
2025;043;Eckerö;vakituinen_asuinrakennus;0
2025;043;Eckerö;yleinen_maapohja;0.7
2025;043;Eckerö;yleinen_rakennus;0.7
2025;046;Enonkoski;muu_asuinrakennus;1.3
2025;046;Enonkoski;rakentamaton_rakennuspaikka;2
2025;046;Enonkoski;vakituinen_asuinrakennus;0.7
2025;046;Enonkoski;yleinen_maapohja;1.3
2025;046;Enonkoski;yleinen_rakennus;1
2025;047;Enontekiö;muu_asuinrakennus;1.15
2025;047;Enontekiö;rakentamaton_rakennuspaikka;6
2025;047;Enontekiö;vakituinen_asuinrakennus;0.55
2025;047;Enontekiö;yleinen_maapohja;1.3
2025;047;Enontekiö;yleinen_rakennus;1.05
2025;049;Espoo;muu_asuinrakennus;1
2025;049;Espoo;rakentamaton_rakennuspaikka;4.43
2025;049;Espoo;vakituinen_asuinrakennus;0.41
2025;049;Espoo;yleinen_maapohja;1.3
2025;049;Espoo;yleinen_rakennus;1
2025;050;Eura;muu_asuinrakennus;1.1
2025;050;Eura;rakentamaton_rakennuspaikka;3
2025;050;Eura;vakituinen_asuinrakennus;0.6
2025;050;Eura;yleinen_maapohja;1.3
2025;050;Eura;yleinen_rakennus;1.1
2025;051;Eurajoki;muu_asuinrakennus;1.5
2025;051;Eurajoki;rakentamaton_rakennuspaikka;
2025;051;Eurajoki;vakituinen_asuinrakennus;0.5
2025;051;Eurajoki;yleinen_maapohja;1.3
2025;051;Eurajoki;yleinen_rakennus;1.2
2025;052;Evijärvi;muu_asuinrakennus;1.15
2025;052;Evijärvi;rakentamaton_rakennuspaikka;
2025;052;Evijärvi;vakituinen_asuinrakennus;0.65
2025;052;Evijärvi;yleinen_maapohja;1.3
2025;052;Evijärvi;yleinen_rakennus;1
2025;060;Finström;muu_asuinrakennus;0.9
2025;060;Finström;rakentamaton_rakennuspaikka;0.5
2025;060;Finström;vakituinen_asuinrakennus;0
2025;060;Finström;yleinen_maapohja;0.5
2025;060;Finström;yleinen_rakennus;0.5
2025;061;Forssa;muu_asuinrakennus;1.41
2025;061;Forssa;rakentamaton_rakennuspaikka;
2025;061;Forssa;vakituinen_asuinrakennus;0.41
2025;061;Forssa;yleinen_maapohja;1.4
2025;061;Forssa;yleinen_rakennus;1.4
2025;062;Föglö;muu_asuinrakennus;0.9
2025;062;Föglö;rakentamaton_rakennuspaikka;0.5
2025;062;Föglö;vakituinen_asuinrakennus;0.2
2025;062;Föglö;yleinen_maapohja;0.9
2025;062;Föglö;yleinen_rakennus;0.9
2025;065;Geta;muu_asuinrakennus;0.9
2025;065;Geta;rakentamaton_rakennuspaikka;
2025;065;Geta;vakituinen_asuinrakennus;0
2025;065;Geta;yleinen_maapohja;0
2025;065;Geta;yleinen_rakennus;0.6
2025;069;Haapajärvi;muu_asuinrakennus;1.35
2025;069;Haapajärvi;rakentamaton_rakennuspaikka;5
2025;069;Haapajärvi;vakituinen_asuinrakennus;0.75
2025;069;Haapajärvi;yleinen_maapohja;1.35
2025;069;Haapajärvi;yleinen_rakennus;1.35
2025;071;Haapavesi;muu_asuinrakennus;1.3
2025;071;Haapavesi;rakentamaton_rakennuspaikka;3
2025;071;Haapavesi;vakituinen_asuinrakennus;0.6
2025;071;Haapavesi;yleinen_maapohja;1.3
2025;071;Haapavesi;yleinen_rakennus;1.05
2025;072;Hailuoto;muu_asuinrakennus;1.51
2025;072;Hailuoto;rakentamaton_rakennuspaikka;3
2025;072;Hailuoto;vakituinen_asuinrakennus;0.51
2025;072;Hailuoto;yleinen_maapohja;1.3
2025;072;Hailuoto;yleinen_rakennus;0.95
2025;074;Halsua;muu_asuinrakennus;1.6
2025;074;Halsua;rakentamaton_rakennuspaikka;
2025;074;Halsua;vakituinen_asuinrakennus;0.6
2025;074;Halsua;yleinen_maapohja;1.3
2025;074;Halsua;yleinen_rakennus;1.3
2025;075;Hamina;muu_asuinrakennus;1.15
2025;075;Hamina;rakentamaton_rakennuspaikka;
2025;075;Hamina;vakituinen_asuinrakennus;0.55
2025;075;Hamina;yleinen_maapohja;1.3
2025;075;Hamina;yleinen_rakennus;1.25
2025;076;Hammarland;muu_asuinrakennus;0.9
2025;076;Hammarland;rakentamaton_rakennuspaikka;
2025;076;Hammarland;vakituinen_asuinrakennus;0
2025;076;Hammarland;yleinen_maapohja;0.2
2025;076;Hammarland;yleinen_rakennus;0.2
2025;077;Hankasalmi;muu_asuinrakennus;1.2
2025;077;Hankasalmi;rakentamaton_rakennuspaikka;
2025;077;Hankasalmi;vakituinen_asuinrakennus;0.6
2025;077;Hankasalmi;yleinen_maapohja;1.3
2025;077;Hankasalmi;yleinen_rakennus;1.3
2025;078;Hanko;muu_asuinrakennus;1.6
2025;078;Hanko;rakentamaton_rakennuspaikka;3
2025;078;Hanko;vakituinen_asuinrakennus;0.45
2025;078;Hanko;yleinen_maapohja;1.3
2025;078;Hanko;yleinen_rakennus;1.3
2025;079;Harjavalta;muu_asuinrakennus;0.98
2025;079;Harjavalta;rakentamaton_rakennuspaikka;
2025;079;Harjavalta;vakituinen_asuinrakennus;0.5
2025;079;Harjavalta;yleinen_maapohja;1.4
2025;079;Harjavalta;yleinen_rakennus;1.4
2025;081;Hartola;muu_asuinrakennus;1.3
2025;081;Hartola;rakentamaton_rakennuspaikka;
2025;081;Hartola;vakituinen_asuinrakennus;0.6
2025;081;Hartola;yleinen_maapohja;1.3
2025;081;Hartola;yleinen_rakennus;1.3
2025;082;Hattula;muu_asuinrakennus;1.6
2025;082;Hattula;rakentamaton_rakennuspaikka;3
2025;082;Hattula;vakituinen_asuinrakennus;0.5
2025;082;Hattula;yleinen_maapohja;1.3
2025;082;Hattula;yleinen_rakennus;1.3
2025;086;Hausjärvi;muu_asuinrakennus;1.05
2025;086;Hausjärvi;rakentamaton_rakennuspaikka;4
2025;086;Hausjärvi;vakituinen_asuinrakennus;0.45
2025;086;Hausjärvi;yleinen_maapohja;1.3
2025;086;Hausjärvi;yleinen_rakennus;1.25
2025;090;Heinävesi;muu_asuinrakennus;1.4
2025;090;Heinävesi;rakentamaton_rakennuspaikka;
2025;090;Heinävesi;vakituinen_asuinrakennus;0.6
2025;090;Heinävesi;yleinen_maapohja;1.3
2025;090;Heinävesi;yleinen_rakennus;1.15
2025;091;Helsinki;muu_asuinrakennus;0.93
2025;091;Helsinki;rakentamaton_rakennuspaikka;4.3
2025;091;Helsinki;vakituinen_asuinrakennus;0.41
2025;091;Helsinki;yleinen_maapohja;1.3
2025;091;Helsinki;yleinen_rakennus;0.93
2025;092;Vantaa;muu_asuinrakennus;1.25
2025;092;Vantaa;rakentamaton_rakennuspaikka;6
2025;092;Vantaa;vakituinen_asuinrakennus;0.41
2025;092;Vantaa;yleinen_maapohja;1.3
2025;092;Vantaa;yleinen_rakennus;1.28
2025;097;Hirvensalmi;muu_asuinrakennus;1.15
2025;097;Hirvensalmi;rakentamaton_rakennuspaikka;2.6
2025;097;Hirvensalmi;vakituinen_asuinrakennus;0.41
2025;097;Hirvensalmi;yleinen_maapohja;1.3
2025;097;Hirvensalmi;yleinen_rakennus;0.95
2025;098;Hollola;muu_asuinrakennus;1.1
2025;098;Hollola;rakentamaton_rakennuspaikka;3
2025;098;Hollola;vakituinen_asuinrakennus;0.55
2025;098;Hollola;yleinen_maapohja;1.3
2025;098;Hollola;yleinen_rakennus;1.15
2025;102;Huittinen;muu_asuinrakennus;1.07
2025;102;Huittinen;rakentamaton_rakennuspaikka;6
2025;102;Huittinen;vakituinen_asuinrakennus;0.47
2025;102;Huittinen;yleinen_maapohja;1.3
2025;102;Huittinen;yleinen_rakennus;0.93
2025;103;Humppila;muu_asuinrakennus;1.5
2025;103;Humppila;rakentamaton_rakennuspaikka;3
2025;103;Humppila;vakituinen_asuinrakennus;0.55
2025;103;Humppila;yleinen_maapohja;1.3
2025;103;Humppila;yleinen_rakennus;1.3
2025;105;Hyrynsalmi;muu_asuinrakennus;1.15
2025;105;Hyrynsalmi;rakentamaton_rakennuspaikka;2
2025;105;Hyrynsalmi;vakituinen_asuinrakennus;0.5
2025;105;Hyrynsalmi;yleinen_maapohja;1.3
2025;105;Hyrynsalmi;yleinen_rakennus;1
2025;106;Hyvinkää;muu_asuinrakennus;1.05
2025;106;Hyvinkää;rakentamaton_rakennuspaikka;4.35
2025;106;Hyvinkää;vakituinen_asuinrakennus;0.5
2025;106;Hyvinkää;yleinen_maapohja;1.35
2025;106;Hyvinkää;yleinen_rakennus;1.35
2025;108;Hämeenkyrö;muu_asuinrakennus;1.15
2025;108;Hämeenkyrö;rakentamaton_rakennuspaikka;4.5
2025;108;Hämeenkyrö;vakituinen_asuinrakennus;0.48
2025;108;Hämeenkyrö;yleinen_maapohja;1.3
2025;108;Hämeenkyrö;yleinen_rakennus;0.95
2025;109;Hämeenlinna;muu_asuinrakennus;1.4
2025;109;Hämeenlinna;rakentamaton_rakennuspaikka;4
2025;109;Hämeenlinna;vakituinen_asuinrakennus;0.6
2025;109;Hämeenlinna;yleinen_maapohja;1.35
2025;109;Hämeenlinna;yleinen_rakennus;1.35
2025;111;Heinola;muu_asuinrakennus;1.3
2025;111;Heinola;rakentamaton_rakennuspaikka;3
2025;111;Heinola;vakituinen_asuinrakennus;0.6
2025;111;Heinola;yleinen_maapohja;1.3
2025;111;Heinola;yleinen_rakennus;1.3
2025;139;Ii;muu_asuinrakennus;1.2
2025;139;Ii;rakentamaton_rakennuspaikka;6
2025;139;Ii;vakituinen_asuinrakennus;0.65
2025;139;Ii;yleinen_maapohja;1.3
2025;139;Ii;yleinen_rakennus;1.3
2025;140;Iisalmi;muu_asuinrakennus;0.93
2025;140;Iisalmi;rakentamaton_rakennuspaikka;3
2025;140;Iisalmi;vakituinen_asuinrakennus;0.55
2025;140;Iisalmi;yleinen_maapohja;1.3
2025;140;Iisalmi;yleinen_rakennus;1.1
2025;142;Iitti;muu_asuinrakennus;1.25
2025;142;Iitti;rakentamaton_rakennuspaikka;
2025;142;Iitti;vakituinen_asuinrakennus;0.65
2025;142;Iitti;yleinen_maapohja;1.3
2025;142;Iitti;yleinen_rakennus;1.3
2025;143;Ikaalinen;muu_asuinrakennus;1.19
2025;143;Ikaalinen;rakentamaton_rakennuspaikka;3
2025;143;Ikaalinen;vakituinen_asuinrakennus;0.59
2025;143;Ikaalinen;yleinen_maapohja;1.3
2025;143;Ikaalinen;yleinen_rakennus;1.23
2025;145;Ilmajoki;muu_asuinrakennus;1.2
2025;145;Ilmajoki;rakentamaton_rakennuspaikka;3
2025;145;Ilmajoki;vakituinen_asuinrakennus;0.6
2025;145;Ilmajoki;yleinen_maapohja;1.3
2025;145;Ilmajoki;yleinen_rakennus;0.93
2025;146;Ilomantsi;muu_asuinrakennus;1
2025;146;Ilomantsi;rakentamaton_rakennuspaikka;
2025;146;Ilomantsi;vakituinen_asuinrakennus;0.45
2025;146;Ilomantsi;yleinen_maapohja;1.3
2025;146;Ilomantsi;yleinen_rakennus;1
2025;148;Inari;muu_asuinrakennus;1.15
2025;148;Inari;rakentamaton_rakennuspaikka;3
2025;148;Inari;vakituinen_asuinrakennus;0.55
2025;148;Inari;yleinen_maapohja;1.35
2025;148;Inari;yleinen_rakennus;1.35
2025;149;Inkoo;muu_asuinrakennus;1.55
2025;149;Inkoo;rakentamaton_rakennuspaikka;2
2025;149;Inkoo;vakituinen_asuinrakennus;0.65
2025;149;Inkoo;yleinen_maapohja;1.3
2025;149;Inkoo;yleinen_rakennus;1.1
2025;151;Isojoki;muu_asuinrakennus;0.93
2025;151;Isojoki;rakentamaton_rakennuspaikka;2
2025;151;Isojoki;vakituinen_asuinrakennus;0.5
2025;151;Isojoki;yleinen_maapohja;1.3
2025;151;Isojoki;yleinen_rakennus;0.93
2025;152;Isokyrö;muu_asuinrakennus;1.1
2025;152;Isokyrö;rakentamaton_rakennuspaikka;
2025;152;Isokyrö;vakituinen_asuinrakennus;0.65
2025;152;Isokyrö;yleinen_maapohja;1.3
2025;152;Isokyrö;yleinen_rakennus;0.93
2025;153;Imatra;muu_asuinrakennus;1
2025;153;Imatra;rakentamaton_rakennuspaikka;
2025;153;Imatra;vakituinen_asuinrakennus;0.45
2025;153;Imatra;yleinen_maapohja;1.9
2025;153;Imatra;yleinen_rakennus;1.9
2025;165;Janakkala;muu_asuinrakennus;1.5
2025;165;Janakkala;rakentamaton_rakennuspaikka;4
2025;165;Janakkala;vakituinen_asuinrakennus;0.5
2025;165;Janakkala;yleinen_maapohja;1.3
2025;165;Janakkala;yleinen_rakennus;1.1
2025;167;Joensuu;muu_asuinrakennus;1
2025;167;Joensuu;rakentamaton_rakennuspaikka;3
2025;167;Joensuu;vakituinen_asuinrakennus;0.45
2025;167;Joensuu;yleinen_maapohja;1.3
2025;167;Joensuu;yleinen_rakennus;1.1
2025;169;Jokioinen;muu_asuinrakennus;1.1
2025;169;Jokioinen;rakentamaton_rakennuspaikka;
2025;169;Jokioinen;vakituinen_asuinrakennus;0.5
2025;169;Jokioinen;yleinen_maapohja;1.3
2025;169;Jokioinen;yleinen_rakennus;1.1
2025;170;Jomala;muu_asuinrakennus;0.9
2025;170;Jomala;rakentamaton_rakennuspaikka;1
2025;170;Jomala;vakituinen_asuinrakennus;0
2025;170;Jomala;yleinen_maapohja;0.3
2025;170;Jomala;yleinen_rakennus;0.3
2025;171;Joroinen;muu_asuinrakennus;1.1
2025;171;Joroinen;rakentamaton_rakennuspaikka;
2025;171;Joroinen;vakituinen_asuinrakennus;0.5
2025;171;Joroinen;yleinen_maapohja;1.3
2025;171;Joroinen;yleinen_rakennus;1.05
2025;172;Joutsa;muu_asuinrakennus;1.3
2025;172;Joutsa;rakentamaton_rakennuspaikka;
2025;172;Joutsa;vakituinen_asuinrakennus;0.7
2025;172;Joutsa;yleinen_maapohja;1.3
2025;172;Joutsa;yleinen_rakennus;1.3
2025;176;Juuka;muu_asuinrakennus;1.3
2025;176;Juuka;rakentamaton_rakennuspaikka;
2025;176;Juuka;vakituinen_asuinrakennus;0.45
2025;176;Juuka;yleinen_maapohja;1.3
2025;176;Juuka;yleinen_rakennus;1
2025;177;Juupajoki;muu_asuinrakennus;1.05
2025;177;Juupajoki;rakentamaton_rakennuspaikka;
2025;177;Juupajoki;vakituinen_asuinrakennus;0.45
2025;177;Juupajoki;yleinen_maapohja;1.3
2025;177;Juupajoki;yleinen_rakennus;1.15
2025;178;Juva;muu_asuinrakennus;1.03
2025;178;Juva;rakentamaton_rakennuspaikka;2
2025;178;Juva;vakituinen_asuinrakennus;0.43
2025;178;Juva;yleinen_maapohja;1.3
2025;178;Juva;yleinen_rakennus;0.95
2025;179;Jyväskylä;muu_asuinrakennus;1.55
2025;179;Jyväskylä;rakentamaton_rakennuspaikka;4
2025;179;Jyväskylä;vakituinen_asuinrakennus;0.55
2025;179;Jyväskylä;yleinen_maapohja;1.3
2025;179;Jyväskylä;yleinen_rakennus;1.3
2025;181;Jämijärvi;muu_asuinrakennus;1.3
2025;181;Jämijärvi;rakentamaton_rakennuspaikka;4
2025;181;Jämijärvi;vakituinen_asuinrakennus;0.45
2025;181;Jämijärvi;yleinen_maapohja;1.35
2025;181;Jämijärvi;yleinen_rakennus;1.2
2025;182;Jämsä;muu_asuinrakennus;1.2
2025;182;Jämsä;rakentamaton_rakennuspaikka;3
2025;182;Jämsä;vakituinen_asuinrakennus;0.5
2025;182;Jämsä;yleinen_maapohja;1.3
2025;182;Jämsä;yleinen_rakennus;1
2025;186;Järvenpää;muu_asuinrakennus;1.15
2025;186;Järvenpää;rakentamaton_rakennuspaikka;6
2025;186;Järvenpää;vakituinen_asuinrakennus;0.65
2025;186;Järvenpää;yleinen_maapohja;1.45
2025;186;Järvenpää;yleinen_rakennus;1.45
2025;202;Kaarina;muu_asuinrakennus;1
2025;202;Kaarina;rakentamaton_rakennuspaikka;4
2025;202;Kaarina;vakituinen_asuinrakennus;0.41
2025;202;Kaarina;yleinen_maapohja;1.3
2025;202;Kaarina;yleinen_rakennus;1
2025;204;Kaavi;muu_asuinrakennus;1.7
2025;204;Kaavi;rakentamaton_rakennuspaikka;
2025;204;Kaavi;vakituinen_asuinrakennus;0.75
2025;204;Kaavi;yleinen_maapohja;1.5
2025;204;Kaavi;yleinen_rakennus;1.5
2025;205;Kajaani;muu_asuinrakennus;1.55
2025;205;Kajaani;rakentamaton_rakennuspaikka;4.1
2025;205;Kajaani;vakituinen_asuinrakennus;0.55
2025;205;Kajaani;yleinen_maapohja;1.3
2025;205;Kajaani;yleinen_rakennus;1.1
2025;208;Kalajoki;muu_asuinrakennus;1.1
2025;208;Kalajoki;rakentamaton_rakennuspaikka;
2025;208;Kalajoki;vakituinen_asuinrakennus;0.5
2025;208;Kalajoki;yleinen_maapohja;1.3
2025;208;Kalajoki;yleinen_rakennus;1.1
2025;211;Kangasala;muu_asuinrakennus;1.03
2025;211;Kangasala;rakentamaton_rakennuspaikka;4
2025;211;Kangasala;vakituinen_asuinrakennus;0.43
2025;211;Kangasala;yleinen_maapohja;1.3
2025;211;Kangasala;yleinen_rakennus;0.93
2025;213;Kangasniemi;muu_asuinrakennus;1.1
2025;213;Kangasniemi;rakentamaton_rakennuspaikka;2
2025;213;Kangasniemi;vakituinen_asuinrakennus;0.5
2025;213;Kangasniemi;yleinen_maapohja;1.37
2025;213;Kangasniemi;yleinen_rakennus;1
2025;214;Kankaanpää;muu_asuinrakennus;1.05
2025;214;Kankaanpää;rakentamaton_rakennuspaikka;4
2025;214;Kankaanpää;vakituinen_asuinrakennus;0.45
2025;214;Kankaanpää;yleinen_maapohja;1.3
2025;214;Kankaanpää;yleinen_rakennus;1.2
2025;216;Kannonkoski;muu_asuinrakennus;1.6
2025;216;Kannonkoski;rakentamaton_rakennuspaikka;
2025;216;Kannonkoski;vakituinen_asuinrakennus;0.5
2025;216;Kannonkoski;yleinen_maapohja;1.3
2025;216;Kannonkoski;yleinen_rakennus;1.3
2025;217;Kannus;muu_asuinrakennus;1
2025;217;Kannus;rakentamaton_rakennuspaikka;
2025;217;Kannus;vakituinen_asuinrakennus;0.55
2025;217;Kannus;yleinen_maapohja;1.3
2025;217;Kannus;yleinen_rakennus;1.15
2025;218;Karijoki;muu_asuinrakennus;1
2025;218;Karijoki;rakentamaton_rakennuspaikka;
2025;218;Karijoki;vakituinen_asuinrakennus;0.5
2025;218;Karijoki;yleinen_maapohja;1.3
2025;218;Karijoki;yleinen_rakennus;0.93
2025;224;Karkkila;muu_asuinrakennus;1.25
2025;224;Karkkila;rakentamaton_rakennuspaikka;4
2025;224;Karkkila;vakituinen_asuinrakennus;0.65
2025;224;Karkkila;yleinen_maapohja;1.3
2025;224;Karkkila;yleinen_rakennus;1.1
2025;226;Karstula;muu_asuinrakennus;1.36
2025;226;Karstula;rakentamaton_rakennuspaikka;3
2025;226;Karstula;vakituinen_asuinrakennus;0.48
2025;226;Karstula;yleinen_maapohja;1.3
2025;226;Karstula;yleinen_rakennus;1.03
2025;230;Karvia;muu_asuinrakennus;0.93
2025;230;Karvia;rakentamaton_rakennuspaikka;
2025;230;Karvia;vakituinen_asuinrakennus;0.41
2025;230;Karvia;yleinen_maapohja;1.3
2025;230;Karvia;yleinen_rakennus;0.93
2025;231;Kaskinen;muu_asuinrakennus;2
2025;231;Kaskinen;rakentamaton_rakennuspaikka;6
2025;231;Kaskinen;vakituinen_asuinrakennus;1
2025;231;Kaskinen;yleinen_maapohja;2
2025;231;Kaskinen;yleinen_rakennus;1.8
2025;232;Kauhajoki;muu_asuinrakennus;1.2
2025;232;Kauhajoki;rakentamaton_rakennuspaikka;3
2025;232;Kauhajoki;vakituinen_asuinrakennus;0.65
2025;232;Kauhajoki;yleinen_maapohja;1.3
2025;232;Kauhajoki;yleinen_rakennus;0.93
2025;233;Kauhava;muu_asuinrakennus;1.1
2025;233;Kauhava;rakentamaton_rakennuspaikka;2
2025;233;Kauhava;vakituinen_asuinrakennus;0.55
2025;233;Kauhava;yleinen_maapohja;1.3
2025;233;Kauhava;yleinen_rakennus;0.95
2025;235;Kauniainen;muu_asuinrakennus;0.93
2025;235;Kauniainen;rakentamaton_rakennuspaikka;4.3
2025;235;Kauniainen;vakituinen_asuinrakennus;0.41
2025;235;Kauniainen;yleinen_maapohja;1.3
2025;235;Kauniainen;yleinen_rakennus;0.93
2025;236;Kaustinen;muu_asuinrakennus;1.1
2025;236;Kaustinen;rakentamaton_rakennuspaikka;3.1
2025;236;Kaustinen;vakituinen_asuinrakennus;0.6
2025;236;Kaustinen;yleinen_maapohja;1.3
2025;236;Kaustinen;yleinen_rakennus;1.1
2025;239;Keitele;muu_asuinrakennus;1.1
2025;239;Keitele;rakentamaton_rakennuspaikka;
2025;239;Keitele;vakituinen_asuinrakennus;0.55
2025;239;Keitele;yleinen_maapohja;1.3
2025;239;Keitele;yleinen_rakennus;1.05
2025;240;Kemi;muu_asuinrakennus;1
2025;240;Kemi;rakentamaton_rakennuspaikka;6
2025;240;Kemi;vakituinen_asuinrakennus;0.5
2025;240;Kemi;yleinen_maapohja;1.3
2025;240;Kemi;yleinen_rakennus;1.24
2025;241;Keminmaa;muu_asuinrakennus;1
2025;241;Keminmaa;rakentamaton_rakennuspaikka;4
2025;241;Keminmaa;vakituinen_asuinrakennus;0.41
2025;241;Keminmaa;yleinen_maapohja;1.3
2025;241;Keminmaa;yleinen_rakennus;0.93
2025;244;Kempele;muu_asuinrakennus;1.1
2025;244;Kempele;rakentamaton_rakennuspaikka;3
2025;244;Kempele;vakituinen_asuinrakennus;0.5
2025;244;Kempele;yleinen_maapohja;1.3
2025;244;Kempele;yleinen_rakennus;1.1
2025;245;Kerava;muu_asuinrakennus;0.93
2025;245;Kerava;rakentamaton_rakennuspaikka;6
2025;245;Kerava;vakituinen_asuinrakennus;0.6
2025;245;Kerava;yleinen_maapohja;1.45
2025;245;Kerava;yleinen_rakennus;1.45
2025;249;Keuruu;muu_asuinrakennus;1.2
2025;249;Keuruu;rakentamaton_rakennuspaikka;
2025;249;Keuruu;vakituinen_asuinrakennus;0.51
2025;249;Keuruu;yleinen_maapohja;1.3
2025;249;Keuruu;yleinen_rakennus;1.3
2025;250;Kihniö;muu_asuinrakennus;1.1
2025;250;Kihniö;rakentamaton_rakennuspaikka;
2025;250;Kihniö;vakituinen_asuinrakennus;0.55
2025;250;Kihniö;yleinen_maapohja;1.3
2025;250;Kihniö;yleinen_rakennus;1.1
2025;256;Kinnula;muu_asuinrakennus;1.5
2025;256;Kinnula;rakentamaton_rakennuspaikka;3
2025;256;Kinnula;vakituinen_asuinrakennus;0.8
2025;256;Kinnula;yleinen_maapohja;1.3
2025;256;Kinnula;yleinen_rakennus;1.3
2025;257;Kirkkonummi;muu_asuinrakennus;1.4
2025;257;Kirkkonummi;rakentamaton_rakennuspaikka;5.43
2025;257;Kirkkonummi;vakituinen_asuinrakennus;0.41
2025;257;Kirkkonummi;yleinen_maapohja;1.3
2025;257;Kirkkonummi;yleinen_rakennus;0.93
2025;260;Kitee;muu_asuinrakennus;1.1
2025;260;Kitee;rakentamaton_rakennuspaikka;
2025;260;Kitee;vakituinen_asuinrakennus;0.55
2025;260;Kitee;yleinen_maapohja;1.3
2025;260;Kitee;yleinen_rakennus;0.95
2025;261;Kittilä;muu_asuinrakennus;1.2
2025;261;Kittilä;rakentamaton_rakennuspaikka;
2025;261;Kittilä;vakituinen_asuinrakennus;0.41
2025;261;Kittilä;yleinen_maapohja;1.3
2025;261;Kittilä;yleinen_rakennus;1.16
2025;263;Kiuruvesi;muu_asuinrakennus;1
2025;263;Kiuruvesi;rakentamaton_rakennuspaikka;3
2025;263;Kiuruvesi;vakituinen_asuinrakennus;0.55
2025;263;Kiuruvesi;yleinen_maapohja;1.3
2025;263;Kiuruvesi;yleinen_rakennus;0.93
2025;265;Kivijärvi;muu_asuinrakennus;1.5
2025;265;Kivijärvi;rakentamaton_rakennuspaikka;4
2025;265;Kivijärvi;vakituinen_asuinrakennus;0.6
2025;265;Kivijärvi;yleinen_maapohja;1.3
2025;265;Kivijärvi;yleinen_rakennus;1.2
2025;271;Kokemäki;muu_asuinrakennus;1.85
2025;271;Kokemäki;rakentamaton_rakennuspaikka;4
2025;271;Kokemäki;vakituinen_asuinrakennus;0.51
2025;271;Kokemäki;yleinen_maapohja;1.3
2025;271;Kokemäki;yleinen_rakennus;1.2
2025;272;Kokkola;muu_asuinrakennus;1.1
2025;272;Kokkola;rakentamaton_rakennuspaikka;6
2025;272;Kokkola;vakituinen_asuinrakennus;0.6
2025;272;Kokkola;yleinen_maapohja;1.3
2025;272;Kokkola;yleinen_rakennus;1.3
2025;273;Kolari;muu_asuinrakennus;1.5
2025;273;Kolari;rakentamaton_rakennuspaikka;2
2025;273;Kolari;vakituinen_asuinrakennus;0.47
2025;273;Kolari;yleinen_maapohja;1.3
2025;273;Kolari;yleinen_rakennus;1.03
2025;275;Konnevesi;muu_asuinrakennus;1.2
2025;275;Konnevesi;rakentamaton_rakennuspaikka;
2025;275;Konnevesi;vakituinen_asuinrakennus;0.55
2025;275;Konnevesi;yleinen_maapohja;1.3
2025;275;Konnevesi;yleinen_rakennus;1.3
2025;276;Kontiolahti;muu_asuinrakennus;1
2025;276;Kontiolahti;rakentamaton_rakennuspaikka;
2025;276;Kontiolahti;vakituinen_asuinrakennus;0.45
2025;276;Kontiolahti;yleinen_maapohja;1.3
2025;276;Kontiolahti;yleinen_rakennus;1.03
2025;280;Korsnäs;muu_asuinrakennus;1.6
2025;280;Korsnäs;rakentamaton_rakennuspaikka;
2025;280;Korsnäs;vakituinen_asuinrakennus;0.55
2025;280;Korsnäs;yleinen_maapohja;1.3
2025;280;Korsnäs;yleinen_rakennus;1
2025;284;Koski Tl;muu_asuinrakennus;0.93
2025;284;Koski Tl;rakentamaton_rakennuspaikka;
2025;284;Koski Tl;vakituinen_asuinrakennus;0.41
2025;284;Koski Tl;yleinen_maapohja;1.3
2025;284;Koski Tl;yleinen_rakennus;0.93
2025;285;Kotka;muu_asuinrakennus;1.15
2025;285;Kotka;rakentamaton_rakennuspaikka;
2025;285;Kotka;vakituinen_asuinrakennus;0.55
2025;285;Kotka;yleinen_maapohja;1.35
2025;285;Kotka;yleinen_rakennus;1.35
2025;286;Kouvola;muu_asuinrakennus;1.35
2025;286;Kouvola;rakentamaton_rakennuspaikka;
2025;286;Kouvola;vakituinen_asuinrakennus;0.65
2025;286;Kouvola;yleinen_maapohja;1.45
2025;286;Kouvola;yleinen_rakennus;1.45
2025;287;Kristiinankaupunki;muu_asuinrakennus;1.2
2025;287;Kristiinankaupunki;rakentamaton_rakennuspaikka;
2025;287;Kristiinankaupunki;vakituinen_asuinrakennus;0.6
2025;287;Kristiinankaupunki;yleinen_maapohja;1.3
2025;287;Kristiinankaupunki;yleinen_rakennus;0.93
2025;288;Kruunupyy;muu_asuinrakennus;1.3
2025;288;Kruunupyy;rakentamaton_rakennuspaikka;4
2025;288;Kruunupyy;vakituinen_asuinrakennus;0.5
2025;288;Kruunupyy;yleinen_maapohja;1.3
2025;288;Kruunupyy;yleinen_rakennus;1
2025;290;Kuhmo;muu_asuinrakennus;1.08
2025;290;Kuhmo;rakentamaton_rakennuspaikka;2
2025;290;Kuhmo;vakituinen_asuinrakennus;0.54
2025;290;Kuhmo;yleinen_maapohja;1.3
2025;290;Kuhmo;yleinen_rakennus;0.98
2025;291;Kuhmoinen;muu_asuinrakennus;1.2
2025;291;Kuhmoinen;rakentamaton_rakennuspaikka;
2025;291;Kuhmoinen;vakituinen_asuinrakennus;0.6
2025;291;Kuhmoinen;yleinen_maapohja;1.3
2025;291;Kuhmoinen;yleinen_rakennus;1.1
2025;295;Kumlinge;muu_asuinrakennus;0.9
2025;295;Kumlinge;rakentamaton_rakennuspaikka;
2025;295;Kumlinge;vakituinen_asuinrakennus;0.2
2025;295;Kumlinge;yleinen_maapohja;0.6
2025;295;Kumlinge;yleinen_rakennus;0.6
2025;297;Kuopio;muu_asuinrakennus;1.35
2025;297;Kuopio;rakentamaton_rakennuspaikka;3
2025;297;Kuopio;vakituinen_asuinrakennus;0.62
2025;297;Kuopio;yleinen_maapohja;1.3
2025;297;Kuopio;yleinen_rakennus;1.3
2025;300;Kuortane;muu_asuinrakennus;1.05
2025;300;Kuortane;rakentamaton_rakennuspaikka;
2025;300;Kuortane;vakituinen_asuinrakennus;0.45
2025;300;Kuortane;yleinen_maapohja;1.3
2025;300;Kuortane;yleinen_rakennus;0.93
2025;301;Kurikka;muu_asuinrakennus;1.2
2025;301;Kurikka;rakentamaton_rakennuspaikka;4
2025;301;Kurikka;vakituinen_asuinrakennus;0.6
2025;301;Kurikka;yleinen_maapohja;1.3
2025;301;Kurikka;yleinen_rakennus;0.93
2025;304;Kustavi;muu_asuinrakennus;1.25
2025;304;Kustavi;rakentamaton_rakennuspaikka;
2025;304;Kustavi;vakituinen_asuinrakennus;0.45
2025;304;Kustavi;yleinen_maapohja;1.3
2025;304;Kustavi;yleinen_rakennus;0.93
2025;305;Kuusamo;muu_asuinrakennus;1.3
2025;305;Kuusamo;rakentamaton_rakennuspaikka;
2025;305;Kuusamo;vakituinen_asuinrakennus;0.5
2025;305;Kuusamo;yleinen_maapohja;1.3
2025;305;Kuusamo;yleinen_rakennus;1.3
2025;309;Outokumpu;muu_asuinrakennus;1.25
2025;309;Outokumpu;rakentamaton_rakennuspaikka;
2025;309;Outokumpu;vakituinen_asuinrakennus;0.55
2025;309;Outokumpu;yleinen_maapohja;1.3
2025;309;Outokumpu;yleinen_rakennus;1.1
2025;312;Kyyjärvi;muu_asuinrakennus;1.6
2025;312;Kyyjärvi;rakentamaton_rakennuspaikka;2
2025;312;Kyyjärvi;vakituinen_asuinrakennus;0.75
2025;312;Kyyjärvi;yleinen_maapohja;1.3
2025;312;Kyyjärvi;yleinen_rakennus;1.3
2025;316;Kärkölä;muu_asuinrakennus;1.2
2025;316;Kärkölä;rakentamaton_rakennuspaikka;4.35
2025;316;Kärkölä;vakituinen_asuinrakennus;0.6
2025;316;Kärkölä;yleinen_maapohja;1.35
2025;316;Kärkölä;yleinen_rakennus;1.35
2025;317;Kärsämäki;muu_asuinrakennus;1.5
2025;317;Kärsämäki;rakentamaton_rakennuspaikka;3
2025;317;Kärsämäki;vakituinen_asuinrakennus;0.75
2025;317;Kärsämäki;yleinen_maapohja;1.3
2025;317;Kärsämäki;yleinen_rakennus;1.03
2025;318;Kökar;muu_asuinrakennus;0.9
2025;318;Kökar;rakentamaton_rakennuspaikka;
2025;318;Kökar;vakituinen_asuinrakennus;0
2025;318;Kökar;yleinen_maapohja;0
2025;318;Kökar;yleinen_rakennus;0.4
2025;320;Kemijärvi;muu_asuinrakennus;1.35
2025;320;Kemijärvi;rakentamaton_rakennuspaikka;
2025;320;Kemijärvi;vakituinen_asuinrakennus;0.5
2025;320;Kemijärvi;yleinen_maapohja;1.3
2025;320;Kemijärvi;yleinen_rakennus;1.3
2025;322;Kemiönsaari;muu_asuinrakennus;1.1
2025;322;Kemiönsaari;rakentamaton_rakennuspaikka;
2025;322;Kemiönsaari;vakituinen_asuinrakennus;0.41
2025;322;Kemiönsaari;yleinen_maapohja;1.3
2025;322;Kemiönsaari;yleinen_rakennus;1.1
2025;398;Lahti;muu_asuinrakennus;1.35
2025;398;Lahti;rakentamaton_rakennuspaikka;4
2025;398;Lahti;vakituinen_asuinrakennus;0.6
2025;398;Lahti;yleinen_maapohja;1.35
2025;398;Lahti;yleinen_rakennus;1.35
2025;399;Laihia;muu_asuinrakennus;1
2025;399;Laihia;rakentamaton_rakennuspaikka;3
2025;399;Laihia;vakituinen_asuinrakennus;0.5
2025;399;Laihia;yleinen_maapohja;1.3
2025;399;Laihia;yleinen_rakennus;1
2025;400;Laitila;muu_asuinrakennus;1
2025;400;Laitila;rakentamaton_rakennuspaikka;3
2025;400;Laitila;vakituinen_asuinrakennus;0.41
2025;400;Laitila;yleinen_maapohja;1.3
2025;400;Laitila;yleinen_rakennus;0.93
2025;402;Lapinlahti;muu_asuinrakennus;1.23
2025;402;Lapinlahti;rakentamaton_rakennuspaikka;2
2025;402;Lapinlahti;vakituinen_asuinrakennus;0.6
2025;402;Lapinlahti;yleinen_maapohja;1.3
2025;402;Lapinlahti;yleinen_rakennus;1.24
2025;403;Lappajärvi;muu_asuinrakennus;1.2
2025;403;Lappajärvi;rakentamaton_rakennuspaikka;
2025;403;Lappajärvi;vakituinen_asuinrakennus;0.6
2025;403;Lappajärvi;yleinen_maapohja;1.3
2025;403;Lappajärvi;yleinen_rakennus;1.05
2025;405;Lappeenranta;muu_asuinrakennus;1.15
2025;405;Lappeenranta;rakentamaton_rakennuspaikka;3
2025;405;Lappeenranta;vakituinen_asuinrakennus;0.55
2025;405;Lappeenranta;yleinen_maapohja;1.43
2025;405;Lappeenranta;yleinen_rakennus;1.43
2025;407;Lapinjärvi;muu_asuinrakennus;1.2
2025;407;Lapinjärvi;rakentamaton_rakennuspaikka;
2025;407;Lapinjärvi;vakituinen_asuinrakennus;0.57
2025;407;Lapinjärvi;yleinen_maapohja;1.3
2025;407;Lapinjärvi;yleinen_rakennus;1.1
2025;408;Lapua;muu_asuinrakennus;1.05
2025;408;Lapua;rakentamaton_rakennuspaikka;6
2025;408;Lapua;vakituinen_asuinrakennus;0.45
2025;408;Lapua;yleinen_maapohja;1.3
2025;408;Lapua;yleinen_rakennus;1.05
2025;410;Laukaa;muu_asuinrakennus;1.4
2025;410;Laukaa;rakentamaton_rakennuspaikka;3
2025;410;Laukaa;vakituinen_asuinrakennus;0.7
2025;410;Laukaa;yleinen_maapohja;1.3
2025;410;Laukaa;yleinen_rakennus;1.3
2025;416;Lemi;muu_asuinrakennus;1.4
2025;416;Lemi;rakentamaton_rakennuspaikka;4
2025;416;Lemi;vakituinen_asuinrakennus;0.73
2025;416;Lemi;yleinen_maapohja;1.5
2025;416;Lemi;yleinen_rakennus;1.5
2025;417;Lemland;muu_asuinrakennus;0.9
2025;417;Lemland;rakentamaton_rakennuspaikka;0
2025;417;Lemland;vakituinen_asuinrakennus;0
2025;417;Lemland;yleinen_maapohja;1
2025;417;Lemland;yleinen_rakennus;1
2025;418;Lempäälä;muu_asuinrakennus;1
2025;418;Lempäälä;rakentamaton_rakennuspaikka;6
2025;418;Lempäälä;vakituinen_asuinrakennus;0.45
2025;418;Lempäälä;yleinen_maapohja;1.3
2025;418;Lempäälä;yleinen_rakennus;0.95
2025;420;Leppävirta;muu_asuinrakennus;1
2025;420;Leppävirta;rakentamaton_rakennuspaikka;2
2025;420;Leppävirta;vakituinen_asuinrakennus;0.45
2025;420;Leppävirta;yleinen_maapohja;1.3
2025;420;Leppävirta;yleinen_rakennus;1
2025;421;Lestijärvi;muu_asuinrakennus;1.4
2025;421;Lestijärvi;rakentamaton_rakennuspaikka;
2025;421;Lestijärvi;vakituinen_asuinrakennus;0.5
2025;421;Lestijärvi;yleinen_maapohja;1.3
2025;421;Lestijärvi;yleinen_rakennus;1.3
2025;422;Lieksa;muu_asuinrakennus;0.95
2025;422;Lieksa;rakentamaton_rakennuspaikka;
2025;422;Lieksa;vakituinen_asuinrakennus;0.43
2025;422;Lieksa;yleinen_maapohja;1.3
2025;422;Lieksa;yleinen_rakennus;1
2025;423;Lieto;muu_asuinrakennus;1
2025;423;Lieto;rakentamaton_rakennuspaikka;3
2025;423;Lieto;vakituinen_asuinrakennus;0.41
2025;423;Lieto;yleinen_maapohja;1.3
2025;423;Lieto;yleinen_rakennus;1.3
2025;425;Liminka;muu_asuinrakennus;1.1
2025;425;Liminka;rakentamaton_rakennuspaikka;3
2025;425;Liminka;vakituinen_asuinrakennus;0.5
2025;425;Liminka;yleinen_maapohja;1.3
2025;425;Liminka;yleinen_rakennus;1.1
2025;426;Liperi;muu_asuinrakennus;1
2025;426;Liperi;rakentamaton_rakennuspaikka;
2025;426;Liperi;vakituinen_asuinrakennus;0.5
2025;426;Liperi;yleinen_maapohja;1.3
2025;426;Liperi;yleinen_rakennus;1.05
2025;430;Loimaa;muu_asuinrakennus;1.05
2025;430;Loimaa;rakentamaton_rakennuspaikka;
2025;430;Loimaa;vakituinen_asuinrakennus;0.5
2025;430;Loimaa;yleinen_maapohja;1.3
2025;430;Loimaa;yleinen_rakennus;1
2025;433;Loppi;muu_asuinrakennus;1.3
2025;433;Loppi;rakentamaton_rakennuspaikka;4
2025;433;Loppi;vakituinen_asuinrakennus;0.45
2025;433;Loppi;yleinen_maapohja;1.35
2025;433;Loppi;yleinen_rakennus;1
2025;434;Loviisa;muu_asuinrakennus;1.2
2025;434;Loviisa;rakentamaton_rakennuspaikka;3
2025;434;Loviisa;vakituinen_asuinrakennus;0.5
2025;434;Loviisa;yleinen_maapohja;1.3
2025;434;Loviisa;yleinen_rakennus;1
2025;435;Luhanka;muu_asuinrakennus;1.3
2025;435;Luhanka;rakentamaton_rakennuspaikka;6
2025;435;Luhanka;vakituinen_asuinrakennus;0.5
2025;435;Luhanka;yleinen_maapohja;1.3
2025;435;Luhanka;yleinen_rakennus;1.3
2025;436;Lumijoki;muu_asuinrakennus;1.15
2025;436;Lumijoki;rakentamaton_rakennuspaikka;6
2025;436;Lumijoki;vakituinen_asuinrakennus;0.5
2025;436;Lumijoki;yleinen_maapohja;1.3
2025;436;Lumijoki;yleinen_rakennus;0.95
2025;438;Lumparland;muu_asuinrakennus;0.9
2025;438;Lumparland;rakentamaton_rakennuspaikka;1
2025;438;Lumparland;vakituinen_asuinrakennus;0
2025;438;Lumparland;yleinen_maapohja;0.6
2025;438;Lumparland;yleinen_rakennus;0.6
2025;440;Luoto;muu_asuinrakennus;1.6
2025;440;Luoto;rakentamaton_rakennuspaikka;4
2025;440;Luoto;vakituinen_asuinrakennus;0.5
2025;440;Luoto;yleinen_maapohja;1.3
2025;440;Luoto;yleinen_rakennus;1.5
2025;441;Luumäki;muu_asuinrakennus;1.05
2025;441;Luumäki;rakentamaton_rakennuspaikka;3
2025;441;Luumäki;vakituinen_asuinrakennus;0.5
2025;441;Luumäki;yleinen_maapohja;1.3
2025;441;Luumäki;yleinen_rakennus;1
2025;444;Lohja;muu_asuinrakennus;1.05
2025;444;Lohja;rakentamaton_rakennuspaikka;4.5
2025;444;Lohja;vakituinen_asuinrakennus;0.45
2025;444;Lohja;yleinen_maapohja;1.3
2025;444;Lohja;yleinen_rakennus;1.03
2025;445;Parainen;muu_asuinrakennus;1.5
2025;445;Parainen;rakentamaton_rakennuspaikka;4
2025;445;Parainen;vakituinen_asuinrakennus;0.47
2025;445;Parainen;yleinen_maapohja;1.5
2025;445;Parainen;yleinen_rakennus;1.5
2025;475;Maalahti;muu_asuinrakennus;1.2
2025;475;Maalahti;rakentamaton_rakennuspaikka;
2025;475;Maalahti;vakituinen_asuinrakennus;0.55
2025;475;Maalahti;yleinen_maapohja;1.3
2025;475;Maalahti;yleinen_rakennus;1
2025;478;Maarianhamina - Mariehamn;muu_asuinrakennus;0.9
2025;478;Maarianhamina - Mariehamn;rakentamaton_rakennuspaikka;6
2025;478;Maarianhamina - Mariehamn;vakituinen_asuinrakennus;0.5
2025;478;Maarianhamina - Mariehamn;yleinen_maapohja;0.5
2025;478;Maarianhamina - Mariehamn;yleinen_rakennus;0.5
2025;480;Marttila;muu_asuinrakennus;0.95
2025;480;Marttila;rakentamaton_rakennuspaikka;
2025;480;Marttila;vakituinen_asuinrakennus;0.45
2025;480;Marttila;yleinen_maapohja;1.3
2025;480;Marttila;yleinen_rakennus;0.95
2025;481;Masku;muu_asuinrakennus;1
2025;481;Masku;rakentamaton_rakennuspaikka;3
2025;481;Masku;vakituinen_asuinrakennus;0.41
2025;481;Masku;yleinen_maapohja;1.3
2025;481;Masku;yleinen_rakennus;0.95
2025;483;Merijärvi;muu_asuinrakennus;1.53
2025;483;Merijärvi;rakentamaton_rakennuspaikka;
2025;483;Merijärvi;vakituinen_asuinrakennus;0.6
2025;483;Merijärvi;yleinen_maapohja;1.3
2025;483;Merijärvi;yleinen_rakennus;1.2
2025;484;Merikarvia;muu_asuinrakennus;1.3
2025;484;Merikarvia;rakentamaton_rakennuspaikka;3
2025;484;Merikarvia;vakituinen_asuinrakennus;0.5
2025;484;Merikarvia;yleinen_maapohja;1.3
2025;484;Merikarvia;yleinen_rakennus;1.3
2025;489;Miehikkälä;muu_asuinrakennus;1.25
2025;489;Miehikkälä;rakentamaton_rakennuspaikka;
2025;489;Miehikkälä;vakituinen_asuinrakennus;0.5
2025;489;Miehikkälä;yleinen_maapohja;1.3
2025;489;Miehikkälä;yleinen_rakennus;1.3
2025;491;Mikkeli;muu_asuinrakennus;1.5
2025;491;Mikkeli;rakentamaton_rakennuspaikka;4
2025;491;Mikkeli;vakituinen_asuinrakennus;0.62
2025;491;Mikkeli;yleinen_maapohja;1.37
2025;491;Mikkeli;yleinen_rakennus;1.37
2025;494;Muhos;muu_asuinrakennus;1
2025;494;Muhos;rakentamaton_rakennuspaikka;5
2025;494;Muhos;vakituinen_asuinrakennus;0.5
2025;494;Muhos;yleinen_maapohja;1.3
2025;494;Muhos;yleinen_rakennus;1
2025;495;Multia;muu_asuinrakennus;1.3
2025;495;Multia;rakentamaton_rakennuspaikka;3
2025;495;Multia;vakituinen_asuinrakennus;0.6
2025;495;Multia;yleinen_maapohja;1.3
2025;495;Multia;yleinen_rakennus;1.3
2025;498;Muonio;muu_asuinrakennus;1.2
2025;498;Muonio;rakentamaton_rakennuspaikka;6
2025;498;Muonio;vakituinen_asuinrakennus;0.45
2025;498;Muonio;yleinen_maapohja;1.3
2025;498;Muonio;yleinen_rakennus;1.15
2025;499;Mustasaari;muu_asuinrakennus;1.15
2025;499;Mustasaari;rakentamaton_rakennuspaikka;6
2025;499;Mustasaari;vakituinen_asuinrakennus;0.55
2025;499;Mustasaari;yleinen_maapohja;1.3
2025;499;Mustasaari;yleinen_rakennus;1
2025;500;Muurame;muu_asuinrakennus;1.2
2025;500;Muurame;rakentamaton_rakennuspaikka;4
2025;500;Muurame;vakituinen_asuinrakennus;0.5
2025;500;Muurame;yleinen_maapohja;1.3
2025;500;Muurame;yleinen_rakennus;1.3
2025;503;Mynämäki;muu_asuinrakennus;1.5
2025;503;Mynämäki;rakentamaton_rakennuspaikka;3
2025;503;Mynämäki;vakituinen_asuinrakennus;0.6
2025;503;Mynämäki;yleinen_maapohja;1.5
2025;503;Mynämäki;yleinen_rakennus;1.2
2025;504;Myrskylä;muu_asuinrakennus;1.3
2025;504;Myrskylä;rakentamaton_rakennuspaikka;
2025;504;Myrskylä;vakituinen_asuinrakennus;0.74
2025;504;Myrskylä;yleinen_maapohja;1.3
2025;504;Myrskylä;yleinen_rakennus;1.3
2025;505;Mäntsälä;muu_asuinrakennus;1.3
2025;505;Mäntsälä;rakentamaton_rakennuspaikka;4.4
2025;505;Mäntsälä;vakituinen_asuinrakennus;0.65
2025;505;Mäntsälä;yleinen_maapohja;1.4
2025;505;Mäntsälä;yleinen_rakennus;1.4
2025;507;Mäntyharju;muu_asuinrakennus;1.3
2025;507;Mäntyharju;rakentamaton_rakennuspaikka;3
2025;507;Mäntyharju;vakituinen_asuinrakennus;0.65
2025;507;Mäntyharju;yleinen_maapohja;1.3
2025;507;Mäntyharju;yleinen_rakennus;1.1
2025;508;Mänttä-Vilppula;muu_asuinrakennus;1.15
2025;508;Mänttä-Vilppula;rakentamaton_rakennuspaikka;
2025;508;Mänttä-Vilppula;vakituinen_asuinrakennus;0.6
2025;508;Mänttä-Vilppula;yleinen_maapohja;1.3
2025;508;Mänttä-Vilppula;yleinen_rakennus;1.1
2025;529;Naantali;muu_asuinrakennus;1.35
2025;529;Naantali;rakentamaton_rakennuspaikka;3
2025;529;Naantali;vakituinen_asuinrakennus;0.45
2025;529;Naantali;yleinen_maapohja;1.3
2025;529;Naantali;yleinen_rakennus;1.05
2025;531;Nakkila;muu_asuinrakennus;1.03
2025;531;Nakkila;rakentamaton_rakennuspaikka;2
2025;531;Nakkila;vakituinen_asuinrakennus;0.5
2025;531;Nakkila;yleinen_maapohja;1.3
2025;531;Nakkila;yleinen_rakennus;1.05
2025;535;Nivala;muu_asuinrakennus;1
2025;535;Nivala;rakentamaton_rakennuspaikka;5.5
2025;535;Nivala;vakituinen_asuinrakennus;0.6
2025;535;Nivala;yleinen_maapohja;1.3
2025;535;Nivala;yleinen_rakennus;1
2025;536;Nokia;muu_asuinrakennus;1.4
2025;536;Nokia;rakentamaton_rakennuspaikka;6
2025;536;Nokia;vakituinen_asuinrakennus;0.55
2025;536;Nokia;yleinen_maapohja;1.3
2025;536;Nokia;yleinen_rakennus;1
2025;538;Nousiainen;muu_asuinrakennus;1.2
2025;538;Nousiainen;rakentamaton_rakennuspaikka;3
2025;538;Nousiainen;vakituinen_asuinrakennus;0.6
2025;538;Nousiainen;yleinen_maapohja;1.3
2025;538;Nousiainen;yleinen_rakennus;1.1
2025;541;Nurmes;muu_asuinrakennus;1.04
2025;541;Nurmes;rakentamaton_rakennuspaikka;
2025;541;Nurmes;vakituinen_asuinrakennus;0.47
2025;541;Nurmes;yleinen_maapohja;1.3
2025;541;Nurmes;yleinen_rakennus;1.05
2025;543;Nurmijärvi;muu_asuinrakennus;1.18
2025;543;Nurmijärvi;rakentamaton_rakennuspaikka;4.3
2025;543;Nurmijärvi;vakituinen_asuinrakennus;0.48
2025;543;Nurmijärvi;yleinen_maapohja;1.3
2025;543;Nurmijärvi;yleinen_rakennus;1.18
2025;545;Närpiö;muu_asuinrakennus;1.1
2025;545;Närpiö;rakentamaton_rakennuspaikka;
2025;545;Närpiö;vakituinen_asuinrakennus;0.5
2025;545;Närpiö;yleinen_maapohja;1.3
2025;545;Närpiö;yleinen_rakennus;0.93
2025;560;Orimattila;muu_asuinrakennus;1.1
2025;560;Orimattila;rakentamaton_rakennuspaikka;3
2025;560;Orimattila;vakituinen_asuinrakennus;0.55
2025;560;Orimattila;yleinen_maapohja;1.3
2025;560;Orimattila;yleinen_rakennus;1.1
2025;561;Oripää;muu_asuinrakennus;1.2
2025;561;Oripää;rakentamaton_rakennuspaikka;
2025;561;Oripää;vakituinen_asuinrakennus;0.55
2025;561;Oripää;yleinen_maapohja;1.3
2025;561;Oripää;yleinen_rakennus;1.3
2025;562;Orivesi;muu_asuinrakennus;1.45
2025;562;Orivesi;rakentamaton_rakennuspaikka;3
2025;562;Orivesi;vakituinen_asuinrakennus;0.6
2025;562;Orivesi;yleinen_maapohja;1.3
2025;562;Orivesi;yleinen_rakennus;1.1
2025;563;Oulainen;muu_asuinrakennus;1.2
2025;563;Oulainen;rakentamaton_rakennuspaikka;5
2025;563;Oulainen;vakituinen_asuinrakennus;0.75
2025;563;Oulainen;yleinen_maapohja;1.35
2025;563;Oulainen;yleinen_rakennus;1.3
2025;564;Oulu;muu_asuinrakennus;0.93
2025;564;Oulu;rakentamaton_rakennuspaikka;
2025;564;Oulu;vakituinen_asuinrakennus;0.5
2025;564;Oulu;yleinen_maapohja;1.3
2025;564;Oulu;yleinen_rakennus;1.15
2025;576;Padasjoki;muu_asuinrakennus;1.2
2025;576;Padasjoki;rakentamaton_rakennuspaikka;
2025;576;Padasjoki;vakituinen_asuinrakennus;0.6
2025;576;Padasjoki;yleinen_maapohja;1.3
2025;576;Padasjoki;yleinen_rakennus;0.93
2025;577;Paimio;muu_asuinrakennus;1.2
2025;577;Paimio;rakentamaton_rakennuspaikka;3
2025;577;Paimio;vakituinen_asuinrakennus;0.45
2025;577;Paimio;yleinen_maapohja;1.3
2025;577;Paimio;yleinen_rakennus;1.1
2025;578;Paltamo;muu_asuinrakennus;1.25
2025;578;Paltamo;rakentamaton_rakennuspaikka;4.5
2025;578;Paltamo;vakituinen_asuinrakennus;0.65
2025;578;Paltamo;yleinen_maapohja;1.3
2025;578;Paltamo;yleinen_rakennus;1.1
2025;580;Parikkala;muu_asuinrakennus;1.3
2025;580;Parikkala;rakentamaton_rakennuspaikka;2
2025;580;Parikkala;vakituinen_asuinrakennus;0.55
2025;580;Parikkala;yleinen_maapohja;1.3
2025;580;Parikkala;yleinen_rakennus;1.1
2025;581;Parkano;muu_asuinrakennus;1.1
2025;581;Parkano;rakentamaton_rakennuspaikka;
2025;581;Parkano;vakituinen_asuinrakennus;0.52
2025;581;Parkano;yleinen_maapohja;1.3
2025;581;Parkano;yleinen_rakennus;1.1
2025;583;Pelkosenniemi;muu_asuinrakennus;1.6
2025;583;Pelkosenniemi;rakentamaton_rakennuspaikka;
2025;583;Pelkosenniemi;vakituinen_asuinrakennus;0.6
2025;583;Pelkosenniemi;yleinen_maapohja;1.4
2025;583;Pelkosenniemi;yleinen_rakennus;1.4
2025;584;Perho;muu_asuinrakennus;1.14
2025;584;Perho;rakentamaton_rakennuspaikka;2.25
2025;584;Perho;vakituinen_asuinrakennus;0.66
2025;584;Perho;yleinen_maapohja;1.3
2025;584;Perho;yleinen_rakennus;1
2025;592;Petäjävesi;muu_asuinrakennus;1.35
2025;592;Petäjävesi;rakentamaton_rakennuspaikka;2
2025;592;Petäjävesi;vakituinen_asuinrakennus;0.6
2025;592;Petäjävesi;yleinen_maapohja;1.3
2025;592;Petäjävesi;yleinen_rakennus;1.3
2025;593;Pieksämäki;muu_asuinrakennus;1.21
2025;593;Pieksämäki;rakentamaton_rakennuspaikka;
2025;593;Pieksämäki;vakituinen_asuinrakennus;0.58
2025;593;Pieksämäki;yleinen_maapohja;1.37
2025;593;Pieksämäki;yleinen_rakennus;1.21
2025;595;Pielavesi;muu_asuinrakennus;1.1
2025;595;Pielavesi;rakentamaton_rakennuspaikka;2.5
2025;595;Pielavesi;vakituinen_asuinrakennus;0.6
2025;595;Pielavesi;yleinen_maapohja;1.3
2025;595;Pielavesi;yleinen_rakennus;0.93
2025;598;Pietarsaari;muu_asuinrakennus;1.25
2025;598;Pietarsaari;rakentamaton_rakennuspaikka;5
2025;598;Pietarsaari;vakituinen_asuinrakennus;0.6
2025;598;Pietarsaari;yleinen_maapohja;1.4
2025;598;Pietarsaari;yleinen_rakennus;1.4
2025;599;Pedersören kunta;muu_asuinrakennus;1.15
2025;599;Pedersören kunta;rakentamaton_rakennuspaikka;
2025;599;Pedersören kunta;vakituinen_asuinrakennus;0.55
2025;599;Pedersören kunta;yleinen_maapohja;1.3
2025;599;Pedersören kunta;yleinen_rakennus;0.93
2025;601;Pihtipudas;muu_asuinrakennus;1.3
2025;601;Pihtipudas;rakentamaton_rakennuspaikka;
2025;601;Pihtipudas;vakituinen_asuinrakennus;0.65
2025;601;Pihtipudas;yleinen_maapohja;1.3
2025;601;Pihtipudas;yleinen_rakennus;1
2025;604;Pirkkala;muu_asuinrakennus;1.05
2025;604;Pirkkala;rakentamaton_rakennuspaikka;3
2025;604;Pirkkala;vakituinen_asuinrakennus;0.55
2025;604;Pirkkala;yleinen_maapohja;1.3
2025;604;Pirkkala;yleinen_rakennus;1.05
2025;607;Polvijärvi;muu_asuinrakennus;1
2025;607;Polvijärvi;rakentamaton_rakennuspaikka;
2025;607;Polvijärvi;vakituinen_asuinrakennus;0.5
2025;607;Polvijärvi;yleinen_maapohja;1.3
2025;607;Polvijärvi;yleinen_rakennus;1
2025;608;Pomarkku;muu_asuinrakennus;1.2
2025;608;Pomarkku;rakentamaton_rakennuspaikka;
2025;608;Pomarkku;vakituinen_asuinrakennus;0.45
2025;608;Pomarkku;yleinen_maapohja;1.3
2025;608;Pomarkku;yleinen_rakennus;1.1
2025;609;Pori;muu_asuinrakennus;1.1
2025;609;Pori;rakentamaton_rakennuspaikka;6
2025;609;Pori;vakituinen_asuinrakennus;0.5
2025;609;Pori;yleinen_maapohja;1.3
2025;609;Pori;yleinen_rakennus;0.93
2025;611;Pornainen;muu_asuinrakennus;1
2025;611;Pornainen;rakentamaton_rakennuspaikka;4.3
2025;611;Pornainen;vakituinen_asuinrakennus;0.5
2025;611;Pornainen;yleinen_maapohja;1.3
2025;611;Pornainen;yleinen_rakennus;1
2025;614;Posio;muu_asuinrakennus;1.1
2025;614;Posio;rakentamaton_rakennuspaikka;
2025;614;Posio;vakituinen_asuinrakennus;0.6
2025;614;Posio;yleinen_maapohja;1.3
2025;614;Posio;yleinen_rakennus;1.3
2025;615;Pudasjärvi;muu_asuinrakennus;1.2
2025;615;Pudasjärvi;rakentamaton_rakennuspaikka;3.5
2025;615;Pudasjärvi;vakituinen_asuinrakennus;0.51
2025;615;Pudasjärvi;yleinen_maapohja;1.3
2025;615;Pudasjärvi;yleinen_rakennus;1.1
2025;616;Pukkila;muu_asuinrakennus;1.3
2025;616;Pukkila;rakentamaton_rakennuspaikka;4
2025;616;Pukkila;vakituinen_asuinrakennus;0.74
2025;616;Pukkila;yleinen_maapohja;1.3
2025;616;Pukkila;yleinen_rakennus;1.3
2025;619;Punkalaidun;muu_asuinrakennus;1.12
2025;619;Punkalaidun;rakentamaton_rakennuspaikka;4
2025;619;Punkalaidun;vakituinen_asuinrakennus;0.6
2025;619;Punkalaidun;yleinen_maapohja;1.3
2025;619;Punkalaidun;yleinen_rakennus;1.12
2025;620;Puolanka;muu_asuinrakennus;1.1
2025;620;Puolanka;rakentamaton_rakennuspaikka;
2025;620;Puolanka;vakituinen_asuinrakennus;0.55
2025;620;Puolanka;yleinen_maapohja;1.3
2025;620;Puolanka;yleinen_rakennus;0.93
2025;623;Puumala;muu_asuinrakennus;1.08
2025;623;Puumala;rakentamaton_rakennuspaikka;
2025;623;Puumala;vakituinen_asuinrakennus;0.48
2025;623;Puumala;yleinen_maapohja;1.3
2025;623;Puumala;yleinen_rakennus;0.95
2025;624;Pyhtää;muu_asuinrakennus;1.55
2025;624;Pyhtää;rakentamaton_rakennuspaikka;
2025;624;Pyhtää;vakituinen_asuinrakennus;0.62
2025;624;Pyhtää;yleinen_maapohja;1.3
2025;624;Pyhtää;yleinen_rakennus;1.3
2025;625;Pyhäjoki;muu_asuinrakennus;1.3
2025;625;Pyhäjoki;rakentamaton_rakennuspaikka;6
2025;625;Pyhäjoki;vakituinen_asuinrakennus;0.41
2025;625;Pyhäjoki;yleinen_maapohja;1.3
2025;625;Pyhäjoki;yleinen_rakennus;1.15
2025;626;Pyhäjärvi;muu_asuinrakennus;1.4
2025;626;Pyhäjärvi;rakentamaton_rakennuspaikka;6
2025;626;Pyhäjärvi;vakituinen_asuinrakennus;0.5
2025;626;Pyhäjärvi;yleinen_maapohja;1.3
2025;626;Pyhäjärvi;yleinen_rakennus;1.3
2025;630;Pyhäntä;muu_asuinrakennus;1.2
2025;630;Pyhäntä;rakentamaton_rakennuspaikka;2
2025;630;Pyhäntä;vakituinen_asuinrakennus;0.6
2025;630;Pyhäntä;yleinen_maapohja;1.3
2025;630;Pyhäntä;yleinen_rakennus;1.05
2025;631;Pyhäranta;muu_asuinrakennus;1.8
2025;631;Pyhäranta;rakentamaton_rakennuspaikka;4
2025;631;Pyhäranta;vakituinen_asuinrakennus;0.5
2025;631;Pyhäranta;yleinen_maapohja;1.8
2025;631;Pyhäranta;yleinen_rakennus;1.8
2025;635;Pälkäne;muu_asuinrakennus;1.1
2025;635;Pälkäne;rakentamaton_rakennuspaikka;
2025;635;Pälkäne;vakituinen_asuinrakennus;0.48
2025;635;Pälkäne;yleinen_maapohja;1.3
2025;635;Pälkäne;yleinen_rakennus;1.1
2025;636;Pöytyä;muu_asuinrakennus;1.3
2025;636;Pöytyä;rakentamaton_rakennuspaikka;
2025;636;Pöytyä;vakituinen_asuinrakennus;0.5
2025;636;Pöytyä;yleinen_maapohja;1.3
2025;636;Pöytyä;yleinen_rakennus;1.05
2025;638;Porvoo;muu_asuinrakennus;1.3
2025;638;Porvoo;rakentamaton_rakennuspaikka;
2025;638;Porvoo;vakituinen_asuinrakennus;0.5
2025;638;Porvoo;yleinen_maapohja;1.3
2025;638;Porvoo;yleinen_rakennus;1.3
2025;678;Raahe;muu_asuinrakennus;1.2
2025;678;Raahe;rakentamaton_rakennuspaikka;3
2025;678;Raahe;vakituinen_asuinrakennus;0.55
2025;678;Raahe;yleinen_maapohja;1.3
2025;678;Raahe;yleinen_rakennus;1.2
2025;680;Raisio;muu_asuinrakennus;0.93
2025;680;Raisio;rakentamaton_rakennuspaikka;4
2025;680;Raisio;vakituinen_asuinrakennus;0.41
2025;680;Raisio;yleinen_maapohja;1.3
2025;680;Raisio;yleinen_rakennus;1.25
2025;681;Rantasalmi;muu_asuinrakennus;1.15
2025;681;Rantasalmi;rakentamaton_rakennuspaikka;2
2025;681;Rantasalmi;vakituinen_asuinrakennus;0.58
2025;681;Rantasalmi;yleinen_maapohja;1.33
2025;681;Rantasalmi;yleinen_rakennus;1.13
2025;683;Ranua;muu_asuinrakennus;1.15
2025;683;Ranua;rakentamaton_rakennuspaikka;
2025;683;Ranua;vakituinen_asuinrakennus;0.5
2025;683;Ranua;yleinen_maapohja;1.3
2025;683;Ranua;yleinen_rakennus;1.1
2025;684;Rauma;muu_asuinrakennus;0.93
2025;684;Rauma;rakentamaton_rakennuspaikka;5
2025;684;Rauma;vakituinen_asuinrakennus;0.41
2025;684;Rauma;yleinen_maapohja;1.3
2025;684;Rauma;yleinen_rakennus;0.93
2025;686;Rautalampi;muu_asuinrakennus;1.35
2025;686;Rautalampi;rakentamaton_rakennuspaikka;
2025;686;Rautalampi;vakituinen_asuinrakennus;0.75
2025;686;Rautalampi;yleinen_maapohja;1.3
2025;686;Rautalampi;yleinen_rakennus;1.05
2025;687;Rautavaara;muu_asuinrakennus;1.25
2025;687;Rautavaara;rakentamaton_rakennuspaikka;2
2025;687;Rautavaara;vakituinen_asuinrakennus;0.65
2025;687;Rautavaara;yleinen_maapohja;1.3
2025;687;Rautavaara;yleinen_rakennus;1.3
2025;689;Rautjärvi;muu_asuinrakennus;1.19
2025;689;Rautjärvi;rakentamaton_rakennuspaikka;
2025;689;Rautjärvi;vakituinen_asuinrakennus;0.59
2025;689;Rautjärvi;yleinen_maapohja;1.3
2025;689;Rautjärvi;yleinen_rakennus;1.03
2025;691;Reisjärvi;muu_asuinrakennus;1.5
2025;691;Reisjärvi;rakentamaton_rakennuspaikka;5
2025;691;Reisjärvi;vakituinen_asuinrakennus;0.7
2025;691;Reisjärvi;yleinen_maapohja;1.3
2025;691;Reisjärvi;yleinen_rakennus;1.1
2025;694;Riihimäki;muu_asuinrakennus;1.5
2025;694;Riihimäki;rakentamaton_rakennuspaikka;6
2025;694;Riihimäki;vakituinen_asuinrakennus;0.5
2025;694;Riihimäki;yleinen_maapohja;1.45
2025;694;Riihimäki;yleinen_rakennus;1.45
2025;697;Ristijärvi;muu_asuinrakennus;1.55
2025;697;Ristijärvi;rakentamaton_rakennuspaikka;
2025;697;Ristijärvi;vakituinen_asuinrakennus;0.55
2025;697;Ristijärvi;yleinen_maapohja;1.3
2025;697;Ristijärvi;yleinen_rakennus;1.1
2025;698;Rovaniemi;muu_asuinrakennus;1.2
2025;698;Rovaniemi;rakentamaton_rakennuspaikka;4
2025;698;Rovaniemi;vakituinen_asuinrakennus;0.6
2025;698;Rovaniemi;yleinen_maapohja;1.55
2025;698;Rovaniemi;yleinen_rakennus;1.55
2025;700;Ruokolahti;muu_asuinrakennus;1.1
2025;700;Ruokolahti;rakentamaton_rakennuspaikka;
2025;700;Ruokolahti;vakituinen_asuinrakennus;0.5
2025;700;Ruokolahti;yleinen_maapohja;1.3
2025;700;Ruokolahti;yleinen_rakennus;0.93
2025;702;Ruovesi;muu_asuinrakennus;1.3
2025;702;Ruovesi;rakentamaton_rakennuspaikka;2.5
2025;702;Ruovesi;vakituinen_asuinrakennus;0.6
2025;702;Ruovesi;yleinen_maapohja;1.3
2025;702;Ruovesi;yleinen_rakennus;1.15
2025;704;Rusko;muu_asuinrakennus;1.02
2025;704;Rusko;rakentamaton_rakennuspaikka;
2025;704;Rusko;vakituinen_asuinrakennus;0.42
2025;704;Rusko;yleinen_maapohja;1.3
2025;704;Rusko;yleinen_rakennus;0.95
2025;707;Rääkkylä;muu_asuinrakennus;1.05
2025;707;Rääkkylä;rakentamaton_rakennuspaikka;
2025;707;Rääkkylä;vakituinen_asuinrakennus;0.55
2025;707;Rääkkylä;yleinen_maapohja;1.3
2025;707;Rääkkylä;yleinen_rakennus;1
2025;710;Raasepori;muu_asuinrakennus;1.8
2025;710;Raasepori;rakentamaton_rakennuspaikka;
2025;710;Raasepori;vakituinen_asuinrakennus;0.41
2025;710;Raasepori;yleinen_maapohja;1.35
2025;710;Raasepori;yleinen_rakennus;1.35
2025;729;Saarijärvi;muu_asuinrakennus;1.36
2025;729;Saarijärvi;rakentamaton_rakennuspaikka;2.4
2025;729;Saarijärvi;vakituinen_asuinrakennus;0.49
2025;729;Saarijärvi;yleinen_maapohja;1.3
2025;729;Saarijärvi;yleinen_rakennus;1.04
2025;732;Salla;muu_asuinrakennus;1.45
2025;732;Salla;rakentamaton_rakennuspaikka;
2025;732;Salla;vakituinen_asuinrakennus;0.55
2025;732;Salla;yleinen_maapohja;1.3
2025;732;Salla;yleinen_rakennus;1.15
2025;734;Salo;muu_asuinrakennus;1.3
2025;734;Salo;rakentamaton_rakennuspaikka;3
2025;734;Salo;vakituinen_asuinrakennus;0.55
2025;734;Salo;yleinen_maapohja;1.3
2025;734;Salo;yleinen_rakennus;0.93
2025;736;Saltvik;muu_asuinrakennus;0.9
2025;736;Saltvik;rakentamaton_rakennuspaikka;0
2025;736;Saltvik;vakituinen_asuinrakennus;0
2025;736;Saltvik;yleinen_maapohja;0
2025;736;Saltvik;yleinen_rakennus;0
2025;738;Sauvo;muu_asuinrakennus;1.4
2025;738;Sauvo;rakentamaton_rakennuspaikka;2.6
2025;738;Sauvo;vakituinen_asuinrakennus;0.6
2025;738;Sauvo;yleinen_maapohja;1.3
2025;738;Sauvo;yleinen_rakennus;1.3
2025;739;Savitaipale;muu_asuinrakennus;1.1
2025;739;Savitaipale;rakentamaton_rakennuspaikka;3
2025;739;Savitaipale;vakituinen_asuinrakennus;0.5
2025;739;Savitaipale;yleinen_maapohja;1.3
2025;739;Savitaipale;yleinen_rakennus;0.93
2025;740;Savonlinna;muu_asuinrakennus;1.55
2025;740;Savonlinna;rakentamaton_rakennuspaikka;2
2025;740;Savonlinna;vakituinen_asuinrakennus;0.59
2025;740;Savonlinna;yleinen_maapohja;1.43
2025;740;Savonlinna;yleinen_rakennus;1.43
2025;742;Savukoski;muu_asuinrakennus;1.2
2025;742;Savukoski;rakentamaton_rakennuspaikka;4
2025;742;Savukoski;vakituinen_asuinrakennus;0.6
2025;742;Savukoski;yleinen_maapohja;1.3
2025;742;Savukoski;yleinen_rakennus;1.2
2025;743;Seinäjoki;muu_asuinrakennus;1.65
2025;743;Seinäjoki;rakentamaton_rakennuspaikka;5
2025;743;Seinäjoki;vakituinen_asuinrakennus;0.6
2025;743;Seinäjoki;yleinen_maapohja;1.45
2025;743;Seinäjoki;yleinen_rakennus;1.45
2025;746;Sievi;muu_asuinrakennus;1.3
2025;746;Sievi;rakentamaton_rakennuspaikka;
2025;746;Sievi;vakituinen_asuinrakennus;0.7
2025;746;Sievi;yleinen_maapohja;1.3
2025;746;Sievi;yleinen_rakennus;0.93
2025;747;Siikainen;muu_asuinrakennus;1.3
2025;747;Siikainen;rakentamaton_rakennuspaikka;
2025;747;Siikainen;vakituinen_asuinrakennus;0.5
2025;747;Siikainen;yleinen_maapohja;1.3
2025;747;Siikainen;yleinen_rakennus;1.1
2025;748;Siikajoki;muu_asuinrakennus;1.1
2025;748;Siikajoki;rakentamaton_rakennuspaikka;3
2025;748;Siikajoki;vakituinen_asuinrakennus;0.46
2025;748;Siikajoki;yleinen_maapohja;1.3
2025;748;Siikajoki;yleinen_rakennus;1
2025;749;Siilinjärvi;muu_asuinrakennus;1
2025;749;Siilinjärvi;rakentamaton_rakennuspaikka;3
2025;749;Siilinjärvi;vakituinen_asuinrakennus;0.65
2025;749;Siilinjärvi;yleinen_maapohja;1.3
2025;749;Siilinjärvi;yleinen_rakennus;1.25
2025;751;Simo;muu_asuinrakennus;1.2
2025;751;Simo;rakentamaton_rakennuspaikka;
2025;751;Simo;vakituinen_asuinrakennus;0.41
2025;751;Simo;yleinen_maapohja;1.3
2025;751;Simo;yleinen_rakennus;1.4
2025;753;Sipoo;muu_asuinrakennus;1.1
2025;753;Sipoo;rakentamaton_rakennuspaikka;6
2025;753;Sipoo;vakituinen_asuinrakennus;0.5
2025;753;Sipoo;yleinen_maapohja;1.3
2025;753;Sipoo;yleinen_rakennus;1
2025;755;Siuntio;muu_asuinrakennus;1.2
2025;755;Siuntio;rakentamaton_rakennuspaikka;3
2025;755;Siuntio;vakituinen_asuinrakennus;0.5
2025;755;Siuntio;yleinen_maapohja;1.3
2025;755;Siuntio;yleinen_rakennus;1.2
2025;758;Sodankylä;muu_asuinrakennus;1.15
2025;758;Sodankylä;rakentamaton_rakennuspaikka;6
2025;758;Sodankylä;vakituinen_asuinrakennus;0.45
2025;758;Sodankylä;yleinen_maapohja;1.4
2025;758;Sodankylä;yleinen_rakennus;1.4
2025;759;Soini;muu_asuinrakennus;1.45
2025;759;Soini;rakentamaton_rakennuspaikka;
2025;759;Soini;vakituinen_asuinrakennus;0.6
2025;759;Soini;yleinen_maapohja;1.3
2025;759;Soini;yleinen_rakennus;1.3
2025;761;Somero;muu_asuinrakennus;0.93
2025;761;Somero;rakentamaton_rakennuspaikka;
2025;761;Somero;vakituinen_asuinrakennus;0.41
2025;761;Somero;yleinen_maapohja;1.3
2025;761;Somero;yleinen_rakennus;0.93
2025;762;Sonkajärvi;muu_asuinrakennus;1.25
2025;762;Sonkajärvi;rakentamaton_rakennuspaikka;
2025;762;Sonkajärvi;vakituinen_asuinrakennus;0.55
2025;762;Sonkajärvi;yleinen_maapohja;1.3
2025;762;Sonkajärvi;yleinen_rakennus;1
2025;765;Sotkamo;muu_asuinrakennus;1.2
2025;765;Sotkamo;rakentamaton_rakennuspaikka;3
2025;765;Sotkamo;vakituinen_asuinrakennus;0.6
2025;765;Sotkamo;yleinen_maapohja;1.3
2025;765;Sotkamo;yleinen_rakennus;1.1
2025;766;Sottunga;muu_asuinrakennus;0.9
2025;766;Sottunga;rakentamaton_rakennuspaikka;
2025;766;Sottunga;vakituinen_asuinrakennus;0.5
2025;766;Sottunga;yleinen_maapohja;0
2025;766;Sottunga;yleinen_rakennus;0
2025;768;Sulkava;muu_asuinrakennus;1.05
2025;768;Sulkava;rakentamaton_rakennuspaikka;
2025;768;Sulkava;vakituinen_asuinrakennus;0.45
2025;768;Sulkava;yleinen_maapohja;1.3
2025;768;Sulkava;yleinen_rakennus;0.93
2025;771;Sund;muu_asuinrakennus;0.9
2025;771;Sund;rakentamaton_rakennuspaikka;0.2
2025;771;Sund;vakituinen_asuinrakennus;0
2025;771;Sund;yleinen_maapohja;0.5
2025;771;Sund;yleinen_rakennus;0.5
2025;777;Suomussalmi;muu_asuinrakennus;1.1
2025;777;Suomussalmi;rakentamaton_rakennuspaikka;3.1
2025;777;Suomussalmi;vakituinen_asuinrakennus;0.55
2025;777;Suomussalmi;yleinen_maapohja;1.3
2025;777;Suomussalmi;yleinen_rakennus;1.05
2025;778;Suonenjoki;muu_asuinrakennus;1.25
2025;778;Suonenjoki;rakentamaton_rakennuspaikka;
2025;778;Suonenjoki;vakituinen_asuinrakennus;0.7
2025;778;Suonenjoki;yleinen_maapohja;1.3
2025;778;Suonenjoki;yleinen_rakennus;1.05
2025;781;Sysmä;muu_asuinrakennus;1
2025;781;Sysmä;rakentamaton_rakennuspaikka;
2025;781;Sysmä;vakituinen_asuinrakennus;0.5
2025;781;Sysmä;yleinen_maapohja;1.3
2025;781;Sysmä;yleinen_rakennus;0.95
2025;783;Säkylä;muu_asuinrakennus;1.24
2025;783;Säkylä;rakentamaton_rakennuspaikka;
2025;783;Säkylä;vakituinen_asuinrakennus;0.55
2025;783;Säkylä;yleinen_maapohja;1.4
2025;783;Säkylä;yleinen_rakennus;1.28
2025;785;Vaala;muu_asuinrakennus;1.1
2025;785;Vaala;rakentamaton_rakennuspaikka;
2025;785;Vaala;vakituinen_asuinrakennus;0.45
2025;785;Vaala;yleinen_maapohja;1.3
2025;785;Vaala;yleinen_rakennus;1.1
2025;790;Sastamala;muu_asuinrakennus;0.98
2025;790;Sastamala;rakentamaton_rakennuspaikka;2
2025;790;Sastamala;vakituinen_asuinrakennus;0.45
2025;790;Sastamala;yleinen_maapohja;1.3
2025;790;Sastamala;yleinen_rakennus;0.93
2025;791;Siikalatva;muu_asuinrakennus;1.25
2025;791;Siikalatva;rakentamaton_rakennuspaikka;6
2025;791;Siikalatva;vakituinen_asuinrakennus;0.6
2025;791;Siikalatva;yleinen_maapohja;1.3
2025;791;Siikalatva;yleinen_rakennus;0.95
2025;831;Taipalsaari;muu_asuinrakennus;1.3
2025;831;Taipalsaari;rakentamaton_rakennuspaikka;3.5
2025;831;Taipalsaari;vakituinen_asuinrakennus;0.5
2025;831;Taipalsaari;yleinen_maapohja;1.4
2025;831;Taipalsaari;yleinen_rakennus;1.4
2025;832;Taivalkoski;muu_asuinrakennus;1.03
2025;832;Taivalkoski;rakentamaton_rakennuspaikka;2
2025;832;Taivalkoski;vakituinen_asuinrakennus;0.45
2025;832;Taivalkoski;yleinen_maapohja;1.3
2025;832;Taivalkoski;yleinen_rakennus;1.03
2025;833;Taivassalo;muu_asuinrakennus;1.35
2025;833;Taivassalo;rakentamaton_rakennuspaikka;
2025;833;Taivassalo;vakituinen_asuinrakennus;0.65
2025;833;Taivassalo;yleinen_maapohja;1.3
2025;833;Taivassalo;yleinen_rakennus;1.15
2025;834;Tammela;muu_asuinrakennus;1.1
2025;834;Tammela;rakentamaton_rakennuspaikka;2
2025;834;Tammela;vakituinen_asuinrakennus;0.5
2025;834;Tammela;yleinen_maapohja;1.3
2025;834;Tammela;yleinen_rakennus;1.1
2025;837;Tampere;muu_asuinrakennus;1.1
2025;837;Tampere;rakentamaton_rakennuspaikka;5
2025;837;Tampere;vakituinen_asuinrakennus;0.65
2025;837;Tampere;yleinen_maapohja;1.3
2025;837;Tampere;yleinen_rakennus;1.25
2025;844;Tervo;muu_asuinrakennus;1.7
2025;844;Tervo;rakentamaton_rakennuspaikka;2
2025;844;Tervo;vakituinen_asuinrakennus;0.7
2025;844;Tervo;yleinen_maapohja;1.3
2025;844;Tervo;yleinen_rakennus;1.2
2025;845;Tervola;muu_asuinrakennus;1
2025;845;Tervola;rakentamaton_rakennuspaikka;
2025;845;Tervola;vakituinen_asuinrakennus;0.41
2025;845;Tervola;yleinen_maapohja;1.3
2025;845;Tervola;yleinen_rakennus;0.95
2025;846;Teuva;muu_asuinrakennus;1.3
2025;846;Teuva;rakentamaton_rakennuspaikka;
2025;846;Teuva;vakituinen_asuinrakennus;0.6
2025;846;Teuva;yleinen_maapohja;1.3
2025;846;Teuva;yleinen_rakennus;1.05
2025;848;Tohmajärvi;muu_asuinrakennus;1.15
2025;848;Tohmajärvi;rakentamaton_rakennuspaikka;2
2025;848;Tohmajärvi;vakituinen_asuinrakennus;0.55
2025;848;Tohmajärvi;yleinen_maapohja;1.3
2025;848;Tohmajärvi;yleinen_rakennus;1
2025;849;Toholampi;muu_asuinrakennus;1.1
2025;849;Toholampi;rakentamaton_rakennuspaikka;2.9
2025;849;Toholampi;vakituinen_asuinrakennus;0.65
2025;849;Toholampi;yleinen_maapohja;1.3
2025;849;Toholampi;yleinen_rakennus;1
2025;850;Toivakka;muu_asuinrakennus;1.65
2025;850;Toivakka;rakentamaton_rakennuspaikka;4
2025;850;Toivakka;vakituinen_asuinrakennus;0.5
2025;850;Toivakka;yleinen_maapohja;1.3
2025;850;Toivakka;yleinen_rakennus;1.3
2025;851;Tornio;muu_asuinrakennus;1
2025;851;Tornio;rakentamaton_rakennuspaikka;3
2025;851;Tornio;vakituinen_asuinrakennus;0.5
2025;851;Tornio;yleinen_maapohja;1.3
2025;851;Tornio;yleinen_rakennus;1.12
2025;853;Turku;muu_asuinrakennus;1.1
2025;853;Turku;rakentamaton_rakennuspaikka;4
2025;853;Turku;vakituinen_asuinrakennus;0.45
2025;853;Turku;yleinen_maapohja;1.3
2025;853;Turku;yleinen_rakennus;1.3
2025;854;Pello;muu_asuinrakennus;1.2
2025;854;Pello;rakentamaton_rakennuspaikka;2
2025;854;Pello;vakituinen_asuinrakennus;0.41
2025;854;Pello;yleinen_maapohja;1.3
2025;854;Pello;yleinen_rakennus;1.25
2025;857;Tuusniemi;muu_asuinrakennus;1.25
2025;857;Tuusniemi;rakentamaton_rakennuspaikka;
2025;857;Tuusniemi;vakituinen_asuinrakennus;0.65
2025;857;Tuusniemi;yleinen_maapohja;1.3
2025;857;Tuusniemi;yleinen_rakennus;1.15
2025;858;Tuusula;muu_asuinrakennus;1.35
2025;858;Tuusula;rakentamaton_rakennuspaikka;6
2025;858;Tuusula;vakituinen_asuinrakennus;0.48
2025;858;Tuusula;yleinen_maapohja;1.3
2025;858;Tuusula;yleinen_rakennus;1.15
2025;859;Tyrnävä;muu_asuinrakennus;1.12
2025;859;Tyrnävä;rakentamaton_rakennuspaikka;4
2025;859;Tyrnävä;vakituinen_asuinrakennus;0.54
2025;859;Tyrnävä;yleinen_maapohja;1.3
2025;859;Tyrnävä;yleinen_rakennus;1.12
2025;886;Ulvila;muu_asuinrakennus;1.1
2025;886;Ulvila;rakentamaton_rakennuspaikka;3
2025;886;Ulvila;vakituinen_asuinrakennus;0.55
2025;886;Ulvila;yleinen_maapohja;1.3
2025;886;Ulvila;yleinen_rakennus;1.3
2025;887;Urjala;muu_asuinrakennus;1.25
2025;887;Urjala;rakentamaton_rakennuspaikka;
2025;887;Urjala;vakituinen_asuinrakennus;0.65
2025;887;Urjala;yleinen_maapohja;1.3
2025;887;Urjala;yleinen_rakennus;1.2
2025;889;Utajärvi;muu_asuinrakennus;1.25
2025;889;Utajärvi;rakentamaton_rakennuspaikka;6
2025;889;Utajärvi;vakituinen_asuinrakennus;0.45
2025;889;Utajärvi;yleinen_maapohja;1.3
2025;889;Utajärvi;yleinen_rakennus;1.1
2025;890;Utsjoki;muu_asuinrakennus;1.6
2025;890;Utsjoki;rakentamaton_rakennuspaikka;2
2025;890;Utsjoki;vakituinen_asuinrakennus;0.65
2025;890;Utsjoki;yleinen_maapohja;1.3
2025;890;Utsjoki;yleinen_rakennus;1.3
2025;892;Uurainen;muu_asuinrakennus;1.3
2025;892;Uurainen;rakentamaton_rakennuspaikka;3
2025;892;Uurainen;vakituinen_asuinrakennus;0.48
2025;892;Uurainen;yleinen_maapohja;1.3
2025;892;Uurainen;yleinen_rakennus;1.3
2025;893;Uusikaarlepyy;muu_asuinrakennus;1.3
2025;893;Uusikaarlepyy;rakentamaton_rakennuspaikka;4
2025;893;Uusikaarlepyy;vakituinen_asuinrakennus;0.5
2025;893;Uusikaarlepyy;yleinen_maapohja;1.3
2025;893;Uusikaarlepyy;yleinen_rakennus;1
2025;895;Uusikaupunki;muu_asuinrakennus;1.25
2025;895;Uusikaupunki;rakentamaton_rakennuspaikka;
2025;895;Uusikaupunki;vakituinen_asuinrakennus;0.5
2025;895;Uusikaupunki;yleinen_maapohja;1.3
2025;895;Uusikaupunki;yleinen_rakennus;1.13
2025;905;Vaasa;muu_asuinrakennus;1.1
2025;905;Vaasa;rakentamaton_rakennuspaikka;4
2025;905;Vaasa;vakituinen_asuinrakennus;0.5
2025;905;Vaasa;yleinen_maapohja;1.3
2025;905;Vaasa;yleinen_rakennus;1.25
2025;908;Valkeakoski;muu_asuinrakennus;1.1
2025;908;Valkeakoski;rakentamaton_rakennuspaikka;
2025;908;Valkeakoski;vakituinen_asuinrakennus;0.65
2025;908;Valkeakoski;yleinen_maapohja;1.4
2025;908;Valkeakoski;yleinen_rakennus;1.4
2025;915;Varkaus;muu_asuinrakennus;1.2
2025;915;Varkaus;rakentamaton_rakennuspaikka;
2025;915;Varkaus;vakituinen_asuinrakennus;0.65
2025;915;Varkaus;yleinen_maapohja;1.55
2025;915;Varkaus;yleinen_rakennus;1.55
2025;918;Vehmaa;muu_asuinrakennus;2
2025;918;Vehmaa;rakentamaton_rakennuspaikka;
2025;918;Vehmaa;vakituinen_asuinrakennus;0.55
2025;918;Vehmaa;yleinen_maapohja;1.3
2025;918;Vehmaa;yleinen_rakennus;1.2
2025;921;Vesanto;muu_asuinrakennus;1.5
2025;921;Vesanto;rakentamaton_rakennuspaikka;
2025;921;Vesanto;vakituinen_asuinrakennus;0.8
2025;921;Vesanto;yleinen_maapohja;1.3
2025;921;Vesanto;yleinen_rakennus;1.25
2025;922;Vesilahti;muu_asuinrakennus;1.4
2025;922;Vesilahti;rakentamaton_rakennuspaikka;3
2025;922;Vesilahti;vakituinen_asuinrakennus;0.55
2025;922;Vesilahti;yleinen_maapohja;1.3
2025;922;Vesilahti;yleinen_rakennus;1.25
2025;924;Veteli;muu_asuinrakennus;1.05
2025;924;Veteli;rakentamaton_rakennuspaikka;3
2025;924;Veteli;vakituinen_asuinrakennus;0.6
2025;924;Veteli;yleinen_maapohja;1.3
2025;924;Veteli;yleinen_rakennus;0.95
2025;925;Vieremä;muu_asuinrakennus;1
2025;925;Vieremä;rakentamaton_rakennuspaikka;
2025;925;Vieremä;vakituinen_asuinrakennus;0.45
2025;925;Vieremä;yleinen_maapohja;1.3
2025;925;Vieremä;yleinen_rakennus;0.93
2025;927;Vihti;muu_asuinrakennus;1
2025;927;Vihti;rakentamaton_rakennuspaikka;4.3
2025;927;Vihti;vakituinen_asuinrakennus;0.45
2025;927;Vihti;yleinen_maapohja;1.3
2025;927;Vihti;yleinen_rakennus;0.95
2025;931;Viitasaari;muu_asuinrakennus;1.1
2025;931;Viitasaari;rakentamaton_rakennuspaikka;
2025;931;Viitasaari;vakituinen_asuinrakennus;0.5
2025;931;Viitasaari;yleinen_maapohja;1.3
2025;931;Viitasaari;yleinen_rakennus;0.93
2025;934;Vimpeli;muu_asuinrakennus;1.3
2025;934;Vimpeli;rakentamaton_rakennuspaikka;3
2025;934;Vimpeli;vakituinen_asuinrakennus;0.65
2025;934;Vimpeli;yleinen_maapohja;1.3
2025;934;Vimpeli;yleinen_rakennus;1.1
2025;935;Virolahti;muu_asuinrakennus;1.25
2025;935;Virolahti;rakentamaton_rakennuspaikka;
2025;935;Virolahti;vakituinen_asuinrakennus;0.55
2025;935;Virolahti;yleinen_maapohja;1.3
2025;935;Virolahti;yleinen_rakennus;1.3
2025;936;Virrat;muu_asuinrakennus;1
2025;936;Virrat;rakentamaton_rakennuspaikka;
2025;936;Virrat;vakituinen_asuinrakennus;0.45
2025;936;Virrat;yleinen_maapohja;1.3
2025;936;Virrat;yleinen_rakennus;0.93
2025;941;Vårdö;muu_asuinrakennus;0.9
2025;941;Vårdö;rakentamaton_rakennuspaikka;
2025;941;Vårdö;vakituinen_asuinrakennus;0
2025;941;Vårdö;yleinen_maapohja;0.1
2025;941;Vårdö;yleinen_rakennus;0
2025;946;Vöyri;muu_asuinrakennus;1.3
2025;946;Vöyri;rakentamaton_rakennuspaikka;
2025;946;Vöyri;vakituinen_asuinrakennus;0.5
2025;946;Vöyri;yleinen_maapohja;1.3
2025;946;Vöyri;yleinen_rakennus;1
2025;976;Ylitornio;muu_asuinrakennus;1.3
2025;976;Ylitornio;rakentamaton_rakennuspaikka;2
2025;976;Ylitornio;vakituinen_asuinrakennus;0.5
2025;976;Ylitornio;yleinen_maapohja;1.3
2025;976;Ylitornio;yleinen_rakennus;1.1
2025;977;Ylivieska;muu_asuinrakennus;1.15
2025;977;Ylivieska;rakentamaton_rakennuspaikka;3
2025;977;Ylivieska;vakituinen_asuinrakennus;0.7
2025;977;Ylivieska;yleinen_maapohja;1.3
2025;977;Ylivieska;yleinen_rakennus;1.3
2025;980;Ylöjärvi;muu_asuinrakennus;1
2025;980;Ylöjärvi;rakentamaton_rakennuspaikka;3
2025;980;Ylöjärvi;vakituinen_asuinrakennus;0.41
2025;980;Ylöjärvi;yleinen_maapohja;1.3
2025;980;Ylöjärvi;yleinen_rakennus;0.98
2025;981;Ypäjä;muu_asuinrakennus;1.5
2025;981;Ypäjä;rakentamaton_rakennuspaikka;3
2025;981;Ypäjä;vakituinen_asuinrakennus;0.6
2025;981;Ypäjä;yleinen_maapohja;1.3
2025;981;Ypäjä;yleinen_rakennus;1
2025;989;Ähtäri;muu_asuinrakennus;1.5
2025;989;Ähtäri;rakentamaton_rakennuspaikka;
2025;989;Ähtäri;vakituinen_asuinrakennus;0.7
2025;989;Ähtäri;yleinen_maapohja;1.8
2025;989;Ähtäri;yleinen_rakennus;1.5
2025;992;Äänekoski;muu_asuinrakennus;1.2
2025;992;Äänekoski;rakentamaton_rakennuspaikka;
2025;992;Äänekoski;vakituinen_asuinrakennus;0.6
2025;992;Äänekoski;yleinen_maapohja;1.3
2025;992;Äänekoski;yleinen_rakennus;1.3
2026;005;Alajärvi;muu_asuinrakennus;1.5
2026;005;Alajärvi;rakentamaton_rakennuspaikka;3
2026;005;Alajärvi;vakituinen_asuinrakennus;0.5
2026;005;Alajärvi;yleinen_maapohja;1.3
2026;005;Alajärvi;yleinen_rakennus;0.93
2026;009;Alavieska;muu_asuinrakennus;1.1
2026;009;Alavieska;rakentamaton_rakennuspaikka;
2026;009;Alavieska;vakituinen_asuinrakennus;0.55
2026;009;Alavieska;yleinen_maapohja;1.3
2026;009;Alavieska;yleinen_rakennus;1.3
2026;010;Alavus;muu_asuinrakennus;1.21
2026;010;Alavus;rakentamaton_rakennuspaikka;
2026;010;Alavus;vakituinen_asuinrakennus;0.51
2026;010;Alavus;yleinen_maapohja;1.3
2026;010;Alavus;yleinen_rakennus;0.99
2026;016;Asikkala;muu_asuinrakennus;1.25
2026;016;Asikkala;rakentamaton_rakennuspaikka;3
2026;016;Asikkala;vakituinen_asuinrakennus;0.45
2026;016;Asikkala;yleinen_maapohja;1.3
2026;016;Asikkala;yleinen_rakennus;0.93
2026;018;Askola;muu_asuinrakennus;1.5
2026;018;Askola;rakentamaton_rakennuspaikka;5
2026;018;Askola;vakituinen_asuinrakennus;0.7
2026;018;Askola;yleinen_maapohja;1.3
2026;018;Askola;yleinen_rakennus;1.1
2026;019;Aura;muu_asuinrakennus;1.2
2026;019;Aura;rakentamaton_rakennuspaikka;
2026;019;Aura;vakituinen_asuinrakennus;0.6
2026;019;Aura;yleinen_maapohja;1.3
2026;019;Aura;yleinen_rakennus;1.2
2026;020;Akaa;muu_asuinrakennus;1.25
2026;020;Akaa;rakentamaton_rakennuspaikka;6
2026;020;Akaa;vakituinen_asuinrakennus;0.65
2026;020;Akaa;yleinen_maapohja;1.3
2026;020;Akaa;yleinen_rakennus;1.1
2026;035;Brändö;muu_asuinrakennus;0.9
2026;035;Brändö;rakentamaton_rakennuspaikka;0
2026;035;Brändö;vakituinen_asuinrakennus;0
2026;035;Brändö;yleinen_maapohja;0
2026;035;Brändö;yleinen_rakennus;0
2026;043;Eckerö;muu_asuinrakennus;0.9
2026;043;Eckerö;rakentamaton_rakennuspaikka;0
2026;043;Eckerö;vakituinen_asuinrakennus;0
2026;043;Eckerö;yleinen_maapohja;0.7
2026;043;Eckerö;yleinen_rakennus;0.7
2026;046;Enonkoski;muu_asuinrakennus;1.3
2026;046;Enonkoski;rakentamaton_rakennuspaikka;2
2026;046;Enonkoski;vakituinen_asuinrakennus;0.7
2026;046;Enonkoski;yleinen_maapohja;1.3
2026;046;Enonkoski;yleinen_rakennus;1
2026;047;Enontekiö;muu_asuinrakennus;1.25
2026;047;Enontekiö;rakentamaton_rakennuspaikka;6
2026;047;Enontekiö;vakituinen_asuinrakennus;0.65
2026;047;Enontekiö;yleinen_maapohja;1.31
2026;047;Enontekiö;yleinen_rakennus;1.05
2026;049;Espoo;muu_asuinrakennus;1.15
2026;049;Espoo;rakentamaton_rakennuspaikka;4.43
2026;049;Espoo;vakituinen_asuinrakennus;0.41
2026;049;Espoo;yleinen_maapohja;1.3
2026;049;Espoo;yleinen_rakennus;1.3
2026;050;Eura;muu_asuinrakennus;1.1
2026;050;Eura;rakentamaton_rakennuspaikka;3
2026;050;Eura;vakituinen_asuinrakennus;0.6
2026;050;Eura;yleinen_maapohja;1.3
2026;050;Eura;yleinen_rakennus;1.1
2026;051;Eurajoki;muu_asuinrakennus;1.5
2026;051;Eurajoki;rakentamaton_rakennuspaikka;
2026;051;Eurajoki;vakituinen_asuinrakennus;0.5
2026;051;Eurajoki;yleinen_maapohja;1.3
2026;051;Eurajoki;yleinen_rakennus;1.2
2026;052;Evijärvi;muu_asuinrakennus;1.15
2026;052;Evijärvi;rakentamaton_rakennuspaikka;
2026;052;Evijärvi;vakituinen_asuinrakennus;0.65
2026;052;Evijärvi;yleinen_maapohja;1.3
2026;052;Evijärvi;yleinen_rakennus;1
2026;060;Finström;muu_asuinrakennus;0.9
2026;060;Finström;rakentamaton_rakennuspaikka;0.5
2026;060;Finström;vakituinen_asuinrakennus;0
2026;060;Finström;yleinen_maapohja;0.5
2026;060;Finström;yleinen_rakennus;0.5
2026;061;Forssa;muu_asuinrakennus;1.41
2026;061;Forssa;rakentamaton_rakennuspaikka;
2026;061;Forssa;vakituinen_asuinrakennus;0.41
2026;061;Forssa;yleinen_maapohja;1.4
2026;061;Forssa;yleinen_rakennus;1.4
2026;062;Föglö;muu_asuinrakennus;0.9
2026;062;Föglö;rakentamaton_rakennuspaikka;0.5
2026;062;Föglö;vakituinen_asuinrakennus;0.2
2026;062;Föglö;yleinen_maapohja;0.9
2026;062;Föglö;yleinen_rakennus;0.9
2026;065;Geta;muu_asuinrakennus;0.9
2026;065;Geta;rakentamaton_rakennuspaikka;
2026;065;Geta;vakituinen_asuinrakennus;0
2026;065;Geta;yleinen_maapohja;0.6
2026;065;Geta;yleinen_rakennus;0.6
2026;069;Haapajärvi;muu_asuinrakennus;1.35
2026;069;Haapajärvi;rakentamaton_rakennuspaikka;5
2026;069;Haapajärvi;vakituinen_asuinrakennus;0.75
2026;069;Haapajärvi;yleinen_maapohja;1.35
2026;069;Haapajärvi;yleinen_rakennus;1.35
2026;071;Haapavesi;muu_asuinrakennus;1.3
2026;071;Haapavesi;rakentamaton_rakennuspaikka;3
2026;071;Haapavesi;vakituinen_asuinrakennus;0.6
2026;071;Haapavesi;yleinen_maapohja;1.3
2026;071;Haapavesi;yleinen_rakennus;1.05
2026;072;Hailuoto;muu_asuinrakennus;1.51
2026;072;Hailuoto;rakentamaton_rakennuspaikka;3
2026;072;Hailuoto;vakituinen_asuinrakennus;0.51
2026;072;Hailuoto;yleinen_maapohja;1.3
2026;072;Hailuoto;yleinen_rakennus;0.95
2026;074;Halsua;muu_asuinrakennus;1.6
2026;074;Halsua;rakentamaton_rakennuspaikka;
2026;074;Halsua;vakituinen_asuinrakennus;0.55
2026;074;Halsua;yleinen_maapohja;1.3
2026;074;Halsua;yleinen_rakennus;1.3
2026;075;Hamina;muu_asuinrakennus;1.15
2026;075;Hamina;rakentamaton_rakennuspaikka;
2026;075;Hamina;vakituinen_asuinrakennus;0.55
2026;075;Hamina;yleinen_maapohja;1.3
2026;075;Hamina;yleinen_rakennus;1.25
2026;076;Hammarland;muu_asuinrakennus;0.9
2026;076;Hammarland;rakentamaton_rakennuspaikka;
2026;076;Hammarland;vakituinen_asuinrakennus;0
2026;076;Hammarland;yleinen_maapohja;0.2
2026;076;Hammarland;yleinen_rakennus;0.2
2026;077;Hankasalmi;muu_asuinrakennus;1.2
2026;077;Hankasalmi;rakentamaton_rakennuspaikka;
2026;077;Hankasalmi;vakituinen_asuinrakennus;0.6
2026;077;Hankasalmi;yleinen_maapohja;1.3
2026;077;Hankasalmi;yleinen_rakennus;1.3
2026;078;Hanko;muu_asuinrakennus;1.6
2026;078;Hanko;rakentamaton_rakennuspaikka;3
2026;078;Hanko;vakituinen_asuinrakennus;0.45
2026;078;Hanko;yleinen_maapohja;1.3
2026;078;Hanko;yleinen_rakennus;1.3
2026;079;Harjavalta;muu_asuinrakennus;0.98
2026;079;Harjavalta;rakentamaton_rakennuspaikka;
2026;079;Harjavalta;vakituinen_asuinrakennus;0.5
2026;079;Harjavalta;yleinen_maapohja;1.4
2026;079;Harjavalta;yleinen_rakennus;1.4
2026;081;Hartola;muu_asuinrakennus;1.3
2026;081;Hartola;rakentamaton_rakennuspaikka;
2026;081;Hartola;vakituinen_asuinrakennus;0.6
2026;081;Hartola;yleinen_maapohja;1.3
2026;081;Hartola;yleinen_rakennus;1.3
2026;082;Hattula;muu_asuinrakennus;1.6
2026;082;Hattula;rakentamaton_rakennuspaikka;3
2026;082;Hattula;vakituinen_asuinrakennus;0.5
2026;082;Hattula;yleinen_maapohja;1.3
2026;082;Hattula;yleinen_rakennus;1.3
2026;086;Hausjärvi;muu_asuinrakennus;1.05
2026;086;Hausjärvi;rakentamaton_rakennuspaikka;4
2026;086;Hausjärvi;vakituinen_asuinrakennus;0.45
2026;086;Hausjärvi;yleinen_maapohja;1.3
2026;086;Hausjärvi;yleinen_rakennus;1.25
2026;090;Heinävesi;muu_asuinrakennus;1.5
2026;090;Heinävesi;rakentamaton_rakennuspaikka;
2026;090;Heinävesi;vakituinen_asuinrakennus;0.7
2026;090;Heinävesi;yleinen_maapohja;1.4
2026;090;Heinävesi;yleinen_rakennus;1.25
2026;091;Helsinki;muu_asuinrakennus;0.93
2026;091;Helsinki;rakentamaton_rakennuspaikka;4.3
2026;091;Helsinki;vakituinen_asuinrakennus;0.41
2026;091;Helsinki;yleinen_maapohja;1.3
2026;091;Helsinki;yleinen_rakennus;0.93
2026;092;Vantaa;muu_asuinrakennus;1.25
2026;092;Vantaa;rakentamaton_rakennuspaikka;6
2026;092;Vantaa;vakituinen_asuinrakennus;0.41
2026;092;Vantaa;yleinen_maapohja;1.3
2026;092;Vantaa;yleinen_rakennus;1.28
2026;097;Hirvensalmi;muu_asuinrakennus;1.15
2026;097;Hirvensalmi;rakentamaton_rakennuspaikka;2.6
2026;097;Hirvensalmi;vakituinen_asuinrakennus;0.41
2026;097;Hirvensalmi;yleinen_maapohja;1.3
2026;097;Hirvensalmi;yleinen_rakennus;0.95
2026;098;Hollola;muu_asuinrakennus;1.1
2026;098;Hollola;rakentamaton_rakennuspaikka;3
2026;098;Hollola;vakituinen_asuinrakennus;0.55
2026;098;Hollola;yleinen_maapohja;1.3
2026;098;Hollola;yleinen_rakennus;1.15
2026;102;Huittinen;muu_asuinrakennus;1.19
2026;102;Huittinen;rakentamaton_rakennuspaikka;6
2026;102;Huittinen;vakituinen_asuinrakennus;0.47
2026;102;Huittinen;yleinen_maapohja;1.3
2026;102;Huittinen;yleinen_rakennus;1.13
2026;103;Humppila;muu_asuinrakennus;1.5
2026;103;Humppila;rakentamaton_rakennuspaikka;3
2026;103;Humppila;vakituinen_asuinrakennus;0.55
2026;103;Humppila;yleinen_maapohja;1.3
2026;103;Humppila;yleinen_rakennus;1.3
2026;105;Hyrynsalmi;muu_asuinrakennus;1.15
2026;105;Hyrynsalmi;rakentamaton_rakennuspaikka;2
2026;105;Hyrynsalmi;vakituinen_asuinrakennus;0.5
2026;105;Hyrynsalmi;yleinen_maapohja;1.3
2026;105;Hyrynsalmi;yleinen_rakennus;1
2026;106;Hyvinkää;muu_asuinrakennus;1.05
2026;106;Hyvinkää;rakentamaton_rakennuspaikka;4.35
2026;106;Hyvinkää;vakituinen_asuinrakennus;0.5
2026;106;Hyvinkää;yleinen_maapohja;1.35
2026;106;Hyvinkää;yleinen_rakennus;1.35
2026;108;Hämeenkyrö;muu_asuinrakennus;1.15
2026;108;Hämeenkyrö;rakentamaton_rakennuspaikka;4.5
2026;108;Hämeenkyrö;vakituinen_asuinrakennus;0.53
2026;108;Hämeenkyrö;yleinen_maapohja;1.3
2026;108;Hämeenkyrö;yleinen_rakennus;1.05
2026;109;Hämeenlinna;muu_asuinrakennus;1.4
2026;109;Hämeenlinna;rakentamaton_rakennuspaikka;4
2026;109;Hämeenlinna;vakituinen_asuinrakennus;0.6
2026;109;Hämeenlinna;yleinen_maapohja;1.35
2026;109;Hämeenlinna;yleinen_rakennus;1.35
2026;111;Heinola;muu_asuinrakennus;1.3
2026;111;Heinola;rakentamaton_rakennuspaikka;3
2026;111;Heinola;vakituinen_asuinrakennus;0.6
2026;111;Heinola;yleinen_maapohja;1.3
2026;111;Heinola;yleinen_rakennus;1.3
2026;139;Ii;muu_asuinrakennus;1.2
2026;139;Ii;rakentamaton_rakennuspaikka;6
2026;139;Ii;vakituinen_asuinrakennus;0.65
2026;139;Ii;yleinen_maapohja;1.3
2026;139;Ii;yleinen_rakennus;1.3
2026;140;Iisalmi;muu_asuinrakennus;0.93
2026;140;Iisalmi;rakentamaton_rakennuspaikka;3
2026;140;Iisalmi;vakituinen_asuinrakennus;0.55
2026;140;Iisalmi;yleinen_maapohja;1.3
2026;140;Iisalmi;yleinen_rakennus;1.1
2026;142;Iitti;muu_asuinrakennus;1.25
2026;142;Iitti;rakentamaton_rakennuspaikka;
2026;142;Iitti;vakituinen_asuinrakennus;0.65
2026;142;Iitti;yleinen_maapohja;1.3
2026;142;Iitti;yleinen_rakennus;1.3
2026;143;Ikaalinen;muu_asuinrakennus;1.19
2026;143;Ikaalinen;rakentamaton_rakennuspaikka;3
2026;143;Ikaalinen;vakituinen_asuinrakennus;0.59
2026;143;Ikaalinen;yleinen_maapohja;1.3
2026;143;Ikaalinen;yleinen_rakennus;1.23
2026;145;Ilmajoki;muu_asuinrakennus;1.2
2026;145;Ilmajoki;rakentamaton_rakennuspaikka;3
2026;145;Ilmajoki;vakituinen_asuinrakennus;0.6
2026;145;Ilmajoki;yleinen_maapohja;1.3
2026;145;Ilmajoki;yleinen_rakennus;0.93
2026;146;Ilomantsi;muu_asuinrakennus;1
2026;146;Ilomantsi;rakentamaton_rakennuspaikka;
2026;146;Ilomantsi;vakituinen_asuinrakennus;0.45
2026;146;Ilomantsi;yleinen_maapohja;1.3
2026;146;Ilomantsi;yleinen_rakennus;1
2026;148;Inari;muu_asuinrakennus;1.15
2026;148;Inari;rakentamaton_rakennuspaikka;3
2026;148;Inari;vakituinen_asuinrakennus;0.55
2026;148;Inari;yleinen_maapohja;1.35
2026;148;Inari;yleinen_rakennus;1.35
2026;149;Inkoo;muu_asuinrakennus;1.9
2026;149;Inkoo;rakentamaton_rakennuspaikka;4
2026;149;Inkoo;vakituinen_asuinrakennus;0.65
2026;149;Inkoo;yleinen_maapohja;1.4
2026;149;Inkoo;yleinen_rakennus;1.3
2026;151;Isojoki;muu_asuinrakennus;0.93
2026;151;Isojoki;rakentamaton_rakennuspaikka;2
2026;151;Isojoki;vakituinen_asuinrakennus;0.5
2026;151;Isojoki;yleinen_maapohja;1.3
2026;151;Isojoki;yleinen_rakennus;0.93
2026;152;Isokyrö;muu_asuinrakennus;1.1
2026;152;Isokyrö;rakentamaton_rakennuspaikka;
2026;152;Isokyrö;vakituinen_asuinrakennus;0.65
2026;152;Isokyrö;yleinen_maapohja;1.3
2026;152;Isokyrö;yleinen_rakennus;0.93
2026;153;Imatra;muu_asuinrakennus;1
2026;153;Imatra;rakentamaton_rakennuspaikka;
2026;153;Imatra;vakituinen_asuinrakennus;0.45
2026;153;Imatra;yleinen_maapohja;1.9
2026;153;Imatra;yleinen_rakennus;1.9
2026;165;Janakkala;muu_asuinrakennus;1.5
2026;165;Janakkala;rakentamaton_rakennuspaikka;4
2026;165;Janakkala;vakituinen_asuinrakennus;0.5
2026;165;Janakkala;yleinen_maapohja;1.3
2026;165;Janakkala;yleinen_rakennus;1.3
2026;167;Joensuu;muu_asuinrakennus;1
2026;167;Joensuu;rakentamaton_rakennuspaikka;3
2026;167;Joensuu;vakituinen_asuinrakennus;0.45
2026;167;Joensuu;yleinen_maapohja;1.3
2026;167;Joensuu;yleinen_rakennus;1.1
2026;169;Jokioinen;muu_asuinrakennus;1.1
2026;169;Jokioinen;rakentamaton_rakennuspaikka;
2026;169;Jokioinen;vakituinen_asuinrakennus;0.5
2026;169;Jokioinen;yleinen_maapohja;1.3
2026;169;Jokioinen;yleinen_rakennus;1.1
2026;170;Jomala;muu_asuinrakennus;0.9
2026;170;Jomala;rakentamaton_rakennuspaikka;1
2026;170;Jomala;vakituinen_asuinrakennus;0
2026;170;Jomala;yleinen_maapohja;0.3
2026;170;Jomala;yleinen_rakennus;0.3
2026;171;Joroinen;muu_asuinrakennus;1.1
2026;171;Joroinen;rakentamaton_rakennuspaikka;
2026;171;Joroinen;vakituinen_asuinrakennus;0.5
2026;171;Joroinen;yleinen_maapohja;1.3
2026;171;Joroinen;yleinen_rakennus;1.05
2026;172;Joutsa;muu_asuinrakennus;1.3
2026;172;Joutsa;rakentamaton_rakennuspaikka;
2026;172;Joutsa;vakituinen_asuinrakennus;0.7
2026;172;Joutsa;yleinen_maapohja;1.3
2026;172;Joutsa;yleinen_rakennus;1.3
2026;176;Juuka;muu_asuinrakennus;1.3
2026;176;Juuka;rakentamaton_rakennuspaikka;
2026;176;Juuka;vakituinen_asuinrakennus;0.45
2026;176;Juuka;yleinen_maapohja;1.3
2026;176;Juuka;yleinen_rakennus;1
2026;177;Juupajoki;muu_asuinrakennus;1.05
2026;177;Juupajoki;rakentamaton_rakennuspaikka;
2026;177;Juupajoki;vakituinen_asuinrakennus;0.45
2026;177;Juupajoki;yleinen_maapohja;1.3
2026;177;Juupajoki;yleinen_rakennus;1.15
2026;178;Juva;muu_asuinrakennus;1.03
2026;178;Juva;rakentamaton_rakennuspaikka;2
2026;178;Juva;vakituinen_asuinrakennus;0.43
2026;178;Juva;yleinen_maapohja;1.3
2026;178;Juva;yleinen_rakennus;0.95
2026;179;Jyväskylä;muu_asuinrakennus;1.55
2026;179;Jyväskylä;rakentamaton_rakennuspaikka;4
2026;179;Jyväskylä;vakituinen_asuinrakennus;0.55
2026;179;Jyväskylä;yleinen_maapohja;1.3
2026;179;Jyväskylä;yleinen_rakennus;1.3
2026;181;Jämijärvi;muu_asuinrakennus;1.3
2026;181;Jämijärvi;rakentamaton_rakennuspaikka;4
2026;181;Jämijärvi;vakituinen_asuinrakennus;0.45
2026;181;Jämijärvi;yleinen_maapohja;1.35
2026;181;Jämijärvi;yleinen_rakennus;1.2
2026;182;Jämsä;muu_asuinrakennus;1.2
2026;182;Jämsä;rakentamaton_rakennuspaikka;3
2026;182;Jämsä;vakituinen_asuinrakennus;0.5
2026;182;Jämsä;yleinen_maapohja;1.3
2026;182;Jämsä;yleinen_rakennus;1
2026;186;Järvenpää;muu_asuinrakennus;1.15
2026;186;Järvenpää;rakentamaton_rakennuspaikka;6
2026;186;Järvenpää;vakituinen_asuinrakennus;0.65
2026;186;Järvenpää;yleinen_maapohja;1.45
2026;186;Järvenpää;yleinen_rakennus;1.45
2026;202;Kaarina;muu_asuinrakennus;1
2026;202;Kaarina;rakentamaton_rakennuspaikka;4
2026;202;Kaarina;vakituinen_asuinrakennus;0.41
2026;202;Kaarina;yleinen_maapohja;1.3
2026;202;Kaarina;yleinen_rakennus;1
2026;204;Kaavi;muu_asuinrakennus;1.7
2026;204;Kaavi;rakentamaton_rakennuspaikka;
2026;204;Kaavi;vakituinen_asuinrakennus;0.75
2026;204;Kaavi;yleinen_maapohja;1.5
2026;204;Kaavi;yleinen_rakennus;1.5
2026;205;Kajaani;muu_asuinrakennus;1.55
2026;205;Kajaani;rakentamaton_rakennuspaikka;4.1
2026;205;Kajaani;vakituinen_asuinrakennus;0.55
2026;205;Kajaani;yleinen_maapohja;1.3
2026;205;Kajaani;yleinen_rakennus;1.1
2026;208;Kalajoki;muu_asuinrakennus;1.1
2026;208;Kalajoki;rakentamaton_rakennuspaikka;
2026;208;Kalajoki;vakituinen_asuinrakennus;0.5
2026;208;Kalajoki;yleinen_maapohja;1.3
2026;208;Kalajoki;yleinen_rakennus;1.1
2026;211;Kangasala;muu_asuinrakennus;1.03
2026;211;Kangasala;rakentamaton_rakennuspaikka;4
2026;211;Kangasala;vakituinen_asuinrakennus;0.43
2026;211;Kangasala;yleinen_maapohja;1.3
2026;211;Kangasala;yleinen_rakennus;0.93
2026;213;Kangasniemi;muu_asuinrakennus;1.1
2026;213;Kangasniemi;rakentamaton_rakennuspaikka;2
2026;213;Kangasniemi;vakituinen_asuinrakennus;0.5
2026;213;Kangasniemi;yleinen_maapohja;1.37
2026;213;Kangasniemi;yleinen_rakennus;1
2026;214;Kankaanpää;muu_asuinrakennus;1.05
2026;214;Kankaanpää;rakentamaton_rakennuspaikka;4
2026;214;Kankaanpää;vakituinen_asuinrakennus;0.45
2026;214;Kankaanpää;yleinen_maapohja;1.3
2026;214;Kankaanpää;yleinen_rakennus;1.2
2026;216;Kannonkoski;muu_asuinrakennus;1.6
2026;216;Kannonkoski;rakentamaton_rakennuspaikka;2
2026;216;Kannonkoski;vakituinen_asuinrakennus;0.5
2026;216;Kannonkoski;yleinen_maapohja;1.3
2026;216;Kannonkoski;yleinen_rakennus;1.3
2026;217;Kannus;muu_asuinrakennus;1
2026;217;Kannus;rakentamaton_rakennuspaikka;
2026;217;Kannus;vakituinen_asuinrakennus;0.55
2026;217;Kannus;yleinen_maapohja;1.3
2026;217;Kannus;yleinen_rakennus;1.15
2026;218;Karijoki;muu_asuinrakennus;1
2026;218;Karijoki;rakentamaton_rakennuspaikka;
2026;218;Karijoki;vakituinen_asuinrakennus;0.5
2026;218;Karijoki;yleinen_maapohja;1.3
2026;218;Karijoki;yleinen_rakennus;0.93
2026;224;Karkkila;muu_asuinrakennus;1.25
2026;224;Karkkila;rakentamaton_rakennuspaikka;4
2026;224;Karkkila;vakituinen_asuinrakennus;0.65
2026;224;Karkkila;yleinen_maapohja;1.3
2026;224;Karkkila;yleinen_rakennus;1.1
2026;226;Karstula;muu_asuinrakennus;1.36
2026;226;Karstula;rakentamaton_rakennuspaikka;3
2026;226;Karstula;vakituinen_asuinrakennus;0.48
2026;226;Karstula;yleinen_maapohja;1.3
2026;226;Karstula;yleinen_rakennus;1.03
2026;230;Karvia;muu_asuinrakennus;0.93
2026;230;Karvia;rakentamaton_rakennuspaikka;
2026;230;Karvia;vakituinen_asuinrakennus;0.41
2026;230;Karvia;yleinen_maapohja;1.3
2026;230;Karvia;yleinen_rakennus;0.93
2026;231;Kaskinen;muu_asuinrakennus;2
2026;231;Kaskinen;rakentamaton_rakennuspaikka;6
2026;231;Kaskinen;vakituinen_asuinrakennus;1
2026;231;Kaskinen;yleinen_maapohja;2
2026;231;Kaskinen;yleinen_rakennus;1.8
2026;232;Kauhajoki;muu_asuinrakennus;1.2
2026;232;Kauhajoki;rakentamaton_rakennuspaikka;3
2026;232;Kauhajoki;vakituinen_asuinrakennus;0.65
2026;232;Kauhajoki;yleinen_maapohja;1.3
2026;232;Kauhajoki;yleinen_rakennus;0.93
2026;233;Kauhava;muu_asuinrakennus;1.1
2026;233;Kauhava;rakentamaton_rakennuspaikka;2
2026;233;Kauhava;vakituinen_asuinrakennus;0.55
2026;233;Kauhava;yleinen_maapohja;1.3
2026;233;Kauhava;yleinen_rakennus;0.95
2026;235;Kauniainen;muu_asuinrakennus;0.93
2026;235;Kauniainen;rakentamaton_rakennuspaikka;4.3
2026;235;Kauniainen;vakituinen_asuinrakennus;0.41
2026;235;Kauniainen;yleinen_maapohja;1.3
2026;235;Kauniainen;yleinen_rakennus;0.93
2026;236;Kaustinen;muu_asuinrakennus;1.1
2026;236;Kaustinen;rakentamaton_rakennuspaikka;3.1
2026;236;Kaustinen;vakituinen_asuinrakennus;0.6
2026;236;Kaustinen;yleinen_maapohja;1.3
2026;236;Kaustinen;yleinen_rakennus;1.1
2026;239;Keitele;muu_asuinrakennus;1.1
2026;239;Keitele;rakentamaton_rakennuspaikka;
2026;239;Keitele;vakituinen_asuinrakennus;0.55
2026;239;Keitele;yleinen_maapohja;1.3
2026;239;Keitele;yleinen_rakennus;1.05
2026;240;Kemi;muu_asuinrakennus;1
2026;240;Kemi;rakentamaton_rakennuspaikka;6
2026;240;Kemi;vakituinen_asuinrakennus;0.5
2026;240;Kemi;yleinen_maapohja;1.3
2026;240;Kemi;yleinen_rakennus;1.24
2026;241;Keminmaa;muu_asuinrakennus;1
2026;241;Keminmaa;rakentamaton_rakennuspaikka;4
2026;241;Keminmaa;vakituinen_asuinrakennus;0.41
2026;241;Keminmaa;yleinen_maapohja;1.3
2026;241;Keminmaa;yleinen_rakennus;0.93
2026;244;Kempele;muu_asuinrakennus;1.1
2026;244;Kempele;rakentamaton_rakennuspaikka;3
2026;244;Kempele;vakituinen_asuinrakennus;0.5
2026;244;Kempele;yleinen_maapohja;1.3
2026;244;Kempele;yleinen_rakennus;1.1
2026;245;Kerava;muu_asuinrakennus;0.93
2026;245;Kerava;rakentamaton_rakennuspaikka;6
2026;245;Kerava;vakituinen_asuinrakennus;0.6
2026;245;Kerava;yleinen_maapohja;1.45
2026;245;Kerava;yleinen_rakennus;1.45
2026;249;Keuruu;muu_asuinrakennus;1.2
2026;249;Keuruu;rakentamaton_rakennuspaikka;
2026;249;Keuruu;vakituinen_asuinrakennus;0.51
2026;249;Keuruu;yleinen_maapohja;1.3
2026;249;Keuruu;yleinen_rakennus;1.3
2026;250;Kihniö;muu_asuinrakennus;1.14
2026;250;Kihniö;rakentamaton_rakennuspaikka;
2026;250;Kihniö;vakituinen_asuinrakennus;0.58
2026;250;Kihniö;yleinen_maapohja;1.3
2026;250;Kihniö;yleinen_rakennus;1.16
2026;256;Kinnula;muu_asuinrakennus;1.5
2026;256;Kinnula;rakentamaton_rakennuspaikka;3
2026;256;Kinnula;vakituinen_asuinrakennus;0.8
2026;256;Kinnula;yleinen_maapohja;1.3
2026;256;Kinnula;yleinen_rakennus;1.3
2026;257;Kirkkonummi;muu_asuinrakennus;1.4
2026;257;Kirkkonummi;rakentamaton_rakennuspaikka;5.43
2026;257;Kirkkonummi;vakituinen_asuinrakennus;0.41
2026;257;Kirkkonummi;yleinen_maapohja;1.3
2026;257;Kirkkonummi;yleinen_rakennus;0.93
2026;260;Kitee;muu_asuinrakennus;1.1
2026;260;Kitee;rakentamaton_rakennuspaikka;
2026;260;Kitee;vakituinen_asuinrakennus;0.55
2026;260;Kitee;yleinen_maapohja;1.3
2026;260;Kitee;yleinen_rakennus;0.95
2026;261;Kittilä;muu_asuinrakennus;1.2
2026;261;Kittilä;rakentamaton_rakennuspaikka;
2026;261;Kittilä;vakituinen_asuinrakennus;0.41
2026;261;Kittilä;yleinen_maapohja;1.3
2026;261;Kittilä;yleinen_rakennus;1.16
2026;263;Kiuruvesi;muu_asuinrakennus;1
2026;263;Kiuruvesi;rakentamaton_rakennuspaikka;3
2026;263;Kiuruvesi;vakituinen_asuinrakennus;0.55
2026;263;Kiuruvesi;yleinen_maapohja;1.3
2026;263;Kiuruvesi;yleinen_rakennus;0.93
2026;265;Kivijärvi;muu_asuinrakennus;1.5
2026;265;Kivijärvi;rakentamaton_rakennuspaikka;4
2026;265;Kivijärvi;vakituinen_asuinrakennus;0.6
2026;265;Kivijärvi;yleinen_maapohja;1.3
2026;265;Kivijärvi;yleinen_rakennus;1.2
2026;271;Kokemäki;muu_asuinrakennus;1.85
2026;271;Kokemäki;rakentamaton_rakennuspaikka;4
2026;271;Kokemäki;vakituinen_asuinrakennus;0.51
2026;271;Kokemäki;yleinen_maapohja;1.3
2026;271;Kokemäki;yleinen_rakennus;1.2
2026;272;Kokkola;muu_asuinrakennus;1.1
2026;272;Kokkola;rakentamaton_rakennuspaikka;6
2026;272;Kokkola;vakituinen_asuinrakennus;0.6
2026;272;Kokkola;yleinen_maapohja;1.3
2026;272;Kokkola;yleinen_rakennus;1.3
2026;273;Kolari;muu_asuinrakennus;1.5
2026;273;Kolari;rakentamaton_rakennuspaikka;2
2026;273;Kolari;vakituinen_asuinrakennus;0.47
2026;273;Kolari;yleinen_maapohja;1.3
2026;273;Kolari;yleinen_rakennus;1.03
2026;275;Konnevesi;muu_asuinrakennus;1.2
2026;275;Konnevesi;rakentamaton_rakennuspaikka;
2026;275;Konnevesi;vakituinen_asuinrakennus;0.55
2026;275;Konnevesi;yleinen_maapohja;1.3
2026;275;Konnevesi;yleinen_rakennus;1.3
2026;276;Kontiolahti;muu_asuinrakennus;1
2026;276;Kontiolahti;rakentamaton_rakennuspaikka;
2026;276;Kontiolahti;vakituinen_asuinrakennus;0.45
2026;276;Kontiolahti;yleinen_maapohja;1.3
2026;276;Kontiolahti;yleinen_rakennus;1.03
2026;280;Korsnäs;muu_asuinrakennus;1.6
2026;280;Korsnäs;rakentamaton_rakennuspaikka;
2026;280;Korsnäs;vakituinen_asuinrakennus;0.55
2026;280;Korsnäs;yleinen_maapohja;1.3
2026;280;Korsnäs;yleinen_rakennus;1
2026;284;Koski Tl;muu_asuinrakennus;0.93
2026;284;Koski Tl;rakentamaton_rakennuspaikka;
2026;284;Koski Tl;vakituinen_asuinrakennus;0.41
2026;284;Koski Tl;yleinen_maapohja;1.3
2026;284;Koski Tl;yleinen_rakennus;0.93
2026;285;Kotka;muu_asuinrakennus;1.15
2026;285;Kotka;rakentamaton_rakennuspaikka;
2026;285;Kotka;vakituinen_asuinrakennus;0.55
2026;285;Kotka;yleinen_maapohja;1.35
2026;285;Kotka;yleinen_rakennus;1.35
2026;286;Kouvola;muu_asuinrakennus;1.35
2026;286;Kouvola;rakentamaton_rakennuspaikka;
2026;286;Kouvola;vakituinen_asuinrakennus;0.65
2026;286;Kouvola;yleinen_maapohja;1.45
2026;286;Kouvola;yleinen_rakennus;1.45
2026;287;Kristiinankaupunki;muu_asuinrakennus;1.2
2026;287;Kristiinankaupunki;rakentamaton_rakennuspaikka;
2026;287;Kristiinankaupunki;vakituinen_asuinrakennus;0.6
2026;287;Kristiinankaupunki;yleinen_maapohja;1.3
2026;287;Kristiinankaupunki;yleinen_rakennus;0.93
2026;288;Kruunupyy;muu_asuinrakennus;1.3
2026;288;Kruunupyy;rakentamaton_rakennuspaikka;4
2026;288;Kruunupyy;vakituinen_asuinrakennus;0.5
2026;288;Kruunupyy;yleinen_maapohja;1.3
2026;288;Kruunupyy;yleinen_rakennus;1
2026;290;Kuhmo;muu_asuinrakennus;1.08
2026;290;Kuhmo;rakentamaton_rakennuspaikka;2
2026;290;Kuhmo;vakituinen_asuinrakennus;0.54
2026;290;Kuhmo;yleinen_maapohja;1.3
2026;290;Kuhmo;yleinen_rakennus;0.98
2026;291;Kuhmoinen;muu_asuinrakennus;1.2
2026;291;Kuhmoinen;rakentamaton_rakennuspaikka;
2026;291;Kuhmoinen;vakituinen_asuinrakennus;0.6
2026;291;Kuhmoinen;yleinen_maapohja;1.3
2026;291;Kuhmoinen;yleinen_rakennus;1.1
2026;295;Kumlinge;muu_asuinrakennus;0.9
2026;295;Kumlinge;rakentamaton_rakennuspaikka;
2026;295;Kumlinge;vakituinen_asuinrakennus;0.2
2026;295;Kumlinge;yleinen_maapohja;0.6
2026;295;Kumlinge;yleinen_rakennus;0.6
2026;297;Kuopio;muu_asuinrakennus;1.35
2026;297;Kuopio;rakentamaton_rakennuspaikka;3
2026;297;Kuopio;vakituinen_asuinrakennus;0.62
2026;297;Kuopio;yleinen_maapohja;1.3
2026;297;Kuopio;yleinen_rakennus;1.3
2026;300;Kuortane;muu_asuinrakennus;1.05
2026;300;Kuortane;rakentamaton_rakennuspaikka;
2026;300;Kuortane;vakituinen_asuinrakennus;0.45
2026;300;Kuortane;yleinen_maapohja;1.3
2026;300;Kuortane;yleinen_rakennus;0.93
2026;301;Kurikka;muu_asuinrakennus;1.2
2026;301;Kurikka;rakentamaton_rakennuspaikka;4
2026;301;Kurikka;vakituinen_asuinrakennus;0.6
2026;301;Kurikka;yleinen_maapohja;1.3
2026;301;Kurikka;yleinen_rakennus;0.93
2026;304;Kustavi;muu_asuinrakennus;1.4
2026;304;Kustavi;rakentamaton_rakennuspaikka;
2026;304;Kustavi;vakituinen_asuinrakennus;0.5
2026;304;Kustavi;yleinen_maapohja;1.3
2026;304;Kustavi;yleinen_rakennus;0.93
2026;305;Kuusamo;muu_asuinrakennus;1.3
2026;305;Kuusamo;rakentamaton_rakennuspaikka;
2026;305;Kuusamo;vakituinen_asuinrakennus;0.5
2026;305;Kuusamo;yleinen_maapohja;1.3
2026;305;Kuusamo;yleinen_rakennus;1.3
2026;309;Outokumpu;muu_asuinrakennus;1.25
2026;309;Outokumpu;rakentamaton_rakennuspaikka;
2026;309;Outokumpu;vakituinen_asuinrakennus;0.55
2026;309;Outokumpu;yleinen_maapohja;1.3
2026;309;Outokumpu;yleinen_rakennus;1.1
2026;312;Kyyjärvi;muu_asuinrakennus;1.6
2026;312;Kyyjärvi;rakentamaton_rakennuspaikka;2
2026;312;Kyyjärvi;vakituinen_asuinrakennus;0.75
2026;312;Kyyjärvi;yleinen_maapohja;1.3
2026;312;Kyyjärvi;yleinen_rakennus;1.3
2026;316;Kärkölä;muu_asuinrakennus;1.2
2026;316;Kärkölä;rakentamaton_rakennuspaikka;4.35
2026;316;Kärkölä;vakituinen_asuinrakennus;0.6
2026;316;Kärkölä;yleinen_maapohja;1.35
2026;316;Kärkölä;yleinen_rakennus;1.35
2026;317;Kärsämäki;muu_asuinrakennus;1.5
2026;317;Kärsämäki;rakentamaton_rakennuspaikka;3
2026;317;Kärsämäki;vakituinen_asuinrakennus;0.75
2026;317;Kärsämäki;yleinen_maapohja;1.3
2026;317;Kärsämäki;yleinen_rakennus;1.03
2026;318;Kökar;muu_asuinrakennus;0.9
2026;318;Kökar;rakentamaton_rakennuspaikka;
2026;318;Kökar;vakituinen_asuinrakennus;0
2026;318;Kökar;yleinen_maapohja;0.4
2026;318;Kökar;yleinen_rakennus;0.4
2026;320;Kemijärvi;muu_asuinrakennus;1.4
2026;320;Kemijärvi;rakentamaton_rakennuspaikka;
2026;320;Kemijärvi;vakituinen_asuinrakennus;0.55
2026;320;Kemijärvi;yleinen_maapohja;1.4
2026;320;Kemijärvi;yleinen_rakennus;1.4
2026;322;Kemiönsaari;muu_asuinrakennus;1.1
2026;322;Kemiönsaari;rakentamaton_rakennuspaikka;
2026;322;Kemiönsaari;vakituinen_asuinrakennus;0.41
2026;322;Kemiönsaari;yleinen_maapohja;1.3
2026;322;Kemiönsaari;yleinen_rakennus;1.1
2026;398;Lahti;muu_asuinrakennus;1.95
2026;398;Lahti;rakentamaton_rakennuspaikka;6
2026;398;Lahti;vakituinen_asuinrakennus;0.62
2026;398;Lahti;yleinen_maapohja;1.38
2026;398;Lahti;yleinen_rakennus;1.45
2026;399;Laihia;muu_asuinrakennus;1.1
2026;399;Laihia;rakentamaton_rakennuspaikka;3.1
2026;399;Laihia;vakituinen_asuinrakennus;0.6
2026;399;Laihia;yleinen_maapohja;1.4
2026;399;Laihia;yleinen_rakennus;1.1
2026;400;Laitila;muu_asuinrakennus;1
2026;400;Laitila;rakentamaton_rakennuspaikka;3
2026;400;Laitila;vakituinen_asuinrakennus;0.41
2026;400;Laitila;yleinen_maapohja;1.3
2026;400;Laitila;yleinen_rakennus;0.93
2026;402;Lapinlahti;muu_asuinrakennus;1.23
2026;402;Lapinlahti;rakentamaton_rakennuspaikka;2
2026;402;Lapinlahti;vakituinen_asuinrakennus;0.6
2026;402;Lapinlahti;yleinen_maapohja;1.3
2026;402;Lapinlahti;yleinen_rakennus;1.24
2026;403;Lappajärvi;muu_asuinrakennus;1.2
2026;403;Lappajärvi;rakentamaton_rakennuspaikka;
2026;403;Lappajärvi;vakituinen_asuinrakennus;0.6
2026;403;Lappajärvi;yleinen_maapohja;1.3
2026;403;Lappajärvi;yleinen_rakennus;1.05
2026;405;Lappeenranta;muu_asuinrakennus;1.15
2026;405;Lappeenranta;rakentamaton_rakennuspaikka;3
2026;405;Lappeenranta;vakituinen_asuinrakennus;0.55
2026;405;Lappeenranta;yleinen_maapohja;1.43
2026;405;Lappeenranta;yleinen_rakennus;1.43
2026;407;Lapinjärvi;muu_asuinrakennus;1.2
2026;407;Lapinjärvi;rakentamaton_rakennuspaikka;
2026;407;Lapinjärvi;vakituinen_asuinrakennus;0.57
2026;407;Lapinjärvi;yleinen_maapohja;1.3
2026;407;Lapinjärvi;yleinen_rakennus;1.1
2026;408;Lapua;muu_asuinrakennus;1.05
2026;408;Lapua;rakentamaton_rakennuspaikka;6
2026;408;Lapua;vakituinen_asuinrakennus;0.45
2026;408;Lapua;yleinen_maapohja;1.3
2026;408;Lapua;yleinen_rakennus;1.05
2026;410;Laukaa;muu_asuinrakennus;1.4
2026;410;Laukaa;rakentamaton_rakennuspaikka;3
2026;410;Laukaa;vakituinen_asuinrakennus;0.7
2026;410;Laukaa;yleinen_maapohja;1.3
2026;410;Laukaa;yleinen_rakennus;1.3
2026;416;Lemi;muu_asuinrakennus;1.4
2026;416;Lemi;rakentamaton_rakennuspaikka;4
2026;416;Lemi;vakituinen_asuinrakennus;0.73
2026;416;Lemi;yleinen_maapohja;1.5
2026;416;Lemi;yleinen_rakennus;1.5
2026;417;Lemland;muu_asuinrakennus;0.9
2026;417;Lemland;rakentamaton_rakennuspaikka;0
2026;417;Lemland;vakituinen_asuinrakennus;0
2026;417;Lemland;yleinen_maapohja;1
2026;417;Lemland;yleinen_rakennus;1
2026;418;Lempäälä;muu_asuinrakennus;1
2026;418;Lempäälä;rakentamaton_rakennuspaikka;6
2026;418;Lempäälä;vakituinen_asuinrakennus;0.45
2026;418;Lempäälä;yleinen_maapohja;1.3
2026;418;Lempäälä;yleinen_rakennus;0.95
2026;420;Leppävirta;muu_asuinrakennus;1
2026;420;Leppävirta;rakentamaton_rakennuspaikka;2
2026;420;Leppävirta;vakituinen_asuinrakennus;0.45
2026;420;Leppävirta;yleinen_maapohja;1.3
2026;420;Leppävirta;yleinen_rakennus;1
2026;421;Lestijärvi;muu_asuinrakennus;1.4
2026;421;Lestijärvi;rakentamaton_rakennuspaikka;
2026;421;Lestijärvi;vakituinen_asuinrakennus;0.5
2026;421;Lestijärvi;yleinen_maapohja;1.3
2026;421;Lestijärvi;yleinen_rakennus;1.3
2026;422;Lieksa;muu_asuinrakennus;0.95
2026;422;Lieksa;rakentamaton_rakennuspaikka;
2026;422;Lieksa;vakituinen_asuinrakennus;0.43
2026;422;Lieksa;yleinen_maapohja;1.3
2026;422;Lieksa;yleinen_rakennus;1
2026;423;Lieto;muu_asuinrakennus;1
2026;423;Lieto;rakentamaton_rakennuspaikka;3
2026;423;Lieto;vakituinen_asuinrakennus;0.41
2026;423;Lieto;yleinen_maapohja;1.3
2026;423;Lieto;yleinen_rakennus;1.3
2026;425;Liminka;muu_asuinrakennus;1.1
2026;425;Liminka;rakentamaton_rakennuspaikka;3
2026;425;Liminka;vakituinen_asuinrakennus;0.5
2026;425;Liminka;yleinen_maapohja;1.3
2026;425;Liminka;yleinen_rakennus;1.1
2026;426;Liperi;muu_asuinrakennus;1
2026;426;Liperi;rakentamaton_rakennuspaikka;
2026;426;Liperi;vakituinen_asuinrakennus;0.5
2026;426;Liperi;yleinen_maapohja;1.3
2026;426;Liperi;yleinen_rakennus;1.05
2026;430;Loimaa;muu_asuinrakennus;1.05
2026;430;Loimaa;rakentamaton_rakennuspaikka;3
2026;430;Loimaa;vakituinen_asuinrakennus;0.5
2026;430;Loimaa;yleinen_maapohja;1.3
2026;430;Loimaa;yleinen_rakennus;1
2026;433;Loppi;muu_asuinrakennus;1.3
2026;433;Loppi;rakentamaton_rakennuspaikka;4
2026;433;Loppi;vakituinen_asuinrakennus;0.45
2026;433;Loppi;yleinen_maapohja;1.35
2026;433;Loppi;yleinen_rakennus;1
2026;434;Loviisa;muu_asuinrakennus;1.2
2026;434;Loviisa;rakentamaton_rakennuspaikka;3
2026;434;Loviisa;vakituinen_asuinrakennus;0.5
2026;434;Loviisa;yleinen_maapohja;1.3
2026;434;Loviisa;yleinen_rakennus;1
2026;435;Luhanka;muu_asuinrakennus;1.3
2026;435;Luhanka;rakentamaton_rakennuspaikka;6
2026;435;Luhanka;vakituinen_asuinrakennus;0.5
2026;435;Luhanka;yleinen_maapohja;1.3
2026;435;Luhanka;yleinen_rakennus;1.3
2026;436;Lumijoki;muu_asuinrakennus;1.15
2026;436;Lumijoki;rakentamaton_rakennuspaikka;6
2026;436;Lumijoki;vakituinen_asuinrakennus;0.5
2026;436;Lumijoki;yleinen_maapohja;1.3
2026;436;Lumijoki;yleinen_rakennus;0.95
2026;438;Lumparland;muu_asuinrakennus;0.9
2026;438;Lumparland;rakentamaton_rakennuspaikka;1
2026;438;Lumparland;vakituinen_asuinrakennus;0
2026;438;Lumparland;yleinen_maapohja;0.6
2026;438;Lumparland;yleinen_rakennus;0.6
2026;440;Luoto;muu_asuinrakennus;1.6
2026;440;Luoto;rakentamaton_rakennuspaikka;4
2026;440;Luoto;vakituinen_asuinrakennus;0.5
2026;440;Luoto;yleinen_maapohja;1.3
2026;440;Luoto;yleinen_rakennus;1.5
2026;441;Luumäki;muu_asuinrakennus;1.05
2026;441;Luumäki;rakentamaton_rakennuspaikka;3
2026;441;Luumäki;vakituinen_asuinrakennus;0.5
2026;441;Luumäki;yleinen_maapohja;1.3
2026;441;Luumäki;yleinen_rakennus;1
2026;444;Lohja;muu_asuinrakennus;1.05
2026;444;Lohja;rakentamaton_rakennuspaikka;4.5
2026;444;Lohja;vakituinen_asuinrakennus;0.45
2026;444;Lohja;yleinen_maapohja;1.3
2026;444;Lohja;yleinen_rakennus;1.03
2026;445;Parainen;muu_asuinrakennus;1.5
2026;445;Parainen;rakentamaton_rakennuspaikka;4
2026;445;Parainen;vakituinen_asuinrakennus;0.47
2026;445;Parainen;yleinen_maapohja;1.5
2026;445;Parainen;yleinen_rakennus;1.5
2026;475;Maalahti;muu_asuinrakennus;1.2
2026;475;Maalahti;rakentamaton_rakennuspaikka;
2026;475;Maalahti;vakituinen_asuinrakennus;0.55
2026;475;Maalahti;yleinen_maapohja;1.3
2026;475;Maalahti;yleinen_rakennus;1
2026;478;Maarianhamina - Mariehamn;muu_asuinrakennus;0.9
2026;478;Maarianhamina - Mariehamn;rakentamaton_rakennuspaikka;6
2026;478;Maarianhamina - Mariehamn;vakituinen_asuinrakennus;0.4
2026;478;Maarianhamina - Mariehamn;yleinen_maapohja;0.5
2026;478;Maarianhamina - Mariehamn;yleinen_rakennus;0.5
2026;480;Marttila;muu_asuinrakennus;0.95
2026;480;Marttila;rakentamaton_rakennuspaikka;
2026;480;Marttila;vakituinen_asuinrakennus;0.45
2026;480;Marttila;yleinen_maapohja;1.3
2026;480;Marttila;yleinen_rakennus;0.95
2026;481;Masku;muu_asuinrakennus;1.2
2026;481;Masku;rakentamaton_rakennuspaikka;3.2
2026;481;Masku;vakituinen_asuinrakennus;0.71
2026;481;Masku;yleinen_maapohja;1.5
2026;481;Masku;yleinen_rakennus;1.05
2026;483;Merijärvi;muu_asuinrakennus;1.53
2026;483;Merijärvi;rakentamaton_rakennuspaikka;
2026;483;Merijärvi;vakituinen_asuinrakennus;0.6
2026;483;Merijärvi;yleinen_maapohja;1.3
2026;483;Merijärvi;yleinen_rakennus;1.2
2026;484;Merikarvia;muu_asuinrakennus;1.3
2026;484;Merikarvia;rakentamaton_rakennuspaikka;3
2026;484;Merikarvia;vakituinen_asuinrakennus;0.5
2026;484;Merikarvia;yleinen_maapohja;1.3
2026;484;Merikarvia;yleinen_rakennus;1.3
2026;489;Miehikkälä;muu_asuinrakennus;1.35
2026;489;Miehikkälä;rakentamaton_rakennuspaikka;
2026;489;Miehikkälä;vakituinen_asuinrakennus;0.65
2026;489;Miehikkälä;yleinen_maapohja;1.45
2026;489;Miehikkälä;yleinen_rakennus;1.45
2026;491;Mikkeli;muu_asuinrakennus;1.5
2026;491;Mikkeli;rakentamaton_rakennuspaikka;4
2026;491;Mikkeli;vakituinen_asuinrakennus;0.62
2026;491;Mikkeli;yleinen_maapohja;1.37
2026;491;Mikkeli;yleinen_rakennus;1.37
2026;494;Muhos;muu_asuinrakennus;1
2026;494;Muhos;rakentamaton_rakennuspaikka;5
2026;494;Muhos;vakituinen_asuinrakennus;0.5
2026;494;Muhos;yleinen_maapohja;1.3
2026;494;Muhos;yleinen_rakennus;1
2026;495;Multia;muu_asuinrakennus;1.4
2026;495;Multia;rakentamaton_rakennuspaikka;3
2026;495;Multia;vakituinen_asuinrakennus;0.65
2026;495;Multia;yleinen_maapohja;1.4
2026;495;Multia;yleinen_rakennus;1.35
2026;498;Muonio;muu_asuinrakennus;1.2
2026;498;Muonio;rakentamaton_rakennuspaikka;6
2026;498;Muonio;vakituinen_asuinrakennus;0.45
2026;498;Muonio;yleinen_maapohja;1.3
2026;498;Muonio;yleinen_rakennus;1.15
2026;499;Mustasaari;muu_asuinrakennus;1.15
2026;499;Mustasaari;rakentamaton_rakennuspaikka;6
2026;499;Mustasaari;vakituinen_asuinrakennus;0.55
2026;499;Mustasaari;yleinen_maapohja;1.3
2026;499;Mustasaari;yleinen_rakennus;1
2026;500;Muurame;muu_asuinrakennus;1.2
2026;500;Muurame;rakentamaton_rakennuspaikka;4
2026;500;Muurame;vakituinen_asuinrakennus;0.5
2026;500;Muurame;yleinen_maapohja;1.3
2026;500;Muurame;yleinen_rakennus;1.3
2026;503;Mynämäki;muu_asuinrakennus;1.5
2026;503;Mynämäki;rakentamaton_rakennuspaikka;3
2026;503;Mynämäki;vakituinen_asuinrakennus;0.6
2026;503;Mynämäki;yleinen_maapohja;1.5
2026;503;Mynämäki;yleinen_rakennus;1.2
2026;504;Myrskylä;muu_asuinrakennus;1.3
2026;504;Myrskylä;rakentamaton_rakennuspaikka;
2026;504;Myrskylä;vakituinen_asuinrakennus;0.74
2026;504;Myrskylä;yleinen_maapohja;1.3
2026;504;Myrskylä;yleinen_rakennus;1.3
2026;505;Mäntsälä;muu_asuinrakennus;1.3
2026;505;Mäntsälä;rakentamaton_rakennuspaikka;4.4
2026;505;Mäntsälä;vakituinen_asuinrakennus;0.65
2026;505;Mäntsälä;yleinen_maapohja;1.4
2026;505;Mäntsälä;yleinen_rakennus;1.4
2026;507;Mäntyharju;muu_asuinrakennus;1.3
2026;507;Mäntyharju;rakentamaton_rakennuspaikka;3
2026;507;Mäntyharju;vakituinen_asuinrakennus;0.65
2026;507;Mäntyharju;yleinen_maapohja;1.3
2026;507;Mäntyharju;yleinen_rakennus;1.1
2026;508;Mänttä-Vilppula;muu_asuinrakennus;1.15
2026;508;Mänttä-Vilppula;rakentamaton_rakennuspaikka;
2026;508;Mänttä-Vilppula;vakituinen_asuinrakennus;0.6
2026;508;Mänttä-Vilppula;yleinen_maapohja;1.3
2026;508;Mänttä-Vilppula;yleinen_rakennus;1.1
2026;529;Naantali;muu_asuinrakennus;1.35
2026;529;Naantali;rakentamaton_rakennuspaikka;3
2026;529;Naantali;vakituinen_asuinrakennus;0.45
2026;529;Naantali;yleinen_maapohja;1.3
2026;529;Naantali;yleinen_rakennus;1.05
2026;531;Nakkila;muu_asuinrakennus;1.03
2026;531;Nakkila;rakentamaton_rakennuspaikka;2
2026;531;Nakkila;vakituinen_asuinrakennus;0.5
2026;531;Nakkila;yleinen_maapohja;1.3
2026;531;Nakkila;yleinen_rakennus;1.05
2026;535;Nivala;muu_asuinrakennus;1
2026;535;Nivala;rakentamaton_rakennuspaikka;5.5
2026;535;Nivala;vakituinen_asuinrakennus;0.6
2026;535;Nivala;yleinen_maapohja;1.3
2026;535;Nivala;yleinen_rakennus;1
2026;536;Nokia;muu_asuinrakennus;1.4
2026;536;Nokia;rakentamaton_rakennuspaikka;6
2026;536;Nokia;vakituinen_asuinrakennus;0.55
2026;536;Nokia;yleinen_maapohja;1.3
2026;536;Nokia;yleinen_rakennus;1
2026;538;Nousiainen;muu_asuinrakennus;1.2
2026;538;Nousiainen;rakentamaton_rakennuspaikka;3
2026;538;Nousiainen;vakituinen_asuinrakennus;0.6
2026;538;Nousiainen;yleinen_maapohja;1.3
2026;538;Nousiainen;yleinen_rakennus;1.1
2026;541;Nurmes;muu_asuinrakennus;1.04
2026;541;Nurmes;rakentamaton_rakennuspaikka;
2026;541;Nurmes;vakituinen_asuinrakennus;0.47
2026;541;Nurmes;yleinen_maapohja;1.3
2026;541;Nurmes;yleinen_rakennus;1.05
2026;543;Nurmijärvi;muu_asuinrakennus;1.18
2026;543;Nurmijärvi;rakentamaton_rakennuspaikka;6
2026;543;Nurmijärvi;vakituinen_asuinrakennus;0.48
2026;543;Nurmijärvi;yleinen_maapohja;1.3
2026;543;Nurmijärvi;yleinen_rakennus;1.18
2026;545;Närpiö;muu_asuinrakennus;1.1
2026;545;Närpiö;rakentamaton_rakennuspaikka;
2026;545;Närpiö;vakituinen_asuinrakennus;0.5
2026;545;Närpiö;yleinen_maapohja;1.3
2026;545;Närpiö;yleinen_rakennus;0.93
2026;560;Orimattila;muu_asuinrakennus;1.1
2026;560;Orimattila;rakentamaton_rakennuspaikka;3
2026;560;Orimattila;vakituinen_asuinrakennus;0.55
2026;560;Orimattila;yleinen_maapohja;1.3
2026;560;Orimattila;yleinen_rakennus;1.1
2026;561;Oripää;muu_asuinrakennus;1.2
2026;561;Oripää;rakentamaton_rakennuspaikka;
2026;561;Oripää;vakituinen_asuinrakennus;0.55
2026;561;Oripää;yleinen_maapohja;1.3
2026;561;Oripää;yleinen_rakennus;1.3
2026;562;Orivesi;muu_asuinrakennus;1.45
2026;562;Orivesi;rakentamaton_rakennuspaikka;3
2026;562;Orivesi;vakituinen_asuinrakennus;0.6
2026;562;Orivesi;yleinen_maapohja;1.3
2026;562;Orivesi;yleinen_rakennus;1.1
2026;563;Oulainen;muu_asuinrakennus;1.2
2026;563;Oulainen;rakentamaton_rakennuspaikka;5
2026;563;Oulainen;vakituinen_asuinrakennus;0.75
2026;563;Oulainen;yleinen_maapohja;1.35
2026;563;Oulainen;yleinen_rakennus;1.3
2026;564;Oulu;muu_asuinrakennus;0.93
2026;564;Oulu;rakentamaton_rakennuspaikka;
2026;564;Oulu;vakituinen_asuinrakennus;0.5
2026;564;Oulu;yleinen_maapohja;1.3
2026;564;Oulu;yleinen_rakennus;1.15
2026;576;Padasjoki;muu_asuinrakennus;1.2
2026;576;Padasjoki;rakentamaton_rakennuspaikka;
2026;576;Padasjoki;vakituinen_asuinrakennus;0.6
2026;576;Padasjoki;yleinen_maapohja;1.3
2026;576;Padasjoki;yleinen_rakennus;0.93
2026;577;Paimio;muu_asuinrakennus;1.2
2026;577;Paimio;rakentamaton_rakennuspaikka;3
2026;577;Paimio;vakituinen_asuinrakennus;0.45
2026;577;Paimio;yleinen_maapohja;1.3
2026;577;Paimio;yleinen_rakennus;1.1
2026;578;Paltamo;muu_asuinrakennus;1.25
2026;578;Paltamo;rakentamaton_rakennuspaikka;4.5
2026;578;Paltamo;vakituinen_asuinrakennus;0.65
2026;578;Paltamo;yleinen_maapohja;1.3
2026;578;Paltamo;yleinen_rakennus;1.1
2026;580;Parikkala;muu_asuinrakennus;1.3
2026;580;Parikkala;rakentamaton_rakennuspaikka;2
2026;580;Parikkala;vakituinen_asuinrakennus;0.55
2026;580;Parikkala;yleinen_maapohja;1.3
2026;580;Parikkala;yleinen_rakennus;1.1
2026;581;Parkano;muu_asuinrakennus;1.1
2026;581;Parkano;rakentamaton_rakennuspaikka;
2026;581;Parkano;vakituinen_asuinrakennus;0.52
2026;581;Parkano;yleinen_maapohja;1.3
2026;581;Parkano;yleinen_rakennus;1.1
2026;583;Pelkosenniemi;muu_asuinrakennus;1.6
2026;583;Pelkosenniemi;rakentamaton_rakennuspaikka;
2026;583;Pelkosenniemi;vakituinen_asuinrakennus;0.6
2026;583;Pelkosenniemi;yleinen_maapohja;1.4
2026;583;Pelkosenniemi;yleinen_rakennus;1.4
2026;584;Perho;muu_asuinrakennus;1.14
2026;584;Perho;rakentamaton_rakennuspaikka;2.25
2026;584;Perho;vakituinen_asuinrakennus;0.66
2026;584;Perho;yleinen_maapohja;1.3
2026;584;Perho;yleinen_rakennus;1
2026;592;Petäjävesi;muu_asuinrakennus;1.4
2026;592;Petäjävesi;rakentamaton_rakennuspaikka;2.05
2026;592;Petäjävesi;vakituinen_asuinrakennus;0.65
2026;592;Petäjävesi;yleinen_maapohja;1.35
2026;592;Petäjävesi;yleinen_rakennus;1.35
2026;593;Pieksämäki;muu_asuinrakennus;1.21
2026;593;Pieksämäki;rakentamaton_rakennuspaikka;
2026;593;Pieksämäki;vakituinen_asuinrakennus;0.58
2026;593;Pieksämäki;yleinen_maapohja;1.37
2026;593;Pieksämäki;yleinen_rakennus;1.21
2026;595;Pielavesi;muu_asuinrakennus;1.1
2026;595;Pielavesi;rakentamaton_rakennuspaikka;2.5
2026;595;Pielavesi;vakituinen_asuinrakennus;0.6
2026;595;Pielavesi;yleinen_maapohja;1.3
2026;595;Pielavesi;yleinen_rakennus;0.93
2026;598;Pietarsaari;muu_asuinrakennus;1.25
2026;598;Pietarsaari;rakentamaton_rakennuspaikka;5
2026;598;Pietarsaari;vakituinen_asuinrakennus;0.6
2026;598;Pietarsaari;yleinen_maapohja;1.4
2026;598;Pietarsaari;yleinen_rakennus;1.4
2026;599;Pedersören kunta;muu_asuinrakennus;1.15
2026;599;Pedersören kunta;rakentamaton_rakennuspaikka;
2026;599;Pedersören kunta;vakituinen_asuinrakennus;0.55
2026;599;Pedersören kunta;yleinen_maapohja;1.3
2026;599;Pedersören kunta;yleinen_rakennus;0.93
2026;601;Pihtipudas;muu_asuinrakennus;1.3
2026;601;Pihtipudas;rakentamaton_rakennuspaikka;
2026;601;Pihtipudas;vakituinen_asuinrakennus;0.65
2026;601;Pihtipudas;yleinen_maapohja;1.3
2026;601;Pihtipudas;yleinen_rakennus;1
2026;604;Pirkkala;muu_asuinrakennus;1.05
2026;604;Pirkkala;rakentamaton_rakennuspaikka;3
2026;604;Pirkkala;vakituinen_asuinrakennus;0.55
2026;604;Pirkkala;yleinen_maapohja;1.3
2026;604;Pirkkala;yleinen_rakennus;1.05
2026;607;Polvijärvi;muu_asuinrakennus;1
2026;607;Polvijärvi;rakentamaton_rakennuspaikka;
2026;607;Polvijärvi;vakituinen_asuinrakennus;0.5
2026;607;Polvijärvi;yleinen_maapohja;1.3
2026;607;Polvijärvi;yleinen_rakennus;1
2026;608;Pomarkku;muu_asuinrakennus;1.2
2026;608;Pomarkku;rakentamaton_rakennuspaikka;
2026;608;Pomarkku;vakituinen_asuinrakennus;0.45
2026;608;Pomarkku;yleinen_maapohja;1.3
2026;608;Pomarkku;yleinen_rakennus;1.1
2026;609;Pori;muu_asuinrakennus;1.1
2026;609;Pori;rakentamaton_rakennuspaikka;6
2026;609;Pori;vakituinen_asuinrakennus;0.5
2026;609;Pori;yleinen_maapohja;1.3
2026;609;Pori;yleinen_rakennus;0.93
2026;611;Pornainen;muu_asuinrakennus;1
2026;611;Pornainen;rakentamaton_rakennuspaikka;4.3
2026;611;Pornainen;vakituinen_asuinrakennus;0.5
2026;611;Pornainen;yleinen_maapohja;1.3
2026;611;Pornainen;yleinen_rakennus;1
2026;614;Posio;muu_asuinrakennus;1.1
2026;614;Posio;rakentamaton_rakennuspaikka;
2026;614;Posio;vakituinen_asuinrakennus;0.6
2026;614;Posio;yleinen_maapohja;1.3
2026;614;Posio;yleinen_rakennus;1.3
2026;615;Pudasjärvi;muu_asuinrakennus;1.2
2026;615;Pudasjärvi;rakentamaton_rakennuspaikka;3.5
2026;615;Pudasjärvi;vakituinen_asuinrakennus;0.51
2026;615;Pudasjärvi;yleinen_maapohja;1.3
2026;615;Pudasjärvi;yleinen_rakennus;1.1
2026;616;Pukkila;muu_asuinrakennus;1.3
2026;616;Pukkila;rakentamaton_rakennuspaikka;4
2026;616;Pukkila;vakituinen_asuinrakennus;0.74
2026;616;Pukkila;yleinen_maapohja;1.3
2026;616;Pukkila;yleinen_rakennus;1.3
2026;619;Punkalaidun;muu_asuinrakennus;1.12
2026;619;Punkalaidun;rakentamaton_rakennuspaikka;4
2026;619;Punkalaidun;vakituinen_asuinrakennus;0.6
2026;619;Punkalaidun;yleinen_maapohja;1.3
2026;619;Punkalaidun;yleinen_rakennus;1.12
2026;620;Puolanka;muu_asuinrakennus;1.1
2026;620;Puolanka;rakentamaton_rakennuspaikka;
2026;620;Puolanka;vakituinen_asuinrakennus;0.55
2026;620;Puolanka;yleinen_maapohja;1.3
2026;620;Puolanka;yleinen_rakennus;0.93
2026;623;Puumala;muu_asuinrakennus;1.08
2026;623;Puumala;rakentamaton_rakennuspaikka;
2026;623;Puumala;vakituinen_asuinrakennus;0.48
2026;623;Puumala;yleinen_maapohja;1.3
2026;623;Puumala;yleinen_rakennus;0.95
2026;624;Pyhtää;muu_asuinrakennus;1.55
2026;624;Pyhtää;rakentamaton_rakennuspaikka;
2026;624;Pyhtää;vakituinen_asuinrakennus;0.62
2026;624;Pyhtää;yleinen_maapohja;1.3
2026;624;Pyhtää;yleinen_rakennus;1.3
2026;625;Pyhäjoki;muu_asuinrakennus;1.3
2026;625;Pyhäjoki;rakentamaton_rakennuspaikka;6
2026;625;Pyhäjoki;vakituinen_asuinrakennus;0.41
2026;625;Pyhäjoki;yleinen_maapohja;1.3
2026;625;Pyhäjoki;yleinen_rakennus;1.15
2026;626;Pyhäjärvi;muu_asuinrakennus;1.4
2026;626;Pyhäjärvi;rakentamaton_rakennuspaikka;6
2026;626;Pyhäjärvi;vakituinen_asuinrakennus;0.5
2026;626;Pyhäjärvi;yleinen_maapohja;1.3
2026;626;Pyhäjärvi;yleinen_rakennus;1.3
2026;630;Pyhäntä;muu_asuinrakennus;1.2
2026;630;Pyhäntä;rakentamaton_rakennuspaikka;2
2026;630;Pyhäntä;vakituinen_asuinrakennus;0.6
2026;630;Pyhäntä;yleinen_maapohja;1.3
2026;630;Pyhäntä;yleinen_rakennus;1.05
2026;631;Pyhäranta;muu_asuinrakennus;1.8
2026;631;Pyhäranta;rakentamaton_rakennuspaikka;4
2026;631;Pyhäranta;vakituinen_asuinrakennus;0.5
2026;631;Pyhäranta;yleinen_maapohja;1.8
2026;631;Pyhäranta;yleinen_rakennus;1.8
2026;635;Pälkäne;muu_asuinrakennus;1.16
2026;635;Pälkäne;rakentamaton_rakennuspaikka;
2026;635;Pälkäne;vakituinen_asuinrakennus;0.54
2026;635;Pälkäne;yleinen_maapohja;1.3
2026;635;Pälkäne;yleinen_rakennus;1.1
2026;636;Pöytyä;muu_asuinrakennus;1.3
2026;636;Pöytyä;rakentamaton_rakennuspaikka;
2026;636;Pöytyä;vakituinen_asuinrakennus;0.5
2026;636;Pöytyä;yleinen_maapohja;1.3
2026;636;Pöytyä;yleinen_rakennus;1.05
2026;638;Porvoo;muu_asuinrakennus;1.3
2026;638;Porvoo;rakentamaton_rakennuspaikka;
2026;638;Porvoo;vakituinen_asuinrakennus;0.5
2026;638;Porvoo;yleinen_maapohja;1.3
2026;638;Porvoo;yleinen_rakennus;1.3
2026;678;Raahe;muu_asuinrakennus;1.4
2026;678;Raahe;rakentamaton_rakennuspaikka;4
2026;678;Raahe;vakituinen_asuinrakennus;0.75
2026;678;Raahe;yleinen_maapohja;1.5
2026;678;Raahe;yleinen_rakennus;1.4
2026;680;Raisio;muu_asuinrakennus;0.93
2026;680;Raisio;rakentamaton_rakennuspaikka;4
2026;680;Raisio;vakituinen_asuinrakennus;0.41
2026;680;Raisio;yleinen_maapohja;1.3
2026;680;Raisio;yleinen_rakennus;1.25
2026;681;Rantasalmi;muu_asuinrakennus;1.15
2026;681;Rantasalmi;rakentamaton_rakennuspaikka;2
2026;681;Rantasalmi;vakituinen_asuinrakennus;0.58
2026;681;Rantasalmi;yleinen_maapohja;1.33
2026;681;Rantasalmi;yleinen_rakennus;1.13
2026;683;Ranua;muu_asuinrakennus;1.15
2026;683;Ranua;rakentamaton_rakennuspaikka;
2026;683;Ranua;vakituinen_asuinrakennus;0.5
2026;683;Ranua;yleinen_maapohja;1.3
2026;683;Ranua;yleinen_rakennus;1.1
2026;684;Rauma;muu_asuinrakennus;0.93
2026;684;Rauma;rakentamaton_rakennuspaikka;5
2026;684;Rauma;vakituinen_asuinrakennus;0.41
2026;684;Rauma;yleinen_maapohja;1.3
2026;684;Rauma;yleinen_rakennus;0.93
2026;686;Rautalampi;muu_asuinrakennus;1.35
2026;686;Rautalampi;rakentamaton_rakennuspaikka;
2026;686;Rautalampi;vakituinen_asuinrakennus;0.75
2026;686;Rautalampi;yleinen_maapohja;1.3
2026;686;Rautalampi;yleinen_rakennus;1.05
2026;687;Rautavaara;muu_asuinrakennus;1.25
2026;687;Rautavaara;rakentamaton_rakennuspaikka;2
2026;687;Rautavaara;vakituinen_asuinrakennus;0.65
2026;687;Rautavaara;yleinen_maapohja;1.3
2026;687;Rautavaara;yleinen_rakennus;1.3
2026;689;Rautjärvi;muu_asuinrakennus;1.19
2026;689;Rautjärvi;rakentamaton_rakennuspaikka;
2026;689;Rautjärvi;vakituinen_asuinrakennus;0.59
2026;689;Rautjärvi;yleinen_maapohja;1.3
2026;689;Rautjärvi;yleinen_rakennus;1.03
2026;691;Reisjärvi;muu_asuinrakennus;1.5
2026;691;Reisjärvi;rakentamaton_rakennuspaikka;5
2026;691;Reisjärvi;vakituinen_asuinrakennus;0.7
2026;691;Reisjärvi;yleinen_maapohja;1.3
2026;691;Reisjärvi;yleinen_rakennus;1.1
2026;694;Riihimäki;muu_asuinrakennus;1.5
2026;694;Riihimäki;rakentamaton_rakennuspaikka;6
2026;694;Riihimäki;vakituinen_asuinrakennus;0.5
2026;694;Riihimäki;yleinen_maapohja;1.45
2026;694;Riihimäki;yleinen_rakennus;1.45
2026;697;Ristijärvi;muu_asuinrakennus;1.55
2026;697;Ristijärvi;rakentamaton_rakennuspaikka;
2026;697;Ristijärvi;vakituinen_asuinrakennus;0.55
2026;697;Ristijärvi;yleinen_maapohja;1.3
2026;697;Ristijärvi;yleinen_rakennus;1.1
2026;698;Rovaniemi;muu_asuinrakennus;1.2
2026;698;Rovaniemi;rakentamaton_rakennuspaikka;4
2026;698;Rovaniemi;vakituinen_asuinrakennus;0.6
2026;698;Rovaniemi;yleinen_maapohja;1.55
2026;698;Rovaniemi;yleinen_rakennus;1.55
2026;700;Ruokolahti;muu_asuinrakennus;1.1
2026;700;Ruokolahti;rakentamaton_rakennuspaikka;
2026;700;Ruokolahti;vakituinen_asuinrakennus;0.5
2026;700;Ruokolahti;yleinen_maapohja;1.3
2026;700;Ruokolahti;yleinen_rakennus;0.93
2026;702;Ruovesi;muu_asuinrakennus;1.3
2026;702;Ruovesi;rakentamaton_rakennuspaikka;2.5
2026;702;Ruovesi;vakituinen_asuinrakennus;0.6
2026;702;Ruovesi;yleinen_maapohja;1.3
2026;702;Ruovesi;yleinen_rakennus;1.15
2026;704;Rusko;muu_asuinrakennus;1.02
2026;704;Rusko;rakentamaton_rakennuspaikka;
2026;704;Rusko;vakituinen_asuinrakennus;0.42
2026;704;Rusko;yleinen_maapohja;1.3
2026;704;Rusko;yleinen_rakennus;0.95
2026;707;Rääkkylä;muu_asuinrakennus;1.05
2026;707;Rääkkylä;rakentamaton_rakennuspaikka;
2026;707;Rääkkylä;vakituinen_asuinrakennus;0.55
2026;707;Rääkkylä;yleinen_maapohja;1.3
2026;707;Rääkkylä;yleinen_rakennus;1
2026;710;Raasepori;muu_asuinrakennus;1.8
2026;710;Raasepori;rakentamaton_rakennuspaikka;
2026;710;Raasepori;vakituinen_asuinrakennus;0.41
2026;710;Raasepori;yleinen_maapohja;1.35
2026;710;Raasepori;yleinen_rakennus;1.35
2026;729;Saarijärvi;muu_asuinrakennus;1.36
2026;729;Saarijärvi;rakentamaton_rakennuspaikka;2.4
2026;729;Saarijärvi;vakituinen_asuinrakennus;0.49
2026;729;Saarijärvi;yleinen_maapohja;1.3
2026;729;Saarijärvi;yleinen_rakennus;1.04
2026;732;Salla;muu_asuinrakennus;1.45
2026;732;Salla;rakentamaton_rakennuspaikka;
2026;732;Salla;vakituinen_asuinrakennus;0.55
2026;732;Salla;yleinen_maapohja;1.3
2026;732;Salla;yleinen_rakennus;1.15
2026;734;Salo;muu_asuinrakennus;1.3
2026;734;Salo;rakentamaton_rakennuspaikka;3
2026;734;Salo;vakituinen_asuinrakennus;0.55
2026;734;Salo;yleinen_maapohja;1.3
2026;734;Salo;yleinen_rakennus;0.93
2026;736;Saltvik;muu_asuinrakennus;0.9
2026;736;Saltvik;rakentamaton_rakennuspaikka;
2026;736;Saltvik;vakituinen_asuinrakennus;0
2026;736;Saltvik;yleinen_maapohja;0
2026;736;Saltvik;yleinen_rakennus;0
2026;738;Sauvo;muu_asuinrakennus;1.4
2026;738;Sauvo;rakentamaton_rakennuspaikka;2.6
2026;738;Sauvo;vakituinen_asuinrakennus;0.6
2026;738;Sauvo;yleinen_maapohja;1.3
2026;738;Sauvo;yleinen_rakennus;1.3
2026;739;Savitaipale;muu_asuinrakennus;1.1
2026;739;Savitaipale;rakentamaton_rakennuspaikka;3
2026;739;Savitaipale;vakituinen_asuinrakennus;0.5
2026;739;Savitaipale;yleinen_maapohja;1.3
2026;739;Savitaipale;yleinen_rakennus;0.93
2026;740;Savonlinna;muu_asuinrakennus;2
2026;740;Savonlinna;rakentamaton_rakennuspaikka;2
2026;740;Savonlinna;vakituinen_asuinrakennus;0.59
2026;740;Savonlinna;yleinen_maapohja;1.43
2026;740;Savonlinna;yleinen_rakennus;1.43
2026;742;Savukoski;muu_asuinrakennus;1.2
2026;742;Savukoski;rakentamaton_rakennuspaikka;4
2026;742;Savukoski;vakituinen_asuinrakennus;0.6
2026;742;Savukoski;yleinen_maapohja;1.3
2026;742;Savukoski;yleinen_rakennus;1.2
2026;743;Seinäjoki;muu_asuinrakennus;1.65
2026;743;Seinäjoki;rakentamaton_rakennuspaikka;5
2026;743;Seinäjoki;vakituinen_asuinrakennus;0.6
2026;743;Seinäjoki;yleinen_maapohja;1.45
2026;743;Seinäjoki;yleinen_rakennus;1.45
2026;746;Sievi;muu_asuinrakennus;1.3
2026;746;Sievi;rakentamaton_rakennuspaikka;
2026;746;Sievi;vakituinen_asuinrakennus;0.7
2026;746;Sievi;yleinen_maapohja;1.3
2026;746;Sievi;yleinen_rakennus;0.93
2026;747;Siikainen;muu_asuinrakennus;1.3
2026;747;Siikainen;rakentamaton_rakennuspaikka;
2026;747;Siikainen;vakituinen_asuinrakennus;0.5
2026;747;Siikainen;yleinen_maapohja;1.3
2026;747;Siikainen;yleinen_rakennus;1.1
2026;748;Siikajoki;muu_asuinrakennus;1.1
2026;748;Siikajoki;rakentamaton_rakennuspaikka;3
2026;748;Siikajoki;vakituinen_asuinrakennus;0.46
2026;748;Siikajoki;yleinen_maapohja;1.3
2026;748;Siikajoki;yleinen_rakennus;1
2026;749;Siilinjärvi;muu_asuinrakennus;1
2026;749;Siilinjärvi;rakentamaton_rakennuspaikka;3
2026;749;Siilinjärvi;vakituinen_asuinrakennus;0.65
2026;749;Siilinjärvi;yleinen_maapohja;1.3
2026;749;Siilinjärvi;yleinen_rakennus;1.25
2026;751;Simo;muu_asuinrakennus;1.2
2026;751;Simo;rakentamaton_rakennuspaikka;
2026;751;Simo;vakituinen_asuinrakennus;0.41
2026;751;Simo;yleinen_maapohja;1.3
2026;751;Simo;yleinen_rakennus;1.4
2026;753;Sipoo;muu_asuinrakennus;1.1
2026;753;Sipoo;rakentamaton_rakennuspaikka;6
2026;753;Sipoo;vakituinen_asuinrakennus;0.5
2026;753;Sipoo;yleinen_maapohja;1.3
2026;753;Sipoo;yleinen_rakennus;1
2026;755;Siuntio;muu_asuinrakennus;1.2
2026;755;Siuntio;rakentamaton_rakennuspaikka;3
2026;755;Siuntio;vakituinen_asuinrakennus;0.5
2026;755;Siuntio;yleinen_maapohja;1.3
2026;755;Siuntio;yleinen_rakennus;1.2
2026;758;Sodankylä;muu_asuinrakennus;1.15
2026;758;Sodankylä;rakentamaton_rakennuspaikka;6
2026;758;Sodankylä;vakituinen_asuinrakennus;0.41
2026;758;Sodankylä;yleinen_maapohja;1.4
2026;758;Sodankylä;yleinen_rakennus;1.4
2026;759;Soini;muu_asuinrakennus;1.45
2026;759;Soini;rakentamaton_rakennuspaikka;
2026;759;Soini;vakituinen_asuinrakennus;0.6
2026;759;Soini;yleinen_maapohja;1.3
2026;759;Soini;yleinen_rakennus;1.3
2026;761;Somero;muu_asuinrakennus;0.93
2026;761;Somero;rakentamaton_rakennuspaikka;
2026;761;Somero;vakituinen_asuinrakennus;0.41
2026;761;Somero;yleinen_maapohja;1.3
2026;761;Somero;yleinen_rakennus;0.93
2026;762;Sonkajärvi;muu_asuinrakennus;1.25
2026;762;Sonkajärvi;rakentamaton_rakennuspaikka;
2026;762;Sonkajärvi;vakituinen_asuinrakennus;0.55
2026;762;Sonkajärvi;yleinen_maapohja;1.3
2026;762;Sonkajärvi;yleinen_rakennus;1
2026;765;Sotkamo;muu_asuinrakennus;1.2
2026;765;Sotkamo;rakentamaton_rakennuspaikka;3
2026;765;Sotkamo;vakituinen_asuinrakennus;0.6
2026;765;Sotkamo;yleinen_maapohja;1.3
2026;765;Sotkamo;yleinen_rakennus;1.1
2026;766;Sottunga;muu_asuinrakennus;0.9
2026;766;Sottunga;rakentamaton_rakennuspaikka;
2026;766;Sottunga;vakituinen_asuinrakennus;0.5
2026;766;Sottunga;yleinen_maapohja;0
2026;766;Sottunga;yleinen_rakennus;0
2026;768;Sulkava;muu_asuinrakennus;1.05
2026;768;Sulkava;rakentamaton_rakennuspaikka;
2026;768;Sulkava;vakituinen_asuinrakennus;0.45
2026;768;Sulkava;yleinen_maapohja;1.3
2026;768;Sulkava;yleinen_rakennus;0.93
2026;771;Sund;muu_asuinrakennus;0.9
2026;771;Sund;rakentamaton_rakennuspaikka;0.2
2026;771;Sund;vakituinen_asuinrakennus;0
2026;771;Sund;yleinen_maapohja;0.5
2026;771;Sund;yleinen_rakennus;0.5
2026;777;Suomussalmi;muu_asuinrakennus;1.1
2026;777;Suomussalmi;rakentamaton_rakennuspaikka;3.1
2026;777;Suomussalmi;vakituinen_asuinrakennus;0.55
2026;777;Suomussalmi;yleinen_maapohja;1.3
2026;777;Suomussalmi;yleinen_rakennus;1.05
2026;778;Suonenjoki;muu_asuinrakennus;1.25
2026;778;Suonenjoki;rakentamaton_rakennuspaikka;
2026;778;Suonenjoki;vakituinen_asuinrakennus;0.7
2026;778;Suonenjoki;yleinen_maapohja;1.3
2026;778;Suonenjoki;yleinen_rakennus;1.05
2026;781;Sysmä;muu_asuinrakennus;1
2026;781;Sysmä;rakentamaton_rakennuspaikka;
2026;781;Sysmä;vakituinen_asuinrakennus;0.5
2026;781;Sysmä;yleinen_maapohja;1.3
2026;781;Sysmä;yleinen_rakennus;0.95
2026;783;Säkylä;muu_asuinrakennus;1.24
2026;783;Säkylä;rakentamaton_rakennuspaikka;
2026;783;Säkylä;vakituinen_asuinrakennus;0.55
2026;783;Säkylä;yleinen_maapohja;1.4
2026;783;Säkylä;yleinen_rakennus;1.28
2026;785;Vaala;muu_asuinrakennus;1.1
2026;785;Vaala;rakentamaton_rakennuspaikka;
2026;785;Vaala;vakituinen_asuinrakennus;0.45
2026;785;Vaala;yleinen_maapohja;1.3
2026;785;Vaala;yleinen_rakennus;1.1
2026;790;Sastamala;muu_asuinrakennus;0.98
2026;790;Sastamala;rakentamaton_rakennuspaikka;2
2026;790;Sastamala;vakituinen_asuinrakennus;0.45
2026;790;Sastamala;yleinen_maapohja;1.3
2026;790;Sastamala;yleinen_rakennus;0.93
2026;791;Siikalatva;muu_asuinrakennus;1.25
2026;791;Siikalatva;rakentamaton_rakennuspaikka;6
2026;791;Siikalatva;vakituinen_asuinrakennus;0.6
2026;791;Siikalatva;yleinen_maapohja;1.3
2026;791;Siikalatva;yleinen_rakennus;0.95
2026;831;Taipalsaari;muu_asuinrakennus;1.5
2026;831;Taipalsaari;rakentamaton_rakennuspaikka;3.5
2026;831;Taipalsaari;vakituinen_asuinrakennus;0.5
2026;831;Taipalsaari;yleinen_maapohja;1.4
2026;831;Taipalsaari;yleinen_rakennus;1.4
2026;832;Taivalkoski;muu_asuinrakennus;1.03
2026;832;Taivalkoski;rakentamaton_rakennuspaikka;2
2026;832;Taivalkoski;vakituinen_asuinrakennus;0.45
2026;832;Taivalkoski;yleinen_maapohja;1.3
2026;832;Taivalkoski;yleinen_rakennus;1.03
2026;833;Taivassalo;muu_asuinrakennus;1.35
2026;833;Taivassalo;rakentamaton_rakennuspaikka;
2026;833;Taivassalo;vakituinen_asuinrakennus;0.65
2026;833;Taivassalo;yleinen_maapohja;1.3
2026;833;Taivassalo;yleinen_rakennus;1.15
2026;834;Tammela;muu_asuinrakennus;1.1
2026;834;Tammela;rakentamaton_rakennuspaikka;2
2026;834;Tammela;vakituinen_asuinrakennus;0.5
2026;834;Tammela;yleinen_maapohja;1.3
2026;834;Tammela;yleinen_rakennus;1.1
2026;837;Tampere;muu_asuinrakennus;1.1
2026;837;Tampere;rakentamaton_rakennuspaikka;5
2026;837;Tampere;vakituinen_asuinrakennus;0.65
2026;837;Tampere;yleinen_maapohja;1.3
2026;837;Tampere;yleinen_rakennus;1.25
2026;844;Tervo;muu_asuinrakennus;1.7
2026;844;Tervo;rakentamaton_rakennuspaikka;2
2026;844;Tervo;vakituinen_asuinrakennus;0.7
2026;844;Tervo;yleinen_maapohja;1.3
2026;844;Tervo;yleinen_rakennus;1.2
2026;845;Tervola;muu_asuinrakennus;1
2026;845;Tervola;rakentamaton_rakennuspaikka;
2026;845;Tervola;vakituinen_asuinrakennus;0.41
2026;845;Tervola;yleinen_maapohja;1.3
2026;845;Tervola;yleinen_rakennus;0.95
2026;846;Teuva;muu_asuinrakennus;1.3
2026;846;Teuva;rakentamaton_rakennuspaikka;
2026;846;Teuva;vakituinen_asuinrakennus;0.6
2026;846;Teuva;yleinen_maapohja;1.3
2026;846;Teuva;yleinen_rakennus;1.05
2026;848;Tohmajärvi;muu_asuinrakennus;1.15
2026;848;Tohmajärvi;rakentamaton_rakennuspaikka;2
2026;848;Tohmajärvi;vakituinen_asuinrakennus;0.55
2026;848;Tohmajärvi;yleinen_maapohja;1.3
2026;848;Tohmajärvi;yleinen_rakennus;1
2026;849;Toholampi;muu_asuinrakennus;1.1
2026;849;Toholampi;rakentamaton_rakennuspaikka;2.9
2026;849;Toholampi;vakituinen_asuinrakennus;0.65
2026;849;Toholampi;yleinen_maapohja;1.3
2026;849;Toholampi;yleinen_rakennus;1
2026;850;Toivakka;muu_asuinrakennus;1.65
2026;850;Toivakka;rakentamaton_rakennuspaikka;4
2026;850;Toivakka;vakituinen_asuinrakennus;0.5
2026;850;Toivakka;yleinen_maapohja;1.3
2026;850;Toivakka;yleinen_rakennus;1.3
2026;851;Tornio;muu_asuinrakennus;1
2026;851;Tornio;rakentamaton_rakennuspaikka;3
2026;851;Tornio;vakituinen_asuinrakennus;0.5
2026;851;Tornio;yleinen_maapohja;1.3
2026;851;Tornio;yleinen_rakennus;1.12
2026;853;Turku;muu_asuinrakennus;1.1
2026;853;Turku;rakentamaton_rakennuspaikka;4
2026;853;Turku;vakituinen_asuinrakennus;0.45
2026;853;Turku;yleinen_maapohja;1.3
2026;853;Turku;yleinen_rakennus;1.3
2026;854;Pello;muu_asuinrakennus;1.6
2026;854;Pello;rakentamaton_rakennuspaikka;2
2026;854;Pello;vakituinen_asuinrakennus;0.41
2026;854;Pello;yleinen_maapohja;1.4
2026;854;Pello;yleinen_rakennus;1.35
2026;857;Tuusniemi;muu_asuinrakennus;1.25
2026;857;Tuusniemi;rakentamaton_rakennuspaikka;
2026;857;Tuusniemi;vakituinen_asuinrakennus;0.65
2026;857;Tuusniemi;yleinen_maapohja;1.3
2026;857;Tuusniemi;yleinen_rakennus;1.15
2026;858;Tuusula;muu_asuinrakennus;1.35
2026;858;Tuusula;rakentamaton_rakennuspaikka;6
2026;858;Tuusula;vakituinen_asuinrakennus;0.48
2026;858;Tuusula;yleinen_maapohja;1.3
2026;858;Tuusula;yleinen_rakennus;1.15
2026;859;Tyrnävä;muu_asuinrakennus;1.12
2026;859;Tyrnävä;rakentamaton_rakennuspaikka;4
2026;859;Tyrnävä;vakituinen_asuinrakennus;0.54
2026;859;Tyrnävä;yleinen_maapohja;1.3
2026;859;Tyrnävä;yleinen_rakennus;1.12
2026;886;Ulvila;muu_asuinrakennus;1.1
2026;886;Ulvila;rakentamaton_rakennuspaikka;3
2026;886;Ulvila;vakituinen_asuinrakennus;0.55
2026;886;Ulvila;yleinen_maapohja;1.3
2026;886;Ulvila;yleinen_rakennus;1.3
2026;887;Urjala;muu_asuinrakennus;1.25
2026;887;Urjala;rakentamaton_rakennuspaikka;
2026;887;Urjala;vakituinen_asuinrakennus;0.65
2026;887;Urjala;yleinen_maapohja;1.3
2026;887;Urjala;yleinen_rakennus;1.2
2026;889;Utajärvi;muu_asuinrakennus;1.25
2026;889;Utajärvi;rakentamaton_rakennuspaikka;6
2026;889;Utajärvi;vakituinen_asuinrakennus;0.45
2026;889;Utajärvi;yleinen_maapohja;1.3
2026;889;Utajärvi;yleinen_rakennus;1.1
2026;890;Utsjoki;muu_asuinrakennus;1.6
2026;890;Utsjoki;rakentamaton_rakennuspaikka;2
2026;890;Utsjoki;vakituinen_asuinrakennus;0.65
2026;890;Utsjoki;yleinen_maapohja;1.4
2026;890;Utsjoki;yleinen_rakennus;1.4
2026;892;Uurainen;muu_asuinrakennus;1.3
2026;892;Uurainen;rakentamaton_rakennuspaikka;3
2026;892;Uurainen;vakituinen_asuinrakennus;0.48
2026;892;Uurainen;yleinen_maapohja;1.3
2026;892;Uurainen;yleinen_rakennus;1.3
2026;893;Uusikaarlepyy;muu_asuinrakennus;1.3
2026;893;Uusikaarlepyy;rakentamaton_rakennuspaikka;4
2026;893;Uusikaarlepyy;vakituinen_asuinrakennus;0.5
2026;893;Uusikaarlepyy;yleinen_maapohja;1.3
2026;893;Uusikaarlepyy;yleinen_rakennus;1
2026;895;Uusikaupunki;muu_asuinrakennus;1.25
2026;895;Uusikaupunki;rakentamaton_rakennuspaikka;
2026;895;Uusikaupunki;vakituinen_asuinrakennus;0.5
2026;895;Uusikaupunki;yleinen_maapohja;1.3
2026;895;Uusikaupunki;yleinen_rakennus;1.2
2026;905;Vaasa;muu_asuinrakennus;1.1
2026;905;Vaasa;rakentamaton_rakennuspaikka;4
2026;905;Vaasa;vakituinen_asuinrakennus;0.5
2026;905;Vaasa;yleinen_maapohja;1.3
2026;905;Vaasa;yleinen_rakennus;1.25
2026;908;Valkeakoski;muu_asuinrakennus;1.1
2026;908;Valkeakoski;rakentamaton_rakennuspaikka;
2026;908;Valkeakoski;vakituinen_asuinrakennus;0.65
2026;908;Valkeakoski;yleinen_maapohja;1.4
2026;908;Valkeakoski;yleinen_rakennus;1.4
2026;915;Varkaus;muu_asuinrakennus;1.2
2026;915;Varkaus;rakentamaton_rakennuspaikka;
2026;915;Varkaus;vakituinen_asuinrakennus;0.65
2026;915;Varkaus;yleinen_maapohja;1.55
2026;915;Varkaus;yleinen_rakennus;1.55
2026;918;Vehmaa;muu_asuinrakennus;1.7
2026;918;Vehmaa;rakentamaton_rakennuspaikka;
2026;918;Vehmaa;vakituinen_asuinrakennus;0.55
2026;918;Vehmaa;yleinen_maapohja;1.3
2026;918;Vehmaa;yleinen_rakennus;1
2026;921;Vesanto;muu_asuinrakennus;1.4
2026;921;Vesanto;rakentamaton_rakennuspaikka;
2026;921;Vesanto;vakituinen_asuinrakennus;0.7
2026;921;Vesanto;yleinen_maapohja;1.3
2026;921;Vesanto;yleinen_rakennus;1.15
2026;922;Vesilahti;muu_asuinrakennus;1.4
2026;922;Vesilahti;rakentamaton_rakennuspaikka;3
2026;922;Vesilahti;vakituinen_asuinrakennus;0.55
2026;922;Vesilahti;yleinen_maapohja;1.3
2026;922;Vesilahti;yleinen_rakennus;1.25
2026;924;Veteli;muu_asuinrakennus;1.05
2026;924;Veteli;rakentamaton_rakennuspaikka;3
2026;924;Veteli;vakituinen_asuinrakennus;0.6
2026;924;Veteli;yleinen_maapohja;1.3
2026;924;Veteli;yleinen_rakennus;0.95
2026;925;Vieremä;muu_asuinrakennus;1
2026;925;Vieremä;rakentamaton_rakennuspaikka;
2026;925;Vieremä;vakituinen_asuinrakennus;0.45
2026;925;Vieremä;yleinen_maapohja;1.3
2026;925;Vieremä;yleinen_rakennus;0.93
2026;927;Vihti;muu_asuinrakennus;1
2026;927;Vihti;rakentamaton_rakennuspaikka;4.3
2026;927;Vihti;vakituinen_asuinrakennus;0.45
2026;927;Vihti;yleinen_maapohja;1.3
2026;927;Vihti;yleinen_rakennus;0.95
2026;931;Viitasaari;muu_asuinrakennus;1.1
2026;931;Viitasaari;rakentamaton_rakennuspaikka;
2026;931;Viitasaari;vakituinen_asuinrakennus;0.5
2026;931;Viitasaari;yleinen_maapohja;1.3
2026;931;Viitasaari;yleinen_rakennus;0.93
2026;934;Vimpeli;muu_asuinrakennus;1.3
2026;934;Vimpeli;rakentamaton_rakennuspaikka;3
2026;934;Vimpeli;vakituinen_asuinrakennus;0.65
2026;934;Vimpeli;yleinen_maapohja;1.3
2026;934;Vimpeli;yleinen_rakennus;1.1
2026;935;Virolahti;muu_asuinrakennus;1.35
2026;935;Virolahti;rakentamaton_rakennuspaikka;
2026;935;Virolahti;vakituinen_asuinrakennus;0.65
2026;935;Virolahti;yleinen_maapohja;1.45
2026;935;Virolahti;yleinen_rakennus;1.45
2026;936;Virrat;muu_asuinrakennus;1
2026;936;Virrat;rakentamaton_rakennuspaikka;
2026;936;Virrat;vakituinen_asuinrakennus;0.45
2026;936;Virrat;yleinen_maapohja;1.3
2026;936;Virrat;yleinen_rakennus;0.93
2026;941;Vårdö;muu_asuinrakennus;0.9
2026;941;Vårdö;rakentamaton_rakennuspaikka;0
2026;941;Vårdö;vakituinen_asuinrakennus;0
2026;941;Vårdö;yleinen_maapohja;0.2
2026;941;Vårdö;yleinen_rakennus;0.2
2026;946;Vöyri;muu_asuinrakennus;1.3
2026;946;Vöyri;rakentamaton_rakennuspaikka;
2026;946;Vöyri;vakituinen_asuinrakennus;0.5
2026;946;Vöyri;yleinen_maapohja;1.3
2026;946;Vöyri;yleinen_rakennus;1
2026;976;Ylitornio;muu_asuinrakennus;1.3
2026;976;Ylitornio;rakentamaton_rakennuspaikka;2
2026;976;Ylitornio;vakituinen_asuinrakennus;0.5
2026;976;Ylitornio;yleinen_maapohja;1.3
2026;976;Ylitornio;yleinen_rakennus;1.1
2026;977;Ylivieska;muu_asuinrakennus;1.15
2026;977;Ylivieska;rakentamaton_rakennuspaikka;3
2026;977;Ylivieska;vakituinen_asuinrakennus;0.7
2026;977;Ylivieska;yleinen_maapohja;1.3
2026;977;Ylivieska;yleinen_rakennus;1.3
2026;980;Ylöjärvi;muu_asuinrakennus;1
2026;980;Ylöjärvi;rakentamaton_rakennuspaikka;3
2026;980;Ylöjärvi;vakituinen_asuinrakennus;0.41
2026;980;Ylöjärvi;yleinen_maapohja;1.3
2026;980;Ylöjärvi;yleinen_rakennus;0.98
2026;981;Ypäjä;muu_asuinrakennus;1.5
2026;981;Ypäjä;rakentamaton_rakennuspaikka;3
2026;981;Ypäjä;vakituinen_asuinrakennus;0.6
2026;981;Ypäjä;yleinen_maapohja;1.3
2026;981;Ypäjä;yleinen_rakennus;1
2026;989;Ähtäri;muu_asuinrakennus;1.5
2026;989;Ähtäri;rakentamaton_rakennuspaikka;
2026;989;Ähtäri;vakituinen_asuinrakennus;0.7
2026;989;Ähtäri;yleinen_maapohja;1.8
2026;989;Ähtäri;yleinen_rakennus;1.5
2026;992;Äänekoski;muu_asuinrakennus;1.2
2026;992;Äänekoski;rakentamaton_rakennuspaikka;
2026;992;Äänekoski;vakituinen_asuinrakennus;0.6
2026;992;Äänekoski;yleinen_maapohja;1.3
2026;992;Äänekoski;yleinen_rakennus;1.3
